time,open,high,low,close,tick_volume
2019.01.02 00:00,1285.76,1288.65,1278.59,1284.4,33013
2019.01.03 00:00,1286.1,1294.91,1284.46,1293.75,55424
2019.01.04 00:00,1294.04,1298.47,1276.5,1284.78,59353
2019.01.07 00:00,1285.22,1294.98,1282.51,1288.69,43686
2019.01.08 00:00,1288.59,1290.13,1279.26,1284.88,40323
2019.01.09 00:00,1284.45,1293.85,1279.96,1292.79,47639
2019.01.10 00:00,1293.69,1296.98,1286.01,1286.1,40395
2019.01.11 00:00,1286.62,1295.05,1286.45,1287.39,33482
2019.01.14 00:00,1287.3,1295.74,1286.98,1291.41,32508
2019.01.15 00:00,1291.86,1294.54,1286.58,1289.03,39355
2019.01.16 00:00,1289.33,1294.91,1287.73,1293.13,34188
2019.01.17 00:00,1293.89,1295.28,1288.56,1291.55,33323
2019.01.18 00:00,1292.08,1292.35,1280.51,1281.38,31979
2019.01.21 00:00,1281.2,1283.42,1276.7,1279.98,18731
2019.01.22 00:00,1279.37,1285.36,1277.3,1284.65,30170
2019.01.23 00:00,1284.92,1286.42,1278.54,1282.35,25821
2019.01.24 00:00,1282.64,1284.66,1276.66,1280.68,30214
2019.01.25 00:00,1280.63,1303.92,1279.84,1302.59,36830
2019.01.28 00:00,1302.83,1304.3,1297.56,1302.81,27426
2019.01.29 00:00,1302.83,1311.93,1302.61,1311.42,32947
2019.01.30 00:00,1311.13,1323.26,1308.87,1319.56,42862
2019.01.31 00:00,1319.6,1326.2,1317.31,1320.96,40909
2019.02.01 00:00,1321.08,1323.45,1316.01,1317.3,37541
2019.02.04 00:00,1317.88,1318.81,1308.48,1311.7,28978
2019.02.05 00:00,1311.74,1316.72,1310.61,1314.81,26732
2019.02.06 00:00,1314.98,1315.69,1305.53,1306.04,25108
2019.02.07 00:00,1306.49,1311.85,1302.68,1309.74,31123
2019.02.08 00:00,1309.69,1315.55,1307.67,1313.69,24879
2019.02.11 00:00,1313.77,1314.74,1303.54,1307.79,27393
2019.02.12 00:00,1308.03,1314.63,1306.4,1310.32,28681
2019.02.13 00:00,1310.46,1318.06,1304.89,1305.73,34625
2019.02.14 00:00,1305.57,1314.3,1302.29,1312.04,38211
2019.02.15 00:00,1312.44,1322.52,1311.24,1320.87,36649
2019.02.18 00:00,1321.36,1327.56,1318.76,1326.18,21614
2019.02.19 00:00,1325.8,1341.76,1322.76,1340.74,37870
2019.02.20 00:00,1340.21,1346.61,1336.78,1338.07,42030
2019.02.21 00:00,1338.53,1341.38,1320.83,1322.94,44247
2019.02.22 00:00,1323.03,1333.0,1321.45,1327.57,40104
2019.02.25 00:00,1329.15,1332.46,1324.97,1326.99,36868
2019.02.26 00:00,1327.47,1330.1,1323.37,1328.59,34870
2019.02.27 00:00,1328.54,1329.76,1316.68,1319.39,28017
2019.02.28 00:00,1319.32,1327.17,1312.5,1312.76,41381
2019.03.01 00:00,1313.66,1315.12,1290.07,1293.33,43105
2019.03.04 00:00,1293.21,1296.91,1282.75,1286.24,37036
2019.03.05 00:00,1286.41,1289.5,1281.08,1287.42,34636
2019.03.06 00:00,1287.35,1290.81,1283.44,1285.91,33117
2019.03.07 00:00,1286.19,1288.94,1280.64,1285.17,35831
2019.03.08 00:00,1285.84,1300.7,1284.98,1298.16,41182
2019.03.11 00:00,1297.3,1298.99,1290.37,1293.0,29744
2019.03.12 00:00,1293.3,1302.14,1291.91,1300.96,29898
2019.03.13 00:00,1300.93,1311.14,1300.28,1308.64,28199
2019.03.14 00:00,1309.12,1310.24,1292.68,1295.77,31055
2019.03.15 00:00,1295.7,1306.31,1293.88,1301.91,30335
2019.03.18 00:00,1301.94,1306.62,1298.12,1303.23,25946
2019.03.19 00:00,1303.35,1310.82,1302.22,1306.06,30088
2019.03.20 00:00,1306.07,1316.89,1298.52,1312.13,37122
2019.03.21 00:00,1312.1,1320.3,1303.12,1308.95,38355
2019.03.22 00:00,1309.01,1314.87,1306.74,1313.06,39483
2019.03.25 00:00,1313.34,1324.38,1310.92,1321.66,33763
2019.03.26 00:00,1321.43,1323.16,1312.58,1315.13,31967
2019.03.27 00:00,1315.21,1319.24,1307.97,1309.12,49818
2019.03.28 00:00,1309.19,1312.19,1288.43,1289.86,40559
2019.03.29 00:00,1289.98,1299.66,1286.61,1291.79,36292
2019.04.01 00:00,1292.31,1296.92,1286.32,1287.24,35786
2019.04.02 00:00,1287.25,1292.51,1285.19,1292.06,25695
2019.04.03 00:00,1292.08,1294.47,1288.29,1289.42,27007
2019.04.04 00:00,1289.45,1294.34,1280.83,1291.75,27023
2019.04.05 00:00,1292.03,1293.48,1284.3,1291.34,27039
2019.04.08 00:00,1291.41,1303.61,1291.34,1297.26,23122
2019.04.09 00:00,1297.43,1306.1,1296.5,1303.9,32811
2019.04.10 00:00,1303.65,1310.48,1300.85,1307.89,33574
2019.04.11 00:00,1307.63,1309.08,1289.48,1292.46,40282
2019.04.12 00:00,1292.19,1295.68,1289.88,1290.33,35092
2019.04.15 00:00,1290.87,1291.85,1282.38,1287.74,30285
2019.04.16 00:00,1287.66,1288.67,1272.84,1276.65,37228
2019.04.17 00:00,1276.65,1279.66,1272.9,1273.84,32668
2019.04.18 00:00,1273.06,1277.6,1271.04,1275.47,31224
2019.04.22 00:00,1275.66,1279.72,1273.69,1274.73,21482
2019.04.23 00:00,1274.46,1276.39,1266.18,1272.16,30381
2019.04.24 00:00,1271.97,1278.44,1268.67,1275.47,32631
2019.04.25 00:00,1275.46,1282.5,1273.26,1277.05,34006
2019.04.26 00:00,1276.72,1288.62,1274.32,1285.8,38700
2019.04.29 00:00,1286.36,1286.79,1277.96,1279.64,29956
2019.04.30 00:00,1279.94,1286.09,1279.57,1283.32,36008
2019.05.01 00:00,1283.24,1287.18,1272.78,1276.56,42701
2019.05.02 00:00,1276.91,1277.86,1266.18,1270.41,37860
2019.05.03 00:00,1270.56,1282.47,1268.52,1278.86,39091
2019.05.06 00:00,1280.3,1285.72,1276.88,1280.27,40039
2019.05.07 00:00,1281.02,1285.98,1278.08,1284.24,39542
2019.05.08 00:00,1284.07,1291.39,1279.2,1280.67,41659
2019.05.09 00:00,1280.23,1288.12,1279.51,1283.75,46204
2019.05.10 00:00,1283.52,1289.32,1283.06,1285.59,48224
2019.05.13 00:00,1287.48,1301.14,1281.86,1299.65,44703
2019.05.14 00:00,1299.29,1303.19,1293.6,1296.78,32589
2019.05.15 00:00,1296.54,1300.79,1292.94,1296.33,36272
2019.05.16 00:00,1296.03,1298.67,1283.78,1286.47,34994
2019.05.17 00:00,1286.47,1288.84,1274.67,1277.54,38070
2019.05.20 00:00,1277.22,1278.87,1273.56,1277.6,24527
2019.05.21 00:00,1277.53,1277.81,1269.37,1274.62,23545
2019.05.22 00:00,1274.51,1277.21,1272.38,1273.22,22481
2019.05.23 00:00,1273.21,1287.22,1272.73,1283.27,28911
2019.05.24 00:00,1283.01,1285.12,1280.68,1284.68,22475
2019.05.27 00:00,1284.57,1287.28,1283.67,1284.91,11646
2019.05.28 00:00,1284.87,1286.46,1276.06,1279.23,26591
2019.05.29 00:00,1279.42,1285.46,1279.06,1279.69,31727
2019.05.30 00:00,1279.71,1289.12,1274.92,1288.28,29268
2019.05.31 00:00,1288.33,1306.87,1287.88,1305.35,36975
2019.06.03 00:00,1307.39,1327.87,1305.93,1324.6,39135
2019.06.04 00:00,1324.24,1328.95,1319.82,1325.1,38816
2019.06.05 00:00,1324.3,1343.99,1324.25,1330.09,49702
2019.06.06 00:00,1332.0,1339.74,1327.13,1335.36,42708
2019.06.07 00:00,1335.34,1348.18,1330.18,1340.3,40773
2019.06.10 00:00,1336.64,1337.59,1324.98,1327.84,38615
2019.06.11 00:00,1327.55,1329.79,1319.78,1326.58,37503
2019.06.12 00:00,1326.39,1338.31,1325.93,1333.36,39368
2019.06.13 00:00,1333.11,1343.03,1332.33,1341.83,34792
2019.06.14 00:00,1341.65,1358.07,1337.76,1341.33,47603
2019.06.17 00:00,1341.77,1343.42,1332.88,1339.52,39039
2019.06.18 00:00,1339.2,1354.52,1338.54,1346.39,54742
2019.06.19 00:00,1345.91,1362.49,1341.26,1360.18,52335
2019.06.20 00:00,1360.06,1393.79,1357.61,1388.18,63933
2019.06.21 00:00,1387.14,1411.71,1382.43,1398.66,73412
2019.06.24 00:00,1400.0,1421.26,1399.45,1419.29,52778
2019.06.25 00:00,1419.38,1439.04,1411.87,1423.09,79550
2019.06.26 00:00,1423.56,1423.99,1401.86,1408.89,70047
2019.06.27 00:00,1409.13,1412.07,1398.61,1409.73,51486
2019.06.28 00:00,1409.7,1424.55,1405.59,1409.38,53342
2019.07.01 00:00,1398.54,1398.54,1381.72,1384.15,60100
2019.07.02 00:00,1383.38,1420.91,1383.1,1417.94,51745
2019.07.03 00:00,1421.61,1437.58,1412.0,1418.4,61094
2019.07.04 00:00,1418.58,1421.56,1410.13,1415.18,26874
2019.07.05 00:00,1415.83,1424.1,1386.62,1398.44,49739
2019.07.08 00:00,1398.28,1407.48,1391.63,1395.05,40168
2019.07.09 00:00,1395.02,1399.79,1385.66,1397.3,35530
2019.07.10 00:00,1397.22,1418.72,1389.81,1418.59,42551
2019.07.11 00:00,1418.29,1427.0,1400.99,1403.49,43688
2019.07.12 00:00,1403.98,1416.77,1403.04,1415.17,36643
2019.07.15 00:00,1415.41,1419.64,1407.58,1413.63,33559
2019.07.16 00:00,1413.8,1418.14,1400.97,1405.53,36489
2019.07.17 00:00,1405.75,1426.66,1399.99,1425.93,35063
2019.07.18 00:00,1425.82,1448.01,1414.51,1445.98,51521
2019.07.19 00:00,1446.14,1452.87,1420.13,1424.78,58843
2019.07.22 00:00,1427.39,1429.77,1422.14,1424.5,41046
2019.07.23 00:00,1425.23,1430.04,1414.08,1417.39,40957
2019.07.24 00:00,1417.78,1429.46,1416.22,1425.39,39763
2019.07.25 00:00,1426.02,1433.68,1411.03,1414.04,44893
2019.07.26 00:00,1414.07,1424.72,1413.35,1418.3,32873
2019.07.29 00:00,1418.69,1428.04,1414.68,1426.58,26851
2019.07.30 00:00,1426.52,1433.06,1422.21,1430.62,31197
2019.07.31 00:00,1430.79,1434.08,1410.39,1412.49,45878
2019.08.01 00:00,1413.42,1445.9,1400.39,1443.87,57066
2019.08.02 00:00,1444.74,1448.6,1430.24,1440.89,58304
2019.08.05 00:00,1439.85,1469.65,1436.68,1463.62,53733
2019.08.06 00:00,1468.57,1474.75,1456.36,1474.27,49679
2019.08.07 00:00,1473.46,1510.28,1472.14,1500.94,60095
2019.08.08 00:00,1500.29,1509.42,1489.93,1500.91,50085
2019.08.09 00:00,1505.15,1508.74,1494.73,1496.98,44615
2019.08.12 00:00,1497.75,1519.3,1487.64,1510.78,50789
2019.08.13 00:00,1510.75,1534.91,1479.72,1501.02,70076
2019.08.14 00:00,1501.72,1523.89,1494.06,1516.3,74827
2019.08.15 00:00,1515.88,1526.9,1507.86,1523.0,80780
2019.08.16 00:00,1522.86,1527.9,1503.67,1512.77,56496
2019.08.19 00:00,1512.45,1512.85,1493.14,1495.81,51979
2019.08.20 00:00,1495.6,1508.51,1492.88,1507.19,43454
2019.08.21 00:00,1506.91,1507.93,1496.38,1502.36,41637
2019.08.22 00:00,1501.53,1504.42,1492.38,1497.92,43607
2019.08.23 00:00,1497.8,1530.09,1493.42,1525.93,57902
2019.08.26 00:00,1535.3,1555.1,1524.96,1527.19,79463
2019.08.27 00:00,1526.86,1544.6,1525.58,1542.41,54494
2019.08.28 00:00,1541.78,1546.76,1531.82,1539.03,58187
2019.08.29 00:00,1539.31,1550.25,1519.47,1527.3,67147
2019.08.30 00:00,1527.19,1533.01,1516.97,1519.94,60320
2019.09.02 00:00,1526.23,1533.72,1519.26,1529.44,35600
2019.09.03 00:00,1528.78,1549.61,1521.56,1547.45,63902
2019.09.04 00:00,1546.47,1556.92,1533.73,1552.37,62834
2019.09.05 00:00,1551.81,1552.9,1506.18,1518.87,71472
2019.09.06 00:00,1517.15,1527.78,1502.45,1506.0,79085
2019.09.09 00:00,1507.8,1515.38,1497.52,1498.79,62855
2019.09.10 00:00,1498.62,1500.86,1484.4,1485.14,66239
2019.09.11 00:00,1485.55,1498.16,1484.91,1496.63,51770
2019.09.12 00:00,1497.22,1524.09,1489.11,1498.77,68116
2019.09.13 00:00,1498.4,1508.89,1485.66,1488.07,56828
2019.09.16 00:00,1506.66,1512.0,1495.78,1498.03,65984
2019.09.17 00:00,1498.49,1506.98,1493.34,1501.15,53184
2019.09.18 00:00,1501.2,1511.53,1484.05,1493.84,48481
2019.09.19 00:00,1493.81,1504.4,1488.87,1498.7,58354
2019.09.20 00:00,1498.95,1516.96,1497.84,1516.21,47813
2019.09.23 00:00,1513.93,1526.72,1510.64,1521.92,58388
2019.09.24 00:00,1521.95,1535.63,1515.54,1532.01,61771
2019.09.25 00:00,1531.4,1535.03,1500.4,1503.42,66383
2019.09.26 00:00,1503.65,1512.22,1500.7,1504.34,59251
2019.09.27 00:00,1504.24,1507.29,1486.79,1496.72,68415
2019.09.30 00:00,1495.03,1500.36,1464.38,1472.34,67755
2019.10.01 00:00,1472.33,1487.1,1458.98,1478.91,71976
2019.10.02 00:00,1478.6,1504.92,1474.39,1499.69,71182
2019.10.03 00:00,1499.29,1519.43,1495.71,1504.82,71257
2019.10.04 00:00,1505.1,1513.97,1495.71,1504.3,68660
2019.10.07 00:00,1511.85,1512.45,1487.97,1493.08,68491
2019.10.08 00:00,1493.14,1509.52,1486.87,1505.4,84229
2019.10.09 00:00,1504.96,1512.3,1499.76,1505.49,68331
2019.10.10 00:00,1505.74,1516.92,1490.97,1493.38,88561
2019.10.11 00:00,1493.65,1503.09,1473.89,1488.64,90214
2019.10.14 00:00,1487.42,1497.01,1482.72,1492.97,59742
2019.10.15 00:00,1492.88,1498.28,1477.08,1480.91,66665
2019.10.16 00:00,1480.96,1491.43,1476.92,1489.8,71793
2019.10.17 00:00,1489.8,1497.28,1483.32,1491.7,64529
2019.10.18 00:00,1491.45,1493.95,1484.76,1489.68,56983
2019.10.21 00:00,1491.53,1495.12,1481.57,1484.24,57499
2019.10.22 00:00,1484.42,1488.88,1480.73,1487.43,54984
2019.10.23 00:00,1487.37,1496.05,1487.37,1491.78,51844
2019.10.24 00:00,1491.6,1503.91,1487.88,1503.53,53588
2019.10.25 00:00,1503.4,1517.87,1500.5,1504.14,59569
2019.10.28 00:00,1504.51,1508.08,1489.9,1492.31,60561
2019.10.29 00:00,1492.42,1494.66,1483.49,1487.57,57584
2019.10.30 00:00,1487.7,1496.46,1481.02,1495.55,58675
2019.10.31 00:00,1495.35,1514.14,1493.52,1512.42,56872
2019.11.01 00:00,1512.38,1515.79,1503.17,1513.68,57195
2019.11.04 00:00,1513.26,1514.71,1504.29,1509.39,48719
2019.11.05 00:00,1509.08,1509.53,1479.42,1483.32,67592
2019.11.06 00:00,1482.7,1494.08,1482.14,1490.29,55644
2019.11.07 00:00,1489.86,1492.1,1460.5,1468.38,77339
2019.11.08 00:00,1468.06,1472.84,1456.1,1458.87,65464
2019.11.11 00:00,1459.27,1466.32,1448.08,1455.75,49256
2019.11.12 00:00,1454.85,1460.26,1445.52,1456.05,68449
2019.11.13 00:00,1455.72,1466.94,1455.28,1463.23,65986
2019.11.14 00:00,1462.59,1474.5,1461.02,1471.09,62032
2019.11.15 00:00,1470.75,1471.17,1462.32,1467.59,49951
2019.11.18 00:00,1467.01,1473.8,1456.25,1471.11,52503
2019.11.19 00:00,1471.08,1475.18,1464.67,1472.3,56495
2019.11.20 00:00,1472.0,1478.7,1465.83,1471.4,76960
2019.11.21 00:00,1474.84,1475.53,1462.26,1464.25,90864
2019.11.22 00:00,1463.92,1473.13,1461.2,1461.72,61774
2019.11.25 00:00,1460.9,1462.02,1453.94,1454.95,47075
2019.11.26 00:00,1454.61,1462.79,1449.98,1461.17,44987
2019.11.27 00:00,1461.3,1461.74,1452.45,1454.18,44421
2019.11.28 00:00,1454.3,1458.14,1454.04,1455.6,26014
2019.11.29 00:00,1455.15,1466.46,1452.89,1462.86,38381
2019.12.02 00:00,1464.04,1464.96,1453.84,1462.21,51062
2019.12.03 00:00,1461.81,1481.67,1459.73,1477.15,52626
2019.12.04 00:00,1476.65,1483.96,1471.31,1474.38,62895
2019.12.05 00:00,1474.49,1480.24,1472.81,1475.73,55416
2019.12.06 00:00,1475.36,1479.4,1458.61,1459.36,48945
2019.12.09 00:00,1459.49,1465.3,1458.42,1461.41,37689
2019.12.10 00:00,1461.47,1469.08,1459.89,1464.11,52376
2019.12.11 00:00,1463.6,1478.83,1462.58,1474.67,50670
2019.12.12 00:00,1474.57,1486.64,1463.81,1469.64,52732
2019.12.13 00:00,1466.25,1477.95,1462.28,1475.44,60703
2019.12.16 00:00,1475.26,1479.74,1473.05,1476.04,40074
2019.12.17 00:00,1475.99,1480.4,1474.09,1475.99,40193
2019.12.18 00:00,1475.85,1479.19,1470.32,1475.32,36168
2019.12.19 00:00,1475.17,1481.6,1473.14,1478.74,36742
2019.12.20 00:00,1478.35,1480.9,1475.74,1477.75,32601
2019.12.23 00:00,1478.13,1486.08,1477.38,1485.28,32789
2019.12.24 00:00,1485.1,1499.77,1484.29,1498.27,26705
2019.12.26 00:00,1503.57,1512.51,1502.67,1510.89,26925
2019.12.27 00:00,1510.83,1515.25,1507.25,1510.91,40076
2019.12.30 00:00,1511.46,1516.03,1510.66,1514.93,41178
2019.12.31 00:00,1514.4,1525.2,1514.4,1521.85,32617
2020.01.02 00:00,1520.53,1531.28,1518.33,1528.98,35736
2020.01.03 00:00,1528.8,1553.41,1527.82,1551.93,65223
2020.01.06 00:00,1559.66,1587.42,1559.61,1565.55,80078
2020.01.07 00:00,1564.91,1577.24,1555.19,1573.91,65989
2020.01.08 00:00,1576.29,1611.28,1552.14,1556.05,99319
2020.01.09 00:00,1556.1,1561.17,1540.12,1552.09,61068
2020.01.10 00:00,1551.86,1563.01,1545.65,1561.63,54501
2020.01.13 00:00,1561.29,1561.29,1546.53,1547.72,51719
2020.01.14 00:00,1547.85,1548.72,1535.87,1546.23,59297
2020.01.15 00:00,1545.93,1558.09,1545.82,1556.03,52756
2020.01.16 00:00,1555.89,1557.98,1547.9,1552.3,46009
2020.01.17 00:00,1552.09,1561.12,1549.25,1557.11,46325
2020.01.20 00:00,1557.03,1562.69,1556.27,1560.72,24284
2020.01.21 00:00,1559.88,1568.51,1546.23,1558.01,59007
2020.01.22 00:00,1557.51,1559.14,1550.07,1558.69,49048
2020.01.23 00:00,1558.49,1567.83,1551.8,1562.6,56531
2020.01.24 00:00,1562.11,1575.66,1556.41,1571.11,56096
2020.01.27 00:00,1580.62,1588.2,1575.79,1581.73,70512
2020.01.28 00:00,1581.23,1582.93,1565.43,1567.29,58264
2020.01.29 00:00,1566.31,1577.9,1563.27,1576.59,51389
2020.01.30 00:00,1576.41,1585.91,1572.25,1573.91,66699
2020.01.31 00:00,1573.35,1590.38,1570.85,1588.13,66919
2020.02.03 00:00,1593.11,1593.53,1569.93,1576.41,63931
2020.02.04 00:00,1576.91,1579.47,1548.9,1552.7,57455
2020.02.05 00:00,1552.39,1562.3,1547.33,1555.95,59597
2020.02.06 00:00,1555.89,1568.15,1552.39,1566.53,51766
2020.02.07 00:00,1566.27,1573.97,1560.93,1570.13,66934
2020.02.10 00:00,1571.96,1576.91,1567.92,1571.79,52673
2020.02.11 00:00,1571.73,1573.97,1561.99,1567.59,53398
2020.02.12 00:00,1567.67,1570.35,1561.85,1565.53,48132
2020.02.13 00:00,1565.5,1578.19,1565.46,1575.85,57539
2020.02.14 00:00,1575.87,1584.93,1572.94,1583.71,44665
2020.02.17 00:00,1582.12,1583.67,1578.77,1580.93,23503
2020.02.18 00:00,1584.31,1604.97,1581.85,1601.11,56059
2020.02.19 00:00,1601.31,1612.83,1599.45,1611.31,58226
2020.02.20 00:00,1611.85,1623.61,1603.76,1619.19,71835
2020.02.21 00:00,1619.85,1649.15,1618.85,1643.25,78782
2020.02.24 00:00,1653.25,1689.17,1650.82,1658.33,100211
2020.02.25 00:00,1658.89,1663.49,1624.96,1634.55,111134
2020.02.26 00:00,1634.27,1654.87,1624.75,1640.5,103163
2020.02.27 00:00,1640.69,1660.27,1635.12,1643.99,104055
2020.02.28 00:00,1643.69,1649.35,1562.85,1585.79,115218
2020.03.02 00:00,1591.39,1610.85,1575.23,1589.31,109019
2020.03.03 00:00,1584.06,1649.21,1584.06,1640.29,97004
2020.03.04 00:00,1639.25,1652.55,1631.76,1636.39,97036
2020.03.05 00:00,1637.17,1674.49,1634.89,1671.89,94811
2020.03.06 00:00,1671.99,1691.93,1643.64,1674.09,103385
2020.03.09 00:00,1691.67,1703.36,1657.37,1679.49,77744
2020.03.10 00:00,1678.79,1679.99,1641.74,1648.87,71897
2020.03.11 00:00,1649.77,1671.16,1632.89,1634.85,65127
2020.03.12 00:00,1633.14,1649.92,1560.7,1577.07,57698
2020.03.13 00:00,1578.65,1597.79,1504.52,1529.2,61707
2020.03.16 00:00,1563.79,1574.89,1451.07,1514.42,68623
2020.03.17 00:00,1513.65,1553.77,1465.35,1528.09,56069
2020.03.18 00:00,1527.4,1545.95,1472.96,1486.12,52775
2020.03.19 00:00,1485.81,1500.87,1464.14,1472.61,46494
2020.03.20 00:00,1470.87,1515.89,1455.17,1497.25,45408
2020.03.23 00:00,1502.72,1561.1,1482.9,1553.16,39887
2020.03.24 00:00,1554.7,1632.02,1553.1,1625.23,19290
2020.03.25 00:00,1632.78,1637.93,1593.82,1616.46,21008
2020.03.26 00:00,1613.9,1643.05,1595.79,1629.74,20026
2020.03.27 00:00,1629.32,1635.78,1612.74,1625.74,18967
2020.03.30 00:00,1624.02,1631.57,1610.66,1621.39,18359
2020.03.31 00:00,1620.61,1622.66,1572.77,1575.41,18852
2020.04.01 00:00,1574.34,1599.13,1566.16,1590.32,17797
2020.04.02 00:00,1589.81,1619.35,1582.34,1612.41,21673
2020.04.03 00:00,1612.42,1625.13,1605.66,1615.72,23781
2020.04.06 00:00,1613.02,1668.12,1607.6,1660.13,31197
2020.04.07 00:00,1662.55,1671.81,1642.27,1647.42,30318
2020.04.08 00:00,1646.56,1656.37,1641.26,1644.61,23965
2020.04.09 00:00,1644.47,1690.13,1643.31,1682.34,30683
2020.04.13 00:00,1679.08,1722.11,1673.81,1711.46,31449
2020.04.14 00:00,1710.58,1746.95,1708.36,1726.32,37916
2020.04.15 00:00,1727.96,1730.33,1706.6,1714.52,33084
2020.04.16 00:00,1714.98,1738.75,1707.93,1717.31,37805
2020.04.17 00:00,1717.54,1718.16,1679.34,1682.23,37659
2020.04.20 00:00,1686.02,1702.05,1671.4,1694.56,38673
2020.04.21 00:00,1693.83,1697.58,1659.53,1686.88,38839
2020.04.22 00:00,1685.72,1718.12,1679.7,1713.82,39451
2020.04.23 00:00,1712.1,1738.37,1707.38,1729.73,40786
2020.04.24 00:00,1729.36,1735.99,1710.59,1727.13,37306
2020.04.27 00:00,1719.92,1727.04,1705.85,1713.41,39331
2020.04.28 00:00,1710.21,1715.58,1691.28,1708.43,58309
2020.04.29 00:00,1707.69,1717.14,1697.45,1711.28,59698
2020.04.30 00:00,1712.18,1721.79,1680.53,1685.57,81519
2020.05.01 00:00,1684.67,1705.1,1668.92,1698.95,95196
2020.05.04 00:00,1697.19,1714.3,1691.28,1700.34,57517
2020.05.05 00:00,1699.86,1711.33,1689.4,1704.96,60149
2020.05.06 00:00,1705.16,1707.96,1682.05,1684.6,65619
2020.05.07 00:00,1682.86,1721.9,1682.86,1715.26,68590
2020.05.08 00:00,1715.46,1723.37,1700.61,1700.8,78868
2020.05.11 00:00,1700.66,1711.83,1691.95,1697.43,75751
2020.05.12 00:00,1696.66,1710.84,1693.62,1701.79,71099
2020.05.13 00:00,1702.11,1717.76,1699.04,1715.77,88431
2020.05.14 00:00,1715.82,1736.44,1710.89,1729.76,79779
2020.05.15 00:00,1729.22,1751.17,1727.86,1741.01,82472
2020.05.18 00:00,1739.02,1765.03,1727.21,1732.2,91036
2020.05.19 00:00,1730.97,1747.66,1725.39,1743.8,89784
2020.05.20 00:00,1744.34,1753.79,1742.58,1747.15,84061
2020.05.21 00:00,1747.19,1748.55,1717.1,1726.67,102336
2020.05.22 00:00,1725.46,1740.15,1724.5,1733.3,69649
2020.05.25 00:00,1732.61,1734.25,1721.76,1727.6,36221
2020.05.26 00:00,1727.51,1735.43,1708.63,1710.75,74644
2020.05.27 00:00,1709.32,1715.89,1693.74,1708.98,71277
2020.05.28 00:00,1710.22,1727.51,1706.07,1718.1,74591
2020.05.29 00:00,1717.17,1737.36,1712.55,1728.7,71115
2020.06.01 00:00,1733.53,1744.45,1726.92,1738.98,72858
2020.06.02 00:00,1736.26,1745.06,1721.28,1727.78,70330
2020.06.03 00:00,1725.97,1731.76,1689.33,1697.51,84458
2020.06.04 00:00,1698.6,1721.74,1696.63,1713.96,77772
2020.06.05 00:00,1713.17,1716.06,1670.52,1685.33,83708
2020.06.08 00:00,1679.07,1700.63,1677.28,1698.0,71020
2020.06.09 00:00,1697.37,1720.8,1692.24,1714.14,77442
2020.06.10 00:00,1713.18,1739.71,1707.77,1738.18,77809
2020.06.11 00:00,1737.46,1744.61,1721.56,1726.88,86128
2020.06.12 00:00,1727.4,1742.93,1722.14,1729.91,59806
2020.06.15 00:00,1729.88,1734.12,1704.09,1724.57,60263
2020.06.16 00:00,1723.83,1732.79,1716.71,1726.25,61314
2020.06.17 00:00,1725.79,1730.21,1712.48,1726.45,50417
2020.06.18 00:00,1725.7,1737.11,1717.22,1721.95,50747
2020.06.19 00:00,1721.06,1745.13,1721.06,1741.29,50321
2020.06.22 00:00,1749.74,1763.1,1742.82,1754.38,57863
2020.06.23 00:00,1752.8,1770.78,1747.27,1767.52,61051
2020.06.24 00:00,1767.5,1779.25,1760.63,1761.32,62137
2020.06.25 00:00,1760.14,1768.86,1753.81,1763.68,55289
2020.06.26 00:00,1763.49,1771.91,1747.52,1770.42,58807
2020.06.29 00:00,1774.59,1775.34,1765.72,1772.18,59441
2020.06.30 00:00,1770.44,1785.86,1764.6,1780.37,60357
2020.07.01 00:00,1781.92,1788.94,1759.03,1769.99,56520
2020.07.02 00:00,1768.62,1779.33,1757.17,1775.29,49542
2020.07.03 00:00,1775.72,1776.98,1772.5,1775.49,27166
2020.07.06 00:00,1773.76,1786.94,1769.87,1783.82,46123
2020.07.07 00:00,1782.86,1797.18,1773.73,1795.15,49761
2020.07.08 00:00,1794.79,1817.89,1791.49,1808.72,50640
2020.07.09 00:00,1808.89,1815.94,1795.73,1802.67,55369
2020.07.10 00:00,1801.03,1810.48,1794.03,1798.24,50976
2020.07.13 00:00,1799.37,1813.21,1797.68,1802.11,52540
2020.07.14 00:00,1802.51,1810.63,1789.57,1809.19,57499
2020.07.15 00:00,1807.21,1814.83,1802.36,1809.91,49671
2020.07.16 00:00,1809.89,1813.19,1794.74,1796.76,46988
2020.07.17 00:00,1796.66,1811.62,1795.69,1809.36,42894
2020.07.20 00:00,1806.77,1820.36,1805.65,1817.14,47929
2020.07.21 00:00,1817.67,1843.41,1815.6,1841.59,56189
2020.07.22 00:00,1839.71,1871.97,1839.65,1871.56,75067
2020.07.23 00:00,1871.55,1898.3,1863.55,1887.12,79039
2020.07.24 00:00,1886.66,1906.5,1881.36,1901.06,65503
2020.07.27 00:00,1901.46,1945.49,1899.64,1941.71,82790
2020.07.28 00:00,1942.38,1981.02,1906.93,1959.43,88289
2020.07.29 00:00,1956.16,1980.81,1941.36,1970.36,69603
2020.07.30 00:00,1970.1,1971.49,1939.47,1955.88,72171
2020.07.31 00:00,1955.94,1982.89,1954.95,1973.93,75476
2020.08.03 00:00,1978.78,1989.33,1960.55,1976.47,60683
2020.08.04 00:00,1976.37,2019.83,1967.91,2018.93,62511
2020.08.05 00:00,2018.6,2055.68,2009.53,2037.67,80085
2020.08.06 00:00,2038.41,2069.64,2034.55,2063.05,73668
2020.08.07 00:00,2064.0,2074.89,2015.49,2034.61,85155
2020.08.10 00:00,2028.71,2049.85,2018.45,2027.16,69891
2020.08.11 00:00,2027.06,2029.92,1901.36,1911.41,90691
2020.08.12 00:00,1911.35,1949.33,1863.04,1916.47,92632
2020.08.13 00:00,1913.73,1966.28,1912.72,1953.22,78580
2020.08.14 00:00,1952.71,1962.13,1932.15,1944.39,72965
2020.08.17 00:00,1947.03,1990.59,1929.45,1985.05,70129
2020.08.18 00:00,1984.53,2015.65,1976.03,2001.74,75296
2020.08.19 00:00,2002.11,2006.4,1924.51,1929.08,81738
2020.08.20 00:00,1928.02,1955.19,1924.38,1946.54,81795
2020.08.21 00:00,1946.87,1955.87,1911.5,1940.4,72727
2020.08.24 00:00,1940.19,1961.82,1923.8,1929.03,65310
2020.08.25 00:00,1928.78,1937.35,1914.14,1927.8,76060
2020.08.26 00:00,1929.38,1954.68,1902.55,1953.8,67356
2020.08.27 00:00,1954.29,1976.5,1909.85,1928.83,71415
2020.08.28 00:00,1929.05,1973.82,1923.25,1963.71,73537
2020.08.31 00:00,1965.77,1976.43,1954.37,1967.2,65349
2020.09.01 00:00,1967.12,1992.4,1963.25,1970.24,68118
2020.09.02 00:00,1969.36,1973.16,1932.45,1942.64,68788
2020.09.03 00:00,1942.4,1950.96,1921.72,1930.19,69852
2020.09.04 00:00,1931.44,1947.45,1916.45,1932.65,69113
2020.09.07 00:00,1930.28,1941.29,1924.44,1929.66,38806
2020.09.08 00:00,1929.32,1940.57,1906.47,1931.25,67728
2020.09.09 00:00,1931.37,1950.87,1919.92,1946.26,58845
2020.09.10 00:00,1947.19,1966.46,1941.2,1946.0,62318
2020.09.11 00:00,1944.83,1954.47,1937.22,1939.51,58144
2020.09.14 00:00,1940.75,1962.34,1936.84,1956.34,50269
2020.09.15 00:00,1956.74,1972.03,1948.21,1954.1,54983
2020.09.16 00:00,1952.99,1973.44,1949.83,1959.38,60392
2020.09.17 00:00,1959.08,1960.89,1932.82,1944.03,64579
2020.09.18 00:00,1943.89,1960.04,1943.83,1949.45,56508
2020.09.21 00:00,1949.65,1955.47,1882.7,1912.46,70553
2020.09.22 00:00,1911.98,1919.89,1894.58,1899.93,72571
2020.09.23 00:00,1899.97,1905.24,1855.65,1863.04,82734
2020.09.24 00:00,1863.1,1876.89,1848.6,1867.53,108393
2020.09.25 00:00,1868.06,1875.02,1852.15,1860.71,93279
2020.09.28 00:00,1859.93,1882.94,1848.6,1881.4,87932
2020.09.29 00:00,1880.72,1899.08,1875.39,1897.17,83672
2020.09.30 00:00,1898.18,1902.21,1881.23,1885.28,90640
2020.10.01 00:00,1885.24,1911.88,1884.58,1905.9,87394
2020.10.02 00:00,1905.09,1917.1,1889.7,1899.0,84619
2020.10.05 00:00,1904.9,1918.55,1887.0,1913.33,70023
2020.10.06 00:00,1912.55,1920.95,1874.62,1877.88,78092
2020.10.07 00:00,1878.48,1897.92,1872.81,1887.46,72302
2020.10.08 00:00,1886.87,1900.72,1881.73,1893.37,66518
2020.10.09 00:00,1893.4,1930.23,1893.4,1930.05,74450
2020.10.12 00:00,1928.88,1933.14,1918.34,1922.48,74531
2020.10.13 00:00,1922.37,1925.29,1886.43,1890.91,82930
2020.10.14 00:00,1891.42,1912.95,1882.31,1901.18,75441
2020.10.15 00:00,1901.78,1908.86,1889.62,1908.23,81168
2020.10.16 00:00,1908.48,1913.8,1897.71,1898.5,66178
2020.10.19 00:00,1899.1,1918.37,1896.96,1904.12,68863
2020.10.20 00:00,1903.68,1913.93,1894.43,1906.98,69794
2020.10.21 00:00,1907.84,1931.34,1907.84,1924.49,73801
2020.10.22 00:00,1923.88,1925.86,1894.48,1903.71,72141
2020.10.23 00:00,1903.57,1914.24,1894.41,1901.24,66704
2020.10.26 00:00,1902.71,1908.32,1891.26,1902.02,73200
2020.10.27 00:00,1901.35,1911.23,1897.65,1907.57,63571
2020.10.28 00:00,1907.71,1910.74,1869.35,1876.95,82426
2020.10.29 00:00,1876.38,1884.92,1859.81,1867.6,79084
2020.10.30 00:00,1866.4,1889.62,1864.28,1878.56,81585
2020.11.02 00:00,1876.56,1895.97,1873.3,1895.41,75195
2020.11.03 00:00,1895.24,1910.4,1886.91,1909.37,68611
2020.11.04 00:00,1908.7,1916.27,1881.42,1902.98,108126
2020.11.05 00:00,1902.62,1952.72,1902.18,1949.3,92833
2020.11.06 00:00,1948.32,1960.29,1935.57,1951.11,85812
2020.11.09 00:00,1954.32,1965.4,1850.4,1861.92,107507
2020.11.10 00:00,1864.23,1890.37,1860.11,1877.18,95850
2020.11.11 00:00,1876.79,1884.31,1856.18,1865.13,74511
2020.11.12 00:00,1865.37,1883.63,1862.59,1876.76,75473
2020.11.13 00:00,1876.41,1896.7,1873.86,1889.28,67030
2020.11.16 00:00,1887.69,1898.95,1864.46,1888.47,79216
2020.11.17 00:00,1888.69,1893.34,1876.84,1879.98,75971
2020.11.18 00:00,1880.22,1884.69,1863.38,1872.19,86243
2020.11.19 00:00,1872.44,1873.82,1852.58,1865.74,91613
2020.11.20 00:00,1865.39,1879.64,1860.74,1870.78,79656
2020.11.23 00:00,1870.54,1875.96,1830.86,1837.45,80770
2020.11.24 00:00,1837.6,1838.88,1800.37,1807.19,105790
2020.11.25 00:00,1807.25,1817.64,1801.43,1807.49,84724
2020.11.26 00:00,1806.37,1818.14,1805.79,1809.68,44485
2020.11.27 00:00,1810.1,1813.7,1774.15,1786.88,63509
2020.11.30 00:00,1786.39,1789.82,1764.34,1776.62,84893
2020.12.01 00:00,1776.86,1817.16,1775.6,1814.96,75460
2020.12.02 00:00,1814.78,1832.27,1807.36,1830.45,73812
2020.12.03 00:00,1830.14,1843.96,1823.53,1840.69,77314
2020.12.04 00:00,1840.63,1848.08,1829.05,1838.49,68151
2020.12.07 00:00,1837.1,1868.53,1822.13,1861.94,74968
2020.12.08 00:00,1863.12,1875.28,1860.16,1870.12,69897
2020.12.09 00:00,1870.5,1870.7,1825.21,1839.8,85383
2020.12.10 00:00,1839.5,1849.92,1828.72,1836.41,80249
2020.12.11 00:00,1836.21,1847.67,1823.93,1839.37,73315
2020.12.14 00:00,1840.44,1841.35,1818.87,1826.86,73048
2020.12.15 00:00,1827.15,1855.23,1825.35,1853.18,69822
2020.12.16 00:00,1853.3,1865.54,1844.6,1864.49,82496
2020.12.17 00:00,1863.71,1896.22,1861.93,1885.26,81057
2020.12.18 00:00,1885.25,1889.56,1877.4,1881.11,70951
2020.12.21 00:00,1885.64,1906.64,1855.03,1876.3,100443
2020.12.22 00:00,1876.91,1884.14,1858.76,1859.76,87856
2020.12.23 00:00,1859.87,1878.37,1856.84,1873.07,79399
2020.12.24 00:00,1872.65,1880.38,1869.3,1879.31,48844
2020.12.28 00:00,1882.44,1900.1,1869.21,1873.3,79480
2020.12.29 00:00,1873.66,1886.45,1871.67,1878.14,70518
2020.12.30 00:00,1877.03,1894.33,1876.18,1894.29,61855
2020.12.31 00:00,1893.95,1900.18,1885.36,1895.29,51231
2021.01.04 00:00,1904.13,1944.34,1902.51,1942.52,88810
2021.01.05 00:00,1941.7,1952.98,1934.2,1949.67,80753
2021.01.06 00:00,1949.91,1959.32,1900.85,1918.72,102774
2021.01.07 00:00,1918.76,1927.54,1906.96,1913.28,84943
2021.01.08 00:00,1914.21,1917.37,1828.16,1848.74,103038
2021.01.11 00:00,1848.25,1856.56,1817.08,1843.24,98171
2021.01.12 00:00,1844.42,1863.57,1837.29,1854.48,87439
2021.01.13 00:00,1854.31,1862.86,1841.92,1844.8,76843
2021.01.14 00:00,1844.91,1857.4,1829.21,1845.89,84995
2021.01.15 00:00,1846.06,1856.74,1823.2,1827.09,86689
2021.01.18 00:00,1828.39,1840.67,1803.92,1837.52,57887
2021.01.19 00:00,1837.45,1845.41,1833.02,1839.94,74345
2021.01.20 00:00,1839.41,1871.56,1832.5,1871.22,84606
2021.01.21 00:00,1870.64,1874.97,1858.32,1869.51,78296
2021.01.22 00:00,1869.54,1870.65,1837.21,1855.81,88433
2021.01.25 00:00,1854.1,1867.69,1847.06,1855.85,86581
2021.01.26 00:00,1855.09,1861.62,1848.3,1850.47,76366
2021.01.27 00:00,1850.27,1853.07,1831.37,1844.07,88170
2021.01.28 00:00,1843.67,1863.82,1833.94,1842.26,101973
2021.01.29 00:00,1841.31,1875.58,1839.46,1848.35,111661
2021.02.01 00:00,1862.93,1871.64,1848.9,1860.5,120824
2021.02.02 00:00,1860.09,1863.97,1829.45,1837.89,106618
2021.02.03 00:00,1837.51,1844.78,1829.69,1833.96,82781
2021.02.04 00:00,1833.35,1834.62,1785.06,1793.76,95367
2021.02.05 00:00,1794.13,1814.98,1791.94,1813.69,82359
2021.02.08 00:00,1817.04,1839.0,1807.7,1830.43,78284
2021.02.09 00:00,1829.87,1848.57,1828.7,1838.36,82789
2021.02.10 00:00,1837.47,1855.35,1833.96,1843.12,81809
2021.02.11 00:00,1842.68,1847.29,1820.97,1825.43,72379
2021.02.12 00:00,1825.17,1830.74,1810.42,1824.29,72289
2021.02.15 00:00,1825.17,1826.93,1815.86,1818.35,47530
2021.02.16 00:00,1819.02,1826.34,1789.31,1794.27,89043
2021.02.17 00:00,1793.77,1795.05,1769.41,1776.04,100322
2021.02.18 00:00,1776.89,1789.44,1768.3,1775.69,112517
2021.02.19 00:00,1775.41,1791.5,1760.52,1783.29,116350
2021.02.22 00:00,1781.19,1812.66,1780.61,1809.59,121462
2021.02.23 00:00,1809.52,1815.89,1795.56,1805.51,114523
2021.02.24 00:00,1804.96,1813.68,1783.42,1804.71,113848
2021.02.25 00:00,1805.08,1805.13,1765.48,1769.94,136168
2021.02.26 00:00,1770.55,1775.69,1717.0,1734.1,147092
2021.03.01 00:00,1733.69,1759.86,1719.54,1724.44,118908
2021.03.02 00:00,1724.65,1739.03,1707.15,1738.05,121082
2021.03.03 00:00,1737.56,1740.42,1701.73,1710.71,113363
2021.03.04 00:00,1709.97,1723.14,1690.45,1697.4,131071
2021.03.05 00:00,1697.0,1707.64,1687.22,1700.63,122588
2021.03.08 00:00,1702.76,1714.13,1676.65,1683.22,120173
2021.03.09 00:00,1682.86,1720.63,1680.08,1715.66,108718
2021.03.10 00:00,1715.77,1726.7,1708.07,1726.54,104329
2021.03.11 00:00,1726.18,1739.86,1719.11,1722.51,104201
2021.03.12 00:00,1721.96,1728.83,1699.07,1726.73,106561
2021.03.15 00:00,1726.2,1734.48,1721.57,1731.51,92288
2021.03.16 00:00,1731.1,1740.97,1726.01,1731.38,88523
2021.03.17 00:00,1731.26,1751.54,1724.01,1744.97,94216
2021.03.18 00:00,1744.4,1755.43,1719.31,1736.4,110697
2021.03.19 00:00,1735.2,1746.73,1728.4,1744.78,97929
2021.03.22 00:00,1745.71,1746.88,1727.37,1738.78,88556
2021.03.23 00:00,1738.61,1742.44,1724.47,1726.77,90149
2021.03.24 00:00,1727.08,1738.17,1723.91,1734.1,83496
2021.03.25 00:00,1734.11,1745.21,1721.7,1726.58,89360
2021.03.26 00:00,1726.29,1736.63,1721.62,1732.25,78751
2021.03.29 00:00,1731.62,1733.07,1705.77,1711.83,76127
2021.03.30 00:00,1712.09,1714.28,1678.63,1684.75,92412
2021.03.31 00:00,1685.16,1715.2,1677.82,1707.25,90823
2021.04.01 00:00,1707.43,1730.39,1705.68,1729.57,77823
2021.04.05 00:00,1727.71,1733.46,1721.3,1728.11,60216
2021.04.06 00:00,1727.3,1745.33,1727.09,1743.24,76710
2021.04.07 00:00,1742.75,1744.23,1730.59,1737.49,69859
2021.04.08 00:00,1737.16,1758.65,1733.07,1755.35,66878
2021.04.09 00:00,1755.36,1757.26,1731.05,1743.73,78965
2021.04.12 00:00,1743.05,1744.86,1727.28,1732.67,85687
2021.04.13 00:00,1732.53,1748.82,1723.6,1745.05,98131
2021.04.14 00:00,1733.1,1749.23,1732.49,1736.2,90425
2021.04.15 00:00,1736.01,1769.56,1734.24,1763.26,101616
2021.04.16 00:00,1762.77,1783.68,1759.66,1776.81,97747
2021.04.19 00:00,1777.23,1789.96,1766.6,1771.31,103061
2021.04.20 00:00,1771.06,1780.31,1763.53,1778.61,99551
2021.04.21 00:00,1778.61,1797.53,1776.12,1793.51,93240
2021.04.22 00:00,1792.82,1797.76,1777.33,1783.94,94289
2021.04.23 00:00,1783.45,1795.8,1769.88,1776.67,98840
2021.04.26 00:00,1775.72,1783.49,1768.68,1781.16,96190
2021.04.27 00:00,1781.16,1785.39,1773.58,1776.4,87190
2021.04.28 00:00,1776.12,1782.42,1762.54,1781.46,94152
2021.04.29 00:00,1780.92,1789.85,1755.99,1771.73,92877
2021.04.30 00:00,1771.77,1773.59,1764.12,1769.03,93321
2021.05.03 00:00,1767.89,1797.79,1765.96,1792.77,82414
2021.05.04 00:00,1792.67,1798.91,1770.65,1778.63,93485
2021.05.05 00:00,1778.42,1787.85,1770.26,1786.65,80935
2021.05.06 00:00,1784.92,1817.99,1781.9,1814.66,93992
2021.05.07 00:00,1814.8,1843.25,1812.81,1830.89,99006
2021.05.10 00:00,1833.61,1845.29,1829.84,1835.5,101641
2021.05.11 00:00,1835.33,1841.7,1817.89,1837.19,105000
2021.05.12 00:00,1836.23,1843.6,1813.11,1815.25,112650
2021.05.13 00:00,1815.09,1828.68,1808.63,1826.25,112590
2021.05.14 00:00,1824.69,1845.41,1819.64,1843.67,97779
2021.05.17 00:00,1840.8,1868.36,1840.8,1866.72,97915
2021.05.18 00:00,1865.86,1874.92,1863.07,1869.2,88746
2021.05.19 00:00,1868.45,1889.96,1852.06,1869.11,111168
2021.05.20 00:00,1868.76,1883.76,1863.69,1876.84,104527
2021.05.21 00:00,1876.38,1889.3,1870.02,1881.57,92528
2021.05.24 00:00,1882.06,1886.96,1875.15,1880.44,86716
2021.05.25 00:00,1880.17,1900.1,1872.57,1898.91,89598
2021.05.26 00:00,1898.35,1912.63,1890.61,1896.19,93163
2021.05.27 00:00,1895.97,1903.56,1888.06,1896.27,90978
2021.05.28 00:00,1895.93,1905.65,1882.16,1903.86,99054
2021.05.31 00:00,1903.52,1910.45,1901.94,1906.32,50986
2021.06.01 00:00,1906.52,1916.44,1892.24,1900.12,82880
2021.06.02 00:00,1899.77,1908.94,1894.22,1907.94,69017
2021.06.03 00:00,1908.07,1909.52,1865.22,1870.37,84472
2021.06.04 00:00,1869.96,1896.04,1855.44,1891.26,80366
2021.06.07 00:00,1891.29,1899.95,1881.38,1898.75,77107
2021.06.08 00:00,1898.65,1903.55,1883.62,1892.68,81101
2021.06.09 00:00,1892.23,1898.89,1887.2,1888.35,81116
2021.06.10 00:00,1888.31,1899.8,1869.7,1898.16,88646
2021.06.11 00:00,1897.31,1902.84,1874.29,1876.0,81839
2021.06.14 00:00,1876.23,1877.7,1844.7,1865.91,82761
2021.06.15 00:00,1865.35,1869.06,1851.47,1858.51,89383
2021.06.16 00:00,1859.24,1862.68,1803.29,1811.68,98063
2021.06.17 00:00,1811.65,1825.12,1767.06,1772.84,136852
2021.06.18 00:00,1772.57,1797.18,1760.74,1763.73,122213
2021.06.21 00:00,1764.72,1786.39,1764.65,1782.66,123842
2021.06.22 00:00,1782.39,1789.96,1772.21,1778.5,108208
2021.06.23 00:00,1777.92,1794.85,1773.11,1779.08,99845
2021.06.24 00:00,1778.58,1787.92,1772.82,1774.68,95823
2021.06.25 00:00,1775.51,1790.22,1773.59,1780.89,94196
2021.06.28 00:00,1781.03,1785.63,1770.52,1777.89,95620
2021.06.29 00:00,1778.03,1778.81,1750.5,1760.88,98686
2021.06.30 00:00,1760.04,1774.28,1753.23,1770.33,97129
2021.07.01 00:00,1769.69,1782.73,1765.54,1776.55,96268
2021.07.02 00:00,1774.45,1794.97,1774.17,1787.02,92063
2021.07.05 00:00,1787.36,1794.39,1784.27,1791.62,53977
2021.07.06 00:00,1791.2,1814.88,1790.01,1796.98,106106
2021.07.07 00:00,1795.47,1809.71,1793.75,1803.5,99582
2021.07.08 00:00,1802.88,1818.15,1793.95,1802.08,114018
2021.07.09 00:00,1801.69,1812.28,1796.54,1807.87,100982
2021.07.12 00:00,1807.69,1810.71,1791.5,1805.82,90046
2021.07.13 00:00,1805.79,1817.07,1798.63,1807.43,99238
2021.07.14 00:00,1807.35,1829.74,1804.37,1827.04,99740
2021.07.15 00:00,1826.87,1834.08,1820.16,1829.24,107117
2021.07.16 00:00,1828.47,1831.88,1808.72,1811.44,105833
2021.07.19 00:00,1811.01,1817.16,1794.91,1812.52,110932
2021.07.20 00:00,1812.6,1824.96,1804.96,1810.21,99271
2021.07.21 00:00,1809.71,1813.58,1794.63,1803.19,93114
2021.07.22 00:00,1803.49,1807.95,1792.61,1806.34,90442
2021.07.23 00:00,1807.24,1810.26,1789.43,1801.86,78047
2021.07.26 00:00,1802.29,1811.41,1796.29,1797.31,87788
2021.07.27 00:00,1797.37,1805.19,1793.48,1798.49,79671
2021.07.28 00:00,1798.76,1809.74,1792.36,1806.6,89079
2021.07.29 00:00,1807.09,1832.63,1806.63,1827.86,79385
2021.07.30 00:00,1828.06,1831.28,1810.13,1813.72,77313
2021.08.02 00:00,1813.94,1819.48,1805.55,1813.39,65722
2021.08.03 00:00,1812.94,1814.78,1806.88,1810.21,59763
2021.08.04 00:00,1810.45,1831.5,1806.33,1811.73,62158
2021.08.05 00:00,1811.9,1814.83,1797.55,1803.92,61666
2021.08.06 00:00,1804.38,1804.69,1758.48,1763.31,67909
2021.08.09 00:00,1763.6,1764.57,1680.44,1729.41,97395
2021.08.10 00:00,1729.91,1738.33,1717.49,1729.13,73945
2021.08.11 00:00,1729.31,1754.52,1723.99,1751.45,71679
2021.08.12 00:00,1751.14,1758.06,1741.63,1752.55,65338
2021.08.13 00:00,1752.54,1779.82,1751.61,1779.54,60905
2021.08.16 00:00,1778.42,1789.32,1770.7,1787.04,65400
2021.08.17 00:00,1787.42,1795.32,1780.6,1785.84,63528
2021.08.18 00:00,1785.98,1793.83,1777.12,1787.37,68473
2021.08.19 00:00,1787.44,1792.26,1774.39,1779.66,80134
2021.08.20 00:00,1779.89,1788.43,1778.27,1780.51,67685
2021.08.23 00:00,1780.14,1806.38,1776.39,1805.31,68178
2021.08.24 00:00,1805.08,1809.49,1800.52,1802.87,60376
2021.08.25 00:00,1802.73,1802.99,1782.3,1790.43,71194
2021.08.26 00:00,1790.72,1797.94,1779.81,1791.88,67336
2021.08.27 00:00,1791.73,1819.08,1784.19,1818.01,70726
2021.08.30 00:00,1817.44,1823.14,1807.63,1810.19,57120
2021.08.31 00:00,1809.51,1819.04,1801.77,1813.6,68149
2021.09.01 00:00,1813.68,1819.89,1808.41,1814.03,64782
2021.09.02 00:00,1813.7,1817.02,1804.97,1809.37,54115
2021.09.03 00:00,1808.58,1833.93,1808.58,1827.39,60786
2021.09.06 00:00,1828.28,1830.15,1821.26,1823.22,38324
2021.09.07 00:00,1822.73,1827.16,1792.24,1794.19,75439
2021.09.08 00:00,1793.9,1801.9,1782.43,1789.24,69967
2021.09.09 00:00,1788.05,1800.91,1783.71,1794.11,74146
2021.09.10 00:00,1794.47,1803.77,1787.04,1787.04,76613
2021.09.13 00:00,1788.24,1798.38,1783.64,1793.29,66370
2021.09.14 00:00,1793.18,1808.62,1781.06,1804.47,71910
2021.09.15 00:00,1804.11,1806.75,1790.51,1793.53,74610
2021.09.16 00:00,1793.84,1796.07,1745.04,1753.38,87442
2021.09.17 00:00,1752.92,1767.23,1747.11,1754.07,82233
2021.09.20 00:00,1754.44,1766.99,1742.15,1764.04,80044
2021.09.21 00:00,1764.67,1781.55,1757.8,1774.19,69038
2021.09.22 00:00,1773.68,1787.1,1764.71,1767.94,75811
2021.09.23 00:00,1767.83,1776.32,1737.52,1742.35,82219
2021.09.24 00:00,1743.2,1757.52,1740.45,1750.3,71142
2021.09.27 00:00,1750.57,1760.74,1744.75,1750.11,69137
2021.09.28 00:00,1749.53,1754.36,1728.01,1733.85,88903
2021.09.29 00:00,1734.17,1745.49,1721.4,1726.4,78075
2021.09.30 00:00,1725.49,1764.12,1722.26,1756.93,83088
2021.10.01 00:00,1756.2,1764.02,1749.6,1760.59,76416
2021.10.04 00:00,1761.95,1770.25,1747.58,1769.22,84678
2021.10.05 00:00,1769.68,1770.07,1748.69,1759.72,71407
2021.10.06 00:00,1759.41,1765.03,1745.77,1762.37,82234
2021.10.07 00:00,1762.34,1766.85,1751.98,1755.12,67429
2021.10.08 00:00,1756.08,1781.17,1753.24,1756.49,75735
2021.10.11 00:00,1757.04,1760.9,1750.07,1754.2,58571
2021.10.12 00:00,1752.59,1769.31,1750.66,1759.96,74183
2021.10.13 00:00,1759.24,1795.92,1757.78,1792.89,79252
2021.10.14 00:00,1791.48,1800.47,1786.59,1795.84,66877
2021.10.15 00:00,1795.77,1796.35,1764.87,1767.37,72555
2021.10.18 00:00,1767.36,1771.95,1760.04,1764.67,78785
2021.10.19 00:00,1763.87,1785.11,1762.79,1769.41,81684
2021.10.20 00:00,1767.93,1788.41,1766.76,1781.86,75714
2021.10.21 00:00,1781.15,1789.3,1776.46,1782.88,73747
2021.10.22 00:00,1782.78,1813.83,1782.78,1792.19,85330
2021.10.25 00:00,1793.44,1809.79,1792.13,1807.56,75518
2021.10.26 00:00,1807.11,1808.2,1782.23,1792.63,71016
2021.10.27 00:00,1792.63,1799.06,1783.26,1796.76,79026
2021.10.28 00:00,1796.53,1810.18,1792.37,1798.73,86029
2021.10.29 00:00,1799.03,1801.08,1772.02,1782.87,89221
2021.11.01 00:00,1782.98,1795.54,1778.99,1793.04,69532
2021.11.02 00:00,1792.73,1796.32,1786.29,1787.85,69006
2021.11.03 00:00,1786.96,1788.15,1758.93,1769.59,77390
2021.11.04 00:00,1768.43,1798.69,1768.43,1791.4,75817
2021.11.05 00:00,1790.89,1818.15,1784.91,1817.68,77330
2021.11.08 00:00,1818.3,1826.4,1812.46,1824.14,71946
2021.11.09 00:00,1825.06,1832.71,1819.01,1831.68,76092
2021.11.10 00:00,1832.18,1868.56,1822.43,1849.1,83490
2021.11.11 00:00,1849.33,1865.98,1842.76,1861.74,70118
2021.11.12 00:00,1861.58,1868.51,1845.17,1864.25,77709
2021.11.15 00:00,1868.03,1869.99,1856.21,1862.68,70778
2021.11.16 00:00,1862.64,1877.04,1849.55,1850.43,81409
2021.11.17 00:00,1849.83,1867.88,1849.46,1867.23,81575
2021.11.18 00:00,1866.94,1870.81,1854.92,1858.81,72049
2021.11.19 00:00,1859.18,1865.42,1843.06,1845.63,82178
2021.11.22 00:00,1846.37,1849.0,1802.27,1804.58,89038
2021.11.23 00:00,1806.32,1812.35,1781.86,1788.92,86894
2021.11.24 00:00,1789.18,1796.33,1778.49,1788.42,78432
2021.11.25 00:00,1788.93,1794.92,1785.98,1788.49,37758
2021.11.26 00:00,1788.45,1815.26,1780.54,1790.71,82136
2021.11.29 00:00,1789.65,1799.33,1778.37,1784.57,80306
2021.11.30 00:00,1784.38,1808.72,1769.84,1774.76,96925
2021.12.01 00:00,1775.06,1794.31,1772.1,1781.72,92210
2021.12.02 00:00,1781.51,1783.32,1761.84,1768.13,85043
2021.12.03 00:00,1768.17,1786.04,1766.08,1783.23,83651
2021.12.06 00:00,1784.46,1787.68,1775.72,1778.28,66218
2021.12.07 00:00,1778.18,1787.63,1771.98,1783.98,68129
2021.12.08 00:00,1783.81,1793.06,1779.65,1782.95,66426
2021.12.09 00:00,1782.78,1787.39,1773.2,1775.07,65162
2021.12.10 00:00,1775.67,1789.21,1769.98,1782.55,62432
2021.12.13 00:00,1782.87,1791.28,1781.71,1786.5,57148
2021.12.14 00:00,1785.78,1789.4,1766.22,1770.52,62044
2021.12.15 00:00,1770.95,1780.88,1752.64,1776.96,74708
2021.12.16 00:00,1777.13,1799.57,1775.5,1799.11,73162
2021.12.17 00:00,1799.13,1814.22,1795.69,1797.55,70778
2021.12.20 00:00,1799.01,1804.02,1788.18,1790.78,69496
2021.12.21 00:00,1790.29,1800.22,1784.84,1788.86,79692
2021.12.22 00:00,1789.06,1804.86,1785.83,1803.38,76283
2021.12.23 00:00,1803.88,1810.59,1798.89,1808.27,68906
2021.12.27 00:00,1807.58,1813.4,1803.08,1811.78,51659
2021.12.28 00:00,1811.38,1820.27,1804.91,1806.07,53680
2021.12.29 00:00,1805.64,1807.56,1789.37,1804.26,61905
2021.12.30 00:00,1804.43,1817.05,1795.97,1814.5,58127
2021.12.31 00:00,1815.09,1827.45,1814.19,1825.14,43307
2022.01.03 00:00,1829.68,1831.6,1798.2,1801.18,61290
2022.01.04 00:00,1801.18,1816.47,1798.42,1814.4,76300
2022.01.05 00:00,1814.66,1829.37,1808.06,1810.17,72389
2022.01.06 00:00,1810.38,1811.4,1786.33,1790.83,88698
2022.01.07 00:00,1790.91,1798.67,1782.38,1796.74,73554
2022.01.10 00:00,1794.93,1802.37,1790.29,1801.55,74740
2022.01.11 00:00,1801.23,1823.05,1800.03,1821.32,73117
2022.01.12 00:00,1821.04,1828.05,1814.72,1825.98,68236
2022.01.13 00:00,1825.73,1828.02,1812.34,1822.48,69475
2022.01.14 00:00,1822.13,1829.22,1814.45,1817.58,76967
2022.01.17 00:00,1817.62,1823.04,1812.91,1818.98,41652
2022.01.18 00:00,1818.72,1822.64,1805.79,1813.52,83561
2022.01.19 00:00,1812.9,1843.23,1810.17,1840.4,69206
2022.01.20 00:00,1839.33,1847.8,1835.83,1839.38,77161
2022.01.21 00:00,1839.57,1843.07,1828.32,1834.0,96086
2022.01.24 00:00,1833.14,1844.23,1829.61,1842.83,84118
2022.01.25 00:00,1842.99,1853.73,1834.76,1847.86,76816
2022.01.26 00:00,1847.42,1849.9,1814.83,1819.21,80125
2022.01.27 00:00,1819.55,1821.95,1791.67,1796.95,100567
2022.01.28 00:00,1797.13,1799.26,1780.15,1791.21,86828
2022.01.31 00:00,1790.87,1799.8,1785.48,1797.16,69859
2022.02.01 00:00,1797.42,1808.67,1795.61,1800.94,69418
2022.02.02 00:00,1800.33,1810.7,1794.31,1806.67,66891
2022.02.03 00:00,1806.68,1808.85,1788.53,1804.7,75471
2022.02.04 00:00,1804.77,1814.77,1792.08,1807.71,75094
2022.02.07 00:00,1806.7,1823.45,1806.3,1820.27,68155
2022.02.08 00:00,1820.39,1828.66,1815.33,1825.82,65354
2022.02.09 00:00,1825.49,1835.73,1824.58,1832.67,83209
2022.02.10 00:00,1832.85,1841.82,1821.52,1826.47,102585
2022.02.11 00:00,1826.06,1865.23,1820.83,1857.88,111769
2022.02.14 00:00,1861.84,1874.01,1850.71,1871.19,112578
2022.02.15 00:00,1871.06,1879.4,1844.33,1853.32,94937
2022.02.16 00:00,1853.17,1872.39,1850.18,1869.33,87314
2022.02.17 00:00,1869.27,1901.0,1867.66,1898.24,112750
2022.02.18 00:00,1898.47,1902.3,1886.49,1896.96,101056
2022.02.21 00:00,1897.91,1908.14,1887.49,1903.97,73427
2022.02.22 00:00,1910.01,1913.98,1891.3,1898.33,126709
2022.02.23 00:00,1898.27,1910.41,1889.55,1908.93,91515
2022.02.24 00:00,1909.1,1974.26,1877.89,1903.87,163580
2022.02.25 00:00,1904.17,1921.41,1883.05,1888.58,125916
2022.02.28 00:00,1920.24,1930.62,1890.7,1908.49,150468
2022.03.01 00:00,1906.85,1950.07,1901.25,1944.89,148135
2022.03.02 00:00,1942.52,1947.83,1913.39,1928.48,147733
2022.03.03 00:00,1929.17,1941.18,1921.89,1936.13,132824
2022.03.04 00:00,1935.8,1970.55,1929.56,1970.5,137690
2022.03.07 00:00,1978.12,2002.46,1960.9,1997.43,167597
2022.03.08 00:00,1996.72,2070.4,1980.91,2049.68,193044
2022.03.09 00:00,2051.25,2059.13,1976.03,1991.62,190015
2022.03.10 00:00,1988.86,2009.08,1970.49,1996.57,169898
2022.03.11 00:00,1994.1,1998.87,1958.55,1988.04,129334
2022.03.14 00:00,1984.13,1989.79,1949.56,1950.49,130537
2022.03.15 00:00,1951.47,1954.57,1906.98,1917.64,144618
2022.03.16 00:00,1918.94,1929.39,1894.99,1926.13,127331
2022.03.17 00:00,1928.08,1949.72,1923.19,1942.43,120071
2022.03.18 00:00,1942.38,1945.26,1917.87,1920.35,96071
2022.03.21 00:00,1921.44,1941.14,1917.88,1935.71,92827
2022.03.22 00:00,1935.45,1938.32,1910.6,1921.27,102378
2022.03.23 00:00,1921.23,1948.32,1915.48,1944.03,95649
2022.03.24 00:00,1943.63,1966.09,1937.29,1957.54,114016
2022.03.25 00:00,1957.31,1964.22,1943.1,1957.9,105259
2022.03.28 00:00,1958.08,1958.82,1916.89,1922.69,129823
2022.03.29 00:00,1922.06,1929.27,1889.98,1919.41,134443
2022.03.30 00:00,1919.19,1938.46,1915.82,1932.44,105141
2022.03.31 00:00,1933.11,1949.73,1919.06,1936.99,114866
2022.04.01 00:00,1937.13,1939.42,1917.97,1924.24,108061
2022.04.04 00:00,1924.48,1936.79,1915.39,1932.55,96059
2022.04.05 00:00,1932.81,1944.47,1917.92,1923.3,109999
2022.04.06 00:00,1923.59,1933.38,1914.99,1925.09,129257
2022.04.07 00:00,1924.25,1937.77,1920.46,1931.46,111317
2022.04.08 00:00,1931.27,1948.06,1927.57,1947.6,104427
2022.04.11 00:00,1946.46,1969.52,1939.92,1953.54,123438
2022.04.12 00:00,1953.57,1978.56,1949.52,1966.45,123353
2022.04.13 00:00,1965.8,1981.46,1962.8,1977.98,113245
2022.04.14 00:00,1977.4,1980.26,1960.39,1973.28,113641
2022.04.18 00:00,1972.57,1998.32,1970.46,1978.52,105008
2022.04.19 00:00,1977.04,1981.89,1943.68,1949.96,119996
2022.04.20 00:00,1950.05,1958.2,1939.2,1957.35,129649
2022.04.21 00:00,1956.89,1957.34,1936.65,1951.07,120122
2022.04.22 00:00,1951.22,1955.52,1926.42,1931.44,128746
2022.04.25 00:00,1930.28,1934.48,1891.4,1897.82,127347
2022.04.26 00:00,1898.09,1911.15,1895.61,1904.98,117533
2022.04.27 00:00,1905.13,1906.94,1881.27,1885.71,122149
2022.04.28 00:00,1885.54,1896.64,1872.01,1894.38,117538
2022.04.29 00:00,1895.12,1919.76,1892.39,1896.27,121311
2022.05.02 00:00,1896.77,1899.81,1854.35,1862.77,110484
2022.05.03 00:00,1863.16,1878.06,1850.34,1868.02,105320
2022.05.04 00:00,1867.52,1889.65,1861.34,1881.05,99022
2022.05.05 00:00,1882.22,1909.68,1872.41,1876.9,134290
2022.05.06 00:00,1876.66,1892.35,1865.91,1883.32,129694
2022.05.09 00:00,1883.0,1885.62,1851.61,1853.65,140441
2022.05.10 00:00,1853.91,1865.39,1835.3,1838.1,144027
2022.05.11 00:00,1838.08,1858.04,1831.97,1852.38,128050
2022.05.12 00:00,1852.28,1858.7,1821.17,1821.83,152886
2022.05.13 00:00,1821.78,1828.73,1799.01,1811.31,126278
2022.05.16 00:00,1809.82,1826.83,1786.7,1823.83,119539
2022.05.17 00:00,1824.81,1836.03,1812.84,1814.96,120756
2022.05.18 00:00,1814.55,1824.67,1807.28,1816.4,121928
2022.05.19 00:00,1816.44,1849.12,1810.79,1841.97,138856
2022.05.20 00:00,1841.69,1849.32,1832.27,1846.29,111211
2022.05.23 00:00,1845.44,1865.4,1843.44,1853.41,101465
2022.05.24 00:00,1853.9,1869.63,1849.28,1866.34,96991
2022.05.25 00:00,1866.32,1867.99,1841.93,1853.08,90636
2022.05.26 00:00,1853.12,1854.26,1840.97,1850.62,96031
2022.05.27 00:00,1850.39,1861.91,1847.93,1852.77,81037
2022.05.30 00:00,1852.46,1863.91,1848.1,1855.17,47848
2022.05.31 00:00,1855.11,1857.01,1834.97,1837.31,97143
2022.06.01 00:00,1837.2,1849.89,1828.42,1846.16,97046
2022.06.02 00:00,1846.69,1870.42,1843.98,1868.45,82313
2022.06.03 00:00,1868.9,1874.01,1847.3,1850.79,82561
2022.06.06 00:00,1850.13,1857.72,1840.63,1841.44,81050
2022.06.07 00:00,1841.01,1855.5,1836.82,1852.22,96594
2022.06.08 00:00,1852.21,1859.59,1844.52,1853.12,92467
2022.06.09 00:00,1852.2,1855.26,1839.97,1847.95,103118
2022.06.10 00:00,1847.88,1875.79,1825.0,1871.2,132998
2022.06.13 00:00,1874.11,1878.74,1818.97,1819.19,152315
2022.06.14 00:00,1819.82,1831.48,1805.01,1808.16,148445
2022.06.15 00:00,1808.13,1841.78,1807.16,1833.57,176794
2022.06.16 00:00,1832.86,1857.48,1815.9,1856.6,169111
2022.06.17 00:00,1857.21,1857.27,1833.76,1839.93,127430
2022.06.20 00:00,1837.44,1846.07,1834.44,1836.94,73145
2022.06.21 00:00,1837.37,1843.54,1828.45,1832.9,103543
2022.06.22 00:00,1832.67,1847.78,1823.31,1837.77,119353
2022.06.23 00:00,1837.54,1846.02,1822.42,1822.49,125978
2022.06.24 00:00,1823.1,1831.71,1816.77,1826.72,117076
2022.06.27 00:00,1838.21,1840.88,1820.66,1822.52,106528
2022.06.28 00:00,1822.46,1829.4,1818.32,1819.72,98752
2022.06.29 00:00,1819.64,1832.9,1811.95,1817.73,115410
2022.06.30 00:00,1817.52,1825.03,1802.62,1806.96,111115
2022.07.01 00:00,1807.51,1809.19,1784.4,1809.16,82429
2022.07.04 00:00,1811.93,1814.01,1803.78,1806.88,37480
2022.07.05 00:00,1807.71,1811.98,1763.92,1764.43,78460
2022.07.06 00:00,1764.97,1772.71,1732.05,1738.76,88318
2022.07.07 00:00,1739.11,1748.95,1736.35,1739.91,63875
2022.07.08 00:00,1740.07,1752.29,1732.58,1741.81,67110
2022.07.11 00:00,1742.38,1744.33,1731.16,1733.45,59021
2022.07.12 00:00,1733.31,1744.01,1723.08,1725.87,70091
2022.07.13 00:00,1725.61,1745.31,1706.75,1735.07,93336
2022.07.14 00:00,1734.98,1736.06,1697.53,1709.36,93848
2022.07.15 00:00,1709.81,1716.51,1698.73,1707.21,75704
2022.07.18 00:00,1707.41,1723.77,1705.66,1708.87,63620
2022.07.19 00:00,1709.27,1718.34,1705.07,1711.51,57613
2022.07.20 00:00,1711.43,1714.47,1692.27,1696.41,61213
2022.07.21 00:00,1696.21,1720.06,1680.71,1717.92,72972
2022.07.22 00:00,1717.62,1739.14,1712.76,1726.98,123320
2022.07.25 00:00,1726.5,1736.0,1714.58,1719.38,77235
2022.07.26 00:00,1719.07,1728.09,1713.46,1717.11,86033
2022.07.27 00:00,1716.53,1740.18,1711.28,1734.5,91418
2022.07.28 00:00,1733.41,1756.94,1733.41,1755.65,119202
2022.07.29 00:00,1755.53,1767.78,1751.89,1765.71,118353
2022.08.01 00:00,1764.95,1775.11,1758.25,1772.08,124669
2022.08.02 00:00,1772.16,1787.99,1760.35,1760.94,136892
2022.08.03 00:00,1760.16,1772.71,1754.19,1765.3,107255
2022.08.04 00:00,1765.23,1794.89,1763.09,1791.06,108343
2022.08.05 00:00,1790.74,1794.8,1764.83,1775.13,119412
2022.08.08 00:00,1773.38,1789.9,1770.12,1788.88,92266
2022.08.09 00:00,1788.51,1800.32,1783.13,1794.21,88734
2022.08.10 00:00,1794.85,1807.78,1787.23,1792.03,105987
2022.08.11 00:00,1791.99,1799.19,1783.4,1789.36,100018
2022.08.12 00:00,1789.42,1801.99,1784.82,1801.83,94733
2022.08.15 00:00,1801.38,1802.2,1772.84,1779.29,93207
2022.08.16 00:00,1779.45,1783.04,1771.28,1775.27,83833
2022.08.17 00:00,1775.59,1782.19,1759.69,1761.84,105634
2022.08.18 00:00,1761.22,1772.31,1755.25,1758.25,92966
2022.08.19 00:00,1759.1,1759.28,1745.4,1747.12,96648
2022.08.22 00:00,1746.46,1748.94,1727.66,1735.95,105316
2022.08.23 00:00,1735.81,1754.05,1730.71,1747.68,112214
2022.08.24 00:00,1747.92,1755.75,1742.35,1751.13,103277
2022.08.25 00:00,1751.01,1765.36,1749.82,1758.43,96553
2022.08.26 00:00,1758.31,1758.77,1734.05,1737.72,112952
2022.08.29 00:00,1736.04,1745.4,1720.22,1737.35,111794
2022.08.30 00:00,1736.44,1740.4,1721.05,1724.13,105553
2022.08.31 00:00,1723.5,1726.44,1709.44,1710.87,114543
2022.09.01 00:00,1710.96,1711.3,1688.65,1697.46,121929
2022.09.02 00:00,1696.48,1717.85,1694.9,1712.24,113374
2022.09.05 00:00,1711.89,1715.7,1707.62,1710.55,62231
2022.09.06 00:00,1709.34,1726.66,1699.75,1701.72,114816
2022.09.07 00:00,1701.97,1719.32,1691.27,1718.1,114327
2022.09.08 00:00,1717.92,1728.09,1703.88,1708.38,123841
2022.09.09 00:00,1708.56,1729.31,1708.32,1716.88,109184
2022.09.12 00:00,1717.07,1734.99,1711.81,1724.55,108619
2022.09.13 00:00,1724.41,1731.72,1696.92,1702.23,128223
2022.09.14 00:00,1701.52,1706.98,1693.53,1697.27,131500
2022.09.15 00:00,1697.22,1698.14,1660.2,1664.52,121973
2022.09.16 00:00,1664.63,1680.27,1653.99,1674.99,117164
2022.09.19 00:00,1674.57,1679.76,1659.55,1675.58,98948
2022.09.20 00:00,1675.64,1679.33,1659.87,1664.75,103455
2022.09.21 00:00,1664.74,1687.99,1653.65,1673.7,128231
2022.09.22 00:00,1673.57,1684.81,1655.55,1671.1,155632
2022.09.23 00:00,1671.06,1675.81,1639.63,1643.63,145903
2022.09.26 00:00,1644.96,1649.66,1621.01,1622.34,166313
2022.09.27 00:00,1621.99,1642.33,1621.98,1629.09,139727
2022.09.28 00:00,1628.29,1662.58,1614.71,1659.77,168997
2022.09.29 00:00,1659.7,1664.76,1641.4,1660.36,155567
2022.09.30 00:00,1660.21,1675.27,1659.13,1660.79,141643
2022.10.03 00:00,1660.21,1701.32,1659.55,1699.49,141557
2022.10.04 00:00,1698.91,1729.42,1695.07,1726.26,139382
2022.10.05 00:00,1725.66,1727.64,1700.35,1716.12,134831
2022.10.06 00:00,1716.38,1725.4,1706.76,1712.35,128906
2022.10.07 00:00,1712.5,1714.73,1690.45,1694.75,121588
2022.10.10 00:00,1695.22,1699.81,1665.58,1667.94,113013
2022.10.11 00:00,1668.19,1683.82,1660.88,1666.1,133142
2022.10.12 00:00,1666.04,1678.24,1661.18,1673.02,132607
2022.10.13 00:00,1673.38,1682.34,1642.32,1666.01,144945
2022.10.14 00:00,1666.09,1671.67,1640.07,1643.99,142911
2022.10.17 00:00,1643.53,1668.32,1643.24,1650.46,118131
2022.10.18 00:00,1650.03,1660.79,1645.74,1651.85,120742
2022.10.19 00:00,1651.71,1654.29,1627.56,1628.95,110015
2022.10.20 00:00,1629.1,1645.66,1622.35,1627.97,113671
2022.10.21 00:00,1627.62,1657.86,1617.07,1657.67,138747
2022.10.24 00:00,1658.69,1670.6,1643.87,1649.28,127361
2022.10.25 00:00,1649.99,1662.28,1638.14,1653.03,105287
2022.10.26 00:00,1652.9,1674.85,1649.59,1664.55,117717
2022.10.27 00:00,1664.09,1670.71,1654.75,1663.18,117448
2022.10.28 00:00,1662.57,1666.89,1637.86,1644.53,113667
2022.10.31 00:00,1643.24,1645.54,1631.65,1633.46,92233
2022.11.01 00:00,1632.97,1656.94,1630.64,1647.58,110659
2022.11.02 00:00,1647.62,1669.37,1634.62,1634.97,106691
2022.11.03 00:00,1635.21,1640.91,1616.55,1629.47,118067
2022.11.04 00:00,1629.31,1681.62,1628.4,1680.67,125740
2022.11.07 00:00,1674.67,1681.77,1666.79,1675.17,90777
2022.11.08 00:00,1674.93,1716.81,1664.56,1712.3,106466
2022.11.09 00:00,1711.85,1722.24,1702.11,1706.79,109956
2022.11.10 00:00,1706.43,1757.08,1703.71,1755.37,123674
2022.11.11 00:00,1754.86,1772.46,1747.15,1770.86,112900
2022.11.14 00:00,1764.2,1774.94,1753.16,1771.03,89191
2022.11.15 00:00,1770.53,1786.34,1766.93,1778.55,145585
2022.11.16 00:00,1778.16,1784.9,1770.18,1773.62,121501
2022.11.17 00:00,1773.23,1774.67,1754.34,1760.04,118712
2022.11.18 00:00,1759.96,1767.57,1747.4,1750.53,102240
2022.11.21 00:00,1750.45,1752.84,1732.42,1737.6,95793
2022.11.22 00:00,1738.03,1749.63,1736.92,1739.83,92645
2022.11.23 00:00,1739.75,1753.31,1725.63,1749.3,94032
2022.11.24 00:00,1749.4,1758.54,1748.71,1755.31,77363
2022.11.25 00:00,1754.73,1760.97,1745.83,1755.33,89030
2022.11.28 00:00,1754.9,1763.59,1739.49,1741.37,94194
2022.11.29 00:00,1740.1,1758.86,1739.38,1749.58,92806
2022.11.30 00:00,1749.11,1769.9,1744.72,1768.4,102437
2022.12.01 00:00,1768.02,1803.9,1767.96,1802.72,113703
2022.12.02 00:00,1802.02,1804.28,1778.46,1797.7,105421
2022.12.05 00:00,1796.16,1809.93,1765.71,1768.54,111324
2022.12.06 00:00,1768.31,1780.77,1767.17,1770.87,90587
2022.12.07 00:00,1770.42,1790.43,1768.58,1785.95,98487
2022.12.08 00:00,1785.81,1794.74,1781.28,1788.8,92559
2022.12.09 00:00,1789.38,1806.0,1788.37,1796.83,89979
2022.12.12 00:00,1795.97,1797.03,1777.34,1781.22,76503
2022.12.13 00:00,1780.82,1824.41,1780.33,1810.38,115688
2022.12.14 00:00,1810.24,1814.05,1795.0,1807.15,110409
2022.12.15 00:00,1806.91,1808.39,1773.57,1776.6,145959
2022.12.16 00:00,1776.85,1794.17,1774.18,1792.83,91046
2022.12.19 00:00,1792.54,1798.65,1783.68,1787.52,73159
2022.12.20 00:00,1787.2,1821.11,1784.47,1817.52,135196
2022.12.21 00:00,1817.91,1823.75,1811.73,1814.05,88999
2022.12.22 00:00,1813.71,1820.32,1784.78,1792.29,100771
2022.12.23 00:00,1792.93,1803.15,1791.05,1798.25,96078
2022.12.27 00:00,1800.04,1833.2,1799.69,1813.39,92301
2022.12.28 00:00,1813.19,1814.39,1796.92,1804.13,79554
2022.12.29 00:00,1803.82,1820.05,1803.57,1814.72,83330
2022.12.30 00:00,1813.89,1826.0,1813.22,1823.55,102184
2023.01.03 00:00,1826.63,1849.88,1823.58,1839.32,128619
2023.01.04 00:00,1838.42,1865.01,1836.02,1854.5,140586
2023.01.05 00:00,1854.22,1858.84,1824.95,1832.85,129753
2023.01.06 00:00,1830.04,1869.75,1830.03,1865.75,124170
2023.01.09 00:00,1867.25,1881.36,1866.18,1871.56,115745
2023.01.10 00:00,1871.25,1880.59,1867.63,1876.78,119460
2023.01.11 00:00,1876.52,1886.47,1866.96,1875.58,116475
2023.01.12 00:00,1875.0,1901.48,1870.41,1896.66,143385
2023.01.13 00:00,1895.88,1921.84,1892.15,1920.12,135025
2023.01.16 00:00,1919.03,1928.78,1910.75,1915.41,81429
2023.01.17 00:00,1914.84,1918.93,1903.66,1908.4,122910
2023.01.18 00:00,1908.4,1925.79,1896.43,1904.12,149912
2023.01.19 00:00,1904.39,1935.08,1900.84,1932.03,138936
2023.01.20 00:00,1931.84,1937.37,1920.56,1925.75,122200
2023.01.23 00:00,1925.74,1935.36,1911.33,1930.78,93885
2023.01.24 00:00,1930.91,1942.34,1917.03,1937.13,114753
2023.01.25 00:00,1936.99,1947.93,1919.75,1945.98,118419
2023.01.26 00:00,1946.43,1949.03,1918.46,1928.95,120859
2023.01.27 00:00,1927.9,1934.9,1916.59,1928.0,106581
2023.01.30 00:00,1927.74,1934.32,1920.55,1923.03,108345
2023.01.31 00:00,1922.42,1931.03,1900.73,1928.01,123772
2023.02.01 00:00,1928.15,1954.4,1920.37,1949.87,130870
2023.02.02 00:00,1951.03,1959.67,1911.17,1912.51,154147
2023.02.03 00:00,1911.79,1918.52,1861.27,1865.52,151379
2023.02.06 00:00,1861.25,1881.24,1859.54,1867.49,137261
2023.02.07 00:00,1867.17,1884.32,1864.88,1873.58,139069
2023.02.08 00:00,1872.99,1886.29,1868.89,1875.33,113814
2023.02.09 00:00,1875.41,1890.11,1858.79,1861.51,121816
2023.02.10 00:00,1861.77,1872.18,1852.62,1865.17,128368
2023.02.13 00:00,1864.6,1866.53,1850.38,1853.37,103037
2023.02.14 00:00,1853.25,1870.52,1843.13,1854.28,136771
2023.02.15 00:00,1854.08,1859.96,1830.27,1835.74,117348
2023.02.16 00:00,1835.94,1845.15,1827.48,1836.28,118143
2023.02.17 00:00,1836.54,1843.51,1818.82,1842.28,112280
2023.02.20 00:00,1840.62,1847.38,1837.21,1841.07,62619
2023.02.21 00:00,1841.41,1843.7,1830.11,1834.8,106663
2023.02.22 00:00,1834.47,1845.88,1823.43,1825.08,116009
2023.02.23 00:00,1824.92,1833.71,1817.28,1822.14,104526
2023.02.24 00:00,1822.26,1827.68,1808.84,1810.59,115975
2023.02.27 00:00,1810.53,1820.07,1806.45,1817.09,103872
2023.02.28 00:00,1816.8,1831.06,1804.6,1826.61,104711
2023.03.01 00:00,1826.69,1844.41,1822.94,1836.47,111994
2023.03.02 00:00,1836.59,1838.83,1829.81,1835.49,101683
2023.03.03 00:00,1835.54,1856.25,1835.41,1855.13,94191
2023.03.06 00:00,1854.56,1858.15,1845.01,1846.51,92203
2023.03.07 00:00,1846.55,1851.51,1812.55,1812.87,111613
2023.03.08 00:00,1813.35,1824.13,1809.26,1813.6,101772
2023.03.09 00:00,1813.32,1835.57,1811.76,1830.66,101909
2023.03.10 00:00,1831.08,1870.01,1827.59,1866.85,149870
2023.03.13 00:00,1881.12,1914.46,1871.41,1913.29,215553
2023.03.14 00:00,1913.45,1913.99,1895.28,1903.76,158468
2023.03.15 00:00,1903.69,1937.22,1885.59,1918.02,177782
2023.03.16 00:00,1918.02,1933.34,1907.39,1919.25,166536
2023.03.17 00:00,1920.49,1987.63,1918.12,1984.84,151553
2023.03.20 00:00,1984.49,2009.65,1965.64,1978.54,173329
2023.03.21 00:00,1978.29,1985.07,1935.26,1940.45,125467
2023.03.22 00:00,1939.43,1978.63,1934.06,1969.57,135924
2023.03.23 00:00,1969.96,2003.17,1964.35,1993.68,150006
2023.03.24 00:00,1992.69,2002.8,1975.08,1978.6,146419
2023.03.27 00:00,1975.93,1979.23,1943.86,1956.27,118466
2023.03.28 00:00,1956.35,1975.16,1948.99,1973.46,107607
2023.03.29 00:00,1973.3,1974.25,1958.53,1964.31,94787
2023.03.30 00:00,1963.79,1984.2,1955.17,1980.1,102388
2023.03.31 00:00,1980.05,1987.47,1966.73,1969.13,110273
2023.04.03 00:00,1969.99,1990.4,1949.61,1984.31,115684
2023.04.04 00:00,1984.23,2024.87,1976.77,2020.45,109787
2023.04.05 00:00,2019.99,2032.03,2009.84,2020.62,108336
2023.04.06 00:00,2020.55,2021.23,2000.72,2006.99,90734
2023.04.10 00:00,1989.63,2006.35,1981.52,1991.1,85677
2023.04.11 00:00,1990.94,2007.36,1988.66,2003.47,85144
2023.04.12 00:00,2003.15,2028.13,2001.16,2014.77,114294
2023.04.13 00:00,2014.4,2048.63,2013.62,2039.89,101273
2023.04.14 00:00,2040.09,2047.26,1992.25,2004.08,115051
2023.04.17 00:00,1998.14,2014.89,1981.03,1994.98,107026
2023.04.18 00:00,1994.7,2011.71,1991.13,2005.15,94522
2023.04.19 00:00,2005.05,2008.03,1969.09,1994.55,112910
2023.04.20 00:00,1993.93,2012.19,1990.33,2004.62,106432
2023.04.21 00:00,2003.81,2005.43,1971.49,1982.67,108938
2023.04.24 00:00,1981.04,1990.71,1973.99,1988.9,98461
2023.04.25 00:00,1988.85,2003.7,1975.96,1996.95,112289
2023.04.26 00:00,1996.79,2009.19,1983.19,1989.2,124154
2023.04.27 00:00,1989.51,2003.21,1974.05,1987.67,114790
2023.04.28 00:00,1987.52,1994.88,1976.17,1989.22,114193
2023.05.01 00:00,1991.19,2005.9,1976.96,1982.39,99321
2023.05.02 00:00,1981.72,2019.25,1978.36,2016.5,114152
2023.05.03 00:00,2016.54,2040.27,2006.85,2038.3,110116
2023.05.04 00:00,2045.0,2079.08,2030.18,2050.02,169418
2023.05.05 00:00,2050.03,2052.82,1999.37,2016.5,123054
2023.05.08 00:00,2015.52,2029.25,2014.12,2021.28,91546
2023.05.09 00:00,2020.84,2037.48,2019.42,2034.3,92943
2023.05.10 00:00,2034.09,2048.1,2021.4,2030.07,116163
2023.05.11 00:00,2029.92,2040.98,2011.04,2014.89,125084
2023.05.12 00:00,2014.78,2022.44,2000.76,2010.74,112363
2023.05.15 00:00,2007.35,2022.06,2007.1,2016.24,96622
2023.05.16 00:00,2015.79,2018.2,1985.34,1988.72,123198
2023.05.17 00:00,1988.94,1992.89,1974.9,1981.42,113216
2023.05.18 00:00,1980.83,1985.9,1951.82,1957.28,116856
2023.05.19 00:00,1957.09,1984.07,1953.87,1977.53,132556
2023.05.22 00:00,1977.25,1982.52,1968.76,1971.58,109788
2023.05.23 00:00,1971.61,1977.58,1954.11,1974.8,122947
2023.05.24 00:00,1974.95,1985.19,1956.62,1957.08,114753
2023.05.25 00:00,1957.24,1964.66,1938.77,1940.6,118864
2023.05.26 00:00,1940.15,1957.15,1936.64,1946.58,107297
2023.05.29 00:00,1941.47,1949.6,1940.12,1943.07,55236
2023.05.30 00:00,1942.89,1963.4,1931.86,1959.17,125523
2023.05.31 00:00,1959.04,1974.71,1953.53,1962.42,122907
2023.06.01 00:00,1962.13,1982.99,1953.25,1977.34,123093
2023.06.02 00:00,1977.22,1983.31,1947.44,1947.9,121843
2023.06.05 00:00,1946.76,1963.91,1938.0,1961.67,114987
2023.06.06 00:00,1961.49,1966.29,1954.22,1963.15,105414
2023.06.07 00:00,1962.99,1970.08,1939.62,1939.79,112523
2023.06.08 00:00,1940.16,1970.39,1939.4,1965.45,114050
2023.06.09 00:00,1965.51,1972.93,1956.48,1960.43,100538
2023.06.12 00:00,1959.73,1966.88,1949.07,1957.31,112523
2023.06.13 00:00,1956.97,1970.7,1939.91,1943.36,123647
2023.06.14 00:00,1942.97,1960.12,1939.53,1941.66,121642
2023.06.15 00:00,1941.35,1960.15,1924.53,1957.85,137298
2023.06.16 00:00,1957.55,1967.79,1953.14,1957.27,124358
2023.06.19 00:00,1957.41,1958.6,1947.62,1950.11,66201
2023.06.20 00:00,1950.23,1956.64,1929.66,1936.05,123135
2023.06.21 00:00,1935.3,1939.39,1919.0,1932.53,121393
2023.06.22 00:00,1932.14,1934.83,1912.24,1913.58,109272
2023.06.23 00:00,1913.48,1937.19,1909.93,1921.02,116276
2023.06.26 00:00,1924.87,1933.23,1921.4,1922.93,102201
2023.06.27 00:00,1922.67,1930.56,1910.74,1913.48,106003
2023.06.28 00:00,1913.43,1917.09,1902.69,1907.27,105385
2023.06.29 00:00,1907.36,1912.98,1892.83,1908.06,119079
2023.06.30 00:00,1907.73,1922.66,1900.42,1919.19,119728
2023.07.03 00:00,1918.76,1930.85,1909.89,1921.32,98014
2023.07.04 00:00,1920.78,1930.6,1919.71,1925.57,57204
2023.07.05 00:00,1925.43,1934.96,1914.65,1915.03,108662
2023.07.06 00:00,1914.57,1927.51,1902.5,1910.72,120078
2023.07.07 00:00,1910.45,1934.73,1909.43,1925.24,115734
2023.07.10 00:00,1924.51,1928.01,1912.55,1925.13,99374
2023.07.11 00:00,1924.83,1938.41,1924.26,1932.08,100678
2023.07.12 00:00,1932.07,1959.57,1932.04,1957.25,117620
2023.07.13 00:00,1956.38,1963.44,1952.26,1960.24,117444
2023.07.14 00:00,1959.69,1963.7,1950.77,1955.14,111557
2023.07.17 00:00,1954.57,1959.74,1945.64,1954.68,89446
2023.07.18 00:00,1954.05,1984.25,1954.05,1978.67,116291
2023.07.19 00:00,1978.34,1980.88,1969.62,1976.74,99446
2023.07.20 00:00,1976.08,1987.32,1965.23,1969.32,104997
2023.07.21 00:00,1969.33,1973.63,1956.68,1961.65,95268
2023.07.24 00:00,1961.32,1967.78,1953.36,1954.66,93332
2023.07.25 00:00,1954.33,1965.58,1951.16,1964.74,87805
2023.07.26 00:00,1964.77,1978.22,1961.91,1971.98,103713
2023.07.27 00:00,1971.83,1982.03,1942.45,1945.38,117609
2023.07.28 00:00,1945.9,1963.38,1945.25,1959.06,113587
2023.07.31 00:00,1958.53,1972.26,1950.83,1965.33,89148
2023.08.01 00:00,1965.35,1965.83,1941.15,1943.96,93835
2023.08.02 00:00,1949.2,1954.65,1932.89,1934.63,92252
2023.08.03 00:00,1933.92,1938.78,1929.38,1933.95,93770
2023.08.04 00:00,1933.85,1946.66,1924.99,1942.34,87913
2023.08.07 00:00,1941.7,1946.63,1931.35,1936.39,70127
2023.08.08 00:00,1935.88,1937.97,1922.66,1924.93,85280
2023.08.09 00:00,1924.7,1932.21,1913.89,1914.53,73153
2023.08.10 00:00,1914.27,1929.93,1911.98,1912.2,96415
2023.08.11 00:00,1911.96,1920.8,1910.63,1913.63,81379
2023.08.14 00:00,1912.63,1916.12,1902.57,1907.26,81364
2023.08.15 00:00,1906.95,1911.56,1896.22,1901.73,101538
2023.08.16 00:00,1900.76,1907.09,1891.65,1891.72,86123
2023.08.17 00:00,1891.26,1903.34,1884.84,1889.17,96849
2023.08.18 00:00,1888.99,1896.74,1886.68,1889.4,80150
2023.08.21 00:00,1889.29,1898.67,1884.64,1894.56,88417
2023.08.22 00:00,1893.99,1904.34,1888.99,1897.22,82704
2023.08.23 00:00,1897.23,1920.27,1897.11,1915.32,89963
2023.08.24 00:00,1915.35,1923.25,1911.64,1916.65,89155
2023.08.25 00:00,1916.69,1922.29,1903.65,1914.16,89530
2023.08.28 00:00,1914.58,1925.94,1912.65,1920.06,69177
2023.08.29 00:00,1919.39,1938.04,1914.31,1937.26,84547
2023.08.30 00:00,1936.69,1948.94,1934.85,1942.14,90990
2023.08.31 00:00,1941.75,1947.75,1938.94,1939.97,81696
2023.09.01 00:00,1939.22,1952.79,1934.29,1939.59,92260
2023.09.04 00:00,1940.07,1946.18,1936.69,1938.4,45002
2023.09.05 00:00,1938.13,1938.84,1925.22,1925.88,86813
2023.09.06 00:00,1925.79,1929.05,1915.17,1916.34,84490
2023.09.07 00:00,1916.24,1923.48,1916.1,1919.51,71078
2023.09.08 00:00,1919.14,1929.61,1917.23,1918.85,72055
2023.09.11 00:00,1919.41,1930.59,1916.54,1922.2,77103
2023.09.12 00:00,1922.67,1924.4,1907.44,1913.22,73529
2023.09.13 00:00,1912.67,1915.61,1905.43,1908.0,88095
2023.09.14 00:00,1908.14,1912.77,1900.84,1910.41,116535
2023.09.15 00:00,1910.12,1930.29,1909.63,1923.58,107719
2023.09.18 00:00,1923.84,1934.1,1922.34,1933.48,88699
2023.09.19 00:00,1932.94,1937.23,1929.66,1931.18,72290
2023.09.20 00:00,1931.62,1947.31,1927.81,1930.22,104077
2023.09.21 00:00,1930.24,1931.4,1913.77,1919.89,107249
2023.09.22 00:00,1919.63,1928.99,1919.0,1925.17,80250
2023.09.25 00:00,1924.52,1927.05,1915.02,1915.65,77916
2023.09.26 00:00,1915.9,1916.69,1899.0,1900.44,87063
2023.09.27 00:00,1900.04,1903.79,1872.4,1874.85,96232
2023.09.28 00:00,1875.0,1879.52,1857.53,1864.71,105652
2023.09.29 00:00,1864.59,1879.72,1846.18,1848.59,108679
2023.10.02 00:00,1847.65,1850.72,1827.06,1827.66,108913
2023.10.03 00:00,1829.05,1833.24,1815.06,1822.81,135902
2023.10.04 00:00,1822.72,1830.44,1816.46,1820.94,129612
2023.10.05 00:00,1821.5,1829.04,1812.93,1820.01,111936
2023.10.06 00:00,1820.23,1834.73,1810.31,1831.76,122726
2023.10.09 00:00,1847.02,1863.37,1844.08,1861.2,109542
2023.10.10 00:00,1861.07,1865.29,1852.87,1860.28,125825
2023.10.11 00:00,1859.73,1877.09,1858.49,1874.13,115383
2023.10.12 00:00,1873.86,1884.85,1867.78,1868.6,117832
2023.10.13 00:00,1868.95,1932.53,1868.86,1932.12,132150
2023.10.16 00:00,1928.02,1928.08,1908.03,1920.02,119737
2023.10.17 00:00,1919.64,1931.45,1912.25,1922.93,121110
2023.10.18 00:00,1922.78,1962.49,1922.78,1947.43,139712
2023.10.19 00:00,1946.95,1977.58,1945.07,1974.2,147401
2023.10.20 00:00,1974.2,1997.01,1971.85,1980.63,147731
2023.10.23 00:00,1962.22,1982.68,1962.22,1972.62,131995
2023.10.24 00:00,1972.28,1980.73,1953.46,1970.87,125874
2023.10.25 00:00,1971.18,1987.07,1962.07,1979.37,111126
2023.10.26 00:00,1979.32,1993.31,1971.65,1984.77,138863
2023.10.27 00:00,1984.4,2009.32,1976.69,2005.86,128201
2023.10.30 00:00,2003.2,2006.62,1990.81,1996.0,120597
2023.10.31 00:00,1994.7,2007.84,1978.65,1983.83,125779
2023.11.01 00:00,1983.65,1991.94,1969.71,1982.56,125771
2023.11.02 00:00,1982.67,1990.9,1978.68,1985.7,111992
2023.11.03 00:00,1985.9,2003.96,1983.08,1992.4,114141
2023.11.06 00:00,1991.96,1992.97,1977.27,1977.67,106267
2023.11.07 00:00,1977.65,1978.15,1956.55,1968.98,105800
2023.11.08 00:00,1968.33,1970.84,1947.29,1950.06,112315
2023.11.09 00:00,1949.56,1965.46,1944.3,1958.35,112759
2023.11.10 00:00,1958.11,1960.7,1932.86,1938.15,108183
2023.11.13 00:00,1938.19,1949.07,1931.48,1946.03,95215
2023.11.14 00:00,1945.87,1970.67,1943.59,1962.93,108479
2023.11.15 00:00,1962.43,1975.09,1955.28,1959.12,113962
2023.11.16 00:00,1959.49,1987.85,1956.32,1981.11,104931
2023.11.17 00:00,1980.41,1993.24,1978.49,1980.46,103201
2023.11.20 00:00,1977.99,1985.01,1965.28,1977.53,117005
2023.11.21 00:00,1977.17,2007.41,1977.17,1998.2,137473
2023.11.22 00:00,1998.38,2006.3,1986.79,1989.72,120449
2023.11.23 00:00,1988.56,1998.42,1988.56,1992.3,60853
2023.11.24 00:00,1992.45,2003.44,1991.31,2001.65,76452
2023.11.27 00:00,2006.5,2017.91,2000.36,2014.05,121198
2023.11.28 00:00,2013.67,2042.86,2011.51,2041.07,112815
2023.11.29 00:00,2040.76,2051.83,2035.23,2044.07,136745
2023.11.30 00:00,2044.74,2047.12,2031.24,2035.9,146809
2023.12.01 00:00,2036.48,2075.21,2033.8,2071.53,151928
2023.12.04 00:00,2072.82,2144.63,2019.9,2028.91,187549
2023.12.05 00:00,2029.15,2041.06,2009.7,2019.18,139337
2023.12.06 00:00,2018.77,2035.72,2017.0,2025.2,118435
2023.12.07 00:00,2025.56,2039.79,2020.09,2028.39,125141
2023.12.08 00:00,2028.26,2033.93,1994.5,2004.2,143953
2023.12.11 00:00,2002.69,2007.59,1975.68,1981.64,119568
2023.12.12 00:00,1981.47,1996.62,1977.08,1979.27,110377
2023.12.13 00:00,1979.53,2027.65,1972.9,2027.17,117618
2023.12.14 00:00,2027.68,2047.77,2023.72,2036.23,168949
2023.12.15 00:00,2035.86,2044.76,2015.49,2019.34,127700
2023.12.18 00:00,2019.07,2033.56,2015.87,2027.05,90285
2023.12.19 00:00,2027.05,2046.85,2021.59,2040.03,94960
2023.12.20 00:00,2039.75,2043.36,2027.32,2031.18,93800
2023.12.21 00:00,2031.15,2045.89,2031.15,2045.62,98904
2023.12.22 00:00,2045.34,2070.46,2045.34,2052.94,110358
2023.12.26 00:00,2052.96,2068.91,2052.34,2067.61,60222
2023.12.27 00:00,2067.75,2084.33,2061.35,2077.47,79152
2023.12.28 00:00,2077.25,2088.31,2064.5,2065.24,96185
2023.12.29 00:00,2065.63,2074.64,2058.08,2062.71,93558
2024.01.02 00:00,2062.73,2078.82,2055.72,2058.86,108858
2024.01.03 00:00,2058.43,2065.87,2030.53,2041.29,126178
2024.01.04 00:00,2040.86,2050.8,2036.12,2043.21,100999
2024.01.05 00:00,2043.28,2063.89,2024.35,2045.41,129979
2024.01.08 00:00,2043.85,2046.45,2016.68,2027.86,111583
2024.01.09 00:00,2027.47,2041.81,2025.9,2030.08,104950
2024.01.10 00:00,2029.88,2040.1,2020.32,2024.21,108491
2024.01.11 00:00,2023.81,2046.62,2013.18,2028.51,137888
2024.01.12 00:00,2028.21,2062.08,2028.21,2048.86,139391
2024.01.15 00:00,2047.4,2058.49,2045.69,2053.96,65260
2024.01.16 00:00,2054.5,2055.41,2024.14,2028.13,138679
2024.01.17 00:00,2027.52,2032.84,2001.7,2006.07,129822
2024.01.18 00:00,2004.94,2023.21,2004.94,2022.88,107778
2024.01.19 00:00,2023.3,2039.22,2020.22,2029.37,98756
2024.01.22 00:00,2028.68,2032.01,2016.33,2021.55,102586
2024.01.23 00:00,2021.59,2037.73,2019.45,2029.09,106519
2024.01.24 00:00,2028.61,2036.5,2011.05,2013.45,116499
2024.01.25 00:00,2014.15,2025.23,2009.03,2020.67,118697
2024.01.26 00:00,2019.83,2026.63,2015.84,2018.32,84240
2024.01.29 00:00,2023.6,2037.43,2019.18,2032.68,84176
2024.01.30 00:00,2032.83,2048.48,2028.95,2036.77,95040
2024.01.31 00:00,2036.87,2055.89,2030.7,2039.03,129956
2024.02.01 00:00,2039.36,2065.28,2029.91,2054.78,138211
2024.02.02 00:00,2054.48,2057.54,2027.75,2039.48,113767
2024.02.05 00:00,2039.51,2042.02,2014.77,2024.9,113754
2024.02.06 00:00,2024.85,2038.77,2022.75,2035.73,98057
2024.02.07 00:00,2035.62,2044.4,2030.46,2034.97,87680
2024.02.08 00:00,2034.98,2038.56,2020.03,2034.16,93635
2024.02.09 00:00,2034.38,2037.04,2020.17,2024.1,80265
2024.02.12 00:00,2023.06,2027.46,2011.77,2019.83,72204
2024.02.13 00:00,2019.78,2032.83,1990.02,1992.85,91031
2024.02.14 00:00,1993.12,1996.04,1984.08,1992.04,83119
2024.02.15 00:00,1991.76,2008.23,1990.15,2004.24,83612
2024.02.16 00:00,2004.07,2015.02,1994.95,2013.29,84089
2024.02.19 00:00,2013.96,2022.84,2010.88,2017.97,45545
2024.02.20 00:00,2017.92,2030.82,2014.86,2024.07,73466
2024.02.21 00:00,2024.0,2032.09,2019.92,2025.83,72905
2024.02.22 00:00,2026.08,2034.79,2019.47,2024.24,78433
2024.02.23 00:00,2023.73,2041.22,2015.95,2035.3,75020
2024.02.26 00:00,2033.45,2036.85,2024.96,2030.95,79224
2024.02.27 00:00,2030.89,2039.33,2028.67,2030.12,77120
2024.02.28 00:00,2030.39,2037.82,2024.34,2034.3,76730
2024.02.29 00:00,2033.81,2050.57,2027.95,2043.95,97023
2024.03.01 00:00,2043.37,2088.16,2038.93,2082.85,124042
2024.03.04 00:00,2082.37,2119.78,2079.34,2114.2,116923
2024.03.05 00:00,2114.11,2141.62,2110.33,2127.71,140310
2024.03.06 00:00,2127.82,2152.08,2123.49,2148.01,141406
2024.03.07 00:00,2148.12,2164.63,2144.09,2159.78,141331
2024.03.08 00:00,2159.2,2195.01,2153.89,2178.45,153442
2024.03.11 00:00,2179.22,2188.86,2174.7,2182.65,123776
2024.03.12 00:00,2182.5,2184.66,2150.48,2158.17,144208
2024.03.13 00:00,2158.24,2179.73,2155.67,2174.13,119173
2024.03.14 00:00,2173.85,2176.86,2152.63,2162.04,122026
2024.03.15 00:00,2162.07,2172.59,2155.05,2155.94,113329
2024.03.18 00:00,2155.06,2163.44,2145.99,2160.18,108150
2024.03.19 00:00,2160.21,2162.72,2147.01,2157.46,116417
2024.03.20 00:00,2157.74,2188.71,2149.49,2186.08,126486
2024.03.21 00:00,2186.21,2222.61,2166.23,2181.11,171068
2024.03.22 00:00,2181.37,2185.96,2157.0,2165.04,138002
2024.03.25 00:00,2165.34,2181.17,2163.34,2171.51,118222
2024.03.26 00:00,2171.47,2199.93,2167.43,2178.52,117940
2024.03.27 00:00,2177.25,2197.48,2173.16,2194.66,110115
2024.03.28 00:00,2193.26,2236.08,2187.23,2232.67,143717
2024.04.01 00:00,2240.47,2265.53,2228.38,2251.17,149204
2024.04.02 00:00,2250.89,2280.95,2246.55,2280.3,166292
2024.04.03 00:00,2279.56,2300.98,2265.28,2299.52,164901
2024.04.04 00:00,2298.79,2305.44,2279.56,2290.73,147896
2024.04.05 00:00,2290.67,2330.31,2267.62,2329.23,182605
2024.04.08 00:00,2323.32,2353.82,2302.79,2338.7,212295
2024.04.09 00:00,2338.57,2365.18,2336.62,2352.06,187445
2024.04.10 00:00,2352.04,2359.94,2319.25,2333.42,194651
2024.04.11 00:00,2332.88,2377.61,2325.66,2372.27,182845
2024.04.12 00:00,2371.51,2431.39,2333.76,2343.72,243835
2024.04.15 00:00,2354.45,2387.47,2324.13,2382.95,223874
2024.04.16 00:00,2382.32,2398.23,2362.9,2382.48,225876
2024.04.17 00:00,2380.86,2395.5,2354.34,2361.0,189714
2024.04.18 00:00,2361.75,2392.7,2361.16,2378.6,189954
2024.04.19 00:00,2378.35,2417.69,2372.69,2391.12,215263
2024.04.22 00:00,2388.13,2388.27,2324.63,2327.0,179850
2024.04.23 00:00,2327.51,2334.34,2291.21,2321.98,202881
2024.04.24 00:00,2322.02,2337.18,2311.63,2315.82,158042
2024.04.25 00:00,2315.48,2344.73,2304.89,2332.26,169027
2024.04.26 00:00,2331.84,2352.4,2326.09,2337.52,150189
2024.04.29 00:00,2336.12,2346.62,2319.6,2335.31,173751
2024.04.30 00:00,2334.95,2336.15,2284.95,2285.97,170419
2024.05.01 00:00,2286.03,2328.18,2281.52,2319.17,171679
2024.05.02 00:00,2320.18,2326.32,2285.38,2303.41,170308
2024.05.03 00:00,2303.78,2320.52,2277.17,2301.6,144829
2024.05.06 00:00,2303.12,2331.98,2291.65,2323.77,135035
2024.05.07 00:00,2323.51,2329.84,2309.85,2313.86,116992
2024.05.08 00:00,2314.04,2321.26,2303.52,2308.69,119394
2024.05.09 00:00,2308.51,2347.12,2306.53,2345.85,128385
2024.05.10 00:00,2345.68,2378.22,2345.04,2360.32,137837
2024.05.13 00:00,2362.25,2364.39,2331.96,2336.19,126254
2024.05.14 00:00,2335.49,2359.57,2334.7,2357.8,125549
2024.05.15 00:00,2357.28,2390.11,2351.73,2385.73,150906
2024.05.16 00:00,2385.49,2397.19,2370.83,2376.54,137193
2024.05.17 00:00,2377.31,2422.55,2373.8,2413.75,129263
2024.05.20 00:00,2417.95,2449.93,2407.24,2425.99,186889
2024.05.21 00:00,2426.88,2433.84,2405.96,2420.67,171079
2024.05.22 00:00,2420.92,2426.44,2374.8,2378.46,169456
2024.05.23 00:00,2377.83,2383.64,2326.84,2328.46,182258
2024.05.24 00:00,2328.63,2347.29,2325.27,2333.56,125316
2024.05.27 00:00,2336.56,2358.34,2331.99,2352.26,96185
2024.05.28 00:00,2351.12,2363.88,2340.14,2361.02,145163
2024.05.29 00:00,2360.11,2362.2,2334.29,2337.91,134868
2024.05.30 00:00,2337.9,2351.67,2322.51,2342.83,164408
2024.05.31 00:00,2344.68,2359.62,2320.44,2326.98,172612
2024.06.03 00:00,2328.17,2354.64,2314.63,2350.54,162260
2024.06.04 00:00,2351.36,2352.7,2315.52,2326.71,168274
2024.06.05 00:00,2326.88,2357.28,2325.76,2355.05,146997
2024.06.06 00:00,2357.02,2378.38,2353.29,2375.56,157592
2024.06.07 00:00,2375.4,2387.59,2286.6,2293.64,202819
2024.06.10 00:00,2293.83,2313.73,2287.63,2310.76,127328
2024.06.11 00:00,2312.27,2319.85,2297.57,2316.72,144334
2024.06.12 00:00,2316.63,2341.57,2310.55,2324.72,169894
2024.06.13 00:00,2324.72,2326.53,2295.4,2303.79,166170
2024.06.14 00:00,2303.22,2336.48,2301.41,2332.57,167848
2024.06.17 00:00,2331.63,2332.46,2309.86,2318.99,139261
2024.06.18 00:00,2319.05,2332.99,2306.45,2329.2,146910
2024.06.19 00:00,2329.34,2334.87,2323.57,2328.31,86270
2024.06.20 00:00,2328.3,2365.33,2327.63,2359.87,155418
2024.06.21 00:00,2360.47,2368.63,2316.58,2321.17,145287
2024.06.24 00:00,2321.27,2334.61,2317.52,2334.08,116097
2024.06.25 00:00,2333.63,2337.01,2315.34,2319.36,115287
2024.06.26 00:00,2319.15,2323.68,2293.48,2298.02,149078
2024.06.27 00:00,2297.92,2330.77,2296.4,2327.45,135353
2024.06.28 00:00,2327.52,2339.56,2318.87,2326.37,140527
2024.07.01 00:00,2326.21,2338.37,2318.34,2331.58,134100
2024.07.02 00:00,2331.04,2336.7,2318.96,2329.18,115999
2024.07.03 00:00,2329.27,2364.8,2326.74,2355.82,128489
2024.07.04 00:00,2356.79,2362.42,2350.4,2356.32,62260
2024.07.05 00:00,2356.38,2392.83,2351.45,2391.18,139862
2024.07.08 00:00,2386.56,2390.99,2350.93,2359.01,135507
2024.07.09 00:00,2358.76,2371.45,2349.27,2363.56,144753
2024.07.10 00:00,2363.16,2386.52,2363.0,2371.12,120948
2024.07.11 00:00,2370.49,2424.39,2370.37,2415.2,169370
2024.07.12 00:00,2415.48,2418.12,2391.27,2411.22,170113
2024.07.15 00:00,2411.82,2439.56,2401.21,2422.07,167133
2024.07.16 00:00,2422.34,2469.55,2419.82,2468.57,167991
2024.07.17 00:00,2467.72,2483.53,2451.38,2458.46,192259
2024.07.18 00:00,2458.15,2474.8,2440.21,2445.02,179300
2024.07.19 00:00,2445.47,2445.57,2393.7,2400.19,190087
2024.07.22 00:00,2401.63,2412.05,2383.79,2396.25,164625
2024.07.23 00:00,2396.43,2411.91,2388.15,2409.34,158372
2024.07.24 00:00,2408.78,2431.89,2396.7,2397.04,174977
2024.07.25 00:00,2396.69,2401.04,2352.98,2364.35,240130
2024.07.26 00:00,2364.02,2390.65,2355.69,2387.0,179542
2024.07.29 00:00,2387.72,2402.99,2369.41,2383.41,180274
2024.07.30 00:00,2383.07,2412.66,2376.33,2410.62,179877
2024.07.31 00:00,2410.33,2450.79,2403.74,2447.07,207540
2024.08.01 00:00,2448.01,2462.16,2430.07,2446.26,227895
2024.08.02 00:00,2446.18,2477.52,2410.63,2441.52,247752
2024.08.05 00:00,2443.94,2458.62,2364.15,2409.73,313001
2024.08.06 00:00,2409.48,2418.18,2381.38,2389.67,240334
2024.08.07 00:00,2390.58,2406.91,2378.86,2382.81,206054
2024.08.08 00:00,2381.96,2427.53,2380.1,2427.03,207681
2024.08.09 00:00,2426.55,2436.88,2416.77,2430.58,177027
2024.08.12 00:00,2429.68,2473.06,2423.67,2471.81,155056
2024.08.13 00:00,2470.29,2476.87,2458.37,2464.8,165402
2024.08.14 00:00,2465.87,2479.65,2437.95,2447.78,186494
2024.08.15 00:00,2447.11,2469.98,2432.03,2456.39,172902
2024.08.16 00:00,2455.57,2509.57,2450.63,2507.43,180364
2024.08.19 00:00,2509.19,2509.98,2485.52,2504.05,173397
2024.08.20 00:00,2503.39,2531.61,2497.21,2513.86,174419
2024.08.21 00:00,2513.03,2519.79,2493.33,2512.22,170395
2024.08.22 00:00,2511.37,2514.55,2470.72,2484.52,172547
2024.08.23 00:00,2484.95,2518.19,2484.22,2512.28,173586
2024.08.26 00:00,2511.25,2526.77,2508.57,2517.82,165441
2024.08.27 00:00,2518.05,2525.83,2503.37,2524.57,166671
2024.08.28 00:00,2524.67,2528.92,2493.5,2504.45,160734
2024.08.29 00:00,2504.17,2528.54,2503.45,2521.01,158580
2024.08.30 00:00,2520.52,2526.78,2494.01,2503.12,163565
2024.09.02 00:00,2502.33,2507.14,2489.87,2498.9,99536
2024.09.03 00:00,2499.48,2506.11,2473.04,2492.93,170843
2024.09.04 00:00,2492.62,2500.11,2471.76,2495.46,154533
2024.09.05 00:00,2494.38,2523.36,2493.68,2516.52,162518
2024.09.06 00:00,2516.37,2529.04,2484.95,2497.18,187170
2024.09.09 00:00,2496.63,2507.13,2485.41,2506.25,164107
2024.09.10 00:00,2506.29,2518.36,2499.97,2516.51,150623
2024.09.11 00:00,2516.27,2528.89,2500.79,2511.28,185868
2024.09.12 00:00,2510.77,2559.95,2510.77,2558.52,175303
2024.09.13 00:00,2558.11,2585.94,2556.49,2578.91,174577
2024.09.16 00:00,2578.64,2589.51,2575.04,2582.24,138482
2024.09.17 00:00,2581.92,2586.83,2560.63,2569.33,154146
2024.09.18 00:00,2569.26,2600.01,2546.66,2558.98,187915
2024.09.19 00:00,2558.5,2594.78,2550.95,2586.64,208114
2024.09.20 00:00,2586.08,2625.6,2584.7,2622.04,189955
2024.09.23 00:00,2621.3,2634.75,2613.68,2628.26,167635
2024.09.24 00:00,2627.48,2664.24,2622.47,2656.98,201037
2024.09.25 00:00,2657.73,2670.42,2649.65,2656.84,192047
2024.09.26 00:00,2656.47,2685.43,2654.66,2672.18,198284
2024.09.27 00:00,2671.97,2674.2,2642.98,2657.99,213730
2024.09.30 00:00,2656.92,2665.89,2624.57,2634.37,199491
2024.10.01 00:00,2633.94,2672.96,2631.99,2663.29,172057
2024.10.02 00:00,2662.68,2663.28,2641.0,2658.5,166288
2024.10.03 00:00,2657.93,2662.78,2637.21,2655.92,180296
2024.10.04 00:00,2656.36,2670.06,2631.92,2653.41,178644
2024.10.07 00:00,2650.82,2659.44,2637.64,2642.56,171743
2024.10.08 00:00,2642.38,2652.91,2604.63,2621.71,231800
2024.10.09 00:00,2621.25,2624.2,2605.05,2607.62,184533
2024.10.10 00:00,2606.97,2631.39,2602.24,2629.96,195344
2024.10.11 00:00,2629.72,2661.3,2627.94,2656.82,162368
2024.10.14 00:00,2655.64,2666.69,2643.02,2648.46,154746
2024.10.15 00:00,2647.16,2668.79,2637.98,2662.57,204136
2024.10.16 00:00,2662.52,2685.31,2658.59,2673.59,193466
2024.10.17 00:00,2673.29,2696.61,2672.98,2692.74,208599
2024.10.18 00:00,2692.41,2722.37,2692.08,2721.34,208331
2024.10.21 00:00,2720.29,2740.44,2714.06,2719.39,227643
2024.10.22 00:00,2719.87,2748.9,2718.58,2748.89,198494
2024.10.23 00:00,2748.47,2758.35,2708.62,2715.23,223831
2024.10.24 00:00,2714.34,2743.12,2714.26,2735.79,206883
2024.10.25 00:00,2735.67,2747.59,2716.92,2746.84,187139
2024.10.28 00:00,2736.07,2745.84,2724.5,2742.08,176396
2024.10.29 00:00,2742.02,2774.65,2739.59,2774.3,203730
2024.10.30 00:00,2774.11,2789.95,2770.78,2787.22,206282
2024.10.31 00:00,2787.22,2789.94,2731.44,2743.75,213146
2024.11.01 00:00,2744.05,2762.14,2733.04,2736.24,233002
2024.11.04 00:00,2736.23,2748.08,2729.84,2736.47,213699
2024.11.05 00:00,2736.73,2749.86,2724.58,2743.75,197532
2024.11.06 00:00,2742.76,2749.56,2652.23,2658.82,316997
2024.11.07 00:00,2658.46,2710.12,2643.26,2706.39,248237
2024.11.08 00:00,2705.57,2710.22,2680.23,2684.45,217382
2024.11.11 00:00,2684.67,2686.03,2610.49,2619.3,230857
2024.11.12 00:00,2619.27,2627.05,2589.57,2598.0,234373
2024.11.13 00:00,2598.49,2618.63,2572.51,2572.7,235942
2024.11.14 00:00,2571.82,2581.25,2536.66,2564.52,268707
2024.11.15 00:00,2565.08,2575.94,2554.36,2562.79,251379
2024.11.18 00:00,2564.84,2614.95,2563.48,2611.63,230910
2024.11.19 00:00,2611.78,2639.33,2610.19,2632.04,238106
2024.11.20 00:00,2631.87,2655.28,2618.72,2650.02,212368
2024.11.21 00:00,2649.53,2673.38,2648.71,2669.4,215970
2024.11.22 00:00,2669.54,2715.48,2668.05,2715.34,254098
2024.11.25 00:00,2714.07,2721.23,2615.47,2625.38,259034
2024.11.26 00:00,2625.37,2641.8,2605.12,2632.98,219786
2024.11.27 00:00,2632.19,2658.14,2626.97,2635.79,191311
2024.11.28 00:00,2635.66,2649.57,2620.86,2637.28,123420
2024.11.29 00:00,2637.52,2666.21,2633.89,2649.11,187524
2024.12.02 00:00,2652.13,2652.72,2621.77,2638.67,236615
2024.12.03 00:00,2638.78,2655.49,2634.01,2643.52,187874
2024.12.04 00:00,2643.06,2657.1,2632.32,2649.69,183452
2024.12.05 00:00,2649.4,2655.38,2623.36,2631.8,190825
2024.12.06 00:00,2631.77,2645.52,2613.31,2632.7,202399
2024.12.09 00:00,2645.48,2676.34,2627.42,2660.16,223973
2024.12.10 00:00,2661.08,2695.46,2657.81,2693.85,212999
2024.12.11 00:00,2693.47,2721.06,2675.04,2717.87,253570
2024.12.12 00:00,2717.13,2725.97,2675.04,2680.72,235873
2024.12.13 00:00,2680.81,2692.6,2645.92,2648.25,208989
2024.12.16 00:00,2649.62,2664.28,2643.38,2652.48,167291
2024.12.17 00:00,2652.37,2658.51,2633.0,2646.25,186733
2024.12.18 00:00,2645.84,2651.59,2583.63,2585.49,197005
2024.12.19 00:00,2584.79,2626.33,2582.06,2594.23,194943
2024.12.20 00:00,2594.29,2631.67,2589.5,2622.37,171192
2024.12.23 00:00,2623.66,2633.13,2608.05,2612.9,128414
2024.12.24 00:00,2613.26,2621.31,2609.93,2617.43,92691
2024.12.26 00:00,2626.22,2638.94,2621.6,2633.66,86518
2024.12.27 00:00,2628.58,2638.13,2611.47,2621.54,142927
2024.12.30 00:00,2619.38,2627.98,2595.97,2605.58,161948
2024.12.31 00:00,2606.24,2627.39,2602.48,2623.23,126950
2025.01.02 00:00,2634.02,2660.42,2630.98,2657.85,152745
2025.01.03 00:00,2657.86,2665.09,2636.58,2640.17,165883
2025.01.06 00:00,2639.2,2649.32,2614.6,2635.82,208507
2025.01.07 00:00,2636.12,2664.14,2632.84,2648.54,184112
2025.01.08 00:00,2647.66,2669.97,2645.12,2661.42,179801
2025.01.09 00:00,2660.6,2678.18,2655.35,2670.15,140648
2025.01.10 00:00,2670.02,2697.9,2663.63,2689.05,215808
2025.01.13 00:00,2689.83,2693.0,2656.65,2662.88,204106
2025.01.14 00:00,2663.14,2678.09,2659.72,2677.05,174396
2025.01.15 00:00,2678.31,2697.31,2669.21,2696.56,184379
2025.01.16 00:00,2695.15,2724.54,2689.83,2714.44,194554
2025.01.17 00:00,2713.82,2717.22,2698.91,2702.18,184068
2025.01.20 00:00,2701.63,2713.63,2689.25,2708.13,165864
2025.01.21 00:00,2706.28,2745.87,2702.66,2744.81,209021
2025.01.22 00:00,2743.84,2763.24,2741.82,2756.12,168592
2025.01.23 00:00,2755.74,2758.87,2735.67,2754.55,162102
2025.01.24 00:00,2754.0,2785.81,2753.31,2770.95,174006
2025.01.27 00:00,2769.67,2772.4,2730.29,2740.87,212599
2025.01.28 00:00,2740.09,2764.96,2734.74,2763.27,156132
2025.01.29 00:00,2762.86,2766.19,2744.56,2759.69,173795
2025.01.30 00:00,2758.39,2798.4,2757.62,2794.48,178451
2025.01.31 00:00,2794.73,2817.11,2790.85,2798.63,202780
2025.02.03 00:00,2803.59,2830.62,2772.02,2814.29,232284
2025.02.04 00:00,2813.79,2845.26,2807.1,2841.92,181607
2025.02.05 00:00,2841.18,2882.34,2839.56,2867.3,202609
2025.02.06 00:00,2865.49,2873.13,2834.02,2855.79,191190
2025.02.07 00:00,2856.25,2886.66,2852.41,2860.91,189816
2025.02.10 00:00,2857.59,2911.78,2853.76,2907.87,186940
2025.02.11 00:00,2907.14,2942.46,2881.55,2897.26,249865
2025.02.12 00:00,2896.47,2909.01,2863.72,2904.18,201587
2025.02.13 00:00,2903.44,2929.48,2900.45,2928.21,181614
2025.02.14 00:00,2927.24,2939.86,2876.88,2882.41,191264
2025.02.17 00:00,2882.86,2906.31,2878.1,2897.81,106852
2025.02.18 00:00,2898.4,2936.89,2891.93,2935.14,118503
2025.02.19 00:00,2935.29,2946.84,2918.47,2933.1,161025
2025.02.20 00:00,2932.96,2954.8,2923.95,2939.09,157793
2025.02.21 00:00,2937.96,2949.59,2916.71,2935.72,148912
2025.02.24 00:00,2934.75,2956.07,2921.05,2952.47,153516
2025.02.25 00:00,2952.62,2953.54,2888.11,2914.75,181940
2025.02.26 00:00,2914.42,2930.05,2890.71,2916.14,139960
2025.02.27 00:00,2916.12,2920.65,2867.63,2876.91,206760
2025.02.28 00:00,2876.79,2884.9,2832.55,2857.82,209995
2025.03.03 00:00,2855.41,2895.08,2854.93,2893.32,183117
2025.03.04 00:00,2892.78,2927.74,2881.73,2917.52,185744
2025.03.05 00:00,2917.3,2929.79,2894.18,2918.89,207686
2025.03.06 00:00,2918.97,2926.45,2891.22,2910.87,180428
2025.03.07 00:00,2910.39,2930.24,2896.19,2911.09,183768
2025.03.10 00:00,2910.96,2918.17,2880.16,2889.15,196961
2025.03.11 00:00,2888.52,2922.18,2879.74,2915.55,160298
2025.03.12 00:00,2915.77,2940.4,2905.97,2933.13,166781
2025.03.13 00:00,2933.53,2989.08,2932.3,2988.5,171424
2025.03.14 00:00,2988.44,3004.8,2978.34,2985.76,168171
2025.03.17 00:00,2983.56,3001.8,2982.2,3000.78,125567
2025.03.18 00:00,3000.95,3038.12,2999.29,3033.74,149711
2025.03.19 00:00,3033.77,3051.8,3022.49,3047.17,143437
2025.03.20 00:00,3047.1,3057.33,3025.53,3044.3,175600
2025.03.21 00:00,3044.1,3047.35,2999.26,3023.03,160631
2025.03.24 00:00,3021.64,3033.14,3002.34,3011.95,175786
2025.03.25 00:00,3010.92,3035.92,3007.44,3019.85,134806
2025.03.26 00:00,3019.15,3031.97,3012.16,3018.93,143611
2025.03.27 00:00,3018.58,3059.54,3017.49,3056.67,173761
2025.03.28 00:00,3056.23,3086.7,3054.08,3085.01,173835
2025.03.31 00:00,3086.49,3127.72,3076.71,3123.74,195595
2025.04.01 00:00,3122.68,3148.82,3100.74,3113.98,198981
2025.04.02 00:00,3113.67,3142.83,3104.72,3132.07,183971
2025.04.03 00:00,3141.02,3167.7,3053.97,3114.11,312847
2025.04.04 00:00,3114.32,3136.56,3015.56,3038.45,277214
2025.04.07 00:00,3007.97,3055.45,2956.16,2981.87,328724
2025.04.08 00:00,2981.1,3022.56,2974.59,2981.97,241334
2025.04.09 00:00,2983.01,3099.58,2969.94,3082.81,330261
2025.04.10 00:00,3082.71,3176.33,3070.98,3175.27,287211
2025.04.11 00:00,3175.57,3245.23,3175.39,3237.64,312268
2025.04.14 00:00,3226.87,3245.53,3193.56,3210.34,212496
2025.04.15 00:00,3211.4,3233.54,3209.94,3229.26,152165
2025.04.16 00:00,3230.6,3343.01,3229.75,3342.9,224722
2025.04.17 00:00,3342.29,3357.45,3283.81,3326.21,230657
2025.04.21 00:00,3331.55,3430.45,3327.9,3424.19,240724
2025.04.22 00:00,3423.79,3499.9,3366.68,3380.9,304255
2025.04.23 00:00,3350.3,3386.4,3260.04,3288.19,280199
2025.04.24 00:00,3288.11,3367.24,3287.86,3348.5,217204
2025.04.25 00:00,3351.22,3370.76,3265.06,3318.87,208825
2025.04.28 00:00,3324.94,3352.84,3267.85,3343.92,192995
2025.04.29 00:00,3344.61,3348.43,3299.55,3317.01,173131
2025.04.30 00:00,3314.21,3327.95,3266.76,3288.34,187651
2025.05.01 00:00,3286.69,3289.78,3201.76,3237.87,196469
2025.05.02 00:00,3238.78,3269.14,3222.67,3240.84,197599
2025.05.05 00:00,3239.08,3337.49,3237.35,3333.73,199149
2025.05.06 00:00,3335.63,3434.91,3322.68,3430.36,246793
2025.05.07 00:00,3437.46,3437.76,3360.1,3364.33,247408
2025.05.08 00:00,3365.66,3414.64,3288.68,3305.72,240334
2025.05.09 00:00,3306.59,3347.4,3274.6,3326.49,197806
2025.05.12 00:00,3295.89,3295.89,3207.64,3234.8,251725
2025.05.13 00:00,3237.64,3265.44,3215.68,3250.14,186545
2025.05.14 00:00,3248.97,3256.95,3167.76,3177.33,219564
2025.05.15 00:00,3176.51,3240.54,3120.61,3239.76,216353
2025.05.16 00:00,3240.19,3251.95,3154.08,3202.02,221894
2025.05.19 00:00,3218.63,3249.71,3205.44,3230.07,225943
2025.05.20 00:00,3230.7,3295.59,3204.45,3289.74,233253
2025.05.21 00:00,3290.81,3324.79,3285.25,3315.24,243385
2025.05.22 00:00,3318.14,3345.34,3279.04,3294.62,274214
2025.05.23 00:00,3293.85,3365.84,3286.99,3356.12,251830
2025.05.26 00:00,3353.13,3356.72,3323.58,3341.43,139505
2025.05.27 00:00,3343.06,3349.88,3284.94,3300.47,226922
2025.05.28 00:00,3300.41,3325.42,3276.15,3288.24,192958
2025.05.29 00:00,3286.96,3331.05,3245.32,3317.61,246163
2025.05.30 00:00,3318.51,3322.6,3271.39,3289.49,221834
2025.06.02 00:00,3299.11,3382.82,3295.37,3381.49,217949
2025.06.03 00:00,3382.71,3392.02,3333.0,3353.33,209815
2025.06.04 00:00,3354.16,3384.59,3343.67,3372.18,204723
2025.06.05 00:00,3374.66,3403.23,3339.23,3352.65,252181
2025.06.06 00:00,3353.17,3375.5,3306.93,3311.56,242264
2025.06.09 00:00,3311.26,3338.07,3293.38,3325.52,192311
2025.06.10 00:00,3325.39,3349.06,3301.76,3322.42,205115
2025.06.11 00:00,3322.37,3360.55,3315.38,3354.87,221479
2025.06.12 00:00,3356.87,3398.76,3338.55,3386.74,242998
2025.06.13 00:00,3386.07,3446.7,3379.33,3433.37,289732
2025.06.16 00:00,3443.56,3451.4,3382.49,3385.25,230016
2025.06.17 00:00,3386.79,3403.11,3366.11,3388.38,220519
2025.06.18 00:00,3390.35,3399.89,3362.4,3369.2,221536
2025.06.19 00:00,3369.91,3387.82,3347.39,3370.37,171919
2025.06.20 00:00,3369.85,3374.39,3340.24,3368.4,188409
2025.06.23 00:00,3389.44,3396.58,3346.83,3368.98,234923
2025.06.24 00:00,3366.61,3369.38,3295.23,3322.93,246584
2025.06.25 00:00,3323.74,3336.94,3311.84,3332.12,175027
2025.06.26 00:00,3334.18,3350.21,3309.87,3327.66,189018
2025.06.27 00:00,3327.32,3327.87,3255.84,3274.5,230624
2025.06.30 00:00,3273.52,3309.37,3246.66,3302.88,183402
2025.07.01 00:00,3303.01,3357.82,3302.1,3338.87,201576
2025.07.02 00:00,3337.96,3360.03,3327.4,3356.93,177114
2025.07.03 00:00,3357.6,3365.77,3311.47,3325.85,177343
2025.07.04 00:00,3325.5,3344.92,3323.41,3336.77,106102
2025.07.07 00:00,3334.37,3342.39,3296.27,3336.18,211982
2025.07.08 00:00,3338.79,3345.65,3286.98,3301.54,195808
2025.07.09 00:00,3301.56,3316.72,3282.56,3313.49,182711
2025.07.10 00:00,3313.43,3330.18,3309.92,3323.86,152403
2025.07.11 00:00,3324.14,3368.52,3321.67,3354.89,200983
2025.07.14 00:00,3363.88,3374.9,3340.89,3343.3,184831
2025.07.15 00:00,3343.96,3366.2,3320.11,3324.76,176728
2025.07.16 00:00,3324.03,3377.15,3319.56,3347.37,190672
2025.07.17 00:00,3347.88,3352.08,3309.73,3339.03,166402
2025.07.18 00:00,3341.77,3361.12,3331.72,3350.34,155694
2025.07.21 00:00,3349.69,3401.43,3344.85,3396.92,178536
2025.07.22 00:00,3396.7,3433.36,3383.18,3431.58,185918
2025.07.23 00:00,3431.75,3438.9,3381.36,3387.05,210908
2025.07.24 00:00,3387.85,3393.23,3351.24,3368.43,190542
2025.07.25 00:00,3367.78,3373.34,3324.95,3336.63,169677
2025.07.28 00:00,3319.2,3345.23,3301.62,3314.43,181332
2025.07.29 00:00,3315.18,3333.95,3307.94,3326.44,188321
2025.07.30 00:00,3326.54,3333.88,3267.91,3274.88,211046
2025.07.31 00:00,3277.17,3314.7,3273.27,3289.94,202183
2025.08.01 00:00,3290.26,3363.33,3281.51,3362.68,233529
2025.08.04 00:00,3366.46,3385.22,3344.93,3373.52,193836
2025.08.05 00:00,3374.05,3390.29,3349.66,3380.67,175400
2025.08.06 00:00,3381.16,3385.18,3358.03,3369.18,157924
2025.08.07 00:00,3368.47,3401.77,3365.08,3395.24,248832
2025.08.08 00:00,3403.3,3408.48,3376.59,3398.33,383200
2025.08.11 00:00,3397.6,3404.72,3341.14,3342.6,245968
2025.08.12 00:00,3342.83,3358.96,3330.98,3347.97,207997
2025.08.13 00:00,3348.29,3370.65,3342.49,3355.91,165551
2025.08.14 00:00,3356.76,3374.68,3329.7,3335.3,199317
2025.08.15 00:00,3336.44,3348.66,3332.08,3335.19,139511
2025.08.18 00:00,3336.17,3358.26,3323.38,3332.7,141161
2025.08.19 00:00,3332.17,3345.23,3314.82,3315.5,137562
2025.08.20 00:00,3315.91,3350.13,3311.35,3348.28,132930
2025.08.21 00:00,3349.87,3351.95,3325.03,3338.46,136754
2025.08.22 00:00,3338.77,3378.65,3321.33,3372.2,150514
2025.08.25 00:00,3370.63,3376.18,3359.66,3365.56,100648
2025.08.26 00:00,3365.53,3393.5,3351.19,3393.48,164337
2025.08.27 00:00,3393.41,3398.67,3373.59,3397.32,143054
2025.08.28 00:00,3398.82,3422.95,3384.47,3416.8,160905
2025.08.29 00:00,3417.12,3453.83,3404.22,3448.42,168908
2025.09.01 00:00,3448.01,3489.68,3436.7,3476.77,159705
2025.09.02 00:00,3476.25,3539.9,3470.09,3533.41,332443
2025.09.03 00:00,3532.73,3578.29,3525.8,3558.95,254586
2025.09.04 00:00,3561.34,3564.09,3510.52,3545.7,236342
2025.09.05 00:00,3546.12,3599.95,3539.94,3586.51,248325
2025.09.08 00:00,3580.46,3646.26,3577.45,3635.7,238793
2025.09.09 00:00,3635.98,3674.51,3626.0,3626.19,237686
2025.09.10 00:00,3621.59,3657.41,3620.11,3640.43,210567
2025.09.11 00:00,3642.07,3649.03,3612.64,3633.77,223107
2025.09.12 00:00,3633.8,3656.51,3630.31,3643.44,188121
2025.09.15 00:00,3644.27,3685.4,3626.52,3678.68,196793
2025.09.16 00:00,3679.99,3702.86,3674.61,3689.59,208657
2025.09.17 00:00,3689.52,3707.32,3645.98,3659.82,244632
2025.09.18 00:00,3659.5,3672.82,3627.79,3644.23,243675
2025.09.19 00:00,3643.31,3685.24,3632.23,3685.1,219100
2025.09.22 00:00,3687.01,3748.64,3683.53,3746.7,225550
2025.09.23 00:00,3745.78,3790.98,3736.64,3763.96,266030
2025.09.24 00:00,3765.18,3779.06,3717.39,3735.95,221623
2025.09.25 00:00,3736.35,3761.54,3722.03,3749.21,245583
2025.09.26 00:00,3750.39,3783.66,3734.3,3760.85,230688
2025.09.29 00:00,3759.31,3834.07,3756.12,3833.74,293812
2025.09.30 00:00,3834.36,3871.64,3793.0,3858.27,289450
2025.10.01 00:00,3859.4,3895.23,3853.25,3865.47,274946
2025.10.02 00:00,3866.61,3896.7,3819.2,3856.38,258142
2025.10.03 00:00,3856.23,3891.56,3837.93,3886.78,239631
2025.10.06 00:00,3888.6,3969.98,3883.96,3960.85,307998
2025.10.07 00:00,3960.08,3990.9,3940.76,3984.35,310309
2025.10.08 00:00,3984.66,4059.08,3982.93,4041.45,305869
2025.10.09 00:00,4042.62,4057.83,3944.45,3976.05,376972
2025.10.10 00:00,3975.21,4022.62,3946.88,4010.28,409533
2025.10.13 00:00,4008.1,4116.97,4000.36,4110.49,323884
2025.10.14 00:00,4111.05,4179.61,4090.22,4141.93,399776
2025.10.15 00:00,4142.6,4218.18,4140.39,4208.12,316277
2025.10.16 00:00,4209.61,4330.56,4199.47,4325.93,338034
2025.10.17 00:00,4332.74,4379.96,4186.19,4250.44,466886
2025.10.20 00:00,4252.44,4381.35,4218.93,4356.31,369392
2025.10.21 00:00,4355.51,4375.21,4081.95,4125.03,424017
2025.10.22 00:00,4124.73,4161.3,4004.09,4098.37,433710
2025.10.23 00:00,4095.35,4154.59,4066.06,4125.81,328034
2025.10.24 00:00,4126.89,4144.36,4044.23,4112.99,312450
2025.10.27 00:00,4102.38,4108.79,3971.19,3981.42,345323
2025.10.28 00:00,3986.65,4019.69,3886.29,3952.63,331893
2025.10.29 00:00,3953.22,4029.99,3916.45,3930.26,363834
2025.10.30 00:00,3931.13,4026.95,3915.33,4024.2,402865
2025.10.31 00:00,4023.31,4046.23,3972.35,4001.5,363348
2025.11.03 00:00,3983.44,4030.36,3962.51,4001.21,327893
2025.11.04 00:00,4003.29,4005.64,3928.64,3931.84,306777
2025.11.05 00:00,3932.61,3990.25,3929.58,3978.95,244716
2025.11.06 00:00,3972.26,4019.48,3964.41,3976.98,285079
2025.11.07 00:00,3977.43,4027.31,3974.53,4001.22,239950
2025.11.10 00:00,4000.93,4116.44,3997.83,4115.75,271376
2025.11.11 00:00,4116.12,4148.94,4096.95,4126.6,249641
2025.11.12 00:00,4126.79,4211.67,4098.72,4195.47,330657
2025.11.13 00:00,4196.19,4245.04,4145.18,4171.3,373418
2025.11.14 00:00,4171.49,4211.18,4031.93,4084.77,384444
2025.11.17 00:00,4086.77,4106.43,4006.78,4045.49,320463
2025.11.18 00:00,4044.66,4082.18,3997.76,4067.36,321887
2025.11.19 00:00,4068.23,4132.73,4055.35,4077.72,318540
2025.11.20 00:00,4078.96,4110.01,4038.66,4077.14,374073
2025.11.21 00:00,4074.34,4100.99,4022.17,4065.8,384550
2025.11.24 00:00,4071.72,4139.81,4039.89,4134.55,289667
2025.11.25 00:00,4133.53,4159.11,4109.44,4130.54,303667
2025.11.26 00:00,4132.14,4173.3,4129.7,4163.72,253216
2025.11.27 00:00,4164.96,4168.39,4142.59,4157.76,176078
2025.11.28 00:00,4157.64,4226.54,4152.02,4219.97,175498
2025.12.01 00:00,4222.03,4264.36,4205.63,4232.1,373732
2025.12.02 00:00,4231.92,4235.84,4163.81,4205.5,310096
2025.12.03 00:00,4208.31,4241.31,4194.53,4203.05,310388
2025.12.04 00:00,4203.73,4219.24,4174.76,4208.68,333976
2025.12.05 00:00,4208.12,4259.11,4191.86,4198.57,305397
2025.12.08 00:00,4199.55,4218.91,4176.03,4190.46,292972
2025.12.09 00:00,4191.28,4221.17,4169.86,4208.12,326120
2025.12.10 00:00,4208.37,4238.51,4181.87,4228.5,321850
2025.12.11 00:00,4228.36,4285.77,4204.14,4279.48,323771
2025.12.12 00:00,4279.96,4353.3,4257.0,4300.81,360815
2025.12.15 00:00,4300.59,4350.0,4285.18,4304.9,319243
2025.12.16 00:00,4306.19,4334.93,4271.14,4302.14,329618
2025.12.17 00:00,4303.08,4348.6,4301.08,4338.08,328339
2025.12.18 00:00,4340.28,4374.44,4308.64,4332.58,335733
2025.12.19 00:00,4333.31,4356.35,4308.98,4339.22,267374
2025.12.22 00:00,4339.7,4448.84,4337.87,4443.65,247397
2025.12.23 00:00,4447.58,4499.67,4430.32,4484.62,307388
2025.12.24 00:00,4487.01,4525.75,4448.18,4480.5,291957
2025.12.26 00:00,4509.87,4549.94,4502.77,4532.33,262001
2025.12.29 00:00,4539.6,4549.57,4302.89,4331.68,414260
2025.12.30 00:00,4333.32,4404.34,4323.07,4338.48,368072
2025.12.31 00:00,4340.65,4373.18,4274.15,4321.74,319997
2026.01.02 00:00,4380.64,4402.23,4309.86,4331.54,241362
2026.01.05 00:00,4350.7,4455.67,4344.99,4448.87,351482
2026.01.06 00:00,4449.59,4497.15,4427.79,4494.64,326598
2026.01.07 00:00,4495.34,4500.31,4423.39,4456.35,349563
2026.01.08 00:00,4459.42,4479.45,4407.52,4477.26,359433
2026.01.09 00:00,4480.28,4516.94,4452.76,4509.06,301802
2026.01.12 00:00,4511.39,4629.99,4511.39,4597.37,362845
2026.01.13 00:00,4600.88,4634.41,4569.68,4586.33,330888
2026.01.14 00:00,4588.31,4642.77,4588.14,4626.44,364645
2026.01.15 00:00,4630.28,4632.63,4580.96,4615.78,364198
2026.01.16 00:00,4616.58,4620.68,4536.41,4596.51,333646
2026.01.19 00:00,4628.59,4690.42,4620.04,4669.99,235543
2026.01.20 00:00,4672.16,4766.28,4659.37,4763.46,326542
2026.01.21 00:00,4762.9,4888.52,4755.58,4831.16,393662
2026.01.22 00:00,4835.34,4940.51,4772.37,4936.24,335241
2026.01.23 00:00,4937.01,4989.78,4899.57,4987.96,313423
2026.01.26 00:00,5009.67,5111.1,4989.78,5008.08,470178
2026.01.27 00:00,5013.25,5190.36,5012.8,5181.0,438972
2026.01.28 00:00,5180.58,5419.01,5157.24,5417.68,468887
2026.01.29 00:00,5420.4,5597.84,5104.45,5370.76,562612
2026.01.30 00:00,5385.13,5450.76,4684.92,4890.34,602756
2026.02.02 00:00,4805.03,4884.67,4402.99,4660.72,586767
2026.02.03 00:00,4668.26,4993.53,4665.67,4946.89,487645
2026.02.04 00:00,4947.11,5091.58,4855.07,4964.75,415737
2026.02.05 00:00,4977.44,5023.73,4760.05,4779.55,534722
2026.02.06 00:00,4790.02,4971.09,4654.54,4967.36,402372
2026.02.09 00:00,4980.52,5086.22,4964.46,5058.41,330526
2026.02.10 00:00,5059.97,5078.47,4987.69,5025.21,309433
2026.02.11 00:00,5026.24,5118.96,5018.56,5084.25,329439
2026.02.12 00:00,5085.08,5099.92,4878.5,4921.49,374271
2026.02.13 00:00,4923.54,5045.91,4887.33,5041.88,371928
2026.02.16 00:00,5028.25,5052.14,4965.17,4991.64,186510
2026.02.17 00:00,4995.58,5000.87,4841.63,4877.12,344943
2026.02.18 00:00,4865.96,5010.75,4854.1,4977.07,249266
2026.02.19 00:00,4975.34,5022.14,4958.62,4995.98,240506
2026.02.20 00:00,4996.51,5107.3,4981.61,5105.25,269387
2026.02.23 00:00,5106.34,5237.7,5098.42,5227.61,308666
2026.02.24 00:00,5226.82,5249.5,5093.37,5143.79,332962
2026.02.25 00:00,5143.11,5217.45,5121.9,5164.65,281486
2026.02.26 00:00,5159.45,5205.43,5130.15,5185.01,339232
2026.02.27 00:00,5183.93,5280.63,5166.75,5278.53,326075
2026.03.02 00:00,5300.13,5419.09,5260.28,5321.73,421598
2026.03.03 00:00,5322.98,5379.73,4995.97,5088.22,493038
2026.03.04 00:00,5101.53,5205.87,5083.76,5141.16,433357
2026.03.05 00:00,5146.15,5194.83,5050.74,5080.82,415674
2026.03.06 00:00,5082.76,5175.57,5062.66,5173.16,388905
2026.03.09 00:00,5179.08,5198.81,5014.65,5136.55,413314
2026.03.10 00:00,5140.37,5238.41,5117.52,5192.67,395029
2026.03.11 00:00,5186.89,5222.93,5149.09,5175.9,344842
2026.03.12 00:00,5178.84,5191.57,5054.93,5078.93,366022
2026.03.13 00:00,5080.2,5128.38,5009.49,5020.22,368377
2026.03.16 00:00,5004.45,5037.82,4967.14,5006.15,401099
2026.03.17 00:00,5007.63,5044.26,4973.39,5005.41,307992
2026.03.18 00:00,5005.77,5016.06,4806.63,4818.68,355365
2026.03.19 00:00,4824.26,4866.9,4502.46,4650.19,504361
2026.03.20 00:00,4650.89,4735.57,4477.13,4497.39,494155
2026.03.23 00:00,4448.11,4535.46,4098.6,4406.65,650048
2026.03.24 00:00,4413.78,4484.09,4305.8,4474.3,576323
2026.03.25 00:00,4471.88,4602.2,4455.77,4506.31,357432
2026.03.26 00:00,4510.74,4543.86,4350.91,4377.98,365775
2026.03.27 00:00,4378.21,4555.22,4375.15,4495.1,314008
2026.03.30 00:00,4492.98,4580.53,4419.53,4510.86,513310
2026.03.31 00:00,4513.91,4686.93,4482.57,4667.1,469933
2026.04.01 00:00,4671.3,4792.83,4661.52,4758.03,428727
2026.04.02 00:00,4758.02,4800.13,4553.59,4675.94,497177
2026.04.06 00:00,4649.46,4706.46,4600.72,4650.31,364515
2026.04.07 00:00,4651.18,4718.44,4607.31,4705.48,437731
2026.04.08 00:00,4719.9,4857.5,4699.53,4719.13,437368
2026.04.09 00:00,4719.67,4801.14,4698.58,4765.48,354021
2026.04.10 00:00,4766.5,4794.98,4730.49,4749.21,303677
2026.04.13 00:00,4690.26,4750.02,4643.71,4740.04,371271
2026.04.14 00:00,4744.11,4846.16,4744.11,4841.53,314993
2026.04.15 00:00,4840.29,4871.17,4786.08,4790.56,329378
2026.04.16 00:00,4792.78,4838.2,4773.02,4790.57,311424
2026.04.17 00:00,4792.27,4889.24,4767.56,4832.26,330222
2026.04.20 00:00,4792.25,4827.47,4736.73,4820.51,325983
2026.04.21 00:00,4822.22,4833.08,4668.29,4719.88,362071
2026.04.22 00:00,4720.87,4772.12,4715.48,4739.96,286580
2026.04.23 00:00,4741.69,4753.37,4664.08,4694.3,366811
2026.04.24 00:00,4700.85,4740.21,4657.5,4708.08,320874
2026.04.27 00:00,4697.46,4729.8,4667.05,4681.67,293070
2026.04.28 00:00,4683.58,4701.08,4554.75,4596.93,355321
2026.04.29 00:00,4597.78,4610.26,4510.0,4543.4,356565
2026.04.30 00:00,4545.38,4646.91,4539.22,4621.61,374048
2026.05.01 00:00,4625.5,4660.14,4560.02,4613.55,306284
2026.05.04 00:00,4632.68,4636.36,4500.55,4523.63,345504
2026.05.05 00:00,4523.62,4586.47,4513.43,4557.35,231189
2026.05.06 00:00,4560.08,4722.85,4546.13,4690.83,321854
2026.05.07 00:00,4692.97,4764.62,4684.98,4687.01,329951
2026.05.08 00:00,4680.23,4749.37,4676.87,4714.91,295905
2026.05.11 00:00,4681.25,4748.42,4647.99,4734.61,324211
2026.05.12 00:00,4737.49,4773.33,4638.14,4715.05,344231
2026.05.13 00:00,4715.49,4726.79,4669.25,4688.65,301003
2026.05.14 00:00,4692.19,4718.61,4644.25,4652.2,331864
2026.05.15 00:00,4652.57,4665.11,4511.57,4539.56,412835
2026.05.18 00:00,4529.44,4584.05,4480.17,4565.97,398001
2026.05.19 00:00,4568.23,4589.03,4464.39,4481.88,340276
2026.05.20 00:00,4481.99,4552.64,4453.46,4543.49,358453
2026.05.21 00:00,4544.77,4570.65,4488.42,4543.0,390542
2026.05.22 00:00,4544.77,4545.85,4491.73,4507.29,319615
2026.05.25 00:00,4534.6,4579.76,4533.39,4567.58,223087
2026.05.26 00:00,4569.68,4580.05,4482.42,4507.29,309328
2026.05.27 00:00,4510.12,4538.88,4401.14,4456.13,317583
2026.05.28 00:00,4456.65,4516.36,4366.27,4495.55,352660
2026.05.29 00:00,4495.81,4595.04,4488.9,4540.42,303051
2026.06.01 00:00,4524.12,4545.69,4447.5,4484.61,282160
2026.06.02 00:00,4486.25,4541.29,4462.83,4487.73,263059
2026.06.03 00:00,4490.16,4496.62,4425.93,4434.18,302666
2026.06.04 00:00,4438.44,4515.2,4423.83,4475.17,352988
2026.06.05 00:00,4475.46,4481.39,4311.58,4328.26,434975
2026.06.08 00:00,4325.16,4353.16,4268.45,4329.76,410554
2026.06.09 00:00,4332.66,4363.18,4236.51,4259.26,407481
2026.06.10 00:00,4254.02,4257.5,4067.02,4071.08,486295
2026.06.11 00:00,4071.49,4219.99,4023.73,4210.52,483323
2026.06.12 00:00,4214.47,4246.13,4170.02,4218.74,438148
2026.06.15 00:00,4273.27,4369.14,4261.75,4308.92,294518
2026.06.16 00:00,4308.88,4354.88,4305.82,4330.97,294409
2026.06.17 00:00,4332.54,4382.08,4218.82,4257.56,325194
2026.06.18 00:00,4256.6,4329.62,4201.28,4208.84,387031
2026.06.19 00:00,4210.95,4213.05,4121.48,4151.32,260713
2026.06.22 00:00,4140.48,4220.95,4136.34,4191.16,368301
2026.06.23 00:00,4192.23,4198.22,4090.74,4109.9,410622
2026.06.24 00:00,4112.31,4114.88,3959.02,3998.99,490014
2026.06.25 00:00,4004.54,4044.06,3963.01,4026.47,447515
2026.06.26 00:00,4030.64,4095.81,3982.83,4088.36,466785
2026.06.29 00:00,4084.0,4085.31,3999.93,4016.39,399598
2026.06.30 00:00,4018.21,4063.16,3942.15,4007.3,397843
2026.07.01 00:00,4011.16,4115.43,3960.02,4030.9,403735
2026.07.02 00:00,4036.42,4143.84,4030.56,4123.65,435196
2026.07.03 00:00,4125.41,4195.25,4120.87,4174.95,283663
2026.07.06 00:00,4183.8,4202.87,4128.24,4164.88,340637
2026.07.07 00:00,4164.15,4180.27,4092.08,4105.73,399271
2026.07.08 00:00,4097.65,4133.72,4021.58,4077.27,504821
2026.07.09 00:00,4076.04,4137.88,4054.05,4123.45,340210
2026.07.10 00:00,4125.64,4134.66,4072.74,4119.52,286840
2026.07.13 00:00,4091.85,4102.13,3986.26,4000.79,426350
2026.07.14 00:00,4005.55,4103.86,3983.34,4052.58,392226
2026.07.15 00:00,4053.4,4080.99,4017.21,4060.25,392666
2026.07.16 00:00,4064.85,4066.35,3969.06,3976.24,444974
2026.07.17 00:00,3977.87,4023.7,3959.38,4016.98,476867
2026.07.20 00:00,3998.94,4040.49,3982.47,4007.41,417457
2026.07.21 00:00,4009.69,4086.96,3999.56,4077.56,338682
2026.07.22 00:00,4078.77,4165.87,4076.54,4129.75,381730
2026.07.23 00:00,4113.21,4140.79,4040.0,4049.24,414892
2026.07.24 00:00,4048.75,4081.94,4021.81,4052.37,348720
2026.07.27 00:00,4088.93,4115.83,4065.17,4076.43,356278
2026.07.28 00:00,4079.06,4081.98,4011.28,4028.32,408852
2026.07.29 00:00,4028.59,4116.22,3995.75,4066.07,455912
2026.07.30 00:00,4064.75,4120.09,4028.33,4103.53,457621
2026.07.31 00:00,4103.76,4111.58,4020.68,4043.35,352537
2026.08.03 00:00,4081.14,4081.95,4018.85,4055.17,317100
2026.08.04 00:00,4053.69,4106.13,4042.27,4077.09,305909
2026.08.05 00:00,4079.79,4267.43,4065.24,4246.61,380149
2026.08.06 00:00,4247.36,4303.88,4223.22,4240.52,349214
2026.08.07 00:00,4240.99,4371.63,4229.51,4341.88,350006
2026.08.10 00:00,4341.3,4395.05,4313.27,4390.2,299808
2026.08.11 00:00,4389.96,4434.95,4356.49,4368.02,306811
2026.08.12 00:00,4370.69,4440.96,4362.25,4408.33,300380
2026.08.13 00:00,4410.83,4449.59,4343.58,4350.96,304775
2026.08.14 00:00,4353.96,4396.91,4310.84,4375.59,274779
2026.08.17 00:00,4377.35,4428.73,4367.0,4416.37,260340
2026.08.18 00:00,4418.37,4435.99,4328.94,4334.07,293127
2026.08.19 00:00,4335.2,4524.03,4324.46,4522.7,336747
