episode_id,window_id,true_break_event_id,sweep_event_id,timestamp,direction,side,tb_source_tf,tb_regime_at_event,tb_structure_trend_at_event,tb_atr_at_event,tb_penetration_pips,tb_penetration_per_atr,sweep_penetration_per_atr,sweep_source_tf,sweep_regime_at_event,sweep_structure_trend_at_event,regime_changed_sweep_to_break,direction_trend_aligned_at_break,regime_category_same_sweep_to_break,plus1r_before_minus1r,continuation_1atr_before_failure,retest_outcome,period
wA__SELL__seq15,wA,85,80,2025-05-02 16:00:00,SELL,Equal-High,PERIOD_H1,STRONG_TREND,UP,10.80857,130.1,0.12036744916302526,0.011733561691773746,PERIOD_M15,RANGING,UP,True,False,False,PLUS_1R_FIRST,CONTINUATION_FIRST,N/A_NO_RETEST,DISCOVERY
wA__SELL__seq20,wA,98,94,2025-05-02 18:45:00,SELL,Asia-High,PERIOD_M15,WEAK_TREND,UP,11.055,252.3,0.2282225237449118,0.10621468926553672,PERIOD_M30,WEAK_TREND,UP,False,False,True,AMBIGUOUS_SAME_BAR,FAILURE_FIRST,N/A_NO_RETEST,DISCOVERY
wA__SELL__seq21,wA,105,99,2025-05-02 20:00:00,SELL,Asia-High,PERIOD_H4,WEAK_TREND,DOWN,29.21286,373.6,0.12788888181437902,0.21820113314447595,PERIOD_H1,STRONG_TREND,UP,True,True,True,AMBIGUOUS_SAME_BAR,FAILURE_FIRST,N/A_NO_RETEST,DISCOVERY
wA__SELL__seq24,wA,132,128,2025-05-05 06:30:00,SELL,Equal-High,PERIOD_M30,STRONG_TREND,DOWN,8.38857,116.1,0.13840261212578545,0.027725437415881564,PERIOD_M5,STRONG_TREND,DOWN,False,True,True,PLUS_1R_FIRST,FAILURE_FIRST,N/A_NO_RETEST,DISCOVERY
wA__BUY__seq84,wA,189,188,2025-05-06 04:15:00,BUY,Equal-Low,PERIOD_M15,STRONG_TREND,UP,7.27143,333.9,0.4591944088026702,0.020912845715480737,PERIOD_M5,RANGING,UP,True,True,False,MINUS_1R_FIRST,FAILURE_FIRST,N/A_NO_RETEST,DISCOVERY
wA__SELL__seq59,wA,213,212,2025-05-06 00:00:00,SELL,Equal-High,PERIOD_D1,STRONG_TREND,UP,84.97,499.5,0.058785453689537484,0.04814023230940121,PERIOD_M15,WEAK_TREND,UP,True,False,True,MINUS_1R_FIRST,FAILURE_FIRST,N/A_NO_RETEST,DISCOVERY
wA__SELL__seq60,wA,218,217,2025-05-06 00:00:00,SELL,Equal-High,PERIOD_D1,STRONG_TREND,UP,84.97,637.2,0.07499117335530188,0.06495575903849238,PERIOD_M5,WEAK_TREND,UP,True,False,True,MINUS_1R_FIRST,FAILURE_FIRST,N/A_NO_RETEST,DISCOVERY
wA__SELL__seq61,wA,224,223,2025-05-06 00:00:00,SELL,Equal-High,PERIOD_D1,STRONG_TREND,UP,84.97,642.9,0.07566199835235966,0.04261850668597852,PERIOD_M5,STRONG_TREND,UP,False,False,True,MINUS_1R_FIRST,FAILURE_FIRST,N/A_NO_RETEST,DISCOVERY
wA__SELL__seq62,wA,228,226,2025-05-07 01:30:00,SELL,Daily-High,PERIOD_M30,STRONG_TREND,UP,11.40714,472.5,0.414214255282218,0.3151562649813866,PERIOD_M15,STRONG_TREND,UP,False,False,True,MINUS_1R_FIRST,FAILURE_FIRST,N/A_NO_RETEST,DISCOVERY
wA__BUY__seq93,wA,250,249,2025-05-07 00:00:00,BUY,Equal-Low,PERIOD_D1,STRONG_TREND,UP,91.30071,429.3,0.047020444857438684,0.01289610382911115,PERIOD_M5,RANGING,UP,True,True,False,AMBIGUOUS_SAME_BAR,FAILURE_FIRST,N/A_NO_RETEST,DISCOVERY
wA__BUY__seq96,wA,255,254,2025-05-07 00:00:00,BUY,Equal-Low,PERIOD_D1,STRONG_TREND,UP,91.30071,463.8,0.05079916684109029,0.051505765052260385,PERIOD_M5,WEAK_TREND,UP,True,True,True,AMBIGUOUS_SAME_BAR,FAILURE_FIRST,N/A_NO_RETEST,DISCOVERY
wA__BUY__seq97,wA,260,259,2025-05-07 00:00:00,BUY,Equal-Low,PERIOD_D1,STRONG_TREND,UP,91.30071,459.7,0.05035010132998966,0.05334851509981945,PERIOD_M5,RANGING,UP,True,True,False,AMBIGUOUS_SAME_BAR,FAILURE_FIRST,N/A_NO_RETEST,DISCOVERY
wA__BUY__seq99,wA,273,270,2025-05-07 00:00:00,BUY,Equal-Low,PERIOD_D1,STRONG_TREND,UP,91.30071,522.3,0.05720656498728214,0.06574328801470825,PERIOD_M30,RANGING,UP,True,True,False,AMBIGUOUS_SAME_BAR,FAILURE_FIRST,N/A_NO_RETEST,DISCOVERY
wA__SELL__seq72,wA,286,284,2025-05-08 00:00:00,SELL,Equal-High,PERIOD_D1,STRONG_TREND,DOWN,88.72286,336.7,0.03794963327376958,0.01099276654193686,PERIOD_M15,STRONG_TREND,DOWN,False,True,True,AMBIGUOUS_SAME_BAR,FAILURE_FIRST,AMBIGUOUS,DISCOVERY
wA__SELL__seq74,wA,294,292,2025-05-08 09:00:00,SELL,Equal-High,PERIOD_H1,WEAK_TREND,DOWN,15.24571,427.5,0.28040675048915403,0.1105988749805211,PERIOD_H1,WEAK_TREND,DOWN,False,True,True,AMBIGUOUS_SAME_BAR,FAILURE_FIRST,N/A_NO_RETEST,DISCOVERY
wA__SELL__seq75,wA,298,296,2025-05-08 09:45:00,SELL,Weekly-High,PERIOD_M15,STRONG_TREND,DOWN,9.82786,225.5,0.22944974796140769,0.09946976675824319,PERIOD_M30,STRONG_TREND,DOWN,False,True,True,PLUS_1R_FIRST,FAILURE_FIRST,N/A_NO_RETEST,DISCOVERY
wA__SELL__seq102,wA,319,318,2025-05-08 20:00:00,SELL,Weekly-High,PERIOD_H1,WEAK_TREND,DOWN,19.13143,426.9,0.22314066434134822,0.11748310406377609,PERIOD_H4,STRONG_TREND,UP,True,True,True,AMBIGUOUS_SAME_BAR,FAILURE_FIRST,N/A_NO_RETEST,DISCOVERY
wA__SELL__seq116,wA,322,318,2025-05-09 01:15:00,SELL,Weekly-High,PERIOD_M15,WEAK_TREND,DOWN,6.29143,396.6,0.6303813282512879,0.11748310406377609,PERIOD_H4,STRONG_TREND,UP,True,True,True,AMBIGUOUS_SAME_BAR,FAILURE_FIRST,N/A_NO_RETEST,DISCOVERY
wA__SELL__seq135,wA,368,363,2025-05-12 02:00:00,SELL,Asia-High,PERIOD_H1,WEAK_TREND,UP,13.59286,578.4,0.4255175143420884,0.004090261088348641,PERIOD_D1,WEAK_TREND,UP,False,False,True,PLUS_1R_FIRST,FAILURE_FIRST,N/A_NO_RETEST,DISCOVERY
wA__SELL__seq139,wA,451,447,2025-05-13 15:00:00,SELL,Equal-High,PERIOD_M30,RANGING,UP,7.52786,74.6,0.09909854859149878,0.018575734917208656,PERIOD_M15,WEAK_TREND,UP,True,False,False,AMBIGUOUS_SAME_BAR,FAILURE_FIRST,N/A_NO_RETEST,DISCOVERY
wA__SELL__seq144,wA,499,498,2025-05-14 15:00:00,SELL,Equal-High,PERIOD_H1,WEAK_TREND,DOWN,10.72857,165.7,0.1544474240276197,0.11109824781611718,PERIOD_M15,RANGING,DOWN,True,True,False,PLUS_1R_FIRST,FAILURE_FIRST,N/A_NO_RETEST,DISCOVERY
wA__SELL__seq145,wA,522,521,2025-05-15 03:15:00,SELL,Asia-High,PERIOD_M5,WEAK_TREND,UP,2.18429,710.7,3.2536888416831102,0.09297874815469939,PERIOD_D1,WEAK_TREND,DOWN,False,False,True,AMBIGUOUS_SAME_BAR,FAILURE_FIRST,FAIL,DISCOVERY
wA__SELL__seq146,wA,524,521,2025-05-15 00:00:00,SELL,Asia-High,PERIOD_D1,WEAK_TREND,DOWN,84.41714,784.9,0.09297874815469939,0.09297874815469939,PERIOD_D1,WEAK_TREND,DOWN,False,True,True,AMBIGUOUS_SAME_BAR,FAILURE_FIRST,N/A_NO_RETEST,DISCOVERY
wA__SELL__seq147,wA,530,521,2025-05-15 05:30:00,SELL,Asia-High,PERIOD_M30,WEAK_TREND,DOWN,7.58643,879.2,1.1589113720155593,0.09297874815469939,PERIOD_D1,WEAK_TREND,DOWN,False,True,True,AMBIGUOUS_SAME_BAR,FAILURE_FIRST,N/A_NO_RETEST,DISCOVERY
wA__SELL__seq148,wA,532,521,2025-05-15 06:30:00,SELL,Asia-High,PERIOD_M5,STRONG_TREND,DOWN,5.06571,850.5,1.6789354305714304,0.09297874815469939,PERIOD_D1,WEAK_TREND,DOWN,True,True,True,MINUS_1R_FIRST,FAILURE_FIRST,N/A_NO_RETEST,DISCOVERY
wA__SELL__seq150,wA,535,521,2025-05-15 08:45:00,SELL,Asia-High,PERIOD_M15,STRONG_TREND,UP,6.86214,1039.0,1.5141049293660578,0.09297874815469939,PERIOD_D1,WEAK_TREND,DOWN,True,False,True,AMBIGUOUS_SAME_BAR,FAILURE_FIRST,HOLD,DISCOVERY
wA__SELL__seq151,wA,537,521,2025-05-15 09:30:00,SELL,Asia-High,PERIOD_M30,STRONG_TREND,DOWN,10.865,962.7,0.8860561435803038,0.09297874815469939,PERIOD_D1,WEAK_TREND,DOWN,True,True,True,AMBIGUOUS_SAME_BAR,FAILURE_FIRST,AMBIGUOUS,DISCOVERY
wA__SELL__seq153,wA,540,521,2025-05-15 10:45:00,SELL,Asia-High,PERIOD_M15,STRONG_TREND,DOWN,9.29643,1019.7,1.0968726704767313,0.09297874815469939,PERIOD_D1,WEAK_TREND,DOWN,True,True,True,AMBIGUOUS_SAME_BAR,FAILURE_FIRST,N/A_NO_RETEST,DISCOVERY
wA__SELL__seq154,wA,541,521,2025-05-15 08:00:00,SELL,Asia-High,PERIOD_H4,STRONG_TREND,DOWN,26.73571,541.3,0.20246329721559664,0.09297874815469939,PERIOD_D1,WEAK_TREND,DOWN,True,True,True,PLUS_1R_FIRST,FAILURE_FIRST,N/A_NO_RETEST,DISCOVERY
wA__BUY__seq329,wA,576,573,2025-05-16 01:30:00,BUY,Weekly-Low,PERIOD_M30,STRONG_TREND,DOWN,7.13071,91.8,0.12873893343019138,0.01812906540530497,PERIOD_H1,STRONG_TREND,DOWN,False,False,True,MINUS_1R_FIRST,FAILURE_FIRST,N/A_NO_RETEST,DISCOVERY
wA__SELL__seq196,wA,673,672,2025-05-19 16:00:00,SELL,Equal-High,PERIOD_H1,STRONG_TREND,UP,15.01143,131.5,0.08759991553103201,0.02954898911353033,PERIOD_M5,RANGING,UP,True,False,False,AMBIGUOUS_SAME_BAR,FAILURE_FIRST,N/A_NO_RETEST,DISCOVERY
wA__BUY__seq482,wA,893,892,2025-05-23 15:00:00,BUY,Equal-Low,PERIOD_H1,STRONG_TREND,UP,11.27929,226.2,0.20054453782108628,0.24246097893620247,PERIOD_M5,RANGING,UP,True,True,False,PLUS_1R_FIRST,FAILURE_FIRST,N/A_NO_RETEST,DISCOVERY
wA__SELL__seq424,wA,983,982,2025-05-28 05:00:00,SELL,Equal-High,PERIOD_M30,RANGING,UP,5.30429,39.5,0.07446802493830466,0.14659311292930213,PERIOD_M5,WEAK_TREND,UP,True,False,False,MINUS_1R_FIRST,FAILURE_FIRST,N/A_NO_RETEST,DISCOVERY
wA__BUY__seq541,wA,1061,1060,2025-05-30 09:00:00,BUY,Equal-Low,PERIOD_H1,WEAK_TREND,DOWN,9.325,125.3,0.13436997319034852,0.05317033927299965,PERIOD_M5,WEAK_TREND,UP,False,False,True,MINUS_1R_FIRST,FAILURE_FIRST,N/A_NO_RETEST,DISCOVERY
wA__BUY__seq547,wA,1074,1072,2025-05-30 15:30:00,BUY,Asia-Low,PERIOD_M30,RANGING,DOWN,8.77357,111.4,0.12697225872706325,0.22648092966220917,PERIOD_M15,WEAK_TREND,UP,True,False,False,PLUS_1R_FIRST,FAILURE_FIRST,N/A_NO_RETEST,DISCOVERY
wA__BUY__seq577,wA,1159,1157,2025-06-03 03:15:00,BUY,Asia-Low,PERIOD_M15,STRONG_TREND,UP,3.79,806.6,2.1282321899736147,0.11136568770395056,PERIOD_D1,RANGING,DOWN,True,True,False,MINUS_1R_FIRST,FAILURE_FIRST,N/A_NO_RETEST,DISCOVERY
wA__BUY__seq578,wA,1164,1157,2025-06-03 04:15:00,BUY,Asia-Low,PERIOD_M15,STRONG_TREND,UP,4.96286,662.7,1.3353187476576007,0.11136568770395056,PERIOD_D1,RANGING,DOWN,True,True,False,MINUS_1R_FIRST,FAILURE_FIRST,N/A_NO_RETEST,DISCOVERY
wA__SELL__seq491,wA,1165,1161,2025-06-03 04:15:00,SELL,Daily-High,PERIOD_M15,STRONG_TREND,UP,4.96286,152.6,0.3074839910857852,0.057131837572563744,PERIOD_M30,STRONG_TREND,UP,False,False,True,PLUS_1R_FIRST,FAILURE_FIRST,N/A_NO_RETEST,DISCOVERY
wA__BUY__seq579,wA,1169,1157,2025-06-03 00:00:00,BUY,Asia-Low,PERIOD_D1,RANGING,DOWN,72.015,802.0,0.11136568770395056,0.11136568770395056,PERIOD_D1,RANGING,DOWN,False,False,True,PLUS_1R_FIRST,FAILURE_FIRST,N/A_NO_RETEST,DISCOVERY
wA__BUY__seq581,wA,1174,1173,2025-06-03 00:00:00,BUY,Equal-Low,PERIOD_D1,RANGING,DOWN,72.015,223.7,0.031062972991737832,0.09480803129367316,PERIOD_M5,WEAK_TREND,UP,True,False,False,PLUS_1R_FIRST,FAILURE_FIRST,N/A_NO_RETEST,DISCOVERY
wA__SELL__seq505,wA,1203,1201,2025-06-03 17:15:00,SELL,Weekly-High,PERIOD_M15,WEAK_TREND,DOWN,6.53143,178.8,0.27375322096386245,0.10782587400638001,PERIOD_H1,WEAK_TREND,UP,False,True,True,AMBIGUOUS_SAME_BAR,FAILURE_FIRST,N/A_NO_RETEST,DISCOVERY
wA__SELL__seq560,wA,1260,1258,2025-06-04 14:00:00,SELL,Weekly-High,PERIOD_H1,RANGING,DOWN,10.16929,58.2,0.057231134130308024,0.05133837185877398,PERIOD_M15,WEAK_TREND,UP,True,True,False,MINUS_1R_FIRST,FAILURE_FIRST,N/A_NO_RETEST,DISCOVERY
wA__SELL__seq666,wA,1401,1398,2025-06-06 16:45:00,SELL,Weekly-High,PERIOD_M15,WEAK_TREND,DOWN,6.90429,98.8,0.1430994352786456,0.036377128971473056,PERIOD_H1,RANGING,UP,True,True,False,MINUS_1R_FIRST,FAILURE_FIRST,N/A_NO_RETEST,DISCOVERY
wA__SELL__seq667,wA,1404,1402,2025-06-06 17:30:00,SELL,Weekly-High,PERIOD_M30,WEAK_TREND,DOWN,9.80143,326.8,0.3334207355457316,0.1289186286470464,PERIOD_H1,RANGING,DOWN,True,True,False,MINUS_1R_FIRST,FAILURE_FIRST,N/A_NO_RETEST,DISCOVERY
wA__SELL__seq668,wA,1406,1398,2025-06-06 18:00:00,SELL,Weekly-High,PERIOD_H1,RANGING,DOWN,12.11357,307.5,0.25384754453063796,0.036377128971473056,PERIOD_H1,RANGING,UP,False,True,True,AMBIGUOUS_SAME_BAR,FAILURE_FIRST,N/A_NO_RETEST,DISCOVERY
wA__SELL__seq671,wA,1411,1408,2025-06-06 20:00:00,SELL,Weekly-High,PERIOD_H4,RANGING,DOWN,22.99071,341.2,0.14840776992098112,0.14840776992098112,PERIOD_H4,RANGING,DOWN,False,True,True,MINUS_1R_FIRST,FAILURE_FIRST,N/A_NO_RETEST,DISCOVERY
wA__BUY__seq724,wA,1593,1592,2025-06-12 16:15:00,BUY,Asia-Low,PERIOD_M5,STRONG_TREND,UP,4.905,256.5,0.5229357798165137,0.12799877591975212,PERIOD_H4,STRONG_TREND,UP,False,True,True,AMBIGUOUS_SAME_BAR,FAILURE_FIRST,N/A_NO_RETEST,DISCOVERY
wA__BUY__seq726,wA,1594,1592,2025-06-12 16:45:00,BUY,Asia-Low,PERIOD_M5,STRONG_TREND,UP,5.46857,407.2,0.7446187943100299,0.12799877591975212,PERIOD_H4,STRONG_TREND,UP,False,True,True,MINUS_1R_FIRST,FAILURE_FIRST,N/A_NO_RETEST,DISCOVERY
wA__BUY__seq739,wA,1597,1595,2025-06-13 03:30:00,BUY,Asia-Low,PERIOD_M30,WEAK_TREND,UP,6.45929,560.0,0.8669683510107149,0.050672375442256466,PERIOD_D1,RANGING,UP,True,True,False,AMBIGUOUS_SAME_BAR,FAILURE_FIRST,N/A_NO_RETEST,DISCOVERY
wA__BUY__seq740,wA,1600,1595,2025-06-13 04:30:00,BUY,Asia-Low,PERIOD_M30,WEAK_TREND,UP,7.57929,672.6,0.88741821463488,0.050672375442256466,PERIOD_D1,RANGING,UP,True,True,False,MINUS_1R_FIRST,FAILURE_FIRST,FAIL,DISCOVERY
wA__BUY__seq742,wA,1603,1595,2025-06-13 04:00:00,BUY,Asia-Low,PERIOD_H4,STRONG_TREND,UP,23.78857,541.3,0.22754625435660905,0.050672375442256466,PERIOD_D1,RANGING,UP,True,True,False,AMBIGUOUS_SAME_BAR,FAILURE_FIRST,N/A_NO_RETEST,DISCOVERY
wA__BUY__seq743,wA,1605,1595,2025-06-13 06:00:00,BUY,Asia-Low,PERIOD_M30,STRONG_TREND,UP,9.15143,761.0,0.8315640287911289,0.050672375442256466,PERIOD_D1,RANGING,UP,True,True,False,PLUS_1R_FIRST,FAILURE_FIRST,N/A_NO_RETEST,DISCOVERY
wA__BUY__seq745,wA,1613,1595,2025-06-13 08:30:00,BUY,Asia-Low,PERIOD_M5,WEAK_TREND,DOWN,3.35357,544.9,1.6248356229331726,0.050672375442256466,PERIOD_D1,RANGING,UP,True,False,False,AMBIGUOUS_SAME_BAR,FAILURE_FIRST,HOLD,DISCOVERY
wA__BUY__seq746,wA,1617,1595,2025-06-13 09:15:00,BUY,Asia-Low,PERIOD_M5,RANGING,DOWN,3.65857,570.0,1.5579857703966304,0.050672375442256466,PERIOD_D1,RANGING,UP,False,False,True,MINUS_1R_FIRST,FAILURE_FIRST,AMBIGUOUS,DISCOVERY
wA__BUY__seq747,wA,1619,1595,2025-06-13 09:45:00,BUY,Asia-Low,PERIOD_M15,WEAK_TREND,UP,6.26214,537.2,0.8578537049634791,0.050672375442256466,PERIOD_D1,RANGING,UP,True,True,False,MINUS_1R_FIRST,FAILURE_FIRST,N/A_NO_RETEST,DISCOVERY
wA__BUY__seq748,wA,1622,1595,2025-06-13 11:15:00,BUY,Asia-Low,PERIOD_M15,WEAK_TREND,DOWN,6.81714,510.7,0.7491411354321607,0.050672375442256466,PERIOD_D1,RANGING,UP,True,False,False,MINUS_1R_FIRST,FAILURE_FIRST,N/A_NO_RETEST,DISCOVERY
wA__BUY__seq870,wA,1873,1872,2025-06-20 16:45:00,BUY,Daily-Low,PERIOD_M15,WEAK_TREND,UP,4.98714,166.3,0.3334576530837314,0.15050900548159749,PERIOD_M30,WEAK_TREND,UP,False,True,True,PLUS_1R_FIRST,CONTINUATION_FIRST,N/A_NO_RETEST,DISCOVERY
wA__BUY__seq915,wA,1999,1997,2025-06-25 18:00:00,BUY,Asia-Low,PERIOD_H1,WEAK_TREND,UP,7.51857,19.9,0.026467799062853705,0.009765625,PERIOD_M15,RANGING,DOWN,True,True,False,MINUS_1R_FIRST,FAILURE_FIRST,N/A_NO_RETEST,DISCOVERY
wA__SELL__seq890,wA,2020,2018,2025-06-26 16:00:00,SELL,Daily-High,PERIOD_M30,RANGING,UP,7.12,150.5,0.21137640449438203,0.1685330347144457,PERIOD_H1,WEAK_TREND,UP,True,False,False,AMBIGUOUS_SAME_BAR,FAILURE_FIRST,N/A_NO_RETEST,DISCOVERY
wA__SELL__seq895,wA,2067,2066,2025-06-30 00:00:00,SELL,Asia-High,PERIOD_D1,RANGING,UP,49.95714,490.8,0.09824421494104747,0.09824421494104747,PERIOD_D1,RANGING,UP,False,False,True,AMBIGUOUS_SAME_BAR,FAILURE_FIRST,N/A_NO_RETEST,DISCOVERY
wA__SELL__seq896,wA,2073,2066,2025-06-30 02:00:00,SELL,Asia-High,PERIOD_M30,WEAK_TREND,UP,8.25143,598.7,0.7255712040216061,0.09824421494104747,PERIOD_D1,RANGING,UP,True,False,False,MINUS_1R_FIRST,FAILURE_FIRST,N/A_NO_RETEST,DISCOVERY
wA__BUY__seq970,wA,2116,2115,2025-07-01 16:00:00,BUY,Equal-Low,PERIOD_H1,STRONG_TREND,UP,6.88143,76.6,0.11131407280172871,0.040645855210549246,PERIOD_H4,STRONG_TREND,UP,False,True,True,AMBIGUOUS_SAME_BAR,FAILURE_FIRST,N/A_NO_RETEST,DISCOVERY
wA__BUY__seq976,wA,2119,2115,2025-07-01 17:45:00,BUY,Equal-Low,PERIOD_M5,RANGING,UP,3.70786,1.9,0.00512424956713576,0.040645855210549246,PERIOD_H4,STRONG_TREND,UP,True,True,False,AMBIGUOUS_SAME_BAR,FAILURE_FIRST,N/A_NO_RETEST,DISCOVERY
wA__BUY__seq1053,wA,2270,2268,2025-07-11 11:00:00,BUY,Asia-Low,PERIOD_H1,STRONG_TREND,UP,6.61786,270.8,0.4091957218798826,0.0029157536712983417,PERIOD_M30,RANGING,DOWN,True,True,False,MINUS_1R_FIRST,FAILURE_FIRST,N/A_NO_RETEST,DISCOVERY
wA__SELL__seq963,wA,2301,2298,2025-07-14 15:45:00,SELL,Weekly-High,PERIOD_M15,WEAK_TREND,DOWN,4.25929,171.3,0.40217970600733927,0.020361007942611045,PERIOD_M30,WEAK_TREND,DOWN,False,True,True,MINUS_1R_FIRST,FAILURE_FIRST,N/A_NO_RETEST,DISCOVERY
wA__BUY__seq1077,wA,2343,2340,2025-07-16 18:15:00,BUY,Daily-Low,PERIOD_M15,WEAK_TREND,DOWN,7.22143,284.4,0.3938278152665054,0.22286071205496563,PERIOD_H1,WEAK_TREND,DOWN,False,False,True,PLUS_1R_FIRST,CONTINUATION_FIRST,N/A_NO_RETEST,DISCOVERY
wA__BUY__seq1090,wA,2377,2375,2025-07-21 16:00:00,BUY,Daily-Low,PERIOD_H1,STRONG_TREND,UP,6.99071,675.6,0.9664254417648566,0.10325437294401132,PERIOD_H4,WEAK_TREND,DOWN,True,True,True,AMBIGUOUS_SAME_BAR,FAILURE_FIRST,N/A_NO_RETEST,DISCOVERY
wA__BUY__seq1091,wA,2380,2378,2025-07-21 17:30:00,BUY,Asia-Low,PERIOD_M30,STRONG_TREND,UP,5.68143,521.6,0.9180787231383649,0.012051891241221621,PERIOD_D1,RANGING,UP,True,True,False,PLUS_1R_FIRST,FAILURE_FIRST,N/A_NO_RETEST,DISCOVERY
wA__BUY__seq1092,wA,2382,2378,2025-07-21 16:00:00,BUY,Asia-Low,PERIOD_H4,WEAK_TREND,UP,13.94143,417.7,0.2996105851408356,0.012051891241221621,PERIOD_D1,RANGING,UP,True,True,False,AMBIGUOUS_SAME_BAR,FAILURE_FIRST,N/A_NO_RETEST,DISCOVERY
wA__BUY__seq1094,wA,2388,2384,2025-07-22 16:30:00,BUY,Asia-Low,PERIOD_M30,STRONG_TREND,DOWN,4.69571,313.1,0.6667788257792752,0.11185145509385948,PERIOD_D1,RANGING,UP,True,False,False,AMBIGUOUS_SAME_BAR,FAILURE_FIRST,N/A_NO_RETEST,DISCOVERY
wA__BUY__seq1095,wA,2390,2384,2025-07-22 17:30:00,BUY,Asia-Low,PERIOD_M30,STRONG_TREND,UP,6.25357,374.6,0.5990178410092156,0.11185145509385948,PERIOD_D1,RANGING,UP,True,True,False,PLUS_1R_FIRST,CONTINUATION_FIRST,N/A_NO_RETEST,DISCOVERY
wA__BUY__seq1096,wA,2392,2384,2025-07-22 16:00:00,BUY,Asia-Low,PERIOD_H4,STRONG_TREND,UP,13.22071,232.4,0.17578481034679683,0.11185145509385948,PERIOD_D1,RANGING,UP,True,True,False,PLUS_1R_FIRST,FAILURE_FIRST,N/A_NO_RETEST,DISCOVERY
wA__BUY__seq1098,wA,2401,2400,2025-07-23 04:00:00,BUY,Asia-Low,PERIOD_M30,STRONG_TREND,UP,4.25,444.7,1.0463529411764707,0.1110271261530798,PERIOD_D1,WEAK_TREND,UP,True,True,True,AMBIGUOUS_SAME_BAR,FAILURE_FIRST,N/A_NO_RETEST,DISCOVERY
wA__BUY__seq1099,wA,2405,2400,2025-07-23 00:00:00,BUY,Asia-Low,PERIOD_D1,WEAK_TREND,DOWN,42.71929,474.3,0.1110271261530798,0.1110271261530798,PERIOD_D1,WEAK_TREND,UP,False,False,True,AMBIGUOUS_SAME_BAR,FAILURE_FIRST,N/A_NO_RETEST,DISCOVERY
wA__BUY__seq1101,wA,2411,2400,2025-07-23 07:00:00,BUY,Asia-Low,PERIOD_M30,WEAK_TREND,UP,5.34071,389.1,0.7285548176178824,0.1110271261530798,PERIOD_D1,WEAK_TREND,UP,False,True,True,MINUS_1R_FIRST,FAILURE_FIRST,FAIL,DISCOVERY
wA__BUY__seq1119,wA,2429,2427,2025-07-23 00:00:00,BUY,Daily-Low,PERIOD_D1,WEAK_TREND,DOWN,42.71929,484.0,0.11329776314166269,0.09445954639709328,PERIOD_M15,STRONG_TREND,DOWN,True,False,True,AMBIGUOUS_SAME_BAR,FAILURE_FIRST,N/A_NO_RETEST,DISCOVERY
wA__SELL__seq1001,wA,2450,2449,2025-07-24 16:00:00,SELL,Weekly-High,PERIOD_H1,STRONG_TREND,DOWN,8.03429,238.1,0.29635474945514784,0.04810081117766396,PERIOD_H4,WEAK_TREND,UP,True,True,True,MINUS_1R_FIRST,FAILURE_FIRST,N/A_NO_RETEST,DISCOVERY
wA__BUY__seq1134,wA,2458,2457,2025-07-24 00:00:00,BUY,Asia-Low,PERIOD_D1,WEAK_TREND,DOWN,42.95071,171.9,0.040022621279136014,0.02285270704824642,PERIOD_M15,WEAK_TREND,DOWN,False,False,True,PLUS_1R_FIRST,FAILURE_FIRST,N/A_NO_RETEST,DISCOVERY
wA__SELL__seq1006,wA,2463,2461,2025-07-25 17:15:00,SELL,Weekly-High,PERIOD_M15,WEAK_TREND,DOWN,4.47,372.9,0.8342281879194631,0.05896722143135351,PERIOD_H4,STRONG_TREND,UP,True,True,True,PLUS_1R_FIRST,CONTINUATION_FIRST,N/A_NO_RETEST,DISCOVERY
wA__SELL__seq1014,wA,2515,2513,2025-07-29 19:00:00,SELL,Equal-High,PERIOD_H1,RANGING,UP,8.79571,38.9,0.04422610568106498,0.0687658470012801,PERIOD_M5,STRONG_TREND,UP,True,False,False,PLUS_1R_FIRST,FAILURE_FIRST,HOLD,DISCOVERY
wA__SELL__seq1022,wA,2546,2545,2025-07-31 00:00:00,SELL,Asia-High,PERIOD_H4,STRONG_TREND,DOWN,17.03786,587.0,0.3445268361167424,0.12710343187927298,PERIOD_D1,WEAK_TREND,UP,True,True,True,AMBIGUOUS_SAME_BAR,FAILURE_FIRST,N/A_NO_RETEST,DISCOVERY
wA__BUY__seq1223,wA,2575,2572,2025-08-01 17:30:00,BUY,Weekly-Low,PERIOD_M5,STRONG_TREND,UP,5.995,209.0,0.34862385321100914,0.1551819231796632,PERIOD_H1,WEAK_TREND,UP,True,True,True,MINUS_1R_FIRST,FAILURE_FIRST,N/A_NO_RETEST,DISCOVERY
wA__BUY__seq1236,wA,2589,2583,2025-08-05 18:45:00,BUY,Asia-Low,PERIOD_M5,STRONG_TREND,UP,2.48786,208.8,0.839275521934514,0.0027087281108270217,PERIOD_H4,STRONG_TREND,UP,False,True,True,PLUS_1R_FIRST,CONTINUATION_FIRST,N/A_NO_RETEST,DISCOVERY
wA__SELL__seq1110,wA,2876,2869,2025-08-19 17:45:00,SELL,Daily-High,PERIOD_M15,VOLATILE,DOWN,4.81143,225.8,0.46929914807032425,0.0002664130414512051,PERIOD_M15,WEAK_TREND,UP,True,True,False,AMBIGUOUS_SAME_BAR,FAILURE_FIRST,N/A_NO_RETEST,DISCOVERY
wA__BUY__seq1369,wA,2925,2922,2025-08-22 17:15:00,BUY,Weekly-Low,PERIOD_M15,WEAK_TREND,DOWN,5.37857,291.4,0.5417796923717642,0.07217799345178204,PERIOD_H1,STRONG_TREND,DOWN,True,False,True,AMBIGUOUS_SAME_BAR,FAILURE_FIRST,N/A_NO_RETEST,DISCOVERY
wA__BUY__seq1370,wA,2928,2922,2025-08-22 17:30:00,BUY,Weekly-Low,PERIOD_M30,WEAK_TREND,DOWN,6.57786,361.3,0.5492667828138634,0.07217799345178204,PERIOD_H1,STRONG_TREND,DOWN,True,False,True,PLUS_1R_FIRST,CONTINUATION_FIRST,N/A_NO_RETEST,DISCOVERY
wA__BUY__seq1381,wA,2934,2933,2025-08-26 04:00:00,BUY,Daily-Low,PERIOD_M30,VOLATILE,UP,5.50357,233.4,0.42408836446161313,0.3119724437707765,PERIOD_H1,WEAK_TREND,UP,True,True,False,AMBIGUOUS_SAME_BAR,FAILURE_FIRST,N/A_NO_RETEST,DISCOVERY
wA__BUY__seq1384,wA,2964,2958,2025-08-28 17:15:00,BUY,Asia-Low,PERIOD_M15,WEAK_TREND,UP,4.74786,376.5,0.7929888412884963,0.05540845070422535,PERIOD_D1,RANGING,DOWN,True,True,False,MINUS_1R_FIRST,FAILURE_FIRST,N/A_NO_RETEST,DISCOVERY
wA__BUY__seq1385,wA,2973,2962,2025-08-28 19:00:00,BUY,Asia-Low,PERIOD_M30,WEAK_TREND,UP,5.91643,263.8,0.4458769900091779,0.03706298486532292,PERIOD_D1,WEAK_TREND,UP,False,True,True,AMBIGUOUS_SAME_BAR,FAILURE_FIRST,AMBIGUOUS,DISCOVERY
wA__BUY__seq1387,wA,2982,2979,2025-08-29 18:00:00,BUY,Asia-Low,PERIOD_H1,WEAK_TREND,UP,6.49143,339.8,0.523459391844324,0.08223034395207543,PERIOD_H4,RANGING,UP,True,True,False,AMBIGUOUS_SAME_BAR,FAILURE_FIRST,N/A_NO_RETEST,DISCOVERY
w0__BUY__seq1,w0,2,1,2025-09-01 05:00:00,BUY,Asia-Low,PERIOD_H1,VOLATILE,UP,9.94286,501.0,0.5038791655519639,0.1217505960858809,PERIOD_D1,STRONG_TREND,UP,True,True,False,AMBIGUOUS_SAME_BAR,FAILURE_FIRST,N/A_NO_RETEST,DISCOVERY
w0__BUY__seq3,w0,7,6,2025-09-02 00:00:00,BUY,Asia-Low,PERIOD_D1,STRONG_TREND,UP,35.92929,385.5,0.10729407678248025,0.10729407678248025,PERIOD_D1,STRONG_TREND,UP,False,True,True,MINUS_1R_FIRST,FAILURE_FIRST,N/A_NO_RETEST,DISCOVERY
w0__BUY__seq6,w0,25,6,2025-09-02 12:00:00,BUY,Asia-Low,PERIOD_H4,STRONG_TREND,UP,18.13286,33.9,0.018695340944561416,0.10729407678248025,PERIOD_D1,STRONG_TREND,UP,False,True,True,PLUS_1R_FIRST,FAILURE_FIRST,N/A_NO_RETEST,DISCOVERY
w0__BUY__seq9,w0,39,6,2025-09-02 18:00:00,BUY,Asia-Low,PERIOD_M30,STRONG_TREND,UP,10.06857,367.8,0.36529517101236825,0.10729407678248025,PERIOD_D1,STRONG_TREND,UP,False,True,True,AMBIGUOUS_SAME_BAR,FAILURE_FIRST,N/A_NO_RETEST,DISCOVERY
w0__BUY__seq10,w0,45,6,2025-09-02 19:00:00,BUY,Asia-Low,PERIOD_M5,STRONG_TREND,UP,3.39571,462.1,1.3608347002541443,0.10729407678248025,PERIOD_D1,STRONG_TREND,UP,False,True,True,AMBIGUOUS_SAME_BAR,FAILURE_FIRST,N/A_NO_RETEST,DISCOVERY
w0__BUY__seq12,w0,52,6,2025-09-02 20:00:00,BUY,Asia-Low,PERIOD_H4,VOLATILE,UP,22.08143,534.4,0.24201331163787854,0.10729407678248025,PERIOD_D1,STRONG_TREND,UP,True,True,False,MINUS_1R_FIRST,FAILURE_FIRST,N/A_NO_RETEST,DISCOVERY
w0__BUY__seq13,w0,58,54,2025-09-03 00:00:00,BUY,Asia-Low,PERIOD_D1,STRONG_TREND,UP,38.90429,566.5,0.1456137613615362,0.1456137613615362,PERIOD_D1,STRONG_TREND,UP,False,True,True,MINUS_1R_FIRST,FAILURE_FIRST,N/A_NO_RETEST,DISCOVERY
w0__BUY__seq14,w0,74,73,2025-09-04 04:30:00,BUY,Asia-Low,PERIOD_M30,WEAK_TREND,UP,6.36786,255.0,0.4004485023226013,0.08197114098605222,PERIOD_D1,STRONG_TREND,UP,True,True,True,MINUS_1R_FIRST,FAILURE_FIRST,N/A_NO_RETEST,DISCOVERY
w0__BUY__seq23,w0,109,108,2025-09-05 15:45:00,BUY,Asia-Low,PERIOD_M15,RANGING,UP,5.70571,427.1,0.7485483839872689,0.011619932675678412,PERIOD_D1,STRONG_TREND,UP,True,True,False,MINUS_1R_FIRST,FAILURE_FIRST,N/A_NO_RETEST,DISCOVERY
w0__BUY__seq24,w0,111,108,2025-09-05 16:00:00,BUY,Asia-Low,PERIOD_H4,STRONG_TREND,UP,21.62714,393.9,0.1821322652925907,0.011619932675678412,PERIOD_D1,STRONG_TREND,UP,False,True,True,AMBIGUOUS_SAME_BAR,FAILURE_FIRST,N/A_NO_RETEST,DISCOVERY
w0__BUY__seq25,w0,113,108,2025-09-05 17:30:00,BUY,Asia-Low,PERIOD_M30,VOLATILE,UP,9.485,383.0,0.4037954665260939,0.011619932675678412,PERIOD_D1,STRONG_TREND,UP,True,True,False,PLUS_1R_FIRST,FAILURE_FIRST,HOLD,DISCOVERY
w0__BUY__seq26,w0,115,108,2025-09-05 18:00:00,BUY,Asia-Low,PERIOD_M30,VOLATILE,UP,10.40214,493.8,0.4747100115937683,0.011619932675678412,PERIOD_D1,STRONG_TREND,UP,True,True,False,AMBIGUOUS_SAME_BAR,FAILURE_FIRST,FAIL,DISCOVERY
w0__BUY__seq30,w0,119,108,2025-09-05 21:15:00,BUY,Asia-Low,PERIOD_M5,RANGING,UP,2.37786,518.8,2.1817937136753214,0.011619932675678412,PERIOD_D1,STRONG_TREND,UP,True,True,False,PLUS_1R_FIRST,FAILURE_FIRST,N/A_NO_RETEST,DISCOVERY
w0__BUY__seq32,w0,127,122,2025-09-08 00:00:00,BUY,Asia-Low,PERIOD_D1,STRONG_TREND,UP,43.87786,457.0,0.10415275494292567,0.10415275494292567,PERIOD_D1,STRONG_TREND,UP,False,True,True,AMBIGUOUS_SAME_BAR,FAILURE_FIRST,N/A_NO_RETEST,DISCOVERY
w0__BUY__seq31,w0,123,108,2025-09-08 00:00:00,BUY,Asia-Low,PERIOD_D1,STRONG_TREND,UP,43.87786,457.0,0.10415275494292567,0.011619932675678412,PERIOD_D1,STRONG_TREND,UP,False,True,True,AMBIGUOUS_SAME_BAR,FAILURE_FIRST,N/A_NO_RETEST,DISCOVERY
w0__BUY__seq37,w0,143,142,2025-09-09 06:00:00,BUY,Asia-Low,PERIOD_M30,STRONG_TREND,DOWN,5.63429,680.5,1.2077830569601493,0.1205901840619759,PERIOD_D1,STRONG_TREND,UP,False,False,True,AMBIGUOUS_SAME_BAR,FAILURE_FIRST,FAIL,DISCOVERY
w0__BUY__seq38,w0,147,142,2025-09-09 00:00:00,BUY,Asia-Low,PERIOD_D1,STRONG_TREND,UP,46.62071,562.2,0.1205901840619759,0.1205901840619759,PERIOD_D1,STRONG_TREND,UP,False,True,True,AMBIGUOUS_SAME_BAR,FAILURE_FIRST,N/A_NO_RETEST,DISCOVERY
w0__BUY__seq39,w0,152,142,2025-09-09 09:15:00,BUY,Asia-Low,PERIOD_M15,STRONG_TREND,UP,5.22286,619.1,1.1853658723381444,0.1205901840619759,PERIOD_D1,STRONG_TREND,UP,False,True,True,AMBIGUOUS_SAME_BAR,FAILURE_FIRST,N/A_NO_RETEST,DISCOVERY
w0__BUY__seq40,w0,157,142,2025-09-09 10:00:00,BUY,Asia-Low,PERIOD_M30,STRONG_TREND,UP,7.82286,574.8,0.734769636680191,0.1205901840619759,PERIOD_D1,STRONG_TREND,UP,False,True,True,AMBIGUOUS_SAME_BAR,FAILURE_FIRST,FAIL,DISCOVERY
w0__BUY__seq41,w0,159,142,2025-09-09 08:00:00,BUY,Asia-Low,PERIOD_H4,STRONG_TREND,UP,20.30071,615.7,0.303289884935059,0.1205901840619759,PERIOD_D1,STRONG_TREND,UP,False,True,True,PLUS_1R_FIRST,FAILURE_FIRST,N/A_NO_RETEST,DISCOVERY
w0__SELL__seq46,w0,162,160,2025-09-09 00:00:00,SELL,Daily-High,PERIOD_D1,STRONG_TREND,UP,46.62071,105.6,0.022650877689335918,0.018165129060830676,PERIOD_M15,WEAK_TREND,UP,True,False,True,AMBIGUOUS_SAME_BAR,FAILURE_FIRST,N/A_NO_RETEST,DISCOVERY
w0__SELL__seq53,w0,185,177,2025-09-09 00:00:00,SELL,Asia-High,PERIOD_D1,STRONG_TREND,DOWN,46.62071,234.4,0.050278084567995644,0.06750383442064467,PERIOD_M30,WEAK_TREND,DOWN,True,True,True,AMBIGUOUS_SAME_BAR,FAILURE_FIRST,N/A_NO_RETEST,DISCOVERY
w0__SELL__seq59,w0,208,202,2025-09-10 00:00:00,SELL,Daily-High,PERIOD_H4,STRONG_TREND,UP,21.50929,200.7,0.09330851924912445,0.027759421431969755,PERIOD_H1,WEAK_TREND,UP,True,False,True,PLUS_1R_FIRST,FAILURE_FIRST,N/A_NO_RETEST,DISCOVERY
w0__BUY__seq69,w0,296,292,2025-09-16 17:15:00,BUY,Asia-Low,PERIOD_M15,RANGING,UP,4.71857,247.5,0.5245233195650377,0.00840251819547767,PERIOD_D1,STRONG_TREND,UP,True,True,False,AMBIGUOUS_SAME_BAR,FAILURE_FIRST,N/A_NO_RETEST,DISCOVERY
w0__BUY__seq70,w0,301,292,2025-09-16 18:00:00,BUY,Asia-Low,PERIOD_M30,RANGING,UP,6.70071,115.9,0.17296674531504871,0.00840251819547767,PERIOD_D1,STRONG_TREND,UP,True,True,False,AMBIGUOUS_SAME_BAR,FAILURE_FIRST,N/A_NO_RETEST,DISCOVERY
w0__SELL__seq127,w0,339,334,2025-09-17 22:00:00,SELL,Daily-High,PERIOD_H1,WEAK_TREND,DOWN,12.44214,526.8,0.42339983314767393,0.20669118458012964,PERIOD_M5,WEAK_TREND,UP,False,True,True,AMBIGUOUS_SAME_BAR,FAILURE_FIRST,N/A_NO_RETEST,DISCOVERY
w0__SELL__seq129,w0,360,359,2025-09-18 09:15:00,SELL,Equal-High,PERIOD_M5,VOLATILE,DOWN,3.56714,204.1,0.5721670582034907,0.02122571648673208,PERIOD_H4,WEAK_TREND,UP,True,True,False,MINUS_1R_FIRST,FAILURE_FIRST,N/A_NO_RETEST,DISCOVERY
w0__SELL__seq131,w0,362,359,2025-09-18 10:00:00,SELL,Equal-High,PERIOD_H1,WEAK_TREND,DOWN,14.45643,200.3,0.13855426270524607,0.02122571648673208,PERIOD_H4,WEAK_TREND,UP,False,True,True,PLUS_1R_FIRST,FAILURE_FIRST,N/A_NO_RETEST,DISCOVERY
w0__SELL__seq133,w0,363,359,2025-09-18 10:15:00,SELL,Equal-High,PERIOD_M5,STRONG_TREND,DOWN,3.95214,130.8,0.3309599356298107,0.02122571648673208,PERIOD_H4,WEAK_TREND,UP,True,True,True,AMBIGUOUS_SAME_BAR,FAILURE_FIRST,N/A_NO_RETEST,DISCOVERY
w0__BUY__seq101,w0,409,408,2025-09-22 10:00:00,BUY,Asia-Low,PERIOD_H1,STRONG_TREND,UP,8.515,710.8,0.8347621843805049,0.08386673054225816,PERIOD_D1,STRONG_TREND,UP,False,True,True,MINUS_1R_FIRST,FAILURE_FIRST,N/A_NO_RETEST,DISCOVERY
w0__SELL__seq150,w0,412,410,2025-09-22 00:00:00,SELL,Asia-High,PERIOD_D1,STRONG_TREND,UP,49.97214,346.2,0.06927860203705503,0.03130507548586832,PERIOD_M30,STRONG_TREND,UP,False,False,True,AMBIGUOUS_SAME_BAR,FAILURE_FIRST,N/A_NO_RETEST,DISCOVERY
w0__SELL__seq155,w0,428,426,2025-09-22 00:00:00,SELL,Equal-High,PERIOD_D1,STRONG_TREND,UP,49.97214,415.2,0.08308629568395509,0.025116401805201638,PERIOD_M15,WEAK_TREND,UP,True,False,True,AMBIGUOUS_SAME_BAR,FAILURE_FIRST,N/A_NO_RETEST,DISCOVERY
w0__BUY__seq105,w0,433,431,2025-09-23 04:45:00,BUY,Asia-Low,PERIOD_M15,WEAK_TREND,UP,5.02143,715.2,1.424295469617221,0.12359873584784402,PERIOD_D1,STRONG_TREND,UP,True,True,True,PLUS_1R_FIRST,FAILURE_FIRST,AMBIGUOUS,DISCOVERY
w0__BUY__seq106,w0,436,431,2025-09-23 05:00:00,BUY,Asia-Low,PERIOD_M30,WEAK_TREND,UP,5.71143,691.1,1.2100297123487465,0.12359873584784402,PERIOD_D1,STRONG_TREND,UP,True,True,True,PLUS_1R_FIRST,FAILURE_FIRST,N/A_NO_RETEST,DISCOVERY
w0__BUY__seq107,w0,442,431,2025-09-23 00:00:00,BUY,Asia-Low,PERIOD_D1,STRONG_TREND,UP,49.63643,613.5,0.12359873584784402,0.12359873584784402,PERIOD_D1,STRONG_TREND,UP,False,True,True,MINUS_1R_FIRST,FAILURE_FIRST,N/A_NO_RETEST,DISCOVERY
w0__SELL__seq172,w0,459,458,2025-09-23 00:00:00,SELL,Equal-High,PERIOD_D1,STRONG_TREND,UP,49.63643,411.2,0.08284238008253213,0.09239365333901267,PERIOD_M5,RANGING,UP,True,False,False,PLUS_1R_FIRST,FAILURE_FIRST,N/A_NO_RETEST,DISCOVERY
w0__SELL__seq173,w0,464,463,2025-09-23 00:00:00,SELL,Equal-High,PERIOD_D1,STRONG_TREND,UP,49.63643,332.8,0.06704752940531784,0.019698260619854423,PERIOD_M5,RANGING,DOWN,True,False,False,PLUS_1R_FIRST,FAILURE_FIRST,N/A_NO_RETEST,DISCOVERY
w0__SELL__seq175,w0,468,466,2025-09-23 00:00:00,SELL,Asia-High,PERIOD_D1,STRONG_TREND,UP,49.63643,124.2,0.02502194456772979,0.018383377810057517,PERIOD_H1,STRONG_TREND,UP,False,False,True,PLUS_1R_FIRST,FAILURE_FIRST,N/A_NO_RETEST,DISCOVERY
w0__BUY__seq112,w0,477,476,2025-09-24 08:45:00,BUY,Asia-Low,PERIOD_M5,STRONG_TREND,UP,1.96643,354.4,1.8022507793310723,0.05017222717068222,PERIOD_D1,STRONG_TREND,UP,False,True,True,AMBIGUOUS_SAME_BAR,FAILURE_FIRST,N/A_NO_RETEST,DISCOVERY
w0__BUY__seq113,w0,481,476,2025-09-24 16:30:00,BUY,Asia-Low,PERIOD_M5,STRONG_TREND,UP,3.295,168.5,0.511380880121396,0.05017222717068222,PERIOD_D1,STRONG_TREND,UP,False,True,True,MINUS_1R_FIRST,FAILURE_FIRST,N/A_NO_RETEST,DISCOVERY
w0__BUY__seq114,w0,487,476,2025-09-24 18:00:00,BUY,Asia-Low,PERIOD_H1,RANGING,UP,10.31571,21.2,0.020551178736121896,0.05017222717068222,PERIOD_D1,STRONG_TREND,UP,True,True,False,PLUS_1R_FIRST,FAILURE_FIRST,N/A_NO_RETEST,DISCOVERY
w0__SELL__seq190,w0,523,522,2025-09-25 16:45:00,SELL,Asia-High,PERIOD_M15,RANGING,DOWN,8.43429,251.6,0.29830608148403714,0.1097427881765128,PERIOD_H1,WEAK_TREND,UP,True,True,False,AMBIGUOUS_SAME_BAR,FAILURE_FIRST,N/A_NO_RETEST,DISCOVERY
w0__BUY__seq166,w0,607,605,2025-09-29 09:15:00,BUY,Asia-Low,PERIOD_M5,STRONG_TREND,DOWN,4.46643,754.3,1.6888208255810568,0.04112135600671839,PERIOD_D1,STRONG_TREND,UP,False,False,True,PLUS_1R_FIRST,FAILURE_FIRST,AMBIGUOUS,DISCOVERY
w0__BUY__seq167,w0,609,605,2025-09-29 09:45:00,BUY,Asia-Low,PERIOD_M15,STRONG_TREND,UP,6.49071,776.1,1.195708944013829,0.04112135600671839,PERIOD_D1,STRONG_TREND,UP,False,True,True,MINUS_1R_FIRST,FAILURE_FIRST,HOLD,DISCOVERY
w0__BUY__seq168,w0,611,605,2025-09-29 11:00:00,BUY,Asia-Low,PERIOD_H1,STRONG_TREND,UP,13.41571,640.3,0.47727626789786,0.04112135600671839,PERIOD_D1,STRONG_TREND,UP,False,True,True,PLUS_1R_FIRST,CONTINUATION_FIRST,FAIL,DISCOVERY
w0__BUY__seq172,w0,638,637,2025-09-30 05:00:00,BUY,Equal-Low,PERIOD_H1,STRONG_TREND,UP,10.73357,199.9,0.18623812953192648,0.029367303118711306,PERIOD_M5,RANGING,DOWN,True,True,False,PLUS_1R_FIRST,FAILURE_FIRST,N/A_NO_RETEST,DISCOVERY
w0__BUY__seq173,w0,641,639,2025-09-30 06:30:00,BUY,Asia-Low,PERIOD_M30,STRONG_TREND,UP,6.88857,702.0,1.0190794315801395,0.12493016029007349,PERIOD_D1,STRONG_TREND,UP,False,True,True,PLUS_1R_FIRST,FAILURE_FIRST,N/A_NO_RETEST,DISCOVERY
w0__BUY__seq174,w0,643,639,2025-09-30 07:00:00,BUY,Asia-Low,PERIOD_H1,STRONG_TREND,UP,10.52714,721.9,0.6857513056727659,0.12493016029007349,PERIOD_D1,STRONG_TREND,UP,False,True,True,PLUS_1R_FIRST,FAILURE_FIRST,N/A_NO_RETEST,DISCOVERY
w0__BUY__seq175,w0,645,639,2025-09-30 08:00:00,BUY,Asia-Low,PERIOD_H4,STRONG_TREND,UP,22.46214,658.7,0.2932489958659326,0.12493016029007349,PERIOD_D1,STRONG_TREND,UP,False,True,True,PLUS_1R_FIRST,FAILURE_FIRST,N/A_NO_RETEST,DISCOVERY
w0__SELL__seq239,w0,647,646,2025-09-30 00:00:00,SELL,Equal-High,PERIOD_D1,STRONG_TREND,UP,49.59571,361.5,0.07288936885871783,0.008797395970792645,PERIOD_M5,STRONG_TREND,UP,False,False,True,AMBIGUOUS_SAME_BAR,FAILURE_FIRST,N/A_NO_RETEST,DISCOVERY
w0__BUY__seq177,w0,653,639,2025-09-30 10:45:00,BUY,Asia-Low,PERIOD_M15,STRONG_TREND,UP,6.23643,347.8,0.5576908583917402,0.12493016029007349,PERIOD_D1,STRONG_TREND,UP,False,True,True,PLUS_1R_FIRST,FAILURE_FIRST,N/A_NO_RETEST,DISCOVERY
w0__SELL__seq241,w0,658,654,2025-09-30 11:45:00,SELL,Daily-High,PERIOD_M15,VOLATILE,UP,9.25286,186.6,0.20166737635714793,0.09876112602848529,PERIOD_M30,VOLATILE,UP,False,False,True,MINUS_1R_FIRST,FAILURE_FIRST,N/A_NO_RETEST,DISCOVERY
w0__SELL__seq242,w0,661,659,2025-09-30 12:15:00,SELL,Daily-High,PERIOD_M15,VOLATILE,UP,10.79786,345.1,0.31960036525756036,0.1414030270021455,PERIOD_H1,STRONG_TREND,UP,True,False,False,MINUS_1R_FIRST,FAILURE_FIRST,N/A_NO_RETEST,DISCOVERY
w0__BUY__seq202,w0,678,639,2025-09-30 17:30:00,BUY,Asia-Low,PERIOD_M30,STRONG_TREND,UP,15.29714,159.4,0.10420248490894377,0.12493016029007349,PERIOD_D1,STRONG_TREND,UP,False,True,True,PLUS_1R_FIRST,FAILURE_FIRST,N/A_NO_RETEST,DISCOVERY
w0__BUY__seq212,w0,681,639,2025-09-30 00:00:00,BUY,Asia-Low,PERIOD_D1,STRONG_TREND,UP,49.59571,57.9,0.011674396837952315,0.12493016029007349,PERIOD_D1,STRONG_TREND,UP,False,True,True,AMBIGUOUS_SAME_BAR,FAILURE_FIRST,N/A_NO_RETEST,DISCOVERY
w0__BUY__seq213,w0,683,639,2025-09-30 20:00:00,BUY,Asia-Low,PERIOD_H4,STRONG_TREND,UP,28.68071,178.7,0.0623066862710163,0.12493016029007349,PERIOD_D1,STRONG_TREND,UP,False,True,True,AMBIGUOUS_SAME_BAR,FAILURE_FIRST,FAIL,DISCOVERY
w0__BUY__seq220,w0,692,691,2025-10-01 01:30:00,BUY,Asia-Low,PERIOD_M5,STRONG_TREND,UP,2.32429,266.5,1.1465866995942848,0.05769900113361791,PERIOD_D1,STRONG_TREND,UP,False,True,True,PLUS_1R_FIRST,CONTINUATION_FIRST,N/A_NO_RETEST,DISCOVERY
w0__BUY__seq222,w0,708,691,2025-10-01 09:15:00,BUY,Asia-Low,PERIOD_M15,WEAK_TREND,UP,5.23643,38.8,0.07409628315474473,0.05769900113361791,PERIOD_D1,STRONG_TREND,UP,True,True,True,MINUS_1R_FIRST,FAILURE_FIRST,AMBIGUOUS,DISCOVERY
w0__BUY__seq223,w0,714,691,2025-10-01 09:45:00,BUY,Asia-Low,PERIOD_M5,WEAK_TREND,DOWN,3.08643,104.7,0.3392268737667791,0.05769900113361791,PERIOD_D1,STRONG_TREND,UP,True,False,True,AMBIGUOUS_SAME_BAR,FAILURE_FIRST,N/A_NO_RETEST,DISCOVERY
w0__BUY__seq224,w0,719,691,2025-10-01 10:30:00,BUY,Asia-Low,PERIOD_M30,WEAK_TREND,DOWN,7.75357,173.4,0.2236389172987411,0.05769900113361791,PERIOD_D1,STRONG_TREND,UP,True,False,True,PLUS_1R_FIRST,FAILURE_FIRST,N/A_NO_RETEST,DISCOVERY
w0__BUY__seq225,w0,725,691,2025-10-01 11:30:00,BUY,Asia-Low,PERIOD_M30,STRONG_TREND,DOWN,8.86571,384.3,0.4334678215281123,0.05769900113361791,PERIOD_D1,STRONG_TREND,UP,False,False,True,MINUS_1R_FIRST,FAILURE_FIRST,N/A_NO_RETEST,DISCOVERY
w0__BUY__seq226,w0,728,691,2025-10-01 12:00:00,BUY,Asia-Low,PERIOD_H4,STRONG_TREND,UP,28.12,396.6,0.14103840682788052,0.05769900113361791,PERIOD_D1,STRONG_TREND,UP,False,True,True,PLUS_1R_FIRST,FAILURE_FIRST,FAIL,DISCOVERY
w0__BUY__seq239,w0,746,691,2025-10-01 16:00:00,BUY,Asia-Low,PERIOD_H4,STRONG_TREND,UP,27.36,171.3,0.06260964912280702,0.05769900113361791,PERIOD_D1,STRONG_TREND,UP,False,True,True,AMBIGUOUS_SAME_BAR,FAILURE_FIRST,FAIL,DISCOVERY
w0__BUY__seq247,w0,768,691,2025-10-01 19:00:00,BUY,Asia-Low,PERIOD_M30,WEAK_TREND,DOWN,10.83286,151.4,0.13975995258869772,0.05769900113361791,PERIOD_D1,STRONG_TREND,UP,True,False,True,MINUS_1R_FIRST,FAILURE_FIRST,HOLD,DISCOVERY
w0__BUY__seq250,w0,775,691,2025-10-01 20:45:00,BUY,Asia-Low,PERIOD_M15,RANGING,DOWN,6.96357,108.2,0.15538007085446115,0.05769900113361791,PERIOD_D1,STRONG_TREND,UP,True,False,False,MINUS_1R_FIRST,FAILURE_FIRST,N/A_NO_RETEST,DISCOVERY
w0__BUY__seq251,w0,781,691,2025-10-01 21:45:00,BUY,Asia-Low,PERIOD_M5,WEAK_TREND,UP,3.81214,60.8,0.15949046991978258,0.05769900113361791,PERIOD_D1,STRONG_TREND,UP,True,True,True,PLUS_1R_FIRST,CONTINUATION_FIRST,FAIL,DISCOVERY
w0__BUY__seq252,w0,784,691,2025-10-01 22:45:00,BUY,Asia-Low,PERIOD_M15,RANGING,DOWN,4.46214,157.8,0.35364197447861345,0.05769900113361791,PERIOD_D1,STRONG_TREND,UP,True,False,False,MINUS_1R_FIRST,FAILURE_FIRST,N/A_NO_RETEST,DISCOVERY
w0__BUY__seq253,w0,786,691,2025-10-02 02:45:00,BUY,Asia-Low,PERIOD_M15,WEAK_TREND,DOWN,4.58857,74.7,0.16279581656158673,0.05769900113361791,PERIOD_D1,STRONG_TREND,UP,True,False,True,PLUS_1R_FIRST,FAILURE_FIRST,N/A_NO_RETEST,DISCOVERY
w0__SELL__seq292,w0,822,820,2025-10-02 17:00:00,SELL,Daily-High,PERIOD_H1,STRONG_TREND,UP,10.20357,202.0,0.1979699262121003,0.20330102348683696,PERIOD_M15,STRONG_TREND,UP,False,False,True,AMBIGUOUS_SAME_BAR,FAILURE_FIRST,N/A_NO_RETEST,DISCOVERY
w0__SELL__seq293,w0,826,824,2025-10-02 17:45:00,SELL,Monthly-High,PERIOD_M15,VOLATILE,UP,9.295,339.0,0.36471221086605704,0.08544241775616758,PERIOD_M30,STRONG_TREND,DOWN,True,False,False,PLUS_1R_FIRST,CONTINUATION_FIRST,N/A_NO_RETEST,DISCOVERY
w0__SELL__seq294,w0,829,828,2025-10-02 18:00:00,SELL,Monthly-High,PERIOD_M30,VOLATILE,DOWN,11.42714,319.6,0.27968503055007643,0.23978566342825977,PERIOD_H1,STRONG_TREND,UP,True,True,False,MINUS_1R_FIRST,FAILURE_FIRST,N/A_NO_RETEST,DISCOVERY
w0__BUY__seq271,w0,874,873,2025-10-06 07:45:00,BUY,Asia-Low,PERIOD_M15,STRONG_TREND,UP,5.96643,1007.4,1.6884468601827223,0.0847838279115901,PERIOD_D1,STRONG_TREND,UP,False,True,True,AMBIGUOUS_SAME_BAR,FAILURE_FIRST,FAIL,DISCOVERY
w0__BUY__seq272,w0,876,873,2025-10-06 08:00:00,BUY,Asia-Low,PERIOD_H4,STRONG_TREND,UP,25.49357,970.2,0.38056655070278506,0.0847838279115901,PERIOD_D1,STRONG_TREND,UP,False,True,True,AMBIGUOUS_SAME_BAR,FAILURE_FIRST,HOLD,DISCOVERY
w0__BUY__seq274,w0,879,873,2025-10-06 08:45:00,BUY,Asia-Low,PERIOD_M15,STRONG_TREND,UP,6.01143,868.8,1.4452468048367861,0.0847838279115901,PERIOD_D1,STRONG_TREND,UP,False,True,True,PLUS_1R_FIRST,FAILURE_FIRST,N/A_NO_RETEST,DISCOVERY
w0__BUY__seq280,w0,913,912,2025-10-07 01:30:00,BUY,Asia-Low,PERIOD_M30,STRONG_TREND,UP,9.09071,748.4,0.8232580293508428,0.10375463213988172,PERIOD_D1,STRONG_TREND,UP,False,True,True,MINUS_1R_FIRST,FAILURE_FIRST,FAIL,DISCOVERY
w0__BUY__seq281,w0,918,912,2025-10-07 02:00:00,BUY,Asia-Low,PERIOD_M30,STRONG_TREND,UP,9.26214,651.1,0.7029692921938127,0.10375463213988172,PERIOD_D1,STRONG_TREND,UP,False,True,True,AMBIGUOUS_SAME_BAR,FAILURE_FIRST,AMBIGUOUS,DISCOVERY
w0__BUY__seq284,w0,935,912,2025-10-07 00:00:00,BUY,Asia-Low,PERIOD_D1,STRONG_TREND,UP,60.36357,612.5,0.10146848504818386,0.10375463213988172,PERIOD_D1,STRONG_TREND,UP,False,True,True,MINUS_1R_FIRST,FAILURE_FIRST,N/A_NO_RETEST,DISCOVERY
w0__BUY__seq286,w0,939,912,2025-10-07 07:00:00,BUY,Asia-Low,PERIOD_M30,STRONG_TREND,UP,8.89643,535.1,0.6014772217619876,0.10375463213988172,PERIOD_D1,STRONG_TREND,UP,False,True,True,MINUS_1R_FIRST,FAILURE_FIRST,N/A_NO_RETEST,DISCOVERY
w0__BUY__seq287,w0,942,912,2025-10-07 08:15:00,BUY,Asia-Low,PERIOD_M15,STRONG_TREND,UP,5.26214,431.7,0.8203886631674567,0.10375463213988172,PERIOD_D1,STRONG_TREND,UP,False,True,True,AMBIGUOUS_SAME_BAR,FAILURE_FIRST,N/A_NO_RETEST,DISCOVERY
w0__BUY__seq288,w0,948,912,2025-10-07 09:00:00,BUY,Asia-Low,PERIOD_H1,STRONG_TREND,UP,11.6,424.6,0.3660344827586207,0.10375463213988172,PERIOD_D1,STRONG_TREND,UP,False,True,True,MINUS_1R_FIRST,FAILURE_FIRST,HOLD,DISCOVERY
w0__BUY__seq289,w0,950,912,2025-10-07 09:45:00,BUY,Asia-Low,PERIOD_M15,WEAK_TREND,DOWN,6.33929,361.2,0.5697798964868306,0.10375463213988172,PERIOD_D1,STRONG_TREND,UP,True,False,True,PLUS_1R_FIRST,FAILURE_FIRST,N/A_NO_RETEST,DISCOVERY
w0__BUY__seq290,w0,952,912,2025-10-07 10:45:00,BUY,Asia-Low,PERIOD_M5,STRONG_TREND,UP,4.13786,226.6,0.5476260675808268,0.10375463213988172,PERIOD_D1,STRONG_TREND,UP,False,True,True,AMBIGUOUS_SAME_BAR,FAILURE_FIRST,N/A_NO_RETEST,DISCOVERY
w0__BUY__seq304,w0,967,912,2025-10-07 14:45:00,BUY,Asia-Low,PERIOD_M15,WEAK_TREND,DOWN,5.55714,121.1,0.2179178498292287,0.10375463213988172,PERIOD_D1,STRONG_TREND,UP,True,False,True,PLUS_1R_FIRST,FAILURE_FIRST,N/A_NO_RETEST,DISCOVERY
w0__BUY__seq305,w0,968,912,2025-10-07 15:00:00,BUY,Asia-Low,PERIOD_M30,WEAK_TREND,DOWN,9.44714,132.0,0.13972482677297046,0.10375463213988172,PERIOD_D1,STRONG_TREND,UP,True,False,True,PLUS_1R_FIRST,FAILURE_FIRST,N/A_NO_RETEST,DISCOVERY
w0__BUY__seq308,w0,970,912,2025-10-07 15:45:00,BUY,Asia-Low,PERIOD_M15,WEAK_TREND,DOWN,5.88214,197.1,0.33508212997310505,0.10375463213988172,PERIOD_D1,STRONG_TREND,UP,True,False,True,AMBIGUOUS_SAME_BAR,FAILURE_FIRST,N/A_NO_RETEST,DISCOVERY
w0__BUY__seq309,w0,972,912,2025-10-07 16:00:00,BUY,Asia-Low,PERIOD_M30,WEAK_TREND,DOWN,9.43786,256.4,0.2716717560972508,0.10375463213988172,PERIOD_D1,STRONG_TREND,UP,True,False,True,MINUS_1R_FIRST,FAILURE_FIRST,N/A_NO_RETEST,DISCOVERY
w0__BUY__seq311,w0,979,912,2025-10-07 17:15:00,BUY,Asia-Low,PERIOD_M15,STRONG_TREND,UP,7.63643,177.9,0.23296226116130184,0.10375463213988172,PERIOD_D1,STRONG_TREND,UP,False,True,True,AMBIGUOUS_SAME_BAR,FAILURE_FIRST,N/A_NO_RETEST,DISCOVERY
w0__SELL__seq377,w0,981,980,2025-10-07 00:00:00,SELL,Equal-High,PERIOD_D1,STRONG_TREND,UP,60.36357,255.6,0.04234342004622987,0.017144337079553373,PERIOD_M5,WEAK_TREND,UP,True,False,True,PLUS_1R_FIRST,FAILURE_FIRST,N/A_NO_RETEST,DISCOVERY
w0__BUY__seq314,w0,987,912,2025-10-07 18:45:00,BUY,Asia-Low,PERIOD_M15,STRONG_TREND,UP,9.10857,182.0,0.199811825566472,0.10375463213988172,PERIOD_D1,STRONG_TREND,UP,False,True,True,MINUS_1R_FIRST,FAILURE_FIRST,N/A_NO_RETEST,DISCOVERY
w0__SELL__seq380,w0,992,991,2025-10-07 00:00:00,SELL,Daily-High,PERIOD_D1,STRONG_TREND,UP,60.36357,91.3,0.015125016628406835,0.05254523751895456,PERIOD_M15,WEAK_TREND,UP,True,False,True,PLUS_1R_FIRST,FAILURE_FIRST,N/A_NO_RETEST,DISCOVERY
w0__BUY__seq316,w0,1012,1011,2025-10-08 04:30:00,BUY,Asia-Low,PERIOD_M5,WEAK_TREND,DOWN,4.16143,401.9,0.96577378449235,0.051524782681763366,PERIOD_D1,STRONG_TREND,UP,True,False,True,PLUS_1R_FIRST,FAILURE_FIRST,N/A_NO_RETEST,DISCOVERY
w0__BUY__seq317,w0,1014,1011,2025-10-08 06:00:00,BUY,Asia-Low,PERIOD_H1,STRONG_TREND,UP,13.12714,579.1,0.44114711963154196,0.051524782681763366,PERIOD_D1,STRONG_TREND,UP,False,True,True,MINUS_1R_FIRST,FAILURE_FIRST,N/A_NO_RETEST,DISCOVERY
w0__SELL__seq418,w0,1048,1046,2025-10-08 16:45:00,SELL,Equal-High,PERIOD_M15,WEAK_TREND,DOWN,7.70714,106.4,0.13805380465386644,0.028669441341334416,PERIOD_M15,WEAK_TREND,DOWN,False,True,True,AMBIGUOUS_SAME_BAR,FAILURE_FIRST,HOLD,DISCOVERY
w0__BUY__seq320,w0,1074,1073,2025-10-09 00:00:00,BUY,Asia-Low,PERIOD_D1,STRONG_TREND,UP,61.78643,571.4,0.09247985358597348,0.09247985358597348,PERIOD_D1,STRONG_TREND,UP,False,True,True,AMBIGUOUS_SAME_BAR,FAILURE_FIRST,N/A_NO_RETEST,DISCOVERY
w0__BUY__seq333,w0,1102,1073,2025-10-09 15:30:00,BUY,Asia-Low,PERIOD_M5,WEAK_TREND,DOWN,3.15643,398.9,1.2637695117585375,0.09247985358597348,PERIOD_D1,STRONG_TREND,UP,True,False,True,AMBIGUOUS_SAME_BAR,FAILURE_FIRST,N/A_NO_RETEST,DISCOVERY
w0__BUY__seq360,w0,1143,1142,2025-10-10 00:00:00,BUY,Equal-Low,PERIOD_D1,STRONG_TREND,UP,66.09857,154.1,0.023313666241190998,0.07627861122554902,PERIOD_M5,WEAK_TREND,DOWN,True,True,True,AMBIGUOUS_SAME_BAR,FAILURE_FIRST,N/A_NO_RETEST,DISCOVERY
w0__SELL__seq486,w0,1172,1171,2025-10-10 00:00:00,SELL,Equal-High,PERIOD_D1,STRONG_TREND,UP,66.09857,236.5,0.03577989659988106,0.020270178492504735,PERIOD_M5,STRONG_TREND,UP,False,False,True,AMBIGUOUS_SAME_BAR,FAILURE_FIRST,FAIL,DISCOVERY
w0__BUY__seq365,w0,1194,1193,2025-10-13 08:15:00,BUY,Asia-Low,PERIOD_M15,STRONG_TREND,UP,6.49,1151.0,1.773497688751926,0.09333233220447079,PERIOD_D1,STRONG_TREND,UP,False,True,True,PLUS_1R_FIRST,FAILURE_FIRST,N/A_NO_RETEST,DISCOVERY
w0__BUY__seq367,w0,1227,1225,2025-10-14 00:00:00,BUY,Asia-Low,PERIOD_D1,STRONG_TREND,UP,71.30571,860.3,0.12064952442097553,0.12064952442097553,PERIOD_D1,STRONG_TREND,UP,False,True,True,AMBIGUOUS_SAME_BAR,FAILURE_FIRST,N/A_NO_RETEST,DISCOVERY
w0__BUY__seq369,w0,1233,1225,2025-10-14 03:00:00,BUY,Asia-Low,PERIOD_M30,STRONG_TREND,UP,9.54714,1033.4,1.0824183996463863,0.12064952442097553,PERIOD_D1,STRONG_TREND,UP,False,True,True,MINUS_1R_FIRST,FAILURE_FIRST,N/A_NO_RETEST,DISCOVERY
w0__BUY__seq371,w0,1236,1225,2025-10-14 05:00:00,BUY,Asia-Low,PERIOD_M30,STRONG_TREND,UP,10.34357,1012.0,0.9783856057434717,0.12064952442097553,PERIOD_D1,STRONG_TREND,UP,False,True,True,PLUS_1R_FIRST,CONTINUATION_FIRST,N/A_NO_RETEST,DISCOVERY
w0__SELL__seq523,w0,1242,1240,2025-10-14 09:00:00,SELL,Equal-High,PERIOD_H1,STRONG_TREND,UP,18.70429,288.1,0.15402883509611967,0.3280467436648628,PERIOD_M5,VOLATILE,UP,True,False,False,AMBIGUOUS_SAME_BAR,FAILURE_FIRST,N/A_NO_RETEST,DISCOVERY
w0__BUY__seq375,w0,1243,1225,2025-10-14 09:00:00,BUY,Asia-Low,PERIOD_M30,VOLATILE,UP,16.17071,655.9,0.4056098959167532,0.12064952442097553,PERIOD_D1,STRONG_TREND,UP,True,True,False,AMBIGUOUS_SAME_BAR,FAILURE_FIRST,AMBIGUOUS,DISCOVERY
w0__SELL__seq527,w0,1250,1249,2025-10-14 09:45:00,SELL,Daily-High,PERIOD_M15,VOLATILE,UP,16.19357,185.2,0.11436638122415253,0.017065466606200137,PERIOD_M30,VOLATILE,UP,False,False,True,PLUS_1R_FIRST,FAILURE_FIRST,N/A_NO_RETEST,DISCOVERY
w0__BUY__seq381,w0,1270,1225,2025-10-14 16:00:00,BUY,Asia-Low,PERIOD_H4,STRONG_TREND,DOWN,39.63929,162.7,0.04104513476401822,0.12064952442097553,PERIOD_D1,STRONG_TREND,UP,False,False,True,MINUS_1R_FIRST,FAILURE_FIRST,N/A_NO_RETEST,DISCOVERY
w0__BUY__seq384,w0,1287,1225,2025-10-14 20:00:00,BUY,Asia-Low,PERIOD_H4,STRONG_TREND,DOWN,40.75071,499.9,0.12267270926077116,0.12064952442097553,PERIOD_D1,STRONG_TREND,UP,False,False,True,AMBIGUOUS_SAME_BAR,FAILURE_FIRST,N/A_NO_RETEST,DISCOVERY
w0__SELL__seq548,w0,1292,1290,2025-10-14 00:00:00,SELL,Equal-High,PERIOD_D1,STRONG_TREND,UP,71.30571,344.9,0.048369197922578704,0.06929056394951486,PERIOD_M15,RANGING,UP,True,False,False,AMBIGUOUS_SAME_BAR,FAILURE_FIRST,N/A_NO_RETEST,DISCOVERY
w0__BUY__seq387,w0,1291,1225,2025-10-14 22:45:00,BUY,Asia-Low,PERIOD_M15,RANGING,UP,8.45714,489.0,0.578209654800559,0.12064952442097553,PERIOD_D1,STRONG_TREND,UP,True,True,False,PLUS_1R_FIRST,FAILURE_FIRST,N/A_NO_RETEST,DISCOVERY
w0__BUY__seq391,w0,1361,1360,2025-10-16 00:00:00,BUY,Asia-Low,PERIOD_D1,STRONG_TREND,UP,76.02,543.7,0.07152065245987899,0.07152065245987899,PERIOD_D1,STRONG_TREND,UP,False,True,True,AMBIGUOUS_SAME_BAR,FAILURE_FIRST,N/A_NO_RETEST,DISCOVERY
w0__BUY__seq394,w0,1372,1360,2025-10-16 04:00:00,BUY,Asia-Low,PERIOD_M30,WEAK_TREND,UP,10.24643,567.0,0.5533634641528805,0.07152065245987899,PERIOD_D1,STRONG_TREND,UP,True,True,True,PLUS_1R_FIRST,CONTINUATION_FIRST,HOLD,DISCOVERY
w0__SELL__seq613,w0,1397,1396,2025-10-16 00:00:00,SELL,Asia-High,PERIOD_D1,STRONG_TREND,UP,76.02,340.8,0.04483030781373323,0.05,PERIOD_M15,RANGING,DOWN,True,False,False,AMBIGUOUS_SAME_BAR,FAILURE_FIRST,N/A_NO_RETEST,DISCOVERY
w0__BUY__seq396,w0,1422,1421,2025-10-17 00:00:00,BUY,Asia-Low,PERIOD_H4,STRONG_TREND,UP,37.29714,1225.0,0.3284434141599061,0.1496496487936528,PERIOD_D1,STRONG_TREND,UP,False,True,True,PLUS_1R_FIRST,CONTINUATION_FIRST,N/A_NO_RETEST,DISCOVERY
w0__BUY__seq398,w0,1437,1421,2025-10-17 06:00:00,BUY,Asia-Low,PERIOD_H1,VOLATILE,UP,30.89,1389.7,0.4498866947232114,0.1496496487936528,PERIOD_D1,STRONG_TREND,UP,True,True,False,MINUS_1R_FIRST,FAILURE_FIRST,FAIL,DISCOVERY
w0__BUY__seq420,w0,1468,1467,2025-10-17 00:00:00,BUY,Daily-Low,PERIOD_D1,STRONG_TREND,UP,81.85786,1264.6,0.1544873027464925,0.03085388224340135,PERIOD_M15,STRONG_TREND,DOWN,False,True,True,PLUS_1R_FIRST,FAILURE_FIRST,N/A_NO_RETEST,DISCOVERY
w0__BUY__seq433,w0,1508,1507,2025-10-21 00:00:00,BUY,Daily-Low,PERIOD_D1,VOLATILE,UP,96.115,1373.8,0.14293294490974354,0.04245604618062915,PERIOD_M15,STRONG_TREND,DOWN,True,True,False,AMBIGUOUS_SAME_BAR,FAILURE_FIRST,N/A_NO_RETEST,DISCOVERY
w0__BUY__seq434,w0,1512,1511,2025-10-21 00:00:00,BUY,Equal-Low,PERIOD_D1,VOLATILE,UP,96.115,2554.3,0.26575456484419707,0.04740276455173443,PERIOD_M5,WEAK_TREND,DOWN,True,True,False,AMBIGUOUS_SAME_BAR,FAILURE_FIRST,N/A_NO_RETEST,DISCOVERY
w0__BUY__seq444,w0,1532,1531,2025-10-22 00:00:00,BUY,Equal-Low,PERIOD_D1,VOLATILE,DOWN,114.06357,112.3,0.009845387094231751,0.015026841695979443,PERIOD_M5,WEAK_TREND,UP,True,False,False,AMBIGUOUS_SAME_BAR,FAILURE_FIRST,N/A_NO_RETEST,DISCOVERY
w0__BUY__seq487,w0,1615,1611,2025-10-24 16:15:00,BUY,Asia-Low,PERIOD_M15,STRONG_TREND,DOWN,12.76286,309.2,0.2422654483399489,0.02714570858283433,PERIOD_M5,WEAK_TREND,UP,True,False,True,AMBIGUOUS_SAME_BAR,FAILURE_FIRST,N/A_NO_RETEST,DISCOVERY
w0__BUY__seq562,w0,1698,1696,2025-10-28 03:15:00,BUY,Weekly-Low,PERIOD_M15,RANGING,DOWN,11.32286,137.7,0.12161238415029418,0.010273599048909942,PERIOD_H1,STRONG_TREND,DOWN,True,False,False,AMBIGUOUS_SAME_BAR,FAILURE_FIRST,N/A_NO_RETEST,DISCOVERY
w0__BUY__seq586,w0,1722,1720,2025-10-28 16:00:00,BUY,Asia-Low,PERIOD_H1,STRONG_TREND,DOWN,26.56643,170.8,0.06429166432975753,0.008352830094427924,PERIOD_M15,WEAK_TREND,DOWN,True,False,True,PLUS_1R_FIRST,FAILURE_FIRST,N/A_NO_RETEST,DISCOVERY
w0__BUY__seq588,w0,1726,1725,2025-10-28 00:00:00,BUY,Equal-Low,PERIOD_D1,VOLATILE,UP,129.805,268.0,0.020646354146604522,0.035315336525727645,PERIOD_M5,WEAK_TREND,DOWN,True,True,False,AMBIGUOUS_SAME_BAR,FAILURE_FIRST,N/A_NO_RETEST,DISCOVERY
w0__BUY__seq589,w0,1729,1728,2025-10-28 00:00:00,BUY,Equal-Low,PERIOD_D1,VOLATILE,DOWN,129.805,305.5,0.023535302954431646,0.005937675064604487,PERIOD_M5,RANGING,UP,True,False,False,AMBIGUOUS_SAME_BAR,FAILURE_FIRST,N/A_NO_RETEST,DISCOVERY
w0__BUY__seq663,w0,1868,1854,2025-10-31 01:00:00,BUY,Weekly-Low,PERIOD_M30,STRONG_TREND,UP,11.88929,336.4,0.2829437249827365,0.0008415759964164165,PERIOD_H1,WEAK_TREND,UP,True,True,True,MINUS_1R_FIRST,FAILURE_FIRST,N/A_NO_RETEST,DISCOVERY
w0__SELL__seq760,w0,1876,1874,2025-10-31 04:45:00,SELL,Daily-High,PERIOD_M15,STRONG_TREND,UP,9.82071,240.4,0.2447888187310286,0.02950080625989924,PERIOD_M15,WEAK_TREND,UP,True,False,True,MINUS_1R_FIRST,FAILURE_FIRST,AMBIGUOUS,DISCOVERY
w0__SELL__seq809,w0,2027,2024,2025-11-04 16:30:00,SELL,Asia-High,PERIOD_M5,STRONG_TREND,UP,7.44071,479.6,0.6445621452791468,0.07585048604489433,PERIOD_H4,RANGING,UP,True,False,False,AMBIGUOUS_SAME_BAR,FAILURE_FIRST,N/A_NO_RETEST,DISCOVERY
w0__SELL__seq810,w0,2028,2024,2025-11-04 17:00:00,SELL,Asia-High,PERIOD_H1,WEAK_TREND,DOWN,16.52571,424.3,0.256751449710784,0.07585048604489433,PERIOD_H4,RANGING,UP,True,True,False,AMBIGUOUS_SAME_BAR,FAILURE_FIRST,N/A_NO_RETEST,DISCOVERY
w0__SELL__seq921,w0,2233,2232,2025-11-11 00:00:00,SELL,Equal-High,PERIOD_D1,WEAK_TREND,UP,96.57786,283.2,0.029323490911892226,0.0728425286662,PERIOD_M5,WEAK_TREND,UP,False,False,True,AMBIGUOUS_SAME_BAR,FAILURE_FIRST,N/A_NO_RETEST,DISCOVERY
w0__SELL__seq922,w0,2236,2235,2025-11-11 00:00:00,SELL,Equal-High,PERIOD_D1,WEAK_TREND,DOWN,96.57786,283.2,0.029323490911892226,0.06788732394366198,PERIOD_M5,WEAK_TREND,DOWN,False,True,True,AMBIGUOUS_SAME_BAR,FAILURE_FIRST,N/A_NO_RETEST,DISCOVERY
w0__SELL__seq925,w0,2246,2245,2025-11-11 00:00:00,SELL,Daily-High,PERIOD_D1,WEAK_TREND,DOWN,96.57786,6.9,0.0007144494607770353,0.07847498014297061,PERIOD_H1,STRONG_TREND,DOWN,True,True,True,AMBIGUOUS_SAME_BAR,FAILURE_FIRST,N/A_NO_RETEST,DISCOVERY
w0__SELL__seq944,w0,2278,2277,2025-11-12 04:45:00,SELL,Equal-High,PERIOD_M15,WEAK_TREND,UP,6.50143,65.3,0.10043944178434591,0.005946599536165237,PERIOD_M5,WEAK_TREND,DOWN,False,False,True,AMBIGUOUS_SAME_BAR,FAILURE_FIRST,N/A_NO_RETEST,DISCOVERY
w0__BUY__seq824,w0,2281,2280,2025-11-12 10:30:00,BUY,Equal-Low,PERIOD_M30,WEAK_TREND,DOWN,9.65286,150.4,0.15580874476579998,0.14836679597876615,PERIOD_M5,WEAK_TREND,UP,False,False,True,AMBIGUOUS_SAME_BAR,FAILURE_FIRST,N/A_NO_RETEST,DISCOVERY
w0__SELL__seq965,w0,2353,2350,2025-11-13 16:45:00,SELL,Daily-High,PERIOD_M15,WEAK_TREND,UP,12.09143,238.6,0.1973298443608407,0.004738390361026506,PERIOD_M30,WEAK_TREND,UP,False,False,True,MINUS_1R_FIRST,FAILURE_FIRST,N/A_NO_RETEST,DISCOVERY
w0__BUY__seq845,w0,2359,2334,2025-11-13 19:15:00,BUY,Asia-Low,PERIOD_M15,WEAK_TREND,DOWN,14.55071,151.2,0.10391245513105546,0.10272400313502027,PERIOD_D1,STRONG_TREND,UP,True,False,True,AMBIGUOUS_SAME_BAR,FAILURE_FIRST,HOLD,DISCOVERY
w0__BUY__seq846,w0,2362,2334,2025-11-13 20:00:00,BUY,Asia-Low,PERIOD_H4,STRONG_TREND,UP,33.625,218.6,0.06501115241635688,0.10272400313502027,PERIOD_D1,STRONG_TREND,UP,False,True,True,PLUS_1R_FIRST,FAILURE_FIRST,N/A_NO_RETEST,DISCOVERY
w0__SELL__seq1003,w0,2504,2503,2025-11-19 15:15:00,SELL,Equal-High,PERIOD_M15,STRONG_TREND,UP,7.57929,166.3,0.21941369178379508,0.06982464956206214,PERIOD_M5,RANGING,UP,True,False,False,AMBIGUOUS_SAME_BAR,FAILURE_FIRST,N/A_NO_RETEST,DISCOVERY
w0__SELL__seq1006,w0,2522,2512,2025-11-19 18:30:00,SELL,Equal-High,PERIOD_M30,WEAK_TREND,UP,15.74929,452.7,0.28744152911020115,0.027898280710650907,PERIOD_M30,WEAK_TREND,UP,False,False,True,MINUS_1R_FIRST,FAILURE_FIRST,N/A_NO_RETEST,DISCOVERY
w0__SELL__seq1023,w0,2549,2548,2025-11-20 04:30:00,SELL,Equal-High,PERIOD_M30,WEAK_TREND,UP,14.66,270.7,0.18465211459754433,0.0040202371078414244,PERIOD_H1,RANGING,UP,True,False,False,MINUS_1R_FIRST,FAILURE_FIRST,N/A_NO_RETEST,DISCOVERY
w0__BUY__seq1008,w0,2654,2652,2025-11-21 15:00:00,BUY,Daily-Low,PERIOD_H1,RANGING,DOWN,20.05429,269.9,0.13458466991351972,0.03878767515445586,PERIOD_M30,WEAK_TREND,DOWN,True,False,False,AMBIGUOUS_SAME_BAR,FAILURE_FIRST,N/A_NO_RETEST,DISCOVERY
w0__SELL__seq1061,w0,2680,2676,2025-11-21 22:30:00,SELL,Equal-High,PERIOD_M30,WEAK_TREND,UP,14.60714,191.2,0.13089489112858507,0.07800269905533062,PERIOD_M5,STRONG_TREND,DOWN,True,False,True,PLUS_1R_FIRST,FAILURE_FIRST,N/A_NO_RETEST,DISCOVERY
w0__BUY__seq1024,w0,2800,2796,2025-11-25 15:30:00,BUY,Asia-Low,PERIOD_M30,WEAK_TREND,DOWN,11.68857,192.1,0.1643485901183806,0.0901330074176036,PERIOD_M15,WEAK_TREND,DOWN,False,False,True,PLUS_1R_FIRST,FAILURE_FIRST,N/A_NO_RETEST,DISCOVERY
w0__SELL__seq1227,w0,2890,2887,2025-11-26 15:00:00,SELL,Daily-High,PERIOD_H1,WEAK_TREND,UP,12.82571,40.4,0.03149923084180135,0.016233377875443853,PERIOD_M15,WEAK_TREND,UP,False,False,True,AMBIGUOUS_SAME_BAR,FAILURE_FIRST,N/A_NO_RETEST,DISCOVERY
w0__BUY__seq1046,w0,2956,2953,2025-11-28 17:00:00,BUY,Asia-Low,PERIOD_H1,WEAK_TREND,UP,13.87,350.0,0.2523431867339582,0.09495907298094916,PERIOD_H4,WEAK_TREND,UP,False,True,True,MINUS_1R_FIRST,FAILURE_FIRST,N/A_NO_RETEST,DISCOVERY
w0__BUY__seq1049,w0,2959,2953,2025-11-28 17:30:00,BUY,Asia-Low,PERIOD_M5,STRONG_TREND,UP,6.41786,341.7,0.532420464142253,0.09495907298094916,PERIOD_H4,WEAK_TREND,UP,True,True,True,AMBIGUOUS_SAME_BAR,FAILURE_FIRST,N/A_NO_RETEST,DISCOVERY
w0__BUY__seq1056,w0,2960,2953,2025-11-28 19:15:00,BUY,Asia-Low,PERIOD_M5,STRONG_TREND,UP,4.68786,442.6,0.9441408233181026,0.09495907298094916,PERIOD_H4,WEAK_TREND,UP,True,True,True,PLUS_1R_FIRST,FAILURE_FIRST,AMBIGUOUS,DISCOVERY
w0__BUY__seq1120,w0,3156,3153,2025-12-04 12:00:00,BUY,Daily-Low,PERIOD_H1,WEAK_TREND,DOWN,11.71071,51.6,0.044062230214905844,0.036394849785407725,PERIOD_M15,WEAK_TREND,UP,False,False,True,PLUS_1R_FIRST,FAILURE_FIRST,N/A_NO_RETEST,DISCOVERY
w0__BUY__seq1179,w0,3355,3353,2025-12-10 19:00:00,BUY,Asia-Low,PERIOD_H1,RANGING,DOWN,9.66071,29.6,0.030639569969495,0.009417996364082616,PERIOD_M15,RANGING,DOWN,False,False,True,MINUS_1R_FIRST,FAILURE_FIRST,N/A_NO_RETEST,DISCOVERY
w0__SELL__seq1417,w0,3368,3364,2025-12-10 21:45:00,SELL,Asia-High,PERIOD_M15,RANGING,DOWN,9.315,311.1,0.3339774557165862,0.12241979994077071,PERIOD_M5,VOLATILE,DOWN,True,True,False,MINUS_1R_FIRST,FAILURE_FIRST,N/A_NO_RETEST,DISCOVERY
w0__BUY__seq1189,w0,3371,3370,2025-12-10 22:00:00,BUY,Asia-Low,PERIOD_M30,CHOPPY,UP,11.45786,147.3,0.1285580378884015,0.12955954153689458,PERIOD_H1,RANGING,DOWN,True,True,False,MINUS_1R_FIRST,FAILURE_FIRST,N/A_NO_RETEST,DISCOVERY
w0__BUY__seq1191,w0,3373,3370,2025-12-10 22:30:00,BUY,Asia-Low,PERIOD_M30,CHOPPY,UP,12.89286,308.4,0.23920216305769235,0.12955954153689458,PERIOD_H1,RANGING,DOWN,True,True,False,AMBIGUOUS_SAME_BAR,FAILURE_FIRST,N/A_NO_RETEST,DISCOVERY
w0__BUY__seq1198,w0,3397,3396,2025-12-11 16:15:00,BUY,Equal-Low,PERIOD_M15,RANGING,UP,6.37857,184.4,0.2890930098752542,0.07273867266892808,PERIOD_M15,RANGING,UP,False,True,True,PLUS_1R_FIRST,FAILURE_FIRST,N/A_NO_RETEST,DISCOVERY
w0__BUY__seq1203,w0,3420,3419,2025-12-12 00:00:00,BUY,Asia-Low,PERIOD_D1,STRONG_TREND,UP,58.23143,690.3,0.11854422946508439,0.11854422946508439,PERIOD_D1,STRONG_TREND,UP,False,True,True,PLUS_1R_FIRST,FAILURE_FIRST,N/A_NO_RETEST,DISCOVERY
w0__BUY__seq1204,w0,3422,3419,2025-12-12 11:30:00,BUY,Asia-Low,PERIOD_M5,STRONG_TREND,UP,4.00143,489.3,1.222812844408124,0.11854422946508439,PERIOD_D1,STRONG_TREND,UP,False,True,True,MINUS_1R_FIRST,FAILURE_FIRST,HOLD,DISCOVERY
w0__BUY__seq1205,w0,3424,3419,2025-12-12 12:00:00,BUY,Asia-Low,PERIOD_H4,WEAK_TREND,UP,27.69929,537.4,0.1940121930923139,0.11854422946508439,PERIOD_D1,STRONG_TREND,UP,True,True,True,AMBIGUOUS_SAME_BAR,FAILURE_FIRST,N/A_NO_RETEST,DISCOVERY
w0__BUY__seq1208,w0,3426,3419,2025-12-12 15:30:00,BUY,Asia-Low,PERIOD_M30,STRONG_TREND,UP,10.28786,714.9,0.6948967034932435,0.11854422946508439,PERIOD_D1,STRONG_TREND,UP,False,True,True,PLUS_1R_FIRST,FAILURE_FIRST,N/A_NO_RETEST,DISCOVERY
w0__SELL__seq1435,w0,3428,3427,2025-12-12 00:00:00,SELL,Equal-High,PERIOD_D1,STRONG_TREND,UP,58.23143,595.6,0.1022815342161441,0.07314471005343756,PERIOD_M5,STRONG_TREND,DOWN,False,False,True,MINUS_1R_FIRST,FAILURE_FIRST,N/A_NO_RETEST,DISCOVERY
w0__BUY__seq1209,w0,3431,3419,2025-12-12 16:00:00,BUY,Asia-Low,PERIOD_H1,STRONG_TREND,UP,12.46214,764.7,0.6136185277969916,0.11854422946508439,PERIOD_D1,STRONG_TREND,UP,False,True,True,MINUS_1R_FIRST,FAILURE_FIRST,N/A_NO_RETEST,DISCOVERY
w0__BUY__seq1210,w0,3435,3419,2025-12-12 17:30:00,BUY,Asia-Low,PERIOD_M30,VOLATILE,UP,15.32643,360.6,0.2352798401193233,0.11854422946508439,PERIOD_D1,STRONG_TREND,UP,True,True,False,PLUS_1R_FIRST,CONTINUATION_FIRST,N/A_NO_RETEST,DISCOVERY
w0__BUY__seq1211,w0,3440,3419,2025-12-12 18:00:00,BUY,Asia-Low,PERIOD_H1,STRONG_TREND,UP,17.31643,260.2,0.1502619188828182,0.11854422946508439,PERIOD_D1,STRONG_TREND,UP,False,True,True,AMBIGUOUS_SAME_BAR,FAILURE_FIRST,N/A_NO_RETEST,DISCOVERY
w0__SELL__seq1440,w0,3443,3439,2025-12-12 18:45:00,SELL,Asia-High,PERIOD_M15,WEAK_TREND,UP,18.89,163.3,0.0864478560084701,0.0026153668942406837,PERIOD_M30,VOLATILE,UP,True,False,False,AMBIGUOUS_SAME_BAR,FAILURE_FIRST,N/A_NO_RETEST,DISCOVERY
w0__BUY__seq1213,w0,3452,3419,2025-12-12 20:00:00,BUY,Asia-Low,PERIOD_H4,STRONG_TREND,UP,34.25286,298.4,0.08711681301940918,0.11854422946508439,PERIOD_D1,STRONG_TREND,UP,False,True,True,MINUS_1R_FIRST,FAILURE_FIRST,N/A_NO_RETEST,DISCOVERY
w0__BUY__seq1217,w0,3462,3457,2025-12-15 02:00:00,BUY,Asia-Low,PERIOD_M5,RANGING,UP,3.67286,379.4,1.0329824714255376,0.06278800114398359,PERIOD_D1,STRONG_TREND,DOWN,True,True,False,PLUS_1R_FIRST,CONTINUATION_FIRST,AMBIGUOUS,DISCOVERY
w0__BUY__seq1218,w0,3466,3457,2025-12-15 02:15:00,BUY,Asia-Low,PERIOD_M5,RANGING,UP,3.79786,396.6,1.0442723007167194,0.06278800114398359,PERIOD_D1,STRONG_TREND,DOWN,True,True,False,MINUS_1R_FIRST,FAILURE_FIRST,N/A_NO_RETEST,DISCOVERY
w0__BUY__seq1219,w0,3469,3457,2025-12-15 03:15:00,BUY,Asia-Low,PERIOD_M15,WEAK_TREND,UP,5.62429,487.7,0.8671316735090118,0.06278800114398359,PERIOD_D1,STRONG_TREND,DOWN,True,True,True,MINUS_1R_FIRST,FAILURE_FIRST,N/A_NO_RETEST,DISCOVERY
w0__BUY__seq1220,w0,3471,3457,2025-12-15 04:00:00,BUY,Asia-Low,PERIOD_M30,WEAK_TREND,UP,9.03571,580.2,0.6421188816374143,0.06278800114398359,PERIOD_D1,STRONG_TREND,DOWN,True,True,True,PLUS_1R_FIRST,FAILURE_FIRST,N/A_NO_RETEST,DISCOVERY
w0__BUY__seq1222,w0,3486,3457,2025-12-15 20:00:00,BUY,Asia-Low,PERIOD_H4,STRONG_TREND,UP,33.54286,43.3,0.012908857503504472,0.06278800114398359,PERIOD_D1,STRONG_TREND,DOWN,False,True,True,AMBIGUOUS_SAME_BAR,FAILURE_FIRST,N/A_NO_RETEST,DISCOVERY
w0__SELL__seq1452,w0,3499,3497,2025-12-16 05:00:00,SELL,Equal-High,PERIOD_H1,RANGING,UP,15.02643,198.9,0.13236676975169753,0.005379438709365065,PERIOD_M5,RANGING,UP,False,False,True,AMBIGUOUS_SAME_BAR,FAILURE_FIRST,N/A_NO_RETEST,DISCOVERY
w0__BUY__seq1245,w0,3525,3523,2025-12-16 14:15:00,BUY,Equal-Low,PERIOD_M15,WEAK_TREND,DOWN,5.19357,113.6,0.21873200900344075,0.03447283339915525,PERIOD_M5,RANGING,DOWN,True,False,False,PLUS_1R_FIRST,FAILURE_FIRST,N/A_NO_RETEST,DISCOVERY
w0__SELL__seq1489,w0,3596,3591,2025-12-18 05:15:00,SELL,Asia-High,PERIOD_M5,RANGING,UP,2.76143,64.9,0.23502315829117526,0.043814910577750686,PERIOD_M15,WEAK_TREND,UP,True,False,False,PLUS_1R_FIRST,FAILURE_FIRST,N/A_NO_RETEST,DISCOVERY
w0__SELL__seq1490,w0,3621,3615,2025-12-18 16:45:00,SELL,Asia-High,PERIOD_M15,WEAK_TREND,DOWN,8.10071,287.3,0.3546602705194977,0.10851531016868272,PERIOD_M15,STRONG_TREND,DOWN,True,True,True,AMBIGUOUS_SAME_BAR,FAILURE_FIRST,FAIL,DISCOVERY
w0__BUY__seq1285,w0,3630,3593,2025-12-18 18:15:00,BUY,Asia-Low,PERIOD_M15,WEAK_TREND,UP,12.69714,377.1,0.2969960164257463,0.049783580830307615,PERIOD_D1,STRONG_TREND,UP,True,True,True,PLUS_1R_FIRST,FAILURE_FIRST,FAIL,DISCOVERY
w0__BUY__seq1286,w0,3632,3593,2025-12-18 18:30:00,BUY,Asia-Low,PERIOD_M30,WEAK_TREND,UP,11.97429,429.2,0.35843461282464345,0.049783580830307615,PERIOD_D1,STRONG_TREND,UP,True,True,True,AMBIGUOUS_SAME_BAR,FAILURE_FIRST,N/A_NO_RETEST,DISCOVERY
w0__BUY__seq1287,w0,3636,3614,2025-12-18 19:00:00,BUY,Asia-Low,PERIOD_H1,WEAK_TREND,UP,13.03571,358.7,0.2751672137536045,0.13333862717461073,PERIOD_H1,WEAK_TREND,DOWN,False,True,True,AMBIGUOUS_SAME_BAR,FAILURE_FIRST,AMBIGUOUS,DISCOVERY
w0__BUY__seq1293,w0,3665,3664,2025-12-19 11:45:00,BUY,Equal-Low,PERIOD_M15,WEAK_TREND,DOWN,4.27071,83.2,0.19481538198566514,0.04530669930552269,PERIOD_M15,WEAK_TREND,DOWN,False,False,True,AMBIGUOUS_SAME_BAR,FAILURE_FIRST,HOLD,DISCOVERY
w0__BUY__seq1294,w0,3671,3670,2025-12-19 15:30:00,BUY,Equal-Low,PERIOD_M30,RANGING,UP,5.99786,137.4,0.229081705808405,0.07611419471181996,PERIOD_M30,RANGING,UP,False,True,True,AMBIGUOUS_SAME_BAR,FAILURE_FIRST,N/A_NO_RETEST,DISCOVERY
w0__BUY__seq1295,w0,3701,3700,2025-12-22 04:00:00,BUY,Asia-Low,PERIOD_H4,WEAK_TREND,UP,24.97071,703.7,0.2818101687937588,0.04401602328427835,PERIOD_D1,STRONG_TREND,UP,True,True,True,PLUS_1R_FIRST,FAILURE_FIRST,N/A_NO_RETEST,DISCOVERY
w0__BUY__seq1298,w0,3705,3700,2025-12-22 08:45:00,BUY,Asia-Low,PERIOD_M15,STRONG_TREND,UP,6.00929,908.3,1.5114930382790646,0.04401602328427835,PERIOD_D1,STRONG_TREND,UP,False,True,True,PLUS_1R_FIRST,CONTINUATION_FIRST,N/A_NO_RETEST,DISCOVERY
w0__BUY__seq1301,w0,3720,3719,2025-12-23 01:15:00,BUY,Asia-Low,PERIOD_M15,STRONG_TREND,UP,5.23214,998.1,1.907632441027954,0.13974131688090566,PERIOD_D1,STRONG_TREND,UP,False,True,True,PLUS_1R_FIRST,FAILURE_FIRST,N/A_NO_RETEST,DISCOVERY
w0__SELL__seq1518,w0,3723,3722,2025-12-23 00:00:00,SELL,Equal-High,PERIOD_D1,STRONG_TREND,UP,63.39571,449.3,0.0708723035044485,0.01796376786125723,PERIOD_M5,STRONG_TREND,UP,False,False,True,MINUS_1R_FIRST,FAILURE_FIRST,N/A_NO_RETEST,DISCOVERY
w0__SELL__seq1519,w0,3730,3729,2025-12-23 00:00:00,SELL,Daily-High,PERIOD_D1,STRONG_TREND,UP,63.39571,51.9,0.008186673830137717,0.018703317123791825,PERIOD_H1,STRONG_TREND,UP,False,False,True,MINUS_1R_FIRST,FAILURE_FIRST,N/A_NO_RETEST,DISCOVERY
w0__SELL__seq1523,w0,3742,3741,2025-12-23 00:00:00,SELL,Equal-High,PERIOD_D1,STRONG_TREND,UP,63.39571,360.5,0.056865046546524994,0.05000778630005988,PERIOD_M5,STRONG_TREND,DOWN,False,False,True,MINUS_1R_FIRST,FAILURE_FIRST,N/A_NO_RETEST,DISCOVERY
w0__BUY__seq1330,w0,3778,3751,2025-12-24 08:00:00,BUY,Asia-Low,PERIOD_H4,STRONG_TREND,UP,32.61857,188.7,0.057850482102679554,0.041025808263800714,PERIOD_D1,STRONG_TREND,UP,False,True,True,AMBIGUOUS_SAME_BAR,FAILURE_FIRST,N/A_NO_RETEST,DISCOVERY
w0__BUY__seq1328,w0,3754,3740,2025-12-24 01:45:00,BUY,Asia-Low,PERIOD_M15,WEAK_TREND,UP,6.41357,473.2,0.7378106109389935,0.05016866046596624,PERIOD_H4,STRONG_TREND,UP,True,True,True,MINUS_1R_FIRST,FAILURE_FIRST,N/A_NO_RETEST,DISCOVERY
w0__SELL__seq1530,w0,3760,3758,2025-12-24 05:00:00,SELL,Daily-High,PERIOD_M30,STRONG_TREND,UP,12.91857,222.7,0.17238750109338724,0.10782263636271205,PERIOD_H1,STRONG_TREND,DOWN,False,False,True,AMBIGUOUS_SAME_BAR,FAILURE_FIRST,N/A_NO_RETEST,DISCOVERY
w0__BUY__seq1331,w0,3783,3751,2025-12-24 12:15:00,BUY,Asia-Low,PERIOD_M5,STRONG_TREND,UP,3.98714,211.7,0.5309570268412948,0.041025808263800714,PERIOD_D1,STRONG_TREND,UP,False,True,True,AMBIGUOUS_SAME_BAR,FAILURE_FIRST,N/A_NO_RETEST,DISCOVERY
w0__BUY__seq1332,w0,3790,3751,2025-12-24 13:45:00,BUY,Asia-Low,PERIOD_M5,RANGING,UP,2.92,185.6,0.6356164383561643,0.041025808263800714,PERIOD_D1,STRONG_TREND,UP,True,True,False,MINUS_1R_FIRST,FAILURE_FIRST,N/A_NO_RETEST,DISCOVERY
w0__BUY__seq1333,w0,3795,3751,2025-12-24 14:45:00,BUY,Asia-Low,PERIOD_M5,WEAK_TREND,UP,2.89857,209.9,0.7241501844012739,0.041025808263800714,PERIOD_D1,STRONG_TREND,UP,True,True,True,AMBIGUOUS_SAME_BAR,FAILURE_FIRST,N/A_NO_RETEST,DISCOVERY
w0__BUY__seq1334,w0,3800,3751,2025-12-24 15:30:00,BUY,Asia-Low,PERIOD_M30,RANGING,DOWN,9.45,98.4,0.10412698412698415,0.041025808263800714,PERIOD_D1,STRONG_TREND,UP,True,False,False,PLUS_1R_FIRST,CONTINUATION_FIRST,N/A_NO_RETEST,DISCOVERY
w0__BUY__seq1335,w0,3806,3751,2025-12-24 16:45:00,BUY,Asia-Low,PERIOD_M5,WEAK_TREND,DOWN,5.64929,116.5,0.20622060471315867,0.041025808263800714,PERIOD_D1,STRONG_TREND,UP,True,False,True,MINUS_1R_FIRST,FAILURE_FIRST,N/A_NO_RETEST,DISCOVERY
w0__BUY__seq1347,w0,3820,3817,2025-12-26 09:30:00,BUY,Asia-Low,PERIOD_M5,WEAK_TREND,UP,3.45214,398.4,1.1540667527968158,0.016520355883792283,PERIOD_D1,STRONG_TREND,UP,True,True,True,PLUS_1R_FIRST,FAILURE_FIRST,N/A_NO_RETEST,DISCOVERY
w0__BUY__seq1348,w0,3822,3817,2025-12-26 11:00:00,BUY,Asia-Low,PERIOD_M5,STRONG_TREND,UP,2.97929,491.5,1.6497219136102896,0.016520355883792283,PERIOD_D1,STRONG_TREND,UP,False,True,True,AMBIGUOUS_SAME_BAR,FAILURE_FIRST,HOLD,DISCOVERY
w0__BUY__seq1349,w0,3824,3817,2025-12-26 12:15:00,BUY,Asia-Low,PERIOD_M15,STRONG_TREND,UP,5.36143,493.2,0.91990383162701,0.016520355883792283,PERIOD_D1,STRONG_TREND,UP,False,True,True,AMBIGUOUS_SAME_BAR,FAILURE_FIRST,N/A_NO_RETEST,DISCOVERY
w0__BUY__seq1350,w0,3826,3817,2025-12-26 15:00:00,BUY,Asia-Low,PERIOD_M5,WEAK_TREND,DOWN,3.03786,395.0,1.3002574180508648,0.016520355883792283,PERIOD_D1,STRONG_TREND,UP,True,False,True,PLUS_1R_FIRST,CONTINUATION_FIRST,N/A_NO_RETEST,DISCOVERY
w0__BUY__seq1351,w0,3830,3817,2025-12-26 16:00:00,BUY,Asia-Low,PERIOD_M30,STRONG_TREND,UP,8.83071,556.5,0.6301871536943237,0.016520355883792283,PERIOD_D1,STRONG_TREND,UP,False,True,True,PLUS_1R_FIRST,FAILURE_FIRST,N/A_NO_RETEST,DISCOVERY
w0__BUY__seq1352,w0,3836,3817,2025-12-26 17:00:00,BUY,Asia-Low,PERIOD_M30,STRONG_TREND,UP,9.86786,514.1,0.5209842863599605,0.016520355883792283,PERIOD_D1,STRONG_TREND,UP,False,True,True,PLUS_1R_FIRST,CONTINUATION_FIRST,N/A_NO_RETEST,DISCOVERY
w0__BUY__seq1353,w0,3878,3875,2025-12-29 01:15:00,BUY,Asia-Low,PERIOD_M5,RANGING,UP,5.31714,265.5,0.4993285864205193,0.03748082643223108,PERIOD_D1,STRONG_TREND,UP,True,True,False,PLUS_1R_FIRST,CONTINUATION_FIRST,N/A_NO_RETEST,DISCOVERY
w0__SELL__seq1594,w0,3886,3880,2025-12-29 02:30:00,SELL,Equal-High,PERIOD_M30,WEAK_TREND,UP,15.72286,488.8,0.31088491533983004,0.035786891218629886,PERIOD_M15,WEAK_TREND,UP,False,False,True,PLUS_1R_FIRST,FAILURE_FIRST,N/A_NO_RETEST,DISCOVERY
w0__SELL__seq1619,w0,3927,3925,2025-12-29 21:15:00,SELL,Equal-High,PERIOD_M5,RANGING,UP,5.43714,147.9,0.2720180094682131,0.04684608020423359,PERIOD_H4,STRONG_TREND,UP,True,False,False,AMBIGUOUS_SAME_BAR,FAILURE_FIRST,HOLD,DISCOVERY
w0__SELL__seq1622,w0,3929,3925,2025-12-29 22:00:00,SELL,Equal-High,PERIOD_M5,RANGING,UP,4.04071,131.9,0.3264277812562644,0.04684608020423359,PERIOD_H4,STRONG_TREND,UP,True,False,False,MINUS_1R_FIRST,FAILURE_FIRST,N/A_NO_RETEST,DISCOVERY
w0__SELL__seq1629,w0,3938,3925,2025-12-30 00:00:00,SELL,Equal-High,PERIOD_D1,STRONG_TREND,UP,82.085,183.2,0.02231832856185661,0.04684608020423359,PERIOD_H4,STRONG_TREND,UP,False,False,True,MINUS_1R_FIRST,FAILURE_FIRST,N/A_NO_RETEST,DISCOVERY
w1__SELL__seq96,w1,147,146,2026-01-06 00:00:00,SELL,Equal-High,PERIOD_D1,STRONG_TREND,UP,90.00786,419.4,0.04659593062205901,0.039884550396015864,PERIOD_M5,STRONG_TREND,UP,False,False,True,MINUS_1R_FIRST,FAILURE_FIRST,N/A_NO_RETEST,VALIDATION
w1__BUY__seq54,w1,263,262,2026-01-09 07:45:00,BUY,Equal-Low,PERIOD_M5,WEAK_TREND,UP,3.56857,69.1,0.19363498544234806,0.1331904623611765,PERIOD_M5,STRONG_TREND,UP,True,True,True,AMBIGUOUS_SAME_BAR,FAILURE_FIRST,N/A_NO_RETEST,VALIDATION
w1__BUY__seq57,w1,280,278,2026-01-09 16:00:00,BUY,Equal-Low,PERIOD_H1,RANGING,UP,12.90429,221.4,0.17157084969417147,0.3166824343346105,PERIOD_M15,CHOPPY,UP,True,True,False,PLUS_1R_FIRST,FAILURE_FIRST,N/A_NO_RETEST,VALIDATION
w1__BUY__seq59,w1,286,285,2026-01-12 04:00:00,BUY,Asia-Low,PERIOD_H4,STRONG_TREND,UP,32.98929,1139.4,0.34538482034623974,0.057148786850418305,PERIOD_D1,STRONG_TREND,UP,False,True,True,AMBIGUOUS_SAME_BAR,FAILURE_FIRST,N/A_NO_RETEST,VALIDATION
w1__SELL__seq132,w1,305,302,2026-01-12 23:00:00,SELL,Asia-High,PERIOD_H1,STRONG_TREND,UP,17.87571,75.3,0.04212420094082976,0.11044577511643382,PERIOD_M15,WEAK_TREND,DOWN,True,False,True,AMBIGUOUS_SAME_BAR,FAILURE_FIRST,N/A_NO_RETEST,VALIDATION
w1__BUY__seq64,w1,308,306,2026-01-13 01:00:00,BUY,Asia-Low,PERIOD_M5,RANGING,DOWN,3.63857,611.9,1.6817046257183452,0.062341992747178,PERIOD_D1,STRONG_TREND,UP,True,False,False,PLUS_1R_FIRST,CONTINUATION_FIRST,N/A_NO_RETEST,VALIDATION
w1__BUY__seq65,w1,314,306,2026-01-13 02:00:00,BUY,Asia-Low,PERIOD_M30,WEAK_TREND,UP,12.44643,633.0,0.5085795685991887,0.062341992747178,PERIOD_D1,STRONG_TREND,UP,True,True,True,MINUS_1R_FIRST,FAILURE_FIRST,FAIL,VALIDATION
w1__BUY__seq67,w1,318,306,2026-01-13 02:30:00,BUY,Asia-Low,PERIOD_M30,WEAK_TREND,UP,12.38071,519.3,0.41944282678457045,0.062341992747178,PERIOD_D1,STRONG_TREND,UP,True,True,True,PLUS_1R_FIRST,FAILURE_FIRST,HOLD,VALIDATION
w1__BUY__seq69,w1,321,306,2026-01-13 00:00:00,BUY,Asia-Low,PERIOD_D1,STRONG_TREND,UP,98.15214,611.9,0.062341992747178,0.062341992747178,PERIOD_D1,STRONG_TREND,UP,False,True,True,PLUS_1R_FIRST,FAILURE_FIRST,N/A_NO_RETEST,VALIDATION
w1__BUY__seq71,w1,330,306,2026-01-13 05:00:00,BUY,Asia-Low,PERIOD_M30,STRONG_TREND,DOWN,12.57286,326.1,0.2593681946669254,0.062341992747178,PERIOD_D1,STRONG_TREND,UP,False,False,True,AMBIGUOUS_SAME_BAR,FAILURE_FIRST,N/A_NO_RETEST,VALIDATION
w1__BUY__seq76,w1,345,306,2026-01-13 10:00:00,BUY,Asia-Low,PERIOD_M5,RANGING,UP,3.575,69.6,0.19468531468531466,0.062341992747178,PERIOD_D1,STRONG_TREND,UP,True,True,False,AMBIGUOUS_SAME_BAR,FAILURE_FIRST,N/A_NO_RETEST,VALIDATION
w1__BUY__seq81,w1,352,306,2026-01-13 15:30:00,BUY,Asia-Low,PERIOD_M30,RANGING,UP,9.50714,272.8,0.28694223499390986,0.062341992747178,PERIOD_D1,STRONG_TREND,UP,True,True,False,PLUS_1R_FIRST,CONTINUATION_FIRST,N/A_NO_RETEST,VALIDATION
w1__BUY__seq82,w1,355,306,2026-01-13 16:00:00,BUY,Asia-Low,PERIOD_H1,WEAK_TREND,DOWN,14.57286,378.1,0.2594549045280062,0.062341992747178,PERIOD_D1,STRONG_TREND,UP,True,False,True,AMBIGUOUS_SAME_BAR,FAILURE_FIRST,N/A_NO_RETEST,VALIDATION
w1__BUY__seq83,w1,358,306,2026-01-13 17:30:00,BUY,Asia-Low,PERIOD_M30,WEAK_TREND,DOWN,12.75071,350.5,0.274886653370675,0.062341992747178,PERIOD_D1,STRONG_TREND,UP,True,False,True,PLUS_1R_FIRST,FAILURE_FIRST,HOLD,VALIDATION
w1__BUY__seq86,w1,367,306,2026-01-13 19:00:00,BUY,Asia-Low,PERIOD_M30,WEAK_TREND,UP,15.47,396.7,0.256431803490627,0.062341992747178,PERIOD_D1,STRONG_TREND,UP,True,True,True,PLUS_1R_FIRST,FAILURE_FIRST,AMBIGUOUS,VALIDATION
w1__SELL__seq221,w1,556,553,2026-01-16 17:30:00,SELL,Asia-High,PERIOD_M30,RANGING,DOWN,14.54071,509.9,0.350670634377551,0.0035010625194282444,PERIOD_M15,WEAK_TREND,DOWN,True,True,False,AMBIGUOUS_SAME_BAR,FAILURE_FIRST,N/A_NO_RETEST,VALIDATION
w1__SELL__seq222,w1,566,558,2026-01-16 18:00:00,SELL,Asia-High,PERIOD_H1,RANGING,DOWN,19.20857,451.9,0.23525957424212213,0.23525957424212213,PERIOD_H1,RANGING,UP,False,True,True,MINUS_1R_FIRST,FAILURE_FIRST,N/A_NO_RETEST,VALIDATION
w1__BUY__seq151,w1,597,593,2026-01-19 02:00:00,BUY,Asia-Low,PERIOD_H1,RANGING,DOWN,27.11929,814.0,0.30015535067474114,0.005851900321414283,PERIOD_D1,STRONG_TREND,UP,True,False,False,MINUS_1R_FIRST,FAILURE_FIRST,N/A_NO_RETEST,VALIDATION
w1__BUY__seq150,w1,594,575,2026-01-19 01:15:00,BUY,Daily-Low,PERIOD_M15,WEAK_TREND,DOWN,11.05571,730.9,0.6611063423335092,0.001274787535410765,PERIOD_H1,RANGING,DOWN,True,False,False,PLUS_1R_FIRST,CONTINUATION_FIRST,N/A_NO_RETEST,VALIDATION
w1__BUY__seq156,w1,618,617,2026-01-20 03:15:00,BUY,Asia-Low,PERIOD_M15,RANGING,UP,5.885,170.8,0.2902293967714529,0.020591097056677207,PERIOD_D1,STRONG_TREND,UP,True,True,False,AMBIGUOUS_SAME_BAR,FAILURE_FIRST,N/A_NO_RETEST,VALIDATION
w1__BUY__seq157,w1,626,617,2026-01-20 04:00:00,BUY,Asia-Low,PERIOD_H1,WEAK_TREND,UP,9.985,165.3,0.1655483224837256,0.020591097056677207,PERIOD_D1,STRONG_TREND,UP,True,True,True,PLUS_1R_FIRST,FAILURE_FIRST,N/A_NO_RETEST,VALIDATION
w1__BUY__seq159,w1,648,647,2026-01-21 03:30:00,BUY,Asia-Low,PERIOD_M30,STRONG_TREND,UP,12.475,1680.1,1.3467735470941884,0.12366238147286729,PERIOD_D1,STRONG_TREND,UP,False,True,True,AMBIGUOUS_SAME_BAR,FAILURE_FIRST,N/A_NO_RETEST,VALIDATION
w1__BUY__seq160,w1,650,647,2026-01-21 04:00:00,BUY,Asia-Low,PERIOD_H4,STRONG_TREND,UP,33.16357,1698.4,0.5121282178004359,0.12366238147286729,PERIOD_D1,STRONG_TREND,UP,False,True,True,PLUS_1R_FIRST,FAILURE_FIRST,HOLD,VALIDATION
w1__BUY__seq166,w1,657,647,2026-01-21 06:45:00,BUY,Asia-Low,PERIOD_M15,STRONG_TREND,UP,15.11286,1886.7,1.248406985838551,0.12366238147286729,PERIOD_D1,STRONG_TREND,UP,False,True,True,MINUS_1R_FIRST,FAILURE_FIRST,N/A_NO_RETEST,VALIDATION
w1__SELL__seq242,w1,667,666,2026-01-21 00:00:00,SELL,Equal-High,PERIOD_D1,STRONG_TREND,UP,84.05143,1077.8,0.12823101284534957,0.07385642617037376,PERIOD_M5,RANGING,UP,True,False,False,AMBIGUOUS_SAME_BAR,FAILURE_FIRST,N/A_NO_RETEST,VALIDATION
w1__SELL__seq243,w1,672,671,2026-01-21 00:00:00,SELL,Equal-High,PERIOD_D1,STRONG_TREND,UP,84.05143,873.1,0.1038768763363098,0.37732960603554877,PERIOD_M5,STRONG_TREND,UP,False,False,True,AMBIGUOUS_SAME_BAR,FAILURE_FIRST,N/A_NO_RETEST,VALIDATION
w1__BUY__seq174,w1,677,676,2026-01-22 01:15:00,BUY,Asia-Low,PERIOD_M15,WEAK_TREND,DOWN,21.56786,440.4,0.20419272009369496,0.06997455544301087,PERIOD_D1,STRONG_TREND,UP,True,False,True,MINUS_1R_FIRST,FAILURE_FIRST,N/A_NO_RETEST,VALIDATION
w1__BUY__seq177,w1,687,676,2026-01-22 13:15:00,BUY,Asia-Low,PERIOD_M5,WEAK_TREND,UP,3.25071,537.4,1.653177305880869,0.06997455544301087,PERIOD_D1,STRONG_TREND,UP,True,True,True,MINUS_1R_FIRST,FAILURE_FIRST,FAIL,VALIDATION
w1__BUY__seq178,w1,689,676,2026-01-22 14:00:00,BUY,Asia-Low,PERIOD_M5,WEAK_TREND,UP,3.27214,585.2,1.788432035304113,0.06997455544301087,PERIOD_D1,STRONG_TREND,UP,True,True,True,MINUS_1R_FIRST,FAILURE_FIRST,FAIL,VALIDATION
w1__BUY__seq179,w1,692,676,2026-01-22 15:00:00,BUY,Asia-Low,PERIOD_M30,WEAK_TREND,UP,10.32357,471.8,0.45701244821316656,0.06997455544301087,PERIOD_D1,STRONG_TREND,UP,True,True,True,AMBIGUOUS_SAME_BAR,FAILURE_FIRST,FAIL,VALIDATION
w1__BUY__seq180,w1,695,676,2026-01-22 15:30:00,BUY,Asia-Low,PERIOD_M5,WEAK_TREND,UP,4.63714,559.1,1.2057000651263496,0.06997455544301087,PERIOD_D1,STRONG_TREND,UP,True,True,True,MINUS_1R_FIRST,FAILURE_FIRST,AMBIGUOUS,VALIDATION
w1__BUY__seq181,w1,699,676,2026-01-22 16:45:00,BUY,Asia-Low,PERIOD_M15,RANGING,DOWN,9.31786,731.5,0.7850515032421608,0.06997455544301087,PERIOD_D1,STRONG_TREND,UP,True,False,False,MINUS_1R_FIRST,FAILURE_FIRST,N/A_NO_RETEST,VALIDATION
w1__BUY__seq182,w1,704,676,2026-01-22 17:30:00,BUY,Asia-Low,PERIOD_M30,WEAK_TREND,DOWN,13.52286,813.0,0.601204183138774,0.06997455544301087,PERIOD_D1,STRONG_TREND,UP,True,False,True,PLUS_1R_FIRST,CONTINUATION_FIRST,N/A_NO_RETEST,VALIDATION
w1__BUY__seq184,w1,709,708,2026-01-23 00:00:00,BUY,Asia-Low,PERIOD_D1,STRONG_TREND,UP,91.88643,1615.7,0.17583662788945004,0.17583662788945004,PERIOD_D1,STRONG_TREND,UP,False,True,True,PLUS_1R_FIRST,FAILURE_FIRST,N/A_NO_RETEST,VALIDATION
w1__SELL__seq251,w1,715,713,2026-01-23 10:45:00,SELL,Daily-High,PERIOD_M15,WEAK_TREND,UP,10.84429,152.9,0.14099586049432467,0.20313199105145413,PERIOD_M30,STRONG_TREND,UP,True,False,True,PLUS_1R_FIRST,CONTINUATION_FIRST,N/A_NO_RETEST,VALIDATION
w1__BUY__seq187,w1,735,708,2026-01-23 17:15:00,BUY,Asia-Low,PERIOD_M15,STRONG_TREND,UP,11.595,164.0,0.14144027598102632,0.17583662788945004,PERIOD_D1,STRONG_TREND,UP,False,True,True,MINUS_1R_FIRST,FAILURE_FIRST,AMBIGUOUS,VALIDATION
w1__BUY__seq189,w1,750,749,2026-01-23 20:15:00,BUY,Asia-Low,PERIOD_M15,STRONG_TREND,UP,13.27714,444.2,0.33456000313320494,0.05788759030325411,PERIOD_H4,STRONG_TREND,UP,False,True,True,AMBIGUOUS_SAME_BAR,FAILURE_FIRST,FAIL,VALIDATION
w1__SELL__seq276,w1,756,754,2026-01-23 00:00:00,SELL,Asia-High,PERIOD_D1,STRONG_TREND,UP,91.88643,310.4,0.03378083140241709,0.02447939690371279,PERIOD_M15,STRONG_TREND,UP,False,False,True,MINUS_1R_FIRST,FAILURE_FIRST,N/A_NO_RETEST,VALIDATION
w1__SELL__seq279,w1,762,759,2026-01-23 00:00:00,SELL,Equal-High,PERIOD_D1,STRONG_TREND,UP,91.88643,516.7,0.056232460005247786,0.03721998807826778,PERIOD_M15,WEAK_TREND,DOWN,True,False,True,MINUS_1R_FIRST,FAILURE_FIRST,N/A_NO_RETEST,VALIDATION
w1__BUY__seq191,w1,761,749,2026-01-23 22:00:00,BUY,Asia-Low,PERIOD_M5,STRONG_TREND,UP,5.57786,477.7,0.8564216384061271,0.05788759030325411,PERIOD_H4,STRONG_TREND,UP,False,True,True,MINUS_1R_FIRST,FAILURE_FIRST,N/A_NO_RETEST,VALIDATION
w1__BUY__seq193,w1,767,766,2026-01-26 02:00:00,BUY,Asia-Low,PERIOD_H1,STRONG_TREND,UP,23.98643,1033.0,0.43066016910394755,0.05785595186957104,PERIOD_D1,STRONG_TREND,UP,False,True,True,MINUS_1R_FIRST,FAILURE_FIRST,N/A_NO_RETEST,VALIDATION
w1__BUY__seq246,w1,849,848,2026-01-28 00:00:00,BUY,Asia-Low,PERIOD_H4,STRONG_TREND,UP,57.545,1673.1,0.29074637240420537,0.16593158969127558,PERIOD_D1,STRONG_TREND,UP,False,True,True,AMBIGUOUS_SAME_BAR,FAILURE_FIRST,N/A_NO_RETEST,VALIDATION
w1__SELL__seq316,w1,858,856,2026-01-28 00:00:00,SELL,Asia-High,PERIOD_D1,STRONG_TREND,UP,100.83071,1115.6,0.11064089502097128,0.0918991416309013,PERIOD_M30,STRONG_TREND,UP,False,False,True,AMBIGUOUS_SAME_BAR,FAILURE_FIRST,N/A_NO_RETEST,VALIDATION
w1__BUY__seq248,w1,862,848,2026-01-28 13:00:00,BUY,Asia-Low,PERIOD_M5,RANGING,UP,5.64857,1126.5,1.9943100643171634,0.16593158969127558,PERIOD_D1,STRONG_TREND,UP,True,True,False,MINUS_1R_FIRST,FAILURE_FIRST,N/A_NO_RETEST,VALIDATION
w1__BUY__seq250,w1,866,848,2026-01-28 15:00:00,BUY,Asia-Low,PERIOD_M30,STRONG_TREND,UP,19.305,1218.9,0.6313908313908315,0.16593158969127558,PERIOD_D1,STRONG_TREND,UP,False,True,True,AMBIGUOUS_SAME_BAR,FAILURE_FIRST,HOLD,VALIDATION
w1__SELL__seq317,w1,868,867,2026-01-28 00:00:00,SELL,Equal-High,PERIOD_D1,STRONG_TREND,UP,100.83071,995.7,0.0987496765618332,0.06863738390629989,PERIOD_M5,STRONG_TREND,UP,False,False,True,AMBIGUOUS_SAME_BAR,FAILURE_FIRST,N/A_NO_RETEST,VALIDATION
w1__BUY__seq251,w1,871,848,2026-01-28 15:45:00,BUY,Asia-Low,PERIOD_M15,WEAK_TREND,DOWN,14.23857,1041.5,0.7314639040296885,0.16593158969127558,PERIOD_D1,STRONG_TREND,UP,True,False,True,AMBIGUOUS_SAME_BAR,FAILURE_FIRST,N/A_NO_RETEST,VALIDATION
w1__BUY__seq252,w1,873,848,2026-01-28 16:45:00,BUY,Asia-Low,PERIOD_M15,RANGING,UP,15.71929,1217.5,0.7745260759232764,0.16593158969127558,PERIOD_D1,STRONG_TREND,UP,True,True,False,MINUS_1R_FIRST,FAILURE_FIRST,N/A_NO_RETEST,VALIDATION
w1__SELL__seq320,w1,881,880,2026-01-28 00:00:00,SELL,Equal-High,PERIOD_D1,STRONG_TREND,UP,100.83071,1042.9,0.10343079008369574,0.007660389403127993,PERIOD_M5,STRONG_TREND,UP,False,False,True,AMBIGUOUS_SAME_BAR,FAILURE_FIRST,N/A_NO_RETEST,VALIDATION
w1__BUY__seq254,w1,887,848,2026-01-28 19:00:00,BUY,Asia-Low,PERIOD_M5,STRONG_TREND,UP,9.23071,1423.0,1.5415932252231952,0.16593158969127558,PERIOD_D1,STRONG_TREND,UP,False,True,True,PLUS_1R_FIRST,FAILURE_FIRST,N/A_NO_RETEST,VALIDATION
w1__BUY__seq256,w1,894,848,2026-01-28 21:00:00,BUY,Asia-Low,PERIOD_M30,WEAK_TREND,DOWN,27.02214,1260.6,0.4665063536788722,0.16593158969127558,PERIOD_D1,STRONG_TREND,UP,True,False,True,AMBIGUOUS_SAME_BAR,FAILURE_FIRST,N/A_NO_RETEST,VALIDATION
w1__BUY__seq257,w1,899,848,2026-01-28 22:00:00,BUY,Asia-Low,PERIOD_M30,WEAK_TREND,DOWN,30.43429,1681.9,0.5526332304778591,0.16593158969127558,PERIOD_D1,STRONG_TREND,UP,True,False,True,PLUS_1R_FIRST,FAILURE_FIRST,N/A_NO_RETEST,VALIDATION
w1__BUY__seq259,w1,905,904,2026-01-29 03:15:00,BUY,Asia-Low,PERIOD_M15,VOLATILE,UP,41.87857,3195.3,0.7629916685311844,0.22506198274317907,PERIOD_D1,STRONG_TREND,UP,True,True,False,PLUS_1R_FIRST,CONTINUATION_FIRST,FAIL,VALIDATION
w1__BUY__seq260,w1,907,904,2026-01-29 00:00:00,BUY,Asia-Low,PERIOD_H4,STRONG_TREND,UP,68.30286,2546.4,0.3728101575834453,0.22506198274317907,PERIOD_D1,STRONG_TREND,UP,False,True,True,PLUS_1R_FIRST,CONTINUATION_FIRST,N/A_NO_RETEST,VALIDATION
w1__BUY__seq261,w1,911,904,2026-01-29 04:00:00,BUY,Asia-Low,PERIOD_H4,STRONG_TREND,UP,77.85214,3592.7,0.46147735951767027,0.22506198274317907,PERIOD_D1,STRONG_TREND,UP,False,True,True,MINUS_1R_FIRST,FAILURE_FIRST,N/A_NO_RETEST,VALIDATION
w1__SELL__seq333,w1,922,921,2026-01-29 00:00:00,SELL,Equal-High,PERIOD_D1,STRONG_TREND,UP,114.39071,1129.9,0.0987755037100478,0.013501320734036324,PERIOD_M5,RANGING,UP,True,False,False,MINUS_1R_FIRST,FAILURE_FIRST,N/A_NO_RETEST,VALIDATION
w1__SELL__seq334,w1,925,924,2026-01-29 00:00:00,SELL,Equal-High,PERIOD_D1,STRONG_TREND,UP,114.39071,1129.9,0.0987755037100478,0.07392203540558649,PERIOD_M5,RANGING,UP,True,False,False,MINUS_1R_FIRST,FAILURE_FIRST,FAIL,VALIDATION
w1__BUY__seq282,w1,954,952,2026-01-30 13:00:00,BUY,Daily-Low,PERIOD_M30,STRONG_TREND,DOWN,64.67214,152.9,0.0236423288296939,0.015512717638406365,PERIOD_H1,STRONG_TREND,DOWN,False,False,True,MINUS_1R_FIRST,FAILURE_FIRST,N/A_NO_RETEST,VALIDATION
w1__SELL__seq342,w1,975,971,2026-01-30 19:15:00,SELL,Weekly-High,PERIOD_M15,STRONG_TREND,DOWN,53.46571,751.2,0.14050126707379365,0.005175461096847679,PERIOD_H1,STRONG_TREND,DOWN,False,True,True,MINUS_1R_FIRST,FAILURE_FIRST,N/A_NO_RETEST,VALIDATION
w1__SELL__seq346,w1,979,978,2026-01-30 20:00:00,SELL,Weekly-High,PERIOD_H1,STRONG_TREND,DOWN,100.23571,1404.0,0.14006984137689055,0.08248357334349456,PERIOD_H4,VOLATILE,UP,True,True,False,MINUS_1R_FIRST,FAILURE_FIRST,N/A_NO_RETEST,VALIDATION
w1__SELL__seq348,w1,981,978,2026-01-30 20:45:00,SELL,Weekly-High,PERIOD_M5,STRONG_TREND,DOWN,56.75214,2101.3,0.3702591655574574,0.08248357334349456,PERIOD_H4,VOLATILE,UP,True,True,False,MINUS_1R_FIRST,FAILURE_FIRST,N/A_NO_RETEST,VALIDATION
w1__SELL__seq359,w1,988,978,2026-02-02 00:00:00,SELL,Weekly-High,PERIOD_D1,VOLATILE,UP,191.11357,994.4,0.05203188868273457,0.08248357334349456,PERIOD_H4,VOLATILE,UP,False,False,True,PLUS_1R_FIRST,CONTINUATION_FIRST,N/A_NO_RETEST,VALIDATION
w1__BUY__seq347,w1,1027,1025,2026-02-02 00:00:00,BUY,Weekly-Low,PERIOD_D1,VOLATILE,UP,191.11357,2054.2,0.10748582635968758,0.001783094458864688,PERIOD_M15,STRONG_TREND,UP,True,True,False,MINUS_1R_FIRST,FAILURE_FIRST,N/A_NO_RETEST,VALIDATION
w1__BUY__seq360,w1,1042,1041,2026-02-02 00:00:00,BUY,Equal-Low,PERIOD_D1,VOLATILE,UP,191.11357,2412.5,0.12623384095645326,0.04166838883191058,PERIOD_M5,RANGING,DOWN,True,True,False,MINUS_1R_FIRST,FAILURE_FIRST,N/A_NO_RETEST,VALIDATION
w1__BUY__seq366,w1,1050,1049,2026-02-02 00:00:00,BUY,Equal-Low,PERIOD_D1,VOLATILE,UP,191.11357,2407.6,0.12597744890642773,0.014080459770114942,PERIOD_M5,RANGING,UP,True,True,False,MINUS_1R_FIRST,FAILURE_FIRST,N/A_NO_RETEST,VALIDATION
w1__SELL__seq399,w1,1142,1141,2026-02-04 00:00:00,SELL,Equal-High,PERIOD_D1,VOLATILE,UP,241.04571,1433.9,0.059486642595713485,0.06346226019745516,PERIOD_M5,WEAK_TREND,UP,True,False,False,MINUS_1R_FIRST,FAILURE_FIRST,N/A_NO_RETEST,VALIDATION
w1__SELL__seq402,w1,1157,1156,2026-02-04 00:00:00,SELL,Equal-High,PERIOD_D1,VOLATILE,UP,241.04571,1163.7,0.04827715042097202,0.07538275073729271,PERIOD_M5,WEAK_TREND,UP,True,False,False,MINUS_1R_FIRST,FAILURE_FIRST,N/A_NO_RETEST,VALIDATION
w1__SELL__seq404,w1,1164,1162,2026-02-04 00:00:00,SELL,Daily-High,PERIOD_D1,VOLATILE,UP,241.04571,466.4,0.01934902720318067,0.011808365845700629,PERIOD_M15,WEAK_TREND,UP,True,False,False,MINUS_1R_FIRST,FAILURE_FIRST,N/A_NO_RETEST,VALIDATION
w1__SELL__seq406,w1,1167,1166,2026-02-04 18:00:00,SELL,Daily-High,PERIOD_M30,STRONG_TREND,DOWN,35.96429,730.9,0.2032293700223194,0.17545611628642774,PERIOD_H1,WEAK_TREND,UP,True,True,True,AMBIGUOUS_SAME_BAR,FAILURE_FIRST,N/A_NO_RETEST,VALIDATION
w1__BUY__seq430,w1,1222,1219,2026-02-05 18:45:00,BUY,Equal-Low,PERIOD_M5,STRONG_TREND,DOWN,18.23,763.8,0.4189797037849698,0.04382685243062176,PERIOD_M15,WEAK_TREND,DOWN,True,False,True,MINUS_1R_FIRST,FAILURE_FIRST,N/A_NO_RETEST,VALIDATION
w1__SELL__seq517,w1,1367,1364,2026-02-10 17:45:00,SELL,Equal-High,PERIOD_M15,WEAK_TREND,UP,18.90286,311.3,0.16468407426177836,0.061710213776722096,PERIOD_M30,WEAK_TREND,UP,False,False,True,AMBIGUOUS_SAME_BAR,FAILURE_FIRST,N/A_NO_RETEST,VALIDATION
w1__SELL__seq586,w1,1514,1503,2026-02-12 18:15:00,SELL,Asia-High,PERIOD_M5,WEAK_TREND,UP,13.97214,1269.9,0.9088800999703698,0.015731510006178003,PERIOD_H1,RANGING,UP,True,False,False,AMBIGUOUS_SAME_BAR,FAILURE_FIRST,N/A_NO_RETEST,VALIDATION
w1__SELL__seq587,w1,1516,1503,2026-02-12 18:30:00,SELL,Asia-High,PERIOD_M5,VOLATILE,UP,21.36571,1810.0,0.8471518147536403,0.015731510006178003,PERIOD_H1,RANGING,UP,True,False,False,MINUS_1R_FIRST,FAILURE_FIRST,N/A_NO_RETEST,VALIDATION
w1__SELL__seq588,w1,1517,1503,2026-02-12 19:00:00,SELL,Asia-High,PERIOD_H1,RANGING,UP,34.07214,1237.2,0.3631119148958651,0.015731510006178003,PERIOD_H1,RANGING,UP,False,False,True,PLUS_1R_FIRST,FAILURE_FIRST,N/A_NO_RETEST,VALIDATION
w1__BUY__seq481,w1,1524,1520,2026-02-13 02:15:00,BUY,Equal-Low,PERIOD_M15,WEAK_TREND,DOWN,17.60643,306.4,0.17402732978803767,0.020632812572372747,PERIOD_M5,RANGING,UP,True,False,False,AMBIGUOUS_SAME_BAR,FAILURE_FIRST,N/A_NO_RETEST,VALIDATION
w1__SELL__seq622,w1,1568,1564,2026-02-16 01:45:00,SELL,Daily-High,PERIOD_M15,RANGING,UP,11.82571,272.2,0.23017645452154667,0.2028887000849618,PERIOD_M15,WEAK_TREND,UP,True,False,False,AMBIGUOUS_SAME_BAR,FAILURE_FIRST,N/A_NO_RETEST,VALIDATION
w1__SELL__seq657,w1,1709,1706,2026-02-20 02:00:00,SELL,Equal-High,PERIOD_M5,WEAK_TREND,DOWN,6.18357,141.1,0.22818533630249194,0.06121269384908404,PERIOD_M5,STRONG_TREND,DOWN,True,True,True,AMBIGUOUS_SAME_BAR,FAILURE_FIRST,N/A_NO_RETEST,VALIDATION
w1__BUY__seq575,w1,1779,1778,2026-02-24 01:15:00,BUY,Asia-Low,PERIOD_M15,STRONG_TREND,UP,8.045,1193.0,1.4829086389061528,0.0641313429896664,PERIOD_D1,WEAK_TREND,UP,True,True,True,PLUS_1R_FIRST,FAILURE_FIRST,N/A_NO_RETEST,VALIDATION
w1__BUY__seq576,w1,1786,1778,2026-02-24 02:30:00,BUY,Asia-Low,PERIOD_M5,WEAK_TREND,UP,8.49,1018.1,1.1991755005889282,0.0641313429896664,PERIOD_D1,WEAK_TREND,UP,False,True,True,AMBIGUOUS_SAME_BAR,FAILURE_FIRST,N/A_NO_RETEST,VALIDATION
w1__BUY__seq577,w1,1790,1778,2026-02-24 03:30:00,BUY,Asia-Low,PERIOD_M30,STRONG_TREND,UP,17.91786,402.6,0.22469201121116028,0.0641313429896664,PERIOD_D1,WEAK_TREND,UP,True,True,True,AMBIGUOUS_SAME_BAR,FAILURE_FIRST,N/A_NO_RETEST,VALIDATION
w1__BUY__seq578,w1,1795,1778,2026-02-24 04:00:00,BUY,Asia-Low,PERIOD_H4,STRONG_TREND,UP,49.01143,521.6,0.10642415452885175,0.0641313429896664,PERIOD_D1,WEAK_TREND,UP,True,True,True,PLUS_1R_FIRST,FAILURE_FIRST,N/A_NO_RETEST,VALIDATION
w1__BUY__seq582,w1,1801,1778,2026-02-24 08:30:00,BUY,Asia-Low,PERIOD_M5,WEAK_TREND,UP,6.13857,438.8,0.7148244623747877,0.0641313429896664,PERIOD_D1,WEAK_TREND,UP,False,True,True,PLUS_1R_FIRST,FAILURE_FIRST,N/A_NO_RETEST,VALIDATION
w1__BUY__seq583,w1,1804,1778,2026-02-24 09:30:00,BUY,Asia-Low,PERIOD_M5,WEAK_TREND,UP,7.96643,582.1,0.7306911627918654,0.0641313429896664,PERIOD_D1,WEAK_TREND,UP,False,True,True,MINUS_1R_FIRST,FAILURE_FIRST,FAIL,VALIDATION
w1__BUY__seq586,w1,1819,1778,2026-02-24 14:00:00,BUY,Asia-Low,PERIOD_M5,WEAK_TREND,UP,3.58286,275.2,0.76810146084413,0.0641313429896664,PERIOD_D1,WEAK_TREND,UP,False,True,True,MINUS_1R_FIRST,FAILURE_FIRST,N/A_NO_RETEST,VALIDATION
w1__BUY__seq587,w1,1822,1778,2026-02-24 15:15:00,BUY,Asia-Low,PERIOD_M15,WEAK_TREND,DOWN,8.98714,138.9,0.15455417407540106,0.0641313429896664,PERIOD_D1,WEAK_TREND,UP,False,False,True,MINUS_1R_FIRST,FAILURE_FIRST,HOLD,VALIDATION
w1__BUY__seq588,w1,1824,1778,2026-02-24 15:00:00,BUY,Asia-Low,PERIOD_H1,WEAK_TREND,UP,24.31571,53.9,0.022166739116398413,0.0641313429896664,PERIOD_D1,WEAK_TREND,UP,False,True,True,PLUS_1R_FIRST,FAILURE_FIRST,N/A_NO_RETEST,VALIDATION
w1__BUY__seq607,w1,1850,1778,2026-02-24 20:00:00,BUY,Asia-Low,PERIOD_H4,STRONG_TREND,UP,54.28,185.8,0.03422991893883567,0.0641313429896664,PERIOD_D1,WEAK_TREND,UP,True,True,True,PLUS_1R_FIRST,FAILURE_FIRST,AMBIGUOUS,VALIDATION
w2__BUY__seq1,w2,5,4,2026-03-02 04:45:00,BUY,Asia-Low,PERIOD_M15,STRONG_TREND,UP,24.00929,1781.1,0.7418378469334161,0.08480930514108531,PERIOD_D1,STRONG_TREND,UP,False,True,True,MINUS_1R_FIRST,FAILURE_FIRST,N/A_NO_RETEST,VALIDATION
w2__SELL__seq5,w2,13,12,2026-03-02 16:15:00,SELL,Equal-High,PERIOD_M15,RANGING,UP,17.14714,234.2,0.13658254379447535,0.04920790861190381,PERIOD_M5,RANGING,UP,False,False,True,PLUS_1R_FIRST,FAILURE_FIRST,N/A_NO_RETEST,VALIDATION
w2__SELL__seq8,w2,29,28,2026-03-02 20:00:00,SELL,Equal-High,PERIOD_H4,STRONG_TREND,DOWN,56.29429,274.1,0.04869055103101932,0.022131895982618242,PERIOD_M5,WEAK_TREND,UP,True,True,True,PLUS_1R_FIRST,FAILURE_FIRST,N/A_NO_RETEST,VALIDATION
w2__BUY__seq38,w2,39,30,2026-03-03 08:00:00,BUY,Asia-Low,PERIOD_M30,STRONG_TREND,UP,22.30786,138.4,0.062040912933826915,0.014429723344254942,PERIOD_D1,STRONG_TREND,UP,False,True,True,PLUS_1R_FIRST,FAILURE_FIRST,N/A_NO_RETEST,VALIDATION
w2__BUY__seq40,w2,42,30,2026-03-03 10:15:00,BUY,Asia-Low,PERIOD_M5,STRONG_TREND,UP,7.62429,408.0,0.5351317958786982,0.014429723344254942,PERIOD_D1,STRONG_TREND,UP,False,True,True,AMBIGUOUS_SAME_BAR,FAILURE_FIRST,N/A_NO_RETEST,VALIDATION
w2__BUY__seq41,w2,44,30,2026-03-03 11:00:00,BUY,Asia-Low,PERIOD_H1,WEAK_TREND,DOWN,29.93714,164.9,0.05508208198912789,0.014429723344254942,PERIOD_D1,STRONG_TREND,UP,True,False,True,PLUS_1R_FIRST,FAILURE_FIRST,N/A_NO_RETEST,VALIDATION
w2__SELL__seq12,w2,50,45,2026-03-03 11:45:00,SELL,Monthly-High,PERIOD_M15,STRONG_TREND,DOWN,22.98857,168.7,0.07338429489089578,0.1482461772398788,PERIOD_M30,WEAK_TREND,DOWN,True,True,True,AMBIGUOUS_SAME_BAR,FAILURE_FIRST,N/A_NO_RETEST,VALIDATION
w2__SELL__seq20,w2,60,51,2026-03-03 13:30:00,SELL,Monthly-High,PERIOD_M5,VOLATILE,DOWN,29.05429,1540.9,0.5303519721184031,0.017054624591039347,PERIOD_H1,WEAK_TREND,DOWN,True,True,False,AMBIGUOUS_SAME_BAR,AMBIGUOUS_SAME_BAR,N/A_NO_RETEST,VALIDATION
w2__SELL__seq21,w2,63,51,2026-03-03 14:00:00,SELL,Monthly-High,PERIOD_H1,WEAK_TREND,DOWN,47.925,1362.8,0.2843609806990089,0.017054624591039347,PERIOD_H1,WEAK_TREND,DOWN,False,True,True,MINUS_1R_FIRST,FAILURE_FIRST,N/A_NO_RETEST,VALIDATION
w2__SELL__seq29,w2,68,51,2026-03-03 16:00:00,SELL,Monthly-High,PERIOD_H1,VOLATILE,DOWN,58.03714,1239.4,0.2135529076725697,0.017054624591039347,PERIOD_H1,WEAK_TREND,DOWN,True,True,False,AMBIGUOUS_SAME_BAR,FAILURE_FIRST,N/A_NO_RETEST,VALIDATION
w2__SELL__seq32,w2,72,70,2026-03-03 16:30:00,SELL,Monthly-High,PERIOD_M5,WEAK_TREND,DOWN,19.36,1348.9,0.6967458677685952,0.15688323616420616,PERIOD_H4,VOLATILE,UP,True,True,False,PLUS_1R_FIRST,CONTINUATION_FIRST,N/A_NO_RETEST,VALIDATION
w2__SELL__seq33,w2,73,70,2026-03-03 16:45:00,SELL,Monthly-High,PERIOD_M5,STRONG_TREND,DOWN,24.41071,2094.6,0.8580659882486006,0.15688323616420616,PERIOD_H4,VOLATILE,UP,True,True,False,AMBIGUOUS_SAME_BAR,FAILURE_FIRST,N/A_NO_RETEST,VALIDATION
w2__SELL__seq35,w2,75,70,2026-03-03 17:00:00,SELL,Monthly-High,PERIOD_H1,VOLATILE,DOWN,67.64571,2426.3,0.35867758650179005,0.15688323616420616,PERIOD_H4,VOLATILE,UP,False,True,True,MINUS_1R_FIRST,FAILURE_FIRST,N/A_NO_RETEST,VALIDATION
w2__SELL__seq44,w2,85,70,2026-03-03 19:30:00,SELL,Monthly-High,PERIOD_M5,WEAK_TREND,UP,15.49,1973.6,1.2741123305358295,0.15688323616420616,PERIOD_H4,VOLATILE,UP,True,False,False,AMBIGUOUS_SAME_BAR,FAILURE_FIRST,N/A_NO_RETEST,VALIDATION
w2__SELL__seq47,w2,106,105,2026-03-04 00:00:00,SELL,Equal-High,PERIOD_D1,STRONG_TREND,DOWN,149.62571,796.1,0.05320609673297457,0.003699042388383598,PERIOD_M5,WEAK_TREND,DOWN,True,True,True,MINUS_1R_FIRST,FAILURE_FIRST,N/A_NO_RETEST,VALIDATION
w2__SELL__seq49,w2,113,112,2026-03-04 00:00:00,SELL,Equal-High,PERIOD_D1,STRONG_TREND,UP,149.62571,874.7,0.058459204638026445,0.06048002037221739,PERIOD_M5,RANGING,UP,True,False,False,MINUS_1R_FIRST,FAILURE_FIRST,N/A_NO_RETEST,VALIDATION
w2__SELL__seq51,w2,121,119,2026-03-04 00:00:00,SELL,Asia-High,PERIOD_D1,STRONG_TREND,UP,149.62571,1024.3,0.06845748635044072,0.0029004879993088737,PERIOD_H1,WEAK_TREND,UP,True,False,True,MINUS_1R_FIRST,FAILURE_FIRST,N/A_NO_RETEST,VALIDATION
w2__BUY__seq176,w2,189,185,2026-03-06 03:45:00,BUY,Equal-Low,PERIOD_M15,RANGING,UP,15.12143,463.6,0.30658476083280484,0.03800217980503361,PERIOD_M15,RANGING,UP,False,True,True,PLUS_1R_FIRST,CONTINUATION_FIRST,N/A_NO_RETEST,VALIDATION
w2__BUY__seq192,w2,206,201,2026-03-06 15:45:00,BUY,Asia-Low,PERIOD_M15,WEAK_TREND,DOWN,16.81357,558.2,0.33199374077010424,0.04765570328901329,PERIOD_M15,WEAK_TREND,DOWN,False,False,True,MINUS_1R_FIRST,FAILURE_FIRST,N/A_NO_RETEST,VALIDATION
w2__SELL__seq72,w2,244,237,2026-03-09 02:15:00,SELL,Daily-High,PERIOD_M15,WEAK_TREND,UP,31.37929,1393.7,0.4441464418092315,0.13033067274800456,PERIOD_H1,WEAK_TREND,UP,False,False,True,AMBIGUOUS_SAME_BAR,FAILURE_FIRST,N/A_NO_RETEST,VALIDATION
w2__BUY__seq223,w2,284,281,2026-03-09 16:45:00,BUY,Daily-Low,PERIOD_M15,WEAK_TREND,DOWN,17.39643,496.3,0.28528841837089564,0.056034250029959556,PERIOD_M15,WEAK_TREND,DOWN,False,False,True,MINUS_1R_FIRST,FAILURE_FIRST,N/A_NO_RETEST,VALIDATION
w2__BUY__seq233,w2,361,360,2026-03-11 02:30:00,BUY,Equal-Low,PERIOD_M30,WEAK_TREND,UP,17.475,248.0,0.14191702432045777,0.10369558958194873,PERIOD_M5,RANGING,UP,True,True,False,MINUS_1R_FIRST,FAILURE_FIRST,N/A_NO_RETEST,VALIDATION
w2__BUY__seq386,w2,593,591,2026-03-16 13:00:00,BUY,Asia-Low,PERIOD_H1,STRONG_TREND,UP,26.98857,159.9,0.05924730358073808,0.024866473125515702,PERIOD_M15,STRONG_TREND,UP,False,True,True,AMBIGUOUS_SAME_BAR,FAILURE_FIRST,N/A_NO_RETEST,VALIDATION
w2__SELL__seq179,w2,620,561,2026-03-16 18:30:00,SELL,Asia-High,PERIOD_M5,WEAK_TREND,DOWN,7.47571,568.8,0.7608641854753595,0.07207026823109626,PERIOD_D1,WEAK_TREND,DOWN,False,True,True,AMBIGUOUS_SAME_BAR,FAILURE_FIRST,N/A_NO_RETEST,VALIDATION
w2__SELL__seq194,w2,700,698,2026-03-17 17:30:00,SELL,Equal-High,PERIOD_M30,RANGING,UP,14.87286,166.6,0.1120161152596071,0.044365192582025675,PERIOD_M5,RANGING,DOWN,False,False,True,MINUS_1R_FIRST,FAILURE_FIRST,N/A_NO_RETEST,VALIDATION
w2__BUY__seq467,w2,731,727,2026-03-18 08:15:00,BUY,Equal-Low,PERIOD_M15,WEAK_TREND,DOWN,7.51929,128.5,0.17089379449389502,0.04014545454545455,PERIOD_M15,WEAK_TREND,DOWN,False,False,True,AMBIGUOUS_SAME_BAR,FAILURE_FIRST,N/A_NO_RETEST,VALIDATION
w2__SELL__seq197,w2,784,783,2026-03-19 09:45:00,SELL,Asia-High,PERIOD_M15,VOLATILE,DOWN,18.06429,2752.2,1.5235583574001523,0.1357839798179881,PERIOD_D1,STRONG_TREND,DOWN,True,True,False,MINUS_1R_FIRST,FAILURE_FIRST,N/A_NO_RETEST,VALIDATION
w2__SELL__seq198,w2,786,783,2026-03-19 10:45:00,SELL,Asia-High,PERIOD_M15,VOLATILE,DOWN,25.58857,3137.9,1.2262897066932619,0.1357839798179881,PERIOD_D1,STRONG_TREND,DOWN,True,True,False,MINUS_1R_FIRST,FAILURE_FIRST,N/A_NO_RETEST,VALIDATION
w2__SELL__seq199,w2,787,783,2026-03-19 00:00:00,SELL,Asia-High,PERIOD_D1,STRONG_TREND,DOWN,144.35429,482.2,0.03340392585492264,0.1357839798179881,PERIOD_D1,STRONG_TREND,DOWN,False,True,True,MINUS_1R_FIRST,FAILURE_FIRST,N/A_NO_RETEST,VALIDATION
w2__SELL__seq200,w2,789,783,2026-03-19 12:00:00,SELL,Asia-High,PERIOD_H4,STRONG_TREND,DOWN,56.20143,1681.3,0.29915608908883634,0.1357839798179881,PERIOD_D1,STRONG_TREND,DOWN,False,True,True,MINUS_1R_FIRST,FAILURE_FIRST,N/A_NO_RETEST,VALIDATION
w2__SELL__seq201,w2,790,783,2026-03-19 14:00:00,SELL,Asia-High,PERIOD_M30,VOLATILE,DOWN,34.88,2151.5,0.616829128440367,0.1357839798179881,PERIOD_D1,STRONG_TREND,DOWN,True,True,False,AMBIGUOUS_SAME_BAR,FAILURE_FIRST,N/A_NO_RETEST,VALIDATION
w2__SELL__seq203,w2,792,783,2026-03-19 16:00:00,SELL,Asia-High,PERIOD_M30,VOLATILE,DOWN,47.02143,2461.7,0.523527251297972,0.1357839798179881,PERIOD_D1,STRONG_TREND,DOWN,True,True,False,MINUS_1R_FIRST,FAILURE_FIRST,N/A_NO_RETEST,VALIDATION
w2__SELL__seq208,w2,796,783,2026-03-19 21:00:00,SELL,Asia-High,PERIOD_M5,RANGING,DOWN,10.32071,2440.6,2.3647597888129788,0.1357839798179881,PERIOD_D1,STRONG_TREND,DOWN,True,True,False,MINUS_1R_FIRST,FAILURE_FIRST,N/A_NO_RETEST,VALIDATION
w2__SELL__seq210,w2,842,841,2026-03-23 00:00:00,SELL,Asia-High,PERIOD_D1,STRONG_TREND,DOWN,169.36786,2380.3,0.14054024181447414,0.14054024181447414,PERIOD_D1,STRONG_TREND,DOWN,False,True,True,PLUS_1R_FIRST,FAILURE_FIRST,N/A_NO_RETEST,VALIDATION
w2__BUY__seq581,w2,852,851,2026-03-23 00:00:00,BUY,Weekly-Low,PERIOD_D1,STRONG_TREND,DOWN,169.36786,202.6,0.011962127879516218,0.002059962713026924,PERIOD_M15,WEAK_TREND,UP,True,False,True,MINUS_1R_FIRST,FAILURE_FIRST,N/A_NO_RETEST,VALIDATION
w2__BUY__seq691,w2,965,962,2026-03-25 00:00:00,BUY,Monthly-Low,PERIOD_H1,RANGING,DOWN,43.60429,713.1,0.16353895453864747,0.16353895453864747,PERIOD_H1,RANGING,DOWN,False,False,True,AMBIGUOUS_SAME_BAR,FAILURE_FIRST,N/A_NO_RETEST,VALIDATION
w2__SELL__seq257,w2,1120,1117,2026-03-30 17:00:00,SELL,Daily-High,PERIOD_H1,STRONG_TREND,UP,33.00643,321.8,0.09749615453716139,0.07224440571430774,PERIOD_M15,STRONG_TREND,UP,False,False,True,MINUS_1R_FIRST,FAILURE_FIRST,N/A_NO_RETEST,VALIDATION
w2__BUY__seq875,w2,1156,1154,2026-03-31 03:45:00,BUY,Equal-Low,PERIOD_M15,RANGING,DOWN,15.17786,436.0,0.2872605228932142,0.14342599407424184,PERIOD_M15,RANGING,DOWN,False,False,True,PLUS_1R_FIRST,FAILURE_FIRST,N/A_NO_RETEST,VALIDATION
w2__SELL__seq353,w2,1287,1286,2026-04-02 04:30:00,SELL,Daily-High,PERIOD_M30,WEAK_TREND,UP,23.84214,961.2,0.4031517305074125,0.03027027027027027,PERIOD_H1,STRONG_TREND,UP,True,False,True,PLUS_1R_FIRST,CONTINUATION_FIRST,N/A_NO_RETEST,VALIDATION
w2__BUY__seq900,w2,1325,1323,2026-04-02 17:00:00,BUY,Equal-Low,PERIOD_H1,STRONG_TREND,DOWN,48.90786,534.1,0.10920535063280218,0.037044203824437585,PERIOD_M5,WEAK_TREND,DOWN,True,False,True,MINUS_1R_FIRST,FAILURE_FIRST,N/A_NO_RETEST,VALIDATION
w2__BUY__seq901,w2,1332,1328,2026-04-02 17:45:00,BUY,Daily-Low,PERIOD_M15,WEAK_TREND,DOWN,25.45857,317.1,0.12455530691629577,0.012174513348039593,PERIOD_M30,WEAK_TREND,DOWN,False,False,True,MINUS_1R_FIRST,FAILURE_FIRST,N/A_NO_RETEST,VALIDATION
w2__BUY__seq934,w2,1422,1420,2026-04-07 12:00:00,BUY,Equal-Low,PERIOD_H1,RANGING,DOWN,22.88429,372.8,0.1629065179649445,0.16374007936507937,PERIOD_M30,RANGING,DOWN,False,False,True,PLUS_1R_FIRST,FAILURE_FIRST,N/A_NO_RETEST,VALIDATION
w2__SELL__seq414,w2,1427,1424,2026-04-07 14:00:00,SELL,Asia-High,PERIOD_M30,RANGING,UP,19.62286,123.9,0.06314064310707003,0.013036762434352799,PERIOD_M15,RANGING,UP,False,False,True,MINUS_1R_FIRST,FAILURE_FIRST,N/A_NO_RETEST,VALIDATION
w2__SELL__seq420,w2,1439,1433,2026-04-07 16:45:00,SELL,Asia-High,PERIOD_M15,WEAK_TREND,DOWN,16.81643,247.6,0.14723695814153182,0.04590358107392974,PERIOD_M15,RANGING,UP,True,True,False,MINUS_1R_FIRST,FAILURE_FIRST,N/A_NO_RETEST,VALIDATION
w2__SELL__seq440,w2,1480,1477,2026-04-08 12:00:00,SELL,Weekly-High,PERIOD_M30,WEAK_TREND,DOWN,16.41071,64.5,0.03930360112390018,0.04771213305510611,PERIOD_M15,WEAK_TREND,UP,False,True,True,MINUS_1R_FIRST,FAILURE_FIRST,N/A_NO_RETEST,VALIDATION
w2__SELL__seq458,w2,1533,1532,2026-04-09 06:15:00,SELL,Equal-High,PERIOD_M5,STRONG_TREND,UP,4.82214,73.6,0.15262933054618902,0.017560538442440793,PERIOD_M5,WEAK_TREND,UP,True,False,True,PLUS_1R_FIRST,CONTINUATION_FIRST,N/A_NO_RETEST,VALIDATION
w2__BUY__seq990,w2,1666,1663,2026-04-13 19:30:00,BUY,Equal-Low,PERIOD_M30,RANGING,DOWN,16.34643,267.8,0.16382782050882058,0.0009358288770053475,PERIOD_M5,STRONG_TREND,DOWN,True,False,False,AMBIGUOUS_SAME_BAR,FAILURE_FIRST,N/A_NO_RETEST,VALIDATION
w2__SELL__seq571,w2,1747,1741,2026-04-15 06:00:00,SELL,Daily-High,PERIOD_H1,STRONG_TREND,DOWN,20.775,224.0,0.10782190132370639,0.09451030380972897,PERIOD_M30,STRONG_TREND,UP,False,True,True,PLUS_1R_FIRST,FAILURE_FIRST,N/A_NO_RETEST,VALIDATION
w2__SELL__seq584,w2,1835,1832,2026-04-16 17:00:00,SELL,Equal-High,PERIOD_H1,RANGING,UP,15.43143,283.0,0.1833919474734357,0.12278510112395592,PERIOD_M5,WEAK_TREND,UP,True,False,False,AMBIGUOUS_SAME_BAR,FAILURE_FIRST,N/A_NO_RETEST,VALIDATION
w2__SELL__seq589,w2,1883,1880,2026-04-17 09:00:00,SELL,Equal-High,PERIOD_M30,RANGING,DOWN,10.23286,6.5,0.006352085340755175,0.015376826885317258,PERIOD_M5,WEAK_TREND,UP,True,True,False,PLUS_1R_FIRST,FAILURE_FIRST,N/A_NO_RETEST,VALIDATION
w2__SELL__seq731,w2,2062,2061,2026-04-22 00:00:00,SELL,Equal-High,PERIOD_D1,WEAK_TREND,DOWN,118.93286,274.4,0.023071840700711305,0.02307803848926667,PERIOD_M5,WEAK_TREND,DOWN,False,True,True,AMBIGUOUS_SAME_BAR,FAILURE_FIRST,N/A_NO_RETEST,VALIDATION
w2__SELL__seq733,w2,2078,2077,2026-04-22 00:00:00,SELL,Equal-High,PERIOD_D1,WEAK_TREND,DOWN,118.93286,406.9,0.034212580106120376,0.08952208887966352,PERIOD_M15,RANGING,DOWN,True,True,False,AMBIGUOUS_SAME_BAR,FAILURE_FIRST,N/A_NO_RETEST,VALIDATION
w2__SELL__seq741,w2,2116,2115,2026-04-23 12:00:00,SELL,Equal-High,PERIOD_H1,STRONG_TREND,UP,19.21929,41.4,0.021540858169058274,0.07007575757575757,PERIOD_M5,STRONG_TREND,DOWN,False,False,True,AMBIGUOUS_SAME_BAR,FAILURE_FIRST,N/A_NO_RETEST,VALIDATION
w2__BUY__seq1245,w2,2193,2191,2026-04-24 17:15:00,BUY,Equal-Low,PERIOD_M15,RANGING,UP,14.26786,387.6,0.2716595200681812,0.09434095650516243,PERIOD_H1,RANGING,DOWN,False,True,True,AMBIGUOUS_SAME_BAR,FAILURE_FIRST,N/A_NO_RETEST,VALIDATION
w2__SELL__seq794,w2,2235,2234,2026-04-27 15:45:00,SELL,Equal-High,PERIOD_M15,WEAK_TREND,DOWN,6.40643,120.6,0.18824836921655272,0.06135852064772105,PERIOD_M15,WEAK_TREND,DOWN,False,True,True,MINUS_1R_FIRST,FAILURE_FIRST,N/A_NO_RETEST,VALIDATION
w2__BUY__seq1298,w2,2297,2296,2026-04-28 16:00:00,BUY,Equal-Low,PERIOD_H4,STRONG_TREND,DOWN,34.795,231.9,0.06664750682569334,0.04106639552449065,PERIOD_M5,RANGING,DOWN,True,False,False,MINUS_1R_FIRST,FAILURE_FIRST,N/A_NO_RETEST,VALIDATION
w3__BUY__seq11,w3,23,22,2026-05-01 16:45:00,BUY,Asia-Low,PERIOD_M5,WEAK_TREND,DOWN,6.33429,170.7,0.2694856092790194,0.15898088317745693,PERIOD_M15,STRONG_TREND,UP,True,False,True,MINUS_1R_FIRST,FAILURE_FIRST,N/A_NO_RETEST,VALIDATION
w3__SELL__seq18,w3,110,109,2026-05-05 00:00:00,SELL,Equal-High,PERIOD_D1,WEAK_TREND,UP,101.035,188.8,0.018686593754639484,0.06910112359550562,PERIOD_M5,STRONG_TREND,DOWN,True,False,True,AMBIGUOUS_SAME_BAR,FAILURE_FIRST,HOLD,VALIDATION
w3__SELL__seq19,w3,114,112,2026-05-05 00:00:00,SELL,Equal-High,PERIOD_D1,WEAK_TREND,UP,101.035,283.0,0.028010095511456428,0.017377108403432436,PERIOD_M5,WEAK_TREND,UP,False,False,True,AMBIGUOUS_SAME_BAR,FAILURE_FIRST,FAIL,VALIDATION
w3__SELL__seq20,w3,117,116,2026-05-05 00:00:00,SELL,Asia-High,PERIOD_D1,WEAK_TREND,UP,101.035,283.0,0.028010095511456428,0.010656412066266841,PERIOD_M15,WEAK_TREND,UP,False,False,True,AMBIGUOUS_SAME_BAR,FAILURE_FIRST,AMBIGUOUS,VALIDATION
w3__SELL__seq29,w3,135,134,2026-05-05 00:00:00,SELL,Equal-High,PERIOD_D1,WEAK_TREND,UP,101.035,607.0,0.06007819072598605,0.05981235340109461,PERIOD_M30,WEAK_TREND,UP,False,False,True,AMBIGUOUS_SAME_BAR,FAILURE_FIRST,FAIL,VALIDATION
w3__SELL__seq30,w3,139,137,2026-05-05 00:00:00,SELL,Equal-High,PERIOD_D1,WEAK_TREND,UP,101.035,607.0,0.06007819072598605,0.002525734635919067,PERIOD_M30,WEAK_TREND,UP,False,False,True,AMBIGUOUS_SAME_BAR,FAILURE_FIRST,HOLD,VALIDATION
w3__SELL__seq31,w3,142,141,2026-05-05 00:00:00,SELL,Equal-High,PERIOD_D1,WEAK_TREND,UP,101.035,612.5,0.06062255653981294,0.030582867755509432,PERIOD_M5,WEAK_TREND,UP,False,False,True,AMBIGUOUS_SAME_BAR,FAILURE_FIRST,HOLD,VALIDATION
w3__SELL__seq32,w3,148,147,2026-05-05 00:00:00,SELL,Equal-High,PERIOD_D1,WEAK_TREND,UP,101.035,390.4,0.03864007522145791,0.025104372287524157,PERIOD_M5,RANGING,UP,True,False,False,AMBIGUOUS_SAME_BAR,FAILURE_FIRST,AMBIGUOUS,VALIDATION
w3__SELL__seq36,w3,167,166,2026-05-06 15:00:00,SELL,Equal-High,PERIOD_H1,STRONG_TREND,UP,22.36286,139.9,0.06255908233562255,0.08242119682284989,PERIOD_M5,WEAK_TREND,UP,True,False,True,PLUS_1R_FIRST,CONTINUATION_FIRST,N/A_NO_RETEST,VALIDATION
w3__BUY__seq103,w3,170,169,2026-05-06 17:00:00,BUY,Equal-Low,PERIOD_H1,STRONG_TREND,UP,23.43857,77.3,0.032979827694266335,0.010352742941392764,PERIOD_M5,WEAK_TREND,UP,True,True,True,PLUS_1R_FIRST,FAILURE_FIRST,N/A_NO_RETEST,VALIDATION
w3__SELL__seq41,w3,188,187,2026-05-07 00:00:00,SELL,Asia-High,PERIOD_D1,WEAK_TREND,UP,108.14143,590.2,0.05457667796699193,0.009710861649865173,PERIOD_M15,STRONG_TREND,UP,True,False,True,MINUS_1R_FIRST,FAILURE_FIRST,N/A_NO_RETEST,VALIDATION
w3__SELL__seq44,w3,200,198,2026-05-07 00:00:00,SELL,Weekly-High,PERIOD_D1,WEAK_TREND,UP,108.14143,389.7,0.03603614266983523,0.004873708670273572,PERIOD_H1,WEAK_TREND,UP,False,False,True,MINUS_1R_FIRST,FAILURE_FIRST,N/A_NO_RETEST,VALIDATION
w3__SELL__seq64,w3,226,225,2026-05-07 00:00:00,SELL,Equal-High,PERIOD_D1,WEAK_TREND,UP,108.14143,218.5,0.020205022256502433,0.02044820594309155,PERIOD_M5,RANGING,UP,True,False,False,MINUS_1R_FIRST,FAILURE_FIRST,N/A_NO_RETEST,VALIDATION
w3__SELL__seq74,w3,263,260,2026-05-08 10:30:00,SELL,Weekly-High,PERIOD_M30,WEAK_TREND,UP,15.20357,232.0,0.15259573902708376,0.009921962095875139,PERIOD_M15,WEAK_TREND,UP,False,False,True,PLUS_1R_FIRST,FAILURE_FIRST,N/A_NO_RETEST,VALIDATION
w3__BUY__seq130,w3,332,330,2026-05-11 16:30:00,BUY,Daily-Low,PERIOD_M30,STRONG_TREND,DOWN,14.12,513.5,0.3636685552407932,0.11222926710026712,PERIOD_H1,STRONG_TREND,DOWN,False,False,True,PLUS_1R_FIRST,CONTINUATION_FIRST,HOLD,VALIDATION
w3__BUY__seq174,w3,413,411,2026-05-12 22:00:00,BUY,Asia-Low,PERIOD_H1,STRONG_TREND,DOWN,19.785,15.7,0.007935304523629012,0.01001555677242151,PERIOD_M15,STRONG_TREND,DOWN,False,False,True,PLUS_1R_FIRST,CONTINUATION_FIRST,N/A_NO_RETEST,VALIDATION
w3__SELL__seq133,w3,569,567,2026-05-18 03:45:00,SELL,Asia-High,PERIOD_M15,WEAK_TREND,DOWN,13.75143,1766.2,1.2843755158554422,0.1096096289195481,PERIOD_D1,RANGING,DOWN,True,True,False,MINUS_1R_FIRST,FAILURE_FIRST,N/A_NO_RETEST,VALIDATION
w3__SELL__seq186,w3,684,683,2026-05-20 04:30:00,SELL,Asia-High,PERIOD_M30,STRONG_TREND,DOWN,11.60143,989.6,0.8529982941758042,0.0848184045262951,PERIOD_D1,WEAK_TREND,DOWN,True,True,True,AMBIGUOUS_SAME_BAR,FAILURE_FIRST,N/A_NO_RETEST,VALIDATION
w3__SELL__seq187,w3,693,683,2026-05-20 05:45:00,SELL,Asia-High,PERIOD_M15,WEAK_TREND,DOWN,14.63,1111.3,0.7596035543403964,0.0848184045262951,PERIOD_D1,WEAK_TREND,DOWN,False,True,True,AMBIGUOUS_SAME_BAR,FAILURE_FIRST,N/A_NO_RETEST,VALIDATION
w3__BUY__seq327,w3,709,707,2026-05-20 00:00:00,BUY,Daily-Low,PERIOD_D1,WEAK_TREND,DOWN,106.79286,174.9,0.01637749939462245,0.028330891210510988,PERIOD_M15,RANGING,DOWN,True,False,False,AMBIGUOUS_SAME_BAR,FAILURE_FIRST,N/A_NO_RETEST,VALIDATION
w3__SELL__seq189,w3,712,711,2026-05-20 12:30:00,SELL,Equal-High,PERIOD_M5,WEAK_TREND,UP,5.30929,117.8,0.22187524132228603,0.03219626845248636,PERIOD_M5,WEAK_TREND,UP,False,False,True,MINUS_1R_FIRST,FAILURE_FIRST,N/A_NO_RETEST,VALIDATION
w3__BUY__seq389,w3,838,835,2026-05-22 07:00:00,BUY,Equal-Low,PERIOD_M30,STRONG_TREND,DOWN,7.885,85.2,0.10805326569435639,0.0027648124828770137,PERIOD_M5,RANGING,DOWN,True,False,False,MINUS_1R_FIRST,FAILURE_FIRST,N/A_NO_RETEST,VALIDATION
w3__BUY__seq415,w3,894,890,2026-05-25 01:30:00,BUY,Asia-Low,PERIOD_M30,WEAK_TREND,DOWN,12.34714,443.1,0.35886853149798253,0.03259485173650149,PERIOD_M15,WEAK_TREND,DOWN,False,False,True,PLUS_1R_FIRST,CONTINUATION_FIRST,N/A_NO_RETEST,VALIDATION
w3__BUY__seq416,w3,896,893,2026-05-25 02:30:00,BUY,Asia-Low,PERIOD_M30,WEAK_TREND,DOWN,12.25143,676.9,0.5525069318438746,0.00014131116982029458,PERIOD_D1,STRONG_TREND,DOWN,True,False,True,PLUS_1R_FIRST,FAILURE_FIRST,N/A_NO_RETEST,VALIDATION
w3__BUY__seq417,w3,898,893,2026-05-25 03:45:00,BUY,Asia-Low,PERIOD_M5,WEAK_TREND,DOWN,4.31786,641.6,1.4859212665533392,0.00014131116982029458,PERIOD_D1,STRONG_TREND,DOWN,True,False,True,PLUS_1R_FIRST,FAILURE_FIRST,FAIL,VALIDATION
w3__SELL__seq239,w3,913,911,2026-05-26 03:30:00,SELL,Daily-High,PERIOD_M30,STRONG_TREND,UP,8.58357,306.4,0.3569610313657371,0.17600547995440294,PERIOD_H1,RANGING,UP,True,False,False,MINUS_1R_FIRST,FAILURE_FIRST,N/A_NO_RETEST,VALIDATION
w3__SELL__seq243,w3,992,989,2026-05-27 08:45:00,SELL,Equal-High,PERIOD_M15,WEAK_TREND,UP,7.66643,184.7,0.2409204805887486,0.040860008666393305,PERIOD_M15,STRONG_TREND,DOWN,True,False,True,AMBIGUOUS_SAME_BAR,FAILURE_FIRST,N/A_NO_RETEST,VALIDATION
w3__BUY__seq549,w3,1070,1067,2026-05-28 16:00:00,BUY,Daily-Low,PERIOD_H1,RANGING,DOWN,22.62,308.1,0.13620689655172416,0.006903942150968204,PERIOD_M15,WEAK_TREND,UP,True,False,False,AMBIGUOUS_SAME_BAR,FAILURE_FIRST,N/A_NO_RETEST,VALIDATION
w3__SELL__seq248,w3,1079,1078,2026-05-28 16:00:00,SELL,Equal-High,PERIOD_H4,STRONG_TREND,UP,40.76571,486.6,0.11936502516453168,0.04652043320566187,PERIOD_M5,STRONG_TREND,UP,False,False,True,AMBIGUOUS_SAME_BAR,FAILURE_FIRST,N/A_NO_RETEST,VALIDATION
w3__BUY__seq584,w3,1114,1113,2026-05-29 12:15:00,BUY,Monthly-Low,PERIOD_M15,WEAK_TREND,UP,9.10714,188.5,0.20698045709190813,0.0375865733386975,PERIOD_H1,STRONG_TREND,UP,True,True,True,AMBIGUOUS_SAME_BAR,FAILURE_FIRST,N/A_NO_RETEST,VALIDATION
w3__SELL__seq317,w3,1335,1332,2026-06-05 16:00:00,SELL,Asia-High,PERIOD_H1,WEAK_TREND,DOWN,18.44143,679.9,0.36868073679752594,0.08552620211828534,PERIOD_M30,RANGING,DOWN,True,True,False,AMBIGUOUS_SAME_BAR,FAILURE_FIRST,N/A_NO_RETEST,VALIDATION
w3__SELL__seq321,w3,1336,1334,2026-06-05 17:00:00,SELL,Asia-High,PERIOD_H1,WEAK_TREND,DOWN,21.43429,1082.8,0.5051718531381258,0.36868073679752594,PERIOD_H1,WEAK_TREND,DOWN,False,True,True,AMBIGUOUS_SAME_BAR,FAILURE_FIRST,N/A_NO_RETEST,VALIDATION
w3__SELL__seq327,w3,1339,1334,2026-06-05 18:15:00,SELL,Asia-High,PERIOD_M5,STRONG_TREND,DOWN,9.95571,1211.4,1.2167891591860351,0.36868073679752594,PERIOD_H1,WEAK_TREND,DOWN,True,True,True,AMBIGUOUS_SAME_BAR,FAILURE_FIRST,N/A_NO_RETEST,VALIDATION
w3__SELL__seq329,w3,1341,1334,2026-06-05 19:00:00,SELL,Asia-High,PERIOD_H1,WEAK_TREND,DOWN,23.64429,1386.1,0.586230332989487,0.36868073679752594,PERIOD_H1,WEAK_TREND,DOWN,False,True,True,PLUS_1R_FIRST,FAILURE_FIRST,N/A_NO_RETEST,VALIDATION
w3__BUY__seq751,w3,1352,1351,2026-06-05 20:00:00,BUY,Equal-Low,PERIOD_H4,STRONG_TREND,DOWN,42.365,307.3,0.07253629175026556,0.033486293008957585,PERIOD_M5,WEAK_TREND,DOWN,True,False,True,MINUS_1R_FIRST,FAILURE_FIRST,N/A_NO_RETEST,VALIDATION
w3__SELL__seq334,w3,1355,1353,2026-06-08 00:00:00,SELL,Asia-High,PERIOD_D1,STRONG_TREND,DOWN,102.34,1453.4,0.14201680672268907,0.14201680672268907,PERIOD_D1,STRONG_TREND,DOWN,False,True,True,AMBIGUOUS_SAME_BAR,FAILURE_FIRST,N/A_NO_RETEST,VALIDATION
w3__SELL__seq337,w3,1405,1353,2026-06-08 16:00:00,SELL,Asia-High,PERIOD_H4,STRONG_TREND,DOWN,47.17143,202.0,0.04282253050204329,0.14201680672268907,PERIOD_D1,STRONG_TREND,DOWN,False,True,True,PLUS_1R_FIRST,FAILURE_FIRST,FAIL,VALIDATION
w3__SELL__seq351,w3,1449,1446,2026-06-09 17:45:00,SELL,Daily-High,PERIOD_M15,WEAK_TREND,UP,12.57214,683.6,0.5437419564211026,0.15629701823016082,PERIOD_H1,RANGING,UP,True,False,False,AMBIGUOUS_SAME_BAR,FAILURE_FIRST,HOLD,VALIDATION
w3__SELL__seq352,w3,1459,1458,2026-06-09 20:00:00,SELL,Daily-High,PERIOD_H4,STRONG_TREND,DOWN,48.86929,1012.9,0.2072671814957819,0.2072671814957819,PERIOD_H4,STRONG_TREND,DOWN,False,True,True,MINUS_1R_FIRST,FAILURE_FIRST,N/A_NO_RETEST,VALIDATION
w3__SELL__seq354,w3,1471,1458,2026-06-09 22:15:00,SELL,Daily-High,PERIOD_M15,WEAK_TREND,DOWN,13.43143,946.4,0.7046159641974086,0.2072671814957819,PERIOD_H4,STRONG_TREND,DOWN,True,True,True,PLUS_1R_FIRST,FAILURE_FIRST,N/A_NO_RETEST,VALIDATION
w3__SELL__seq356,w3,1478,1476,2026-06-10 01:45:00,SELL,Asia-High,PERIOD_M15,STRONG_TREND,DOWN,7.76214,1022.5,1.3172913655254865,0.09075278682616894,PERIOD_D1,STRONG_TREND,DOWN,False,True,True,PLUS_1R_FIRST,CONTINUATION_FIRST,N/A_NO_RETEST,VALIDATION
w3__BUY__seq821,w3,1484,1483,2026-06-10 08:45:00,BUY,Equal-Low,PERIOD_M15,STRONG_TREND,DOWN,9.485,243.1,0.25629942013705853,0.029025371429811497,PERIOD_M5,STRONG_TREND,UP,False,False,True,AMBIGUOUS_SAME_BAR,FAILURE_FIRST,N/A_NO_RETEST,VALIDATION
w3__BUY__seq827,w3,1493,1490,2026-06-10 17:00:00,BUY,Asia-Low,PERIOD_H1,STRONG_TREND,DOWN,27.62143,71.1,0.025740883075206458,0.035677882512184,PERIOD_M15,WEAK_TREND,DOWN,True,False,True,MINUS_1R_FIRST,FAILURE_FIRST,N/A_NO_RETEST,VALIDATION
w3__SELL__seq357,w3,1497,1496,2026-06-11 00:00:00,SELL,Asia-High,PERIOD_H4,STRONG_TREND,DOWN,47.35714,1759.5,0.3715384839540563,0.16096527568699787,PERIOD_D1,STRONG_TREND,DOWN,False,True,True,AMBIGUOUS_SAME_BAR,FAILURE_FIRST,HOLD,VALIDATION
w3__SELL__seq358,w3,1499,1496,2026-06-11 01:15:00,SELL,Asia-High,PERIOD_M15,STRONG_TREND,DOWN,10.84714,1910.4,1.7612015701834773,0.16096527568699787,PERIOD_D1,STRONG_TREND,DOWN,False,True,True,PLUS_1R_FIRST,CONTINUATION_FIRST,N/A_NO_RETEST,VALIDATION
w3__SELL__seq359,w3,1501,1496,2026-06-11 02:15:00,SELL,Asia-High,PERIOD_M15,STRONG_TREND,DOWN,15.04643,2172.9,1.44412993646998,0.16096527568699787,PERIOD_D1,STRONG_TREND,DOWN,False,True,True,PLUS_1R_FIRST,FAILURE_FIRST,HOLD,VALIDATION
w3__SELL__seq361,w3,1523,1522,2026-06-11 00:00:00,SELL,Equal-High,PERIOD_D1,STRONG_TREND,DOWN,109.30929,146.5,0.013402337532335998,0.02608927411756315,PERIOD_M5,STRONG_TREND,UP,False,True,True,AMBIGUOUS_SAME_BAR,FAILURE_FIRST,N/A_NO_RETEST,VALIDATION
w3__SELL__seq362,w3,1525,1496,2026-06-11 12:30:00,SELL,Asia-High,PERIOD_M5,STRONG_TREND,UP,4.86857,386.1,0.7930460073491806,0.16096527568699787,PERIOD_D1,STRONG_TREND,DOWN,False,False,True,AMBIGUOUS_SAME_BAR,FAILURE_FIRST,N/A_NO_RETEST,VALIDATION
w3__SELL__seq363,w3,1527,1496,2026-06-11 13:30:00,SELL,Asia-High,PERIOD_M5,WEAK_TREND,UP,5.38429,303.5,0.5636769193338398,0.16096527568699787,PERIOD_D1,STRONG_TREND,DOWN,True,False,True,MINUS_1R_FIRST,FAILURE_FIRST,FAIL,VALIDATION
w3__SELL__seq365,w3,1530,1496,2026-06-11 15:00:00,SELL,Asia-High,PERIOD_M5,WEAK_TREND,UP,5.51,376.7,0.6836660617059891,0.16096527568699787,PERIOD_D1,STRONG_TREND,DOWN,True,False,True,MINUS_1R_FIRST,FAILURE_FIRST,N/A_NO_RETEST,VALIDATION
w3__SELL__seq366,w3,1535,1496,2026-06-11 16:00:00,SELL,Asia-High,PERIOD_M30,WEAK_TREND,DOWN,15.42214,361.7,0.2345329506799964,0.16096527568699787,PERIOD_D1,STRONG_TREND,DOWN,True,True,True,PLUS_1R_FIRST,FAILURE_FIRST,N/A_NO_RETEST,VALIDATION
w3__SELL__seq387,w3,1575,1574,2026-06-12 03:45:00,SELL,Daily-High,PERIOD_M5,RANGING,UP,8.32929,162.4,0.19497460167673356,0.11614219122554327,PERIOD_M15,STRONG_TREND,UP,True,False,False,MINUS_1R_FIRST,FAILURE_FIRST,N/A_NO_RETEST,VALIDATION
w3__BUY__seq853,w3,1583,1582,2026-06-12 00:00:00,BUY,Equal-Low,PERIOD_D1,STRONG_TREND,DOWN,119.46214,279.3,0.023379792124935985,0.13082687389294037,PERIOD_M5,STRONG_TREND,UP,False,False,True,PLUS_1R_FIRST,FAILURE_FIRST,FAIL,VALIDATION
w3__BUY__seq855,w3,1588,1586,2026-06-12 00:00:00,BUY,Equal-Low,PERIOD_D1,STRONG_TREND,DOWN,119.46214,399.9,0.033475040711643034,0.1384368667159986,PERIOD_M15,STRONG_TREND,DOWN,False,False,True,PLUS_1R_FIRST,FAILURE_FIRST,AMBIGUOUS,VALIDATION
w3__BUY__seq858,w3,1607,1606,2026-06-12 00:00:00,BUY,Equal-Low,PERIOD_D1,STRONG_TREND,DOWN,119.46214,79.1,0.0066213446368866315,0.010813743699097147,PERIOD_M5,RANGING,DOWN,True,False,False,PLUS_1R_FIRST,FAILURE_FIRST,FAIL,VALIDATION
w3__BUY__seq860,w3,1632,1629,2026-06-15 01:30:00,BUY,Equal-Low,PERIOD_M5,VOLATILE,UP,11.50286,726.5,0.6315820587227873,0.01568705157737432,PERIOD_M5,STRONG_TREND,DOWN,True,True,False,MINUS_1R_FIRST,FAILURE_FIRST,N/A_NO_RETEST,VALIDATION
w3__SELL__seq475,w3,1740,1736,2026-06-17 22:00:00,SELL,Weekly-High,PERIOD_H1,WEAK_TREND,UP,22.55571,773.5,0.34292868635037427,0.3425795099200374,PERIOD_M30,WEAK_TREND,DOWN,False,False,True,AMBIGUOUS_SAME_BAR,FAILURE_FIRST,N/A_NO_RETEST,VALIDATION
w3__SELL__seq476,w3,1744,1726,2026-06-17 23:00:00,SELL,Weekly-High,PERIOD_H1,WEAK_TREND,UP,27.07143,1275.9,0.47130868225284,0.027127736162593914,PERIOD_H1,WEAK_TREND,UP,False,False,True,MINUS_1R_FIRST,FAILURE_FIRST,N/A_NO_RETEST,VALIDATION
w3__SELL__seq477,w3,1748,1726,2026-06-18 00:00:00,SELL,Weekly-High,PERIOD_H4,RANGING,UP,36.09714,1056.2,0.29259935828711087,0.027127736162593914,PERIOD_H1,WEAK_TREND,UP,True,False,False,AMBIGUOUS_SAME_BAR,FAILURE_FIRST,N/A_NO_RETEST,VALIDATION
w3__BUY__seq938,w3,1804,1803,2026-06-22 04:00:00,BUY,Equal-Low,PERIOD_H1,WEAK_TREND,UP,21.52286,589.4,0.27384836401853657,0.16873026297310348,PERIOD_M30,RANGING,UP,True,True,False,PLUS_1R_FIRST,FAILURE_FIRST,N/A_NO_RETEST,VALIDATION
w3__BUY__seq1002,w3,1917,1916,2026-06-24 17:00:00,BUY,Equal-Low,PERIOD_M30,STRONG_TREND,DOWN,21.02571,7.1,0.0033768181906817887,0.004683377308707124,PERIOD_M5,STRONG_TREND,DOWN,False,False,True,MINUS_1R_FIRST,FAILURE_FIRST,N/A_NO_RETEST,VALIDATION
w3__SELL__seq498,w3,1926,1925,2026-06-25 00:00:00,SELL,Asia-High,PERIOD_D1,STRONG_TREND,DOWN,126.88429,1128.1,0.0889077757380366,0.0889077757380366,PERIOD_D1,STRONG_TREND,DOWN,False,True,True,MINUS_1R_FIRST,FAILURE_FIRST,N/A_NO_RETEST,VALIDATION
w3__SELL__seq567,w3,2059,2058,2026-06-30 04:15:00,SELL,Asia-High,PERIOD_M15,VOLATILE,UP,10.56143,1176.3,1.1137696315745123,0.04924388398638296,PERIOD_D1,STRONG_TREND,DOWN,True,False,False,PLUS_1R_FIRST,FAILURE_FIRST,FAIL,VALIDATION
w3__SELL__seq568,w3,2064,2058,2026-06-30 05:15:00,SELL,Asia-High,PERIOD_M15,VOLATILE,DOWN,14.71071,1181.7,0.80329229520533,0.04924388398638296,PERIOD_D1,STRONG_TREND,DOWN,True,True,False,MINUS_1R_FIRST,FAILURE_FIRST,N/A_NO_RETEST,VALIDATION
w4__SELL__seq8,w4,32,29,2026-07-01 22:45:00,SELL,Daily-High,PERIOD_M15,STRONG_TREND,UP,6.14143,95.0,0.15468710056126994,0.003997039230199852,PERIOD_M15,STRONG_TREND,UP,False,False,True,PLUS_1R_FIRST,CONTINUATION_FIRST,N/A_NO_RETEST,VALIDATION
w4__SELL__seq59,w4,176,175,2026-07-08 10:15:00,SELL,Equal-High,PERIOD_M15,WEAK_TREND,UP,6.73714,137.5,0.2040925377830949,0.045498918065633796,PERIOD_M5,RANGING,UP,True,False,False,AMBIGUOUS_SAME_BAR,FAILURE_FIRST,N/A_NO_RETEST,VALIDATION
w4__SELL__seq103,w4,381,379,2026-07-14 00:00:00,SELL,Daily-High,PERIOD_D1,WEAK_TREND,DOWN,104.02643,1013.4,0.09741755052057444,0.08264775264055173,PERIOD_M15,WEAK_TREND,UP,False,True,True,MINUS_1R_FIRST,FAILURE_FIRST,AMBIGUOUS,VALIDATION
w4__BUY__seq206,w4,426,421,2026-07-15 16:00:00,BUY,Equal-Low,PERIOD_H4,WEAK_TREND,DOWN,36.44857,248.6,0.06820569366644563,0.17068314452454517,PERIOD_H1,STRONG_TREND,DOWN,True,False,True,AMBIGUOUS_SAME_BAR,FAILURE_FIRST,N/A_NO_RETEST,VALIDATION
w4__BUY__seq210,w4,449,445,2026-07-15 21:30:00,BUY,Equal-Low,PERIOD_M30,STRONG_TREND,UP,14.675,312.6,0.213015332197615,0.1112766053032633,PERIOD_H1,WEAK_TREND,UP,True,True,True,PLUS_1R_FIRST,FAILURE_FIRST,N/A_NO_RETEST,VALIDATION
w4__BUY__seq248,w4,497,495,2026-07-17 06:30:00,BUY,Equal-Low,PERIOD_M30,WEAK_TREND,DOWN,10.52143,279.3,0.26545821242929907,0.022230582441259958,PERIOD_M15,RANGING,UP,True,False,False,MINUS_1R_FIRST,FAILURE_FIRST,N/A_NO_RETEST,VALIDATION
w4__SELL__seq162,w4,501,500,2026-07-17 00:00:00,SELL,Equal-High,PERIOD_D1,STRONG_TREND,DOWN,99.14786,234.1,0.02361120048380268,0.016894257508497143,PERIOD_M5,WEAK_TREND,DOWN,True,True,True,MINUS_1R_FIRST,FAILURE_FIRST,N/A_NO_RETEST,VALIDATION
w4__BUY__seq279,w4,575,572,2026-07-21 04:00:00,BUY,Equal-Low,PERIOD_H1,RANGING,DOWN,13.29429,183.4,0.1379539636941875,0.07990080542149679,PERIOD_M5,WEAK_TREND,UP,True,False,False,AMBIGUOUS_SAME_BAR,FAILURE_FIRST,N/A_NO_RETEST,VALIDATION
w4__BUY__seq285,w4,586,584,2026-07-21 06:30:00,BUY,Asia-Low,PERIOD_M30,STRONG_TREND,DOWN,10.40429,472.4,0.45404347629679687,0.0812332729645082,PERIOD_H4,RANGING,DOWN,True,False,False,AMBIGUOUS_SAME_BAR,FAILURE_FIRST,N/A_NO_RETEST,VALIDATION
w4__BUY__seq331,w4,662,661,2026-07-24 17:00:00,BUY,Equal-Low,PERIOD_H1,STRONG_TREND,DOWN,12.84286,159.8,0.12442711358684905,0.013875953183374926,PERIOD_M5,STRONG_TREND,DOWN,False,False,True,AMBIGUOUS_SAME_BAR,FAILURE_FIRST,N/A_NO_RETEST,VALIDATION
w4__BUY__seq369,w4,753,749,2026-07-29 20:15:00,BUY,Daily-Low,PERIOD_M15,STRONG_TREND,DOWN,10.31071,306.4,0.29716673245586384,0.04909743670867762,PERIOD_M30,STRONG_TREND,DOWN,False,False,True,PLUS_1R_FIRST,FAILURE_FIRST,N/A_NO_RETEST,VALIDATION
w4__SELL__seq278,w4,806,803,2026-07-31 04:15:00,SELL,Daily-High,PERIOD_M15,WEAK_TREND,UP,5.40429,274.7,0.5082998876818232,0.035499466739612184,PERIOD_M15,RANGING,UP,True,False,False,PLUS_1R_FIRST,FAILURE_FIRST,N/A_NO_RETEST,VALIDATION
w4__SELL__seq283,w4,874,871,2026-08-04 12:00:00,SELL,Asia-High,PERIOD_H1,WEAK_TREND,UP,11.90571,143.7,0.1206983875804131,0.021277128338631757,PERIOD_M15,WEAK_TREND,UP,False,False,True,PLUS_1R_FIRST,FAILURE_FIRST,N/A_NO_RETEST,VALIDATION
w4__BUY__seq426,w4,879,876,2026-08-04 15:00:00,BUY,Equal-Low,PERIOD_H1,WEAK_TREND,UP,13.36571,209.1,0.15644511215640622,0.08544116076449251,PERIOD_M30,RANGING,UP,True,True,False,MINUS_1R_FIRST,FAILURE_FIRST,N/A_NO_RETEST,VALIDATION
w4__BUY__seq430,w4,933,918,2026-08-05 14:15:00,BUY,Asia-Low,PERIOD_M15,WEAK_TREND,UP,6.93429,1054.3,1.5204152119395065,0.037870572542374026,PERIOD_D1,RANGING,UP,True,True,False,AMBIGUOUS_SAME_BAR,FAILURE_FIRST,N/A_NO_RETEST,VALIDATION
w4__BUY__seq431,w4,938,918,2026-08-05 15:00:00,BUY,Asia-Low,PERIOD_M30,STRONG_TREND,UP,13.08286,1235.2,0.9441360681074322,0.037870572542374026,PERIOD_D1,RANGING,UP,True,True,False,PLUS_1R_FIRST,CONTINUATION_FIRST,N/A_NO_RETEST,VALIDATION
w4__BUY__seq432,w4,958,957,2026-08-06 03:30:00,BUY,Asia-Low,PERIOD_M5,VOLATILE,UP,8.16857,2083.9,2.551119718628842,0.20671048645814533,PERIOD_D1,RANGING,UP,True,True,False,PLUS_1R_FIRST,CONTINUATION_FIRST,N/A_NO_RETEST,VALIDATION
w4__SELL__seq340,w4,967,966,2026-08-06 00:00:00,SELL,Daily-High,PERIOD_D1,RANGING,UP,87.58143,208.2,0.023772162660509195,0.08321759259259259,PERIOD_M15,WEAK_TREND,UP,True,False,False,MINUS_1R_FIRST,FAILURE_FIRST,N/A_NO_RETEST,VALIDATION
w4__BUY__seq434,w4,973,957,2026-08-06 00:00:00,BUY,Asia-Low,PERIOD_D1,RANGING,UP,87.58143,796.3,0.09092110051183225,0.20671048645814533,PERIOD_D1,RANGING,UP,False,True,True,PLUS_1R_FIRST,FAILURE_FIRST,N/A_NO_RETEST,VALIDATION
w4__SELL__seq343,w4,978,976,2026-08-06 00:00:00,SELL,Equal-High,PERIOD_D1,RANGING,UP,87.58143,217.3,0.024811195706669783,0.005200222825986297,PERIOD_M30,WEAK_TREND,UP,True,False,False,MINUS_1R_FIRST,FAILURE_FIRST,N/A_NO_RETEST,VALIDATION
w4__BUY__seq457,w4,1032,1019,2026-08-07 21:15:00,BUY,Asia-Low,PERIOD_M5,RANGING,UP,4.24286,1053.2,2.482287890715225,0.0005408537850243671,PERIOD_D1,WEAK_TREND,DOWN,True,True,False,PLUS_1R_FIRST,FAILURE_FIRST,N/A_NO_RETEST,VALIDATION
w4__BUY__seq458,w4,1035,1019,2026-08-07 22:15:00,BUY,Asia-Low,PERIOD_M15,WEAK_TREND,UP,9.49571,1139.6,1.2001208966996673,0.0005408537850243671,PERIOD_D1,WEAK_TREND,DOWN,False,True,True,AMBIGUOUS_SAME_BAR,FAILURE_FIRST,N/A_NO_RETEST,VALIDATION
w4__BUY__seq459,w4,1037,1019,2026-08-10 00:00:00,BUY,Asia-Low,PERIOD_D1,WEAK_TREND,UP,94.75571,1123.7,0.11858915942902017,0.0005408537850243671,PERIOD_D1,WEAK_TREND,DOWN,False,True,True,AMBIGUOUS_SAME_BAR,FAILURE_FIRST,N/A_NO_RETEST,VALIDATION
w4__BUY__seq461,w4,1048,1047,2026-08-10 00:00:00,BUY,Asia-Low,PERIOD_D1,WEAK_TREND,DOWN,94.75571,1106.3,0.11675285848209044,0.11675285848209044,PERIOD_D1,WEAK_TREND,DOWN,False,False,True,AMBIGUOUS_SAME_BAR,FAILURE_FIRST,N/A_NO_RETEST,VALIDATION
w4__BUY__seq462,w4,1051,1047,2026-08-10 06:00:00,BUY,Asia-Low,PERIOD_M30,RANGING,UP,12.28214,725.4,0.5906136878426723,0.11675285848209044,PERIOD_D1,WEAK_TREND,DOWN,True,True,False,AMBIGUOUS_SAME_BAR,FAILURE_FIRST,AMBIGUOUS,VALIDATION
w4__BUY__seq464,w4,1054,1047,2026-08-10 06:30:00,BUY,Asia-Low,PERIOD_M5,WEAK_TREND,UP,4.565,800.8,1.7542168674698793,0.11675285848209044,PERIOD_D1,WEAK_TREND,DOWN,False,True,True,MINUS_1R_FIRST,FAILURE_FIRST,N/A_NO_RETEST,VALIDATION
w4__BUY__seq466,w4,1060,1047,2026-08-10 08:45:00,BUY,Asia-Low,PERIOD_M15,STRONG_TREND,UP,7.20571,816.1,1.132574028097162,0.11675285848209044,PERIOD_D1,WEAK_TREND,DOWN,True,True,True,MINUS_1R_FIRST,FAILURE_FIRST,N/A_NO_RETEST,VALIDATION
w4__BUY__seq467,w4,1063,1047,2026-08-10 09:45:00,BUY,Asia-Low,PERIOD_M15,STRONG_TREND,UP,7.64714,836.3,1.0936114678167261,0.11675285848209044,PERIOD_D1,WEAK_TREND,DOWN,True,True,True,PLUS_1R_FIRST,FAILURE_FIRST,N/A_NO_RETEST,VALIDATION
w4__BUY__seq469,w4,1071,1047,2026-08-10 12:00:00,BUY,Asia-Low,PERIOD_M30,STRONG_TREND,UP,10.90571,331.3,0.3037858149538178,0.11675285848209044,PERIOD_D1,WEAK_TREND,DOWN,True,True,True,AMBIGUOUS_SAME_BAR,FAILURE_FIRST,N/A_NO_RETEST,VALIDATION
w4__SELL__seq374,w4,1078,1077,2026-08-10 17:00:00,SELL,Equal-High,PERIOD_H1,STRONG_TREND,UP,15.31929,198.6,0.12964047289397876,0.12859977753716645,PERIOD_M5,RANGING,UP,True,False,False,MINUS_1R_FIRST,FAILURE_FIRST,N/A_NO_RETEST,VALIDATION
w4__BUY__seq471,w4,1081,1047,2026-08-10 17:00:00,BUY,Asia-Low,PERIOD_M30,STRONG_TREND,UP,9.55214,44.6,0.046691107961147976,0.11675285848209044,PERIOD_D1,WEAK_TREND,DOWN,True,True,True,PLUS_1R_FIRST,CONTINUATION_FIRST,AMBIGUOUS,VALIDATION
w4__BUY__seq472,w4,1083,1047,2026-08-10 17:30:00,BUY,Asia-Low,PERIOD_M30,STRONG_TREND,UP,11.085,321.1,0.28967072620658546,0.11675285848209044,PERIOD_D1,WEAK_TREND,DOWN,True,True,True,PLUS_1R_FIRST,FAILURE_FIRST,N/A_NO_RETEST,VALIDATION
w4__BUY__seq473,w4,1088,1047,2026-08-10 18:00:00,BUY,Asia-Low,PERIOD_H1,STRONG_TREND,UP,16.57929,320.9,0.1935547300276429,0.11675285848209044,PERIOD_D1,WEAK_TREND,DOWN,True,True,True,MINUS_1R_FIRST,FAILURE_FIRST,N/A_NO_RETEST,VALIDATION
w4__BUY__seq474,w4,1091,1047,2026-08-10 19:00:00,BUY,Asia-Low,PERIOD_H1,WEAK_TREND,UP,15.78286,451.5,0.28606982511407947,0.11675285848209044,PERIOD_D1,WEAK_TREND,DOWN,False,True,True,PLUS_1R_FIRST,FAILURE_FIRST,N/A_NO_RETEST,VALIDATION
w4__BUY__seq475,w4,1097,1047,2026-08-10 20:45:00,BUY,Asia-Low,PERIOD_M5,STRONG_TREND,UP,3.58857,468.2,1.3046979716154348,0.11675285848209044,PERIOD_D1,WEAK_TREND,DOWN,True,True,True,MINUS_1R_FIRST,FAILURE_FIRST,HOLD,VALIDATION
w4__BUY__seq477,w4,1105,1047,2026-08-10 22:00:00,BUY,Asia-Low,PERIOD_M30,STRONG_TREND,UP,12.98571,651.3,0.5015513206440002,0.11675285848209044,PERIOD_D1,WEAK_TREND,DOWN,True,True,True,PLUS_1R_FIRST,CONTINUATION_FIRST,N/A_NO_RETEST,VALIDATION
w4__BUY__seq478,w4,1111,1047,2026-08-10 23:00:00,BUY,Asia-Low,PERIOD_M5,STRONG_TREND,UP,4.25,748.2,1.7604705882352942,0.11675285848209044,PERIOD_D1,WEAK_TREND,DOWN,True,True,True,PLUS_1R_FIRST,FAILURE_FIRST,N/A_NO_RETEST,VALIDATION
w4__BUY__seq479,w4,1118,1117,2026-08-11 05:45:00,BUY,Asia-Low,PERIOD_M15,VOLATILE,UP,10.58714,1023.2,0.9664555300109379,0.0787457570821634,PERIOD_D1,STRONG_TREND,UP,True,True,False,MINUS_1R_FIRST,FAILURE_FIRST,N/A_NO_RETEST,VALIDATION
w4__SELL__seq394,w4,1125,1123,2026-08-11 08:45:00,SELL,Daily-High,PERIOD_M15,STRONG_TREND,UP,9.50286,180.9,0.19036374312575374,0.019798687509071464,PERIOD_M30,STRONG_TREND,UP,False,False,True,PLUS_1R_FIRST,FAILURE_FIRST,N/A_NO_RETEST,VALIDATION
w4__BUY__seq490,w4,1167,1117,2026-08-11 18:45:00,BUY,Asia-Low,PERIOD_M15,STRONG_TREND,UP,11.11929,161.7,0.1454229541634403,0.0787457570821634,PERIOD_D1,STRONG_TREND,UP,False,True,True,PLUS_1R_FIRST,FAILURE_FIRST,N/A_NO_RETEST,VALIDATION
w4__BUY__seq495,w4,1240,1238,2026-08-13 03:45:00,BUY,Asia-Low,PERIOD_M15,STRONG_TREND,UP,7.095,736.6,1.0381959126145173,0.045586604712072334,PERIOD_D1,STRONG_TREND,UP,False,True,True,MINUS_1R_FIRST,FAILURE_FIRST,FAIL,VALIDATION
w4__SELL__seq529,w4,1306,1295,2026-08-13 22:15:00,SELL,Weekly-High,PERIOD_M5,WEAK_TREND,UP,3.59643,249.7,0.6942996249058094,0.01277691268365467,PERIOD_H4,STRONG_TREND,UP,True,False,True,AMBIGUOUS_SAME_BAR,FAILURE_FIRST,N/A_NO_RETEST,VALIDATION
w4__SELL__seq532,w4,1310,1295,2026-08-14 03:30:00,SELL,Weekly-High,PERIOD_M30,WEAK_TREND,DOWN,9.34643,322.6,0.3451585257686625,0.01277691268365467,PERIOD_H4,STRONG_TREND,UP,True,True,True,AMBIGUOUS_SAME_BAR,FAILURE_FIRST,N/A_NO_RETEST,VALIDATION
w4__BUY__seq527,w4,1320,1319,2026-08-14 15:30:00,BUY,Daily-Low,PERIOD_M30,STRONG_TREND,DOWN,9.97214,364.1,0.3651172165653511,0.03369276861233828,PERIOD_H1,WEAK_TREND,DOWN,True,False,True,PLUS_1R_FIRST,FAILURE_FIRST,N/A_NO_RETEST,VALIDATION
w4__SELL__seq561,w4,1362,1356,2026-08-17 15:30:00,SELL,Daily-High,PERIOD_M30,RANGING,DOWN,9.34857,112.8,0.12066016513755579,0.011632796075683252,PERIOD_M15,STRONG_TREND,UP,True,True,False,AMBIGUOUS_SAME_BAR,FAILURE_FIRST,N/A_NO_RETEST,VALIDATION
w4__BUY__seq545,w4,1397,1392,2026-08-18 16:45:00,BUY,Equal-Low,PERIOD_M15,RANGING,UP,8.325,124.5,0.14954954954954958,0.11165737226754789,PERIOD_M15,RANGING,UP,False,True,True,MINUS_1R_FIRST,FAILURE_FIRST,HOLD,VALIDATION
w4__BUY__seq569,w4,1431,1428,2026-08-19 04:45:00,BUY,Daily-Low,PERIOD_M15,WEAK_TREND,UP,8.64714,263.8,0.3050719659910676,0.19060369034589078,PERIOD_M15,WEAK_TREND,DOWN,False,True,True,MINUS_1R_FIRST,FAILURE_FIRST,N/A_NO_RETEST,VALIDATION
w4__BUY__seq579,w4,1480,1479,2026-08-20 05:00:00,BUY,Asia-Low,PERIOD_M30,STRONG_TREND,UP,12.91643,1565.4,1.2119447866012514,0.18425472018638062,PERIOD_D1,STRONG_TREND,UP,False,True,True,PLUS_1R_FIRST,FAILURE_FIRST,N/A_NO_RETEST,VALIDATION
w4__BUY__seq581,w4,1491,1479,2026-08-20 13:30:00,BUY,Asia-Low,PERIOD_M30,WEAK_TREND,UP,9.16429,158.9,0.17339040994992524,0.18425472018638062,PERIOD_D1,STRONG_TREND,UP,True,True,True,AMBIGUOUS_SAME_BAR,FAILURE_FIRST,HOLD,VALIDATION
w4__BUY__seq582,w4,1494,1479,2026-08-20 14:30:00,BUY,Asia-Low,PERIOD_M5,WEAK_TREND,DOWN,3.875,64.6,0.1667096774193548,0.18425472018638062,PERIOD_D1,STRONG_TREND,UP,True,False,True,AMBIGUOUS_SAME_BAR,FAILURE_FIRST,N/A_NO_RETEST,VALIDATION
w4__BUY__seq596,w4,1503,1479,2026-08-20 18:00:00,BUY,Asia-Low,PERIOD_M30,WEAK_TREND,DOWN,14.22,379.9,0.2671589310829817,0.18425472018638062,PERIOD_D1,STRONG_TREND,UP,True,False,True,PLUS_1R_FIRST,CONTINUATION_FIRST,N/A_NO_RETEST,VALIDATION
w4__BUY__seq598,w4,1504,1479,2026-08-20 18:30:00,BUY,Asia-Low,PERIOD_M30,STRONG_TREND,DOWN,15.46857,546.0,0.3529738043012379,0.18425472018638062,PERIOD_D1,STRONG_TREND,UP,False,False,True,MINUS_1R_FIRST,FAILURE_FIRST,N/A_NO_RETEST,VALIDATION
w4__BUY__seq604,w4,1512,1479,2026-08-20 00:00:00,BUY,Asia-Low,PERIOD_D1,STRONG_TREND,UP,103.015,450.3,0.04371208076493715,0.18425472018638062,PERIOD_D1,STRONG_TREND,UP,False,True,True,AMBIGUOUS_SAME_BAR,FAILURE_FIRST,N/A_NO_RETEST,VALIDATION
w4__BUY__seq605,w4,1515,1479,2026-08-20 20:00:00,BUY,Asia-Low,PERIOD_H4,WEAK_TREND,UP,42.57143,321.0,0.07540268203346705,0.18425472018638062,PERIOD_D1,STRONG_TREND,UP,True,True,True,PLUS_1R_FIRST,FAILURE_FIRST,N/A_NO_RETEST,VALIDATION
w4__BUY__seq608,w4,1528,1526,2026-08-21 04:30:00,BUY,Asia-Low,PERIOD_M30,WEAK_TREND,UP,9.72857,516.2,0.5306021337154383,0.04016397311033653,PERIOD_D1,STRONG_TREND,UP,True,True,True,PLUS_1R_FIRST,CONTINUATION_FIRST,N/A_NO_RETEST,VALIDATION
w4__BUY__seq609,w4,1534,1526,2026-08-21 05:00:00,BUY,Asia-Low,PERIOD_H1,WEAK_TREND,UP,20.615,528.4,0.2563182148920689,0.04016397311033653,PERIOD_D1,STRONG_TREND,UP,True,True,True,AMBIGUOUS_SAME_BAR,FAILURE_FIRST,N/A_NO_RETEST,VALIDATION
w4__BUY__seq612,w4,1582,1581,2026-08-24 05:00:00,BUY,Asia-Low,PERIOD_M30,WEAK_TREND,UP,16.16929,1140.6,0.7054113074847441,0.08008255064415097,PERIOD_D1,STRONG_TREND,UP,True,True,True,AMBIGUOUS_SAME_BAR,FAILURE_FIRST,N/A_NO_RETEST,VALIDATION
w4__SELL__seq684,w4,1602,1601,2026-08-24 00:00:00,SELL,Equal-High,PERIOD_D1,STRONG_TREND,UP,107.28929,419.8,0.03912785703027768,0.043989393119366955,PERIOD_M5,WEAK_TREND,UP,True,False,True,MINUS_1R_FIRST,FAILURE_FIRST,N/A_NO_RETEST,VALIDATION
w4__SELL__seq685,w4,1607,1605,2026-08-24 00:00:00,SELL,Asia-High,PERIOD_D1,STRONG_TREND,UP,107.28929,557.8,0.051990277873961134,0.013079098528494211,PERIOD_M15,RANGING,UP,True,False,False,MINUS_1R_FIRST,FAILURE_FIRST,N/A_NO_RETEST,VALIDATION
w4__SELL__seq690,w4,1615,1614,2026-08-24 00:00:00,SELL,Equal-High,PERIOD_D1,STRONG_TREND,UP,107.28929,660.0,0.06151592577413832,0.04327291008861709,PERIOD_M5,WEAK_TREND,UP,True,False,True,MINUS_1R_FIRST,FAILURE_FIRST,N/A_NO_RETEST,VALIDATION
w4__BUY__seq615,w4,1622,1581,2026-08-24 19:00:00,BUY,Asia-Low,PERIOD_H1,STRONG_TREND,UP,21.34857,544.0,0.25481800420356027,0.08008255064415097,PERIOD_D1,STRONG_TREND,UP,False,True,True,AMBIGUOUS_SAME_BAR,FAILURE_FIRST,AMBIGUOUS,VALIDATION
w4__BUY__seq616,w4,1626,1581,2026-08-24 00:00:00,BUY,Asia-Low,PERIOD_D1,STRONG_TREND,UP,107.28929,94.8,0.008835923883921685,0.08008255064415097,PERIOD_D1,STRONG_TREND,UP,False,True,True,PLUS_1R_FIRST,FAILURE_FIRST,N/A_NO_RETEST,VALIDATION
