d1_bar_time,c1,c2,range_hi,range_lo,accept_up,accept_dn,raw_dir,cooldown_ok,px200_shift0,ema200_shift1,htf_ok,event
2019.02.04,1317.30,1320.96,1323.26,1276.50,0,0,0,1,0.00,0.00,1,NO_ACCEPTANCE
2019.02.05,1311.70,1317.30,1326.20,1276.50,0,0,0,1,0.00,0.00,1,NO_ACCEPTANCE
2019.02.06,1314.81,1311.70,1326.20,1276.66,0,0,0,1,0.00,0.00,1,NO_ACCEPTANCE
2019.02.07,1306.04,1314.81,1326.20,1276.66,0,0,0,1,0.00,0.00,1,NO_ACCEPTANCE
2019.02.08,1309.74,1306.04,1326.20,1276.66,0,0,0,1,0.00,0.00,1,NO_ACCEPTANCE
2019.02.11,1313.69,1309.74,1326.20,1276.66,0,0,0,1,0.00,0.00,1,NO_ACCEPTANCE
2019.02.12,1307.79,1313.69,1326.20,1276.66,0,0,0,1,0.00,0.00,1,NO_ACCEPTANCE
2019.02.13,1310.32,1307.79,1326.20,1276.66,0,0,0,1,0.00,0.00,1,NO_ACCEPTANCE
2019.02.14,1305.73,1310.32,1326.20,1276.66,0,0,0,1,0.00,0.00,1,NO_ACCEPTANCE
2019.02.15,1312.04,1305.73,1326.20,1276.66,0,0,0,1,0.00,0.00,1,NO_ACCEPTANCE
2019.02.18,1320.87,1312.04,1326.20,1276.66,0,0,0,1,0.00,0.00,1,NO_ACCEPTANCE
2019.02.19,1326.18,1320.87,1326.20,1276.66,0,0,0,1,0.00,0.00,1,NO_ACCEPTANCE
2019.02.20,1340.74,1326.18,1326.20,1276.66,0,0,0,1,0.00,0.00,1,NO_ACCEPTANCE
2019.02.21,1338.07,1340.74,1327.56,1276.66,1,0,1,1,1338.53,1264.61,1,FINAL_SIGNAL_FIRE
2019.02.22,1322.94,1338.07,1341.76,1276.66,0,0,0,1,0.00,0.00,1,NO_ACCEPTANCE
2019.02.25,1327.57,1322.94,1346.61,1276.66,0,0,0,1,0.00,0.00,1,NO_ACCEPTANCE
2019.02.26,1326.99,1327.57,1346.61,1279.84,0,0,0,1,0.00,0.00,1,NO_ACCEPTANCE
2019.02.27,1328.59,1326.99,1346.61,1297.56,0,0,0,1,0.00,0.00,1,NO_ACCEPTANCE
2019.02.28,1319.39,1328.59,1346.61,1302.29,0,0,0,1,0.00,0.00,1,NO_ACCEPTANCE
2019.03.01,1312.76,1319.39,1346.61,1302.29,0,0,0,1,0.00,0.00,1,NO_ACCEPTANCE
2019.03.04,1293.33,1312.76,1346.61,1302.29,0,0,0,1,0.00,0.00,1,NO_ACCEPTANCE
2019.03.05,1286.24,1293.33,1346.61,1302.29,0,1,-1,1,1286.41,1268.44,0,RAW_ACCEPT_COOLDOWN_PASS_HTF_BLOCKED
2019.03.06,1287.42,1286.24,1346.61,1290.07,0,1,-1,0,0.00,0.00,1,RAW_ACCEPT_COOLDOWN_BLOCKED
2019.03.07,1285.91,1287.42,1346.61,1282.75,0,0,0,1,0.00,0.00,1,NO_ACCEPTANCE
2019.03.08,1285.17,1285.91,1346.61,1281.08,0,0,0,1,0.00,0.00,1,NO_ACCEPTANCE
2019.03.11,1298.16,1285.17,1346.61,1281.08,0,0,0,1,0.00,0.00,1,NO_ACCEPTANCE
2019.03.12,1293.00,1298.16,1346.61,1280.64,0,0,0,1,0.00,0.00,1,NO_ACCEPTANCE
2019.03.13,1300.96,1293.00,1346.61,1280.64,0,0,0,1,0.00,0.00,1,NO_ACCEPTANCE
2019.03.14,1308.64,1300.96,1346.61,1280.64,0,0,0,1,0.00,0.00,1,NO_ACCEPTANCE
2019.03.15,1295.77,1308.64,1346.61,1280.64,0,0,0,1,0.00,0.00,1,NO_ACCEPTANCE
2019.03.18,1301.91,1295.77,1346.61,1280.64,0,0,0,1,0.00,0.00,1,NO_ACCEPTANCE
2019.03.19,1303.23,1301.91,1346.61,1280.64,0,0,0,1,0.00,0.00,1,NO_ACCEPTANCE
2019.03.20,1306.06,1303.23,1346.61,1280.64,0,0,0,1,0.00,0.00,1,NO_ACCEPTANCE
2019.03.21,1312.13,1306.06,1346.61,1280.64,0,0,0,1,0.00,0.00,1,NO_ACCEPTANCE
2019.03.22,1308.95,1312.13,1346.61,1280.64,0,0,0,1,0.00,0.00,1,NO_ACCEPTANCE
2019.03.25,1313.06,1308.95,1341.38,1280.64,0,0,0,1,0.00,0.00,1,NO_ACCEPTANCE
2019.03.26,1321.66,1313.06,1333.00,1280.64,0,0,0,1,0.00,0.00,1,NO_ACCEPTANCE
2019.03.27,1315.13,1321.66,1332.46,1280.64,0,0,0,1,0.00,0.00,1,NO_ACCEPTANCE
2019.03.28,1309.12,1315.13,1330.10,1280.64,0,0,0,1,0.00,0.00,1,NO_ACCEPTANCE
2019.03.29,1289.86,1309.12,1329.76,1280.64,0,0,0,1,0.00,0.00,1,NO_ACCEPTANCE
2019.04.01,1291.79,1289.86,1327.17,1280.64,0,0,0,1,0.00,0.00,1,NO_ACCEPTANCE
2019.04.02,1287.24,1291.79,1324.38,1280.64,0,0,0,1,0.00,0.00,1,NO_ACCEPTANCE
2019.04.03,1292.06,1287.24,1324.38,1280.64,0,0,0,1,0.00,0.00,1,NO_ACCEPTANCE
2019.04.04,1289.42,1292.06,1324.38,1280.64,0,0,0,1,0.00,0.00,1,NO_ACCEPTANCE
2019.04.05,1291.75,1289.42,1324.38,1280.64,0,0,0,1,0.00,0.00,1,NO_ACCEPTANCE
2019.04.08,1291.34,1291.75,1324.38,1280.64,0,0,0,1,0.00,0.00,1,NO_ACCEPTANCE
2019.04.09,1297.26,1291.34,1324.38,1280.83,0,0,0,1,0.00,0.00,1,NO_ACCEPTANCE
2019.04.10,1303.90,1297.26,1324.38,1280.83,0,0,0,1,0.00,0.00,1,NO_ACCEPTANCE
2019.04.11,1307.89,1303.90,1324.38,1280.83,0,0,0,1,0.00,0.00,1,NO_ACCEPTANCE
2019.04.12,1292.46,1307.89,1324.38,1280.83,0,0,0,1,0.00,0.00,1,NO_ACCEPTANCE
2019.04.15,1290.33,1292.46,1324.38,1280.83,0,0,0,1,0.00,0.00,1,NO_ACCEPTANCE
2019.04.16,1287.74,1290.33,1324.38,1280.83,0,0,0,1,0.00,0.00,1,NO_ACCEPTANCE
2019.04.17,1276.65,1287.74,1324.38,1280.83,0,0,0,1,0.00,0.00,1,NO_ACCEPTANCE
2019.04.18,1273.84,1276.65,1324.38,1280.83,0,1,-1,1,1273.06,1276.23,1,FINAL_SIGNAL_FIRE
2019.04.22,1275.47,1273.84,1324.38,1272.84,0,0,0,1,0.00,0.00,1,NO_ACCEPTANCE
2019.04.23,1274.73,1275.47,1324.38,1272.84,0,0,0,1,0.00,0.00,1,NO_ACCEPTANCE
2019.04.24,1272.16,1274.73,1324.38,1271.04,0,0,0,1,0.00,0.00,1,NO_ACCEPTANCE
2019.04.25,1275.47,1272.16,1324.38,1271.04,0,0,0,1,0.00,0.00,1,NO_ACCEPTANCE
2019.04.26,1277.05,1275.47,1323.16,1266.18,0,0,0,1,0.00,0.00,1,NO_ACCEPTANCE
2019.04.29,1285.80,1277.05,1319.24,1266.18,0,0,0,1,0.00,0.00,1,NO_ACCEPTANCE
2019.04.30,1279.64,1285.80,1312.19,1266.18,0,0,0,1,0.00,0.00,1,NO_ACCEPTANCE
2019.05.01,1283.32,1279.64,1310.48,1266.18,0,0,0,1,0.00,0.00,1,NO_ACCEPTANCE
2019.05.02,1276.56,1283.32,1310.48,1266.18,0,0,0,1,0.00,0.00,1,NO_ACCEPTANCE
2019.05.03,1270.41,1276.56,1310.48,1266.18,0,0,0,1,0.00,0.00,1,NO_ACCEPTANCE
2019.05.06,1278.86,1270.41,1310.48,1266.18,0,0,0,1,0.00,0.00,1,NO_ACCEPTANCE
2019.05.07,1280.27,1278.86,1310.48,1266.18,0,0,0,1,0.00,0.00,1,NO_ACCEPTANCE
2019.05.08,1284.24,1280.27,1310.48,1266.18,0,0,0,1,0.00,0.00,1,NO_ACCEPTANCE
2019.05.09,1280.67,1284.24,1310.48,1266.18,0,0,0,1,0.00,0.00,1,NO_ACCEPTANCE
2019.05.10,1283.75,1280.67,1310.48,1266.18,0,0,0,1,0.00,0.00,1,NO_ACCEPTANCE
2019.05.13,1285.59,1283.75,1310.48,1266.18,0,0,0,1,0.00,0.00,1,NO_ACCEPTANCE
2019.05.14,1299.65,1285.59,1309.08,1266.18,0,0,0,1,0.00,0.00,1,NO_ACCEPTANCE
2019.05.15,1296.78,1299.65,1295.68,1266.18,1,0,1,1,1296.54,1277.08,1,FINAL_SIGNAL_FIRE
2019.05.16,1296.33,1296.78,1301.14,1266.18,0,0,0,1,0.00,0.00,1,NO_ACCEPTANCE
2019.05.17,1286.47,1296.33,1303.19,1266.18,0,0,0,1,0.00,0.00,1,NO_ACCEPTANCE
2019.05.20,1277.54,1286.47,1303.19,1266.18,0,0,0,1,0.00,0.00,1,NO_ACCEPTANCE
2019.05.21,1277.60,1277.54,1303.19,1266.18,0,0,0,1,0.00,0.00,1,NO_ACCEPTANCE
2019.05.22,1274.62,1277.60,1303.19,1266.18,0,0,0,1,0.00,0.00,1,NO_ACCEPTANCE
2019.05.23,1273.22,1274.62,1303.19,1266.18,0,0,0,1,0.00,0.00,1,NO_ACCEPTANCE
2019.05.24,1283.27,1273.22,1303.19,1266.18,0,0,0,1,0.00,0.00,1,NO_ACCEPTANCE
2019.05.27,1284.68,1283.27,1303.19,1266.18,0,0,0,1,0.00,0.00,1,NO_ACCEPTANCE
2019.05.28,1284.91,1284.68,1303.19,1266.18,0,0,0,1,0.00,0.00,1,NO_ACCEPTANCE
2019.05.29,1279.23,1284.91,1303.19,1266.18,0,0,0,1,0.00,0.00,1,NO_ACCEPTANCE
2019.05.30,1279.69,1279.23,1303.19,1266.18,0,0,0,1,0.00,0.00,1,NO_ACCEPTANCE
2019.05.31,1288.28,1279.69,1303.19,1266.18,0,0,0,1,0.00,0.00,1,NO_ACCEPTANCE
2019.06.03,1305.35,1288.28,1303.19,1266.18,0,0,0,1,0.00,0.00,1,NO_ACCEPTANCE
2019.06.04,1324.60,1305.35,1303.19,1268.52,1,0,1,1,1324.24,1278.39,1,FINAL_SIGNAL_FIRE
2019.06.05,1325.10,1324.60,1306.87,1269.37,1,0,1,0,0.00,0.00,1,RAW_ACCEPT_COOLDOWN_BLOCKED
2019.06.06,1330.09,1325.10,1327.87,1269.37,0,0,0,1,0.00,0.00,1,NO_ACCEPTANCE
2019.06.07,1335.36,1330.09,1328.95,1269.37,1,0,1,0,0.00,0.00,1,RAW_ACCEPT_COOLDOWN_BLOCKED
2019.06.10,1340.30,1335.36,1343.99,1269.37,0,0,0,1,0.00,0.00,1,NO_ACCEPTANCE
2019.06.11,1327.84,1340.30,1343.99,1269.37,0,0,0,1,0.00,0.00,1,NO_ACCEPTANCE
2019.06.12,1326.58,1327.84,1348.18,1269.37,0,0,0,1,0.00,0.00,1,NO_ACCEPTANCE
2019.06.13,1333.36,1326.58,1348.18,1269.37,0,0,0,1,0.00,0.00,1,NO_ACCEPTANCE
2019.06.14,1341.83,1333.36,1348.18,1269.37,0,0,0,1,0.00,0.00,1,NO_ACCEPTANCE
2019.06.17,1341.33,1341.83,1348.18,1269.37,0,0,0,1,0.00,0.00,1,NO_ACCEPTANCE
2019.06.18,1339.52,1341.33,1348.18,1269.37,0,0,0,1,0.00,0.00,1,NO_ACCEPTANCE
2019.06.19,1346.39,1339.52,1358.07,1269.37,0,0,0,1,0.00,0.00,1,NO_ACCEPTANCE
2019.06.20,1360.18,1346.39,1358.07,1269.37,0,0,0,1,0.00,0.00,1,NO_ACCEPTANCE
2019.06.21,1388.18,1360.18,1358.07,1272.38,1,0,1,1,1387.14,1286.11,1,FINAL_SIGNAL_FIRE
2019.06.24,1398.66,1388.18,1362.49,1272.73,1,0,1,0,0.00,0.00,1,RAW_ACCEPT_COOLDOWN_BLOCKED
2019.06.25,1419.29,1398.66,1393.79,1274.92,1,0,1,0,0.00,0.00,1,RAW_ACCEPT_COOLDOWN_BLOCKED
2019.06.26,1423.09,1419.29,1411.71,1274.92,1,0,1,0,0.00,0.00,1,RAW_ACCEPT_COOLDOWN_BLOCKED
2019.06.27,1408.89,1423.09,1421.26,1274.92,0,0,0,1,0.00,0.00,1,NO_ACCEPTANCE
2019.06.28,1409.73,1408.89,1439.04,1274.92,0,0,0,1,0.00,0.00,1,NO_ACCEPTANCE
2019.07.01,1409.38,1409.73,1439.04,1274.92,0,0,0,1,0.00,0.00,1,NO_ACCEPTANCE
2019.07.02,1384.15,1409.38,1439.04,1287.88,0,0,0,1,0.00,0.00,1,NO_ACCEPTANCE
2019.07.03,1417.94,1384.15,1439.04,1305.93,0,0,0,1,0.00,0.00,1,NO_ACCEPTANCE
2019.07.04,1418.40,1417.94,1439.04,1319.78,0,0,0,1,0.00,0.00,1,NO_ACCEPTANCE
2019.07.05,1415.18,1418.40,1439.04,1319.78,0,0,0,1,0.00,0.00,1,NO_ACCEPTANCE
2019.07.08,1398.44,1415.18,1439.04,1319.78,0,0,0,1,0.00,0.00,1,NO_ACCEPTANCE
2019.07.09,1395.05,1398.44,1439.04,1319.78,0,0,0,1,0.00,0.00,1,NO_ACCEPTANCE
2019.07.10,1397.30,1395.05,1439.04,1319.78,0,0,0,1,0.00,0.00,1,NO_ACCEPTANCE
2019.07.11,1418.59,1397.30,1439.04,1319.78,0,0,0,1,0.00,0.00,1,NO_ACCEPTANCE
2019.07.12,1403.49,1418.59,1439.04,1325.93,0,0,0,1,0.00,0.00,1,NO_ACCEPTANCE
2019.07.15,1415.17,1403.49,1439.04,1332.33,0,0,0,1,0.00,0.00,1,NO_ACCEPTANCE
2019.07.16,1413.63,1415.17,1439.04,1332.88,0,0,0,1,0.00,0.00,1,NO_ACCEPTANCE
2019.07.17,1405.53,1413.63,1439.04,1332.88,0,0,0,1,0.00,0.00,1,NO_ACCEPTANCE
2019.07.18,1425.93,1405.53,1439.04,1338.54,0,0,0,1,0.00,0.00,1,NO_ACCEPTANCE
2019.07.19,1445.98,1425.93,1439.04,1341.26,0,0,0,1,0.00,0.00,1,NO_ACCEPTANCE
2019.07.22,1424.78,1445.98,1439.04,1357.61,0,0,0,1,0.00,0.00,1,NO_ACCEPTANCE
2019.07.23,1424.50,1424.78,1448.01,1381.72,0,0,0,1,0.00,0.00,1,NO_ACCEPTANCE
2019.07.24,1417.39,1424.50,1452.87,1381.72,0,0,0,1,0.00,0.00,1,NO_ACCEPTANCE
2019.07.25,1425.39,1417.39,1452.87,1381.72,0,0,0,1,0.00,0.00,1,NO_ACCEPTANCE
2019.07.26,1414.04,1425.39,1452.87,1381.72,0,0,0,1,0.00,0.00,1,NO_ACCEPTANCE
2019.07.29,1418.30,1414.04,1452.87,1381.72,0,0,0,1,0.00,0.00,1,NO_ACCEPTANCE
2019.07.30,1426.58,1418.30,1452.87,1381.72,0,0,0,1,0.00,0.00,1,NO_ACCEPTANCE
2019.07.31,1430.62,1426.58,1452.87,1381.72,0,0,0,1,0.00,0.00,1,NO_ACCEPTANCE
2019.08.01,1412.49,1430.62,1452.87,1383.10,0,0,0,1,0.00,0.00,1,NO_ACCEPTANCE
2019.08.02,1443.87,1412.49,1452.87,1385.66,0,0,0,1,0.00,0.00,1,NO_ACCEPTANCE
2019.08.05,1440.89,1443.87,1452.87,1385.66,0,0,0,1,0.00,0.00,1,NO_ACCEPTANCE
2019.08.06,1463.62,1440.89,1452.87,1385.66,0,0,0,1,0.00,0.00,1,NO_ACCEPTANCE
2019.08.07,1474.27,1463.62,1452.87,1385.66,1,0,1,1,1473.46,1323.91,1,FINAL_SIGNAL_FIRE
2019.08.08,1500.94,1474.27,1469.65,1385.66,1,0,1,0,0.00,0.00,1,RAW_ACCEPT_COOLDOWN_BLOCKED
2019.08.09,1500.91,1500.94,1474.75,1389.81,1,0,1,0,0.00,0.00,1,RAW_ACCEPT_COOLDOWN_BLOCKED
2019.08.12,1496.98,1500.91,1510.28,1399.99,0,0,0,1,0.00,0.00,1,NO_ACCEPTANCE
2019.08.13,1510.78,1496.98,1510.28,1399.99,0,0,0,1,0.00,0.00,1,NO_ACCEPTANCE
2019.08.14,1501.02,1510.78,1510.28,1399.99,0,0,0,1,0.00,0.00,1,NO_ACCEPTANCE
2019.08.15,1516.30,1501.02,1519.30,1399.99,0,0,0,1,0.00,0.00,1,NO_ACCEPTANCE
2019.08.16,1523.00,1516.30,1534.91,1399.99,0,0,0,1,0.00,0.00,1,NO_ACCEPTANCE
2019.08.19,1512.77,1523.00,1534.91,1400.39,0,0,0,1,0.00,0.00,1,NO_ACCEPTANCE
2019.08.20,1495.81,1512.77,1534.91,1400.39,0,0,0,1,0.00,0.00,1,NO_ACCEPTANCE
2019.08.21,1507.19,1495.81,1534.91,1400.39,0,0,0,1,0.00,0.00,1,NO_ACCEPTANCE
2019.08.22,1502.36,1507.19,1534.91,1400.39,0,0,0,1,0.00,0.00,1,NO_ACCEPTANCE
2019.08.23,1497.92,1502.36,1534.91,1400.39,0,0,0,1,0.00,0.00,1,NO_ACCEPTANCE
2019.08.26,1525.93,1497.92,1534.91,1400.39,0,0,0,1,0.00,0.00,1,NO_ACCEPTANCE
2019.08.27,1527.19,1525.93,1534.91,1400.39,0,0,0,1,0.00,0.00,1,NO_ACCEPTANCE
2019.08.28,1542.41,1527.19,1534.91,1400.39,0,0,0,1,0.00,0.00,1,NO_ACCEPTANCE
2019.08.29,1539.03,1542.41,1555.10,1400.39,0,0,0,1,0.00,0.00,1,NO_ACCEPTANCE
2019.08.30,1527.30,1539.03,1555.10,1400.39,0,0,0,1,0.00,0.00,1,NO_ACCEPTANCE
2019.09.02,1519.94,1527.30,1555.10,1400.39,0,0,0,1,0.00,0.00,1,NO_ACCEPTANCE
2019.09.03,1529.44,1519.94,1555.10,1430.24,0,0,0,1,0.00,0.00,1,NO_ACCEPTANCE
2019.09.04,1547.45,1529.44,1555.10,1436.68,0,0,0,1,0.00,0.00,1,NO_ACCEPTANCE
2019.09.05,1552.37,1547.45,1555.10,1456.36,0,0,0,1,0.00,0.00,1,NO_ACCEPTANCE
2019.09.06,1518.87,1552.37,1555.10,1472.14,0,0,0,1,0.00,0.00,1,NO_ACCEPTANCE
2019.09.09,1506.00,1518.87,1556.92,1479.72,0,0,0,1,0.00,0.00,1,NO_ACCEPTANCE
2019.09.10,1498.79,1506.00,1556.92,1479.72,0,0,0,1,0.00,0.00,1,NO_ACCEPTANCE
2019.09.11,1485.14,1498.79,1556.92,1479.72,0,0,0,1,0.00,0.00,1,NO_ACCEPTANCE
2019.09.12,1496.63,1485.14,1556.92,1479.72,0,0,0,1,0.00,0.00,1,NO_ACCEPTANCE
2019.09.13,1498.77,1496.63,1556.92,1484.40,0,0,0,1,0.00,0.00,1,NO_ACCEPTANCE
2019.09.16,1488.07,1498.77,1556.92,1484.40,0,0,0,1,0.00,0.00,1,NO_ACCEPTANCE
2019.09.17,1498.03,1488.07,1556.92,1484.40,0,0,0,1,0.00,0.00,1,NO_ACCEPTANCE
2019.09.18,1501.15,1498.03,1556.92,1484.40,0,0,0,1,0.00,0.00,1,NO_ACCEPTANCE
2019.09.19,1493.84,1501.15,1556.92,1484.40,0,0,0,1,0.00,0.00,1,NO_ACCEPTANCE
2019.09.20,1498.70,1493.84,1556.92,1484.40,0,0,0,1,0.00,0.00,1,NO_ACCEPTANCE
2019.09.23,1516.21,1498.70,1556.92,1484.05,0,0,0,1,0.00,0.00,1,NO_ACCEPTANCE
2019.09.24,1521.92,1516.21,1556.92,1484.05,0,0,0,1,0.00,0.00,1,NO_ACCEPTANCE
2019.09.25,1532.01,1521.92,1556.92,1484.05,0,0,0,1,0.00,0.00,1,NO_ACCEPTANCE
2019.09.26,1503.42,1532.01,1556.92,1484.05,0,0,0,1,0.00,0.00,1,NO_ACCEPTANCE
2019.09.27,1504.34,1503.42,1556.92,1484.05,0,0,0,1,0.00,0.00,1,NO_ACCEPTANCE
2019.09.30,1496.72,1504.34,1556.92,1484.05,0,0,0,1,0.00,0.00,1,NO_ACCEPTANCE
2019.10.01,1472.34,1496.72,1556.92,1484.05,0,0,0,1,0.00,0.00,1,NO_ACCEPTANCE
2019.10.02,1478.91,1472.34,1556.92,1484.05,0,1,-1,1,1478.60,1384.97,0,RAW_ACCEPT_COOLDOWN_PASS_HTF_BLOCKED
2019.10.03,1499.69,1478.91,1556.92,1464.38,0,0,0,1,0.00,0.00,1,NO_ACCEPTANCE
2019.10.04,1504.82,1499.69,1556.92,1458.98,0,0,0,1,0.00,0.00,1,NO_ACCEPTANCE
2019.10.07,1504.30,1504.82,1552.90,1458.98,0,0,0,1,0.00,0.00,1,NO_ACCEPTANCE
2019.10.08,1493.08,1504.30,1535.63,1458.98,0,0,0,1,0.00,0.00,1,NO_ACCEPTANCE
2019.10.09,1505.40,1493.08,1535.63,1458.98,0,0,0,1,0.00,0.00,1,NO_ACCEPTANCE
2019.10.10,1505.49,1505.40,1535.63,1458.98,0,0,0,1,0.00,0.00,1,NO_ACCEPTANCE
2019.10.11,1493.38,1505.49,1535.63,1458.98,0,0,0,1,0.00,0.00,1,NO_ACCEPTANCE
2019.10.14,1488.64,1493.38,1535.63,1458.98,0,0,0,1,0.00,0.00,1,NO_ACCEPTANCE
2019.10.15,1492.97,1488.64,1535.63,1458.98,0,0,0,1,0.00,0.00,1,NO_ACCEPTANCE
2019.10.16,1480.91,1492.97,1535.63,1458.98,0,0,0,1,0.00,0.00,1,NO_ACCEPTANCE
2019.10.17,1489.80,1480.91,1535.63,1458.98,0,0,0,1,0.00,0.00,1,NO_ACCEPTANCE
2019.10.18,1491.70,1489.80,1535.63,1458.98,0,0,0,1,0.00,0.00,1,NO_ACCEPTANCE
2019.10.21,1489.68,1491.70,1535.63,1458.98,0,0,0,1,0.00,0.00,1,NO_ACCEPTANCE
2019.10.22,1484.24,1489.68,1535.63,1458.98,0,0,0,1,0.00,0.00,1,NO_ACCEPTANCE
2019.10.23,1487.43,1484.24,1535.63,1458.98,0,0,0,1,0.00,0.00,1,NO_ACCEPTANCE
2019.10.24,1491.78,1487.43,1535.63,1458.98,0,0,0,1,0.00,0.00,1,NO_ACCEPTANCE
2019.10.25,1503.53,1491.78,1535.03,1458.98,0,0,0,1,0.00,0.00,1,NO_ACCEPTANCE
2019.10.28,1504.14,1503.53,1519.43,1458.98,0,0,0,1,0.00,0.00,1,NO_ACCEPTANCE
2019.10.29,1492.31,1504.14,1519.43,1458.98,0,0,0,1,0.00,0.00,1,NO_ACCEPTANCE
2019.10.30,1487.57,1492.31,1519.43,1458.98,0,0,0,1,0.00,0.00,1,NO_ACCEPTANCE
2019.10.31,1495.55,1487.57,1519.43,1458.98,0,0,0,1,0.00,0.00,1,NO_ACCEPTANCE
2019.11.01,1512.42,1495.55,1519.43,1473.89,0,0,0,1,0.00,0.00,1,NO_ACCEPTANCE
2019.11.04,1513.68,1512.42,1519.43,1473.89,0,0,0,1,0.00,0.00,1,NO_ACCEPTANCE
2019.11.05,1509.39,1513.68,1517.87,1473.89,0,0,0,1,0.00,0.00,1,NO_ACCEPTANCE
2019.11.06,1483.32,1509.39,1517.87,1473.89,0,0,0,1,0.00,0.00,1,NO_ACCEPTANCE
2019.11.07,1490.29,1483.32,1517.87,1473.89,0,0,0,1,0.00,0.00,1,NO_ACCEPTANCE
2019.11.08,1468.38,1490.29,1517.87,1473.89,0,0,0,1,0.00,0.00,1,NO_ACCEPTANCE
2019.11.11,1458.87,1468.38,1517.87,1473.89,0,1,-1,1,1459.27,1411.44,0,RAW_ACCEPT_COOLDOWN_PASS_HTF_BLOCKED
2019.11.12,1455.75,1458.87,1517.87,1460.50,0,1,-1,0,0.00,0.00,1,RAW_ACCEPT_COOLDOWN_BLOCKED
2019.11.13,1456.05,1455.75,1517.87,1456.10,0,1,-1,0,0.00,0.00,1,RAW_ACCEPT_COOLDOWN_BLOCKED
2019.11.14,1463.23,1456.05,1517.87,1448.08,0,0,0,1,0.00,0.00,1,NO_ACCEPTANCE
2019.11.15,1471.09,1463.23,1517.87,1445.52,0,0,0,1,0.00,0.00,1,NO_ACCEPTANCE
2019.11.18,1467.59,1471.09,1517.87,1445.52,0,0,0,1,0.00,0.00,1,NO_ACCEPTANCE
2019.11.19,1471.11,1467.59,1517.87,1445.52,0,0,0,1,0.00,0.00,1,NO_ACCEPTANCE
2019.11.20,1472.30,1471.11,1517.87,1445.52,0,0,0,1,0.00,0.00,1,NO_ACCEPTANCE
2019.11.21,1471.40,1472.30,1517.87,1445.52,0,0,0,1,0.00,0.00,1,NO_ACCEPTANCE
2019.11.22,1464.25,1471.40,1517.87,1445.52,0,0,0,1,0.00,0.00,1,NO_ACCEPTANCE
2019.11.25,1461.72,1464.25,1517.87,1445.52,0,0,0,1,0.00,0.00,1,NO_ACCEPTANCE
2019.11.26,1454.95,1461.72,1517.87,1445.52,0,0,0,1,0.00,0.00,1,NO_ACCEPTANCE
2019.11.27,1461.17,1454.95,1515.79,1445.52,0,0,0,1,0.00,0.00,1,NO_ACCEPTANCE
2019.11.28,1454.18,1461.17,1515.79,1445.52,0,0,0,1,0.00,0.00,1,NO_ACCEPTANCE
2019.11.29,1455.60,1454.18,1515.79,1445.52,0,0,0,1,0.00,0.00,1,NO_ACCEPTANCE
2019.12.02,1462.86,1455.60,1515.79,1445.52,0,0,0,1,0.00,0.00,1,NO_ACCEPTANCE
2019.12.03,1462.21,1462.86,1515.79,1445.52,0,0,0,1,0.00,0.00,1,NO_ACCEPTANCE
2019.12.04,1477.15,1462.21,1514.71,1445.52,0,0,0,1,0.00,0.00,1,NO_ACCEPTANCE
2019.12.05,1474.38,1477.15,1509.53,1445.52,0,0,0,1,0.00,0.00,1,NO_ACCEPTANCE
2019.12.06,1475.73,1474.38,1494.08,1445.52,0,0,0,1,0.00,0.00,1,NO_ACCEPTANCE
2019.12.09,1459.36,1475.73,1492.10,1445.52,0,0,0,1,0.00,0.00,1,NO_ACCEPTANCE
2019.12.10,1461.41,1459.36,1483.96,1445.52,0,0,0,1,0.00,0.00,1,NO_ACCEPTANCE
2019.12.11,1464.11,1461.41,1483.96,1445.52,0,0,0,1,0.00,0.00,1,NO_ACCEPTANCE
2019.12.12,1474.67,1464.11,1483.96,1445.52,0,0,0,1,0.00,0.00,1,NO_ACCEPTANCE
2019.12.13,1469.64,1474.67,1483.96,1449.98,0,0,0,1,0.00,0.00,1,NO_ACCEPTANCE
2019.12.16,1475.44,1469.64,1483.96,1449.98,0,0,0,1,0.00,0.00,1,NO_ACCEPTANCE
2019.12.17,1476.04,1475.44,1486.64,1449.98,0,0,0,1,0.00,0.00,1,NO_ACCEPTANCE
2019.12.18,1475.99,1476.04,1486.64,1449.98,0,0,0,1,0.00,0.00,1,NO_ACCEPTANCE
2019.12.19,1475.32,1475.99,1486.64,1449.98,0,0,0,1,0.00,0.00,1,NO_ACCEPTANCE
2019.12.20,1478.74,1475.32,1486.64,1449.98,0,0,0,1,0.00,0.00,1,NO_ACCEPTANCE
2019.12.23,1477.75,1478.74,1486.64,1449.98,0,0,0,1,0.00,0.00,1,NO_ACCEPTANCE
2019.12.24,1485.28,1477.75,1486.64,1449.98,0,0,0,1,0.00,0.00,1,NO_ACCEPTANCE
2019.12.26,1498.27,1485.28,1486.64,1449.98,0,0,0,1,0.00,0.00,1,NO_ACCEPTANCE
2019.12.27,1510.89,1498.27,1486.64,1449.98,1,0,1,1,1510.83,1428.17,1,FINAL_SIGNAL_FIRE
2019.12.30,1510.91,1510.89,1499.77,1452.45,1,0,1,0,0.00,0.00,1,RAW_ACCEPT_COOLDOWN_BLOCKED
2019.12.31,1514.93,1510.91,1512.51,1452.89,0,0,0,1,0.00,0.00,1,NO_ACCEPTANCE
2020.01.02,1521.85,1514.93,1515.25,1452.89,0,0,0,1,0.00,0.00,1,NO_ACCEPTANCE
2020.01.03,1528.98,1521.85,1516.03,1453.84,1,0,1,0,0.00,0.00,1,RAW_ACCEPT_COOLDOWN_BLOCKED
2020.01.06,1551.93,1528.98,1525.20,1458.42,1,0,1,1,1559.66,1432.94,1,FINAL_SIGNAL_FIRE
2020.01.07,1565.55,1551.93,1531.28,1458.42,1,0,1,0,0.00,0.00,1,RAW_ACCEPT_COOLDOWN_BLOCKED
2020.01.08,1573.91,1565.55,1553.41,1458.42,1,0,1,0,0.00,0.00,1,RAW_ACCEPT_COOLDOWN_BLOCKED
2020.01.09,1556.05,1573.91,1587.42,1458.42,0,0,0,1,0.00,0.00,1,NO_ACCEPTANCE
2020.01.10,1552.09,1556.05,1587.42,1458.42,0,0,0,1,0.00,0.00,1,NO_ACCEPTANCE
2020.01.13,1561.63,1552.09,1611.28,1459.89,0,0,0,1,0.00,0.00,1,NO_ACCEPTANCE
2020.01.14,1547.72,1561.63,1611.28,1462.28,0,0,0,1,0.00,0.00,1,NO_ACCEPTANCE
2020.01.15,1546.23,1547.72,1611.28,1462.28,0,0,0,1,0.00,0.00,1,NO_ACCEPTANCE
2020.01.16,1556.03,1546.23,1611.28,1462.28,0,0,0,1,0.00,0.00,1,NO_ACCEPTANCE
2020.01.17,1552.30,1556.03,1611.28,1470.32,0,0,0,1,0.00,0.00,1,NO_ACCEPTANCE
2020.01.20,1557.11,1552.30,1611.28,1470.32,0,0,0,1,0.00,0.00,1,NO_ACCEPTANCE
2020.01.21,1560.72,1557.11,1611.28,1470.32,0,0,0,1,0.00,0.00,1,NO_ACCEPTANCE
2020.01.22,1558.01,1560.72,1611.28,1473.14,0,0,0,1,0.00,0.00,1,NO_ACCEPTANCE
2020.01.23,1558.69,1558.01,1611.28,1475.74,0,0,0,1,0.00,0.00,1,NO_ACCEPTANCE
2020.01.24,1562.60,1558.69,1611.28,1477.38,0,0,0,1,0.00,0.00,1,NO_ACCEPTANCE
2020.01.27,1571.11,1562.60,1611.28,1484.29,0,0,0,1,0.00,0.00,1,NO_ACCEPTANCE
2020.01.28,1581.73,1571.11,1611.28,1502.67,0,0,0,1,0.00,0.00,1,NO_ACCEPTANCE
2020.01.29,1567.29,1581.73,1611.28,1507.25,0,0,0,1,0.00,0.00,1,NO_ACCEPTANCE
2020.01.30,1576.59,1567.29,1611.28,1510.66,0,0,0,1,0.00,0.00,1,NO_ACCEPTANCE
2020.01.31,1573.91,1576.59,1611.28,1514.40,0,0,0,1,0.00,0.00,1,NO_ACCEPTANCE
2020.02.03,1588.13,1573.91,1611.28,1518.33,0,0,0,1,0.00,0.00,1,NO_ACCEPTANCE
2020.02.04,1576.41,1588.13,1611.28,1527.82,0,0,0,1,0.00,0.00,1,NO_ACCEPTANCE
2020.02.05,1552.70,1576.41,1611.28,1535.87,0,0,0,1,0.00,0.00,1,NO_ACCEPTANCE
2020.02.06,1555.95,1552.70,1611.28,1535.87,0,0,0,1,0.00,0.00,1,NO_ACCEPTANCE
2020.02.07,1566.53,1555.95,1611.28,1535.87,0,0,0,1,0.00,0.00,1,NO_ACCEPTANCE
2020.02.10,1570.13,1566.53,1593.53,1535.87,0,0,0,1,0.00,0.00,1,NO_ACCEPTANCE
2020.02.11,1571.79,1570.13,1593.53,1535.87,0,0,0,1,0.00,0.00,1,NO_ACCEPTANCE
2020.02.12,1567.59,1571.79,1593.53,1535.87,0,0,0,1,0.00,0.00,1,NO_ACCEPTANCE
2020.02.13,1565.53,1567.59,1593.53,1535.87,0,0,0,1,0.00,0.00,1,NO_ACCEPTANCE
2020.02.14,1575.85,1565.53,1593.53,1545.82,0,0,0,1,0.00,0.00,1,NO_ACCEPTANCE
2020.02.17,1583.71,1575.85,1593.53,1546.23,0,0,0,1,0.00,0.00,1,NO_ACCEPTANCE
2020.02.18,1580.93,1583.71,1593.53,1546.23,0,0,0,1,0.00,0.00,1,NO_ACCEPTANCE
2020.02.19,1601.11,1580.93,1593.53,1546.23,0,0,0,1,0.00,0.00,1,NO_ACCEPTANCE
2020.02.20,1611.31,1601.11,1593.53,1546.23,1,0,1,1,1611.85,1471.18,1,FINAL_SIGNAL_FIRE
2020.02.21,1619.19,1611.31,1604.97,1547.33,1,0,1,0,0.00,0.00,1,RAW_ACCEPT_COOLDOWN_BLOCKED
2020.02.24,1643.25,1619.19,1612.83,1547.33,1,0,1,0,0.00,0.00,1,RAW_ACCEPT_COOLDOWN_BLOCKED
2020.02.25,1658.33,1643.25,1623.61,1547.33,1,0,1,0,0.00,0.00,1,RAW_ACCEPT_COOLDOWN_BLOCKED
2020.02.26,1634.55,1658.33,1649.15,1547.33,0,0,0,1,0.00,0.00,1,NO_ACCEPTANCE
2020.02.27,1640.50,1634.55,1689.17,1547.33,0,0,0,1,0.00,0.00,1,NO_ACCEPTANCE
2020.02.28,1643.99,1640.50,1689.17,1547.33,0,0,0,1,0.00,0.00,1,NO_ACCEPTANCE
2020.03.02,1585.79,1643.99,1689.17,1547.33,0,0,0,1,0.00,0.00,1,NO_ACCEPTANCE
2020.03.03,1589.31,1585.79,1689.17,1547.33,0,0,0,1,0.00,0.00,1,NO_ACCEPTANCE
2020.03.04,1640.29,1589.31,1689.17,1547.33,0,0,0,1,0.00,0.00,1,NO_ACCEPTANCE
2020.03.05,1636.39,1640.29,1689.17,1547.33,0,0,0,1,0.00,0.00,1,NO_ACCEPTANCE
2020.03.06,1671.89,1636.39,1689.17,1547.33,0,0,0,1,0.00,0.00,1,NO_ACCEPTANCE
2020.03.09,1674.09,1671.89,1689.17,1552.39,0,0,0,1,0.00,0.00,1,NO_ACCEPTANCE
2020.03.10,1679.49,1674.09,1689.17,1560.93,0,0,0,1,0.00,0.00,1,NO_ACCEPTANCE
2020.03.11,1648.87,1679.49,1691.93,1561.85,0,0,0,1,0.00,0.00,1,NO_ACCEPTANCE
2020.03.12,1634.85,1648.87,1703.36,1561.85,0,0,0,1,0.00,0.00,1,NO_ACCEPTANCE
2020.03.13,1577.07,1634.85,1703.36,1561.85,0,0,0,1,0.00,0.00,1,NO_ACCEPTANCE
2020.03.16,1529.20,1577.07,1703.36,1562.85,0,0,0,1,0.00,0.00,1,NO_ACCEPTANCE
2020.03.17,1514.42,1529.20,1703.36,1560.70,0,1,-1,1,1513.65,1496.09,0,RAW_ACCEPT_COOLDOWN_PASS_HTF_BLOCKED
2020.03.18,1528.09,1514.42,1703.36,1504.52,0,0,0,1,0.00,0.00,1,NO_ACCEPTANCE
2020.03.19,1486.12,1528.09,1703.36,1451.07,0,0,0,1,0.00,0.00,1,NO_ACCEPTANCE
2020.03.20,1472.61,1486.12,1703.36,1451.07,0,0,0,1,0.00,0.00,1,NO_ACCEPTANCE
2020.03.23,1497.25,1472.61,1703.36,1451.07,0,0,0,1,0.00,0.00,1,NO_ACCEPTANCE
2020.03.24,1553.16,1497.25,1703.36,1451.07,0,0,0,1,0.00,0.00,1,NO_ACCEPTANCE
2020.03.25,1625.23,1553.16,1703.36,1451.07,0,0,0,1,0.00,0.00,1,NO_ACCEPTANCE
2020.03.26,1616.46,1625.23,1703.36,1451.07,0,0,0,1,0.00,0.00,1,NO_ACCEPTANCE
2020.03.27,1629.74,1616.46,1703.36,1451.07,0,0,0,1,0.00,0.00,1,NO_ACCEPTANCE
2020.03.30,1625.74,1629.74,1703.36,1451.07,0,0,0,1,0.00,0.00,1,NO_ACCEPTANCE
2020.03.31,1621.39,1625.74,1703.36,1451.07,0,0,0,1,0.00,0.00,1,NO_ACCEPTANCE
2020.04.01,1575.41,1621.39,1703.36,1451.07,0,0,0,1,0.00,0.00,1,NO_ACCEPTANCE
2020.04.02,1590.32,1575.41,1703.36,1451.07,0,0,0,1,0.00,0.00,1,NO_ACCEPTANCE
2020.04.03,1612.41,1590.32,1703.36,1451.07,0,0,0,1,0.00,0.00,1,NO_ACCEPTANCE
2020.04.06,1615.72,1612.41,1703.36,1451.07,0,0,0,1,0.00,0.00,1,NO_ACCEPTANCE
2020.04.07,1660.13,1615.72,1703.36,1451.07,0,0,0,1,0.00,0.00,1,NO_ACCEPTANCE
2020.04.08,1647.42,1660.13,1703.36,1451.07,0,0,0,1,0.00,0.00,1,NO_ACCEPTANCE
2020.04.09,1644.61,1647.42,1679.99,1451.07,0,0,0,1,0.00,0.00,1,NO_ACCEPTANCE
2020.04.13,1682.34,1644.61,1671.81,1451.07,0,0,0,1,0.00,0.00,1,NO_ACCEPTANCE
2020.04.14,1711.46,1682.34,1671.81,1451.07,1,0,1,1,1710.58,1514.55,1,FINAL_SIGNAL_FIRE
2020.04.15,1726.32,1711.46,1690.13,1451.07,1,0,1,0,0.00,0.00,1,RAW_ACCEPT_COOLDOWN_BLOCKED
2020.04.16,1714.52,1726.32,1722.11,1451.07,0,0,0,1,0.00,0.00,1,NO_ACCEPTANCE
2020.04.17,1717.31,1714.52,1746.95,1455.17,0,0,0,1,0.00,0.00,1,NO_ACCEPTANCE
2020.04.20,1682.23,1717.31,1746.95,1455.17,0,0,0,1,0.00,0.00,1,NO_ACCEPTANCE
2020.04.21,1694.56,1682.23,1746.95,1455.17,0,0,0,1,0.00,0.00,1,NO_ACCEPTANCE
2020.04.22,1686.88,1694.56,1746.95,1455.17,0,0,0,1,0.00,0.00,1,NO_ACCEPTANCE
2020.04.23,1713.82,1686.88,1746.95,1482.90,0,0,0,1,0.00,0.00,1,NO_ACCEPTANCE
2020.04.24,1729.73,1713.82,1746.95,1553.10,0,0,0,1,0.00,0.00,1,NO_ACCEPTANCE
2020.04.27,1727.13,1729.73,1746.95,1566.16,0,0,0,1,0.00,0.00,1,NO_ACCEPTANCE
2020.04.28,1713.41,1727.13,1746.95,1566.16,0,0,0,1,0.00,0.00,1,NO_ACCEPTANCE
2020.04.29,1708.43,1713.41,1746.95,1566.16,0,0,0,1,0.00,0.00,1,NO_ACCEPTANCE
2020.04.30,1711.28,1708.43,1746.95,1566.16,0,0,0,1,0.00,0.00,1,NO_ACCEPTANCE
2020.05.01,1685.57,1711.28,1746.95,1566.16,0,0,0,1,0.00,0.00,1,NO_ACCEPTANCE
2020.05.04,1698.95,1685.57,1746.95,1566.16,0,0,0,1,0.00,0.00,1,NO_ACCEPTANCE
2020.05.05,1700.34,1698.95,1746.95,1582.34,0,0,0,1,0.00,0.00,1,NO_ACCEPTANCE
2020.05.06,1704.96,1700.34,1746.95,1605.66,0,0,0,1,0.00,0.00,1,NO_ACCEPTANCE
2020.05.07,1684.60,1704.96,1746.95,1607.60,0,0,0,1,0.00,0.00,1,NO_ACCEPTANCE
2020.05.08,1715.26,1684.60,1746.95,1641.26,0,0,0,1,0.00,0.00,1,NO_ACCEPTANCE
2020.05.11,1700.80,1715.26,1746.95,1641.26,0,0,0,1,0.00,0.00,1,NO_ACCEPTANCE
2020.05.12,1697.43,1700.80,1746.95,1643.31,0,0,0,1,0.00,0.00,1,NO_ACCEPTANCE
2020.05.13,1701.79,1697.43,1746.95,1659.53,0,0,0,1,0.00,0.00,1,NO_ACCEPTANCE
2020.05.14,1715.77,1701.79,1746.95,1659.53,0,0,0,1,0.00,0.00,1,NO_ACCEPTANCE
2020.05.15,1729.76,1715.77,1738.75,1659.53,0,0,0,1,0.00,0.00,1,NO_ACCEPTANCE
2020.05.18,1741.01,1729.76,1738.75,1659.53,0,0,0,1,0.00,0.00,1,NO_ACCEPTANCE
2020.05.19,1732.20,1741.01,1738.37,1659.53,0,0,0,1,0.00,0.00,1,NO_ACCEPTANCE
2020.05.20,1743.80,1732.20,1751.17,1659.53,0,0,0,1,0.00,0.00,1,NO_ACCEPTANCE
2020.05.21,1747.15,1743.80,1765.03,1659.53,0,0,0,1,0.00,0.00,1,NO_ACCEPTANCE
2020.05.22,1726.67,1747.15,1765.03,1668.92,0,0,0,1,0.00,0.00,1,NO_ACCEPTANCE
2020.05.25,1733.30,1726.67,1765.03,1668.92,0,0,0,1,0.00,0.00,1,NO_ACCEPTANCE
2020.05.26,1727.60,1733.30,1765.03,1668.92,0,0,0,1,0.00,0.00,1,NO_ACCEPTANCE
2020.05.27,1710.75,1727.60,1765.03,1668.92,0,0,0,1,0.00,0.00,1,NO_ACCEPTANCE
2020.05.28,1708.98,1710.75,1765.03,1668.92,0,0,0,1,0.00,0.00,1,NO_ACCEPTANCE
2020.05.29,1718.10,1708.98,1765.03,1668.92,0,0,0,1,0.00,0.00,1,NO_ACCEPTANCE
2020.06.01,1728.70,1718.10,1765.03,1668.92,0,0,0,1,0.00,0.00,1,NO_ACCEPTANCE
2020.06.02,1738.98,1728.70,1765.03,1668.92,0,0,0,1,0.00,0.00,1,NO_ACCEPTANCE
2020.06.03,1727.78,1738.98,1765.03,1682.05,0,0,0,1,0.00,0.00,1,NO_ACCEPTANCE
2020.06.04,1697.51,1727.78,1765.03,1682.05,0,0,0,1,0.00,0.00,1,NO_ACCEPTANCE
2020.06.05,1713.96,1697.51,1765.03,1682.05,0,0,0,1,0.00,0.00,1,NO_ACCEPTANCE
2020.06.08,1685.33,1713.96,1765.03,1682.86,0,0,0,1,0.00,0.00,1,NO_ACCEPTANCE
2020.06.09,1698.00,1685.33,1765.03,1689.33,0,0,0,1,0.00,0.00,1,NO_ACCEPTANCE
2020.06.10,1714.14,1698.00,1765.03,1670.52,0,0,0,1,0.00,0.00,1,NO_ACCEPTANCE
2020.06.11,1738.18,1714.14,1765.03,1670.52,0,0,0,1,0.00,0.00,1,NO_ACCEPTANCE
2020.06.12,1726.88,1738.18,1765.03,1670.52,0,0,0,1,0.00,0.00,1,NO_ACCEPTANCE
2020.06.15,1729.91,1726.88,1765.03,1670.52,0,0,0,1,0.00,0.00,1,NO_ACCEPTANCE
2020.06.16,1724.57,1729.91,1765.03,1670.52,0,0,0,1,0.00,0.00,1,NO_ACCEPTANCE
2020.06.17,1726.25,1724.57,1765.03,1670.52,0,0,0,1,0.00,0.00,1,NO_ACCEPTANCE
2020.06.18,1726.45,1726.25,1753.79,1670.52,0,0,0,1,0.00,0.00,1,NO_ACCEPTANCE
2020.06.19,1721.95,1726.45,1753.79,1670.52,0,0,0,1,0.00,0.00,1,NO_ACCEPTANCE
2020.06.22,1741.29,1721.95,1748.55,1670.52,0,0,0,1,0.00,0.00,1,NO_ACCEPTANCE
2020.06.23,1754.38,1741.29,1745.06,1670.52,0,0,0,1,0.00,0.00,1,NO_ACCEPTANCE
2020.06.24,1767.52,1754.38,1745.13,1670.52,1,0,1,1,1767.50,1596.31,1,FINAL_SIGNAL_FIRE
2020.06.25,1761.32,1767.52,1763.10,1670.52,0,0,0,1,0.00,0.00,1,NO_ACCEPTANCE
2020.06.26,1763.68,1761.32,1770.78,1670.52,0,0,0,1,0.00,0.00,1,NO_ACCEPTANCE
2020.06.29,1770.42,1763.68,1779.25,1670.52,0,0,0,1,0.00,0.00,1,NO_ACCEPTANCE
2020.06.30,1772.18,1770.42,1779.25,1670.52,0,0,0,1,0.00,0.00,1,NO_ACCEPTANCE
2020.07.01,1780.37,1772.18,1779.25,1670.52,0,0,0,1,0.00,0.00,1,NO_ACCEPTANCE
2020.07.02,1769.99,1780.37,1779.25,1670.52,0,0,0,1,0.00,0.00,1,NO_ACCEPTANCE
2020.07.03,1775.29,1769.99,1785.86,1670.52,0,0,0,1,0.00,0.00,1,NO_ACCEPTANCE
2020.07.06,1775.49,1775.29,1788.94,1670.52,0,0,0,1,0.00,0.00,1,NO_ACCEPTANCE
2020.07.07,1783.82,1775.49,1788.94,1670.52,0,0,0,1,0.00,0.00,1,NO_ACCEPTANCE
2020.07.08,1795.15,1783.82,1788.94,1677.28,0,0,0,1,0.00,0.00,1,NO_ACCEPTANCE
2020.07.09,1808.72,1795.15,1788.94,1692.24,1,0,1,1,1808.89,1615.26,1,FINAL_SIGNAL_FIRE
2020.07.10,1802.67,1808.72,1797.18,1704.09,1,0,1,0,0.00,0.00,1,RAW_ACCEPT_COOLDOWN_BLOCKED
2020.07.13,1798.24,1802.67,1817.89,1704.09,0,0,0,1,0.00,0.00,1,NO_ACCEPTANCE
2020.07.14,1802.11,1798.24,1817.89,1704.09,0,0,0,1,0.00,0.00,1,NO_ACCEPTANCE
2020.07.15,1809.19,1802.11,1817.89,1704.09,0,0,0,1,0.00,0.00,1,NO_ACCEPTANCE
2020.07.16,1809.91,1809.19,1817.89,1712.48,0,0,0,1,0.00,0.00,1,NO_ACCEPTANCE
2020.07.17,1796.76,1809.91,1817.89,1712.48,0,0,0,1,0.00,0.00,1,NO_ACCEPTANCE
2020.07.20,1809.36,1796.76,1817.89,1717.22,0,0,0,1,0.00,0.00,1,NO_ACCEPTANCE
2020.07.21,1817.14,1809.36,1817.89,1721.06,0,0,0,1,0.00,0.00,1,NO_ACCEPTANCE
2020.07.22,1841.59,1817.14,1817.89,1742.82,0,0,0,1,0.00,0.00,1,NO_ACCEPTANCE
2020.07.23,1871.56,1841.59,1820.36,1747.27,1,0,1,1,1871.55,1634.39,1,FINAL_SIGNAL_FIRE
2020.07.24,1887.12,1871.56,1843.41,1747.52,1,0,1,0,0.00,0.00,1,RAW_ACCEPT_COOLDOWN_BLOCKED
2020.07.27,1901.06,1887.12,1871.97,1747.52,1,0,1,0,0.00,0.00,1,RAW_ACCEPT_COOLDOWN_BLOCKED
2020.07.28,1941.71,1901.06,1898.30,1747.52,1,0,1,0,0.00,0.00,1,RAW_ACCEPT_COOLDOWN_BLOCKED
2020.07.29,1959.43,1941.71,1906.50,1757.17,1,0,1,0,0.00,0.00,1,RAW_ACCEPT_COOLDOWN_BLOCKED
2020.07.30,1970.36,1959.43,1945.49,1757.17,1,0,1,0,0.00,0.00,1,RAW_ACCEPT_COOLDOWN_BLOCKED
2020.07.31,1955.88,1970.36,1981.02,1757.17,0,0,0,1,0.00,0.00,1,NO_ACCEPTANCE
2020.08.03,1973.93,1955.88,1981.02,1757.17,0,0,0,1,0.00,0.00,1,NO_ACCEPTANCE
2020.08.04,1976.47,1973.93,1981.02,1769.87,0,0,0,1,0.00,0.00,1,NO_ACCEPTANCE
2020.08.05,2018.93,1976.47,1982.89,1769.87,0,0,0,1,0.00,0.00,1,NO_ACCEPTANCE
2020.08.06,2037.67,2018.93,1989.33,1773.73,1,0,1,1,2038.41,1665.71,1,FINAL_SIGNAL_FIRE
2020.08.07,2063.05,2037.67,2019.83,1789.57,1,0,1,0,0.00,0.00,1,RAW_ACCEPT_COOLDOWN_BLOCKED
2020.08.10,2034.61,2063.05,2055.68,1789.57,0,0,0,1,0.00,0.00,1,NO_ACCEPTANCE
2020.08.11,2027.16,2034.61,2069.64,1789.57,0,0,0,1,0.00,0.00,1,NO_ACCEPTANCE
2020.08.12,1911.41,2027.16,2074.89,1789.57,0,0,0,1,0.00,0.00,1,NO_ACCEPTANCE
2020.08.13,1916.47,1911.41,2074.89,1789.57,0,0,0,1,0.00,0.00,1,NO_ACCEPTANCE
2020.08.14,1953.22,1916.47,2074.89,1794.74,0,0,0,1,0.00,0.00,1,NO_ACCEPTANCE
2020.08.17,1944.39,1953.22,2074.89,1794.74,0,0,0,1,0.00,0.00,1,NO_ACCEPTANCE
2020.08.18,1985.05,1944.39,2074.89,1795.69,0,0,0,1,0.00,0.00,1,NO_ACCEPTANCE
2020.08.19,2001.74,1985.05,2074.89,1805.65,0,0,0,1,0.00,0.00,1,NO_ACCEPTANCE
2020.08.20,1929.08,2001.74,2074.89,1815.60,0,0,0,1,0.00,0.00,1,NO_ACCEPTANCE
2020.08.21,1946.54,1929.08,2074.89,1839.65,0,0,0,1,0.00,0.00,1,NO_ACCEPTANCE
2020.08.24,1940.40,1946.54,2074.89,1863.04,0,0,0,1,0.00,0.00,1,NO_ACCEPTANCE
2020.08.25,1929.03,1940.40,2074.89,1863.04,0,0,0,1,0.00,0.00,1,NO_ACCEPTANCE
2020.08.26,1927.80,1929.03,2074.89,1863.04,0,0,0,1,0.00,0.00,1,NO_ACCEPTANCE
2020.08.27,1953.80,1927.80,2074.89,1863.04,0,0,0,1,0.00,0.00,1,NO_ACCEPTANCE
2020.08.28,1928.83,1953.80,2074.89,1863.04,0,0,0,1,0.00,0.00,1,NO_ACCEPTANCE
2020.08.31,1963.71,1928.83,2074.89,1863.04,0,0,0,1,0.00,0.00,1,NO_ACCEPTANCE
2020.09.01,1967.20,1963.71,2074.89,1863.04,0,0,0,1,0.00,0.00,1,NO_ACCEPTANCE
2020.09.02,1970.24,1967.20,2074.89,1863.04,0,0,0,1,0.00,0.00,1,NO_ACCEPTANCE
2020.09.03,1942.64,1970.24,2074.89,1863.04,0,0,0,1,0.00,0.00,1,NO_ACCEPTANCE
2020.09.04,1930.19,1942.64,2074.89,1863.04,0,0,0,1,0.00,0.00,1,NO_ACCEPTANCE
2020.09.07,1932.65,1930.19,2074.89,1863.04,0,0,0,1,0.00,0.00,1,NO_ACCEPTANCE
2020.09.08,1929.66,1932.65,2074.89,1863.04,0,0,0,1,0.00,0.00,1,NO_ACCEPTANCE
2020.09.09,1931.25,1929.66,2049.85,1863.04,0,0,0,1,0.00,0.00,1,NO_ACCEPTANCE
2020.09.10,1946.26,1931.25,2029.92,1863.04,0,0,0,1,0.00,0.00,1,NO_ACCEPTANCE
2020.09.11,1946.00,1946.26,2015.65,1863.04,0,0,0,1,0.00,0.00,1,NO_ACCEPTANCE
2020.09.14,1939.51,1946.00,2015.65,1902.55,0,0,0,1,0.00,0.00,1,NO_ACCEPTANCE
2020.09.15,1956.34,1939.51,2015.65,1902.55,0,0,0,1,0.00,0.00,1,NO_ACCEPTANCE
2020.09.16,1954.10,1956.34,2015.65,1902.55,0,0,0,1,0.00,0.00,1,NO_ACCEPTANCE
2020.09.17,1959.38,1954.10,2015.65,1902.55,0,0,0,1,0.00,0.00,1,NO_ACCEPTANCE
2020.09.18,1944.03,1959.38,2006.40,1902.55,0,0,0,1,0.00,0.00,1,NO_ACCEPTANCE
2020.09.21,1949.45,1944.03,1992.40,1902.55,0,0,0,1,0.00,0.00,1,NO_ACCEPTANCE
2020.09.22,1912.46,1949.45,1992.40,1902.55,0,0,0,1,0.00,0.00,1,NO_ACCEPTANCE
2020.09.23,1899.93,1912.46,1992.40,1902.55,0,0,0,1,0.00,0.00,1,NO_ACCEPTANCE
2020.09.24,1863.04,1899.93,1992.40,1882.70,0,0,0,1,0.00,0.00,1,NO_ACCEPTANCE
2020.09.25,1867.53,1863.04,1992.40,1882.70,0,1,-1,1,1868.06,1750.10,0,RAW_ACCEPT_COOLDOWN_PASS_HTF_BLOCKED
2020.09.28,1860.71,1867.53,1992.40,1855.65,0,0,0,1,0.00,0.00,1,NO_ACCEPTANCE
2020.09.29,1881.40,1860.71,1992.40,1848.60,0,0,0,1,0.00,0.00,1,NO_ACCEPTANCE
2020.09.30,1897.17,1881.40,1992.40,1848.60,0,0,0,1,0.00,0.00,1,NO_ACCEPTANCE
2020.10.01,1885.28,1897.17,1992.40,1848.60,0,0,0,1,0.00,0.00,1,NO_ACCEPTANCE
2020.10.02,1905.90,1885.28,1973.44,1848.60,0,0,0,1,0.00,0.00,1,NO_ACCEPTANCE
2020.10.05,1899.00,1905.90,1973.44,1848.60,0,0,0,1,0.00,0.00,1,NO_ACCEPTANCE
2020.10.06,1913.33,1899.00,1973.44,1848.60,0,0,0,1,0.00,0.00,1,NO_ACCEPTANCE
2020.10.07,1877.88,1913.33,1973.44,1848.60,0,0,0,1,0.00,0.00,1,NO_ACCEPTANCE
2020.10.08,1887.46,1877.88,1973.44,1848.60,0,0,0,1,0.00,0.00,1,NO_ACCEPTANCE
2020.10.09,1893.37,1887.46,1973.44,1848.60,0,0,0,1,0.00,0.00,1,NO_ACCEPTANCE
2020.10.12,1930.05,1893.37,1973.44,1848.60,0,0,0,1,0.00,0.00,1,NO_ACCEPTANCE
2020.10.13,1922.48,1930.05,1973.44,1848.60,0,0,0,1,0.00,0.00,1,NO_ACCEPTANCE
2020.10.14,1890.91,1922.48,1973.44,1848.60,0,0,0,1,0.00,0.00,1,NO_ACCEPTANCE
2020.10.15,1901.18,1890.91,1973.44,1848.60,0,0,0,1,0.00,0.00,1,NO_ACCEPTANCE
2020.10.16,1908.23,1901.18,1973.44,1848.60,0,0,0,1,0.00,0.00,1,NO_ACCEPTANCE
2020.10.19,1898.50,1908.23,1960.89,1848.60,0,0,0,1,0.00,0.00,1,NO_ACCEPTANCE
2020.10.20,1904.12,1898.50,1960.04,1848.60,0,0,0,1,0.00,0.00,1,NO_ACCEPTANCE
2020.10.21,1906.98,1904.12,1955.47,1848.60,0,0,0,1,0.00,0.00,1,NO_ACCEPTANCE
2020.10.22,1924.49,1906.98,1933.14,1848.60,0,0,0,1,0.00,0.00,1,NO_ACCEPTANCE
2020.10.23,1903.71,1924.49,1933.14,1848.60,0,0,0,1,0.00,0.00,1,NO_ACCEPTANCE
2020.10.26,1901.24,1903.71,1933.14,1848.60,0,0,0,1,0.00,0.00,1,NO_ACCEPTANCE
2020.10.27,1902.02,1901.24,1933.14,1848.60,0,0,0,1,0.00,0.00,1,NO_ACCEPTANCE
2020.10.28,1907.57,1902.02,1933.14,1848.60,0,0,0,1,0.00,0.00,1,NO_ACCEPTANCE
2020.10.29,1876.95,1907.57,1933.14,1872.81,0,0,0,1,0.00,0.00,1,NO_ACCEPTANCE
2020.10.30,1867.60,1876.95,1933.14,1872.81,0,0,0,1,0.00,0.00,1,NO_ACCEPTANCE
2020.11.02,1878.56,1867.60,1933.14,1869.35,0,0,0,1,0.00,0.00,1,NO_ACCEPTANCE
2020.11.03,1895.41,1878.56,1933.14,1859.81,0,0,0,1,0.00,0.00,1,NO_ACCEPTANCE
2020.11.04,1909.37,1895.41,1933.14,1859.81,0,0,0,1,0.00,0.00,1,NO_ACCEPTANCE
2020.11.05,1902.98,1909.37,1933.14,1859.81,0,0,0,1,0.00,0.00,1,NO_ACCEPTANCE
2020.11.06,1949.30,1902.98,1933.14,1859.81,0,0,0,1,0.00,0.00,1,NO_ACCEPTANCE
2020.11.09,1951.11,1949.30,1933.14,1859.81,1,0,1,1,1954.32,1790.52,1,FINAL_SIGNAL_FIRE
2020.11.10,1861.92,1951.11,1952.72,1859.81,0,0,0,1,0.00,0.00,1,NO_ACCEPTANCE
2020.11.11,1877.18,1861.92,1960.29,1859.81,0,0,0,1,0.00,0.00,1,NO_ACCEPTANCE
2020.11.12,1865.13,1877.18,1965.40,1850.40,0,0,0,1,0.00,0.00,1,NO_ACCEPTANCE
2020.11.13,1876.76,1865.13,1965.40,1850.40,0,0,0,1,0.00,0.00,1,NO_ACCEPTANCE
2020.11.16,1889.28,1876.76,1965.40,1850.40,0,0,0,1,0.00,0.00,1,NO_ACCEPTANCE
2020.11.17,1888.47,1889.28,1965.40,1850.40,0,0,0,1,0.00,0.00,1,NO_ACCEPTANCE
2020.11.18,1879.98,1888.47,1965.40,1850.40,0,0,0,1,0.00,0.00,1,NO_ACCEPTANCE
2020.11.19,1872.19,1879.98,1965.40,1850.40,0,0,0,1,0.00,0.00,1,NO_ACCEPTANCE
2020.11.20,1865.74,1872.19,1965.40,1850.40,0,0,0,1,0.00,0.00,1,NO_ACCEPTANCE
2020.11.23,1870.78,1865.74,1965.40,1850.40,0,0,0,1,0.00,0.00,1,NO_ACCEPTANCE
2020.11.24,1837.45,1870.78,1965.40,1850.40,0,0,0,1,0.00,0.00,1,NO_ACCEPTANCE
2020.11.25,1807.19,1837.45,1965.40,1850.40,0,1,-1,1,1807.25,1799.01,0,RAW_ACCEPT_COOLDOWN_PASS_HTF_BLOCKED
2020.11.26,1807.49,1807.19,1965.40,1830.86,0,1,-1,0,0.00,0.00,1,RAW_ACCEPT_COOLDOWN_BLOCKED
2020.11.27,1809.68,1807.49,1965.40,1800.37,0,0,0,1,0.00,0.00,1,NO_ACCEPTANCE
2020.11.30,1786.88,1809.68,1965.40,1800.37,0,0,0,1,0.00,0.00,1,NO_ACCEPTANCE
2020.12.01,1776.62,1786.88,1965.40,1800.37,0,1,-1,0,0.00,0.00,1,RAW_ACCEPT_COOLDOWN_BLOCKED
2020.12.02,1814.96,1776.62,1965.40,1774.15,0,0,0,1,0.00,0.00,1,NO_ACCEPTANCE
2020.12.03,1830.45,1814.96,1965.40,1764.34,0,0,0,1,0.00,0.00,1,NO_ACCEPTANCE
2020.12.04,1840.69,1830.45,1965.40,1764.34,0,0,0,1,0.00,0.00,1,NO_ACCEPTANCE
2020.12.07,1838.49,1840.69,1965.40,1764.34,0,0,0,1,0.00,0.00,1,NO_ACCEPTANCE
2020.12.08,1861.94,1838.49,1965.40,1764.34,0,0,0,1,0.00,0.00,1,NO_ACCEPTANCE
2020.12.09,1870.12,1861.94,1965.40,1764.34,0,0,0,1,0.00,0.00,1,NO_ACCEPTANCE
2020.12.10,1839.80,1870.12,1898.95,1764.34,0,0,0,1,0.00,0.00,1,NO_ACCEPTANCE
2020.12.11,1836.41,1839.80,1898.95,1764.34,0,0,0,1,0.00,0.00,1,NO_ACCEPTANCE
2020.12.14,1839.37,1836.41,1898.95,1764.34,0,0,0,1,0.00,0.00,1,NO_ACCEPTANCE
2020.12.15,1826.86,1839.37,1898.95,1764.34,0,0,0,1,0.00,0.00,1,NO_ACCEPTANCE
2020.12.16,1853.18,1826.86,1898.95,1764.34,0,0,0,1,0.00,0.00,1,NO_ACCEPTANCE
2020.12.17,1864.49,1853.18,1893.34,1764.34,0,0,0,1,0.00,0.00,1,NO_ACCEPTANCE
2020.12.18,1885.26,1864.49,1884.69,1764.34,0,0,0,1,0.00,0.00,1,NO_ACCEPTANCE
2020.12.21,1881.11,1885.26,1879.64,1764.34,1,0,1,1,1885.64,1805.45,1,FINAL_SIGNAL_FIRE
2020.12.22,1876.30,1881.11,1896.22,1764.34,0,0,0,1,0.00,0.00,1,NO_ACCEPTANCE
2020.12.23,1859.76,1876.30,1896.22,1764.34,0,0,0,1,0.00,0.00,1,NO_ACCEPTANCE
2020.12.24,1873.07,1859.76,1906.64,1764.34,0,0,0,1,0.00,0.00,1,NO_ACCEPTANCE
2020.12.28,1879.31,1873.07,1906.64,1764.34,0,0,0,1,0.00,0.00,1,NO_ACCEPTANCE
2020.12.29,1873.30,1879.31,1906.64,1764.34,0,0,0,1,0.00,0.00,1,NO_ACCEPTANCE
2020.12.30,1878.14,1873.30,1906.64,1764.34,0,0,0,1,0.00,0.00,1,NO_ACCEPTANCE
2020.12.31,1894.29,1878.14,1906.64,1764.34,0,0,0,1,0.00,0.00,1,NO_ACCEPTANCE
2021.01.04,1895.29,1894.29,1906.64,1775.60,0,0,0,1,0.00,0.00,1,NO_ACCEPTANCE
2021.01.05,1942.52,1895.29,1906.64,1807.36,0,0,0,1,0.00,0.00,1,NO_ACCEPTANCE
2021.01.06,1949.67,1942.52,1906.64,1818.87,1,0,1,1,1949.91,1813.77,1,FINAL_SIGNAL_FIRE
2021.01.07,1918.72,1949.67,1944.34,1818.87,0,0,0,1,0.00,0.00,1,NO_ACCEPTANCE
2021.01.08,1913.28,1918.72,1952.98,1818.87,0,0,0,1,0.00,0.00,1,NO_ACCEPTANCE
2021.01.11,1848.74,1913.28,1959.32,1818.87,0,0,0,1,0.00,0.00,1,NO_ACCEPTANCE
2021.01.12,1843.24,1848.74,1959.32,1818.87,0,0,0,1,0.00,0.00,1,NO_ACCEPTANCE
2021.01.13,1854.48,1843.24,1959.32,1818.87,0,0,0,1,0.00,0.00,1,NO_ACCEPTANCE
2021.01.14,1844.80,1854.48,1959.32,1817.08,0,0,0,1,0.00,0.00,1,NO_ACCEPTANCE
2021.01.15,1845.89,1844.80,1959.32,1817.08,0,0,0,1,0.00,0.00,1,NO_ACCEPTANCE
2021.01.18,1827.09,1845.89,1959.32,1817.08,0,0,0,1,0.00,0.00,1,NO_ACCEPTANCE
2021.01.19,1837.52,1827.09,1959.32,1817.08,0,0,0,1,0.00,0.00,1,NO_ACCEPTANCE
2021.01.20,1839.94,1837.52,1959.32,1817.08,0,0,0,1,0.00,0.00,1,NO_ACCEPTANCE
2021.01.21,1871.22,1839.94,1959.32,1803.92,0,0,0,1,0.00,0.00,1,NO_ACCEPTANCE
2021.01.22,1869.51,1871.22,1959.32,1803.92,0,0,0,1,0.00,0.00,1,NO_ACCEPTANCE
2021.01.25,1855.81,1869.51,1959.32,1803.92,0,0,0,1,0.00,0.00,1,NO_ACCEPTANCE
2021.01.26,1855.85,1855.81,1959.32,1803.92,0,0,0,1,0.00,0.00,1,NO_ACCEPTANCE
2021.01.27,1850.47,1855.85,1959.32,1803.92,0,0,0,1,0.00,0.00,1,NO_ACCEPTANCE
2021.01.28,1844.07,1850.47,1959.32,1803.92,0,0,0,1,0.00,0.00,1,NO_ACCEPTANCE
2021.01.29,1842.26,1844.07,1959.32,1803.92,0,0,0,1,0.00,0.00,1,NO_ACCEPTANCE
2021.02.01,1848.35,1842.26,1959.32,1803.92,0,0,0,1,0.00,0.00,1,NO_ACCEPTANCE
2021.02.02,1860.50,1848.35,1959.32,1803.92,0,0,0,1,0.00,0.00,1,NO_ACCEPTANCE
2021.02.03,1837.89,1860.50,1959.32,1803.92,0,0,0,1,0.00,0.00,1,NO_ACCEPTANCE
2021.02.04,1833.96,1837.89,1959.32,1803.92,0,0,0,1,0.00,0.00,1,NO_ACCEPTANCE
2021.02.05,1793.76,1833.96,1959.32,1803.92,0,0,0,1,0.00,0.00,1,NO_ACCEPTANCE
2021.02.08,1813.69,1793.76,1927.54,1803.92,0,0,0,1,0.00,0.00,1,NO_ACCEPTANCE
2021.02.09,1830.43,1813.69,1917.37,1785.06,0,0,0,1,0.00,0.00,1,NO_ACCEPTANCE
2021.02.10,1838.36,1830.43,1875.58,1785.06,0,0,0,1,0.00,0.00,1,NO_ACCEPTANCE
2021.02.11,1843.12,1838.36,1875.58,1785.06,0,0,0,1,0.00,0.00,1,NO_ACCEPTANCE
2021.02.12,1825.43,1843.12,1875.58,1785.06,0,0,0,1,0.00,0.00,1,NO_ACCEPTANCE
2021.02.15,1824.29,1825.43,1875.58,1785.06,0,0,0,1,0.00,0.00,1,NO_ACCEPTANCE
2021.02.16,1818.35,1824.29,1875.58,1785.06,0,0,0,1,0.00,0.00,1,NO_ACCEPTANCE
2021.02.17,1794.27,1818.35,1875.58,1785.06,0,0,0,1,0.00,0.00,1,NO_ACCEPTANCE
2021.02.18,1776.04,1794.27,1875.58,1785.06,0,0,0,1,0.00,0.00,1,NO_ACCEPTANCE
2021.02.19,1775.69,1776.04,1875.58,1785.06,0,1,-1,1,1775.41,1820.36,1,FINAL_SIGNAL_FIRE
2021.02.22,1783.29,1775.69,1875.58,1769.41,0,0,0,1,0.00,0.00,1,NO_ACCEPTANCE
2021.02.23,1809.59,1783.29,1875.58,1768.30,0,0,0,1,0.00,0.00,1,NO_ACCEPTANCE
2021.02.24,1805.51,1809.59,1875.58,1760.52,0,0,0,1,0.00,0.00,1,NO_ACCEPTANCE
2021.02.25,1804.71,1805.51,1875.58,1760.52,0,0,0,1,0.00,0.00,1,NO_ACCEPTANCE
2021.02.26,1769.94,1804.71,1875.58,1760.52,0,0,0,1,0.00,0.00,1,NO_ACCEPTANCE
2021.03.01,1734.10,1769.94,1875.58,1760.52,0,0,0,1,0.00,0.00,1,NO_ACCEPTANCE
2021.03.02,1724.44,1734.10,1875.58,1760.52,0,1,-1,1,1724.65,1817.32,1,FINAL_SIGNAL_FIRE
2021.03.03,1738.05,1724.44,1871.64,1717.00,0,0,0,1,0.00,0.00,1,NO_ACCEPTANCE
2021.03.04,1710.71,1738.05,1863.97,1717.00,0,0,0,1,0.00,0.00,1,NO_ACCEPTANCE
2021.03.05,1697.40,1710.71,1855.35,1707.15,0,0,0,1,0.00,0.00,1,NO_ACCEPTANCE
2021.03.08,1700.63,1697.40,1855.35,1701.73,0,1,-1,0,0.00,0.00,1,RAW_ACCEPT_COOLDOWN_BLOCKED
2021.03.09,1683.22,1700.63,1855.35,1690.45,0,0,0,1,0.00,0.00,1,NO_ACCEPTANCE
2021.03.10,1715.66,1683.22,1855.35,1687.22,0,0,0,1,0.00,0.00,1,NO_ACCEPTANCE
2021.03.11,1726.54,1715.66,1855.35,1676.65,0,0,0,1,0.00,0.00,1,NO_ACCEPTANCE
2021.03.12,1722.51,1726.54,1855.35,1676.65,0,0,0,1,0.00,0.00,1,NO_ACCEPTANCE
2021.03.15,1726.73,1722.51,1847.29,1676.65,0,0,0,1,0.00,0.00,1,NO_ACCEPTANCE
2021.03.16,1731.51,1726.73,1830.74,1676.65,0,0,0,1,0.00,0.00,1,NO_ACCEPTANCE
2021.03.17,1731.38,1731.51,1826.93,1676.65,0,0,0,1,0.00,0.00,1,NO_ACCEPTANCE
2021.03.18,1744.97,1731.38,1826.34,1676.65,0,0,0,1,0.00,0.00,1,NO_ACCEPTANCE
2021.03.19,1736.40,1744.97,1815.89,1676.65,0,0,0,1,0.00,0.00,1,NO_ACCEPTANCE
2021.03.22,1744.78,1736.40,1815.89,1676.65,0,0,0,1,0.00,0.00,1,NO_ACCEPTANCE
2021.03.23,1738.78,1744.78,1815.89,1676.65,0,0,0,1,0.00,0.00,1,NO_ACCEPTANCE
2021.03.24,1726.77,1738.78,1815.89,1676.65,0,0,0,1,0.00,0.00,1,NO_ACCEPTANCE
2021.03.25,1734.10,1726.77,1815.89,1676.65,0,0,0,1,0.00,0.00,1,NO_ACCEPTANCE
2021.03.26,1726.58,1734.10,1813.68,1676.65,0,0,0,1,0.00,0.00,1,NO_ACCEPTANCE
2021.03.29,1732.25,1726.58,1805.13,1676.65,0,0,0,1,0.00,0.00,1,NO_ACCEPTANCE
2021.03.30,1711.83,1732.25,1775.69,1676.65,0,0,0,1,0.00,0.00,1,NO_ACCEPTANCE
2021.03.31,1684.75,1711.83,1759.86,1676.65,0,0,0,1,0.00,0.00,1,NO_ACCEPTANCE
2021.04.01,1707.25,1684.75,1755.43,1676.65,0,0,0,1,0.00,0.00,1,NO_ACCEPTANCE
2021.04.05,1729.57,1707.25,1755.43,1676.65,0,0,0,1,0.00,0.00,1,NO_ACCEPTANCE
2021.04.06,1728.11,1729.57,1755.43,1676.65,0,0,0,1,0.00,0.00,1,NO_ACCEPTANCE
2021.04.07,1743.24,1728.11,1755.43,1676.65,0,0,0,1,0.00,0.00,1,NO_ACCEPTANCE
2021.04.08,1737.49,1743.24,1755.43,1676.65,0,0,0,1,0.00,0.00,1,NO_ACCEPTANCE
2021.04.09,1755.35,1737.49,1755.43,1677.82,0,0,0,1,0.00,0.00,1,NO_ACCEPTANCE
2021.04.12,1743.73,1755.35,1755.43,1677.82,0,0,0,1,0.00,0.00,1,NO_ACCEPTANCE
2021.04.13,1732.67,1743.73,1758.65,1677.82,0,0,0,1,0.00,0.00,1,NO_ACCEPTANCE
2021.04.14,1745.05,1732.67,1758.65,1677.82,0,0,0,1,0.00,0.00,1,NO_ACCEPTANCE
2021.04.15,1736.20,1745.05,1758.65,1677.82,0,0,0,1,0.00,0.00,1,NO_ACCEPTANCE
2021.04.16,1763.26,1736.20,1758.65,1677.82,0,0,0,1,0.00,0.00,1,NO_ACCEPTANCE
2021.04.19,1776.81,1763.26,1758.65,1677.82,1,0,1,1,1777.23,1792.85,0,RAW_ACCEPT_COOLDOWN_PASS_HTF_BLOCKED
2021.04.20,1771.31,1776.81,1769.56,1677.82,1,0,1,0,0.00,0.00,1,RAW_ACCEPT_COOLDOWN_BLOCKED
2021.04.21,1778.61,1771.31,1783.68,1677.82,0,0,0,1,0.00,0.00,1,NO_ACCEPTANCE
2021.04.22,1793.51,1778.61,1789.96,1677.82,0,0,0,1,0.00,0.00,1,NO_ACCEPTANCE
2021.04.23,1783.94,1793.51,1789.96,1677.82,0,0,0,1,0.00,0.00,1,NO_ACCEPTANCE
2021.04.26,1776.67,1783.94,1797.53,1677.82,0,0,0,1,0.00,0.00,1,NO_ACCEPTANCE
2021.04.27,1781.16,1776.67,1797.76,1677.82,0,0,0,1,0.00,0.00,1,NO_ACCEPTANCE
2021.04.28,1776.40,1781.16,1797.76,1677.82,0,0,0,1,0.00,0.00,1,NO_ACCEPTANCE
2021.04.29,1781.46,1776.40,1797.76,1677.82,0,0,0,1,0.00,0.00,1,NO_ACCEPTANCE
2021.04.30,1771.73,1781.46,1797.76,1677.82,0,0,0,1,0.00,0.00,1,NO_ACCEPTANCE
2021.05.03,1769.03,1771.73,1797.76,1677.82,0,0,0,1,0.00,0.00,1,NO_ACCEPTANCE
2021.05.04,1792.77,1769.03,1797.76,1705.68,0,0,0,1,0.00,0.00,1,NO_ACCEPTANCE
2021.05.05,1778.63,1792.77,1797.76,1721.30,0,0,0,1,0.00,0.00,1,NO_ACCEPTANCE
2021.05.06,1786.65,1778.63,1797.79,1723.60,0,0,0,1,0.00,0.00,1,NO_ACCEPTANCE
2021.05.07,1814.66,1786.65,1798.91,1723.60,0,0,0,1,0.00,0.00,1,NO_ACCEPTANCE
2021.05.10,1830.89,1814.66,1798.91,1723.60,1,0,1,1,1833.61,1791.93,1,FINAL_SIGNAL_FIRE
2021.05.11,1835.50,1830.89,1817.99,1723.60,1,0,1,0,0.00,0.00,1,RAW_ACCEPT_COOLDOWN_BLOCKED
2021.05.12,1837.19,1835.50,1843.25,1723.60,0,0,0,1,0.00,0.00,1,NO_ACCEPTANCE
2021.05.13,1815.25,1837.19,1845.29,1723.60,0,0,0,1,0.00,0.00,1,NO_ACCEPTANCE
2021.05.14,1826.25,1815.25,1845.29,1732.49,0,0,0,1,0.00,0.00,1,NO_ACCEPTANCE
2021.05.17,1843.67,1826.25,1845.29,1734.24,0,0,0,1,0.00,0.00,1,NO_ACCEPTANCE
2021.05.18,1866.72,1843.67,1845.29,1755.99,0,0,0,1,0.00,0.00,1,NO_ACCEPTANCE
2021.05.19,1869.20,1866.72,1845.41,1755.99,1,0,1,1,1868.45,1795.33,1,FINAL_SIGNAL_FIRE
2021.05.20,1869.11,1869.20,1868.36,1755.99,1,0,1,0,0.00,0.00,1,RAW_ACCEPT_COOLDOWN_BLOCKED
2021.05.21,1876.84,1869.11,1874.92,1755.99,0,0,0,1,0.00,0.00,1,NO_ACCEPTANCE
2021.05.24,1881.57,1876.84,1889.96,1755.99,0,0,0,1,0.00,0.00,1,NO_ACCEPTANCE
2021.05.25,1880.44,1881.57,1889.96,1755.99,0,0,0,1,0.00,0.00,1,NO_ACCEPTANCE
2021.05.26,1898.91,1880.44,1889.96,1755.99,0,0,0,1,0.00,0.00,1,NO_ACCEPTANCE
2021.05.27,1896.19,1898.91,1889.96,1755.99,1,0,1,1,1895.97,1800.50,1,FINAL_SIGNAL_FIRE
2021.05.28,1896.27,1896.19,1900.10,1755.99,0,0,0,1,0.00,0.00,1,NO_ACCEPTANCE
2021.05.31,1903.86,1896.27,1912.63,1755.99,0,0,0,1,0.00,0.00,1,NO_ACCEPTANCE
2021.06.01,1906.32,1903.86,1912.63,1764.12,0,0,0,1,0.00,0.00,1,NO_ACCEPTANCE
2021.06.02,1900.12,1906.32,1912.63,1765.96,0,0,0,1,0.00,0.00,1,NO_ACCEPTANCE
2021.06.03,1907.94,1900.12,1912.63,1770.26,0,0,0,1,0.00,0.00,1,NO_ACCEPTANCE
2021.06.04,1870.37,1907.94,1916.44,1770.26,0,0,0,1,0.00,0.00,1,NO_ACCEPTANCE
2021.06.07,1891.26,1870.37,1916.44,1781.90,0,0,0,1,0.00,0.00,1,NO_ACCEPTANCE
2021.06.08,1898.75,1891.26,1916.44,1808.63,0,0,0,1,0.00,0.00,1,NO_ACCEPTANCE
2021.06.09,1892.68,1898.75,1916.44,1808.63,0,0,0,1,0.00,0.00,1,NO_ACCEPTANCE
2021.06.10,1888.35,1892.68,1916.44,1808.63,0,0,0,1,0.00,0.00,1,NO_ACCEPTANCE
2021.06.11,1898.16,1888.35,1916.44,1808.63,0,0,0,1,0.00,0.00,1,NO_ACCEPTANCE
2021.06.14,1876.00,1898.16,1916.44,1808.63,0,0,0,1,0.00,0.00,1,NO_ACCEPTANCE
2021.06.15,1865.91,1876.00,1916.44,1819.64,0,0,0,1,0.00,0.00,1,NO_ACCEPTANCE
2021.06.16,1858.51,1865.91,1916.44,1840.80,0,0,0,1,0.00,0.00,1,NO_ACCEPTANCE
2021.06.17,1811.68,1858.51,1916.44,1844.70,0,0,0,1,0.00,0.00,1,NO_ACCEPTANCE
2021.06.18,1772.84,1811.68,1916.44,1844.70,0,1,-1,1,1772.57,1811.69,1,FINAL_SIGNAL_FIRE
2021.06.21,1763.73,1772.84,1916.44,1803.29,0,1,-1,0,0.00,0.00,1,RAW_ACCEPT_COOLDOWN_BLOCKED
2021.06.22,1782.66,1763.73,1916.44,1767.06,0,0,0,1,0.00,0.00,1,NO_ACCEPTANCE
2021.06.23,1778.50,1782.66,1916.44,1760.74,0,0,0,1,0.00,0.00,1,NO_ACCEPTANCE
2021.06.24,1779.08,1778.50,1916.44,1760.74,0,0,0,1,0.00,0.00,1,NO_ACCEPTANCE
2021.06.25,1774.68,1779.08,1916.44,1760.74,0,0,0,1,0.00,0.00,1,NO_ACCEPTANCE
2021.06.28,1780.89,1774.68,1916.44,1760.74,0,0,0,1,0.00,0.00,1,NO_ACCEPTANCE
2021.06.29,1777.89,1780.89,1916.44,1760.74,0,0,0,1,0.00,0.00,1,NO_ACCEPTANCE
2021.06.30,1760.88,1777.89,1916.44,1760.74,0,0,0,1,0.00,0.00,1,NO_ACCEPTANCE
2021.07.01,1770.33,1760.88,1916.44,1760.74,0,0,0,1,0.00,0.00,1,NO_ACCEPTANCE
2021.07.02,1776.55,1770.33,1909.52,1750.50,0,0,0,1,0.00,0.00,1,NO_ACCEPTANCE
2021.07.05,1787.02,1776.55,1909.52,1750.50,0,0,0,1,0.00,0.00,1,NO_ACCEPTANCE
2021.07.06,1791.62,1787.02,1903.55,1750.50,0,0,0,1,0.00,0.00,1,NO_ACCEPTANCE
2021.07.07,1796.98,1791.62,1903.55,1750.50,0,0,0,1,0.00,0.00,1,NO_ACCEPTANCE
2021.07.08,1803.50,1796.98,1903.55,1750.50,0,0,0,1,0.00,0.00,1,NO_ACCEPTANCE
2021.07.09,1802.08,1803.50,1902.84,1750.50,0,0,0,1,0.00,0.00,1,NO_ACCEPTANCE
2021.07.12,1807.87,1802.08,1902.84,1750.50,0,0,0,1,0.00,0.00,1,NO_ACCEPTANCE
2021.07.13,1805.82,1807.87,1902.84,1750.50,0,0,0,1,0.00,0.00,1,NO_ACCEPTANCE
2021.07.14,1807.43,1805.82,1877.70,1750.50,0,0,0,1,0.00,0.00,1,NO_ACCEPTANCE
2021.07.15,1827.04,1807.43,1869.06,1750.50,0,0,0,1,0.00,0.00,1,NO_ACCEPTANCE
2021.07.16,1829.24,1827.04,1862.68,1750.50,0,0,0,1,0.00,0.00,1,NO_ACCEPTANCE
2021.07.19,1811.44,1829.24,1829.74,1750.50,0,0,0,1,0.00,0.00,1,NO_ACCEPTANCE
2021.07.20,1812.52,1811.44,1834.08,1750.50,0,0,0,1,0.00,0.00,1,NO_ACCEPTANCE
2021.07.21,1810.21,1812.52,1834.08,1750.50,0,0,0,1,0.00,0.00,1,NO_ACCEPTANCE
2021.07.22,1803.19,1810.21,1834.08,1750.50,0,0,0,1,0.00,0.00,1,NO_ACCEPTANCE
2021.07.23,1806.34,1803.19,1834.08,1750.50,0,0,0,1,0.00,0.00,1,NO_ACCEPTANCE
2021.07.26,1801.86,1806.34,1834.08,1750.50,0,0,0,1,0.00,0.00,1,NO_ACCEPTANCE
2021.07.27,1797.31,1801.86,1834.08,1750.50,0,0,0,1,0.00,0.00,1,NO_ACCEPTANCE
2021.07.28,1798.49,1797.31,1834.08,1750.50,0,0,0,1,0.00,0.00,1,NO_ACCEPTANCE
2021.07.29,1806.60,1798.49,1834.08,1750.50,0,0,0,1,0.00,0.00,1,NO_ACCEPTANCE
2021.07.30,1827.86,1806.60,1834.08,1753.23,0,0,0,1,0.00,0.00,1,NO_ACCEPTANCE
2021.08.02,1813.72,1827.86,1834.08,1765.54,0,0,0,1,0.00,0.00,1,NO_ACCEPTANCE
2021.08.03,1813.39,1813.72,1834.08,1774.17,0,0,0,1,0.00,0.00,1,NO_ACCEPTANCE
2021.08.04,1810.21,1813.39,1834.08,1784.27,0,0,0,1,0.00,0.00,1,NO_ACCEPTANCE
2021.08.05,1811.73,1810.21,1834.08,1789.43,0,0,0,1,0.00,0.00,1,NO_ACCEPTANCE
2021.08.06,1803.92,1811.73,1834.08,1789.43,0,0,0,1,0.00,0.00,1,NO_ACCEPTANCE
2021.08.09,1763.31,1803.92,1834.08,1789.43,0,0,0,1,0.00,0.00,1,NO_ACCEPTANCE
2021.08.10,1729.41,1763.31,1834.08,1789.43,0,1,-1,1,1729.91,1806.83,1,FINAL_SIGNAL_FIRE
2021.08.11,1729.13,1729.41,1834.08,1758.48,0,1,-1,0,0.00,0.00,1,RAW_ACCEPT_COOLDOWN_BLOCKED
2021.08.12,1751.45,1729.13,1834.08,1680.44,0,0,0,1,0.00,0.00,1,NO_ACCEPTANCE
2021.08.13,1752.55,1751.45,1834.08,1680.44,0,0,0,1,0.00,0.00,1,NO_ACCEPTANCE
2021.08.16,1779.54,1752.55,1834.08,1680.44,0,0,0,1,0.00,0.00,1,NO_ACCEPTANCE
2021.08.17,1787.04,1779.54,1832.63,1680.44,0,0,0,1,0.00,0.00,1,NO_ACCEPTANCE
2021.08.18,1785.84,1787.04,1832.63,1680.44,0,0,0,1,0.00,0.00,1,NO_ACCEPTANCE
2021.08.19,1787.37,1785.84,1832.63,1680.44,0,0,0,1,0.00,0.00,1,NO_ACCEPTANCE
2021.08.20,1779.66,1787.37,1832.63,1680.44,0,0,0,1,0.00,0.00,1,NO_ACCEPTANCE
2021.08.23,1780.51,1779.66,1832.63,1680.44,0,0,0,1,0.00,0.00,1,NO_ACCEPTANCE
2021.08.24,1805.31,1780.51,1832.63,1680.44,0,0,0,1,0.00,0.00,1,NO_ACCEPTANCE
2021.08.25,1802.87,1805.31,1832.63,1680.44,0,0,0,1,0.00,0.00,1,NO_ACCEPTANCE
2021.08.26,1790.43,1802.87,1832.63,1680.44,0,0,0,1,0.00,0.00,1,NO_ACCEPTANCE
2021.08.27,1791.88,1790.43,1832.63,1680.44,0,0,0,1,0.00,0.00,1,NO_ACCEPTANCE
2021.08.30,1818.01,1791.88,1832.63,1680.44,0,0,0,1,0.00,0.00,1,NO_ACCEPTANCE
2021.08.31,1810.19,1818.01,1831.50,1680.44,0,0,0,1,0.00,0.00,1,NO_ACCEPTANCE
2021.09.01,1813.60,1810.19,1831.50,1680.44,0,0,0,1,0.00,0.00,1,NO_ACCEPTANCE
2021.09.02,1814.03,1813.60,1831.50,1680.44,0,0,0,1,0.00,0.00,1,NO_ACCEPTANCE
2021.09.03,1809.37,1814.03,1831.50,1680.44,0,0,0,1,0.00,0.00,1,NO_ACCEPTANCE
2021.09.06,1827.39,1809.37,1823.14,1680.44,0,0,0,1,0.00,0.00,1,NO_ACCEPTANCE
2021.09.07,1823.22,1827.39,1823.14,1680.44,1,0,1,1,1822.73,1804.37,1,FINAL_SIGNAL_FIRE
2021.09.08,1794.19,1823.22,1833.93,1680.44,0,0,0,1,0.00,0.00,1,NO_ACCEPTANCE
2021.09.09,1789.24,1794.19,1833.93,1717.49,0,0,0,1,0.00,0.00,1,NO_ACCEPTANCE
2021.09.10,1794.11,1789.24,1833.93,1723.99,0,0,0,1,0.00,0.00,1,NO_ACCEPTANCE
2021.09.13,1787.04,1794.11,1833.93,1741.63,0,0,0,1,0.00,0.00,1,NO_ACCEPTANCE
2021.09.14,1793.29,1787.04,1833.93,1751.61,0,0,0,1,0.00,0.00,1,NO_ACCEPTANCE
2021.09.15,1804.47,1793.29,1833.93,1770.70,0,0,0,1,0.00,0.00,1,NO_ACCEPTANCE
2021.09.16,1793.53,1804.47,1833.93,1774.39,0,0,0,1,0.00,0.00,1,NO_ACCEPTANCE
2021.09.17,1753.38,1793.53,1833.93,1774.39,0,0,0,1,0.00,0.00,1,NO_ACCEPTANCE
2021.09.20,1754.07,1753.38,1833.93,1774.39,0,1,-1,1,1754.44,1802.66,1,FINAL_SIGNAL_FIRE
2021.09.21,1764.04,1754.07,1833.93,1745.04,0,0,0,1,0.00,0.00,1,NO_ACCEPTANCE
2021.09.22,1774.19,1764.04,1833.93,1745.04,0,0,0,1,0.00,0.00,1,NO_ACCEPTANCE
2021.09.23,1767.94,1774.19,1833.93,1742.15,0,0,0,1,0.00,0.00,1,NO_ACCEPTANCE
2021.09.24,1742.35,1767.94,1833.93,1742.15,0,0,0,1,0.00,0.00,1,NO_ACCEPTANCE
2021.09.27,1750.30,1742.35,1833.93,1742.15,0,0,0,1,0.00,0.00,1,NO_ACCEPTANCE
2021.09.28,1750.11,1750.30,1833.93,1737.52,0,0,0,1,0.00,0.00,1,NO_ACCEPTANCE
2021.09.29,1733.85,1750.11,1833.93,1737.52,0,0,0,1,0.00,0.00,1,NO_ACCEPTANCE
2021.09.30,1726.40,1733.85,1833.93,1737.52,0,1,-1,1,1725.49,1798.68,1,FINAL_SIGNAL_FIRE
2021.10.01,1756.93,1726.40,1833.93,1728.01,0,0,0,1,0.00,0.00,1,NO_ACCEPTANCE
2021.10.04,1760.59,1756.93,1833.93,1721.40,0,0,0,1,0.00,0.00,1,NO_ACCEPTANCE
2021.10.05,1769.22,1760.59,1833.93,1721.40,0,0,0,1,0.00,0.00,1,NO_ACCEPTANCE
2021.10.06,1759.72,1769.22,1830.15,1721.40,0,0,0,1,0.00,0.00,1,NO_ACCEPTANCE
2021.10.07,1762.37,1759.72,1827.16,1721.40,0,0,0,1,0.00,0.00,1,NO_ACCEPTANCE
2021.10.08,1755.12,1762.37,1808.62,1721.40,0,0,0,1,0.00,0.00,1,NO_ACCEPTANCE
2021.10.11,1756.49,1755.12,1808.62,1721.40,0,0,0,1,0.00,0.00,1,NO_ACCEPTANCE
2021.10.12,1754.20,1756.49,1808.62,1721.40,0,0,0,1,0.00,0.00,1,NO_ACCEPTANCE
2021.10.13,1759.96,1754.20,1808.62,1721.40,0,0,0,1,0.00,0.00,1,NO_ACCEPTANCE
2021.10.14,1792.89,1759.96,1808.62,1721.40,0,0,0,1,0.00,0.00,1,NO_ACCEPTANCE
2021.10.15,1795.84,1792.89,1806.75,1721.40,0,0,0,1,0.00,0.00,1,NO_ACCEPTANCE
2021.10.18,1767.37,1795.84,1796.07,1721.40,0,0,0,1,0.00,0.00,1,NO_ACCEPTANCE
2021.10.19,1764.67,1767.37,1800.47,1721.40,0,0,0,1,0.00,0.00,1,NO_ACCEPTANCE
2021.10.20,1769.41,1764.67,1800.47,1721.40,0,0,0,1,0.00,0.00,1,NO_ACCEPTANCE
2021.10.21,1781.86,1769.41,1800.47,1721.40,0,0,0,1,0.00,0.00,1,NO_ACCEPTANCE
2021.10.22,1782.88,1781.86,1800.47,1721.40,0,0,0,1,0.00,0.00,1,NO_ACCEPTANCE
2021.10.25,1792.19,1782.88,1800.47,1721.40,0,0,0,1,0.00,0.00,1,NO_ACCEPTANCE
2021.10.26,1807.56,1792.19,1800.47,1721.40,0,0,0,1,0.00,0.00,1,NO_ACCEPTANCE
2021.10.27,1792.63,1807.56,1813.83,1721.40,0,0,0,1,0.00,0.00,1,NO_ACCEPTANCE
2021.10.28,1796.76,1792.63,1813.83,1721.40,0,0,0,1,0.00,0.00,1,NO_ACCEPTANCE
2021.10.29,1798.73,1796.76,1813.83,1721.40,0,0,0,1,0.00,0.00,1,NO_ACCEPTANCE
2021.11.01,1782.87,1798.73,1813.83,1722.26,0,0,0,1,0.00,0.00,1,NO_ACCEPTANCE
2021.11.02,1793.04,1782.87,1813.83,1745.77,0,0,0,1,0.00,0.00,1,NO_ACCEPTANCE
2021.11.03,1787.85,1793.04,1813.83,1745.77,0,0,0,1,0.00,0.00,1,NO_ACCEPTANCE
2021.11.04,1769.59,1787.85,1813.83,1745.77,0,0,0,1,0.00,0.00,1,NO_ACCEPTANCE
2021.11.05,1791.40,1769.59,1813.83,1745.77,0,0,0,1,0.00,0.00,1,NO_ACCEPTANCE
2021.11.08,1817.68,1791.40,1813.83,1750.07,0,0,0,1,0.00,0.00,1,NO_ACCEPTANCE
2021.11.09,1824.14,1817.68,1813.83,1750.07,1,0,1,1,1825.06,1794.45,1,FINAL_SIGNAL_FIRE
2021.11.10,1831.68,1824.14,1818.15,1750.07,1,0,1,0,0.00,0.00,1,RAW_ACCEPT_COOLDOWN_BLOCKED
2021.11.11,1849.10,1831.68,1826.40,1750.66,1,0,1,0,0.00,0.00,1,RAW_ACCEPT_COOLDOWN_BLOCKED
2021.11.12,1861.74,1849.10,1832.71,1757.78,1,0,1,0,0.00,0.00,1,RAW_ACCEPT_COOLDOWN_BLOCKED
2021.11.15,1864.25,1861.74,1868.56,1758.93,0,0,0,1,0.00,0.00,1,NO_ACCEPTANCE
2021.11.16,1862.68,1864.25,1868.56,1758.93,0,0,0,1,0.00,0.00,1,NO_ACCEPTANCE
2021.11.17,1850.43,1862.68,1868.56,1758.93,0,0,0,1,0.00,0.00,1,NO_ACCEPTANCE
2021.11.18,1867.23,1850.43,1869.99,1758.93,0,0,0,1,0.00,0.00,1,NO_ACCEPTANCE
2021.11.19,1858.81,1867.23,1877.04,1758.93,0,0,0,1,0.00,0.00,1,NO_ACCEPTANCE
2021.11.22,1845.63,1858.81,1877.04,1758.93,0,0,0,1,0.00,0.00,1,NO_ACCEPTANCE
2021.11.23,1804.58,1845.63,1877.04,1758.93,0,0,0,1,0.00,0.00,1,NO_ACCEPTANCE
2021.11.24,1788.92,1804.58,1877.04,1758.93,0,0,0,1,0.00,0.00,1,NO_ACCEPTANCE
2021.11.25,1788.42,1788.92,1877.04,1758.93,0,0,0,1,0.00,0.00,1,NO_ACCEPTANCE
2021.11.26,1788.49,1788.42,1877.04,1758.93,0,0,0,1,0.00,0.00,1,NO_ACCEPTANCE
2021.11.29,1790.71,1788.49,1877.04,1758.93,0,0,0,1,0.00,0.00,1,NO_ACCEPTANCE
2021.11.30,1784.57,1790.71,1877.04,1758.93,0,0,0,1,0.00,0.00,1,NO_ACCEPTANCE
2021.12.01,1774.76,1784.57,1877.04,1758.93,0,0,0,1,0.00,0.00,1,NO_ACCEPTANCE
2021.12.02,1781.72,1774.76,1877.04,1758.93,0,0,0,1,0.00,0.00,1,NO_ACCEPTANCE
2021.12.03,1768.13,1781.72,1877.04,1758.93,0,0,0,1,0.00,0.00,1,NO_ACCEPTANCE
2021.12.06,1783.23,1768.13,1877.04,1768.43,0,0,0,1,0.00,0.00,1,NO_ACCEPTANCE
2021.12.07,1778.28,1783.23,1877.04,1761.84,0,0,0,1,0.00,0.00,1,NO_ACCEPTANCE
2021.12.08,1783.98,1778.28,1877.04,1761.84,0,0,0,1,0.00,0.00,1,NO_ACCEPTANCE
2021.12.09,1782.95,1783.98,1877.04,1761.84,0,0,0,1,0.00,0.00,1,NO_ACCEPTANCE
2021.12.10,1775.07,1782.95,1877.04,1761.84,0,0,0,1,0.00,0.00,1,NO_ACCEPTANCE
2021.12.13,1782.55,1775.07,1877.04,1761.84,0,0,0,1,0.00,0.00,1,NO_ACCEPTANCE
2021.12.14,1786.50,1782.55,1877.04,1761.84,0,0,0,1,0.00,0.00,1,NO_ACCEPTANCE
2021.12.15,1770.52,1786.50,1877.04,1761.84,0,0,0,1,0.00,0.00,1,NO_ACCEPTANCE
2021.12.16,1776.96,1770.52,1877.04,1761.84,0,0,0,1,0.00,0.00,1,NO_ACCEPTANCE
2021.12.17,1799.11,1776.96,1870.81,1761.84,0,0,0,1,0.00,0.00,1,NO_ACCEPTANCE
2021.12.20,1797.55,1799.11,1870.81,1752.64,0,0,0,1,0.00,0.00,1,NO_ACCEPTANCE
2021.12.21,1790.78,1797.55,1865.42,1752.64,0,0,0,1,0.00,0.00,1,NO_ACCEPTANCE
2021.12.22,1788.86,1790.78,1849.00,1752.64,0,0,0,1,0.00,0.00,1,NO_ACCEPTANCE
2021.12.23,1803.38,1788.86,1815.26,1752.64,0,0,0,1,0.00,0.00,1,NO_ACCEPTANCE
2021.12.27,1808.27,1803.38,1815.26,1752.64,0,0,0,1,0.00,0.00,1,NO_ACCEPTANCE
2021.12.28,1811.78,1808.27,1815.26,1752.64,0,0,0,1,0.00,0.00,1,NO_ACCEPTANCE
2021.12.29,1806.07,1811.78,1815.26,1752.64,0,0,0,1,0.00,0.00,1,NO_ACCEPTANCE
2021.12.30,1804.26,1806.07,1814.22,1752.64,0,0,0,1,0.00,0.00,1,NO_ACCEPTANCE
2021.12.31,1814.50,1804.26,1820.27,1752.64,0,0,0,1,0.00,0.00,1,NO_ACCEPTANCE
2022.01.03,1825.14,1814.50,1820.27,1752.64,0,0,0,1,0.00,0.00,1,NO_ACCEPTANCE
2022.01.04,1801.18,1825.14,1820.27,1752.64,0,0,0,1,0.00,0.00,1,NO_ACCEPTANCE
2022.01.05,1814.40,1801.18,1827.45,1752.64,0,0,0,1,0.00,0.00,1,NO_ACCEPTANCE
2022.01.06,1810.17,1814.40,1831.60,1752.64,0,0,0,1,0.00,0.00,1,NO_ACCEPTANCE
2022.01.07,1790.83,1810.17,1831.60,1752.64,0,0,0,1,0.00,0.00,1,NO_ACCEPTANCE
2022.01.10,1796.74,1790.83,1831.60,1752.64,0,0,0,1,0.00,0.00,1,NO_ACCEPTANCE
2022.01.11,1801.55,1796.74,1831.60,1752.64,0,0,0,1,0.00,0.00,1,NO_ACCEPTANCE
2022.01.12,1821.32,1801.55,1831.60,1752.64,0,0,0,1,0.00,0.00,1,NO_ACCEPTANCE
2022.01.13,1825.98,1821.32,1831.60,1752.64,0,0,0,1,0.00,0.00,1,NO_ACCEPTANCE
2022.01.14,1822.48,1825.98,1831.60,1752.64,0,0,0,1,0.00,0.00,1,NO_ACCEPTANCE
2022.01.17,1817.58,1822.48,1831.60,1752.64,0,0,0,1,0.00,0.00,1,NO_ACCEPTANCE
2022.01.18,1818.98,1817.58,1831.60,1775.50,0,0,0,1,0.00,0.00,1,NO_ACCEPTANCE
2022.01.19,1813.52,1818.98,1831.60,1782.38,0,0,0,1,0.00,0.00,1,NO_ACCEPTANCE
2022.01.20,1840.40,1813.52,1831.60,1782.38,0,0,0,1,0.00,0.00,1,NO_ACCEPTANCE
2022.01.21,1839.38,1840.40,1831.60,1782.38,1,0,1,1,1839.57,1800.01,1,FINAL_SIGNAL_FIRE
2022.01.24,1834.00,1839.38,1843.23,1782.38,0,0,0,1,0.00,0.00,1,NO_ACCEPTANCE
2022.01.25,1842.83,1834.00,1847.80,1782.38,0,0,0,1,0.00,0.00,1,NO_ACCEPTANCE
2022.01.26,1847.86,1842.83,1847.80,1782.38,0,0,0,1,0.00,0.00,1,NO_ACCEPTANCE
2022.01.27,1819.21,1847.86,1847.80,1782.38,0,0,0,1,0.00,0.00,1,NO_ACCEPTANCE
2022.01.28,1796.95,1819.21,1853.73,1782.38,0,0,0,1,0.00,0.00,1,NO_ACCEPTANCE
2022.01.31,1791.21,1796.95,1853.73,1782.38,0,0,0,1,0.00,0.00,1,NO_ACCEPTANCE
2022.02.01,1797.16,1791.21,1853.73,1782.38,0,0,0,1,0.00,0.00,1,NO_ACCEPTANCE
2022.02.02,1800.94,1797.16,1853.73,1780.15,0,0,0,1,0.00,0.00,1,NO_ACCEPTANCE
2022.02.03,1806.67,1800.94,1853.73,1780.15,0,0,0,1,0.00,0.00,1,NO_ACCEPTANCE
2022.02.04,1804.70,1806.67,1853.73,1780.15,0,0,0,1,0.00,0.00,1,NO_ACCEPTANCE
2022.02.07,1807.71,1804.70,1853.73,1780.15,0,0,0,1,0.00,0.00,1,NO_ACCEPTANCE
2022.02.08,1820.27,1807.71,1853.73,1780.15,0,0,0,1,0.00,0.00,1,NO_ACCEPTANCE
2022.02.09,1825.82,1820.27,1853.73,1780.15,0,0,0,1,0.00,0.00,1,NO_ACCEPTANCE
2022.02.10,1832.67,1825.82,1853.73,1780.15,0,0,0,1,0.00,0.00,1,NO_ACCEPTANCE
2022.02.11,1826.47,1832.67,1853.73,1780.15,0,0,0,1,0.00,0.00,1,NO_ACCEPTANCE
2022.02.14,1857.88,1826.47,1853.73,1780.15,0,0,0,1,0.00,0.00,1,NO_ACCEPTANCE
2022.02.15,1871.19,1857.88,1853.73,1780.15,1,0,1,1,1871.06,1803.59,1,FINAL_SIGNAL_FIRE
2022.02.16,1853.32,1871.19,1865.23,1780.15,0,0,0,1,0.00,0.00,1,NO_ACCEPTANCE
2022.02.17,1869.33,1853.32,1874.01,1780.15,0,0,0,1,0.00,0.00,1,NO_ACCEPTANCE
2022.02.18,1898.24,1869.33,1879.40,1780.15,0,0,0,1,0.00,0.00,1,NO_ACCEPTANCE
2022.02.21,1896.96,1898.24,1879.40,1780.15,1,0,1,0,0.00,0.00,1,RAW_ACCEPT_COOLDOWN_BLOCKED
2022.02.22,1903.97,1896.96,1901.00,1780.15,0,0,0,1,0.00,0.00,1,NO_ACCEPTANCE
2022.02.23,1898.33,1903.97,1902.30,1780.15,0,0,0,1,0.00,0.00,1,NO_ACCEPTANCE
2022.02.24,1908.93,1898.33,1908.14,1780.15,0,0,0,1,0.00,0.00,1,NO_ACCEPTANCE
2022.02.25,1903.87,1908.93,1913.98,1780.15,0,0,0,1,0.00,0.00,1,NO_ACCEPTANCE
2022.02.28,1888.58,1903.87,1913.98,1780.15,0,0,0,1,0.00,0.00,1,NO_ACCEPTANCE
2022.03.01,1908.49,1888.58,1974.26,1780.15,0,0,0,1,0.00,0.00,1,NO_ACCEPTANCE
2022.03.02,1944.89,1908.49,1974.26,1785.48,0,0,0,1,0.00,0.00,1,NO_ACCEPTANCE
2022.03.03,1928.48,1944.89,1974.26,1788.53,0,0,0,1,0.00,0.00,1,NO_ACCEPTANCE
2022.03.04,1936.13,1928.48,1974.26,1788.53,0,0,0,1,0.00,0.00,1,NO_ACCEPTANCE
2022.03.07,1970.50,1936.13,1974.26,1788.53,0,0,0,1,0.00,0.00,1,NO_ACCEPTANCE
2022.03.08,1997.43,1970.50,1974.26,1792.08,0,0,0,1,0.00,0.00,1,NO_ACCEPTANCE
2022.03.09,2049.68,1997.43,1974.26,1806.30,1,0,1,1,2051.25,1821.43,1,FINAL_SIGNAL_FIRE
2022.03.10,1991.62,2049.68,2002.46,1815.33,0,0,0,1,0.00,0.00,1,NO_ACCEPTANCE
2022.03.11,1996.57,1991.62,2070.40,1820.83,0,0,0,1,0.00,0.00,1,NO_ACCEPTANCE
2022.03.14,1988.04,1996.57,2070.40,1820.83,0,0,0,1,0.00,0.00,1,NO_ACCEPTANCE
2022.03.15,1950.49,1988.04,2070.40,1820.83,0,0,0,1,0.00,0.00,1,NO_ACCEPTANCE
2022.03.16,1917.64,1950.49,2070.40,1844.33,0,0,0,1,0.00,0.00,1,NO_ACCEPTANCE
2022.03.17,1926.13,1917.64,2070.40,1844.33,0,0,0,1,0.00,0.00,1,NO_ACCEPTANCE
2022.03.18,1942.43,1926.13,2070.40,1850.18,0,0,0,1,0.00,0.00,1,NO_ACCEPTANCE
2022.03.21,1920.35,1942.43,2070.40,1867.66,0,0,0,1,0.00,0.00,1,NO_ACCEPTANCE
2022.03.22,1935.71,1920.35,2070.40,1877.89,0,0,0,1,0.00,0.00,1,NO_ACCEPTANCE
2022.03.23,1921.27,1935.71,2070.40,1877.89,0,0,0,1,0.00,0.00,1,NO_ACCEPTANCE
2022.03.24,1944.03,1921.27,2070.40,1877.89,0,0,0,1,0.00,0.00,1,NO_ACCEPTANCE
2022.03.25,1957.54,1944.03,2070.40,1877.89,0,0,0,1,0.00,0.00,1,NO_ACCEPTANCE
2022.03.28,1957.90,1957.54,2070.40,1877.89,0,0,0,1,0.00,0.00,1,NO_ACCEPTANCE
2022.03.29,1922.69,1957.90,2070.40,1883.05,0,0,0,1,0.00,0.00,1,NO_ACCEPTANCE
2022.03.30,1919.41,1922.69,2070.40,1890.70,0,0,0,1,0.00,0.00,1,NO_ACCEPTANCE
2022.03.31,1932.44,1919.41,2070.40,1894.99,0,0,0,1,0.00,0.00,1,NO_ACCEPTANCE
2022.04.01,1936.99,1932.44,2070.40,1889.98,0,0,0,1,0.00,0.00,1,NO_ACCEPTANCE
2022.04.04,1924.24,1936.99,2070.40,1889.98,0,0,0,1,0.00,0.00,1,NO_ACCEPTANCE
2022.04.05,1932.55,1924.24,2070.40,1889.98,0,0,0,1,0.00,0.00,1,NO_ACCEPTANCE
2022.04.06,1923.30,1932.55,2070.40,1889.98,0,0,0,1,0.00,0.00,1,NO_ACCEPTANCE
2022.04.07,1925.09,1923.30,2070.40,1889.98,0,0,0,1,0.00,0.00,1,NO_ACCEPTANCE
2022.04.08,1931.46,1925.09,2059.13,1889.98,0,0,0,1,0.00,0.00,1,NO_ACCEPTANCE
2022.04.11,1947.60,1931.46,2009.08,1889.98,0,0,0,1,0.00,0.00,1,NO_ACCEPTANCE
2022.04.12,1953.54,1947.60,1998.87,1889.98,0,0,0,1,0.00,0.00,1,NO_ACCEPTANCE
2022.04.13,1966.45,1953.54,1989.79,1889.98,0,0,0,1,0.00,0.00,1,NO_ACCEPTANCE
2022.04.14,1977.98,1966.45,1969.52,1889.98,0,0,0,1,0.00,0.00,1,NO_ACCEPTANCE
2022.04.18,1973.28,1977.98,1978.56,1889.98,0,0,0,1,0.00,0.00,1,NO_ACCEPTANCE
2022.04.19,1978.52,1973.28,1981.46,1889.98,0,0,0,1,0.00,0.00,1,NO_ACCEPTANCE
2022.04.20,1949.96,1978.52,1981.46,1889.98,0,0,0,1,0.00,0.00,1,NO_ACCEPTANCE
2022.04.21,1957.35,1949.96,1998.32,1889.98,0,0,0,1,0.00,0.00,1,NO_ACCEPTANCE
2022.04.22,1951.07,1957.35,1998.32,1889.98,0,0,0,1,0.00,0.00,1,NO_ACCEPTANCE
2022.04.25,1931.44,1951.07,1998.32,1889.98,0,0,0,1,0.00,0.00,1,NO_ACCEPTANCE
2022.04.26,1897.82,1931.44,1998.32,1889.98,0,0,0,1,0.00,0.00,1,NO_ACCEPTANCE
2022.04.27,1904.98,1897.82,1998.32,1889.98,0,0,0,1,0.00,0.00,1,NO_ACCEPTANCE
2022.04.28,1885.71,1904.98,1998.32,1889.98,0,0,0,1,0.00,0.00,1,NO_ACCEPTANCE
2022.04.29,1894.38,1885.71,1998.32,1889.98,0,0,0,1,0.00,0.00,1,NO_ACCEPTANCE
2022.05.02,1896.27,1894.38,1998.32,1881.27,0,0,0,1,0.00,0.00,1,NO_ACCEPTANCE
2022.05.03,1862.77,1896.27,1998.32,1872.01,0,0,0,1,0.00,0.00,1,NO_ACCEPTANCE
2022.05.04,1868.02,1862.77,1998.32,1872.01,0,1,-1,1,1867.52,1857.77,0,RAW_ACCEPT_COOLDOWN_PASS_HTF_BLOCKED
2022.05.05,1881.05,1868.02,1998.32,1854.35,0,0,0,1,0.00,0.00,1,NO_ACCEPTANCE
2022.05.06,1876.90,1881.05,1998.32,1850.34,0,0,0,1,0.00,0.00,1,NO_ACCEPTANCE
2022.05.09,1883.32,1876.90,1998.32,1850.34,0,0,0,1,0.00,0.00,1,NO_ACCEPTANCE
2022.05.10,1853.65,1883.32,1998.32,1850.34,0,0,0,1,0.00,0.00,1,NO_ACCEPTANCE
2022.05.11,1838.10,1853.65,1998.32,1850.34,0,0,0,1,0.00,0.00,1,NO_ACCEPTANCE
2022.05.12,1852.38,1838.10,1998.32,1850.34,0,0,0,1,0.00,0.00,1,NO_ACCEPTANCE
2022.05.13,1821.83,1852.38,1998.32,1835.30,0,0,0,1,0.00,0.00,1,NO_ACCEPTANCE
2022.05.16,1811.31,1821.83,1998.32,1831.97,0,1,-1,1,1809.82,1857.31,1,FINAL_SIGNAL_FIRE
2022.05.17,1823.83,1811.31,1998.32,1821.17,0,0,0,1,0.00,0.00,1,NO_ACCEPTANCE
2022.05.18,1814.96,1823.83,1998.32,1799.01,0,0,0,1,0.00,0.00,1,NO_ACCEPTANCE
2022.05.19,1816.40,1814.96,1981.89,1786.70,0,0,0,1,0.00,0.00,1,NO_ACCEPTANCE
2022.05.20,1841.97,1816.40,1958.20,1786.70,0,0,0,1,0.00,0.00,1,NO_ACCEPTANCE
2022.05.23,1846.29,1841.97,1957.34,1786.70,0,0,0,1,0.00,0.00,1,NO_ACCEPTANCE
2022.05.24,1853.41,1846.29,1955.52,1786.70,0,0,0,1,0.00,0.00,1,NO_ACCEPTANCE
2022.05.25,1866.34,1853.41,1934.48,1786.70,0,0,0,1,0.00,0.00,1,NO_ACCEPTANCE
2022.05.26,1853.08,1866.34,1919.76,1786.70,0,0,0,1,0.00,0.00,1,NO_ACCEPTANCE
2022.05.27,1850.62,1853.08,1919.76,1786.70,0,0,0,1,0.00,0.00,1,NO_ACCEPTANCE
2022.05.30,1852.77,1850.62,1919.76,1786.70,0,0,0,1,0.00,0.00,1,NO_ACCEPTANCE
2022.05.31,1855.17,1852.77,1919.76,1786.70,0,0,0,1,0.00,0.00,1,NO_ACCEPTANCE
2022.06.01,1837.31,1855.17,1909.68,1786.70,0,0,0,1,0.00,0.00,1,NO_ACCEPTANCE
2022.06.02,1846.16,1837.31,1909.68,1786.70,0,0,0,1,0.00,0.00,1,NO_ACCEPTANCE
2022.06.03,1868.45,1846.16,1909.68,1786.70,0,0,0,1,0.00,0.00,1,NO_ACCEPTANCE
2022.06.06,1850.79,1868.45,1909.68,1786.70,0,0,0,1,0.00,0.00,1,NO_ACCEPTANCE
2022.06.07,1841.44,1850.79,1892.35,1786.70,0,0,0,1,0.00,0.00,1,NO_ACCEPTANCE
2022.06.08,1852.22,1841.44,1885.62,1786.70,0,0,0,1,0.00,0.00,1,NO_ACCEPTANCE
2022.06.09,1853.12,1852.22,1874.01,1786.70,0,0,0,1,0.00,0.00,1,NO_ACCEPTANCE
2022.06.10,1847.95,1853.12,1874.01,1786.70,0,0,0,1,0.00,0.00,1,NO_ACCEPTANCE
2022.06.13,1871.20,1847.95,1874.01,1786.70,0,0,0,1,0.00,0.00,1,NO_ACCEPTANCE
2022.06.14,1819.19,1871.20,1874.01,1786.70,0,0,0,1,0.00,0.00,1,NO_ACCEPTANCE
2022.06.15,1808.16,1819.19,1875.79,1786.70,0,0,0,1,0.00,0.00,1,NO_ACCEPTANCE
2022.06.16,1833.57,1808.16,1878.74,1807.28,0,0,0,1,0.00,0.00,1,NO_ACCEPTANCE
2022.06.17,1856.60,1833.57,1878.74,1805.01,0,0,0,1,0.00,0.00,1,NO_ACCEPTANCE
2022.06.20,1839.93,1856.60,1878.74,1805.01,0,0,0,1,0.00,0.00,1,NO_ACCEPTANCE
2022.06.21,1836.94,1839.93,1878.74,1805.01,0,0,0,1,0.00,0.00,1,NO_ACCEPTANCE
2022.06.22,1832.90,1836.94,1878.74,1805.01,0,0,0,1,0.00,0.00,1,NO_ACCEPTANCE
2022.06.23,1837.77,1832.90,1878.74,1805.01,0,0,0,1,0.00,0.00,1,NO_ACCEPTANCE
2022.06.24,1822.49,1837.77,1878.74,1805.01,0,0,0,1,0.00,0.00,1,NO_ACCEPTANCE
2022.06.27,1826.72,1822.49,1878.74,1805.01,0,0,0,1,0.00,0.00,1,NO_ACCEPTANCE
2022.06.28,1822.52,1826.72,1878.74,1805.01,0,0,0,1,0.00,0.00,1,NO_ACCEPTANCE
2022.06.29,1819.72,1822.52,1878.74,1805.01,0,0,0,1,0.00,0.00,1,NO_ACCEPTANCE
2022.06.30,1817.73,1819.72,1878.74,1805.01,0,0,0,1,0.00,0.00,1,NO_ACCEPTANCE
2022.07.01,1806.96,1817.73,1878.74,1805.01,0,0,0,1,0.00,0.00,1,NO_ACCEPTANCE
2022.07.04,1809.16,1806.96,1878.74,1805.01,0,0,0,1,0.00,0.00,1,NO_ACCEPTANCE
2022.07.05,1806.88,1809.16,1878.74,1802.62,0,0,0,1,0.00,0.00,1,NO_ACCEPTANCE
2022.07.06,1764.43,1806.88,1878.74,1784.40,0,0,0,1,0.00,0.00,1,NO_ACCEPTANCE
2022.07.07,1738.76,1764.43,1878.74,1784.40,0,1,-1,1,1739.11,1849.00,1,FINAL_SIGNAL_FIRE
2022.07.08,1739.91,1738.76,1878.74,1763.92,0,1,-1,0,0.00,0.00,1,RAW_ACCEPT_COOLDOWN_BLOCKED
2022.07.11,1741.81,1739.91,1878.74,1732.05,0,0,0,1,0.00,0.00,1,NO_ACCEPTANCE
2022.07.12,1733.45,1741.81,1878.74,1732.05,0,0,0,1,0.00,0.00,1,NO_ACCEPTANCE
2022.07.13,1725.87,1733.45,1878.74,1732.05,0,0,0,1,0.00,0.00,1,NO_ACCEPTANCE
2022.07.14,1735.07,1725.87,1857.48,1731.16,0,0,0,1,0.00,0.00,1,NO_ACCEPTANCE
2022.07.15,1709.36,1735.07,1857.48,1723.08,0,0,0,1,0.00,0.00,1,NO_ACCEPTANCE
2022.07.18,1707.21,1709.36,1857.48,1706.75,0,0,0,1,0.00,0.00,1,NO_ACCEPTANCE
2022.07.19,1708.87,1707.21,1857.27,1697.53,0,0,0,1,0.00,0.00,1,NO_ACCEPTANCE
2022.07.20,1711.51,1708.87,1847.78,1697.53,0,0,0,1,0.00,0.00,1,NO_ACCEPTANCE
2022.07.21,1696.41,1711.51,1847.78,1697.53,0,0,0,1,0.00,0.00,1,NO_ACCEPTANCE
2022.07.22,1717.92,1696.41,1847.78,1697.53,0,0,0,1,0.00,0.00,1,NO_ACCEPTANCE
2022.07.25,1726.98,1717.92,1846.02,1692.27,0,0,0,1,0.00,0.00,1,NO_ACCEPTANCE
2022.07.26,1719.38,1726.98,1840.88,1680.71,0,0,0,1,0.00,0.00,1,NO_ACCEPTANCE
2022.07.27,1717.11,1719.38,1840.88,1680.71,0,0,0,1,0.00,0.00,1,NO_ACCEPTANCE
2022.07.28,1734.50,1717.11,1832.90,1680.71,0,0,0,1,0.00,0.00,1,NO_ACCEPTANCE
2022.07.29,1755.65,1734.50,1832.90,1680.71,0,0,0,1,0.00,0.00,1,NO_ACCEPTANCE
2022.08.01,1765.71,1755.65,1825.03,1680.71,0,0,0,1,0.00,0.00,1,NO_ACCEPTANCE
2022.08.02,1772.08,1765.71,1814.01,1680.71,0,0,0,1,0.00,0.00,1,NO_ACCEPTANCE
2022.08.03,1760.94,1772.08,1814.01,1680.71,0,0,0,1,0.00,0.00,1,NO_ACCEPTANCE
2022.08.04,1765.30,1760.94,1811.98,1680.71,0,0,0,1,0.00,0.00,1,NO_ACCEPTANCE
2022.08.05,1791.06,1765.30,1787.99,1680.71,0,0,0,1,0.00,0.00,1,NO_ACCEPTANCE
2022.08.08,1775.13,1791.06,1787.99,1680.71,0,0,0,1,0.00,0.00,1,NO_ACCEPTANCE
2022.08.09,1788.88,1775.13,1794.89,1680.71,0,0,0,1,0.00,0.00,1,NO_ACCEPTANCE
2022.08.10,1794.21,1788.88,1794.89,1680.71,0,0,0,1,0.00,0.00,1,NO_ACCEPTANCE
2022.08.11,1792.03,1794.21,1794.89,1680.71,0,0,0,1,0.00,0.00,1,NO_ACCEPTANCE
2022.08.12,1789.36,1792.03,1800.32,1680.71,0,0,0,1,0.00,0.00,1,NO_ACCEPTANCE
2022.08.15,1801.83,1789.36,1807.78,1680.71,0,0,0,1,0.00,0.00,1,NO_ACCEPTANCE
2022.08.16,1779.29,1801.83,1807.78,1680.71,0,0,0,1,0.00,0.00,1,NO_ACCEPTANCE
2022.08.17,1775.27,1779.29,1807.78,1680.71,0,0,0,1,0.00,0.00,1,NO_ACCEPTANCE
2022.08.18,1761.84,1775.27,1807.78,1680.71,0,0,0,1,0.00,0.00,1,NO_ACCEPTANCE
2022.08.19,1758.25,1761.84,1807.78,1680.71,0,0,0,1,0.00,0.00,1,NO_ACCEPTANCE
2022.08.22,1747.12,1758.25,1807.78,1680.71,0,0,0,1,0.00,0.00,1,NO_ACCEPTANCE
2022.08.23,1735.95,1747.12,1807.78,1711.28,0,0,0,1,0.00,0.00,1,NO_ACCEPTANCE
2022.08.24,1747.68,1735.95,1807.78,1711.28,0,0,0,1,0.00,0.00,1,NO_ACCEPTANCE
2022.08.25,1751.13,1747.68,1807.78,1711.28,0,0,0,1,0.00,0.00,1,NO_ACCEPTANCE
2022.08.26,1758.43,1751.13,1807.78,1711.28,0,0,0,1,0.00,0.00,1,NO_ACCEPTANCE
2022.08.29,1737.72,1758.43,1807.78,1727.66,0,0,0,1,0.00,0.00,1,NO_ACCEPTANCE
2022.08.30,1737.35,1737.72,1807.78,1727.66,0,0,0,1,0.00,0.00,1,NO_ACCEPTANCE
2022.08.31,1724.13,1737.35,1807.78,1727.66,0,0,0,1,0.00,0.00,1,NO_ACCEPTANCE
2022.09.01,1710.87,1724.13,1807.78,1720.22,0,0,0,1,0.00,0.00,1,NO_ACCEPTANCE
2022.09.02,1697.46,1710.87,1807.78,1720.22,0,1,-1,1,1696.48,1814.74,1,FINAL_SIGNAL_FIRE
2022.09.05,1712.24,1697.46,1807.78,1709.44,0,0,0,1,0.00,0.00,1,NO_ACCEPTANCE
2022.09.06,1710.55,1712.24,1807.78,1688.65,0,0,0,1,0.00,0.00,1,NO_ACCEPTANCE
2022.09.07,1701.72,1710.55,1807.78,1688.65,0,0,0,1,0.00,0.00,1,NO_ACCEPTANCE
2022.09.08,1718.10,1701.72,1807.78,1688.65,0,0,0,1,0.00,0.00,1,NO_ACCEPTANCE
2022.09.09,1708.38,1718.10,1807.78,1688.65,0,0,0,1,0.00,0.00,1,NO_ACCEPTANCE
2022.09.12,1716.88,1708.38,1802.20,1688.65,0,0,0,1,0.00,0.00,1,NO_ACCEPTANCE
2022.09.13,1724.55,1716.88,1802.20,1688.65,0,0,0,1,0.00,0.00,1,NO_ACCEPTANCE
2022.09.14,1702.23,1724.55,1802.20,1688.65,0,0,0,1,0.00,0.00,1,NO_ACCEPTANCE
2022.09.15,1697.27,1702.23,1783.04,1688.65,0,0,0,1,0.00,0.00,1,NO_ACCEPTANCE
2022.09.16,1664.52,1697.27,1782.19,1688.65,0,0,0,1,0.00,0.00,1,NO_ACCEPTANCE
2022.09.19,1674.99,1664.52,1772.31,1688.65,0,1,-1,1,1674.57,1803.05,1,FINAL_SIGNAL_FIRE
2022.09.20,1675.58,1674.99,1765.36,1660.20,0,0,0,1,0.00,0.00,1,NO_ACCEPTANCE
2022.09.21,1664.75,1675.58,1765.36,1653.99,0,0,0,1,0.00,0.00,1,NO_ACCEPTANCE
2022.09.22,1673.70,1664.75,1765.36,1653.99,0,0,0,1,0.00,0.00,1,NO_ACCEPTANCE
2022.09.23,1671.10,1673.70,1765.36,1653.99,0,0,0,1,0.00,0.00,1,NO_ACCEPTANCE
2022.09.26,1643.63,1671.10,1765.36,1653.65,0,0,0,1,0.00,0.00,1,NO_ACCEPTANCE
2022.09.27,1622.34,1643.63,1758.77,1653.65,0,1,-1,1,1621.99,1794.61,1,FINAL_SIGNAL_FIRE
2022.09.28,1629.09,1622.34,1745.40,1639.63,0,1,-1,0,0.00,0.00,1,RAW_ACCEPT_COOLDOWN_BLOCKED
2022.09.29,1659.77,1629.09,1740.40,1621.01,0,0,0,1,0.00,0.00,1,NO_ACCEPTANCE
2022.09.30,1660.36,1659.77,1734.99,1621.01,0,0,0,1,0.00,0.00,1,NO_ACCEPTANCE
2022.10.03,1660.79,1660.36,1734.99,1614.71,0,0,0,1,0.00,0.00,1,NO_ACCEPTANCE
2022.10.04,1699.49,1660.79,1734.99,1614.71,0,0,0,1,0.00,0.00,1,NO_ACCEPTANCE
2022.10.05,1726.26,1699.49,1734.99,1614.71,0,0,0,1,0.00,0.00,1,NO_ACCEPTANCE
2022.10.06,1716.12,1726.26,1734.99,1614.71,0,0,0,1,0.00,0.00,1,NO_ACCEPTANCE
2022.10.07,1712.35,1716.12,1734.99,1614.71,0,0,0,1,0.00,0.00,1,NO_ACCEPTANCE
2022.10.10,1694.75,1712.35,1734.99,1614.71,0,0,0,1,0.00,0.00,1,NO_ACCEPTANCE
2022.10.11,1667.94,1694.75,1734.99,1614.71,0,0,0,1,0.00,0.00,1,NO_ACCEPTANCE
2022.10.12,1666.10,1667.94,1734.99,1614.71,0,0,0,1,0.00,0.00,1,NO_ACCEPTANCE
2022.10.13,1673.02,1666.10,1731.72,1614.71,0,0,0,1,0.00,0.00,1,NO_ACCEPTANCE
2022.10.14,1666.01,1673.02,1729.42,1614.71,0,0,0,1,0.00,0.00,1,NO_ACCEPTANCE
2022.10.17,1643.99,1666.01,1729.42,1614.71,0,0,0,1,0.00,0.00,1,NO_ACCEPTANCE
2022.10.18,1650.46,1643.99,1729.42,1614.71,0,0,0,1,0.00,0.00,1,NO_ACCEPTANCE
2022.10.19,1651.85,1650.46,1729.42,1614.71,0,0,0,1,0.00,0.00,1,NO_ACCEPTANCE
2022.10.20,1628.95,1651.85,1729.42,1614.71,0,0,0,1,0.00,0.00,1,NO_ACCEPTANCE
2022.10.21,1627.97,1628.95,1729.42,1614.71,0,0,0,1,0.00,0.00,1,NO_ACCEPTANCE
2022.10.24,1657.67,1627.97,1729.42,1614.71,0,0,0,1,0.00,0.00,1,NO_ACCEPTANCE
2022.10.25,1649.28,1657.67,1729.42,1614.71,0,0,0,1,0.00,0.00,1,NO_ACCEPTANCE
2022.10.26,1653.03,1649.28,1729.42,1614.71,0,0,0,1,0.00,0.00,1,NO_ACCEPTANCE
2022.10.27,1664.55,1653.03,1729.42,1614.71,0,0,0,1,0.00,0.00,1,NO_ACCEPTANCE
2022.10.28,1663.18,1664.55,1729.42,1614.71,0,0,0,1,0.00,0.00,1,NO_ACCEPTANCE
2022.10.31,1644.53,1663.18,1729.42,1617.07,0,0,0,1,0.00,0.00,1,NO_ACCEPTANCE
2022.11.01,1633.46,1644.53,1729.42,1617.07,0,0,0,1,0.00,0.00,1,NO_ACCEPTANCE
2022.11.02,1647.58,1633.46,1729.42,1617.07,0,0,0,1,0.00,0.00,1,NO_ACCEPTANCE
2022.11.03,1634.97,1647.58,1729.42,1617.07,0,0,0,1,0.00,0.00,1,NO_ACCEPTANCE
2022.11.04,1629.47,1634.97,1727.64,1617.07,0,0,0,1,0.00,0.00,1,NO_ACCEPTANCE
2022.11.07,1680.67,1629.47,1725.40,1617.07,0,0,0,1,0.00,0.00,1,NO_ACCEPTANCE
2022.11.08,1675.17,1680.67,1714.73,1616.55,0,0,0,1,0.00,0.00,1,NO_ACCEPTANCE
2022.11.09,1712.30,1675.17,1699.81,1616.55,0,0,0,1,0.00,0.00,1,NO_ACCEPTANCE
2022.11.10,1706.79,1712.30,1683.82,1616.55,1,0,1,1,1706.43,1759.09,0,RAW_ACCEPT_COOLDOWN_PASS_HTF_BLOCKED
2022.11.11,1755.37,1706.79,1716.81,1616.55,0,0,0,1,0.00,0.00,1,NO_ACCEPTANCE
2022.11.14,1770.86,1755.37,1722.24,1616.55,1,0,1,0,0.00,0.00,1,RAW_ACCEPT_COOLDOWN_BLOCKED
2022.11.15,1771.03,1770.86,1757.08,1616.55,1,0,1,0,0.00,0.00,1,RAW_ACCEPT_COOLDOWN_BLOCKED
2022.11.16,1778.55,1771.03,1772.46,1616.55,0,0,0,1,0.00,0.00,1,NO_ACCEPTANCE
2022.11.17,1773.62,1778.55,1774.94,1616.55,0,0,0,1,0.00,0.00,1,NO_ACCEPTANCE
2022.11.18,1760.04,1773.62,1786.34,1616.55,0,0,0,1,0.00,0.00,1,NO_ACCEPTANCE
2022.11.21,1750.53,1760.04,1786.34,1616.55,0,0,0,1,0.00,0.00,1,NO_ACCEPTANCE
2022.11.22,1737.60,1750.53,1786.34,1616.55,0,0,0,1,0.00,0.00,1,NO_ACCEPTANCE
2022.11.23,1739.83,1737.60,1786.34,1616.55,0,0,0,1,0.00,0.00,1,NO_ACCEPTANCE
2022.11.24,1749.30,1739.83,1786.34,1616.55,0,0,0,1,0.00,0.00,1,NO_ACCEPTANCE
2022.11.25,1755.31,1749.30,1786.34,1616.55,0,0,0,1,0.00,0.00,1,NO_ACCEPTANCE
2022.11.28,1755.33,1755.31,1786.34,1616.55,0,0,0,1,0.00,0.00,1,NO_ACCEPTANCE
2022.11.29,1741.37,1755.33,1786.34,1616.55,0,0,0,1,0.00,0.00,1,NO_ACCEPTANCE
2022.11.30,1749.58,1741.37,1786.34,1616.55,0,0,0,1,0.00,0.00,1,NO_ACCEPTANCE
2022.12.01,1768.40,1749.58,1786.34,1616.55,0,0,0,1,0.00,0.00,1,NO_ACCEPTANCE
2022.12.02,1802.72,1768.40,1786.34,1616.55,0,0,0,1,0.00,0.00,1,NO_ACCEPTANCE
2022.12.05,1797.70,1802.72,1786.34,1616.55,1,0,1,1,1796.16,1759.60,1,FINAL_SIGNAL_FIRE
2022.12.06,1768.54,1797.70,1803.90,1628.40,0,0,0,1,0.00,0.00,1,NO_ACCEPTANCE
2022.12.07,1770.87,1768.54,1804.28,1664.56,0,0,0,1,0.00,0.00,1,NO_ACCEPTANCE
2022.12.08,1785.95,1770.87,1809.93,1664.56,0,0,0,1,0.00,0.00,1,NO_ACCEPTANCE
2022.12.09,1788.80,1785.95,1809.93,1702.11,0,0,0,1,0.00,0.00,1,NO_ACCEPTANCE
2022.12.12,1796.83,1788.80,1809.93,1703.71,0,0,0,1,0.00,0.00,1,NO_ACCEPTANCE
2022.12.13,1781.22,1796.83,1809.93,1725.63,0,0,0,1,0.00,0.00,1,NO_ACCEPTANCE
2022.12.14,1810.38,1781.22,1809.93,1725.63,0,0,0,1,0.00,0.00,1,NO_ACCEPTANCE
2022.12.15,1807.15,1810.38,1809.93,1725.63,0,0,0,1,0.00,0.00,1,NO_ACCEPTANCE
2022.12.16,1776.60,1807.15,1824.41,1725.63,0,0,0,1,0.00,0.00,1,NO_ACCEPTANCE
2022.12.19,1792.83,1776.60,1824.41,1725.63,0,0,0,1,0.00,0.00,1,NO_ACCEPTANCE
2022.12.20,1787.52,1792.83,1824.41,1725.63,0,0,0,1,0.00,0.00,1,NO_ACCEPTANCE
2022.12.21,1817.52,1787.52,1824.41,1725.63,0,0,0,1,0.00,0.00,1,NO_ACCEPTANCE
2022.12.22,1814.05,1817.52,1824.41,1725.63,0,0,0,1,0.00,0.00,1,NO_ACCEPTANCE
2022.12.23,1792.29,1814.05,1824.41,1725.63,0,0,0,1,0.00,0.00,1,NO_ACCEPTANCE
2022.12.27,1798.25,1792.29,1824.41,1739.38,0,0,0,1,0.00,0.00,1,NO_ACCEPTANCE
2022.12.28,1813.39,1798.25,1824.41,1739.38,0,0,0,1,0.00,0.00,1,NO_ACCEPTANCE
2022.12.29,1804.13,1813.39,1824.41,1739.38,0,0,0,1,0.00,0.00,1,NO_ACCEPTANCE
2022.12.30,1814.72,1804.13,1833.20,1739.38,0,0,0,1,0.00,0.00,1,NO_ACCEPTANCE
2023.01.03,1823.55,1814.72,1833.20,1744.72,0,0,0,1,0.00,0.00,1,NO_ACCEPTANCE
2023.01.04,1839.32,1823.55,1833.20,1765.71,0,0,0,1,0.00,0.00,1,NO_ACCEPTANCE
2023.01.05,1854.50,1839.32,1833.20,1765.71,1,0,1,1,1854.22,1767.80,1,FINAL_SIGNAL_FIRE
2023.01.06,1832.85,1854.50,1849.88,1765.71,0,0,0,1,0.00,0.00,1,NO_ACCEPTANCE
2023.01.09,1865.75,1832.85,1865.01,1767.17,0,0,0,1,0.00,0.00,1,NO_ACCEPTANCE
2023.01.10,1871.56,1865.75,1865.01,1768.58,1,0,1,0,0.00,0.00,1,RAW_ACCEPT_COOLDOWN_BLOCKED
2023.01.11,1876.78,1871.56,1869.75,1773.57,1,0,1,0,0.00,0.00,1,RAW_ACCEPT_COOLDOWN_BLOCKED
2023.01.12,1875.58,1876.78,1881.36,1773.57,0,0,0,1,0.00,0.00,1,NO_ACCEPTANCE
2023.01.13,1896.66,1875.58,1881.36,1773.57,0,0,0,1,0.00,0.00,1,NO_ACCEPTANCE
2023.01.16,1920.12,1896.66,1886.47,1773.57,1,0,1,1,1919.03,1775.21,1,FINAL_SIGNAL_FIRE
2023.01.17,1915.41,1920.12,1901.48,1773.57,1,0,1,0,0.00,0.00,1,RAW_ACCEPT_COOLDOWN_BLOCKED
2023.01.18,1908.40,1915.41,1921.84,1773.57,0,0,0,1,0.00,0.00,1,NO_ACCEPTANCE
2023.01.19,1904.12,1908.40,1928.78,1774.18,0,0,0,1,0.00,0.00,1,NO_ACCEPTANCE
2023.01.20,1932.03,1904.12,1928.78,1783.68,0,0,0,1,0.00,0.00,1,NO_ACCEPTANCE
2023.01.23,1925.75,1932.03,1928.78,1784.47,0,0,0,1,0.00,0.00,1,NO_ACCEPTANCE
2023.01.24,1930.78,1925.75,1935.08,1784.78,0,0,0,1,0.00,0.00,1,NO_ACCEPTANCE
2023.01.25,1937.13,1930.78,1937.37,1784.78,0,0,0,1,0.00,0.00,1,NO_ACCEPTANCE
2023.01.26,1945.98,1937.13,1937.37,1791.05,0,0,0,1,0.00,0.00,1,NO_ACCEPTANCE
2023.01.27,1928.95,1945.98,1942.34,1796.92,0,0,0,1,0.00,0.00,1,NO_ACCEPTANCE
2023.01.30,1928.00,1928.95,1947.93,1796.92,0,0,0,1,0.00,0.00,1,NO_ACCEPTANCE
2023.01.31,1923.03,1928.00,1949.03,1803.57,0,0,0,1,0.00,0.00,1,NO_ACCEPTANCE
2023.02.01,1928.01,1923.03,1949.03,1813.22,0,0,0,1,0.00,0.00,1,NO_ACCEPTANCE
2023.02.02,1949.87,1928.01,1949.03,1823.58,0,0,0,1,0.00,0.00,1,NO_ACCEPTANCE
2023.02.03,1912.51,1949.87,1949.03,1824.95,0,0,0,1,0.00,0.00,1,NO_ACCEPTANCE
2023.02.06,1865.52,1912.51,1954.40,1824.95,0,0,0,1,0.00,0.00,1,NO_ACCEPTANCE
2023.02.07,1867.49,1865.52,1959.67,1830.03,0,0,0,1,0.00,0.00,1,NO_ACCEPTANCE
2023.02.08,1873.58,1867.49,1959.67,1861.27,0,0,0,1,0.00,0.00,1,NO_ACCEPTANCE
2023.02.09,1875.33,1873.58,1959.67,1859.54,0,0,0,1,0.00,0.00,1,NO_ACCEPTANCE
2023.02.10,1861.51,1875.33,1959.67,1859.54,0,0,0,1,0.00,0.00,1,NO_ACCEPTANCE
2023.02.13,1865.17,1861.51,1959.67,1859.54,0,0,0,1,0.00,0.00,1,NO_ACCEPTANCE
2023.02.14,1853.37,1865.17,1959.67,1858.79,0,0,0,1,0.00,0.00,1,NO_ACCEPTANCE
2023.02.15,1854.28,1853.37,1959.67,1852.62,0,0,0,1,0.00,0.00,1,NO_ACCEPTANCE
2023.02.16,1835.74,1854.28,1959.67,1850.38,0,0,0,1,0.00,0.00,1,NO_ACCEPTANCE
2023.02.17,1836.28,1835.74,1959.67,1843.13,0,1,-1,1,1836.54,1801.04,0,RAW_ACCEPT_COOLDOWN_PASS_HTF_BLOCKED
2023.02.20,1842.28,1836.28,1959.67,1830.27,0,0,0,1,0.00,0.00,1,NO_ACCEPTANCE
2023.02.21,1841.07,1842.28,1959.67,1827.48,0,0,0,1,0.00,0.00,1,NO_ACCEPTANCE
2023.02.22,1834.80,1841.07,1959.67,1818.82,0,0,0,1,0.00,0.00,1,NO_ACCEPTANCE
2023.02.23,1825.08,1834.80,1959.67,1818.82,0,0,0,1,0.00,0.00,1,NO_ACCEPTANCE
2023.02.24,1822.14,1825.08,1959.67,1818.82,0,0,0,1,0.00,0.00,1,NO_ACCEPTANCE
2023.02.27,1810.59,1822.14,1959.67,1818.82,0,0,0,1,0.00,0.00,1,NO_ACCEPTANCE
2023.02.28,1817.09,1810.59,1959.67,1817.28,0,1,-1,1,1816.80,1802.82,0,RAW_ACCEPT_COOLDOWN_PASS_HTF_BLOCKED
2023.03.01,1826.61,1817.09,1959.67,1808.84,0,0,0,1,0.00,0.00,1,NO_ACCEPTANCE
2023.03.02,1836.47,1826.61,1959.67,1806.45,0,0,0,1,0.00,0.00,1,NO_ACCEPTANCE
2023.03.03,1835.49,1836.47,1959.67,1804.60,0,0,0,1,0.00,0.00,1,NO_ACCEPTANCE
2023.03.06,1855.13,1835.49,1959.67,1804.60,0,0,0,1,0.00,0.00,1,NO_ACCEPTANCE
2023.03.07,1846.51,1855.13,1918.52,1804.60,0,0,0,1,0.00,0.00,1,NO_ACCEPTANCE
2023.03.08,1812.87,1846.51,1890.11,1804.60,0,0,0,1,0.00,0.00,1,NO_ACCEPTANCE
2023.03.09,1813.60,1812.87,1890.11,1804.60,0,0,0,1,0.00,0.00,1,NO_ACCEPTANCE
2023.03.10,1830.66,1813.60,1890.11,1804.60,0,0,0,1,0.00,0.00,1,NO_ACCEPTANCE
2023.03.13,1866.85,1830.66,1890.11,1804.60,0,0,0,1,0.00,0.00,1,NO_ACCEPTANCE
2023.03.14,1913.29,1866.85,1872.18,1804.60,0,0,0,1,0.00,0.00,1,NO_ACCEPTANCE
2023.03.15,1903.76,1913.29,1870.52,1804.60,1,0,1,1,1903.69,1807.72,1,FINAL_SIGNAL_FIRE
2023.03.16,1918.02,1903.76,1914.46,1804.60,0,0,0,1,0.00,0.00,1,NO_ACCEPTANCE
2023.03.17,1919.25,1918.02,1914.46,1804.60,1,0,1,0,0.00,0.00,1,RAW_ACCEPT_COOLDOWN_BLOCKED
2023.03.20,1984.84,1919.25,1937.22,1804.60,0,0,0,1,0.00,0.00,1,NO_ACCEPTANCE
2023.03.21,1978.54,1984.84,1937.22,1804.60,1,0,1,0,0.00,0.00,1,RAW_ACCEPT_COOLDOWN_BLOCKED
2023.03.22,1940.45,1978.54,1987.63,1804.60,0,0,0,1,0.00,0.00,1,NO_ACCEPTANCE
2023.03.23,1969.57,1940.45,2009.65,1804.60,0,0,0,1,0.00,0.00,1,NO_ACCEPTANCE
2023.03.24,1993.68,1969.57,2009.65,1804.60,0,0,0,1,0.00,0.00,1,NO_ACCEPTANCE
2023.03.27,1978.60,1993.68,2009.65,1804.60,0,0,0,1,0.00,0.00,1,NO_ACCEPTANCE
2023.03.28,1956.27,1978.60,2009.65,1804.60,0,0,0,1,0.00,0.00,1,NO_ACCEPTANCE
2023.03.29,1973.46,1956.27,2009.65,1804.60,0,0,0,1,0.00,0.00,1,NO_ACCEPTANCE
2023.03.30,1964.31,1973.46,2009.65,1804.60,0,0,0,1,0.00,0.00,1,NO_ACCEPTANCE
2023.03.31,1980.10,1964.31,2009.65,1809.26,0,0,0,1,0.00,0.00,1,NO_ACCEPTANCE
2023.04.03,1969.13,1980.10,2009.65,1809.26,0,0,0,1,0.00,0.00,1,NO_ACCEPTANCE
2023.04.04,1984.31,1969.13,2009.65,1809.26,0,0,0,1,0.00,0.00,1,NO_ACCEPTANCE
2023.04.05,2020.45,1984.31,2009.65,1809.26,0,0,0,1,0.00,0.00,1,NO_ACCEPTANCE
2023.04.06,2020.62,2020.45,2009.65,1809.26,1,0,1,1,2020.55,1832.14,1,FINAL_SIGNAL_FIRE
2023.04.10,2006.99,2020.62,2024.87,1809.26,0,0,0,1,0.00,0.00,1,NO_ACCEPTANCE
2023.04.11,1991.10,2006.99,2032.03,1811.76,0,0,0,1,0.00,0.00,1,NO_ACCEPTANCE
2023.04.12,2003.47,1991.10,2032.03,1827.59,0,0,0,1,0.00,0.00,1,NO_ACCEPTANCE
2023.04.13,2014.77,2003.47,2032.03,1871.41,0,0,0,1,0.00,0.00,1,NO_ACCEPTANCE
2023.04.14,2039.89,2014.77,2032.03,1885.59,0,0,0,1,0.00,0.00,1,NO_ACCEPTANCE
2023.04.17,2004.08,2039.89,2032.03,1885.59,0,0,0,1,0.00,0.00,1,NO_ACCEPTANCE
2023.04.18,1994.98,2004.08,2048.63,1907.39,0,0,0,1,0.00,0.00,1,NO_ACCEPTANCE
2023.04.19,2005.15,1994.98,2048.63,1918.12,0,0,0,1,0.00,0.00,1,NO_ACCEPTANCE
2023.04.20,1994.55,2005.15,2048.63,1934.06,0,0,0,1,0.00,0.00,1,NO_ACCEPTANCE
2023.04.21,2004.62,1994.55,2048.63,1934.06,0,0,0,1,0.00,0.00,1,NO_ACCEPTANCE
2023.04.24,1982.67,2004.62,2048.63,1934.06,0,0,0,1,0.00,0.00,1,NO_ACCEPTANCE
2023.04.25,1988.90,1982.67,2048.63,1943.86,0,0,0,1,0.00,0.00,1,NO_ACCEPTANCE
2023.04.26,1996.95,1988.90,2048.63,1943.86,0,0,0,1,0.00,0.00,1,NO_ACCEPTANCE
2023.04.27,1989.20,1996.95,2048.63,1943.86,0,0,0,1,0.00,0.00,1,NO_ACCEPTANCE
2023.04.28,1987.67,1989.20,2048.63,1948.99,0,0,0,1,0.00,0.00,1,NO_ACCEPTANCE
2023.05.01,1989.22,1987.67,2048.63,1949.61,0,0,0,1,0.00,0.00,1,NO_ACCEPTANCE
2023.05.02,1982.39,1989.22,2048.63,1949.61,0,0,0,1,0.00,0.00,1,NO_ACCEPTANCE
2023.05.03,2016.50,1982.39,2048.63,1949.61,0,0,0,1,0.00,0.00,1,NO_ACCEPTANCE
2023.05.04,2038.30,2016.50,2048.63,1949.61,0,0,0,1,0.00,0.00,1,NO_ACCEPTANCE
2023.05.05,2050.02,2038.30,2048.63,1969.09,0,0,0,1,0.00,0.00,1,NO_ACCEPTANCE
2023.05.08,2016.50,2050.02,2048.63,1969.09,0,0,0,1,0.00,0.00,1,NO_ACCEPTANCE
2023.05.09,2021.28,2016.50,2079.08,1969.09,0,0,0,1,0.00,0.00,1,NO_ACCEPTANCE
2023.05.10,2034.30,2021.28,2079.08,1969.09,0,0,0,1,0.00,0.00,1,NO_ACCEPTANCE
2023.05.11,2030.07,2034.30,2079.08,1969.09,0,0,0,1,0.00,0.00,1,NO_ACCEPTANCE
2023.05.12,2014.89,2030.07,2079.08,1969.09,0,0,0,1,0.00,0.00,1,NO_ACCEPTANCE
2023.05.15,2010.74,2014.89,2079.08,1969.09,0,0,0,1,0.00,0.00,1,NO_ACCEPTANCE
2023.05.16,2016.24,2010.74,2079.08,1969.09,0,0,0,1,0.00,0.00,1,NO_ACCEPTANCE
2023.05.17,1988.72,2016.24,2079.08,1969.09,0,0,0,1,0.00,0.00,1,NO_ACCEPTANCE
2023.05.18,1981.42,1988.72,2079.08,1969.09,0,0,0,1,0.00,0.00,1,NO_ACCEPTANCE
2023.05.19,1957.28,1981.42,2079.08,1969.09,0,0,0,1,0.00,0.00,1,NO_ACCEPTANCE
2023.05.22,1977.53,1957.28,2079.08,1971.49,0,0,0,1,0.00,0.00,1,NO_ACCEPTANCE
2023.05.23,1971.58,1977.53,2079.08,1951.82,0,0,0,1,0.00,0.00,1,NO_ACCEPTANCE
2023.05.24,1974.80,1971.58,2079.08,1951.82,0,0,0,1,0.00,0.00,1,NO_ACCEPTANCE
2023.05.25,1957.08,1974.80,2079.08,1951.82,0,0,0,1,0.00,0.00,1,NO_ACCEPTANCE
2023.05.26,1940.60,1957.08,2079.08,1951.82,0,0,0,1,0.00,0.00,1,NO_ACCEPTANCE
2023.05.29,1946.58,1940.60,2079.08,1951.82,0,1,-1,1,1941.47,1881.87,0,RAW_ACCEPT_COOLDOWN_PASS_HTF_BLOCKED
2023.05.30,1943.07,1946.58,2079.08,1938.77,0,0,0,1,0.00,0.00,1,NO_ACCEPTANCE
2023.05.31,1959.17,1943.07,2079.08,1936.64,0,0,0,1,0.00,0.00,1,NO_ACCEPTANCE
2023.06.01,1962.42,1959.17,2079.08,1936.64,0,0,0,1,0.00,0.00,1,NO_ACCEPTANCE
2023.06.02,1977.34,1962.42,2079.08,1931.86,0,0,0,1,0.00,0.00,1,NO_ACCEPTANCE
2023.06.05,1947.90,1977.34,2079.08,1931.86,0,0,0,1,0.00,0.00,1,NO_ACCEPTANCE
2023.06.06,1961.67,1947.90,2052.82,1931.86,0,0,0,1,0.00,0.00,1,NO_ACCEPTANCE
2023.06.07,1963.15,1961.67,2048.10,1931.86,0,0,0,1,0.00,0.00,1,NO_ACCEPTANCE
2023.06.08,1939.79,1963.15,2048.10,1931.86,0,0,0,1,0.00,0.00,1,NO_ACCEPTANCE
2023.06.09,1965.45,1939.79,2048.10,1931.86,0,0,0,1,0.00,0.00,1,NO_ACCEPTANCE
2023.06.12,1960.43,1965.45,2040.98,1931.86,0,0,0,1,0.00,0.00,1,NO_ACCEPTANCE
2023.06.13,1957.31,1960.43,2022.44,1931.86,0,0,0,1,0.00,0.00,1,NO_ACCEPTANCE
2023.06.14,1943.36,1957.31,2022.06,1931.86,0,0,0,1,0.00,0.00,1,NO_ACCEPTANCE
2023.06.15,1941.66,1943.36,2018.20,1931.86,0,0,0,1,0.00,0.00,1,NO_ACCEPTANCE
2023.06.16,1957.85,1941.66,1992.89,1931.86,0,0,0,1,0.00,0.00,1,NO_ACCEPTANCE
2023.06.19,1957.27,1957.85,1985.90,1931.86,0,0,0,1,0.00,0.00,1,NO_ACCEPTANCE
2023.06.20,1950.11,1957.27,1985.19,1924.53,0,0,0,1,0.00,0.00,1,NO_ACCEPTANCE
2023.06.21,1936.05,1950.11,1985.19,1924.53,0,0,0,1,0.00,0.00,1,NO_ACCEPTANCE
2023.06.22,1932.53,1936.05,1985.19,1924.53,0,0,0,1,0.00,0.00,1,NO_ACCEPTANCE
2023.06.23,1913.58,1932.53,1985.19,1924.53,0,0,0,1,0.00,0.00,1,NO_ACCEPTANCE
2023.06.26,1921.02,1913.58,1983.31,1919.00,0,0,0,1,0.00,0.00,1,NO_ACCEPTANCE
2023.06.27,1922.93,1921.02,1983.31,1912.24,0,0,0,1,0.00,0.00,1,NO_ACCEPTANCE
2023.06.28,1913.48,1922.93,1983.31,1909.93,0,0,0,1,0.00,0.00,1,NO_ACCEPTANCE
2023.06.29,1907.27,1913.48,1983.31,1909.93,0,0,0,1,0.00,0.00,1,NO_ACCEPTANCE
2023.06.30,1908.06,1907.27,1983.31,1909.93,0,1,-1,1,1907.73,1894.77,0,RAW_ACCEPT_COOLDOWN_PASS_HTF_BLOCKED
2023.07.03,1919.19,1908.06,1983.31,1902.69,0,0,0,1,0.00,0.00,1,NO_ACCEPTANCE
2023.07.04,1921.32,1919.19,1983.31,1892.83,0,0,0,1,0.00,0.00,1,NO_ACCEPTANCE
2023.07.05,1925.57,1921.32,1972.93,1892.83,0,0,0,1,0.00,0.00,1,NO_ACCEPTANCE
2023.07.06,1915.03,1925.57,1972.93,1892.83,0,0,0,1,0.00,0.00,1,NO_ACCEPTANCE
2023.07.07,1910.72,1915.03,1972.93,1892.83,0,0,0,1,0.00,0.00,1,NO_ACCEPTANCE
2023.07.10,1925.24,1910.72,1972.93,1892.83,0,0,0,1,0.00,0.00,1,NO_ACCEPTANCE
2023.07.11,1925.13,1925.24,1972.93,1892.83,0,0,0,1,0.00,0.00,1,NO_ACCEPTANCE
2023.07.12,1932.08,1925.13,1970.70,1892.83,0,0,0,1,0.00,0.00,1,NO_ACCEPTANCE
2023.07.13,1957.25,1932.08,1970.70,1892.83,0,0,0,1,0.00,0.00,1,NO_ACCEPTANCE
2023.07.14,1960.24,1957.25,1967.79,1892.83,0,0,0,1,0.00,0.00,1,NO_ACCEPTANCE
2023.07.17,1955.14,1960.24,1967.79,1892.83,0,0,0,1,0.00,0.00,1,NO_ACCEPTANCE
2023.07.18,1954.68,1955.14,1967.79,1892.83,0,0,0,1,0.00,0.00,1,NO_ACCEPTANCE
2023.07.19,1978.67,1954.68,1963.70,1892.83,0,0,0,1,0.00,0.00,1,NO_ACCEPTANCE
2023.07.20,1976.74,1978.67,1963.70,1892.83,1,0,1,1,1976.08,1900.76,1,FINAL_SIGNAL_FIRE
2023.07.21,1969.32,1976.74,1984.25,1892.83,0,0,0,1,0.00,0.00,1,NO_ACCEPTANCE
2023.07.24,1961.65,1969.32,1984.25,1892.83,0,0,0,1,0.00,0.00,1,NO_ACCEPTANCE
2023.07.25,1954.66,1961.65,1987.32,1892.83,0,0,0,1,0.00,0.00,1,NO_ACCEPTANCE
2023.07.26,1964.74,1954.66,1987.32,1892.83,0,0,0,1,0.00,0.00,1,NO_ACCEPTANCE
2023.07.27,1971.98,1964.74,1987.32,1892.83,0,0,0,1,0.00,0.00,1,NO_ACCEPTANCE
2023.07.28,1945.38,1971.98,1987.32,1892.83,0,0,0,1,0.00,0.00,1,NO_ACCEPTANCE
2023.07.31,1959.06,1945.38,1987.32,1892.83,0,0,0,1,0.00,0.00,1,NO_ACCEPTANCE
2023.08.01,1965.33,1959.06,1987.32,1900.42,0,0,0,1,0.00,0.00,1,NO_ACCEPTANCE
2023.08.02,1943.96,1965.33,1987.32,1902.50,0,0,0,1,0.00,0.00,1,NO_ACCEPTANCE
2023.08.03,1934.63,1943.96,1987.32,1902.50,0,0,0,1,0.00,0.00,1,NO_ACCEPTANCE
2023.08.04,1933.95,1934.63,1987.32,1902.50,0,0,0,1,0.00,0.00,1,NO_ACCEPTANCE
2023.08.07,1942.34,1933.95,1987.32,1902.50,0,0,0,1,0.00,0.00,1,NO_ACCEPTANCE
2023.08.08,1936.39,1942.34,1987.32,1909.43,0,0,0,1,0.00,0.00,1,NO_ACCEPTANCE
2023.08.09,1924.93,1936.39,1987.32,1912.55,0,0,0,1,0.00,0.00,1,NO_ACCEPTANCE
2023.08.10,1914.53,1924.93,1987.32,1924.26,0,0,0,1,0.00,0.00,1,NO_ACCEPTANCE
2023.08.11,1912.20,1914.53,1987.32,1922.66,0,1,-1,1,1911.96,1907.33,0,RAW_ACCEPT_COOLDOWN_PASS_HTF_BLOCKED
2023.08.14,1913.63,1912.20,1987.32,1913.89,0,1,-1,0,0.00,0.00,1,RAW_ACCEPT_COOLDOWN_BLOCKED
2023.08.15,1907.26,1913.63,1987.32,1911.98,0,0,0,1,0.00,0.00,1,NO_ACCEPTANCE
2023.08.16,1901.73,1907.26,1987.32,1910.63,0,1,-1,0,0.00,0.00,1,RAW_ACCEPT_COOLDOWN_BLOCKED
2023.08.17,1891.72,1901.73,1987.32,1902.57,0,1,-1,0,0.00,0.00,1,RAW_ACCEPT_COOLDOWN_BLOCKED
2023.08.18,1889.17,1891.72,1987.32,1896.22,0,1,-1,0,0.00,0.00,1,RAW_ACCEPT_COOLDOWN_BLOCKED
2023.08.21,1889.40,1889.17,1987.32,1891.65,0,1,-1,1,1889.29,1906.82,1,FINAL_SIGNAL_FIRE
2023.08.22,1894.56,1889.40,1982.03,1884.84,0,0,0,1,0.00,0.00,1,NO_ACCEPTANCE
2023.08.23,1897.22,1894.56,1982.03,1884.84,0,0,0,1,0.00,0.00,1,NO_ACCEPTANCE
2023.08.24,1915.32,1897.22,1982.03,1884.64,0,0,0,1,0.00,0.00,1,NO_ACCEPTANCE
2023.08.25,1916.65,1915.32,1982.03,1884.64,0,0,0,1,0.00,0.00,1,NO_ACCEPTANCE
2023.08.28,1914.16,1916.65,1982.03,1884.64,0,0,0,1,0.00,0.00,1,NO_ACCEPTANCE
2023.08.29,1920.06,1914.16,1972.26,1884.64,0,0,0,1,0.00,0.00,1,NO_ACCEPTANCE
2023.08.30,1937.26,1920.06,1972.26,1884.64,0,0,0,1,0.00,0.00,1,NO_ACCEPTANCE
2023.08.31,1942.14,1937.26,1965.83,1884.64,0,0,0,1,0.00,0.00,1,NO_ACCEPTANCE
2023.09.01,1939.97,1942.14,1954.65,1884.64,0,0,0,1,0.00,0.00,1,NO_ACCEPTANCE
2023.09.04,1939.59,1939.97,1948.94,1884.64,0,0,0,1,0.00,0.00,1,NO_ACCEPTANCE
2023.09.05,1938.40,1939.59,1948.94,1884.64,0,0,0,1,0.00,0.00,1,NO_ACCEPTANCE
2023.09.06,1925.88,1938.40,1952.79,1884.64,0,0,0,1,0.00,0.00,1,NO_ACCEPTANCE
2023.09.07,1916.34,1925.88,1952.79,1884.64,0,0,0,1,0.00,0.00,1,NO_ACCEPTANCE
2023.09.08,1919.51,1916.34,1952.79,1884.64,0,0,0,1,0.00,0.00,1,NO_ACCEPTANCE
2023.09.11,1918.85,1919.51,1952.79,1884.64,0,0,0,1,0.00,0.00,1,NO_ACCEPTANCE
2023.09.12,1922.20,1918.85,1952.79,1884.64,0,0,0,1,0.00,0.00,1,NO_ACCEPTANCE
2023.09.13,1913.22,1922.20,1952.79,1884.64,0,0,0,1,0.00,0.00,1,NO_ACCEPTANCE
2023.09.14,1908.00,1913.22,1952.79,1884.64,0,0,0,1,0.00,0.00,1,NO_ACCEPTANCE
2023.09.15,1910.41,1908.00,1952.79,1884.64,0,0,0,1,0.00,0.00,1,NO_ACCEPTANCE
2023.09.18,1923.58,1910.41,1952.79,1884.64,0,0,0,1,0.00,0.00,1,NO_ACCEPTANCE
2023.09.19,1933.48,1923.58,1952.79,1884.64,0,0,0,1,0.00,0.00,1,NO_ACCEPTANCE
2023.09.20,1931.18,1933.48,1952.79,1884.64,0,0,0,1,0.00,0.00,1,NO_ACCEPTANCE
2023.09.21,1930.22,1931.18,1952.79,1888.99,0,0,0,1,0.00,0.00,1,NO_ACCEPTANCE
2023.09.22,1919.89,1930.22,1952.79,1897.11,0,0,0,1,0.00,0.00,1,NO_ACCEPTANCE
2023.09.25,1925.17,1919.89,1952.79,1900.84,0,0,0,1,0.00,0.00,1,NO_ACCEPTANCE
2023.09.26,1915.65,1925.17,1952.79,1900.84,0,0,0,1,0.00,0.00,1,NO_ACCEPTANCE
2023.09.27,1900.44,1915.65,1952.79,1900.84,0,0,0,1,0.00,0.00,1,NO_ACCEPTANCE
2023.09.28,1874.85,1900.44,1952.79,1900.84,0,1,-1,1,1875.00,1909.86,1,FINAL_SIGNAL_FIRE
2023.09.29,1864.71,1874.85,1952.79,1899.00,0,1,-1,0,0.00,0.00,1,RAW_ACCEPT_COOLDOWN_BLOCKED
2023.10.02,1848.59,1864.71,1952.79,1872.40,0,1,-1,0,0.00,0.00,1,RAW_ACCEPT_COOLDOWN_BLOCKED
2023.10.03,1827.66,1848.59,1952.79,1857.53,0,1,-1,0,0.00,0.00,1,RAW_ACCEPT_COOLDOWN_BLOCKED
2023.10.04,1822.81,1827.66,1947.31,1846.18,0,1,-1,0,0.00,0.00,1,RAW_ACCEPT_COOLDOWN_BLOCKED
2023.10.05,1820.94,1822.81,1947.31,1827.06,0,1,-1,0,0.00,0.00,1,RAW_ACCEPT_COOLDOWN_BLOCKED
2023.10.06,1820.01,1820.94,1947.31,1815.06,0,0,0,1,0.00,0.00,1,NO_ACCEPTANCE
2023.10.09,1831.76,1820.01,1947.31,1815.06,0,0,0,1,0.00,0.00,1,NO_ACCEPTANCE
2023.10.10,1861.20,1831.76,1947.31,1812.93,0,0,0,1,0.00,0.00,1,NO_ACCEPTANCE
2023.10.11,1860.28,1861.20,1947.31,1810.31,0,0,0,1,0.00,0.00,1,NO_ACCEPTANCE
2023.10.12,1874.13,1860.28,1947.31,1810.31,0,0,0,1,0.00,0.00,1,NO_ACCEPTANCE
2023.10.13,1868.60,1874.13,1947.31,1810.31,0,0,0,1,0.00,0.00,1,NO_ACCEPTANCE
2023.10.16,1932.12,1868.60,1947.31,1810.31,0,0,0,1,0.00,0.00,1,NO_ACCEPTANCE
2023.10.17,1920.02,1932.12,1947.31,1810.31,0,0,0,1,0.00,0.00,1,NO_ACCEPTANCE
2023.10.18,1922.93,1920.02,1947.31,1810.31,0,0,0,1,0.00,0.00,1,NO_ACCEPTANCE
2023.10.19,1947.43,1922.93,1947.31,1810.31,0,0,0,1,0.00,0.00,1,NO_ACCEPTANCE
2023.10.20,1974.20,1947.43,1947.31,1810.31,1,0,1,1,1974.20,1904.96,1,FINAL_SIGNAL_FIRE
2023.10.23,1980.63,1974.20,1962.49,1810.31,1,0,1,0,0.00,0.00,1,RAW_ACCEPT_COOLDOWN_BLOCKED
2023.10.24,1972.62,1980.63,1977.58,1810.31,0,0,0,1,0.00,0.00,1,NO_ACCEPTANCE
2023.10.25,1970.87,1972.62,1997.01,1810.31,0,0,0,1,0.00,0.00,1,NO_ACCEPTANCE
2023.10.26,1979.37,1970.87,1997.01,1810.31,0,0,0,1,0.00,0.00,1,NO_ACCEPTANCE
2023.10.27,1984.77,1979.37,1997.01,1810.31,0,0,0,1,0.00,0.00,1,NO_ACCEPTANCE
2023.10.30,2005.86,1984.77,1997.01,1810.31,0,0,0,1,0.00,0.00,1,NO_ACCEPTANCE
2023.10.31,1996.00,2005.86,1997.01,1810.31,0,0,0,1,0.00,0.00,1,NO_ACCEPTANCE
2023.11.01,1983.83,1996.00,2009.32,1810.31,0,0,0,1,0.00,0.00,1,NO_ACCEPTANCE
2023.11.02,1982.56,1983.83,2009.32,1810.31,0,0,0,1,0.00,0.00,1,NO_ACCEPTANCE
2023.11.03,1985.70,1982.56,2009.32,1810.31,0,0,0,1,0.00,0.00,1,NO_ACCEPTANCE
2023.11.06,1992.40,1985.70,2009.32,1810.31,0,0,0,1,0.00,0.00,1,NO_ACCEPTANCE
2023.11.07,1977.67,1992.40,2009.32,1810.31,0,0,0,1,0.00,0.00,1,NO_ACCEPTANCE
2023.11.08,1968.98,1977.67,2009.32,1844.08,0,0,0,1,0.00,0.00,1,NO_ACCEPTANCE
2023.11.09,1950.06,1968.98,2009.32,1852.87,0,0,0,1,0.00,0.00,1,NO_ACCEPTANCE
2023.11.10,1958.35,1950.06,2009.32,1858.49,0,0,0,1,0.00,0.00,1,NO_ACCEPTANCE
2023.11.13,1938.15,1958.35,2009.32,1867.78,0,0,0,1,0.00,0.00,1,NO_ACCEPTANCE
2023.11.14,1946.03,1938.15,2009.32,1868.86,0,0,0,1,0.00,0.00,1,NO_ACCEPTANCE
2023.11.15,1962.93,1946.03,2009.32,1908.03,0,0,0,1,0.00,0.00,1,NO_ACCEPTANCE
2023.11.16,1959.12,1962.93,2009.32,1912.25,0,0,0,1,0.00,0.00,1,NO_ACCEPTANCE
2023.11.17,1981.11,1959.12,2009.32,1922.78,0,0,0,1,0.00,0.00,1,NO_ACCEPTANCE
2023.11.20,1980.46,1981.11,2009.32,1931.48,0,0,0,1,0.00,0.00,1,NO_ACCEPTANCE
2023.11.21,1977.53,1980.46,2009.32,1931.48,0,0,0,1,0.00,0.00,1,NO_ACCEPTANCE
2023.11.22,1998.20,1977.53,2009.32,1931.48,0,0,0,1,0.00,0.00,1,NO_ACCEPTANCE
2023.11.23,1989.72,1998.20,2009.32,1931.48,0,0,0,1,0.00,0.00,1,NO_ACCEPTANCE
2023.11.24,1992.30,1989.72,2009.32,1931.48,0,0,0,1,0.00,0.00,1,NO_ACCEPTANCE
2023.11.27,2001.65,1992.30,2009.32,1931.48,0,0,0,1,0.00,0.00,1,NO_ACCEPTANCE
2023.11.28,2014.05,2001.65,2009.32,1931.48,0,0,0,1,0.00,0.00,1,NO_ACCEPTANCE
2023.11.29,2041.07,2014.05,2007.84,1931.48,1,0,1,1,2040.76,1923.69,1,FINAL_SIGNAL_FIRE
2023.11.30,2044.07,2041.07,2017.91,1931.48,1,0,1,0,0.00,0.00,1,RAW_ACCEPT_COOLDOWN_BLOCKED
2023.12.01,2035.90,2044.07,2042.86,1931.48,0,0,0,1,0.00,0.00,1,NO_ACCEPTANCE
2023.12.04,2071.53,2035.90,2051.83,1931.48,0,0,0,1,0.00,0.00,1,NO_ACCEPTANCE
2023.12.05,2028.91,2071.53,2051.83,1931.48,0,0,0,1,0.00,0.00,1,NO_ACCEPTANCE
2023.12.06,2019.18,2028.91,2075.21,1931.48,0,0,0,1,0.00,0.00,1,NO_ACCEPTANCE
2023.12.07,2025.20,2019.18,2144.63,1931.48,0,0,0,1,0.00,0.00,1,NO_ACCEPTANCE
2023.12.08,2028.39,2025.20,2144.63,1931.48,0,0,0,1,0.00,0.00,1,NO_ACCEPTANCE
2023.12.11,2004.20,2028.39,2144.63,1931.48,0,0,0,1,0.00,0.00,1,NO_ACCEPTANCE
2023.12.12,1981.64,2004.20,2144.63,1931.48,0,0,0,1,0.00,0.00,1,NO_ACCEPTANCE
2023.12.13,1979.27,1981.64,2144.63,1931.48,0,0,0,1,0.00,0.00,1,NO_ACCEPTANCE
2023.12.14,2027.17,1979.27,2144.63,1943.59,0,0,0,1,0.00,0.00,1,NO_ACCEPTANCE
2023.12.15,2036.23,2027.17,2144.63,1955.28,0,0,0,1,0.00,0.00,1,NO_ACCEPTANCE
2023.12.18,2019.34,2036.23,2144.63,1956.32,0,0,0,1,0.00,0.00,1,NO_ACCEPTANCE
2023.12.19,2027.05,2019.34,2144.63,1965.28,0,0,0,1,0.00,0.00,1,NO_ACCEPTANCE
2023.12.20,2040.03,2027.05,2144.63,1965.28,0,0,0,1,0.00,0.00,1,NO_ACCEPTANCE
2023.12.21,2031.18,2040.03,2144.63,1972.90,0,0,0,1,0.00,0.00,1,NO_ACCEPTANCE
2023.12.22,2045.62,2031.18,2144.63,1972.90,0,0,0,1,0.00,0.00,1,NO_ACCEPTANCE
2023.12.26,2052.94,2045.62,2144.63,1972.90,0,0,0,1,0.00,0.00,1,NO_ACCEPTANCE
2023.12.27,2067.61,2052.94,2144.63,1972.90,0,0,0,1,0.00,0.00,1,NO_ACCEPTANCE
2023.12.28,2077.47,2067.61,2144.63,1972.90,0,0,0,1,0.00,0.00,1,NO_ACCEPTANCE
2023.12.29,2065.24,2077.47,2144.63,1972.90,0,0,0,1,0.00,0.00,1,NO_ACCEPTANCE
2024.01.02,2062.71,2065.24,2144.63,1972.90,0,0,0,1,0.00,0.00,1,NO_ACCEPTANCE
2024.01.03,2058.86,2062.71,2144.63,1972.90,0,0,0,1,0.00,0.00,1,NO_ACCEPTANCE
2024.01.04,2041.29,2058.86,2144.63,1972.90,0,0,0,1,0.00,0.00,1,NO_ACCEPTANCE
2024.01.05,2043.21,2041.29,2144.63,1972.90,0,0,0,1,0.00,0.00,1,NO_ACCEPTANCE
2024.01.08,2045.41,2043.21,2088.31,1972.90,0,0,0,1,0.00,0.00,1,NO_ACCEPTANCE
2024.01.09,2027.86,2045.41,2088.31,1972.90,0,0,0,1,0.00,0.00,1,NO_ACCEPTANCE
2024.01.10,2030.08,2027.86,2088.31,1972.90,0,0,0,1,0.00,0.00,1,NO_ACCEPTANCE
2024.01.11,2024.21,2030.08,2088.31,1972.90,0,0,0,1,0.00,0.00,1,NO_ACCEPTANCE
2024.01.12,2028.51,2024.21,2088.31,1972.90,0,0,0,1,0.00,0.00,1,NO_ACCEPTANCE
2024.01.15,2048.86,2028.51,2088.31,1972.90,0,0,0,1,0.00,0.00,1,NO_ACCEPTANCE
2024.01.16,2053.96,2048.86,2088.31,1972.90,0,0,0,1,0.00,0.00,1,NO_ACCEPTANCE
2024.01.17,2028.13,2053.96,2088.31,2013.18,0,0,0,1,0.00,0.00,1,NO_ACCEPTANCE
2024.01.18,2006.07,2028.13,2088.31,2013.18,0,0,0,1,0.00,0.00,1,NO_ACCEPTANCE
2024.01.19,2022.88,2006.07,2088.31,2013.18,0,0,0,1,0.00,0.00,1,NO_ACCEPTANCE
2024.01.22,2029.37,2022.88,2088.31,2001.70,0,0,0,1,0.00,0.00,1,NO_ACCEPTANCE
2024.01.23,2021.55,2029.37,2088.31,2001.70,0,0,0,1,0.00,0.00,1,NO_ACCEPTANCE
2024.01.24,2029.09,2021.55,2088.31,2001.70,0,0,0,1,0.00,0.00,1,NO_ACCEPTANCE
2024.01.25,2013.45,2029.09,2088.31,2001.70,0,0,0,1,0.00,0.00,1,NO_ACCEPTANCE
2024.01.26,2020.67,2013.45,2088.31,2001.70,0,0,0,1,0.00,0.00,1,NO_ACCEPTANCE
2024.01.29,2018.32,2020.67,2088.31,2001.70,0,0,0,1,0.00,0.00,1,NO_ACCEPTANCE
2024.01.30,2032.68,2018.32,2088.31,2001.70,0,0,0,1,0.00,0.00,1,NO_ACCEPTANCE
2024.01.31,2036.77,2032.68,2078.82,2001.70,0,0,0,1,0.00,0.00,1,NO_ACCEPTANCE
2024.02.01,2039.03,2036.77,2078.82,2001.70,0,0,0,1,0.00,0.00,1,NO_ACCEPTANCE
2024.02.02,2054.78,2039.03,2065.87,2001.70,0,0,0,1,0.00,0.00,1,NO_ACCEPTANCE
2024.02.05,2039.48,2054.78,2063.89,2001.70,0,0,0,1,0.00,0.00,1,NO_ACCEPTANCE
2024.02.06,2024.90,2039.48,2065.28,2001.70,0,0,0,1,0.00,0.00,1,NO_ACCEPTANCE
2024.02.07,2035.73,2024.90,2065.28,2001.70,0,0,0,1,0.00,0.00,1,NO_ACCEPTANCE
2024.02.08,2034.97,2035.73,2065.28,2001.70,0,0,0,1,0.00,0.00,1,NO_ACCEPTANCE
2024.02.09,2034.16,2034.97,2065.28,2001.70,0,0,0,1,0.00,0.00,1,NO_ACCEPTANCE
2024.02.12,2024.10,2034.16,2065.28,2001.70,0,0,0,1,0.00,0.00,1,NO_ACCEPTANCE
2024.02.13,2019.83,2024.10,2065.28,2001.70,0,0,0,1,0.00,0.00,1,NO_ACCEPTANCE
2024.02.14,1992.85,2019.83,2065.28,2001.70,0,0,0,1,0.00,0.00,1,NO_ACCEPTANCE
2024.02.15,1992.04,1992.85,2065.28,2001.70,0,1,-1,1,1991.76,1968.64,0,RAW_ACCEPT_COOLDOWN_PASS_HTF_BLOCKED
2024.02.16,2004.24,1992.04,2065.28,1990.02,0,0,0,1,0.00,0.00,1,NO_ACCEPTANCE
2024.02.19,2013.29,2004.24,2065.28,1984.08,0,0,0,1,0.00,0.00,1,NO_ACCEPTANCE
2024.02.20,2017.97,2013.29,2065.28,1984.08,0,0,0,1,0.00,0.00,1,NO_ACCEPTANCE
2024.02.21,2024.07,2017.97,2065.28,1984.08,0,0,0,1,0.00,0.00,1,NO_ACCEPTANCE
2024.02.22,2025.83,2024.07,2065.28,1984.08,0,0,0,1,0.00,0.00,1,NO_ACCEPTANCE
2024.02.23,2024.24,2025.83,2065.28,1984.08,0,0,0,1,0.00,0.00,1,NO_ACCEPTANCE
2024.02.26,2035.30,2024.24,2065.28,1984.08,0,0,0,1,0.00,0.00,1,NO_ACCEPTANCE
2024.02.27,2030.95,2035.30,2065.28,1984.08,0,0,0,1,0.00,0.00,1,NO_ACCEPTANCE
2024.02.28,2030.12,2030.95,2065.28,1984.08,0,0,0,1,0.00,0.00,1,NO_ACCEPTANCE
2024.02.29,2034.30,2030.12,2065.28,1984.08,0,0,0,1,0.00,0.00,1,NO_ACCEPTANCE
2024.03.01,2043.95,2034.30,2065.28,1984.08,0,0,0,1,0.00,0.00,1,NO_ACCEPTANCE
2024.03.04,2082.85,2043.95,2065.28,1984.08,0,0,0,1,0.00,0.00,1,NO_ACCEPTANCE
2024.03.05,2114.20,2082.85,2057.54,1984.08,1,0,1,1,2114.11,1977.09,1,FINAL_SIGNAL_FIRE
2024.03.06,2127.71,2114.20,2088.16,1984.08,1,0,1,0,0.00,0.00,1,RAW_ACCEPT_COOLDOWN_BLOCKED
2024.03.07,2148.01,2127.71,2119.78,1984.08,1,0,1,0,0.00,0.00,1,RAW_ACCEPT_COOLDOWN_BLOCKED
2024.03.08,2159.78,2148.01,2141.62,1984.08,1,0,1,0,0.00,0.00,1,RAW_ACCEPT_COOLDOWN_BLOCKED
2024.03.11,2178.45,2159.78,2152.08,1984.08,1,0,1,0,0.00,0.00,1,RAW_ACCEPT_COOLDOWN_BLOCKED
2024.03.12,2182.65,2178.45,2164.63,1984.08,1,0,1,0,0.00,0.00,1,RAW_ACCEPT_COOLDOWN_BLOCKED
2024.03.13,2158.17,2182.65,2195.01,1984.08,0,0,0,1,0.00,0.00,1,NO_ACCEPTANCE
2024.03.14,2174.13,2158.17,2195.01,1984.08,0,0,0,1,0.00,0.00,1,NO_ACCEPTANCE
2024.03.15,2162.04,2174.13,2195.01,1984.08,0,0,0,1,0.00,0.00,1,NO_ACCEPTANCE
2024.03.18,2155.94,2162.04,2195.01,1990.15,0,0,0,1,0.00,0.00,1,NO_ACCEPTANCE
2024.03.19,2160.18,2155.94,2195.01,1994.95,0,0,0,1,0.00,0.00,1,NO_ACCEPTANCE
2024.03.20,2157.46,2160.18,2195.01,2010.88,0,0,0,1,0.00,0.00,1,NO_ACCEPTANCE
2024.03.21,2186.08,2157.46,2195.01,2014.86,0,0,0,1,0.00,0.00,1,NO_ACCEPTANCE
2024.03.22,2181.11,2186.08,2195.01,2015.95,0,0,0,1,0.00,0.00,1,NO_ACCEPTANCE
2024.03.25,2165.04,2181.11,2195.01,2015.95,0,0,0,1,0.00,0.00,1,NO_ACCEPTANCE
2024.03.26,2171.51,2165.04,2222.61,2015.95,0,0,0,1,0.00,0.00,1,NO_ACCEPTANCE
2024.03.27,2178.52,2171.51,2222.61,2024.34,0,0,0,1,0.00,0.00,1,NO_ACCEPTANCE
2024.03.28,2194.66,2178.52,2222.61,2024.34,0,0,0,1,0.00,0.00,1,NO_ACCEPTANCE
2024.04.01,2232.67,2194.66,2222.61,2024.34,0,0,0,1,0.00,0.00,1,NO_ACCEPTANCE
2024.04.02,2251.17,2232.67,2222.61,2027.95,1,0,1,1,2250.89,2011.53,1,FINAL_SIGNAL_FIRE
2024.04.03,2280.30,2251.17,2236.08,2038.93,1,0,1,0,0.00,0.00,1,RAW_ACCEPT_COOLDOWN_BLOCKED
2024.04.04,2299.52,2280.30,2265.53,2079.34,1,0,1,0,0.00,0.00,1,RAW_ACCEPT_COOLDOWN_BLOCKED
2024.04.05,2290.73,2299.52,2280.95,2110.33,1,0,1,0,0.00,0.00,1,RAW_ACCEPT_COOLDOWN_BLOCKED
2024.04.08,2329.23,2290.73,2300.98,2123.49,0,0,0,1,0.00,0.00,1,NO_ACCEPTANCE
2024.04.09,2338.70,2329.23,2305.44,2144.09,1,0,1,0,0.00,0.00,1,RAW_ACCEPT_COOLDOWN_BLOCKED
2024.04.10,2352.06,2338.70,2330.31,2145.99,1,0,1,1,2352.04,2029.23,1,FINAL_SIGNAL_FIRE
2024.04.11,2333.42,2352.06,2353.82,2145.99,0,0,0,1,0.00,0.00,1,NO_ACCEPTANCE
2024.04.12,2372.27,2333.42,2365.18,2145.99,0,0,0,1,0.00,0.00,1,NO_ACCEPTANCE
2024.04.15,2343.72,2372.27,2365.18,2145.99,0,0,0,1,0.00,0.00,1,NO_ACCEPTANCE
2024.04.16,2382.95,2343.72,2377.61,2145.99,0,0,0,1,0.00,0.00,1,NO_ACCEPTANCE
2024.04.17,2382.48,2382.95,2431.39,2145.99,0,0,0,1,0.00,0.00,1,NO_ACCEPTANCE
2024.04.18,2361.00,2382.48,2431.39,2145.99,0,0,0,1,0.00,0.00,1,NO_ACCEPTANCE
2024.04.19,2378.60,2361.00,2431.39,2147.01,0,0,0,1,0.00,0.00,1,NO_ACCEPTANCE
2024.04.22,2391.12,2378.60,2431.39,2149.49,0,0,0,1,0.00,0.00,1,NO_ACCEPTANCE
2024.04.23,2327.00,2391.12,2431.39,2157.00,0,0,0,1,0.00,0.00,1,NO_ACCEPTANCE
2024.04.24,2321.98,2327.00,2431.39,2157.00,0,0,0,1,0.00,0.00,1,NO_ACCEPTANCE
2024.04.25,2315.82,2321.98,2431.39,2163.34,0,0,0,1,0.00,0.00,1,NO_ACCEPTANCE
2024.04.26,2332.26,2315.82,2431.39,2167.43,0,0,0,1,0.00,0.00,1,NO_ACCEPTANCE
2024.04.29,2337.52,2332.26,2431.39,2173.16,0,0,0,1,0.00,0.00,1,NO_ACCEPTANCE
2024.04.30,2335.31,2337.52,2431.39,2187.23,0,0,0,1,0.00,0.00,1,NO_ACCEPTANCE
2024.05.01,2285.97,2335.31,2431.39,2228.38,0,0,0,1,0.00,0.00,1,NO_ACCEPTANCE
2024.05.02,2319.17,2285.97,2431.39,2246.55,0,0,0,1,0.00,0.00,1,NO_ACCEPTANCE
2024.05.03,2303.41,2319.17,2431.39,2265.28,0,0,0,1,0.00,0.00,1,NO_ACCEPTANCE
2024.05.06,2301.60,2303.41,2431.39,2267.62,0,0,0,1,0.00,0.00,1,NO_ACCEPTANCE
2024.05.07,2323.77,2301.60,2431.39,2267.62,0,0,0,1,0.00,0.00,1,NO_ACCEPTANCE
2024.05.08,2313.86,2323.77,2431.39,2277.17,0,0,0,1,0.00,0.00,1,NO_ACCEPTANCE
2024.05.09,2308.69,2313.86,2431.39,2277.17,0,0,0,1,0.00,0.00,1,NO_ACCEPTANCE
2024.05.10,2345.85,2308.69,2431.39,2277.17,0,0,0,1,0.00,0.00,1,NO_ACCEPTANCE
2024.05.13,2360.32,2345.85,2431.39,2277.17,0,0,0,1,0.00,0.00,1,NO_ACCEPTANCE
2024.05.14,2336.19,2360.32,2431.39,2277.17,0,0,0,1,0.00,0.00,1,NO_ACCEPTANCE
2024.05.15,2357.80,2336.19,2417.69,2277.17,0,0,0,1,0.00,0.00,1,NO_ACCEPTANCE
2024.05.16,2385.73,2357.80,2417.69,2277.17,0,0,0,1,0.00,0.00,1,NO_ACCEPTANCE
2024.05.17,2376.54,2385.73,2417.69,2277.17,0,0,0,1,0.00,0.00,1,NO_ACCEPTANCE
2024.05.20,2413.75,2376.54,2417.69,2277.17,0,0,0,1,0.00,0.00,1,NO_ACCEPTANCE
2024.05.21,2425.99,2413.75,2417.69,2277.17,0,0,0,1,0.00,0.00,1,NO_ACCEPTANCE
2024.05.22,2420.67,2425.99,2422.55,2277.17,0,0,0,1,0.00,0.00,1,NO_ACCEPTANCE
2024.05.23,2378.46,2420.67,2449.93,2277.17,0,0,0,1,0.00,0.00,1,NO_ACCEPTANCE
2024.05.24,2328.46,2378.46,2449.93,2277.17,0,0,0,1,0.00,0.00,1,NO_ACCEPTANCE
2024.05.27,2333.56,2328.46,2449.93,2277.17,0,0,0,1,0.00,0.00,1,NO_ACCEPTANCE
2024.05.28,2352.26,2333.56,2449.93,2277.17,0,0,0,1,0.00,0.00,1,NO_ACCEPTANCE
2024.05.29,2361.02,2352.26,2449.93,2277.17,0,0,0,1,0.00,0.00,1,NO_ACCEPTANCE
2024.05.30,2337.91,2361.02,2449.93,2277.17,0,0,0,1,0.00,0.00,1,NO_ACCEPTANCE
2024.05.31,2342.83,2337.91,2449.93,2277.17,0,0,0,1,0.00,0.00,1,NO_ACCEPTANCE
2024.06.03,2326.98,2342.83,2449.93,2277.17,0,0,0,1,0.00,0.00,1,NO_ACCEPTANCE
2024.06.04,2350.54,2326.98,2449.93,2277.17,0,0,0,1,0.00,0.00,1,NO_ACCEPTANCE
2024.06.05,2326.71,2350.54,2449.93,2291.65,0,0,0,1,0.00,0.00,1,NO_ACCEPTANCE
2024.06.06,2355.05,2326.71,2449.93,2303.52,0,0,0,1,0.00,0.00,1,NO_ACCEPTANCE
2024.06.07,2375.56,2355.05,2449.93,2303.52,0,0,0,1,0.00,0.00,1,NO_ACCEPTANCE
2024.06.10,2293.64,2375.56,2449.93,2306.53,0,0,0,1,0.00,0.00,1,NO_ACCEPTANCE
2024.06.11,2310.76,2293.64,2449.93,2314.63,0,1,-1,1,2312.27,2142.33,0,RAW_ACCEPT_COOLDOWN_PASS_HTF_BLOCKED
2024.06.12,2316.72,2310.76,2449.93,2286.60,0,0,0,1,0.00,0.00,1,NO_ACCEPTANCE
2024.06.13,2324.72,2316.72,2449.93,2286.60,0,0,0,1,0.00,0.00,1,NO_ACCEPTANCE
2024.06.14,2303.79,2324.72,2449.93,2286.60,0,0,0,1,0.00,0.00,1,NO_ACCEPTANCE
2024.06.17,2332.57,2303.79,2449.93,2286.60,0,0,0,1,0.00,0.00,1,NO_ACCEPTANCE
2024.06.18,2318.99,2332.57,2449.93,2286.60,0,0,0,1,0.00,0.00,1,NO_ACCEPTANCE
2024.06.19,2329.20,2318.99,2449.93,2286.60,0,0,0,1,0.00,0.00,1,NO_ACCEPTANCE
2024.06.20,2328.31,2329.20,2433.84,2286.60,0,0,0,1,0.00,0.00,1,NO_ACCEPTANCE
2024.06.21,2359.87,2328.31,2426.44,2286.60,0,0,0,1,0.00,0.00,1,NO_ACCEPTANCE
2024.06.24,2321.17,2359.87,2387.59,2286.60,0,0,0,1,0.00,0.00,1,NO_ACCEPTANCE
2024.06.25,2334.08,2321.17,2387.59,2286.60,0,0,0,1,0.00,0.00,1,NO_ACCEPTANCE
2024.06.26,2319.36,2334.08,2387.59,2286.60,0,0,0,1,0.00,0.00,1,NO_ACCEPTANCE
2024.06.27,2298.02,2319.36,2387.59,2286.60,0,0,0,1,0.00,0.00,1,NO_ACCEPTANCE
2024.06.28,2327.45,2298.02,2387.59,2286.60,0,0,0,1,0.00,0.00,1,NO_ACCEPTANCE
2024.07.01,2326.37,2327.45,2387.59,2286.60,0,0,0,1,0.00,0.00,1,NO_ACCEPTANCE
2024.07.02,2331.58,2326.37,2387.59,2286.60,0,0,0,1,0.00,0.00,1,NO_ACCEPTANCE
2024.07.03,2329.18,2331.58,2387.59,2286.60,0,0,0,1,0.00,0.00,1,NO_ACCEPTANCE
2024.07.04,2355.82,2329.18,2387.59,2286.60,0,0,0,1,0.00,0.00,1,NO_ACCEPTANCE
2024.07.05,2356.32,2355.82,2387.59,2286.60,0,0,0,1,0.00,0.00,1,NO_ACCEPTANCE
2024.07.08,2391.18,2356.32,2387.59,2286.60,0,0,0,1,0.00,0.00,1,NO_ACCEPTANCE
2024.07.09,2359.01,2391.18,2387.59,2286.60,0,0,0,1,0.00,0.00,1,NO_ACCEPTANCE
2024.07.10,2363.56,2359.01,2392.83,2287.63,0,0,0,1,0.00,0.00,1,NO_ACCEPTANCE
2024.07.11,2371.12,2363.56,2392.83,2293.48,0,0,0,1,0.00,0.00,1,NO_ACCEPTANCE
2024.07.12,2415.20,2371.12,2392.83,2293.48,0,0,0,1,0.00,0.00,1,NO_ACCEPTANCE
2024.07.15,2411.22,2415.20,2392.83,2293.48,1,0,1,1,2411.82,2185.43,1,FINAL_SIGNAL_FIRE
2024.07.16,2422.07,2411.22,2424.39,2293.48,0,0,0,1,0.00,0.00,1,NO_ACCEPTANCE
2024.07.17,2468.57,2422.07,2424.39,2293.48,0,0,0,1,0.00,0.00,1,NO_ACCEPTANCE
2024.07.18,2458.46,2468.57,2439.56,2293.48,1,0,1,0,0.00,0.00,1,RAW_ACCEPT_COOLDOWN_BLOCKED
2024.07.19,2445.02,2458.46,2469.55,2293.48,0,0,0,1,0.00,0.00,1,NO_ACCEPTANCE
2024.07.22,2400.19,2445.02,2483.53,2293.48,0,0,0,1,0.00,0.00,1,NO_ACCEPTANCE
2024.07.23,2396.25,2400.19,2483.53,2293.48,0,0,0,1,0.00,0.00,1,NO_ACCEPTANCE
2024.07.24,2409.34,2396.25,2483.53,2293.48,0,0,0,1,0.00,0.00,1,NO_ACCEPTANCE
2024.07.25,2397.04,2409.34,2483.53,2293.48,0,0,0,1,0.00,0.00,1,NO_ACCEPTANCE
2024.07.26,2364.35,2397.04,2483.53,2293.48,0,0,0,1,0.00,0.00,1,NO_ACCEPTANCE
2024.07.29,2387.00,2364.35,2483.53,2296.40,0,0,0,1,0.00,0.00,1,NO_ACCEPTANCE
2024.07.30,2383.41,2387.00,2483.53,2318.34,0,0,0,1,0.00,0.00,1,NO_ACCEPTANCE
2024.07.31,2410.62,2383.41,2483.53,2318.34,0,0,0,1,0.00,0.00,1,NO_ACCEPTANCE
2024.08.01,2447.07,2410.62,2483.53,2318.96,0,0,0,1,0.00,0.00,1,NO_ACCEPTANCE
2024.08.02,2446.26,2447.07,2483.53,2326.74,0,0,0,1,0.00,0.00,1,NO_ACCEPTANCE
2024.08.05,2441.52,2446.26,2483.53,2349.27,0,0,0,1,0.00,0.00,1,NO_ACCEPTANCE
2024.08.06,2409.73,2441.52,2483.53,2349.27,0,0,0,1,0.00,0.00,1,NO_ACCEPTANCE
2024.08.07,2389.67,2409.73,2483.53,2349.27,0,0,0,1,0.00,0.00,1,NO_ACCEPTANCE
2024.08.08,2382.81,2389.67,2483.53,2349.27,0,0,0,1,0.00,0.00,1,NO_ACCEPTANCE
2024.08.09,2427.03,2382.81,2483.53,2352.98,0,0,0,1,0.00,0.00,1,NO_ACCEPTANCE
2024.08.12,2430.58,2427.03,2483.53,2352.98,0,0,0,1,0.00,0.00,1,NO_ACCEPTANCE
2024.08.13,2471.81,2430.58,2483.53,2352.98,0,0,0,1,0.00,0.00,1,NO_ACCEPTANCE
2024.08.14,2464.80,2471.81,2483.53,2352.98,0,0,0,1,0.00,0.00,1,NO_ACCEPTANCE
2024.08.15,2447.78,2464.80,2483.53,2352.98,0,0,0,1,0.00,0.00,1,NO_ACCEPTANCE
2024.08.16,2456.39,2447.78,2483.53,2352.98,0,0,0,1,0.00,0.00,1,NO_ACCEPTANCE
2024.08.19,2507.43,2456.39,2479.65,2352.98,0,0,0,1,0.00,0.00,1,NO_ACCEPTANCE
2024.08.20,2504.05,2507.43,2479.65,2352.98,1,0,1,1,2503.39,2241.61,1,FINAL_SIGNAL_FIRE
2024.08.21,2513.86,2504.05,2509.57,2352.98,0,0,0,1,0.00,0.00,1,NO_ACCEPTANCE
2024.08.22,2512.22,2513.86,2509.98,2352.98,1,0,1,0,0.00,0.00,1,RAW_ACCEPT_COOLDOWN_BLOCKED
2024.08.23,2484.52,2512.22,2531.61,2352.98,0,0,0,1,0.00,0.00,1,NO_ACCEPTANCE
2024.08.26,2512.28,2484.52,2531.61,2352.98,0,0,0,1,0.00,0.00,1,NO_ACCEPTANCE
2024.08.27,2517.82,2512.28,2531.61,2355.69,0,0,0,1,0.00,0.00,1,NO_ACCEPTANCE
2024.08.28,2524.57,2517.82,2531.61,2364.15,0,0,0,1,0.00,0.00,1,NO_ACCEPTANCE
2024.08.29,2504.45,2524.57,2531.61,2364.15,0,0,0,1,0.00,0.00,1,NO_ACCEPTANCE
2024.08.30,2521.01,2504.45,2531.61,2364.15,0,0,0,1,0.00,0.00,1,NO_ACCEPTANCE
2024.09.02,2503.12,2521.01,2531.61,2364.15,0,0,0,1,0.00,0.00,1,NO_ACCEPTANCE
2024.09.03,2498.90,2503.12,2531.61,2364.15,0,0,0,1,0.00,0.00,1,NO_ACCEPTANCE
2024.09.04,2492.93,2498.90,2531.61,2364.15,0,0,0,1,0.00,0.00,1,NO_ACCEPTANCE
2024.09.05,2495.46,2492.93,2531.61,2378.86,0,0,0,1,0.00,0.00,1,NO_ACCEPTANCE
2024.09.06,2516.52,2495.46,2531.61,2378.86,0,0,0,1,0.00,0.00,1,NO_ACCEPTANCE
2024.09.09,2497.18,2516.52,2531.61,2380.10,0,0,0,1,0.00,0.00,1,NO_ACCEPTANCE
2024.09.10,2506.25,2497.18,2531.61,2416.77,0,0,0,1,0.00,0.00,1,NO_ACCEPTANCE
2024.09.11,2516.51,2506.25,2531.61,2423.67,0,0,0,1,0.00,0.00,1,NO_ACCEPTANCE
2024.09.12,2511.28,2516.51,2531.61,2432.03,0,0,0,1,0.00,0.00,1,NO_ACCEPTANCE
2024.09.13,2558.52,2511.28,2531.61,2432.03,0,0,0,1,0.00,0.00,1,NO_ACCEPTANCE
2024.09.16,2578.91,2558.52,2531.61,2432.03,1,0,1,1,2578.64,2288.84,1,FINAL_SIGNAL_FIRE
2024.09.17,2582.24,2578.91,2559.95,2450.63,1,0,1,0,0.00,0.00,1,RAW_ACCEPT_COOLDOWN_BLOCKED
2024.09.18,2569.33,2582.24,2585.94,2470.72,0,0,0,1,0.00,0.00,1,NO_ACCEPTANCE
2024.09.19,2558.98,2569.33,2589.51,2470.72,0,0,0,1,0.00,0.00,1,NO_ACCEPTANCE
2024.09.20,2586.64,2558.98,2589.51,2470.72,0,0,0,1,0.00,0.00,1,NO_ACCEPTANCE
2024.09.23,2622.04,2586.64,2600.01,2470.72,0,0,0,1,0.00,0.00,1,NO_ACCEPTANCE
2024.09.24,2628.26,2622.04,2600.01,2471.76,1,0,1,1,2627.48,2306.47,1,FINAL_SIGNAL_FIRE
2024.09.25,2656.98,2628.26,2625.60,2471.76,1,0,1,0,0.00,0.00,1,RAW_ACCEPT_COOLDOWN_BLOCKED
2024.09.26,2656.84,2656.98,2634.75,2471.76,1,0,1,0,0.00,0.00,1,RAW_ACCEPT_COOLDOWN_BLOCKED
2024.09.27,2672.18,2656.84,2664.24,2471.76,0,0,0,1,0.00,0.00,1,NO_ACCEPTANCE
2024.09.30,2657.99,2672.18,2670.42,2471.76,0,0,0,1,0.00,0.00,1,NO_ACCEPTANCE
2024.10.01,2634.37,2657.99,2685.43,2471.76,0,0,0,1,0.00,0.00,1,NO_ACCEPTANCE
2024.10.02,2663.29,2634.37,2685.43,2471.76,0,0,0,1,0.00,0.00,1,NO_ACCEPTANCE
2024.10.03,2658.50,2663.29,2685.43,2471.76,0,0,0,1,0.00,0.00,1,NO_ACCEPTANCE
2024.10.04,2655.92,2658.50,2685.43,2471.76,0,0,0,1,0.00,0.00,1,NO_ACCEPTANCE
2024.10.07,2653.41,2655.92,2685.43,2484.95,0,0,0,1,0.00,0.00,1,NO_ACCEPTANCE
2024.10.08,2642.56,2653.41,2685.43,2484.95,0,0,0,1,0.00,0.00,1,NO_ACCEPTANCE
2024.10.09,2621.71,2642.56,2685.43,2485.41,0,0,0,1,0.00,0.00,1,NO_ACCEPTANCE
2024.10.10,2607.62,2621.71,2685.43,2499.97,0,0,0,1,0.00,0.00,1,NO_ACCEPTANCE
2024.10.11,2629.96,2607.62,2685.43,2500.79,0,0,0,1,0.00,0.00,1,NO_ACCEPTANCE
2024.10.14,2656.82,2629.96,2685.43,2510.77,0,0,0,1,0.00,0.00,1,NO_ACCEPTANCE
2024.10.15,2648.46,2656.82,2685.43,2546.66,0,0,0,1,0.00,0.00,1,NO_ACCEPTANCE
2024.10.16,2662.57,2648.46,2685.43,2546.66,0,0,0,1,0.00,0.00,1,NO_ACCEPTANCE
2024.10.17,2673.59,2662.57,2685.43,2546.66,0,0,0,1,0.00,0.00,1,NO_ACCEPTANCE
2024.10.18,2692.74,2673.59,2685.43,2546.66,0,0,0,1,0.00,0.00,1,NO_ACCEPTANCE
2024.10.21,2721.34,2692.74,2685.43,2550.95,1,0,1,1,2720.29,2367.05,1,FINAL_SIGNAL_FIRE
2024.10.22,2719.39,2721.34,2696.61,2584.70,1,0,1,0,0.00,0.00,1,RAW_ACCEPT_COOLDOWN_BLOCKED
2024.10.23,2748.89,2719.39,2722.37,2602.24,0,0,0,1,0.00,0.00,1,NO_ACCEPTANCE
2024.10.24,2715.23,2748.89,2740.44,2602.24,0,0,0,1,0.00,0.00,1,NO_ACCEPTANCE
2024.10.25,2735.79,2715.23,2748.90,2602.24,0,0,0,1,0.00,0.00,1,NO_ACCEPTANCE
2024.10.28,2746.84,2735.79,2758.35,2602.24,0,0,0,1,0.00,0.00,1,NO_ACCEPTANCE
2024.10.29,2742.08,2746.84,2758.35,2602.24,0,0,0,1,0.00,0.00,1,NO_ACCEPTANCE
2024.10.30,2774.30,2742.08,2758.35,2602.24,0,0,0,1,0.00,0.00,1,NO_ACCEPTANCE
2024.10.31,2787.22,2774.30,2758.35,2602.24,1,0,1,1,2787.22,2396.24,1,FINAL_SIGNAL_FIRE
2024.11.01,2743.75,2787.22,2774.65,2602.24,0,0,0,1,0.00,0.00,1,NO_ACCEPTANCE
2024.11.04,2736.24,2743.75,2789.95,2602.24,0,0,0,1,0.00,0.00,1,NO_ACCEPTANCE
2024.11.05,2736.47,2736.24,2789.95,2602.24,0,0,0,1,0.00,0.00,1,NO_ACCEPTANCE
2024.11.06,2743.75,2736.47,2789.95,2602.24,0,0,0,1,0.00,0.00,1,NO_ACCEPTANCE
2024.11.07,2658.82,2743.75,2789.95,2602.24,0,0,0,1,0.00,0.00,1,NO_ACCEPTANCE
2024.11.08,2706.39,2658.82,2789.95,2602.24,0,0,0,1,0.00,0.00,1,NO_ACCEPTANCE
2024.11.11,2684.45,2706.39,2789.95,2602.24,0,0,0,1,0.00,0.00,1,NO_ACCEPTANCE
2024.11.12,2619.30,2684.45,2789.95,2627.94,0,0,0,1,0.00,0.00,1,NO_ACCEPTANCE
2024.11.13,2598.00,2619.30,2789.95,2637.98,0,1,-1,1,2598.49,2421.58,0,RAW_ACCEPT_COOLDOWN_PASS_HTF_BLOCKED
2024.11.14,2572.70,2598.00,2789.95,2610.49,0,1,-1,0,0.00,0.00,1,RAW_ACCEPT_COOLDOWN_BLOCKED
2024.11.15,2564.52,2572.70,2789.95,2589.57,0,1,-1,0,0.00,0.00,1,RAW_ACCEPT_COOLDOWN_BLOCKED
2024.11.18,2562.79,2564.52,2789.95,2572.51,0,1,-1,0,0.00,0.00,1,RAW_ACCEPT_COOLDOWN_BLOCKED
2024.11.19,2611.63,2562.79,2789.95,2536.66,0,0,0,1,0.00,0.00,1,NO_ACCEPTANCE
2024.11.20,2632.04,2611.63,2789.95,2536.66,0,0,0,1,0.00,0.00,1,NO_ACCEPTANCE
2024.11.21,2650.02,2632.04,2789.95,2536.66,0,0,0,1,0.00,0.00,1,NO_ACCEPTANCE
2024.11.22,2669.40,2650.02,2789.95,2536.66,0,0,0,1,0.00,0.00,1,NO_ACCEPTANCE
2024.11.25,2715.34,2669.40,2789.95,2536.66,0,0,0,1,0.00,0.00,1,NO_ACCEPTANCE
2024.11.26,2625.38,2715.34,2789.95,2536.66,0,0,0,1,0.00,0.00,1,NO_ACCEPTANCE
2024.11.27,2632.98,2625.38,2789.95,2536.66,0,0,0,1,0.00,0.00,1,NO_ACCEPTANCE
2024.11.28,2635.79,2632.98,2789.95,2536.66,0,0,0,1,0.00,0.00,1,NO_ACCEPTANCE
2024.11.29,2637.28,2635.79,2789.95,2536.66,0,0,0,1,0.00,0.00,1,NO_ACCEPTANCE
2024.12.02,2649.11,2637.28,2789.94,2536.66,0,0,0,1,0.00,0.00,1,NO_ACCEPTANCE
2024.12.03,2638.67,2649.11,2762.14,2536.66,0,0,0,1,0.00,0.00,1,NO_ACCEPTANCE
2024.12.04,2643.52,2638.67,2749.86,2536.66,0,0,0,1,0.00,0.00,1,NO_ACCEPTANCE
2024.12.05,2649.69,2643.52,2749.86,2536.66,0,0,0,1,0.00,0.00,1,NO_ACCEPTANCE
2024.12.06,2631.80,2649.69,2749.56,2536.66,0,0,0,1,0.00,0.00,1,NO_ACCEPTANCE
2024.12.09,2632.70,2631.80,2721.23,2536.66,0,0,0,1,0.00,0.00,1,NO_ACCEPTANCE
2024.12.10,2660.16,2632.70,2721.23,2536.66,0,0,0,1,0.00,0.00,1,NO_ACCEPTANCE
2024.12.11,2693.85,2660.16,2721.23,2536.66,0,0,0,1,0.00,0.00,1,NO_ACCEPTANCE
2024.12.12,2717.87,2693.85,2721.23,2536.66,0,0,0,1,0.00,0.00,1,NO_ACCEPTANCE
2024.12.13,2680.72,2717.87,2721.23,2536.66,0,0,0,1,0.00,0.00,1,NO_ACCEPTANCE
2024.12.16,2648.25,2680.72,2721.23,2536.66,0,0,0,1,0.00,0.00,1,NO_ACCEPTANCE
2024.12.17,2652.48,2648.25,2725.97,2554.36,0,0,0,1,0.00,0.00,1,NO_ACCEPTANCE
2024.12.18,2646.25,2652.48,2725.97,2563.48,0,0,0,1,0.00,0.00,1,NO_ACCEPTANCE
2024.12.19,2585.49,2646.25,2725.97,2605.12,0,0,0,1,0.00,0.00,1,NO_ACCEPTANCE
2024.12.20,2594.23,2585.49,2725.97,2605.12,0,1,-1,1,2594.29,2473.08,0,RAW_ACCEPT_COOLDOWN_PASS_HTF_BLOCKED
2024.12.23,2622.37,2594.23,2725.97,2583.63,0,0,0,1,0.00,0.00,1,NO_ACCEPTANCE
2024.12.24,2612.90,2622.37,2725.97,2582.06,0,0,0,1,0.00,0.00,1,NO_ACCEPTANCE
2024.12.26,2617.43,2612.90,2725.97,2582.06,0,0,0,1,0.00,0.00,1,NO_ACCEPTANCE
2024.12.27,2633.66,2617.43,2725.97,2582.06,0,0,0,1,0.00,0.00,1,NO_ACCEPTANCE
2024.12.30,2621.54,2633.66,2725.97,2582.06,0,0,0,1,0.00,0.00,1,NO_ACCEPTANCE
2024.12.31,2605.58,2621.54,2725.97,2582.06,0,0,0,1,0.00,0.00,1,NO_ACCEPTANCE
2025.01.02,2623.23,2605.58,2725.97,2582.06,0,0,0,1,0.00,0.00,1,NO_ACCEPTANCE
2025.01.03,2657.85,2623.23,2725.97,2582.06,0,0,0,1,0.00,0.00,1,NO_ACCEPTANCE
2025.01.06,2640.17,2657.85,2725.97,2582.06,0,0,0,1,0.00,0.00,1,NO_ACCEPTANCE
2025.01.07,2635.82,2640.17,2725.97,2582.06,0,0,0,1,0.00,0.00,1,NO_ACCEPTANCE
2025.01.08,2648.54,2635.82,2725.97,2582.06,0,0,0,1,0.00,0.00,1,NO_ACCEPTANCE
2025.01.09,2661.42,2648.54,2725.97,2582.06,0,0,0,1,0.00,0.00,1,NO_ACCEPTANCE
2025.01.10,2670.15,2661.42,2725.97,2582.06,0,0,0,1,0.00,0.00,1,NO_ACCEPTANCE
2025.01.13,2689.05,2670.15,2725.97,2582.06,0,0,0,1,0.00,0.00,1,NO_ACCEPTANCE
2025.01.14,2662.88,2689.05,2725.97,2582.06,0,0,0,1,0.00,0.00,1,NO_ACCEPTANCE
2025.01.15,2677.05,2662.88,2725.97,2582.06,0,0,0,1,0.00,0.00,1,NO_ACCEPTANCE
2025.01.16,2696.56,2677.05,2697.90,2582.06,0,0,0,1,0.00,0.00,1,NO_ACCEPTANCE
2025.01.17,2714.44,2696.56,2697.90,2582.06,0,0,0,1,0.00,0.00,1,NO_ACCEPTANCE
2025.01.20,2702.18,2714.44,2697.90,2582.06,1,0,1,1,2701.63,2504.37,1,FINAL_SIGNAL_FIRE
2025.01.21,2708.13,2702.18,2724.54,2582.06,0,0,0,1,0.00,0.00,1,NO_ACCEPTANCE
2025.01.22,2744.81,2708.13,2724.54,2582.06,0,0,0,1,0.00,0.00,1,NO_ACCEPTANCE
2025.01.23,2756.12,2744.81,2724.54,2589.50,1,0,1,0,0.00,0.00,1,RAW_ACCEPT_COOLDOWN_BLOCKED
2025.01.24,2754.55,2756.12,2745.87,2595.97,1,0,1,0,0.00,0.00,1,RAW_ACCEPT_COOLDOWN_BLOCKED
2025.01.27,2770.95,2754.55,2763.24,2595.97,0,0,0,1,0.00,0.00,1,NO_ACCEPTANCE
2025.01.28,2740.87,2770.95,2763.24,2595.97,0,0,0,1,0.00,0.00,1,NO_ACCEPTANCE
2025.01.29,2763.27,2740.87,2785.81,2595.97,0,0,0,1,0.00,0.00,1,NO_ACCEPTANCE
2025.01.30,2759.69,2763.27,2785.81,2595.97,0,0,0,1,0.00,0.00,1,NO_ACCEPTANCE
2025.01.31,2794.48,2759.69,2785.81,2602.48,0,0,0,1,0.00,0.00,1,NO_ACCEPTANCE
2025.02.03,2798.63,2794.48,2785.81,2614.60,1,0,1,1,2803.59,2528.67,1,FINAL_SIGNAL_FIRE
2025.02.04,2814.29,2798.63,2798.40,2614.60,1,0,1,0,0.00,0.00,1,RAW_ACCEPT_COOLDOWN_BLOCKED
2025.02.05,2841.92,2814.29,2817.11,2614.60,0,0,0,1,0.00,0.00,1,NO_ACCEPTANCE
2025.02.06,2867.30,2841.92,2830.62,2632.84,1,0,1,0,0.00,0.00,1,RAW_ACCEPT_COOLDOWN_BLOCKED
2025.02.07,2855.79,2867.30,2845.26,2645.12,1,0,1,0,0.00,0.00,1,RAW_ACCEPT_COOLDOWN_BLOCKED
2025.02.10,2860.91,2855.79,2882.34,2655.35,0,0,0,1,0.00,0.00,1,NO_ACCEPTANCE
2025.02.11,2907.87,2860.91,2882.34,2656.65,0,0,0,1,0.00,0.00,1,NO_ACCEPTANCE
2025.02.12,2897.26,2907.87,2886.66,2656.65,1,0,1,1,2896.47,2551.35,1,FINAL_SIGNAL_FIRE
2025.02.13,2904.18,2897.26,2911.78,2659.72,0,0,0,1,0.00,0.00,1,NO_ACCEPTANCE
2025.02.14,2928.21,2904.18,2942.46,2669.21,0,0,0,1,0.00,0.00,1,NO_ACCEPTANCE
2025.02.17,2882.41,2928.21,2942.46,2689.25,0,0,0,1,0.00,0.00,1,NO_ACCEPTANCE
2025.02.18,2897.81,2882.41,2942.46,2689.25,0,0,0,1,0.00,0.00,1,NO_ACCEPTANCE
2025.02.19,2935.14,2897.81,2942.46,2689.25,0,0,0,1,0.00,0.00,1,NO_ACCEPTANCE
2025.02.20,2933.10,2935.14,2942.46,2702.66,0,0,0,1,0.00,0.00,1,NO_ACCEPTANCE
2025.02.21,2939.09,2933.10,2942.46,2730.29,0,0,0,1,0.00,0.00,1,NO_ACCEPTANCE
2025.02.24,2935.72,2939.09,2946.84,2730.29,0,0,0,1,0.00,0.00,1,NO_ACCEPTANCE
2025.02.25,2952.47,2935.72,2954.80,2730.29,0,0,0,1,0.00,0.00,1,NO_ACCEPTANCE
2025.02.26,2914.75,2952.47,2954.80,2730.29,0,0,0,1,0.00,0.00,1,NO_ACCEPTANCE
2025.02.27,2916.14,2914.75,2956.07,2734.74,0,0,0,1,0.00,0.00,1,NO_ACCEPTANCE
2025.02.28,2876.91,2916.14,2956.07,2744.56,0,0,0,1,0.00,0.00,1,NO_ACCEPTANCE
2025.03.03,2857.82,2876.91,2956.07,2757.62,0,0,0,1,0.00,0.00,1,NO_ACCEPTANCE
2025.03.04,2893.32,2857.82,2956.07,2772.02,0,0,0,1,0.00,0.00,1,NO_ACCEPTANCE
2025.03.05,2917.52,2893.32,2956.07,2772.02,0,0,0,1,0.00,0.00,1,NO_ACCEPTANCE
2025.03.06,2918.89,2917.52,2956.07,2807.10,0,0,0,1,0.00,0.00,1,NO_ACCEPTANCE
2025.03.07,2910.87,2918.89,2956.07,2832.55,0,0,0,1,0.00,0.00,1,NO_ACCEPTANCE
2025.03.10,2911.09,2910.87,2956.07,2832.55,0,0,0,1,0.00,0.00,1,NO_ACCEPTANCE
2025.03.11,2889.15,2911.09,2956.07,2832.55,0,0,0,1,0.00,0.00,1,NO_ACCEPTANCE
2025.03.12,2915.55,2889.15,2956.07,2832.55,0,0,0,1,0.00,0.00,1,NO_ACCEPTANCE
2025.03.13,2933.13,2915.55,2956.07,2832.55,0,0,0,1,0.00,0.00,1,NO_ACCEPTANCE
2025.03.14,2988.50,2933.13,2956.07,2832.55,0,0,0,1,0.00,0.00,1,NO_ACCEPTANCE
2025.03.17,2985.76,2988.50,2956.07,2832.55,1,0,1,1,2983.56,2627.01,1,FINAL_SIGNAL_FIRE
2025.03.18,3000.78,2985.76,2989.08,2832.55,0,0,0,1,0.00,0.00,1,NO_ACCEPTANCE
2025.03.19,3033.74,3000.78,3004.80,2832.55,0,0,0,1,0.00,0.00,1,NO_ACCEPTANCE
2025.03.20,3047.17,3033.74,3004.80,2832.55,1,0,1,0,0.00,0.00,1,RAW_ACCEPT_COOLDOWN_BLOCKED
2025.03.21,3044.30,3047.17,3038.12,2832.55,1,0,1,0,0.00,0.00,1,RAW_ACCEPT_COOLDOWN_BLOCKED
2025.03.24,3023.03,3044.30,3051.80,2832.55,0,0,0,1,0.00,0.00,1,NO_ACCEPTANCE
2025.03.25,3011.95,3023.03,3057.33,2832.55,0,0,0,1,0.00,0.00,1,NO_ACCEPTANCE
2025.03.26,3019.85,3011.95,3057.33,2832.55,0,0,0,1,0.00,0.00,1,NO_ACCEPTANCE
2025.03.27,3018.93,3019.85,3057.33,2832.55,0,0,0,1,0.00,0.00,1,NO_ACCEPTANCE
2025.03.28,3056.67,3018.93,3057.33,2832.55,0,0,0,1,0.00,0.00,1,NO_ACCEPTANCE
2025.03.31,3085.01,3056.67,3057.33,2832.55,0,0,0,1,0.00,0.00,1,NO_ACCEPTANCE
2025.04.01,3123.74,3085.01,3059.54,2832.55,1,0,1,1,3122.68,2670.34,1,FINAL_SIGNAL_FIRE
2025.04.02,3113.98,3123.74,3086.70,2854.93,1,0,1,0,0.00,0.00,1,RAW_ACCEPT_COOLDOWN_BLOCKED
2025.04.03,3132.07,3113.98,3127.72,2879.74,0,0,0,1,0.00,0.00,1,NO_ACCEPTANCE
2025.04.04,3114.11,3132.07,3148.82,2879.74,0,0,0,1,0.00,0.00,1,NO_ACCEPTANCE
2025.04.07,3038.45,3114.11,3148.82,2879.74,0,0,0,1,0.00,0.00,1,NO_ACCEPTANCE
2025.04.08,2981.87,3038.45,3167.70,2879.74,0,0,0,1,0.00,0.00,1,NO_ACCEPTANCE
2025.04.09,2981.97,2981.87,3167.70,2879.74,0,0,0,1,0.00,0.00,1,NO_ACCEPTANCE
2025.04.10,3082.81,2981.97,3167.70,2879.74,0,0,0,1,0.00,0.00,1,NO_ACCEPTANCE
2025.04.11,3175.27,3082.81,3167.70,2905.97,0,0,0,1,0.00,0.00,1,NO_ACCEPTANCE
2025.04.14,3237.64,3175.27,3167.70,2932.30,1,0,1,1,3226.87,2706.97,1,FINAL_SIGNAL_FIRE
2025.04.15,3210.34,3237.64,3176.33,2956.16,1,0,1,0,0.00,0.00,1,RAW_ACCEPT_COOLDOWN_BLOCKED
2025.04.16,3229.26,3210.34,3245.23,2956.16,0,0,0,1,0.00,0.00,1,NO_ACCEPTANCE
2025.04.17,3342.90,3229.26,3245.53,2956.16,0,0,0,1,0.00,0.00,1,NO_ACCEPTANCE
2025.04.21,3326.21,3342.90,3245.53,2956.16,1,0,1,0,0.00,0.00,1,RAW_ACCEPT_COOLDOWN_BLOCKED
2025.04.22,3424.19,3326.21,3343.01,2956.16,0,0,0,1,0.00,0.00,1,NO_ACCEPTANCE
2025.04.23,3380.90,3424.19,3357.45,2956.16,1,0,1,1,3350.30,2742.68,1,FINAL_SIGNAL_FIRE
2025.04.24,3288.19,3380.90,3430.45,2956.16,0,0,0,1,0.00,0.00,1,NO_ACCEPTANCE
2025.04.25,3348.50,3288.19,3499.90,2956.16,0,0,0,1,0.00,0.00,1,NO_ACCEPTANCE
2025.04.28,3318.87,3348.50,3499.90,2956.16,0,0,0,1,0.00,0.00,1,NO_ACCEPTANCE
2025.04.29,3343.92,3318.87,3499.90,2956.16,0,0,0,1,0.00,0.00,1,NO_ACCEPTANCE
2025.04.30,3317.01,3343.92,3499.90,2956.16,0,0,0,1,0.00,0.00,1,NO_ACCEPTANCE
2025.05.01,3288.34,3317.01,3499.90,2956.16,0,0,0,1,0.00,0.00,1,NO_ACCEPTANCE
2025.05.02,3237.87,3288.34,3499.90,2956.16,0,0,0,1,0.00,0.00,1,NO_ACCEPTANCE
2025.05.05,3240.84,3237.87,3499.90,2956.16,0,0,0,1,0.00,0.00,1,NO_ACCEPTANCE
2025.05.06,3333.73,3240.84,3499.90,2956.16,0,0,0,1,0.00,0.00,1,NO_ACCEPTANCE
2025.05.07,3430.36,3333.73,3499.90,2956.16,0,0,0,1,0.00,0.00,1,NO_ACCEPTANCE
2025.05.08,3364.33,3430.36,3499.90,2956.16,0,0,0,1,0.00,0.00,1,NO_ACCEPTANCE
2025.05.09,3305.72,3364.33,3499.90,2969.94,0,0,0,1,0.00,0.00,1,NO_ACCEPTANCE
2025.05.12,3326.49,3305.72,3499.90,2969.94,0,0,0,1,0.00,0.00,1,NO_ACCEPTANCE
2025.05.13,3234.80,3326.49,3499.90,3070.98,0,0,0,1,0.00,0.00,1,NO_ACCEPTANCE
2025.05.14,3250.14,3234.80,3499.90,3175.39,0,0,0,1,0.00,0.00,1,NO_ACCEPTANCE
2025.05.15,3177.33,3250.14,3499.90,3193.56,0,0,0,1,0.00,0.00,1,NO_ACCEPTANCE
2025.05.16,3239.76,3177.33,3499.90,3201.76,0,0,0,1,0.00,0.00,1,NO_ACCEPTANCE
2025.05.19,3202.02,3239.76,3499.90,3167.76,0,0,0,1,0.00,0.00,1,NO_ACCEPTANCE
2025.05.20,3230.07,3202.02,3499.90,3120.61,0,0,0,1,0.00,0.00,1,NO_ACCEPTANCE
2025.05.21,3289.74,3230.07,3499.90,3120.61,0,0,0,1,0.00,0.00,1,NO_ACCEPTANCE
2025.05.22,3315.24,3289.74,3499.90,3120.61,0,0,0,1,0.00,0.00,1,NO_ACCEPTANCE
2025.05.23,3294.62,3315.24,3437.76,3120.61,0,0,0,1,0.00,0.00,1,NO_ACCEPTANCE
2025.05.26,3356.12,3294.62,3437.76,3120.61,0,0,0,1,0.00,0.00,1,NO_ACCEPTANCE
2025.05.27,3341.43,3356.12,3437.76,3120.61,0,0,0,1,0.00,0.00,1,NO_ACCEPTANCE
2025.05.28,3300.47,3341.43,3437.76,3120.61,0,0,0,1,0.00,0.00,1,NO_ACCEPTANCE
2025.05.29,3288.24,3300.47,3437.76,3120.61,0,0,0,1,0.00,0.00,1,NO_ACCEPTANCE
2025.05.30,3317.61,3288.24,3437.76,3120.61,0,0,0,1,0.00,0.00,1,NO_ACCEPTANCE
2025.06.02,3289.49,3317.61,3437.76,3120.61,0,0,0,1,0.00,0.00,1,NO_ACCEPTANCE
2025.06.03,3381.49,3289.49,3437.76,3120.61,0,0,0,1,0.00,0.00,1,NO_ACCEPTANCE
2025.06.04,3353.33,3381.49,3437.76,3120.61,0,0,0,1,0.00,0.00,1,NO_ACCEPTANCE
2025.06.05,3372.18,3353.33,3437.76,3120.61,0,0,0,1,0.00,0.00,1,NO_ACCEPTANCE
2025.06.06,3352.65,3372.18,3437.76,3120.61,0,0,0,1,0.00,0.00,1,NO_ACCEPTANCE
2025.06.09,3311.56,3352.65,3414.64,3120.61,0,0,0,1,0.00,0.00,1,NO_ACCEPTANCE
2025.06.10,3325.52,3311.56,3403.23,3120.61,0,0,0,1,0.00,0.00,1,NO_ACCEPTANCE
2025.06.11,3322.42,3325.52,3403.23,3120.61,0,0,0,1,0.00,0.00,1,NO_ACCEPTANCE
2025.06.12,3354.87,3322.42,3403.23,3120.61,0,0,0,1,0.00,0.00,1,NO_ACCEPTANCE
2025.06.13,3386.74,3354.87,3403.23,3120.61,0,0,0,1,0.00,0.00,1,NO_ACCEPTANCE
2025.06.16,3433.37,3386.74,3403.23,3120.61,0,0,0,1,0.00,0.00,1,NO_ACCEPTANCE
2025.06.17,3385.25,3433.37,3403.23,3154.08,0,0,0,1,0.00,0.00,1,NO_ACCEPTANCE
2025.06.18,3388.38,3385.25,3446.70,3204.45,0,0,0,1,0.00,0.00,1,NO_ACCEPTANCE
2025.06.19,3369.20,3388.38,3451.40,3204.45,0,0,0,1,0.00,0.00,1,NO_ACCEPTANCE
2025.06.20,3370.37,3369.20,3451.40,3245.32,0,0,0,1,0.00,0.00,1,NO_ACCEPTANCE
2025.06.23,3368.40,3370.37,3451.40,3245.32,0,0,0,1,0.00,0.00,1,NO_ACCEPTANCE
2025.06.24,3368.98,3368.40,3451.40,3245.32,0,0,0,1,0.00,0.00,1,NO_ACCEPTANCE
2025.06.25,3322.93,3368.98,3451.40,3245.32,0,0,0,1,0.00,0.00,1,NO_ACCEPTANCE
2025.06.26,3332.12,3322.93,3451.40,3245.32,0,0,0,1,0.00,0.00,1,NO_ACCEPTANCE
2025.06.27,3327.66,3332.12,3451.40,3245.32,0,0,0,1,0.00,0.00,1,NO_ACCEPTANCE
2025.06.30,3274.50,3327.66,3451.40,3245.32,0,0,0,1,0.00,0.00,1,NO_ACCEPTANCE
2025.07.01,3302.88,3274.50,3451.40,3271.39,0,0,0,1,0.00,0.00,1,NO_ACCEPTANCE
2025.07.02,3338.87,3302.88,3451.40,3255.84,0,0,0,1,0.00,0.00,1,NO_ACCEPTANCE
2025.07.03,3356.93,3338.87,3451.40,3246.66,0,0,0,1,0.00,0.00,1,NO_ACCEPTANCE
2025.07.04,3325.85,3356.93,3451.40,3246.66,0,0,0,1,0.00,0.00,1,NO_ACCEPTANCE
2025.07.07,3336.77,3325.85,3451.40,3246.66,0,0,0,1,0.00,0.00,1,NO_ACCEPTANCE
2025.07.08,3336.18,3336.77,3451.40,3246.66,0,0,0,1,0.00,0.00,1,NO_ACCEPTANCE
2025.07.09,3301.54,3336.18,3451.40,3246.66,0,0,0,1,0.00,0.00,1,NO_ACCEPTANCE
2025.07.10,3313.49,3301.54,3451.40,3246.66,0,0,0,1,0.00,0.00,1,NO_ACCEPTANCE
2025.07.11,3323.86,3313.49,3451.40,3246.66,0,0,0,1,0.00,0.00,1,NO_ACCEPTANCE
2025.07.14,3354.89,3323.86,3451.40,3246.66,0,0,0,1,0.00,0.00,1,NO_ACCEPTANCE
2025.07.15,3343.30,3354.89,3451.40,3246.66,0,0,0,1,0.00,0.00,1,NO_ACCEPTANCE
2025.07.16,3324.76,3343.30,3451.40,3246.66,0,0,0,1,0.00,0.00,1,NO_ACCEPTANCE
2025.07.17,3347.37,3324.76,3403.11,3246.66,0,0,0,1,0.00,0.00,1,NO_ACCEPTANCE
2025.07.18,3339.03,3347.37,3399.89,3246.66,0,0,0,1,0.00,0.00,1,NO_ACCEPTANCE
2025.07.21,3350.34,3339.03,3396.58,3246.66,0,0,0,1,0.00,0.00,1,NO_ACCEPTANCE
2025.07.22,3396.92,3350.34,3396.58,3246.66,0,0,0,1,0.00,0.00,1,NO_ACCEPTANCE
2025.07.23,3431.58,3396.92,3396.58,3246.66,1,0,1,1,3431.75,3023.35,1,FINAL_SIGNAL_FIRE
2025.07.24,3387.05,3431.58,3401.43,3246.66,0,0,0,1,0.00,0.00,1,NO_ACCEPTANCE
2025.07.25,3368.43,3387.05,3433.36,3246.66,0,0,0,1,0.00,0.00,1,NO_ACCEPTANCE
2025.07.28,3336.63,3368.43,3438.90,3246.66,0,0,0,1,0.00,0.00,1,NO_ACCEPTANCE
2025.07.29,3314.43,3336.63,3438.90,3246.66,0,0,0,1,0.00,0.00,1,NO_ACCEPTANCE
2025.07.30,3326.44,3314.43,3438.90,3246.66,0,0,0,1,0.00,0.00,1,NO_ACCEPTANCE
2025.07.31,3274.88,3326.44,3438.90,3282.56,0,0,0,1,0.00,0.00,1,NO_ACCEPTANCE
2025.08.01,3289.94,3274.88,3438.90,3282.56,0,0,0,1,0.00,0.00,1,NO_ACCEPTANCE
2025.08.04,3362.68,3289.94,3438.90,3267.91,0,0,0,1,0.00,0.00,1,NO_ACCEPTANCE
2025.08.05,3373.52,3362.68,3438.90,3267.91,0,0,0,1,0.00,0.00,1,NO_ACCEPTANCE
2025.08.06,3380.67,3373.52,3438.90,3267.91,0,0,0,1,0.00,0.00,1,NO_ACCEPTANCE
2025.08.07,3369.18,3380.67,3438.90,3267.91,0,0,0,1,0.00,0.00,1,NO_ACCEPTANCE
2025.08.08,3395.24,3369.18,3438.90,3267.91,0,0,0,1,0.00,0.00,1,NO_ACCEPTANCE
2025.08.11,3398.33,3395.24,3438.90,3267.91,0,0,0,1,0.00,0.00,1,NO_ACCEPTANCE
2025.08.12,3342.60,3398.33,3438.90,3267.91,0,0,0,1,0.00,0.00,1,NO_ACCEPTANCE
2025.08.13,3347.97,3342.60,3438.90,3267.91,0,0,0,1,0.00,0.00,1,NO_ACCEPTANCE
2025.08.14,3355.91,3347.97,3438.90,3267.91,0,0,0,1,0.00,0.00,1,NO_ACCEPTANCE
2025.08.15,3335.30,3355.91,3438.90,3267.91,0,0,0,1,0.00,0.00,1,NO_ACCEPTANCE
2025.08.18,3335.19,3335.30,3438.90,3267.91,0,0,0,1,0.00,0.00,1,NO_ACCEPTANCE
2025.08.19,3332.70,3335.19,3438.90,3267.91,0,0,0,1,0.00,0.00,1,NO_ACCEPTANCE
2025.08.20,3315.50,3332.70,3438.90,3267.91,0,0,0,1,0.00,0.00,1,NO_ACCEPTANCE
2025.08.21,3348.28,3315.50,3438.90,3267.91,0,0,0,1,0.00,0.00,1,NO_ACCEPTANCE
2025.08.22,3338.46,3348.28,3438.90,3267.91,0,0,0,1,0.00,0.00,1,NO_ACCEPTANCE
2025.08.25,3372.20,3338.46,3408.48,3267.91,0,0,0,1,0.00,0.00,1,NO_ACCEPTANCE
2025.08.26,3365.56,3372.20,3408.48,3267.91,0,0,0,1,0.00,0.00,1,NO_ACCEPTANCE
2025.08.27,3393.48,3365.56,3408.48,3267.91,0,0,0,1,0.00,0.00,1,NO_ACCEPTANCE
2025.08.28,3397.32,3393.48,3408.48,3267.91,0,0,0,1,0.00,0.00,1,NO_ACCEPTANCE
2025.08.29,3416.80,3397.32,3408.48,3267.91,0,0,0,1,0.00,0.00,1,NO_ACCEPTANCE
2025.09.01,3448.42,3416.80,3408.48,3273.27,1,0,1,1,3448.01,3105.39,1,FINAL_SIGNAL_FIRE
2025.09.02,3476.77,3448.42,3422.95,3281.51,1,0,1,0,0.00,0.00,1,RAW_ACCEPT_COOLDOWN_BLOCKED
2025.09.03,3533.41,3476.77,3453.83,3311.35,1,0,1,0,0.00,0.00,1,RAW_ACCEPT_COOLDOWN_BLOCKED
2025.09.04,3558.95,3533.41,3489.68,3311.35,1,0,1,0,0.00,0.00,1,RAW_ACCEPT_COOLDOWN_BLOCKED
2025.09.05,3545.70,3558.95,3539.90,3311.35,1,0,1,0,0.00,0.00,1,RAW_ACCEPT_COOLDOWN_BLOCKED
2025.09.08,3586.51,3545.70,3578.29,3311.35,0,0,0,1,0.00,0.00,1,NO_ACCEPTANCE
2025.09.09,3635.70,3586.51,3578.29,3311.35,1,0,1,1,3635.98,3131.69,1,FINAL_SIGNAL_FIRE
2025.09.10,3626.19,3635.70,3599.95,3311.35,1,0,1,0,0.00,0.00,1,RAW_ACCEPT_COOLDOWN_BLOCKED
2025.09.11,3640.43,3626.19,3646.26,3311.35,0,0,0,1,0.00,0.00,1,NO_ACCEPTANCE
2025.09.12,3633.77,3640.43,3674.51,3311.35,0,0,0,1,0.00,0.00,1,NO_ACCEPTANCE
2025.09.15,3643.44,3633.77,3674.51,3311.35,0,0,0,1,0.00,0.00,1,NO_ACCEPTANCE
2025.09.16,3678.68,3643.44,3674.51,3311.35,0,0,0,1,0.00,0.00,1,NO_ACCEPTANCE
2025.09.17,3689.59,3678.68,3674.51,3311.35,1,0,1,1,3689.52,3162.01,1,FINAL_SIGNAL_FIRE
2025.09.18,3659.82,3689.59,3685.40,3311.35,0,0,0,1,0.00,0.00,1,NO_ACCEPTANCE
2025.09.19,3644.23,3659.82,3702.86,3311.35,0,0,0,1,0.00,0.00,1,NO_ACCEPTANCE
2025.09.22,3685.10,3644.23,3707.32,3321.33,0,0,0,1,0.00,0.00,1,NO_ACCEPTANCE
2025.09.23,3746.70,3685.10,3707.32,3321.33,0,0,0,1,0.00,0.00,1,NO_ACCEPTANCE
2025.09.24,3763.96,3746.70,3707.32,3351.19,1,0,1,0,0.00,0.00,1,RAW_ACCEPT_COOLDOWN_BLOCKED
2025.09.25,3735.95,3763.96,3748.64,3351.19,0,0,0,1,0.00,0.00,1,NO_ACCEPTANCE
2025.09.26,3749.21,3735.95,3790.98,3373.59,0,0,0,1,0.00,0.00,1,NO_ACCEPTANCE
2025.09.29,3760.85,3749.21,3790.98,3384.47,0,0,0,1,0.00,0.00,1,NO_ACCEPTANCE
2025.09.30,3833.74,3760.85,3790.98,3404.22,0,0,0,1,0.00,0.00,1,NO_ACCEPTANCE
2025.10.01,3858.27,3833.74,3790.98,3436.70,1,0,1,1,3859.40,3217.54,1,FINAL_SIGNAL_FIRE
2025.10.02,3865.47,3858.27,3834.07,3470.09,1,0,1,0,0.00,0.00,1,RAW_ACCEPT_COOLDOWN_BLOCKED
2025.10.03,3856.38,3865.47,3871.64,3510.52,0,0,0,1,0.00,0.00,1,NO_ACCEPTANCE
2025.10.06,3886.78,3856.38,3895.23,3510.52,0,0,0,1,0.00,0.00,1,NO_ACCEPTANCE
2025.10.07,3960.85,3886.78,3896.70,3539.94,0,0,0,1,0.00,0.00,1,NO_ACCEPTANCE
2025.10.08,3984.35,3960.85,3896.70,3577.45,1,0,1,0,0.00,0.00,1,RAW_ACCEPT_COOLDOWN_BLOCKED
2025.10.09,4041.45,3984.35,3969.98,3612.64,1,0,1,1,4042.62,3259.24,1,FINAL_SIGNAL_FIRE
2025.10.10,3976.05,4041.45,3990.90,3612.64,0,0,0,1,0.00,0.00,1,NO_ACCEPTANCE
2025.10.13,4010.28,3976.05,4059.08,3612.64,0,0,0,1,0.00,0.00,1,NO_ACCEPTANCE
2025.10.14,4110.49,4010.28,4059.08,3626.52,0,0,0,1,0.00,0.00,1,NO_ACCEPTANCE
2025.10.15,4141.93,4110.49,4059.08,3626.52,1,0,1,0,0.00,0.00,1,RAW_ACCEPT_COOLDOWN_BLOCKED
2025.10.16,4208.12,4141.93,4116.97,3627.79,1,0,1,0,0.00,0.00,1,RAW_ACCEPT_COOLDOWN_BLOCKED
2025.10.17,4325.93,4208.12,4179.61,3627.79,1,0,1,1,4332.74,3310.00,1,FINAL_SIGNAL_FIRE
2025.10.20,4250.44,4325.93,4218.18,3627.79,1,0,1,0,0.00,0.00,1,RAW_ACCEPT_COOLDOWN_BLOCKED
2025.10.21,4356.31,4250.44,4330.56,3632.23,0,0,0,1,0.00,0.00,1,NO_ACCEPTANCE
2025.10.22,4125.03,4356.31,4379.96,3683.53,0,0,0,1,0.00,0.00,1,NO_ACCEPTANCE
2025.10.23,4098.37,4125.03,4381.35,3717.39,0,0,0,1,0.00,0.00,1,NO_ACCEPTANCE
2025.10.24,4125.81,4098.37,4381.35,3717.39,0,0,0,1,0.00,0.00,1,NO_ACCEPTANCE
2025.10.27,4112.99,4125.81,4381.35,3722.03,0,0,0,1,0.00,0.00,1,NO_ACCEPTANCE
2025.10.28,3981.42,4112.99,4381.35,3734.30,0,0,0,1,0.00,0.00,1,NO_ACCEPTANCE
2025.10.29,3952.63,3981.42,4381.35,3756.12,0,0,0,1,0.00,0.00,1,NO_ACCEPTANCE
2025.10.30,3930.26,3952.63,4381.35,3793.00,0,0,0,1,0.00,0.00,1,NO_ACCEPTANCE
2025.10.31,4024.20,3930.26,4381.35,3819.20,0,0,0,1,0.00,0.00,1,NO_ACCEPTANCE
2025.11.03,4001.50,4024.20,4381.35,3819.20,0,0,0,1,0.00,0.00,1,NO_ACCEPTANCE
2025.11.04,4001.21,4001.50,4381.35,3837.93,0,0,0,1,0.00,0.00,1,NO_ACCEPTANCE
2025.11.05,3931.84,4001.21,4381.35,3883.96,0,0,0,1,0.00,0.00,1,NO_ACCEPTANCE
2025.11.06,3978.95,3931.84,4381.35,3886.29,0,0,0,1,0.00,0.00,1,NO_ACCEPTANCE
2025.11.07,3976.98,3978.95,4381.35,3886.29,0,0,0,1,0.00,0.00,1,NO_ACCEPTANCE
2025.11.10,4001.22,3976.98,4381.35,3886.29,0,0,0,1,0.00,0.00,1,NO_ACCEPTANCE
2025.11.11,4115.75,4001.22,4381.35,3886.29,0,0,0,1,0.00,0.00,1,NO_ACCEPTANCE
2025.11.12,4126.60,4115.75,4381.35,3886.29,0,0,0,1,0.00,0.00,1,NO_ACCEPTANCE
2025.11.13,4195.47,4126.60,4381.35,3886.29,0,0,0,1,0.00,0.00,1,NO_ACCEPTANCE
2025.11.14,4171.30,4195.47,4381.35,3886.29,0,0,0,1,0.00,0.00,1,NO_ACCEPTANCE
2025.11.17,4084.77,4171.30,4381.35,3886.29,0,0,0,1,0.00,0.00,1,NO_ACCEPTANCE
2025.11.18,4045.49,4084.77,4381.35,3886.29,0,0,0,1,0.00,0.00,1,NO_ACCEPTANCE
2025.11.19,4067.36,4045.49,4381.35,3886.29,0,0,0,1,0.00,0.00,1,NO_ACCEPTANCE
2025.11.20,4077.72,4067.36,4375.21,3886.29,0,0,0,1,0.00,0.00,1,NO_ACCEPTANCE
2025.11.21,4077.14,4077.72,4245.04,3886.29,0,0,0,1,0.00,0.00,1,NO_ACCEPTANCE
2025.11.24,4065.80,4077.14,4245.04,3886.29,0,0,0,1,0.00,0.00,1,NO_ACCEPTANCE
2025.11.25,4134.55,4065.80,4245.04,3886.29,0,0,0,1,0.00,0.00,1,NO_ACCEPTANCE
2025.11.26,4130.54,4134.55,4245.04,3886.29,0,0,0,1,0.00,0.00,1,NO_ACCEPTANCE
2025.11.27,4163.72,4130.54,4245.04,3886.29,0,0,0,1,0.00,0.00,1,NO_ACCEPTANCE
2025.11.28,4157.76,4163.72,4245.04,3915.33,0,0,0,1,0.00,0.00,1,NO_ACCEPTANCE
2025.12.01,4219.97,4157.76,4245.04,3915.33,0,0,0,1,0.00,0.00,1,NO_ACCEPTANCE
2025.12.02,4232.10,4219.97,4245.04,3928.64,0,0,0,1,0.00,0.00,1,NO_ACCEPTANCE
2025.12.03,4205.50,4232.10,4245.04,3928.64,0,0,0,1,0.00,0.00,1,NO_ACCEPTANCE
2025.12.04,4203.05,4205.50,4264.36,3928.64,0,0,0,1,0.00,0.00,1,NO_ACCEPTANCE
2025.12.05,4208.68,4203.05,4264.36,3929.58,0,0,0,1,0.00,0.00,1,NO_ACCEPTANCE
2025.12.08,4198.57,4208.68,4264.36,3964.41,0,0,0,1,0.00,0.00,1,NO_ACCEPTANCE
2025.12.09,4190.46,4198.57,4264.36,3974.53,0,0,0,1,0.00,0.00,1,NO_ACCEPTANCE
2025.12.10,4208.12,4190.46,4264.36,3997.76,0,0,0,1,0.00,0.00,1,NO_ACCEPTANCE
2025.12.11,4228.50,4208.12,4264.36,3997.76,0,0,0,1,0.00,0.00,1,NO_ACCEPTANCE
2025.12.12,4279.48,4228.50,4264.36,3997.76,0,0,0,1,0.00,0.00,1,NO_ACCEPTANCE
2025.12.15,4300.81,4279.48,4264.36,3997.76,1,0,1,1,4300.59,3584.73,1,FINAL_SIGNAL_FIRE
2025.12.16,4304.90,4300.81,4285.77,3997.76,1,0,1,0,0.00,0.00,1,RAW_ACCEPT_COOLDOWN_BLOCKED
2025.12.17,4302.14,4304.90,4353.30,3997.76,0,0,0,1,0.00,0.00,1,NO_ACCEPTANCE
2025.12.18,4338.08,4302.14,4353.30,3997.76,0,0,0,1,0.00,0.00,1,NO_ACCEPTANCE
2025.12.19,4332.58,4338.08,4353.30,4022.17,0,0,0,1,0.00,0.00,1,NO_ACCEPTANCE
2025.12.22,4339.22,4332.58,4353.30,4022.17,0,0,0,1,0.00,0.00,1,NO_ACCEPTANCE
2025.12.23,4443.65,4339.22,4374.44,4022.17,0,0,0,1,0.00,0.00,1,NO_ACCEPTANCE
2025.12.24,4484.62,4443.65,4374.44,4039.89,1,0,1,1,4487.01,3637.47,1,FINAL_SIGNAL_FIRE
2025.12.26,4480.50,4484.62,4448.84,4109.44,1,0,1,0,0.00,0.00,1,RAW_ACCEPT_COOLDOWN_BLOCKED
2025.12.29,4532.33,4480.50,4499.67,4129.70,0,0,0,1,0.00,0.00,1,NO_ACCEPTANCE
2025.12.30,4331.68,4532.33,4525.75,4142.59,0,0,0,1,0.00,0.00,1,NO_ACCEPTANCE
2025.12.31,4338.48,4331.68,4549.94,4152.02,0,0,0,1,0.00,0.00,1,NO_ACCEPTANCE
2026.01.02,4321.74,4338.48,4549.94,4163.81,0,0,0,1,0.00,0.00,1,NO_ACCEPTANCE
2026.01.05,4331.54,4321.74,4549.94,4163.81,0,0,0,1,0.00,0.00,1,NO_ACCEPTANCE
2026.01.06,4448.87,4331.54,4549.94,4169.86,0,0,0,1,0.00,0.00,1,NO_ACCEPTANCE
2026.01.07,4494.64,4448.87,4549.94,4169.86,0,0,0,1,0.00,0.00,1,NO_ACCEPTANCE
2026.01.08,4456.35,4494.64,4549.94,4169.86,0,0,0,1,0.00,0.00,1,NO_ACCEPTANCE
2026.01.09,4477.26,4456.35,4549.94,4169.86,0,0,0,1,0.00,0.00,1,NO_ACCEPTANCE
2026.01.12,4509.06,4477.26,4549.94,4169.86,0,0,0,1,0.00,0.00,1,NO_ACCEPTANCE
2026.01.13,4597.37,4509.06,4549.94,4181.87,0,0,0,1,0.00,0.00,1,NO_ACCEPTANCE
2026.01.14,4586.33,4597.37,4549.94,4204.14,1,0,1,1,4588.31,3737.29,1,FINAL_SIGNAL_FIRE
2026.01.15,4626.44,4586.33,4629.99,4257.00,0,0,0,1,0.00,0.00,1,NO_ACCEPTANCE
2026.01.16,4615.78,4626.44,4634.41,4271.14,0,0,0,1,0.00,0.00,1,NO_ACCEPTANCE
2026.01.19,4596.51,4615.78,4642.77,4271.14,0,0,0,1,0.00,0.00,1,NO_ACCEPTANCE
2026.01.20,4669.99,4596.51,4642.77,4274.15,0,0,0,1,0.00,0.00,1,NO_ACCEPTANCE
2026.01.21,4763.46,4669.99,4642.77,4274.15,1,0,1,0,0.00,0.00,1,RAW_ACCEPT_COOLDOWN_BLOCKED
2026.01.22,4831.16,4763.46,4690.42,4274.15,1,0,1,1,4835.34,3792.49,1,FINAL_SIGNAL_FIRE
2026.01.23,4936.24,4831.16,4766.28,4274.15,1,0,1,0,0.00,0.00,1,RAW_ACCEPT_COOLDOWN_BLOCKED
2026.01.26,4987.96,4936.24,4888.52,4274.15,1,0,1,0,0.00,0.00,1,RAW_ACCEPT_COOLDOWN_BLOCKED
2026.01.27,5008.08,4987.96,4940.51,4274.15,1,0,1,0,0.00,0.00,1,RAW_ACCEPT_COOLDOWN_BLOCKED
2026.01.28,5181.00,5008.08,4989.78,4274.15,1,0,1,0,0.00,0.00,1,RAW_ACCEPT_COOLDOWN_BLOCKED
2026.01.29,5417.68,5181.00,5111.10,4274.15,1,0,1,0,0.00,0.00,1,RAW_ACCEPT_COOLDOWN_BLOCKED
2026.01.30,5370.76,5417.68,5190.36,4274.15,1,0,1,1,5385.13,3871.74,1,FINAL_SIGNAL_FIRE
2026.02.02,4890.34,5370.76,5419.01,4274.15,0,0,0,1,0.00,0.00,1,NO_ACCEPTANCE
2026.02.03,4660.72,4890.34,5597.84,4309.86,0,0,0,1,0.00,0.00,1,NO_ACCEPTANCE
2026.02.04,4946.89,4660.72,5597.84,4344.99,0,0,0,1,0.00,0.00,1,NO_ACCEPTANCE
2026.02.05,4964.75,4946.89,5597.84,4402.99,0,0,0,1,0.00,0.00,1,NO_ACCEPTANCE
2026.02.06,4779.55,4964.75,5597.84,4402.99,0,0,0,1,0.00,0.00,1,NO_ACCEPTANCE
2026.02.09,4967.36,4779.55,5597.84,4402.99,0,0,0,1,0.00,0.00,1,NO_ACCEPTANCE
2026.02.10,5058.41,4967.36,5597.84,4402.99,0,0,0,1,0.00,0.00,1,NO_ACCEPTANCE
2026.02.11,5025.21,5058.41,5597.84,4402.99,0,0,0,1,0.00,0.00,1,NO_ACCEPTANCE
2026.02.12,5084.25,5025.21,5597.84,4402.99,0,0,0,1,0.00,0.00,1,NO_ACCEPTANCE
2026.02.13,4921.49,5084.25,5597.84,4402.99,0,0,0,1,0.00,0.00,1,NO_ACCEPTANCE
2026.02.16,5041.88,4921.49,5597.84,4402.99,0,0,0,1,0.00,0.00,1,NO_ACCEPTANCE
2026.02.17,4991.64,5041.88,5597.84,4402.99,0,0,0,1,0.00,0.00,1,NO_ACCEPTANCE
2026.02.18,4877.12,4991.64,5597.84,4402.99,0,0,0,1,0.00,0.00,1,NO_ACCEPTANCE
2026.02.19,4977.07,4877.12,5597.84,4402.99,0,0,0,1,0.00,0.00,1,NO_ACCEPTANCE
2026.02.20,4995.98,4977.07,5597.84,4402.99,0,0,0,1,0.00,0.00,1,NO_ACCEPTANCE
2026.02.23,5105.25,4995.98,5597.84,4402.99,0,0,0,1,0.00,0.00,1,NO_ACCEPTANCE
2026.02.24,5227.61,5105.25,5597.84,4402.99,0,0,0,1,0.00,0.00,1,NO_ACCEPTANCE
2026.02.25,5143.79,5227.61,5597.84,4402.99,0,0,0,1,0.00,0.00,1,NO_ACCEPTANCE
2026.02.26,5164.65,5143.79,5597.84,4402.99,0,0,0,1,0.00,0.00,1,NO_ACCEPTANCE
2026.02.27,5185.01,5164.65,5597.84,4402.99,0,0,0,1,0.00,0.00,1,NO_ACCEPTANCE
2026.03.02,5278.53,5185.01,5597.84,4402.99,0,0,0,1,0.00,0.00,1,NO_ACCEPTANCE
2026.03.03,5321.73,5278.53,5450.76,4402.99,0,0,0,1,0.00,0.00,1,NO_ACCEPTANCE
2026.03.04,5088.22,5321.73,5280.63,4402.99,0,0,0,1,0.00,0.00,1,NO_ACCEPTANCE
2026.03.05,5141.16,5088.22,5419.09,4654.54,0,0,0,1,0.00,0.00,1,NO_ACCEPTANCE
2026.03.06,5080.82,5141.16,5419.09,4654.54,0,0,0,1,0.00,0.00,1,NO_ACCEPTANCE
2026.03.09,5173.16,5080.82,5419.09,4654.54,0,0,0,1,0.00,0.00,1,NO_ACCEPTANCE
2026.03.10,5136.55,5173.16,5419.09,4654.54,0,0,0,1,0.00,0.00,1,NO_ACCEPTANCE
2026.03.11,5192.67,5136.55,5419.09,4841.63,0,0,0,1,0.00,0.00,1,NO_ACCEPTANCE
2026.03.12,5175.90,5192.67,5419.09,4841.63,0,0,0,1,0.00,0.00,1,NO_ACCEPTANCE
2026.03.13,5078.93,5175.90,5419.09,4841.63,0,0,0,1,0.00,0.00,1,NO_ACCEPTANCE
2026.03.16,5020.22,5078.93,5419.09,4841.63,0,0,0,1,0.00,0.00,1,NO_ACCEPTANCE
2026.03.17,5006.15,5020.22,5419.09,4841.63,0,0,0,1,0.00,0.00,1,NO_ACCEPTANCE
2026.03.18,5005.41,5006.15,5419.09,4841.63,0,0,0,1,0.00,0.00,1,NO_ACCEPTANCE
2026.03.19,4818.68,5005.41,5419.09,4841.63,0,0,0,1,0.00,0.00,1,NO_ACCEPTANCE
2026.03.20,4650.19,4818.68,5419.09,4854.10,0,1,-1,1,4650.89,4215.93,0,RAW_ACCEPT_COOLDOWN_PASS_HTF_BLOCKED
2026.03.23,4497.39,4650.19,5419.09,4806.63,0,1,-1,0,0.00,0.00,1,RAW_ACCEPT_COOLDOWN_BLOCKED
2026.03.24,4406.65,4497.39,5419.09,4502.46,0,1,-1,0,0.00,0.00,1,RAW_ACCEPT_COOLDOWN_BLOCKED
2026.03.25,4474.30,4406.65,5419.09,4477.13,0,1,-1,0,0.00,0.00,1,RAW_ACCEPT_COOLDOWN_BLOCKED
2026.03.26,4506.31,4474.30,5419.09,4098.60,0,0,0,1,0.00,0.00,1,NO_ACCEPTANCE
2026.03.27,4377.98,4506.31,5419.09,4098.60,0,0,0,1,0.00,0.00,1,NO_ACCEPTANCE
2026.03.30,4495.10,4377.98,5419.09,4098.60,0,0,0,1,0.00,0.00,1,NO_ACCEPTANCE
2026.03.31,4510.86,4495.10,5419.09,4098.60,0,0,0,1,0.00,0.00,1,NO_ACCEPTANCE
2026.04.01,4667.10,4510.86,5419.09,4098.60,0,0,0,1,0.00,0.00,1,NO_ACCEPTANCE
2026.04.02,4758.03,4667.10,5379.73,4098.60,0,0,0,1,0.00,0.00,1,NO_ACCEPTANCE
2026.04.06,4675.94,4758.03,5238.41,4098.60,0,0,0,1,0.00,0.00,1,NO_ACCEPTANCE
2026.04.07,4650.31,4675.94,5238.41,4098.60,0,0,0,1,0.00,0.00,1,NO_ACCEPTANCE
2026.04.08,4705.48,4650.31,5238.41,4098.60,0,0,0,1,0.00,0.00,1,NO_ACCEPTANCE
2026.04.09,4719.13,4705.48,5238.41,4098.60,0,0,0,1,0.00,0.00,1,NO_ACCEPTANCE
2026.04.10,4765.48,4719.13,5238.41,4098.60,0,0,0,1,0.00,0.00,1,NO_ACCEPTANCE
2026.04.13,4749.21,4765.48,5222.93,4098.60,0,0,0,1,0.00,0.00,1,NO_ACCEPTANCE
2026.04.14,4740.04,4749.21,5191.57,4098.60,0,0,0,1,0.00,0.00,1,NO_ACCEPTANCE
2026.04.15,4841.53,4740.04,5128.38,4098.60,0,0,0,1,0.00,0.00,1,NO_ACCEPTANCE
2026.04.16,4790.56,4841.53,5044.26,4098.60,0,0,0,1,0.00,0.00,1,NO_ACCEPTANCE
2026.04.17,4790.57,4790.56,5044.26,4098.60,0,0,0,1,0.00,0.00,1,NO_ACCEPTANCE
2026.04.20,4832.26,4790.57,5016.06,4098.60,0,0,0,1,0.00,0.00,1,NO_ACCEPTANCE
2026.04.21,4820.51,4832.26,4871.17,4098.60,0,0,0,1,0.00,0.00,1,NO_ACCEPTANCE
2026.04.22,4719.88,4820.51,4889.24,4098.60,0,0,0,1,0.00,0.00,1,NO_ACCEPTANCE
2026.04.23,4739.96,4719.88,4889.24,4098.60,0,0,0,1,0.00,0.00,1,NO_ACCEPTANCE
2026.04.24,4694.30,4739.96,4889.24,4305.80,0,0,0,1,0.00,0.00,1,NO_ACCEPTANCE
2026.04.27,4708.08,4694.30,4889.24,4350.91,0,0,0,1,0.00,0.00,1,NO_ACCEPTANCE
2026.04.28,4681.67,4708.08,4889.24,4350.91,0,0,0,1,0.00,0.00,1,NO_ACCEPTANCE
2026.04.29,4596.93,4681.67,4889.24,4375.15,0,0,0,1,0.00,0.00,1,NO_ACCEPTANCE
2026.04.30,4543.40,4596.93,4889.24,4419.53,0,0,0,1,0.00,0.00,1,NO_ACCEPTANCE
2026.05.01,4621.61,4543.40,4889.24,4482.57,0,0,0,1,0.00,0.00,1,NO_ACCEPTANCE
2026.05.04,4613.55,4621.61,4889.24,4510.00,0,0,0,1,0.00,0.00,1,NO_ACCEPTANCE
2026.05.05,4523.63,4613.55,4889.24,4510.00,0,0,0,1,0.00,0.00,1,NO_ACCEPTANCE
2026.05.06,4557.35,4523.63,4889.24,4510.00,0,0,0,1,0.00,0.00,1,NO_ACCEPTANCE
2026.05.07,4690.83,4557.35,4889.24,4500.55,0,0,0,1,0.00,0.00,1,NO_ACCEPTANCE
2026.05.08,4687.01,4690.83,4889.24,4500.55,0,0,0,1,0.00,0.00,1,NO_ACCEPTANCE
2026.05.11,4714.91,4687.01,4889.24,4500.55,0,0,0,1,0.00,0.00,1,NO_ACCEPTANCE
2026.05.12,4734.61,4714.91,4889.24,4500.55,0,0,0,1,0.00,0.00,1,NO_ACCEPTANCE
2026.05.13,4715.05,4734.61,4889.24,4500.55,0,0,0,1,0.00,0.00,1,NO_ACCEPTANCE
2026.05.14,4688.65,4715.05,4889.24,4500.55,0,0,0,1,0.00,0.00,1,NO_ACCEPTANCE
2026.05.15,4652.20,4688.65,4889.24,4500.55,0,0,0,1,0.00,0.00,1,NO_ACCEPTANCE
2026.05.18,4539.56,4652.20,4889.24,4500.55,0,0,0,1,0.00,0.00,1,NO_ACCEPTANCE
2026.05.19,4565.97,4539.56,4889.24,4500.55,0,0,0,1,0.00,0.00,1,NO_ACCEPTANCE
2026.05.20,4481.88,4565.97,4833.08,4500.55,0,0,0,1,0.00,0.00,1,NO_ACCEPTANCE
2026.05.21,4543.49,4481.88,4833.08,4480.17,0,0,0,1,0.00,0.00,1,NO_ACCEPTANCE
2026.05.22,4543.00,4543.49,4773.33,4464.39,0,0,0,1,0.00,0.00,1,NO_ACCEPTANCE
2026.05.25,4507.29,4543.00,4773.33,4453.46,0,0,0,1,0.00,0.00,1,NO_ACCEPTANCE
2026.05.26,4567.58,4507.29,4773.33,4453.46,0,0,0,1,0.00,0.00,1,NO_ACCEPTANCE
2026.05.27,4507.29,4567.58,4773.33,4453.46,0,0,0,1,0.00,0.00,1,NO_ACCEPTANCE
2026.05.28,4456.13,4507.29,4773.33,4453.46,0,0,0,1,0.00,0.00,1,NO_ACCEPTANCE
2026.05.29,4495.55,4456.13,4773.33,4453.46,0,0,0,1,0.00,0.00,1,NO_ACCEPTANCE
2026.06.01,4540.42,4495.55,4773.33,4401.14,0,0,0,1,0.00,0.00,1,NO_ACCEPTANCE
2026.06.02,4484.61,4540.42,4773.33,4366.27,0,0,0,1,0.00,0.00,1,NO_ACCEPTANCE
2026.06.03,4487.73,4484.61,4773.33,4366.27,0,0,0,1,0.00,0.00,1,NO_ACCEPTANCE
2026.06.04,4434.18,4487.73,4773.33,4366.27,0,0,0,1,0.00,0.00,1,NO_ACCEPTANCE
2026.06.05,4475.17,4434.18,4773.33,4366.27,0,0,0,1,0.00,0.00,1,NO_ACCEPTANCE
2026.06.08,4328.26,4475.17,4773.33,4366.27,0,0,0,1,0.00,0.00,1,NO_ACCEPTANCE
2026.06.09,4329.76,4328.26,4773.33,4366.27,0,1,-1,1,4332.66,4379.54,1,FINAL_SIGNAL_FIRE
2026.06.10,4259.26,4329.76,4773.33,4311.58,0,0,0,1,0.00,0.00,1,NO_ACCEPTANCE
2026.06.11,4071.08,4259.26,4773.33,4268.45,0,1,-1,0,0.00,0.00,1,RAW_ACCEPT_COOLDOWN_BLOCKED
2026.06.12,4210.52,4071.08,4726.79,4236.51,0,1,-1,0,0.00,0.00,1,RAW_ACCEPT_COOLDOWN_BLOCKED
2026.06.15,4218.74,4210.52,4718.61,4067.02,0,0,0,1,0.00,0.00,1,NO_ACCEPTANCE
2026.06.16,4308.92,4218.74,4665.11,4023.73,0,0,0,1,0.00,0.00,1,NO_ACCEPTANCE
2026.06.17,4330.97,4308.92,4595.04,4023.73,0,0,0,1,0.00,0.00,1,NO_ACCEPTANCE
2026.06.18,4257.56,4330.97,4595.04,4023.73,0,0,0,1,0.00,0.00,1,NO_ACCEPTANCE
2026.06.19,4208.84,4257.56,4595.04,4023.73,0,0,0,1,0.00,0.00,1,NO_ACCEPTANCE
2026.06.22,4151.32,4208.84,4595.04,4023.73,0,0,0,1,0.00,0.00,1,NO_ACCEPTANCE
2026.06.23,4191.16,4151.32,4595.04,4023.73,0,0,0,1,0.00,0.00,1,NO_ACCEPTANCE
2026.06.24,4109.90,4191.16,4595.04,4023.73,0,0,0,1,0.00,0.00,1,NO_ACCEPTANCE
2026.06.25,3998.99,4109.90,4595.04,4023.73,0,0,0,1,0.00,0.00,1,NO_ACCEPTANCE
2026.06.26,4026.47,3998.99,4595.04,4023.73,0,0,0,1,0.00,0.00,1,NO_ACCEPTANCE
2026.06.29,4088.36,4026.47,4595.04,3959.02,0,0,0,1,0.00,0.00,1,NO_ACCEPTANCE
2026.06.30,4016.39,4088.36,4595.04,3959.02,0,0,0,1,0.00,0.00,1,NO_ACCEPTANCE
2026.07.01,4007.30,4016.39,4545.69,3959.02,0,0,0,1,0.00,0.00,1,NO_ACCEPTANCE
2026.07.02,4030.90,4007.30,4541.29,3959.02,0,0,0,1,0.00,0.00,1,NO_ACCEPTANCE
2026.07.03,4123.65,4030.90,4515.20,3942.15,0,0,0,1,0.00,0.00,1,NO_ACCEPTANCE
2026.07.06,4174.95,4123.65,4515.20,3942.15,0,0,0,1,0.00,0.00,1,NO_ACCEPTANCE
2026.07.07,4164.88,4174.95,4481.39,3942.15,0,0,0,1,0.00,0.00,1,NO_ACCEPTANCE
2026.07.08,4105.73,4164.88,4382.08,3942.15,0,0,0,1,0.00,0.00,1,NO_ACCEPTANCE
2026.07.09,4077.27,4105.73,4382.08,3942.15,0,0,0,1,0.00,0.00,1,NO_ACCEPTANCE
2026.07.10,4123.45,4077.27,4382.08,3942.15,0,0,0,1,0.00,0.00,1,NO_ACCEPTANCE
2026.07.13,4119.52,4123.45,4382.08,3942.15,0,0,0,1,0.00,0.00,1,NO_ACCEPTANCE
2026.07.14,4000.79,4119.52,4382.08,3942.15,0,0,0,1,0.00,0.00,1,NO_ACCEPTANCE
2026.07.15,4052.58,4000.79,4382.08,3942.15,0,0,0,1,0.00,0.00,1,NO_ACCEPTANCE
2026.07.16,4060.25,4052.58,4382.08,3942.15,0,0,0,1,0.00,0.00,1,NO_ACCEPTANCE
2026.07.17,3976.24,4060.25,4382.08,3942.15,0,0,0,1,0.00,0.00,1,NO_ACCEPTANCE
2026.07.20,4016.98,3976.24,4329.62,3942.15,0,0,0,1,0.00,0.00,1,NO_ACCEPTANCE
2026.07.21,4007.41,4016.98,4220.95,3942.15,0,0,0,1,0.00,0.00,1,NO_ACCEPTANCE
2026.07.22,4077.56,4007.41,4220.95,3942.15,0,0,0,1,0.00,0.00,1,NO_ACCEPTANCE
2026.07.23,4129.75,4077.56,4202.87,3942.15,0,0,0,1,0.00,0.00,1,NO_ACCEPTANCE
2026.07.24,4049.24,4129.75,4202.87,3942.15,0,0,0,1,0.00,0.00,1,NO_ACCEPTANCE
2026.07.27,4052.37,4049.24,4202.87,3942.15,0,0,0,1,0.00,0.00,1,NO_ACCEPTANCE
2026.07.28,4076.43,4052.37,4202.87,3942.15,0,0,0,1,0.00,0.00,1,NO_ACCEPTANCE
2026.07.29,4028.32,4076.43,4202.87,3942.15,0,0,0,1,0.00,0.00,1,NO_ACCEPTANCE
2026.07.30,4066.07,4028.32,4202.87,3942.15,0,0,0,1,0.00,0.00,1,NO_ACCEPTANCE
2026.07.31,4103.53,4066.07,4202.87,3959.38,0,0,0,1,0.00,0.00,1,NO_ACCEPTANCE
2026.08.03,4043.35,4103.53,4202.87,3959.38,0,0,0,1,0.00,0.00,1,NO_ACCEPTANCE
2026.08.04,4055.17,4043.35,4202.87,3959.38,0,0,0,1,0.00,0.00,1,NO_ACCEPTANCE
2026.08.05,4077.09,4055.17,4202.87,3959.38,0,0,0,1,0.00,0.00,1,NO_ACCEPTANCE
2026.08.06,4246.61,4077.09,4180.27,3959.38,0,0,0,1,0.00,0.00,1,NO_ACCEPTANCE
2026.08.07,4240.52,4246.61,4165.87,3959.38,1,0,1,1,4240.99,4283.96,0,RAW_ACCEPT_COOLDOWN_PASS_HTF_BLOCKED
2026.08.10,4341.88,4240.52,4267.43,3959.38,0,0,0,1,0.00,0.00,1,NO_ACCEPTANCE
2026.08.11,4390.20,4341.88,4303.88,3959.38,1,0,1,0,0.00,0.00,1,RAW_ACCEPT_COOLDOWN_BLOCKED
2026.08.12,4368.02,4390.20,4371.63,3959.38,0,0,0,1,0.00,0.00,1,NO_ACCEPTANCE
2026.08.13,4408.33,4368.02,4395.05,3959.38,0,0,0,1,0.00,0.00,1,NO_ACCEPTANCE
2026.08.14,4350.96,4408.33,4434.95,3959.38,0,0,0,1,0.00,0.00,1,NO_ACCEPTANCE
