episode_id,window_id,outcome,side,source_tf,direction,regime_at_event,structure_trend_at_event,consumer,penetration_pips,atr_at_event,penetration_per_atr,age_seconds,age_valid,timestamp
Asia-High_2026.01.02__ep1,w1,INVALIDATED_NO_BREAK,Asia-High,PERIOD_M30,SELL,STRONG_TREND,UP,DETECTOR,89.1,9.39,0.09488817891373802,55800.0,True,2026-01-02 15:30:00
Daily-High_2025.12.31__ep5,w1,INVALIDATED_NO_BREAK,Daily-High,PERIOD_H4,SELL,RANGING,DOWN,DETECTOR,502.3,48.44714,0.1036800108324248,244800.0,True,2026-01-02 20:00:00
Weekly-Low_2025.12.21__ep2,w1,INVALIDATED_NO_BREAK,Weekly-Low,PERIOD_M15,BUY,VOLATILE,UP,DETECTOR,81.3,13.40214,0.06066195398645291,1100700.0,True,2026-01-02 17:45:00
Asia-High_2026.01.05__ep1,w1,INVALIDATED_NO_BREAK,Asia-High,PERIOD_D1,SELL,STRONG_TREND,UP,DETECTOR,516.8,88.02,0.058713928652578955,0.0,True,2026-01-05 00:00:00
Asia-High_2026.01.05__ep4,w1,INVALIDATED_NO_BREAK,Asia-High,PERIOD_H4,SELL,RANGING,UP,DETECTOR,93.9,50.76929,0.01849543296744942,57600.0,True,2026-01-05 16:00:00
Daily-High_2026.01.02__ep2,w1,INVALIDATED_NO_BREAK,Daily-High,PERIOD_H1,SELL,STRONG_TREND,UP,DETECTOR,5.4,20.92143,0.0025810855185329114,273600.0,True,2026-01-05 04:00:00
Daily-High_2026.01.02__ep8,w1,INVALIDATED_NO_BREAK,Daily-High,PERIOD_M15,SELL,STRONG_TREND,DOWN,DETECTOR,4.5,7.61143,0.005912161052522324,287100.0,True,2026-01-05 07:45:00
Equal-High_2026.01.05 16:45__ep1,w1,INVALIDATED_NO_BREAK,Equal-High,PERIOD_M15,SELL,WEAK_TREND,DOWN,DETECTOR,33.1,10.19,0.03248282630029441,,False,2026-01-05 17:00:00
Equal-Low_2026.01.05 21:10__ep1,w1,INVALIDATED_NO_BREAK,Equal-Low,PERIOD_M5,BUY,RANGING,UP,DETECTOR,2.5,4.66786,0.005355773309396597,,False,2026-01-05 21:15:00
Equal-Low_2026.01.05 21:55__ep1,w1,INVALIDATED_NO_BREAK,Equal-Low,PERIOD_M5,BUY,RANGING,DOWN,DETECTOR,0.5,4.04286,0.0012367482425807473,,False,2026-01-05 22:00:00
Daily-High_2026.01.05__ep7,w1,INVALIDATED_NO_BREAK,Daily-High,PERIOD_H1,SELL,STRONG_TREND,UP,DETECTOR,32.2,15.10286,0.02132046513044549,115200.0,True,2026-01-06 08:00:00
Equal-Low_2026.01.06 15:40__ep1,w1,INVALIDATED_NO_BREAK,Equal-Low,PERIOD_M5,BUY,RANGING,UP,DETECTOR,23.1,4.295,0.05378346915017462,,False,2026-01-06 15:45:00
Equal-High_2026.01.06 19:55__ep1,w1,TRUE_BREAK_OBSERVED,Equal-High,PERIOD_M5,SELL,STRONG_TREND,UP,DETECTOR,14.8,3.71071,0.039884550396015864,,False,2026-01-06 20:00:00
Daily-High_2026.01.06__ep1,w1,INVALIDATED_NO_BREAK,Daily-High,PERIOD_H4,SELL,STRONG_TREND,DOWN,DETECTOR,317.0,33.30929,0.09516864514374218,100800.0,True,2026-01-07 04:00:00
Asia-Low_2026.01.07__ep1,w1,INVALIDATED_NO_BREAK,Asia-Low,PERIOD_D1,BUY,STRONG_TREND,UP,DETECTOR,619.0,90.33214,0.06852489047641294,0.0,True,2026-01-07 00:00:00
Asia-Low_2026.01.07__ep3,w1,INVALIDATED_NO_BREAK,Asia-Low,PERIOD_H1,BUY,WEAK_TREND,DOWN,DETECTOR,37.0,16.56643,0.02233432308590324,54000.0,True,2026-01-07 15:00:00
Asia-Low_2026.01.07__ep8,w1,INVALIDATED_NO_BREAK,Asia-Low,PERIOD_H1,BUY,STRONG_TREND,DOWN,DETECTOR,37.6,18.23143,0.020623725072580704,61200.0,True,2026-01-07 17:00:00
Equal-Low_2026.01.07 12:15__ep1,w1,INVALIDATED_NO_BREAK,Equal-Low,PERIOD_M15,BUY,WEAK_TREND,UP,DETECTOR,4.0,6.58786,0.00607177444572289,,False,2026-01-07 12:30:00
Daily-Low_2026.01.06__ep6,w1,INVALIDATED_NO_BREAK,Daily-Low,PERIOD_H4,BUY,WEAK_TREND,UP,DETECTOR,239.6,32.63143,0.07342614160642055,158400.0,True,2026-01-07 20:00:00
Equal-High_2026.01.07 19:55__ep1,w1,INVALIDATED_NO_BREAK,Equal-High,PERIOD_M5,SELL,STRONG_TREND,UP,DETECTOR,3.3,3.76786,0.008758287197507339,,False,2026-01-07 20:00:00
Equal-High_2026.01.07 20:25__ep1,w1,INVALIDATED_NO_BREAK,Equal-High,PERIOD_M5,SELL,STRONG_TREND,UP,DETECTOR,9.0,3.87714,0.02321298689240007,,False,2026-01-07 20:30:00
Asia-Low_2026.01.08__ep2,w1,INVALIDATED_NO_BREAK,Asia-Low,PERIOD_M30,BUY,STRONG_TREND,UP,DETECTOR,48.4,10.11571,0.047846369656702296,52200.0,True,2026-01-08 14:30:00
Asia-High_2026.01.08__ep1,w1,INVALIDATED_NO_BREAK,Asia-High,PERIOD_D1,SELL,STRONG_TREND,UP,DETECTOR,140.6,91.27,0.015404842774186479,0.0,True,2026-01-08 00:00:00
Daily-Low_2026.01.07__ep5,w1,INVALIDATED_NO_BREAK,Daily-Low,PERIOD_H1,BUY,STRONG_TREND,DOWN,DETECTOR,80.4,13.31429,0.06038624665678756,126000.0,True,2026-01-08 11:00:00
Daily-Low_2026.01.07__ep12,w1,INVALIDATED_NO_BREAK,Daily-Low,PERIOD_H1,BUY,STRONG_TREND,DOWN,DETECTOR,2.5,15.13786,0.0016514883873942553,144000.0,True,2026-01-08 16:00:00
Equal-High_2026.01.08 15:25__ep1,w1,INVALIDATED_NO_BREAK,Equal-High,PERIOD_M5,SELL,WEAK_TREND,UP,DETECTOR,7.3,5.30929,0.013749484394335211,,False,2026-01-08 15:30:00
Equal-High_2026.01.08 15:30__ep1,w1,INVALIDATED_NO_BREAK,Equal-High,PERIOD_M15,SELL,STRONG_TREND,DOWN,DETECTOR,21.3,8.60429,0.024755093098907638,,False,2026-01-08 15:45:00
Equal-Low_2026.01.08 17:00__ep1,w1,INVALIDATED_NO_BREAK,Equal-Low,PERIOD_H1,BUY,STRONG_TREND,DOWN,DETECTOR,127.0,15.93571,0.07969522537746984,,False,2026-01-08 18:00:00
Daily-High_2026.01.08__ep3,w1,INVALIDATED_NO_BREAK,Daily-High,PERIOD_H1,SELL,WEAK_TREND,UP,DETECTOR,39.9,15.56643,0.0256320813442774,93600.0,True,2026-01-09 02:00:00
Daily-High_2026.01.08__ep4,w1,INVALIDATED_NO_BREAK,Daily-High,PERIOD_H4,SELL,RANGING,UP,DETECTOR,106.8,32.42857,0.03293392215567939,100800.0,True,2026-01-09 04:00:00
Asia-High_2026.01.09__ep3,w1,INVALIDATED_NO_BREAK,Asia-High,PERIOD_H4,SELL,RANGING,UP,DETECTOR,62.6,30.44643,0.020560702847591657,43200.0,True,2026-01-09 12:00:00
Equal-Low_2026.01.09 04:40__ep1,w1,INVALIDATED_NO_BREAK,Equal-Low,PERIOD_M5,BUY,STRONG_TREND,DOWN,DETECTOR,4.8,4.57429,0.010493431767552996,,False,2026-01-09 04:45:00
Equal-High_2026.01.09 05:00__ep2,w1,INVALIDATED_NO_BREAK,Equal-High,PERIOD_H1,SELL,RANGING,UP,DETECTOR,42.4,15.43929,0.02746240274002237,,False,2026-01-09 06:00:00
Equal-Low_2026.01.09 07:25__ep1,w1,TRUE_BREAK_OBSERVED,Equal-Low,PERIOD_M5,BUY,STRONG_TREND,UP,DETECTOR,39.9,2.99571,0.1331904623611765,,False,2026-01-09 07:30:00
Equal-Low_2026.01.09 15:30__ep1,w1,TRUE_BREAK_OBSERVED,Equal-Low,PERIOD_M15,BUY,CHOPPY,UP,DETECTOR,262.1,8.27643,0.3166824343346105,,False,2026-01-09 15:45:00
Equal-High_2026.01.09 22:55__ep1,w1,INVALIDATED_NO_BREAK,Equal-High,PERIOD_M5,SELL,WEAK_TREND,UP,DETECTOR,24.8,3.22571,0.07688229878073355,,False,2026-01-09 23:00:00
Asia-Low_2026.01.12__ep1,w1,TRUE_BREAK_OBSERVED,Asia-Low,PERIOD_D1,BUY,STRONG_TREND,UP,DETECTOR,530.9,92.89786,0.057148786850418305,0.0,True,2026-01-12 00:00:00
Equal-High_2026.01.12 07:40__ep1,w1,INVALIDATED_NO_BREAK,Equal-High,PERIOD_M5,SELL,STRONG_TREND,UP,DETECTOR,4.0,3.825,0.01045751633986928,,False,2026-01-12 07:45:00
Equal-High_2026.01.12 09:25__ep1,w1,INVALIDATED_NO_BREAK,Equal-High,PERIOD_M5,SELL,WEAK_TREND,UP,DETECTOR,5.8,3.75286,0.015454879745047775,,False,2026-01-12 09:30:00
Asia-High_2026.01.12__ep2,w1,INVALIDATED_NO_BREAK,Asia-High,PERIOD_M30,SELL,WEAK_TREND,UP,DETECTOR,144.9,12.67786,0.11429373727111673,59400.0,True,2026-01-12 16:30:00
Asia-High_2026.01.12__ep3,w1,INVALIDATED_NO_BREAK,Asia-High,PERIOD_M15,SELL,WEAK_TREND,DOWN,DETECTOR,83.0,7.515,0.11044577511643382,81900.0,True,2026-01-12 22:45:00
Asia-High_2026.01.12__ep4,w1,TRUE_BREAK_OBSERVED,Asia-High,PERIOD_H1,SELL,STRONG_TREND,UP,DETECTOR,75.3,17.87571,0.04212420094082976,82800.0,True,2026-01-12 23:00:00
Asia-Low_2026.01.13__ep1,w1,TRUE_BREAK_OBSERVED,Asia-Low,PERIOD_D1,BUY,STRONG_TREND,UP,DETECTOR,611.9,98.15214,0.062341992747178,0.0,True,2026-01-13 00:00:00
Asia-High_2026.01.13__ep5,w1,INVALIDATED_NO_BREAK,Asia-High,PERIOD_H4,SELL,STRONG_TREND,UP,DETECTOR,218.7,35.00857,0.06247041795766008,14400.0,True,2026-01-13 04:00:00
Equal-High_2026.01.13 06:40__ep1,w1,INVALIDATED_NO_BREAK,Equal-High,PERIOD_M5,SELL,STRONG_TREND,UP,DETECTOR,9.1,2.38286,0.038189402650596345,,False,2026-01-13 06:45:00
Daily-High_2026.01.12__ep1,w1,INVALIDATED_NO_BREAK,Daily-High,PERIOD_H1,SELL,WEAK_TREND,DOWN,DETECTOR,3.6,15.29286,0.002354039728343816,147600.0,True,2026-01-13 17:00:00
Daily-High_2026.01.12__ep2,w1,INVALIDATED_NO_BREAK,Daily-High,PERIOD_H4,SELL,STRONG_TREND,UP,DETECTOR,397.0,38.02143,0.10441479975897802,158400.0,True,2026-01-13 20:00:00
Equal-High_2026.01.14 01:40__ep1,w1,INVALIDATED_NO_BREAK,Equal-High,PERIOD_M5,SELL,WEAK_TREND,UP,DETECTOR,8.8,2.85357,0.03083856362381158,,False,2026-01-14 01:45:00
Daily-High_2026.01.13__ep9,w1,INVALIDATED_NO_BREAK,Daily-High,PERIOD_H1,SELL,STRONG_TREND,UP,DETECTOR,41.0,14.16643,0.028941659966554737,129600.0,True,2026-01-14 12:00:00
Daily-High_2026.01.13__ep15,w1,INVALIDATED_NO_BREAK,Daily-High,PERIOD_M15,SELL,RANGING,UP,DETECTOR,3.0,7.69929,0.003896463180371177,144900.0,True,2026-01-14 16:15:00
Daily-High_2026.01.13__ep18,w1,INVALIDATED_NO_BREAK,Daily-High,PERIOD_H4,SELL,STRONG_TREND,UP,DETECTOR,202.5,32.75143,0.06182936134391689,158400.0,True,2026-01-14 20:00:00
Asia-High_2026.01.14__ep3,w1,INVALIDATED_NO_BREAK,Asia-High,PERIOD_M15,SELL,STRONG_TREND,UP,DETECTOR,27.4,8.96429,0.030565722438698432,76500.0,True,2026-01-14 21:15:00
Asia-High_2026.01.14__ep5,w1,INVALIDATED_NO_BREAK,Asia-High,PERIOD_H1,SELL,WEAK_TREND,UP,DETECTOR,5.8,16.66071,0.0034812441966758914,79200.0,True,2026-01-14 22:00:00
Equal-Low_2026.01.14 15:30__ep1,w1,INVALIDATED_NO_BREAK,Equal-Low,PERIOD_M15,BUY,RANGING,UP,DETECTOR,108.5,7.32357,0.14815178935956097,,False,2026-01-14 15:45:00
Asia-High_2026.01.15__ep6,w1,INVALIDATED_NO_BREAK,Asia-High,PERIOD_H4,SELL,WEAK_TREND,UP,DETECTOR,298.2,32.70214,0.09118669298094864,57600.0,True,2026-01-15 16:00:00
Asia-High_2026.01.15__ep11,w1,INVALIDATED_NO_BREAK,Asia-High,PERIOD_H1,SELL,RANGING,UP,DETECTOR,5.3,15.86857,0.0033399354825293017,75600.0,True,2026-01-15 21:00:00
Daily-Low_2026.01.14__ep2,w1,INVALIDATED_NO_BREAK,Daily-Low,PERIOD_H1,BUY,WEAK_TREND,UP,DETECTOR,117.5,19.26786,0.0609823820600731,100800.0,True,2026-01-15 04:00:00
Daily-Low_2026.01.14__ep14,w1,INVALIDATED_NO_BREAK,Daily-Low,PERIOD_H4,BUY,WEAK_TREND,UP,DETECTOR,282.5,33.99214,0.08310744778057516,158400.0,True,2026-01-15 20:00:00
Equal-Low_2026.01.15 09:30__ep1,w1,INVALIDATED_NO_BREAK,Equal-Low,PERIOD_M30,BUY,WEAK_TREND,UP,DETECTOR,22.7,15.24857,0.014886641829364982,,False,2026-01-15 10:00:00
Equal-Low_2026.01.15 10:00__ep1,w1,INVALIDATED_NO_BREAK,Equal-Low,PERIOD_M30,BUY,WEAK_TREND,UP,DETECTOR,27.1,14.39357,0.018827851603181144,,False,2026-01-15 10:30:00
Equal-High_2026.01.15 17:30__ep1,w1,INVALIDATED_NO_BREAK,Equal-High,PERIOD_M15,SELL,WEAK_TREND,UP,DETECTOR,30.4,9.84143,0.03088981987373786,,False,2026-01-15 17:45:00
Asia-High_2026.01.16__ep1,w1,INVALIDATED_NO_BREAK,Asia-High,PERIOD_D1,SELL,STRONG_TREND,UP,DETECTOR,21.7,92.07286,0.002356829145961144,0.0,True,2026-01-16 00:00:00
Asia-High_2026.01.16__ep5,w1,TRUE_BREAK_OBSERVED,Asia-High,PERIOD_M15,SELL,WEAK_TREND,DOWN,DETECTOR,3.3,9.42571,0.0035010625194282444,62100.0,True,2026-01-16 17:15:00
Equal-Low_2026.01.16 03:00__ep1,w1,INVALIDATED_NO_BREAK,Equal-Low,PERIOD_M15,BUY,WEAK_TREND,DOWN,DETECTOR,30.7,5.71571,0.053711612380614136,,False,2026-01-16 03:15:00
Asia-Low_2026.01.16__ep1,w1,INVALIDATED_NO_BREAK,Asia-Low,PERIOD_D1,BUY,STRONG_TREND,UP,DETECTOR,347.9,92.07286,0.03778529308202221,0.0,True,2026-01-16 00:00:00
Asia-Low_2026.01.16__ep3,w1,INVALIDATED_NO_BREAK,Asia-Low,PERIOD_H1,BUY,RANGING,DOWN,DETECTOR,107.0,13.89643,0.07699819306109555,57600.0,True,2026-01-16 16:00:00
Daily-Low_2026.01.15__ep1,w1,INVALIDATED_NO_BREAK,Daily-Low,PERIOD_M15,BUY,RANGING,DOWN,DETECTOR,117.4,17.44143,0.0673109945686793,152100.0,True,2026-01-16 18:15:00
Daily-Low_2026.01.15__ep4,w1,INVALIDATED_NO_BREAK,Daily-Low,PERIOD_H1,BUY,RANGING,DOWN,DETECTOR,2.7,21.18,0.001274787535410765,158400.0,True,2026-01-16 20:00:00
Asia-Low_2026.01.19__ep2,w1,TRUE_BREAK_OBSERVED,Asia-Low,PERIOD_D1,BUY,STRONG_TREND,UP,DETECTOR,54.5,93.13214,0.005851900321414283,0.0,True,2026-01-19 00:00:00
Asia-High_2026.01.19__ep1,w1,INVALIDATED_NO_BREAK,Asia-High,PERIOD_H1,SELL,RANGING,DOWN,DETECTOR,34.1,27.11929,0.012574075501239157,7200.0,True,2026-01-19 02:00:00
Equal-High_2026.01.19 06:55__ep1,w1,INVALIDATED_NO_BREAK,Equal-High,PERIOD_M5,SELL,WEAK_TREND,UP,DETECTOR,17.9,2.52214,0.07097147660320205,,False,2026-01-19 07:00:00
Daily-High_2026.01.19__ep1,w1,INVALIDATED_NO_BREAK,Daily-High,PERIOD_M15,SELL,STRONG_TREND,DOWN,DETECTOR,8.7,6.08,0.014309210526315789,110700.0,True,2026-01-20 06:45:00
Asia-High_2026.01.21__ep1,w1,INVALIDATED_NO_BREAK,Asia-High,PERIOD_H1,SELL,STRONG_TREND,UP,DETECTOR,18.5,16.86786,0.010967603477856705,7200.0,True,2026-01-21 02:00:00
Asia-Low_2026.01.21__ep1,w1,TRUE_BREAK_OBSERVED,Asia-Low,PERIOD_D1,BUY,STRONG_TREND,UP,DETECTOR,1039.4,84.05143,0.12366238147286729,0.0,True,2026-01-21 00:00:00
Equal-High_2026.01.22 07:25__ep1,w1,INVALIDATED_NO_BREAK,Equal-High,PERIOD_M5,SELL,RANGING,UP,DETECTOR,5.1,3.49929,0.014574385089546737,,False,2026-01-22 07:30:00
Equal-Low_2026.01.22 11:55__ep1,w1,INVALIDATED_NO_BREAK,Equal-Low,PERIOD_M5,BUY,WEAK_TREND,UP,DETECTOR,16.1,4.83214,0.033318571067891246,,False,2026-01-22 12:00:00
Daily-High_2026.01.22__ep1,w1,INVALIDATED_NO_BREAK,Daily-High,PERIOD_M30,SELL,STRONG_TREND,DOWN,DETECTOR,4.2,15.69571,0.0026758904184646633,91800.0,True,2026-01-23 01:30:00
Daily-High_2026.01.22__ep8,w1,INVALIDATED_NO_BREAK,Daily-High,PERIOD_H1,SELL,WEAK_TREND,UP,DETECTOR,16.0,20.85286,0.0076728084301146224,144000.0,True,2026-01-23 16:00:00
Equal-Low_2026.01.26 13:25__ep1,w1,INVALIDATED_NO_BREAK,Equal-Low,PERIOD_M5,BUY,WEAK_TREND,UP,DETECTOR,14.5,4.44286,0.03263663496036337,,False,2026-01-26 13:30:00
Equal-Low_2026.01.26 14:45__ep1,w1,INVALIDATED_NO_BREAK,Equal-Low,PERIOD_M15,BUY,RANGING,UP,DETECTOR,5.3,8.94643,0.005924150750634611,,False,2026-01-26 15:00:00
Equal-Low_2026.01.26 15:00__ep1,w1,INVALIDATED_NO_BREAK,Equal-Low,PERIOD_M15,BUY,WEAK_TREND,UP,DETECTOR,17.0,9.32714,0.01822638021944562,,False,2026-01-26 15:15:00
Equal-High_2026.01.26 17:00__ep1,w1,INVALIDATED_NO_BREAK,Equal-High,PERIOD_M15,SELL,WEAK_TREND,UP,DETECTOR,14.9,12.845,0.01159984429739198,,False,2026-01-26 17:15:00
Equal-High_2026.01.26 20:00__ep1,w1,INVALIDATED_NO_BREAK,Equal-High,PERIOD_M15,SELL,RANGING,UP,DETECTOR,189.4,17.22571,0.1099519265098507,,False,2026-01-26 20:15:00
Equal-Low_2026.01.27 03:00__ep1,w1,INVALIDATED_NO_BREAK,Equal-Low,PERIOD_M30,BUY,RANGING,UP,DETECTOR,146.9,33.41,0.04396887159533075,,False,2026-01-27 03:30:00
Equal-High_2026.01.27 03:45__ep1,w1,INVALIDATED_NO_BREAK,Equal-High,PERIOD_M15,SELL,RANGING,UP,DETECTOR,20.8,20.15571,0.010319656315753701,,False,2026-01-27 04:00:00
Equal-Low_2026.01.27 04:00__ep1,w1,INVALIDATED_NO_BREAK,Equal-Low,PERIOD_M30,BUY,RANGING,UP,DETECTOR,160.5,32.48,0.04941502463054188,,False,2026-01-27 04:30:00
Asia-High_2026.01.27__ep4,w1,INVALIDATED_NO_BREAK,Asia-High,PERIOD_H4,SELL,STRONG_TREND,UP,DETECTOR,193.9,51.96571,0.03731306663567187,72000.0,True,2026-01-27 20:00:00
Equal-High_2026.01.27 20:10__ep1,w1,INVALIDATED_NO_BREAK,Equal-High,PERIOD_M5,SELL,RANGING,DOWN,DETECTOR,5.5,6.82857,0.008054394990459204,,False,2026-01-27 20:15:00
Asia-Low_2026.01.28__ep1,w1,TRUE_BREAK_OBSERVED,Asia-Low,PERIOD_D1,BUY,STRONG_TREND,UP,DETECTOR,1673.1,100.83071,0.16593158969127558,0.0,True,2026-01-28 00:00:00
Asia-High_2026.01.28__ep1,w1,INVALIDATED_NO_BREAK,Asia-High,PERIOD_H1,SELL,WEAK_TREND,UP,DETECTOR,8.0,27.70143,0.002887937554126267,7200.0,True,2026-01-28 02:00:00
Asia-High_2026.01.28__ep10,w1,INVALIDATED_NO_BREAK,Asia-High,PERIOD_M15,SELL,WEAK_TREND,DOWN,DETECTOR,48.6,21.03643,0.023102779321396268,71100.0,True,2026-01-28 19:45:00
Equal-High_2026.01.28 18:10__ep1,w1,TRUE_BREAK_OBSERVED,Equal-High,PERIOD_M5,SELL,STRONG_TREND,UP,DETECTOR,12.0,15.665,0.007660389403127993,,False,2026-01-28 18:15:00
Asia-High_2026.01.29__ep2,w1,INVALIDATED_NO_BREAK,Asia-High,PERIOD_H4,SELL,STRONG_TREND,UP,DETECTOR,61.0,77.85214,0.007835365861490768,14400.0,True,2026-01-29 04:00:00
Equal-High_2026.01.29 07:40__ep1,w1,INVALIDATED_NO_BREAK,Equal-High,PERIOD_M5,SELL,WEAK_TREND,UP,DETECTOR,25.6,11.80643,0.021683099802395814,,False,2026-01-29 07:45:00
Equal-High_2026.01.29 16:10__ep1,w1,TRUE_BREAK_OBSERVED,Equal-High,PERIOD_M5,SELL,RANGING,UP,DETECTOR,18.6,13.77643,0.013501320734036324,,False,2026-01-29 16:15:00
Equal-High_2026.01.29 16:40__ep1,w1,TRUE_BREAK_OBSERVED,Equal-High,PERIOD_M5,SELL,RANGING,UP,DETECTOR,132.5,17.92429,0.07392203540558649,,False,2026-01-29 16:45:00
Daily-Low_2026.01.28__ep1,w1,INVALIDATED_NO_BREAK,Daily-Low,PERIOD_M30,BUY,WEAK_TREND,DOWN,DETECTOR,310.8,57.30714,0.05423407973247313,149400.0,True,2026-01-29 17:30:00
Daily-Low_2026.01.28__ep3,w1,INVALIDATED_NO_BREAK,Daily-Low,PERIOD_H4,BUY,VOLATILE,UP,DETECTOR,1777.5,110.34071,0.16109194874674998,158400.0,True,2026-01-29 20:00:00
Weekly-Low_2026.01.25__ep3,w1,INVALIDATED_NO_BREAK,Weekly-Low,PERIOD_H1,BUY,STRONG_TREND,DOWN,DETECTOR,525.8,126.77357,0.041475522066626344,705600.0,True,2026-02-02 04:00:00
Weekly-Low_2026.01.25__ep8,w1,INVALIDATED_NO_BREAK,Weekly-Low,PERIOD_H1,BUY,STRONG_TREND,DOWN,DETECTOR,347.6,130.38929,0.026658631241875775,734400.0,True,2026-02-02 12:00:00
Asia-High_2026.02.03__ep1,w1,INVALIDATED_NO_BREAK,Asia-High,PERIOD_D1,SELL,VOLATILE,UP,DETECTOR,1946.2,221.305,0.08794198052461534,0.0,True,2026-02-03 00:00:00
Asia-High_2026.02.03__ep2,w1,INVALIDATED_NO_BREAK,Asia-High,PERIOD_H1,SELL,STRONG_TREND,UP,DETECTOR,210.7,64.66143,0.032585112949095,39600.0,True,2026-02-03 11:00:00
Asia-High_2026.02.03__ep6,w1,INVALIDATED_NO_BREAK,Asia-High,PERIOD_H1,SELL,STRONG_TREND,UP,DETECTOR,198.3,58.625,0.033825159914712154,54000.0,True,2026-02-03 15:00:00
Asia-High_2026.02.03__ep17,w1,INVALIDATED_NO_BREAK,Asia-High,PERIOD_H1,SELL,STRONG_TREND,UP,DETECTOR,63.9,52.39,0.012196984157281925,79200.0,True,2026-02-03 22:00:00
Equal-High_2026.02.03 07:40__ep1,w1,INVALIDATED_NO_BREAK,Equal-High,PERIOD_M5,SELL,WEAK_TREND,UP,DETECTOR,44.1,12.85214,0.034313351706408424,,False,2026-02-03 07:45:00
Daily-High_2026.02.02__ep1,w1,INVALIDATED_NO_BREAK,Daily-High,PERIOD_H1,SELL,STRONG_TREND,UP,DETECTOR,35.3,68.77714,0.005132519322553976,118800.0,True,2026-02-03 09:00:00
Equal-High_2026.02.03 19:00__ep1,w1,INVALIDATED_NO_BREAK,Equal-High,PERIOD_M15,SELL,STRONG_TREND,UP,DETECTOR,71.6,28.79857,0.024862345595632003,,False,2026-02-03 19:15:00
Equal-Low_2026.02.03 22:10__ep1,w1,INVALIDATED_NO_BREAK,Equal-Low,PERIOD_M5,BUY,WEAK_TREND,DOWN,DETECTOR,131.0,16.15571,0.08108588232891034,,False,2026-02-03 22:15:00
Equal-High_2026.02.03 22:30__ep1,w1,INVALIDATED_NO_BREAK,Equal-High,PERIOD_M30,SELL,RANGING,UP,DETECTOR,66.1,40.96429,0.01613600528655568,,False,2026-02-03 23:00:00
Equal-High_2026.02.03 23:00__ep1,w1,INVALIDATED_NO_BREAK,Equal-High,PERIOD_M30,SELL,RANGING,UP,DETECTOR,0.1,39.94714,2.503308121682804e-05,,False,2026-02-03 23:30:00
Equal-High_2026.02.04 01:30__ep1,w1,INVALIDATED_NO_BREAK,Equal-High,PERIOD_M15,SELL,RANGING,UP,DETECTOR,0.3,25.93214,0.00011568655729916621,,False,2026-02-04 01:45:00
Equal-Low_2026.02.04 14:10__ep1,w1,INVALIDATED_NO_BREAK,Equal-Low,PERIOD_M5,BUY,WEAK_TREND,DOWN,DETECTOR,33.1,10.01143,0.03306220989409105,,False,2026-02-04 14:15:00
Equal-Low_2026.02.04 15:25__ep1,w1,INVALIDATED_NO_BREAK,Equal-Low,PERIOD_M5,BUY,WEAK_TREND,DOWN,DETECTOR,70.1,10.89714,0.06432880553980218,,False,2026-02-04 15:30:00
Daily-Low_2026.02.04__ep6,w1,INVALIDATED_NO_BREAK,Daily-Low,PERIOD_H1,BUY,WEAK_TREND,DOWN,DETECTOR,410.1,67.48071,0.06077292310646998,115200.0,True,2026-02-05 08:00:00
Daily-Low_2026.02.04__ep19,w1,INVALIDATED_NO_BREAK,Daily-Low,PERIOD_H1,BUY,WEAK_TREND,DOWN,DETECTOR,29.8,54.78071,0.005439871078706355,162000.0,True,2026-02-05 21:00:00
Equal-Low_2026.02.05 15:00__ep1,w1,INVALIDATED_NO_BREAK,Equal-Low,PERIOD_M30,BUY,STRONG_TREND,UP,DETECTOR,50.2,38.435,0.01306101209834786,,False,2026-02-05 15:30:00
Equal-High_2026.02.05 18:45__ep1,w1,INVALIDATED_NO_BREAK,Equal-High,PERIOD_M15,SELL,WEAK_TREND,DOWN,DETECTOR,55.0,35.79071,0.015367116215353093,,False,2026-02-05 19:00:00
Equal-High_2026.02.05 19:25__ep1,w1,INVALIDATED_NO_BREAK,Equal-High,PERIOD_M5,SELL,STRONG_TREND,DOWN,DETECTOR,25.0,16.815,0.014867677668748141,,False,2026-02-05 19:30:00
Asia-High_2026.02.06__ep1,w1,INVALIDATED_NO_BREAK,Asia-High,PERIOD_D1,SELL,VOLATILE,DOWN,DETECTOR,2406.4,267.06357,0.09010588752333386,0.0,True,2026-02-06 00:00:00
Daily-Low_2026.02.05__ep1,w1,INVALIDATED_NO_BREAK,Daily-Low,PERIOD_M15,BUY,STRONG_TREND,DOWN,DETECTOR,86.6,24.86,0.03483507642799678,90900.0,True,2026-02-06 01:15:00
Equal-Low_2026.02.06 23:10__ep1,w1,INVALIDATED_NO_BREAK,Equal-Low,PERIOD_M5,BUY,RANGING,DOWN,DETECTOR,13.1,7.04571,0.018592874245462843,,False,2026-02-06 23:15:00
Asia-High_2026.02.09__ep1,w1,INVALIDATED_NO_BREAK,Asia-High,PERIOD_H1,SELL,STRONG_TREND,UP,DETECTOR,89.9,34.17143,0.026308527328238823,7200.0,True,2026-02-09 02:00:00
Asia-Low_2026.02.09__ep1,w1,INVALIDATED_NO_BREAK,Asia-Low,PERIOD_D1,BUY,VOLATILE,UP,DETECTOR,2741.9,282.955,0.09690233429343889,0.0,True,2026-02-09 00:00:00
Equal-High_2026.02.09 22:10__ep1,w1,INVALIDATED_NO_BREAK,Equal-High,PERIOD_M5,SELL,STRONG_TREND,UP,DETECTOR,13.2,4.39214,0.03005368681326187,,False,2026-02-09 22:15:00
Asia-High_2026.02.10__ep1,w1,INVALIDATED_NO_BREAK,Asia-High,PERIOD_M15,SELL,STRONG_TREND,UP,DETECTOR,324.8,16.01286,0.2028369697855349,4500.0,True,2026-02-10 01:15:00
Asia-High_2026.02.10__ep15,w1,INVALIDATED_NO_BREAK,Asia-High,PERIOD_H1,SELL,RANGING,DOWN,DETECTOR,52.1,25.14143,0.020722767161613323,57600.0,True,2026-02-10 16:00:00
Equal-High_2026.02.10 06:55__ep1,w1,INVALIDATED_NO_BREAK,Equal-High,PERIOD_M5,SELL,WEAK_TREND,DOWN,DETECTOR,4.6,6.14143,0.0074901122377035965,,False,2026-02-10 07:00:00
Equal-High_2026.02.10 08:25__ep1,w1,INVALIDATED_NO_BREAK,Equal-High,PERIOD_M5,SELL,RANGING,DOWN,DETECTOR,3.5,6.65714,0.005257512986057076,,False,2026-02-10 08:30:00
Equal-Low_2026.02.10 14:25__ep1,w1,INVALIDATED_NO_BREAK,Equal-Low,PERIOD_M5,BUY,RANGING,UP,DETECTOR,16.3,5.79857,0.028110378938255468,,False,2026-02-10 14:30:00
Equal-High_2026.02.11 06:30__ep1,w1,INVALIDATED_NO_BREAK,Equal-High,PERIOD_M30,SELL,WEAK_TREND,UP,DETECTOR,98.7,14.85,0.06646464646464648,,False,2026-02-11 07:00:00
Equal-High_2026.02.11 07:30__ep1,w1,INVALIDATED_NO_BREAK,Equal-High,PERIOD_M30,SELL,WEAK_TREND,UP,DETECTOR,104.2,15.56357,0.06695122006069301,,False,2026-02-11 08:00:00
Equal-High_2026.02.11 09:10__ep1,w1,INVALIDATED_NO_BREAK,Equal-High,PERIOD_M5,SELL,STRONG_TREND,UP,DETECTOR,23.2,6.43,0.03608087091757387,,False,2026-02-11 09:15:00
Weekly-High_2026.02.01__ep2,w1,INVALIDATED_NO_BREAK,Weekly-High,PERIOD_M15,SELL,VOLATILE,UP,DETECTOR,230.6,15.95214,0.1445574073447199,917100.0,True,2026-02-11 14:45:00
Weekly-High_2026.02.01__ep18,w1,INVALIDATED_NO_BREAK,Weekly-High,PERIOD_H1,SELL,STRONG_TREND,DOWN,DETECTOR,305.6,36.95,0.0827063599458728,957600.0,True,2026-02-12 02:00:00
Daily-High_2026.02.10__ep8,w1,INVALIDATED_NO_BREAK,Daily-High,PERIOD_H1,SELL,STRONG_TREND,UP,DETECTOR,183.4,32.22714,0.05690855595625303,151200.0,True,2026-02-11 18:00:00
Equal-Low_2026.02.12 02:00__ep1,w1,INVALIDATED_NO_BREAK,Equal-Low,PERIOD_M15,BUY,STRONG_TREND,DOWN,DETECTOR,50.1,12.78857,0.03917560759334312,,False,2026-02-12 02:15:00
Equal-Low_2026.02.12 03:15__ep1,w1,INVALIDATED_NO_BREAK,Equal-Low,PERIOD_M15,BUY,STRONG_TREND,UP,DETECTOR,89.4,14.31857,0.06243640251784921,,False,2026-02-12 03:30:00
Equal-Low_2026.02.12 05:25__ep1,w1,INVALIDATED_NO_BREAK,Equal-Low,PERIOD_M5,BUY,RANGING,UP,DETECTOR,50.0,6.59357,0.07583145397713227,,False,2026-02-12 05:30:00
Equal-Low_2026.02.12 08:30__ep1,w1,INVALIDATED_NO_BREAK,Equal-Low,PERIOD_M15,BUY,RANGING,UP,DETECTOR,79.4,10.31286,0.07699125169933461,,False,2026-02-12 08:45:00
Equal-High_2026.02.12 11:00__ep1,w1,INVALIDATED_NO_BREAK,Equal-High,PERIOD_M15,SELL,RANGING,DOWN,DETECTOR,6.7,10.31571,0.006494947996793242,,False,2026-02-12 11:15:00
Asia-Low_2026.02.12__ep1,w1,INVALIDATED_NO_BREAK,Asia-Low,PERIOD_M15,BUY,RANGING,UP,DETECTOR,198.6,13.71071,0.14485026668932535,62100.0,True,2026-02-12 17:15:00
Asia-Low_2026.02.12__ep3,w1,INVALIDATED_NO_BREAK,Asia-Low,PERIOD_H1,BUY,RANGING,UP,DETECTOR,153.8,21.78857,0.07058746856723504,64800.0,True,2026-02-12 18:00:00
Equal-Low_2026.02.13 01:40__ep1,w1,TRUE_BREAK_OBSERVED,Equal-Low,PERIOD_M5,BUY,RANGING,UP,DETECTOR,24.5,11.87429,0.020632812572372747,,False,2026-02-13 01:45:00
Equal-High_2026.02.13 10:10__ep1,w1,INVALIDATED_NO_BREAK,Equal-High,PERIOD_M5,SELL,STRONG_TREND,UP,DETECTOR,30.7,9.99643,0.030710963814081626,,False,2026-02-13 10:15:00
Equal-High_2026.02.13 12:10__ep1,w1,INVALIDATED_NO_BREAK,Equal-High,PERIOD_M5,SELL,RANGING,DOWN,DETECTOR,42.6,6.90429,0.06170076865253343,,False,2026-02-13 12:15:00
Equal-Low_2026.02.13 13:10__ep1,w1,INVALIDATED_NO_BREAK,Equal-Low,PERIOD_M5,BUY,STRONG_TREND,UP,DETECTOR,14.4,8.40786,0.01712683132212002,,False,2026-02-13 13:15:00
Asia-High_2026.02.13__ep2,w1,INVALIDATED_NO_BREAK,Asia-High,PERIOD_H1,SELL,RANGING,DOWN,DETECTOR,103.6,29.255,0.03541274995727226,57600.0,True,2026-02-13 16:00:00
Equal-Low_2026.02.13 22:55__ep1,w1,INVALIDATED_NO_BREAK,Equal-Low,PERIOD_M5,BUY,STRONG_TREND,UP,DETECTOR,87.9,6.37,0.13799058084772373,,False,2026-02-13 23:00:00
Daily-High_2026.02.13__ep1,w1,TRUE_BREAK_OBSERVED,Daily-High,PERIOD_M15,SELL,WEAK_TREND,UP,DETECTOR,238.8,11.77,0.2028887000849618,263700.0,True,2026-02-16 01:15:00
Daily-High_2026.02.13__ep4,w1,INVALIDATED_NO_BREAK,Daily-High,PERIOD_H4,SELL,WEAK_TREND,UP,DETECTOR,171.0,60.305,0.028355857723240195,273600.0,True,2026-02-16 04:00:00
Equal-Low_2026.02.16 03:00__ep1,w1,INVALIDATED_NO_BREAK,Equal-Low,PERIOD_M15,BUY,RANGING,UP,DETECTOR,16.6,13.14786,0.01262562880955532,,False,2026-02-16 03:15:00
Weekly-Low_2026.02.08__ep3,w1,INVALIDATED_NO_BREAK,Weekly-Low,PERIOD_M15,BUY,WEAK_TREND,UP,DETECTOR,178.0,17.59286,0.10117740947179707,836100.0,True,2026-02-17 16:15:00
Weekly-Low_2026.02.08__ep4,w1,INVALIDATED_NO_BREAK,Weekly-Low,PERIOD_M30,BUY,WEAK_TREND,UP,DETECTOR,195.9,21.81429,0.08980351870264859,837000.0,True,2026-02-17 16:30:00
Weekly-Low_2026.02.08__ep15,w1,INVALIDATED_NO_BREAK,Weekly-Low,PERIOD_M15,BUY,WEAK_TREND,DOWN,DETECTOR,81.1,12.77214,0.06349758145463484,875700.0,True,2026-02-18 03:15:00
Weekly-Low_2026.02.08__ep18,w1,INVALIDATED_NO_BREAK,Weekly-Low,PERIOD_D1,BUY,STRONG_TREND,UP,DETECTOR,985.7,249.88429,0.03944625730573139,950400.0,True,2026-02-19 00:00:00
Equal-Low_2026.02.17 15:10__ep1,w1,INVALIDATED_NO_BREAK,Equal-Low,PERIOD_M5,BUY,STRONG_TREND,DOWN,DETECTOR,5.8,5.94571,0.0097549325480052,,False,2026-02-17 15:15:00
Equal-Low_2026.02.17 15:40__ep1,w1,INVALIDATED_NO_BREAK,Equal-Low,PERIOD_M5,BUY,STRONG_TREND,DOWN,DETECTOR,2.1,7.30714,0.002873901416970251,,False,2026-02-17 15:45:00
Asia-Low_2026.02.17__ep6,w1,INVALIDATED_NO_BREAK,Asia-Low,PERIOD_H1,BUY,RANGING,DOWN,DETECTOR,60.1,32.98143,0.018222375439755037,72000.0,True,2026-02-17 20:00:00
Asia-Low_2026.02.18__ep1,w1,INVALIDATED_NO_BREAK,Asia-Low,PERIOD_D1,BUY,STRONG_TREND,DOWN,DETECTOR,181.4,273.93714,0.0066219571395101815,0.0,True,2026-02-18 00:00:00
Equal-High_2026.02.18 03:30__ep1,w1,INVALIDATED_NO_BREAK,Equal-High,PERIOD_M15,SELL,WEAK_TREND,DOWN,DETECTOR,9.6,12.93071,0.007424186297581494,,False,2026-02-18 03:45:00
Daily-High_2026.02.17__ep1,w1,INVALIDATED_NO_BREAK,Daily-High,PERIOD_M15,SELL,STRONG_TREND,UP,DETECTOR,7.0,12.99857,0.005385207757468706,150300.0,True,2026-02-18 17:45:00
Daily-High_2026.02.17__ep8,w1,INVALIDATED_NO_BREAK,Daily-High,PERIOD_H1,SELL,STRONG_TREND,UP,DETECTOR,17.7,18.29643,0.009674018374076254,158400.0,True,2026-02-18 20:00:00
Daily-High_2026.02.17__ep9,w1,INVALIDATED_NO_BREAK,Daily-High,PERIOD_M15,SELL,WEAK_TREND,UP,DETECTOR,29.5,8.195,0.03599755948749237,159300.0,True,2026-02-18 20:15:00
Asia-High_2026.02.19__ep1,w1,INVALIDATED_NO_BREAK,Asia-High,PERIOD_H1,SELL,WEAK_TREND,UP,DETECTOR,4.0,20.175,0.001982651796778191,7200.0,True,2026-02-19 02:00:00
Asia-High_2026.02.19__ep2,w1,INVALIDATED_NO_BREAK,Asia-High,PERIOD_H4,SELL,STRONG_TREND,DOWN,DETECTOR,33.2,52.55857,0.0063167624233307716,14400.0,True,2026-02-19 04:00:00
Asia-High_2026.02.19__ep3,w1,INVALIDATED_NO_BREAK,Asia-High,PERIOD_H1,SELL,STRONG_TREND,UP,DETECTOR,47.4,16.565,0.028614548747358887,39600.0,True,2026-02-19 11:00:00
Asia-High_2026.02.19__ep4,w1,INVALIDATED_NO_BREAK,Asia-High,PERIOD_M15,SELL,WEAK_TREND,UP,DETECTOR,65.4,14.615,0.0447485460143688,63900.0,True,2026-02-19 17:45:00
Equal-High_2026.02.19 15:40__ep1,w1,INVALIDATED_NO_BREAK,Equal-High,PERIOD_M5,SELL,WEAK_TREND,DOWN,DETECTOR,27.5,6.36429,0.04320984744566952,,False,2026-02-19 15:45:00
Equal-Low_2026.02.19 20:15__ep1,w1,INVALIDATED_NO_BREAK,Equal-Low,PERIOD_M15,BUY,STRONG_TREND,UP,DETECTOR,11.8,11.865,0.009945217024863043,,False,2026-02-19 20:30:00
Asia-Low_2026.02.20__ep1,w1,INVALIDATED_NO_BREAK,Asia-Low,PERIOD_D1,BUY,WEAK_TREND,UP,DETECTOR,354.5,199.71857,0.017749976879966645,0.0,True,2026-02-20 00:00:00
Equal-High_2026.02.20 01:10__ep1,w1,TRUE_BREAK_OBSERVED,Equal-High,PERIOD_M5,SELL,STRONG_TREND,DOWN,DETECTOR,28.7,4.68857,0.06121269384908404,,False,2026-02-20 01:15:00
Equal-Low_2026.02.20 02:10__ep1,w1,INVALIDATED_NO_BREAK,Equal-Low,PERIOD_M5,BUY,WEAK_TREND,DOWN,DETECTOR,2.4,5.99714,0.004001907575944534,,False,2026-02-20 02:15:00
Daily-High_2026.02.19__ep1,w1,INVALIDATED_NO_BREAK,Daily-High,PERIOD_M30,SELL,STRONG_TREND,UP,DETECTOR,1.3,12.98357,0.0010012654454822519,117000.0,True,2026-02-20 08:30:00
Daily-High_2026.02.19__ep2,w1,INVALIDATED_NO_BREAK,Daily-High,PERIOD_H1,SELL,RANGING,UP,DETECTOR,16.1,17.21214,0.009353863029234017,118800.0,True,2026-02-20 09:00:00
Asia-High_2026.02.20__ep1,w1,INVALIDATED_NO_BREAK,Asia-High,PERIOD_H1,SELL,WEAK_TREND,UP,DETECTOR,10.7,17.535,0.006102081551183348,39600.0,True,2026-02-20 11:00:00
Asia-High_2026.02.20__ep2,w1,INVALIDATED_NO_BREAK,Asia-High,PERIOD_H1,SELL,WEAK_TREND,UP,DETECTOR,23.0,17.61071,0.013060234368744929,43200.0,True,2026-02-20 12:00:00
Asia-High_2026.02.20__ep4,w1,INVALIDATED_NO_BREAK,Asia-High,PERIOD_M30,SELL,STRONG_TREND,UP,DETECTOR,11.7,12.28286,0.009525468824036095,48600.0,True,2026-02-20 13:30:00
Asia-High_2026.02.20__ep8,w1,INVALIDATED_NO_BREAK,Asia-High,PERIOD_M30,SELL,WEAK_TREND,UP,DETECTOR,43.6,18.905,0.023062681830203647,63000.0,True,2026-02-20 17:30:00
Asia-High_2026.02.23__ep1,w1,INVALIDATED_NO_BREAK,Asia-High,PERIOD_H1,SELL,STRONG_TREND,UP,DETECTOR,11.9,28.30714,0.004203886369304705,7200.0,True,2026-02-23 02:00:00
Asia-High_2026.02.23__ep2,w1,INVALIDATED_NO_BREAK,Asia-High,PERIOD_H4,SELL,STRONG_TREND,UP,DETECTOR,103.4,41.92786,0.024661406520628527,14400.0,True,2026-02-23 04:00:00
Equal-Low_2026.02.23 14:25__ep1,w1,INVALIDATED_NO_BREAK,Equal-Low,PERIOD_M5,BUY,RANGING,UP,DETECTOR,35.0,3.92571,0.08915584696780965,,False,2026-02-23 14:30:00
Equal-Low_2026.02.23 14:30__ep1,w1,INVALIDATED_NO_BREAK,Equal-Low,PERIOD_M15,BUY,RANGING,DOWN,DETECTOR,123.7,8.10429,0.15263520925337073,,False,2026-02-23 14:45:00
Equal-Low_2026.02.23 15:25__ep1,w1,INVALIDATED_NO_BREAK,Equal-Low,PERIOD_M5,BUY,WEAK_TREND,UP,DETECTOR,45.9,5.44,0.08437499999999999,,False,2026-02-23 15:30:00
Equal-Low_2026.02.23 15:30__ep1,w1,INVALIDATED_NO_BREAK,Equal-Low,PERIOD_M15,BUY,RANGING,UP,DETECTOR,9.0,9.07786,0.009914230887015221,,False,2026-02-23 15:45:00
Equal-Low_2026.02.23 16:00__ep1,w1,INVALIDATED_NO_BREAK,Equal-Low,PERIOD_M15,BUY,WEAK_TREND,UP,DETECTOR,50.8,9.33214,0.05443553140008615,,False,2026-02-23 16:15:00
Asia-Low_2026.02.24__ep1,w1,TRUE_BREAK_OBSERVED,Asia-Low,PERIOD_D1,BUY,WEAK_TREND,UP,DETECTOR,1026.5,160.06214,0.0641313429896664,0.0,True,2026-02-24 00:00:00
Asia-Low_2026.02.24__ep5,w1,INVALIDATED_NO_BREAK,Asia-Low,PERIOD_M15,BUY,WEAK_TREND,DOWN,DETECTOR,23.1,18.19714,0.01269430251127375,65700.0,True,2026-02-24 18:15:00
Daily-High_2026.02.23__ep1,w1,INVALIDATED_NO_BREAK,Daily-High,PERIOD_M30,SELL,STRONG_TREND,UP,DETECTOR,12.0,15.36929,0.00780777771777356,91800.0,True,2026-02-24 01:30:00
Equal-High_2026.02.24 08:25__ep1,w1,INVALIDATED_NO_BREAK,Equal-High,PERIOD_M5,SELL,WEAK_TREND,UP,DETECTOR,64.5,6.13857,0.10507333141106154,,False,2026-02-24 08:30:00
Equal-High_2026.02.24 10:10__ep1,w1,INVALIDATED_NO_BREAK,Equal-High,PERIOD_M5,SELL,RANGING,UP,DETECTOR,43.6,6.95214,0.0627145022971344,,False,2026-02-24 10:15:00
Equal-High_2026.02.24 11:10__ep1,w1,INVALIDATED_NO_BREAK,Equal-High,PERIOD_M5,SELL,RANGING,UP,DETECTOR,29.6,6.27,0.04720893141945774,,False,2026-02-24 11:15:00
Equal-High_2026.02.24 12:25__ep1,w1,INVALIDATED_NO_BREAK,Equal-High,PERIOD_M5,SELL,WEAK_TREND,DOWN,DETECTOR,0.6,4.32571,0.0013870555353918779,,False,2026-02-24 12:30:00
Equal-Low_2026.02.24 12:30__ep1,w1,INVALIDATED_NO_BREAK,Equal-Low,PERIOD_M15,BUY,RANGING,DOWN,DETECTOR,52.2,9.06071,0.05761137924069968,,False,2026-02-24 12:45:00
Daily-Low_2026.02.23__ep2,w1,INVALIDATED_NO_BREAK,Daily-Low,PERIOD_H1,BUY,STRONG_TREND,UP,DETECTOR,299.1,27.77643,0.1076812246930221,147600.0,True,2026-02-24 17:00:00
Daily-Low_2026.02.23__ep3,w1,INVALIDATED_NO_BREAK,Daily-Low,PERIOD_H4,BUY,STRONG_TREND,UP,DETECTOR,651.8,54.28,0.12008106116433308,158400.0,True,2026-02-24 20:00:00
Equal-Low_2026.02.24 23:00__ep1,w1,INVALIDATED_NO_BREAK,Equal-Low,PERIOD_H1,BUY,WEAK_TREND,UP,DETECTOR,23.8,24.53214,0.009701558852998558,,False,2026-02-25 01:00:00
Asia-High_2026.02.25__ep1,w1,INVALIDATED_NO_BREAK,Asia-High,PERIOD_D1,SELL,STRONG_TREND,UP,DETECTOR,942.5,154.32071,0.06107410988453851,0.0,True,2026-02-25 00:00:00
Asia-Low_2026.02.25__ep1,w1,INVALIDATED_NO_BREAK,Asia-Low,PERIOD_M15,BUY,STRONG_TREND,UP,DETECTOR,21.0,11.82714,0.017755771894135013,6300.0,True,2026-02-25 01:45:00
Asia-Low_2026.02.25__ep3,w1,INVALIDATED_NO_BREAK,Asia-Low,PERIOD_D1,BUY,STRONG_TREND,UP,DETECTOR,71.1,154.32071,0.0046072882894330905,0.0,True,2026-02-25 00:00:00
Equal-Low_2026.02.25 01:55__ep1,w1,INVALIDATED_NO_BREAK,Equal-Low,PERIOD_M5,BUY,STRONG_TREND,UP,DETECTOR,2.2,7.37357,0.00298362936813511,,False,2026-02-25 02:00:00
Equal-High_2026.02.25 03:45__ep1,w1,INVALIDATED_NO_BREAK,Equal-High,PERIOD_M15,SELL,WEAK_TREND,DOWN,DETECTOR,46.5,14.24214,0.03264958777262406,,False,2026-02-25 04:00:00
Equal-High_2026.02.25 08:00__ep1,w1,INVALIDATED_NO_BREAK,Equal-High,PERIOD_M30,SELL,RANGING,UP,DETECTOR,41.8,17.29,0.024175824175824177,,False,2026-02-25 08:30:00
Equal-High_2026.02.25 08:25__ep1,w1,INVALIDATED_NO_BREAK,Equal-High,PERIOD_M5,SELL,WEAK_TREND,UP,DETECTOR,3.2,6.73429,0.0047518001155281405,,False,2026-02-25 08:30:00
Equal-High_2026.02.25 09:00__ep1,w1,INVALIDATED_NO_BREAK,Equal-High,PERIOD_M30,SELL,RANGING,UP,DETECTOR,45.0,16.09,0.027967681789931635,,False,2026-02-25 09:30:00
Equal-High_2026.02.25 10:00__ep1,w1,INVALIDATED_NO_BREAK,Equal-High,PERIOD_M30,SELL,RANGING,UP,DETECTOR,5.7,13.15786,0.004332011436510193,,False,2026-02-25 10:30:00
Equal-High_2026.02.25 12:00__ep1,w1,INVALIDATED_NO_BREAK,Equal-High,PERIOD_H1,SELL,RANGING,UP,DETECTOR,15.3,22.62857,0.006761364063217428,,False,2026-02-25 13:00:00
Equal-High_2026.02.25 17:00__ep2,w1,INVALIDATED_NO_BREAK,Equal-High,PERIOD_M30,SELL,RANGING,UP,DETECTOR,167.3,15.82214,0.10573790903126885,,False,2026-02-25 17:30:00
Equal-Low_2026.02.25 17:15__ep1,w1,INVALIDATED_NO_BREAK,Equal-Low,PERIOD_M15,BUY,RANGING,UP,DETECTOR,0.1,10.71571,9.332092787132164e-05,,False,2026-02-25 17:30:00
Asia-Low_2026.02.26__ep1,w1,INVALIDATED_NO_BREAK,Asia-Low,PERIOD_D1,BUY,STRONG_TREND,UP,DETECTOR,279.7,142.31143,0.019654078382881825,0.0,True,2026-02-26 00:00:00
Asia-Low_2026.02.26__ep3,w1,INVALIDATED_NO_BREAK,Asia-Low,PERIOD_H1,BUY,WEAK_TREND,DOWN,DETECTOR,92.9,19.14071,0.048535294667752665,61200.0,True,2026-02-26 17:00:00
Asia-Low_2026.02.26__ep4,w1,INVALIDATED_NO_BREAK,Asia-Low,PERIOD_M15,BUY,VOLATILE,DOWN,DETECTOR,202.5,16.13214,0.12552581368621893,63900.0,True,2026-02-26 17:45:00
Equal-Low_2026.02.26 02:00__ep1,w1,INVALIDATED_NO_BREAK,Equal-Low,PERIOD_M15,BUY,STRONG_TREND,DOWN,DETECTOR,86.8,14.62857,0.05933594329452571,,False,2026-02-26 02:15:00
Equal-High_2026.02.26 11:40__ep1,w1,INVALIDATED_NO_BREAK,Equal-High,PERIOD_M5,SELL,WEAK_TREND,UP,DETECTOR,9.5,5.24071,0.018127314810397827,,False,2026-02-26 11:45:00
Equal-Low_2026.02.26 16:00__ep1,w1,INVALIDATED_NO_BREAK,Equal-Low,PERIOD_M15,BUY,WEAK_TREND,DOWN,DETECTOR,2.2,9.96786,0.002207093598826629,,False,2026-02-26 16:15:00
Equal-Low_2026.02.26 16:15__ep1,w1,INVALIDATED_NO_BREAK,Equal-Low,PERIOD_M15,BUY,WEAK_TREND,DOWN,DETECTOR,43.8,9.94929,0.04402324185946937,,False,2026-02-26 16:30:00
Equal-High_2026.02.26 17:45__ep1,w1,INVALIDATED_NO_BREAK,Equal-High,PERIOD_M15,SELL,VOLATILE,DOWN,DETECTOR,44.3,16.35571,0.027085342060968312,,False,2026-02-26 18:00:00
Equal-Low_2026.02.26 19:45__ep1,w1,INVALIDATED_NO_BREAK,Equal-Low,PERIOD_M15,BUY,WEAK_TREND,DOWN,DETECTOR,12.3,16.46071,0.007472338677979262,,False,2026-02-26 20:00:00
Equal-Low_2026.02.26 20:00__ep1,w1,INVALIDATED_NO_BREAK,Equal-Low,PERIOD_M15,BUY,WEAK_TREND,DOWN,DETECTOR,72.6,14.67357,0.0494767122111388,,False,2026-02-26 20:15:00
Equal-High_2026.02.26 21:30__ep1,w1,INVALIDATED_NO_BREAK,Equal-High,PERIOD_M15,SELL,RANGING,DOWN,DETECTOR,41.9,9.64714,0.04343256136015441,,False,2026-02-26 21:45:00
Equal-High_2026.02.26 23:00__ep1,w1,INVALIDATED_NO_BREAK,Equal-High,PERIOD_M30,SELL,WEAK_TREND,UP,DETECTOR,69.1,20.51214,0.03368736757841941,,False,2026-02-26 23:30:00
Equal-High_2026.02.27 03:30__ep1,w1,INVALIDATED_NO_BREAK,Equal-High,PERIOD_M15,SELL,WEAK_TREND,UP,DETECTOR,20.0,9.85857,0.02028691787957077,,False,2026-02-27 03:45:00
Equal-High_2026.02.27 04:00__ep1,w1,INVALIDATED_NO_BREAK,Equal-High,PERIOD_M30,SELL,RANGING,DOWN,DETECTOR,106.1,14.30643,0.07416245702107373,,False,2026-02-27 04:30:00
Equal-Low_2026.02.27 10:25__ep1,w1,INVALIDATED_NO_BREAK,Equal-Low,PERIOD_M5,BUY,STRONG_TREND,DOWN,DETECTOR,18.8,4.59429,0.040920359837972785,,False,2026-02-27 10:30:00
Asia-High_2026.03.02__ep1,w2,INVALIDATED_NO_BREAK,Asia-High,PERIOD_H1,SELL,STRONG_TREND,UP,DETECTOR,12.5,28.13929,0.004442187418374806,7200.0,True,2026-03-02 02:00:00
Asia-Low_2026.03.02__ep1,w2,TRUE_BREAK_OBSERVED,Asia-Low,PERIOD_D1,BUY,STRONG_TREND,UP,DETECTOR,1056.1,124.52643,0.08480930514108531,0.0,True,2026-03-02 00:00:00
Asia-Low_2026.03.02__ep2,w2,INVALIDATED_NO_BREAK,Asia-Low,PERIOD_M30,BUY,WEAK_TREND,UP,DETECTOR,66.3,31.90214,0.020782304886129897,66600.0,True,2026-03-02 18:30:00
Asia-Low_2026.03.02__ep3,w2,INVALIDATED_NO_BREAK,Asia-Low,PERIOD_M30,BUY,WEAK_TREND,DOWN,DETECTOR,12.6,33.61429,0.003748405811932961,70200.0,True,2026-03-02 19:30:00
Asia-Low_2026.03.02__ep4,w2,INVALIDATED_NO_BREAK,Asia-Low,PERIOD_H1,BUY,STRONG_TREND,DOWN,DETECTOR,34.9,33.52143,0.010411250355369684,72000.0,True,2026-03-02 20:00:00
Asia-Low_2026.03.02__ep5,w2,INVALIDATED_NO_BREAK,Asia-Low,PERIOD_H1,BUY,STRONG_TREND,DOWN,DETECTOR,123.1,33.90357,0.03630886068930204,75600.0,True,2026-03-02 21:00:00
Equal-High_2026.03.02 15:10__ep1,w2,INVALIDATED_NO_BREAK,Equal-High,PERIOD_M5,SELL,RANGING,DOWN,DETECTOR,144.7,8.61071,0.16804653739354827,,False,2026-03-02 15:15:00
Equal-High_2026.03.02 22:55__ep1,w2,INVALIDATED_NO_BREAK,Equal-High,PERIOD_M5,SELL,WEAK_TREND,UP,DETECTOR,17.6,9.47357,0.018578001745909938,,False,2026-03-02 23:00:00
Equal-High_2026.03.02 23:25__ep1,w2,TRUE_BREAK_OBSERVED,Equal-High,PERIOD_M5,SELL,WEAK_TREND,UP,DETECTOR,17.5,7.90714,0.022131895982618242,,False,2026-03-02 23:30:00
Monthly-High_2026.02.01__ep2,w2,INVALIDATED_NO_BREAK,Monthly-High,PERIOD_H1,SELL,WEAK_TREND,DOWN,DETECTOR,57.2,33.53929,0.017054624591039347,2635200.0,True,2026-03-03 12:00:00
Monthly-High_2026.02.01__ep4,w2,TRUE_BREAK_OBSERVED,Monthly-High,PERIOD_M30,SELL,WEAK_TREND,DOWN,DETECTOR,39.4,28.87286,0.013646032987379845,2637000.0,True,2026-03-03 12:30:00
Weekly-Low_2026.02.22__ep7,w2,INVALIDATED_NO_BREAK,Weekly-Low,PERIOD_M15,BUY,WEAK_TREND,DOWN,DETECTOR,47.8,39.22071,0.012187438728161729,846900.0,True,2026-03-03 19:15:00
Weekly-Low_2026.02.22__ep16,w2,INVALIDATED_NO_BREAK,Weekly-Low,PERIOD_D1,BUY,STRONG_TREND,UP,DETECTOR,477.9,142.53214,0.03352927978208985,950400.0,True,2026-03-05 00:00:00
Weekly-Low_2026.02.22__ep18,w2,INVALIDATED_NO_BREAK,Weekly-Low,PERIOD_H1,BUY,WEAK_TREND,UP,DETECTOR,245.1,26.37714,0.09292137055040842,1008000.0,True,2026-03-05 16:00:00
Weekly-Low_2026.02.22__ep21,w2,INVALIDATED_NO_BREAK,Weekly-Low,PERIOD_H1,BUY,WEAK_TREND,DOWN,DETECTOR,90.3,30.50143,0.02960516933140512,1015200.0,True,2026-03-05 18:00:00
Weekly-Low_2026.02.22__ep22,w2,INVALIDATED_NO_BREAK,Weekly-Low,PERIOD_M15,BUY,WEAK_TREND,UP,DETECTOR,75.5,11.59857,0.0650942314440487,1043100.0,True,2026-03-06 01:45:00
Equal-Low_2026.03.04 10:10__ep1,w2,INVALIDATED_NO_BREAK,Equal-Low,PERIOD_M5,BUY,STRONG_TREND,DOWN,DETECTOR,52.6,8.27714,0.06354852038264426,,False,2026-03-04 10:15:00
Asia-High_2026.03.04__ep5,w2,INVALIDATED_NO_BREAK,Asia-High,PERIOD_H1,SELL,WEAK_TREND,UP,DETECTOR,196.5,31.45214,0.06247587604531838,54000.0,True,2026-03-04 15:00:00
Equal-High_2026.03.05 01:10__ep1,w2,INVALIDATED_NO_BREAK,Equal-High,PERIOD_M5,SELL,WEAK_TREND,DOWN,DETECTOR,9.4,6.21214,0.015131661553023597,,False,2026-03-05 01:15:00
Equal-Low_2026.03.05 08:00__ep1,w2,INVALIDATED_NO_BREAK,Equal-Low,PERIOD_M15,BUY,STRONG_TREND,UP,DETECTOR,30.0,12.615,0.023781212841854932,,False,2026-03-05 08:15:00
Daily-Low_2026.03.04__ep3,w2,INVALIDATED_NO_BREAK,Daily-Low,PERIOD_M15,BUY,STRONG_TREND,DOWN,DETECTOR,24.4,23.70714,0.010292257944231147,155700.0,True,2026-03-05 19:15:00
Equal-Low_2026.03.05 21:40__ep1,w2,INVALIDATED_NO_BREAK,Equal-Low,PERIOD_M5,BUY,WEAK_TREND,DOWN,DETECTOR,43.2,8.11143,0.053258180123603366,,False,2026-03-05 21:45:00
Asia-Low_2026.03.06__ep1,w2,INVALIDATED_NO_BREAK,Asia-Low,PERIOD_D1,BUY,STRONG_TREND,UP,DETECTOR,67.9,141.49714,0.004798683563498174,0.0,True,2026-03-06 00:00:00
Equal-High_2026.03.06 02:40__ep1,w2,INVALIDATED_NO_BREAK,Equal-High,PERIOD_M5,SELL,WEAK_TREND,UP,DETECTOR,4.0,7.91643,0.0050527826305544294,,False,2026-03-06 02:45:00
Equal-High_2026.03.06 03:10__ep1,w2,INVALIDATED_NO_BREAK,Equal-High,PERIOD_M5,SELL,STRONG_TREND,UP,DETECTOR,69.4,8.945,0.07758524315259922,,False,2026-03-06 03:15:00
Asia-High_2026.03.06__ep1,w2,INVALIDATED_NO_BREAK,Asia-High,PERIOD_H1,SELL,STRONG_TREND,DOWN,DETECTOR,19.4,26.80786,0.007236683569669491,64800.0,True,2026-03-06 18:00:00
Equal-Low_2026.03.06 18:40__ep1,w2,INVALIDATED_NO_BREAK,Equal-Low,PERIOD_M5,BUY,RANGING,DOWN,DETECTOR,75.4,10.81,0.06975023126734506,,False,2026-03-06 18:45:00
Asia-Low_2026.03.09__ep1,w2,INVALIDATED_NO_BREAK,Asia-Low,PERIOD_D1,BUY,STRONG_TREND,UP,DETECTOR,1070.0,143.35,0.07464248343215907,0.0,True,2026-03-09 00:00:00
Equal-High_2026.03.06 23:30__ep1,w2,INVALIDATED_NO_BREAK,Equal-High,PERIOD_M30,SELL,WEAK_TREND,UP,DETECTOR,13.0,18.51571,0.007021064814689797,,False,2026-03-09 00:00:00
Asia-High_2026.03.09__ep5,w2,INVALIDATED_NO_BREAK,Asia-High,PERIOD_M30,SELL,WEAK_TREND,UP,DETECTOR,10.5,20.11714,0.005219429799663371,81000.0,True,2026-03-09 22:30:00
Daily-Low_2026.03.06__ep2,w2,INVALIDATED_NO_BREAK,Daily-Low,PERIOD_H1,BUY,WEAK_TREND,UP,DETECTOR,132.4,39.71786,0.03333512933476275,266400.0,True,2026-03-09 02:00:00
Daily-Low_2026.03.06__ep5,w2,INVALIDATED_NO_BREAK,Daily-Low,PERIOD_H1,BUY,WEAK_TREND,DOWN,DETECTOR,73.1,44.81,0.016313322918991294,273600.0,True,2026-03-09 04:00:00
Daily-Low_2026.03.06__ep8,w2,INVALIDATED_NO_BREAK,Daily-Low,PERIOD_H1,BUY,WEAK_TREND,UP,DETECTOR,317.7,46.475,0.0683593329747176,277200.0,True,2026-03-09 05:00:00
Daily-Low_2026.03.06__ep9,w2,INVALIDATED_NO_BREAK,Daily-Low,PERIOD_H4,BUY,WEAK_TREND,DOWN,DETECTOR,614.5,69.09786,0.08893184246227019,288000.0,True,2026-03-09 08:00:00
Equal-High_2026.03.09 07:00__ep1,w2,INVALIDATED_NO_BREAK,Equal-High,PERIOD_M30,SELL,RANGING,DOWN,DETECTOR,67.9,33.605,0.020205326588305313,,False,2026-03-09 07:30:00
Equal-High_2026.03.09 08:30__ep1,w2,INVALIDATED_NO_BREAK,Equal-High,PERIOD_M30,SELL,RANGING,UP,DETECTOR,44.6,28.82643,0.015471912408161538,,False,2026-03-09 09:00:00
Equal-High_2026.03.09 09:30__ep1,w2,INVALIDATED_NO_BREAK,Equal-High,PERIOD_M30,SELL,RANGING,UP,DETECTOR,31.4,25.49214,0.012317522185269656,,False,2026-03-09 10:00:00
Equal-Low_2026.03.09 12:45__ep1,w2,INVALIDATED_NO_BREAK,Equal-Low,PERIOD_M15,BUY,RANGING,UP,DETECTOR,2.2,13.61,0.0016164584864070538,,False,2026-03-09 13:00:00
Equal-High_2026.03.09 14:30__ep1,w2,INVALIDATED_NO_BREAK,Equal-High,PERIOD_M30,SELL,RANGING,DOWN,DETECTOR,72.7,20.33071,0.035758711820689,,False,2026-03-09 15:00:00
Equal-High_2026.03.09 15:30__ep1,w2,INVALIDATED_NO_BREAK,Equal-High,PERIOD_M30,SELL,RANGING,DOWN,DETECTOR,281.1,21.10857,0.13316866088039125,,False,2026-03-09 16:00:00
Equal-High_2026.03.09 16:30__ep1,w2,INVALIDATED_NO_BREAK,Equal-High,PERIOD_M30,SELL,RANGING,DOWN,DETECTOR,84.5,23.31214,0.03624720853598168,,False,2026-03-09 17:00:00
Equal-High_2026.03.09 17:30__ep1,w2,INVALIDATED_NO_BREAK,Equal-High,PERIOD_M30,SELL,RANGING,DOWN,DETECTOR,26.3,22.97214,0.011448650408712468,,False,2026-03-09 18:00:00
Asia-High_2026.03.10__ep1,w2,INVALIDATED_NO_BREAK,Asia-High,PERIOD_H1,SELL,RANGING,UP,DETECTOR,37.3,27.15786,0.013734513691432242,0.0,True,2026-03-10 00:00:00
Asia-High_2026.03.10__ep8,w2,INVALIDATED_NO_BREAK,Asia-High,PERIOD_H1,SELL,RANGING,UP,DETECTOR,45.5,21.60286,0.021062026046551243,43200.0,True,2026-03-10 12:00:00
Asia-Low_2026.03.11__ep5,w2,INVALIDATED_NO_BREAK,Asia-Low,PERIOD_H1,BUY,WEAK_TREND,DOWN,DETECTOR,14.4,17.75071,0.008112351562275537,46800.0,True,2026-03-11 13:00:00
Equal-Low_2026.03.11 02:10__ep1,w2,TRUE_BREAK_OBSERVED,Equal-Low,PERIOD_M5,BUY,RANGING,UP,DETECTOR,47.9,4.61929,0.10369558958194873,,False,2026-03-11 02:15:00
Equal-High_2026.03.11 09:00__ep1,w2,INVALIDATED_NO_BREAK,Equal-High,PERIOD_H1,SELL,RANGING,DOWN,DETECTOR,32.7,21.21714,0.01541206779047506,,False,2026-03-11 10:00:00
Equal-Low_2026.03.11 15:00__ep2,w2,INVALIDATED_NO_BREAK,Equal-Low,PERIOD_H1,BUY,STRONG_TREND,DOWN,DETECTOR,203.9,21.37214,0.09540457810963245,,False,2026-03-11 16:00:00
Equal-Low_2026.03.11 19:00__ep2,w2,INVALIDATED_NO_BREAK,Equal-Low,PERIOD_H1,BUY,STRONG_TREND,DOWN,DETECTOR,133.0,20.59714,0.06457207165655038,,False,2026-03-11 20:00:00
Daily-Low_2026.03.11__ep1,w2,INVALIDATED_NO_BREAK,Daily-Low,PERIOD_M15,BUY,WEAK_TREND,UP,DETECTOR,26.1,10.455,0.02496413199426112,90900.0,True,2026-03-12 01:15:00
Daily-Low_2026.03.11__ep3,w2,INVALIDATED_NO_BREAK,Daily-Low,PERIOD_M30,BUY,WEAK_TREND,UP,DETECTOR,34.1,15.87357,0.02148225005465059,95400.0,True,2026-03-12 02:30:00
Daily-Low_2026.03.11__ep10,w2,INVALIDATED_NO_BREAK,Daily-Low,PERIOD_H1,BUY,STRONG_TREND,DOWN,DETECTOR,39.4,23.06929,0.017078982491442088,108000.0,True,2026-03-12 06:00:00
Daily-Low_2026.03.11__ep16,w2,INVALIDATED_NO_BREAK,Daily-Low,PERIOD_H1,BUY,WEAK_TREND,UP,DETECTOR,19.5,20.75143,0.00939694276490825,144000.0,True,2026-03-12 16:00:00
Equal-Low_2026.03.12 03:00__ep1,w2,INVALIDATED_NO_BREAK,Equal-Low,PERIOD_H1,BUY,STRONG_TREND,DOWN,DETECTOR,137.5,23.815,0.057736720554272515,,False,2026-03-12 04:00:00
Asia-High_2026.03.12__ep1,w2,INVALIDATED_NO_BREAK,Asia-High,PERIOD_D1,SELL,STRONG_TREND,UP,DETECTOR,469.6,143.31286,0.03276747111180393,0.0,True,2026-03-12 00:00:00
Asia-High_2026.03.12__ep6,w2,INVALIDATED_NO_BREAK,Asia-High,PERIOD_H1,SELL,WEAK_TREND,UP,DETECTOR,37.0,19.66786,0.018812417822782954,54000.0,True,2026-03-12 15:00:00
Equal-High_2026.03.12 09:45__ep1,w2,INVALIDATED_NO_BREAK,Equal-High,PERIOD_M15,SELL,WEAK_TREND,DOWN,DETECTOR,15.6,8.58857,0.018163675675927422,,False,2026-03-12 10:00:00
Equal-High_2026.03.13 01:25__ep1,w2,INVALIDATED_NO_BREAK,Equal-High,PERIOD_M5,SELL,RANGING,UP,DETECTOR,27.5,4.88,0.05635245901639345,,False,2026-03-13 01:30:00
Asia-Low_2026.03.13__ep1,w2,INVALIDATED_NO_BREAK,Asia-Low,PERIOD_H1,BUY,STRONG_TREND,UP,DETECTOR,6.7,22.79143,0.002939701457960295,7200.0,True,2026-03-13 02:00:00
Asia-Low_2026.03.13__ep5,w2,INVALIDATED_NO_BREAK,Asia-Low,PERIOD_M15,BUY,STRONG_TREND,DOWN,DETECTOR,44.1,11.63929,0.0378889090313928,38700.0,True,2026-03-13 10:45:00
Equal-Low_2026.03.13 05:15__ep1,w2,INVALIDATED_NO_BREAK,Equal-Low,PERIOD_M15,BUY,STRONG_TREND,DOWN,DETECTOR,15.9,7.67357,0.020720473000181143,,False,2026-03-13 05:30:00
Equal-Low_2026.03.13 05:30__ep1,w2,INVALIDATED_NO_BREAK,Equal-Low,PERIOD_M15,BUY,STRONG_TREND,DOWN,DETECTOR,17.7,7.31786,0.02418739904835567,,False,2026-03-13 05:45:00
Equal-High_2026.03.13 11:10__ep1,w2,INVALIDATED_NO_BREAK,Equal-High,PERIOD_M5,SELL,STRONG_TREND,DOWN,DETECTOR,17.4,7.265,0.023950447350309705,,False,2026-03-13 11:15:00
Daily-Low_2026.03.12__ep1,w2,INVALIDATED_NO_BREAK,Daily-Low,PERIOD_M15,BUY,STRONG_TREND,UP,DETECTOR,140.8,16.58429,0.08489962488596137,148500.0,True,2026-03-13 17:15:00
Daily-Low_2026.03.12__ep3,w2,INVALIDATED_NO_BREAK,Daily-Low,PERIOD_M15,BUY,STRONG_TREND,UP,DETECTOR,18.8,19.68714,0.009549380966458307,155700.0,True,2026-03-13 19:15:00
Weekly-Low_2026.03.08__ep3,w2,INVALIDATED_NO_BREAK,Weekly-Low,PERIOD_H1,BUY,WEAK_TREND,DOWN,DETECTOR,153.2,27.78929,0.05512915227413151,694800.0,True,2026-03-16 01:00:00
Weekly-Low_2026.03.08__ep13,w2,INVALIDATED_NO_BREAK,Weekly-Low,PERIOD_H1,BUY,STRONG_TREND,DOWN,DETECTOR,24.6,28.33143,0.008682936230186757,723600.0,True,2026-03-16 09:00:00
Weekly-Low_2026.03.08__ep20,w2,INVALIDATED_NO_BREAK,Weekly-Low,PERIOD_M15,BUY,WEAK_TREND,UP,DETECTOR,21.2,11.755,0.018034878774989365,767700.0,True,2026-03-16 21:15:00
Weekly-Low_2026.03.08__ep26,w2,INVALIDATED_NO_BREAK,Weekly-Low,PERIOD_H1,BUY,RANGING,UP,DETECTOR,31.3,23.84,0.013129194630872483,784800.0,True,2026-03-17 02:00:00
Weekly-Low_2026.03.08__ep27,w2,INVALIDATED_NO_BREAK,Weekly-Low,PERIOD_M15,BUY,RANGING,DOWN,DETECTOR,5.8,8.68786,0.006675982347781846,789300.0,True,2026-03-17 03:15:00
Asia-Low_2026.03.16__ep1,w2,INVALIDATED_NO_BREAK,Asia-Low,PERIOD_H1,BUY,STRONG_TREND,DOWN,DETECTOR,8.0,30.09786,0.0026579962827921987,7200.0,True,2026-03-16 02:00:00
Asia-Low_2026.03.16__ep2,w2,INVALIDATED_NO_BREAK,Asia-Low,PERIOD_M15,BUY,STRONG_TREND,UP,DETECTOR,26.0,11.50357,0.022601679304772346,40500.0,True,2026-03-16 11:15:00
Asia-Low_2026.03.16__ep7,w2,INVALIDATED_NO_BREAK,Asia-Low,PERIOD_M15,BUY,STRONG_TREND,UP,DETECTOR,43.9,14.53143,0.03021037846929036,67500.0,True,2026-03-16 18:45:00
Equal-High_2026.03.16 02:45__ep1,w2,INVALIDATED_NO_BREAK,Equal-High,PERIOD_M15,SELL,STRONG_TREND,DOWN,DETECTOR,35.9,19.665,0.0182557843885075,,False,2026-03-16 03:00:00
Asia-High_2026.03.16__ep1,w2,INVALIDATED_NO_BREAK,Asia-High,PERIOD_D1,SELL,WEAK_TREND,DOWN,DETECTOR,1028.0,142.63857,0.07207026823109626,0.0,True,2026-03-16 00:00:00
Equal-High_2026.03.16 08:30__ep1,w2,INVALIDATED_NO_BREAK,Equal-High,PERIOD_M15,SELL,RANGING,UP,DETECTOR,37.8,8.27071,0.04570345230336936,,False,2026-03-16 08:45:00
Equal-Low_2026.03.16 10:15__ep1,w2,INVALIDATED_NO_BREAK,Equal-Low,PERIOD_M15,BUY,WEAK_TREND,UP,DETECTOR,1.0,10.55429,0.0009474820191599815,,False,2026-03-16 10:30:00
Equal-Low_2026.03.16 13:45__ep1,w2,INVALIDATED_NO_BREAK,Equal-Low,PERIOD_M15,BUY,STRONG_TREND,UP,DETECTOR,0.8,12.63857,0.0006329830036151242,,False,2026-03-16 14:00:00
Equal-Low_2026.03.16 14:00__ep1,w2,INVALIDATED_NO_BREAK,Equal-Low,PERIOD_M15,BUY,WEAK_TREND,DOWN,DETECTOR,87.3,12.54929,0.06956568857680395,,False,2026-03-16 14:15:00
Equal-High_2026.03.16 15:15__ep1,w2,INVALIDATED_NO_BREAK,Equal-High,PERIOD_M15,SELL,WEAK_TREND,UP,DETECTOR,48.5,13.01357,0.037268789425192315,,False,2026-03-16 15:30:00
Asia-Low_2026.03.17__ep1,w2,INVALIDATED_NO_BREAK,Asia-Low,PERIOD_D1,BUY,WEAK_TREND,UP,DETECTOR,236.2,136.535,0.0172995935108214,0.0,True,2026-03-17 00:00:00
Asia-Low_2026.03.17__ep3,w2,INVALIDATED_NO_BREAK,Asia-Low,PERIOD_H1,BUY,RANGING,UP,DETECTOR,54.3,17.68071,0.0307114363620013,46800.0,True,2026-03-17 13:00:00
Asia-Low_2026.03.17__ep7,w2,INVALIDATED_NO_BREAK,Asia-Low,PERIOD_H4,BUY,STRONG_TREND,DOWN,DETECTOR,76.8,46.86357,0.016387996048956577,72000.0,True,2026-03-17 20:00:00
Equal-High_2026.03.17 11:10__ep1,w2,INVALIDATED_NO_BREAK,Equal-High,PERIOD_M5,SELL,WEAK_TREND,UP,DETECTOR,31.4,5.47643,0.05733662258076886,,False,2026-03-17 11:15:00
Equal-High_2026.03.17 14:10__ep1,w2,INVALIDATED_NO_BREAK,Equal-High,PERIOD_M5,SELL,WEAK_TREND,UP,DETECTOR,15.7,3.99929,0.03925696811183985,,False,2026-03-17 14:15:00
Equal-High_2026.03.17 17:10__ep1,w2,TRUE_BREAK_OBSERVED,Equal-High,PERIOD_M5,SELL,RANGING,DOWN,DETECTOR,31.1,7.01,0.044365192582025675,,False,2026-03-17 17:15:00
Asia-Low_2026.03.18__ep1,w2,INVALIDATED_NO_BREAK,Asia-Low,PERIOD_D1,BUY,STRONG_TREND,DOWN,DETECTOR,107.7,134.77214,0.007991265850642424,0.0,True,2026-03-18 00:00:00
Equal-High_2026.03.18 03:30__ep1,w2,INVALIDATED_NO_BREAK,Equal-High,PERIOD_M15,SELL,WEAK_TREND,DOWN,DETECTOR,47.1,6.99643,0.06732004750994436,,False,2026-03-18 03:45:00
Daily-Low_2026.03.18__ep2,w2,INVALIDATED_NO_BREAK,Daily-Low,PERIOD_H1,BUY,VOLATILE,DOWN,DETECTOR,277.1,34.07143,0.08132913705118923,90000.0,True,2026-03-19 01:00:00
Daily-Low_2026.03.18__ep3,w2,INVALIDATED_NO_BREAK,Daily-Low,PERIOD_H4,BUY,STRONG_TREND,UP,DETECTOR,431.7,46.935,0.091978267817194,100800.0,True,2026-03-19 04:00:00
Equal-High_2026.03.19 01:25__ep1,w2,INVALIDATED_NO_BREAK,Equal-High,PERIOD_M5,SELL,RANGING,DOWN,DETECTOR,19.6,8.21786,0.02385049149048536,,False,2026-03-19 01:30:00
Asia-High_2026.03.19__ep1,w2,TRUE_BREAK_OBSERVED,Asia-High,PERIOD_D1,SELL,STRONG_TREND,DOWN,DETECTOR,1960.1,144.35429,0.1357839798179881,0.0,True,2026-03-19 00:00:00
Asia-Low_2026.03.20__ep2,w2,INVALIDATED_NO_BREAK,Asia-Low,PERIOD_D1,BUY,STRONG_TREND,DOWN,DETECTOR,75.4,162.25143,0.004647108503142315,0.0,True,2026-03-20 00:00:00
Asia-Low_2026.03.20__ep3,w2,INVALIDATED_NO_BREAK,Asia-Low,PERIOD_H4,BUY,VOLATILE,DOWN,DETECTOR,380.4,77.40786,0.04914229640245835,14400.0,True,2026-03-20 04:00:00
Weekly-Low_2026.03.15__ep3,w2,INVALIDATED_NO_BREAK,Weekly-Low,PERIOD_H1,BUY,WEAK_TREND,DOWN,DETECTOR,208.3,51.62214,0.040350903701396344,694800.0,True,2026-03-23 01:00:00
Weekly-Low_2026.03.15__ep5,w2,TRUE_BREAK_OBSERVED,Weekly-Low,PERIOD_M15,BUY,WEAK_TREND,UP,DETECTOR,12.5,60.68071,0.002059962713026924,745200.0,True,2026-03-23 15:00:00
Weekly-Low_2026.03.15__ep15,w2,INVALIDATED_NO_BREAK,Weekly-Low,PERIOD_H1,BUY,WEAK_TREND,UP,DETECTOR,324.6,30.07,0.1079481210508813,1098000.0,True,2026-03-27 17:00:00
Monthly-Low_2026.02.01__ep1,w2,INVALIDATED_NO_BREAK,Monthly-Low,PERIOD_M15,BUY,VOLATILE,DOWN,DETECTOR,48.9,42.70714,0.011450076029441446,4331700.0,True,2026-03-23 03:15:00
Monthly-Low_2026.02.01__ep4,w2,INVALIDATED_NO_BREAK,Monthly-Low,PERIOD_M15,BUY,WEAK_TREND,DOWN,DETECTOR,91.7,55.24143,0.01659985992397373,4369500.0,True,2026-03-23 13:45:00
Monthly-Low_2026.02.01__ep10,w2,INVALIDATED_NO_BREAK,Monthly-Low,PERIOD_H1,BUY,WEAK_TREND,DOWN,DETECTOR,230.8,94.13071,0.02451909690259428,4392000.0,True,2026-03-23 20:00:00
Monthly-Low_2026.02.01__ep13,w2,INVALIDATED_NO_BREAK,Monthly-Low,PERIOD_H1,BUY,WEAK_TREND,DOWN,DETECTOR,458.6,96.49643,0.04752507424367928,4395600.0,True,2026-03-23 21:00:00
Monthly-Low_2026.02.01__ep20,w2,INVALIDATED_NO_BREAK,Monthly-Low,PERIOD_H1,BUY,WEAK_TREND,DOWN,DETECTOR,36.6,86.72286,0.004220340519212582,4406400.0,True,2026-03-24 00:00:00
Monthly-Low_2026.02.01__ep27,w2,INVALIDATED_NO_BREAK,Monthly-Low,PERIOD_H1,BUY,RANGING,UP,DETECTOR,141.3,56.02929,0.025218952444337594,4442400.0,True,2026-03-24 10:00:00
Monthly-Low_2026.02.01__ep29,w2,INVALIDATED_NO_BREAK,Monthly-Low,PERIOD_H1,BUY,RANGING,UP,DETECTOR,88.4,53.29,0.016588478138487524,4446000.0,True,2026-03-24 11:00:00
Monthly-Low_2026.02.01__ep31,w2,INVALIDATED_NO_BREAK,Monthly-Low,PERIOD_H1,BUY,WEAK_TREND,UP,DETECTOR,231.7,51.14357,0.04530383780404848,4449600.0,True,2026-03-24 12:00:00
Monthly-Low_2026.02.01__ep34,w2,INVALIDATED_NO_BREAK,Monthly-Low,PERIOD_H1,BUY,WEAK_TREND,UP,DETECTOR,47.9,51.57929,0.009286673003835453,4456800.0,True,2026-03-24 14:00:00
Monthly-Low_2026.02.01__ep52,w2,INVALIDATED_NO_BREAK,Monthly-Low,PERIOD_H1,BUY,WEAK_TREND,DOWN,DETECTOR,81.8,40.28929,0.02030316245334678,4669200.0,True,2026-03-27 01:00:00
Asia-High_2026.03.24__ep1,w2,INVALIDATED_NO_BREAK,Asia-High,PERIOD_H4,SELL,STRONG_TREND,DOWN,DETECTOR,1245.4,123.03929,0.10121969982108968,14400.0,True,2026-03-24 04:00:00
Asia-Low_2026.03.25__ep1,w2,INVALIDATED_NO_BREAK,Asia-Low,PERIOD_H1,BUY,WEAK_TREND,UP,DETECTOR,186.7,35.47643,0.05262649032047475,43200.0,True,2026-03-25 12:00:00
Asia-Low_2026.03.25__ep11,w2,INVALIDATED_NO_BREAK,Asia-Low,PERIOD_H1,BUY,RANGING,UP,DETECTOR,49.7,32.345,0.015365589735662393,75600.0,True,2026-03-25 21:00:00
Asia-Low_2026.03.26__ep4,w2,INVALIDATED_NO_BREAK,Asia-Low,PERIOD_M15,BUY,WEAK_TREND,DOWN,DETECTOR,37.9,21.38214,0.01772507335561361,38700.0,True,2026-03-26 10:45:00
Asia-Low_2026.03.27__ep1,w2,INVALIDATED_NO_BREAK,Asia-Low,PERIOD_D1,BUY,STRONG_TREND,DOWN,DETECTOR,28.3,183.05786,0.001545959293963122,0.0,True,2026-03-27 00:00:00
Daily-High_2026.03.27__ep1,w2,INVALIDATED_NO_BREAK,Daily-High,PERIOD_M15,SELL,STRONG_TREND,UP,DETECTOR,112.5,15.57214,0.07224440571430774,319500.0,True,2026-03-30 16:45:00
Daily-High_2026.03.27__ep4,w2,INVALIDATED_NO_BREAK,Daily-High,PERIOD_H4,SELL,WEAK_TREND,DOWN,DETECTOR,156.1,67.64571,0.023076112291525952,331200.0,True,2026-03-30 20:00:00
Equal-Low_2026.03.30 17:00__ep1,w2,INVALIDATED_NO_BREAK,Equal-Low,PERIOD_M15,BUY,STRONG_TREND,UP,DETECTOR,100.0,17.78429,0.05622940246700881,,False,2026-03-30 17:15:00
Equal-Low_2026.03.31 03:15__ep1,w2,TRUE_BREAK_OBSERVED,Equal-Low,PERIOD_M15,BUY,RANGING,DOWN,DETECTOR,197.6,13.77714,0.14342599407424184,,False,2026-03-31 03:30:00
Weekly-High_2026.03.22__ep5,w2,INVALIDATED_NO_BREAK,Weekly-High,PERIOD_H1,SELL,RANGING,UP,DETECTOR,32.5,33.33286,0.009750138451966019,842400.0,True,2026-03-31 18:00:00
Weekly-High_2026.03.22__ep8,w2,INVALIDATED_NO_BREAK,Weekly-High,PERIOD_M15,SELL,RANGING,DOWN,DETECTOR,22.7,15.18571,0.014948263861222163,1003500.0,True,2026-04-02 14:45:00
Weekly-High_2026.03.22__ep9,w2,INVALIDATED_NO_BREAK,Weekly-High,PERIOD_H1,SELL,STRONG_TREND,DOWN,DETECTOR,22.6,45.36571,0.004981736205605511,1004400.0,True,2026-04-02 15:00:00
Daily-High_2026.03.30__ep3,w2,INVALIDATED_NO_BREAK,Daily-High,PERIOD_H4,SELL,RANGING,UP,DETECTOR,121.6,65.415,0.01858900863716273,129600.0,True,2026-03-31 12:00:00
Equal-High_2026.03.31 14:10__ep1,w2,INVALIDATED_NO_BREAK,Equal-High,PERIOD_M5,SELL,RANGING,DOWN,DETECTOR,110.3,8.43286,0.13079785505747754,,False,2026-03-31 14:15:00
Daily-High_2026.03.31__ep1,w2,INVALIDATED_NO_BREAK,Daily-High,PERIOD_M15,SELL,STRONG_TREND,UP,DETECTOR,25.8,12.66214,0.02037570268532807,92700.0,True,2026-04-01 01:45:00
Daily-High_2026.03.31__ep9,w2,INVALIDATED_NO_BREAK,Daily-High,PERIOD_H1,SELL,STRONG_TREND,UP,DETECTOR,28.2,27.22857,0.01035676864411168,118800.0,True,2026-04-01 09:00:00
Asia-High_2026.04.01__ep7,w2,INVALIDATED_NO_BREAK,Asia-High,PERIOD_H1,SELL,STRONG_TREND,UP,DETECTOR,18.0,28.35643,0.006347766626475899,50400.0,True,2026-04-01 14:00:00
Equal-High_2026.04.01 22:55__ep1,w2,INVALIDATED_NO_BREAK,Equal-High,PERIOD_M5,SELL,STRONG_TREND,UP,DETECTOR,1.8,6.44,0.0027950310559006213,,False,2026-04-01 23:00:00
Daily-Low_2026.04.01__ep1,w2,INVALIDATED_NO_BREAK,Daily-Low,PERIOD_M15,BUY,WEAK_TREND,UP,DETECTOR,280.9,22.95714,0.12235844708879241,103500.0,True,2026-04-02 04:45:00
Daily-Low_2026.04.01__ep4,w2,INVALIDATED_NO_BREAK,Daily-Low,PERIOD_H1,BUY,STRONG_TREND,UP,DETECTOR,249.7,36.76143,0.06792445234040134,108000.0,True,2026-04-02 06:00:00
Daily-Low_2026.04.01__ep6,w2,INVALIDATED_NO_BREAK,Daily-Low,PERIOD_H1,BUY,WEAK_TREND,UP,DETECTOR,109.2,35.69929,0.03058884364366911,115200.0,True,2026-04-02 08:00:00
Daily-Low_2026.04.01__ep7,w2,TRUE_BREAK_OBSERVED,Daily-Low,PERIOD_M30,BUY,WEAK_TREND,DOWN,DETECTOR,35.2,28.91286,0.012174513348039593,149400.0,True,2026-04-02 17:30:00
Asia-High_2026.04.06__ep1,w2,INVALIDATED_NO_BREAK,Asia-High,PERIOD_D1,SELL,STRONG_TREND,DOWN,DETECTOR,1226.5,203.69071,0.06021384087668996,0.0,True,2026-04-06 00:00:00
Asia-High_2026.04.06__ep11,w2,INVALIDATED_NO_BREAK,Asia-High,PERIOD_H4,SELL,WEAK_TREND,UP,DETECTOR,185.0,68.22857,0.027114740936238294,72000.0,True,2026-04-06 20:00:00
Equal-Low_2026.04.06 05:15__ep1,w2,INVALIDATED_NO_BREAK,Equal-Low,PERIOD_M15,BUY,WEAK_TREND,DOWN,DETECTOR,182.2,19.405,0.09389332646225199,,False,2026-04-06 05:30:00
Equal-Low_2026.04.06 07:00__ep1,w2,INVALIDATED_NO_BREAK,Equal-Low,PERIOD_M15,BUY,WEAK_TREND,UP,DETECTOR,5.5,15.77,0.0034876347495244138,,False,2026-04-06 07:15:00
Equal-Low_2026.04.06 07:15__ep1,w2,INVALIDATED_NO_BREAK,Equal-Low,PERIOD_M15,BUY,WEAK_TREND,UP,DETECTOR,37.3,15.41714,0.024193851777956223,,False,2026-04-06 07:30:00
Equal-Low_2026.04.06 18:15__ep1,w2,INVALIDATED_NO_BREAK,Equal-Low,PERIOD_M15,BUY,WEAK_TREND,UP,DETECTOR,74.8,16.76143,0.0446262639882158,,False,2026-04-06 18:30:00
Asia-High_2026.04.07__ep1,w2,INVALIDATED_NO_BREAK,Asia-High,PERIOD_D1,SELL,WEAK_TREND,DOWN,DETECTOR,284.1,206.195,0.013778219646451177,0.0,True,2026-04-07 00:00:00
Asia-High_2026.04.07__ep3,w2,INVALIDATED_NO_BREAK,Asia-High,PERIOD_M15,SELL,RANGING,UP,DETECTOR,21.1,16.185,0.013036762434352799,49500.0,True,2026-04-07 13:45:00
Asia-High_2026.04.07__ep4,w2,TRUE_BREAK_OBSERVED,Asia-High,PERIOD_H1,SELL,RANGING,DOWN,DETECTOR,123.9,25.43071,0.048720621642101225,50400.0,True,2026-04-07 14:00:00
Asia-High_2026.04.07__ep6,w2,TRUE_BREAK_OBSERVED,Asia-High,PERIOD_M15,SELL,RANGING,UP,DETECTOR,77.2,16.81786,0.04590358107392974,56700.0,True,2026-04-07 15:45:00
Equal-High_2026.04.07 01:55__ep1,w2,INVALIDATED_NO_BREAK,Equal-High,PERIOD_M5,SELL,STRONG_TREND,UP,DETECTOR,0.2,4.71143,0.0004244995680716895,,False,2026-04-07 02:00:00
Equal-Low_2026.04.07 14:00__ep1,w2,INVALIDATED_NO_BREAK,Equal-Low,PERIOD_M30,BUY,WEAK_TREND,UP,DETECTOR,23.2,21.16357,0.01096223368741663,,False,2026-04-07 14:30:00
Daily-High_2026.04.06__ep1,w2,INVALIDATED_NO_BREAK,Daily-High,PERIOD_H1,SELL,WEAK_TREND,UP,DETECTOR,58.7,33.15429,0.01770509940040942,169200.0,True,2026-04-07 23:00:00
Asia-Low_2026.04.08__ep2,w2,INVALIDATED_NO_BREAK,Asia-Low,PERIOD_M15,BUY,WEAK_TREND,UP,DETECTOR,35.5,13.745,0.025827573663150236,49500.0,True,2026-04-08 13:45:00
Asia-Low_2026.04.08__ep3,w2,INVALIDATED_NO_BREAK,Asia-Low,PERIOD_M30,BUY,WEAK_TREND,DOWN,DETECTOR,17.6,17.85786,0.009855604198935372,52200.0,True,2026-04-08 14:30:00
Weekly-High_2026.03.29__ep4,w2,INVALIDATED_NO_BREAK,Weekly-High,PERIOD_H1,SELL,STRONG_TREND,DOWN,DETECTOR,27.9,38.875,0.00717684887459807,889200.0,True,2026-04-08 07:00:00
Weekly-High_2026.03.29__ep6,w2,INVALIDATED_NO_BREAK,Weekly-High,PERIOD_M15,SELL,WEAK_TREND,UP,DETECTOR,68.0,14.25214,0.04771213305510611,906300.0,True,2026-04-08 11:45:00
Weekly-High_2026.03.29__ep7,w2,TRUE_BREAK_OBSERVED,Weekly-High,PERIOD_H1,SELL,WEAK_TREND,DOWN,DETECTOR,64.5,36.04071,0.01789642878844507,907200.0,True,2026-04-08 12:00:00
Weekly-High_2026.03.29__ep17,w2,INVALIDATED_NO_BREAK,Weekly-High,PERIOD_H4,SELL,WEAK_TREND,UP,DETECTOR,397.6,56.79357,0.07000792519293998,936000.0,True,2026-04-08 20:00:00
Weekly-High_2026.03.29__ep21,w2,INVALIDATED_NO_BREAK,Weekly-High,PERIOD_H1,SELL,STRONG_TREND,UP,DETECTOR,114.4,22.15071,0.05164620005408405,1022400.0,True,2026-04-09 20:00:00
Weekly-High_2026.03.29__ep24,w2,INVALIDATED_NO_BREAK,Weekly-High,PERIOD_D1,SELL,WEAK_TREND,DOWN,DETECTOR,346.5,186.68929,0.018560250563918263,1036800.0,True,2026-04-10 00:00:00
Equal-Low_2026.04.08 16:45__ep1,w2,INVALIDATED_NO_BREAK,Equal-Low,PERIOD_M15,BUY,RANGING,DOWN,DETECTOR,85.0,15.29571,0.05557113726659305,,False,2026-04-08 17:00:00
Daily-High_2026.04.07__ep2,w2,INVALIDATED_NO_BREAK,Daily-High,PERIOD_H1,SELL,STRONG_TREND,DOWN,DETECTOR,134.6,31.97214,0.042099152574710356,165600.0,True,2026-04-08 22:00:00
Daily-Low_2026.04.08__ep7,w2,INVALIDATED_NO_BREAK,Daily-Low,PERIOD_H4,BUY,RANGING,UP,DETECTOR,212.4,58.23,0.03647604327666152,115200.0,True,2026-04-09 08:00:00
Equal-High_2026.04.09 10:40__ep1,w2,INVALIDATED_NO_BREAK,Equal-High,PERIOD_M5,SELL,RANGING,UP,DETECTOR,6.9,8.76357,0.007873503606406979,,False,2026-04-09 10:45:00
Asia-High_2026.04.10__ep2,w2,INVALIDATED_NO_BREAK,Asia-High,PERIOD_H4,SELL,WEAK_TREND,UP,DETECTOR,15.2,53.72,0.002829486224869695,14400.0,True,2026-04-10 04:00:00
Asia-High_2026.04.10__ep4,w2,INVALIDATED_NO_BREAK,Asia-High,PERIOD_H1,SELL,WEAK_TREND,DOWN,DETECTOR,53.0,17.61929,0.03008066726865839,57600.0,True,2026-04-10 16:00:00
Asia-High_2026.04.10__ep13,w2,INVALIDATED_NO_BREAK,Asia-High,PERIOD_H4,SELL,RANGING,UP,DETECTOR,132.5,43.66143,0.03034715079190031,72000.0,True,2026-04-10 20:00:00
Equal-High_2026.04.10 20:25__ep1,w2,INVALIDATED_NO_BREAK,Equal-High,PERIOD_M5,SELL,RANGING,UP,DETECTOR,32.6,5.855,0.05567890691716482,,False,2026-04-10 20:30:00
Equal-Low_2026.04.10 21:10__ep1,w2,INVALIDATED_NO_BREAK,Equal-Low,PERIOD_M5,BUY,RANGING,UP,DETECTOR,53.8,5.80071,0.092747267144884,,False,2026-04-10 21:15:00
Equal-Low_2026.04.10 23:15__ep1,w2,INVALIDATED_NO_BREAK,Equal-Low,PERIOD_M15,BUY,WEAK_TREND,UP,DETECTOR,41.8,7.42357,0.05630714063449257,,False,2026-04-10 23:30:00
Asia-Low_2026.04.13__ep1,w2,INVALIDATED_NO_BREAK,Asia-Low,PERIOD_D1,BUY,WEAK_TREND,DOWN,DETECTOR,113.2,172.83571,0.00654957242343032,0.0,True,2026-04-13 00:00:00
Asia-Low_2026.04.13__ep3,w2,INVALIDATED_NO_BREAK,Asia-Low,PERIOD_H4,BUY,RANGING,UP,DETECTOR,512.1,45.46,0.11264848218213815,14400.0,True,2026-04-13 04:00:00
Asia-High_2026.04.13__ep1,w2,INVALIDATED_NO_BREAK,Asia-High,PERIOD_D1,SELL,WEAK_TREND,DOWN,DETECTOR,277.1,172.83571,0.016032566418131996,0.0,True,2026-04-13 00:00:00
Asia-High_2026.04.13__ep2,w2,INVALIDATED_NO_BREAK,Asia-High,PERIOD_M5,SELL,RANGING,UP,DETECTOR,7.1,4.54929,0.015606830956039293,41400.0,True,2026-04-13 11:30:00
Asia-High_2026.04.13__ep6,w2,INVALIDATED_NO_BREAK,Asia-High,PERIOD_M30,SELL,RANGING,DOWN,DETECTOR,23.3,16.34643,0.014253876840386554,70200.0,True,2026-04-13 19:30:00
Asia-High_2026.04.13__ep7,w2,INVALIDATED_NO_BREAK,Asia-High,PERIOD_H1,SELL,RANGING,UP,DETECTOR,28.8,20.23071,0.014235783123775688,75600.0,True,2026-04-13 21:00:00
Asia-High_2026.04.13__ep9,w2,INVALIDATED_NO_BREAK,Asia-High,PERIOD_M30,SELL,WEAK_TREND,DOWN,DETECTOR,54.3,18.45214,0.02942748104013952,77400.0,True,2026-04-13 21:30:00
Daily-Low_2026.04.10__ep1,w2,INVALIDATED_NO_BREAK,Daily-Low,PERIOD_M30,BUY,WEAK_TREND,DOWN,DETECTOR,10.1,14.48571,0.006972388650608082,293400.0,True,2026-04-13 09:30:00
Daily-Low_2026.04.10__ep2,w2,INVALIDATED_NO_BREAK,Daily-Low,PERIOD_M30,BUY,WEAK_TREND,DOWN,DETECTOR,1.8,13.96643,0.0012888046551624145,297000.0,True,2026-04-13 10:30:00
Daily-Low_2026.04.10__ep4,w2,INVALIDATED_NO_BREAK,Daily-Low,PERIOD_H1,BUY,WEAK_TREND,DOWN,DETECTOR,30.1,25.07929,0.012001934664019597,298800.0,True,2026-04-13 11:00:00
Daily-Low_2026.04.10__ep10,w2,INVALIDATED_NO_BREAK,Daily-Low,PERIOD_H1,BUY,RANGING,DOWN,DETECTOR,24.5,19.30071,0.012693833542911117,331200.0,True,2026-04-13 20:00:00
Daily-Low_2026.04.10__ep13,w2,INVALIDATED_NO_BREAK,Daily-Low,PERIOD_M15,BUY,WEAK_TREND,DOWN,DETECTOR,28.8,11.28214,0.025527071991661158,337500.0,True,2026-04-13 21:45:00
Equal-Low_2026.04.13 13:55__ep1,w2,INVALIDATED_NO_BREAK,Equal-Low,PERIOD_M5,BUY,STRONG_TREND,DOWN,DETECTOR,19.0,3.85,0.04935064935064935,,False,2026-04-13 14:00:00
Equal-Low_2026.04.13 15:00__ep1,w2,INVALIDATED_NO_BREAK,Equal-Low,PERIOD_M15,BUY,RANGING,DOWN,DETECTOR,87.5,9.25,0.0945945945945946,,False,2026-04-13 15:15:00
Equal-Low_2026.04.13 15:15__ep1,w2,INVALIDATED_NO_BREAK,Equal-Low,PERIOD_M15,BUY,RANGING,DOWN,DETECTOR,20.6,9.575,0.02151436031331593,,False,2026-04-13 15:30:00
Equal-High_2026.04.13 17:00__ep2,w2,INVALIDATED_NO_BREAK,Equal-High,PERIOD_M30,SELL,RANGING,DOWN,DETECTOR,136.8,14.66357,0.09329242469603242,,False,2026-04-13 17:30:00
Equal-High_2026.04.13 17:55__ep1,w2,INVALIDATED_NO_BREAK,Equal-High,PERIOD_M5,SELL,WEAK_TREND,UP,DETECTOR,10.9,9.06357,0.012026166289883566,,False,2026-04-13 18:00:00
Equal-Low_2026.04.13 18:25__ep1,w2,TRUE_BREAK_OBSERVED,Equal-Low,PERIOD_M5,BUY,STRONG_TREND,DOWN,DETECTOR,0.7,7.48,0.0009358288770053475,,False,2026-04-13 18:30:00
Equal-High_2026.04.13 20:25__ep1,w2,INVALIDATED_NO_BREAK,Equal-High,PERIOD_M5,SELL,STRONG_TREND,UP,DETECTOR,30.5,8.16071,0.03737419905866034,,False,2026-04-13 20:30:00
Daily-High_2026.04.13__ep1,w2,INVALIDATED_NO_BREAK,Daily-High,PERIOD_M15,SELL,WEAK_TREND,UP,DETECTOR,17.4,7.74357,0.022470255967208922,90900.0,True,2026-04-14 01:15:00
Equal-Low_2026.04.14 08:25__ep1,w2,INVALIDATED_NO_BREAK,Equal-Low,PERIOD_M5,BUY,STRONG_TREND,DOWN,DETECTOR,29.7,2.98071,0.09964068963434886,,False,2026-04-14 08:30:00
Asia-High_2026.04.14__ep3,w2,INVALIDATED_NO_BREAK,Asia-High,PERIOD_M30,SELL,STRONG_TREND,UP,DETECTOR,44.9,11.78857,0.03808774092192692,45000.0,True,2026-04-14 12:30:00
Asia-High_2026.04.14__ep5,w2,INVALIDATED_NO_BREAK,Asia-High,PERIOD_M15,SELL,WEAK_TREND,DOWN,DETECTOR,8.7,10.14357,0.008576861992375465,47700.0,True,2026-04-14 13:15:00
Asia-High_2026.04.14__ep8,w2,INVALIDATED_NO_BREAK,Asia-High,PERIOD_H4,SELL,WEAK_TREND,DOWN,DETECTOR,117.5,39.12357,0.03003304657524863,57600.0,True,2026-04-14 16:00:00
Equal-Low_2026.04.14 14:55__ep1,w2,INVALIDATED_NO_BREAK,Equal-Low,PERIOD_M5,BUY,WEAK_TREND,DOWN,DETECTOR,17.4,4.56214,0.03813999570377059,,False,2026-04-14 15:00:00
Equal-High_2026.04.14 23:10__ep1,w2,INVALIDATED_NO_BREAK,Equal-High,PERIOD_M5,SELL,WEAK_TREND,UP,DETECTOR,7.6,3.03857,0.025011765402804607,,False,2026-04-14 23:15:00
Asia-Low_2026.04.15__ep1,w2,INVALIDATED_NO_BREAK,Asia-Low,PERIOD_D1,BUY,WEAK_TREND,DOWN,DETECTOR,901.0,144.07,0.06253904352051086,0.0,True,2026-04-15 00:00:00
Asia-Low_2026.04.15__ep2,w2,INVALIDATED_NO_BREAK,Asia-Low,PERIOD_H1,BUY,WEAK_TREND,DOWN,DETECTOR,1.2,17.30357,0.0006934985092671628,39600.0,True,2026-04-15 11:00:00
Asia-Low_2026.04.15__ep4,w2,INVALIDATED_NO_BREAK,Asia-Low,PERIOD_H1,BUY,WEAK_TREND,UP,DETECTOR,73.8,16.18286,0.04560380550780269,43200.0,True,2026-04-15 12:00:00
Daily-High_2026.04.14__ep1,w2,INVALIDATED_NO_BREAK,Daily-High,PERIOD_M30,SELL,STRONG_TREND,UP,DETECTOR,62.6,12.43,0.050362027353177796,91800.0,True,2026-04-15 01:30:00
Daily-High_2026.04.14__ep3,w2,INVALIDATED_NO_BREAK,Daily-High,PERIOD_H4,SELL,STRONG_TREND,DOWN,DETECTOR,108.8,37.83286,0.028758069043683193,100800.0,True,2026-04-15 04:00:00
Weekly-High_2026.04.05__ep3,w2,INVALIDATED_NO_BREAK,Weekly-High,PERIOD_H4,SELL,STRONG_TREND,DOWN,DETECTOR,326.2,39.42214,0.08274538114876565,892800.0,True,2026-04-15 08:00:00
Weekly-High_2026.04.05__ep6,w2,INVALIDATED_NO_BREAK,Weekly-High,PERIOD_M15,SELL,STRONG_TREND,UP,DETECTOR,25.7,11.4,0.022543859649122807,1111500.0,True,2026-04-17 20:45:00
Equal-High_2026.04.15 15:55__ep1,w2,INVALIDATED_NO_BREAK,Equal-High,PERIOD_M5,SELL,WEAK_TREND,UP,DETECTOR,34.2,4.50571,0.0759036866553773,,False,2026-04-15 16:00:00
Equal-High_2026.04.15 16:10__ep1,w2,INVALIDATED_NO_BREAK,Equal-High,PERIOD_M5,SELL,RANGING,UP,DETECTOR,9.7,4.61143,0.021034689890120847,,False,2026-04-15 16:15:00
Asia-Low_2026.04.16__ep8,w2,INVALIDATED_NO_BREAK,Asia-Low,PERIOD_H1,BUY,WEAK_TREND,UP,DETECTOR,53.5,14.57571,0.03670490151080119,46800.0,True,2026-04-16 13:00:00
Asia-Low_2026.04.16__ep11,w2,INVALIDATED_NO_BREAK,Asia-Low,PERIOD_H4,BUY,STRONG_TREND,UP,DETECTOR,87.0,34.63714,0.025117547233980634,57600.0,True,2026-04-16 16:00:00
Equal-High_2026.04.16 08:30__ep1,w2,INVALIDATED_NO_BREAK,Equal-High,PERIOD_M30,SELL,WEAK_TREND,UP,DETECTOR,91.5,10.01,0.09140859140859141,,False,2026-04-16 09:00:00
Daily-Low_2026.04.15__ep5,w2,INVALIDATED_NO_BREAK,Daily-Low,PERIOD_H1,BUY,RANGING,UP,DETECTOR,24.9,16.52714,0.015066127593763955,151200.0,True,2026-04-16 18:00:00
Daily-Low_2026.04.15__ep6,w2,INVALIDATED_NO_BREAK,Daily-Low,PERIOD_H1,BUY,RANGING,DOWN,DETECTOR,56.9,17.38357,0.03273205676394435,158400.0,True,2026-04-16 20:00:00
Daily-Low_2026.04.15__ep7,w2,INVALIDATED_NO_BREAK,Daily-Low,PERIOD_M15,BUY,STRONG_TREND,DOWN,DETECTOR,7.6,11.52857,0.006592318041179435,161100.0,True,2026-04-16 20:45:00
Equal-High_2026.04.16 22:55__ep1,w2,INVALIDATED_NO_BREAK,Equal-High,PERIOD_M5,SELL,WEAK_TREND,UP,DETECTOR,17.3,3.44286,0.050248920955252324,,False,2026-04-16 23:00:00
Equal-Low_2026.04.17 03:00__ep2,w2,INVALIDATED_NO_BREAK,Equal-Low,PERIOD_H1,BUY,RANGING,DOWN,DETECTOR,78.7,15.65714,0.05026460771251966,,False,2026-04-17 04:00:00
Daily-Low_2026.04.16__ep2,w2,INVALIDATED_NO_BREAK,Daily-Low,PERIOD_M15,BUY,RANGING,DOWN,DETECTOR,46.2,7.64286,0.060448575533242795,103500.0,True,2026-04-17 04:45:00
Daily-Low_2026.04.16__ep4,w2,INVALIDATED_NO_BREAK,Daily-Low,PERIOD_H4,BUY,WEAK_TREND,DOWN,DETECTOR,298.4,31.70929,0.09410491373348315,115200.0,True,2026-04-17 08:00:00
Equal-Low_2026.04.17 06:00__ep1,w2,INVALIDATED_NO_BREAK,Equal-Low,PERIOD_M15,BUY,WEAK_TREND,UP,DETECTOR,100.5,9.85643,0.10196389564984484,,False,2026-04-17 06:15:00
Equal-Low_2026.04.17 06:00__ep2,w2,INVALIDATED_NO_BREAK,Equal-Low,PERIOD_M30,BUY,RANGING,DOWN,DETECTOR,75.7,9.89857,0.07647569295362866,,False,2026-04-17 06:30:00
Equal-High_2026.04.17 06:25__ep1,w2,INVALIDATED_NO_BREAK,Equal-High,PERIOD_M5,SELL,WEAK_TREND,UP,DETECTOR,7.2,3.94143,0.018267481599318017,,False,2026-04-17 06:30:00
Equal-High_2026.04.17 08:45__ep1,w2,INVALIDATED_NO_BREAK,Equal-High,PERIOD_M15,SELL,STRONG_TREND,UP,DETECTOR,39.4,6.07143,0.06489410237785827,,False,2026-04-17 09:00:00
Equal-High_2026.04.17 08:55__ep1,w2,TRUE_BREAK_OBSERVED,Equal-High,PERIOD_M5,SELL,WEAK_TREND,UP,DETECTOR,6.5,4.22714,0.015376826885317258,,False,2026-04-17 09:00:00
Asia-High_2026.04.17__ep1,w2,INVALIDATED_NO_BREAK,Asia-High,PERIOD_D1,SELL,WEAK_TREND,DOWN,DETECTOR,455.4,130.56214,0.03487994299113051,0.0,True,2026-04-17 00:00:00
Equal-High_2026.04.17 08:00__ep1,w2,INVALIDATED_NO_BREAK,Equal-High,PERIOD_H4,SELL,WEAK_TREND,DOWN,DETECTOR,54.3,31.99571,0.016971025178062937,,False,2026-04-17 12:00:00
Equal-Low_2026.04.17 20:10__ep1,w2,INVALIDATED_NO_BREAK,Equal-Low,PERIOD_M5,BUY,WEAK_TREND,DOWN,DETECTOR,3.6,4.49571,0.008007633944360291,,False,2026-04-17 20:15:00
Equal-Low_2026.04.17 20:55__ep1,w2,INVALIDATED_NO_BREAK,Equal-Low,PERIOD_M5,BUY,WEAK_TREND,DOWN,DETECTOR,1.8,5.16071,0.003487892169875851,,False,2026-04-17 21:00:00
Equal-High_2026.04.17 23:00__ep1,w2,INVALIDATED_NO_BREAK,Equal-High,PERIOD_H1,SELL,WEAK_TREND,UP,DETECTOR,53.2,22.08643,0.024087188377659947,,False,2026-04-20 01:00:00
Daily-Low_2026.04.17__ep2,w2,INVALIDATED_NO_BREAK,Daily-Low,PERIOD_H1,BUY,WEAK_TREND,UP,DETECTOR,116.2,26.29429,0.04419210406517918,266400.0,True,2026-04-20 02:00:00
Daily-Low_2026.04.17__ep3,w2,INVALIDATED_NO_BREAK,Daily-Low,PERIOD_H1,BUY,VOLATILE,UP,DETECTOR,47.1,29.51714,0.01595683050593655,273600.0,True,2026-04-20 04:00:00
Equal-High_2026.04.20 05:00__ep2,w2,INVALIDATED_NO_BREAK,Equal-High,PERIOD_H1,SELL,VOLATILE,DOWN,DETECTOR,90.3,30.89714,0.029226006031626228,,False,2026-04-20 06:00:00
Equal-High_2026.04.20 04:00__ep1,w2,INVALIDATED_NO_BREAK,Equal-High,PERIOD_H4,SELL,WEAK_TREND,DOWN,DETECTOR,123.5,40.59571,0.030421933746201266,,False,2026-04-20 08:00:00
Asia-High_2026.04.20__ep1,w2,INVALIDATED_NO_BREAK,Asia-High,PERIOD_M30,SELL,RANGING,UP,DETECTOR,88.0,11.595,0.07589478223372143,55800.0,True,2026-04-20 15:30:00
Asia-High_2026.04.20__ep5,w2,INVALIDATED_NO_BREAK,Asia-High,PERIOD_H4,SELL,RANGING,UP,DETECTOR,87.7,40.31,0.021756387993053832,72000.0,True,2026-04-20 20:00:00
Asia-High_2026.04.20__ep6,w2,INVALIDATED_NO_BREAK,Asia-High,PERIOD_M30,SELL,WEAK_TREND,UP,DETECTOR,8.4,15.37143,0.005464683506999675,77400.0,True,2026-04-20 21:30:00
Asia-High_2026.04.20__ep7,w2,INVALIDATED_NO_BREAK,Asia-High,PERIOD_H1,SELL,WEAK_TREND,UP,DETECTOR,3.3,17.11643,0.0019279721297022802,79200.0,True,2026-04-20 22:00:00
Asia-Low_2026.04.21__ep3,w2,INVALIDATED_NO_BREAK,Asia-Low,PERIOD_M30,BUY,STRONG_TREND,UP,DETECTOR,87.7,9.96857,0.08797651017146893,37800.0,True,2026-04-21 10:30:00
Asia-Low_2026.04.21__ep5,w2,INVALIDATED_NO_BREAK,Asia-Low,PERIOD_H4,BUY,WEAK_TREND,UP,DETECTOR,113.5,39.815,0.02850684415421324,43200.0,True,2026-04-21 12:00:00
Asia-Low_2026.04.21__ep7,w2,INVALIDATED_NO_BREAK,Asia-Low,PERIOD_H1,BUY,STRONG_TREND,UP,DETECTOR,41.7,15.41071,0.027059103701257116,57600.0,True,2026-04-21 16:00:00
Equal-High_2026.04.21 04:00__ep2,w2,INVALIDATED_NO_BREAK,Equal-High,PERIOD_H4,SELL,WEAK_TREND,UP,DETECTOR,121.0,39.17,0.030890988001021188,,False,2026-04-21 08:00:00
Equal-Low_2026.04.21 06:30__ep1,w2,INVALIDATED_NO_BREAK,Equal-Low,PERIOD_M15,BUY,STRONG_TREND,UP,DETECTOR,22.1,7.07143,0.03125251893888507,,False,2026-04-21 06:45:00
Equal-High_2026.04.21 06:00__ep1,w2,INVALIDATED_NO_BREAK,Equal-High,PERIOD_H1,SELL,STRONG_TREND,UP,DETECTOR,91.0,15.04571,0.06048235676481868,,False,2026-04-21 07:00:00
Equal-Low_2026.04.21 11:00__ep1,w2,INVALIDATED_NO_BREAK,Equal-Low,PERIOD_H1,BUY,STRONG_TREND,UP,DETECTOR,73.1,13.40214,0.05454352812312064,,False,2026-04-21 12:00:00
Equal-High_2026.04.21 12:55__ep1,w2,INVALIDATED_NO_BREAK,Equal-High,PERIOD_M5,SELL,RANGING,DOWN,DETECTOR,41.9,3.89857,0.10747530504774827,,False,2026-04-21 13:00:00
Equal-High_2026.04.21 16:40__ep1,w2,INVALIDATED_NO_BREAK,Equal-High,PERIOD_M5,SELL,STRONG_TREND,DOWN,DETECTOR,15.7,7.89,0.019898605830164767,,False,2026-04-21 16:45:00
Equal-Low_2026.04.21 23:10__ep1,w2,INVALIDATED_NO_BREAK,Equal-Low,PERIOD_M5,BUY,VOLATILE,DOWN,DETECTOR,0.5,10.81357,0.00046238198855697054,,False,2026-04-21 23:15:00
Asia-Low_2026.04.22__ep2,w2,INVALIDATED_NO_BREAK,Asia-Low,PERIOD_D1,BUY,WEAK_TREND,DOWN,DETECTOR,19.2,118.93286,0.0016143562006328612,0.0,True,2026-04-22 00:00:00
Asia-Low_2026.04.22__ep3,w2,INVALIDATED_NO_BREAK,Asia-Low,PERIOD_H4,BUY,WEAK_TREND,DOWN,DETECTOR,218.1,41.16143,0.052986497310710534,14400.0,True,2026-04-22 04:00:00
Equal-High_2026.04.22 04:25__ep1,w2,TRUE_BREAK_OBSERVED,Equal-High,PERIOD_M5,SELL,WEAK_TREND,DOWN,DETECTOR,11.3,4.89643,0.02307803848926667,,False,2026-04-22 04:30:00
Equal-Low_2026.04.22 15:00__ep1,w2,INVALIDATED_NO_BREAK,Equal-Low,PERIOD_M15,BUY,RANGING,DOWN,DETECTOR,4.9,6.61143,0.007411407214475537,,False,2026-04-22 15:15:00
Equal-High_2026.04.22 16:45__ep1,w2,TRUE_BREAK_OBSERVED,Equal-High,PERIOD_M15,SELL,RANGING,DOWN,DETECTOR,77.2,8.62357,0.08952208887966352,,False,2026-04-22 17:00:00
Equal-Low_2026.04.22 18:00__ep1,w2,INVALIDATED_NO_BREAK,Equal-Low,PERIOD_M15,BUY,WEAK_TREND,DOWN,DETECTOR,15.8,10.02,0.015768463073852296,,False,2026-04-22 18:15:00
Equal-High_2026.04.22 22:10__ep1,w2,INVALIDATED_NO_BREAK,Equal-High,PERIOD_M5,SELL,RANGING,DOWN,DETECTOR,15.2,4.21,0.036104513064133016,,False,2026-04-22 22:15:00
Equal-High_2026.04.22 22:40__ep1,w2,INVALIDATED_NO_BREAK,Equal-High,PERIOD_M5,SELL,RANGING,DOWN,DETECTOR,7.9,4.17071,0.018941619052871096,,False,2026-04-22 22:45:00
Asia-Low_2026.04.23__ep1,w2,INVALIDATED_NO_BREAK,Asia-Low,PERIOD_D1,BUY,RANGING,UP,DETECTOR,220.0,113.59929,0.019366318222587484,0.0,True,2026-04-23 00:00:00
Asia-Low_2026.04.23__ep2,w2,INVALIDATED_NO_BREAK,Asia-Low,PERIOD_H1,BUY,STRONG_TREND,DOWN,DETECTOR,39.7,19.09571,0.02079000990274779,50400.0,True,2026-04-23 14:00:00
Asia-Low_2026.04.23__ep3,w2,INVALIDATED_NO_BREAK,Asia-Low,PERIOD_H1,BUY,RANGING,DOWN,DETECTOR,166.3,22.29286,0.0745978757324094,75600.0,True,2026-04-23 21:00:00
Asia-Low_2026.04.23__ep4,w2,INVALIDATED_NO_BREAK,Asia-Low,PERIOD_H1,BUY,WEAK_TREND,DOWN,DETECTOR,34.7,22.76929,0.015239825220724933,82800.0,True,2026-04-23 23:00:00
Equal-Low_2026.04.22 20:00__ep1,w2,INVALIDATED_NO_BREAK,Equal-Low,PERIOD_H4,BUY,RANGING,DOWN,DETECTOR,94.7,32.83429,0.028841799228794044,,False,2026-04-23 00:00:00
Asia-High_2026.04.23__ep1,w2,INVALIDATED_NO_BREAK,Asia-High,PERIOD_D1,SELL,RANGING,UP,DETECTOR,319.9,113.59929,0.02816038727002607,0.0,True,2026-04-23 00:00:00
Daily-Low_2026.04.22__ep2,w2,INVALIDATED_NO_BREAK,Daily-Low,PERIOD_H1,BUY,WEAK_TREND,DOWN,DETECTOR,324.7,18.19214,0.17848367481780594,100800.0,True,2026-04-23 04:00:00
Daily-Low_2026.04.22__ep3,w2,INVALIDATED_NO_BREAK,Daily-Low,PERIOD_H1,BUY,STRONG_TREND,DOWN,DETECTOR,35.2,18.36071,0.01917137191317765,126000.0,True,2026-04-23 11:00:00
Daily-Low_2026.04.22__ep5,w2,INVALIDATED_NO_BREAK,Daily-Low,PERIOD_H4,BUY,WEAK_TREND,DOWN,DETECTOR,244.5,39.77929,0.06146414377933843,144000.0,True,2026-04-23 16:00:00
Daily-Low_2026.04.22__ep8,w2,INVALIDATED_NO_BREAK,Daily-Low,PERIOD_H1,BUY,RANGING,DOWN,DETECTOR,173.8,18.01429,0.09647896197962841,158400.0,True,2026-04-23 20:00:00
Equal-High_2026.04.23 08:25__ep1,w2,INVALIDATED_NO_BREAK,Equal-High,PERIOD_M5,SELL,RANGING,DOWN,DETECTOR,15.0,3.16857,0.04733996724074267,,False,2026-04-23 08:30:00
Equal-High_2026.04.23 10:25__ep1,w2,INVALIDATED_NO_BREAK,Equal-High,PERIOD_M5,SELL,RANGING,DOWN,DETECTOR,12.1,5.47429,0.022103322988003923,,False,2026-04-23 10:30:00
Equal-High_2026.04.23 11:40__ep1,w2,TRUE_BREAK_OBSERVED,Equal-High,PERIOD_M5,SELL,STRONG_TREND,DOWN,DETECTOR,37.0,5.28,0.07007575757575757,,False,2026-04-23 11:45:00
Equal-High_2026.04.23 18:25__ep1,w2,INVALIDATED_NO_BREAK,Equal-High,PERIOD_M5,SELL,WEAK_TREND,UP,DETECTOR,30.6,5.89286,0.05192724755042543,,False,2026-04-23 18:30:00
Asia-Low_2026.04.24__ep2,w2,INVALIDATED_NO_BREAK,Asia-Low,PERIOD_D1,BUY,RANGING,UP,DETECTOR,18.4,102.36714,0.0017974517994739326,0.0,True,2026-04-24 00:00:00
Equal-High_2026.04.24 04:25__ep1,w2,INVALIDATED_NO_BREAK,Equal-High,PERIOD_M5,SELL,RANGING,DOWN,DETECTOR,23.7,5.79214,0.04091751925885769,,False,2026-04-24 04:30:00
Equal-Low_2026.04.24 05:10__ep1,w2,INVALIDATED_NO_BREAK,Equal-Low,PERIOD_M5,BUY,WEAK_TREND,DOWN,DETECTOR,28.9,6.17929,0.046769127197461194,,False,2026-04-24 05:15:00
Asia-High_2026.04.24__ep1,w2,INVALIDATED_NO_BREAK,Asia-High,PERIOD_D1,SELL,RANGING,UP,DETECTOR,265.2,102.36714,0.02590675093589603,0.0,True,2026-04-24 00:00:00
Asia-High_2026.04.24__ep2,w2,INVALIDATED_NO_BREAK,Asia-High,PERIOD_M15,SELL,WEAK_TREND,UP,DETECTOR,56.6,10.145,0.055791030064070976,53100.0,True,2026-04-24 14:45:00
Asia-High_2026.04.24__ep6,w2,INVALIDATED_NO_BREAK,Asia-High,PERIOD_H1,SELL,RANGING,DOWN,DETECTOR,103.8,19.52643,0.0531587187212409,57600.0,True,2026-04-24 16:00:00
Daily-Low_2026.04.23__ep2,w2,INVALIDATED_NO_BREAK,Daily-Low,PERIOD_H1,BUY,WEAK_TREND,DOWN,DETECTOR,102.7,21.86429,0.04697156870861117,115200.0,True,2026-04-24 08:00:00
Equal-Low_2026.04.24 10:30__ep1,w2,INVALIDATED_NO_BREAK,Equal-Low,PERIOD_M30,BUY,WEAK_TREND,UP,DETECTOR,79.6,13.45286,0.059169574350732855,,False,2026-04-24 11:00:00
Equal-High_2026.04.24 11:10__ep1,w2,INVALIDATED_NO_BREAK,Equal-High,PERIOD_M5,SELL,STRONG_TREND,DOWN,DETECTOR,5.2,4.11786,0.012627918384792101,,False,2026-04-24 11:15:00
Equal-Low_2026.04.24 11:30__ep1,w2,INVALIDATED_NO_BREAK,Equal-Low,PERIOD_M15,BUY,STRONG_TREND,UP,DETECTOR,16.4,8.075,0.020309597523219813,,False,2026-04-24 11:45:00
Equal-Low_2026.04.24 11:30__ep2,w2,INVALIDATED_NO_BREAK,Equal-Low,PERIOD_M30,BUY,WEAK_TREND,UP,DETECTOR,43.3,12.86143,0.03366655185309876,,False,2026-04-24 12:00:00
Equal-High_2026.04.24 14:00__ep1,w2,INVALIDATED_NO_BREAK,Equal-High,PERIOD_M15,SELL,WEAK_TREND,UP,DETECTOR,2.6,8.80786,0.002951908863219897,,False,2026-04-24 14:15:00
Equal-Low_2026.04.24 16:00__ep1,w2,TRUE_BREAK_OBSERVED,Equal-Low,PERIOD_H1,BUY,RANGING,DOWN,DETECTOR,193.5,20.51071,0.09434095650516243,,False,2026-04-24 17:00:00
Equal-Low_2026.04.24 22:25__ep1,w2,INVALIDATED_NO_BREAK,Equal-Low,PERIOD_M5,BUY,WEAK_TREND,DOWN,DETECTOR,0.2,2.87786,0.0006949608389567247,,False,2026-04-24 22:30:00
Asia-High_2026.04.27__ep2,w2,INVALIDATED_NO_BREAK,Asia-High,PERIOD_D1,SELL,RANGING,UP,DETECTOR,28.4,100.72214,0.0028196382642386273,0.0,True,2026-04-27 00:00:00
Equal-Low_2026.04.27 01:00__ep1,w2,INVALIDATED_NO_BREAK,Equal-Low,PERIOD_M30,BUY,WEAK_TREND,UP,DETECTOR,0.7,10.51643,0.0006656251218331696,,False,2026-04-27 01:30:00
Equal-Low_2026.04.27 03:00__ep1,w2,INVALIDATED_NO_BREAK,Equal-Low,PERIOD_H1,BUY,WEAK_TREND,DOWN,DETECTOR,52.0,19.42143,0.02677454749727492,,False,2026-04-27 04:00:00
Asia-Low_2026.04.27__ep1,w2,INVALIDATED_NO_BREAK,Asia-Low,PERIOD_D1,BUY,RANGING,UP,DETECTOR,414.0,100.72214,0.041103177513901114,0.0,True,2026-04-27 00:00:00
Asia-Low_2026.04.27__ep2,w2,INVALIDATED_NO_BREAK,Asia-Low,PERIOD_M15,BUY,STRONG_TREND,UP,DETECTOR,24.7,9.85143,0.025072502164660358,65700.0,True,2026-04-27 18:15:00
Asia-Low_2026.04.27__ep6,w2,INVALIDATED_NO_BREAK,Asia-Low,PERIOD_H1,BUY,STRONG_TREND,UP,DETECTOR,45.4,12.12143,0.037454326758476514,72000.0,True,2026-04-27 20:00:00
Equal-Low_2026.04.27 11:40__ep1,w2,INVALIDATED_NO_BREAK,Equal-Low,PERIOD_M5,BUY,STRONG_TREND,UP,DETECTOR,24.7,3.51,0.07037037037037037,,False,2026-04-27 11:45:00
Equal-High_2026.04.27 14:25__ep1,w2,INVALIDATED_NO_BREAK,Equal-High,PERIOD_M5,SELL,WEAK_TREND,DOWN,DETECTOR,16.5,3.26571,0.050525000688977285,,False,2026-04-27 14:30:00
Equal-High_2026.04.27 15:15__ep1,w2,TRUE_BREAK_OBSERVED,Equal-High,PERIOD_M15,SELL,WEAK_TREND,DOWN,DETECTOR,37.1,6.04643,0.06135852064772105,,False,2026-04-27 15:30:00
Equal-Low_2026.04.27 16:15__ep1,w2,INVALIDATED_NO_BREAK,Equal-Low,PERIOD_M15,BUY,RANGING,UP,DETECTOR,5.2,6.88714,0.0075503038997319655,,False,2026-04-27 16:30:00
Daily-Low_2026.04.27__ep3,w2,INVALIDATED_NO_BREAK,Daily-Low,PERIOD_H1,BUY,WEAK_TREND,DOWN,DETECTOR,20.0,12.54714,0.015939887496274053,108000.0,True,2026-04-28 06:00:00
Daily-Low_2026.04.27__ep7,w2,INVALIDATED_NO_BREAK,Daily-Low,PERIOD_H1,BUY,WEAK_TREND,DOWN,DETECTOR,4.4,11.26714,0.003905161380794062,115200.0,True,2026-04-28 08:00:00
Asia-High_2026.04.28__ep1,w2,INVALIDATED_NO_BREAK,Asia-High,PERIOD_D1,SELL,RANGING,UP,DETECTOR,446.9,97.26643,0.045945965118695115,0.0,True,2026-04-28 00:00:00
Asia-Low_2026.04.28__ep1,w2,INVALIDATED_NO_BREAK,Asia-Low,PERIOD_H1,BUY,WEAK_TREND,DOWN,DETECTOR,98.5,13.75571,0.07160662735693032,39600.0,True,2026-04-28 11:00:00
Asia-Low_2026.04.28__ep3,w2,INVALIDATED_NO_BREAK,Asia-Low,PERIOD_H1,BUY,STRONG_TREND,DOWN,DETECTOR,63.2,13.94143,0.04533250893201056,43200.0,True,2026-04-28 12:00:00
Equal-Low_2026.04.28 17:25__ep1,w2,INVALIDATED_NO_BREAK,Equal-Low,PERIOD_M5,BUY,RANGING,DOWN,DETECTOR,8.4,10.33643,0.008126596900477245,,False,2026-04-28 17:30:00
Equal-Low_2026.04.28 17:55__ep1,w2,TRUE_BREAK_OBSERVED,Equal-Low,PERIOD_M5,BUY,RANGING,DOWN,DETECTOR,39.5,9.61857,0.04106639552449065,,False,2026-04-28 18:00:00
Asia-Low_2026.04.29__ep1,w2,INVALIDATED_NO_BREAK,Asia-Low,PERIOD_D1,BUY,WEAK_TREND,UP,DETECTOR,91.0,96.435,0.00943640794317416,0.0,True,2026-04-29 00:00:00
Equal-High_2026.04.29 04:00__ep1,w2,INVALIDATED_NO_BREAK,Equal-High,PERIOD_M15,SELL,WEAK_TREND,UP,DETECTOR,175.1,7.3,0.23986301369863014,,False,2026-04-29 04:15:00
Equal-High_2026.04.29 05:15__ep1,w2,INVALIDATED_NO_BREAK,Equal-High,PERIOD_M15,SELL,WEAK_TREND,UP,DETECTOR,8.0,9.81857,0.00814782600724953,,False,2026-04-29 05:30:00
Equal-High_2026.04.29 05:30__ep1,w2,INVALIDATED_NO_BREAK,Equal-High,PERIOD_M15,SELL,RANGING,UP,DETECTOR,30.6,9.87214,0.0309963189338887,,False,2026-04-29 05:45:00
Equal-High_2026.04.29 05:45__ep1,w2,INVALIDATED_NO_BREAK,Equal-High,PERIOD_M15,SELL,RANGING,UP,DETECTOR,61.2,10.33071,0.059240845982512336,,False,2026-04-29 06:00:00
Equal-High_2026.04.29 06:15__ep1,w2,INVALIDATED_NO_BREAK,Equal-High,PERIOD_M15,SELL,CHOPPY,DOWN,DETECTOR,10.7,10.58143,0.010112054797886487,,False,2026-04-29 06:30:00
Equal-High_2026.04.29 07:40__ep1,w2,INVALIDATED_NO_BREAK,Equal-High,PERIOD_M5,SELL,WEAK_TREND,UP,DETECTOR,15.0,2.98,0.050335570469798654,,False,2026-04-29 07:45:00
Equal-High_2026.04.29 08:30__ep1,w2,INVALIDATED_NO_BREAK,Equal-High,PERIOD_M15,SELL,WEAK_TREND,UP,DETECTOR,8.1,6.19214,0.013081099587541625,,False,2026-04-29 08:45:00
Equal-High_2026.04.29 08:45__ep1,w2,INVALIDATED_NO_BREAK,Equal-High,PERIOD_M15,SELL,RANGING,UP,DETECTOR,88.3,6.66214,0.13253999465637167,,False,2026-04-29 09:00:00
Daily-Low_2026.04.28__ep1,w2,INVALIDATED_NO_BREAK,Daily-Low,PERIOD_H1,BUY,STRONG_TREND,DOWN,DETECTOR,8.5,15.42286,0.005511299460670719,133200.0,True,2026-04-29 13:00:00
Daily-Low_2026.04.28__ep2,w2,INVALIDATED_NO_BREAK,Daily-Low,PERIOD_M15,BUY,RANGING,DOWN,DETECTOR,27.9,9.01571,0.030945982069077196,143100.0,True,2026-04-29 15:45:00
Equal-Low_2026.04.29 15:10__ep1,w2,INVALIDATED_NO_BREAK,Equal-Low,PERIOD_M5,BUY,RANGING,DOWN,DETECTOR,6.0,4.48786,0.013369401006270248,,False,2026-04-29 15:15:00
Equal-Low_2026.04.29 22:10__ep1,w2,INVALIDATED_NO_BREAK,Equal-Low,PERIOD_M5,BUY,WEAK_TREND,DOWN,DETECTOR,54.6,10.22571,0.05339482539598718,,False,2026-04-29 22:15:00
Asia-Low_2026.04.30__ep1,w2,INVALIDATED_NO_BREAK,Asia-Low,PERIOD_H1,BUY,STRONG_TREND,DOWN,DETECTOR,16.3,22.32143,0.007302399532646431,7200.0,True,2026-04-30 02:00:00
Asia-Low_2026.04.30__ep3,w2,INVALIDATED_NO_BREAK,Asia-Low,PERIOD_D1,BUY,WEAK_TREND,UP,DETECTOR,25.4,96.27071,0.0026383933389501337,0.0,True,2026-04-30 00:00:00
Asia-High_2026.04.30__ep1,w2,INVALIDATED_NO_BREAK,Asia-High,PERIOD_D1,SELL,WEAK_TREND,UP,DETECTOR,641.9,96.27071,0.06667656237291696,0.0,True,2026-04-30 00:00:00
Asia-High_2026.04.30__ep2,w2,INVALIDATED_NO_BREAK,Asia-High,PERIOD_M30,SELL,WEAK_TREND,UP,DETECTOR,0.2,12.55929,0.00015924467067803991,37800.0,True,2026-04-30 10:30:00
Equal-High_2026.04.30 09:25__ep1,w2,INVALIDATED_NO_BREAK,Equal-High,PERIOD_M5,SELL,STRONG_TREND,UP,DETECTOR,1.4,5.02929,0.002783693125669826,,False,2026-04-30 09:30:00
Daily-High_2026.04.29__ep1,w2,INVALIDATED_NO_BREAK,Daily-High,PERIOD_M30,SELL,WEAK_TREND,UP,DETECTOR,24.4,14.28357,0.01708256409287034,156600.0,True,2026-04-30 19:30:00
Daily-High_2026.04.29__ep3,w2,INVALIDATED_NO_BREAK,Daily-High,PERIOD_H1,SELL,WEAK_TREND,UP,DETECTOR,29.3,21.08571,0.013895666780962086,158400.0,True,2026-04-30 20:00:00
Asia-Low_2026.05.01__ep2,w3,INVALIDATED_NO_BREAK,Asia-Low,PERIOD_M30,BUY,STRONG_TREND,DOWN,DETECTOR,119.6,13.115,0.09119329012581014,55800.0,True,2026-05-01 15:30:00
Asia-Low_2026.05.01__ep6,w3,TRUE_BREAK_OBSERVED,Asia-Low,PERIOD_M15,BUY,STRONG_TREND,UP,DETECTOR,170.7,10.73714,0.15898088317745693,60300.0,True,2026-05-01 16:45:00
Asia-High_2026.05.01__ep1,w3,INVALIDATED_NO_BREAK,Asia-High,PERIOD_H4,SELL,WEAK_TREND,DOWN,DETECTOR,144.2,37.26143,0.038699534612600756,14400.0,True,2026-05-01 04:00:00
Equal-High_2026.05.01 14:25__ep1,w3,INVALIDATED_NO_BREAK,Equal-High,PERIOD_M5,SELL,WEAK_TREND,UP,DETECTOR,10.8,3.82,0.02827225130890053,,False,2026-05-01 14:30:00
Daily-High_2026.04.30__ep2,w3,INVALIDATED_NO_BREAK,Daily-High,PERIOD_H1,SELL,WEAK_TREND,DOWN,DETECTOR,148.8,20.36071,0.07308193083640012,151200.0,True,2026-05-01 18:00:00
Daily-High_2026.04.30__ep4,w3,INVALIDATED_NO_BREAK,Daily-High,PERIOD_M30,SELL,STRONG_TREND,UP,DETECTOR,91.4,18.52,0.04935205183585314,156600.0,True,2026-05-01 19:30:00
Asia-High_2026.05.04__ep4,w3,INVALIDATED_NO_BREAK,Asia-High,PERIOD_H4,SELL,RANGING,UP,DETECTOR,230.3,41.49214,0.05550448831995651,14400.0,True,2026-05-04 04:00:00
Equal-Low_2026.05.04 03:10__ep1,w3,INVALIDATED_NO_BREAK,Equal-Low,PERIOD_M5,BUY,STRONG_TREND,DOWN,DETECTOR,8.6,4.82857,0.017810656156998863,,False,2026-05-04 03:15:00
Daily-Low_2026.05.01__ep5,w3,INVALIDATED_NO_BREAK,Daily-Low,PERIOD_H1,BUY,STRONG_TREND,UP,DETECTOR,81.8,18.855,0.043383717846725005,316800.0,True,2026-05-04 16:00:00
Daily-Low_2026.05.01__ep6,w3,INVALIDATED_NO_BREAK,Daily-Low,PERIOD_M15,BUY,WEAK_TREND,UP,DETECTOR,58.9,14.02714,0.0419900279030508,317700.0,True,2026-05-04 16:15:00
Monthly-Low_2026.04.01__ep11,w3,INVALIDATED_NO_BREAK,Monthly-Low,PERIOD_M15,BUY,RANGING,DOWN,DETECTOR,1.5,12.89143,0.0011635637008462212,4220100.0,True,2026-05-19 20:15:00
Monthly-Low_2026.04.01__ep12,w3,INVALIDATED_NO_BREAK,Monthly-Low,PERIOD_M15,BUY,WEAK_TREND,UP,DETECTOR,104.0,12.59929,0.08254433384738347,4297500.0,True,2026-05-20 17:45:00
Monthly-Low_2026.04.01__ep21,w3,INVALIDATED_NO_BREAK,Monthly-Low,PERIOD_H1,BUY,WEAK_TREND,DOWN,DETECTOR,30.9,20.53071,0.015050624162535052,4381200.0,True,2026-05-21 17:00:00
Monthly-Low_2026.04.01__ep24,w3,INVALIDATED_NO_BREAK,Monthly-Low,PERIOD_D1,BUY,STRONG_TREND,DOWN,DETECTOR,330.0,104.90714,0.03145639086147997,4406400.0,True,2026-05-22 00:00:00
Monthly-Low_2026.04.01__ep29,w3,INVALIDATED_NO_BREAK,Monthly-Low,PERIOD_H4,BUY,RANGING,DOWN,DETECTOR,117.3,35.285,0.03324358792688112,4449600.0,True,2026-05-22 12:00:00
Monthly-Low_2026.04.01__ep33,w3,INVALIDATED_NO_BREAK,Monthly-Low,PERIOD_H4,BUY,WEAK_TREND,DOWN,DETECTOR,47.7,34.41643,0.013859659470781835,4478400.0,True,2026-05-22 20:00:00
Monthly-Low_2026.04.01__ep34,w3,INVALIDATED_NO_BREAK,Monthly-Low,PERIOD_M15,BUY,WEAK_TREND,DOWN,DETECTOR,3.4,9.48643,0.0035840669250708644,4806900.0,True,2026-05-26 15:15:00
Monthly-Low_2026.04.01__ep44,w3,INVALIDATED_NO_BREAK,Monthly-Low,PERIOD_H1,BUY,WEAK_TREND,DOWN,DETECTOR,0.3,16.83571,0.00017819266309528973,4867200.0,True,2026-05-27 08:00:00
Equal-High_2026.05.05 08:10__ep1,w3,TRUE_BREAK_OBSERVED,Equal-High,PERIOD_M5,SELL,STRONG_TREND,DOWN,DETECTOR,24.6,3.56,0.06910112359550562,,False,2026-05-05 08:15:00
Asia-High_2026.05.05__ep5,w3,INVALIDATED_NO_BREAK,Asia-High,PERIOD_M30,SELL,RANGING,UP,DETECTOR,41.6,10.70429,0.03886292318313499,48600.0,True,2026-05-05 13:30:00
Asia-High_2026.05.05__ep7,w3,INVALIDATED_NO_BREAK,Asia-High,PERIOD_H1,SELL,STRONG_TREND,DOWN,DETECTOR,84.2,13.28286,0.0633899627038153,50400.0,True,2026-05-05 14:00:00
Equal-Low_2026.05.05 16:00__ep1,w3,INVALIDATED_NO_BREAK,Equal-Low,PERIOD_H4,BUY,WEAK_TREND,UP,DETECTOR,63.2,39.64357,0.015942055672584485,,False,2026-05-05 20:00:00
Equal-High_2026.05.05 21:25__ep1,w3,TRUE_BREAK_OBSERVED,Equal-High,PERIOD_M5,SELL,RANGING,UP,DETECTOR,7.3,2.90786,0.025104372287524157,,False,2026-05-05 21:30:00
Equal-Low_2026.05.06 00:00__ep1,w3,INVALIDATED_NO_BREAK,Equal-Low,PERIOD_H4,BUY,WEAK_TREND,DOWN,DETECTOR,638.5,37.28429,0.17125175241368415,,False,2026-05-06 04:00:00
Asia-Low_2026.05.07__ep1,w3,INVALIDATED_NO_BREAK,Asia-Low,PERIOD_D1,BUY,WEAK_TREND,UP,DETECTOR,1213.3,108.14143,0.1121956682096769,0.0,True,2026-05-07 00:00:00
Asia-High_2026.05.07__ep1,w3,INVALIDATED_NO_BREAK,Asia-High,PERIOD_H1,SELL,STRONG_TREND,UP,DETECTOR,37.5,20.51714,0.01827740123623468,7200.0,True,2026-05-07 02:00:00
Asia-High_2026.05.07__ep12,w3,INVALIDATED_NO_BREAK,Asia-High,PERIOD_H1,SELL,WEAK_TREND,UP,DETECTOR,37.7,20.39357,0.01848621894057784,61200.0,True,2026-05-07 17:00:00
Equal-High_2026.05.07 03:00__ep1,w3,INVALIDATED_NO_BREAK,Equal-High,PERIOD_M15,SELL,RANGING,UP,DETECTOR,2.5,6.28714,0.003976370814074444,,False,2026-05-07 03:15:00
Equal-High_2026.05.07 06:45__ep1,w3,INVALIDATED_NO_BREAK,Equal-High,PERIOD_M15,SELL,RANGING,UP,DETECTOR,9.5,9.10286,0.010436280465699792,,False,2026-05-07 07:00:00
Weekly-High_2026.04.26__ep3,w3,INVALIDATED_NO_BREAK,Weekly-High,PERIOD_H4,SELL,STRONG_TREND,UP,DETECTOR,149.0,42.31143,0.03521507072675161,1022400.0,True,2026-05-07 20:00:00
Weekly-High_2026.04.26__ep11,w3,INVALIDATED_NO_BREAK,Weekly-High,PERIOD_H1,SELL,WEAK_TREND,DOWN,DETECTOR,24.3,23.51643,0.010333201085368827,1069200.0,True,2026-05-08 09:00:00
Weekly-High_2026.04.26__ep13,w3,TRUE_BREAK_OBSERVED,Weekly-High,PERIOD_M15,SELL,WEAK_TREND,UP,DETECTOR,8.9,8.97,0.009921962095875139,1071900.0,True,2026-05-08 09:45:00
Weekly-High_2026.04.26__ep17,w3,INVALIDATED_NO_BREAK,Weekly-High,PERIOD_H1,SELL,RANGING,UP,DETECTOR,55.5,20.44357,0.02714790029334407,1094400.0,True,2026-05-08 16:00:00
Equal-High_2026.05.07 15:15__ep1,w3,INVALIDATED_NO_BREAK,Equal-High,PERIOD_M15,SELL,RANGING,UP,DETECTOR,15.9,9.11429,0.01744513286279019,,False,2026-05-07 15:30:00
Daily-High_2026.05.06__ep3,w3,INVALIDATED_NO_BREAK,Daily-High,PERIOD_H1,SELL,WEAK_TREND,UP,DETECTOR,79.5,21.46429,0.03703826215542187,158400.0,True,2026-05-07 20:00:00
Equal-High_2026.05.07 23:10__ep1,w3,TRUE_BREAK_OBSERVED,Equal-High,PERIOD_M5,SELL,RANGING,UP,DETECTOR,13.1,6.40643,0.02044820594309155,,False,2026-05-07 23:15:00
Daily-Low_2026.05.07__ep7,w3,INVALIDATED_NO_BREAK,Daily-Low,PERIOD_H4,BUY,STRONG_TREND,DOWN,DETECTOR,161.5,42.195,0.03827467709444247,100800.0,True,2026-05-08 04:00:00
Equal-High_2026.05.08 04:00__ep1,w3,INVALIDATED_NO_BREAK,Equal-High,PERIOD_H1,SELL,WEAK_TREND,UP,DETECTOR,0.7,23.71929,0.0002951184457882171,,False,2026-05-08 05:00:00
Equal-High_2026.05.08 07:00__ep2,w3,INVALIDATED_NO_BREAK,Equal-High,PERIOD_H1,SELL,WEAK_TREND,UP,DETECTOR,119.8,23.53929,0.050893633580282156,,False,2026-05-08 08:00:00
Equal-Low_2026.05.08 12:40__ep1,w3,INVALIDATED_NO_BREAK,Equal-Low,PERIOD_M5,BUY,WEAK_TREND,DOWN,DETECTOR,8.3,4.57071,0.018159104384220394,,False,2026-05-08 12:45:00
Asia-High_2026.05.08__ep1,w3,INVALIDATED_NO_BREAK,Asia-High,PERIOD_M15,SELL,RANGING,UP,DETECTOR,28.8,13.05571,0.022059313511099743,62100.0,True,2026-05-08 17:15:00
Equal-Low_2026.05.08 18:15__ep1,w3,INVALIDATED_NO_BREAK,Equal-Low,PERIOD_M15,BUY,RANGING,UP,DETECTOR,58.7,14.97786,0.03919117951429644,,False,2026-05-08 18:30:00
Asia-Low_2026.05.11__ep3,w3,INVALIDATED_NO_BREAK,Asia-Low,PERIOD_H1,BUY,RANGING,DOWN,DETECTOR,73.4,19.01357,0.038604007558811944,7200.0,True,2026-05-11 02:00:00
Daily-Low_2026.05.08__ep2,w3,INVALIDATED_NO_BREAK,Daily-Low,PERIOD_H1,BUY,WEAK_TREND,DOWN,DETECTOR,64.6,19.05714,0.033898056056680066,273600.0,True,2026-05-11 04:00:00
Daily-Low_2026.05.08__ep13,w3,TRUE_BREAK_OBSERVED,Daily-Low,PERIOD_H1,BUY,STRONG_TREND,DOWN,DETECTOR,229.1,20.41357,0.11222926710026712,316800.0,True,2026-05-11 16:00:00
Equal-Low_2026.05.11 11:00__ep1,w3,INVALIDATED_NO_BREAK,Equal-Low,PERIOD_M15,BUY,WEAK_TREND,DOWN,DETECTOR,34.8,9.015,0.038602329450915136,,False,2026-05-11 11:15:00
Equal-High_2026.05.11 16:00__ep1,w3,INVALIDATED_NO_BREAK,Equal-High,PERIOD_M30,SELL,STRONG_TREND,DOWN,DETECTOR,6.1,14.12,0.0043201133144475925,,False,2026-05-11 16:30:00
Equal-High_2026.05.11 18:00__ep1,w3,INVALIDATED_NO_BREAK,Equal-High,PERIOD_H1,SELL,STRONG_TREND,DOWN,DETECTOR,6.1,22.18714,0.00274934038366369,,False,2026-05-11 19:00:00
Equal-Low_2026.05.12 07:15__ep1,w3,INVALIDATED_NO_BREAK,Equal-Low,PERIOD_M15,BUY,STRONG_TREND,UP,DETECTOR,2.2,8.98071,0.0024496949573029306,,False,2026-05-12 07:30:00
Equal-High_2026.05.12 13:10__ep1,w3,INVALIDATED_NO_BREAK,Equal-High,PERIOD_M5,SELL,WEAK_TREND,DOWN,DETECTOR,18.7,4.76714,0.039226873974752156,,False,2026-05-12 13:15:00
Equal-High_2026.05.12 15:15__ep1,w3,INVALIDATED_NO_BREAK,Equal-High,PERIOD_M15,SELL,WEAK_TREND,DOWN,DETECTOR,110.7,8.70429,0.12717866707106495,,False,2026-05-12 15:30:00
Asia-Low_2026.05.13__ep4,w3,INVALIDATED_NO_BREAK,Asia-Low,PERIOD_H1,BUY,RANGING,UP,DETECTOR,133.0,13.37786,0.09941799361033828,46800.0,True,2026-05-13 13:00:00
Asia-Low_2026.05.13__ep5,w3,INVALIDATED_NO_BREAK,Asia-Low,PERIOD_M15,BUY,WEAK_TREND,DOWN,DETECTOR,23.0,7.74286,0.0297047860867948,58500.0,True,2026-05-13 16:15:00
Asia-Low_2026.05.13__ep6,w3,INVALIDATED_NO_BREAK,Asia-Low,PERIOD_M30,BUY,WEAK_TREND,DOWN,DETECTOR,11.5,11.23071,0.010239780031716605,59400.0,True,2026-05-13 16:30:00
Asia-Low_2026.05.13__ep13,w3,INVALIDATED_NO_BREAK,Asia-Low,PERIOD_M30,BUY,RANGING,DOWN,DETECTOR,43.4,12.77571,0.0339707147391417,77400.0,True,2026-05-13 21:30:00
Equal-High_2026.05.13 04:15__ep1,w3,INVALIDATED_NO_BREAK,Equal-High,PERIOD_M15,SELL,STRONG_TREND,UP,DETECTOR,48.0,7.42571,0.0646402835553772,,False,2026-05-13 04:30:00
Equal-High_2026.05.13 10:30__ep1,w3,INVALIDATED_NO_BREAK,Equal-High,PERIOD_M15,SELL,WEAK_TREND,UP,DETECTOR,36.5,7.63357,0.04781511140920958,,False,2026-05-13 10:45:00
Equal-High_2026.05.13 13:00__ep1,w3,INVALIDATED_NO_BREAK,Equal-High,PERIOD_M15,SELL,WEAK_TREND,UP,DETECTOR,50.7,7.69,0.0659297789336801,,False,2026-05-13 13:15:00
Equal-High_2026.05.13 19:15__ep1,w3,INVALIDATED_NO_BREAK,Equal-High,PERIOD_M15,SELL,WEAK_TREND,DOWN,DETECTOR,4.6,10.05214,0.004576140006008671,,False,2026-05-13 19:30:00
Asia-Low_2026.05.14__ep1,w3,INVALIDATED_NO_BREAK,Asia-Low,PERIOD_D1,BUY,RANGING,UP,DETECTOR,46.1,102.195,0.004510983903322081,0.0,True,2026-05-14 00:00:00
Equal-High_2026.05.14 05:40__ep1,w3,INVALIDATED_NO_BREAK,Equal-High,PERIOD_M5,SELL,WEAK_TREND,DOWN,DETECTOR,35.0,5.91571,0.05916449589313878,,False,2026-05-14 05:45:00
Equal-Low_2026.05.14 05:30__ep1,w3,INVALIDATED_NO_BREAK,Equal-Low,PERIOD_M30,BUY,RANGING,DOWN,DETECTOR,2.4,10.00071,0.002399829612097541,,False,2026-05-14 06:00:00
Asia-High_2026.05.14__ep4,w3,INVALIDATED_NO_BREAK,Asia-High,PERIOD_H4,SELL,WEAK_TREND,DOWN,DETECTOR,194.0,34.55429,0.056143535288961224,43200.0,True,2026-05-14 12:00:00
Daily-Low_2026.05.13__ep4,w3,INVALIDATED_NO_BREAK,Daily-Low,PERIOD_M15,BUY,RANGING,UP,DETECTOR,74.7,10.09857,0.07397086914285883,146700.0,True,2026-05-14 16:45:00
Daily-Low_2026.05.13__ep6,w3,INVALIDATED_NO_BREAK,Daily-Low,PERIOD_H4,BUY,WEAK_TREND,DOWN,DETECTOR,90.9,33.37643,0.02723478814241068,158400.0,True,2026-05-14 20:00:00
Daily-Low_2026.05.13__ep7,w3,INVALIDATED_NO_BREAK,Daily-Low,PERIOD_M15,BUY,WEAK_TREND,DOWN,DETECTOR,52.8,7.325,0.07208191126279864,162900.0,True,2026-05-14 21:15:00
Daily-Low_2026.05.13__ep9,w3,INVALIDATED_NO_BREAK,Daily-Low,PERIOD_H1,BUY,WEAK_TREND,DOWN,DETECTOR,22.0,17.58571,0.012510157394839334,165600.0,True,2026-05-14 22:00:00
Equal-Low_2026.05.14 12:30__ep1,w3,INVALIDATED_NO_BREAK,Equal-Low,PERIOD_M15,BUY,RANGING,UP,DETECTOR,60.1,9.33857,0.06435674841008847,,False,2026-05-14 12:45:00
Equal-Low_2026.05.14 14:25__ep1,w3,INVALIDATED_NO_BREAK,Equal-Low,PERIOD_M5,BUY,WEAK_TREND,DOWN,DETECTOR,9.8,3.68857,0.026568561800372505,,False,2026-05-14 14:30:00
Asia-Low_2026.05.15__ep5,w3,INVALIDATED_NO_BREAK,Asia-Low,PERIOD_M15,BUY,STRONG_TREND,DOWN,DETECTOR,46.1,13.38786,0.03443418141510294,47700.0,True,2026-05-15 13:15:00
Asia-Low_2026.05.15__ep8,w3,INVALIDATED_NO_BREAK,Asia-Low,PERIOD_H1,BUY,STRONG_TREND,DOWN,DETECTOR,63.6,26.37643,0.024112436747505257,64800.0,True,2026-05-15 18:00:00
Asia-Low_2026.05.15__ep9,w3,INVALIDATED_NO_BREAK,Asia-Low,PERIOD_M15,BUY,WEAK_TREND,UP,DETECTOR,7.1,14.57643,0.004870877162652308,72900.0,True,2026-05-15 20:15:00
Equal-High_2026.05.15 18:10__ep1,w3,INVALIDATED_NO_BREAK,Equal-High,PERIOD_M5,SELL,RANGING,UP,DETECTOR,63.3,9.39286,0.06739161448163818,,False,2026-05-15 18:15:00
Equal-Low_2026.05.18 01:00__ep1,w3,INVALIDATED_NO_BREAK,Equal-Low,PERIOD_M30,BUY,STRONG_TREND,DOWN,DETECTOR,113.2,14.08429,0.0803732385516061,,False,2026-05-18 01:30:00
Asia-Low_2026.05.18__ep2,w3,INVALIDATED_NO_BREAK,Asia-Low,PERIOD_D1,BUY,RANGING,DOWN,DETECTOR,1.5,108.08357,0.00013878150027797935,0.0,True,2026-05-18 00:00:00
Asia-High_2026.05.18__ep4,w3,INVALIDATED_NO_BREAK,Asia-High,PERIOD_H1,SELL,WEAK_TREND,DOWN,DETECTOR,22.4,23.65643,0.009468884358290746,43200.0,True,2026-05-18 12:00:00
Asia-High_2026.05.18__ep5,w3,INVALIDATED_NO_BREAK,Asia-High,PERIOD_H1,SELL,WEAK_TREND,DOWN,DETECTOR,16.1,25.47714,0.00631939063803865,54000.0,True,2026-05-18 15:00:00
Equal-Low_2026.05.18 06:30__ep2,w3,INVALIDATED_NO_BREAK,Equal-Low,PERIOD_M30,BUY,STRONG_TREND,DOWN,DETECTOR,142.7,19.99357,0.07137294640226832,,False,2026-05-18 07:00:00
Equal-High_2026.05.18 10:30__ep1,w3,INVALIDATED_NO_BREAK,Equal-High,PERIOD_M15,SELL,RANGING,UP,DETECTOR,31.6,12.17143,0.025962438267319452,,False,2026-05-18 10:45:00
Equal-Low_2026.05.19 08:15__ep1,w3,INVALIDATED_NO_BREAK,Equal-Low,PERIOD_M15,BUY,STRONG_TREND,UP,DETECTOR,47.1,7.94714,0.05926660408650156,,False,2026-05-19 08:30:00
Asia-Low_2026.05.19__ep1,w3,INVALIDATED_NO_BREAK,Asia-Low,PERIOD_H1,BUY,RANGING,DOWN,DETECTOR,137.5,16.12286,0.08528263595912884,50400.0,True,2026-05-19 14:00:00
Asia-Low_2026.05.20__ep1,w3,INVALIDATED_NO_BREAK,Asia-Low,PERIOD_D1,BUY,WEAK_TREND,DOWN,DETECTOR,23.2,106.79286,0.002172429879675476,0.0,True,2026-05-20 00:00:00
Asia-High_2026.05.20__ep1,w3,TRUE_BREAK_OBSERVED,Asia-High,PERIOD_D1,SELL,WEAK_TREND,DOWN,DETECTOR,905.8,106.79286,0.0848184045262951,0.0,True,2026-05-20 00:00:00
Asia-High_2026.05.20__ep2,w3,INVALIDATED_NO_BREAK,Asia-High,PERIOD_M30,SELL,WEAK_TREND,DOWN,DETECTOR,19.4,13.72071,0.014139209997150291,63000.0,True,2026-05-20 17:30:00
Daily-Low_2026.05.19__ep11,w3,INVALIDATED_NO_BREAK,Daily-Low,PERIOD_H4,BUY,STRONG_TREND,DOWN,DETECTOR,195.6,39.23,0.049859801172572014,129600.0,True,2026-05-20 12:00:00
Equal-High_2026.05.20 14:40__ep1,w3,INVALIDATED_NO_BREAK,Equal-High,PERIOD_M5,SELL,WEAK_TREND,UP,DETECTOR,18.6,3.91214,0.04754431078642381,,False,2026-05-20 14:45:00
Equal-Low_2026.05.20 19:00__ep1,w3,INVALIDATED_NO_BREAK,Equal-Low,PERIOD_H1,BUY,STRONG_TREND,DOWN,DETECTOR,33.6,19.83143,0.016942802410113644,,False,2026-05-20 20:00:00
Asia-Low_2026.05.21__ep4,w3,INVALIDATED_NO_BREAK,Asia-Low,PERIOD_H1,BUY,WEAK_TREND,UP,DETECTOR,141.0,17.01,0.08289241622574954,43200.0,True,2026-05-21 12:00:00
Equal-High_2026.05.21 12:15__ep1,w3,INVALIDATED_NO_BREAK,Equal-High,PERIOD_M15,SELL,WEAK_TREND,DOWN,DETECTOR,35.2,9.06143,0.03884596581334293,,False,2026-05-21 12:30:00
Equal-High_2026.05.21 12:30__ep1,w3,INVALIDATED_NO_BREAK,Equal-High,PERIOD_M15,SELL,WEAK_TREND,DOWN,DETECTOR,105.5,9.37143,0.11257620235118866,,False,2026-05-21 12:45:00
Equal-Low_2026.05.21 17:40__ep1,w3,INVALIDATED_NO_BREAK,Equal-Low,PERIOD_M5,BUY,WEAK_TREND,UP,DETECTOR,6.4,8.57643,0.0074623124073769625,,False,2026-05-21 17:45:00
Equal-Low_2026.05.22 06:10__ep1,w3,TRUE_BREAK_OBSERVED,Equal-Low,PERIOD_M5,BUY,RANGING,DOWN,DETECTOR,1.1,3.97857,0.0027648124828770137,,False,2026-05-22 06:15:00
Equal-High_2026.05.22 12:45__ep1,w3,INVALIDATED_NO_BREAK,Equal-High,PERIOD_M15,SELL,RANGING,UP,DETECTOR,20.5,7.32571,0.02798363571585553,,False,2026-05-22 13:00:00
Equal-High_2026.05.22 20:40__ep1,w3,INVALIDATED_NO_BREAK,Equal-High,PERIOD_M5,SELL,WEAK_TREND,UP,DETECTOR,1.8,4.48643,0.004012098706543956,,False,2026-05-22 20:45:00
Equal-Low_2026.05.25 07:10__ep1,w3,INVALIDATED_NO_BREAK,Equal-Low,PERIOD_M5,BUY,RANGING,DOWN,DETECTOR,7.5,2.61429,0.02868847755987285,,False,2026-05-25 07:15:00
Daily-High_2026.05.25__ep1,w3,TRUE_BREAK_OBSERVED,Daily-High,PERIOD_H1,SELL,RANGING,UP,DETECTOR,203.5,11.56214,0.17600547995440294,97200.0,True,2026-05-26 03:00:00
Asia-Low_2026.05.26__ep1,w3,INVALIDATED_NO_BREAK,Asia-Low,PERIOD_D1,BUY,WEAK_TREND,DOWN,DETECTOR,264.9,99.03143,0.02674908359901498,0.0,True,2026-05-26 00:00:00
Asia-Low_2026.05.26__ep2,w3,INVALIDATED_NO_BREAK,Asia-Low,PERIOD_M30,BUY,STRONG_TREND,DOWN,DETECTOR,66.0,9.52786,0.06927053923966137,37800.0,True,2026-05-26 10:30:00
Asia-Low_2026.05.26__ep4,w3,INVALIDATED_NO_BREAK,Asia-Low,PERIOD_H1,BUY,WEAK_TREND,UP,DETECTOR,7.1,14.62571,0.00485446518493803,43200.0,True,2026-05-26 12:00:00
Daily-Low_2026.05.25__ep3,w3,INVALIDATED_NO_BREAK,Daily-Low,PERIOD_M30,BUY,STRONG_TREND,DOWN,DETECTOR,85.9,10.365,0.08287506029908347,109800.0,True,2026-05-26 06:30:00
Daily-Low_2026.05.25__ep4,w3,INVALIDATED_NO_BREAK,Daily-Low,PERIOD_H1,BUY,WEAK_TREND,UP,DETECTOR,46.6,13.93357,0.033444408001682274,126000.0,True,2026-05-26 11:00:00
Asia-Low_2026.05.27__ep1,w3,INVALIDATED_NO_BREAK,Asia-Low,PERIOD_D1,BUY,WEAK_TREND,DOWN,DETECTOR,29.7,93.38214,0.0031804796934403086,0.0,True,2026-05-27 00:00:00
Equal-High_2026.05.27 08:00__ep1,w3,TRUE_BREAK_OBSERVED,Equal-High,PERIOD_M15,SELL,STRONG_TREND,DOWN,DETECTOR,28.1,6.87714,0.040860008666393305,,False,2026-05-27 08:15:00
Weekly-Low_2026.05.17__ep2,w3,INVALIDATED_NO_BREAK,Weekly-Low,PERIOD_M30,BUY,WEAK_TREND,DOWN,DETECTOR,19.1,18.70143,0.010213122739811878,941400.0,True,2026-05-27 21:30:00
Weekly-Low_2026.05.17__ep9,w3,INVALIDATED_NO_BREAK,Weekly-Low,PERIOD_H1,BUY,WEAK_TREND,UP,DETECTOR,156.8,26.41357,0.059363425693686994,1015200.0,True,2026-05-28 18:00:00
Daily-Low_2026.05.27__ep1,w3,INVALIDATED_NO_BREAK,Daily-Low,PERIOD_M15,BUY,VOLATILE,DOWN,DETECTOR,13.5,10.385,0.012999518536350507,105300.0,True,2026-05-28 05:15:00
Daily-Low_2026.05.27__ep4,w3,INVALIDATED_NO_BREAK,Daily-Low,PERIOD_M15,BUY,WEAK_TREND,UP,DETECTOR,6.9,9.99429,0.006903942150968204,143100.0,True,2026-05-28 15:45:00
Daily-Low_2026.05.27__ep5,w3,TRUE_BREAK_OBSERVED,Daily-Low,PERIOD_H1,BUY,RANGING,DOWN,DETECTOR,308.1,22.62,0.13620689655172416,144000.0,True,2026-05-28 16:00:00
Equal-Low_2026.05.28 14:10__ep1,w3,INVALIDATED_NO_BREAK,Equal-Low,PERIOD_M5,BUY,WEAK_TREND,DOWN,DETECTOR,10.8,5.97214,0.01808396990023677,,False,2026-05-28 14:15:00
Asia-High_2026.05.29__ep2,w3,INVALIDATED_NO_BREAK,Asia-High,PERIOD_M30,SELL,STRONG_TREND,UP,DETECTOR,17.3,13.005,0.013302575932333718,55800.0,True,2026-05-29 15:30:00
Asia-High_2026.05.29__ep3,w3,INVALIDATED_NO_BREAK,Asia-High,PERIOD_H1,SELL,STRONG_TREND,UP,DETECTOR,10.9,15.70429,0.006940778602534722,57600.0,True,2026-05-29 16:00:00
Equal-Low_2026.05.29 16:25__ep1,w3,INVALIDATED_NO_BREAK,Equal-Low,PERIOD_M5,BUY,WEAK_TREND,DOWN,DETECTOR,24.9,5.83571,0.04266832998898163,,False,2026-05-29 16:30:00
Weekly-High_2026.05.17__ep3,w3,INVALIDATED_NO_BREAK,Weekly-High,PERIOD_H4,SELL,STRONG_TREND,UP,DETECTOR,222.5,45.15571,0.049273945642754814,1108800.0,True,2026-05-29 20:00:00
Daily-Low_2026.05.29__ep1,w3,INVALIDATED_NO_BREAK,Daily-Low,PERIOD_M15,BUY,STRONG_TREND,DOWN,DETECTOR,24.5,9.79143,0.02502188137994144,333900.0,True,2026-06-01 20:45:00
Equal-Low_2026.06.02 06:00__ep1,w3,INVALIDATED_NO_BREAK,Equal-Low,PERIOD_H1,BUY,RANGING,DOWN,DETECTOR,101.8,18.21071,0.055901170245421516,,False,2026-06-02 07:00:00
Asia-High_2026.06.02__ep5,w3,INVALIDATED_NO_BREAK,Asia-High,PERIOD_H1,SELL,STRONG_TREND,UP,DETECTOR,117.2,14.06857,0.08330626353637934,43200.0,True,2026-06-02 12:00:00
Equal-Low_2026.06.03 09:00__ep1,w3,INVALIDATED_NO_BREAK,Equal-Low,PERIOD_M30,BUY,STRONG_TREND,DOWN,DETECTOR,3.0,11.33857,0.0026458362915252978,,False,2026-06-03 09:30:00
Equal-High_2026.06.03 13:40__ep1,w3,INVALIDATED_NO_BREAK,Equal-High,PERIOD_M5,SELL,RANGING,UP,DETECTOR,47.8,6.16643,0.07751648847063859,,False,2026-06-03 13:45:00
Equal-Low_2026.06.03 14:00__ep1,w3,INVALIDATED_NO_BREAK,Equal-Low,PERIOD_H1,BUY,STRONG_TREND,DOWN,DETECTOR,1.8,17.71214,0.0010162521298950889,,False,2026-06-03 15:00:00
Equal-High_2026.06.04 04:00__ep1,w3,INVALIDATED_NO_BREAK,Equal-High,PERIOD_M15,SELL,WEAK_TREND,DOWN,DETECTOR,29.9,9.97143,0.029985669056494402,,False,2026-06-04 04:15:00
Equal-Low_2026.06.04 09:55__ep1,w3,INVALIDATED_NO_BREAK,Equal-Low,PERIOD_M5,BUY,WEAK_TREND,DOWN,DETECTOR,10.4,4.83357,0.021516187828044285,,False,2026-06-04 10:00:00
Daily-High_2026.06.03__ep1,w3,INVALIDATED_NO_BREAK,Daily-High,PERIOD_M15,SELL,STRONG_TREND,UP,DETECTOR,29.0,10.13643,0.0286096781608515,141300.0,True,2026-06-04 15:15:00
Daily-High_2026.06.03__ep6,w3,INVALIDATED_NO_BREAK,Daily-High,PERIOD_H4,SELL,WEAK_TREND,DOWN,DETECTOR,140.3,34.07214,0.041177337261469354,158400.0,True,2026-06-04 20:00:00
Asia-Low_2026.06.05__ep1,w3,INVALIDATED_NO_BREAK,Asia-Low,PERIOD_D1,BUY,WEAK_TREND,DOWN,DETECTOR,322.6,97.63071,0.033042881691631665,0.0,True,2026-06-05 00:00:00
Equal-Low_2026.06.05 10:00__ep1,w3,INVALIDATED_NO_BREAK,Equal-Low,PERIOD_M30,BUY,STRONG_TREND,DOWN,DETECTOR,98.7,12.04429,0.08194754526833878,,False,2026-06-05 10:30:00
Asia-High_2026.06.05__ep1,w3,INVALIDATED_NO_BREAK,Asia-High,PERIOD_H1,SELL,WEAK_TREND,UP,DETECTOR,39.1,14.27286,0.027394649705805286,54000.0,True,2026-06-05 15:00:00
Asia-High_2026.06.05__ep3,w3,TRUE_BREAK_OBSERVED,Asia-High,PERIOD_H1,SELL,WEAK_TREND,DOWN,DETECTOR,679.9,18.44143,0.36868073679752594,57600.0,True,2026-06-05 16:00:00
Monthly-Low_2026.05.01__ep1,w3,INVALIDATED_NO_BREAK,Monthly-Low,PERIOD_H1,BUY,WEAK_TREND,DOWN,DETECTOR,31.4,22.755,0.013799165018677215,3088800.0,True,2026-06-05 18:00:00
Monthly-Low_2026.05.01__ep3,w3,INVALIDATED_NO_BREAK,Monthly-Low,PERIOD_H1,BUY,WEAK_TREND,UP,DETECTOR,131.5,15.89786,0.08271553529846155,4136400.0,True,2026-06-17 21:00:00
Weekly-Low_2026.05.31__ep2,w3,INVALIDATED_NO_BREAK,Weekly-Low,PERIOD_H1,BUY,STRONG_TREND,DOWN,DETECTOR,54.8,25.555,0.02144394443357464,698400.0,True,2026-06-08 02:00:00
Weekly-Low_2026.05.31__ep14,w3,INVALIDATED_NO_BREAK,Weekly-Low,PERIOD_H4,BUY,STRONG_TREND,DOWN,DETECTOR,213.8,47.17143,0.045324044660083454,748800.0,True,2026-06-08 16:00:00
Asia-Low_2026.06.08__ep1,w3,INVALIDATED_NO_BREAK,Asia-Low,PERIOD_D1,BUY,STRONG_TREND,DOWN,DETECTOR,114.8,102.34,0.011217510259917919,0.0,True,2026-06-08 00:00:00
Equal-High_2026.06.08 10:25__ep1,w3,INVALIDATED_NO_BREAK,Equal-High,PERIOD_M5,SELL,WEAK_TREND,UP,DETECTOR,58.9,7.27,0.08101788170563962,,False,2026-06-08 10:30:00
Equal-High_2026.06.08 16:55__ep1,w3,INVALIDATED_NO_BREAK,Equal-High,PERIOD_M5,SELL,WEAK_TREND,UP,DETECTOR,79.8,7.89857,0.10103094610796638,,False,2026-06-08 17:00:00
Equal-High_2026.06.09 05:30__ep1,w3,INVALIDATED_NO_BREAK,Equal-High,PERIOD_M15,SELL,WEAK_TREND,UP,DETECTOR,5.4,7.945,0.006796727501573317,,False,2026-06-09 05:45:00
Equal-High_2026.06.09 06:45__ep1,w3,INVALIDATED_NO_BREAK,Equal-High,PERIOD_M15,SELL,RANGING,UP,DETECTOR,28.2,7.95071,0.0354685304834411,,False,2026-06-09 07:00:00
Equal-Low_2026.06.09 07:55__ep1,w3,INVALIDATED_NO_BREAK,Equal-Low,PERIOD_M5,BUY,WEAK_TREND,DOWN,DETECTOR,13.2,4.28,0.0308411214953271,,False,2026-06-09 08:00:00
Equal-Low_2026.06.09 08:10__ep1,w3,INVALIDATED_NO_BREAK,Equal-Low,PERIOD_M5,BUY,WEAK_TREND,DOWN,DETECTOR,4.1,4.29571,0.009544405930567938,,False,2026-06-09 08:15:00
Equal-High_2026.06.09 08:30__ep1,w3,INVALIDATED_NO_BREAK,Equal-High,PERIOD_M30,SELL,RANGING,DOWN,DETECTOR,31.8,10.24214,0.031048198911555597,,False,2026-06-09 09:00:00
Equal-Low_2026.06.09 10:30__ep1,w3,INVALIDATED_NO_BREAK,Equal-Low,PERIOD_M15,BUY,WEAK_TREND,UP,DETECTOR,55.9,8.21214,0.06806995496910673,,False,2026-06-09 10:45:00
Equal-High_2026.06.09 14:55__ep1,w3,INVALIDATED_NO_BREAK,Equal-High,PERIOD_M5,SELL,STRONG_TREND,DOWN,DETECTOR,9.0,3.47857,0.0258727005637374,,False,2026-06-09 15:00:00
Asia-High_2026.06.10__ep1,w3,TRUE_BREAK_OBSERVED,Asia-High,PERIOD_D1,SELL,STRONG_TREND,DOWN,DETECTOR,920.7,101.45143,0.09075278682616894,0.0,True,2026-06-10 00:00:00
Daily-Low_2026.06.09__ep1,w3,INVALIDATED_NO_BREAK,Daily-Low,PERIOD_H1,BUY,WEAK_TREND,DOWN,DETECTOR,5.7,23.28214,0.0024482285563096865,93600.0,True,2026-06-10 02:00:00
Asia-Low_2026.06.10__ep1,w3,INVALIDATED_NO_BREAK,Asia-Low,PERIOD_H1,BUY,STRONG_TREND,DOWN,DETECTOR,21.8,23.57,0.009249045396690709,50400.0,True,2026-06-10 14:00:00
Daily-Low_2026.06.10__ep1,w3,INVALIDATED_NO_BREAK,Daily-Low,PERIOD_M30,BUY,STRONG_TREND,DOWN,DETECTOR,4.6,21.11571,0.0021784728053188835,99000.0,True,2026-06-11 03:30:00
Daily-Low_2026.06.10__ep2,w3,INVALIDATED_NO_BREAK,Daily-Low,PERIOD_H1,BUY,STRONG_TREND,DOWN,DETECTOR,85.9,33.95143,0.025300848889133684,100800.0,True,2026-06-11 04:00:00
Daily-Low_2026.06.10__ep7,w3,INVALIDATED_NO_BREAK,Daily-Low,PERIOD_M15,BUY,STRONG_TREND,DOWN,DETECTOR,3.1,17.93143,0.0017288080203307827,110700.0,True,2026-06-11 06:45:00
Daily-Low_2026.06.10__ep9,w3,INVALIDATED_NO_BREAK,Daily-Low,PERIOD_H4,BUY,STRONG_TREND,DOWN,DETECTOR,154.3,52.02071,0.029661263754377824,115200.0,True,2026-06-11 08:00:00
Daily-Low_2026.06.10__ep14,w3,INVALIDATED_NO_BREAK,Daily-Low,PERIOD_H1,BUY,WEAK_TREND,DOWN,DETECTOR,159.8,27.23286,0.05867911045699938,147600.0,True,2026-06-11 17:00:00
Equal-High_2026.06.11 11:55__ep1,w3,TRUE_BREAK_OBSERVED,Equal-High,PERIOD_M5,SELL,STRONG_TREND,UP,DETECTOR,13.9,5.32786,0.02608927411756315,,False,2026-06-11 12:00:00
Daily-High_2026.06.11__ep1,w3,INVALIDATED_NO_BREAK,Daily-High,PERIOD_M15,SELL,STRONG_TREND,UP,DETECTOR,104.0,14.41,0.07217210270645386,90900.0,True,2026-06-12 01:15:00
Daily-High_2026.06.11__ep6,w3,INVALIDATED_NO_BREAK,Daily-High,PERIOD_M15,SELL,STRONG_TREND,UP,DETECTOR,33.0,11.80643,0.02795087083902585,98100.0,True,2026-06-12 03:15:00
Daily-High_2026.06.11__ep12,w3,INVALIDATED_NO_BREAK,Daily-High,PERIOD_M30,SELL,WEAK_TREND,DOWN,DETECTOR,134.1,14.32286,0.0936265522388685,135000.0,True,2026-06-12 13:30:00
Daily-High_2026.06.11__ep14,w3,INVALIDATED_NO_BREAK,Daily-High,PERIOD_H4,SELL,STRONG_TREND,DOWN,DETECTOR,284.3,59.89214,0.047468666172222264,144000.0,True,2026-06-12 16:00:00
Daily-High_2026.06.11__ep19,w3,INVALIDATED_NO_BREAK,Daily-High,PERIOD_H1,SELL,RANGING,DOWN,DETECTOR,41.3,22.66714,0.018220207754485126,158400.0,True,2026-06-12 20:00:00
Asia-High_2026.06.12__ep1,w3,INVALIDATED_NO_BREAK,Asia-High,PERIOD_H1,SELL,STRONG_TREND,UP,DETECTOR,26.3,32.96214,0.007978850887715423,7200.0,True,2026-06-12 02:00:00
Asia-Low_2026.06.12__ep1,w3,INVALIDATED_NO_BREAK,Asia-Low,PERIOD_D1,BUY,STRONG_TREND,DOWN,DETECTOR,1856.4,119.46214,0.15539651307100308,0.0,True,2026-06-12 00:00:00
Equal-Low_2026.06.12 08:10__ep1,w3,TRUE_BREAK_OBSERVED,Equal-Low,PERIOD_M5,BUY,STRONG_TREND,UP,DETECTOR,59.9,4.57857,0.13082687389294037,,False,2026-06-12 08:15:00
Equal-Low_2026.06.12 17:55__ep1,w3,TRUE_BREAK_OBSERVED,Equal-Low,PERIOD_M5,BUY,RANGING,DOWN,DETECTOR,11.4,10.54214,0.010813743699097147,,False,2026-06-12 18:00:00
Equal-Low_2026.06.12 23:25__ep1,w3,TRUE_BREAK_OBSERVED,Equal-Low,PERIOD_M5,BUY,STRONG_TREND,DOWN,DETECTOR,5.7,3.63357,0.01568705157737432,,False,2026-06-12 23:30:00
Asia-Low_2026.06.15__ep1,w3,INVALIDATED_NO_BREAK,Asia-Low,PERIOD_D1,BUY,STRONG_TREND,DOWN,DETECTOR,482.1,119.72214,0.04026824111229552,0.0,True,2026-06-15 00:00:00
Asia-High_2026.06.15__ep1,w3,INVALIDATED_NO_BREAK,Asia-High,PERIOD_H1,SELL,RANGING,UP,DETECTOR,26.2,27.27071,0.00960737729234039,7200.0,True,2026-06-15 02:00:00
Asia-High_2026.06.15__ep2,w3,INVALIDATED_NO_BREAK,Asia-High,PERIOD_H4,SELL,WEAK_TREND,DOWN,DETECTOR,154.5,59.41286,0.026004471085889484,14400.0,True,2026-06-15 04:00:00
Asia-High_2026.06.15__ep3,w3,INVALIDATED_NO_BREAK,Asia-High,PERIOD_H1,SELL,STRONG_TREND,UP,DETECTOR,12.0,23.05929,0.005203976358335404,43200.0,True,2026-06-15 12:00:00
Asia-High_2026.06.15__ep4,w3,INVALIDATED_NO_BREAK,Asia-High,PERIOD_H1,SELL,STRONG_TREND,UP,DETECTOR,2.1,21.825,0.0009621993127147768,54000.0,True,2026-06-15 15:00:00
Equal-High_2026.06.15 09:00__ep1,w3,INVALIDATED_NO_BREAK,Equal-High,PERIOD_M15,SELL,WEAK_TREND,UP,DETECTOR,2.5,7.65214,0.0032670599335610693,,False,2026-06-15 09:15:00
Equal-High_2026.06.15 09:15__ep1,w3,INVALIDATED_NO_BREAK,Equal-High,PERIOD_M15,SELL,STRONG_TREND,UP,DETECTOR,39.1,7.57429,0.051622000213881435,,False,2026-06-15 09:30:00
Equal-High_2026.06.15 09:45__ep1,w3,INVALIDATED_NO_BREAK,Equal-High,PERIOD_M15,SELL,STRONG_TREND,DOWN,DETECTOR,8.7,7.225,0.012041522491349481,,False,2026-06-15 10:00:00
Equal-Low_2026.06.15 10:55__ep1,w3,INVALIDATED_NO_BREAK,Equal-Low,PERIOD_M5,BUY,WEAK_TREND,DOWN,DETECTOR,23.3,4.42929,0.0526043677429114,,False,2026-06-15 11:00:00
Equal-Low_2026.06.15 15:25__ep1,w3,INVALIDATED_NO_BREAK,Equal-Low,PERIOD_M5,BUY,RANGING,DOWN,DETECTOR,13.1,5.87143,0.022311430094542558,,False,2026-06-15 15:30:00
Weekly-High_2026.06.07__ep2,w3,INVALIDATED_NO_BREAK,Weekly-High,PERIOD_H1,SELL,STRONG_TREND,UP,DETECTOR,81.5,18.12714,0.044960208836032606,752400.0,True,2026-06-15 17:00:00
Weekly-High_2026.06.07__ep4,w3,INVALIDATED_NO_BREAK,Weekly-High,PERIOD_M15,SELL,STRONG_TREND,UP,DETECTOR,63.3,9.97643,0.06344955059074238,755100.0,True,2026-06-15 17:45:00
Weekly-High_2026.06.07__ep7,w3,INVALIDATED_NO_BREAK,Weekly-High,PERIOD_D1,SELL,STRONG_TREND,DOWN,DETECTOR,542.6,123.49143,0.0439382716679206,777600.0,True,2026-06-16 00:00:00
Weekly-High_2026.06.07__ep12,w3,INVALIDATED_NO_BREAK,Weekly-High,PERIOD_H1,SELL,WEAK_TREND,UP,DETECTOR,39.0,14.37643,0.027127736162593914,936000.0,True,2026-06-17 20:00:00
Weekly-High_2026.06.07__ep15,w3,TRUE_BREAK_OBSERVED,Weekly-High,PERIOD_M30,SELL,WEAK_TREND,DOWN,DETECTOR,707.5,20.65214,0.3425795099200374,941400.0,True,2026-06-17 21:30:00
Equal-Low_2026.06.15 18:25__ep1,w3,INVALIDATED_NO_BREAK,Equal-Low,PERIOD_M5,BUY,RANGING,DOWN,DETECTOR,1.5,6.13,0.0024469820554649264,,False,2026-06-15 18:30:00
Equal-Low_2026.06.15 18:40__ep1,w3,INVALIDATED_NO_BREAK,Equal-Low,PERIOD_M5,BUY,RANGING,DOWN,DETECTOR,37.0,5.46857,0.06765936981697226,,False,2026-06-15 18:45:00
Equal-Low_2026.06.15 19:10__ep1,w3,INVALIDATED_NO_BREAK,Equal-Low,PERIOD_M5,BUY,RANGING,DOWN,DETECTOR,19.8,4.61643,0.042890285350368144,,False,2026-06-15 19:15:00
Equal-High_2026.06.16 10:00__ep1,w3,INVALIDATED_NO_BREAK,Equal-High,PERIOD_H1,SELL,WEAK_TREND,DOWN,DETECTOR,2.8,12.97214,0.0021584719252181984,,False,2026-06-16 11:00:00
Asia-High_2026.06.16__ep1,w3,INVALIDATED_NO_BREAK,Asia-High,PERIOD_H1,SELL,WEAK_TREND,UP,DETECTOR,14.1,14.07,0.010021321961620469,61200.0,True,2026-06-16 17:00:00
Equal-High_2026.06.16 18:00__ep1,w3,INVALIDATED_NO_BREAK,Equal-High,PERIOD_H1,SELL,WEAK_TREND,UP,DETECTOR,1.7,15.49214,0.00109733064637939,,False,2026-06-16 19:00:00
Equal-High_2026.06.16 22:00__ep1,w3,INVALIDATED_NO_BREAK,Equal-High,PERIOD_H1,SELL,RANGING,UP,DETECTOR,14.8,14.65714,0.010097467855256894,,False,2026-06-16 23:00:00
Equal-High_2026.06.17 05:00__ep1,w3,INVALIDATED_NO_BREAK,Equal-High,PERIOD_H1,SELL,RANGING,DOWN,DETECTOR,37.6,14.25571,0.026375396244732813,,False,2026-06-17 06:00:00
Asia-Low_2026.06.17__ep1,w3,INVALIDATED_NO_BREAK,Asia-Low,PERIOD_D1,BUY,STRONG_TREND,DOWN,DETECTOR,235.5,117.15714,0.02010120766007091,0.0,True,2026-06-17 00:00:00
Daily-Low_2026.06.16__ep1,w3,INVALIDATED_NO_BREAK,Daily-Low,PERIOD_M15,BUY,VOLATILE,UP,DETECTOR,175.9,19.83643,0.08867523037159408,164700.0,True,2026-06-17 21:45:00
Asia-Low_2026.06.18__ep1,w3,INVALIDATED_NO_BREAK,Asia-Low,PERIOD_H1,BUY,RANGING,UP,DETECTOR,26.1,29.37071,0.008886404176133298,7200.0,True,2026-06-18 02:00:00
Asia-Low_2026.06.18__ep8,w3,INVALIDATED_NO_BREAK,Asia-Low,PERIOD_M30,BUY,STRONG_TREND,DOWN,DETECTOR,53.0,13.06857,0.040555317069886,48600.0,True,2026-06-18 13:30:00
Asia-Low_2026.06.18__ep9,w3,INVALIDATED_NO_BREAK,Asia-Low,PERIOD_M15,BUY,WEAK_TREND,DOWN,DETECTOR,2.0,11.355,0.0017613386173491853,60300.0,True,2026-06-18 16:45:00
Equal-Low_2026.06.18 04:00__ep1,w3,INVALIDATED_NO_BREAK,Equal-Low,PERIOD_M30,BUY,STRONG_TREND,DOWN,DETECTOR,21.8,32.22429,0.0067650831096666515,,False,2026-06-18 04:30:00
Equal-Low_2026.06.18 04:00__ep2,w3,INVALIDATED_NO_BREAK,Equal-Low,PERIOD_H1,BUY,WEAK_TREND,DOWN,DETECTOR,9.1,32.71071,0.002781963460897058,,False,2026-06-18 05:00:00
Equal-Low_2026.06.18 05:00__ep1,w3,INVALIDATED_NO_BREAK,Equal-Low,PERIOD_M30,BUY,STRONG_TREND,DOWN,DETECTOR,74.8,24.985,0.0299379627776666,,False,2026-06-18 05:30:00
Daily-Low_2026.06.17__ep2,w3,INVALIDATED_NO_BREAK,Daily-Low,PERIOD_H1,BUY,STRONG_TREND,DOWN,DETECTOR,4.2,20.97643,0.002002247284213758,158400.0,True,2026-06-18 20:00:00
Daily-Low_2026.06.17__ep5,w3,INVALIDATED_NO_BREAK,Daily-Low,PERIOD_H1,BUY,STRONG_TREND,DOWN,DETECTOR,113.3,21.03714,0.05385713076967687,162000.0,True,2026-06-18 21:00:00
Asia-High_2026.06.19__ep1,w3,INVALIDATED_NO_BREAK,Asia-High,PERIOD_D1,SELL,STRONG_TREND,DOWN,DETECTOR,1206.3,119.68357,0.10079077687939957,0.0,True,2026-06-19 00:00:00
Equal-Low_2026.06.22 03:00__ep1,w3,INVALIDATED_NO_BREAK,Equal-Low,PERIOD_M15,BUY,RANGING,UP,DETECTOR,191.2,9.23429,0.20705435934977134,,False,2026-06-22 03:15:00
Daily-High_2026.06.19__ep4,w3,INVALIDATED_NO_BREAK,Daily-High,PERIOD_H4,SELL,STRONG_TREND,UP,DETECTOR,314.6,55.895,0.056284104123803566,288000.0,True,2026-06-22 08:00:00
Daily-High_2026.06.19__ep11,w3,INVALIDATED_NO_BREAK,Daily-High,PERIOD_H4,SELL,STRONG_TREND,UP,DETECTOR,198.5,43.51071,0.04562095171510647,316800.0,True,2026-06-22 16:00:00
Asia-Low_2026.06.23__ep1,w3,INVALIDATED_NO_BREAK,Asia-Low,PERIOD_D1,BUY,STRONG_TREND,DOWN,DETECTOR,513.4,119.65,0.04290848307563727,0.0,True,2026-06-23 00:00:00
Asia-Low_2026.06.23__ep2,w3,INVALIDATED_NO_BREAK,Asia-Low,PERIOD_M15,BUY,STRONG_TREND,DOWN,DETECTOR,52.7,12.11429,0.04350234310058617,36900.0,True,2026-06-23 10:15:00
Asia-Low_2026.06.23__ep4,w3,INVALIDATED_NO_BREAK,Asia-Low,PERIOD_M15,BUY,STRONG_TREND,DOWN,DETECTOR,7.2,11.33714,0.006350808052118966,44100.0,True,2026-06-23 12:15:00
Asia-Low_2026.06.23__ep6,w3,INVALIDATED_NO_BREAK,Asia-Low,PERIOD_H4,BUY,STRONG_TREND,DOWN,DETECTOR,29.2,43.16857,0.006764180513739509,57600.0,True,2026-06-23 16:00:00
Daily-Low_2026.06.22__ep3,w3,INVALIDATED_NO_BREAK,Daily-Low,PERIOD_H1,BUY,WEAK_TREND,DOWN,DETECTOR,75.6,17.96357,0.042085175719525685,111600.0,True,2026-06-23 07:00:00
Daily-Low_2026.06.22__ep5,w3,INVALIDATED_NO_BREAK,Daily-Low,PERIOD_M15,BUY,WEAK_TREND,DOWN,DETECTOR,11.2,11.23143,0.009972016030015768,148500.0,True,2026-06-23 17:15:00
Daily-Low_2026.06.22__ep7,w3,INVALIDATED_NO_BREAK,Daily-Low,PERIOD_H1,BUY,WEAK_TREND,DOWN,DETECTOR,21.1,20.86143,0.010114359370378734,154800.0,True,2026-06-23 19:00:00
Weekly-Low_2026.06.14__ep7,w3,INVALIDATED_NO_BREAK,Weekly-Low,PERIOD_M30,BUY,STRONG_TREND,DOWN,DETECTOR,56.0,15.18786,0.03687155399114819,829800.0,True,2026-06-23 14:30:00
Weekly-Low_2026.06.14__ep8,w3,INVALIDATED_NO_BREAK,Weekly-Low,PERIOD_H1,BUY,STRONG_TREND,DOWN,DETECTOR,16.3,20.04786,0.00813054360914332,831600.0,True,2026-06-23 15:00:00
Weekly-Low_2026.06.14__ep12,w3,INVALIDATED_NO_BREAK,Weekly-Low,PERIOD_M30,BUY,WEAK_TREND,DOWN,DETECTOR,1.5,12.28429,0.0012210717916949208,858600.0,True,2026-06-23 22:30:00
Equal-High_2026.06.23 17:25__ep1,w3,INVALIDATED_NO_BREAK,Equal-High,PERIOD_M5,SELL,WEAK_TREND,DOWN,DETECTOR,6.7,9.06,0.007395143487858719,,False,2026-06-23 17:30:00
Daily-Low_2026.06.23__ep3,w3,INVALIDATED_NO_BREAK,Daily-Low,PERIOD_M30,BUY,STRONG_TREND,DOWN,DETECTOR,73.4,11.78286,0.06229387432253291,102600.0,True,2026-06-24 04:30:00
Asia-High_2026.06.24__ep1,w3,INVALIDATED_NO_BREAK,Asia-High,PERIOD_D1,SELL,STRONG_TREND,DOWN,DETECTOR,757.5,122.27786,0.06194907238317714,0.0,True,2026-06-24 00:00:00
Equal-High_2026.06.24 19:25__ep1,w3,INVALIDATED_NO_BREAK,Equal-High,PERIOD_M5,SELL,WEAK_TREND,DOWN,DETECTOR,7.9,7.87143,0.010036295819184061,,False,2026-06-24 19:30:00
Equal-High_2026.06.24 19:40__ep1,w3,INVALIDATED_NO_BREAK,Equal-High,PERIOD_M5,SELL,WEAK_TREND,DOWN,DETECTOR,52.4,7.66,0.06840731070496084,,False,2026-06-24 19:45:00
Asia-High_2026.06.25__ep1,w3,TRUE_BREAK_OBSERVED,Asia-High,PERIOD_D1,SELL,STRONG_TREND,DOWN,DETECTOR,1128.1,126.88429,0.0889077757380366,0.0,True,2026-06-25 00:00:00
Asia-High_2026.06.25__ep2,w3,INVALIDATED_NO_BREAK,Asia-High,PERIOD_H1,SELL,WEAK_TREND,UP,DETECTOR,63.3,22.925,0.027611777535441657,57600.0,True,2026-06-25 16:00:00
Asia-High_2026.06.25__ep6,w3,INVALIDATED_NO_BREAK,Asia-High,PERIOD_H1,SELL,WEAK_TREND,UP,DETECTOR,67.0,22.67571,0.029547035131424773,64800.0,True,2026-06-25 18:00:00
Equal-Low_2026.06.25 01:45__ep1,w3,INVALIDATED_NO_BREAK,Equal-Low,PERIOD_M15,BUY,WEAK_TREND,UP,DETECTOR,7.6,9.06214,0.008386540044625222,,False,2026-06-25 02:00:00
Equal-Low_2026.06.25 03:15__ep1,w3,INVALIDATED_NO_BREAK,Equal-Low,PERIOD_M15,BUY,WEAK_TREND,UP,DETECTOR,8.3,9.4,0.008829787234042553,,False,2026-06-25 03:30:00
Equal-Low_2026.06.25 08:00__ep1,w3,INVALIDATED_NO_BREAK,Equal-Low,PERIOD_M15,BUY,RANGING,DOWN,DETECTOR,26.9,14.20143,0.01894175445712157,,False,2026-06-25 08:15:00
Equal-High_2026.06.25 11:15__ep1,w3,INVALIDATED_NO_BREAK,Equal-High,PERIOD_M15,SELL,WEAK_TREND,DOWN,DETECTOR,74.1,11.99857,0.06175735941866405,,False,2026-06-25 11:30:00
Equal-Low_2026.06.26 01:25__ep1,w3,INVALIDATED_NO_BREAK,Equal-Low,PERIOD_M5,BUY,WEAK_TREND,UP,DETECTOR,9.1,3.26643,0.027859161224945885,,False,2026-06-26 01:30:00
Equal-High_2026.06.26 01:40__ep1,w3,INVALIDATED_NO_BREAK,Equal-High,PERIOD_M5,SELL,WEAK_TREND,DOWN,DETECTOR,30.1,4.11071,0.07322336044138361,,False,2026-06-26 01:45:00
Asia-High_2026.06.26__ep4,w3,INVALIDATED_NO_BREAK,Asia-High,PERIOD_M15,SELL,STRONG_TREND,DOWN,DETECTOR,57.7,8.86929,0.06505594021618417,36900.0,True,2026-06-26 10:15:00
Asia-High_2026.06.26__ep8,w3,INVALIDATED_NO_BREAK,Asia-High,PERIOD_H1,SELL,WEAK_TREND,UP,DETECTOR,22.1,18.42214,0.011996434724738821,43200.0,True,2026-06-26 12:00:00
Asia-Low_2026.06.26__ep1,w3,INVALIDATED_NO_BREAK,Asia-Low,PERIOD_D1,BUY,STRONG_TREND,DOWN,DETECTOR,604.5,120.54429,0.05014754328056517,0.0,True,2026-06-26 00:00:00
Equal-Low_2026.06.26 08:10__ep1,w3,INVALIDATED_NO_BREAK,Equal-Low,PERIOD_M5,BUY,WEAK_TREND,UP,DETECTOR,11.9,4.54929,0.026157927940403888,,False,2026-06-26 08:15:00
Daily-High_2026.06.25__ep1,w3,INVALIDATED_NO_BREAK,Daily-High,PERIOD_M15,SELL,WEAK_TREND,UP,DETECTOR,39.9,9.09929,0.04384957507673676,143100.0,True,2026-06-26 15:45:00
Equal-Low_2026.06.26 20:40__ep1,w3,INVALIDATED_NO_BREAK,Equal-Low,PERIOD_M5,BUY,WEAK_TREND,DOWN,DETECTOR,10.8,3.87071,0.027901857798698436,,False,2026-06-26 20:45:00
Equal-Low_2026.06.29 01:55__ep1,w3,INVALIDATED_NO_BREAK,Equal-Low,PERIOD_M5,BUY,WEAK_TREND,UP,DETECTOR,18.7,8.37786,0.022320735844237074,,False,2026-06-29 02:00:00
Asia-High_2026.06.29__ep1,w3,INVALIDATED_NO_BREAK,Asia-High,PERIOD_H1,SELL,WEAK_TREND,UP,DETECTOR,41.9,19.81214,0.021148649262522877,7200.0,True,2026-06-29 02:00:00
Equal-High_2026.06.29 03:15__ep1,w3,INVALIDATED_NO_BREAK,Equal-High,PERIOD_M15,SELL,WEAK_TREND,DOWN,DETECTOR,73.9,10.7,0.06906542056074767,,False,2026-06-29 03:30:00
Equal-High_2026.06.29 04:00__ep1,w3,INVALIDATED_NO_BREAK,Equal-High,PERIOD_M15,SELL,RANGING,DOWN,DETECTOR,9.5,13.09071,0.007257054812153046,,False,2026-06-29 04:15:00
Equal-High_2026.06.29 05:10__ep1,w3,INVALIDATED_NO_BREAK,Equal-High,PERIOD_M5,SELL,RANGING,DOWN,DETECTOR,57.1,7.38857,0.07728153079689305,,False,2026-06-29 05:15:00
Equal-High_2026.06.29 06:15__ep1,w3,INVALIDATED_NO_BREAK,Equal-High,PERIOD_M15,SELL,RANGING,DOWN,DETECTOR,22.4,12.11071,0.018496025418823503,,False,2026-06-29 06:30:00
Asia-Low_2026.06.29__ep1,w3,INVALIDATED_NO_BREAK,Asia-Low,PERIOD_D1,BUY,STRONG_TREND,DOWN,DETECTOR,1018.9,122.56357,0.08313236959399926,0.0,True,2026-06-29 00:00:00
Asia-Low_2026.06.29__ep2,w3,INVALIDATED_NO_BREAK,Asia-Low,PERIOD_M15,BUY,STRONG_TREND,DOWN,DETECTOR,82.7,9.82,0.08421588594704685,54900.0,True,2026-06-29 15:15:00
Asia-Low_2026.06.29__ep4,w3,INVALIDATED_NO_BREAK,Asia-Low,PERIOD_H1,BUY,RANGING,DOWN,DETECTOR,42.3,17.57071,0.024074155227648743,57600.0,True,2026-06-29 16:00:00
Equal-Low_2026.06.29 08:55__ep1,w3,INVALIDATED_NO_BREAK,Equal-Low,PERIOD_M5,BUY,STRONG_TREND,DOWN,DETECTOR,5.9,6.0,0.009833333333333335,,False,2026-06-29 09:00:00
Equal-High_2026.06.29 10:40__ep1,w3,INVALIDATED_NO_BREAK,Equal-High,PERIOD_M5,SELL,RANGING,UP,DETECTOR,22.4,3.92786,0.05702850916275019,,False,2026-06-29 10:45:00
Equal-High_2026.06.29 10:55__ep1,w3,INVALIDATED_NO_BREAK,Equal-High,PERIOD_M5,SELL,RANGING,UP,DETECTOR,32.6,3.95929,0.08233799494353786,,False,2026-06-29 11:00:00
Asia-High_2026.06.30__ep1,w3,TRUE_BREAK_OBSERVED,Asia-High,PERIOD_D1,SELL,STRONG_TREND,DOWN,DETECTOR,590.1,119.83214,0.04924388398638296,0.0,True,2026-06-30 00:00:00
Asia-High_2026.06.30__ep2,w3,INVALIDATED_NO_BREAK,Asia-High,PERIOD_H1,SELL,WEAK_TREND,DOWN,DETECTOR,18.5,20.885,0.008858032080440507,39600.0,True,2026-06-30 11:00:00
Asia-High_2026.06.30__ep6,w3,INVALIDATED_NO_BREAK,Asia-High,PERIOD_M30,SELL,WEAK_TREND,UP,DETECTOR,21.9,13.28214,0.016488306854166572,52200.0,True,2026-06-30 14:30:00
Asia-High_2026.06.30__ep12,w3,INVALIDATED_NO_BREAK,Asia-High,PERIOD_H4,SELL,STRONG_TREND,UP,DETECTOR,79.1,39.88143,0.01983379231888124,72000.0,True,2026-06-30 20:00:00
Weekly-Low_2026.06.21__ep1,w4,INVALIDATED_NO_BREAK,Weekly-Low,PERIOD_D1,BUY,STRONG_TREND,DOWN,DETECTOR,482.8,114.74429,0.042076167798850816,864000.0,True,2026-07-01 00:00:00
Weekly-Low_2026.06.21__ep2,w3,INVALIDATED_NO_BREAK,Weekly-Low,PERIOD_H1,BUY,STRONG_TREND,UP,DETECTOR,101.9,18.54929,0.05493471717785425,795600.0,True,2026-06-30 05:00:00
Weekly-Low_2026.06.21__ep6,w3,INVALIDATED_NO_BREAK,Weekly-Low,PERIOD_H4,BUY,STRONG_TREND,UP,DETECTOR,263.1,37.07357,0.07096699886199254,806400.0,True,2026-06-30 08:00:00
Daily-Low_2026.06.29__ep2,w3,INVALIDATED_NO_BREAK,Daily-Low,PERIOD_H1,BUY,STRONG_TREND,DOWN,DETECTOR,296.0,20.82357,0.14214661558993005,122400.0,True,2026-06-30 10:00:00
Daily-Low_2026.06.29__ep3,w3,INVALIDATED_NO_BREAK,Daily-Low,PERIOD_H4,BUY,STRONG_TREND,UP,DETECTOR,154.7,39.73143,0.03893642891786175,129600.0,True,2026-06-30 12:00:00
Equal-High_2026.07.01 07:55__ep1,w4,INVALIDATED_NO_BREAK,Equal-High,PERIOD_M5,SELL,RANGING,DOWN,DETECTOR,44.7,3.35643,0.13317721507673333,,False,2026-07-01 08:00:00
Asia-Low_2026.07.01__ep4,w4,INVALIDATED_NO_BREAK,Asia-Low,PERIOD_H4,BUY,STRONG_TREND,DOWN,DETECTOR,112.8,36.75857,0.030686721491069973,43200.0,True,2026-07-01 12:00:00
Equal-High_2026.07.01 11:25__ep1,w4,INVALIDATED_NO_BREAK,Equal-High,PERIOD_M5,SELL,STRONG_TREND,UP,DETECTOR,0.7,5.15929,0.0013567758354347205,,False,2026-07-01 11:30:00
Equal-High_2026.07.01 12:25__ep1,w4,INVALIDATED_NO_BREAK,Equal-High,PERIOD_M5,SELL,WEAK_TREND,UP,DETECTOR,1.6,4.055,0.003945745992601727,,False,2026-07-01 12:30:00
Asia-High_2026.07.01__ep1,w4,INVALIDATED_NO_BREAK,Asia-High,PERIOD_M15,SELL,STRONG_TREND,DOWN,DETECTOR,24.6,8.03714,0.03060790281119901,51300.0,True,2026-07-01 14:15:00
Daily-High_2026.06.30__ep1,w4,INVALIDATED_NO_BREAK,Daily-High,PERIOD_M30,SELL,STRONG_TREND,UP,DETECTOR,20.7,18.64143,0.011104298329044499,163800.0,True,2026-07-01 21:30:00
Daily-High_2026.06.30__ep2,w4,TRUE_BREAK_OBSERVED,Daily-High,PERIOD_M15,SELL,STRONG_TREND,UP,DETECTOR,2.7,6.755,0.003997039230199852,164700.0,True,2026-07-01 21:45:00
Weekly-High_2026.06.28__ep4,w4,INVALIDATED_NO_BREAK,Weekly-High,PERIOD_H4,SELL,STRONG_TREND,UP,DETECTOR,357.4,35.60071,0.10039125624179968,720000.0,True,2026-07-06 08:00:00
Equal-Low_2026.07.06 05:55__ep1,w4,INVALIDATED_NO_BREAK,Equal-Low,PERIOD_M5,BUY,STRONG_TREND,DOWN,DETECTOR,38.0,5.74429,0.06615264897837679,,False,2026-07-06 06:00:00
Equal-High_2026.07.06 22:00__ep1,w4,INVALIDATED_NO_BREAK,Equal-High,PERIOD_M15,SELL,STRONG_TREND,UP,DETECTOR,1.0,6.00786,0.0016644861897580836,,False,2026-07-06 22:15:00
Daily-Low_2026.07.06__ep5,w4,INVALIDATED_NO_BREAK,Daily-Low,PERIOD_M15,BUY,STRONG_TREND,DOWN,DETECTOR,40.5,7.70786,0.05254376701185543,121500.0,True,2026-07-07 09:45:00
Daily-Low_2026.07.06__ep13,w4,INVALIDATED_NO_BREAK,Daily-Low,PERIOD_H4,BUY,WEAK_TREND,UP,DETECTOR,439.5,29.50357,0.14896502355477662,144000.0,True,2026-07-07 16:00:00
Equal-High_2026.07.07 15:00__ep1,w4,INVALIDATED_NO_BREAK,Equal-High,PERIOD_M30,SELL,STRONG_TREND,DOWN,DETECTOR,25.4,11.77929,0.021563269093468285,,False,2026-07-07 15:30:00
Equal-High_2026.07.07 18:45__ep1,w4,INVALIDATED_NO_BREAK,Equal-High,PERIOD_M15,SELL,STRONG_TREND,UP,DETECTOR,3.5,11.25071,0.003110914777822911,,False,2026-07-07 19:00:00
Asia-Low_2026.07.08__ep3,w4,INVALIDATED_NO_BREAK,Asia-Low,PERIOD_H4,BUY,WEAK_TREND,UP,DETECTOR,156.7,32.39357,0.048373797639469814,14400.0,True,2026-07-08 04:00:00
Equal-High_2026.07.08 09:25__ep1,w4,TRUE_BREAK_OBSERVED,Equal-High,PERIOD_M5,SELL,RANGING,UP,DETECTOR,21.3,4.68143,0.045498918065633796,,False,2026-07-08 09:30:00
Equal-Low_2026.07.08 10:30__ep1,w4,INVALIDATED_NO_BREAK,Equal-Low,PERIOD_M15,BUY,WEAK_TREND,UP,DETECTOR,66.8,6.88429,0.09703251896709755,,False,2026-07-08 10:45:00
Equal-Low_2026.07.08 10:00__ep1,w4,INVALIDATED_NO_BREAK,Equal-Low,PERIOD_H1,BUY,RANGING,UP,DETECTOR,44.4,16.57143,0.026793101138525763,,False,2026-07-08 11:00:00
Equal-Low_2026.07.08 10:45__ep1,w4,INVALIDATED_NO_BREAK,Equal-Low,PERIOD_M15,BUY,WEAK_TREND,UP,DETECTOR,4.7,6.99786,0.006716338995064205,,False,2026-07-08 11:00:00
Equal-Low_2026.07.08 17:45__ep1,w4,INVALIDATED_NO_BREAK,Equal-Low,PERIOD_M15,BUY,WEAK_TREND,DOWN,DETECTOR,4.4,14.70786,0.0029915976899426567,,False,2026-07-08 18:00:00
Equal-Low_2026.07.08 19:30__ep1,w4,INVALIDATED_NO_BREAK,Equal-Low,PERIOD_M15,BUY,WEAK_TREND,DOWN,DETECTOR,160.8,12.68857,0.12672822863411717,,False,2026-07-08 19:45:00
Equal-High_2026.07.09 07:55__ep1,w4,INVALIDATED_NO_BREAK,Equal-High,PERIOD_M5,SELL,RANGING,DOWN,DETECTOR,0.9,3.68071,0.0024451804135615144,,False,2026-07-09 08:00:00
Equal-Low_2026.07.09 08:00__ep1,w4,INVALIDATED_NO_BREAK,Equal-Low,PERIOD_M15,BUY,WEAK_TREND,DOWN,DETECTOR,19.9,7.60357,0.026171916612854222,,False,2026-07-09 08:15:00
Asia-High_2026.07.09__ep1,w4,INVALIDATED_NO_BREAK,Asia-High,PERIOD_H1,SELL,RANGING,UP,DETECTOR,1.8,15.36714,0.001171330514331229,39600.0,True,2026-07-09 11:00:00
Asia-High_2026.07.09__ep2,w4,INVALIDATED_NO_BREAK,Asia-High,PERIOD_M15,SELL,STRONG_TREND,UP,DETECTOR,42.2,7.31571,0.0576840798774145,45900.0,True,2026-07-09 12:45:00
Asia-High_2026.07.09__ep7,w4,INVALIDATED_NO_BREAK,Asia-High,PERIOD_M15,SELL,WEAK_TREND,UP,DETECTOR,18.2,6.46357,0.028157813715949546,53100.0,True,2026-07-09 14:45:00
Asia-High_2026.07.09__ep8,w4,INVALIDATED_NO_BREAK,Asia-High,PERIOD_M30,SELL,WEAK_TREND,UP,DETECTOR,8.4,11.26857,0.007454361999792343,55800.0,True,2026-07-09 15:30:00
Asia-High_2026.07.09__ep9,w4,INVALIDATED_NO_BREAK,Asia-High,PERIOD_H1,SELL,WEAK_TREND,UP,DETECTOR,3.8,14.75,0.0025762711864406778,57600.0,True,2026-07-09 16:00:00
Daily-High_2026.07.08__ep3,w4,INVALIDATED_NO_BREAK,Daily-High,PERIOD_H1,SELL,WEAK_TREND,UP,DETECTOR,60.9,16.13571,0.03774237390235695,151200.0,True,2026-07-09 18:00:00
Daily-High_2026.07.08__ep5,w4,INVALIDATED_NO_BREAK,Daily-High,PERIOD_H1,SELL,STRONG_TREND,UP,DETECTOR,57.6,15.10571,0.03813127618628982,158400.0,True,2026-07-09 20:00:00
Asia-High_2026.07.10__ep1,w4,INVALIDATED_NO_BREAK,Asia-High,PERIOD_D1,SELL,WEAK_TREND,DOWN,DETECTOR,73.5,103.80571,0.007080535357833398,0.0,True,2026-07-10 00:00:00
Equal-Low_2026.07.10 04:45__ep1,w4,INVALIDATED_NO_BREAK,Equal-Low,PERIOD_M15,BUY,RANGING,DOWN,DETECTOR,25.8,6.62,0.03897280966767372,,False,2026-07-10 05:00:00
Equal-High_2026.07.10 05:10__ep1,w4,INVALIDATED_NO_BREAK,Equal-High,PERIOD_M5,SELL,WEAK_TREND,DOWN,DETECTOR,10.0,5.57286,0.017944107693356734,,False,2026-07-10 05:15:00
Equal-Low_2026.07.10 07:10__ep1,w4,INVALIDATED_NO_BREAK,Equal-Low,PERIOD_M5,BUY,STRONG_TREND,UP,DETECTOR,2.8,3.75929,0.007448214955483615,,False,2026-07-10 07:15:00
Asia-Low_2026.07.10__ep1,w4,INVALIDATED_NO_BREAK,Asia-Low,PERIOD_D1,BUY,WEAK_TREND,DOWN,DETECTOR,672.4,103.80571,0.06477485679737656,0.0,True,2026-07-10 00:00:00
Asia-Low_2026.07.10__ep3,w4,INVALIDATED_NO_BREAK,Asia-Low,PERIOD_M15,BUY,WEAK_TREND,DOWN,DETECTOR,68.5,6.48857,0.10557025662048804,54900.0,True,2026-07-10 15:15:00
Asia-Low_2026.07.10__ep4,w4,INVALIDATED_NO_BREAK,Asia-Low,PERIOD_H1,BUY,WEAK_TREND,DOWN,DETECTOR,49.2,15.11714,0.03254583869700221,68400.0,True,2026-07-10 19:00:00
Equal-Low_2026.07.10 14:40__ep1,w4,INVALIDATED_NO_BREAK,Equal-Low,PERIOD_M5,BUY,STRONG_TREND,DOWN,DETECTOR,28.6,3.70429,0.07720777800874123,,False,2026-07-10 14:45:00
Equal-Low_2026.07.10 16:30__ep1,w4,INVALIDATED_NO_BREAK,Equal-Low,PERIOD_M15,BUY,WEAK_TREND,UP,DETECTOR,39.8,9.63429,0.041310776403865775,,False,2026-07-10 16:45:00
Equal-High_2026.07.10 17:25__ep1,w4,INVALIDATED_NO_BREAK,Equal-High,PERIOD_M5,SELL,RANGING,DOWN,DETECTOR,11.7,6.86286,0.01704828599155454,,False,2026-07-10 17:30:00
Daily-Low_2026.07.10__ep1,w4,INVALIDATED_NO_BREAK,Daily-Low,PERIOD_H1,BUY,WEAK_TREND,DOWN,DETECTOR,37.0,17.40571,0.02125739197079579,266400.0,True,2026-07-13 02:00:00
Daily-Low_2026.07.10__ep9,w4,INVALIDATED_NO_BREAK,Daily-Low,PERIOD_M15,BUY,WEAK_TREND,DOWN,DETECTOR,9.3,10.14786,0.009164493794750816,299700.0,True,2026-07-13 11:15:00
Daily-Low_2026.07.10__ep12,w4,INVALIDATED_NO_BREAK,Daily-Low,PERIOD_H1,BUY,WEAK_TREND,UP,DETECTOR,16.5,18.985,0.008691071898867527,302400.0,True,2026-07-13 12:00:00
Asia-High_2026.07.13__ep1,w4,INVALIDATED_NO_BREAK,Asia-High,PERIOD_D1,SELL,WEAK_TREND,DOWN,DETECTOR,86.7,102.185,0.008484611244311787,0.0,True,2026-07-13 00:00:00
Equal-Low_2026.07.13 09:55__ep1,w4,INVALIDATED_NO_BREAK,Equal-Low,PERIOD_M5,BUY,WEAK_TREND,DOWN,DETECTOR,31.6,5.18143,0.06098702481747317,,False,2026-07-13 10:00:00
Weekly-Low_2026.07.05__ep11,w4,INVALIDATED_NO_BREAK,Weekly-Low,PERIOD_H1,BUY,STRONG_TREND,DOWN,DETECTOR,27.2,12.52286,0.021720277955674664,903600.0,True,2026-07-15 11:00:00
Daily-High_2026.07.13__ep2,w4,TRUE_BREAK_OBSERVED,Daily-High,PERIOD_H1,SELL,WEAK_TREND,UP,DETECTOR,261.7,17.57571,0.14889867891538947,144000.0,True,2026-07-14 16:00:00
Equal-Low_2026.07.15 15:00__ep1,w4,TRUE_BREAK_OBSERVED,Equal-Low,PERIOD_H1,BUY,STRONG_TREND,DOWN,DETECTOR,248.6,14.565,0.17068314452454517,,False,2026-07-15 16:00:00
Asia-High_2026.07.15__ep1,w4,INVALIDATED_NO_BREAK,Asia-High,PERIOD_M15,SELL,STRONG_TREND,UP,DETECTOR,2.8,8.11929,0.0034485774002406613,58500.0,True,2026-07-15 16:15:00
Asia-High_2026.07.15__ep4,w4,INVALIDATED_NO_BREAK,Asia-High,PERIOD_H1,SELL,STRONG_TREND,DOWN,DETECTOR,5.5,15.30929,0.0035925898588373465,61200.0,True,2026-07-15 17:00:00
Asia-High_2026.07.15__ep11,w4,INVALIDATED_NO_BREAK,Asia-High,PERIOD_H4,SELL,WEAK_TREND,DOWN,DETECTOR,283.9,37.19571,0.07632600641310516,72000.0,True,2026-07-15 20:00:00
Asia-High_2026.07.15__ep12,w4,INVALIDATED_NO_BREAK,Asia-High,PERIOD_H1,SELL,WEAK_TREND,UP,DETECTOR,29.9,18.51643,0.01614782115126944,79200.0,True,2026-07-15 22:00:00
Asia-High_2026.07.16__ep2,w4,INVALIDATED_NO_BREAK,Asia-High,PERIOD_H4,SELL,RANGING,UP,DETECTOR,16.7,38.50929,0.004336615917873324,0.0,True,2026-07-16 00:00:00
Asia-Low_2026.07.17__ep1,w4,INVALIDATED_NO_BREAK,Asia-Low,PERIOD_D1,BUY,STRONG_TREND,DOWN,DETECTOR,12.1,99.14786,0.001220399512405008,0.0,True,2026-07-17 00:00:00
Equal-Low_2026.07.17 05:30__ep1,w4,TRUE_BREAK_OBSERVED,Equal-Low,PERIOD_M15,BUY,RANGING,UP,DETECTOR,16.9,7.60214,0.022230582441259958,,False,2026-07-17 05:45:00
Equal-High_2026.07.17 12:25__ep1,w4,TRUE_BREAK_OBSERVED,Equal-High,PERIOD_M5,SELL,WEAK_TREND,DOWN,DETECTOR,7.6,4.49857,0.016894257508497143,,False,2026-07-17 12:30:00
Equal-Low_2026.07.17 16:55__ep1,w4,INVALIDATED_NO_BREAK,Equal-Low,PERIOD_M5,BUY,VOLATILE,UP,DETECTOR,28.1,10.44286,0.026908337371179928,,False,2026-07-17 17:00:00
Equal-Low_2026.07.17 17:10__ep1,w4,INVALIDATED_NO_BREAK,Equal-Low,PERIOD_M5,BUY,STRONG_TREND,UP,DETECTOR,2.1,9.83143,0.002136006664340793,,False,2026-07-17 17:15:00
Asia-Low_2026.07.20__ep1,w4,INVALIDATED_NO_BREAK,Asia-Low,PERIOD_D1,BUY,STRONG_TREND,DOWN,DETECTOR,463.9,97.42571,0.04761576795283299,0.0,True,2026-07-20 00:00:00
Equal-High_2026.07.20 05:00__ep1,w4,INVALIDATED_NO_BREAK,Equal-High,PERIOD_M30,SELL,RANGING,DOWN,DETECTOR,20.9,11.61357,0.017996188941040523,,False,2026-07-20 05:30:00
Daily-High_2026.07.17__ep3,w4,INVALIDATED_NO_BREAK,Daily-High,PERIOD_M15,SELL,STRONG_TREND,UP,DETECTOR,23.1,8.825,0.026175637393767708,285300.0,True,2026-07-20 07:15:00
Daily-High_2026.07.17__ep5,w4,INVALIDATED_NO_BREAK,Daily-High,PERIOD_H1,SELL,RANGING,UP,DETECTOR,50.6,15.935,0.03175400062754942,288000.0,True,2026-07-20 08:00:00
Daily-High_2026.07.17__ep8,w4,INVALIDATED_NO_BREAK,Daily-High,PERIOD_H1,SELL,RANGING,UP,DETECTOR,49.3,15.7,0.03140127388535032,302400.0,True,2026-07-20 12:00:00
Asia-High_2026.07.20__ep1,w4,INVALIDATED_NO_BREAK,Asia-High,PERIOD_H1,SELL,RANGING,UP,DETECTOR,33.7,15.91286,0.02117783981006557,54000.0,True,2026-07-20 15:00:00
Equal-Low_2026.07.20 19:40__ep1,w4,TRUE_BREAK_OBSERVED,Equal-Low,PERIOD_M5,BUY,WEAK_TREND,UP,DETECTOR,29.9,3.74214,0.07990080542149679,,False,2026-07-20 19:45:00
Equal-Low_2026.07.21 00:00__ep1,w4,INVALIDATED_NO_BREAK,Equal-Low,PERIOD_H4,BUY,RANGING,DOWN,DETECTOR,75.1,30.41857,0.024688866044656275,,False,2026-07-21 04:00:00
Asia-Low_2026.07.21__ep2,w4,TRUE_BREAK_OBSERVED,Asia-Low,PERIOD_H4,BUY,RANGING,DOWN,DETECTOR,247.1,30.41857,0.0812332729645082,14400.0,True,2026-07-21 04:00:00
Daily-High_2026.07.20__ep2,w4,INVALIDATED_NO_BREAK,Daily-High,PERIOD_H1,SELL,RANGING,UP,DETECTOR,27.1,14.175,0.019118165784832452,108000.0,True,2026-07-21 06:00:00
Equal-Low_2026.07.21 15:25__ep1,w4,INVALIDATED_NO_BREAK,Equal-Low,PERIOD_M5,BUY,RANGING,DOWN,DETECTOR,5.7,3.49786,0.016295677928790747,,False,2026-07-21 15:30:00
Equal-High_2026.07.22 15:45__ep1,w4,INVALIDATED_NO_BREAK,Equal-High,PERIOD_M15,SELL,WEAK_TREND,DOWN,DETECTOR,95.3,7.32714,0.13006439074454698,,False,2026-07-22 16:00:00
Equal-Low_2026.07.22 15:55__ep1,w4,INVALIDATED_NO_BREAK,Equal-Low,PERIOD_M5,BUY,WEAK_TREND,DOWN,DETECTOR,2.8,4.82929,0.005797953736470578,,False,2026-07-22 16:00:00
Equal-Low_2026.07.22 20:25__ep1,w4,INVALIDATED_NO_BREAK,Equal-Low,PERIOD_M5,BUY,STRONG_TREND,UP,DETECTOR,19.0,3.61071,0.05262122961965929,,False,2026-07-22 20:30:00
Asia-High_2026.07.22__ep1,w4,INVALIDATED_NO_BREAK,Asia-High,PERIOD_M15,SELL,WEAK_TREND,UP,DETECTOR,10.9,7.29929,0.014932959233021294,74700.0,True,2026-07-22 20:45:00
Equal-Low_2026.07.23 02:55__ep1,w4,INVALIDATED_NO_BREAK,Equal-Low,PERIOD_M5,BUY,WEAK_TREND,DOWN,DETECTOR,16.8,4.54429,0.03696947157861844,,False,2026-07-23 03:00:00
Weekly-High_2026.07.12__ep2,w4,INVALIDATED_NO_BREAK,Weekly-High,PERIOD_H1,SELL,STRONG_TREND,DOWN,DETECTOR,86.3,14.07071,0.0613330812730843,990000.0,True,2026-07-23 11:00:00
Weekly-High_2026.07.12__ep4,w4,INVALIDATED_NO_BREAK,Weekly-High,PERIOD_D1,SELL,WEAK_TREND,DOWN,DETECTOR,546.2,88.24429,0.06189635612683835,1036800.0,True,2026-07-24 00:00:00
Daily-Low_2026.07.22__ep2,w4,INVALIDATED_NO_BREAK,Daily-Low,PERIOD_H1,BUY,STRONG_TREND,DOWN,DETECTOR,89.2,15.02643,0.059362070698096625,140400.0,True,2026-07-23 15:00:00
Daily-Low_2026.07.23__ep1,w4,INVALIDATED_NO_BREAK,Daily-Low,PERIOD_H1,BUY,STRONG_TREND,DOWN,DETECTOR,33.8,12.58357,0.02686042196292467,104400.0,True,2026-07-24 05:00:00
Daily-High_2026.07.24__ep1,w4,INVALIDATED_NO_BREAK,Daily-High,PERIOD_M30,SELL,WEAK_TREND,DOWN,DETECTOR,60.2,9.44643,0.06372777864230192,318600.0,True,2026-07-27 16:30:00
Equal-High_2026.07.28 17:10__ep1,w4,INVALIDATED_NO_BREAK,Equal-High,PERIOD_M5,SELL,RANGING,DOWN,DETECTOR,65.8,5.62929,0.11688863071541881,,False,2026-07-28 17:15:00
Asia-Low_2026.07.28__ep4,w4,INVALIDATED_NO_BREAK,Asia-Low,PERIOD_H4,BUY,STRONG_TREND,DOWN,DETECTOR,25.9,27.27857,0.009494632599876021,72000.0,True,2026-07-28 20:00:00
Asia-High_2026.07.29__ep1,w4,INVALIDATED_NO_BREAK,Asia-High,PERIOD_D1,SELL,WEAK_TREND,DOWN,DETECTOR,388.6,82.46143,0.047125061983523696,0.0,True,2026-07-29 00:00:00
Daily-Low_2026.07.28__ep2,w4,INVALIDATED_NO_BREAK,Daily-Low,PERIOD_M30,BUY,WEAK_TREND,DOWN,DETECTOR,68.4,7.77929,0.08792576186258644,102600.0,True,2026-07-29 04:30:00
Equal-Low_2026.07.29 00:00__ep1,w4,INVALIDATED_NO_BREAK,Equal-Low,PERIOD_H4,BUY,STRONG_TREND,DOWN,DETECTOR,43.9,26.31571,0.016682050379792146,,False,2026-07-29 04:00:00
Asia-High_2026.07.30__ep1,w4,INVALIDATED_NO_BREAK,Asia-High,PERIOD_H4,SELL,STRONG_TREND,UP,DETECTOR,340.5,29.80357,0.11424805820242341,0.0,True,2026-07-30 00:00:00
Equal-High_2026.07.30 07:00__ep1,w4,INVALIDATED_NO_BREAK,Equal-High,PERIOD_H1,SELL,WEAK_TREND,DOWN,DETECTOR,17.6,27.75143,0.006342015528569159,,False,2026-07-30 08:00:00
Equal-High_2026.07.30 08:00__ep1,w4,INVALIDATED_NO_BREAK,Equal-High,PERIOD_H1,SELL,WEAK_TREND,DOWN,DETECTOR,142.1,28.36786,0.05009189977671915,,False,2026-07-30 09:00:00
Equal-High_2026.07.30 08:30__ep1,w4,INVALIDATED_NO_BREAK,Equal-High,PERIOD_M30,SELL,STRONG_TREND,DOWN,DETECTOR,42.6,13.50286,0.03154887186862635,,False,2026-07-30 09:00:00
Equal-High_2026.07.30 10:00__ep1,w4,INVALIDATED_NO_BREAK,Equal-High,PERIOD_H1,SELL,WEAK_TREND,DOWN,DETECTOR,89.5,27.72929,0.03227634028855409,,False,2026-07-30 11:00:00
Asia-High_2026.07.31__ep1,w4,INVALIDATED_NO_BREAK,Asia-High,PERIOD_D1,SELL,RANGING,UP,DETECTOR,80.5,87.21,0.009230592821924092,0.0,True,2026-07-31 00:00:00
Asia-Low_2026.07.31__ep1,w4,INVALIDATED_NO_BREAK,Asia-Low,PERIOD_D1,BUY,RANGING,UP,DETECTOR,725.9,87.21,0.08323586744639377,0.0,True,2026-07-31 00:00:00
Daily-Low_2026.07.30__ep4,w4,INVALIDATED_NO_BREAK,Daily-Low,PERIOD_H4,BUY,STRONG_TREND,DOWN,DETECTOR,147.6,37.45429,0.0394080357683993,158400.0,True,2026-07-31 20:00:00
Asia-High_2026.08.03__ep1,w4,INVALIDATED_NO_BREAK,Asia-High,PERIOD_D1,SELL,RANGING,DOWN,DETECTOR,664.5,84.18429,0.07893396737087169,0.0,True,2026-08-03 00:00:00
Asia-Low_2026.08.03__ep4,w4,INVALIDATED_NO_BREAK,Asia-Low,PERIOD_H1,BUY,WEAK_TREND,DOWN,DETECTOR,2.3,14.18929,0.0016209408645534765,57600.0,True,2026-08-03 16:00:00
Equal-Low_2026.08.04 14:00__ep1,w4,TRUE_BREAK_OBSERVED,Equal-Low,PERIOD_M30,BUY,RANGING,UP,DETECTOR,66.4,7.77143,0.08544116076449251,,False,2026-08-04 14:30:00
Daily-High_2026.08.03__ep3,w4,INVALIDATED_NO_BREAK,Daily-High,PERIOD_H1,SELL,RANGING,UP,DETECTOR,112.6,14.58429,0.07720636383396105,144000.0,True,2026-08-04 16:00:00
Asia-High_2026.08.05__ep6,w4,INVALIDATED_NO_BREAK,Asia-High,PERIOD_H1,SELL,STRONG_TREND,UP,DETECTOR,75.8,17.45786,0.043418838276856386,39600.0,True,2026-08-05 11:00:00
Asia-High_2026.08.05__ep7,w4,INVALIDATED_NO_BREAK,Asia-High,PERIOD_H4,SELL,WEAK_TREND,DOWN,DETECTOR,178.9,30.39643,0.058855595870962486,43200.0,True,2026-08-05 12:00:00
Equal-Low_2026.08.05 11:40__ep1,w4,INVALIDATED_NO_BREAK,Equal-Low,PERIOD_M5,BUY,WEAK_TREND,DOWN,DETECTOR,39.9,3.76643,0.10593585968675909,,False,2026-08-05 11:45:00
Monthly-High_2026.07.01__ep2,w4,INVALIDATED_NO_BREAK,Monthly-High,PERIOD_H1,SELL,STRONG_TREND,UP,DETECTOR,191.0,20.51929,0.093083142740319,3081600.0,True,2026-08-05 16:00:00
Daily-High_2026.08.05__ep13,w4,INVALIDATED_NO_BREAK,Daily-High,PERIOD_H1,SELL,WEAK_TREND,DOWN,DETECTOR,4.8,22.01857,0.0021799780821370324,147600.0,True,2026-08-06 17:00:00
Equal-Low_2026.08.06 10:10__ep1,w4,INVALIDATED_NO_BREAK,Equal-Low,PERIOD_M5,BUY,STRONG_TREND,DOWN,DETECTOR,27.8,4.63214,0.06001545721847786,,False,2026-08-06 10:15:00
Equal-High_2026.08.06 11:00__ep1,w4,TRUE_BREAK_OBSERVED,Equal-High,PERIOD_M30,SELL,WEAK_TREND,UP,DETECTOR,7.3,14.03786,0.005200222825986297,,False,2026-08-06 11:30:00
Equal-Low_2026.08.06 19:25__ep1,w4,INVALIDATED_NO_BREAK,Equal-Low,PERIOD_M5,BUY,STRONG_TREND,DOWN,DETECTOR,8.1,7.34,0.01103542234332425,,False,2026-08-06 19:30:00
Equal-Low_2026.08.07 19:40__ep1,w4,INVALIDATED_NO_BREAK,Equal-Low,PERIOD_M5,BUY,WEAK_TREND,UP,DETECTOR,1.8,5.87143,0.0030656926847463057,,False,2026-08-07 19:45:00
Asia-High_2026.08.10__ep4,w4,INVALIDATED_NO_BREAK,Asia-High,PERIOD_M15,SELL,STRONG_TREND,UP,DETECTOR,4.0,7.77357,0.005145640934602763,38700.0,True,2026-08-10 10:45:00
Asia-High_2026.08.10__ep8,w4,INVALIDATED_NO_BREAK,Asia-High,PERIOD_H1,SELL,WEAK_TREND,UP,DETECTOR,29.0,15.875,0.01826771653543307,72000.0,True,2026-08-10 20:00:00
Equal-High_2026.08.10 11:30__ep2,w4,INVALIDATED_NO_BREAK,Equal-High,PERIOD_M30,SELL,STRONG_TREND,UP,DETECTOR,44.5,10.90571,0.040804312603214286,,False,2026-08-10 12:00:00
Asia-Low_2026.08.11__ep1,w4,TRUE_BREAK_OBSERVED,Asia-Low,PERIOD_D1,BUY,STRONG_TREND,UP,DETECTOR,743.0,94.35429,0.0787457570821634,0.0,True,2026-08-11 00:00:00
Equal-Low_2026.08.11 07:55__ep1,w4,INVALIDATED_NO_BREAK,Equal-Low,PERIOD_M5,BUY,WEAK_TREND,UP,DETECTOR,13.3,4.38786,0.030310903264917297,,False,2026-08-11 08:00:00
Daily-High_2026.08.10__ep4,w4,INVALIDATED_NO_BREAK,Daily-High,PERIOD_H1,SELL,STRONG_TREND,UP,DETECTOR,27.0,19.23714,0.014035350369129715,144000.0,True,2026-08-11 16:00:00
Weekly-High_2026.08.02__ep5,w4,INVALIDATED_NO_BREAK,Weekly-High,PERIOD_H1,SELL,WEAK_TREND,DOWN,DETECTOR,26.4,17.85071,0.01478932770741332,853200.0,True,2026-08-11 21:00:00
Weekly-High_2026.08.02__ep11,w4,INVALIDATED_NO_BREAK,Weekly-High,PERIOD_D1,SELL,STRONG_TREND,DOWN,DETECTOR,36.1,93.57786,0.003857750113114363,864000.0,True,2026-08-12 00:00:00
Weekly-High_2026.08.02__ep20,w4,TRUE_BREAK_OBSERVED,Weekly-High,PERIOD_M30,SELL,WEAK_TREND,DOWN,DETECTOR,87.4,14.48,0.06035911602209945,1024200.0,True,2026-08-13 20:30:00
Equal-Low_2026.08.11 10:25__ep1,w4,INVALIDATED_NO_BREAK,Equal-Low,PERIOD_M5,BUY,STRONG_TREND,DOWN,DETECTOR,32.8,6.25571,0.052432098035235006,,False,2026-08-11 10:30:00
Asia-High_2026.08.12__ep5,w4,INVALIDATED_NO_BREAK,Asia-High,PERIOD_M15,SELL,WEAK_TREND,DOWN,DETECTOR,51.1,12.56143,0.04068008180597273,71100.0,True,2026-08-12 19:45:00
Asia-High_2026.08.12__ep6,w4,INVALIDATED_NO_BREAK,Asia-High,PERIOD_H1,SELL,RANGING,DOWN,DETECTOR,143.3,20.88357,0.06861853600701413,72000.0,True,2026-08-12 20:00:00
Equal-Low_2026.08.12 15:25__ep1,w4,INVALIDATED_NO_BREAK,Equal-Low,PERIOD_M5,BUY,RANGING,UP,DETECTOR,197.2,4.48643,0.4395477027391489,,False,2026-08-12 15:30:00
Daily-High_2026.08.11__ep1,w4,INVALIDATED_NO_BREAK,Daily-High,PERIOD_M15,SELL,CHOPPY,UP,DETECTOR,65.9,11.15643,0.05906907496394456,143100.0,True,2026-08-12 15:45:00
Equal-High_2026.08.12 16:40__ep1,w4,INVALIDATED_NO_BREAK,Equal-High,PERIOD_M5,SELL,WEAK_TREND,UP,DETECTOR,1.0,10.25357,0.0009752700766659807,,False,2026-08-12 16:45:00
Equal-High_2026.08.13 06:00__ep1,w4,INVALIDATED_NO_BREAK,Equal-High,PERIOD_M15,SELL,WEAK_TREND,UP,DETECTOR,48.1,12.09643,0.03976379807926802,,False,2026-08-13 06:15:00
Daily-Low_2026.08.13__ep1,w4,INVALIDATED_NO_BREAK,Daily-Low,PERIOD_M15,BUY,WEAK_TREND,UP,DETECTOR,40.2,6.98929,0.057516571783400035,126900.0,True,2026-08-14 11:15:00
Daily-Low_2026.08.13__ep2,w4,INVALIDATED_NO_BREAK,Daily-Low,PERIOD_M30,BUY,WEAK_TREND,DOWN,DETECTOR,20.2,9.76357,0.020689153659982976,127800.0,True,2026-08-14 11:30:00
Daily-Low_2026.08.13__ep3,w4,TRUE_BREAK_OBSERVED,Daily-Low,PERIOD_H1,BUY,WEAK_TREND,DOWN,DETECTOR,49.1,14.57286,0.03369276861233828,129600.0,True,2026-08-14 12:00:00
Equal-Low_2026.08.14 16:00__ep1,w4,INVALIDATED_NO_BREAK,Equal-Low,PERIOD_H1,BUY,STRONG_TREND,DOWN,DETECTOR,25.9,17.04071,0.015198897229047381,,False,2026-08-14 17:00:00
Daily-High_2026.08.14__ep1,w4,INVALIDATED_NO_BREAK,Daily-High,PERIOD_M15,SELL,WEAK_TREND,UP,DETECTOR,12.9,6.80571,0.01895467188581353,272700.0,True,2026-08-17 03:45:00
Daily-High_2026.08.14__ep14,w4,INVALIDATED_NO_BREAK,Daily-High,PERIOD_M15,SELL,WEAK_TREND,UP,DETECTOR,6.3,7.07071,0.008909996308715815,296100.0,True,2026-08-17 10:15:00
Daily-High_2026.08.14__ep15,w4,TRUE_BREAK_OBSERVED,Daily-High,PERIOD_M15,SELL,STRONG_TREND,UP,DETECTOR,8.3,7.135,0.011632796075683252,301500.0,True,2026-08-17 11:45:00
Equal-Low_2026.08.17 16:30__ep1,w4,INVALIDATED_NO_BREAK,Equal-Low,PERIOD_M30,BUY,WEAK_TREND,DOWN,DETECTOR,218.4,11.12214,0.19636508801363767,,False,2026-08-17 17:00:00
Daily-High_2026.08.17__ep1,w4,INVALIDATED_NO_BREAK,Daily-High,PERIOD_M30,SELL,WEAK_TREND,UP,DETECTOR,39.3,9.16857,0.04286382718351934,102600.0,True,2026-08-18 04:30:00
Daily-High_2026.08.17__ep3,w4,INVALIDATED_NO_BREAK,Daily-High,PERIOD_H4,SELL,STRONG_TREND,UP,DETECTOR,353.9,32.23143,0.10979965828385521,115200.0,True,2026-08-18 08:00:00
Equal-Low_2026.08.18 16:00__ep1,w4,TRUE_BREAK_OBSERVED,Equal-Low,PERIOD_M15,BUY,RANGING,UP,DETECTOR,71.7,6.42143,0.11165737226754789,,False,2026-08-18 16:15:00
Daily-Low_2026.08.18__ep2,w4,INVALIDATED_NO_BREAK,Daily-Low,PERIOD_H1,BUY,STRONG_TREND,DOWN,DETECTOR,38.8,16.19071,0.023964359808803935,97200.0,True,2026-08-19 03:00:00
Daily-Low_2026.08.18__ep6,w4,INVALIDATED_NO_BREAK,Daily-Low,PERIOD_H1,BUY,STRONG_TREND,DOWN,DETECTOR,272.9,18.395,0.14835553139440064,104400.0,True,2026-08-19 05:00:00
Asia-High_2026.08.19__ep1,w4,INVALIDATED_NO_BREAK,Asia-High,PERIOD_D1,SELL,STRONG_TREND,UP,DETECTOR,965.3,95.31429,0.10127547506255359,0.0,True,2026-08-19 00:00:00
Asia-High_2026.08.19__ep2,w4,INVALIDATED_NO_BREAK,Asia-High,PERIOD_H1,SELL,STRONG_TREND,DOWN,DETECTOR,72.7,14.63071,0.0496900013738226,39600.0,True,2026-08-19 11:00:00
Equal-Low_2026.08.19 10:15__ep1,w4,INVALIDATED_NO_BREAK,Equal-Low,PERIOD_M15,BUY,STRONG_TREND,DOWN,DETECTOR,51.9,7.60929,0.068206100700591,,False,2026-08-19 10:30:00
Daily-High_2026.08.19__ep5,w4,INVALIDATED_NO_BREAK,Daily-High,PERIOD_M15,SELL,STRONG_TREND,DOWN,DETECTOR,127.4,14.31857,0.08897536555675602,153900.0,True,2026-08-20 18:45:00
Daily-High_2026.08.19__ep10,w4,INVALIDATED_NO_BREAK,Daily-High,PERIOD_H1,SELL,WEAK_TREND,UP,DETECTOR,22.0,19.36857,0.01135860830200681,165600.0,True,2026-08-20 22:00:00
Asia-Low_2026.08.20__ep1,w4,TRUE_BREAK_OBSERVED,Asia-Low,PERIOD_D1,BUY,STRONG_TREND,UP,DETECTOR,1898.1,103.015,0.18425472018638062,0.0,True,2026-08-20 00:00:00
Equal-High_2026.08.20 06:45__ep1,w4,INVALIDATED_NO_BREAK,Equal-High,PERIOD_M15,SELL,WEAK_TREND,UP,DETECTOR,4.1,8.47143,0.004839796822968495,,False,2026-08-20 07:00:00
Equal-Low_2026.08.20 13:00__ep1,w4,INVALIDATED_NO_BREAK,Equal-Low,PERIOD_M15,BUY,RANGING,UP,DETECTOR,32.9,6.73286,0.04886482119040052,,False,2026-08-20 13:15:00
Daily-High_2026.08.20__ep4,w4,INVALIDATED_NO_BREAK,Daily-High,PERIOD_M15,SELL,RANGING,UP,DETECTOR,7.4,9.605,0.007704320666319626,112500.0,True,2026-08-21 07:15:00
Equal-High_2026.08.21 07:30__ep1,w4,INVALIDATED_NO_BREAK,Equal-High,PERIOD_M15,SELL,WEAK_TREND,UP,DETECTOR,19.0,9.62714,0.019735871712678946,,False,2026-08-21 07:45:00
Equal-High_2026.08.21 16:40__ep1,w4,INVALIDATED_NO_BREAK,Equal-High,PERIOD_M5,SELL,RANGING,DOWN,DETECTOR,12.1,8.46357,0.014296567524106256,,False,2026-08-21 16:45:00
Asia-High_2026.08.24__ep2,w4,INVALIDATED_NO_BREAK,Asia-High,PERIOD_D1,SELL,STRONG_TREND,UP,DETECTOR,51.7,107.28929,0.004818747518974168,0.0,True,2026-08-24 00:00:00
Asia-High_2026.08.24__ep4,w4,TRUE_BREAK_OBSERVED,Asia-High,PERIOD_H1,SELL,STRONG_TREND,UP,DETECTOR,19.8,21.61786,0.009159093453283536,54000.0,True,2026-08-24 15:00:00
Asia-High_2026.08.24__ep6,w4,INVALIDATED_NO_BREAK,Asia-High,PERIOD_M15,SELL,WEAK_TREND,UP,DETECTOR,24.3,10.24286,0.02372384275485558,56700.0,True,2026-08-24 15:45:00
Asia-High_2026.08.24__ep7,w4,INVALIDATED_NO_BREAK,Asia-High,PERIOD_M15,SELL,STRONG_TREND,UP,DETECTOR,11.4,12.75929,0.008934666427363906,60300.0,True,2026-08-24 16:45:00
Weekly-High_2026.08.16__ep2,w4,INVALIDATED_NO_BREAK,Weekly-High,PERIOD_H1,SELL,STRONG_TREND,UP,DETECTOR,103.9,21.30214,0.04877444237996746,705600.0,True,2026-08-24 04:00:00
Weekly-High_2026.08.16__ep5,w4,INVALIDATED_NO_BREAK,Weekly-High,PERIOD_H1,SELL,STRONG_TREND,UP,DETECTOR,0.1,22.26357,4.4916426251495155e-05,709200.0,True,2026-08-24 05:00:00
Weekly-High_2026.08.16__ep7,w4,INVALIDATED_NO_BREAK,Weekly-High,PERIOD_M15,SELL,STRONG_TREND,DOWN,DETECTOR,2.3,13.61929,0.0016887811332308806,767700.0,True,2026-08-24 21:15:00
Asia-Low_2026.08.24__ep1,w4,TRUE_BREAK_OBSERVED,Asia-Low,PERIOD_D1,BUY,STRONG_TREND,UP,DETECTOR,859.2,107.28929,0.08008255064415097,0.0,True,2026-08-24 00:00:00
Equal-High_2026.08.24 13:40__ep1,w4,TRUE_BREAK_OBSERVED,Equal-High,PERIOD_M5,SELL,WEAK_TREND,UP,DETECTOR,17.8,4.04643,0.043989393119366955,,False,2026-08-24 13:45:00
Equal-Low_2026.08.24 19:10__ep1,w4,INVALIDATED_NO_BREAK,Equal-Low,PERIOD_M5,BUY,STRONG_TREND,UP,DETECTOR,21.0,8.40929,0.024972381734962166,,False,2026-08-24 19:15:00
