episode_id,timestamp,outcome,source_tf,direction,penetration_per_atr,age_seconds
Asia-Low_2025.09.01__ep1,2025-09-01 00:00:00,TRUE_BREAK_OBSERVED,PERIOD_D1,BUY,0.1217505960858809,0.0
Equal-Low_2025.09.01 12:10__ep1,2025-09-01 12:15:00,INVALIDATED_NO_BREAK,PERIOD_M5,BUY,0.0025547460795292453,
Asia-Low_2025.09.02__ep1,2025-09-02 00:00:00,TRUE_BREAK_OBSERVED,PERIOD_D1,BUY,0.10729407678248025,0.0
Equal-High_2025.09.02 10:45__ep1,2025-09-02 11:00:00,INVALIDATED_NO_BREAK,PERIOD_M15,SELL,0.055573636019328965,
Equal-High_2025.09.02 11:30__ep1,2025-09-02 11:45:00,INVALIDATED_NO_BREAK,PERIOD_M15,SELL,0.0007249187184886895,
Equal-High_2025.09.02 11:45__ep1,2025-09-02 12:00:00,INVALIDATED_NO_BREAK,PERIOD_M15,SELL,0.03747169831236619,
Daily-High_2025.09.01__ep1,2025-09-02 12:00:00,INVALIDATED_NO_BREAK,PERIOD_H4,SELL,0.06711572250599189,129600.0
Daily-High_2025.09.01__ep2,2025-09-02 15:00:00,INVALIDATED_NO_BREAK,PERIOD_H1,SELL,0.0006819288845591816,140400.0
Daily-High_2025.09.01__ep4,2025-09-02 16:00:00,INVALIDATED_NO_BREAK,PERIOD_H1,SELL,0.06870567375886526,144000.0
Daily-High_2025.09.01__ep6,2025-09-02 17:00:00,INVALIDATED_NO_BREAK,PERIOD_H1,SELL,0.010963192346679754,147600.0
Daily-High_2025.09.02__ep5,2025-09-03 05:00:00,INVALIDATED_NO_BREAK,PERIOD_H1,SELL,0.009941520467836258,104400.0
Daily-High_2025.09.02__ep6,2025-09-03 05:45:00,INVALIDATED_NO_BREAK,PERIOD_M15,SELL,0.02941376469304523,107100.0
Daily-High_2025.09.02__ep8,2025-09-03 11:45:00,INVALIDATED_NO_BREAK,PERIOD_M15,SELL,0.03036479156410882,128700.0
Asia-Low_2025.09.03__ep1,2025-09-03 00:00:00,TRUE_BREAK_OBSERVED,PERIOD_D1,BUY,0.1456137613615362,0.0
Asia-Low_2025.09.04__ep1,2025-09-04 00:00:00,TRUE_BREAK_OBSERVED,PERIOD_D1,BUY,0.08197114098605222,0.0
Asia-High_2025.09.04__ep1,2025-09-04 04:00:00,INVALIDATED_NO_BREAK,PERIOD_H4,SELL,0.00909090909090909,14400.0
Asia-High_2025.09.04__ep2,2025-09-04 00:00:00,INVALIDATED_NO_BREAK,PERIOD_D1,SELL,0.010953149677072244,0.0
Daily-Low_2025.09.03__ep3,2025-09-04 07:00:00,INVALIDATED_NO_BREAK,PERIOD_H1,BUY,0.02540537971208329,111600.0
Daily-Low_2025.09.03__ep4,2025-09-04 08:00:00,INVALIDATED_NO_BREAK,PERIOD_H4,BUY,0.029295292822404645,115200.0
Daily-Low_2025.09.03__ep8,2025-09-04 10:00:00,INVALIDATED_NO_BREAK,PERIOD_H1,BUY,0.0851487626138151,122400.0
Daily-Low_2025.09.03__ep9,2025-09-04 12:00:00,INVALIDATED_NO_BREAK,PERIOD_H4,BUY,0.06137073628014617,129600.0
Equal-Low_2025.09.04 17:00__ep1,2025-09-04 17:15:00,INVALIDATED_NO_BREAK,PERIOD_M15,BUY,0.11436377885134552,
Equal-High_2025.09.04 18:00__ep1,2025-09-04 18:15:00,INVALIDATED_NO_BREAK,PERIOD_M15,SELL,0.0018237644321644304,
Asia-Low_2025.09.05__ep1,2025-09-05 00:00:00,TRUE_BREAK_OBSERVED,PERIOD_D1,BUY,0.011619932675678412,0.0
Asia-Low_2025.09.08__ep1,2025-09-08 00:00:00,TRUE_BREAK_OBSERVED,PERIOD_D1,BUY,0.10415275494292567,0.0
Asia-High_2025.09.08__ep2,2025-09-08 00:00:00,INVALIDATED_NO_BREAK,PERIOD_H4,SELL,0.03196637921245968,0.0
Equal-High_2025.09.08 04:00__ep1,2025-09-08 04:15:00,INVALIDATED_NO_BREAK,PERIOD_M15,SELL,0.12268380005549188,
Asia-Low_2025.09.09__ep1,2025-09-09 00:00:00,TRUE_BREAK_OBSERVED,PERIOD_D1,BUY,0.1205901840619759,0.0
Asia-Low_2025.09.09__ep2,2025-09-09 18:30:00,INVALIDATED_NO_BREAK,PERIOD_M15,BUY,0.1093565778936087,66600.0
Daily-High_2025.09.08__ep2,2025-09-09 07:00:00,INVALIDATED_NO_BREAK,PERIOD_H1,SELL,0.004993514106109906,111600.0
Daily-High_2025.09.08__ep3,2025-09-09 09:15:00,INVALIDATED_NO_BREAK,PERIOD_M15,SELL,0.05858858939355066,119700.0
Daily-High_2025.09.08__ep4,2025-09-09 09:30:00,INVALIDATED_NO_BREAK,PERIOD_M30,SELL,0.10544325420351766,120600.0
Daily-High_2025.09.08__ep6,2025-09-09 11:00:00,TRUE_BREAK_OBSERVED,PERIOD_H1,SELL,0.02319432733023009,126000.0
Daily-High_2025.09.08__ep11,2025-09-09 19:00:00,INVALIDATED_NO_BREAK,PERIOD_H1,SELL,0.006117077923465775,154800.0
Daily-High_2025.09.08__ep17,2025-09-09 21:00:00,TRUE_BREAK_OBSERVED,PERIOD_H1,SELL,0.027759421431969755,162000.0
Equal-High_2025.09.09 13:40__ep1,2025-09-09 13:45:00,INVALIDATED_NO_BREAK,PERIOD_M5,SELL,0.0387050117897503,
Equal-Low_2025.09.09 15:40__ep1,2025-09-09 15:45:00,INVALIDATED_NO_BREAK,PERIOD_M5,BUY,0.011376959760325383,
Asia-High_2025.09.09__ep1,2025-09-09 17:15:00,INVALIDATED_NO_BREAK,PERIOD_M15,SELL,0.09492174975382445,62100.0
Asia-High_2025.09.09__ep2,2025-09-09 17:30:00,TRUE_BREAK_OBSERVED,PERIOD_M30,SELL,0.06750383442064467,63000.0
Equal-Low_2025.09.09 17:10__ep1,2025-09-09 17:15:00,INVALIDATED_NO_BREAK,PERIOD_M5,BUY,0.002608155121474825,
Equal-Low_2025.09.09 17:25__ep1,2025-09-09 17:30:00,INVALIDATED_NO_BREAK,PERIOD_M5,BUY,0.02282608695652174,
Equal-Low_2025.09.09 17:30__ep1,2025-09-09 17:45:00,INVALIDATED_NO_BREAK,PERIOD_M15,BUY,0.03921716268534031,
Asia-High_2025.09.10__ep1,2025-09-10 00:00:00,INVALIDATED_NO_BREAK,PERIOD_D1,SELL,0.06963754450621064,0.0
Asia-High_2025.09.10__ep2,2025-09-10 12:00:00,INVALIDATED_NO_BREAK,PERIOD_H1,SELL,0.022101449275362322,43200.0
Asia-High_2025.09.10__ep3,2025-09-10 16:00:00,INVALIDATED_NO_BREAK,PERIOD_H1,SELL,0.042656334878152534,57600.0
Asia-High_2025.09.10__ep6,2025-09-10 18:00:00,INVALIDATED_NO_BREAK,PERIOD_H1,SELL,0.00034477091696422313,64800.0
Daily-Low_2025.09.09__ep1,2025-09-10 01:15:00,INVALIDATED_NO_BREAK,PERIOD_M15,BUY,0.10907723833376576,90900.0
Asia-Low_2025.09.11__ep1,2025-09-11 00:00:00,INVALIDATED_NO_BREAK,PERIOD_D1,BUY,0.03697626153141234,0.0
Daily-Low_2025.09.10__ep1,2025-09-11 13:00:00,INVALIDATED_NO_BREAK,PERIOD_H1,BUY,0.019417961495254512,133200.0
Daily-Low_2025.09.10__ep7,2025-09-11 17:00:00,INVALIDATED_NO_BREAK,PERIOD_H1,BUY,0.09321478708469817,147600.0
Equal-High_2025.09.11 18:15__ep1,2025-09-11 18:30:00,INVALIDATED_NO_BREAK,PERIOD_M15,SELL,0.014658566923262404,
Equal-High_2025.09.11 18:30__ep1,2025-09-11 18:45:00,INVALIDATED_NO_BREAK,PERIOD_M15,SELL,0.036483112548816,
Equal-High_2025.09.11 19:15__ep1,2025-09-11 19:30:00,INVALIDATED_NO_BREAK,PERIOD_M15,SELL,0.011529083893300464,
Equal-High_2025.09.11 19:30__ep1,2025-09-11 19:45:00,INVALIDATED_NO_BREAK,PERIOD_M15,SELL,0.03831515109789372,
Daily-High_2025.09.11__ep1,2025-09-12 12:00:00,INVALIDATED_NO_BREAK,PERIOD_H1,SELL,0.12788242302881722,129600.0
Daily-High_2025.09.11__ep2,2025-09-12 16:00:00,INVALIDATED_NO_BREAK,PERIOD_H4,SELL,0.023697745680848873,144000.0
Daily-High_2025.09.11__ep3,2025-09-12 18:00:00,INVALIDATED_NO_BREAK,PERIOD_H1,SELL,0.01552704879408838,151200.0
Asia-Low_2025.09.12__ep1,2025-09-12 00:00:00,INVALIDATED_NO_BREAK,PERIOD_D1,BUY,0.007430815031550898,0.0
Equal-Low_2025.09.15 05:00__ep1,2025-09-15 06:00:00,INVALIDATED_NO_BREAK,PERIOD_H1,BUY,0.04934179496742716,
Asia-High_2025.09.15__ep1,2025-09-15 00:00:00,INVALIDATED_NO_BREAK,PERIOD_D1,SELL,0.006941168727749374,0.0
Asia-Low_2025.09.16__ep1,2025-09-16 00:00:00,TRUE_BREAK_OBSERVED,PERIOD_D1,BUY,0.00840251819547767,0.0
Asia-High_2025.09.16__ep1,2025-09-16 16:00:00,INVALIDATED_NO_BREAK,PERIOD_H4,SELL,0.032010325911584384,57600.0
Asia-High_2025.09.16__ep5,2025-09-16 20:00:00,INVALIDATED_NO_BREAK,PERIOD_H4,SELL,0.027616369884411126,72000.0
Equal-High_2025.09.16 17:00__ep1,2025-09-16 17:15:00,INVALIDATED_NO_BREAK,PERIOD_M15,SELL,0.00042385722793134364,
Equal-Low_2025.09.16 18:45__ep1,2025-09-16 19:00:00,INVALIDATED_NO_BREAK,PERIOD_M15,BUY,0.016803133234713073,
Equal-Low_2025.09.16 19:00__ep1,2025-09-16 19:15:00,INVALIDATED_NO_BREAK,PERIOD_M15,BUY,0.03313128147879762,
Weekly-High_2025.09.07__ep1,2025-09-17 11:00:00,INVALIDATED_NO_BREAK,PERIOD_H1,SELL,0.11864677027546686,903600.0
Weekly-High_2025.09.07__ep2,2025-09-17 12:00:00,INVALIDATED_NO_BREAK,PERIOD_H4,SELL,0.06012797441738753,907200.0
Weekly-High_2025.09.07__ep5,2025-09-18 00:00:00,INVALIDATED_NO_BREAK,PERIOD_D1,SELL,0.029226313861981018,950400.0
Weekly-High_2025.09.07__ep7,2025-09-19 19:00:00,INVALIDATED_NO_BREAK,PERIOD_H1,SELL,0.03861443736345058,1105200.0
Asia-High_2025.09.17__ep1,2025-09-17 00:00:00,INVALIDATED_NO_BREAK,PERIOD_D1,SELL,0.011589607081496513,0.0
Daily-Low_2025.09.16__ep1,2025-09-17 08:00:00,INVALIDATED_NO_BREAK,PERIOD_H4,BUY,0.03823355845099103,115200.0
Daily-Low_2025.09.16__ep2,2025-09-17 16:00:00,INVALIDATED_NO_BREAK,PERIOD_H1,BUY,0.04882299953862266,144000.0
Daily-Low_2025.09.16__ep7,2025-09-17 20:00:00,INVALIDATED_NO_BREAK,PERIOD_H4,BUY,0.060682044310648345,158400.0
Equal-High_2025.09.17 17:00__ep1,2025-09-17 18:00:00,INVALIDATED_NO_BREAK,PERIOD_H1,SELL,0.017426456468822737,
Daily-High_2025.09.16__ep1,2025-09-17 21:15:00,TRUE_BREAK_OBSERVED,PERIOD_M5,SELL,0.20669118458012964,162900.0
Equal-Low_2025.09.17 22:30__ep1,2025-09-17 22:45:00,INVALIDATED_NO_BREAK,PERIOD_M15,BUY,0.012724395907328462,
Equal-Low_2025.09.18 01:00__ep1,2025-09-18 01:15:00,INVALIDATED_NO_BREAK,PERIOD_M15,BUY,0.024176282177259614,
Asia-Low_2025.09.18__ep1,2025-09-18 02:00:00,INVALIDATED_NO_BREAK,PERIOD_H1,BUY,0.006825107398493979,7200.0
Asia-Low_2025.09.18__ep2,2025-09-18 04:00:00,INVALIDATED_NO_BREAK,PERIOD_H4,BUY,0.054654494152353246,14400.0
Asia-Low_2025.09.18__ep3,2025-09-18 17:00:00,INVALIDATED_NO_BREAK,PERIOD_H1,BUY,0.062412197385950226,61200.0
Equal-High_2025.09.18 04:00__ep1,2025-09-18 08:00:00,TRUE_BREAK_OBSERVED,PERIOD_H4,SELL,0.02122571648673208,
Daily-Low_2025.09.17__ep1,2025-09-18 10:30:00,INVALIDATED_NO_BREAK,PERIOD_M30,BUY,0.04066945566058122,124200.0
Daily-Low_2025.09.17__ep3,2025-09-18 12:00:00,INVALIDATED_NO_BREAK,PERIOD_H4,BUY,0.09494757582843105,129600.0
Daily-Low_2025.09.17__ep4,2025-09-18 20:00:00,INVALIDATED_NO_BREAK,PERIOD_H1,BUY,0.0018148610723849091,158400.0
Asia-High_2025.09.18__ep3,2025-09-18 13:00:00,INVALIDATED_NO_BREAK,PERIOD_H1,SELL,0.002435770754999622,46800.0
Asia-High_2025.09.18__ep7,2025-09-18 16:00:00,INVALIDATED_NO_BREAK,PERIOD_H1,SELL,0.07648396086350126,57600.0
Asia-Low_2025.09.19__ep1,2025-09-19 00:00:00,INVALIDATED_NO_BREAK,PERIOD_D1,BUY,0.024014408645187113,0.0
Equal-High_2025.09.19 05:30__ep1,2025-09-19 05:45:00,INVALIDATED_NO_BREAK,PERIOD_M15,SELL,0.017126008216357198,
Equal-High_2025.09.19 06:00__ep1,2025-09-19 06:15:00,INVALIDATED_NO_BREAK,PERIOD_M15,SELL,0.0015490996826282024,
Equal-High_2025.09.19 09:30__ep1,2025-09-19 10:00:00,INVALIDATED_NO_BREAK,PERIOD_M30,SELL,0.004340242456794242,
Asia-High_2025.09.19__ep1,2025-09-19 17:15:00,INVALIDATED_NO_BREAK,PERIOD_M15,SELL,0.01353846153846154,62100.0
Asia-Low_2025.09.22__ep1,2025-09-22 00:00:00,TRUE_BREAK_OBSERVED,PERIOD_D1,BUY,0.08386673054225816,0.0
Asia-High_2025.09.22__ep1,2025-09-22 11:30:00,TRUE_BREAK_OBSERVED,PERIOD_M30,SELL,0.03130507548586832,41400.0
Asia-High_2025.09.22__ep2,2025-09-22 15:30:00,INVALIDATED_NO_BREAK,PERIOD_M30,SELL,0.06460665363149162,55800.0
Asia-High_2025.09.22__ep3,2025-09-22 16:45:00,INVALIDATED_NO_BREAK,PERIOD_M15,SELL,0.04400941183737364,60300.0
Equal-Low_2025.09.22 15:55__ep1,2025-09-22 16:00:00,INVALIDATED_NO_BREAK,PERIOD_M5,BUY,0.029434542435751256,
Equal-Low_2025.09.22 16:55__ep1,2025-09-22 17:00:00,INVALIDATED_NO_BREAK,PERIOD_M5,BUY,0.039940960832608355,
Equal-Low_2025.09.22 17:25__ep1,2025-09-22 17:30:00,INVALIDATED_NO_BREAK,PERIOD_M5,BUY,0.0206346632865123,
Equal-High_2025.09.22 18:00__ep1,2025-09-22 18:15:00,TRUE_BREAK_OBSERVED,PERIOD_M15,SELL,0.025116401805201638,
Daily-High_2025.09.22__ep1,2025-09-23 04:00:00,INVALIDATED_NO_BREAK,PERIOD_H1,SELL,0.01999298405712842,100800.0
Daily-High_2025.09.22__ep3,2025-09-23 05:30:00,INVALIDATED_NO_BREAK,PERIOD_M30,SELL,0.09039634146341463,106200.0
Daily-High_2025.09.22__ep5,2025-09-23 08:00:00,INVALIDATED_NO_BREAK,PERIOD_H4,SELL,0.02180956281344448,115200.0
Asia-Low_2025.09.23__ep1,2025-09-23 00:00:00,TRUE_BREAK_OBSERVED,PERIOD_D1,BUY,0.12359873584784402,0.0
Equal-High_2025.09.23 16:40__ep1,2025-09-23 16:45:00,TRUE_BREAK_OBSERVED,PERIOD_M5,SELL,0.09239365333901267,
Equal-Low_2025.09.23 16:55__ep1,2025-09-23 17:00:00,INVALIDATED_NO_BREAK,PERIOD_M5,BUY,0.1486935866983373,
Equal-High_2025.09.23 19:55__ep1,2025-09-23 20:00:00,TRUE_BREAK_OBSERVED,PERIOD_M5,SELL,0.019698260619854423,
Asia-High_2025.09.24__ep1,2025-09-24 00:00:00,INVALIDATED_NO_BREAK,PERIOD_D1,SELL,0.01211608049015674,0.0
Asia-High_2025.09.24__ep2,2025-09-24 11:30:00,INVALIDATED_NO_BREAK,PERIOD_M30,SELL,0.10840412927192415,41400.0
Equal-High_2025.09.24 06:40__ep1,2025-09-24 06:45:00,INVALIDATED_NO_BREAK,PERIOD_M5,SELL,0.021081224922846174,
Asia-Low_2025.09.24__ep1,2025-09-24 00:00:00,TRUE_BREAK_OBSERVED,PERIOD_D1,BUY,0.05017222717068222,0.0
Daily-Low_2025.09.23__ep1,2025-09-24 19:45:00,INVALIDATED_NO_BREAK,PERIOD_M15,BUY,0.026643354931252944,157500.0
Asia-High_2025.09.25__ep1,2025-09-25 00:00:00,INVALIDATED_NO_BREAK,PERIOD_D1,SELL,0.0812757189385534,0.0
Asia-High_2025.09.25__ep2,2025-09-25 12:30:00,INVALIDATED_NO_BREAK,PERIOD_M30,SELL,0.008943847065985396,45000.0
Asia-High_2025.09.25__ep5,2025-09-25 14:45:00,INVALIDATED_NO_BREAK,PERIOD_M15,SELL,0.0049632805866597655,53100.0
Asia-High_2025.09.25__ep7,2025-09-25 16:00:00,TRUE_BREAK_OBSERVED,PERIOD_H1,SELL,0.1097427881765128,57600.0
Asia-High_2025.09.25__ep8,2025-09-25 22:45:00,INVALIDATED_NO_BREAK,PERIOD_M15,SELL,0.062461538461538464,81900.0
Asia-Low_2025.09.25__ep1,2025-09-25 04:00:00,INVALIDATED_NO_BREAK,PERIOD_H4,BUY,0.04839881010231147,14400.0
Asia-Low_2025.09.25__ep2,2025-09-25 00:00:00,INVALIDATED_NO_BREAK,PERIOD_D1,BUY,0.006177113536141278,0.0
Asia-Low_2025.09.25__ep3,2025-09-25 17:00:00,INVALIDATED_NO_BREAK,PERIOD_H1,BUY,0.03176483382532315,61200.0
Asia-Low_2025.09.25__ep6,2025-09-25 18:00:00,INVALIDATED_NO_BREAK,PERIOD_H1,BUY,0.014789549334701368,64800.0
Asia-Low_2025.09.25__ep11,2025-09-25 20:00:00,INVALIDATED_NO_BREAK,PERIOD_H4,BUY,0.01874839162686014,72000.0
Equal-Low_2025.09.25 10:00__ep1,2025-09-25 11:00:00,INVALIDATED_NO_BREAK,PERIOD_H1,BUY,0.016175851229512643,
Equal-Low_2025.09.25 12:00__ep1,2025-09-25 13:00:00,INVALIDATED_NO_BREAK,PERIOD_H1,BUY,0.061626141790119236,
Equal-Low_2025.09.25 14:00__ep1,2025-09-25 15:00:00,INVALIDATED_NO_BREAK,PERIOD_H1,BUY,0.02288776245195253,
Equal-High_2025.09.25 19:40__ep1,2025-09-25 19:45:00,INVALIDATED_NO_BREAK,PERIOD_M5,SELL,0.04299304239356194,
Equal-High_2025.09.25 20:15__ep1,2025-09-25 20:30:00,INVALIDATED_NO_BREAK,PERIOD_M15,SELL,0.03993013584395194,
Asia-High_2025.09.26__ep2,2025-09-26 00:00:00,INVALIDATED_NO_BREAK,PERIOD_H4,SELL,0.00932982917214192,0.0
Asia-High_2025.09.26__ep5,2025-09-26 11:45:00,INVALIDATED_NO_BREAK,PERIOD_M15,SELL,0.013121272365805169,42300.0
Asia-High_2025.09.26__ep10,2025-09-26 16:00:00,INVALIDATED_NO_BREAK,PERIOD_H1,SELL,0.02097807947247958,57600.0
Asia-Low_2025.09.26__ep1,2025-09-26 00:00:00,INVALIDATED_NO_BREAK,PERIOD_D1,BUY,0.040464080865972245,0.0
Equal-Low_2025.09.26 04:55__ep1,2025-09-26 05:00:00,INVALIDATED_NO_BREAK,PERIOD_M5,BUY,0.03289103018970207,
Equal-High_2025.09.26 09:00__ep1,2025-09-26 10:00:00,INVALIDATED_NO_BREAK,PERIOD_H1,SELL,0.09500897199127743,
Equal-Low_2025.09.26 19:25__ep1,2025-09-26 19:30:00,INVALIDATED_NO_BREAK,PERIOD_M5,BUY,0.025749967812540235,
Equal-Low_2025.09.26 22:25__ep1,2025-09-26 22:30:00,INVALIDATED_NO_BREAK,PERIOD_M5,BUY,0.001420360392776994,
Asia-High_2025.09.29__ep2,2025-09-29 00:00:00,INVALIDATED_NO_BREAK,PERIOD_D1,SELL,0.02038170640783584,0.0
Asia-High_2025.09.29__ep3,2025-09-29 15:30:00,INVALIDATED_NO_BREAK,PERIOD_M30,SELL,0.026901516909284717,55800.0
Asia-High_2025.09.29__ep4,2025-09-29 16:00:00,INVALIDATED_NO_BREAK,PERIOD_H1,SELL,0.04194783501799775,57600.0
Daily-High_2025.09.26__ep1,2025-09-29 04:15:00,INVALIDATED_NO_BREAK,PERIOD_M15,SELL,0.1234372579459645,274500.0
Daily-High_2025.09.26__ep3,2025-09-29 05:00:00,INVALIDATED_NO_BREAK,PERIOD_H1,SELL,0.039703126078362495,277200.0
Equal-High_2025.09.29 18:00__ep1,2025-09-29 18:15:00,INVALIDATED_NO_BREAK,PERIOD_M15,SELL,0.09177252433286508,
Equal-High_2025.09.29 19:15__ep1,2025-09-29 19:30:00,INVALIDATED_NO_BREAK,PERIOD_M15,SELL,0.0017843147750871227,
Equal-Low_2025.09.29 20:40__ep1,2025-09-29 20:45:00,INVALIDATED_NO_BREAK,PERIOD_M5,BUY,0.022730047017523184,
Equal-Low_2025.09.29 20:55__ep1,2025-09-29 21:00:00,INVALIDATED_NO_BREAK,PERIOD_M5,BUY,0.02895182495647311,
Equal-Low_2025.09.29 22:10__ep1,2025-09-29 22:15:00,INVALIDATED_NO_BREAK,PERIOD_M5,BUY,0.12485712413637455,
Equal-Low_2025.09.29 22:55__ep1,2025-09-29 23:00:00,TRUE_BREAK_OBSERVED,PERIOD_M5,BUY,0.029367303118711306,
Asia-Low_2025.09.30__ep1,2025-09-30 00:00:00,TRUE_BREAK_OBSERVED,PERIOD_D1,BUY,0.12493016029007349,0.0
Asia-Low_2025.09.30__ep2,2025-09-30 17:15:00,TRUE_BREAK_OBSERVED,PERIOD_M15,BUY,0.17951337750547028,62100.0
Asia-Low_2025.09.30__ep4,2025-09-30 18:00:00,TRUE_BREAK_OBSERVED,PERIOD_H1,BUY,0.1419679590834894,64800.0
Equal-High_2025.09.30 08:55__ep1,2025-09-30 09:00:00,TRUE_BREAK_OBSERVED,PERIOD_M5,SELL,0.008797395970792645,
Daily-High_2025.09.29__ep2,2025-09-30 12:00:00,TRUE_BREAK_OBSERVED,PERIOD_H1,SELL,0.1414030270021455,129600.0
Asia-Low_2025.10.01__ep1,2025-10-01 00:00:00,TRUE_BREAK_OBSERVED,PERIOD_D1,BUY,0.05769900113361791,0.0
Monthly-High_2025.09.01__ep1,2025-10-01 06:00:00,INVALIDATED_NO_BREAK,PERIOD_H1,SELL,0.06459983430763654,2613600.0
Monthly-High_2025.09.01__ep3,2025-10-01 10:45:00,INVALIDATED_NO_BREAK,PERIOD_M15,SELL,0.05142184156543567,2630700.0
Monthly-High_2025.09.01__ep4,2025-10-01 16:00:00,INVALIDATED_NO_BREAK,PERIOD_H1,SELL,0.010756754772456219,2649600.0
Monthly-High_2025.09.01__ep7,2025-10-01 17:15:00,INVALIDATED_NO_BREAK,PERIOD_M15,SELL,0.02184495031304226,2654100.0
Monthly-High_2025.09.01__ep9,2025-10-01 18:30:00,INVALIDATED_NO_BREAK,PERIOD_M30,SELL,0.11648262795563866,2658600.0
Monthly-High_2025.09.01__ep11,2025-10-01 20:00:00,INVALIDATED_NO_BREAK,PERIOD_H4,SELL,0.003185932082444682,2664000.0
Monthly-High_2025.09.01__ep14,2025-10-02 00:00:00,INVALIDATED_NO_BREAK,PERIOD_D1,SELL,0.011652973321301371,2678400.0
Monthly-High_2025.09.01__ep19,2025-10-02 17:30:00,TRUE_BREAK_OBSERVED,PERIOD_M30,SELL,0.08544241775616758,2741400.0
Monthly-High_2025.09.01__ep20,2025-10-02 18:00:00,TRUE_BREAK_OBSERVED,PERIOD_H1,SELL,0.23978566342825977,2743200.0
Monthly-High_2025.09.01__ep21,2025-10-02 20:00:00,INVALIDATED_NO_BREAK,PERIOD_H4,SELL,0.09928057553956836,2750400.0
Monthly-High_2025.09.01__ep22,2025-10-03 00:00:00,INVALIDATED_NO_BREAK,PERIOD_D1,SELL,0.02695534915302619,2764800.0
Monthly-High_2025.09.01__ep23,2025-10-03 17:15:00,INVALIDATED_NO_BREAK,PERIOD_M15,SELL,0.0590706649092927,2826900.0
Equal-High_2025.10.01 07:15__ep1,2025-10-01 07:30:00,INVALIDATED_NO_BREAK,PERIOD_M15,SELL,0.007494019575167974,
Equal-High_2025.10.01 07:30__ep1,2025-10-01 07:45:00,INVALIDATED_NO_BREAK,PERIOD_M15,SELL,0.049676119585401524,
Equal-High_2025.10.01 08:10__ep1,2025-10-01 08:15:00,INVALIDATED_NO_BREAK,PERIOD_M5,SELL,0.022363105844934932,
Equal-High_2025.10.01 09:00__ep1,2025-10-01 09:15:00,INVALIDATED_NO_BREAK,PERIOD_M15,SELL,0.051943786129099404,
Equal-High_2025.10.01 09:40__ep1,2025-10-01 09:45:00,INVALIDATED_NO_BREAK,PERIOD_M5,SELL,0.027863907491827124,
Asia-High_2025.10.01__ep1,2025-10-01 15:45:00,INVALIDATED_NO_BREAK,PERIOD_M15,SELL,0.0035256017446692062,56700.0
Asia-High_2025.10.01__ep4,2025-10-01 17:30:00,INVALIDATED_NO_BREAK,PERIOD_M30,SELL,0.0026154539852718556,63000.0
Daily-Low_2025.10.01__ep3,2025-10-02 05:00:00,INVALIDATED_NO_BREAK,PERIOD_H1,BUY,0.08930138719931686,104400.0
Daily-Low_2025.10.01__ep4,2025-10-02 08:00:00,INVALIDATED_NO_BREAK,PERIOD_H4,BUY,0.04051795704274234,115200.0
Daily-Low_2025.10.01__ep5,2025-10-02 22:15:00,INVALIDATED_NO_BREAK,PERIOD_M15,BUY,0.01781337520576098,166500.0
Equal-High_2025.10.02 05:25__ep1,2025-10-02 05:30:00,INVALIDATED_NO_BREAK,PERIOD_M5,SELL,0.0397456279809221,
Equal-High_2025.10.02 05:40__ep1,2025-10-02 05:45:00,INVALIDATED_NO_BREAK,PERIOD_M5,SELL,0.011840790128960135,
Equal-High_2025.10.02 15:40__ep1,2025-10-02 15:45:00,INVALIDATED_NO_BREAK,PERIOD_M5,SELL,0.09028601929508766,
Daily-High_2025.10.01__ep1,2025-10-02 16:45:00,TRUE_BREAK_OBSERVED,PERIOD_M15,SELL,0.20330102348683696,146700.0
Equal-High_2025.10.02 20:55__ep1,2025-10-02 21:00:00,INVALIDATED_NO_BREAK,PERIOD_M5,SELL,0.016845702390585658,
Equal-Low_2025.10.03 04:00__ep1,2025-10-03 05:00:00,INVALIDATED_NO_BREAK,PERIOD_H1,BUY,0.03880612942814318,
Equal-Low_2025.10.03 06:10__ep1,2025-10-03 06:15:00,INVALIDATED_NO_BREAK,PERIOD_M5,BUY,0.010047013092297405,
Equal-Low_2025.10.03 08:10__ep1,2025-10-03 08:15:00,INVALIDATED_NO_BREAK,PERIOD_M5,BUY,0.14144329896907215,
Equal-Low_2025.10.03 08:00__ep1,2025-10-03 08:30:00,INVALIDATED_NO_BREAK,PERIOD_M30,BUY,0.03205994766989186,
Equal-Low_2025.10.03 10:30__ep1,2025-10-03 11:00:00,INVALIDATED_NO_BREAK,PERIOD_M30,BUY,0.03341826592221866,
Asia-High_2025.10.03__ep2,2025-10-03 15:00:00,INVALIDATED_NO_BREAK,PERIOD_H1,SELL,0.01695224265376164,54000.0
Equal-Low_2025.10.03 20:55__ep1,2025-10-03 21:00:00,INVALIDATED_NO_BREAK,PERIOD_M5,BUY,0.0391681109185442,
Asia-Low_2025.10.06__ep1,2025-10-06 00:00:00,TRUE_BREAK_OBSERVED,PERIOD_D1,BUY,0.0847838279115901,0.0
Asia-High_2025.10.06__ep2,2025-10-06 12:00:00,INVALIDATED_NO_BREAK,PERIOD_H1,SELL,0.02097553320582281,43200.0
Asia-High_2025.10.06__ep3,2025-10-06 14:00:00,INVALIDATED_NO_BREAK,PERIOD_H1,SELL,0.022082482548497536,50400.0
Asia-High_2025.10.06__ep4,2025-10-06 16:00:00,INVALIDATED_NO_BREAK,PERIOD_H4,SELL,0.04145503800859468,57600.0
Asia-High_2025.10.06__ep5,2025-10-06 17:00:00,INVALIDATED_NO_BREAK,PERIOD_H1,SELL,0.003941358534231071,61200.0
Equal-High_2025.10.06 21:00__ep1,2025-10-06 21:15:00,INVALIDATED_NO_BREAK,PERIOD_M15,SELL,0.01971096673806997,
Asia-Low_2025.10.07__ep1,2025-10-07 00:00:00,TRUE_BREAK_OBSERVED,PERIOD_D1,BUY,0.10375463213988172,0.0
Asia-Low_2025.10.07__ep4,2025-10-07 13:00:00,TRUE_BREAK_OBSERVED,PERIOD_H1,BUY,0.012458768446382863,46800.0
Daily-High_2025.10.06__ep2,2025-10-07 02:00:00,INVALIDATED_NO_BREAK,PERIOD_H1,SELL,0.050804894688711154,93600.0
Daily-High_2025.10.06__ep3,2025-10-07 03:00:00,INVALIDATED_NO_BREAK,PERIOD_H1,SELL,0.0052154567455705595,97200.0
Daily-High_2025.10.06__ep5,2025-10-07 04:00:00,INVALIDATED_NO_BREAK,PERIOD_H1,SELL,0.05533096278862079,100800.0
Daily-High_2025.10.06__ep6,2025-10-07 08:15:00,INVALIDATED_NO_BREAK,PERIOD_M15,SELL,0.08779697993591962,116100.0
Daily-High_2025.10.06__ep9,2025-10-07 12:00:00,INVALIDATED_NO_BREAK,PERIOD_H4,SELL,0.07272425927166538,129600.0
Daily-High_2025.10.06__ep10,2025-10-07 15:30:00,INVALIDATED_NO_BREAK,PERIOD_M30,SELL,0.04961477589334981,142200.0
Daily-High_2025.10.06__ep11,2025-10-07 19:00:00,INVALIDATED_NO_BREAK,PERIOD_H1,SELL,0.028488172755715347,154800.0
Daily-High_2025.10.06__ep12,2025-10-07 19:15:00,TRUE_BREAK_OBSERVED,PERIOD_M15,SELL,0.05254523751895456,155700.0
Equal-High_2025.10.07 01:40__ep1,2025-10-07 01:45:00,INVALIDATED_NO_BREAK,PERIOD_M5,SELL,0.02493150684931507,
Equal-Low_2025.10.07 04:10__ep1,2025-10-07 04:15:00,INVALIDATED_NO_BREAK,PERIOD_M5,BUY,0.08052256532066508,
Asia-High_2025.10.07__ep1,2025-10-07 16:45:00,INVALIDATED_NO_BREAK,PERIOD_M15,SELL,0.06752974158911222,60300.0
Asia-High_2025.10.07__ep5,2025-10-07 20:00:00,INVALIDATED_NO_BREAK,PERIOD_H1,SELL,0.0046353020452751395,72000.0
Equal-High_2025.10.07 17:55__ep1,2025-10-07 18:00:00,TRUE_BREAK_OBSERVED,PERIOD_M5,SELL,0.017144337079553373,
Asia-Low_2025.10.08__ep1,2025-10-08 00:00:00,TRUE_BREAK_OBSERVED,PERIOD_D1,BUY,0.051524782681763366,0.0
Asia-High_2025.10.08__ep4,2025-10-08 11:00:00,INVALIDATED_NO_BREAK,PERIOD_H1,SELL,0.02801951798618745,39600.0
Asia-High_2025.10.08__ep6,2025-10-08 12:00:00,INVALIDATED_NO_BREAK,PERIOD_H1,SELL,0.00682388359257401,43200.0
Asia-High_2025.10.08__ep8,2025-10-08 13:45:00,INVALIDATED_NO_BREAK,PERIOD_M15,SELL,0.00032313884145031177,49500.0
Asia-High_2025.10.08__ep10,2025-10-08 14:30:00,INVALIDATED_NO_BREAK,PERIOD_M30,SELL,0.0264591439688716,52200.0
Asia-High_2025.10.08__ep12,2025-10-08 15:45:00,INVALIDATED_NO_BREAK,PERIOD_M15,SELL,0.046054560586181265,56700.0
Equal-Low_2025.10.08 15:40__ep1,2025-10-08 15:45:00,INVALIDATED_NO_BREAK,PERIOD_M5,BUY,0.02285423474833246,
Equal-High_2025.10.08 16:15__ep1,2025-10-08 16:30:00,TRUE_BREAK_OBSERVED,PERIOD_M15,SELL,0.028669441341334416,
Equal-Low_2025.10.08 16:45__ep1,2025-10-08 17:00:00,INVALIDATED_NO_BREAK,PERIOD_M15,BUY,0.08779874213836478,
Equal-High_2025.10.08 18:00__ep1,2025-10-08 18:15:00,INVALIDATED_NO_BREAK,PERIOD_M15,SELL,0.10785707170727998,
Equal-High_2025.10.08 20:00__ep1,2025-10-08 20:30:00,INVALIDATED_NO_BREAK,PERIOD_M30,SELL,0.006543045323252823,
Equal-High_2025.10.08 21:00__ep1,2025-10-08 21:15:00,INVALIDATED_NO_BREAK,PERIOD_M15,SELL,0.11211784862827531,
Equal-High_2025.10.08 21:45__ep1,2025-10-08 22:00:00,INVALIDATED_NO_BREAK,PERIOD_M15,SELL,0.009472253401723002,
Equal-High_2025.10.08 21:55__ep1,2025-10-08 22:00:00,INVALIDATED_NO_BREAK,PERIOD_M5,SELL,0.016045826881573775,
Equal-High_2025.10.08 22:00__ep2,2025-10-08 22:30:00,INVALIDATED_NO_BREAK,PERIOD_M30,SELL,0.04266376373436373,
Asia-Low_2025.10.09__ep1,2025-10-09 00:00:00,TRUE_BREAK_OBSERVED,PERIOD_D1,BUY,0.09247985358597348,0.0
Asia-High_2025.10.09__ep1,2025-10-09 01:15:00,INVALIDATED_NO_BREAK,PERIOD_M15,SELL,0.11614705524476861,4500.0
Asia-High_2025.10.09__ep5,2025-10-09 14:30:00,INVALIDATED_NO_BREAK,PERIOD_M30,SELL,0.1046195652173913,52200.0
Asia-High_2025.10.09__ep6,2025-10-09 15:15:00,INVALIDATED_NO_BREAK,PERIOD_M15,SELL,0.06216462401194943,54900.0
Asia-High_2025.10.09__ep7,2025-10-09 15:30:00,INVALIDATED_NO_BREAK,PERIOD_M30,SELL,0.032305721943502015,55800.0
Asia-High_2025.10.09__ep8,2025-10-09 16:45:00,INVALIDATED_NO_BREAK,PERIOD_M15,SELL,0.163880006770383,60300.0
Asia-High_2025.10.09__ep10,2025-10-09 20:00:00,INVALIDATED_NO_BREAK,PERIOD_H4,SELL,0.2347009708414305,72000.0
Daily-Low_2025.10.08__ep1,2025-10-09 19:45:00,INVALIDATED_NO_BREAK,PERIOD_M15,BUY,0.02276422972177124,157500.0
Asia-High_2025.10.10__ep1,2025-10-10 00:00:00,INVALIDATED_NO_BREAK,PERIOD_D1,SELL,0.10215047012363507,0.0
Asia-High_2025.10.10__ep2,2025-10-10 12:00:00,INVALIDATED_NO_BREAK,PERIOD_H1,SELL,0.013553303448299229,43200.0
Asia-High_2025.10.10__ep3,2025-10-10 13:15:00,INVALIDATED_NO_BREAK,PERIOD_M15,SELL,0.017645275028554706,47700.0
Asia-High_2025.10.10__ep4,2025-10-10 14:00:00,INVALIDATED_NO_BREAK,PERIOD_H1,SELL,0.003563748079877112,50400.0
Asia-High_2025.10.10__ep5,2025-10-10 14:45:00,INVALIDATED_NO_BREAK,PERIOD_M15,SELL,0.030541366740171424,53100.0
Asia-High_2025.10.10__ep7,2025-10-10 16:00:00,INVALIDATED_NO_BREAK,PERIOD_H4,SELL,0.02427213583914772,57600.0
Asia-High_2025.10.10__ep11,2025-10-10 19:15:00,INVALIDATED_NO_BREAK,PERIOD_M15,SELL,0.03271131923927095,69300.0
Asia-High_2025.10.10__ep12,2025-10-10 19:30:00,INVALIDATED_NO_BREAK,PERIOD_M30,SELL,0.0423159257231045,70200.0
Asia-Low_2025.10.10__ep2,2025-10-10 00:00:00,INVALIDATED_NO_BREAK,PERIOD_D1,BUY,0.002571916457496736,0.0
Asia-Low_2025.10.10__ep3,2025-10-10 04:00:00,INVALIDATED_NO_BREAK,PERIOD_H4,BUY,0.05047894176676297,14400.0
Equal-High_2025.10.10 04:15__ep1,2025-10-10 04:30:00,INVALIDATED_NO_BREAK,PERIOD_M15,SELL,0.006952203600248293,
Equal-High_2025.10.10 04:55__ep1,2025-10-10 05:00:00,INVALIDATED_NO_BREAK,PERIOD_M5,SELL,0.09547887842713747,
Equal-High_2025.10.10 05:45__ep1,2025-10-10 06:00:00,INVALIDATED_NO_BREAK,PERIOD_M15,SELL,0.04782048412679656,
Equal-Low_2025.10.10 10:25__ep1,2025-10-10 10:30:00,TRUE_BREAK_OBSERVED,PERIOD_M5,BUY,0.07627861122554902,
Equal-Low_2025.10.10 15:40__ep1,2025-10-10 15:45:00,INVALIDATED_NO_BREAK,PERIOD_M5,BUY,0.02069239358796784,
Equal-Low_2025.10.10 15:55__ep1,2025-10-10 16:00:00,INVALIDATED_NO_BREAK,PERIOD_M5,BUY,0.013268356297067126,
Equal-Low_2025.10.10 16:10__ep1,2025-10-10 16:15:00,INVALIDATED_NO_BREAK,PERIOD_M5,BUY,0.039654062172656594,
Equal-High_2025.10.10 18:55__ep1,2025-10-10 19:00:00,TRUE_BREAK_OBSERVED,PERIOD_M5,SELL,0.020270178492504735,
Equal-Low_2025.10.10 20:10__ep1,2025-10-10 20:15:00,INVALIDATED_NO_BREAK,PERIOD_M5,BUY,0.03127211083125859,
Daily-High_2025.10.10__ep1,2025-10-13 01:15:00,INVALIDATED_NO_BREAK,PERIOD_M15,SELL,0.009658807031962749,263700.0
Weekly-High_2025.10.05__ep3,2025-10-13 03:00:00,INVALIDATED_NO_BREAK,PERIOD_H1,SELL,0.10824138502282228,702000.0
Weekly-High_2025.10.05__ep4,2025-10-13 04:00:00,INVALIDATED_NO_BREAK,PERIOD_H1,SELL,0.06509953409572215,705600.0
Weekly-High_2025.10.05__ep6,2025-10-13 08:00:00,INVALIDATED_NO_BREAK,PERIOD_H1,SELL,0.013104116133918825,720000.0
Asia-Low_2025.10.13__ep1,2025-10-13 00:00:00,TRUE_BREAK_OBSERVED,PERIOD_D1,BUY,0.09333233220447079,0.0
Asia-High_2025.10.13__ep1,2025-10-13 12:00:00,INVALIDATED_NO_BREAK,PERIOD_H1,SELL,0.0014894147295173204,43200.0
Asia-High_2025.10.13__ep7,2025-10-13 15:00:00,INVALIDATED_NO_BREAK,PERIOD_H1,SELL,0.02295446789542545,54000.0
Asia-Low_2025.10.14__ep1,2025-10-14 00:00:00,TRUE_BREAK_OBSERVED,PERIOD_D1,BUY,0.12064952442097553,0.0
Equal-High_2025.10.13 23:55__ep1,2025-10-14 01:00:00,INVALIDATED_NO_BREAK,PERIOD_M5,SELL,0.022047244094488185,
Equal-High_2025.10.14 01:25__ep1,2025-10-14 01:30:00,INVALIDATED_NO_BREAK,PERIOD_M5,SELL,0.09389238423781598,
Equal-High_2025.10.14 08:40__ep1,2025-10-14 08:45:00,TRUE_BREAK_OBSERVED,PERIOD_M5,SELL,0.3280467436648628,
Daily-High_2025.10.13__ep1,2025-10-14 09:15:00,INVALIDATED_NO_BREAK,PERIOD_M15,SELL,0.04215250309612607,119700.0
Daily-High_2025.10.13__ep2,2025-10-14 09:30:00,TRUE_BREAK_OBSERVED,PERIOD_M30,SELL,0.017065466606200137,120600.0
Daily-High_2025.10.13__ep3,2025-10-14 10:00:00,INVALIDATED_NO_BREAK,PERIOD_H1,SELL,0.023251957926041372,122400.0
Daily-High_2025.10.13__ep4,2025-10-14 15:45:00,INVALIDATED_NO_BREAK,PERIOD_M15,SELL,0.08077343268682105,143100.0
Daily-High_2025.10.13__ep5,2025-10-14 16:00:00,INVALIDATED_NO_BREAK,PERIOD_H1,SELL,0.04219608051559745,144000.0
Equal-Low_2025.10.14 14:40__ep1,2025-10-14 14:45:00,INVALIDATED_NO_BREAK,PERIOD_M5,BUY,0.04789362178260478,
Equal-Low_2025.10.14 14:55__ep1,2025-10-14 15:00:00,INVALIDATED_NO_BREAK,PERIOD_M5,BUY,0.04915254237288136,
Equal-Low_2025.10.14 15:10__ep1,2025-10-14 15:15:00,INVALIDATED_NO_BREAK,PERIOD_M5,BUY,0.043169548401346285,
Equal-Low_2025.10.14 17:25__ep1,2025-10-14 17:30:00,INVALIDATED_NO_BREAK,PERIOD_M5,BUY,0.056137947111393395,
Equal-High_2025.10.14 19:30__ep1,2025-10-14 20:00:00,INVALIDATED_NO_BREAK,PERIOD_M30,SELL,0.030322852560373946,
Equal-High_2025.10.14 22:30__ep1,2025-10-14 22:45:00,TRUE_BREAK_OBSERVED,PERIOD_M15,SELL,0.06929056394951486,
Equal-Low_2025.10.14 23:25__ep1,2025-10-14 23:30:00,INVALIDATED_NO_BREAK,PERIOD_M5,BUY,0.016436946444140586,
Equal-High_2025.10.14 23:30__ep1,2025-10-15 01:00:00,INVALIDATED_NO_BREAK,PERIOD_M30,SELL,0.02608748459341586,
Daily-High_2025.10.14__ep1,2025-10-15 04:15:00,INVALIDATED_NO_BREAK,PERIOD_M15,SELL,0.006390927207339109,101700.0
Daily-High_2025.10.14__ep2,2025-10-15 04:45:00,INVALIDATED_NO_BREAK,PERIOD_M15,SELL,0.018775615825606634,103500.0
Daily-High_2025.10.14__ep6,2025-10-15 06:00:00,INVALIDATED_NO_BREAK,PERIOD_H1,SELL,0.017252955570167445,108000.0
Daily-High_2025.10.14__ep7,2025-10-15 07:30:00,INVALIDATED_NO_BREAK,PERIOD_M30,SELL,0.027543652206792522,113400.0
Asia-High_2025.10.15__ep1,2025-10-15 10:15:00,INVALIDATED_NO_BREAK,PERIOD_M15,SELL,0.012015433757158635,36900.0
Asia-High_2025.10.15__ep3,2025-10-15 12:30:00,INVALIDATED_NO_BREAK,PERIOD_M30,SELL,0.07663144610641229,45000.0
Asia-High_2025.10.15__ep5,2025-10-15 13:15:00,INVALIDATED_NO_BREAK,PERIOD_M15,SELL,0.013962295686771693,47700.0
Asia-High_2025.10.15__ep11,2025-10-15 16:00:00,INVALIDATED_NO_BREAK,PERIOD_H1,SELL,0.05307644912029592,57600.0
Asia-High_2025.10.15__ep13,2025-10-15 18:00:00,INVALIDATED_NO_BREAK,PERIOD_H1,SELL,0.0016708935050802993,64800.0
Asia-High_2025.10.15__ep15,2025-10-15 18:45:00,INVALIDATED_NO_BREAK,PERIOD_M15,SELL,0.04549121512271992,67500.0
Asia-High_2025.10.15__ep17,2025-10-15 20:00:00,INVALIDATED_NO_BREAK,PERIOD_H4,SELL,0.0036726946612824786,72000.0
Equal-Low_2025.10.15 12:25__ep1,2025-10-15 12:30:00,INVALIDATED_NO_BREAK,PERIOD_M5,BUY,0.07861425716189206,
Equal-High_2025.10.15 17:15__ep1,2025-10-15 17:30:00,INVALIDATED_NO_BREAK,PERIOD_M15,SELL,0.002358490566037736,
Asia-Low_2025.10.16__ep1,2025-10-16 00:00:00,TRUE_BREAK_OBSERVED,PERIOD_D1,BUY,0.07152065245987899,0.0
Equal-High_2025.10.16 01:30__ep1,2025-10-16 02:00:00,INVALIDATED_NO_BREAK,PERIOD_M30,SELL,0.0018124824713866253,
Daily-High_2025.10.15__ep1,2025-10-16 04:00:00,INVALIDATED_NO_BREAK,PERIOD_H1,SELL,0.04909273700582571,100800.0
Daily-High_2025.10.15__ep2,2025-10-16 08:45:00,INVALIDATED_NO_BREAK,PERIOD_M15,SELL,0.08795190384976923,117900.0
Daily-High_2025.10.15__ep3,2025-10-16 09:00:00,INVALIDATED_NO_BREAK,PERIOD_H1,SELL,0.08417460828969131,118800.0
Asia-High_2025.10.16__ep1,2025-10-16 13:15:00,TRUE_BREAK_OBSERVED,PERIOD_M15,SELL,0.05,47700.0
Asia-High_2025.10.16__ep3,2025-10-16 15:00:00,INVALIDATED_NO_BREAK,PERIOD_H1,SELL,0.010928179252286438,54000.0
Asia-High_2025.10.16__ep6,2025-10-16 16:00:00,INVALIDATED_NO_BREAK,PERIOD_H1,SELL,0.038388673455357805,57600.0
Asia-Low_2025.10.17__ep1,2025-10-17 00:00:00,TRUE_BREAK_OBSERVED,PERIOD_D1,BUY,0.1496496487936528,0.0
Asia-Low_2025.10.17__ep2,2025-10-17 16:45:00,INVALIDATED_NO_BREAK,PERIOD_M15,BUY,0.03497259844500583,60300.0
Asia-High_2025.10.17__ep1,2025-10-17 02:00:00,INVALIDATED_NO_BREAK,PERIOD_H1,SELL,0.07738762156076053,7200.0
Asia-High_2025.10.17__ep2,2025-10-17 04:00:00,INVALIDATED_NO_BREAK,PERIOD_H4,SELL,0.05719849388996457,14400.0
Daily-High_2025.10.16__ep3,2025-10-17 05:15:00,INVALIDATED_NO_BREAK,PERIOD_M15,SELL,0.013552445168483442,105300.0
Daily-High_2025.10.16__ep4,2025-10-17 14:00:00,INVALIDATED_NO_BREAK,PERIOD_H1,SELL,0.008756772587494507,136800.0
Daily-High_2025.10.16__ep8,2025-10-17 16:00:00,INVALIDATED_NO_BREAK,PERIOD_H4,SELL,0.03389401331607137,144000.0
Equal-Low_2025.10.17 06:10__ep1,2025-10-17 06:15:00,INVALIDATED_NO_BREAK,PERIOD_M5,BUY,0.05927209705372617,
Equal-Low_2025.10.17 10:10__ep1,2025-10-17 10:15:00,INVALIDATED_NO_BREAK,PERIOD_M5,BUY,0.009722222222222222,
Equal-Low_2025.10.17 10:30__ep1,2025-10-17 10:45:00,INVALIDATED_NO_BREAK,PERIOD_M15,BUY,0.024849105839039137,
Equal-Low_2025.10.17 10:45__ep1,2025-10-17 11:00:00,INVALIDATED_NO_BREAK,PERIOD_M15,BUY,0.005371792900712596,
Equal-Low_2025.10.17 11:30__ep1,2025-10-17 11:45:00,INVALIDATED_NO_BREAK,PERIOD_M15,BUY,0.026688977966448472,
Equal-Low_2025.10.17 11:45__ep1,2025-10-17 12:00:00,INVALIDATED_NO_BREAK,PERIOD_M15,BUY,0.03504014993284449,
Equal-Low_2025.10.17 12:00__ep1,2025-10-17 12:15:00,INVALIDATED_NO_BREAK,PERIOD_M15,BUY,0.0023084264246787793,
Daily-Low_2025.10.16__ep1,2025-10-17 20:15:00,TRUE_BREAK_OBSERVED,PERIOD_M15,BUY,0.03085388224340135,159300.0
Equal-High_2025.10.17 22:55__ep1,2025-10-17 23:00:00,INVALIDATED_NO_BREAK,PERIOD_M5,SELL,0.034891746446517574,
Asia-High_2025.10.20__ep1,2025-10-20 00:00:00,INVALIDATED_NO_BREAK,PERIOD_D1,SELL,0.14280371251929558,0.0
Asia-Low_2025.10.20__ep2,2025-10-20 00:00:00,INVALIDATED_NO_BREAK,PERIOD_D1,BUY,0.008310153109855677,0.0
Equal-High_2025.10.20 11:10__ep1,2025-10-20 11:15:00,INVALIDATED_NO_BREAK,PERIOD_M5,SELL,0.0013014611690467912,
Equal-High_2025.10.20 11:25__ep1,2025-10-20 11:30:00,INVALIDATED_NO_BREAK,PERIOD_M5,SELL,0.002142127799344509,
Weekly-High_2025.10.12__ep1,2025-10-20 23:00:00,INVALIDATED_NO_BREAK,PERIOD_H1,SELL,0.008890503291391325,774000.0
Weekly-High_2025.10.12__ep2,2025-10-21 00:00:00,INVALIDATED_NO_BREAK,PERIOD_D1,SELL,0.024605940800083236,777600.0
Asia-High_2025.10.21__ep1,2025-10-21 02:00:00,INVALIDATED_NO_BREAK,PERIOD_H1,SELL,0.017769979887046185,7200.0
Asia-High_2025.10.21__ep2,2025-10-21 04:00:00,INVALIDATED_NO_BREAK,PERIOD_H4,SELL,0.004755716554824874,14400.0
Equal-High_2025.10.21 11:00__ep1,2025-10-21 11:30:00,INVALIDATED_NO_BREAK,PERIOD_M30,SELL,0.005100882288091251,
Daily-Low_2025.10.20__ep1,2025-10-21 15:15:00,TRUE_BREAK_OBSERVED,PERIOD_M15,BUY,0.04245604618062915,141300.0
Equal-Low_2025.10.21 22:25__ep1,2025-10-21 22:30:00,TRUE_BREAK_OBSERVED,PERIOD_M5,BUY,0.04740276455173443,
Asia-High_2025.10.22__ep1,2025-10-22 00:00:00,INVALIDATED_NO_BREAK,PERIOD_D1,SELL,0.2166598853604179,0.0
Asia-Low_2025.10.22__ep2,2025-10-22 00:00:00,INVALIDATED_NO_BREAK,PERIOD_D1,BUY,0.007785132448510949,0.0
Daily-Low_2025.10.21__ep1,2025-10-22 04:15:00,INVALIDATED_NO_BREAK,PERIOD_M15,BUY,0.13734667482629392,101700.0
Daily-Low_2025.10.21__ep4,2025-10-22 08:00:00,INVALIDATED_NO_BREAK,PERIOD_H4,BUY,0.06770326349439446,115200.0
Daily-Low_2025.10.21__ep5,2025-10-22 11:30:00,INVALIDATED_NO_BREAK,PERIOD_M30,BUY,0.08489132415515759,127800.0
Daily-Low_2025.10.21__ep6,2025-10-22 13:30:00,INVALIDATED_NO_BREAK,PERIOD_M30,BUY,0.009699093848432077,135000.0
Daily-Low_2025.10.21__ep7,2025-10-22 22:15:00,INVALIDATED_NO_BREAK,PERIOD_M15,BUY,0.07728833275671511,166500.0
Equal-Low_2025.10.22 04:10__ep1,2025-10-22 04:15:00,INVALIDATED_NO_BREAK,PERIOD_M5,BUY,0.013809252497214555,
Equal-Low_2025.10.22 05:10__ep1,2025-10-22 05:15:00,INVALIDATED_NO_BREAK,PERIOD_M5,BUY,0.008980213089802132,
Equal-Low_2025.10.22 05:55__ep1,2025-10-22 06:00:00,TRUE_BREAK_OBSERVED,PERIOD_M5,BUY,0.015026841695979443,
Equal-High_2025.10.22 06:25__ep1,2025-10-22 06:30:00,INVALIDATED_NO_BREAK,PERIOD_M5,SELL,0.011739379431020837,
Equal-High_2025.10.22 15:25__ep1,2025-10-22 15:30:00,INVALIDATED_NO_BREAK,PERIOD_M5,SELL,0.000309888703472148,
Equal-High_2025.10.22 15:40__ep1,2025-10-22 15:45:00,INVALIDATED_NO_BREAK,PERIOD_M5,SELL,0.00036825156000567106,
Asia-Low_2025.10.23__ep1,2025-10-23 00:00:00,INVALIDATED_NO_BREAK,PERIOD_D1,BUY,0.05632232032261291,0.0
Equal-High_2025.10.23 08:10__ep1,2025-10-23 08:15:00,INVALIDATED_NO_BREAK,PERIOD_M5,SELL,0.04533059123020067,
Equal-High_2025.10.23 11:15__ep1,2025-10-23 11:30:00,INVALIDATED_NO_BREAK,PERIOD_M15,SELL,0.015276341377345492,
Equal-High_2025.10.23 12:30__ep1,2025-10-23 12:45:00,INVALIDATED_NO_BREAK,PERIOD_M15,SELL,0.014530536937131772,
Equal-High_2025.10.23 13:30__ep1,2025-10-23 13:45:00,INVALIDATED_NO_BREAK,PERIOD_M15,SELL,0.04804711849099733,
Equal-Low_2025.10.23 14:55__ep1,2025-10-23 15:00:00,INVALIDATED_NO_BREAK,PERIOD_M5,BUY,0.01756566192174908,
Equal-Low_2025.10.23 15:25__ep1,2025-10-23 15:30:00,INVALIDATED_NO_BREAK,PERIOD_M5,BUY,0.009773427935543385,
Equal-High_2025.10.23 15:40__ep1,2025-10-23 15:45:00,INVALIDATED_NO_BREAK,PERIOD_M5,SELL,0.00028925601905618653,
Equal-High_2025.10.23 17:10__ep1,2025-10-23 17:15:00,INVALIDATED_NO_BREAK,PERIOD_M5,SELL,0.09297132442864993,
Asia-High_2025.10.23__ep2,2025-10-23 20:00:00,INVALIDATED_NO_BREAK,PERIOD_H1,SELL,0.021668849585657696,72000.0
Asia-High_2025.10.23__ep4,2025-10-23 22:00:00,INVALIDATED_NO_BREAK,PERIOD_H1,SELL,0.0078074009400301144,79200.0
Equal-Low_2025.10.23 20:10__ep1,2025-10-23 20:15:00,INVALIDATED_NO_BREAK,PERIOD_M5,BUY,0.018496960728746313,
Asia-Low_2025.10.24__ep1,2025-10-24 00:00:00,INVALIDATED_NO_BREAK,PERIOD_D1,BUY,0.04428629856850715,0.0
Asia-Low_2025.10.24__ep2,2025-10-24 15:45:00,TRUE_BREAK_OBSERVED,PERIOD_M5,BUY,0.02714570858283433,56700.0
Asia-Low_2025.10.24__ep7,2025-10-24 20:00:00,INVALIDATED_NO_BREAK,PERIOD_H4,BUY,0.09549966512588845,72000.0
Equal-Low_2025.10.24 07:00__ep1,2025-10-24 07:30:00,INVALIDATED_NO_BREAK,PERIOD_M30,BUY,0.006171557686638796,
Daily-Low_2025.10.23__ep1,2025-10-24 12:15:00,INVALIDATED_NO_BREAK,PERIOD_M15,BUY,0.042718224799572505,130500.0
Daily-Low_2025.10.23__ep3,2025-10-24 12:45:00,INVALIDATED_NO_BREAK,PERIOD_M15,BUY,0.030625268856225872,132300.0
Daily-Low_2025.10.23__ep6,2025-10-24 16:00:00,INVALIDATED_NO_BREAK,PERIOD_H1,BUY,0.07548235294117647,144000.0
Equal-High_2025.10.24 17:00__ep1,2025-10-24 17:30:00,INVALIDATED_NO_BREAK,PERIOD_M30,SELL,0.008911272612966292,
Equal-High_2025.10.24 17:30__ep1,2025-10-24 18:00:00,INVALIDATED_NO_BREAK,PERIOD_M30,SELL,0.039637098149263826,
Equal-High_2025.10.24 18:00__ep1,2025-10-24 18:30:00,INVALIDATED_NO_BREAK,PERIOD_M30,SELL,0.00026076584843558745,
Equal-High_2025.10.24 19:30__ep1,2025-10-24 20:00:00,INVALIDATED_NO_BREAK,PERIOD_M30,SELL,0.03106267029972752,
Asia-Low_2025.10.27__ep4,2025-10-27 01:00:00,INVALIDATED_NO_BREAK,PERIOD_H1,BUY,0.0019375791095756346,3600.0
Equal-Low_2025.10.27 04:55__ep1,2025-10-27 05:00:00,INVALIDATED_NO_BREAK,PERIOD_M5,BUY,0.009167254566687792,
Equal-Low_2025.10.27 10:00__ep1,2025-10-27 10:15:00,INVALIDATED_NO_BREAK,PERIOD_M15,BUY,0.036796156010329775,
Daily-Low_2025.10.24__ep1,2025-10-27 15:00:00,INVALIDATED_NO_BREAK,PERIOD_H1,BUY,0.007353629976580796,313200.0
Weekly-Low_2025.10.19__ep1,2025-10-27 16:15:00,INVALIDATED_NO_BREAK,PERIOD_M15,BUY,0.00448352456705491,749700.0
Weekly-Low_2025.10.19__ep3,2025-10-27 20:00:00,INVALIDATED_NO_BREAK,PERIOD_H1,BUY,0.010081429878550673,763200.0
Weekly-Low_2025.10.19__ep7,2025-10-28 04:00:00,INVALIDATED_NO_BREAK,PERIOD_H4,BUY,0.014922032380810265,792000.0
Weekly-Low_2025.10.19__ep8,2025-10-29 10:15:00,INVALIDATED_NO_BREAK,PERIOD_M15,BUY,0.029605179037566126,900900.0
Weekly-Low_2025.10.19__ep10,2025-10-29 11:00:00,INVALIDATED_NO_BREAK,PERIOD_H1,BUY,0.059887047414166186,903600.0
Weekly-Low_2025.10.19__ep14,2025-10-29 17:30:00,INVALIDATED_NO_BREAK,PERIOD_M30,BUY,0.019946963528142923,927000.0
Weekly-Low_2025.10.19__ep15,2025-10-30 11:15:00,INVALIDATED_NO_BREAK,PERIOD_M15,BUY,0.007664080811415606,990900.0
Weekly-Low_2025.10.19__ep17,2025-10-30 11:45:00,INVALIDATED_NO_BREAK,PERIOD_M15,BUY,0.012503170130015234,992700.0
Weekly-Low_2025.10.19__ep18,2025-10-30 16:15:00,INVALIDATED_NO_BREAK,PERIOD_M15,BUY,0.05163873480556729,1008900.0
Weekly-Low_2025.10.19__ep19,2025-10-30 17:45:00,INVALIDATED_NO_BREAK,PERIOD_M15,BUY,0.003000778838507631,1014300.0
Weekly-Low_2025.10.19__ep21,2025-10-30 20:00:00,INVALIDATED_NO_BREAK,PERIOD_H1,BUY,0.0008415759964164165,1022400.0
Weekly-Low_2025.10.19__ep25,2025-10-31 00:00:00,TRUE_BREAK_OBSERVED,PERIOD_D1,BUY,0.014735993789632295,1036800.0
Weekly-Low_2025.10.19__ep26,2025-10-31 05:00:00,INVALIDATED_NO_BREAK,PERIOD_H1,BUY,0.03217680608365019,1054800.0
Weekly-Low_2025.10.19__ep27,2025-10-31 07:00:00,INVALIDATED_NO_BREAK,PERIOD_H1,BUY,0.008058921225796958,1062000.0
Weekly-Low_2025.10.19__ep29,2025-10-31 08:00:00,INVALIDATED_NO_BREAK,PERIOD_H1,BUY,0.004114276905417982,1065600.0
Weekly-Low_2025.10.19__ep32,2025-10-31 09:00:00,INVALIDATED_NO_BREAK,PERIOD_H1,BUY,0.047548393073141536,1069200.0
Weekly-Low_2025.10.19__ep34,2025-10-31 12:00:00,INVALIDATED_NO_BREAK,PERIOD_H1,BUY,0.02216684387618127,1080000.0
Weekly-Low_2025.10.19__ep35,2025-10-31 13:00:00,INVALIDATED_NO_BREAK,PERIOD_H1,BUY,0.017472777783973797,1083600.0
Weekly-Low_2025.10.19__ep40,2025-10-31 16:00:00,INVALIDATED_NO_BREAK,PERIOD_H4,BUY,0.02804074400219931,1094400.0
Asia-High_2025.10.28__ep1,2025-10-28 00:00:00,INVALIDATED_NO_BREAK,PERIOD_D1,SELL,0.08951889372520319,0.0
Asia-Low_2025.10.28__ep1,2025-10-28 02:00:00,INVALIDATED_NO_BREAK,PERIOD_H1,BUY,0.05872818770596576,7200.0
Asia-Low_2025.10.28__ep2,2025-10-28 00:00:00,INVALIDATED_NO_BREAK,PERIOD_D1,BUY,0.00655598782789569,0.0
Asia-Low_2025.10.28__ep3,2025-10-28 13:00:00,INVALIDATED_NO_BREAK,PERIOD_H1,BUY,0.01887369567196972,46800.0
Asia-Low_2025.10.28__ep5,2025-10-28 14:00:00,INVALIDATED_NO_BREAK,PERIOD_H1,BUY,0.006295384935417562,50400.0
Asia-Low_2025.10.28__ep9,2025-10-28 16:00:00,TRUE_BREAK_OBSERVED,PERIOD_H1,BUY,0.06429166432975753,57600.0
Daily-Low_2025.10.27__ep2,2025-10-28 06:45:00,INVALIDATED_NO_BREAK,PERIOD_M15,BUY,0.05471153846153846,110700.0
Equal-Low_2025.10.28 20:55__ep1,2025-10-28 21:00:00,TRUE_BREAK_OBSERVED,PERIOD_M5,BUY,0.035315336525727645,
Equal-Low_2025.10.28 22:25__ep1,2025-10-28 22:30:00,TRUE_BREAK_OBSERVED,PERIOD_M5,BUY,0.005937675064604487,
Asia-Low_2025.10.29__ep4,2025-10-29 01:00:00,INVALIDATED_NO_BREAK,PERIOD_H1,BUY,0.053402103134811564,3600.0
Asia-Low_2025.10.29__ep5,2025-10-29 04:00:00,INVALIDATED_NO_BREAK,PERIOD_H4,BUY,0.11255737407670822,14400.0
Asia-Low_2025.10.29__ep7,2025-10-29 21:00:00,INVALIDATED_NO_BREAK,PERIOD_H1,BUY,0.12120817396126606,75600.0
Asia-Low_2025.10.29__ep8,2025-10-29 22:00:00,INVALIDATED_NO_BREAK,PERIOD_H1,BUY,0.007697446956722913,79200.0
Equal-High_2025.10.29 02:00__ep1,2025-10-29 02:15:00,INVALIDATED_NO_BREAK,PERIOD_M15,SELL,0.0069663572442990665,
Equal-Low_2025.10.29 03:00__ep1,2025-10-29 04:00:00,INVALIDATED_NO_BREAK,PERIOD_H1,BUY,0.011128182636855607,
Equal-High_2025.10.29 04:30__ep1,2025-10-29 04:45:00,INVALIDATED_NO_BREAK,PERIOD_M15,SELL,0.07648782477732027,
Equal-High_2025.10.29 05:00__ep1,2025-10-29 05:15:00,INVALIDATED_NO_BREAK,PERIOD_M15,SELL,0.03286735354129348,
Equal-High_2025.10.29 08:00__ep1,2025-10-29 08:15:00,INVALIDATED_NO_BREAK,PERIOD_M15,SELL,0.018729817007534986,
Daily-High_2025.10.28__ep1,2025-10-29 11:15:00,INVALIDATED_NO_BREAK,PERIOD_M15,SELL,0.03724304152916543,126900.0
Daily-High_2025.10.28__ep4,2025-10-29 13:30:00,INVALIDATED_NO_BREAK,PERIOD_M30,SELL,0.011915927055071848,135000.0
Daily-High_2025.10.28__ep6,2025-10-29 14:00:00,INVALIDATED_NO_BREAK,PERIOD_H1,SELL,0.015021760624756417,136800.0
Daily-High_2025.10.28__ep7,2025-10-29 15:15:00,INVALIDATED_NO_BREAK,PERIOD_M15,SELL,0.08578889794897272,141300.0
Daily-High_2025.10.28__ep12,2025-10-29 17:00:00,INVALIDATED_NO_BREAK,PERIOD_H1,SELL,0.06407850331081426,147600.0
Daily-High_2025.10.28__ep13,2025-10-29 20:00:00,INVALIDATED_NO_BREAK,PERIOD_H4,SELL,0.0560178383266783,158400.0
Asia-High_2025.10.30__ep1,2025-10-30 00:00:00,INVALIDATED_NO_BREAK,PERIOD_D1,SELL,0.053067191832222846,0.0
Asia-High_2025.10.30__ep2,2025-10-30 12:45:00,INVALIDATED_NO_BREAK,PERIOD_M15,SELL,0.001483143636354119,45900.0
Asia-High_2025.10.30__ep8,2025-10-30 15:00:00,INVALIDATED_NO_BREAK,PERIOD_H1,SELL,0.08299515059452467,54000.0
Daily-Low_2025.10.29__ep3,2025-10-30 01:00:00,INVALIDATED_NO_BREAK,PERIOD_H1,BUY,0.1025992929923061,90000.0
Daily-Low_2025.10.29__ep4,2025-10-30 04:00:00,INVALIDATED_NO_BREAK,PERIOD_H4,BUY,0.06572799033059862,100800.0
Daily-Low_2025.10.29__ep5,2025-10-30 05:15:00,INVALIDATED_NO_BREAK,PERIOD_M15,BUY,0.087562783233306,105300.0
Daily-Low_2025.10.29__ep8,2025-10-30 08:00:00,INVALIDATED_NO_BREAK,PERIOD_H4,BUY,0.09386671918544019,115200.0
Equal-High_2025.10.30 02:40__ep1,2025-10-30 02:45:00,INVALIDATED_NO_BREAK,PERIOD_M5,SELL,0.11802855988511887,
Daily-High_2025.10.30__ep1,2025-10-31 00:45:00,INVALIDATED_NO_BREAK,PERIOD_M15,SELL,0.04101069519470216,89100.0
Daily-High_2025.10.30__ep4,2025-10-31 04:00:00,TRUE_BREAK_OBSERVED,PERIOD_H1,SELL,0.03839929913054023,100800.0
Daily-High_2025.10.30__ep5,2025-10-31 15:00:00,INVALIDATED_NO_BREAK,PERIOD_H1,SELL,0.022617216830016232,140400.0
Daily-High_2025.10.30__ep8,2025-10-31 16:00:00,INVALIDATED_NO_BREAK,PERIOD_H1,SELL,0.05700359858721335,144000.0
Daily-High_2025.10.30__ep12,2025-10-31 20:00:00,INVALIDATED_NO_BREAK,PERIOD_H4,SELL,0.06933597255844108,158400.0
Asia-High_2025.10.31__ep1,2025-10-31 02:00:00,INVALIDATED_NO_BREAK,PERIOD_H1,SELL,0.0015262422085335257,7200.0
Equal-Low_2025.10.31 06:00__ep1,2025-10-31 06:15:00,INVALIDATED_NO_BREAK,PERIOD_M15,BUY,0.00474112543376739,
Equal-High_2025.10.31 08:25__ep1,2025-10-31 08:30:00,INVALIDATED_NO_BREAK,PERIOD_M5,SELL,0.03830800748394117,
Equal-High_2025.10.31 08:40__ep1,2025-10-31 08:45:00,INVALIDATED_NO_BREAK,PERIOD_M5,SELL,0.01813830059895823,
Asia-Low_2025.10.31__ep1,2025-10-31 19:45:00,INVALIDATED_NO_BREAK,PERIOD_M15,BUY,0.07784598282804386,71100.0
Asia-Low_2025.11.03__ep1,2025-11-03 00:00:00,INVALIDATED_NO_BREAK,PERIOD_D1,BUY,0.009466600178104,0.0
Asia-High_2025.11.03__ep1,2025-11-03 00:00:00,INVALIDATED_NO_BREAK,PERIOD_D1,SELL,0.028257389288560638,0.0
Asia-High_2025.11.03__ep3,2025-11-03 10:30:00,INVALIDATED_NO_BREAK,PERIOD_M30,SELL,0.10713044911444136,37800.0
Asia-High_2025.11.03__ep7,2025-11-03 12:00:00,INVALIDATED_NO_BREAK,PERIOD_H1,SELL,0.13755568213906133,43200.0
Asia-High_2025.11.03__ep8,2025-11-03 17:00:00,INVALIDATED_NO_BREAK,PERIOD_H1,SELL,0.01865656413718638,61200.0
Asia-High_2025.11.03__ep11,2025-11-03 20:00:00,INVALIDATED_NO_BREAK,PERIOD_H4,SELL,0.059842280861389145,72000.0
Daily-Low_2025.10.31__ep1,2025-11-03 02:45:00,INVALIDATED_NO_BREAK,PERIOD_M15,BUY,0.001739851590659317,269100.0
Daily-Low_2025.10.31__ep3,2025-11-03 03:30:00,INVALIDATED_NO_BREAK,PERIOD_M30,BUY,0.17341711770645857,271800.0
Equal-High_2025.11.03 05:25__ep1,2025-11-03 05:30:00,INVALIDATED_NO_BREAK,PERIOD_M5,SELL,0.010157420858359557,
Equal-Low_2025.11.03 05:30__ep1,2025-11-03 05:45:00,INVALIDATED_NO_BREAK,PERIOD_M15,BUY,0.00943493793806689,
Equal-Low_2025.11.03 07:15__ep1,2025-11-03 07:30:00,INVALIDATED_NO_BREAK,PERIOD_M15,BUY,0.02707423580786026,
Equal-Low_2025.11.03 04:00__ep1,2025-11-03 08:00:00,INVALIDATED_NO_BREAK,PERIOD_H4,BUY,0.025199478552645867,
Equal-High_2025.11.03 08:55__ep1,2025-11-03 09:00:00,INVALIDATED_NO_BREAK,PERIOD_M5,SELL,0.025627476882430642,
Equal-Low_2025.11.03 11:30__ep1,2025-11-03 12:00:00,INVALIDATED_NO_BREAK,PERIOD_M30,BUY,0.026526135486084648,
Equal-Low_2025.11.03 12:00__ep1,2025-11-03 12:30:00,INVALIDATED_NO_BREAK,PERIOD_M30,BUY,0.0024263425312683663,
Equal-Low_2025.11.03 12:00__ep2,2025-11-03 16:00:00,INVALIDATED_NO_BREAK,PERIOD_H4,BUY,0.03448976629409203,
Equal-Low_2025.11.03 18:00__ep1,2025-11-03 18:30:00,INVALIDATED_NO_BREAK,PERIOD_M30,BUY,0.004273504273504274,
Asia-High_2025.11.04__ep2,2025-11-04 11:00:00,INVALIDATED_NO_BREAK,PERIOD_H1,SELL,0.022615121656254285,39600.0
Asia-High_2025.11.04__ep6,2025-11-04 16:00:00,TRUE_BREAK_OBSERVED,PERIOD_H4,SELL,0.07585048604489433,57600.0
Equal-Low_2025.11.04 01:00__ep1,2025-11-04 01:30:00,INVALIDATED_NO_BREAK,PERIOD_M30,BUY,0.0060201127335572195,
Asia-Low_2025.11.04__ep1,2025-11-04 00:00:00,INVALIDATED_NO_BREAK,PERIOD_D1,BUY,0.028799375422076154,0.0
Equal-Low_2025.11.04 07:40__ep1,2025-11-04 07:45:00,INVALIDATED_NO_BREAK,PERIOD_M5,BUY,0.01205266304771673,
Equal-Low_2025.11.04 10:00__ep1,2025-11-04 10:30:00,INVALIDATED_NO_BREAK,PERIOD_M30,BUY,0.0444304516311272,
Equal-Low_2025.11.04 11:55__ep1,2025-11-04 12:00:00,INVALIDATED_NO_BREAK,PERIOD_M5,BUY,0.013093906881371823,
Equal-Low_2025.11.04 15:25__ep1,2025-11-04 15:30:00,INVALIDATED_NO_BREAK,PERIOD_M5,BUY,0.008461092388937842,
Daily-Low_2025.11.03__ep1,2025-11-04 17:45:00,INVALIDATED_NO_BREAK,PERIOD_M15,BUY,0.01751152073732719,150300.0
Daily-Low_2025.11.03__ep4,2025-11-04 19:00:00,INVALIDATED_NO_BREAK,PERIOD_H1,BUY,0.035625401693155846,154800.0
Asia-High_2025.11.05__ep1,2025-11-05 00:00:00,INVALIDATED_NO_BREAK,PERIOD_D1,SELL,0.051107016514689615,0.0
Asia-High_2025.11.05__ep2,2025-11-05 11:15:00,INVALIDATED_NO_BREAK,PERIOD_M15,SELL,0.044502736991761854,40500.0
Asia-High_2025.11.05__ep3,2025-11-05 11:30:00,INVALIDATED_NO_BREAK,PERIOD_M30,SELL,0.1273419440743136,41400.0
Asia-High_2025.11.05__ep5,2025-11-05 16:00:00,INVALIDATED_NO_BREAK,PERIOD_H1,SELL,0.01905490524645058,57600.0
Asia-High_2025.11.05__ep7,2025-11-05 17:00:00,INVALIDATED_NO_BREAK,PERIOD_H1,SELL,0.035661180800076527,61200.0
Asia-High_2025.11.05__ep8,2025-11-05 18:00:00,INVALIDATED_NO_BREAK,PERIOD_H1,SELL,0.0018513071256811271,64800.0
Equal-Low_2025.11.04 23:45__ep1,2025-11-05 01:00:00,INVALIDATED_NO_BREAK,PERIOD_M15,BUY,0.008472012102874432,
Asia-Low_2025.11.05__ep2,2025-11-05 00:00:00,INVALIDATED_NO_BREAK,PERIOD_D1,BUY,0.0014413437936456918,0.0
Equal-High_2025.11.05 03:45__ep1,2025-11-05 04:00:00,INVALIDATED_NO_BREAK,PERIOD_M15,SELL,0.07782950150536891,
Equal-High_2025.11.05 07:55__ep1,2025-11-05 08:00:00,INVALIDATED_NO_BREAK,PERIOD_M5,SELL,0.007265942203789334,
Equal-High_2025.11.05 09:55__ep1,2025-11-05 10:00:00,INVALIDATED_NO_BREAK,PERIOD_M5,SELL,0.039089397451972666,
Equal-Low_2025.11.05 12:10__ep1,2025-11-05 12:15:00,INVALIDATED_NO_BREAK,PERIOD_M5,BUY,0.0052086753885558605,
Equal-Low_2025.11.05 12:55__ep1,2025-11-05 13:00:00,INVALIDATED_NO_BREAK,PERIOD_M5,BUY,0.02298964991740316,
Equal-High_2025.11.05 18:30__ep1,2025-11-05 19:00:00,INVALIDATED_NO_BREAK,PERIOD_M30,SELL,0.0018248175182481751,
Equal-High_2025.11.05 20:25__ep1,2025-11-05 20:30:00,INVALIDATED_NO_BREAK,PERIOD_M5,SELL,0.026327404505083512,
Equal-High_2025.11.05 22:00__ep1,2025-11-05 22:30:00,INVALIDATED_NO_BREAK,PERIOD_M30,SELL,0.016935028929739818,
Asia-Low_2025.11.06__ep1,2025-11-06 00:00:00,INVALIDATED_NO_BREAK,PERIOD_D1,BUY,0.03518376596904065,0.0
Asia-High_2025.11.06__ep1,2025-11-06 04:00:00,INVALIDATED_NO_BREAK,PERIOD_H4,SELL,0.007054954007269573,14400.0
Asia-High_2025.11.06__ep2,2025-11-06 10:15:00,INVALIDATED_NO_BREAK,PERIOD_M15,SELL,0.004576357439143599,36900.0
Asia-High_2025.11.06__ep3,2025-11-06 12:15:00,INVALIDATED_NO_BREAK,PERIOD_M15,SELL,0.008448702295893434,44100.0
Asia-High_2025.11.06__ep5,2025-11-06 15:00:00,INVALIDATED_NO_BREAK,PERIOD_H1,SELL,0.038141489821697974,54000.0
Asia-High_2025.11.06__ep6,2025-11-06 16:15:00,INVALIDATED_NO_BREAK,PERIOD_M15,SELL,0.017139385629388784,58500.0
Daily-High_2025.11.05__ep1,2025-11-06 08:00:00,INVALIDATED_NO_BREAK,PERIOD_H4,SELL,0.010298248511341368,115200.0
Daily-High_2025.11.05__ep4,2025-11-06 18:00:00,INVALIDATED_NO_BREAK,PERIOD_H1,SELL,0.08276794378670317,151200.0
Daily-High_2025.11.05__ep7,2025-11-06 21:00:00,INVALIDATED_NO_BREAK,PERIOD_H1,SELL,0.019343432904528914,162000.0
Daily-High_2025.11.05__ep8,2025-11-06 21:45:00,INVALIDATED_NO_BREAK,PERIOD_M15,SELL,0.012217795484727755,164700.0
Asia-Low_2025.11.07__ep1,2025-11-07 00:00:00,INVALIDATED_NO_BREAK,PERIOD_D1,BUY,0.00818758449061033,0.0
Asia-Low_2025.11.07__ep2,2025-11-07 04:00:00,INVALIDATED_NO_BREAK,PERIOD_H4,BUY,0.10030157550810719,14400.0
Asia-High_2025.11.07__ep1,2025-11-07 00:00:00,INVALIDATED_NO_BREAK,PERIOD_D1,SELL,0.0275229459835877,0.0
Asia-High_2025.11.07__ep3,2025-11-07 11:00:00,INVALIDATED_NO_BREAK,PERIOD_H1,SELL,0.0019116547857321734,39600.0
Asia-High_2025.11.07__ep5,2025-11-07 12:00:00,INVALIDATED_NO_BREAK,PERIOD_H1,SELL,0.030643611911623438,43200.0
Asia-High_2025.11.07__ep9,2025-11-07 16:00:00,INVALIDATED_NO_BREAK,PERIOD_H4,SELL,0.0520796151527167,57600.0
Equal-High_2025.11.07 05:00__ep1,2025-11-07 06:00:00,INVALIDATED_NO_BREAK,PERIOD_H1,SELL,0.000529958958464088,
Equal-Low_2025.11.07 13:10__ep1,2025-11-07 13:15:00,INVALIDATED_NO_BREAK,PERIOD_M5,BUY,0.011532625189681336,
Equal-Low_2025.11.07 17:25__ep1,2025-11-07 17:30:00,INVALIDATED_NO_BREAK,PERIOD_M5,BUY,0.025626670018265123,
Daily-High_2025.11.06__ep1,2025-11-07 19:00:00,INVALIDATED_NO_BREAK,PERIOD_H1,SELL,0.08553840717574589,154800.0
Daily-High_2025.11.06__ep2,2025-11-07 20:00:00,INVALIDATED_NO_BREAK,PERIOD_H4,SELL,0.057694987462748835,158400.0
Equal-High_2025.11.07 20:55__ep1,2025-11-07 21:00:00,INVALIDATED_NO_BREAK,PERIOD_M5,SELL,0.05052895686743699,
Asia-Low_2025.11.10__ep1,2025-11-10 00:00:00,INVALIDATED_NO_BREAK,PERIOD_D1,BUY,0.015387033407468637,0.0
Asia-High_2025.11.10__ep2,2025-11-10 10:45:00,INVALIDATED_NO_BREAK,PERIOD_M15,SELL,0.001379160275280391,38700.0
Asia-High_2025.11.10__ep4,2025-11-10 12:00:00,INVALIDATED_NO_BREAK,PERIOD_H1,SELL,0.01906861298390562,43200.0
Asia-High_2025.11.10__ep7,2025-11-10 13:15:00,INVALIDATED_NO_BREAK,PERIOD_M15,SELL,0.016176966772510248,47700.0
Daily-High_2025.11.07__ep1,2025-11-10 03:15:00,INVALIDATED_NO_BREAK,PERIOD_M15,SELL,0.0045492839090143225,270900.0
Equal-High_2025.11.10 06:40__ep1,2025-11-10 06:45:00,INVALIDATED_NO_BREAK,PERIOD_M5,SELL,0.02172951411254336,
Equal-High_2025.11.10 11:40__ep1,2025-11-10 11:45:00,INVALIDATED_NO_BREAK,PERIOD_M5,SELL,0.05213345295064482,
Equal-Low_2025.11.10 13:10__ep1,2025-11-10 13:15:00,INVALIDATED_NO_BREAK,PERIOD_M5,BUY,0.06503360069369174,
Equal-High_2025.11.10 16:15__ep1,2025-11-10 16:30:00,INVALIDATED_NO_BREAK,PERIOD_M15,SELL,0.0009398069323292019,
Equal-High_2025.11.10 16:45__ep1,2025-11-10 17:00:00,INVALIDATED_NO_BREAK,PERIOD_M15,SELL,0.04014035087719299,
Equal-High_2025.11.10 17:45__ep1,2025-11-10 18:00:00,INVALIDATED_NO_BREAK,PERIOD_M15,SELL,0.02450822478337382,
Asia-Low_2025.11.11__ep1,2025-11-11 00:00:00,INVALIDATED_NO_BREAK,PERIOD_D1,BUY,0.10850312897800801,0.0
Asia-Low_2025.11.11__ep2,2025-11-11 21:15:00,INVALIDATED_NO_BREAK,PERIOD_M15,BUY,0.021661237785016288,76500.0
Equal-Low_2025.11.11 07:40__ep1,2025-11-11 07:45:00,INVALIDATED_NO_BREAK,PERIOD_M5,BUY,0.007414409905651633,
Equal-High_2025.11.11 13:40__ep1,2025-11-11 13:45:00,TRUE_BREAK_OBSERVED,PERIOD_M5,SELL,0.0728425286662,
Equal-High_2025.11.11 15:40__ep1,2025-11-11 15:45:00,TRUE_BREAK_OBSERVED,PERIOD_M5,SELL,0.06788732394366198,
Equal-Low_2025.11.11 16:30__ep1,2025-11-11 16:45:00,INVALIDATED_NO_BREAK,PERIOD_M15,BUY,0.1280911263332296,
Equal-Low_2025.11.11 16:30__ep2,2025-11-11 17:00:00,INVALIDATED_NO_BREAK,PERIOD_M30,BUY,0.002261713593255808,
Daily-High_2025.11.10__ep1,2025-11-11 17:30:00,INVALIDATED_NO_BREAK,PERIOD_M30,SELL,0.1529581910889912,149400.0
Daily-High_2025.11.10__ep2,2025-11-11 18:00:00,TRUE_BREAK_OBSERVED,PERIOD_H1,SELL,0.07847498014297061,151200.0
Daily-High_2025.11.10__ep5,2025-11-11 20:00:00,INVALIDATED_NO_BREAK,PERIOD_H1,SELL,0.017883355208749736,158400.0
Equal-Low_2025.11.11 22:00__ep1,2025-11-11 22:15:00,INVALIDATED_NO_BREAK,PERIOD_M15,BUY,0.05058811159539033,
Equal-Low_2025.11.11 22:30__ep1,2025-11-11 23:00:00,INVALIDATED_NO_BREAK,PERIOD_M30,BUY,0.04440022998947584,
Asia-Low_2025.11.12__ep1,2025-11-12 00:00:00,INVALIDATED_NO_BREAK,PERIOD_D1,BUY,0.011800749454257442,0.0
Equal-High_2025.11.12 03:25__ep1,2025-11-12 03:30:00,INVALIDATED_NO_BREAK,PERIOD_M5,SELL,0.02080624187256177,
Equal-Low_2025.11.12 03:40__ep1,2025-11-12 03:45:00,INVALIDATED_NO_BREAK,PERIOD_M5,BUY,0.13172805474919555,
Equal-High_2025.11.12 03:55__ep1,2025-11-12 04:00:00,INVALIDATED_NO_BREAK,PERIOD_M5,SELL,0.00748898678414097,
Equal-High_2025.11.12 04:25__ep1,2025-11-12 04:30:00,TRUE_BREAK_OBSERVED,PERIOD_M5,SELL,0.005946599536165237,
Equal-Low_2025.11.12 10:10__ep1,2025-11-12 10:15:00,TRUE_BREAK_OBSERVED,PERIOD_M5,BUY,0.14836679597876615,
Equal-Low_2025.11.12 11:30__ep1,2025-11-12 11:45:00,INVALIDATED_NO_BREAK,PERIOD_M15,BUY,0.006382773573144548,
Equal-Low_2025.11.12 14:00__ep1,2025-11-12 14:15:00,INVALIDATED_NO_BREAK,PERIOD_M15,BUY,0.08024130868051776,
Equal-Low_2025.11.12 15:15__ep1,2025-11-12 15:30:00,INVALIDATED_NO_BREAK,PERIOD_M15,BUY,0.026686656671664172,
Equal-High_2025.11.12 15:25__ep1,2025-11-12 15:30:00,INVALIDATED_NO_BREAK,PERIOD_M5,SELL,0.03602941176470588,
Equal-High_2025.11.13 01:10__ep1,2025-11-13 01:15:00,INVALIDATED_NO_BREAK,PERIOD_M5,SELL,0.02637398798894712,
Equal-Low_2025.11.13 01:30__ep1,2025-11-13 01:45:00,INVALIDATED_NO_BREAK,PERIOD_M15,BUY,0.005922793426291577,
Asia-High_2025.11.13__ep1,2025-11-13 02:00:00,INVALIDATED_NO_BREAK,PERIOD_H1,SELL,0.006431304733082989,7200.0
Asia-High_2025.11.13__ep2,2025-11-13 00:00:00,INVALIDATED_NO_BREAK,PERIOD_D1,SELL,0.011541032942270718,0.0
Equal-Low_2025.11.13 02:15__ep1,2025-11-13 02:30:00,INVALIDATED_NO_BREAK,PERIOD_M15,BUY,0.03353658536585366,
Equal-Low_2025.11.13 03:45__ep1,2025-11-13 04:00:00,INVALIDATED_NO_BREAK,PERIOD_M15,BUY,0.01763812725590054,
Equal-Low_2025.11.13 04:30__ep1,2025-11-13 04:45:00,INVALIDATED_NO_BREAK,PERIOD_M15,BUY,0.015346127265742398,
Equal-Low_2025.11.13 05:00__ep1,2025-11-13 05:15:00,INVALIDATED_NO_BREAK,PERIOD_M15,BUY,0.08753046284044629,
Daily-High_2025.11.12__ep1,2025-11-13 06:30:00,INVALIDATED_NO_BREAK,PERIOD_M30,SELL,0.017268229719976158,109800.0
Daily-High_2025.11.12__ep2,2025-11-13 07:00:00,INVALIDATED_NO_BREAK,PERIOD_H1,SELL,0.012095142481276171,111600.0
Daily-High_2025.11.12__ep3,2025-11-13 08:15:00,INVALIDATED_NO_BREAK,PERIOD_M15,SELL,0.06959619952494063,116100.0
Daily-High_2025.11.12__ep5,2025-11-13 09:00:00,INVALIDATED_NO_BREAK,PERIOD_H1,SELL,0.008114558472553698,118800.0
Daily-High_2025.11.12__ep10,2025-11-13 20:00:00,INVALIDATED_NO_BREAK,PERIOD_H4,SELL,0.029947955390334575,158400.0
Equal-Low_2025.11.13 13:40__ep1,2025-11-13 13:45:00,INVALIDATED_NO_BREAK,PERIOD_M5,BUY,0.09163265306122449,
Equal-High_2025.11.13 15:00__ep1,2025-11-13 15:15:00,INVALIDATED_NO_BREAK,PERIOD_M15,SELL,0.11189239622769459,
Equal-Low_2025.11.13 15:10__ep1,2025-11-13 15:15:00,INVALIDATED_NO_BREAK,PERIOD_M5,BUY,0.06688626608992114,
Equal-Low_2025.11.13 15:40__ep1,2025-11-13 15:45:00,INVALIDATED_NO_BREAK,PERIOD_M5,BUY,0.05031017118934144,
Equal-Low_2025.11.13 16:10__ep1,2025-11-13 16:15:00,INVALIDATED_NO_BREAK,PERIOD_M5,BUY,0.018965185713947053,
Equal-Low_2025.11.13 18:00__ep1,2025-11-13 18:15:00,INVALIDATED_NO_BREAK,PERIOD_M15,BUY,0.04437506333381241,
Asia-High_2025.11.14__ep1,2025-11-14 00:00:00,INVALIDATED_NO_BREAK,PERIOD_D1,SELL,0.05367500286934912,0.0
Asia-Low_2025.11.14__ep1,2025-11-14 02:00:00,INVALIDATED_NO_BREAK,PERIOD_H1,BUY,0.027344449817546516,7200.0
Asia-Low_2025.11.14__ep3,2025-11-14 00:00:00,INVALIDATED_NO_BREAK,PERIOD_D1,BUY,0.002026718762150675,0.0
Equal-Low_2025.11.14 10:55__ep1,2025-11-14 11:00:00,INVALIDATED_NO_BREAK,PERIOD_M5,BUY,0.04845265695849609,
Daily-Low_2025.11.13__ep1,2025-11-14 13:30:00,INVALIDATED_NO_BREAK,PERIOD_M30,BUY,0.023401958490004073,135000.0
Asia-Low_2025.11.17__ep2,2025-11-17 00:00:00,INVALIDATED_NO_BREAK,PERIOD_D1,BUY,0.0008452620494245049,0.0
Asia-Low_2025.11.17__ep3,2025-11-17 04:00:00,INVALIDATED_NO_BREAK,PERIOD_H4,BUY,0.024026959668835664,14400.0
Equal-High_2025.11.17 03:55__ep1,2025-11-17 04:00:00,INVALIDATED_NO_BREAK,PERIOD_M5,SELL,0.01946088277948789,
Equal-Low_2025.11.17 09:30__ep1,2025-11-17 09:45:00,INVALIDATED_NO_BREAK,PERIOD_M15,BUY,0.029931972789115642,
Equal-Low_2025.11.17 11:00__ep1,2025-11-17 11:15:00,INVALIDATED_NO_BREAK,PERIOD_M15,BUY,0.015928293717736155,
Equal-Low_2025.11.17 13:30__ep1,2025-11-17 13:45:00,INVALIDATED_NO_BREAK,PERIOD_M15,BUY,0.08754697871728655,
Equal-High_2025.11.17 15:00__ep1,2025-11-17 15:15:00,INVALIDATED_NO_BREAK,PERIOD_M15,SELL,0.06496,
Equal-High_2025.11.17 16:40__ep1,2025-11-17 16:45:00,INVALIDATED_NO_BREAK,PERIOD_M5,SELL,0.009572125969177754,
Equal-Low_2025.11.17 16:30__ep1,2025-11-17 17:00:00,INVALIDATED_NO_BREAK,PERIOD_M30,BUY,0.02318930756871633,
Equal-High_2025.11.17 17:25__ep1,2025-11-17 17:30:00,INVALIDATED_NO_BREAK,PERIOD_M5,SELL,0.028315784940960934,
Equal-High_2025.11.17 17:40__ep1,2025-11-17 17:45:00,INVALIDATED_NO_BREAK,PERIOD_M5,SELL,0.012956707052902505,
Equal-Low_2025.11.17 18:00__ep1,2025-11-17 18:15:00,INVALIDATED_NO_BREAK,PERIOD_M15,BUY,0.010162290960435642,
Daily-Low_2025.11.14__ep1,2025-11-17 23:00:00,INVALIDATED_NO_BREAK,PERIOD_H1,BUY,0.03776878858846072,342000.0
Asia-High_2025.11.18__ep1,2025-11-18 00:00:00,INVALIDATED_NO_BREAK,PERIOD_D1,SELL,0.06172335788685582,0.0
Asia-High_2025.11.18__ep3,2025-11-18 13:00:00,INVALIDATED_NO_BREAK,PERIOD_H1,SELL,0.0053176962087923725,46800.0
Asia-Low_2025.11.18__ep1,2025-11-18 01:15:00,INVALIDATED_NO_BREAK,PERIOD_M15,BUY,0.003478046138021044,4500.0
Asia-Low_2025.11.18__ep3,2025-11-18 00:00:00,INVALIDATED_NO_BREAK,PERIOD_D1,BUY,0.016869586781887994,0.0
Equal-High_2025.11.18 02:55__ep1,2025-11-18 03:00:00,INVALIDATED_NO_BREAK,PERIOD_M5,SELL,0.004505744019027113,
Daily-Low_2025.11.17__ep2,2025-11-18 07:00:00,INVALIDATED_NO_BREAK,PERIOD_H1,BUY,0.016193381835249942,111600.0
Daily-Low_2025.11.17__ep3,2025-11-18 08:00:00,INVALIDATED_NO_BREAK,PERIOD_H4,BUY,0.02642671822627212,115200.0
Weekly-Low_2025.11.09__ep1,2025-11-18 09:45:00,INVALIDATED_NO_BREAK,PERIOD_M15,BUY,0.1540056535698622,812700.0
Weekly-Low_2025.11.09__ep3,2025-11-18 12:00:00,INVALIDATED_NO_BREAK,PERIOD_H4,BUY,0.08940672103283592,820800.0
Weekly-Low_2025.11.09__ep4,2025-11-19 00:00:00,INVALIDATED_NO_BREAK,PERIOD_D1,BUY,0.07814868211065057,864000.0
Equal-High_2025.11.18 21:30__ep1,2025-11-18 22:00:00,INVALIDATED_NO_BREAK,PERIOD_M30,SELL,0.0047504245691958715,
Asia-High_2025.11.19__ep2,2025-11-19 00:00:00,INVALIDATED_NO_BREAK,PERIOD_H4,SELL,0.025475478994120313,0.0
Asia-High_2025.11.19__ep3,2025-11-19 11:45:00,INVALIDATED_NO_BREAK,PERIOD_M15,SELL,0.0015411427316498062,42300.0
Equal-Low_2025.11.19 03:25__ep1,2025-11-19 03:30:00,INVALIDATED_NO_BREAK,PERIOD_M5,BUY,0.009173384014319887,
Equal-High_2025.11.19 04:40__ep1,2025-11-19 04:45:00,INVALIDATED_NO_BREAK,PERIOD_M5,SELL,0.003562873184768508,
Daily-High_2025.11.18__ep1,2025-11-19 10:15:00,INVALIDATED_NO_BREAK,PERIOD_M15,SELL,0.0017565882192384246,123300.0
Daily-High_2025.11.18__ep2,2025-11-19 10:45:00,INVALIDATED_NO_BREAK,PERIOD_M15,SELL,0.009813962500597644,125100.0
Daily-High_2025.11.18__ep4,2025-11-19 19:00:00,INVALIDATED_NO_BREAK,PERIOD_H1,SELL,0.04061051854954537,154800.0
Daily-High_2025.11.18__ep5,2025-11-19 20:00:00,INVALIDATED_NO_BREAK,PERIOD_H4,SELL,0.008955717067280596,158400.0
Daily-High_2025.11.18__ep6,2025-11-19 20:30:00,INVALIDATED_NO_BREAK,PERIOD_M30,SELL,0.0035385458219568027,160200.0
Daily-High_2025.11.18__ep9,2025-11-19 21:30:00,INVALIDATED_NO_BREAK,PERIOD_M30,SELL,0.060922728895603726,163800.0
Equal-High_2025.11.19 14:40__ep1,2025-11-19 14:45:00,TRUE_BREAK_OBSERVED,PERIOD_M5,SELL,0.06982464956206214,
Equal-Low_2025.11.19 15:55__ep1,2025-11-19 16:00:00,INVALIDATED_NO_BREAK,PERIOD_M5,BUY,0.012817379683256913,
Equal-High_2025.11.19 16:10__ep1,2025-11-19 16:15:00,INVALIDATED_NO_BREAK,PERIOD_M5,SELL,0.001521738027726067,
Equal-Low_2025.11.19 16:25__ep1,2025-11-19 16:30:00,INVALIDATED_NO_BREAK,PERIOD_M5,BUY,0.01362740937772764,
Equal-Low_2025.11.19 17:40__ep1,2025-11-19 17:45:00,INVALIDATED_NO_BREAK,PERIOD_M5,BUY,0.010574239125553879,
Equal-High_2025.11.19 23:00__ep1,2025-11-20 01:00:00,INVALIDATED_NO_BREAK,PERIOD_H1,SELL,0.022148130270733583,
Asia-High_2025.11.20__ep2,2025-11-20 01:45:00,INVALIDATED_NO_BREAK,PERIOD_M15,SELL,0.028403141361256545,6300.0
Equal-Low_2025.11.20 01:45__ep1,2025-11-20 02:00:00,INVALIDATED_NO_BREAK,PERIOD_M15,BUY,0.047211255574980356,
Equal-Low_2025.11.20 02:45__ep1,2025-11-20 03:00:00,INVALIDATED_NO_BREAK,PERIOD_M15,BUY,0.02930418403027571,
Equal-High_2025.11.20 03:00__ep1,2025-11-20 04:00:00,TRUE_BREAK_OBSERVED,PERIOD_H1,SELL,0.0040202371078414244,
Daily-Low_2025.11.19__ep1,2025-11-20 04:45:00,INVALIDATED_NO_BREAK,PERIOD_M15,BUY,0.058329411831008135,103500.0
Daily-Low_2025.11.19__ep3,2025-11-20 08:00:00,INVALIDATED_NO_BREAK,PERIOD_H4,BUY,0.030342072230430246,115200.0
Daily-Low_2025.11.19__ep4,2025-11-20 10:00:00,INVALIDATED_NO_BREAK,PERIOD_H1,BUY,0.022285899364802346,122400.0
Daily-Low_2025.11.19__ep5,2025-11-20 11:00:00,INVALIDATED_NO_BREAK,PERIOD_H1,BUY,0.03830082548742302,126000.0
Daily-Low_2025.11.19__ep7,2025-11-20 13:15:00,INVALIDATED_NO_BREAK,PERIOD_M15,BUY,0.01663106870500035,134100.0
Daily-Low_2025.11.19__ep11,2025-11-20 16:00:00,INVALIDATED_NO_BREAK,PERIOD_H4,BUY,0.06445614668817994,144000.0
Daily-Low_2025.11.19__ep12,2025-11-20 19:30:00,INVALIDATED_NO_BREAK,PERIOD_M30,BUY,0.004066892690639718,156600.0
Daily-Low_2025.11.19__ep13,2025-11-20 20:00:00,INVALIDATED_NO_BREAK,PERIOD_H1,BUY,0.0464271180223194,158400.0
Equal-High_2025.11.20 05:00__ep1,2025-11-20 06:00:00,INVALIDATED_NO_BREAK,PERIOD_H1,SELL,0.041703022611654934,
Equal-Low_2025.11.20 07:30__ep1,2025-11-20 07:45:00,INVALIDATED_NO_BREAK,PERIOD_M15,BUY,0.023049981956348973,
Equal-High_2025.11.20 14:15__ep1,2025-11-20 14:30:00,INVALIDATED_NO_BREAK,PERIOD_M15,SELL,0.04856711182999822,
Equal-High_2025.11.20 14:30__ep1,2025-11-20 14:45:00,INVALIDATED_NO_BREAK,PERIOD_M15,SELL,0.010939188940371672,
Equal-High_2025.11.20 15:00__ep1,2025-11-20 16:00:00,INVALIDATED_NO_BREAK,PERIOD_H1,SELL,0.010456390107194865,
Equal-High_2025.11.20 17:00__ep1,2025-11-20 18:00:00,INVALIDATED_NO_BREAK,PERIOD_H1,SELL,0.05376098856449747,
Equal-High_2025.11.20 17:45__ep1,2025-11-20 18:00:00,INVALIDATED_NO_BREAK,PERIOD_M15,SELL,0.05103993017145786,
Equal-Low_2025.11.20 18:10__ep1,2025-11-20 18:15:00,INVALIDATED_NO_BREAK,PERIOD_M5,BUY,0.0009525250910984415,
Asia-Low_2025.11.21__ep1,2025-11-21 00:00:00,INVALIDATED_NO_BREAK,PERIOD_D1,BUY,0.04160055590943309,0.0
Asia-Low_2025.11.21__ep2,2025-11-21 10:15:00,INVALIDATED_NO_BREAK,PERIOD_M15,BUY,0.11900043510745409,36900.0
Equal-Low_2025.11.21 02:15__ep1,2025-11-21 02:30:00,INVALIDATED_NO_BREAK,PERIOD_M15,BUY,0.02584934484835482,
Equal-Low_2025.11.21 04:25__ep1,2025-11-21 04:30:00,INVALIDATED_NO_BREAK,PERIOD_M5,BUY,0.011759771390044176,
Asia-High_2025.11.21__ep1,2025-11-21 04:00:00,INVALIDATED_NO_BREAK,PERIOD_H4,SELL,0.04519730751663128,14400.0
Asia-High_2025.11.21__ep2,2025-11-21 00:00:00,INVALIDATED_NO_BREAK,PERIOD_D1,SELL,0.004632578609068273,0.0
Asia-High_2025.11.21__ep7,2025-11-21 20:30:00,INVALIDATED_NO_BREAK,PERIOD_M30,SELL,0.007954183900731784,73800.0
Equal-Low_2025.11.21 07:00__ep1,2025-11-21 08:00:00,INVALIDATED_NO_BREAK,PERIOD_H1,BUY,0.09176378556916823,
Equal-High_2025.11.21 08:10__ep1,2025-11-21 08:15:00,INVALIDATED_NO_BREAK,PERIOD_M5,SELL,0.09714419873899685,
Daily-Low_2025.11.20__ep3,2025-11-21 12:00:00,INVALIDATED_NO_BREAK,PERIOD_H4,BUY,0.02891655367928017,129600.0
Daily-Low_2025.11.20__ep6,2025-11-21 13:30:00,INVALIDATED_NO_BREAK,PERIOD_M30,BUY,0.00299662911104041,135000.0
Daily-Low_2025.11.20__ep8,2025-11-21 14:30:00,TRUE_BREAK_OBSERVED,PERIOD_M30,BUY,0.03878767515445586,138600.0
Daily-Low_2025.11.20__ep10,2025-11-21 16:00:00,INVALIDATED_NO_BREAK,PERIOD_H4,BUY,0.09928818754943142,144000.0
Equal-Low_2025.11.21 11:00__ep2,2025-11-21 12:00:00,INVALIDATED_NO_BREAK,PERIOD_H1,BUY,0.050539315674517984,
Equal-High_2025.11.21 11:25__ep1,2025-11-21 11:30:00,INVALIDATED_NO_BREAK,PERIOD_M5,SELL,0.013129241537298364,
Equal-High_2025.11.21 15:00__ep1,2025-11-21 15:15:00,INVALIDATED_NO_BREAK,PERIOD_M15,SELL,0.026143417067157945,
Equal-High_2025.11.21 17:30__ep1,2025-11-21 17:45:00,INVALIDATED_NO_BREAK,PERIOD_M15,SELL,0.011482083880691203,
Equal-High_2025.11.21 21:40__ep1,2025-11-21 21:45:00,TRUE_BREAK_OBSERVED,PERIOD_M5,SELL,0.07800269905533062,
Asia-Low_2025.11.24__ep1,2025-11-24 00:00:00,INVALIDATED_NO_BREAK,PERIOD_D1,BUY,0.04726348659228541,0.0
Asia-High_2025.11.24__ep1,2025-11-24 00:00:00,INVALIDATED_NO_BREAK,PERIOD_H4,SELL,0.03564658939520937,0.0
Asia-High_2025.11.24__ep2,2025-11-24 04:00:00,INVALIDATED_NO_BREAK,PERIOD_H4,SELL,0.07951506061742283,14400.0
Asia-High_2025.11.24__ep5,2025-11-24 13:00:00,INVALIDATED_NO_BREAK,PERIOD_H1,SELL,0.07593647149782183,46800.0
Asia-High_2025.11.24__ep6,2025-11-24 16:30:00,INVALIDATED_NO_BREAK,PERIOD_M30,SELL,0.004602381622909341,59400.0
Equal-High_2025.11.24 02:00__ep1,2025-11-24 02:30:00,INVALIDATED_NO_BREAK,PERIOD_M30,SELL,0.013435288251594811,
Equal-Low_2025.11.24 03:00__ep1,2025-11-24 03:15:00,INVALIDATED_NO_BREAK,PERIOD_M15,BUY,0.001055647396879084,
Equal-Low_2025.11.24 04:00__ep1,2025-11-24 05:00:00,INVALIDATED_NO_BREAK,PERIOD_H1,BUY,0.010450867052023121,
Equal-Low_2025.11.24 07:00__ep1,2025-11-24 08:00:00,INVALIDATED_NO_BREAK,PERIOD_H1,BUY,0.026593649563372453,
Equal-High_2025.11.24 08:10__ep1,2025-11-24 08:15:00,INVALIDATED_NO_BREAK,PERIOD_M5,SELL,0.04151005881725821,
Equal-High_2025.11.24 09:30__ep1,2025-11-24 10:00:00,INVALIDATED_NO_BREAK,PERIOD_M30,SELL,0.044886363636363634,
Equal-High_2025.11.24 10:00__ep1,2025-11-24 10:30:00,INVALIDATED_NO_BREAK,PERIOD_M30,SELL,0.0185501066098081,
Equal-High_2025.11.24 10:30__ep1,2025-11-24 11:00:00,INVALIDATED_NO_BREAK,PERIOD_M30,SELL,0.015422960623042575,
Equal-Low_2025.11.24 14:10__ep1,2025-11-24 14:15:00,INVALIDATED_NO_BREAK,PERIOD_M5,BUY,0.06444929595049216,
Equal-High_2025.11.24 15:30__ep1,2025-11-24 15:45:00,INVALIDATED_NO_BREAK,PERIOD_M15,SELL,0.003379047753624413,
Weekly-High_2025.11.16__ep1,2025-11-24 22:45:00,INVALIDATED_NO_BREAK,PERIOD_M15,SELL,0.019657410647239904,773100.0
Weekly-High_2025.11.16__ep5,2025-11-25 01:15:00,INVALIDATED_NO_BREAK,PERIOD_M15,SELL,0.05571854666500085,782100.0
Weekly-High_2025.11.16__ep6,2025-11-25 01:30:00,INVALIDATED_NO_BREAK,PERIOD_M30,SELL,0.017110067814293164,783000.0
Weekly-High_2025.11.16__ep10,2025-11-25 10:00:00,INVALIDATED_NO_BREAK,PERIOD_H1,SELL,0.0024589063162998377,813600.0
Weekly-High_2025.11.16__ep13,2025-11-25 12:00:00,INVALIDATED_NO_BREAK,PERIOD_H4,SELL,0.012653068948210817,820800.0
Weekly-High_2025.11.16__ep16,2025-11-25 13:00:00,INVALIDATED_NO_BREAK,PERIOD_H1,SELL,0.009509144310140107,824400.0
Weekly-High_2025.11.16__ep17,2025-11-25 13:30:00,INVALIDATED_NO_BREAK,PERIOD_M30,SELL,0.004504268483817266,826200.0
Weekly-High_2025.11.16__ep21,2025-11-25 15:00:00,INVALIDATED_NO_BREAK,PERIOD_H1,SELL,0.018200186060010195,831600.0
Weekly-High_2025.11.16__ep23,2025-11-25 17:00:00,INVALIDATED_NO_BREAK,PERIOD_H1,SELL,0.042481833426495245,838800.0
Weekly-High_2025.11.16__ep28,2025-11-25 21:45:00,INVALIDATED_NO_BREAK,PERIOD_M15,SELL,0.006959498003422704,855900.0
Weekly-High_2025.11.16__ep29,2025-11-25 22:30:00,INVALIDATED_NO_BREAK,PERIOD_M30,SELL,0.003975100581511349,858600.0
Weekly-High_2025.11.16__ep31,2025-11-26 00:00:00,INVALIDATED_NO_BREAK,PERIOD_D1,SELL,0.0024892020913844055,864000.0
Daily-High_2025.11.24__ep1,2025-11-25 02:15:00,INVALIDATED_NO_BREAK,PERIOD_M15,SELL,0.05277632012221252,94500.0
Daily-High_2025.11.24__ep2,2025-11-25 02:30:00,INVALIDATED_NO_BREAK,PERIOD_M30,SELL,0.04236107557329604,95400.0
Daily-High_2025.11.24__ep3,2025-11-25 04:00:00,INVALIDATED_NO_BREAK,PERIOD_H4,SELL,0.014909142938903993,100800.0
Daily-High_2025.11.24__ep5,2025-11-25 08:45:00,INVALIDATED_NO_BREAK,PERIOD_M15,SELL,0.0016611295681063125,117900.0
Daily-High_2025.11.24__ep7,2025-11-25 16:30:00,INVALIDATED_NO_BREAK,PERIOD_M30,SELL,0.04635383810595606,145800.0
Daily-High_2025.11.24__ep8,2025-11-25 19:00:00,INVALIDATED_NO_BREAK,PERIOD_H1,SELL,0.020847917856925184,154800.0
Daily-High_2025.11.24__ep10,2025-11-25 21:00:00,INVALIDATED_NO_BREAK,PERIOD_H1,SELL,0.02933363924128542,162000.0
Equal-High_2025.11.25 08:10__ep1,2025-11-25 08:15:00,INVALIDATED_NO_BREAK,PERIOD_M5,SELL,0.02642410449662081,
Asia-Low_2025.11.25__ep1,2025-11-25 00:00:00,INVALIDATED_NO_BREAK,PERIOD_D1,BUY,0.10515321738540705,0.0
Asia-Low_2025.11.25__ep2,2025-11-25 11:15:00,INVALIDATED_NO_BREAK,PERIOD_M15,BUY,0.05038206398522126,40500.0
Asia-Low_2025.11.25__ep6,2025-11-25 15:00:00,TRUE_BREAK_OBSERVED,PERIOD_M15,BUY,0.0901330074176036,54000.0
Asia-Low_2025.11.25__ep10,2025-11-25 18:00:00,INVALIDATED_NO_BREAK,PERIOD_M15,BUY,0.004685979719079776,64800.0
Asia-Low_2025.11.25__ep13,2025-11-25 20:00:00,INVALIDATED_NO_BREAK,PERIOD_H4,BUY,0.06644086931978549,72000.0
Asia-High_2025.11.25__ep1,2025-11-25 19:45:00,INVALIDATED_NO_BREAK,PERIOD_M15,SELL,0.030753150138526468,71100.0
Equal-High_2025.11.26 03:00__ep1,2025-11-26 04:00:00,INVALIDATED_NO_BREAK,PERIOD_H1,SELL,0.02322775057867531,
Asia-Low_2025.11.26__ep1,2025-11-26 04:00:00,INVALIDATED_NO_BREAK,PERIOD_H4,BUY,0.05741176470588236,14400.0
Daily-High_2025.11.25__ep2,2025-11-26 08:15:00,INVALIDATED_NO_BREAK,PERIOD_M15,SELL,0.034908607073470745,116100.0
Daily-High_2025.11.25__ep5,2025-11-26 10:00:00,INVALIDATED_NO_BREAK,PERIOD_H1,SELL,0.015172886613580296,122400.0
Daily-High_2025.11.25__ep6,2025-11-26 10:45:00,INVALIDATED_NO_BREAK,PERIOD_M15,SELL,0.019741476393232264,125100.0
Daily-High_2025.11.25__ep9,2025-11-26 14:45:00,INVALIDATED_NO_BREAK,PERIOD_M15,SELL,0.016233377875443853,139500.0
Daily-High_2025.11.25__ep10,2025-11-26 15:00:00,TRUE_BREAK_OBSERVED,PERIOD_H1,SELL,0.03149923084180135,140400.0
Daily-High_2025.11.25__ep12,2025-11-26 16:00:00,INVALIDATED_NO_BREAK,PERIOD_H1,SELL,0.04371315618570646,144000.0
Equal-High_2025.11.26 12:10__ep1,2025-11-26 12:15:00,INVALIDATED_NO_BREAK,PERIOD_M5,SELL,0.039711519369461844,
Asia-High_2025.11.26__ep3,2025-11-26 20:00:00,INVALIDATED_NO_BREAK,PERIOD_H1,SELL,0.014759688396931432,72000.0
Equal-Low_2025.11.26 14:45__ep1,2025-11-26 15:00:00,INVALIDATED_NO_BREAK,PERIOD_M15,BUY,0.006572774581766138,
Equal-Low_2025.11.26 15:00__ep1,2025-11-26 15:15:00,INVALIDATED_NO_BREAK,PERIOD_M15,BUY,0.07237698198651199,
Equal-Low_2025.11.26 17:15__ep1,2025-11-26 17:30:00,INVALIDATED_NO_BREAK,PERIOD_M15,BUY,0.017863154495675056,
Equal-High_2025.11.26 19:00__ep1,2025-11-26 19:15:00,INVALIDATED_NO_BREAK,PERIOD_M15,SELL,0.00950971331871926,
Asia-Low_2025.11.27__ep1,2025-11-27 00:00:00,INVALIDATED_NO_BREAK,PERIOD_D1,BUY,0.03586478357048721,0.0
Asia-High_2025.11.27__ep2,2025-11-27 11:00:00,INVALIDATED_NO_BREAK,PERIOD_H1,SELL,0.01309851403412218,39600.0
Equal-Low_2025.11.27 06:15__ep1,2025-11-27 06:30:00,INVALIDATED_NO_BREAK,PERIOD_M15,BUY,0.02272670778780357,
Asia-Low_2025.11.28__ep2,2025-11-28 00:00:00,INVALIDATED_NO_BREAK,PERIOD_D1,BUY,0.00653498380978293,0.0
Daily-High_2025.11.27__ep1,2025-11-28 11:30:00,INVALIDATED_NO_BREAK,PERIOD_M30,SELL,0.09009380978243033,127800.0
Daily-High_2025.11.27__ep2,2025-11-28 12:00:00,INVALIDATED_NO_BREAK,PERIOD_H1,SELL,0.01617889066420569,129600.0
Daily-High_2025.11.27__ep3,2025-11-28 12:45:00,INVALIDATED_NO_BREAK,PERIOD_M15,SELL,0.024987893462469737,132300.0
Asia-High_2025.11.28__ep1,2025-11-28 17:15:00,INVALIDATED_NO_BREAK,PERIOD_M15,SELL,0.04839096821727417,62100.0
Asia-Low_2025.12.01__ep1,2025-12-01 00:00:00,INVALIDATED_NO_BREAK,PERIOD_D1,BUY,0.06963573663121166,0.0
Weekly-High_2025.11.23__ep3,2025-12-01 02:00:00,INVALIDATED_NO_BREAK,PERIOD_H1,SELL,0.02941596227278195,698400.0
Weekly-High_2025.11.23__ep7,2025-12-01 19:00:00,INVALIDATED_NO_BREAK,PERIOD_H1,SELL,0.002843193063092874,759600.0
Weekly-High_2025.11.23__ep9,2025-12-02 03:30:00,INVALIDATED_NO_BREAK,PERIOD_M30,SELL,0.1280288020246968,790200.0
Weekly-High_2025.11.23__ep14,2025-12-03 00:00:00,INVALIDATED_NO_BREAK,PERIOD_D1,SELL,0.026417936272002288,864000.0
Weekly-High_2025.11.23__ep19,2025-12-03 06:00:00,INVALIDATED_NO_BREAK,PERIOD_H1,SELL,0.03510222106472962,885600.0
Weekly-High_2025.11.23__ep20,2025-12-03 08:00:00,INVALIDATED_NO_BREAK,PERIOD_H4,SELL,0.05761065742295032,892800.0
Weekly-High_2025.11.23__ep21,2025-12-03 16:15:00,INVALIDATED_NO_BREAK,PERIOD_M15,SELL,0.002603197246858592,922500.0
Weekly-High_2025.11.23__ep22,2025-12-03 16:30:00,INVALIDATED_NO_BREAK,PERIOD_M30,SELL,0.022897449810092244,923400.0
Weekly-High_2025.11.23__ep23,2025-12-03 17:00:00,INVALIDATED_NO_BREAK,PERIOD_H1,SELL,0.10634231516887606,925200.0
Weekly-High_2025.11.23__ep25,2025-12-03 20:00:00,INVALIDATED_NO_BREAK,PERIOD_H4,SELL,0.049128334231395086,936000.0
Weekly-High_2025.11.23__ep26,2025-12-04 00:00:00,INVALIDATED_NO_BREAK,PERIOD_D1,SELL,0.030968433950421242,950400.0
Weekly-High_2025.11.23__ep27,2025-12-05 09:00:00,INVALIDATED_NO_BREAK,PERIOD_H1,SELL,0.024021578240568102,1069200.0
Weekly-High_2025.11.23__ep32,2025-12-05 12:00:00,INVALIDATED_NO_BREAK,PERIOD_H4,SELL,0.013848809514541862,1080000.0
Asia-High_2025.12.01__ep2,2025-12-01 00:00:00,INVALIDATED_NO_BREAK,PERIOD_H4,SELL,0.02108303249097473,0.0
Asia-High_2025.12.01__ep4,2025-12-01 13:00:00,INVALIDATED_NO_BREAK,PERIOD_H1,SELL,0.006679502248179836,46800.0
Asia-High_2025.12.01__ep7,2025-12-01 14:00:00,INVALIDATED_NO_BREAK,PERIOD_H1,SELL,0.012231785133104607,50400.0
Asia-High_2025.12.01__ep8,2025-12-01 16:00:00,INVALIDATED_NO_BREAK,PERIOD_H1,SELL,0.05570084041858793,57600.0
Monthly-High_2025.11.01__ep1,2025-12-01 04:30:00,INVALIDATED_NO_BREAK,PERIOD_M30,SELL,0.0351931330472103,2608200.0
Monthly-High_2025.11.01__ep5,2025-12-01 08:00:00,INVALIDATED_NO_BREAK,PERIOD_H1,SELL,0.08475456242127312,2620800.0
Monthly-High_2025.11.01__ep7,2025-12-01 11:00:00,INVALIDATED_NO_BREAK,PERIOD_H1,SELL,0.002704147298930826,2631600.0
Monthly-High_2025.11.01__ep11,2025-12-02 00:00:00,INVALIDATED_NO_BREAK,PERIOD_D1,SELL,0.01567236568304203,2678400.0
Monthly-High_2025.11.01__ep12,2025-12-05 17:00:00,INVALIDATED_NO_BREAK,PERIOD_H1,SELL,0.03380429094714808,2998800.0
Monthly-High_2025.11.01__ep13,2025-12-05 18:00:00,INVALIDATED_NO_BREAK,PERIOD_H1,SELL,0.013048139185157789,3002400.0
Monthly-High_2025.11.01__ep17,2025-12-05 20:00:00,INVALIDATED_NO_BREAK,PERIOD_H4,SELL,0.10180147058823528,3009600.0
Monthly-High_2025.11.01__ep18,2025-12-08 00:00:00,INVALIDATED_NO_BREAK,PERIOD_D1,SELL,0.0727108179521085,3196800.0
Monthly-High_2025.11.01__ep21,2025-12-11 04:00:00,INVALIDATED_NO_BREAK,PERIOD_H1,SELL,0.048772242935902814,3470400.0
Equal-Low_2025.12.01 16:00__ep1,2025-12-01 16:15:00,INVALIDATED_NO_BREAK,PERIOD_M15,BUY,0.04193179012766865,
Equal-Low_2025.12.01 16:15__ep1,2025-12-01 16:30:00,INVALIDATED_NO_BREAK,PERIOD_M15,BUY,0.03304696678658342,
Equal-Low_2025.12.01 21:55__ep1,2025-12-01 22:00:00,INVALIDATED_NO_BREAK,PERIOD_M5,BUY,0.02285811239121777,
Equal-Low_2025.12.01 22:10__ep1,2025-12-01 22:15:00,INVALIDATED_NO_BREAK,PERIOD_M5,BUY,0.04867873737091007,
Equal-Low_2025.12.01 22:25__ep1,2025-12-01 22:30:00,INVALIDATED_NO_BREAK,PERIOD_M5,BUY,0.03820754716981132,
Equal-High_2025.12.01 22:40__ep1,2025-12-01 22:45:00,INVALIDATED_NO_BREAK,PERIOD_M5,SELL,0.00023403528315928913,
Equal-Low_2025.12.01 22:55__ep1,2025-12-01 23:00:00,INVALIDATED_NO_BREAK,PERIOD_M5,BUY,0.0356493529642437,
Daily-Low_2025.12.01__ep1,2025-12-02 03:30:00,INVALIDATED_NO_BREAK,PERIOD_M15,BUY,0.1043040449840603,99000.0
Daily-Low_2025.12.01__ep2,2025-12-02 08:45:00,INVALIDATED_NO_BREAK,PERIOD_M15,BUY,0.061238938053097346,117900.0
Daily-Low_2025.12.01__ep4,2025-12-02 11:15:00,INVALIDATED_NO_BREAK,PERIOD_M15,BUY,0.03207231276684017,126900.0
Daily-Low_2025.12.01__ep6,2025-12-02 16:00:00,INVALIDATED_NO_BREAK,PERIOD_H1,BUY,0.04474579091036553,144000.0
Daily-Low_2025.12.01__ep8,2025-12-02 22:45:00,INVALIDATED_NO_BREAK,PERIOD_M15,BUY,0.06726002469928699,168300.0
Asia-Low_2025.12.02__ep1,2025-12-02 12:00:00,INVALIDATED_NO_BREAK,PERIOD_H1,BUY,0.0053303932006626515,43200.0
Asia-Low_2025.12.02__ep2,2025-12-02 13:30:00,INVALIDATED_NO_BREAK,PERIOD_M30,BUY,0.05137783092305485,48600.0
Asia-Low_2025.12.02__ep6,2025-12-02 20:00:00,INVALIDATED_NO_BREAK,PERIOD_H1,BUY,0.014067855611943444,72000.0
Asia-Low_2025.12.02__ep8,2025-12-02 21:15:00,INVALIDATED_NO_BREAK,PERIOD_M15,BUY,0.06580999810995507,76500.0
Asia-Low_2025.12.02__ep9,2025-12-02 21:30:00,INVALIDATED_NO_BREAK,PERIOD_M30,BUY,0.044661935809762375,77400.0
Asia-High_2025.12.02__ep1,2025-12-02 16:30:00,INVALIDATED_NO_BREAK,PERIOD_M30,SELL,0.017256637168141593,59400.0
Equal-Low_2025.12.02 17:30__ep1,2025-12-02 17:45:00,INVALIDATED_NO_BREAK,PERIOD_M15,BUY,0.07653348125358601,
Equal-Low_2025.12.02 18:30__ep1,2025-12-02 18:45:00,INVALIDATED_NO_BREAK,PERIOD_M15,BUY,0.0403549335093125,
Asia-Low_2025.12.03__ep1,2025-12-03 00:00:00,INVALIDATED_NO_BREAK,PERIOD_H4,BUY,0.0431213351375733,0.0
Asia-Low_2025.12.03__ep2,2025-12-03 04:00:00,INVALIDATED_NO_BREAK,PERIOD_H4,BUY,0.034798277469688575,14400.0
Asia-Low_2025.12.03__ep3,2025-12-03 12:00:00,INVALIDATED_NO_BREAK,PERIOD_H1,BUY,0.018897317991092875,43200.0
Asia-Low_2025.12.03__ep6,2025-12-03 13:00:00,INVALIDATED_NO_BREAK,PERIOD_H1,BUY,0.0030898876404494386,46800.0
Asia-Low_2025.12.03__ep10,2025-12-03 19:00:00,INVALIDATED_NO_BREAK,PERIOD_H1,BUY,0.004779478726798537,68400.0
Asia-Low_2025.12.03__ep11,2025-12-03 20:30:00,INVALIDATED_NO_BREAK,PERIOD_M30,BUY,0.01041230786851598,73800.0
Asia-Low_2025.12.03__ep13,2025-12-03 21:30:00,INVALIDATED_NO_BREAK,PERIOD_M30,BUY,0.03729928284500746,77400.0
Equal-High_2025.12.03 03:45__ep1,2025-12-03 04:00:00,INVALIDATED_NO_BREAK,PERIOD_M15,SELL,0.02608483750175901,
Equal-Low_2025.12.03 09:30__ep1,2025-12-03 09:45:00,INVALIDATED_NO_BREAK,PERIOD_M15,BUY,0.06400525322654725,
Asia-Low_2025.12.04__ep1,2025-12-04 00:00:00,INVALIDATED_NO_BREAK,PERIOD_H4,BUY,0.009563880706105745,0.0
Daily-Low_2025.12.03__ep1,2025-12-04 05:45:00,INVALIDATED_NO_BREAK,PERIOD_M15,BUY,0.03650306748466258,107100.0
Daily-Low_2025.12.03__ep5,2025-12-04 07:00:00,INVALIDATED_NO_BREAK,PERIOD_H1,BUY,0.015632003922697736,111600.0
Daily-Low_2025.12.03__ep7,2025-12-04 11:45:00,INVALIDATED_NO_BREAK,PERIOD_M15,BUY,0.036394849785407725,128700.0
Daily-Low_2025.12.03__ep8,2025-12-04 12:00:00,TRUE_BREAK_OBSERVED,PERIOD_H1,BUY,0.044062230214905844,129600.0
Daily-Low_2025.12.03__ep11,2025-12-04 16:00:00,INVALIDATED_NO_BREAK,PERIOD_H1,BUY,0.03041143866764843,144000.0
Daily-Low_2025.12.03__ep15,2025-12-04 17:30:00,INVALIDATED_NO_BREAK,PERIOD_M30,BUY,0.11521242865554546,149400.0
Daily-Low_2025.12.03__ep17,2025-12-04 20:00:00,INVALIDATED_NO_BREAK,PERIOD_H4,BUY,0.07360623760672652,158400.0
Equal-Low_2025.12.04 11:00__ep1,2025-12-04 11:15:00,INVALIDATED_NO_BREAK,PERIOD_M15,BUY,0.0454262821648684,
Equal-High_2025.12.04 12:15__ep1,2025-12-04 12:30:00,INVALIDATED_NO_BREAK,PERIOD_M15,SELL,0.001253999362251753,
Equal-High_2025.12.04 14:15__ep1,2025-12-04 14:30:00,INVALIDATED_NO_BREAK,PERIOD_M15,SELL,0.08239285114866823,
Equal-Low_2025.12.04 15:00__ep1,2025-12-04 15:15:00,INVALIDATED_NO_BREAK,PERIOD_M15,BUY,0.015588628358342281,
Equal-High_2025.12.04 16:55__ep1,2025-12-04 17:00:00,INVALIDATED_NO_BREAK,PERIOD_M5,SELL,0.009168202742740232,
Asia-High_2025.12.04__ep2,2025-12-04 19:00:00,INVALIDATED_NO_BREAK,PERIOD_H1,SELL,0.00924387351100953,68400.0
Asia-High_2025.12.04__ep8,2025-12-04 21:00:00,INVALIDATED_NO_BREAK,PERIOD_H1,SELL,0.06674909339379632,75600.0
Asia-High_2025.12.05__ep1,2025-12-05 00:00:00,INVALIDATED_NO_BREAK,PERIOD_D1,SELL,0.002446206115515289,0.0
Asia-Low_2025.12.05__ep1,2025-12-05 00:00:00,INVALIDATED_NO_BREAK,PERIOD_D1,BUY,0.04549641374103436,0.0
Asia-Low_2025.12.05__ep2,2025-12-05 23:30:00,INVALIDATED_NO_BREAK,PERIOD_M30,BUY,0.018000639022685304,84600.0
Daily-High_2025.12.04__ep1,2025-12-05 19:45:00,INVALIDATED_NO_BREAK,PERIOD_M15,SELL,0.03940762038189567,157500.0
Daily-High_2025.12.04__ep2,2025-12-05 20:00:00,INVALIDATED_NO_BREAK,PERIOD_H1,SELL,0.01403044086020707,158400.0
Equal-High_2025.12.05 21:30__ep1,2025-12-05 22:00:00,INVALIDATED_NO_BREAK,PERIOD_M30,SELL,0.021070240519987994,
Equal-Low_2025.12.08 01:00__ep1,2025-12-08 02:00:00,INVALIDATED_NO_BREAK,PERIOD_H1,BUY,0.019406929908993585,
Asia-Low_2025.12.08__ep2,2025-12-08 04:00:00,INVALIDATED_NO_BREAK,PERIOD_H4,BUY,0.019017763845350054,14400.0
Equal-High_2025.12.08 04:30__ep1,2025-12-08 05:00:00,INVALIDATED_NO_BREAK,PERIOD_M30,SELL,0.02590781218302647,
Equal-Low_2025.12.08 12:30__ep1,2025-12-08 12:45:00,INVALIDATED_NO_BREAK,PERIOD_M15,BUY,0.03650005430495885,
Equal-Low_2025.12.08 13:15__ep1,2025-12-08 13:30:00,INVALIDATED_NO_BREAK,PERIOD_M15,BUY,0.09060354155304925,
Equal-Low_2025.12.08 15:00__ep1,2025-12-08 16:00:00,INVALIDATED_NO_BREAK,PERIOD_H1,BUY,0.028634919415115763,
Daily-Low_2025.12.05__ep1,2025-12-08 18:30:00,INVALIDATED_NO_BREAK,PERIOD_M30,BUY,0.027887280970671714,325800.0
Daily-Low_2025.12.05__ep2,2025-12-08 19:30:00,INVALIDATED_NO_BREAK,PERIOD_M30,BUY,0.00018851402874273397,329400.0
Daily-Low_2025.12.05__ep3,2025-12-08 20:00:00,INVALIDATED_NO_BREAK,PERIOD_H1,BUY,0.023123846325524132,331200.0
Daily-Low_2025.12.05__ep4,2025-12-08 22:45:00,INVALIDATED_NO_BREAK,PERIOD_M15,BUY,0.04611070886875716,341100.0
Equal-High_2025.12.08 22:10__ep1,2025-12-08 22:15:00,INVALIDATED_NO_BREAK,PERIOD_M5,SELL,0.008022913440786887,
Asia-Low_2025.12.09__ep1,2025-12-09 00:00:00,INVALIDATED_NO_BREAK,PERIOD_D1,BUY,0.007515148849993526,0.0
Daily-Low_2025.12.08__ep1,2025-12-09 09:00:00,INVALIDATED_NO_BREAK,PERIOD_H1,BUY,0.0616519659615713,118800.0
Daily-Low_2025.12.08__ep4,2025-12-09 12:00:00,INVALIDATED_NO_BREAK,PERIOD_H4,BUY,0.11181532004197271,129600.0
Asia-High_2025.12.09__ep1,2025-12-09 00:00:00,INVALIDATED_NO_BREAK,PERIOD_D1,SELL,0.04515652758773402,0.0
Asia-High_2025.12.09__ep2,2025-12-09 16:15:00,INVALIDATED_NO_BREAK,PERIOD_M15,SELL,0.12881769688635847,58500.0
Asia-High_2025.12.09__ep4,2025-12-09 17:15:00,INVALIDATED_NO_BREAK,PERIOD_M15,SELL,0.04891011268834226,62100.0
Equal-Low_2025.12.09 10:30__ep1,2025-12-09 10:45:00,INVALIDATED_NO_BREAK,PERIOD_M15,BUY,0.04558048251272769,
Equal-Low_2025.12.09 14:10__ep1,2025-12-09 14:15:00,INVALIDATED_NO_BREAK,PERIOD_M5,BUY,0.024711215746885264,
Daily-High_2025.12.08__ep4,2025-12-09 19:00:00,INVALIDATED_NO_BREAK,PERIOD_H1,SELL,0.052830170772736156,154800.0
Daily-High_2025.12.08__ep5,2025-12-09 20:00:00,INVALIDATED_NO_BREAK,PERIOD_H4,SELL,0.06598895936445393,158400.0
Equal-High_2025.12.09 21:25__ep1,2025-12-09 21:30:00,INVALIDATED_NO_BREAK,PERIOD_M5,SELL,0.017376606348780084,
Asia-High_2025.12.10__ep2,2025-12-10 21:15:00,TRUE_BREAK_OBSERVED,PERIOD_M5,SELL,0.12241979994077071,76500.0
Equal-Low_2025.12.10 06:45__ep1,2025-12-10 07:00:00,INVALIDATED_NO_BREAK,PERIOD_M15,BUY,0.003888213851761847,
Asia-Low_2025.12.10__ep1,2025-12-10 00:00:00,INVALIDATED_NO_BREAK,PERIOD_D1,BUY,0.05475493738049333,0.0
Asia-Low_2025.12.10__ep3,2025-12-10 19:00:00,TRUE_BREAK_OBSERVED,PERIOD_H1,BUY,0.030639569969495,68400.0
Asia-Low_2025.12.10__ep4,2025-12-10 21:15:00,INVALIDATED_NO_BREAK,PERIOD_M15,BUY,0.17611343856447384,76500.0
Asia-Low_2025.12.10__ep5,2025-12-10 22:00:00,TRUE_BREAK_OBSERVED,PERIOD_H1,BUY,0.12955954153689458,79200.0
Equal-Low_2025.12.10 16:40__ep1,2025-12-10 16:45:00,INVALIDATED_NO_BREAK,PERIOD_M5,BUY,0.10233013309620148,
Equal-Low_2025.12.10 19:40__ep1,2025-12-10 19:45:00,INVALIDATED_NO_BREAK,PERIOD_M5,BUY,0.005033180273030672,
Asia-Low_2025.12.11__ep1,2025-12-11 00:00:00,INVALIDATED_NO_BREAK,PERIOD_D1,BUY,0.04630306952990925,0.0
Daily-High_2025.12.10__ep1,2025-12-11 03:00:00,INVALIDATED_NO_BREAK,PERIOD_H1,SELL,0.010861879016401437,97200.0
Daily-High_2025.12.10__ep6,2025-12-11 05:00:00,INVALIDATED_NO_BREAK,PERIOD_H1,SELL,0.10900715696165994,104400.0
Daily-High_2025.12.10__ep7,2025-12-11 08:00:00,INVALIDATED_NO_BREAK,PERIOD_H4,SELL,0.13294592581012463,115200.0
Daily-High_2025.12.10__ep8,2025-12-11 17:00:00,INVALIDATED_NO_BREAK,PERIOD_H1,SELL,0.06313315485500694,147600.0
Equal-Low_2025.12.11 15:15__ep1,2025-12-11 15:30:00,TRUE_BREAK_OBSERVED,PERIOD_M15,BUY,0.07273867266892808,
Equal-High_2025.12.11 18:40__ep1,2025-12-11 18:45:00,INVALIDATED_NO_BREAK,PERIOD_M5,SELL,0.0017957931749084594,
Asia-High_2025.12.12__ep1,2025-12-12 02:00:00,INVALIDATED_NO_BREAK,PERIOD_H1,SELL,0.010542619593970586,7200.0
Asia-High_2025.12.12__ep2,2025-12-12 00:00:00,INVALIDATED_NO_BREAK,PERIOD_D1,SELL,0.0008586428325734058,0.0
Asia-High_2025.12.12__ep3,2025-12-12 04:00:00,INVALIDATED_NO_BREAK,PERIOD_H4,SELL,0.03583282373282731,14400.0
Asia-High_2025.12.12__ep4,2025-12-12 18:15:00,INVALIDATED_NO_BREAK,PERIOD_M15,SELL,0.024677845509446666,65700.0
Equal-Low_2025.12.12 03:10__ep1,2025-12-12 03:15:00,INVALIDATED_NO_BREAK,PERIOD_M5,BUY,0.05764056121954127,
Equal-Low_2025.12.12 04:25__ep1,2025-12-12 04:30:00,INVALIDATED_NO_BREAK,PERIOD_M5,BUY,0.035733584339974554,
Equal-Low_2025.12.12 05:10__ep1,2025-12-12 05:15:00,INVALIDATED_NO_BREAK,PERIOD_M5,BUY,0.042620513764721125,
Asia-Low_2025.12.12__ep1,2025-12-12 00:00:00,TRUE_BREAK_OBSERVED,PERIOD_D1,BUY,0.11854422946508439,0.0
Equal-High_2025.12.12 15:25__ep1,2025-12-12 15:30:00,TRUE_BREAK_OBSERVED,PERIOD_M5,SELL,0.07314471005343756,
Equal-High_2025.12.12 17:10__ep1,2025-12-12 17:15:00,INVALIDATED_NO_BREAK,PERIOD_M5,SELL,0.03668987313829342,
Daily-High_2025.12.11__ep2,2025-12-12 19:00:00,INVALIDATED_NO_BREAK,PERIOD_H1,SELL,0.020812535675899847,154800.0
Daily-High_2025.12.11__ep3,2025-12-12 19:30:00,INVALIDATED_NO_BREAK,PERIOD_M30,SELL,0.017897519689736883,156600.0
Equal-High_2025.12.12 23:40__ep1,2025-12-12 23:45:00,INVALIDATED_NO_BREAK,PERIOD_M5,SELL,0.048716769834576124,
Asia-Low_2025.12.15__ep1,2025-12-15 00:00:00,TRUE_BREAK_OBSERVED,PERIOD_D1,BUY,0.06278800114398359,0.0
Asia-Low_2025.12.15__ep7,2025-12-15 23:00:00,INVALIDATED_NO_BREAK,PERIOD_H1,BUY,0.030594717603472064,82800.0
Equal-High_2025.12.15 01:55__ep1,2025-12-15 02:00:00,INVALIDATED_NO_BREAK,PERIOD_M5,SELL,0.046013188632292,
Asia-High_2025.12.15__ep2,2025-12-15 11:00:00,INVALIDATED_NO_BREAK,PERIOD_H1,SELL,0.003603717630265602,39600.0
Asia-High_2025.12.15__ep3,2025-12-15 12:00:00,INVALIDATED_NO_BREAK,PERIOD_H1,SELL,0.04399716018329726,43200.0
Equal-High_2025.12.15 02:25__ep1,2025-12-15 02:30:00,INVALIDATED_NO_BREAK,PERIOD_M5,SELL,0.025243975599470177,
Equal-High_2025.12.15 06:10__ep1,2025-12-15 06:15:00,INVALIDATED_NO_BREAK,PERIOD_M5,SELL,0.052083333333333336,
Asia-Low_2025.12.16__ep1,2025-12-16 00:00:00,INVALIDATED_NO_BREAK,PERIOD_D1,BUY,0.009922953179239693,0.0
Equal-High_2025.12.16 03:55__ep1,2025-12-16 04:00:00,INVALIDATED_NO_BREAK,PERIOD_M5,SELL,0.016985645933014354,
Equal-High_2025.12.16 04:40__ep1,2025-12-16 04:45:00,TRUE_BREAK_OBSERVED,PERIOD_M5,SELL,0.005379438709365065,
Asia-High_2025.12.16__ep2,2025-12-16 18:15:00,INVALIDATED_NO_BREAK,PERIOD_M15,SELL,0.023471993059420788,65700.0
Asia-High_2025.12.16__ep5,2025-12-16 20:00:00,INVALIDATED_NO_BREAK,PERIOD_H4,SELL,0.04334665169786477,72000.0
Daily-Low_2025.12.15__ep1,2025-12-16 05:30:00,INVALIDATED_NO_BREAK,PERIOD_M30,BUY,0.024781540784456012,106200.0
Daily-Low_2025.12.15__ep2,2025-12-16 06:00:00,INVALIDATED_NO_BREAK,PERIOD_H1,BUY,0.03595001602050625,108000.0
Daily-Low_2025.12.15__ep3,2025-12-16 08:15:00,INVALIDATED_NO_BREAK,PERIOD_M15,BUY,0.015978608637686298,116100.0
Daily-Low_2025.12.15__ep6,2025-12-16 09:15:00,INVALIDATED_NO_BREAK,PERIOD_M15,BUY,0.011881665402117993,119700.0
Daily-Low_2025.12.15__ep7,2025-12-16 10:00:00,INVALIDATED_NO_BREAK,PERIOD_H1,BUY,0.017855160490721916,122400.0
Daily-Low_2025.12.15__ep11,2025-12-16 16:00:00,INVALIDATED_NO_BREAK,PERIOD_H4,BUY,0.08396432559291303,144000.0
Equal-Low_2025.12.16 10:30__ep1,2025-12-16 10:45:00,INVALIDATED_NO_BREAK,PERIOD_M15,BUY,0.052022041931840755,
Equal-Low_2025.12.16 11:45__ep1,2025-12-16 12:00:00,INVALIDATED_NO_BREAK,PERIOD_M15,BUY,0.013907274534750158,
Equal-Low_2025.12.16 12:40__ep1,2025-12-16 12:45:00,INVALIDATED_NO_BREAK,PERIOD_M5,BUY,0.07538028201432226,
Equal-Low_2025.12.16 13:25__ep1,2025-12-16 13:30:00,TRUE_BREAK_OBSERVED,PERIOD_M5,BUY,0.03447283339915525,
Equal-High_2025.12.16 14:15__ep1,2025-12-16 14:30:00,INVALIDATED_NO_BREAK,PERIOD_M15,SELL,0.015424370123947193,
Equal-Low_2025.12.16 20:10__ep1,2025-12-16 20:15:00,INVALIDATED_NO_BREAK,PERIOD_M5,BUY,0.08471564269473643,
Asia-High_2025.12.17__ep1,2025-12-17 00:00:00,INVALIDATED_NO_BREAK,PERIOD_D1,SELL,0.025852461785796817,0.0
Asia-High_2025.12.17__ep2,2025-12-17 16:00:00,INVALIDATED_NO_BREAK,PERIOD_H1,SELL,0.0025554513585321487,57600.0
Asia-High_2025.12.17__ep5,2025-12-17 21:00:00,INVALIDATED_NO_BREAK,PERIOD_H1,SELL,0.04157187365805078,75600.0
Asia-High_2025.12.17__ep8,2025-12-17 23:00:00,INVALIDATED_NO_BREAK,PERIOD_H1,SELL,0.007040567751383471,82800.0
Asia-High_2025.12.17__ep9,2025-12-17 23:45:00,TRUE_BREAK_OBSERVED,PERIOD_M15,SELL,0.043814910577750686,85500.0
Equal-Low_2025.12.17 04:55__ep1,2025-12-17 05:00:00,INVALIDATED_NO_BREAK,PERIOD_M5,BUY,0.07664059554985259,
Daily-High_2025.12.16__ep1,2025-12-17 07:30:00,INVALIDATED_NO_BREAK,PERIOD_M30,SELL,0.054273975025930905,113400.0
Daily-High_2025.12.16__ep2,2025-12-17 08:00:00,INVALIDATED_NO_BREAK,PERIOD_H1,SELL,0.007997218358831711,115200.0
Daily-High_2025.12.16__ep5,2025-12-17 12:00:00,INVALIDATED_NO_BREAK,PERIOD_H4,SELL,0.06470902295782169,129600.0
Daily-High_2025.12.16__ep8,2025-12-17 17:45:00,INVALIDATED_NO_BREAK,PERIOD_M15,SELL,0.027417949680108328,150300.0
Daily-High_2025.12.16__ep11,2025-12-17 19:15:00,INVALIDATED_NO_BREAK,PERIOD_M15,SELL,0.021355346844966306,155700.0
Asia-Low_2025.12.17__ep3,2025-12-17 13:00:00,INVALIDATED_NO_BREAK,PERIOD_H1,BUY,0.08896812463109204,46800.0
Equal-Low_2025.12.17 09:25__ep1,2025-12-17 09:30:00,INVALIDATED_NO_BREAK,PERIOD_M5,BUY,0.06983181470170036,
Equal-High_2025.12.17 20:10__ep1,2025-12-17 20:15:00,INVALIDATED_NO_BREAK,PERIOD_M5,SELL,0.07047387606318346,
Equal-High_2025.12.17 22:55__ep1,2025-12-17 23:00:00,INVALIDATED_NO_BREAK,PERIOD_M5,SELL,0.0035346097201767305,
Asia-High_2025.12.18__ep4,2025-12-18 16:00:00,TRUE_BREAK_OBSERVED,PERIOD_M15,SELL,0.10851531016868272,57600.0
Asia-Low_2025.12.18__ep1,2025-12-18 00:00:00,INVALIDATED_NO_BREAK,PERIOD_D1,BUY,0.049783580830307615,0.0
Asia-Low_2025.12.18__ep3,2025-12-18 12:45:00,INVALIDATED_NO_BREAK,PERIOD_M15,BUY,0.06125560677451501,45900.0
Asia-Low_2025.12.18__ep6,2025-12-18 16:00:00,INVALIDATED_NO_BREAK,PERIOD_H1,BUY,0.13333862717461073,57600.0
Asia-Low_2025.12.18__ep10,2025-12-18 22:00:00,INVALIDATED_NO_BREAK,PERIOD_H1,BUY,0.0029885163271612504,79200.0
Equal-High_2025.12.18 17:30__ep1,2025-12-18 17:45:00,INVALIDATED_NO_BREAK,PERIOD_M15,SELL,0.002835304479689617,
Weekly-High_2025.12.07__ep1,2025-12-18 19:15:00,INVALIDATED_NO_BREAK,PERIOD_M15,SELL,0.16303421832668494,1019700.0
Weekly-High_2025.12.07__ep3,2025-12-18 20:00:00,INVALIDATED_NO_BREAK,PERIOD_H1,SELL,0.12857533898011034,1022400.0
Weekly-High_2025.12.07__ep4,2025-12-19 00:00:00,INVALIDATED_NO_BREAK,PERIOD_D1,SELL,0.03373180383262969,1036800.0
Weekly-High_2025.12.07__ep11,2025-12-19 20:00:00,INVALIDATED_NO_BREAK,PERIOD_H1,SELL,0.000699001127388961,1108800.0
Weekly-High_2025.12.07__ep12,2025-12-19 20:45:00,INVALIDATED_NO_BREAK,PERIOD_M15,SELL,0.11972488393802772,1111500.0
Equal-High_2025.12.18 20:00__ep1,2025-12-18 21:00:00,INVALIDATED_NO_BREAK,PERIOD_H1,SELL,0.036224333435488816,
Equal-High_2025.12.18 22:00__ep1,2025-12-18 23:00:00,INVALIDATED_NO_BREAK,PERIOD_H1,SELL,0.016262975778546712,
Equal-Low_2025.12.19 04:00__ep1,2025-12-19 04:30:00,INVALIDATED_NO_BREAK,PERIOD_M30,BUY,0.026156579398806314,
Equal-Low_2025.12.19 08:30__ep1,2025-12-19 08:45:00,TRUE_BREAK_OBSERVED,PERIOD_M15,BUY,0.04530669930552269,
Equal-High_2025.12.19 11:45__ep1,2025-12-19 12:00:00,INVALIDATED_NO_BREAK,PERIOD_M15,SELL,0.00266328725106587,
Equal-Low_2025.12.19 14:00__ep1,2025-12-19 14:30:00,TRUE_BREAK_OBSERVED,PERIOD_M30,BUY,0.07611419471181996,
Equal-High_2025.12.19 15:45__ep1,2025-12-19 16:00:00,INVALIDATED_NO_BREAK,PERIOD_M15,SELL,0.02572993117243412,
Equal-High_2025.12.19 16:15__ep1,2025-12-19 16:30:00,INVALIDATED_NO_BREAK,PERIOD_M15,SELL,0.03599123122730098,
Asia-High_2025.12.19__ep2,2025-12-19 17:00:00,INVALIDATED_NO_BREAK,PERIOD_H1,SELL,0.032160464198893526,61200.0
Equal-High_2025.12.19 20:00__ep1,2025-12-22 00:00:00,INVALIDATED_NO_BREAK,PERIOD_H4,SELL,0.045552503697443486,
Asia-Low_2025.12.22__ep1,2025-12-22 00:00:00,TRUE_BREAK_OBSERVED,PERIOD_D1,BUY,0.04401602328427835,0.0
Equal-Low_2025.12.22 10:40__ep1,2025-12-22 10:45:00,INVALIDATED_NO_BREAK,PERIOD_M5,BUY,0.002301688000437321,
Asia-High_2025.12.22__ep1,2025-12-22 15:30:00,INVALIDATED_NO_BREAK,PERIOD_M30,SELL,0.024351209551924723,55800.0
Asia-High_2025.12.22__ep2,2025-12-22 17:00:00,INVALIDATED_NO_BREAK,PERIOD_H1,SELL,0.01080182800166182,61200.0
Equal-High_2025.12.22 16:25__ep1,2025-12-22 16:30:00,INVALIDATED_NO_BREAK,PERIOD_M5,SELL,0.017954395834580167,
Asia-Low_2025.12.23__ep1,2025-12-23 00:00:00,TRUE_BREAK_OBSERVED,PERIOD_D1,BUY,0.13974131688090566,0.0
Asia-Low_2025.12.23__ep3,2025-12-23 16:30:00,INVALIDATED_NO_BREAK,PERIOD_M30,BUY,0.07104571728849185,59400.0
Asia-Low_2025.12.23__ep9,2025-12-23 20:00:00,TRUE_BREAK_OBSERVED,PERIOD_H4,BUY,0.05016866046596624,72000.0
Equal-High_2025.12.23 10:10__ep1,2025-12-23 10:15:00,TRUE_BREAK_OBSERVED,PERIOD_M5,SELL,0.01796376786125723,
Daily-High_2025.12.22__ep1,2025-12-23 17:00:00,TRUE_BREAK_OBSERVED,PERIOD_H1,SELL,0.018703317123791825,147600.0
Daily-High_2025.12.22__ep3,2025-12-23 17:30:00,INVALIDATED_NO_BREAK,PERIOD_M30,SELL,0.05363984032090034,149400.0
Equal-High_2025.12.23 20:10__ep1,2025-12-23 20:15:00,TRUE_BREAK_OBSERVED,PERIOD_M5,SELL,0.05000778630005988,
Equal-High_2025.12.23 21:00__ep1,2025-12-23 21:15:00,INVALIDATED_NO_BREAK,PERIOD_M15,SELL,0.0075893988339255924,
Asia-High_2025.12.23__ep1,2025-12-23 23:00:00,INVALIDATED_NO_BREAK,PERIOD_H1,SELL,0.001085915043117215,82800.0
Asia-High_2025.12.24__ep2,2025-12-24 00:00:00,INVALIDATED_NO_BREAK,PERIOD_H4,SELL,0.04280158096886974,0.0
Asia-Low_2025.12.24__ep1,2025-12-24 00:00:00,TRUE_BREAK_OBSERVED,PERIOD_D1,BUY,0.041025808263800714,0.0
Asia-Low_2025.12.24__ep3,2025-12-24 17:15:00,INVALIDATED_NO_BREAK,PERIOD_M15,BUY,0.05823126161424184,62100.0
Asia-Low_2025.12.24__ep5,2025-12-24 18:45:00,INVALIDATED_NO_BREAK,PERIOD_M15,BUY,0.047532114698899515,67500.0
Daily-High_2025.12.23__ep5,2025-12-24 08:00:00,INVALIDATED_NO_BREAK,PERIOD_H1,SELL,0.05904142145708856,115200.0
Equal-High_2025.12.24 05:00__ep1,2025-12-24 06:00:00,INVALIDATED_NO_BREAK,PERIOD_H1,SELL,0.019731120295730396,
Equal-Low_2025.12.24 09:30__ep1,2025-12-24 10:00:00,INVALIDATED_NO_BREAK,PERIOD_M30,BUY,0.001964526930128064,
Equal-High_2025.12.24 12:10__ep1,2025-12-24 12:15:00,INVALIDATED_NO_BREAK,PERIOD_M5,SELL,0.06671448707594918,
Equal-High_2025.12.24 12:00__ep1,2025-12-24 13:00:00,INVALIDATED_NO_BREAK,PERIOD_H1,SELL,0.0451981457338335,
Equal-High_2025.12.24 14:25__ep1,2025-12-24 14:30:00,INVALIDATED_NO_BREAK,PERIOD_M5,SELL,0.008183138642826457,
Daily-High_2025.12.24__ep2,2025-12-26 16:00:00,INVALIDATED_NO_BREAK,PERIOD_H1,SELL,0.004259398537917691,230400.0
Daily-High_2025.12.24__ep4,2025-12-26 17:00:00,INVALIDATED_NO_BREAK,PERIOD_H1,SELL,0.027380762837969242,234000.0
Daily-High_2025.12.24__ep6,2025-12-26 20:00:00,INVALIDATED_NO_BREAK,PERIOD_H1,SELL,0.03770167072102645,244800.0
Daily-High_2025.12.24__ep8,2025-12-26 22:00:00,INVALIDATED_NO_BREAK,PERIOD_H1,SELL,0.011387984176812622,252000.0
Asia-High_2025.12.26__ep1,2025-12-26 00:00:00,INVALIDATED_NO_BREAK,PERIOD_D1,SELL,0.057784137875654416,0.0
Asia-Low_2025.12.29__ep1,2025-12-29 00:00:00,TRUE_BREAK_OBSERVED,PERIOD_D1,BUY,0.03748082643223108,0.0
Asia-Low_2025.12.29__ep2,2025-12-29 13:45:00,INVALIDATED_NO_BREAK,PERIOD_M15,BUY,0.07699632879283269,49500.0
Equal-High_2025.12.29 01:00__ep1,2025-12-29 01:15:00,INVALIDATED_NO_BREAK,PERIOD_M15,SELL,0.023297856373195817,
Equal-High_2025.12.29 01:30__ep1,2025-12-29 01:45:00,TRUE_BREAK_OBSERVED,PERIOD_M15,SELL,0.035786891218629886,
Asia-High_2025.12.29__ep2,2025-12-29 04:00:00,INVALIDATED_NO_BREAK,PERIOD_H4,SELL,0.08488197343956844,14400.0
Equal-High_2025.12.29 02:00__ep1,2025-12-29 03:00:00,INVALIDATED_NO_BREAK,PERIOD_H1,SELL,0.011981915038559544,
Daily-Low_2025.12.26__ep1,2025-12-29 03:15:00,INVALIDATED_NO_BREAK,PERIOD_M15,BUY,0.06237127541210312,270900.0
Daily-Low_2025.12.26__ep2,2025-12-29 04:15:00,INVALIDATED_NO_BREAK,PERIOD_M15,BUY,0.024814865804265097,274500.0
Daily-Low_2025.12.26__ep5,2025-12-29 08:00:00,INVALIDATED_NO_BREAK,PERIOD_H4,BUY,0.010357073218155313,288000.0
Equal-High_2025.12.29 03:00__ep1,2025-12-29 04:00:00,INVALIDATED_NO_BREAK,PERIOD_H1,SELL,0.012159437503496417,
Equal-Low_2025.12.29 09:00__ep1,2025-12-29 10:00:00,INVALIDATED_NO_BREAK,PERIOD_H1,BUY,0.021607887139141777,
Equal-Low_2025.12.29 11:00__ep1,2025-12-29 12:00:00,INVALIDATED_NO_BREAK,PERIOD_H1,BUY,0.01069674432701136,
Weekly-Low_2025.12.21__ep1,2025-12-29 17:15:00,INVALIDATED_NO_BREAK,PERIOD_M15,BUY,0.028270507919720245,753300.0
Weekly-Low_2025.12.21__ep2,2025-12-29 19:00:00,INVALIDATED_NO_BREAK,PERIOD_H1,BUY,0.011638203668564199,759600.0
Weekly-Low_2025.12.21__ep3,2025-12-29 22:15:00,INVALIDATED_NO_BREAK,PERIOD_M15,BUY,0.04639154252923764,771300.0
Weekly-Low_2025.12.21__ep4,2025-12-29 22:30:00,INVALIDATED_NO_BREAK,PERIOD_M30,BUY,0.011687485557925766,772200.0
Weekly-Low_2025.12.21__ep6,2025-12-30 02:00:00,INVALIDATED_NO_BREAK,PERIOD_H1,BUY,0.02677614511829519,784800.0
Weekly-Low_2025.12.21__ep9,2025-12-30 03:00:00,INVALIDATED_NO_BREAK,PERIOD_H1,BUY,0.006144816110233086,788400.0
Weekly-Low_2025.12.21__ep15,2025-12-31 00:00:00,INVALIDATED_NO_BREAK,PERIOD_D1,BUY,0.000724250519441971,864000.0
Weekly-Low_2025.12.21__ep17,2025-12-31 02:00:00,INVALIDATED_NO_BREAK,PERIOD_H1,BUY,0.005114466634193862,871200.0
Weekly-Low_2025.12.21__ep18,2025-12-31 02:45:00,INVALIDATED_NO_BREAK,PERIOD_M15,BUY,0.04995804804939442,873900.0
Weekly-Low_2025.12.21__ep22,2025-12-31 04:00:00,INVALIDATED_NO_BREAK,PERIOD_H1,BUY,0.13031681941506978,878400.0
Weekly-Low_2025.12.21__ep27,2025-12-31 17:00:00,INVALIDATED_NO_BREAK,PERIOD_H1,BUY,0.02717947329402535,925200.0
Equal-Low_2025.12.29 23:40__ep1,2025-12-29 23:45:00,INVALIDATED_NO_BREAK,PERIOD_M5,BUY,0.034845360824742266,
Asia-High_2025.12.30__ep1,2025-12-30 00:00:00,INVALIDATED_NO_BREAK,PERIOD_D1,SELL,0.2388377900956326,0.0
Asia-High_2025.12.30__ep2,2025-12-30 12:45:00,INVALIDATED_NO_BREAK,PERIOD_M15,SELL,0.00794933623042476,45900.0
Asia-High_2025.12.30__ep3,2025-12-30 15:45:00,INVALIDATED_NO_BREAK,PERIOD_M15,SELL,0.049218758544923365,56700.0
Asia-High_2025.12.30__ep6,2025-12-30 20:00:00,INVALIDATED_NO_BREAK,PERIOD_H4,SELL,0.028863263360390086,72000.0
Asia-Low_2025.12.30__ep1,2025-12-30 00:00:00,INVALIDATED_NO_BREAK,PERIOD_D1,BUY,0.0089906803922763,0.0
Equal-Low_2025.12.30 10:30__ep1,2025-12-30 10:45:00,INVALIDATED_NO_BREAK,PERIOD_M15,BUY,0.003582089552238806,
Equal-Low_2025.12.30 10:45__ep1,2025-12-30 11:00:00,INVALIDATED_NO_BREAK,PERIOD_M15,BUY,0.06149974836436839,
Equal-Low_2025.12.30 16:45__ep1,2025-12-30 17:00:00,INVALIDATED_NO_BREAK,PERIOD_M15,BUY,0.06557042236488866,
Equal-Low_2025.12.30 18:00__ep1,2025-12-30 18:15:00,INVALIDATED_NO_BREAK,PERIOD_M15,BUY,0.021388667198723066,
Equal-Low_2025.12.30 21:40__ep1,2025-12-30 21:45:00,INVALIDATED_NO_BREAK,PERIOD_M5,BUY,0.014479638009049774,
Daily-Low_2025.12.30__ep2,2025-12-31 09:00:00,INVALIDATED_NO_BREAK,PERIOD_H1,BUY,0.01839459839266957,118800.0
Daily-Low_2025.12.30__ep5,2025-12-31 12:00:00,INVALIDATED_NO_BREAK,PERIOD_H1,BUY,0.008901587365656306,129600.0
Daily-Low_2025.12.30__ep7,2025-12-31 18:15:00,INVALIDATED_NO_BREAK,PERIOD_M15,BUY,0.005912754199805969,152100.0
Daily-Low_2025.12.30__ep9,2025-12-31 19:15:00,INVALIDATED_NO_BREAK,PERIOD_M15,BUY,0.0013892134926951887,155700.0
Equal-High_2025.12.31 17:15__ep1,2025-12-31 17:30:00,INVALIDATED_NO_BREAK,PERIOD_M15,SELL,0.0019499788045782111,
Equal-High_2025.12.31 17:30__ep1,2025-12-31 17:45:00,INVALIDATED_NO_BREAK,PERIOD_M15,SELL,0.051055335118354805,
