bar_time_utc,bar_epoch,regime_v1
2019-02-03 20:00:00+00:00,1549224000,
2019-02-04 00:00:00+00:00,1549238400,
2019-02-04 04:00:00+00:00,1549252800,
2019-02-04 08:00:00+00:00,1549267200,
2019-02-04 12:00:00+00:00,1549281600,
2019-02-04 16:00:00+00:00,1549296000,
2019-02-04 20:00:00+00:00,1549310400,
2019-02-05 00:00:00+00:00,1549324800,
2019-02-05 04:00:00+00:00,1549339200,
2019-02-05 08:00:00+00:00,1549353600,
2019-02-05 12:00:00+00:00,1549368000,
2019-02-05 16:00:00+00:00,1549382400,
2019-02-05 20:00:00+00:00,1549396800,
2019-02-06 00:00:00+00:00,1549411200,
2019-02-06 04:00:00+00:00,1549425600,
2019-02-06 08:00:00+00:00,1549440000,
2019-02-06 12:00:00+00:00,1549454400,
2019-02-06 16:00:00+00:00,1549468800,
2019-02-06 20:00:00+00:00,1549483200,
2019-02-07 00:00:00+00:00,1549497600,
2019-02-07 04:00:00+00:00,1549512000,
2019-02-07 08:00:00+00:00,1549526400,
2019-02-07 12:00:00+00:00,1549540800,
2019-02-07 16:00:00+00:00,1549555200,
2019-02-07 20:00:00+00:00,1549569600,
2019-02-08 00:00:00+00:00,1549584000,
2019-02-08 04:00:00+00:00,1549598400,
2019-02-08 08:00:00+00:00,1549612800,
2019-02-08 12:00:00+00:00,1549627200,
2019-02-08 16:00:00+00:00,1549641600,
2019-02-08 20:00:00+00:00,1549656000,
2019-02-10 20:00:00+00:00,1549828800,
2019-02-11 00:00:00+00:00,1549843200,
2019-02-11 04:00:00+00:00,1549857600,
2019-02-11 08:00:00+00:00,1549872000,
2019-02-11 12:00:00+00:00,1549886400,
2019-02-11 16:00:00+00:00,1549900800,
2019-02-11 20:00:00+00:00,1549915200,
2019-02-12 00:00:00+00:00,1549929600,
2019-02-12 04:00:00+00:00,1549944000,
2019-02-12 08:00:00+00:00,1549958400,
2019-02-12 12:00:00+00:00,1549972800,
2019-02-12 16:00:00+00:00,1549987200,
2019-02-12 20:00:00+00:00,1550001600,
2019-02-13 00:00:00+00:00,1550016000,
2019-02-13 04:00:00+00:00,1550030400,
2019-02-13 08:00:00+00:00,1550044800,
2019-02-13 12:00:00+00:00,1550059200,
2019-02-13 16:00:00+00:00,1550073600,
2019-02-13 20:00:00+00:00,1550088000,
2019-02-14 00:00:00+00:00,1550102400,
2019-02-14 04:00:00+00:00,1550116800,
2019-02-14 08:00:00+00:00,1550131200,
2019-02-14 12:00:00+00:00,1550145600,
2019-02-14 16:00:00+00:00,1550160000,
2019-02-14 20:00:00+00:00,1550174400,
2019-02-15 00:00:00+00:00,1550188800,
2019-02-15 04:00:00+00:00,1550203200,
2019-02-15 08:00:00+00:00,1550217600,
2019-02-15 12:00:00+00:00,1550232000,
2019-02-15 16:00:00+00:00,1550246400,
2019-02-15 20:00:00+00:00,1550260800,
2019-02-17 20:00:00+00:00,1550433600,
2019-02-18 00:00:00+00:00,1550448000,
2019-02-18 04:00:00+00:00,1550462400,
2019-02-18 08:00:00+00:00,1550476800,
2019-02-18 12:00:00+00:00,1550491200,
2019-02-18 16:00:00+00:00,1550505600,
2019-02-18 20:00:00+00:00,1550520000,
2019-02-19 00:00:00+00:00,1550534400,
2019-02-19 04:00:00+00:00,1550548800,
2019-02-19 08:00:00+00:00,1550563200,
2019-02-19 12:00:00+00:00,1550577600,
2019-02-19 16:00:00+00:00,1550592000,
2019-02-19 20:00:00+00:00,1550606400,
2019-02-20 00:00:00+00:00,1550620800,HIGH_VOL
2019-02-20 04:00:00+00:00,1550635200,HIGH_VOL
2019-02-20 08:00:00+00:00,1550649600,HIGH_VOL
2019-02-20 12:00:00+00:00,1550664000,HIGH_VOL
2019-02-20 16:00:00+00:00,1550678400,HIGH_VOL
2019-02-20 20:00:00+00:00,1550692800,HIGH_VOL
2019-02-21 00:00:00+00:00,1550707200,HIGH_VOL
2019-02-21 04:00:00+00:00,1550721600,HIGH_VOL
2019-02-21 08:00:00+00:00,1550736000,HIGH_VOL
2019-02-21 12:00:00+00:00,1550750400,HIGH_VOL
2019-02-21 16:00:00+00:00,1550764800,HIGH_VOL
2019-02-21 20:00:00+00:00,1550779200,HIGH_VOL
2019-02-22 00:00:00+00:00,1550793600,HIGH_VOL
2019-02-22 04:00:00+00:00,1550808000,HIGH_VOL
2019-02-22 08:00:00+00:00,1550822400,HIGH_VOL
2019-02-22 12:00:00+00:00,1550836800,HIGH_VOL
2019-02-22 16:00:00+00:00,1550851200,HIGH_VOL
2019-02-22 20:00:00+00:00,1550865600,HIGH_VOL
2019-02-24 20:00:00+00:00,1551038400,HIGH_VOL
2019-02-25 00:00:00+00:00,1551052800,HIGH_VOL
2019-02-25 04:00:00+00:00,1551067200,HIGH_VOL
2019-02-25 08:00:00+00:00,1551081600,HIGH_VOL
2019-02-25 12:00:00+00:00,1551096000,HIGH_VOL
2019-02-25 16:00:00+00:00,1551110400,HIGH_VOL
2019-02-25 20:00:00+00:00,1551124800,TRENDING
2019-02-26 00:00:00+00:00,1551139200,TRANSITION
2019-02-26 04:00:00+00:00,1551153600,TRANSITION
2019-02-26 08:00:00+00:00,1551168000,TRANSITION
2019-02-26 12:00:00+00:00,1551182400,TRANSITION
2019-02-26 16:00:00+00:00,1551196800,RANGING
2019-02-26 20:00:00+00:00,1551211200,TRANSITION
2019-02-27 00:00:00+00:00,1551225600,TRANSITION
2019-02-27 04:00:00+00:00,1551240000,RANGING
2019-02-27 08:00:00+00:00,1551254400,TRANSITION
2019-02-27 12:00:00+00:00,1551268800,TRANSITION
2019-02-27 16:00:00+00:00,1551283200,TRANSITION
2019-02-27 20:00:00+00:00,1551297600,TRANSITION
2019-02-28 00:00:00+00:00,1551312000,TRANSITION
2019-02-28 04:00:00+00:00,1551326400,TRANSITION
2019-02-28 08:00:00+00:00,1551340800,TRANSITION
2019-02-28 12:00:00+00:00,1551355200,HIGH_VOL
2019-02-28 16:00:00+00:00,1551369600,HIGH_VOL
2019-02-28 20:00:00+00:00,1551384000,HIGH_VOL
2019-03-01 00:00:00+00:00,1551398400,HIGH_VOL
2019-03-01 04:00:00+00:00,1551412800,HIGH_VOL
2019-03-01 08:00:00+00:00,1551427200,HIGH_VOL
2019-03-01 12:00:00+00:00,1551441600,HIGH_VOL
2019-03-01 16:00:00+00:00,1551456000,HIGH_VOL
2019-03-01 20:00:00+00:00,1551470400,HIGH_VOL
2019-03-03 20:00:00+00:00,1551643200,HIGH_VOL
2019-03-04 00:00:00+00:00,1551657600,HIGH_VOL
2019-03-04 04:00:00+00:00,1551672000,HIGH_VOL
2019-03-04 08:00:00+00:00,1551686400,HIGH_VOL
2019-03-04 12:00:00+00:00,1551700800,HIGH_VOL
2019-03-04 16:00:00+00:00,1551715200,HIGH_VOL
2019-03-04 20:00:00+00:00,1551729600,HIGH_VOL
2019-03-05 00:00:00+00:00,1551744000,HIGH_VOL
2019-03-05 04:00:00+00:00,1551758400,HIGH_VOL
2019-03-05 08:00:00+00:00,1551772800,HIGH_VOL
2019-03-05 12:00:00+00:00,1551787200,HIGH_VOL
2019-03-05 16:00:00+00:00,1551801600,HIGH_VOL
2019-03-05 20:00:00+00:00,1551816000,HIGH_VOL
2019-03-06 00:00:00+00:00,1551830400,TRANSITION
2019-03-06 04:00:00+00:00,1551844800,TRANSITION
2019-03-06 08:00:00+00:00,1551859200,TRANSITION
2019-03-06 12:00:00+00:00,1551873600,HIGH_VOL
2019-03-06 16:00:00+00:00,1551888000,TRANSITION
2019-03-06 20:00:00+00:00,1551902400,TRANSITION
2019-03-07 00:00:00+00:00,1551916800,TRANSITION
2019-03-07 04:00:00+00:00,1551931200,TRANSITION
2019-03-07 08:00:00+00:00,1551945600,TRANSITION
2019-03-07 12:00:00+00:00,1551960000,TRANSITION
2019-03-07 16:00:00+00:00,1551974400,TRANSITION
2019-03-07 20:00:00+00:00,1551988800,TRANSITION
2019-03-08 00:00:00+00:00,1552003200,TRANSITION
2019-03-08 04:00:00+00:00,1552017600,RANGING
2019-03-08 08:00:00+00:00,1552032000,TRANSITION
2019-03-08 12:00:00+00:00,1552046400,HIGH_VOL
2019-03-08 16:00:00+00:00,1552060800,TRANSITION
2019-03-08 20:00:00+00:00,1552075200,TRANSITION
2019-03-10 20:00:00+00:00,1552248000,TRANSITION
2019-03-11 00:00:00+00:00,1552262400,TRANSITION
2019-03-11 04:00:00+00:00,1552276800,TRANSITION
2019-03-11 08:00:00+00:00,1552291200,TRANSITION
2019-03-11 12:00:00+00:00,1552305600,RANGING
2019-03-11 16:00:00+00:00,1552320000,TRANSITION
2019-03-11 20:00:00+00:00,1552334400,TRANSITION
2019-03-12 00:00:00+00:00,1552348800,TRANSITION
2019-03-12 04:00:00+00:00,1552363200,TRANSITION
2019-03-12 08:00:00+00:00,1552377600,TRANSITION
2019-03-12 12:00:00+00:00,1552392000,TRANSITION
2019-03-12 16:00:00+00:00,1552406400,TRENDING
2019-03-12 20:00:00+00:00,1552420800,LOW_VOL
2019-03-13 00:00:00+00:00,1552435200,LOW_VOL
2019-03-13 04:00:00+00:00,1552449600,LOW_VOL
2019-03-13 08:00:00+00:00,1552464000,LOW_VOL
2019-03-13 12:00:00+00:00,1552478400,LOW_VOL
2019-03-13 16:00:00+00:00,1552492800,TRENDING
2019-03-13 20:00:00+00:00,1552507200,LOW_VOL
2019-03-14 00:00:00+00:00,1552521600,TRANSITION
2019-03-14 04:00:00+00:00,1552536000,RANGING
2019-03-14 08:00:00+00:00,1552550400,RANGING
2019-03-14 12:00:00+00:00,1552564800,RANGING
2019-03-14 16:00:00+00:00,1552579200,TRANSITION
2019-03-14 20:00:00+00:00,1552593600,TRANSITION
2019-03-15 00:00:00+00:00,1552608000,RANGING
2019-03-15 04:00:00+00:00,1552622400,RANGING
2019-03-15 08:00:00+00:00,1552636800,RANGING
2019-03-15 12:00:00+00:00,1552651200,TRANSITION
2019-03-15 16:00:00+00:00,1552665600,TRANSITION
2019-03-15 20:00:00+00:00,1552680000,TRANSITION
2019-03-17 20:00:00+00:00,1552852800,LOW_VOL
2019-03-18 00:00:00+00:00,1552867200,LOW_VOL
2019-03-18 04:00:00+00:00,1552881600,TRANSITION
2019-03-18 08:00:00+00:00,1552896000,LOW_VOL
2019-03-18 12:00:00+00:00,1552910400,LOW_VOL
2019-03-18 16:00:00+00:00,1552924800,LOW_VOL
2019-03-18 20:00:00+00:00,1552939200,LOW_VOL
2019-03-19 00:00:00+00:00,1552953600,LOW_VOL
2019-03-19 04:00:00+00:00,1552968000,LOW_VOL
2019-03-19 08:00:00+00:00,1552982400,TRANSITION
2019-03-19 12:00:00+00:00,1552996800,TRANSITION
2019-03-19 16:00:00+00:00,1553011200,LOW_VOL
2019-03-19 20:00:00+00:00,1553025600,LOW_VOL
2019-03-20 00:00:00+00:00,1553040000,LOW_VOL
2019-03-20 04:00:00+00:00,1553054400,LOW_VOL
2019-03-20 08:00:00+00:00,1553068800,LOW_VOL
2019-03-20 12:00:00+00:00,1553083200,TRANSITION
2019-03-20 16:00:00+00:00,1553097600,HIGH_VOL
2019-03-20 20:00:00+00:00,1553112000,HIGH_VOL
2019-03-21 00:00:00+00:00,1553126400,HIGH_VOL
2019-03-21 04:00:00+00:00,1553140800,HIGH_VOL
2019-03-21 08:00:00+00:00,1553155200,HIGH_VOL
2019-03-21 12:00:00+00:00,1553169600,HIGH_VOL
2019-03-21 16:00:00+00:00,1553184000,HIGH_VOL
2019-03-21 20:00:00+00:00,1553198400,HIGH_VOL
2019-03-22 00:00:00+00:00,1553212800,HIGH_VOL
2019-03-22 04:00:00+00:00,1553227200,HIGH_VOL
2019-03-22 08:00:00+00:00,1553241600,HIGH_VOL
2019-03-22 12:00:00+00:00,1553256000,HIGH_VOL
2019-03-22 16:00:00+00:00,1553270400,HIGH_VOL
2019-03-22 20:00:00+00:00,1553284800,HIGH_VOL
2019-03-24 20:00:00+00:00,1553457600,TRANSITION
2019-03-25 00:00:00+00:00,1553472000,TRANSITION
2019-03-25 04:00:00+00:00,1553486400,TRANSITION
2019-03-25 08:00:00+00:00,1553500800,RANGING
2019-03-25 12:00:00+00:00,1553515200,TRENDING
2019-03-25 16:00:00+00:00,1553529600,TRENDING
2019-03-25 20:00:00+00:00,1553544000,TRANSITION
2019-03-26 00:00:00+00:00,1553558400,TRANSITION
2019-03-26 04:00:00+00:00,1553572800,RANGING
2019-03-26 08:00:00+00:00,1553587200,RANGING
2019-03-26 12:00:00+00:00,1553601600,TRANSITION
2019-03-26 16:00:00+00:00,1553616000,TRANSITION
2019-03-26 20:00:00+00:00,1553630400,RANGING
2019-03-27 00:00:00+00:00,1553644800,TRANSITION
2019-03-27 04:00:00+00:00,1553659200,TRANSITION
2019-03-27 08:00:00+00:00,1553673600,TRANSITION
2019-03-27 12:00:00+00:00,1553688000,HIGH_VOL
2019-03-27 16:00:00+00:00,1553702400,HIGH_VOL
2019-03-27 20:00:00+00:00,1553716800,TRANSITION
2019-03-28 00:00:00+00:00,1553731200,TRANSITION
2019-03-28 04:00:00+00:00,1553745600,TRANSITION
2019-03-28 08:00:00+00:00,1553760000,HIGH_VOL
2019-03-28 12:00:00+00:00,1553774400,HIGH_VOL
2019-03-28 16:00:00+00:00,1553788800,HIGH_VOL
2019-03-28 20:00:00+00:00,1553803200,HIGH_VOL
2019-03-29 00:00:00+00:00,1553817600,HIGH_VOL
2019-03-29 04:00:00+00:00,1553832000,HIGH_VOL
2019-03-29 08:00:00+00:00,1553846400,HIGH_VOL
2019-03-29 12:00:00+00:00,1553860800,HIGH_VOL
2019-03-29 16:00:00+00:00,1553875200,HIGH_VOL
2019-03-29 20:00:00+00:00,1553889600,HIGH_VOL
2019-03-31 20:00:00+00:00,1554062400,TRENDING
2019-04-01 00:00:00+00:00,1554076800,TRANSITION
2019-04-01 04:00:00+00:00,1554091200,HIGH_VOL
2019-04-01 08:00:00+00:00,1554105600,TRANSITION
2019-04-01 12:00:00+00:00,1554120000,HIGH_VOL
2019-04-01 16:00:00+00:00,1554134400,HIGH_VOL
2019-04-01 20:00:00+00:00,1554148800,TRANSITION
2019-04-02 00:00:00+00:00,1554163200,TRANSITION
2019-04-02 04:00:00+00:00,1554177600,TRANSITION
2019-04-02 08:00:00+00:00,1554192000,TRANSITION
2019-04-02 12:00:00+00:00,1554206400,TRANSITION
2019-04-02 16:00:00+00:00,1554220800,RANGING
2019-04-02 20:00:00+00:00,1554235200,RANGING
2019-04-03 00:00:00+00:00,1554249600,RANGING
2019-04-03 04:00:00+00:00,1554264000,TRANSITION
2019-04-03 08:00:00+00:00,1554278400,TRANSITION
2019-04-03 12:00:00+00:00,1554292800,TRANSITION
2019-04-03 16:00:00+00:00,1554307200,TRANSITION
2019-04-03 20:00:00+00:00,1554321600,LOW_VOL
2019-04-04 00:00:00+00:00,1554336000,LOW_VOL
2019-04-04 04:00:00+00:00,1554350400,LOW_VOL
2019-04-04 08:00:00+00:00,1554364800,LOW_VOL
2019-04-04 12:00:00+00:00,1554379200,TRANSITION
2019-04-04 16:00:00+00:00,1554393600,TRANSITION
2019-04-04 20:00:00+00:00,1554408000,TRANSITION
2019-04-05 00:00:00+00:00,1554422400,TRANSITION
2019-04-05 04:00:00+00:00,1554436800,TRANSITION
2019-04-05 08:00:00+00:00,1554451200,TRANSITION
2019-04-05 12:00:00+00:00,1554465600,TRANSITION
2019-04-05 16:00:00+00:00,1554480000,TRANSITION
2019-04-05 20:00:00+00:00,1554494400,TRANSITION
2019-04-07 20:00:00+00:00,1554667200,LOW_VOL
2019-04-08 00:00:00+00:00,1554681600,TRANSITION
2019-04-08 04:00:00+00:00,1554696000,LOW_VOL
2019-04-08 08:00:00+00:00,1554710400,LOW_VOL
2019-04-08 12:00:00+00:00,1554724800,LOW_VOL
2019-04-08 16:00:00+00:00,1554739200,LOW_VOL
2019-04-08 20:00:00+00:00,1554753600,LOW_VOL
2019-04-09 00:00:00+00:00,1554768000,LOW_VOL
2019-04-09 04:00:00+00:00,1554782400,LOW_VOL
2019-04-09 08:00:00+00:00,1554796800,LOW_VOL
2019-04-09 12:00:00+00:00,1554811200,LOW_VOL
2019-04-09 16:00:00+00:00,1554825600,LOW_VOL
2019-04-09 20:00:00+00:00,1554840000,LOW_VOL
2019-04-10 00:00:00+00:00,1554854400,LOW_VOL
2019-04-10 04:00:00+00:00,1554868800,LOW_VOL
2019-04-10 08:00:00+00:00,1554883200,LOW_VOL
2019-04-10 12:00:00+00:00,1554897600,LOW_VOL
2019-04-10 16:00:00+00:00,1554912000,LOW_VOL
2019-04-10 20:00:00+00:00,1554926400,LOW_VOL
2019-04-11 00:00:00+00:00,1554940800,LOW_VOL
2019-04-11 04:00:00+00:00,1554955200,LOW_VOL
2019-04-11 08:00:00+00:00,1554969600,LOW_VOL
2019-04-11 12:00:00+00:00,1554984000,LOW_VOL
2019-04-11 16:00:00+00:00,1554998400,RANGING
2019-04-11 20:00:00+00:00,1555012800,LOW_VOL
2019-04-12 00:00:00+00:00,1555027200,LOW_VOL
2019-04-12 04:00:00+00:00,1555041600,LOW_VOL
2019-04-12 08:00:00+00:00,1555056000,LOW_VOL
2019-04-12 12:00:00+00:00,1555070400,LOW_VOL
2019-04-12 16:00:00+00:00,1555084800,LOW_VOL
2019-04-12 20:00:00+00:00,1555099200,LOW_VOL
2019-04-14 20:00:00+00:00,1555272000,LOW_VOL
2019-04-15 00:00:00+00:00,1555286400,LOW_VOL
2019-04-15 04:00:00+00:00,1555300800,LOW_VOL
2019-04-15 08:00:00+00:00,1555315200,LOW_VOL
2019-04-15 12:00:00+00:00,1555329600,LOW_VOL
2019-04-15 16:00:00+00:00,1555344000,LOW_VOL
2019-04-15 20:00:00+00:00,1555358400,LOW_VOL
2019-04-16 00:00:00+00:00,1555372800,LOW_VOL
2019-04-16 04:00:00+00:00,1555387200,LOW_VOL
2019-04-16 08:00:00+00:00,1555401600,LOW_VOL
2019-04-16 12:00:00+00:00,1555416000,TRENDING
2019-04-16 16:00:00+00:00,1555430400,TRANSITION
2019-04-16 20:00:00+00:00,1555444800,LOW_VOL
2019-04-17 00:00:00+00:00,1555459200,LOW_VOL
2019-04-17 04:00:00+00:00,1555473600,LOW_VOL
2019-04-17 08:00:00+00:00,1555488000,LOW_VOL
2019-04-17 12:00:00+00:00,1555502400,TRANSITION
2019-04-17 16:00:00+00:00,1555516800,LOW_VOL
2019-04-17 20:00:00+00:00,1555531200,LOW_VOL
2019-04-18 00:00:00+00:00,1555545600,LOW_VOL
2019-04-18 04:00:00+00:00,1555560000,LOW_VOL
2019-04-18 08:00:00+00:00,1555574400,LOW_VOL
2019-04-18 12:00:00+00:00,1555588800,LOW_VOL
2019-04-18 16:00:00+00:00,1555603200,LOW_VOL
2019-04-18 20:00:00+00:00,1555617600,LOW_VOL
2019-04-21 20:00:00+00:00,1555876800,LOW_VOL
2019-04-22 00:00:00+00:00,1555891200,LOW_VOL
2019-04-22 04:00:00+00:00,1555905600,LOW_VOL
2019-04-22 08:00:00+00:00,1555920000,LOW_VOL
2019-04-22 12:00:00+00:00,1555934400,LOW_VOL
2019-04-22 16:00:00+00:00,1555948800,LOW_VOL
2019-04-22 20:00:00+00:00,1555963200,LOW_VOL
2019-04-23 00:00:00+00:00,1555977600,LOW_VOL
2019-04-23 04:00:00+00:00,1555992000,LOW_VOL
2019-04-23 08:00:00+00:00,1556006400,LOW_VOL
2019-04-23 12:00:00+00:00,1556020800,LOW_VOL
2019-04-23 16:00:00+00:00,1556035200,LOW_VOL
2019-04-23 20:00:00+00:00,1556049600,LOW_VOL
2019-04-24 00:00:00+00:00,1556064000,LOW_VOL
2019-04-24 04:00:00+00:00,1556078400,LOW_VOL
2019-04-24 08:00:00+00:00,1556092800,LOW_VOL
2019-04-24 12:00:00+00:00,1556107200,LOW_VOL
2019-04-24 16:00:00+00:00,1556121600,LOW_VOL
2019-04-24 20:00:00+00:00,1556136000,LOW_VOL
2019-04-25 00:00:00+00:00,1556150400,LOW_VOL
2019-04-25 04:00:00+00:00,1556164800,LOW_VOL
2019-04-25 08:00:00+00:00,1556179200,LOW_VOL
2019-04-25 12:00:00+00:00,1556193600,TRANSITION
2019-04-25 16:00:00+00:00,1556208000,LOW_VOL
2019-04-25 20:00:00+00:00,1556222400,LOW_VOL
2019-04-26 00:00:00+00:00,1556236800,LOW_VOL
2019-04-26 04:00:00+00:00,1556251200,LOW_VOL
2019-04-26 08:00:00+00:00,1556265600,LOW_VOL
2019-04-26 12:00:00+00:00,1556280000,TRANSITION
2019-04-26 16:00:00+00:00,1556294400,TRANSITION
2019-04-26 20:00:00+00:00,1556308800,TRANSITION
2019-04-28 20:00:00+00:00,1556481600,TRANSITION
2019-04-29 00:00:00+00:00,1556496000,LOW_VOL
2019-04-29 04:00:00+00:00,1556510400,TRANSITION
2019-04-29 08:00:00+00:00,1556524800,TRANSITION
2019-04-29 12:00:00+00:00,1556539200,RANGING
2019-04-29 16:00:00+00:00,1556553600,TRANSITION
2019-04-29 20:00:00+00:00,1556568000,LOW_VOL
2019-04-30 00:00:00+00:00,1556582400,LOW_VOL
2019-04-30 04:00:00+00:00,1556596800,LOW_VOL
2019-04-30 08:00:00+00:00,1556611200,LOW_VOL
2019-04-30 12:00:00+00:00,1556625600,TRANSITION
2019-04-30 16:00:00+00:00,1556640000,LOW_VOL
2019-04-30 20:00:00+00:00,1556654400,LOW_VOL
2019-05-01 00:00:00+00:00,1556668800,LOW_VOL
2019-05-01 04:00:00+00:00,1556683200,LOW_VOL
2019-05-01 08:00:00+00:00,1556697600,LOW_VOL
2019-05-01 12:00:00+00:00,1556712000,LOW_VOL
2019-05-01 16:00:00+00:00,1556726400,HIGH_VOL
2019-05-01 20:00:00+00:00,1556740800,TRANSITION
2019-05-02 00:00:00+00:00,1556755200,HIGH_VOL
2019-05-02 04:00:00+00:00,1556769600,TRANSITION
2019-05-02 08:00:00+00:00,1556784000,TRANSITION
2019-05-02 12:00:00+00:00,1556798400,HIGH_VOL
2019-05-02 16:00:00+00:00,1556812800,TRANSITION
2019-05-02 20:00:00+00:00,1556827200,TRANSITION
2019-05-03 00:00:00+00:00,1556841600,TRANSITION
2019-05-03 04:00:00+00:00,1556856000,TRANSITION
2019-05-03 08:00:00+00:00,1556870400,LOW_VOL
2019-05-03 12:00:00+00:00,1556884800,HIGH_VOL
2019-05-03 16:00:00+00:00,1556899200,HIGH_VOL
2019-05-03 20:00:00+00:00,1556913600,TRANSITION
2019-05-05 20:00:00+00:00,1557086400,HIGH_VOL
2019-05-06 00:00:00+00:00,1557100800,HIGH_VOL
2019-05-06 04:00:00+00:00,1557115200,TRANSITION
2019-05-06 08:00:00+00:00,1557129600,RANGING
2019-05-06 12:00:00+00:00,1557144000,RANGING
2019-05-06 16:00:00+00:00,1557158400,RANGING
2019-05-06 20:00:00+00:00,1557172800,TRANSITION
2019-05-07 00:00:00+00:00,1557187200,TRANSITION
2019-05-07 04:00:00+00:00,1557201600,TRANSITION
2019-05-07 08:00:00+00:00,1557216000,TRANSITION
2019-05-07 12:00:00+00:00,1557230400,TRANSITION
2019-05-07 16:00:00+00:00,1557244800,TRANSITION
2019-05-07 20:00:00+00:00,1557259200,TRENDING
2019-05-08 00:00:00+00:00,1557273600,LOW_VOL
2019-05-08 04:00:00+00:00,1557288000,LOW_VOL
2019-05-08 08:00:00+00:00,1557302400,TRANSITION
2019-05-08 12:00:00+00:00,1557316800,HIGH_VOL
2019-05-08 16:00:00+00:00,1557331200,TRANSITION
2019-05-08 20:00:00+00:00,1557345600,TRANSITION
2019-05-09 00:00:00+00:00,1557360000,TRANSITION
2019-05-09 04:00:00+00:00,1557374400,TRANSITION
2019-05-09 08:00:00+00:00,1557388800,TRANSITION
2019-05-09 12:00:00+00:00,1557403200,HIGH_VOL
2019-05-09 16:00:00+00:00,1557417600,TRANSITION
2019-05-09 20:00:00+00:00,1557432000,TRANSITION
2019-05-10 00:00:00+00:00,1557446400,TRANSITION
2019-05-10 04:00:00+00:00,1557460800,TRANSITION
2019-05-10 08:00:00+00:00,1557475200,TRANSITION
2019-05-10 12:00:00+00:00,1557489600,TRANSITION
2019-05-10 16:00:00+00:00,1557504000,TRANSITION
2019-05-10 20:00:00+00:00,1557518400,LOW_VOL
2019-05-12 20:00:00+00:00,1557691200,LOW_VOL
2019-05-13 00:00:00+00:00,1557705600,TRANSITION
2019-05-13 04:00:00+00:00,1557720000,LOW_VOL
2019-05-13 08:00:00+00:00,1557734400,LOW_VOL
2019-05-13 12:00:00+00:00,1557748800,HIGH_VOL
2019-05-13 16:00:00+00:00,1557763200,HIGH_VOL
2019-05-13 20:00:00+00:00,1557777600,HIGH_VOL
2019-05-14 00:00:00+00:00,1557792000,HIGH_VOL
2019-05-14 04:00:00+00:00,1557806400,HIGH_VOL
2019-05-14 08:00:00+00:00,1557820800,HIGH_VOL
2019-05-14 12:00:00+00:00,1557835200,HIGH_VOL
2019-05-14 16:00:00+00:00,1557849600,HIGH_VOL
2019-05-14 20:00:00+00:00,1557864000,TRANSITION
2019-05-15 00:00:00+00:00,1557878400,TRANSITION
2019-05-15 04:00:00+00:00,1557892800,TRANSITION
2019-05-15 08:00:00+00:00,1557907200,TRANSITION
2019-05-15 12:00:00+00:00,1557921600,TRANSITION
2019-05-15 16:00:00+00:00,1557936000,TRANSITION
2019-05-15 20:00:00+00:00,1557950400,TRANSITION
2019-05-16 00:00:00+00:00,1557964800,TRANSITION
2019-05-16 04:00:00+00:00,1557979200,LOW_VOL
2019-05-16 08:00:00+00:00,1557993600,TRANSITION
2019-05-16 12:00:00+00:00,1558008000,HIGH_VOL
2019-05-16 16:00:00+00:00,1558022400,TRANSITION
2019-05-16 20:00:00+00:00,1558036800,TRANSITION
2019-05-17 00:00:00+00:00,1558051200,TRANSITION
2019-05-17 04:00:00+00:00,1558065600,TRANSITION
2019-05-17 08:00:00+00:00,1558080000,TRANSITION
2019-05-17 12:00:00+00:00,1558094400,HIGH_VOL
2019-05-17 16:00:00+00:00,1558108800,HIGH_VOL
2019-05-17 20:00:00+00:00,1558123200,TRANSITION
2019-05-19 20:00:00+00:00,1558296000,TRANSITION
2019-05-20 00:00:00+00:00,1558310400,TRANSITION
2019-05-20 04:00:00+00:00,1558324800,TRANSITION
2019-05-20 08:00:00+00:00,1558339200,TRENDING
2019-05-20 12:00:00+00:00,1558353600,TRANSITION
2019-05-20 16:00:00+00:00,1558368000,TRANSITION
2019-05-20 20:00:00+00:00,1558382400,LOW_VOL
2019-05-21 00:00:00+00:00,1558396800,LOW_VOL
2019-05-21 04:00:00+00:00,1558411200,LOW_VOL
2019-05-21 08:00:00+00:00,1558425600,LOW_VOL
2019-05-21 12:00:00+00:00,1558440000,LOW_VOL
2019-05-21 16:00:00+00:00,1558454400,LOW_VOL
2019-05-21 20:00:00+00:00,1558468800,LOW_VOL
2019-05-22 00:00:00+00:00,1558483200,LOW_VOL
2019-05-22 04:00:00+00:00,1558497600,LOW_VOL
2019-05-22 08:00:00+00:00,1558512000,LOW_VOL
2019-05-22 12:00:00+00:00,1558526400,LOW_VOL
2019-05-22 16:00:00+00:00,1558540800,LOW_VOL
2019-05-22 20:00:00+00:00,1558555200,LOW_VOL
2019-05-23 00:00:00+00:00,1558569600,LOW_VOL
2019-05-23 04:00:00+00:00,1558584000,LOW_VOL
2019-05-23 08:00:00+00:00,1558598400,LOW_VOL
2019-05-23 12:00:00+00:00,1558612800,RANGING
2019-05-23 16:00:00+00:00,1558627200,TRANSITION
2019-05-23 20:00:00+00:00,1558641600,LOW_VOL
2019-05-24 00:00:00+00:00,1558656000,LOW_VOL
2019-05-24 04:00:00+00:00,1558670400,LOW_VOL
2019-05-24 08:00:00+00:00,1558684800,LOW_VOL
2019-05-24 12:00:00+00:00,1558699200,LOW_VOL
2019-05-24 16:00:00+00:00,1558713600,LOW_VOL
2019-05-24 20:00:00+00:00,1558728000,LOW_VOL
2019-05-26 20:00:00+00:00,1558900800,LOW_VOL
2019-05-27 00:00:00+00:00,1558915200,LOW_VOL
2019-05-27 04:00:00+00:00,1558929600,LOW_VOL
2019-05-27 08:00:00+00:00,1558944000,LOW_VOL
2019-05-27 12:00:00+00:00,1558958400,LOW_VOL
2019-05-27 16:00:00+00:00,1558972800,LOW_VOL
2019-05-27 20:00:00+00:00,1558987200,LOW_VOL
2019-05-28 00:00:00+00:00,1559001600,LOW_VOL
2019-05-28 04:00:00+00:00,1559016000,LOW_VOL
2019-05-28 08:00:00+00:00,1559030400,LOW_VOL
2019-05-28 12:00:00+00:00,1559044800,LOW_VOL
2019-05-28 16:00:00+00:00,1559059200,LOW_VOL
2019-05-28 20:00:00+00:00,1559073600,LOW_VOL
2019-05-29 00:00:00+00:00,1559088000,LOW_VOL
2019-05-29 04:00:00+00:00,1559102400,LOW_VOL
2019-05-29 08:00:00+00:00,1559116800,LOW_VOL
2019-05-29 12:00:00+00:00,1559131200,LOW_VOL
2019-05-29 16:00:00+00:00,1559145600,LOW_VOL
2019-05-29 20:00:00+00:00,1559160000,LOW_VOL
2019-05-30 00:00:00+00:00,1559174400,LOW_VOL
2019-05-30 04:00:00+00:00,1559188800,LOW_VOL
2019-05-30 08:00:00+00:00,1559203200,LOW_VOL
2019-05-30 12:00:00+00:00,1559217600,TRANSITION
2019-05-30 16:00:00+00:00,1559232000,RANGING
2019-05-30 20:00:00+00:00,1559246400,RANGING
2019-05-31 00:00:00+00:00,1559260800,RANGING
2019-05-31 04:00:00+00:00,1559275200,RANGING
2019-05-31 08:00:00+00:00,1559289600,TRENDING
2019-05-31 12:00:00+00:00,1559304000,HIGH_VOL
2019-05-31 16:00:00+00:00,1559318400,HIGH_VOL
2019-05-31 20:00:00+00:00,1559332800,HIGH_VOL
2019-06-02 20:00:00+00:00,1559505600,HIGH_VOL
2019-06-03 00:00:00+00:00,1559520000,HIGH_VOL
2019-06-03 04:00:00+00:00,1559534400,HIGH_VOL
2019-06-03 08:00:00+00:00,1559548800,HIGH_VOL
2019-06-03 12:00:00+00:00,1559563200,HIGH_VOL
2019-06-03 16:00:00+00:00,1559577600,HIGH_VOL
2019-06-03 20:00:00+00:00,1559592000,HIGH_VOL
2019-06-04 00:00:00+00:00,1559606400,HIGH_VOL
2019-06-04 04:00:00+00:00,1559620800,HIGH_VOL
2019-06-04 08:00:00+00:00,1559635200,HIGH_VOL
2019-06-04 12:00:00+00:00,1559649600,HIGH_VOL
2019-06-04 16:00:00+00:00,1559664000,HIGH_VOL
2019-06-04 20:00:00+00:00,1559678400,HIGH_VOL
2019-06-05 00:00:00+00:00,1559692800,HIGH_VOL
2019-06-05 04:00:00+00:00,1559707200,HIGH_VOL
2019-06-05 08:00:00+00:00,1559721600,HIGH_VOL
2019-06-05 12:00:00+00:00,1559736000,HIGH_VOL
2019-06-05 16:00:00+00:00,1559750400,HIGH_VOL
2019-06-05 20:00:00+00:00,1559764800,HIGH_VOL
2019-06-06 00:00:00+00:00,1559779200,HIGH_VOL
2019-06-06 04:00:00+00:00,1559793600,HIGH_VOL
2019-06-06 08:00:00+00:00,1559808000,HIGH_VOL
2019-06-06 12:00:00+00:00,1559822400,HIGH_VOL
2019-06-06 16:00:00+00:00,1559836800,HIGH_VOL
2019-06-06 20:00:00+00:00,1559851200,HIGH_VOL
2019-06-07 00:00:00+00:00,1559865600,HIGH_VOL
2019-06-07 04:00:00+00:00,1559880000,HIGH_VOL
2019-06-07 08:00:00+00:00,1559894400,HIGH_VOL
2019-06-07 12:00:00+00:00,1559908800,HIGH_VOL
2019-06-07 16:00:00+00:00,1559923200,HIGH_VOL
2019-06-07 20:00:00+00:00,1559937600,HIGH_VOL
2019-06-09 20:00:00+00:00,1560110400,HIGH_VOL
2019-06-10 00:00:00+00:00,1560124800,HIGH_VOL
2019-06-10 04:00:00+00:00,1560139200,HIGH_VOL
2019-06-10 08:00:00+00:00,1560153600,HIGH_VOL
2019-06-10 12:00:00+00:00,1560168000,HIGH_VOL
2019-06-10 16:00:00+00:00,1560182400,HIGH_VOL
2019-06-10 20:00:00+00:00,1560196800,HIGH_VOL
2019-06-11 00:00:00+00:00,1560211200,HIGH_VOL
2019-06-11 04:00:00+00:00,1560225600,HIGH_VOL
2019-06-11 08:00:00+00:00,1560240000,HIGH_VOL
2019-06-11 12:00:00+00:00,1560254400,HIGH_VOL
2019-06-11 16:00:00+00:00,1560268800,HIGH_VOL
2019-06-11 20:00:00+00:00,1560283200,HIGH_VOL
2019-06-12 00:00:00+00:00,1560297600,HIGH_VOL
2019-06-12 04:00:00+00:00,1560312000,HIGH_VOL
2019-06-12 08:00:00+00:00,1560326400,HIGH_VOL
2019-06-12 12:00:00+00:00,1560340800,HIGH_VOL
2019-06-12 16:00:00+00:00,1560355200,HIGH_VOL
2019-06-12 20:00:00+00:00,1560369600,HIGH_VOL
2019-06-13 00:00:00+00:00,1560384000,HIGH_VOL
2019-06-13 04:00:00+00:00,1560398400,HIGH_VOL
2019-06-13 08:00:00+00:00,1560412800,HIGH_VOL
2019-06-13 12:00:00+00:00,1560427200,HIGH_VOL
2019-06-13 16:00:00+00:00,1560441600,HIGH_VOL
2019-06-13 20:00:00+00:00,1560456000,HIGH_VOL
2019-06-14 00:00:00+00:00,1560470400,HIGH_VOL
2019-06-14 04:00:00+00:00,1560484800,HIGH_VOL
2019-06-14 08:00:00+00:00,1560499200,HIGH_VOL
2019-06-14 12:00:00+00:00,1560513600,HIGH_VOL
2019-06-14 16:00:00+00:00,1560528000,HIGH_VOL
2019-06-14 20:00:00+00:00,1560542400,HIGH_VOL
2019-06-16 20:00:00+00:00,1560715200,HIGH_VOL
2019-06-17 00:00:00+00:00,1560729600,HIGH_VOL
2019-06-17 04:00:00+00:00,1560744000,HIGH_VOL
2019-06-17 08:00:00+00:00,1560758400,HIGH_VOL
2019-06-17 12:00:00+00:00,1560772800,HIGH_VOL
2019-06-17 16:00:00+00:00,1560787200,HIGH_VOL
2019-06-17 20:00:00+00:00,1560801600,HIGH_VOL
2019-06-18 00:00:00+00:00,1560816000,HIGH_VOL
2019-06-18 04:00:00+00:00,1560830400,HIGH_VOL
2019-06-18 08:00:00+00:00,1560844800,HIGH_VOL
2019-06-18 12:00:00+00:00,1560859200,HIGH_VOL
2019-06-18 16:00:00+00:00,1560873600,HIGH_VOL
2019-06-18 20:00:00+00:00,1560888000,HIGH_VOL
2019-06-19 00:00:00+00:00,1560902400,HIGH_VOL
2019-06-19 04:00:00+00:00,1560916800,HIGH_VOL
2019-06-19 08:00:00+00:00,1560931200,HIGH_VOL
2019-06-19 12:00:00+00:00,1560945600,HIGH_VOL
2019-06-19 16:00:00+00:00,1560960000,HIGH_VOL
2019-06-19 20:00:00+00:00,1560974400,HIGH_VOL
2019-06-20 00:00:00+00:00,1560988800,HIGH_VOL
2019-06-20 04:00:00+00:00,1561003200,HIGH_VOL
2019-06-20 08:00:00+00:00,1561017600,HIGH_VOL
2019-06-20 12:00:00+00:00,1561032000,HIGH_VOL
2019-06-20 16:00:00+00:00,1561046400,HIGH_VOL
2019-06-20 20:00:00+00:00,1561060800,HIGH_VOL
2019-06-21 00:00:00+00:00,1561075200,HIGH_VOL
2019-06-21 04:00:00+00:00,1561089600,HIGH_VOL
2019-06-21 08:00:00+00:00,1561104000,HIGH_VOL
2019-06-21 12:00:00+00:00,1561118400,HIGH_VOL
2019-06-21 16:00:00+00:00,1561132800,HIGH_VOL
2019-06-21 20:00:00+00:00,1561147200,HIGH_VOL
2019-06-23 20:00:00+00:00,1561320000,HIGH_VOL
2019-06-24 00:00:00+00:00,1561334400,HIGH_VOL
2019-06-24 04:00:00+00:00,1561348800,HIGH_VOL
2019-06-24 08:00:00+00:00,1561363200,HIGH_VOL
2019-06-24 12:00:00+00:00,1561377600,HIGH_VOL
2019-06-24 16:00:00+00:00,1561392000,HIGH_VOL
2019-06-24 20:00:00+00:00,1561406400,HIGH_VOL
2019-06-25 00:00:00+00:00,1561420800,HIGH_VOL
2019-06-25 04:00:00+00:00,1561435200,HIGH_VOL
2019-06-25 08:00:00+00:00,1561449600,HIGH_VOL
2019-06-25 12:00:00+00:00,1561464000,HIGH_VOL
2019-06-25 16:00:00+00:00,1561478400,HIGH_VOL
2019-06-25 20:00:00+00:00,1561492800,HIGH_VOL
2019-06-26 00:00:00+00:00,1561507200,HIGH_VOL
2019-06-26 04:00:00+00:00,1561521600,HIGH_VOL
2019-06-26 08:00:00+00:00,1561536000,HIGH_VOL
2019-06-26 12:00:00+00:00,1561550400,HIGH_VOL
2019-06-26 16:00:00+00:00,1561564800,HIGH_VOL
2019-06-26 20:00:00+00:00,1561579200,HIGH_VOL
2019-06-27 00:00:00+00:00,1561593600,HIGH_VOL
2019-06-27 04:00:00+00:00,1561608000,HIGH_VOL
2019-06-27 08:00:00+00:00,1561622400,HIGH_VOL
2019-06-27 12:00:00+00:00,1561636800,HIGH_VOL
2019-06-27 16:00:00+00:00,1561651200,HIGH_VOL
2019-06-27 20:00:00+00:00,1561665600,HIGH_VOL
2019-06-28 00:00:00+00:00,1561680000,HIGH_VOL
2019-06-28 04:00:00+00:00,1561694400,HIGH_VOL
2019-06-28 08:00:00+00:00,1561708800,HIGH_VOL
2019-06-28 12:00:00+00:00,1561723200,HIGH_VOL
2019-06-28 16:00:00+00:00,1561737600,HIGH_VOL
2019-06-28 20:00:00+00:00,1561752000,HIGH_VOL
2019-06-30 20:00:00+00:00,1561924800,HIGH_VOL
2019-07-01 00:00:00+00:00,1561939200,HIGH_VOL
2019-07-01 04:00:00+00:00,1561953600,HIGH_VOL
2019-07-01 08:00:00+00:00,1561968000,HIGH_VOL
2019-07-01 12:00:00+00:00,1561982400,HIGH_VOL
2019-07-01 16:00:00+00:00,1561996800,HIGH_VOL
2019-07-01 20:00:00+00:00,1562011200,HIGH_VOL
2019-07-02 00:00:00+00:00,1562025600,HIGH_VOL
2019-07-02 04:00:00+00:00,1562040000,HIGH_VOL
2019-07-02 08:00:00+00:00,1562054400,HIGH_VOL
2019-07-02 12:00:00+00:00,1562068800,HIGH_VOL
2019-07-02 16:00:00+00:00,1562083200,HIGH_VOL
2019-07-02 20:00:00+00:00,1562097600,HIGH_VOL
2019-07-03 00:00:00+00:00,1562112000,HIGH_VOL
2019-07-03 04:00:00+00:00,1562126400,HIGH_VOL
2019-07-03 08:00:00+00:00,1562140800,HIGH_VOL
2019-07-03 12:00:00+00:00,1562155200,HIGH_VOL
2019-07-03 16:00:00+00:00,1562169600,HIGH_VOL
2019-07-03 20:00:00+00:00,1562184000,HIGH_VOL
2019-07-04 00:00:00+00:00,1562198400,HIGH_VOL
2019-07-04 04:00:00+00:00,1562212800,HIGH_VOL
2019-07-04 08:00:00+00:00,1562227200,HIGH_VOL
2019-07-04 12:00:00+00:00,1562241600,HIGH_VOL
2019-07-04 16:00:00+00:00,1562256000,HIGH_VOL
2019-07-04 20:00:00+00:00,1562270400,HIGH_VOL
2019-07-05 00:00:00+00:00,1562284800,HIGH_VOL
2019-07-05 04:00:00+00:00,1562299200,HIGH_VOL
2019-07-05 08:00:00+00:00,1562313600,HIGH_VOL
2019-07-05 12:00:00+00:00,1562328000,HIGH_VOL
2019-07-05 16:00:00+00:00,1562342400,HIGH_VOL
2019-07-05 20:00:00+00:00,1562356800,HIGH_VOL
2019-07-07 20:00:00+00:00,1562529600,HIGH_VOL
2019-07-08 00:00:00+00:00,1562544000,HIGH_VOL
2019-07-08 04:00:00+00:00,1562558400,HIGH_VOL
2019-07-08 08:00:00+00:00,1562572800,HIGH_VOL
2019-07-08 12:00:00+00:00,1562587200,HIGH_VOL
2019-07-08 16:00:00+00:00,1562601600,HIGH_VOL
2019-07-08 20:00:00+00:00,1562616000,HIGH_VOL
2019-07-09 00:00:00+00:00,1562630400,HIGH_VOL
2019-07-09 04:00:00+00:00,1562644800,HIGH_VOL
2019-07-09 08:00:00+00:00,1562659200,HIGH_VOL
2019-07-09 12:00:00+00:00,1562673600,HIGH_VOL
2019-07-09 16:00:00+00:00,1562688000,TRANSITION
2019-07-09 20:00:00+00:00,1562702400,TRANSITION
2019-07-10 00:00:00+00:00,1562716800,TRENDING
2019-07-10 04:00:00+00:00,1562731200,TRENDING
2019-07-10 08:00:00+00:00,1562745600,TRANSITION
2019-07-10 12:00:00+00:00,1562760000,HIGH_VOL
2019-07-10 16:00:00+00:00,1562774400,HIGH_VOL
2019-07-10 20:00:00+00:00,1562788800,RANGING
2019-07-11 00:00:00+00:00,1562803200,TRENDING
2019-07-11 04:00:00+00:00,1562817600,TRANSITION
2019-07-11 08:00:00+00:00,1562832000,TRANSITION
2019-07-11 12:00:00+00:00,1562846400,HIGH_VOL
2019-07-11 16:00:00+00:00,1562860800,HIGH_VOL
2019-07-11 20:00:00+00:00,1562875200,RANGING
2019-07-12 00:00:00+00:00,1562889600,TRANSITION
2019-07-12 04:00:00+00:00,1562904000,TRANSITION
2019-07-12 08:00:00+00:00,1562918400,TRANSITION
2019-07-12 12:00:00+00:00,1562932800,TRANSITION
2019-07-12 16:00:00+00:00,1562947200,TRANSITION
2019-07-12 20:00:00+00:00,1562961600,RANGING
2019-07-14 20:00:00+00:00,1563134400,RANGING
2019-07-15 00:00:00+00:00,1563148800,TRANSITION
2019-07-15 04:00:00+00:00,1563163200,TRANSITION
2019-07-15 08:00:00+00:00,1563177600,TRANSITION
2019-07-15 12:00:00+00:00,1563192000,TRANSITION
2019-07-15 16:00:00+00:00,1563206400,TRANSITION
2019-07-15 20:00:00+00:00,1563220800,TRANSITION
2019-07-16 00:00:00+00:00,1563235200,TRANSITION
2019-07-16 04:00:00+00:00,1563249600,TRANSITION
2019-07-16 08:00:00+00:00,1563264000,TRANSITION
2019-07-16 12:00:00+00:00,1563278400,TRANSITION
2019-07-16 16:00:00+00:00,1563292800,TRANSITION
2019-07-16 20:00:00+00:00,1563307200,TRANSITION
2019-07-17 00:00:00+00:00,1563321600,TRANSITION
2019-07-17 04:00:00+00:00,1563336000,TRANSITION
2019-07-17 08:00:00+00:00,1563350400,TRANSITION
2019-07-17 12:00:00+00:00,1563364800,TRANSITION
2019-07-17 16:00:00+00:00,1563379200,RANGING
2019-07-17 20:00:00+00:00,1563393600,TRANSITION
2019-07-18 00:00:00+00:00,1563408000,TRANSITION
2019-07-18 04:00:00+00:00,1563422400,RANGING
2019-07-18 08:00:00+00:00,1563436800,TRANSITION
2019-07-18 12:00:00+00:00,1563451200,TRANSITION
2019-07-18 16:00:00+00:00,1563465600,HIGH_VOL
2019-07-18 20:00:00+00:00,1563480000,HIGH_VOL
2019-07-19 00:00:00+00:00,1563494400,HIGH_VOL
2019-07-19 04:00:00+00:00,1563508800,HIGH_VOL
2019-07-19 08:00:00+00:00,1563523200,HIGH_VOL
2019-07-19 12:00:00+00:00,1563537600,HIGH_VOL
2019-07-19 16:00:00+00:00,1563552000,HIGH_VOL
2019-07-19 20:00:00+00:00,1563566400,HIGH_VOL
2019-07-21 20:00:00+00:00,1563739200,HIGH_VOL
2019-07-22 00:00:00+00:00,1563753600,HIGH_VOL
2019-07-22 04:00:00+00:00,1563768000,TRANSITION
2019-07-22 08:00:00+00:00,1563782400,TRANSITION
2019-07-22 12:00:00+00:00,1563796800,TRANSITION
2019-07-22 16:00:00+00:00,1563811200,TRANSITION
2019-07-22 20:00:00+00:00,1563825600,TRANSITION
2019-07-23 00:00:00+00:00,1563840000,RANGING
2019-07-23 04:00:00+00:00,1563854400,TRANSITION
2019-07-23 08:00:00+00:00,1563868800,TRANSITION
2019-07-23 12:00:00+00:00,1563883200,RANGING
2019-07-23 16:00:00+00:00,1563897600,TRANSITION
2019-07-23 20:00:00+00:00,1563912000,TRANSITION
2019-07-24 00:00:00+00:00,1563926400,TRANSITION
2019-07-24 04:00:00+00:00,1563940800,TRANSITION
2019-07-24 08:00:00+00:00,1563955200,RANGING
2019-07-24 12:00:00+00:00,1563969600,TRANSITION
2019-07-24 16:00:00+00:00,1563984000,TRANSITION
2019-07-24 20:00:00+00:00,1563998400,TRANSITION
2019-07-25 00:00:00+00:00,1564012800,TRANSITION
2019-07-25 04:00:00+00:00,1564027200,TRANSITION
2019-07-25 08:00:00+00:00,1564041600,TRANSITION
2019-07-25 12:00:00+00:00,1564056000,TRANSITION
2019-07-25 16:00:00+00:00,1564070400,TRANSITION
2019-07-25 20:00:00+00:00,1564084800,TRANSITION
2019-07-26 00:00:00+00:00,1564099200,TRANSITION
2019-07-26 04:00:00+00:00,1564113600,RANGING
2019-07-26 08:00:00+00:00,1564128000,RANGING
2019-07-26 12:00:00+00:00,1564142400,TRANSITION
2019-07-26 16:00:00+00:00,1564156800,TRANSITION
2019-07-26 20:00:00+00:00,1564171200,TRANSITION
2019-07-28 20:00:00+00:00,1564344000,TRANSITION
2019-07-29 00:00:00+00:00,1564358400,RANGING
2019-07-29 04:00:00+00:00,1564372800,TRANSITION
2019-07-29 08:00:00+00:00,1564387200,LOW_VOL
2019-07-29 12:00:00+00:00,1564401600,LOW_VOL
2019-07-29 16:00:00+00:00,1564416000,RANGING
2019-07-29 20:00:00+00:00,1564430400,LOW_VOL
2019-07-30 00:00:00+00:00,1564444800,LOW_VOL
2019-07-30 04:00:00+00:00,1564459200,LOW_VOL
2019-07-30 08:00:00+00:00,1564473600,LOW_VOL
2019-07-30 12:00:00+00:00,1564488000,LOW_VOL
2019-07-30 16:00:00+00:00,1564502400,LOW_VOL
2019-07-30 20:00:00+00:00,1564516800,LOW_VOL
2019-07-31 00:00:00+00:00,1564531200,LOW_VOL
2019-07-31 04:00:00+00:00,1564545600,LOW_VOL
2019-07-31 08:00:00+00:00,1564560000,LOW_VOL
2019-07-31 12:00:00+00:00,1564574400,LOW_VOL
2019-07-31 16:00:00+00:00,1564588800,TRANSITION
2019-07-31 20:00:00+00:00,1564603200,RANGING
2019-08-01 00:00:00+00:00,1564617600,RANGING
2019-08-01 04:00:00+00:00,1564632000,RANGING
2019-08-01 08:00:00+00:00,1564646400,RANGING
2019-08-01 12:00:00+00:00,1564660800,TRANSITION
2019-08-01 16:00:00+00:00,1564675200,HIGH_VOL
2019-08-01 20:00:00+00:00,1564689600,HIGH_VOL
2019-08-02 00:00:00+00:00,1564704000,HIGH_VOL
2019-08-02 04:00:00+00:00,1564718400,HIGH_VOL
2019-08-02 08:00:00+00:00,1564732800,HIGH_VOL
2019-08-02 12:00:00+00:00,1564747200,HIGH_VOL
2019-08-02 16:00:00+00:00,1564761600,HIGH_VOL
2019-08-02 20:00:00+00:00,1564776000,HIGH_VOL
2019-08-04 20:00:00+00:00,1564948800,HIGH_VOL
2019-08-05 00:00:00+00:00,1564963200,HIGH_VOL
2019-08-05 04:00:00+00:00,1564977600,HIGH_VOL
2019-08-05 08:00:00+00:00,1564992000,HIGH_VOL
2019-08-05 12:00:00+00:00,1565006400,HIGH_VOL
2019-08-05 16:00:00+00:00,1565020800,HIGH_VOL
2019-08-05 20:00:00+00:00,1565035200,HIGH_VOL
2019-08-06 00:00:00+00:00,1565049600,HIGH_VOL
2019-08-06 04:00:00+00:00,1565064000,HIGH_VOL
2019-08-06 08:00:00+00:00,1565078400,HIGH_VOL
2019-08-06 12:00:00+00:00,1565092800,HIGH_VOL
2019-08-06 16:00:00+00:00,1565107200,HIGH_VOL
2019-08-06 20:00:00+00:00,1565121600,HIGH_VOL
2019-08-07 00:00:00+00:00,1565136000,HIGH_VOL
2019-08-07 04:00:00+00:00,1565150400,HIGH_VOL
2019-08-07 08:00:00+00:00,1565164800,HIGH_VOL
2019-08-07 12:00:00+00:00,1565179200,HIGH_VOL
2019-08-07 16:00:00+00:00,1565193600,HIGH_VOL
2019-08-07 20:00:00+00:00,1565208000,HIGH_VOL
2019-08-08 00:00:00+00:00,1565222400,HIGH_VOL
2019-08-08 04:00:00+00:00,1565236800,HIGH_VOL
2019-08-08 08:00:00+00:00,1565251200,HIGH_VOL
2019-08-08 12:00:00+00:00,1565265600,HIGH_VOL
2019-08-08 16:00:00+00:00,1565280000,HIGH_VOL
2019-08-08 20:00:00+00:00,1565294400,HIGH_VOL
2019-08-09 00:00:00+00:00,1565308800,HIGH_VOL
2019-08-09 04:00:00+00:00,1565323200,HIGH_VOL
2019-08-09 08:00:00+00:00,1565337600,HIGH_VOL
2019-08-09 12:00:00+00:00,1565352000,HIGH_VOL
2019-08-09 16:00:00+00:00,1565366400,HIGH_VOL
2019-08-09 20:00:00+00:00,1565380800,HIGH_VOL
2019-08-11 20:00:00+00:00,1565553600,TRANSITION
2019-08-12 00:00:00+00:00,1565568000,TRANSITION
2019-08-12 04:00:00+00:00,1565582400,TRANSITION
2019-08-12 08:00:00+00:00,1565596800,HIGH_VOL
2019-08-12 12:00:00+00:00,1565611200,HIGH_VOL
2019-08-12 16:00:00+00:00,1565625600,HIGH_VOL
2019-08-12 20:00:00+00:00,1565640000,HIGH_VOL
2019-08-13 00:00:00+00:00,1565654400,HIGH_VOL
2019-08-13 04:00:00+00:00,1565668800,HIGH_VOL
2019-08-13 08:00:00+00:00,1565683200,HIGH_VOL
2019-08-13 12:00:00+00:00,1565697600,HIGH_VOL
2019-08-13 16:00:00+00:00,1565712000,HIGH_VOL
2019-08-13 20:00:00+00:00,1565726400,HIGH_VOL
2019-08-14 00:00:00+00:00,1565740800,HIGH_VOL
2019-08-14 04:00:00+00:00,1565755200,HIGH_VOL
2019-08-14 08:00:00+00:00,1565769600,HIGH_VOL
2019-08-14 12:00:00+00:00,1565784000,HIGH_VOL
2019-08-14 16:00:00+00:00,1565798400,HIGH_VOL
2019-08-14 20:00:00+00:00,1565812800,HIGH_VOL
2019-08-15 00:00:00+00:00,1565827200,HIGH_VOL
2019-08-15 04:00:00+00:00,1565841600,HIGH_VOL
2019-08-15 08:00:00+00:00,1565856000,HIGH_VOL
2019-08-15 12:00:00+00:00,1565870400,HIGH_VOL
2019-08-15 16:00:00+00:00,1565884800,HIGH_VOL
2019-08-15 20:00:00+00:00,1565899200,HIGH_VOL
2019-08-16 00:00:00+00:00,1565913600,HIGH_VOL
2019-08-16 04:00:00+00:00,1565928000,HIGH_VOL
2019-08-16 08:00:00+00:00,1565942400,HIGH_VOL
2019-08-16 12:00:00+00:00,1565956800,HIGH_VOL
2019-08-16 16:00:00+00:00,1565971200,HIGH_VOL
2019-08-16 20:00:00+00:00,1565985600,HIGH_VOL
2019-08-18 20:00:00+00:00,1566158400,HIGH_VOL
2019-08-19 00:00:00+00:00,1566172800,HIGH_VOL
2019-08-19 04:00:00+00:00,1566187200,HIGH_VOL
2019-08-19 08:00:00+00:00,1566201600,HIGH_VOL
2019-08-19 12:00:00+00:00,1566216000,HIGH_VOL
2019-08-19 16:00:00+00:00,1566230400,HIGH_VOL
2019-08-19 20:00:00+00:00,1566244800,TRANSITION
2019-08-20 00:00:00+00:00,1566259200,RANGING
2019-08-20 04:00:00+00:00,1566273600,TRANSITION
2019-08-20 08:00:00+00:00,1566288000,TRANSITION
2019-08-20 12:00:00+00:00,1566302400,TRANSITION
2019-08-20 16:00:00+00:00,1566316800,TRANSITION
2019-08-20 20:00:00+00:00,1566331200,TRANSITION
2019-08-21 00:00:00+00:00,1566345600,TRANSITION
2019-08-21 04:00:00+00:00,1566360000,RANGING
2019-08-21 08:00:00+00:00,1566374400,TRANSITION
2019-08-21 12:00:00+00:00,1566388800,TRANSITION
2019-08-21 16:00:00+00:00,1566403200,RANGING
2019-08-21 20:00:00+00:00,1566417600,TRANSITION
2019-08-22 00:00:00+00:00,1566432000,LOW_VOL
2019-08-22 04:00:00+00:00,1566446400,LOW_VOL
2019-08-22 08:00:00+00:00,1566460800,LOW_VOL
2019-08-22 12:00:00+00:00,1566475200,TRANSITION
2019-08-22 16:00:00+00:00,1566489600,TRANSITION
2019-08-22 20:00:00+00:00,1566504000,LOW_VOL
2019-08-23 00:00:00+00:00,1566518400,LOW_VOL
2019-08-23 04:00:00+00:00,1566532800,LOW_VOL
2019-08-23 08:00:00+00:00,1566547200,LOW_VOL
2019-08-23 12:00:00+00:00,1566561600,TRANSITION
2019-08-23 16:00:00+00:00,1566576000,TRANSITION
2019-08-23 20:00:00+00:00,1566590400,TRANSITION
2019-08-25 20:00:00+00:00,1566763200,TRANSITION
2019-08-26 00:00:00+00:00,1566777600,HIGH_VOL
2019-08-26 04:00:00+00:00,1566792000,HIGH_VOL
2019-08-26 08:00:00+00:00,1566806400,HIGH_VOL
2019-08-26 12:00:00+00:00,1566820800,HIGH_VOL
2019-08-26 16:00:00+00:00,1566835200,HIGH_VOL
2019-08-26 20:00:00+00:00,1566849600,RANGING
2019-08-27 00:00:00+00:00,1566864000,TRANSITION
2019-08-27 04:00:00+00:00,1566878400,TRANSITION
2019-08-27 08:00:00+00:00,1566892800,TRANSITION
2019-08-27 12:00:00+00:00,1566907200,TRANSITION
2019-08-27 16:00:00+00:00,1566921600,TRANSITION
2019-08-27 20:00:00+00:00,1566936000,TRENDING
2019-08-28 00:00:00+00:00,1566950400,TRANSITION
2019-08-28 04:00:00+00:00,1566964800,TRANSITION
2019-08-28 08:00:00+00:00,1566979200,TRANSITION
2019-08-28 12:00:00+00:00,1566993600,TRANSITION
2019-08-28 16:00:00+00:00,1567008000,TRANSITION
2019-08-28 20:00:00+00:00,1567022400,TRANSITION
2019-08-29 00:00:00+00:00,1567036800,TRANSITION
2019-08-29 04:00:00+00:00,1567051200,TRANSITION
2019-08-29 08:00:00+00:00,1567065600,TRANSITION
2019-08-29 12:00:00+00:00,1567080000,RANGING
2019-08-29 16:00:00+00:00,1567094400,RANGING
2019-08-29 20:00:00+00:00,1567108800,TRANSITION
2019-08-30 00:00:00+00:00,1567123200,TRANSITION
2019-08-30 04:00:00+00:00,1567137600,TRANSITION
2019-08-30 08:00:00+00:00,1567152000,TRANSITION
2019-08-30 12:00:00+00:00,1567166400,TRANSITION
2019-08-30 16:00:00+00:00,1567180800,TRANSITION
2019-08-30 20:00:00+00:00,1567195200,TRANSITION
2019-09-01 20:00:00+00:00,1567368000,TRANSITION
2019-09-02 00:00:00+00:00,1567382400,TRANSITION
2019-09-02 04:00:00+00:00,1567396800,TRANSITION
2019-09-02 08:00:00+00:00,1567411200,TRANSITION
2019-09-02 12:00:00+00:00,1567425600,TRANSITION
2019-09-02 16:00:00+00:00,1567440000,RANGING
2019-09-02 20:00:00+00:00,1567454400,TRANSITION
2019-09-03 00:00:00+00:00,1567468800,TRANSITION
2019-09-03 04:00:00+00:00,1567483200,TRANSITION
2019-09-03 08:00:00+00:00,1567497600,TRANSITION
2019-09-03 12:00:00+00:00,1567512000,RANGING
2019-09-03 16:00:00+00:00,1567526400,TRANSITION
2019-09-03 20:00:00+00:00,1567540800,TRANSITION
2019-09-04 00:00:00+00:00,1567555200,TRANSITION
2019-09-04 04:00:00+00:00,1567569600,TRANSITION
2019-09-04 08:00:00+00:00,1567584000,RANGING
2019-09-04 12:00:00+00:00,1567598400,TRANSITION
2019-09-04 16:00:00+00:00,1567612800,TRANSITION
2019-09-04 20:00:00+00:00,1567627200,TRANSITION
2019-09-05 00:00:00+00:00,1567641600,TRANSITION
2019-09-05 04:00:00+00:00,1567656000,RANGING
2019-09-05 08:00:00+00:00,1567670400,TRANSITION
2019-09-05 12:00:00+00:00,1567684800,HIGH_VOL
2019-09-05 16:00:00+00:00,1567699200,HIGH_VOL
2019-09-05 20:00:00+00:00,1567713600,HIGH_VOL
2019-09-06 00:00:00+00:00,1567728000,HIGH_VOL
2019-09-06 04:00:00+00:00,1567742400,HIGH_VOL
2019-09-06 08:00:00+00:00,1567756800,HIGH_VOL
2019-09-06 12:00:00+00:00,1567771200,HIGH_VOL
2019-09-06 16:00:00+00:00,1567785600,HIGH_VOL
2019-09-06 20:00:00+00:00,1567800000,HIGH_VOL
2019-09-08 20:00:00+00:00,1567972800,HIGH_VOL
2019-09-09 00:00:00+00:00,1567987200,HIGH_VOL
2019-09-09 04:00:00+00:00,1568001600,HIGH_VOL
2019-09-09 08:00:00+00:00,1568016000,HIGH_VOL
2019-09-09 12:00:00+00:00,1568030400,HIGH_VOL
2019-09-09 16:00:00+00:00,1568044800,HIGH_VOL
2019-09-09 20:00:00+00:00,1568059200,HIGH_VOL
2019-09-10 00:00:00+00:00,1568073600,HIGH_VOL
2019-09-10 04:00:00+00:00,1568088000,HIGH_VOL
2019-09-10 08:00:00+00:00,1568102400,TRANSITION
2019-09-10 12:00:00+00:00,1568116800,HIGH_VOL
2019-09-10 16:00:00+00:00,1568131200,HIGH_VOL
2019-09-10 20:00:00+00:00,1568145600,TRANSITION
2019-09-11 00:00:00+00:00,1568160000,TRANSITION
2019-09-11 04:00:00+00:00,1568174400,TRANSITION
2019-09-11 08:00:00+00:00,1568188800,TRANSITION
2019-09-11 12:00:00+00:00,1568203200,TRANSITION
2019-09-11 16:00:00+00:00,1568217600,RANGING
2019-09-11 20:00:00+00:00,1568232000,TRANSITION
2019-09-12 00:00:00+00:00,1568246400,TRANSITION
2019-09-12 04:00:00+00:00,1568260800,TRANSITION
2019-09-12 08:00:00+00:00,1568275200,RANGING
2019-09-12 12:00:00+00:00,1568289600,HIGH_VOL
2019-09-12 16:00:00+00:00,1568304000,HIGH_VOL
2019-09-12 20:00:00+00:00,1568318400,RANGING
2019-09-13 00:00:00+00:00,1568332800,RANGING
2019-09-13 04:00:00+00:00,1568347200,TRANSITION
2019-09-13 08:00:00+00:00,1568361600,TRANSITION
2019-09-13 12:00:00+00:00,1568376000,HIGH_VOL
2019-09-13 16:00:00+00:00,1568390400,TRANSITION
2019-09-13 20:00:00+00:00,1568404800,TRANSITION
2019-09-15 20:00:00+00:00,1568577600,HIGH_VOL
2019-09-16 00:00:00+00:00,1568592000,HIGH_VOL
2019-09-16 04:00:00+00:00,1568606400,TRANSITION
2019-09-16 08:00:00+00:00,1568620800,TRANSITION
2019-09-16 12:00:00+00:00,1568635200,TRANSITION
2019-09-16 16:00:00+00:00,1568649600,TRANSITION
2019-09-16 20:00:00+00:00,1568664000,TRANSITION
2019-09-17 00:00:00+00:00,1568678400,TRANSITION
2019-09-17 04:00:00+00:00,1568692800,TRANSITION
2019-09-17 08:00:00+00:00,1568707200,TRANSITION
2019-09-17 12:00:00+00:00,1568721600,TRANSITION
2019-09-17 16:00:00+00:00,1568736000,TRANSITION
2019-09-17 20:00:00+00:00,1568750400,LOW_VOL
2019-09-18 00:00:00+00:00,1568764800,LOW_VOL
2019-09-18 04:00:00+00:00,1568779200,LOW_VOL
2019-09-18 08:00:00+00:00,1568793600,LOW_VOL
2019-09-18 12:00:00+00:00,1568808000,LOW_VOL
2019-09-18 16:00:00+00:00,1568822400,TRANSITION
2019-09-18 20:00:00+00:00,1568836800,TRANSITION
2019-09-19 00:00:00+00:00,1568851200,TRANSITION
2019-09-19 04:00:00+00:00,1568865600,LOW_VOL
2019-09-19 08:00:00+00:00,1568880000,LOW_VOL
2019-09-19 12:00:00+00:00,1568894400,LOW_VOL
2019-09-19 16:00:00+00:00,1568908800,LOW_VOL
2019-09-19 20:00:00+00:00,1568923200,LOW_VOL
2019-09-20 00:00:00+00:00,1568937600,LOW_VOL
2019-09-20 04:00:00+00:00,1568952000,LOW_VOL
2019-09-20 08:00:00+00:00,1568966400,LOW_VOL
2019-09-20 12:00:00+00:00,1568980800,LOW_VOL
2019-09-20 16:00:00+00:00,1568995200,LOW_VOL
2019-09-20 20:00:00+00:00,1569009600,LOW_VOL
2019-09-22 20:00:00+00:00,1569182400,LOW_VOL
2019-09-23 00:00:00+00:00,1569196800,LOW_VOL
2019-09-23 04:00:00+00:00,1569211200,LOW_VOL
2019-09-23 08:00:00+00:00,1569225600,LOW_VOL
2019-09-23 12:00:00+00:00,1569240000,LOW_VOL
2019-09-23 16:00:00+00:00,1569254400,LOW_VOL
2019-09-23 20:00:00+00:00,1569268800,LOW_VOL
2019-09-24 00:00:00+00:00,1569283200,LOW_VOL
2019-09-24 04:00:00+00:00,1569297600,LOW_VOL
2019-09-24 08:00:00+00:00,1569312000,LOW_VOL
2019-09-24 12:00:00+00:00,1569326400,LOW_VOL
2019-09-24 16:00:00+00:00,1569340800,LOW_VOL
2019-09-24 20:00:00+00:00,1569355200,LOW_VOL
2019-09-25 00:00:00+00:00,1569369600,LOW_VOL
2019-09-25 04:00:00+00:00,1569384000,LOW_VOL
2019-09-25 08:00:00+00:00,1569398400,LOW_VOL
2019-09-25 12:00:00+00:00,1569412800,LOW_VOL
2019-09-25 16:00:00+00:00,1569427200,LOW_VOL
2019-09-25 20:00:00+00:00,1569441600,LOW_VOL
2019-09-26 00:00:00+00:00,1569456000,LOW_VOL
2019-09-26 04:00:00+00:00,1569470400,LOW_VOL
2019-09-26 08:00:00+00:00,1569484800,LOW_VOL
2019-09-26 12:00:00+00:00,1569499200,LOW_VOL
2019-09-26 16:00:00+00:00,1569513600,LOW_VOL
2019-09-26 20:00:00+00:00,1569528000,LOW_VOL
2019-09-27 00:00:00+00:00,1569542400,LOW_VOL
2019-09-27 04:00:00+00:00,1569556800,LOW_VOL
2019-09-27 08:00:00+00:00,1569571200,LOW_VOL
2019-09-27 12:00:00+00:00,1569585600,LOW_VOL
2019-09-27 16:00:00+00:00,1569600000,TRANSITION
2019-09-27 20:00:00+00:00,1569614400,LOW_VOL
2019-09-29 20:00:00+00:00,1569787200,LOW_VOL
2019-09-30 00:00:00+00:00,1569801600,LOW_VOL
2019-09-30 04:00:00+00:00,1569816000,LOW_VOL
2019-09-30 08:00:00+00:00,1569830400,LOW_VOL
2019-09-30 12:00:00+00:00,1569844800,TRENDING
2019-09-30 16:00:00+00:00,1569859200,TRANSITION
2019-09-30 20:00:00+00:00,1569873600,TRANSITION
2019-10-01 00:00:00+00:00,1569888000,TRANSITION
2019-10-01 04:00:00+00:00,1569902400,TRANSITION
2019-10-01 08:00:00+00:00,1569916800,TRANSITION
2019-10-01 12:00:00+00:00,1569931200,HIGH_VOL
2019-10-01 16:00:00+00:00,1569945600,HIGH_VOL
2019-10-01 20:00:00+00:00,1569960000,TRANSITION
2019-10-02 00:00:00+00:00,1569974400,TRANSITION
2019-10-02 04:00:00+00:00,1569988800,TRANSITION
2019-10-02 08:00:00+00:00,1570003200,TRANSITION
2019-10-02 12:00:00+00:00,1570017600,HIGH_VOL
2019-10-02 16:00:00+00:00,1570032000,HIGH_VOL
2019-10-02 20:00:00+00:00,1570046400,RANGING
2019-10-03 00:00:00+00:00,1570060800,TRANSITION
2019-10-03 04:00:00+00:00,1570075200,TRANSITION
2019-10-03 08:00:00+00:00,1570089600,TRANSITION
2019-10-03 12:00:00+00:00,1570104000,HIGH_VOL
2019-10-03 16:00:00+00:00,1570118400,TRANSITION
2019-10-03 20:00:00+00:00,1570132800,TRANSITION
2019-10-04 00:00:00+00:00,1570147200,TRANSITION
2019-10-04 04:00:00+00:00,1570161600,TRANSITION
2019-10-04 08:00:00+00:00,1570176000,TRANSITION
2019-10-04 12:00:00+00:00,1570190400,TRENDING
2019-10-04 16:00:00+00:00,1570204800,TRANSITION
2019-10-04 20:00:00+00:00,1570219200,TRANSITION
2019-10-06 20:00:00+00:00,1570392000,TRANSITION
2019-10-07 00:00:00+00:00,1570406400,TRANSITION
2019-10-07 04:00:00+00:00,1570420800,LOW_VOL
2019-10-07 08:00:00+00:00,1570435200,LOW_VOL
2019-10-07 12:00:00+00:00,1570449600,LOW_VOL
2019-10-07 16:00:00+00:00,1570464000,RANGING
2019-10-07 20:00:00+00:00,1570478400,LOW_VOL
2019-10-08 00:00:00+00:00,1570492800,LOW_VOL
2019-10-08 04:00:00+00:00,1570507200,TRANSITION
2019-10-08 08:00:00+00:00,1570521600,TRANSITION
2019-10-08 12:00:00+00:00,1570536000,TRANSITION
2019-10-08 16:00:00+00:00,1570550400,TRANSITION
2019-10-08 20:00:00+00:00,1570564800,TRANSITION
2019-10-09 00:00:00+00:00,1570579200,TRANSITION
2019-10-09 04:00:00+00:00,1570593600,TRANSITION
2019-10-09 08:00:00+00:00,1570608000,TRANSITION
2019-10-09 12:00:00+00:00,1570622400,TRANSITION
2019-10-09 16:00:00+00:00,1570636800,TRANSITION
2019-10-09 20:00:00+00:00,1570651200,TRANSITION
2019-10-10 00:00:00+00:00,1570665600,TRANSITION
2019-10-10 04:00:00+00:00,1570680000,TRANSITION
2019-10-10 08:00:00+00:00,1570694400,RANGING
2019-10-10 12:00:00+00:00,1570708800,RANGING
2019-10-10 16:00:00+00:00,1570723200,RANGING
2019-10-10 20:00:00+00:00,1570737600,TRANSITION
2019-10-11 00:00:00+00:00,1570752000,TRANSITION
2019-10-11 04:00:00+00:00,1570766400,RANGING
2019-10-11 08:00:00+00:00,1570780800,HIGH_VOL
2019-10-11 12:00:00+00:00,1570795200,HIGH_VOL
2019-10-11 16:00:00+00:00,1570809600,HIGH_VOL
2019-10-11 20:00:00+00:00,1570824000,HIGH_VOL
2019-10-13 20:00:00+00:00,1570996800,HIGH_VOL
2019-10-14 00:00:00+00:00,1571011200,TRANSITION
2019-10-14 04:00:00+00:00,1571025600,TRANSITION
2019-10-14 08:00:00+00:00,1571040000,RANGING
2019-10-14 12:00:00+00:00,1571054400,TRANSITION
2019-10-14 16:00:00+00:00,1571068800,TRANSITION
2019-10-14 20:00:00+00:00,1571083200,LOW_VOL
2019-10-15 00:00:00+00:00,1571097600,LOW_VOL
2019-10-15 04:00:00+00:00,1571112000,LOW_VOL
2019-10-15 08:00:00+00:00,1571126400,LOW_VOL
2019-10-15 12:00:00+00:00,1571140800,TRANSITION
2019-10-15 16:00:00+00:00,1571155200,LOW_VOL
2019-10-15 20:00:00+00:00,1571169600,LOW_VOL
2019-10-16 00:00:00+00:00,1571184000,LOW_VOL
2019-10-16 04:00:00+00:00,1571198400,LOW_VOL
2019-10-16 08:00:00+00:00,1571212800,LOW_VOL
2019-10-16 12:00:00+00:00,1571227200,LOW_VOL
2019-10-16 16:00:00+00:00,1571241600,LOW_VOL
2019-10-16 20:00:00+00:00,1571256000,LOW_VOL
2019-10-17 00:00:00+00:00,1571270400,LOW_VOL
2019-10-17 04:00:00+00:00,1571284800,LOW_VOL
2019-10-17 08:00:00+00:00,1571299200,LOW_VOL
2019-10-17 12:00:00+00:00,1571313600,LOW_VOL
2019-10-17 16:00:00+00:00,1571328000,LOW_VOL
2019-10-17 20:00:00+00:00,1571342400,LOW_VOL
2019-10-18 00:00:00+00:00,1571356800,LOW_VOL
2019-10-18 04:00:00+00:00,1571371200,LOW_VOL
2019-10-18 08:00:00+00:00,1571385600,LOW_VOL
2019-10-18 12:00:00+00:00,1571400000,LOW_VOL
2019-10-18 16:00:00+00:00,1571414400,LOW_VOL
2019-10-18 20:00:00+00:00,1571428800,LOW_VOL
2019-10-20 20:00:00+00:00,1571601600,LOW_VOL
2019-10-21 00:00:00+00:00,1571616000,LOW_VOL
2019-10-21 04:00:00+00:00,1571630400,LOW_VOL
2019-10-21 08:00:00+00:00,1571644800,LOW_VOL
2019-10-21 12:00:00+00:00,1571659200,LOW_VOL
2019-10-21 16:00:00+00:00,1571673600,LOW_VOL
2019-10-21 20:00:00+00:00,1571688000,LOW_VOL
2019-10-22 00:00:00+00:00,1571702400,LOW_VOL
2019-10-22 04:00:00+00:00,1571716800,LOW_VOL
2019-10-22 08:00:00+00:00,1571731200,LOW_VOL
2019-10-22 12:00:00+00:00,1571745600,LOW_VOL
2019-10-22 16:00:00+00:00,1571760000,LOW_VOL
2019-10-22 20:00:00+00:00,1571774400,LOW_VOL
2019-10-23 00:00:00+00:00,1571788800,LOW_VOL
2019-10-23 04:00:00+00:00,1571803200,LOW_VOL
2019-10-23 08:00:00+00:00,1571817600,LOW_VOL
2019-10-23 12:00:00+00:00,1571832000,LOW_VOL
2019-10-23 16:00:00+00:00,1571846400,LOW_VOL
2019-10-23 20:00:00+00:00,1571860800,LOW_VOL
2019-10-24 00:00:00+00:00,1571875200,LOW_VOL
2019-10-24 04:00:00+00:00,1571889600,LOW_VOL
2019-10-24 08:00:00+00:00,1571904000,LOW_VOL
2019-10-24 12:00:00+00:00,1571918400,LOW_VOL
2019-10-24 16:00:00+00:00,1571932800,LOW_VOL
2019-10-24 20:00:00+00:00,1571947200,LOW_VOL
2019-10-25 00:00:00+00:00,1571961600,LOW_VOL
2019-10-25 04:00:00+00:00,1571976000,LOW_VOL
2019-10-25 08:00:00+00:00,1571990400,LOW_VOL
2019-10-25 12:00:00+00:00,1572004800,LOW_VOL
2019-10-25 16:00:00+00:00,1572019200,LOW_VOL
2019-10-25 20:00:00+00:00,1572033600,LOW_VOL
2019-10-27 20:00:00+00:00,1572206400,LOW_VOL
2019-10-28 00:00:00+00:00,1572220800,LOW_VOL
2019-10-28 04:00:00+00:00,1572235200,LOW_VOL
2019-10-28 08:00:00+00:00,1572249600,LOW_VOL
2019-10-28 12:00:00+00:00,1572264000,LOW_VOL
2019-10-28 16:00:00+00:00,1572278400,LOW_VOL
2019-10-28 20:00:00+00:00,1572292800,LOW_VOL
2019-10-29 00:00:00+00:00,1572307200,LOW_VOL
2019-10-29 04:00:00+00:00,1572321600,LOW_VOL
2019-10-29 08:00:00+00:00,1572336000,LOW_VOL
2019-10-29 12:00:00+00:00,1572350400,LOW_VOL
2019-10-29 16:00:00+00:00,1572364800,LOW_VOL
2019-10-29 20:00:00+00:00,1572379200,LOW_VOL
2019-10-30 00:00:00+00:00,1572393600,LOW_VOL
2019-10-30 04:00:00+00:00,1572408000,LOW_VOL
2019-10-30 08:00:00+00:00,1572422400,LOW_VOL
2019-10-30 12:00:00+00:00,1572436800,LOW_VOL
2019-10-30 16:00:00+00:00,1572451200,LOW_VOL
2019-10-30 20:00:00+00:00,1572465600,LOW_VOL
2019-10-31 00:00:00+00:00,1572480000,LOW_VOL
2019-10-31 04:00:00+00:00,1572494400,LOW_VOL
2019-10-31 08:00:00+00:00,1572508800,LOW_VOL
2019-10-31 12:00:00+00:00,1572523200,LOW_VOL
2019-10-31 16:00:00+00:00,1572537600,LOW_VOL
2019-10-31 20:00:00+00:00,1572552000,LOW_VOL
2019-11-01 00:00:00+00:00,1572566400,LOW_VOL
2019-11-01 04:00:00+00:00,1572580800,LOW_VOL
2019-11-01 08:00:00+00:00,1572595200,LOW_VOL
2019-11-01 12:00:00+00:00,1572609600,LOW_VOL
2019-11-01 16:00:00+00:00,1572624000,LOW_VOL
2019-11-01 20:00:00+00:00,1572638400,LOW_VOL
2019-11-03 20:00:00+00:00,1572811200,LOW_VOL
2019-11-04 00:00:00+00:00,1572825600,LOW_VOL
2019-11-04 04:00:00+00:00,1572840000,LOW_VOL
2019-11-04 08:00:00+00:00,1572854400,LOW_VOL
2019-11-04 12:00:00+00:00,1572868800,LOW_VOL
2019-11-04 16:00:00+00:00,1572883200,LOW_VOL
2019-11-04 20:00:00+00:00,1572897600,LOW_VOL
2019-11-05 00:00:00+00:00,1572912000,LOW_VOL
2019-11-05 04:00:00+00:00,1572926400,LOW_VOL
2019-11-05 08:00:00+00:00,1572940800,LOW_VOL
2019-11-05 12:00:00+00:00,1572955200,TRANSITION
2019-11-05 16:00:00+00:00,1572969600,TRENDING
2019-11-05 20:00:00+00:00,1572984000,TRANSITION
2019-11-06 00:00:00+00:00,1572998400,TRANSITION
2019-11-06 04:00:00+00:00,1573012800,LOW_VOL
2019-11-06 08:00:00+00:00,1573027200,LOW_VOL
2019-11-06 12:00:00+00:00,1573041600,TRANSITION
2019-11-06 16:00:00+00:00,1573056000,TRANSITION
2019-11-06 20:00:00+00:00,1573070400,LOW_VOL
2019-11-07 00:00:00+00:00,1573084800,LOW_VOL
2019-11-07 04:00:00+00:00,1573099200,LOW_VOL
2019-11-07 08:00:00+00:00,1573113600,TRANSITION
2019-11-07 12:00:00+00:00,1573128000,TRENDING
2019-11-07 16:00:00+00:00,1573142400,TRENDING
2019-11-07 20:00:00+00:00,1573156800,TRANSITION
2019-11-08 00:00:00+00:00,1573171200,TRANSITION
2019-11-08 04:00:00+00:00,1573185600,TRENDING
2019-11-08 08:00:00+00:00,1573200000,TRANSITION
2019-11-08 12:00:00+00:00,1573214400,TRANSITION
2019-11-08 16:00:00+00:00,1573228800,TRANSITION
2019-11-08 20:00:00+00:00,1573243200,TRANSITION
2019-11-10 20:00:00+00:00,1573416000,TRANSITION
2019-11-11 00:00:00+00:00,1573430400,TRANSITION
2019-11-11 04:00:00+00:00,1573444800,TRENDING
2019-11-11 08:00:00+00:00,1573459200,TRANSITION
2019-11-11 12:00:00+00:00,1573473600,TRANSITION
2019-11-11 16:00:00+00:00,1573488000,TRANSITION
2019-11-11 20:00:00+00:00,1573502400,TRANSITION
2019-11-12 00:00:00+00:00,1573516800,TRANSITION
2019-11-12 04:00:00+00:00,1573531200,TRANSITION
2019-11-12 08:00:00+00:00,1573545600,TRANSITION
2019-11-12 12:00:00+00:00,1573560000,TRANSITION
2019-11-12 16:00:00+00:00,1573574400,TRANSITION
2019-11-12 20:00:00+00:00,1573588800,TRANSITION
2019-11-13 00:00:00+00:00,1573603200,TRANSITION
2019-11-13 04:00:00+00:00,1573617600,TRANSITION
2019-11-13 08:00:00+00:00,1573632000,RANGING
2019-11-13 12:00:00+00:00,1573646400,RANGING
2019-11-13 16:00:00+00:00,1573660800,TRANSITION
2019-11-13 20:00:00+00:00,1573675200,TRANSITION
2019-11-14 00:00:00+00:00,1573689600,TRANSITION
2019-11-14 04:00:00+00:00,1573704000,TRANSITION
2019-11-14 08:00:00+00:00,1573718400,RANGING
2019-11-14 12:00:00+00:00,1573732800,RANGING
2019-11-14 16:00:00+00:00,1573747200,RANGING
2019-11-14 20:00:00+00:00,1573761600,TRANSITION
2019-11-15 00:00:00+00:00,1573776000,LOW_VOL
2019-11-15 04:00:00+00:00,1573790400,LOW_VOL
2019-11-15 08:00:00+00:00,1573804800,LOW_VOL
2019-11-15 12:00:00+00:00,1573819200,LOW_VOL
2019-11-15 16:00:00+00:00,1573833600,LOW_VOL
2019-11-15 20:00:00+00:00,1573848000,LOW_VOL
2019-11-17 20:00:00+00:00,1574020800,LOW_VOL
2019-11-18 00:00:00+00:00,1574035200,LOW_VOL
2019-11-18 04:00:00+00:00,1574049600,LOW_VOL
2019-11-18 08:00:00+00:00,1574064000,LOW_VOL
2019-11-18 12:00:00+00:00,1574078400,TRANSITION
2019-11-18 16:00:00+00:00,1574092800,TRANSITION
2019-11-18 20:00:00+00:00,1574107200,LOW_VOL
2019-11-19 00:00:00+00:00,1574121600,LOW_VOL
2019-11-19 04:00:00+00:00,1574136000,LOW_VOL
2019-11-19 08:00:00+00:00,1574150400,RANGING
2019-11-19 12:00:00+00:00,1574164800,TRANSITION
2019-11-19 16:00:00+00:00,1574179200,TRANSITION
2019-11-19 20:00:00+00:00,1574193600,TRANSITION
2019-11-20 00:00:00+00:00,1574208000,LOW_VOL
2019-11-20 04:00:00+00:00,1574222400,LOW_VOL
2019-11-20 08:00:00+00:00,1574236800,LOW_VOL
2019-11-20 12:00:00+00:00,1574251200,TRANSITION
2019-11-20 16:00:00+00:00,1574265600,TRANSITION
2019-11-20 20:00:00+00:00,1574280000,TRANSITION
2019-11-21 00:00:00+00:00,1574294400,TRANSITION
2019-11-21 04:00:00+00:00,1574308800,TRANSITION
2019-11-21 08:00:00+00:00,1574323200,RANGING
2019-11-21 12:00:00+00:00,1574337600,RANGING
2019-11-21 16:00:00+00:00,1574352000,RANGING
2019-11-21 20:00:00+00:00,1574366400,TRANSITION
2019-11-22 00:00:00+00:00,1574380800,TRANSITION
2019-11-22 04:00:00+00:00,1574395200,LOW_VOL
2019-11-22 08:00:00+00:00,1574409600,TRANSITION
2019-11-22 12:00:00+00:00,1574424000,TRANSITION
2019-11-22 16:00:00+00:00,1574438400,TRANSITION
2019-11-22 20:00:00+00:00,1574452800,RANGING
2019-11-24 20:00:00+00:00,1574625600,RANGING
2019-11-25 00:00:00+00:00,1574640000,LOW_VOL
2019-11-25 04:00:00+00:00,1574654400,LOW_VOL
2019-11-25 08:00:00+00:00,1574668800,LOW_VOL
2019-11-25 12:00:00+00:00,1574683200,LOW_VOL
2019-11-25 16:00:00+00:00,1574697600,LOW_VOL
2019-11-25 20:00:00+00:00,1574712000,LOW_VOL
2019-11-26 00:00:00+00:00,1574726400,LOW_VOL
2019-11-26 04:00:00+00:00,1574740800,LOW_VOL
2019-11-26 08:00:00+00:00,1574755200,LOW_VOL
2019-11-26 12:00:00+00:00,1574769600,LOW_VOL
2019-11-26 16:00:00+00:00,1574784000,LOW_VOL
2019-11-26 20:00:00+00:00,1574798400,LOW_VOL
2019-11-27 00:00:00+00:00,1574812800,LOW_VOL
2019-11-27 04:00:00+00:00,1574827200,LOW_VOL
2019-11-27 08:00:00+00:00,1574841600,LOW_VOL
2019-11-27 12:00:00+00:00,1574856000,LOW_VOL
2019-11-27 16:00:00+00:00,1574870400,LOW_VOL
2019-11-27 20:00:00+00:00,1574884800,LOW_VOL
2019-11-28 00:00:00+00:00,1574899200,LOW_VOL
2019-11-28 04:00:00+00:00,1574913600,LOW_VOL
2019-11-28 08:00:00+00:00,1574928000,LOW_VOL
2019-11-28 12:00:00+00:00,1574942400,LOW_VOL
2019-11-28 16:00:00+00:00,1574956800,LOW_VOL
2019-11-28 20:00:00+00:00,1574971200,LOW_VOL
2019-11-29 00:00:00+00:00,1574985600,LOW_VOL
2019-11-29 04:00:00+00:00,1575000000,LOW_VOL
2019-11-29 08:00:00+00:00,1575014400,LOW_VOL
2019-11-29 12:00:00+00:00,1575028800,LOW_VOL
2019-11-29 16:00:00+00:00,1575043200,LOW_VOL
2019-12-01 20:00:00+00:00,1575230400,LOW_VOL
2019-12-02 00:00:00+00:00,1575244800,LOW_VOL
2019-12-02 04:00:00+00:00,1575259200,LOW_VOL
2019-12-02 08:00:00+00:00,1575273600,LOW_VOL
2019-12-02 12:00:00+00:00,1575288000,LOW_VOL
2019-12-02 16:00:00+00:00,1575302400,LOW_VOL
2019-12-02 20:00:00+00:00,1575316800,LOW_VOL
2019-12-03 00:00:00+00:00,1575331200,LOW_VOL
2019-12-03 04:00:00+00:00,1575345600,LOW_VOL
2019-12-03 08:00:00+00:00,1575360000,LOW_VOL
2019-12-03 12:00:00+00:00,1575374400,LOW_VOL
2019-12-03 16:00:00+00:00,1575388800,LOW_VOL
2019-12-03 20:00:00+00:00,1575403200,LOW_VOL
2019-12-04 00:00:00+00:00,1575417600,LOW_VOL
2019-12-04 04:00:00+00:00,1575432000,LOW_VOL
2019-12-04 08:00:00+00:00,1575446400,TRANSITION
2019-12-04 12:00:00+00:00,1575460800,TRANSITION
2019-12-04 16:00:00+00:00,1575475200,TRANSITION
2019-12-04 20:00:00+00:00,1575489600,TRANSITION
2019-12-05 00:00:00+00:00,1575504000,RANGING
2019-12-05 04:00:00+00:00,1575518400,TRANSITION
2019-12-05 08:00:00+00:00,1575532800,LOW_VOL
2019-12-05 12:00:00+00:00,1575547200,LOW_VOL
2019-12-05 16:00:00+00:00,1575561600,TRENDING
2019-12-05 20:00:00+00:00,1575576000,LOW_VOL
2019-12-06 00:00:00+00:00,1575590400,LOW_VOL
2019-12-06 04:00:00+00:00,1575604800,LOW_VOL
2019-12-06 08:00:00+00:00,1575619200,LOW_VOL
2019-12-06 12:00:00+00:00,1575633600,TRANSITION
2019-12-06 16:00:00+00:00,1575648000,TRANSITION
2019-12-06 20:00:00+00:00,1575662400,TRENDING
2019-12-08 20:00:00+00:00,1575835200,LOW_VOL
2019-12-09 00:00:00+00:00,1575849600,LOW_VOL
2019-12-09 04:00:00+00:00,1575864000,LOW_VOL
2019-12-09 08:00:00+00:00,1575878400,LOW_VOL
2019-12-09 12:00:00+00:00,1575892800,LOW_VOL
2019-12-09 16:00:00+00:00,1575907200,LOW_VOL
2019-12-09 20:00:00+00:00,1575921600,LOW_VOL
2019-12-10 00:00:00+00:00,1575936000,LOW_VOL
2019-12-10 04:00:00+00:00,1575950400,LOW_VOL
2019-12-10 08:00:00+00:00,1575964800,LOW_VOL
2019-12-10 12:00:00+00:00,1575979200,LOW_VOL
2019-12-10 16:00:00+00:00,1575993600,LOW_VOL
2019-12-10 20:00:00+00:00,1576008000,LOW_VOL
2019-12-11 00:00:00+00:00,1576022400,LOW_VOL
2019-12-11 04:00:00+00:00,1576036800,LOW_VOL
2019-12-11 08:00:00+00:00,1576051200,LOW_VOL
2019-12-11 12:00:00+00:00,1576065600,LOW_VOL
2019-12-11 16:00:00+00:00,1576080000,LOW_VOL
2019-12-11 20:00:00+00:00,1576094400,LOW_VOL
2019-12-12 00:00:00+00:00,1576108800,LOW_VOL
2019-12-12 04:00:00+00:00,1576123200,LOW_VOL
2019-12-12 08:00:00+00:00,1576137600,LOW_VOL
2019-12-12 12:00:00+00:00,1576152000,TRANSITION
2019-12-12 16:00:00+00:00,1576166400,HIGH_VOL
2019-12-12 20:00:00+00:00,1576180800,HIGH_VOL
2019-12-13 00:00:00+00:00,1576195200,HIGH_VOL
2019-12-13 04:00:00+00:00,1576209600,HIGH_VOL
2019-12-13 08:00:00+00:00,1576224000,HIGH_VOL
2019-12-13 12:00:00+00:00,1576238400,HIGH_VOL
2019-12-13 16:00:00+00:00,1576252800,HIGH_VOL
2019-12-13 20:00:00+00:00,1576267200,HIGH_VOL
2019-12-15 20:00:00+00:00,1576440000,TRANSITION
2019-12-16 00:00:00+00:00,1576454400,TRANSITION
2019-12-16 04:00:00+00:00,1576468800,TRANSITION
2019-12-16 08:00:00+00:00,1576483200,TRANSITION
2019-12-16 12:00:00+00:00,1576497600,TRANSITION
2019-12-16 16:00:00+00:00,1576512000,TRANSITION
2019-12-16 20:00:00+00:00,1576526400,TRANSITION
2019-12-17 00:00:00+00:00,1576540800,LOW_VOL
2019-12-17 04:00:00+00:00,1576555200,LOW_VOL
2019-12-17 08:00:00+00:00,1576569600,LOW_VOL
2019-12-17 12:00:00+00:00,1576584000,LOW_VOL
2019-12-17 16:00:00+00:00,1576598400,LOW_VOL
2019-12-17 20:00:00+00:00,1576612800,LOW_VOL
2019-12-18 00:00:00+00:00,1576627200,LOW_VOL
2019-12-18 04:00:00+00:00,1576641600,LOW_VOL
2019-12-18 08:00:00+00:00,1576656000,LOW_VOL
2019-12-18 12:00:00+00:00,1576670400,LOW_VOL
2019-12-18 16:00:00+00:00,1576684800,LOW_VOL
2019-12-18 20:00:00+00:00,1576699200,LOW_VOL
2019-12-19 00:00:00+00:00,1576713600,LOW_VOL
2019-12-19 04:00:00+00:00,1576728000,LOW_VOL
2019-12-19 08:00:00+00:00,1576742400,LOW_VOL
2019-12-19 12:00:00+00:00,1576756800,LOW_VOL
2019-12-19 16:00:00+00:00,1576771200,LOW_VOL
2019-12-19 20:00:00+00:00,1576785600,LOW_VOL
2019-12-20 00:00:00+00:00,1576800000,LOW_VOL
2019-12-20 04:00:00+00:00,1576814400,LOW_VOL
2019-12-20 08:00:00+00:00,1576828800,LOW_VOL
2019-12-20 12:00:00+00:00,1576843200,LOW_VOL
2019-12-20 16:00:00+00:00,1576857600,LOW_VOL
2019-12-20 20:00:00+00:00,1576872000,LOW_VOL
2019-12-22 20:00:00+00:00,1577044800,LOW_VOL
2019-12-23 00:00:00+00:00,1577059200,LOW_VOL
2019-12-23 04:00:00+00:00,1577073600,LOW_VOL
2019-12-23 08:00:00+00:00,1577088000,LOW_VOL
2019-12-23 12:00:00+00:00,1577102400,LOW_VOL
2019-12-23 16:00:00+00:00,1577116800,LOW_VOL
2019-12-23 20:00:00+00:00,1577131200,LOW_VOL
2019-12-24 00:00:00+00:00,1577145600,LOW_VOL
2019-12-24 04:00:00+00:00,1577160000,LOW_VOL
2019-12-24 08:00:00+00:00,1577174400,LOW_VOL
2019-12-24 12:00:00+00:00,1577188800,LOW_VOL
2019-12-24 16:00:00+00:00,1577203200,LOW_VOL
2019-12-25 20:00:00+00:00,1577304000,LOW_VOL
2019-12-26 00:00:00+00:00,1577318400,LOW_VOL
2019-12-26 04:00:00+00:00,1577332800,LOW_VOL
2019-12-26 08:00:00+00:00,1577347200,LOW_VOL
2019-12-26 12:00:00+00:00,1577361600,LOW_VOL
2019-12-26 16:00:00+00:00,1577376000,TRANSITION
2019-12-26 20:00:00+00:00,1577390400,LOW_VOL
2019-12-27 00:00:00+00:00,1577404800,LOW_VOL
2019-12-27 04:00:00+00:00,1577419200,TRANSITION
2019-12-27 08:00:00+00:00,1577433600,TRANSITION
2019-12-27 12:00:00+00:00,1577448000,TRANSITION
2019-12-27 16:00:00+00:00,1577462400,TRENDING
2019-12-27 20:00:00+00:00,1577476800,LOW_VOL
2019-12-29 20:00:00+00:00,1577649600,LOW_VOL
2019-12-30 00:00:00+00:00,1577664000,LOW_VOL
2019-12-30 04:00:00+00:00,1577678400,LOW_VOL
2019-12-30 08:00:00+00:00,1577692800,LOW_VOL
2019-12-30 12:00:00+00:00,1577707200,LOW_VOL
2019-12-30 16:00:00+00:00,1577721600,LOW_VOL
2019-12-30 20:00:00+00:00,1577736000,LOW_VOL
2019-12-31 00:00:00+00:00,1577750400,LOW_VOL
2019-12-31 04:00:00+00:00,1577764800,LOW_VOL
2019-12-31 08:00:00+00:00,1577779200,LOW_VOL
2019-12-31 12:00:00+00:00,1577793600,TRANSITION
2019-12-31 16:00:00+00:00,1577808000,TRANSITION
2019-12-31 20:00:00+00:00,1577822400,TRANSITION
2020-01-01 20:00:00+00:00,1577908800,TRANSITION
2020-01-02 00:00:00+00:00,1577923200,TRANSITION
2020-01-02 04:00:00+00:00,1577937600,LOW_VOL
2020-01-02 08:00:00+00:00,1577952000,LOW_VOL
2020-01-02 12:00:00+00:00,1577966400,TRANSITION
2020-01-02 16:00:00+00:00,1577980800,TRANSITION
2020-01-02 20:00:00+00:00,1577995200,TRANSITION
2020-01-03 00:00:00+00:00,1578009600,TRANSITION
2020-01-03 04:00:00+00:00,1578024000,TRENDING
2020-01-03 08:00:00+00:00,1578038400,HIGH_VOL
2020-01-03 12:00:00+00:00,1578052800,HIGH_VOL
2020-01-03 16:00:00+00:00,1578067200,HIGH_VOL
2020-01-03 20:00:00+00:00,1578081600,HIGH_VOL
2020-01-05 20:00:00+00:00,1578254400,HIGH_VOL
2020-01-06 00:00:00+00:00,1578268800,HIGH_VOL
2020-01-06 04:00:00+00:00,1578283200,HIGH_VOL
2020-01-06 08:00:00+00:00,1578297600,HIGH_VOL
2020-01-06 12:00:00+00:00,1578312000,HIGH_VOL
2020-01-06 16:00:00+00:00,1578326400,HIGH_VOL
2020-01-06 20:00:00+00:00,1578340800,HIGH_VOL
2020-01-07 00:00:00+00:00,1578355200,HIGH_VOL
2020-01-07 04:00:00+00:00,1578369600,HIGH_VOL
2020-01-07 08:00:00+00:00,1578384000,HIGH_VOL
2020-01-07 12:00:00+00:00,1578398400,HIGH_VOL
2020-01-07 16:00:00+00:00,1578412800,HIGH_VOL
2020-01-07 20:00:00+00:00,1578427200,HIGH_VOL
2020-01-08 00:00:00+00:00,1578441600,HIGH_VOL
2020-01-08 04:00:00+00:00,1578456000,HIGH_VOL
2020-01-08 08:00:00+00:00,1578470400,HIGH_VOL
2020-01-08 12:00:00+00:00,1578484800,HIGH_VOL
2020-01-08 16:00:00+00:00,1578499200,HIGH_VOL
2020-01-08 20:00:00+00:00,1578513600,HIGH_VOL
2020-01-09 00:00:00+00:00,1578528000,HIGH_VOL
2020-01-09 04:00:00+00:00,1578542400,HIGH_VOL
2020-01-09 08:00:00+00:00,1578556800,HIGH_VOL
2020-01-09 12:00:00+00:00,1578571200,HIGH_VOL
2020-01-09 16:00:00+00:00,1578585600,HIGH_VOL
2020-01-09 20:00:00+00:00,1578600000,HIGH_VOL
2020-01-10 00:00:00+00:00,1578614400,HIGH_VOL
2020-01-10 04:00:00+00:00,1578628800,HIGH_VOL
2020-01-10 08:00:00+00:00,1578643200,HIGH_VOL
2020-01-10 12:00:00+00:00,1578657600,HIGH_VOL
2020-01-10 16:00:00+00:00,1578672000,HIGH_VOL
2020-01-10 20:00:00+00:00,1578686400,HIGH_VOL
2020-01-12 20:00:00+00:00,1578859200,HIGH_VOL
2020-01-13 00:00:00+00:00,1578873600,HIGH_VOL
2020-01-13 04:00:00+00:00,1578888000,HIGH_VOL
2020-01-13 08:00:00+00:00,1578902400,HIGH_VOL
2020-01-13 12:00:00+00:00,1578916800,HIGH_VOL
2020-01-13 16:00:00+00:00,1578931200,HIGH_VOL
2020-01-13 20:00:00+00:00,1578945600,HIGH_VOL
2020-01-14 00:00:00+00:00,1578960000,HIGH_VOL
2020-01-14 04:00:00+00:00,1578974400,HIGH_VOL
2020-01-14 08:00:00+00:00,1578988800,HIGH_VOL
2020-01-14 12:00:00+00:00,1579003200,HIGH_VOL
2020-01-14 16:00:00+00:00,1579017600,HIGH_VOL
2020-01-14 20:00:00+00:00,1579032000,HIGH_VOL
2020-01-15 00:00:00+00:00,1579046400,HIGH_VOL
2020-01-15 04:00:00+00:00,1579060800,HIGH_VOL
2020-01-15 08:00:00+00:00,1579075200,HIGH_VOL
2020-01-15 12:00:00+00:00,1579089600,HIGH_VOL
2020-01-15 16:00:00+00:00,1579104000,HIGH_VOL
2020-01-15 20:00:00+00:00,1579118400,HIGH_VOL
2020-01-16 00:00:00+00:00,1579132800,HIGH_VOL
2020-01-16 04:00:00+00:00,1579147200,HIGH_VOL
2020-01-16 08:00:00+00:00,1579161600,HIGH_VOL
2020-01-16 12:00:00+00:00,1579176000,HIGH_VOL
2020-01-16 16:00:00+00:00,1579190400,HIGH_VOL
2020-01-16 20:00:00+00:00,1579204800,HIGH_VOL
2020-01-17 00:00:00+00:00,1579219200,HIGH_VOL
2020-01-17 04:00:00+00:00,1579233600,HIGH_VOL
2020-01-17 08:00:00+00:00,1579248000,HIGH_VOL
2020-01-17 12:00:00+00:00,1579262400,HIGH_VOL
2020-01-17 16:00:00+00:00,1579276800,HIGH_VOL
2020-01-17 20:00:00+00:00,1579291200,HIGH_VOL
2020-01-19 20:00:00+00:00,1579464000,TRANSITION
2020-01-20 00:00:00+00:00,1579478400,TRANSITION
2020-01-20 04:00:00+00:00,1579492800,RANGING
2020-01-20 08:00:00+00:00,1579507200,TRANSITION
2020-01-20 12:00:00+00:00,1579521600,TRANSITION
2020-01-20 16:00:00+00:00,1579536000,TRANSITION
2020-01-20 20:00:00+00:00,1579550400,TRANSITION
2020-01-21 00:00:00+00:00,1579564800,TRANSITION
2020-01-21 04:00:00+00:00,1579579200,TRANSITION
2020-01-21 08:00:00+00:00,1579593600,TRANSITION
2020-01-21 12:00:00+00:00,1579608000,HIGH_VOL
2020-01-21 16:00:00+00:00,1579622400,HIGH_VOL
2020-01-21 20:00:00+00:00,1579636800,HIGH_VOL
2020-01-22 00:00:00+00:00,1579651200,HIGH_VOL
2020-01-22 04:00:00+00:00,1579665600,HIGH_VOL
2020-01-22 08:00:00+00:00,1579680000,HIGH_VOL
2020-01-22 12:00:00+00:00,1579694400,HIGH_VOL
2020-01-22 16:00:00+00:00,1579708800,RANGING
2020-01-22 20:00:00+00:00,1579723200,HIGH_VOL
2020-01-23 00:00:00+00:00,1579737600,HIGH_VOL
2020-01-23 04:00:00+00:00,1579752000,HIGH_VOL
2020-01-23 08:00:00+00:00,1579766400,HIGH_VOL
2020-01-23 12:00:00+00:00,1579780800,HIGH_VOL
2020-01-23 16:00:00+00:00,1579795200,HIGH_VOL
2020-01-23 20:00:00+00:00,1579809600,HIGH_VOL
2020-01-24 00:00:00+00:00,1579824000,HIGH_VOL
2020-01-24 04:00:00+00:00,1579838400,HIGH_VOL
2020-01-24 08:00:00+00:00,1579852800,HIGH_VOL
2020-01-24 12:00:00+00:00,1579867200,HIGH_VOL
2020-01-24 16:00:00+00:00,1579881600,HIGH_VOL
2020-01-24 20:00:00+00:00,1579896000,HIGH_VOL
2020-01-26 20:00:00+00:00,1580068800,HIGH_VOL
2020-01-27 00:00:00+00:00,1580083200,HIGH_VOL
2020-01-27 04:00:00+00:00,1580097600,HIGH_VOL
2020-01-27 08:00:00+00:00,1580112000,HIGH_VOL
2020-01-27 12:00:00+00:00,1580126400,HIGH_VOL
2020-01-27 16:00:00+00:00,1580140800,HIGH_VOL
2020-01-27 20:00:00+00:00,1580155200,HIGH_VOL
2020-01-28 00:00:00+00:00,1580169600,HIGH_VOL
2020-01-28 04:00:00+00:00,1580184000,HIGH_VOL
2020-01-28 08:00:00+00:00,1580198400,HIGH_VOL
2020-01-28 12:00:00+00:00,1580212800,HIGH_VOL
2020-01-28 16:00:00+00:00,1580227200,HIGH_VOL
2020-01-28 20:00:00+00:00,1580241600,HIGH_VOL
2020-01-29 00:00:00+00:00,1580256000,HIGH_VOL
2020-01-29 04:00:00+00:00,1580270400,HIGH_VOL
2020-01-29 08:00:00+00:00,1580284800,HIGH_VOL
2020-01-29 12:00:00+00:00,1580299200,HIGH_VOL
2020-01-29 16:00:00+00:00,1580313600,HIGH_VOL
2020-01-29 20:00:00+00:00,1580328000,HIGH_VOL
2020-01-30 00:00:00+00:00,1580342400,HIGH_VOL
2020-01-30 04:00:00+00:00,1580356800,HIGH_VOL
2020-01-30 08:00:00+00:00,1580371200,TRANSITION
2020-01-30 12:00:00+00:00,1580385600,HIGH_VOL
2020-01-30 16:00:00+00:00,1580400000,HIGH_VOL
2020-01-30 20:00:00+00:00,1580414400,HIGH_VOL
2020-01-31 00:00:00+00:00,1580428800,HIGH_VOL
2020-01-31 04:00:00+00:00,1580443200,HIGH_VOL
2020-01-31 08:00:00+00:00,1580457600,HIGH_VOL
2020-01-31 12:00:00+00:00,1580472000,HIGH_VOL
2020-01-31 16:00:00+00:00,1580486400,HIGH_VOL
2020-01-31 20:00:00+00:00,1580500800,HIGH_VOL
2020-02-02 20:00:00+00:00,1580673600,HIGH_VOL
2020-02-03 00:00:00+00:00,1580688000,HIGH_VOL
2020-02-03 04:00:00+00:00,1580702400,HIGH_VOL
2020-02-03 08:00:00+00:00,1580716800,HIGH_VOL
2020-02-03 12:00:00+00:00,1580731200,HIGH_VOL
2020-02-03 16:00:00+00:00,1580745600,HIGH_VOL
2020-02-03 20:00:00+00:00,1580760000,HIGH_VOL
2020-02-04 00:00:00+00:00,1580774400,HIGH_VOL
2020-02-04 04:00:00+00:00,1580788800,HIGH_VOL
2020-02-04 08:00:00+00:00,1580803200,HIGH_VOL
2020-02-04 12:00:00+00:00,1580817600,HIGH_VOL
2020-02-04 16:00:00+00:00,1580832000,HIGH_VOL
2020-02-04 20:00:00+00:00,1580846400,HIGH_VOL
2020-02-05 00:00:00+00:00,1580860800,HIGH_VOL
2020-02-05 04:00:00+00:00,1580875200,HIGH_VOL
2020-02-05 08:00:00+00:00,1580889600,HIGH_VOL
2020-02-05 12:00:00+00:00,1580904000,HIGH_VOL
2020-02-05 16:00:00+00:00,1580918400,HIGH_VOL
2020-02-05 20:00:00+00:00,1580932800,HIGH_VOL
2020-02-06 00:00:00+00:00,1580947200,HIGH_VOL
2020-02-06 04:00:00+00:00,1580961600,HIGH_VOL
2020-02-06 08:00:00+00:00,1580976000,HIGH_VOL
2020-02-06 12:00:00+00:00,1580990400,HIGH_VOL
2020-02-06 16:00:00+00:00,1581004800,HIGH_VOL
2020-02-06 20:00:00+00:00,1581019200,TRANSITION
2020-02-07 00:00:00+00:00,1581033600,TRANSITION
2020-02-07 04:00:00+00:00,1581048000,TRANSITION
2020-02-07 08:00:00+00:00,1581062400,RANGING
2020-02-07 12:00:00+00:00,1581076800,HIGH_VOL
2020-02-07 16:00:00+00:00,1581091200,HIGH_VOL
2020-02-07 20:00:00+00:00,1581105600,TRANSITION
2020-02-09 20:00:00+00:00,1581278400,TRANSITION
2020-02-10 00:00:00+00:00,1581292800,TRANSITION
2020-02-10 04:00:00+00:00,1581307200,TRANSITION
2020-02-10 08:00:00+00:00,1581321600,TRANSITION
2020-02-10 12:00:00+00:00,1581336000,TRENDING
2020-02-10 16:00:00+00:00,1581350400,TRENDING
2020-02-10 20:00:00+00:00,1581364800,TRANSITION
2020-02-11 00:00:00+00:00,1581379200,TRANSITION
2020-02-11 04:00:00+00:00,1581393600,RANGING
2020-02-11 08:00:00+00:00,1581408000,TRANSITION
2020-02-11 12:00:00+00:00,1581422400,TRANSITION
2020-02-11 16:00:00+00:00,1581436800,TRANSITION
2020-02-11 20:00:00+00:00,1581451200,TRANSITION
2020-02-12 00:00:00+00:00,1581465600,TRANSITION
2020-02-12 04:00:00+00:00,1581480000,TRANSITION
2020-02-12 08:00:00+00:00,1581494400,TRANSITION
2020-02-12 12:00:00+00:00,1581508800,TRANSITION
2020-02-12 16:00:00+00:00,1581523200,TRANSITION
2020-02-12 20:00:00+00:00,1581537600,TRANSITION
2020-02-13 00:00:00+00:00,1581552000,TRANSITION
2020-02-13 04:00:00+00:00,1581566400,RANGING
2020-02-13 08:00:00+00:00,1581580800,TRANSITION
2020-02-13 12:00:00+00:00,1581595200,TRANSITION
2020-02-13 16:00:00+00:00,1581609600,TRANSITION
2020-02-13 20:00:00+00:00,1581624000,RANGING
2020-02-14 00:00:00+00:00,1581638400,TRANSITION
2020-02-14 04:00:00+00:00,1581652800,TRANSITION
2020-02-14 08:00:00+00:00,1581667200,TRANSITION
2020-02-14 12:00:00+00:00,1581681600,RANGING
2020-02-14 16:00:00+00:00,1581696000,TRENDING
2020-02-14 20:00:00+00:00,1581710400,TRENDING
2020-02-16 20:00:00+00:00,1581883200,TRANSITION
2020-02-17 00:00:00+00:00,1581897600,LOW_VOL
2020-02-17 04:00:00+00:00,1581912000,LOW_VOL
2020-02-17 08:00:00+00:00,1581926400,LOW_VOL
2020-02-17 12:00:00+00:00,1581940800,LOW_VOL
2020-02-17 16:00:00+00:00,1581955200,LOW_VOL
2020-02-17 20:00:00+00:00,1581969600,LOW_VOL
2020-02-18 00:00:00+00:00,1581984000,LOW_VOL
2020-02-18 04:00:00+00:00,1581998400,LOW_VOL
2020-02-18 08:00:00+00:00,1582012800,LOW_VOL
2020-02-18 12:00:00+00:00,1582027200,LOW_VOL
2020-02-18 16:00:00+00:00,1582041600,LOW_VOL
2020-02-18 20:00:00+00:00,1582056000,LOW_VOL
2020-02-19 00:00:00+00:00,1582070400,LOW_VOL
2020-02-19 04:00:00+00:00,1582084800,LOW_VOL
2020-02-19 08:00:00+00:00,1582099200,TRENDING
2020-02-19 12:00:00+00:00,1582113600,TRANSITION
2020-02-19 16:00:00+00:00,1582128000,TRANSITION
2020-02-19 20:00:00+00:00,1582142400,TRANSITION
2020-02-20 00:00:00+00:00,1582156800,TRANSITION
2020-02-20 04:00:00+00:00,1582171200,TRANSITION
2020-02-20 08:00:00+00:00,1582185600,TRANSITION
2020-02-20 12:00:00+00:00,1582200000,TRANSITION
2020-02-20 16:00:00+00:00,1582214400,TRENDING
2020-02-20 20:00:00+00:00,1582228800,TRENDING
2020-02-21 00:00:00+00:00,1582243200,TRENDING
2020-02-21 04:00:00+00:00,1582257600,TRENDING
2020-02-21 08:00:00+00:00,1582272000,TRENDING
2020-02-21 12:00:00+00:00,1582286400,HIGH_VOL
2020-02-21 16:00:00+00:00,1582300800,HIGH_VOL
2020-02-21 20:00:00+00:00,1582315200,HIGH_VOL
2020-02-23 20:00:00+00:00,1582488000,HIGH_VOL
2020-02-24 00:00:00+00:00,1582502400,HIGH_VOL
2020-02-24 04:00:00+00:00,1582516800,HIGH_VOL
2020-02-24 08:00:00+00:00,1582531200,HIGH_VOL
2020-02-24 12:00:00+00:00,1582545600,HIGH_VOL
2020-02-24 16:00:00+00:00,1582560000,HIGH_VOL
2020-02-24 20:00:00+00:00,1582574400,HIGH_VOL
2020-02-25 00:00:00+00:00,1582588800,HIGH_VOL
2020-02-25 04:00:00+00:00,1582603200,HIGH_VOL
2020-02-25 08:00:00+00:00,1582617600,HIGH_VOL
2020-02-25 12:00:00+00:00,1582632000,HIGH_VOL
2020-02-25 16:00:00+00:00,1582646400,HIGH_VOL
2020-02-25 20:00:00+00:00,1582660800,HIGH_VOL
2020-02-26 00:00:00+00:00,1582675200,HIGH_VOL
2020-02-26 04:00:00+00:00,1582689600,HIGH_VOL
2020-02-26 08:00:00+00:00,1582704000,HIGH_VOL
2020-02-26 12:00:00+00:00,1582718400,HIGH_VOL
2020-02-26 16:00:00+00:00,1582732800,HIGH_VOL
2020-02-26 20:00:00+00:00,1582747200,HIGH_VOL
2020-02-27 00:00:00+00:00,1582761600,HIGH_VOL
2020-02-27 04:00:00+00:00,1582776000,HIGH_VOL
2020-02-27 08:00:00+00:00,1582790400,HIGH_VOL
2020-02-27 12:00:00+00:00,1582804800,HIGH_VOL
2020-02-27 16:00:00+00:00,1582819200,HIGH_VOL
2020-02-27 20:00:00+00:00,1582833600,HIGH_VOL
2020-02-28 00:00:00+00:00,1582848000,HIGH_VOL
2020-02-28 04:00:00+00:00,1582862400,HIGH_VOL
2020-02-28 08:00:00+00:00,1582876800,HIGH_VOL
2020-02-28 12:00:00+00:00,1582891200,HIGH_VOL
2020-02-28 16:00:00+00:00,1582905600,HIGH_VOL
2020-02-28 20:00:00+00:00,1582920000,HIGH_VOL
2020-03-01 20:00:00+00:00,1583092800,HIGH_VOL
2020-03-02 00:00:00+00:00,1583107200,HIGH_VOL
2020-03-02 04:00:00+00:00,1583121600,HIGH_VOL
2020-03-02 08:00:00+00:00,1583136000,HIGH_VOL
2020-03-02 12:00:00+00:00,1583150400,HIGH_VOL
2020-03-02 16:00:00+00:00,1583164800,HIGH_VOL
2020-03-02 20:00:00+00:00,1583179200,HIGH_VOL
2020-03-03 00:00:00+00:00,1583193600,HIGH_VOL
2020-03-03 04:00:00+00:00,1583208000,HIGH_VOL
2020-03-03 08:00:00+00:00,1583222400,HIGH_VOL
2020-03-03 12:00:00+00:00,1583236800,HIGH_VOL
2020-03-03 16:00:00+00:00,1583251200,HIGH_VOL
2020-03-03 20:00:00+00:00,1583265600,HIGH_VOL
2020-03-04 00:00:00+00:00,1583280000,HIGH_VOL
2020-03-04 04:00:00+00:00,1583294400,HIGH_VOL
2020-03-04 08:00:00+00:00,1583308800,HIGH_VOL
2020-03-04 12:00:00+00:00,1583323200,HIGH_VOL
2020-03-04 16:00:00+00:00,1583337600,HIGH_VOL
2020-03-04 20:00:00+00:00,1583352000,HIGH_VOL
2020-03-05 00:00:00+00:00,1583366400,HIGH_VOL
2020-03-05 04:00:00+00:00,1583380800,HIGH_VOL
2020-03-05 08:00:00+00:00,1583395200,HIGH_VOL
2020-03-05 12:00:00+00:00,1583409600,HIGH_VOL
2020-03-05 16:00:00+00:00,1583424000,HIGH_VOL
2020-03-05 20:00:00+00:00,1583438400,HIGH_VOL
2020-03-06 00:00:00+00:00,1583452800,HIGH_VOL
2020-03-06 04:00:00+00:00,1583467200,HIGH_VOL
2020-03-06 08:00:00+00:00,1583481600,HIGH_VOL
2020-03-06 12:00:00+00:00,1583496000,HIGH_VOL
2020-03-06 16:00:00+00:00,1583510400,HIGH_VOL
2020-03-06 20:00:00+00:00,1583524800,HIGH_VOL
2020-03-08 20:00:00+00:00,1583697600,HIGH_VOL
2020-03-09 00:00:00+00:00,1583712000,HIGH_VOL
2020-03-09 04:00:00+00:00,1583726400,HIGH_VOL
2020-03-09 08:00:00+00:00,1583740800,HIGH_VOL
2020-03-09 12:00:00+00:00,1583755200,HIGH_VOL
2020-03-09 16:00:00+00:00,1583769600,HIGH_VOL
2020-03-09 20:00:00+00:00,1583784000,HIGH_VOL
2020-03-10 00:00:00+00:00,1583798400,HIGH_VOL
2020-03-10 04:00:00+00:00,1583812800,HIGH_VOL
2020-03-10 08:00:00+00:00,1583827200,HIGH_VOL
2020-03-10 12:00:00+00:00,1583841600,HIGH_VOL
2020-03-10 16:00:00+00:00,1583856000,HIGH_VOL
2020-03-10 20:00:00+00:00,1583870400,HIGH_VOL
2020-03-11 00:00:00+00:00,1583884800,HIGH_VOL
2020-03-11 04:00:00+00:00,1583899200,HIGH_VOL
2020-03-11 08:00:00+00:00,1583913600,HIGH_VOL
2020-03-11 12:00:00+00:00,1583928000,HIGH_VOL
2020-03-11 16:00:00+00:00,1583942400,HIGH_VOL
2020-03-11 20:00:00+00:00,1583956800,HIGH_VOL
2020-03-12 00:00:00+00:00,1583971200,HIGH_VOL
2020-03-12 04:00:00+00:00,1583985600,HIGH_VOL
2020-03-12 08:00:00+00:00,1584000000,HIGH_VOL
2020-03-12 12:00:00+00:00,1584014400,HIGH_VOL
2020-03-12 16:00:00+00:00,1584028800,HIGH_VOL
2020-03-12 20:00:00+00:00,1584043200,HIGH_VOL
2020-03-13 00:00:00+00:00,1584057600,HIGH_VOL
2020-03-13 04:00:00+00:00,1584072000,HIGH_VOL
2020-03-13 08:00:00+00:00,1584086400,HIGH_VOL
2020-03-13 12:00:00+00:00,1584100800,HIGH_VOL
2020-03-13 16:00:00+00:00,1584115200,HIGH_VOL
2020-03-13 20:00:00+00:00,1584129600,HIGH_VOL
2020-03-15 20:00:00+00:00,1584302400,HIGH_VOL
2020-03-16 00:00:00+00:00,1584316800,HIGH_VOL
2020-03-16 04:00:00+00:00,1584331200,HIGH_VOL
2020-03-16 08:00:00+00:00,1584345600,HIGH_VOL
2020-03-16 12:00:00+00:00,1584360000,HIGH_VOL
2020-03-16 16:00:00+00:00,1584374400,HIGH_VOL
2020-03-16 20:00:00+00:00,1584388800,HIGH_VOL
2020-03-17 00:00:00+00:00,1584403200,HIGH_VOL
2020-03-17 04:00:00+00:00,1584417600,HIGH_VOL
2020-03-17 08:00:00+00:00,1584432000,HIGH_VOL
2020-03-17 12:00:00+00:00,1584446400,HIGH_VOL
2020-03-17 16:00:00+00:00,1584460800,HIGH_VOL
2020-03-17 20:00:00+00:00,1584475200,HIGH_VOL
2020-03-18 00:00:00+00:00,1584489600,HIGH_VOL
2020-03-18 04:00:00+00:00,1584504000,HIGH_VOL
2020-03-18 08:00:00+00:00,1584518400,HIGH_VOL
2020-03-18 12:00:00+00:00,1584532800,HIGH_VOL
2020-03-18 16:00:00+00:00,1584547200,HIGH_VOL
2020-03-18 20:00:00+00:00,1584561600,HIGH_VOL
2020-03-19 00:00:00+00:00,1584576000,HIGH_VOL
2020-03-19 04:00:00+00:00,1584590400,HIGH_VOL
2020-03-19 08:00:00+00:00,1584604800,HIGH_VOL
2020-03-19 12:00:00+00:00,1584619200,HIGH_VOL
2020-03-19 16:00:00+00:00,1584633600,HIGH_VOL
2020-03-19 20:00:00+00:00,1584648000,HIGH_VOL
2020-03-20 00:00:00+00:00,1584662400,HIGH_VOL
2020-03-20 04:00:00+00:00,1584676800,HIGH_VOL
2020-03-20 08:00:00+00:00,1584691200,HIGH_VOL
2020-03-20 12:00:00+00:00,1584705600,HIGH_VOL
2020-03-20 16:00:00+00:00,1584720000,HIGH_VOL
2020-03-20 20:00:00+00:00,1584734400,HIGH_VOL
2020-03-22 20:00:00+00:00,1584907200,HIGH_VOL
2020-03-23 00:00:00+00:00,1584921600,HIGH_VOL
2020-03-23 04:00:00+00:00,1584936000,HIGH_VOL
2020-03-23 08:00:00+00:00,1584950400,HIGH_VOL
2020-03-23 12:00:00+00:00,1584964800,HIGH_VOL
2020-03-23 16:00:00+00:00,1584979200,HIGH_VOL
2020-03-23 20:00:00+00:00,1584993600,HIGH_VOL
2020-03-24 00:00:00+00:00,1585008000,HIGH_VOL
2020-03-24 04:00:00+00:00,1585022400,HIGH_VOL
2020-03-24 08:00:00+00:00,1585036800,HIGH_VOL
2020-03-24 12:00:00+00:00,1585051200,HIGH_VOL
2020-03-24 16:00:00+00:00,1585065600,HIGH_VOL
2020-03-24 20:00:00+00:00,1585080000,HIGH_VOL
2020-03-25 00:00:00+00:00,1585094400,HIGH_VOL
2020-03-25 04:00:00+00:00,1585108800,HIGH_VOL
2020-03-25 08:00:00+00:00,1585123200,HIGH_VOL
2020-03-25 12:00:00+00:00,1585137600,HIGH_VOL
2020-03-25 16:00:00+00:00,1585152000,HIGH_VOL
2020-03-25 20:00:00+00:00,1585166400,HIGH_VOL
2020-03-26 00:00:00+00:00,1585180800,HIGH_VOL
2020-03-26 04:00:00+00:00,1585195200,HIGH_VOL
2020-03-26 08:00:00+00:00,1585209600,HIGH_VOL
2020-03-26 12:00:00+00:00,1585224000,HIGH_VOL
2020-03-26 16:00:00+00:00,1585238400,HIGH_VOL
2020-03-26 20:00:00+00:00,1585252800,HIGH_VOL
2020-03-27 00:00:00+00:00,1585267200,HIGH_VOL
2020-03-27 04:00:00+00:00,1585281600,HIGH_VOL
2020-03-27 08:00:00+00:00,1585296000,HIGH_VOL
2020-03-27 12:00:00+00:00,1585310400,HIGH_VOL
2020-03-27 16:00:00+00:00,1585324800,HIGH_VOL
2020-03-27 20:00:00+00:00,1585339200,HIGH_VOL
2020-03-29 20:00:00+00:00,1585512000,HIGH_VOL
2020-03-30 00:00:00+00:00,1585526400,HIGH_VOL
2020-03-30 04:00:00+00:00,1585540800,TRANSITION
2020-03-30 08:00:00+00:00,1585555200,TRANSITION
2020-03-30 12:00:00+00:00,1585569600,RANGING
2020-03-30 16:00:00+00:00,1585584000,RANGING
2020-03-30 20:00:00+00:00,1585598400,TRANSITION
2020-03-31 00:00:00+00:00,1585612800,TRANSITION
2020-03-31 04:00:00+00:00,1585627200,TRANSITION
2020-03-31 08:00:00+00:00,1585641600,TRANSITION
2020-03-31 12:00:00+00:00,1585656000,TRANSITION
2020-03-31 16:00:00+00:00,1585670400,TRANSITION
2020-03-31 20:00:00+00:00,1585684800,TRANSITION
2020-04-01 00:00:00+00:00,1585699200,TRANSITION
2020-04-01 04:00:00+00:00,1585713600,RANGING
2020-04-01 08:00:00+00:00,1585728000,TRANSITION
2020-04-01 12:00:00+00:00,1585742400,TRANSITION
2020-04-01 16:00:00+00:00,1585756800,TRANSITION
2020-04-01 20:00:00+00:00,1585771200,TRANSITION
2020-04-02 00:00:00+00:00,1585785600,TRANSITION
2020-04-02 04:00:00+00:00,1585800000,TRANSITION
2020-04-02 08:00:00+00:00,1585814400,TRANSITION
2020-04-02 12:00:00+00:00,1585828800,RANGING
2020-04-02 16:00:00+00:00,1585843200,RANGING
2020-04-02 20:00:00+00:00,1585857600,TRANSITION
2020-04-03 00:00:00+00:00,1585872000,TRANSITION
2020-04-03 04:00:00+00:00,1585886400,TRANSITION
2020-04-03 08:00:00+00:00,1585900800,RANGING
2020-04-03 12:00:00+00:00,1585915200,TRANSITION
2020-04-03 16:00:00+00:00,1585929600,TRANSITION
2020-04-03 20:00:00+00:00,1585944000,TRANSITION
2020-04-05 20:00:00+00:00,1586116800,TRANSITION
2020-04-06 00:00:00+00:00,1586131200,TRANSITION
2020-04-06 04:00:00+00:00,1586145600,TRANSITION
2020-04-06 08:00:00+00:00,1586160000,TRANSITION
2020-04-06 12:00:00+00:00,1586174400,TRENDING
2020-04-06 16:00:00+00:00,1586188800,TRENDING
2020-04-06 20:00:00+00:00,1586203200,TRANSITION
2020-04-07 00:00:00+00:00,1586217600,TRANSITION
2020-04-07 04:00:00+00:00,1586232000,TRENDING
2020-04-07 08:00:00+00:00,1586246400,TRANSITION
2020-04-07 12:00:00+00:00,1586260800,TRANSITION
2020-04-07 16:00:00+00:00,1586275200,TRENDING
2020-04-07 20:00:00+00:00,1586289600,TRANSITION
2020-04-08 00:00:00+00:00,1586304000,TRANSITION
2020-04-08 04:00:00+00:00,1586318400,TRANSITION
2020-04-08 08:00:00+00:00,1586332800,TRANSITION
2020-04-08 12:00:00+00:00,1586347200,TRANSITION
2020-04-08 16:00:00+00:00,1586361600,RANGING
2020-04-08 20:00:00+00:00,1586376000,TRANSITION
2020-04-09 00:00:00+00:00,1586390400,LOW_VOL
2020-04-09 04:00:00+00:00,1586404800,LOW_VOL
2020-04-09 08:00:00+00:00,1586419200,LOW_VOL
2020-04-09 12:00:00+00:00,1586433600,TRENDING
2020-04-09 16:00:00+00:00,1586448000,TRANSITION
2020-04-09 20:00:00+00:00,1586462400,LOW_VOL
2020-04-12 20:00:00+00:00,1586721600,LOW_VOL
2020-04-13 00:00:00+00:00,1586736000,LOW_VOL
2020-04-13 04:00:00+00:00,1586750400,LOW_VOL
2020-04-13 08:00:00+00:00,1586764800,LOW_VOL
2020-04-13 12:00:00+00:00,1586779200,TRENDING
2020-04-13 16:00:00+00:00,1586793600,TRENDING
2020-04-13 20:00:00+00:00,1586808000,TRENDING
2020-04-14 00:00:00+00:00,1586822400,TRENDING
2020-04-14 04:00:00+00:00,1586836800,TRENDING
2020-04-14 08:00:00+00:00,1586851200,TRANSITION
2020-04-14 12:00:00+00:00,1586865600,TRANSITION
2020-04-14 16:00:00+00:00,1586880000,TRANSITION
2020-04-14 20:00:00+00:00,1586894400,TRANSITION
2020-04-15 00:00:00+00:00,1586908800,TRENDING
2020-04-15 04:00:00+00:00,1586923200,TRENDING
2020-04-15 08:00:00+00:00,1586937600,TRANSITION
2020-04-15 12:00:00+00:00,1586952000,TRANSITION
2020-04-15 16:00:00+00:00,1586966400,TRANSITION
2020-04-15 20:00:00+00:00,1586980800,TRANSITION
2020-04-16 00:00:00+00:00,1586995200,TRANSITION
2020-04-16 04:00:00+00:00,1587009600,TRANSITION
2020-04-16 08:00:00+00:00,1587024000,TRANSITION
2020-04-16 12:00:00+00:00,1587038400,TRANSITION
2020-04-16 16:00:00+00:00,1587052800,TRANSITION
2020-04-16 20:00:00+00:00,1587067200,RANGING
2020-04-17 00:00:00+00:00,1587081600,RANGING
2020-04-17 04:00:00+00:00,1587096000,RANGING
2020-04-17 08:00:00+00:00,1587110400,RANGING
2020-04-17 12:00:00+00:00,1587124800,TRANSITION
2020-04-17 16:00:00+00:00,1587139200,TRANSITION
2020-04-17 20:00:00+00:00,1587153600,TRANSITION
2020-04-19 20:00:00+00:00,1587326400,TRENDING
2020-04-20 00:00:00+00:00,1587340800,TRANSITION
2020-04-20 04:00:00+00:00,1587355200,TRANSITION
2020-04-20 08:00:00+00:00,1587369600,TRANSITION
2020-04-20 12:00:00+00:00,1587384000,TRANSITION
2020-04-20 16:00:00+00:00,1587398400,TRANSITION
2020-04-20 20:00:00+00:00,1587412800,TRANSITION
2020-04-21 00:00:00+00:00,1587427200,LOW_VOL
2020-04-21 04:00:00+00:00,1587441600,LOW_VOL
2020-04-21 08:00:00+00:00,1587456000,TRANSITION
2020-04-21 12:00:00+00:00,1587470400,TRANSITION
2020-04-21 16:00:00+00:00,1587484800,TRANSITION
2020-04-21 20:00:00+00:00,1587499200,RANGING
2020-04-22 00:00:00+00:00,1587513600,TRANSITION
2020-04-22 04:00:00+00:00,1587528000,TRANSITION
2020-04-22 08:00:00+00:00,1587542400,TRANSITION
2020-04-22 12:00:00+00:00,1587556800,RANGING
2020-04-22 16:00:00+00:00,1587571200,RANGING
2020-04-22 20:00:00+00:00,1587585600,TRANSITION
2020-04-23 00:00:00+00:00,1587600000,TRANSITION
2020-04-23 04:00:00+00:00,1587614400,TRANSITION
2020-04-23 08:00:00+00:00,1587628800,TRANSITION
2020-04-23 12:00:00+00:00,1587643200,TRENDING
2020-04-23 16:00:00+00:00,1587657600,RANGING
2020-04-23 20:00:00+00:00,1587672000,TRANSITION
2020-04-24 00:00:00+00:00,1587686400,LOW_VOL
2020-04-24 04:00:00+00:00,1587700800,LOW_VOL
2020-04-24 08:00:00+00:00,1587715200,LOW_VOL
2020-04-24 12:00:00+00:00,1587729600,LOW_VOL
2020-04-24 16:00:00+00:00,1587744000,TRANSITION
2020-04-24 20:00:00+00:00,1587758400,LOW_VOL
2020-04-26 20:00:00+00:00,1587931200,LOW_VOL
2020-04-27 00:00:00+00:00,1587945600,LOW_VOL
2020-04-27 04:00:00+00:00,1587960000,LOW_VOL
2020-04-27 08:00:00+00:00,1587974400,LOW_VOL
2020-04-27 12:00:00+00:00,1587988800,LOW_VOL
2020-04-27 16:00:00+00:00,1588003200,LOW_VOL
2020-04-27 20:00:00+00:00,1588017600,LOW_VOL
2020-04-28 00:00:00+00:00,1588032000,LOW_VOL
2020-04-28 04:00:00+00:00,1588046400,LOW_VOL
2020-04-28 08:00:00+00:00,1588060800,LOW_VOL
2020-04-28 12:00:00+00:00,1588075200,LOW_VOL
2020-04-28 16:00:00+00:00,1588089600,LOW_VOL
2020-04-28 20:00:00+00:00,1588104000,LOW_VOL
2020-04-29 00:00:00+00:00,1588118400,LOW_VOL
2020-04-29 04:00:00+00:00,1588132800,LOW_VOL
2020-04-29 08:00:00+00:00,1588147200,LOW_VOL
2020-04-29 12:00:00+00:00,1588161600,LOW_VOL
2020-04-29 16:00:00+00:00,1588176000,LOW_VOL
2020-04-29 20:00:00+00:00,1588190400,LOW_VOL
2020-04-30 00:00:00+00:00,1588204800,LOW_VOL
2020-04-30 04:00:00+00:00,1588219200,LOW_VOL
2020-04-30 08:00:00+00:00,1588233600,LOW_VOL
2020-04-30 12:00:00+00:00,1588248000,LOW_VOL
2020-04-30 16:00:00+00:00,1588262400,LOW_VOL
2020-04-30 20:00:00+00:00,1588276800,LOW_VOL
2020-05-01 00:00:00+00:00,1588291200,LOW_VOL
2020-05-01 04:00:00+00:00,1588305600,LOW_VOL
2020-05-01 08:00:00+00:00,1588320000,LOW_VOL
2020-05-01 12:00:00+00:00,1588334400,LOW_VOL
2020-05-01 16:00:00+00:00,1588348800,LOW_VOL
2020-05-01 20:00:00+00:00,1588363200,LOW_VOL
2020-05-03 20:00:00+00:00,1588536000,LOW_VOL
2020-05-04 00:00:00+00:00,1588550400,LOW_VOL
2020-05-04 04:00:00+00:00,1588564800,LOW_VOL
2020-05-04 08:00:00+00:00,1588579200,LOW_VOL
2020-05-04 12:00:00+00:00,1588593600,LOW_VOL
2020-05-04 16:00:00+00:00,1588608000,LOW_VOL
2020-05-04 20:00:00+00:00,1588622400,LOW_VOL
2020-05-05 00:00:00+00:00,1588636800,LOW_VOL
2020-05-05 04:00:00+00:00,1588651200,LOW_VOL
2020-05-05 08:00:00+00:00,1588665600,LOW_VOL
2020-05-05 12:00:00+00:00,1588680000,LOW_VOL
2020-05-05 16:00:00+00:00,1588694400,LOW_VOL
2020-05-05 20:00:00+00:00,1588708800,LOW_VOL
2020-05-06 00:00:00+00:00,1588723200,LOW_VOL
2020-05-06 04:00:00+00:00,1588737600,LOW_VOL
2020-05-06 08:00:00+00:00,1588752000,LOW_VOL
2020-05-06 12:00:00+00:00,1588766400,LOW_VOL
2020-05-06 16:00:00+00:00,1588780800,LOW_VOL
2020-05-06 20:00:00+00:00,1588795200,LOW_VOL
2020-05-07 00:00:00+00:00,1588809600,LOW_VOL
2020-05-07 04:00:00+00:00,1588824000,LOW_VOL
2020-05-07 08:00:00+00:00,1588838400,LOW_VOL
2020-05-07 12:00:00+00:00,1588852800,LOW_VOL
2020-05-07 16:00:00+00:00,1588867200,LOW_VOL
2020-05-07 20:00:00+00:00,1588881600,LOW_VOL
2020-05-08 00:00:00+00:00,1588896000,LOW_VOL
2020-05-08 04:00:00+00:00,1588910400,LOW_VOL
2020-05-08 08:00:00+00:00,1588924800,LOW_VOL
2020-05-08 12:00:00+00:00,1588939200,LOW_VOL
2020-05-08 16:00:00+00:00,1588953600,LOW_VOL
2020-05-08 20:00:00+00:00,1588968000,LOW_VOL
2020-05-10 20:00:00+00:00,1589140800,LOW_VOL
2020-05-11 00:00:00+00:00,1589155200,LOW_VOL
2020-05-11 04:00:00+00:00,1589169600,LOW_VOL
2020-05-11 08:00:00+00:00,1589184000,LOW_VOL
2020-05-11 12:00:00+00:00,1589198400,LOW_VOL
2020-05-11 16:00:00+00:00,1589212800,LOW_VOL
2020-05-11 20:00:00+00:00,1589227200,LOW_VOL
2020-05-12 00:00:00+00:00,1589241600,LOW_VOL
2020-05-12 04:00:00+00:00,1589256000,LOW_VOL
2020-05-12 08:00:00+00:00,1589270400,LOW_VOL
2020-05-12 12:00:00+00:00,1589284800,LOW_VOL
2020-05-12 16:00:00+00:00,1589299200,LOW_VOL
2020-05-12 20:00:00+00:00,1589313600,LOW_VOL
2020-05-13 00:00:00+00:00,1589328000,LOW_VOL
2020-05-13 04:00:00+00:00,1589342400,LOW_VOL
2020-05-13 08:00:00+00:00,1589356800,LOW_VOL
2020-05-13 12:00:00+00:00,1589371200,LOW_VOL
2020-05-13 16:00:00+00:00,1589385600,LOW_VOL
2020-05-13 20:00:00+00:00,1589400000,LOW_VOL
2020-05-14 00:00:00+00:00,1589414400,LOW_VOL
2020-05-14 04:00:00+00:00,1589428800,LOW_VOL
2020-05-14 08:00:00+00:00,1589443200,LOW_VOL
2020-05-14 12:00:00+00:00,1589457600,LOW_VOL
2020-05-14 16:00:00+00:00,1589472000,LOW_VOL
2020-05-14 20:00:00+00:00,1589486400,LOW_VOL
2020-05-15 00:00:00+00:00,1589500800,LOW_VOL
2020-05-15 04:00:00+00:00,1589515200,LOW_VOL
2020-05-15 08:00:00+00:00,1589529600,LOW_VOL
2020-05-15 12:00:00+00:00,1589544000,LOW_VOL
2020-05-15 16:00:00+00:00,1589558400,LOW_VOL
2020-05-15 20:00:00+00:00,1589572800,LOW_VOL
2020-05-17 20:00:00+00:00,1589745600,LOW_VOL
2020-05-18 00:00:00+00:00,1589760000,LOW_VOL
2020-05-18 04:00:00+00:00,1589774400,LOW_VOL
2020-05-18 08:00:00+00:00,1589788800,LOW_VOL
2020-05-18 12:00:00+00:00,1589803200,TRANSITION
2020-05-18 16:00:00+00:00,1589817600,TRANSITION
2020-05-18 20:00:00+00:00,1589832000,LOW_VOL
2020-05-19 00:00:00+00:00,1589846400,LOW_VOL
2020-05-19 04:00:00+00:00,1589860800,LOW_VOL
2020-05-19 08:00:00+00:00,1589875200,LOW_VOL
2020-05-19 12:00:00+00:00,1589889600,LOW_VOL
2020-05-19 16:00:00+00:00,1589904000,LOW_VOL
2020-05-19 20:00:00+00:00,1589918400,LOW_VOL
2020-05-20 00:00:00+00:00,1589932800,LOW_VOL
2020-05-20 04:00:00+00:00,1589947200,LOW_VOL
2020-05-20 08:00:00+00:00,1589961600,LOW_VOL
2020-05-20 12:00:00+00:00,1589976000,LOW_VOL
2020-05-20 16:00:00+00:00,1589990400,LOW_VOL
2020-05-20 20:00:00+00:00,1590004800,LOW_VOL
2020-05-21 00:00:00+00:00,1590019200,LOW_VOL
2020-05-21 04:00:00+00:00,1590033600,LOW_VOL
2020-05-21 08:00:00+00:00,1590048000,LOW_VOL
2020-05-21 12:00:00+00:00,1590062400,LOW_VOL
2020-05-21 16:00:00+00:00,1590076800,LOW_VOL
2020-05-21 20:00:00+00:00,1590091200,LOW_VOL
2020-05-22 00:00:00+00:00,1590105600,LOW_VOL
2020-05-22 04:00:00+00:00,1590120000,LOW_VOL
2020-05-22 08:00:00+00:00,1590134400,LOW_VOL
2020-05-22 12:00:00+00:00,1590148800,LOW_VOL
2020-05-22 16:00:00+00:00,1590163200,LOW_VOL
2020-05-22 20:00:00+00:00,1590177600,LOW_VOL
2020-05-24 20:00:00+00:00,1590350400,LOW_VOL
2020-05-25 00:00:00+00:00,1590364800,LOW_VOL
2020-05-25 04:00:00+00:00,1590379200,LOW_VOL
2020-05-25 08:00:00+00:00,1590393600,LOW_VOL
2020-05-25 12:00:00+00:00,1590408000,LOW_VOL
2020-05-25 16:00:00+00:00,1590422400,LOW_VOL
2020-05-25 20:00:00+00:00,1590436800,LOW_VOL
2020-05-26 00:00:00+00:00,1590451200,LOW_VOL
2020-05-26 04:00:00+00:00,1590465600,LOW_VOL
2020-05-26 08:00:00+00:00,1590480000,LOW_VOL
2020-05-26 12:00:00+00:00,1590494400,LOW_VOL
2020-05-26 16:00:00+00:00,1590508800,LOW_VOL
2020-05-26 20:00:00+00:00,1590523200,LOW_VOL
2020-05-27 00:00:00+00:00,1590537600,LOW_VOL
2020-05-27 04:00:00+00:00,1590552000,LOW_VOL
2020-05-27 08:00:00+00:00,1590566400,LOW_VOL
2020-05-27 12:00:00+00:00,1590580800,LOW_VOL
2020-05-27 16:00:00+00:00,1590595200,LOW_VOL
2020-05-27 20:00:00+00:00,1590609600,LOW_VOL
2020-05-28 00:00:00+00:00,1590624000,LOW_VOL
2020-05-28 04:00:00+00:00,1590638400,LOW_VOL
2020-05-28 08:00:00+00:00,1590652800,LOW_VOL
2020-05-28 12:00:00+00:00,1590667200,LOW_VOL
2020-05-28 16:00:00+00:00,1590681600,LOW_VOL
2020-05-28 20:00:00+00:00,1590696000,LOW_VOL
2020-05-29 00:00:00+00:00,1590710400,LOW_VOL
2020-05-29 04:00:00+00:00,1590724800,LOW_VOL
2020-05-29 08:00:00+00:00,1590739200,LOW_VOL
2020-05-29 12:00:00+00:00,1590753600,LOW_VOL
2020-05-29 16:00:00+00:00,1590768000,LOW_VOL
2020-05-29 20:00:00+00:00,1590782400,LOW_VOL
2020-05-31 20:00:00+00:00,1590955200,LOW_VOL
2020-06-01 00:00:00+00:00,1590969600,LOW_VOL
2020-06-01 04:00:00+00:00,1590984000,LOW_VOL
2020-06-01 08:00:00+00:00,1590998400,LOW_VOL
2020-06-01 12:00:00+00:00,1591012800,TRANSITION
2020-06-01 16:00:00+00:00,1591027200,LOW_VOL
2020-06-01 20:00:00+00:00,1591041600,LOW_VOL
2020-06-02 00:00:00+00:00,1591056000,LOW_VOL
2020-06-02 04:00:00+00:00,1591070400,LOW_VOL
2020-06-02 08:00:00+00:00,1591084800,LOW_VOL
2020-06-02 12:00:00+00:00,1591099200,LOW_VOL
2020-06-02 16:00:00+00:00,1591113600,TRANSITION
2020-06-02 20:00:00+00:00,1591128000,LOW_VOL
2020-06-03 00:00:00+00:00,1591142400,LOW_VOL
2020-06-03 04:00:00+00:00,1591156800,LOW_VOL
2020-06-03 08:00:00+00:00,1591171200,LOW_VOL
2020-06-03 12:00:00+00:00,1591185600,TRANSITION
2020-06-03 16:00:00+00:00,1591200000,TRANSITION
2020-06-03 20:00:00+00:00,1591214400,TRANSITION
2020-06-04 00:00:00+00:00,1591228800,TRANSITION
2020-06-04 04:00:00+00:00,1591243200,TRANSITION
2020-06-04 08:00:00+00:00,1591257600,TRANSITION
2020-06-04 12:00:00+00:00,1591272000,TRANSITION
2020-06-04 16:00:00+00:00,1591286400,RANGING
2020-06-04 20:00:00+00:00,1591300800,TRANSITION
2020-06-05 00:00:00+00:00,1591315200,TRANSITION
2020-06-05 04:00:00+00:00,1591329600,TRANSITION
2020-06-05 08:00:00+00:00,1591344000,TRANSITION
2020-06-05 12:00:00+00:00,1591358400,TRANSITION
2020-06-05 16:00:00+00:00,1591372800,TRANSITION
2020-06-05 20:00:00+00:00,1591387200,TRANSITION
2020-06-07 20:00:00+00:00,1591560000,TRANSITION
2020-06-08 00:00:00+00:00,1591574400,TRANSITION
2020-06-08 04:00:00+00:00,1591588800,TRANSITION
2020-06-08 08:00:00+00:00,1591603200,TRANSITION
2020-06-08 12:00:00+00:00,1591617600,TRANSITION
2020-06-08 16:00:00+00:00,1591632000,TRANSITION
2020-06-08 20:00:00+00:00,1591646400,TRANSITION
2020-06-09 00:00:00+00:00,1591660800,TRANSITION
2020-06-09 04:00:00+00:00,1591675200,TRANSITION
2020-06-09 08:00:00+00:00,1591689600,TRANSITION
2020-06-09 12:00:00+00:00,1591704000,RANGING
2020-06-09 16:00:00+00:00,1591718400,TRANSITION
2020-06-09 20:00:00+00:00,1591732800,TRANSITION
2020-06-10 00:00:00+00:00,1591747200,LOW_VOL
2020-06-10 04:00:00+00:00,1591761600,LOW_VOL
2020-06-10 08:00:00+00:00,1591776000,LOW_VOL
2020-06-10 12:00:00+00:00,1591790400,TRANSITION
2020-06-10 16:00:00+00:00,1591804800,TRANSITION
2020-06-10 20:00:00+00:00,1591819200,TRANSITION
2020-06-11 00:00:00+00:00,1591833600,TRANSITION
2020-06-11 04:00:00+00:00,1591848000,TRANSITION
2020-06-11 08:00:00+00:00,1591862400,TRANSITION
2020-06-11 12:00:00+00:00,1591876800,HIGH_VOL
2020-06-11 16:00:00+00:00,1591891200,HIGH_VOL
2020-06-11 20:00:00+00:00,1591905600,TRANSITION
2020-06-12 00:00:00+00:00,1591920000,RANGING
2020-06-12 04:00:00+00:00,1591934400,TRANSITION
2020-06-12 08:00:00+00:00,1591948800,TRANSITION
2020-06-12 12:00:00+00:00,1591963200,TRANSITION
2020-06-12 16:00:00+00:00,1591977600,TRANSITION
2020-06-12 20:00:00+00:00,1591992000,RANGING
2020-06-14 20:00:00+00:00,1592164800,TRANSITION
2020-06-15 00:00:00+00:00,1592179200,TRANSITION
2020-06-15 04:00:00+00:00,1592193600,TRANSITION
2020-06-15 08:00:00+00:00,1592208000,RANGING
2020-06-15 12:00:00+00:00,1592222400,TRANSITION
2020-06-15 16:00:00+00:00,1592236800,TRANSITION
2020-06-15 20:00:00+00:00,1592251200,TRANSITION
2020-06-16 00:00:00+00:00,1592265600,TRANSITION
2020-06-16 04:00:00+00:00,1592280000,TRANSITION
2020-06-16 08:00:00+00:00,1592294400,TRANSITION
2020-06-16 12:00:00+00:00,1592308800,TRANSITION
2020-06-16 16:00:00+00:00,1592323200,TRANSITION
2020-06-16 20:00:00+00:00,1592337600,TRANSITION
2020-06-17 00:00:00+00:00,1592352000,LOW_VOL
2020-06-17 04:00:00+00:00,1592366400,LOW_VOL
2020-06-17 08:00:00+00:00,1592380800,RANGING
2020-06-17 12:00:00+00:00,1592395200,TRANSITION
2020-06-17 16:00:00+00:00,1592409600,TRANSITION
2020-06-17 20:00:00+00:00,1592424000,TRANSITION
2020-06-18 00:00:00+00:00,1592438400,LOW_VOL
2020-06-18 04:00:00+00:00,1592452800,LOW_VOL
2020-06-18 08:00:00+00:00,1592467200,TRANSITION
2020-06-18 12:00:00+00:00,1592481600,TRANSITION
2020-06-18 16:00:00+00:00,1592496000,LOW_VOL
2020-06-18 20:00:00+00:00,1592510400,LOW_VOL
2020-06-19 00:00:00+00:00,1592524800,LOW_VOL
2020-06-19 04:00:00+00:00,1592539200,LOW_VOL
2020-06-19 08:00:00+00:00,1592553600,LOW_VOL
2020-06-19 12:00:00+00:00,1592568000,LOW_VOL
2020-06-19 16:00:00+00:00,1592582400,LOW_VOL
2020-06-19 20:00:00+00:00,1592596800,LOW_VOL
2020-06-21 20:00:00+00:00,1592769600,LOW_VOL
2020-06-22 00:00:00+00:00,1592784000,LOW_VOL
2020-06-22 04:00:00+00:00,1592798400,LOW_VOL
2020-06-22 08:00:00+00:00,1592812800,LOW_VOL
2020-06-22 12:00:00+00:00,1592827200,LOW_VOL
2020-06-22 16:00:00+00:00,1592841600,LOW_VOL
2020-06-22 20:00:00+00:00,1592856000,LOW_VOL
2020-06-23 00:00:00+00:00,1592870400,LOW_VOL
2020-06-23 04:00:00+00:00,1592884800,LOW_VOL
2020-06-23 08:00:00+00:00,1592899200,LOW_VOL
2020-06-23 12:00:00+00:00,1592913600,LOW_VOL
2020-06-23 16:00:00+00:00,1592928000,LOW_VOL
2020-06-23 20:00:00+00:00,1592942400,LOW_VOL
2020-06-24 00:00:00+00:00,1592956800,LOW_VOL
2020-06-24 04:00:00+00:00,1592971200,LOW_VOL
2020-06-24 08:00:00+00:00,1592985600,LOW_VOL
2020-06-24 12:00:00+00:00,1593000000,LOW_VOL
2020-06-24 16:00:00+00:00,1593014400,LOW_VOL
2020-06-24 20:00:00+00:00,1593028800,RANGING
2020-06-25 00:00:00+00:00,1593043200,TRANSITION
2020-06-25 04:00:00+00:00,1593057600,TRANSITION
2020-06-25 08:00:00+00:00,1593072000,TRANSITION
2020-06-25 12:00:00+00:00,1593086400,TRANSITION
2020-06-25 16:00:00+00:00,1593100800,LOW_VOL
2020-06-25 20:00:00+00:00,1593115200,LOW_VOL
2020-06-26 00:00:00+00:00,1593129600,LOW_VOL
2020-06-26 04:00:00+00:00,1593144000,LOW_VOL
2020-06-26 08:00:00+00:00,1593158400,LOW_VOL
2020-06-26 12:00:00+00:00,1593172800,TRANSITION
2020-06-26 16:00:00+00:00,1593187200,LOW_VOL
2020-06-26 20:00:00+00:00,1593201600,LOW_VOL
2020-06-28 20:00:00+00:00,1593374400,LOW_VOL
2020-06-29 00:00:00+00:00,1593388800,LOW_VOL
2020-06-29 04:00:00+00:00,1593403200,LOW_VOL
2020-06-29 08:00:00+00:00,1593417600,LOW_VOL
2020-06-29 12:00:00+00:00,1593432000,LOW_VOL
2020-06-29 16:00:00+00:00,1593446400,LOW_VOL
2020-06-29 20:00:00+00:00,1593460800,LOW_VOL
2020-06-30 00:00:00+00:00,1593475200,LOW_VOL
2020-06-30 04:00:00+00:00,1593489600,LOW_VOL
2020-06-30 08:00:00+00:00,1593504000,LOW_VOL
2020-06-30 12:00:00+00:00,1593518400,LOW_VOL
2020-06-30 16:00:00+00:00,1593532800,LOW_VOL
2020-06-30 20:00:00+00:00,1593547200,LOW_VOL
2020-07-01 00:00:00+00:00,1593561600,LOW_VOL
2020-07-01 04:00:00+00:00,1593576000,LOW_VOL
2020-07-01 08:00:00+00:00,1593590400,LOW_VOL
2020-07-01 12:00:00+00:00,1593604800,TRANSITION
2020-07-01 16:00:00+00:00,1593619200,TRANSITION
2020-07-01 20:00:00+00:00,1593633600,LOW_VOL
2020-07-02 00:00:00+00:00,1593648000,LOW_VOL
2020-07-02 04:00:00+00:00,1593662400,LOW_VOL
2020-07-02 08:00:00+00:00,1593676800,LOW_VOL
2020-07-02 12:00:00+00:00,1593691200,RANGING
2020-07-02 16:00:00+00:00,1593705600,TRANSITION
2020-07-02 20:00:00+00:00,1593720000,LOW_VOL
2020-07-03 00:00:00+00:00,1593734400,LOW_VOL
2020-07-03 04:00:00+00:00,1593748800,LOW_VOL
2020-07-03 08:00:00+00:00,1593763200,LOW_VOL
2020-07-03 12:00:00+00:00,1593777600,LOW_VOL
2020-07-03 16:00:00+00:00,1593792000,LOW_VOL
2020-07-05 20:00:00+00:00,1593979200,LOW_VOL
2020-07-06 00:00:00+00:00,1593993600,LOW_VOL
2020-07-06 04:00:00+00:00,1594008000,LOW_VOL
2020-07-06 08:00:00+00:00,1594022400,LOW_VOL
2020-07-06 12:00:00+00:00,1594036800,LOW_VOL
2020-07-06 16:00:00+00:00,1594051200,LOW_VOL
2020-07-06 20:00:00+00:00,1594065600,LOW_VOL
2020-07-07 00:00:00+00:00,1594080000,LOW_VOL
2020-07-07 04:00:00+00:00,1594094400,LOW_VOL
2020-07-07 08:00:00+00:00,1594108800,LOW_VOL
2020-07-07 12:00:00+00:00,1594123200,LOW_VOL
2020-07-07 16:00:00+00:00,1594137600,LOW_VOL
2020-07-07 20:00:00+00:00,1594152000,LOW_VOL
2020-07-08 00:00:00+00:00,1594166400,LOW_VOL
2020-07-08 04:00:00+00:00,1594180800,LOW_VOL
2020-07-08 08:00:00+00:00,1594195200,LOW_VOL
2020-07-08 12:00:00+00:00,1594209600,LOW_VOL
2020-07-08 16:00:00+00:00,1594224000,LOW_VOL
2020-07-08 20:00:00+00:00,1594238400,LOW_VOL
2020-07-09 00:00:00+00:00,1594252800,LOW_VOL
2020-07-09 04:00:00+00:00,1594267200,LOW_VOL
2020-07-09 08:00:00+00:00,1594281600,LOW_VOL
2020-07-09 12:00:00+00:00,1594296000,LOW_VOL
2020-07-09 16:00:00+00:00,1594310400,LOW_VOL
2020-07-09 20:00:00+00:00,1594324800,LOW_VOL
2020-07-10 00:00:00+00:00,1594339200,LOW_VOL
2020-07-10 04:00:00+00:00,1594353600,LOW_VOL
2020-07-10 08:00:00+00:00,1594368000,LOW_VOL
2020-07-10 12:00:00+00:00,1594382400,LOW_VOL
2020-07-10 16:00:00+00:00,1594396800,LOW_VOL
2020-07-10 20:00:00+00:00,1594411200,LOW_VOL
2020-07-12 20:00:00+00:00,1594584000,LOW_VOL
2020-07-13 00:00:00+00:00,1594598400,LOW_VOL
2020-07-13 04:00:00+00:00,1594612800,LOW_VOL
2020-07-13 08:00:00+00:00,1594627200,LOW_VOL
2020-07-13 12:00:00+00:00,1594641600,LOW_VOL
2020-07-13 16:00:00+00:00,1594656000,LOW_VOL
2020-07-13 20:00:00+00:00,1594670400,LOW_VOL
2020-07-14 00:00:00+00:00,1594684800,LOW_VOL
2020-07-14 04:00:00+00:00,1594699200,LOW_VOL
2020-07-14 08:00:00+00:00,1594713600,LOW_VOL
2020-07-14 12:00:00+00:00,1594728000,LOW_VOL
2020-07-14 16:00:00+00:00,1594742400,LOW_VOL
2020-07-14 20:00:00+00:00,1594756800,LOW_VOL
2020-07-15 00:00:00+00:00,1594771200,LOW_VOL
2020-07-15 04:00:00+00:00,1594785600,LOW_VOL
2020-07-15 08:00:00+00:00,1594800000,LOW_VOL
2020-07-15 12:00:00+00:00,1594814400,LOW_VOL
2020-07-15 16:00:00+00:00,1594828800,LOW_VOL
2020-07-15 20:00:00+00:00,1594843200,LOW_VOL
2020-07-16 00:00:00+00:00,1594857600,LOW_VOL
2020-07-16 04:00:00+00:00,1594872000,LOW_VOL
2020-07-16 08:00:00+00:00,1594886400,LOW_VOL
2020-07-16 12:00:00+00:00,1594900800,LOW_VOL
2020-07-16 16:00:00+00:00,1594915200,LOW_VOL
2020-07-16 20:00:00+00:00,1594929600,LOW_VOL
2020-07-17 00:00:00+00:00,1594944000,LOW_VOL
2020-07-17 04:00:00+00:00,1594958400,LOW_VOL
2020-07-17 08:00:00+00:00,1594972800,LOW_VOL
2020-07-17 12:00:00+00:00,1594987200,LOW_VOL
2020-07-17 16:00:00+00:00,1595001600,LOW_VOL
2020-07-17 20:00:00+00:00,1595016000,LOW_VOL
2020-07-19 20:00:00+00:00,1595188800,LOW_VOL
2020-07-20 00:00:00+00:00,1595203200,LOW_VOL
2020-07-20 04:00:00+00:00,1595217600,LOW_VOL
2020-07-20 08:00:00+00:00,1595232000,LOW_VOL
2020-07-20 12:00:00+00:00,1595246400,LOW_VOL
2020-07-20 16:00:00+00:00,1595260800,LOW_VOL
2020-07-20 20:00:00+00:00,1595275200,LOW_VOL
2020-07-21 00:00:00+00:00,1595289600,LOW_VOL
2020-07-21 04:00:00+00:00,1595304000,LOW_VOL
2020-07-21 08:00:00+00:00,1595318400,LOW_VOL
2020-07-21 12:00:00+00:00,1595332800,LOW_VOL
2020-07-21 16:00:00+00:00,1595347200,LOW_VOL
2020-07-21 20:00:00+00:00,1595361600,LOW_VOL
2020-07-22 00:00:00+00:00,1595376000,TRENDING
2020-07-22 04:00:00+00:00,1595390400,TRANSITION
2020-07-22 08:00:00+00:00,1595404800,TRANSITION
2020-07-22 12:00:00+00:00,1595419200,TRANSITION
2020-07-22 16:00:00+00:00,1595433600,TRENDING
2020-07-22 20:00:00+00:00,1595448000,TRENDING
2020-07-23 00:00:00+00:00,1595462400,TRANSITION
2020-07-23 04:00:00+00:00,1595476800,TRANSITION
2020-07-23 08:00:00+00:00,1595491200,HIGH_VOL
2020-07-23 12:00:00+00:00,1595505600,HIGH_VOL
2020-07-23 16:00:00+00:00,1595520000,HIGH_VOL
2020-07-23 20:00:00+00:00,1595534400,HIGH_VOL
2020-07-24 00:00:00+00:00,1595548800,HIGH_VOL
2020-07-24 04:00:00+00:00,1595563200,HIGH_VOL
2020-07-24 08:00:00+00:00,1595577600,HIGH_VOL
2020-07-24 12:00:00+00:00,1595592000,HIGH_VOL
2020-07-24 16:00:00+00:00,1595606400,HIGH_VOL
2020-07-24 20:00:00+00:00,1595620800,HIGH_VOL
2020-07-26 20:00:00+00:00,1595793600,HIGH_VOL
2020-07-27 00:00:00+00:00,1595808000,HIGH_VOL
2020-07-27 04:00:00+00:00,1595822400,HIGH_VOL
2020-07-27 08:00:00+00:00,1595836800,HIGH_VOL
2020-07-27 12:00:00+00:00,1595851200,HIGH_VOL
2020-07-27 16:00:00+00:00,1595865600,HIGH_VOL
2020-07-27 20:00:00+00:00,1595880000,HIGH_VOL
2020-07-28 00:00:00+00:00,1595894400,HIGH_VOL
2020-07-28 04:00:00+00:00,1595908800,HIGH_VOL
2020-07-28 08:00:00+00:00,1595923200,HIGH_VOL
2020-07-28 12:00:00+00:00,1595937600,HIGH_VOL
2020-07-28 16:00:00+00:00,1595952000,HIGH_VOL
2020-07-28 20:00:00+00:00,1595966400,HIGH_VOL
2020-07-29 00:00:00+00:00,1595980800,HIGH_VOL
2020-07-29 04:00:00+00:00,1595995200,HIGH_VOL
2020-07-29 08:00:00+00:00,1596009600,HIGH_VOL
2020-07-29 12:00:00+00:00,1596024000,HIGH_VOL
2020-07-29 16:00:00+00:00,1596038400,HIGH_VOL
2020-07-29 20:00:00+00:00,1596052800,HIGH_VOL
2020-07-30 00:00:00+00:00,1596067200,HIGH_VOL
2020-07-30 04:00:00+00:00,1596081600,HIGH_VOL
2020-07-30 08:00:00+00:00,1596096000,HIGH_VOL
2020-07-30 12:00:00+00:00,1596110400,HIGH_VOL
2020-07-30 16:00:00+00:00,1596124800,HIGH_VOL
2020-07-30 20:00:00+00:00,1596139200,HIGH_VOL
2020-07-31 00:00:00+00:00,1596153600,HIGH_VOL
2020-07-31 04:00:00+00:00,1596168000,HIGH_VOL
2020-07-31 08:00:00+00:00,1596182400,HIGH_VOL
2020-07-31 12:00:00+00:00,1596196800,HIGH_VOL
2020-07-31 16:00:00+00:00,1596211200,HIGH_VOL
2020-07-31 20:00:00+00:00,1596225600,HIGH_VOL
2020-08-02 20:00:00+00:00,1596398400,HIGH_VOL
2020-08-03 00:00:00+00:00,1596412800,HIGH_VOL
2020-08-03 04:00:00+00:00,1596427200,HIGH_VOL
2020-08-03 08:00:00+00:00,1596441600,HIGH_VOL
2020-08-03 12:00:00+00:00,1596456000,HIGH_VOL
2020-08-03 16:00:00+00:00,1596470400,HIGH_VOL
2020-08-03 20:00:00+00:00,1596484800,HIGH_VOL
2020-08-04 00:00:00+00:00,1596499200,HIGH_VOL
2020-08-04 04:00:00+00:00,1596513600,HIGH_VOL
2020-08-04 08:00:00+00:00,1596528000,HIGH_VOL
2020-08-04 12:00:00+00:00,1596542400,HIGH_VOL
2020-08-04 16:00:00+00:00,1596556800,HIGH_VOL
2020-08-04 20:00:00+00:00,1596571200,HIGH_VOL
2020-08-05 00:00:00+00:00,1596585600,HIGH_VOL
2020-08-05 04:00:00+00:00,1596600000,HIGH_VOL
2020-08-05 08:00:00+00:00,1596614400,HIGH_VOL
2020-08-05 12:00:00+00:00,1596628800,HIGH_VOL
2020-08-05 16:00:00+00:00,1596643200,HIGH_VOL
2020-08-05 20:00:00+00:00,1596657600,HIGH_VOL
2020-08-06 00:00:00+00:00,1596672000,HIGH_VOL
2020-08-06 04:00:00+00:00,1596686400,HIGH_VOL
2020-08-06 08:00:00+00:00,1596700800,HIGH_VOL
2020-08-06 12:00:00+00:00,1596715200,HIGH_VOL
2020-08-06 16:00:00+00:00,1596729600,HIGH_VOL
2020-08-06 20:00:00+00:00,1596744000,HIGH_VOL
2020-08-07 00:00:00+00:00,1596758400,HIGH_VOL
2020-08-07 04:00:00+00:00,1596772800,HIGH_VOL
2020-08-07 08:00:00+00:00,1596787200,HIGH_VOL
2020-08-07 12:00:00+00:00,1596801600,HIGH_VOL
2020-08-07 16:00:00+00:00,1596816000,HIGH_VOL
2020-08-07 20:00:00+00:00,1596830400,HIGH_VOL
2020-08-09 20:00:00+00:00,1597003200,HIGH_VOL
2020-08-10 00:00:00+00:00,1597017600,HIGH_VOL
2020-08-10 04:00:00+00:00,1597032000,HIGH_VOL
2020-08-10 08:00:00+00:00,1597046400,HIGH_VOL
2020-08-10 12:00:00+00:00,1597060800,HIGH_VOL
2020-08-10 16:00:00+00:00,1597075200,HIGH_VOL
2020-08-10 20:00:00+00:00,1597089600,HIGH_VOL
2020-08-11 00:00:00+00:00,1597104000,HIGH_VOL
2020-08-11 04:00:00+00:00,1597118400,HIGH_VOL
2020-08-11 08:00:00+00:00,1597132800,HIGH_VOL
2020-08-11 12:00:00+00:00,1597147200,HIGH_VOL
2020-08-11 16:00:00+00:00,1597161600,HIGH_VOL
2020-08-11 20:00:00+00:00,1597176000,HIGH_VOL
2020-08-12 00:00:00+00:00,1597190400,HIGH_VOL
2020-08-12 04:00:00+00:00,1597204800,HIGH_VOL
2020-08-12 08:00:00+00:00,1597219200,HIGH_VOL
2020-08-12 12:00:00+00:00,1597233600,HIGH_VOL
2020-08-12 16:00:00+00:00,1597248000,HIGH_VOL
2020-08-12 20:00:00+00:00,1597262400,HIGH_VOL
2020-08-13 00:00:00+00:00,1597276800,HIGH_VOL
2020-08-13 04:00:00+00:00,1597291200,HIGH_VOL
2020-08-13 08:00:00+00:00,1597305600,HIGH_VOL
2020-08-13 12:00:00+00:00,1597320000,HIGH_VOL
2020-08-13 16:00:00+00:00,1597334400,HIGH_VOL
2020-08-13 20:00:00+00:00,1597348800,HIGH_VOL
2020-08-14 00:00:00+00:00,1597363200,HIGH_VOL
2020-08-14 04:00:00+00:00,1597377600,HIGH_VOL
2020-08-14 08:00:00+00:00,1597392000,HIGH_VOL
2020-08-14 12:00:00+00:00,1597406400,HIGH_VOL
2020-08-14 16:00:00+00:00,1597420800,HIGH_VOL
2020-08-14 20:00:00+00:00,1597435200,HIGH_VOL
2020-08-16 20:00:00+00:00,1597608000,HIGH_VOL
2020-08-17 00:00:00+00:00,1597622400,HIGH_VOL
2020-08-17 04:00:00+00:00,1597636800,HIGH_VOL
2020-08-17 08:00:00+00:00,1597651200,HIGH_VOL
2020-08-17 12:00:00+00:00,1597665600,HIGH_VOL
2020-08-17 16:00:00+00:00,1597680000,HIGH_VOL
2020-08-17 20:00:00+00:00,1597694400,HIGH_VOL
2020-08-18 00:00:00+00:00,1597708800,HIGH_VOL
2020-08-18 04:00:00+00:00,1597723200,HIGH_VOL
2020-08-18 08:00:00+00:00,1597737600,HIGH_VOL
2020-08-18 12:00:00+00:00,1597752000,HIGH_VOL
2020-08-18 16:00:00+00:00,1597766400,HIGH_VOL
2020-08-18 20:00:00+00:00,1597780800,HIGH_VOL
2020-08-19 00:00:00+00:00,1597795200,HIGH_VOL
2020-08-19 04:00:00+00:00,1597809600,HIGH_VOL
2020-08-19 08:00:00+00:00,1597824000,HIGH_VOL
2020-08-19 12:00:00+00:00,1597838400,HIGH_VOL
2020-08-19 16:00:00+00:00,1597852800,HIGH_VOL
2020-08-19 20:00:00+00:00,1597867200,HIGH_VOL
2020-08-20 00:00:00+00:00,1597881600,HIGH_VOL
2020-08-20 04:00:00+00:00,1597896000,HIGH_VOL
2020-08-20 08:00:00+00:00,1597910400,HIGH_VOL
2020-08-20 12:00:00+00:00,1597924800,HIGH_VOL
2020-08-20 16:00:00+00:00,1597939200,HIGH_VOL
2020-08-20 20:00:00+00:00,1597953600,HIGH_VOL
2020-08-21 00:00:00+00:00,1597968000,HIGH_VOL
2020-08-21 04:00:00+00:00,1597982400,HIGH_VOL
2020-08-21 08:00:00+00:00,1597996800,HIGH_VOL
2020-08-21 12:00:00+00:00,1598011200,HIGH_VOL
2020-08-21 16:00:00+00:00,1598025600,HIGH_VOL
2020-08-21 20:00:00+00:00,1598040000,HIGH_VOL
2020-08-23 20:00:00+00:00,1598212800,HIGH_VOL
2020-08-24 00:00:00+00:00,1598227200,HIGH_VOL
2020-08-24 04:00:00+00:00,1598241600,HIGH_VOL
2020-08-24 08:00:00+00:00,1598256000,HIGH_VOL
2020-08-24 12:00:00+00:00,1598270400,HIGH_VOL
2020-08-24 16:00:00+00:00,1598284800,HIGH_VOL
2020-08-24 20:00:00+00:00,1598299200,HIGH_VOL
2020-08-25 00:00:00+00:00,1598313600,HIGH_VOL
2020-08-25 04:00:00+00:00,1598328000,TRANSITION
2020-08-25 08:00:00+00:00,1598342400,TRANSITION
2020-08-25 12:00:00+00:00,1598356800,RANGING
2020-08-25 16:00:00+00:00,1598371200,TRANSITION
2020-08-25 20:00:00+00:00,1598385600,TRANSITION
2020-08-26 00:00:00+00:00,1598400000,TRANSITION
2020-08-26 04:00:00+00:00,1598414400,TRANSITION
2020-08-26 08:00:00+00:00,1598428800,TRANSITION
2020-08-26 12:00:00+00:00,1598443200,TRANSITION
2020-08-26 16:00:00+00:00,1598457600,RANGING
2020-08-26 20:00:00+00:00,1598472000,RANGING
2020-08-27 00:00:00+00:00,1598486400,TRANSITION
2020-08-27 04:00:00+00:00,1598500800,TRANSITION
2020-08-27 08:00:00+00:00,1598515200,TRANSITION
2020-08-27 12:00:00+00:00,1598529600,HIGH_VOL
2020-08-27 16:00:00+00:00,1598544000,HIGH_VOL
2020-08-27 20:00:00+00:00,1598558400,HIGH_VOL
2020-08-28 00:00:00+00:00,1598572800,HIGH_VOL
2020-08-28 04:00:00+00:00,1598587200,HIGH_VOL
2020-08-28 08:00:00+00:00,1598601600,HIGH_VOL
2020-08-28 12:00:00+00:00,1598616000,HIGH_VOL
2020-08-28 16:00:00+00:00,1598630400,HIGH_VOL
2020-08-28 20:00:00+00:00,1598644800,TRANSITION
2020-08-30 20:00:00+00:00,1598817600,TRANSITION
2020-08-31 00:00:00+00:00,1598832000,TRANSITION
2020-08-31 04:00:00+00:00,1598846400,TRANSITION
2020-08-31 08:00:00+00:00,1598860800,TRANSITION
2020-08-31 12:00:00+00:00,1598875200,TRANSITION
2020-08-31 16:00:00+00:00,1598889600,TRANSITION
2020-08-31 20:00:00+00:00,1598904000,TRANSITION
2020-09-01 00:00:00+00:00,1598918400,TRANSITION
2020-09-01 04:00:00+00:00,1598932800,TRENDING
2020-09-01 08:00:00+00:00,1598947200,TRANSITION
2020-09-01 12:00:00+00:00,1598961600,TRANSITION
2020-09-01 16:00:00+00:00,1598976000,RANGING
2020-09-01 20:00:00+00:00,1598990400,TRANSITION
2020-09-02 00:00:00+00:00,1599004800,TRANSITION
2020-09-02 04:00:00+00:00,1599019200,TRANSITION
2020-09-02 08:00:00+00:00,1599033600,RANGING
2020-09-02 12:00:00+00:00,1599048000,RANGING
2020-09-02 16:00:00+00:00,1599062400,RANGING
2020-09-02 20:00:00+00:00,1599076800,TRANSITION
2020-09-03 00:00:00+00:00,1599091200,TRANSITION
2020-09-03 04:00:00+00:00,1599105600,TRANSITION
2020-09-03 08:00:00+00:00,1599120000,TRANSITION
2020-09-03 12:00:00+00:00,1599134400,RANGING
2020-09-03 16:00:00+00:00,1599148800,TRANSITION
2020-09-03 20:00:00+00:00,1599163200,TRANSITION
2020-09-04 00:00:00+00:00,1599177600,TRANSITION
2020-09-04 04:00:00+00:00,1599192000,TRANSITION
2020-09-04 08:00:00+00:00,1599206400,TRANSITION
2020-09-04 12:00:00+00:00,1599220800,TRANSITION
2020-09-04 16:00:00+00:00,1599235200,TRANSITION
2020-09-04 20:00:00+00:00,1599249600,TRANSITION
2020-09-06 20:00:00+00:00,1599422400,TRANSITION
2020-09-07 00:00:00+00:00,1599436800,TRANSITION
2020-09-07 04:00:00+00:00,1599451200,TRANSITION
2020-09-07 08:00:00+00:00,1599465600,TRANSITION
2020-09-07 12:00:00+00:00,1599480000,TRANSITION
2020-09-07 16:00:00+00:00,1599494400,TRANSITION
2020-09-07 20:00:00+00:00,1599508800,LOW_VOL
2020-09-08 00:00:00+00:00,1599523200,LOW_VOL
2020-09-08 04:00:00+00:00,1599537600,LOW_VOL
2020-09-08 08:00:00+00:00,1599552000,TRANSITION
2020-09-08 12:00:00+00:00,1599566400,TRANSITION
2020-09-08 16:00:00+00:00,1599580800,TRANSITION
2020-09-08 20:00:00+00:00,1599595200,TRANSITION
2020-09-09 00:00:00+00:00,1599609600,TRANSITION
2020-09-09 04:00:00+00:00,1599624000,TRANSITION
2020-09-09 08:00:00+00:00,1599638400,TRANSITION
2020-09-09 12:00:00+00:00,1599652800,TRANSITION
2020-09-09 16:00:00+00:00,1599667200,TRANSITION
2020-09-09 20:00:00+00:00,1599681600,TRANSITION
2020-09-10 00:00:00+00:00,1599696000,LOW_VOL
2020-09-10 04:00:00+00:00,1599710400,LOW_VOL
2020-09-10 08:00:00+00:00,1599724800,LOW_VOL
2020-09-10 12:00:00+00:00,1599739200,LOW_VOL
2020-09-10 16:00:00+00:00,1599753600,TRANSITION
2020-09-10 20:00:00+00:00,1599768000,LOW_VOL
2020-09-11 00:00:00+00:00,1599782400,LOW_VOL
2020-09-11 04:00:00+00:00,1599796800,LOW_VOL
2020-09-11 08:00:00+00:00,1599811200,LOW_VOL
2020-09-11 12:00:00+00:00,1599825600,LOW_VOL
2020-09-11 16:00:00+00:00,1599840000,LOW_VOL
2020-09-11 20:00:00+00:00,1599854400,LOW_VOL
2020-09-13 20:00:00+00:00,1600027200,LOW_VOL
2020-09-14 00:00:00+00:00,1600041600,LOW_VOL
2020-09-14 04:00:00+00:00,1600056000,LOW_VOL
2020-09-14 08:00:00+00:00,1600070400,LOW_VOL
2020-09-14 12:00:00+00:00,1600084800,LOW_VOL
2020-09-14 16:00:00+00:00,1600099200,LOW_VOL
2020-09-14 20:00:00+00:00,1600113600,LOW_VOL
2020-09-15 00:00:00+00:00,1600128000,LOW_VOL
2020-09-15 04:00:00+00:00,1600142400,LOW_VOL
2020-09-15 08:00:00+00:00,1600156800,LOW_VOL
2020-09-15 12:00:00+00:00,1600171200,LOW_VOL
2020-09-15 16:00:00+00:00,1600185600,LOW_VOL
2020-09-15 20:00:00+00:00,1600200000,LOW_VOL
2020-09-16 00:00:00+00:00,1600214400,LOW_VOL
2020-09-16 04:00:00+00:00,1600228800,LOW_VOL
2020-09-16 08:00:00+00:00,1600243200,LOW_VOL
2020-09-16 12:00:00+00:00,1600257600,LOW_VOL
2020-09-16 16:00:00+00:00,1600272000,LOW_VOL
2020-09-16 20:00:00+00:00,1600286400,LOW_VOL
2020-09-17 00:00:00+00:00,1600300800,LOW_VOL
2020-09-17 04:00:00+00:00,1600315200,LOW_VOL
2020-09-17 08:00:00+00:00,1600329600,LOW_VOL
2020-09-17 12:00:00+00:00,1600344000,LOW_VOL
2020-09-17 16:00:00+00:00,1600358400,LOW_VOL
2020-09-17 20:00:00+00:00,1600372800,LOW_VOL
2020-09-18 00:00:00+00:00,1600387200,LOW_VOL
2020-09-18 04:00:00+00:00,1600401600,LOW_VOL
2020-09-18 08:00:00+00:00,1600416000,LOW_VOL
2020-09-18 12:00:00+00:00,1600430400,LOW_VOL
2020-09-18 16:00:00+00:00,1600444800,LOW_VOL
2020-09-18 20:00:00+00:00,1600459200,LOW_VOL
2020-09-20 20:00:00+00:00,1600632000,LOW_VOL
2020-09-21 00:00:00+00:00,1600646400,LOW_VOL
2020-09-21 04:00:00+00:00,1600660800,LOW_VOL
2020-09-21 08:00:00+00:00,1600675200,LOW_VOL
2020-09-21 12:00:00+00:00,1600689600,TRENDING
2020-09-21 16:00:00+00:00,1600704000,TRANSITION
2020-09-21 20:00:00+00:00,1600718400,TRANSITION
2020-09-22 00:00:00+00:00,1600732800,TRANSITION
2020-09-22 04:00:00+00:00,1600747200,TRANSITION
2020-09-22 08:00:00+00:00,1600761600,TRANSITION
2020-09-22 12:00:00+00:00,1600776000,TRANSITION
2020-09-22 16:00:00+00:00,1600790400,TRANSITION
2020-09-22 20:00:00+00:00,1600804800,TRANSITION
2020-09-23 00:00:00+00:00,1600819200,TRANSITION
2020-09-23 04:00:00+00:00,1600833600,TRANSITION
2020-09-23 08:00:00+00:00,1600848000,TRANSITION
2020-09-23 12:00:00+00:00,1600862400,TRANSITION
2020-09-23 16:00:00+00:00,1600876800,TRANSITION
2020-09-23 20:00:00+00:00,1600891200,TRENDING
2020-09-24 00:00:00+00:00,1600905600,TRANSITION
2020-09-24 04:00:00+00:00,1600920000,TRANSITION
2020-09-24 08:00:00+00:00,1600934400,TRANSITION
2020-09-24 12:00:00+00:00,1600948800,TRANSITION
2020-09-24 16:00:00+00:00,1600963200,TRANSITION
2020-09-24 20:00:00+00:00,1600977600,TRANSITION
2020-09-25 00:00:00+00:00,1600992000,TRANSITION
2020-09-25 04:00:00+00:00,1601006400,TRANSITION
2020-09-25 08:00:00+00:00,1601020800,TRANSITION
2020-09-25 12:00:00+00:00,1601035200,TRANSITION
2020-09-25 16:00:00+00:00,1601049600,TRANSITION
2020-09-25 20:00:00+00:00,1601064000,TRANSITION
2020-09-27 20:00:00+00:00,1601236800,LOW_VOL
2020-09-28 00:00:00+00:00,1601251200,LOW_VOL
2020-09-28 04:00:00+00:00,1601265600,LOW_VOL
2020-09-28 08:00:00+00:00,1601280000,LOW_VOL
2020-09-28 12:00:00+00:00,1601294400,LOW_VOL
2020-09-28 16:00:00+00:00,1601308800,LOW_VOL
2020-09-28 20:00:00+00:00,1601323200,LOW_VOL
2020-09-29 00:00:00+00:00,1601337600,LOW_VOL
2020-09-29 04:00:00+00:00,1601352000,LOW_VOL
2020-09-29 08:00:00+00:00,1601366400,LOW_VOL
2020-09-29 12:00:00+00:00,1601380800,LOW_VOL
2020-09-29 16:00:00+00:00,1601395200,LOW_VOL
2020-09-29 20:00:00+00:00,1601409600,LOW_VOL
2020-09-30 00:00:00+00:00,1601424000,LOW_VOL
2020-09-30 04:00:00+00:00,1601438400,LOW_VOL
2020-09-30 08:00:00+00:00,1601452800,LOW_VOL
2020-09-30 12:00:00+00:00,1601467200,LOW_VOL
2020-09-30 16:00:00+00:00,1601481600,LOW_VOL
2020-09-30 20:00:00+00:00,1601496000,LOW_VOL
2020-10-01 00:00:00+00:00,1601510400,LOW_VOL
2020-10-01 04:00:00+00:00,1601524800,LOW_VOL
2020-10-01 08:00:00+00:00,1601539200,LOW_VOL
2020-10-01 12:00:00+00:00,1601553600,LOW_VOL
2020-10-01 16:00:00+00:00,1601568000,LOW_VOL
2020-10-01 20:00:00+00:00,1601582400,LOW_VOL
2020-10-02 00:00:00+00:00,1601596800,LOW_VOL
2020-10-02 04:00:00+00:00,1601611200,LOW_VOL
2020-10-02 08:00:00+00:00,1601625600,LOW_VOL
2020-10-02 12:00:00+00:00,1601640000,LOW_VOL
2020-10-02 16:00:00+00:00,1601654400,LOW_VOL
2020-10-02 20:00:00+00:00,1601668800,LOW_VOL
2020-10-04 20:00:00+00:00,1601841600,LOW_VOL
2020-10-05 00:00:00+00:00,1601856000,LOW_VOL
2020-10-05 04:00:00+00:00,1601870400,LOW_VOL
2020-10-05 08:00:00+00:00,1601884800,LOW_VOL
2020-10-05 12:00:00+00:00,1601899200,LOW_VOL
2020-10-05 16:00:00+00:00,1601913600,LOW_VOL
2020-10-05 20:00:00+00:00,1601928000,LOW_VOL
2020-10-06 00:00:00+00:00,1601942400,LOW_VOL
2020-10-06 04:00:00+00:00,1601956800,LOW_VOL
2020-10-06 08:00:00+00:00,1601971200,LOW_VOL
2020-10-06 12:00:00+00:00,1601985600,LOW_VOL
2020-10-06 16:00:00+00:00,1602000000,LOW_VOL
2020-10-06 20:00:00+00:00,1602014400,RANGING
2020-10-07 00:00:00+00:00,1602028800,TRANSITION
2020-10-07 04:00:00+00:00,1602043200,TRANSITION
2020-10-07 08:00:00+00:00,1602057600,TRANSITION
2020-10-07 12:00:00+00:00,1602072000,TRANSITION
2020-10-07 16:00:00+00:00,1602086400,TRANSITION
2020-10-07 20:00:00+00:00,1602100800,LOW_VOL
2020-10-08 00:00:00+00:00,1602115200,LOW_VOL
2020-10-08 04:00:00+00:00,1602129600,LOW_VOL
2020-10-08 08:00:00+00:00,1602144000,LOW_VOL
2020-10-08 12:00:00+00:00,1602158400,LOW_VOL
2020-10-08 16:00:00+00:00,1602172800,LOW_VOL
2020-10-08 20:00:00+00:00,1602187200,LOW_VOL
2020-10-09 00:00:00+00:00,1602201600,LOW_VOL
2020-10-09 04:00:00+00:00,1602216000,LOW_VOL
2020-10-09 08:00:00+00:00,1602230400,LOW_VOL
2020-10-09 12:00:00+00:00,1602244800,LOW_VOL
2020-10-09 16:00:00+00:00,1602259200,LOW_VOL
2020-10-09 20:00:00+00:00,1602273600,LOW_VOL
2020-10-11 20:00:00+00:00,1602446400,LOW_VOL
2020-10-12 00:00:00+00:00,1602460800,LOW_VOL
2020-10-12 04:00:00+00:00,1602475200,LOW_VOL
2020-10-12 08:00:00+00:00,1602489600,LOW_VOL
2020-10-12 12:00:00+00:00,1602504000,LOW_VOL
2020-10-12 16:00:00+00:00,1602518400,LOW_VOL
2020-10-12 20:00:00+00:00,1602532800,LOW_VOL
2020-10-13 00:00:00+00:00,1602547200,LOW_VOL
2020-10-13 04:00:00+00:00,1602561600,LOW_VOL
2020-10-13 08:00:00+00:00,1602576000,LOW_VOL
2020-10-13 12:00:00+00:00,1602590400,TRANSITION
2020-10-13 16:00:00+00:00,1602604800,TRANSITION
2020-10-13 20:00:00+00:00,1602619200,LOW_VOL
2020-10-14 00:00:00+00:00,1602633600,TRANSITION
2020-10-14 04:00:00+00:00,1602648000,LOW_VOL
2020-10-14 08:00:00+00:00,1602662400,LOW_VOL
2020-10-14 12:00:00+00:00,1602676800,LOW_VOL
2020-10-14 16:00:00+00:00,1602691200,LOW_VOL
2020-10-14 20:00:00+00:00,1602705600,LOW_VOL
2020-10-15 00:00:00+00:00,1602720000,LOW_VOL
2020-10-15 04:00:00+00:00,1602734400,LOW_VOL
2020-10-15 08:00:00+00:00,1602748800,LOW_VOL
2020-10-15 12:00:00+00:00,1602763200,LOW_VOL
2020-10-15 16:00:00+00:00,1602777600,LOW_VOL
2020-10-15 20:00:00+00:00,1602792000,LOW_VOL
2020-10-16 00:00:00+00:00,1602806400,LOW_VOL
2020-10-16 04:00:00+00:00,1602820800,LOW_VOL
2020-10-16 08:00:00+00:00,1602835200,LOW_VOL
2020-10-16 12:00:00+00:00,1602849600,LOW_VOL
2020-10-16 16:00:00+00:00,1602864000,LOW_VOL
2020-10-16 20:00:00+00:00,1602878400,LOW_VOL
2020-10-18 20:00:00+00:00,1603051200,LOW_VOL
2020-10-19 00:00:00+00:00,1603065600,LOW_VOL
2020-10-19 04:00:00+00:00,1603080000,LOW_VOL
2020-10-19 08:00:00+00:00,1603094400,LOW_VOL
2020-10-19 12:00:00+00:00,1603108800,LOW_VOL
2020-10-19 16:00:00+00:00,1603123200,LOW_VOL
2020-10-19 20:00:00+00:00,1603137600,LOW_VOL
2020-10-20 00:00:00+00:00,1603152000,LOW_VOL
2020-10-20 04:00:00+00:00,1603166400,LOW_VOL
2020-10-20 08:00:00+00:00,1603180800,LOW_VOL
2020-10-20 12:00:00+00:00,1603195200,LOW_VOL
2020-10-20 16:00:00+00:00,1603209600,LOW_VOL
2020-10-20 20:00:00+00:00,1603224000,LOW_VOL
2020-10-21 00:00:00+00:00,1603238400,LOW_VOL
2020-10-21 04:00:00+00:00,1603252800,LOW_VOL
2020-10-21 08:00:00+00:00,1603267200,LOW_VOL
2020-10-21 12:00:00+00:00,1603281600,LOW_VOL
2020-10-21 16:00:00+00:00,1603296000,LOW_VOL
2020-10-21 20:00:00+00:00,1603310400,LOW_VOL
2020-10-22 00:00:00+00:00,1603324800,LOW_VOL
2020-10-22 04:00:00+00:00,1603339200,LOW_VOL
2020-10-22 08:00:00+00:00,1603353600,LOW_VOL
2020-10-22 12:00:00+00:00,1603368000,LOW_VOL
2020-10-22 16:00:00+00:00,1603382400,LOW_VOL
2020-10-22 20:00:00+00:00,1603396800,LOW_VOL
2020-10-23 00:00:00+00:00,1603411200,LOW_VOL
2020-10-23 04:00:00+00:00,1603425600,LOW_VOL
2020-10-23 08:00:00+00:00,1603440000,LOW_VOL
2020-10-23 12:00:00+00:00,1603454400,LOW_VOL
2020-10-23 16:00:00+00:00,1603468800,LOW_VOL
2020-10-23 20:00:00+00:00,1603483200,LOW_VOL
2020-10-25 20:00:00+00:00,1603656000,LOW_VOL
2020-10-26 00:00:00+00:00,1603670400,LOW_VOL
2020-10-26 04:00:00+00:00,1603684800,LOW_VOL
2020-10-26 08:00:00+00:00,1603699200,LOW_VOL
2020-10-26 12:00:00+00:00,1603713600,LOW_VOL
2020-10-26 16:00:00+00:00,1603728000,LOW_VOL
2020-10-26 20:00:00+00:00,1603742400,LOW_VOL
2020-10-27 00:00:00+00:00,1603756800,LOW_VOL
2020-10-27 04:00:00+00:00,1603771200,LOW_VOL
2020-10-27 08:00:00+00:00,1603785600,LOW_VOL
2020-10-27 12:00:00+00:00,1603800000,LOW_VOL
2020-10-27 16:00:00+00:00,1603814400,LOW_VOL
2020-10-27 20:00:00+00:00,1603828800,LOW_VOL
2020-10-28 00:00:00+00:00,1603843200,LOW_VOL
2020-10-28 04:00:00+00:00,1603857600,LOW_VOL
2020-10-28 08:00:00+00:00,1603872000,LOW_VOL
2020-10-28 12:00:00+00:00,1603886400,LOW_VOL
2020-10-28 16:00:00+00:00,1603900800,LOW_VOL
2020-10-28 20:00:00+00:00,1603915200,LOW_VOL
2020-10-29 00:00:00+00:00,1603929600,LOW_VOL
2020-10-29 04:00:00+00:00,1603944000,LOW_VOL
2020-10-29 08:00:00+00:00,1603958400,LOW_VOL
2020-10-29 12:00:00+00:00,1603972800,LOW_VOL
2020-10-29 16:00:00+00:00,1603987200,LOW_VOL
2020-10-29 20:00:00+00:00,1604001600,LOW_VOL
2020-10-30 00:00:00+00:00,1604016000,LOW_VOL
2020-10-30 04:00:00+00:00,1604030400,LOW_VOL
2020-10-30 08:00:00+00:00,1604044800,LOW_VOL
2020-10-30 12:00:00+00:00,1604059200,TRANSITION
2020-10-30 16:00:00+00:00,1604073600,TRANSITION
2020-10-30 20:00:00+00:00,1604088000,LOW_VOL
2020-11-01 20:00:00+00:00,1604260800,LOW_VOL
2020-11-02 00:00:00+00:00,1604275200,LOW_VOL
2020-11-02 04:00:00+00:00,1604289600,LOW_VOL
2020-11-02 08:00:00+00:00,1604304000,LOW_VOL
2020-11-02 12:00:00+00:00,1604318400,LOW_VOL
2020-11-02 16:00:00+00:00,1604332800,LOW_VOL
2020-11-02 20:00:00+00:00,1604347200,LOW_VOL
2020-11-03 00:00:00+00:00,1604361600,LOW_VOL
2020-11-03 04:00:00+00:00,1604376000,LOW_VOL
2020-11-03 08:00:00+00:00,1604390400,LOW_VOL
2020-11-03 12:00:00+00:00,1604404800,LOW_VOL
2020-11-03 16:00:00+00:00,1604419200,LOW_VOL
2020-11-03 20:00:00+00:00,1604433600,LOW_VOL
2020-11-04 00:00:00+00:00,1604448000,TRANSITION
2020-11-04 04:00:00+00:00,1604462400,TRANSITION
2020-11-04 08:00:00+00:00,1604476800,HIGH_VOL
2020-11-04 12:00:00+00:00,1604491200,HIGH_VOL
2020-11-04 16:00:00+00:00,1604505600,HIGH_VOL
2020-11-04 20:00:00+00:00,1604520000,HIGH_VOL
2020-11-05 00:00:00+00:00,1604534400,HIGH_VOL
2020-11-05 04:00:00+00:00,1604548800,TRENDING
2020-11-05 08:00:00+00:00,1604563200,TRENDING
2020-11-05 12:00:00+00:00,1604577600,HIGH_VOL
2020-11-05 16:00:00+00:00,1604592000,HIGH_VOL
2020-11-05 20:00:00+00:00,1604606400,HIGH_VOL
2020-11-06 00:00:00+00:00,1604620800,HIGH_VOL
2020-11-06 04:00:00+00:00,1604635200,HIGH_VOL
2020-11-06 08:00:00+00:00,1604649600,HIGH_VOL
2020-11-06 12:00:00+00:00,1604664000,HIGH_VOL
2020-11-06 16:00:00+00:00,1604678400,HIGH_VOL
2020-11-06 20:00:00+00:00,1604692800,HIGH_VOL
2020-11-08 20:00:00+00:00,1604865600,HIGH_VOL
2020-11-09 00:00:00+00:00,1604880000,HIGH_VOL
2020-11-09 04:00:00+00:00,1604894400,HIGH_VOL
2020-11-09 08:00:00+00:00,1604908800,HIGH_VOL
2020-11-09 12:00:00+00:00,1604923200,HIGH_VOL
2020-11-09 16:00:00+00:00,1604937600,HIGH_VOL
2020-11-09 20:00:00+00:00,1604952000,HIGH_VOL
2020-11-10 00:00:00+00:00,1604966400,HIGH_VOL
2020-11-10 04:00:00+00:00,1604980800,HIGH_VOL
2020-11-10 08:00:00+00:00,1604995200,HIGH_VOL
2020-11-10 12:00:00+00:00,1605009600,HIGH_VOL
2020-11-10 16:00:00+00:00,1605024000,HIGH_VOL
2020-11-10 20:00:00+00:00,1605038400,HIGH_VOL
2020-11-11 00:00:00+00:00,1605052800,HIGH_VOL
2020-11-11 04:00:00+00:00,1605067200,HIGH_VOL
2020-11-11 08:00:00+00:00,1605081600,HIGH_VOL
2020-11-11 12:00:00+00:00,1605096000,HIGH_VOL
2020-11-11 16:00:00+00:00,1605110400,HIGH_VOL
2020-11-11 20:00:00+00:00,1605124800,HIGH_VOL
2020-11-12 00:00:00+00:00,1605139200,HIGH_VOL
2020-11-12 04:00:00+00:00,1605153600,HIGH_VOL
2020-11-12 08:00:00+00:00,1605168000,HIGH_VOL
2020-11-12 12:00:00+00:00,1605182400,HIGH_VOL
2020-11-12 16:00:00+00:00,1605196800,HIGH_VOL
2020-11-12 20:00:00+00:00,1605211200,HIGH_VOL
2020-11-13 00:00:00+00:00,1605225600,HIGH_VOL
2020-11-13 04:00:00+00:00,1605240000,HIGH_VOL
2020-11-13 08:00:00+00:00,1605254400,RANGING
2020-11-13 12:00:00+00:00,1605268800,HIGH_VOL
2020-11-13 16:00:00+00:00,1605283200,HIGH_VOL
2020-11-13 20:00:00+00:00,1605297600,TRANSITION
2020-11-15 20:00:00+00:00,1605470400,TRANSITION
2020-11-16 00:00:00+00:00,1605484800,RANGING
2020-11-16 04:00:00+00:00,1605499200,TRANSITION
2020-11-16 08:00:00+00:00,1605513600,HIGH_VOL
2020-11-16 12:00:00+00:00,1605528000,HIGH_VOL
2020-11-16 16:00:00+00:00,1605542400,HIGH_VOL
2020-11-16 20:00:00+00:00,1605556800,HIGH_VOL
2020-11-17 00:00:00+00:00,1605571200,HIGH_VOL
2020-11-17 04:00:00+00:00,1605585600,HIGH_VOL
2020-11-17 08:00:00+00:00,1605600000,TRANSITION
2020-11-17 12:00:00+00:00,1605614400,TRANSITION
2020-11-17 16:00:00+00:00,1605628800,TRANSITION
2020-11-17 20:00:00+00:00,1605643200,RANGING
2020-11-18 00:00:00+00:00,1605657600,RANGING
2020-11-18 04:00:00+00:00,1605672000,TRANSITION
2020-11-18 08:00:00+00:00,1605686400,TRANSITION
2020-11-18 12:00:00+00:00,1605700800,HIGH_VOL
2020-11-18 16:00:00+00:00,1605715200,HIGH_VOL
2020-11-18 20:00:00+00:00,1605729600,TRANSITION
2020-11-19 00:00:00+00:00,1605744000,RANGING
2020-11-19 04:00:00+00:00,1605758400,RANGING
2020-11-19 08:00:00+00:00,1605772800,RANGING
2020-11-19 12:00:00+00:00,1605787200,RANGING
2020-11-19 16:00:00+00:00,1605801600,TRANSITION
2020-11-19 20:00:00+00:00,1605816000,TRANSITION
2020-11-20 00:00:00+00:00,1605830400,TRANSITION
2020-11-20 04:00:00+00:00,1605844800,TRANSITION
2020-11-20 08:00:00+00:00,1605859200,TRENDING
2020-11-20 12:00:00+00:00,1605873600,RANGING
2020-11-20 16:00:00+00:00,1605888000,TRANSITION
2020-11-20 20:00:00+00:00,1605902400,TRANSITION
2020-11-22 20:00:00+00:00,1606075200,LOW_VOL
2020-11-23 00:00:00+00:00,1606089600,LOW_VOL
2020-11-23 04:00:00+00:00,1606104000,LOW_VOL
2020-11-23 08:00:00+00:00,1606118400,LOW_VOL
2020-11-23 12:00:00+00:00,1606132800,TRANSITION
2020-11-23 16:00:00+00:00,1606147200,TRANSITION
2020-11-23 20:00:00+00:00,1606161600,TRANSITION
2020-11-24 00:00:00+00:00,1606176000,TRANSITION
2020-11-24 04:00:00+00:00,1606190400,TRANSITION
2020-11-24 08:00:00+00:00,1606204800,HIGH_VOL
2020-11-24 12:00:00+00:00,1606219200,HIGH_VOL
2020-11-24 16:00:00+00:00,1606233600,HIGH_VOL
2020-11-24 20:00:00+00:00,1606248000,HIGH_VOL
2020-11-25 00:00:00+00:00,1606262400,HIGH_VOL
2020-11-25 04:00:00+00:00,1606276800,HIGH_VOL
2020-11-25 08:00:00+00:00,1606291200,TRANSITION
2020-11-25 12:00:00+00:00,1606305600,TRANSITION
2020-11-25 16:00:00+00:00,1606320000,TRANSITION
2020-11-25 20:00:00+00:00,1606334400,TRANSITION
2020-11-26 00:00:00+00:00,1606348800,TRANSITION
2020-11-26 04:00:00+00:00,1606363200,TRENDING
2020-11-26 08:00:00+00:00,1606377600,TRANSITION
2020-11-26 12:00:00+00:00,1606392000,TRANSITION
2020-11-26 16:00:00+00:00,1606406400,TRANSITION
2020-11-26 20:00:00+00:00,1606420800,LOW_VOL
2020-11-27 00:00:00+00:00,1606435200,LOW_VOL
2020-11-27 04:00:00+00:00,1606449600,LOW_VOL
2020-11-27 08:00:00+00:00,1606464000,LOW_VOL
2020-11-27 12:00:00+00:00,1606478400,TRANSITION
2020-11-27 16:00:00+00:00,1606492800,TRANSITION
2020-11-29 20:00:00+00:00,1606680000,TRANSITION
2020-11-30 00:00:00+00:00,1606694400,TRANSITION
2020-11-30 04:00:00+00:00,1606708800,HIGH_VOL
2020-11-30 08:00:00+00:00,1606723200,HIGH_VOL
2020-11-30 12:00:00+00:00,1606737600,HIGH_VOL
2020-11-30 16:00:00+00:00,1606752000,HIGH_VOL
2020-11-30 20:00:00+00:00,1606766400,HIGH_VOL
2020-12-01 00:00:00+00:00,1606780800,HIGH_VOL
2020-12-01 04:00:00+00:00,1606795200,HIGH_VOL
2020-12-01 08:00:00+00:00,1606809600,HIGH_VOL
2020-12-01 12:00:00+00:00,1606824000,HIGH_VOL
2020-12-01 16:00:00+00:00,1606838400,HIGH_VOL
2020-12-01 20:00:00+00:00,1606852800,HIGH_VOL
2020-12-02 00:00:00+00:00,1606867200,HIGH_VOL
2020-12-02 04:00:00+00:00,1606881600,HIGH_VOL
2020-12-02 08:00:00+00:00,1606896000,HIGH_VOL
2020-12-02 12:00:00+00:00,1606910400,HIGH_VOL
2020-12-02 16:00:00+00:00,1606924800,HIGH_VOL
2020-12-02 20:00:00+00:00,1606939200,TRENDING
2020-12-03 00:00:00+00:00,1606953600,TRENDING
2020-12-03 04:00:00+00:00,1606968000,HIGH_VOL
2020-12-03 08:00:00+00:00,1606982400,TRENDING
2020-12-03 12:00:00+00:00,1606996800,HIGH_VOL
2020-12-03 16:00:00+00:00,1607011200,HIGH_VOL
2020-12-03 20:00:00+00:00,1607025600,HIGH_VOL
2020-12-04 00:00:00+00:00,1607040000,TRANSITION
2020-12-04 04:00:00+00:00,1607054400,TRANSITION
2020-12-04 08:00:00+00:00,1607068800,TRANSITION
2020-12-04 12:00:00+00:00,1607083200,TRANSITION
2020-12-04 16:00:00+00:00,1607097600,TRANSITION
2020-12-04 20:00:00+00:00,1607112000,TRANSITION
2020-12-06 20:00:00+00:00,1607284800,TRANSITION
2020-12-07 00:00:00+00:00,1607299200,TRANSITION
2020-12-07 04:00:00+00:00,1607313600,TRANSITION
2020-12-07 08:00:00+00:00,1607328000,TRANSITION
2020-12-07 12:00:00+00:00,1607342400,HIGH_VOL
2020-12-07 16:00:00+00:00,1607356800,HIGH_VOL
2020-12-07 20:00:00+00:00,1607371200,HIGH_VOL
2020-12-08 00:00:00+00:00,1607385600,HIGH_VOL
2020-12-08 04:00:00+00:00,1607400000,HIGH_VOL
2020-12-08 08:00:00+00:00,1607414400,TRANSITION
2020-12-08 12:00:00+00:00,1607428800,TRANSITION
2020-12-08 16:00:00+00:00,1607443200,TRANSITION
2020-12-08 20:00:00+00:00,1607457600,TRANSITION
2020-12-09 00:00:00+00:00,1607472000,TRANSITION
2020-12-09 04:00:00+00:00,1607486400,RANGING
2020-12-09 08:00:00+00:00,1607500800,RANGING
2020-12-09 12:00:00+00:00,1607515200,HIGH_VOL
2020-12-09 16:00:00+00:00,1607529600,HIGH_VOL
2020-12-09 20:00:00+00:00,1607544000,HIGH_VOL
2020-12-10 00:00:00+00:00,1607558400,HIGH_VOL
2020-12-10 04:00:00+00:00,1607572800,HIGH_VOL
2020-12-10 08:00:00+00:00,1607587200,HIGH_VOL
2020-12-10 12:00:00+00:00,1607601600,HIGH_VOL
2020-12-10 16:00:00+00:00,1607616000,HIGH_VOL
2020-12-10 20:00:00+00:00,1607630400,HIGH_VOL
2020-12-11 00:00:00+00:00,1607644800,RANGING
2020-12-11 04:00:00+00:00,1607659200,TRANSITION
2020-12-11 08:00:00+00:00,1607673600,TRANSITION
2020-12-11 12:00:00+00:00,1607688000,HIGH_VOL
2020-12-11 16:00:00+00:00,1607702400,TRANSITION
2020-12-11 20:00:00+00:00,1607716800,TRANSITION
2020-12-13 20:00:00+00:00,1607889600,TRANSITION
2020-12-14 00:00:00+00:00,1607904000,TRANSITION
2020-12-14 04:00:00+00:00,1607918400,TRENDING
2020-12-14 08:00:00+00:00,1607932800,TRENDING
2020-12-14 12:00:00+00:00,1607947200,TRENDING
2020-12-14 16:00:00+00:00,1607961600,TRENDING
2020-12-14 20:00:00+00:00,1607976000,TRANSITION
2020-12-15 00:00:00+00:00,1607990400,TRANSITION
2020-12-15 04:00:00+00:00,1608004800,RANGING
2020-12-15 08:00:00+00:00,1608019200,RANGING
2020-12-15 12:00:00+00:00,1608033600,RANGING
2020-12-15 16:00:00+00:00,1608048000,RANGING
2020-12-15 20:00:00+00:00,1608062400,RANGING
2020-12-16 00:00:00+00:00,1608076800,RANGING
2020-12-16 04:00:00+00:00,1608091200,LOW_VOL
2020-12-16 08:00:00+00:00,1608105600,TRANSITION
2020-12-16 12:00:00+00:00,1608120000,TRANSITION
2020-12-16 16:00:00+00:00,1608134400,TRANSITION
2020-12-16 20:00:00+00:00,1608148800,TRANSITION
2020-12-17 00:00:00+00:00,1608163200,TRANSITION
2020-12-17 04:00:00+00:00,1608177600,TRANSITION
2020-12-17 08:00:00+00:00,1608192000,TRANSITION
2020-12-17 12:00:00+00:00,1608206400,TRENDING
2020-12-17 16:00:00+00:00,1608220800,TRANSITION
2020-12-17 20:00:00+00:00,1608235200,TRANSITION
2020-12-18 00:00:00+00:00,1608249600,TRENDING
2020-12-18 04:00:00+00:00,1608264000,TRENDING
2020-12-18 08:00:00+00:00,1608278400,TRANSITION
2020-12-18 12:00:00+00:00,1608292800,TRANSITION
2020-12-18 16:00:00+00:00,1608307200,TRANSITION
2020-12-18 20:00:00+00:00,1608321600,LOW_VOL
2020-12-20 20:00:00+00:00,1608494400,LOW_VOL
2020-12-21 00:00:00+00:00,1608508800,LOW_VOL
2020-12-21 04:00:00+00:00,1608523200,TRANSITION
2020-12-21 08:00:00+00:00,1608537600,HIGH_VOL
2020-12-21 12:00:00+00:00,1608552000,HIGH_VOL
2020-12-21 16:00:00+00:00,1608566400,HIGH_VOL
2020-12-21 20:00:00+00:00,1608580800,HIGH_VOL
2020-12-22 00:00:00+00:00,1608595200,HIGH_VOL
2020-12-22 04:00:00+00:00,1608609600,HIGH_VOL
2020-12-22 08:00:00+00:00,1608624000,HIGH_VOL
2020-12-22 12:00:00+00:00,1608638400,HIGH_VOL
2020-12-22 16:00:00+00:00,1608652800,HIGH_VOL
2020-12-22 20:00:00+00:00,1608667200,HIGH_VOL
2020-12-23 00:00:00+00:00,1608681600,TRANSITION
2020-12-23 04:00:00+00:00,1608696000,TRANSITION
2020-12-23 08:00:00+00:00,1608710400,TRANSITION
2020-12-23 12:00:00+00:00,1608724800,HIGH_VOL
2020-12-23 16:00:00+00:00,1608739200,TRANSITION
2020-12-23 20:00:00+00:00,1608753600,RANGING
2020-12-24 00:00:00+00:00,1608768000,RANGING
2020-12-24 04:00:00+00:00,1608782400,RANGING
2020-12-24 08:00:00+00:00,1608796800,TRANSITION
2020-12-24 12:00:00+00:00,1608811200,TRANSITION
2020-12-24 16:00:00+00:00,1608825600,LOW_VOL
2020-12-27 20:00:00+00:00,1609099200,LOW_VOL
2020-12-28 00:00:00+00:00,1609113600,RANGING
2020-12-28 04:00:00+00:00,1609128000,TRANSITION
2020-12-28 08:00:00+00:00,1609142400,TRANSITION
2020-12-28 12:00:00+00:00,1609156800,HIGH_VOL
2020-12-28 16:00:00+00:00,1609171200,HIGH_VOL
2020-12-28 20:00:00+00:00,1609185600,HIGH_VOL
2020-12-29 00:00:00+00:00,1609200000,HIGH_VOL
2020-12-29 04:00:00+00:00,1609214400,RANGING
2020-12-29 08:00:00+00:00,1609228800,TRANSITION
2020-12-29 12:00:00+00:00,1609243200,TRANSITION
2020-12-29 16:00:00+00:00,1609257600,TRANSITION
2020-12-29 20:00:00+00:00,1609272000,TRANSITION
2020-12-30 00:00:00+00:00,1609286400,TRANSITION
2020-12-30 04:00:00+00:00,1609300800,LOW_VOL
2020-12-30 08:00:00+00:00,1609315200,LOW_VOL
2020-12-30 12:00:00+00:00,1609329600,LOW_VOL
2020-12-30 16:00:00+00:00,1609344000,LOW_VOL
2020-12-30 20:00:00+00:00,1609358400,LOW_VOL
2020-12-31 00:00:00+00:00,1609372800,LOW_VOL
2020-12-31 04:00:00+00:00,1609387200,LOW_VOL
2020-12-31 08:00:00+00:00,1609401600,LOW_VOL
2020-12-31 12:00:00+00:00,1609416000,LOW_VOL
2020-12-31 16:00:00+00:00,1609430400,LOW_VOL
2020-12-31 20:00:00+00:00,1609444800,LOW_VOL
2021-01-03 20:00:00+00:00,1609704000,LOW_VOL
2021-01-04 00:00:00+00:00,1609718400,TRENDING
2021-01-04 04:00:00+00:00,1609732800,LOW_VOL
2021-01-04 08:00:00+00:00,1609747200,TRENDING
2021-01-04 12:00:00+00:00,1609761600,TRENDING
2021-01-04 16:00:00+00:00,1609776000,TRANSITION
2021-01-04 20:00:00+00:00,1609790400,TRANSITION
2021-01-05 00:00:00+00:00,1609804800,TRENDING
2021-01-05 04:00:00+00:00,1609819200,LOW_VOL
2021-01-05 08:00:00+00:00,1609833600,TRANSITION
2021-01-05 12:00:00+00:00,1609848000,TRANSITION
2021-01-05 16:00:00+00:00,1609862400,TRANSITION
2021-01-05 20:00:00+00:00,1609876800,LOW_VOL
2021-01-06 00:00:00+00:00,1609891200,TRANSITION
2021-01-06 04:00:00+00:00,1609905600,TRANSITION
2021-01-06 08:00:00+00:00,1609920000,TRANSITION
2021-01-06 12:00:00+00:00,1609934400,HIGH_VOL
2021-01-06 16:00:00+00:00,1609948800,HIGH_VOL
2021-01-06 20:00:00+00:00,1609963200,HIGH_VOL
2021-01-07 00:00:00+00:00,1609977600,HIGH_VOL
2021-01-07 04:00:00+00:00,1609992000,HIGH_VOL
2021-01-07 08:00:00+00:00,1610006400,HIGH_VOL
2021-01-07 12:00:00+00:00,1610020800,HIGH_VOL
2021-01-07 16:00:00+00:00,1610035200,HIGH_VOL
2021-01-07 20:00:00+00:00,1610049600,HIGH_VOL
2021-01-08 00:00:00+00:00,1610064000,HIGH_VOL
2021-01-08 04:00:00+00:00,1610078400,HIGH_VOL
2021-01-08 08:00:00+00:00,1610092800,HIGH_VOL
2021-01-08 12:00:00+00:00,1610107200,HIGH_VOL
2021-01-08 16:00:00+00:00,1610121600,HIGH_VOL
2021-01-08 20:00:00+00:00,1610136000,HIGH_VOL
2021-01-10 20:00:00+00:00,1610308800,HIGH_VOL
2021-01-11 00:00:00+00:00,1610323200,HIGH_VOL
2021-01-11 04:00:00+00:00,1610337600,HIGH_VOL
2021-01-11 08:00:00+00:00,1610352000,HIGH_VOL
2021-01-11 12:00:00+00:00,1610366400,HIGH_VOL
2021-01-11 16:00:00+00:00,1610380800,HIGH_VOL
2021-01-11 20:00:00+00:00,1610395200,HIGH_VOL
2021-01-12 00:00:00+00:00,1610409600,HIGH_VOL
2021-01-12 04:00:00+00:00,1610424000,HIGH_VOL
2021-01-12 08:00:00+00:00,1610438400,HIGH_VOL
2021-01-12 12:00:00+00:00,1610452800,HIGH_VOL
2021-01-12 16:00:00+00:00,1610467200,HIGH_VOL
2021-01-12 20:00:00+00:00,1610481600,HIGH_VOL
2021-01-13 00:00:00+00:00,1610496000,HIGH_VOL
2021-01-13 04:00:00+00:00,1610510400,HIGH_VOL
2021-01-13 08:00:00+00:00,1610524800,HIGH_VOL
2021-01-13 12:00:00+00:00,1610539200,HIGH_VOL
2021-01-13 16:00:00+00:00,1610553600,HIGH_VOL
2021-01-13 20:00:00+00:00,1610568000,HIGH_VOL
2021-01-14 00:00:00+00:00,1610582400,HIGH_VOL
2021-01-14 04:00:00+00:00,1610596800,HIGH_VOL
2021-01-14 08:00:00+00:00,1610611200,HIGH_VOL
2021-01-14 12:00:00+00:00,1610625600,HIGH_VOL
2021-01-14 16:00:00+00:00,1610640000,HIGH_VOL
2021-01-14 20:00:00+00:00,1610654400,HIGH_VOL
2021-01-15 00:00:00+00:00,1610668800,HIGH_VOL
2021-01-15 04:00:00+00:00,1610683200,HIGH_VOL
2021-01-15 08:00:00+00:00,1610697600,HIGH_VOL
2021-01-15 12:00:00+00:00,1610712000,HIGH_VOL
2021-01-15 16:00:00+00:00,1610726400,HIGH_VOL
2021-01-15 20:00:00+00:00,1610740800,HIGH_VOL
2021-01-17 20:00:00+00:00,1610913600,HIGH_VOL
2021-01-18 00:00:00+00:00,1610928000,HIGH_VOL
2021-01-18 04:00:00+00:00,1610942400,HIGH_VOL
2021-01-18 08:00:00+00:00,1610956800,HIGH_VOL
2021-01-18 12:00:00+00:00,1610971200,HIGH_VOL
2021-01-18 16:00:00+00:00,1610985600,HIGH_VOL
2021-01-18 20:00:00+00:00,1611000000,HIGH_VOL
2021-01-19 00:00:00+00:00,1611014400,HIGH_VOL
2021-01-19 04:00:00+00:00,1611028800,TRANSITION
2021-01-19 08:00:00+00:00,1611043200,RANGING
2021-01-19 12:00:00+00:00,1611057600,TRANSITION
2021-01-19 16:00:00+00:00,1611072000,TRANSITION
2021-01-19 20:00:00+00:00,1611086400,TRANSITION
2021-01-20 00:00:00+00:00,1611100800,RANGING
2021-01-20 04:00:00+00:00,1611115200,RANGING
2021-01-20 08:00:00+00:00,1611129600,TRANSITION
2021-01-20 12:00:00+00:00,1611144000,HIGH_VOL
2021-01-20 16:00:00+00:00,1611158400,HIGH_VOL
2021-01-20 20:00:00+00:00,1611172800,TRENDING
2021-01-21 00:00:00+00:00,1611187200,TRENDING
2021-01-21 04:00:00+00:00,1611201600,TRANSITION
2021-01-21 08:00:00+00:00,1611216000,TRANSITION
2021-01-21 12:00:00+00:00,1611230400,TRANSITION
2021-01-21 16:00:00+00:00,1611244800,TRANSITION
2021-01-21 20:00:00+00:00,1611259200,TRANSITION
2021-01-22 00:00:00+00:00,1611273600,TRANSITION
2021-01-22 04:00:00+00:00,1611288000,LOW_VOL
2021-01-22 08:00:00+00:00,1611302400,RANGING
2021-01-22 12:00:00+00:00,1611316800,TRANSITION
2021-01-22 16:00:00+00:00,1611331200,TRANSITION
2021-01-22 20:00:00+00:00,1611345600,TRANSITION
2021-01-24 20:00:00+00:00,1611518400,TRANSITION
2021-01-25 00:00:00+00:00,1611532800,LOW_VOL
2021-01-25 04:00:00+00:00,1611547200,LOW_VOL
2021-01-25 08:00:00+00:00,1611561600,TRANSITION
2021-01-25 12:00:00+00:00,1611576000,TRANSITION
2021-01-25 16:00:00+00:00,1611590400,TRANSITION
2021-01-25 20:00:00+00:00,1611604800,TRANSITION
2021-01-26 00:00:00+00:00,1611619200,RANGING
2021-01-26 04:00:00+00:00,1611633600,TRANSITION
2021-01-26 08:00:00+00:00,1611648000,TRANSITION
2021-01-26 12:00:00+00:00,1611662400,TRANSITION
2021-01-26 16:00:00+00:00,1611676800,LOW_VOL
2021-01-26 20:00:00+00:00,1611691200,LOW_VOL
2021-01-27 00:00:00+00:00,1611705600,LOW_VOL
2021-01-27 04:00:00+00:00,1611720000,LOW_VOL
2021-01-27 08:00:00+00:00,1611734400,LOW_VOL
2021-01-27 12:00:00+00:00,1611748800,TRANSITION
2021-01-27 16:00:00+00:00,1611763200,TRANSITION
2021-01-27 20:00:00+00:00,1611777600,LOW_VOL
2021-01-28 00:00:00+00:00,1611792000,LOW_VOL
2021-01-28 04:00:00+00:00,1611806400,LOW_VOL
2021-01-28 08:00:00+00:00,1611820800,LOW_VOL
2021-01-28 12:00:00+00:00,1611835200,TRANSITION
2021-01-28 16:00:00+00:00,1611849600,HIGH_VOL
2021-01-28 20:00:00+00:00,1611864000,TRANSITION
2021-01-29 00:00:00+00:00,1611878400,TRANSITION
2021-01-29 04:00:00+00:00,1611892800,TRANSITION
2021-01-29 08:00:00+00:00,1611907200,HIGH_VOL
2021-01-29 12:00:00+00:00,1611921600,HIGH_VOL
2021-01-29 16:00:00+00:00,1611936000,HIGH_VOL
2021-01-29 20:00:00+00:00,1611950400,HIGH_VOL
2021-01-31 20:00:00+00:00,1612123200,HIGH_VOL
2021-02-01 00:00:00+00:00,1612137600,HIGH_VOL
2021-02-01 04:00:00+00:00,1612152000,HIGH_VOL
2021-02-01 08:00:00+00:00,1612166400,HIGH_VOL
2021-02-01 12:00:00+00:00,1612180800,HIGH_VOL
2021-02-01 16:00:00+00:00,1612195200,HIGH_VOL
2021-02-01 20:00:00+00:00,1612209600,HIGH_VOL
2021-02-02 00:00:00+00:00,1612224000,HIGH_VOL
2021-02-02 04:00:00+00:00,1612238400,HIGH_VOL
2021-02-02 08:00:00+00:00,1612252800,HIGH_VOL
2021-02-02 12:00:00+00:00,1612267200,HIGH_VOL
2021-02-02 16:00:00+00:00,1612281600,HIGH_VOL
2021-02-02 20:00:00+00:00,1612296000,TRANSITION
2021-02-03 00:00:00+00:00,1612310400,TRANSITION
2021-02-03 04:00:00+00:00,1612324800,TRANSITION
2021-02-03 08:00:00+00:00,1612339200,TRANSITION
2021-02-03 12:00:00+00:00,1612353600,TRENDING
2021-02-03 16:00:00+00:00,1612368000,TRENDING
2021-02-03 20:00:00+00:00,1612382400,TRANSITION
2021-02-04 00:00:00+00:00,1612396800,TRANSITION
2021-02-04 04:00:00+00:00,1612411200,TRANSITION
2021-02-04 08:00:00+00:00,1612425600,TRANSITION
2021-02-04 12:00:00+00:00,1612440000,HIGH_VOL
2021-02-04 16:00:00+00:00,1612454400,HIGH_VOL
2021-02-04 20:00:00+00:00,1612468800,HIGH_VOL
2021-02-05 00:00:00+00:00,1612483200,TRANSITION
2021-02-05 04:00:00+00:00,1612497600,TRANSITION
2021-02-05 08:00:00+00:00,1612512000,TRANSITION
2021-02-05 12:00:00+00:00,1612526400,TRENDING
2021-02-05 16:00:00+00:00,1612540800,RANGING
2021-02-05 20:00:00+00:00,1612555200,RANGING
2021-02-07 20:00:00+00:00,1612728000,RANGING
2021-02-08 00:00:00+00:00,1612742400,TRANSITION
2021-02-08 04:00:00+00:00,1612756800,TRANSITION
2021-02-08 08:00:00+00:00,1612771200,TRANSITION
2021-02-08 12:00:00+00:00,1612785600,RANGING
2021-02-08 16:00:00+00:00,1612800000,TRANSITION
2021-02-08 20:00:00+00:00,1612814400,TRANSITION
2021-02-09 00:00:00+00:00,1612828800,TRANSITION
2021-02-09 04:00:00+00:00,1612843200,TRANSITION
2021-02-09 08:00:00+00:00,1612857600,RANGING
2021-02-09 12:00:00+00:00,1612872000,TRANSITION
2021-02-09 16:00:00+00:00,1612886400,TRANSITION
2021-02-09 20:00:00+00:00,1612900800,TRENDING
2021-02-10 00:00:00+00:00,1612915200,TRANSITION
2021-02-10 04:00:00+00:00,1612929600,LOW_VOL
2021-02-10 08:00:00+00:00,1612944000,LOW_VOL
2021-02-10 12:00:00+00:00,1612958400,TRANSITION
2021-02-10 16:00:00+00:00,1612972800,TRANSITION
2021-02-10 20:00:00+00:00,1612987200,TRANSITION
2021-02-11 00:00:00+00:00,1613001600,LOW_VOL
2021-02-11 04:00:00+00:00,1613016000,LOW_VOL
2021-02-11 08:00:00+00:00,1613030400,LOW_VOL
2021-02-11 12:00:00+00:00,1613044800,LOW_VOL
2021-02-11 16:00:00+00:00,1613059200,RANGING
2021-02-11 20:00:00+00:00,1613073600,LOW_VOL
2021-02-12 00:00:00+00:00,1613088000,LOW_VOL
2021-02-12 04:00:00+00:00,1613102400,LOW_VOL
2021-02-12 08:00:00+00:00,1613116800,LOW_VOL
2021-02-12 12:00:00+00:00,1613131200,TRANSITION
2021-02-12 16:00:00+00:00,1613145600,TRANSITION
2021-02-12 20:00:00+00:00,1613160000,TRANSITION
2021-02-14 20:00:00+00:00,1613332800,LOW_VOL
2021-02-15 00:00:00+00:00,1613347200,LOW_VOL
2021-02-15 04:00:00+00:00,1613361600,LOW_VOL
2021-02-15 08:00:00+00:00,1613376000,LOW_VOL
2021-02-15 12:00:00+00:00,1613390400,LOW_VOL
2021-02-15 16:00:00+00:00,1613404800,LOW_VOL
2021-02-15 20:00:00+00:00,1613419200,LOW_VOL
2021-02-16 00:00:00+00:00,1613433600,LOW_VOL
2021-02-16 04:00:00+00:00,1613448000,LOW_VOL
2021-02-16 08:00:00+00:00,1613462400,LOW_VOL
2021-02-16 12:00:00+00:00,1613476800,RANGING
2021-02-16 16:00:00+00:00,1613491200,TRENDING
2021-02-16 20:00:00+00:00,1613505600,TRENDING
2021-02-17 00:00:00+00:00,1613520000,TRANSITION
2021-02-17 04:00:00+00:00,1613534400,TRANSITION
2021-02-17 08:00:00+00:00,1613548800,TRANSITION
2021-02-17 12:00:00+00:00,1613563200,TRANSITION
2021-02-17 16:00:00+00:00,1613577600,TRANSITION
2021-02-17 20:00:00+00:00,1613592000,TRANSITION
2021-02-18 00:00:00+00:00,1613606400,TRANSITION
2021-02-18 04:00:00+00:00,1613620800,TRANSITION
2021-02-18 08:00:00+00:00,1613635200,TRANSITION
2021-02-18 12:00:00+00:00,1613649600,TRANSITION
2021-02-18 16:00:00+00:00,1613664000,TRANSITION
2021-02-18 20:00:00+00:00,1613678400,TRENDING
2021-02-19 00:00:00+00:00,1613692800,TRENDING
2021-02-19 04:00:00+00:00,1613707200,TRANSITION
2021-02-19 08:00:00+00:00,1613721600,TRANSITION
2021-02-19 12:00:00+00:00,1613736000,HIGH_VOL
2021-02-19 16:00:00+00:00,1613750400,HIGH_VOL
2021-02-19 20:00:00+00:00,1613764800,TRANSITION
2021-02-21 20:00:00+00:00,1613937600,TRANSITION
2021-02-22 00:00:00+00:00,1613952000,TRANSITION
2021-02-22 04:00:00+00:00,1613966400,TRANSITION
2021-02-22 08:00:00+00:00,1613980800,RANGING
2021-02-22 12:00:00+00:00,1613995200,RANGING
2021-02-22 16:00:00+00:00,1614009600,TRANSITION
2021-02-22 20:00:00+00:00,1614024000,TRANSITION
2021-02-23 00:00:00+00:00,1614038400,TRANSITION
2021-02-23 04:00:00+00:00,1614052800,LOW_VOL
2021-02-23 08:00:00+00:00,1614067200,LOW_VOL
2021-02-23 12:00:00+00:00,1614081600,TRANSITION
2021-02-23 16:00:00+00:00,1614096000,TRANSITION
2021-02-23 20:00:00+00:00,1614110400,LOW_VOL
2021-02-24 00:00:00+00:00,1614124800,LOW_VOL
2021-02-24 04:00:00+00:00,1614139200,LOW_VOL
2021-02-24 08:00:00+00:00,1614153600,LOW_VOL
2021-02-24 12:00:00+00:00,1614168000,TRANSITION
2021-02-24 16:00:00+00:00,1614182400,TRANSITION
2021-02-24 20:00:00+00:00,1614196800,TRANSITION
2021-02-25 00:00:00+00:00,1614211200,TRANSITION
2021-02-25 04:00:00+00:00,1614225600,TRANSITION
2021-02-25 08:00:00+00:00,1614240000,RANGING
2021-02-25 12:00:00+00:00,1614254400,HIGH_VOL
2021-02-25 16:00:00+00:00,1614268800,HIGH_VOL
2021-02-25 20:00:00+00:00,1614283200,HIGH_VOL
2021-02-26 00:00:00+00:00,1614297600,HIGH_VOL
2021-02-26 04:00:00+00:00,1614312000,HIGH_VOL
2021-02-26 08:00:00+00:00,1614326400,HIGH_VOL
2021-02-26 12:00:00+00:00,1614340800,HIGH_VOL
2021-02-26 16:00:00+00:00,1614355200,HIGH_VOL
2021-02-26 20:00:00+00:00,1614369600,HIGH_VOL
2021-02-28 20:00:00+00:00,1614542400,HIGH_VOL
2021-03-01 00:00:00+00:00,1614556800,HIGH_VOL
2021-03-01 04:00:00+00:00,1614571200,HIGH_VOL
2021-03-01 08:00:00+00:00,1614585600,HIGH_VOL
2021-03-01 12:00:00+00:00,1614600000,HIGH_VOL
2021-03-01 16:00:00+00:00,1614614400,HIGH_VOL
2021-03-01 20:00:00+00:00,1614628800,HIGH_VOL
2021-03-02 00:00:00+00:00,1614643200,HIGH_VOL
2021-03-02 04:00:00+00:00,1614657600,HIGH_VOL
2021-03-02 08:00:00+00:00,1614672000,HIGH_VOL
2021-03-02 12:00:00+00:00,1614686400,HIGH_VOL
2021-03-02 16:00:00+00:00,1614700800,HIGH_VOL
2021-03-02 20:00:00+00:00,1614715200,HIGH_VOL
2021-03-03 00:00:00+00:00,1614729600,HIGH_VOL
2021-03-03 04:00:00+00:00,1614744000,HIGH_VOL
2021-03-03 08:00:00+00:00,1614758400,HIGH_VOL
2021-03-03 12:00:00+00:00,1614772800,HIGH_VOL
2021-03-03 16:00:00+00:00,1614787200,HIGH_VOL
2021-03-03 20:00:00+00:00,1614801600,HIGH_VOL
2021-03-04 00:00:00+00:00,1614816000,HIGH_VOL
2021-03-04 04:00:00+00:00,1614830400,HIGH_VOL
2021-03-04 08:00:00+00:00,1614844800,HIGH_VOL
2021-03-04 12:00:00+00:00,1614859200,HIGH_VOL
2021-03-04 16:00:00+00:00,1614873600,HIGH_VOL
2021-03-04 20:00:00+00:00,1614888000,HIGH_VOL
2021-03-05 00:00:00+00:00,1614902400,HIGH_VOL
2021-03-05 04:00:00+00:00,1614916800,HIGH_VOL
2021-03-05 08:00:00+00:00,1614931200,HIGH_VOL
2021-03-05 12:00:00+00:00,1614945600,HIGH_VOL
2021-03-05 16:00:00+00:00,1614960000,HIGH_VOL
2021-03-05 20:00:00+00:00,1614974400,HIGH_VOL
2021-03-07 20:00:00+00:00,1615147200,HIGH_VOL
2021-03-08 00:00:00+00:00,1615161600,HIGH_VOL
2021-03-08 04:00:00+00:00,1615176000,HIGH_VOL
2021-03-08 08:00:00+00:00,1615190400,HIGH_VOL
2021-03-08 12:00:00+00:00,1615204800,HIGH_VOL
2021-03-08 16:00:00+00:00,1615219200,HIGH_VOL
2021-03-08 20:00:00+00:00,1615233600,HIGH_VOL
2021-03-09 00:00:00+00:00,1615248000,TRANSITION
2021-03-09 04:00:00+00:00,1615262400,TRANSITION
2021-03-09 08:00:00+00:00,1615276800,HIGH_VOL
2021-03-09 12:00:00+00:00,1615291200,HIGH_VOL
2021-03-09 16:00:00+00:00,1615305600,HIGH_VOL
2021-03-09 20:00:00+00:00,1615320000,TRANSITION
2021-03-10 00:00:00+00:00,1615334400,TRANSITION
2021-03-10 04:00:00+00:00,1615348800,TRANSITION
2021-03-10 08:00:00+00:00,1615363200,TRANSITION
2021-03-10 12:00:00+00:00,1615377600,TRANSITION
2021-03-10 16:00:00+00:00,1615392000,TRANSITION
2021-03-10 20:00:00+00:00,1615406400,RANGING
2021-03-11 00:00:00+00:00,1615420800,RANGING
2021-03-11 04:00:00+00:00,1615435200,RANGING
2021-03-11 08:00:00+00:00,1615449600,TRANSITION
2021-03-11 12:00:00+00:00,1615464000,TRANSITION
2021-03-11 16:00:00+00:00,1615478400,TRENDING
2021-03-11 20:00:00+00:00,1615492800,LOW_VOL
2021-03-12 00:00:00+00:00,1615507200,TRENDING
2021-03-12 04:00:00+00:00,1615521600,RANGING
2021-03-12 08:00:00+00:00,1615536000,RANGING
2021-03-12 12:00:00+00:00,1615550400,TRANSITION
2021-03-12 16:00:00+00:00,1615564800,TRANSITION
2021-03-12 20:00:00+00:00,1615579200,RANGING
2021-03-14 20:00:00+00:00,1615752000,TRANSITION
2021-03-15 00:00:00+00:00,1615766400,TRANSITION
2021-03-15 04:00:00+00:00,1615780800,LOW_VOL
2021-03-15 08:00:00+00:00,1615795200,LOW_VOL
2021-03-15 12:00:00+00:00,1615809600,TRANSITION
2021-03-15 16:00:00+00:00,1615824000,LOW_VOL
2021-03-15 20:00:00+00:00,1615838400,LOW_VOL
2021-03-16 00:00:00+00:00,1615852800,LOW_VOL
2021-03-16 04:00:00+00:00,1615867200,LOW_VOL
2021-03-16 08:00:00+00:00,1615881600,LOW_VOL
2021-03-16 12:00:00+00:00,1615896000,LOW_VOL
2021-03-16 16:00:00+00:00,1615910400,LOW_VOL
2021-03-16 20:00:00+00:00,1615924800,LOW_VOL
2021-03-17 00:00:00+00:00,1615939200,LOW_VOL
2021-03-17 04:00:00+00:00,1615953600,LOW_VOL
2021-03-17 08:00:00+00:00,1615968000,LOW_VOL
2021-03-17 12:00:00+00:00,1615982400,LOW_VOL
2021-03-17 16:00:00+00:00,1615996800,LOW_VOL
2021-03-17 20:00:00+00:00,1616011200,LOW_VOL
2021-03-18 00:00:00+00:00,1616025600,LOW_VOL
2021-03-18 04:00:00+00:00,1616040000,LOW_VOL
2021-03-18 08:00:00+00:00,1616054400,TRANSITION
2021-03-18 12:00:00+00:00,1616068800,RANGING
2021-03-18 16:00:00+00:00,1616083200,TRANSITION
2021-03-18 20:00:00+00:00,1616097600,LOW_VOL
2021-03-19 00:00:00+00:00,1616112000,LOW_VOL
2021-03-19 04:00:00+00:00,1616126400,TRANSITION
2021-03-19 08:00:00+00:00,1616140800,TRANSITION
2021-03-19 12:00:00+00:00,1616155200,TRANSITION
2021-03-19 16:00:00+00:00,1616169600,LOW_VOL
2021-03-19 20:00:00+00:00,1616184000,LOW_VOL
2021-03-21 20:00:00+00:00,1616356800,LOW_VOL
2021-03-22 00:00:00+00:00,1616371200,LOW_VOL
2021-03-22 04:00:00+00:00,1616385600,LOW_VOL
2021-03-22 08:00:00+00:00,1616400000,LOW_VOL
2021-03-22 12:00:00+00:00,1616414400,LOW_VOL
2021-03-22 16:00:00+00:00,1616428800,LOW_VOL
2021-03-22 20:00:00+00:00,1616443200,LOW_VOL
2021-03-23 00:00:00+00:00,1616457600,LOW_VOL
2021-03-23 04:00:00+00:00,1616472000,LOW_VOL
2021-03-23 08:00:00+00:00,1616486400,LOW_VOL
2021-03-23 12:00:00+00:00,1616500800,LOW_VOL
2021-03-23 16:00:00+00:00,1616515200,LOW_VOL
2021-03-23 20:00:00+00:00,1616529600,LOW_VOL
2021-03-24 00:00:00+00:00,1616544000,LOW_VOL
2021-03-24 04:00:00+00:00,1616558400,LOW_VOL
2021-03-24 08:00:00+00:00,1616572800,LOW_VOL
2021-03-24 12:00:00+00:00,1616587200,LOW_VOL
2021-03-24 16:00:00+00:00,1616601600,LOW_VOL
2021-03-24 20:00:00+00:00,1616616000,LOW_VOL
2021-03-25 00:00:00+00:00,1616630400,LOW_VOL
2021-03-25 04:00:00+00:00,1616644800,LOW_VOL
2021-03-25 08:00:00+00:00,1616659200,LOW_VOL
2021-03-25 12:00:00+00:00,1616673600,LOW_VOL
2021-03-25 16:00:00+00:00,1616688000,LOW_VOL
2021-03-25 20:00:00+00:00,1616702400,LOW_VOL
2021-03-26 00:00:00+00:00,1616716800,LOW_VOL
2021-03-26 04:00:00+00:00,1616731200,LOW_VOL
2021-03-26 08:00:00+00:00,1616745600,LOW_VOL
2021-03-26 12:00:00+00:00,1616760000,LOW_VOL
2021-03-26 16:00:00+00:00,1616774400,LOW_VOL
2021-03-26 20:00:00+00:00,1616788800,LOW_VOL
2021-03-28 20:00:00+00:00,1616961600,LOW_VOL
2021-03-29 00:00:00+00:00,1616976000,LOW_VOL
2021-03-29 04:00:00+00:00,1616990400,LOW_VOL
2021-03-29 08:00:00+00:00,1617004800,LOW_VOL
2021-03-29 12:00:00+00:00,1617019200,LOW_VOL
2021-03-29 16:00:00+00:00,1617033600,LOW_VOL
2021-03-29 20:00:00+00:00,1617048000,LOW_VOL
2021-03-30 00:00:00+00:00,1617062400,LOW_VOL
2021-03-30 04:00:00+00:00,1617076800,LOW_VOL
2021-03-30 08:00:00+00:00,1617091200,LOW_VOL
2021-03-30 12:00:00+00:00,1617105600,LOW_VOL
2021-03-30 16:00:00+00:00,1617120000,LOW_VOL
2021-03-30 20:00:00+00:00,1617134400,LOW_VOL
2021-03-31 00:00:00+00:00,1617148800,LOW_VOL
2021-03-31 04:00:00+00:00,1617163200,LOW_VOL
2021-03-31 08:00:00+00:00,1617177600,LOW_VOL
2021-03-31 12:00:00+00:00,1617192000,RANGING
2021-03-31 16:00:00+00:00,1617206400,TRANSITION
2021-03-31 20:00:00+00:00,1617220800,LOW_VOL
2021-04-01 00:00:00+00:00,1617235200,LOW_VOL
2021-04-01 04:00:00+00:00,1617249600,LOW_VOL
2021-04-01 08:00:00+00:00,1617264000,LOW_VOL
2021-04-01 12:00:00+00:00,1617278400,TRANSITION
2021-04-01 16:00:00+00:00,1617292800,LOW_VOL
2021-04-01 20:00:00+00:00,1617307200,LOW_VOL
2021-04-04 20:00:00+00:00,1617566400,LOW_VOL
2021-04-05 00:00:00+00:00,1617580800,LOW_VOL
2021-04-05 04:00:00+00:00,1617595200,LOW_VOL
2021-04-05 08:00:00+00:00,1617609600,LOW_VOL
2021-04-05 12:00:00+00:00,1617624000,LOW_VOL
2021-04-05 16:00:00+00:00,1617638400,LOW_VOL
2021-04-05 20:00:00+00:00,1617652800,LOW_VOL
2021-04-06 00:00:00+00:00,1617667200,LOW_VOL
2021-04-06 04:00:00+00:00,1617681600,LOW_VOL
2021-04-06 08:00:00+00:00,1617696000,LOW_VOL
2021-04-06 12:00:00+00:00,1617710400,LOW_VOL
2021-04-06 16:00:00+00:00,1617724800,LOW_VOL
2021-04-06 20:00:00+00:00,1617739200,LOW_VOL
2021-04-07 00:00:00+00:00,1617753600,LOW_VOL
2021-04-07 04:00:00+00:00,1617768000,LOW_VOL
2021-04-07 08:00:00+00:00,1617782400,LOW_VOL
2021-04-07 12:00:00+00:00,1617796800,LOW_VOL
2021-04-07 16:00:00+00:00,1617811200,LOW_VOL
2021-04-07 20:00:00+00:00,1617825600,LOW_VOL
2021-04-08 00:00:00+00:00,1617840000,LOW_VOL
2021-04-08 04:00:00+00:00,1617854400,LOW_VOL
2021-04-08 08:00:00+00:00,1617868800,LOW_VOL
2021-04-08 12:00:00+00:00,1617883200,LOW_VOL
2021-04-08 16:00:00+00:00,1617897600,LOW_VOL
2021-04-08 20:00:00+00:00,1617912000,LOW_VOL
2021-04-09 00:00:00+00:00,1617926400,LOW_VOL
2021-04-09 04:00:00+00:00,1617940800,LOW_VOL
2021-04-09 08:00:00+00:00,1617955200,LOW_VOL
2021-04-09 12:00:00+00:00,1617969600,LOW_VOL
2021-04-09 16:00:00+00:00,1617984000,LOW_VOL
2021-04-09 20:00:00+00:00,1617998400,LOW_VOL
2021-04-11 20:00:00+00:00,1618171200,LOW_VOL
2021-04-12 00:00:00+00:00,1618185600,LOW_VOL
2021-04-12 04:00:00+00:00,1618200000,LOW_VOL
2021-04-12 08:00:00+00:00,1618214400,LOW_VOL
2021-04-12 12:00:00+00:00,1618228800,LOW_VOL
2021-04-12 16:00:00+00:00,1618243200,LOW_VOL
2021-04-12 20:00:00+00:00,1618257600,LOW_VOL
2021-04-13 00:00:00+00:00,1618272000,LOW_VOL
2021-04-13 04:00:00+00:00,1618286400,LOW_VOL
2021-04-13 08:00:00+00:00,1618300800,LOW_VOL
2021-04-13 12:00:00+00:00,1618315200,LOW_VOL
2021-04-13 16:00:00+00:00,1618329600,LOW_VOL
2021-04-13 20:00:00+00:00,1618344000,LOW_VOL
2021-04-14 00:00:00+00:00,1618358400,LOW_VOL
2021-04-14 04:00:00+00:00,1618372800,LOW_VOL
2021-04-14 08:00:00+00:00,1618387200,LOW_VOL
2021-04-14 12:00:00+00:00,1618401600,LOW_VOL
2021-04-14 16:00:00+00:00,1618416000,LOW_VOL
2021-04-14 20:00:00+00:00,1618430400,LOW_VOL
2021-04-15 00:00:00+00:00,1618444800,LOW_VOL
2021-04-15 04:00:00+00:00,1618459200,LOW_VOL
2021-04-15 08:00:00+00:00,1618473600,LOW_VOL
2021-04-15 12:00:00+00:00,1618488000,TRANSITION
2021-04-15 16:00:00+00:00,1618502400,TRANSITION
2021-04-15 20:00:00+00:00,1618516800,LOW_VOL
2021-04-16 00:00:00+00:00,1618531200,LOW_VOL
2021-04-16 04:00:00+00:00,1618545600,LOW_VOL
2021-04-16 08:00:00+00:00,1618560000,TRANSITION
2021-04-16 12:00:00+00:00,1618574400,TRENDING
2021-04-16 16:00:00+00:00,1618588800,TRANSITION
2021-04-16 20:00:00+00:00,1618603200,LOW_VOL
2021-04-18 20:00:00+00:00,1618776000,LOW_VOL
2021-04-19 00:00:00+00:00,1618790400,LOW_VOL
2021-04-19 04:00:00+00:00,1618804800,TRENDING
2021-04-19 08:00:00+00:00,1618819200,TRANSITION
2021-04-19 12:00:00+00:00,1618833600,TRANSITION
2021-04-19 16:00:00+00:00,1618848000,TRENDING
2021-04-19 20:00:00+00:00,1618862400,TRANSITION
2021-04-20 00:00:00+00:00,1618876800,TRANSITION
2021-04-20 04:00:00+00:00,1618891200,TRANSITION
2021-04-20 08:00:00+00:00,1618905600,TRANSITION
2021-04-20 12:00:00+00:00,1618920000,TRANSITION
2021-04-20 16:00:00+00:00,1618934400,TRANSITION
2021-04-20 20:00:00+00:00,1618948800,TRANSITION
2021-04-21 00:00:00+00:00,1618963200,TRANSITION
2021-04-21 04:00:00+00:00,1618977600,TRANSITION
2021-04-21 08:00:00+00:00,1618992000,TRANSITION
2021-04-21 12:00:00+00:00,1619006400,TRANSITION
2021-04-21 16:00:00+00:00,1619020800,RANGING
2021-04-21 20:00:00+00:00,1619035200,LOW_VOL
2021-04-22 00:00:00+00:00,1619049600,LOW_VOL
2021-04-22 04:00:00+00:00,1619064000,LOW_VOL
2021-04-22 08:00:00+00:00,1619078400,LOW_VOL
2021-04-22 12:00:00+00:00,1619092800,LOW_VOL
2021-04-22 16:00:00+00:00,1619107200,LOW_VOL
2021-04-22 20:00:00+00:00,1619121600,LOW_VOL
2021-04-23 00:00:00+00:00,1619136000,LOW_VOL
2021-04-23 04:00:00+00:00,1619150400,LOW_VOL
2021-04-23 08:00:00+00:00,1619164800,LOW_VOL
2021-04-23 12:00:00+00:00,1619179200,TRANSITION
2021-04-23 16:00:00+00:00,1619193600,TRANSITION
2021-04-23 20:00:00+00:00,1619208000,TRANSITION
2021-04-25 20:00:00+00:00,1619380800,LOW_VOL
2021-04-26 00:00:00+00:00,1619395200,LOW_VOL
2021-04-26 04:00:00+00:00,1619409600,LOW_VOL
2021-04-26 08:00:00+00:00,1619424000,LOW_VOL
2021-04-26 12:00:00+00:00,1619438400,TRANSITION
2021-04-26 16:00:00+00:00,1619452800,LOW_VOL
2021-04-26 20:00:00+00:00,1619467200,LOW_VOL
2021-04-27 00:00:00+00:00,1619481600,LOW_VOL
2021-04-27 04:00:00+00:00,1619496000,LOW_VOL
2021-04-27 08:00:00+00:00,1619510400,LOW_VOL
2021-04-27 12:00:00+00:00,1619524800,LOW_VOL
2021-04-27 16:00:00+00:00,1619539200,LOW_VOL
2021-04-27 20:00:00+00:00,1619553600,LOW_VOL
2021-04-28 00:00:00+00:00,1619568000,LOW_VOL
2021-04-28 04:00:00+00:00,1619582400,LOW_VOL
2021-04-28 08:00:00+00:00,1619596800,LOW_VOL
2021-04-28 12:00:00+00:00,1619611200,LOW_VOL
2021-04-28 16:00:00+00:00,1619625600,TRANSITION
2021-04-28 20:00:00+00:00,1619640000,LOW_VOL
2021-04-29 00:00:00+00:00,1619654400,LOW_VOL
2021-04-29 04:00:00+00:00,1619668800,LOW_VOL
2021-04-29 08:00:00+00:00,1619683200,LOW_VOL
2021-04-29 12:00:00+00:00,1619697600,RANGING
2021-04-29 16:00:00+00:00,1619712000,TRANSITION
2021-04-29 20:00:00+00:00,1619726400,TRANSITION
2021-04-30 00:00:00+00:00,1619740800,TRANSITION
2021-04-30 04:00:00+00:00,1619755200,TRANSITION
2021-04-30 08:00:00+00:00,1619769600,TRANSITION
2021-04-30 12:00:00+00:00,1619784000,TRANSITION
2021-04-30 16:00:00+00:00,1619798400,TRANSITION
2021-04-30 20:00:00+00:00,1619812800,LOW_VOL
2021-05-02 20:00:00+00:00,1619985600,LOW_VOL
2021-05-03 00:00:00+00:00,1620000000,LOW_VOL
2021-05-03 04:00:00+00:00,1620014400,LOW_VOL
2021-05-03 08:00:00+00:00,1620028800,LOW_VOL
2021-05-03 12:00:00+00:00,1620043200,RANGING
2021-05-03 16:00:00+00:00,1620057600,TRANSITION
2021-05-03 20:00:00+00:00,1620072000,TRANSITION
2021-05-04 00:00:00+00:00,1620086400,LOW_VOL
2021-05-04 04:00:00+00:00,1620100800,LOW_VOL
2021-05-04 08:00:00+00:00,1620115200,LOW_VOL
2021-05-04 12:00:00+00:00,1620129600,HIGH_VOL
2021-05-04 16:00:00+00:00,1620144000,HIGH_VOL
2021-05-04 20:00:00+00:00,1620158400,TRANSITION
2021-05-05 00:00:00+00:00,1620172800,RANGING
2021-05-05 04:00:00+00:00,1620187200,TRANSITION
2021-05-05 08:00:00+00:00,1620201600,TRANSITION
2021-05-05 12:00:00+00:00,1620216000,TRANSITION
2021-05-05 16:00:00+00:00,1620230400,RANGING
2021-05-05 20:00:00+00:00,1620244800,TRANSITION
2021-05-06 00:00:00+00:00,1620259200,TRANSITION
2021-05-06 04:00:00+00:00,1620273600,TRANSITION
2021-05-06 08:00:00+00:00,1620288000,RANGING
2021-05-06 12:00:00+00:00,1620302400,HIGH_VOL
2021-05-06 16:00:00+00:00,1620316800,HIGH_VOL
2021-05-06 20:00:00+00:00,1620331200,TRANSITION
2021-05-07 00:00:00+00:00,1620345600,HIGH_VOL
2021-05-07 04:00:00+00:00,1620360000,TRANSITION
2021-05-07 08:00:00+00:00,1620374400,TRANSITION
2021-05-07 12:00:00+00:00,1620388800,HIGH_VOL
2021-05-07 16:00:00+00:00,1620403200,HIGH_VOL
2021-05-07 20:00:00+00:00,1620417600,HIGH_VOL
2021-05-09 20:00:00+00:00,1620590400,TRANSITION
2021-05-10 00:00:00+00:00,1620604800,TRANSITION
2021-05-10 04:00:00+00:00,1620619200,TRANSITION
2021-05-10 08:00:00+00:00,1620633600,TRANSITION
2021-05-10 12:00:00+00:00,1620648000,TRENDING
2021-05-10 16:00:00+00:00,1620662400,TRANSITION
2021-05-10 20:00:00+00:00,1620676800,TRANSITION
2021-05-11 00:00:00+00:00,1620691200,TRENDING
2021-05-11 04:00:00+00:00,1620705600,TRANSITION
2021-05-11 08:00:00+00:00,1620720000,TRANSITION
2021-05-11 12:00:00+00:00,1620734400,HIGH_VOL
2021-05-11 16:00:00+00:00,1620748800,HIGH_VOL
2021-05-11 20:00:00+00:00,1620763200,TRANSITION
2021-05-12 00:00:00+00:00,1620777600,HIGH_VOL
2021-05-12 04:00:00+00:00,1620792000,HIGH_VOL
2021-05-12 08:00:00+00:00,1620806400,TRANSITION
2021-05-12 12:00:00+00:00,1620820800,HIGH_VOL
2021-05-12 16:00:00+00:00,1620835200,HIGH_VOL
2021-05-12 20:00:00+00:00,1620849600,HIGH_VOL
2021-05-13 00:00:00+00:00,1620864000,HIGH_VOL
2021-05-13 04:00:00+00:00,1620878400,HIGH_VOL
2021-05-13 08:00:00+00:00,1620892800,HIGH_VOL
2021-05-13 12:00:00+00:00,1620907200,HIGH_VOL
2021-05-13 16:00:00+00:00,1620921600,HIGH_VOL
2021-05-13 20:00:00+00:00,1620936000,HIGH_VOL
2021-05-14 00:00:00+00:00,1620950400,HIGH_VOL
2021-05-14 04:00:00+00:00,1620964800,HIGH_VOL
2021-05-14 08:00:00+00:00,1620979200,HIGH_VOL
2021-05-14 12:00:00+00:00,1620993600,HIGH_VOL
2021-05-14 16:00:00+00:00,1621008000,HIGH_VOL
2021-05-14 20:00:00+00:00,1621022400,TRANSITION
2021-05-16 20:00:00+00:00,1621195200,TRANSITION
2021-05-17 00:00:00+00:00,1621209600,HIGH_VOL
2021-05-17 04:00:00+00:00,1621224000,TRENDING
2021-05-17 08:00:00+00:00,1621238400,TRANSITION
2021-05-17 12:00:00+00:00,1621252800,HIGH_VOL
2021-05-17 16:00:00+00:00,1621267200,HIGH_VOL
2021-05-17 20:00:00+00:00,1621281600,HIGH_VOL
2021-05-18 00:00:00+00:00,1621296000,TRANSITION
2021-05-18 04:00:00+00:00,1621310400,TRANSITION
2021-05-18 08:00:00+00:00,1621324800,TRANSITION
2021-05-18 12:00:00+00:00,1621339200,TRANSITION
2021-05-18 16:00:00+00:00,1621353600,TRANSITION
2021-05-18 20:00:00+00:00,1621368000,TRANSITION
2021-05-19 00:00:00+00:00,1621382400,TRANSITION
2021-05-19 04:00:00+00:00,1621396800,TRANSITION
2021-05-19 08:00:00+00:00,1621411200,HIGH_VOL
2021-05-19 12:00:00+00:00,1621425600,HIGH_VOL
2021-05-19 16:00:00+00:00,1621440000,HIGH_VOL
2021-05-19 20:00:00+00:00,1621454400,HIGH_VOL
2021-05-20 00:00:00+00:00,1621468800,HIGH_VOL
2021-05-20 04:00:00+00:00,1621483200,HIGH_VOL
2021-05-20 08:00:00+00:00,1621497600,HIGH_VOL
2021-05-20 12:00:00+00:00,1621512000,HIGH_VOL
2021-05-20 16:00:00+00:00,1621526400,HIGH_VOL
2021-05-20 20:00:00+00:00,1621540800,HIGH_VOL
2021-05-21 00:00:00+00:00,1621555200,HIGH_VOL
2021-05-21 04:00:00+00:00,1621569600,HIGH_VOL
2021-05-21 08:00:00+00:00,1621584000,HIGH_VOL
2021-05-21 12:00:00+00:00,1621598400,HIGH_VOL
2021-05-21 16:00:00+00:00,1621612800,HIGH_VOL
2021-05-21 20:00:00+00:00,1621627200,HIGH_VOL
2021-05-23 20:00:00+00:00,1621800000,HIGH_VOL
2021-05-24 00:00:00+00:00,1621814400,HIGH_VOL
2021-05-24 04:00:00+00:00,1621828800,HIGH_VOL
2021-05-24 08:00:00+00:00,1621843200,HIGH_VOL
2021-05-24 12:00:00+00:00,1621857600,HIGH_VOL
2021-05-24 16:00:00+00:00,1621872000,HIGH_VOL
2021-05-24 20:00:00+00:00,1621886400,HIGH_VOL
2021-05-25 00:00:00+00:00,1621900800,TRANSITION
2021-05-25 04:00:00+00:00,1621915200,HIGH_VOL
2021-05-25 08:00:00+00:00,1621929600,HIGH_VOL
2021-05-25 12:00:00+00:00,1621944000,HIGH_VOL
2021-05-25 16:00:00+00:00,1621958400,HIGH_VOL
2021-05-25 20:00:00+00:00,1621972800,HIGH_VOL
2021-05-26 00:00:00+00:00,1621987200,HIGH_VOL
2021-05-26 04:00:00+00:00,1622001600,HIGH_VOL
2021-05-26 08:00:00+00:00,1622016000,HIGH_VOL
2021-05-26 12:00:00+00:00,1622030400,HIGH_VOL
2021-05-26 16:00:00+00:00,1622044800,HIGH_VOL
2021-05-26 20:00:00+00:00,1622059200,HIGH_VOL
2021-05-27 00:00:00+00:00,1622073600,HIGH_VOL
2021-05-27 04:00:00+00:00,1622088000,HIGH_VOL
2021-05-27 08:00:00+00:00,1622102400,HIGH_VOL
2021-05-27 12:00:00+00:00,1622116800,HIGH_VOL
2021-05-27 16:00:00+00:00,1622131200,HIGH_VOL
2021-05-27 20:00:00+00:00,1622145600,TRANSITION
2021-05-28 00:00:00+00:00,1622160000,TRANSITION
2021-05-28 04:00:00+00:00,1622174400,TRANSITION
2021-05-28 08:00:00+00:00,1622188800,TRANSITION
2021-05-28 12:00:00+00:00,1622203200,HIGH_VOL
2021-05-28 16:00:00+00:00,1622217600,HIGH_VOL
2021-05-28 20:00:00+00:00,1622232000,TRANSITION
2021-05-30 20:00:00+00:00,1622404800,TRANSITION
2021-05-31 00:00:00+00:00,1622419200,TRANSITION
2021-05-31 04:00:00+00:00,1622433600,LOW_VOL
2021-05-31 08:00:00+00:00,1622448000,LOW_VOL
2021-05-31 12:00:00+00:00,1622462400,LOW_VOL
2021-05-31 16:00:00+00:00,1622476800,LOW_VOL
2021-05-31 20:00:00+00:00,1622491200,LOW_VOL
2021-06-01 00:00:00+00:00,1622505600,LOW_VOL
2021-06-01 04:00:00+00:00,1622520000,LOW_VOL
2021-06-01 08:00:00+00:00,1622534400,LOW_VOL
2021-06-01 12:00:00+00:00,1622548800,TRANSITION
2021-06-01 16:00:00+00:00,1622563200,LOW_VOL
2021-06-01 20:00:00+00:00,1622577600,LOW_VOL
2021-06-02 00:00:00+00:00,1622592000,LOW_VOL
2021-06-02 04:00:00+00:00,1622606400,LOW_VOL
2021-06-02 08:00:00+00:00,1622620800,LOW_VOL
2021-06-02 12:00:00+00:00,1622635200,LOW_VOL
2021-06-02 16:00:00+00:00,1622649600,LOW_VOL
2021-06-02 20:00:00+00:00,1622664000,LOW_VOL
2021-06-03 00:00:00+00:00,1622678400,LOW_VOL
2021-06-03 04:00:00+00:00,1622692800,LOW_VOL
2021-06-03 08:00:00+00:00,1622707200,LOW_VOL
2021-06-03 12:00:00+00:00,1622721600,HIGH_VOL
2021-06-03 16:00:00+00:00,1622736000,TRANSITION
2021-06-03 20:00:00+00:00,1622750400,TRANSITION
2021-06-04 00:00:00+00:00,1622764800,HIGH_VOL
2021-06-04 04:00:00+00:00,1622779200,HIGH_VOL
2021-06-04 08:00:00+00:00,1622793600,TRANSITION
2021-06-04 12:00:00+00:00,1622808000,HIGH_VOL
2021-06-04 16:00:00+00:00,1622822400,HIGH_VOL
2021-06-04 20:00:00+00:00,1622836800,HIGH_VOL
2021-06-06 20:00:00+00:00,1623009600,RANGING
2021-06-07 00:00:00+00:00,1623024000,RANGING
2021-06-07 04:00:00+00:00,1623038400,RANGING
2021-06-07 08:00:00+00:00,1623052800,TRANSITION
2021-06-07 12:00:00+00:00,1623067200,TRANSITION
2021-06-07 16:00:00+00:00,1623081600,RANGING
2021-06-07 20:00:00+00:00,1623096000,LOW_VOL
2021-06-08 00:00:00+00:00,1623110400,TRANSITION
2021-06-08 04:00:00+00:00,1623124800,LOW_VOL
2021-06-08 08:00:00+00:00,1623139200,TRANSITION
2021-06-08 12:00:00+00:00,1623153600,HIGH_VOL
2021-06-08 16:00:00+00:00,1623168000,TRANSITION
2021-06-08 20:00:00+00:00,1623182400,TRANSITION
2021-06-09 00:00:00+00:00,1623196800,TRANSITION
2021-06-09 04:00:00+00:00,1623211200,LOW_VOL
2021-06-09 08:00:00+00:00,1623225600,LOW_VOL
2021-06-09 12:00:00+00:00,1623240000,TRANSITION
2021-06-09 16:00:00+00:00,1623254400,LOW_VOL
2021-06-09 20:00:00+00:00,1623268800,LOW_VOL
2021-06-10 00:00:00+00:00,1623283200,LOW_VOL
2021-06-10 04:00:00+00:00,1623297600,LOW_VOL
2021-06-10 08:00:00+00:00,1623312000,LOW_VOL
2021-06-10 12:00:00+00:00,1623326400,HIGH_VOL
2021-06-10 16:00:00+00:00,1623340800,HIGH_VOL
2021-06-10 20:00:00+00:00,1623355200,RANGING
2021-06-11 00:00:00+00:00,1623369600,RANGING
2021-06-11 04:00:00+00:00,1623384000,LOW_VOL
2021-06-11 08:00:00+00:00,1623398400,TRANSITION
2021-06-11 12:00:00+00:00,1623412800,HIGH_VOL
2021-06-11 16:00:00+00:00,1623427200,RANGING
2021-06-11 20:00:00+00:00,1623441600,TRANSITION
2021-06-13 20:00:00+00:00,1623614400,TRANSITION
2021-06-14 00:00:00+00:00,1623628800,TRANSITION
2021-06-14 04:00:00+00:00,1623643200,TRENDING
2021-06-14 08:00:00+00:00,1623657600,TRENDING
2021-06-14 12:00:00+00:00,1623672000,HIGH_VOL
2021-06-14 16:00:00+00:00,1623686400,HIGH_VOL
2021-06-14 20:00:00+00:00,1623700800,RANGING
2021-06-15 00:00:00+00:00,1623715200,HIGH_VOL
2021-06-15 04:00:00+00:00,1623729600,TRANSITION
2021-06-15 08:00:00+00:00,1623744000,TRANSITION
2021-06-15 12:00:00+00:00,1623758400,TRANSITION
2021-06-15 16:00:00+00:00,1623772800,TRANSITION
2021-06-15 20:00:00+00:00,1623787200,TRANSITION
2021-06-16 00:00:00+00:00,1623801600,TRANSITION
2021-06-16 04:00:00+00:00,1623816000,LOW_VOL
2021-06-16 08:00:00+00:00,1623830400,LOW_VOL
2021-06-16 12:00:00+00:00,1623844800,TRANSITION
2021-06-16 16:00:00+00:00,1623859200,HIGH_VOL
2021-06-16 20:00:00+00:00,1623873600,HIGH_VOL
2021-06-17 00:00:00+00:00,1623888000,HIGH_VOL
2021-06-17 04:00:00+00:00,1623902400,HIGH_VOL
2021-06-17 08:00:00+00:00,1623916800,HIGH_VOL
2021-06-17 12:00:00+00:00,1623931200,HIGH_VOL
2021-06-17 16:00:00+00:00,1623945600,HIGH_VOL
2021-06-17 20:00:00+00:00,1623960000,HIGH_VOL
2021-06-18 00:00:00+00:00,1623974400,HIGH_VOL
2021-06-18 04:00:00+00:00,1623988800,HIGH_VOL
2021-06-18 08:00:00+00:00,1624003200,HIGH_VOL
2021-06-18 12:00:00+00:00,1624017600,HIGH_VOL
2021-06-18 16:00:00+00:00,1624032000,HIGH_VOL
2021-06-18 20:00:00+00:00,1624046400,HIGH_VOL
2021-06-20 20:00:00+00:00,1624219200,HIGH_VOL
2021-06-21 00:00:00+00:00,1624233600,HIGH_VOL
2021-06-21 04:00:00+00:00,1624248000,HIGH_VOL
2021-06-21 08:00:00+00:00,1624262400,HIGH_VOL
2021-06-21 12:00:00+00:00,1624276800,HIGH_VOL
2021-06-21 16:00:00+00:00,1624291200,HIGH_VOL
2021-06-21 20:00:00+00:00,1624305600,HIGH_VOL
2021-06-22 00:00:00+00:00,1624320000,HIGH_VOL
2021-06-22 04:00:00+00:00,1624334400,HIGH_VOL
2021-06-22 08:00:00+00:00,1624348800,HIGH_VOL
2021-06-22 12:00:00+00:00,1624363200,HIGH_VOL
2021-06-22 16:00:00+00:00,1624377600,HIGH_VOL
2021-06-22 20:00:00+00:00,1624392000,HIGH_VOL
2021-06-23 00:00:00+00:00,1624406400,HIGH_VOL
2021-06-23 04:00:00+00:00,1624420800,HIGH_VOL
2021-06-23 08:00:00+00:00,1624435200,HIGH_VOL
2021-06-23 12:00:00+00:00,1624449600,HIGH_VOL
2021-06-23 16:00:00+00:00,1624464000,HIGH_VOL
2021-06-23 20:00:00+00:00,1624478400,HIGH_VOL
2021-06-24 00:00:00+00:00,1624492800,HIGH_VOL
2021-06-24 04:00:00+00:00,1624507200,HIGH_VOL
2021-06-24 08:00:00+00:00,1624521600,HIGH_VOL
2021-06-24 12:00:00+00:00,1624536000,HIGH_VOL
2021-06-24 16:00:00+00:00,1624550400,HIGH_VOL
2021-06-24 20:00:00+00:00,1624564800,TRANSITION
2021-06-25 00:00:00+00:00,1624579200,TRANSITION
2021-06-25 04:00:00+00:00,1624593600,RANGING
2021-06-25 08:00:00+00:00,1624608000,RANGING
2021-06-25 12:00:00+00:00,1624622400,TRANSITION
2021-06-25 16:00:00+00:00,1624636800,TRANSITION
2021-06-25 20:00:00+00:00,1624651200,LOW_VOL
2021-06-27 20:00:00+00:00,1624824000,LOW_VOL
2021-06-28 00:00:00+00:00,1624838400,LOW_VOL
2021-06-28 04:00:00+00:00,1624852800,LOW_VOL
2021-06-28 08:00:00+00:00,1624867200,LOW_VOL
2021-06-28 12:00:00+00:00,1624881600,TRANSITION
2021-06-28 16:00:00+00:00,1624896000,LOW_VOL
2021-06-28 20:00:00+00:00,1624910400,LOW_VOL
2021-06-29 00:00:00+00:00,1624924800,LOW_VOL
2021-06-29 04:00:00+00:00,1624939200,LOW_VOL
2021-06-29 08:00:00+00:00,1624953600,LOW_VOL
2021-06-29 12:00:00+00:00,1624968000,TRENDING
2021-06-29 16:00:00+00:00,1624982400,RANGING
2021-06-29 20:00:00+00:00,1624996800,LOW_VOL
2021-06-30 00:00:00+00:00,1625011200,LOW_VOL
2021-06-30 04:00:00+00:00,1625025600,LOW_VOL
2021-06-30 08:00:00+00:00,1625040000,LOW_VOL
2021-06-30 12:00:00+00:00,1625054400,TRANSITION
2021-06-30 16:00:00+00:00,1625068800,RANGING
2021-06-30 20:00:00+00:00,1625083200,LOW_VOL
2021-07-01 00:00:00+00:00,1625097600,TRANSITION
2021-07-01 04:00:00+00:00,1625112000,TRANSITION
2021-07-01 08:00:00+00:00,1625126400,LOW_VOL
2021-07-01 12:00:00+00:00,1625140800,TRANSITION
2021-07-01 16:00:00+00:00,1625155200,TRANSITION
2021-07-01 20:00:00+00:00,1625169600,TRANSITION
2021-07-02 00:00:00+00:00,1625184000,LOW_VOL
2021-07-02 04:00:00+00:00,1625198400,LOW_VOL
2021-07-02 08:00:00+00:00,1625212800,LOW_VOL
2021-07-02 12:00:00+00:00,1625227200,TRANSITION
2021-07-02 16:00:00+00:00,1625241600,TRANSITION
2021-07-02 20:00:00+00:00,1625256000,TRANSITION
2021-07-04 20:00:00+00:00,1625428800,TRANSITION
2021-07-05 00:00:00+00:00,1625443200,LOW_VOL
2021-07-05 04:00:00+00:00,1625457600,LOW_VOL
2021-07-05 08:00:00+00:00,1625472000,LOW_VOL
2021-07-05 12:00:00+00:00,1625486400,LOW_VOL
2021-07-05 16:00:00+00:00,1625500800,LOW_VOL
2021-07-05 20:00:00+00:00,1625515200,LOW_VOL
2021-07-06 00:00:00+00:00,1625529600,LOW_VOL
2021-07-06 04:00:00+00:00,1625544000,LOW_VOL
2021-07-06 08:00:00+00:00,1625558400,LOW_VOL
2021-07-06 12:00:00+00:00,1625572800,TRANSITION
2021-07-06 16:00:00+00:00,1625587200,TRANSITION
2021-07-06 20:00:00+00:00,1625601600,LOW_VOL
2021-07-07 00:00:00+00:00,1625616000,TRANSITION
2021-07-07 04:00:00+00:00,1625630400,TRANSITION
2021-07-07 08:00:00+00:00,1625644800,TRENDING
2021-07-07 12:00:00+00:00,1625659200,TRANSITION
2021-07-07 16:00:00+00:00,1625673600,TRANSITION
2021-07-07 20:00:00+00:00,1625688000,RANGING
2021-07-08 00:00:00+00:00,1625702400,RANGING
2021-07-08 04:00:00+00:00,1625716800,TRANSITION
2021-07-08 08:00:00+00:00,1625731200,TRANSITION
2021-07-08 12:00:00+00:00,1625745600,HIGH_VOL
2021-07-08 16:00:00+00:00,1625760000,HIGH_VOL
2021-07-08 20:00:00+00:00,1625774400,HIGH_VOL
2021-07-09 00:00:00+00:00,1625788800,HIGH_VOL
2021-07-09 04:00:00+00:00,1625803200,HIGH_VOL
2021-07-09 08:00:00+00:00,1625817600,HIGH_VOL
2021-07-09 12:00:00+00:00,1625832000,HIGH_VOL
2021-07-09 16:00:00+00:00,1625846400,HIGH_VOL
2021-07-09 20:00:00+00:00,1625860800,TRANSITION
2021-07-11 20:00:00+00:00,1626033600,TRANSITION
2021-07-12 00:00:00+00:00,1626048000,RANGING
2021-07-12 04:00:00+00:00,1626062400,TRANSITION
2021-07-12 08:00:00+00:00,1626076800,TRANSITION
2021-07-12 12:00:00+00:00,1626091200,TRANSITION
2021-07-12 16:00:00+00:00,1626105600,TRANSITION
2021-07-12 20:00:00+00:00,1626120000,RANGING
2021-07-13 00:00:00+00:00,1626134400,LOW_VOL
2021-07-13 04:00:00+00:00,1626148800,LOW_VOL
2021-07-13 08:00:00+00:00,1626163200,LOW_VOL
2021-07-13 12:00:00+00:00,1626177600,TRANSITION
2021-07-13 16:00:00+00:00,1626192000,TRANSITION
2021-07-13 20:00:00+00:00,1626206400,TRANSITION
2021-07-14 00:00:00+00:00,1626220800,TRANSITION
2021-07-14 04:00:00+00:00,1626235200,TRANSITION
2021-07-14 08:00:00+00:00,1626249600,LOW_VOL
2021-07-14 12:00:00+00:00,1626264000,TRANSITION
2021-07-14 16:00:00+00:00,1626278400,TRENDING
2021-07-14 20:00:00+00:00,1626292800,LOW_VOL
2021-07-15 00:00:00+00:00,1626307200,LOW_VOL
2021-07-15 04:00:00+00:00,1626321600,LOW_VOL
2021-07-15 08:00:00+00:00,1626336000,TRANSITION
2021-07-15 12:00:00+00:00,1626350400,TRANSITION
2021-07-15 16:00:00+00:00,1626364800,LOW_VOL
2021-07-15 20:00:00+00:00,1626379200,LOW_VOL
2021-07-16 00:00:00+00:00,1626393600,LOW_VOL
2021-07-16 04:00:00+00:00,1626408000,LOW_VOL
2021-07-16 08:00:00+00:00,1626422400,LOW_VOL
2021-07-16 12:00:00+00:00,1626436800,RANGING
2021-07-16 16:00:00+00:00,1626451200,RANGING
2021-07-16 20:00:00+00:00,1626465600,TRANSITION
2021-07-18 20:00:00+00:00,1626638400,LOW_VOL
2021-07-19 00:00:00+00:00,1626652800,LOW_VOL
2021-07-19 04:00:00+00:00,1626667200,TRANSITION
2021-07-19 08:00:00+00:00,1626681600,RANGING
2021-07-19 12:00:00+00:00,1626696000,HIGH_VOL
2021-07-19 16:00:00+00:00,1626710400,HIGH_VOL
2021-07-19 20:00:00+00:00,1626724800,TRANSITION
2021-07-20 00:00:00+00:00,1626739200,TRANSITION
2021-07-20 04:00:00+00:00,1626753600,TRANSITION
2021-07-20 08:00:00+00:00,1626768000,TRANSITION
2021-07-20 12:00:00+00:00,1626782400,HIGH_VOL
2021-07-20 16:00:00+00:00,1626796800,TRANSITION
2021-07-20 20:00:00+00:00,1626811200,TRANSITION
2021-07-21 00:00:00+00:00,1626825600,TRANSITION
2021-07-21 04:00:00+00:00,1626840000,RANGING
2021-07-21 08:00:00+00:00,1626854400,RANGING
2021-07-21 12:00:00+00:00,1626868800,TRANSITION
2021-07-21 16:00:00+00:00,1626883200,TRANSITION
2021-07-21 20:00:00+00:00,1626897600,LOW_VOL
2021-07-22 00:00:00+00:00,1626912000,LOW_VOL
2021-07-22 04:00:00+00:00,1626926400,LOW_VOL
2021-07-22 08:00:00+00:00,1626940800,LOW_VOL
2021-07-22 12:00:00+00:00,1626955200,TRANSITION
2021-07-22 16:00:00+00:00,1626969600,LOW_VOL
2021-07-22 20:00:00+00:00,1626984000,LOW_VOL
2021-07-23 00:00:00+00:00,1626998400,LOW_VOL
2021-07-23 04:00:00+00:00,1627012800,LOW_VOL
2021-07-23 08:00:00+00:00,1627027200,TRANSITION
2021-07-23 12:00:00+00:00,1627041600,HIGH_VOL
2021-07-23 16:00:00+00:00,1627056000,TRANSITION
2021-07-23 20:00:00+00:00,1627070400,TRANSITION
2021-07-25 20:00:00+00:00,1627243200,LOW_VOL
2021-07-26 00:00:00+00:00,1627257600,LOW_VOL
2021-07-26 04:00:00+00:00,1627272000,LOW_VOL
2021-07-26 08:00:00+00:00,1627286400,LOW_VOL
2021-07-26 12:00:00+00:00,1627300800,LOW_VOL
2021-07-26 16:00:00+00:00,1627315200,LOW_VOL
2021-07-26 20:00:00+00:00,1627329600,LOW_VOL
2021-07-27 00:00:00+00:00,1627344000,LOW_VOL
2021-07-27 04:00:00+00:00,1627358400,LOW_VOL
2021-07-27 08:00:00+00:00,1627372800,LOW_VOL
2021-07-27 12:00:00+00:00,1627387200,LOW_VOL
2021-07-27 16:00:00+00:00,1627401600,LOW_VOL
2021-07-27 20:00:00+00:00,1627416000,LOW_VOL
2021-07-28 00:00:00+00:00,1627430400,LOW_VOL
2021-07-28 04:00:00+00:00,1627444800,LOW_VOL
2021-07-28 08:00:00+00:00,1627459200,LOW_VOL
2021-07-28 12:00:00+00:00,1627473600,LOW_VOL
2021-07-28 16:00:00+00:00,1627488000,LOW_VOL
2021-07-28 20:00:00+00:00,1627502400,LOW_VOL
2021-07-29 00:00:00+00:00,1627516800,LOW_VOL
2021-07-29 04:00:00+00:00,1627531200,LOW_VOL
2021-07-29 08:00:00+00:00,1627545600,RANGING
2021-07-29 12:00:00+00:00,1627560000,TRENDING
2021-07-29 16:00:00+00:00,1627574400,LOW_VOL
2021-07-29 20:00:00+00:00,1627588800,LOW_VOL
2021-07-30 00:00:00+00:00,1627603200,LOW_VOL
2021-07-30 04:00:00+00:00,1627617600,LOW_VOL
2021-07-30 08:00:00+00:00,1627632000,LOW_VOL
2021-07-30 12:00:00+00:00,1627646400,LOW_VOL
2021-07-30 16:00:00+00:00,1627660800,LOW_VOL
2021-07-30 20:00:00+00:00,1627675200,LOW_VOL
2021-08-01 20:00:00+00:00,1627848000,LOW_VOL
2021-08-02 00:00:00+00:00,1627862400,LOW_VOL
2021-08-02 04:00:00+00:00,1627876800,LOW_VOL
2021-08-02 08:00:00+00:00,1627891200,LOW_VOL
2021-08-02 12:00:00+00:00,1627905600,LOW_VOL
2021-08-02 16:00:00+00:00,1627920000,LOW_VOL
2021-08-02 20:00:00+00:00,1627934400,LOW_VOL
2021-08-03 00:00:00+00:00,1627948800,LOW_VOL
2021-08-03 04:00:00+00:00,1627963200,LOW_VOL
2021-08-03 08:00:00+00:00,1627977600,LOW_VOL
2021-08-03 12:00:00+00:00,1627992000,LOW_VOL
2021-08-03 16:00:00+00:00,1628006400,LOW_VOL
2021-08-03 20:00:00+00:00,1628020800,LOW_VOL
2021-08-04 00:00:00+00:00,1628035200,LOW_VOL
2021-08-04 04:00:00+00:00,1628049600,LOW_VOL
2021-08-04 08:00:00+00:00,1628064000,LOW_VOL
2021-08-04 12:00:00+00:00,1628078400,LOW_VOL
2021-08-04 16:00:00+00:00,1628092800,LOW_VOL
2021-08-04 20:00:00+00:00,1628107200,LOW_VOL
2021-08-05 00:00:00+00:00,1628121600,LOW_VOL
2021-08-05 04:00:00+00:00,1628136000,LOW_VOL
2021-08-05 08:00:00+00:00,1628150400,LOW_VOL
2021-08-05 12:00:00+00:00,1628164800,LOW_VOL
2021-08-05 16:00:00+00:00,1628179200,LOW_VOL
2021-08-05 20:00:00+00:00,1628193600,LOW_VOL
2021-08-06 00:00:00+00:00,1628208000,LOW_VOL
2021-08-06 04:00:00+00:00,1628222400,LOW_VOL
2021-08-06 08:00:00+00:00,1628236800,LOW_VOL
2021-08-06 12:00:00+00:00,1628251200,HIGH_VOL
2021-08-06 16:00:00+00:00,1628265600,HIGH_VOL
2021-08-06 20:00:00+00:00,1628280000,HIGH_VOL
2021-08-08 20:00:00+00:00,1628452800,HIGH_VOL
2021-08-09 00:00:00+00:00,1628467200,HIGH_VOL
2021-08-09 04:00:00+00:00,1628481600,HIGH_VOL
2021-08-09 08:00:00+00:00,1628496000,HIGH_VOL
2021-08-09 12:00:00+00:00,1628510400,HIGH_VOL
2021-08-09 16:00:00+00:00,1628524800,HIGH_VOL
2021-08-09 20:00:00+00:00,1628539200,HIGH_VOL
2021-08-10 00:00:00+00:00,1628553600,HIGH_VOL
2021-08-10 04:00:00+00:00,1628568000,HIGH_VOL
2021-08-10 08:00:00+00:00,1628582400,HIGH_VOL
2021-08-10 12:00:00+00:00,1628596800,HIGH_VOL
2021-08-10 16:00:00+00:00,1628611200,HIGH_VOL
2021-08-10 20:00:00+00:00,1628625600,HIGH_VOL
2021-08-11 00:00:00+00:00,1628640000,HIGH_VOL
2021-08-11 04:00:00+00:00,1628654400,HIGH_VOL
2021-08-11 08:00:00+00:00,1628668800,HIGH_VOL
2021-08-11 12:00:00+00:00,1628683200,HIGH_VOL
2021-08-11 16:00:00+00:00,1628697600,HIGH_VOL
2021-08-11 20:00:00+00:00,1628712000,HIGH_VOL
2021-08-12 00:00:00+00:00,1628726400,HIGH_VOL
2021-08-12 04:00:00+00:00,1628740800,HIGH_VOL
2021-08-12 08:00:00+00:00,1628755200,HIGH_VOL
2021-08-12 12:00:00+00:00,1628769600,HIGH_VOL
2021-08-12 16:00:00+00:00,1628784000,HIGH_VOL
2021-08-12 20:00:00+00:00,1628798400,HIGH_VOL
2021-08-13 00:00:00+00:00,1628812800,HIGH_VOL
2021-08-13 04:00:00+00:00,1628827200,HIGH_VOL
2021-08-13 08:00:00+00:00,1628841600,HIGH_VOL
2021-08-13 12:00:00+00:00,1628856000,HIGH_VOL
2021-08-13 16:00:00+00:00,1628870400,HIGH_VOL
2021-08-13 20:00:00+00:00,1628884800,HIGH_VOL
2021-08-15 20:00:00+00:00,1629057600,TRANSITION
2021-08-16 00:00:00+00:00,1629072000,TRANSITION
2021-08-16 04:00:00+00:00,1629086400,TRENDING
2021-08-16 08:00:00+00:00,1629100800,TRENDING
2021-08-16 12:00:00+00:00,1629115200,HIGH_VOL
2021-08-16 16:00:00+00:00,1629129600,TRANSITION
2021-08-16 20:00:00+00:00,1629144000,TRENDING
2021-08-17 00:00:00+00:00,1629158400,TRANSITION
2021-08-17 04:00:00+00:00,1629172800,TRANSITION
2021-08-17 08:00:00+00:00,1629187200,TRANSITION
2021-08-17 12:00:00+00:00,1629201600,TRANSITION
2021-08-17 16:00:00+00:00,1629216000,TRANSITION
2021-08-17 20:00:00+00:00,1629230400,LOW_VOL
2021-08-18 00:00:00+00:00,1629244800,LOW_VOL
2021-08-18 04:00:00+00:00,1629259200,LOW_VOL
2021-08-18 08:00:00+00:00,1629273600,LOW_VOL
2021-08-18 12:00:00+00:00,1629288000,TRENDING
2021-08-18 16:00:00+00:00,1629302400,TRANSITION
2021-08-18 20:00:00+00:00,1629316800,TRANSITION
2021-08-19 00:00:00+00:00,1629331200,TRANSITION
2021-08-19 04:00:00+00:00,1629345600,TRANSITION
2021-08-19 08:00:00+00:00,1629360000,HIGH_VOL
2021-08-19 12:00:00+00:00,1629374400,HIGH_VOL
2021-08-19 16:00:00+00:00,1629388800,HIGH_VOL
2021-08-19 20:00:00+00:00,1629403200,HIGH_VOL
2021-08-20 00:00:00+00:00,1629417600,TRANSITION
2021-08-20 04:00:00+00:00,1629432000,TRANSITION
2021-08-20 08:00:00+00:00,1629446400,TRANSITION
2021-08-20 12:00:00+00:00,1629460800,TRANSITION
2021-08-20 16:00:00+00:00,1629475200,TRANSITION
2021-08-20 20:00:00+00:00,1629489600,TRANSITION
2021-08-22 20:00:00+00:00,1629662400,LOW_VOL
2021-08-23 00:00:00+00:00,1629676800,TRANSITION
2021-08-23 04:00:00+00:00,1629691200,TRANSITION
2021-08-23 08:00:00+00:00,1629705600,TRANSITION
2021-08-23 12:00:00+00:00,1629720000,HIGH_VOL
2021-08-23 16:00:00+00:00,1629734400,TRANSITION
2021-08-23 20:00:00+00:00,1629748800,TRANSITION
2021-08-24 00:00:00+00:00,1629763200,LOW_VOL
2021-08-24 04:00:00+00:00,1629777600,LOW_VOL
2021-08-24 08:00:00+00:00,1629792000,LOW_VOL
2021-08-24 12:00:00+00:00,1629806400,LOW_VOL
2021-08-24 16:00:00+00:00,1629820800,LOW_VOL
2021-08-24 20:00:00+00:00,1629835200,LOW_VOL
2021-08-25 00:00:00+00:00,1629849600,LOW_VOL
2021-08-25 04:00:00+00:00,1629864000,LOW_VOL
2021-08-25 08:00:00+00:00,1629878400,LOW_VOL
2021-08-25 12:00:00+00:00,1629892800,RANGING
2021-08-25 16:00:00+00:00,1629907200,LOW_VOL
2021-08-25 20:00:00+00:00,1629921600,LOW_VOL
2021-08-26 00:00:00+00:00,1629936000,LOW_VOL
2021-08-26 04:00:00+00:00,1629950400,LOW_VOL
2021-08-26 08:00:00+00:00,1629964800,LOW_VOL
2021-08-26 12:00:00+00:00,1629979200,TRANSITION
2021-08-26 16:00:00+00:00,1629993600,LOW_VOL
2021-08-26 20:00:00+00:00,1630008000,LOW_VOL
2021-08-27 00:00:00+00:00,1630022400,LOW_VOL
2021-08-27 04:00:00+00:00,1630036800,LOW_VOL
2021-08-27 08:00:00+00:00,1630051200,LOW_VOL
2021-08-27 12:00:00+00:00,1630065600,HIGH_VOL
2021-08-27 16:00:00+00:00,1630080000,HIGH_VOL
2021-08-27 20:00:00+00:00,1630094400,HIGH_VOL
2021-08-29 20:00:00+00:00,1630267200,TRANSITION
2021-08-30 00:00:00+00:00,1630281600,TRANSITION
2021-08-30 04:00:00+00:00,1630296000,TRANSITION
2021-08-30 08:00:00+00:00,1630310400,TRANSITION
2021-08-30 12:00:00+00:00,1630324800,TRANSITION
2021-08-30 16:00:00+00:00,1630339200,TRANSITION
2021-08-30 20:00:00+00:00,1630353600,LOW_VOL
2021-08-31 00:00:00+00:00,1630368000,LOW_VOL
2021-08-31 04:00:00+00:00,1630382400,LOW_VOL
2021-08-31 08:00:00+00:00,1630396800,LOW_VOL
2021-08-31 12:00:00+00:00,1630411200,RANGING
2021-08-31 16:00:00+00:00,1630425600,TRANSITION
2021-08-31 20:00:00+00:00,1630440000,LOW_VOL
2021-09-01 00:00:00+00:00,1630454400,LOW_VOL
2021-09-01 04:00:00+00:00,1630468800,LOW_VOL
2021-09-01 08:00:00+00:00,1630483200,LOW_VOL
2021-09-01 12:00:00+00:00,1630497600,TRANSITION
2021-09-01 16:00:00+00:00,1630512000,LOW_VOL
2021-09-01 20:00:00+00:00,1630526400,LOW_VOL
2021-09-02 00:00:00+00:00,1630540800,LOW_VOL
2021-09-02 04:00:00+00:00,1630555200,LOW_VOL
2021-09-02 08:00:00+00:00,1630569600,LOW_VOL
2021-09-02 12:00:00+00:00,1630584000,LOW_VOL
2021-09-02 16:00:00+00:00,1630598400,LOW_VOL
2021-09-02 20:00:00+00:00,1630612800,LOW_VOL
2021-09-03 00:00:00+00:00,1630627200,LOW_VOL
2021-09-03 04:00:00+00:00,1630641600,LOW_VOL
2021-09-03 08:00:00+00:00,1630656000,LOW_VOL
2021-09-03 12:00:00+00:00,1630670400,LOW_VOL
2021-09-03 16:00:00+00:00,1630684800,LOW_VOL
2021-09-03 20:00:00+00:00,1630699200,LOW_VOL
2021-09-05 20:00:00+00:00,1630872000,LOW_VOL
2021-09-06 00:00:00+00:00,1630886400,LOW_VOL
2021-09-06 04:00:00+00:00,1630900800,LOW_VOL
2021-09-06 08:00:00+00:00,1630915200,LOW_VOL
2021-09-06 12:00:00+00:00,1630929600,LOW_VOL
2021-09-06 16:00:00+00:00,1630944000,LOW_VOL
2021-09-06 20:00:00+00:00,1630958400,LOW_VOL
2021-09-07 00:00:00+00:00,1630972800,LOW_VOL
2021-09-07 04:00:00+00:00,1630987200,LOW_VOL
2021-09-07 08:00:00+00:00,1631001600,LOW_VOL
2021-09-07 12:00:00+00:00,1631016000,LOW_VOL
2021-09-07 16:00:00+00:00,1631030400,LOW_VOL
2021-09-07 20:00:00+00:00,1631044800,LOW_VOL
2021-09-08 00:00:00+00:00,1631059200,LOW_VOL
2021-09-08 04:00:00+00:00,1631073600,LOW_VOL
2021-09-08 08:00:00+00:00,1631088000,LOW_VOL
2021-09-08 12:00:00+00:00,1631102400,TRANSITION
2021-09-08 16:00:00+00:00,1631116800,TRENDING
2021-09-08 20:00:00+00:00,1631131200,LOW_VOL
2021-09-09 00:00:00+00:00,1631145600,LOW_VOL
2021-09-09 04:00:00+00:00,1631160000,LOW_VOL
2021-09-09 08:00:00+00:00,1631174400,LOW_VOL
2021-09-09 12:00:00+00:00,1631188800,TRANSITION
2021-09-09 16:00:00+00:00,1631203200,TRANSITION
2021-09-09 20:00:00+00:00,1631217600,TRANSITION
2021-09-10 00:00:00+00:00,1631232000,TRANSITION
2021-09-10 04:00:00+00:00,1631246400,TRANSITION
2021-09-10 08:00:00+00:00,1631260800,TRANSITION
2021-09-10 12:00:00+00:00,1631275200,HIGH_VOL
2021-09-10 16:00:00+00:00,1631289600,RANGING
2021-09-10 20:00:00+00:00,1631304000,RANGING
2021-09-12 20:00:00+00:00,1631476800,TRANSITION
2021-09-13 00:00:00+00:00,1631491200,TRANSITION
2021-09-13 04:00:00+00:00,1631505600,TRANSITION
2021-09-13 08:00:00+00:00,1631520000,TRANSITION
2021-09-13 12:00:00+00:00,1631534400,TRANSITION
2021-09-13 16:00:00+00:00,1631548800,TRANSITION
2021-09-13 20:00:00+00:00,1631563200,LOW_VOL
2021-09-14 00:00:00+00:00,1631577600,LOW_VOL
2021-09-14 04:00:00+00:00,1631592000,LOW_VOL
2021-09-14 08:00:00+00:00,1631606400,LOW_VOL
2021-09-14 12:00:00+00:00,1631620800,HIGH_VOL
2021-09-14 16:00:00+00:00,1631635200,HIGH_VOL
2021-09-14 20:00:00+00:00,1631649600,TRANSITION
2021-09-15 00:00:00+00:00,1631664000,RANGING
2021-09-15 04:00:00+00:00,1631678400,RANGING
2021-09-15 08:00:00+00:00,1631692800,TRANSITION
2021-09-15 12:00:00+00:00,1631707200,TRANSITION
2021-09-15 16:00:00+00:00,1631721600,TRANSITION
2021-09-15 20:00:00+00:00,1631736000,TRANSITION
2021-09-16 00:00:00+00:00,1631750400,TRANSITION
2021-09-16 04:00:00+00:00,1631764800,TRANSITION
2021-09-16 08:00:00+00:00,1631779200,HIGH_VOL
2021-09-16 12:00:00+00:00,1631793600,HIGH_VOL
2021-09-16 16:00:00+00:00,1631808000,HIGH_VOL
2021-09-16 20:00:00+00:00,1631822400,HIGH_VOL
2021-09-17 00:00:00+00:00,1631836800,HIGH_VOL
2021-09-17 04:00:00+00:00,1631851200,HIGH_VOL
2021-09-17 08:00:00+00:00,1631865600,HIGH_VOL
2021-09-17 12:00:00+00:00,1631880000,HIGH_VOL
2021-09-17 16:00:00+00:00,1631894400,HIGH_VOL
2021-09-17 20:00:00+00:00,1631908800,HIGH_VOL
2021-09-19 20:00:00+00:00,1632081600,HIGH_VOL
2021-09-20 00:00:00+00:00,1632096000,HIGH_VOL
2021-09-20 04:00:00+00:00,1632110400,HIGH_VOL
2021-09-20 08:00:00+00:00,1632124800,HIGH_VOL
2021-09-20 12:00:00+00:00,1632139200,HIGH_VOL
2021-09-20 16:00:00+00:00,1632153600,HIGH_VOL
2021-09-20 20:00:00+00:00,1632168000,HIGH_VOL
2021-09-21 00:00:00+00:00,1632182400,HIGH_VOL
2021-09-21 04:00:00+00:00,1632196800,TRANSITION
2021-09-21 08:00:00+00:00,1632211200,HIGH_VOL
2021-09-21 12:00:00+00:00,1632225600,HIGH_VOL
2021-09-21 16:00:00+00:00,1632240000,HIGH_VOL
2021-09-21 20:00:00+00:00,1632254400,TRANSITION
2021-09-22 00:00:00+00:00,1632268800,TRANSITION
2021-09-22 04:00:00+00:00,1632283200,TRANSITION
2021-09-22 08:00:00+00:00,1632297600,TRANSITION
2021-09-22 12:00:00+00:00,1632312000,TRANSITION
2021-09-22 16:00:00+00:00,1632326400,HIGH_VOL
2021-09-22 20:00:00+00:00,1632340800,HIGH_VOL
2021-09-23 00:00:00+00:00,1632355200,HIGH_VOL
2021-09-23 04:00:00+00:00,1632369600,HIGH_VOL
2021-09-23 08:00:00+00:00,1632384000,HIGH_VOL
2021-09-23 12:00:00+00:00,1632398400,HIGH_VOL
2021-09-23 16:00:00+00:00,1632412800,HIGH_VOL
2021-09-23 20:00:00+00:00,1632427200,HIGH_VOL
2021-09-24 00:00:00+00:00,1632441600,HIGH_VOL
2021-09-24 04:00:00+00:00,1632456000,HIGH_VOL
2021-09-24 08:00:00+00:00,1632470400,HIGH_VOL
2021-09-24 12:00:00+00:00,1632484800,HIGH_VOL
2021-09-24 16:00:00+00:00,1632499200,HIGH_VOL
2021-09-24 20:00:00+00:00,1632513600,HIGH_VOL
2021-09-26 20:00:00+00:00,1632686400,HIGH_VOL
2021-09-27 00:00:00+00:00,1632700800,HIGH_VOL
2021-09-27 04:00:00+00:00,1632715200,HIGH_VOL
2021-09-27 08:00:00+00:00,1632729600,HIGH_VOL
2021-09-27 12:00:00+00:00,1632744000,HIGH_VOL
2021-09-27 16:00:00+00:00,1632758400,HIGH_VOL
2021-09-27 20:00:00+00:00,1632772800,HIGH_VOL
2021-09-28 00:00:00+00:00,1632787200,HIGH_VOL
2021-09-28 04:00:00+00:00,1632801600,HIGH_VOL
2021-09-28 08:00:00+00:00,1632816000,HIGH_VOL
2021-09-28 12:00:00+00:00,1632830400,HIGH_VOL
2021-09-28 16:00:00+00:00,1632844800,HIGH_VOL
2021-09-28 20:00:00+00:00,1632859200,HIGH_VOL
2021-09-29 00:00:00+00:00,1632873600,HIGH_VOL
2021-09-29 04:00:00+00:00,1632888000,HIGH_VOL
2021-09-29 08:00:00+00:00,1632902400,HIGH_VOL
2021-09-29 12:00:00+00:00,1632916800,HIGH_VOL
2021-09-29 16:00:00+00:00,1632931200,HIGH_VOL
2021-09-29 20:00:00+00:00,1632945600,HIGH_VOL
2021-09-30 00:00:00+00:00,1632960000,HIGH_VOL
2021-09-30 04:00:00+00:00,1632974400,HIGH_VOL
2021-09-30 08:00:00+00:00,1632988800,HIGH_VOL
2021-09-30 12:00:00+00:00,1633003200,HIGH_VOL
2021-09-30 16:00:00+00:00,1633017600,HIGH_VOL
2021-09-30 20:00:00+00:00,1633032000,HIGH_VOL
2021-10-01 00:00:00+00:00,1633046400,HIGH_VOL
2021-10-01 04:00:00+00:00,1633060800,HIGH_VOL
2021-10-01 08:00:00+00:00,1633075200,HIGH_VOL
2021-10-01 12:00:00+00:00,1633089600,HIGH_VOL
2021-10-01 16:00:00+00:00,1633104000,HIGH_VOL
2021-10-01 20:00:00+00:00,1633118400,HIGH_VOL
2021-10-03 20:00:00+00:00,1633291200,HIGH_VOL
2021-10-04 00:00:00+00:00,1633305600,HIGH_VOL
2021-10-04 04:00:00+00:00,1633320000,HIGH_VOL
2021-10-04 08:00:00+00:00,1633334400,HIGH_VOL
2021-10-04 12:00:00+00:00,1633348800,HIGH_VOL
2021-10-04 16:00:00+00:00,1633363200,HIGH_VOL
2021-10-04 20:00:00+00:00,1633377600,HIGH_VOL
2021-10-05 00:00:00+00:00,1633392000,HIGH_VOL
2021-10-05 04:00:00+00:00,1633406400,HIGH_VOL
2021-10-05 08:00:00+00:00,1633420800,HIGH_VOL
2021-10-05 12:00:00+00:00,1633435200,HIGH_VOL
2021-10-05 16:00:00+00:00,1633449600,HIGH_VOL
2021-10-05 20:00:00+00:00,1633464000,TRANSITION
2021-10-06 00:00:00+00:00,1633478400,RANGING
2021-10-06 04:00:00+00:00,1633492800,RANGING
2021-10-06 08:00:00+00:00,1633507200,TRANSITION
2021-10-06 12:00:00+00:00,1633521600,HIGH_VOL
2021-10-06 16:00:00+00:00,1633536000,RANGING
2021-10-06 20:00:00+00:00,1633550400,TRANSITION
2021-10-07 00:00:00+00:00,1633564800,TRANSITION
2021-10-07 04:00:00+00:00,1633579200,TRANSITION
2021-10-07 08:00:00+00:00,1633593600,TRANSITION
2021-10-07 12:00:00+00:00,1633608000,HIGH_VOL
2021-10-07 16:00:00+00:00,1633622400,RANGING
2021-10-07 20:00:00+00:00,1633636800,RANGING
2021-10-08 00:00:00+00:00,1633651200,TRANSITION
2021-10-08 04:00:00+00:00,1633665600,TRANSITION
2021-10-08 08:00:00+00:00,1633680000,TRANSITION
2021-10-08 12:00:00+00:00,1633694400,HIGH_VOL
2021-10-08 16:00:00+00:00,1633708800,HIGH_VOL
2021-10-08 20:00:00+00:00,1633723200,RANGING
2021-10-10 20:00:00+00:00,1633896000,RANGING
2021-10-11 00:00:00+00:00,1633910400,TRANSITION
2021-10-11 04:00:00+00:00,1633924800,TRANSITION
2021-10-11 08:00:00+00:00,1633939200,TRANSITION
2021-10-11 12:00:00+00:00,1633953600,TRANSITION
2021-10-11 16:00:00+00:00,1633968000,TRANSITION
2021-10-11 20:00:00+00:00,1633982400,TRANSITION
2021-10-12 00:00:00+00:00,1633996800,TRANSITION
2021-10-12 04:00:00+00:00,1634011200,TRANSITION
2021-10-12 08:00:00+00:00,1634025600,TRANSITION
2021-10-12 12:00:00+00:00,1634040000,TRANSITION
2021-10-12 16:00:00+00:00,1634054400,TRANSITION
2021-10-12 20:00:00+00:00,1634068800,TRANSITION
2021-10-13 00:00:00+00:00,1634083200,TRANSITION
2021-10-13 04:00:00+00:00,1634097600,LOW_VOL
2021-10-13 08:00:00+00:00,1634112000,TRENDING
2021-10-13 12:00:00+00:00,1634126400,HIGH_VOL
2021-10-13 16:00:00+00:00,1634140800,HIGH_VOL
2021-10-13 20:00:00+00:00,1634155200,HIGH_VOL
2021-10-14 00:00:00+00:00,1634169600,HIGH_VOL
2021-10-14 04:00:00+00:00,1634184000,HIGH_VOL
2021-10-14 08:00:00+00:00,1634198400,HIGH_VOL
2021-10-14 12:00:00+00:00,1634212800,TRENDING
2021-10-14 16:00:00+00:00,1634227200,TRANSITION
2021-10-14 20:00:00+00:00,1634241600,TRANSITION
2021-10-15 00:00:00+00:00,1634256000,TRENDING
2021-10-15 04:00:00+00:00,1634270400,TRENDING
2021-10-15 08:00:00+00:00,1634284800,RANGING
2021-10-15 12:00:00+00:00,1634299200,RANGING
2021-10-15 16:00:00+00:00,1634313600,RANGING
2021-10-15 20:00:00+00:00,1634328000,RANGING
2021-10-17 20:00:00+00:00,1634500800,TRANSITION
2021-10-18 00:00:00+00:00,1634515200,TRANSITION
2021-10-18 04:00:00+00:00,1634529600,TRANSITION
2021-10-18 08:00:00+00:00,1634544000,RANGING
2021-10-18 12:00:00+00:00,1634558400,TRANSITION
2021-10-18 16:00:00+00:00,1634572800,TRANSITION
2021-10-18 20:00:00+00:00,1634587200,LOW_VOL
2021-10-19 00:00:00+00:00,1634601600,TRANSITION
2021-10-19 04:00:00+00:00,1634616000,TRANSITION
2021-10-19 08:00:00+00:00,1634630400,TRANSITION
2021-10-19 12:00:00+00:00,1634644800,TRANSITION
2021-10-19 16:00:00+00:00,1634659200,TRENDING
2021-10-19 20:00:00+00:00,1634673600,TRENDING
2021-10-20 00:00:00+00:00,1634688000,TRANSITION
2021-10-20 04:00:00+00:00,1634702400,TRANSITION
2021-10-20 08:00:00+00:00,1634716800,RANGING
2021-10-20 12:00:00+00:00,1634731200,RANGING
2021-10-20 16:00:00+00:00,1634745600,RANGING
2021-10-20 20:00:00+00:00,1634760000,TRANSITION
2021-10-21 00:00:00+00:00,1634774400,TRANSITION
2021-10-21 04:00:00+00:00,1634788800,TRANSITION
2021-10-21 08:00:00+00:00,1634803200,TRANSITION
2021-10-21 12:00:00+00:00,1634817600,TRANSITION
2021-10-21 16:00:00+00:00,1634832000,TRANSITION
2021-10-21 20:00:00+00:00,1634846400,RANGING
2021-10-22 00:00:00+00:00,1634860800,RANGING
2021-10-22 04:00:00+00:00,1634875200,TRENDING
2021-10-22 08:00:00+00:00,1634889600,TRANSITION
2021-10-22 12:00:00+00:00,1634904000,HIGH_VOL
2021-10-22 16:00:00+00:00,1634918400,HIGH_VOL
2021-10-22 20:00:00+00:00,1634932800,HIGH_VOL
2021-10-24 20:00:00+00:00,1635105600,HIGH_VOL
2021-10-25 00:00:00+00:00,1635120000,HIGH_VOL
2021-10-25 04:00:00+00:00,1635134400,TRENDING
2021-10-25 08:00:00+00:00,1635148800,TRENDING
2021-10-25 12:00:00+00:00,1635163200,TRENDING
2021-10-25 16:00:00+00:00,1635177600,TRANSITION
2021-10-25 20:00:00+00:00,1635192000,TRANSITION
2021-10-26 00:00:00+00:00,1635206400,TRANSITION
2021-10-26 04:00:00+00:00,1635220800,TRANSITION
2021-10-26 08:00:00+00:00,1635235200,LOW_VOL
2021-10-26 12:00:00+00:00,1635249600,TRANSITION
2021-10-26 16:00:00+00:00,1635264000,TRANSITION
2021-10-26 20:00:00+00:00,1635278400,TRANSITION
2021-10-27 00:00:00+00:00,1635292800,TRANSITION
2021-10-27 04:00:00+00:00,1635307200,TRANSITION
2021-10-27 08:00:00+00:00,1635321600,TRANSITION
2021-10-27 12:00:00+00:00,1635336000,TRANSITION
2021-10-27 16:00:00+00:00,1635350400,RANGING
2021-10-27 20:00:00+00:00,1635364800,TRANSITION
2021-10-28 00:00:00+00:00,1635379200,TRANSITION
2021-10-28 04:00:00+00:00,1635393600,TRANSITION
2021-10-28 08:00:00+00:00,1635408000,TRANSITION
2021-10-28 12:00:00+00:00,1635422400,HIGH_VOL
2021-10-28 16:00:00+00:00,1635436800,RANGING
2021-10-28 20:00:00+00:00,1635451200,TRANSITION
2021-10-29 00:00:00+00:00,1635465600,TRANSITION
2021-10-29 04:00:00+00:00,1635480000,TRANSITION
2021-10-29 08:00:00+00:00,1635494400,RANGING
2021-10-29 12:00:00+00:00,1635508800,HIGH_VOL
2021-10-29 16:00:00+00:00,1635523200,HIGH_VOL
2021-10-29 20:00:00+00:00,1635537600,TRANSITION
2021-10-31 20:00:00+00:00,1635710400,TRANSITION
2021-11-01 00:00:00+00:00,1635724800,TRANSITION
2021-11-01 04:00:00+00:00,1635739200,TRANSITION
2021-11-01 08:00:00+00:00,1635753600,TRANSITION
2021-11-01 12:00:00+00:00,1635768000,TRANSITION
2021-11-01 16:00:00+00:00,1635782400,TRANSITION
2021-11-01 20:00:00+00:00,1635796800,LOW_VOL
2021-11-02 00:00:00+00:00,1635811200,LOW_VOL
2021-11-02 04:00:00+00:00,1635825600,LOW_VOL
2021-11-02 08:00:00+00:00,1635840000,LOW_VOL
2021-11-02 12:00:00+00:00,1635854400,LOW_VOL
2021-11-02 16:00:00+00:00,1635868800,LOW_VOL
2021-11-02 20:00:00+00:00,1635883200,LOW_VOL
2021-11-03 00:00:00+00:00,1635897600,LOW_VOL
2021-11-03 04:00:00+00:00,1635912000,LOW_VOL
2021-11-03 08:00:00+00:00,1635926400,LOW_VOL
2021-11-03 12:00:00+00:00,1635940800,TRANSITION
2021-11-03 16:00:00+00:00,1635955200,HIGH_VOL
2021-11-03 20:00:00+00:00,1635969600,HIGH_VOL
2021-11-04 00:00:00+00:00,1635984000,TRANSITION
2021-11-04 04:00:00+00:00,1635998400,TRANSITION
2021-11-04 08:00:00+00:00,1636012800,TRANSITION
2021-11-04 12:00:00+00:00,1636027200,HIGH_VOL
2021-11-04 16:00:00+00:00,1636041600,HIGH_VOL
2021-11-04 20:00:00+00:00,1636056000,TRANSITION
2021-11-05 00:00:00+00:00,1636070400,TRANSITION
2021-11-05 04:00:00+00:00,1636084800,TRANSITION
2021-11-05 08:00:00+00:00,1636099200,TRANSITION
2021-11-05 12:00:00+00:00,1636113600,HIGH_VOL
2021-11-05 16:00:00+00:00,1636128000,HIGH_VOL
2021-11-05 20:00:00+00:00,1636142400,HIGH_VOL
2021-11-07 20:00:00+00:00,1636315200,HIGH_VOL
2021-11-08 00:00:00+00:00,1636329600,HIGH_VOL
2021-11-08 04:00:00+00:00,1636344000,HIGH_VOL
2021-11-08 08:00:00+00:00,1636358400,TRANSITION
2021-11-08 12:00:00+00:00,1636372800,HIGH_VOL
2021-11-08 16:00:00+00:00,1636387200,HIGH_VOL
2021-11-08 20:00:00+00:00,1636401600,TRANSITION
2021-11-09 00:00:00+00:00,1636416000,TRANSITION
2021-11-09 04:00:00+00:00,1636430400,TRENDING
2021-11-09 08:00:00+00:00,1636444800,TRANSITION
2021-11-09 12:00:00+00:00,1636459200,TRANSITION
2021-11-09 16:00:00+00:00,1636473600,TRENDING
2021-11-09 20:00:00+00:00,1636488000,TRANSITION
2021-11-10 00:00:00+00:00,1636502400,TRANSITION
2021-11-10 04:00:00+00:00,1636516800,LOW_VOL
2021-11-10 08:00:00+00:00,1636531200,LOW_VOL
2021-11-10 12:00:00+00:00,1636545600,HIGH_VOL
2021-11-10 16:00:00+00:00,1636560000,HIGH_VOL
2021-11-10 20:00:00+00:00,1636574400,HIGH_VOL
2021-11-11 00:00:00+00:00,1636588800,HIGH_VOL
2021-11-11 04:00:00+00:00,1636603200,HIGH_VOL
2021-11-11 08:00:00+00:00,1636617600,HIGH_VOL
2021-11-11 12:00:00+00:00,1636632000,HIGH_VOL
2021-11-11 16:00:00+00:00,1636646400,HIGH_VOL
2021-11-11 20:00:00+00:00,1636660800,HIGH_VOL
2021-11-12 00:00:00+00:00,1636675200,HIGH_VOL
2021-11-12 04:00:00+00:00,1636689600,HIGH_VOL
2021-11-12 08:00:00+00:00,1636704000,HIGH_VOL
2021-11-12 12:00:00+00:00,1636718400,HIGH_VOL
2021-11-12 16:00:00+00:00,1636732800,HIGH_VOL
2021-11-12 20:00:00+00:00,1636747200,HIGH_VOL
2021-11-14 20:00:00+00:00,1636920000,HIGH_VOL
2021-11-15 00:00:00+00:00,1636934400,HIGH_VOL
2021-11-15 04:00:00+00:00,1636948800,HIGH_VOL
2021-11-15 08:00:00+00:00,1636963200,HIGH_VOL
2021-11-15 12:00:00+00:00,1636977600,HIGH_VOL
2021-11-15 16:00:00+00:00,1636992000,HIGH_VOL
2021-11-15 20:00:00+00:00,1637006400,HIGH_VOL
2021-11-16 00:00:00+00:00,1637020800,HIGH_VOL
2021-11-16 04:00:00+00:00,1637035200,TRANSITION
2021-11-16 08:00:00+00:00,1637049600,HIGH_VOL
2021-11-16 12:00:00+00:00,1637064000,HIGH_VOL
2021-11-16 16:00:00+00:00,1637078400,HIGH_VOL
2021-11-16 20:00:00+00:00,1637092800,HIGH_VOL
2021-11-17 00:00:00+00:00,1637107200,HIGH_VOL
2021-11-17 04:00:00+00:00,1637121600,HIGH_VOL
2021-11-17 08:00:00+00:00,1637136000,HIGH_VOL
2021-11-17 12:00:00+00:00,1637150400,RANGING
2021-11-17 16:00:00+00:00,1637164800,RANGING
2021-11-17 20:00:00+00:00,1637179200,RANGING
2021-11-18 00:00:00+00:00,1637193600,TRANSITION
2021-11-18 04:00:00+00:00,1637208000,TRANSITION
2021-11-18 08:00:00+00:00,1637222400,TRANSITION
2021-11-18 12:00:00+00:00,1637236800,TRANSITION
2021-11-18 16:00:00+00:00,1637251200,RANGING
2021-11-18 20:00:00+00:00,1637265600,TRANSITION
2021-11-19 00:00:00+00:00,1637280000,TRANSITION
2021-11-19 04:00:00+00:00,1637294400,TRANSITION
2021-11-19 08:00:00+00:00,1637308800,TRANSITION
2021-11-19 12:00:00+00:00,1637323200,HIGH_VOL
2021-11-19 16:00:00+00:00,1637337600,HIGH_VOL
2021-11-19 20:00:00+00:00,1637352000,HIGH_VOL
2021-11-21 20:00:00+00:00,1637524800,HIGH_VOL
2021-11-22 00:00:00+00:00,1637539200,HIGH_VOL
2021-11-22 04:00:00+00:00,1637553600,HIGH_VOL
2021-11-22 08:00:00+00:00,1637568000,HIGH_VOL
2021-11-22 12:00:00+00:00,1637582400,HIGH_VOL
2021-11-22 16:00:00+00:00,1637596800,HIGH_VOL
2021-11-22 20:00:00+00:00,1637611200,HIGH_VOL
2021-11-23 00:00:00+00:00,1637625600,HIGH_VOL
2021-11-23 04:00:00+00:00,1637640000,HIGH_VOL
2021-11-23 08:00:00+00:00,1637654400,HIGH_VOL
2021-11-23 12:00:00+00:00,1637668800,HIGH_VOL
2021-11-23 16:00:00+00:00,1637683200,HIGH_VOL
2021-11-23 20:00:00+00:00,1637697600,HIGH_VOL
2021-11-24 00:00:00+00:00,1637712000,HIGH_VOL
2021-11-24 04:00:00+00:00,1637726400,HIGH_VOL
2021-11-24 08:00:00+00:00,1637740800,HIGH_VOL
2021-11-24 12:00:00+00:00,1637755200,HIGH_VOL
2021-11-24 16:00:00+00:00,1637769600,HIGH_VOL
2021-11-24 20:00:00+00:00,1637784000,HIGH_VOL
2021-11-25 00:00:00+00:00,1637798400,HIGH_VOL
2021-11-25 04:00:00+00:00,1637812800,HIGH_VOL
2021-11-25 08:00:00+00:00,1637827200,TRANSITION
2021-11-25 12:00:00+00:00,1637841600,TRANSITION
2021-11-25 16:00:00+00:00,1637856000,TRANSITION
2021-11-25 20:00:00+00:00,1637870400,TRANSITION
2021-11-26 00:00:00+00:00,1637884800,RANGING
2021-11-26 04:00:00+00:00,1637899200,RANGING
2021-11-26 08:00:00+00:00,1637913600,HIGH_VOL
2021-11-26 12:00:00+00:00,1637928000,HIGH_VOL
2021-11-26 16:00:00+00:00,1637942400,HIGH_VOL
2021-11-28 20:00:00+00:00,1638129600,HIGH_VOL
2021-11-29 00:00:00+00:00,1638144000,HIGH_VOL
2021-11-29 04:00:00+00:00,1638158400,HIGH_VOL
2021-11-29 08:00:00+00:00,1638172800,HIGH_VOL
2021-11-29 12:00:00+00:00,1638187200,HIGH_VOL
2021-11-29 16:00:00+00:00,1638201600,HIGH_VOL
2021-11-29 20:00:00+00:00,1638216000,HIGH_VOL
2021-11-30 00:00:00+00:00,1638230400,HIGH_VOL
2021-11-30 04:00:00+00:00,1638244800,HIGH_VOL
2021-11-30 08:00:00+00:00,1638259200,HIGH_VOL
2021-11-30 12:00:00+00:00,1638273600,HIGH_VOL
2021-11-30 16:00:00+00:00,1638288000,HIGH_VOL
2021-11-30 20:00:00+00:00,1638302400,HIGH_VOL
2021-12-01 00:00:00+00:00,1638316800,HIGH_VOL
2021-12-01 04:00:00+00:00,1638331200,HIGH_VOL
2021-12-01 08:00:00+00:00,1638345600,HIGH_VOL
2021-12-01 12:00:00+00:00,1638360000,HIGH_VOL
2021-12-01 16:00:00+00:00,1638374400,HIGH_VOL
2021-12-01 20:00:00+00:00,1638388800,HIGH_VOL
2021-12-02 00:00:00+00:00,1638403200,HIGH_VOL
2021-12-02 04:00:00+00:00,1638417600,HIGH_VOL
2021-12-02 08:00:00+00:00,1638432000,HIGH_VOL
2021-12-02 12:00:00+00:00,1638446400,HIGH_VOL
2021-12-02 16:00:00+00:00,1638460800,HIGH_VOL
2021-12-02 20:00:00+00:00,1638475200,HIGH_VOL
2021-12-03 00:00:00+00:00,1638489600,HIGH_VOL
2021-12-03 04:00:00+00:00,1638504000,HIGH_VOL
2021-12-03 08:00:00+00:00,1638518400,HIGH_VOL
2021-12-03 12:00:00+00:00,1638532800,HIGH_VOL
2021-12-03 16:00:00+00:00,1638547200,HIGH_VOL
2021-12-03 20:00:00+00:00,1638561600,HIGH_VOL
2021-12-05 20:00:00+00:00,1638734400,HIGH_VOL
2021-12-06 00:00:00+00:00,1638748800,TRANSITION
2021-12-06 04:00:00+00:00,1638763200,TRANSITION
2021-12-06 08:00:00+00:00,1638777600,TRANSITION
2021-12-06 12:00:00+00:00,1638792000,RANGING
2021-12-06 16:00:00+00:00,1638806400,TRANSITION
2021-12-06 20:00:00+00:00,1638820800,TRANSITION
2021-12-07 00:00:00+00:00,1638835200,TRANSITION
2021-12-07 04:00:00+00:00,1638849600,TRANSITION
2021-12-07 08:00:00+00:00,1638864000,TRANSITION
2021-12-07 12:00:00+00:00,1638878400,TRANSITION
2021-12-07 16:00:00+00:00,1638892800,TRANSITION
2021-12-07 20:00:00+00:00,1638907200,LOW_VOL
2021-12-08 00:00:00+00:00,1638921600,LOW_VOL
2021-12-08 04:00:00+00:00,1638936000,LOW_VOL
2021-12-08 08:00:00+00:00,1638950400,LOW_VOL
2021-12-08 12:00:00+00:00,1638964800,LOW_VOL
2021-12-08 16:00:00+00:00,1638979200,LOW_VOL
2021-12-08 20:00:00+00:00,1638993600,LOW_VOL
2021-12-09 00:00:00+00:00,1639008000,LOW_VOL
2021-12-09 04:00:00+00:00,1639022400,LOW_VOL
2021-12-09 08:00:00+00:00,1639036800,LOW_VOL
2021-12-09 12:00:00+00:00,1639051200,LOW_VOL
2021-12-09 16:00:00+00:00,1639065600,LOW_VOL
2021-12-09 20:00:00+00:00,1639080000,LOW_VOL
2021-12-10 00:00:00+00:00,1639094400,LOW_VOL
2021-12-10 04:00:00+00:00,1639108800,LOW_VOL
2021-12-10 08:00:00+00:00,1639123200,LOW_VOL
2021-12-10 12:00:00+00:00,1639137600,LOW_VOL
2021-12-10 16:00:00+00:00,1639152000,LOW_VOL
2021-12-10 20:00:00+00:00,1639166400,LOW_VOL
2021-12-12 20:00:00+00:00,1639339200,LOW_VOL
2021-12-13 00:00:00+00:00,1639353600,LOW_VOL
2021-12-13 04:00:00+00:00,1639368000,LOW_VOL
2021-12-13 08:00:00+00:00,1639382400,LOW_VOL
2021-12-13 12:00:00+00:00,1639396800,LOW_VOL
2021-12-13 16:00:00+00:00,1639411200,LOW_VOL
2021-12-13 20:00:00+00:00,1639425600,LOW_VOL
2021-12-14 00:00:00+00:00,1639440000,LOW_VOL
2021-12-14 04:00:00+00:00,1639454400,LOW_VOL
2021-12-14 08:00:00+00:00,1639468800,LOW_VOL
2021-12-14 12:00:00+00:00,1639483200,LOW_VOL
2021-12-14 16:00:00+00:00,1639497600,LOW_VOL
2021-12-14 20:00:00+00:00,1639512000,LOW_VOL
2021-12-15 00:00:00+00:00,1639526400,LOW_VOL
2021-12-15 04:00:00+00:00,1639540800,LOW_VOL
2021-12-15 08:00:00+00:00,1639555200,LOW_VOL
2021-12-15 12:00:00+00:00,1639569600,LOW_VOL
2021-12-15 16:00:00+00:00,1639584000,LOW_VOL
2021-12-15 20:00:00+00:00,1639598400,TRANSITION
2021-12-16 00:00:00+00:00,1639612800,RANGING
2021-12-16 04:00:00+00:00,1639627200,RANGING
2021-12-16 08:00:00+00:00,1639641600,LOW_VOL
2021-12-16 12:00:00+00:00,1639656000,RANGING
2021-12-16 16:00:00+00:00,1639670400,TRANSITION
2021-12-16 20:00:00+00:00,1639684800,LOW_VOL
2021-12-17 00:00:00+00:00,1639699200,LOW_VOL
2021-12-17 04:00:00+00:00,1639713600,LOW_VOL
2021-12-17 08:00:00+00:00,1639728000,LOW_VOL
2021-12-17 12:00:00+00:00,1639742400,LOW_VOL
2021-12-17 16:00:00+00:00,1639756800,LOW_VOL
2021-12-17 20:00:00+00:00,1639771200,LOW_VOL
2021-12-19 20:00:00+00:00,1639944000,LOW_VOL
2021-12-20 00:00:00+00:00,1639958400,LOW_VOL
2021-12-20 04:00:00+00:00,1639972800,LOW_VOL
2021-12-20 08:00:00+00:00,1639987200,LOW_VOL
2021-12-20 12:00:00+00:00,1640001600,LOW_VOL
2021-12-20 16:00:00+00:00,1640016000,LOW_VOL
2021-12-20 20:00:00+00:00,1640030400,LOW_VOL
2021-12-21 00:00:00+00:00,1640044800,LOW_VOL
2021-12-21 04:00:00+00:00,1640059200,LOW_VOL
2021-12-21 08:00:00+00:00,1640073600,LOW_VOL
2021-12-21 12:00:00+00:00,1640088000,LOW_VOL
2021-12-21 16:00:00+00:00,1640102400,LOW_VOL
2021-12-21 20:00:00+00:00,1640116800,LOW_VOL
2021-12-22 00:00:00+00:00,1640131200,LOW_VOL
2021-12-22 04:00:00+00:00,1640145600,LOW_VOL
2021-12-22 08:00:00+00:00,1640160000,LOW_VOL
2021-12-22 12:00:00+00:00,1640174400,LOW_VOL
2021-12-22 16:00:00+00:00,1640188800,LOW_VOL
2021-12-22 20:00:00+00:00,1640203200,LOW_VOL
2021-12-23 00:00:00+00:00,1640217600,LOW_VOL
2021-12-23 04:00:00+00:00,1640232000,LOW_VOL
2021-12-23 08:00:00+00:00,1640246400,LOW_VOL
2021-12-23 12:00:00+00:00,1640260800,LOW_VOL
2021-12-23 16:00:00+00:00,1640275200,LOW_VOL
2021-12-23 20:00:00+00:00,1640289600,LOW_VOL
2021-12-26 20:00:00+00:00,1640548800,LOW_VOL
2021-12-27 00:00:00+00:00,1640563200,LOW_VOL
2021-12-27 04:00:00+00:00,1640577600,LOW_VOL
2021-12-27 08:00:00+00:00,1640592000,LOW_VOL
2021-12-27 12:00:00+00:00,1640606400,LOW_VOL
2021-12-27 16:00:00+00:00,1640620800,LOW_VOL
2021-12-27 20:00:00+00:00,1640635200,LOW_VOL
2021-12-28 00:00:00+00:00,1640649600,LOW_VOL
2021-12-28 04:00:00+00:00,1640664000,LOW_VOL
2021-12-28 08:00:00+00:00,1640678400,LOW_VOL
2021-12-28 12:00:00+00:00,1640692800,LOW_VOL
2021-12-28 16:00:00+00:00,1640707200,LOW_VOL
2021-12-28 20:00:00+00:00,1640721600,LOW_VOL
2021-12-29 00:00:00+00:00,1640736000,LOW_VOL
2021-12-29 04:00:00+00:00,1640750400,LOW_VOL
2021-12-29 08:00:00+00:00,1640764800,LOW_VOL
2021-12-29 12:00:00+00:00,1640779200,LOW_VOL
2021-12-29 16:00:00+00:00,1640793600,LOW_VOL
2021-12-29 20:00:00+00:00,1640808000,LOW_VOL
2021-12-30 00:00:00+00:00,1640822400,LOW_VOL
2021-12-30 04:00:00+00:00,1640836800,LOW_VOL
2021-12-30 08:00:00+00:00,1640851200,LOW_VOL
2021-12-30 12:00:00+00:00,1640865600,LOW_VOL
2021-12-30 16:00:00+00:00,1640880000,LOW_VOL
2021-12-30 20:00:00+00:00,1640894400,LOW_VOL
2021-12-31 00:00:00+00:00,1640908800,LOW_VOL
2021-12-31 04:00:00+00:00,1640923200,LOW_VOL
2021-12-31 08:00:00+00:00,1640937600,LOW_VOL
2021-12-31 12:00:00+00:00,1640952000,LOW_VOL
2021-12-31 16:00:00+00:00,1640966400,LOW_VOL
2021-12-31 20:00:00+00:00,1640980800,LOW_VOL
2022-01-02 20:00:00+00:00,1641153600,LOW_VOL
2022-01-03 00:00:00+00:00,1641168000,LOW_VOL
2022-01-03 04:00:00+00:00,1641182400,LOW_VOL
2022-01-03 08:00:00+00:00,1641196800,LOW_VOL
2022-01-03 12:00:00+00:00,1641211200,RANGING
2022-01-03 16:00:00+00:00,1641225600,RANGING
2022-01-03 20:00:00+00:00,1641240000,TRANSITION
2022-01-04 00:00:00+00:00,1641254400,TRANSITION
2022-01-04 04:00:00+00:00,1641268800,RANGING
2022-01-04 08:00:00+00:00,1641283200,TRANSITION
2022-01-04 12:00:00+00:00,1641297600,TRANSITION
2022-01-04 16:00:00+00:00,1641312000,TRANSITION
2022-01-04 20:00:00+00:00,1641326400,TRANSITION
2022-01-05 00:00:00+00:00,1641340800,TRANSITION
2022-01-05 04:00:00+00:00,1641355200,TRANSITION
2022-01-05 08:00:00+00:00,1641369600,TRANSITION
2022-01-05 12:00:00+00:00,1641384000,TRANSITION
2022-01-05 16:00:00+00:00,1641398400,TRANSITION
2022-01-05 20:00:00+00:00,1641412800,TRANSITION
2022-01-06 00:00:00+00:00,1641427200,RANGING
2022-01-06 04:00:00+00:00,1641441600,TRENDING
2022-01-06 08:00:00+00:00,1641456000,TRENDING
2022-01-06 12:00:00+00:00,1641470400,TRENDING
2022-01-06 16:00:00+00:00,1641484800,TRENDING
2022-01-06 20:00:00+00:00,1641499200,TRANSITION
2022-01-07 00:00:00+00:00,1641513600,TRANSITION
2022-01-07 04:00:00+00:00,1641528000,TRANSITION
2022-01-07 08:00:00+00:00,1641542400,TRANSITION
2022-01-07 12:00:00+00:00,1641556800,TRANSITION
2022-01-07 16:00:00+00:00,1641571200,TRANSITION
2022-01-07 20:00:00+00:00,1641585600,TRANSITION
2022-01-09 20:00:00+00:00,1641758400,TRANSITION
2022-01-10 00:00:00+00:00,1641772800,RANGING
2022-01-10 04:00:00+00:00,1641787200,TRANSITION
2022-01-10 08:00:00+00:00,1641801600,TRANSITION
2022-01-10 12:00:00+00:00,1641816000,TRANSITION
2022-01-10 16:00:00+00:00,1641830400,TRANSITION
2022-01-10 20:00:00+00:00,1641844800,TRANSITION
2022-01-11 00:00:00+00:00,1641859200,RANGING
2022-01-11 04:00:00+00:00,1641873600,RANGING
2022-01-11 08:00:00+00:00,1641888000,TRANSITION
2022-01-11 12:00:00+00:00,1641902400,TRANSITION
2022-01-11 16:00:00+00:00,1641916800,TRANSITION
2022-01-11 20:00:00+00:00,1641931200,TRANSITION
2022-01-12 00:00:00+00:00,1641945600,TRANSITION
2022-01-12 04:00:00+00:00,1641960000,TRENDING
2022-01-12 08:00:00+00:00,1641974400,TRENDING
2022-01-12 12:00:00+00:00,1641988800,TRANSITION
2022-01-12 16:00:00+00:00,1642003200,TRANSITION
2022-01-12 20:00:00+00:00,1642017600,TRANSITION
2022-01-13 00:00:00+00:00,1642032000,TRANSITION
2022-01-13 04:00:00+00:00,1642046400,LOW_VOL
2022-01-13 08:00:00+00:00,1642060800,TRANSITION
2022-01-13 12:00:00+00:00,1642075200,TRANSITION
2022-01-13 16:00:00+00:00,1642089600,TRANSITION
2022-01-13 20:00:00+00:00,1642104000,TRANSITION
2022-01-14 00:00:00+00:00,1642118400,TRANSITION
2022-01-14 04:00:00+00:00,1642132800,TRANSITION
2022-01-14 08:00:00+00:00,1642147200,TRANSITION
2022-01-14 12:00:00+00:00,1642161600,TRANSITION
2022-01-14 16:00:00+00:00,1642176000,RANGING
2022-01-14 20:00:00+00:00,1642190400,RANGING
2022-01-16 20:00:00+00:00,1642363200,RANGING
2022-01-17 00:00:00+00:00,1642377600,TRANSITION
2022-01-17 04:00:00+00:00,1642392000,LOW_VOL
2022-01-17 08:00:00+00:00,1642406400,LOW_VOL
2022-01-17 12:00:00+00:00,1642420800,LOW_VOL
2022-01-17 16:00:00+00:00,1642435200,LOW_VOL
2022-01-17 20:00:00+00:00,1642449600,LOW_VOL
2022-01-18 00:00:00+00:00,1642464000,LOW_VOL
2022-01-18 04:00:00+00:00,1642478400,LOW_VOL
2022-01-18 08:00:00+00:00,1642492800,LOW_VOL
2022-01-18 12:00:00+00:00,1642507200,TRANSITION
2022-01-18 16:00:00+00:00,1642521600,TRANSITION
2022-01-18 20:00:00+00:00,1642536000,TRANSITION
2022-01-19 00:00:00+00:00,1642550400,LOW_VOL
2022-01-19 04:00:00+00:00,1642564800,LOW_VOL
2022-01-19 08:00:00+00:00,1642579200,LOW_VOL
2022-01-19 12:00:00+00:00,1642593600,TRANSITION
2022-01-19 16:00:00+00:00,1642608000,RANGING
2022-01-19 20:00:00+00:00,1642622400,TRANSITION
2022-01-20 00:00:00+00:00,1642636800,TRANSITION
2022-01-20 04:00:00+00:00,1642651200,TRANSITION
2022-01-20 08:00:00+00:00,1642665600,TRANSITION
2022-01-20 12:00:00+00:00,1642680000,TRANSITION
2022-01-20 16:00:00+00:00,1642694400,TRANSITION
2022-01-20 20:00:00+00:00,1642708800,TRANSITION
2022-01-21 00:00:00+00:00,1642723200,TRANSITION
2022-01-21 04:00:00+00:00,1642737600,TRANSITION
2022-01-21 08:00:00+00:00,1642752000,TRANSITION
2022-01-21 12:00:00+00:00,1642766400,HIGH_VOL
2022-01-21 16:00:00+00:00,1642780800,TRANSITION
2022-01-21 20:00:00+00:00,1642795200,TRANSITION
2022-01-23 20:00:00+00:00,1642968000,TRANSITION
2022-01-24 00:00:00+00:00,1642982400,RANGING
2022-01-24 04:00:00+00:00,1642996800,TRENDING
2022-01-24 08:00:00+00:00,1643011200,TRENDING
2022-01-24 12:00:00+00:00,1643025600,TRANSITION
2022-01-24 16:00:00+00:00,1643040000,HIGH_VOL
2022-01-24 20:00:00+00:00,1643054400,HIGH_VOL
2022-01-25 00:00:00+00:00,1643068800,TRANSITION
2022-01-25 04:00:00+00:00,1643083200,TRANSITION
2022-01-25 08:00:00+00:00,1643097600,RANGING
2022-01-25 12:00:00+00:00,1643112000,HIGH_VOL
2022-01-25 16:00:00+00:00,1643126400,HIGH_VOL
2022-01-25 20:00:00+00:00,1643140800,HIGH_VOL
2022-01-26 00:00:00+00:00,1643155200,TRANSITION
2022-01-26 04:00:00+00:00,1643169600,RANGING
2022-01-26 08:00:00+00:00,1643184000,RANGING
2022-01-26 12:00:00+00:00,1643198400,HIGH_VOL
2022-01-26 16:00:00+00:00,1643212800,HIGH_VOL
2022-01-26 20:00:00+00:00,1643227200,HIGH_VOL
2022-01-27 00:00:00+00:00,1643241600,HIGH_VOL
2022-01-27 04:00:00+00:00,1643256000,HIGH_VOL
2022-01-27 08:00:00+00:00,1643270400,HIGH_VOL
2022-01-27 12:00:00+00:00,1643284800,HIGH_VOL
2022-01-27 16:00:00+00:00,1643299200,HIGH_VOL
2022-01-27 20:00:00+00:00,1643313600,HIGH_VOL
2022-01-28 00:00:00+00:00,1643328000,HIGH_VOL
2022-01-28 04:00:00+00:00,1643342400,HIGH_VOL
2022-01-28 08:00:00+00:00,1643356800,HIGH_VOL
2022-01-28 12:00:00+00:00,1643371200,HIGH_VOL
2022-01-28 16:00:00+00:00,1643385600,HIGH_VOL
2022-01-28 20:00:00+00:00,1643400000,HIGH_VOL
2022-01-30 20:00:00+00:00,1643572800,HIGH_VOL
2022-01-31 00:00:00+00:00,1643587200,HIGH_VOL
2022-01-31 04:00:00+00:00,1643601600,HIGH_VOL
2022-01-31 08:00:00+00:00,1643616000,HIGH_VOL
2022-01-31 12:00:00+00:00,1643630400,HIGH_VOL
2022-01-31 16:00:00+00:00,1643644800,HIGH_VOL
2022-01-31 20:00:00+00:00,1643659200,HIGH_VOL
2022-02-01 00:00:00+00:00,1643673600,TRANSITION
2022-02-01 04:00:00+00:00,1643688000,TRANSITION
2022-02-01 08:00:00+00:00,1643702400,TRANSITION
2022-02-01 12:00:00+00:00,1643716800,HIGH_VOL
2022-02-01 16:00:00+00:00,1643731200,HIGH_VOL
2022-02-01 20:00:00+00:00,1643745600,HIGH_VOL
2022-02-02 00:00:00+00:00,1643760000,TRANSITION
2022-02-02 04:00:00+00:00,1643774400,TRANSITION
2022-02-02 08:00:00+00:00,1643788800,TRANSITION
2022-02-02 12:00:00+00:00,1643803200,TRANSITION
2022-02-02 16:00:00+00:00,1643817600,TRANSITION
2022-02-02 20:00:00+00:00,1643832000,TRANSITION
2022-02-03 00:00:00+00:00,1643846400,TRANSITION
2022-02-03 04:00:00+00:00,1643860800,LOW_VOL
2022-02-03 08:00:00+00:00,1643875200,LOW_VOL
2022-02-03 12:00:00+00:00,1643889600,RANGING
2022-02-03 16:00:00+00:00,1643904000,TRANSITION
2022-02-03 20:00:00+00:00,1643918400,TRANSITION
