time,open,high,low,close
2025.10.15 01:00,4142.6,4160.75,4140.39,4160.73
2025.10.15 01:15,4160.71,4163.56,4150.95,4152.23
2025.10.15 01:30,4151.95,4160.29,4149.9,4157.32
2025.10.15 01:45,4157.33,4161.59,4156.99,4158.28
2025.10.15 02:00,4158.35,4161.72,4157.03,4160.23
2025.10.15 02:15,4160.23,4164.03,4159.03,4163.53
2025.10.15 02:30,4163.56,4165.93,4162.14,4165.27
2025.10.15 02:45,4165.28,4167.03,4160.1,4161.5
2025.10.15 03:00,4161.41,4169.52,4157.98,4168.4
2025.10.15 03:15,4168.42,4169.27,4153.75,4155.86
2025.10.15 03:30,4155.85,4168.74,4154.89,4166.96
2025.10.15 03:45,4166.99,4167.79,4159.03,4162.37
2025.10.15 04:00,4162.32,4184.95,4161.97,4178.95
2025.10.15 04:15,4178.81,4186.59,4173.88,4185.37
2025.10.15 04:30,4185.41,4186.37,4175.83,4177.68
2025.10.15 04:45,4177.72,4182.79,4175.8,4181.53
2025.10.15 05:00,4181.64,4184.54,4177.76,4179.58
2025.10.15 05:15,4179.55,4183.74,4178.72,4179.11
2025.10.15 05:30,4179.11,4180.0,4166.95,4171.46
2025.10.15 05:45,4171.57,4177.04,4168.08,4176.38
2025.10.15 06:00,4176.38,4184.68,4176.03,4183.54
2025.10.15 06:15,4183.52,4185.65,4179.6,4183.5
2025.10.15 06:30,4183.57,4185.34,4180.05,4184.86
2025.10.15 06:45,4184.87,4190.83,4184.45,4186.89
2025.10.15 07:00,4186.98,4187.39,4182.35,4184.95
2025.10.15 07:15,4184.92,4185.32,4173.08,4176.23
2025.10.15 07:30,4176.24,4180.32,4174.08,4179.17
2025.10.15 07:45,4179.17,4179.81,4177.67,4179.67
2025.10.15 08:00,4179.62,4190.72,4176.6,4189.57
2025.10.15 08:15,4189.56,4192.99,4186.03,4192.65
2025.10.15 08:30,4192.71,4193.52,4184.28,4188.48
2025.10.15 08:45,4188.37,4191.6,4184.5,4185.82
2025.10.15 09:00,4185.82,4193.32,4184.11,4191.89
2025.10.15 09:15,4191.9,4192.49,4187.28,4190.04
2025.10.15 09:30,4190.04,4194.23,4187.39,4193.78
2025.10.15 09:45,4193.8,4200.26,4193.38,4199.34
2025.10.15 10:00,4199.21,4200.5,4194.4,4199.37
2025.10.15 10:15,4199.38,4200.54,4197.74,4199.49
2025.10.15 10:30,4199.44,4207.92,4198.77,4204.77
2025.10.15 10:45,4204.75,4209.74,4204.21,4207.59
2025.10.15 11:00,4207.66,4216.17,4207.05,4212.81
2025.10.15 11:15,4212.76,4218.18,4208.36,4210.69
2025.10.15 11:30,4210.68,4216.82,4210.39,4215.27
2025.10.15 11:45,4215.22,4216.79,4207.32,4208.09
2025.10.15 12:00,4208.21,4212.01,4202.55,4202.58
2025.10.15 12:15,4202.61,4203.61,4164.2,4190.01
2025.10.15 12:30,4190.03,4196.61,4188.54,4192.83
2025.10.15 12:45,4192.85,4195.52,4189.74,4192.28
2025.10.15 13:00,4192.26,4200.53,4191.18,4198.89
2025.10.15 13:15,4198.94,4206.11,4195.63,4201.26
2025.10.15 13:30,4200.77,4202.24,4190.16,4191.92
2025.10.15 13:45,4191.77,4203.18,4191.23,4202.61
2025.10.15 14:00,4202.56,4203.45,4197.32,4202.26
2025.10.15 14:15,4202.32,4203.18,4199.98,4201.96
2025.10.15 14:30,4201.97,4204.06,4197.25,4197.88
2025.10.15 14:45,4197.89,4200.45,4193.44,4198.53
2025.10.15 15:00,4198.68,4202.67,4192.54,4192.71
2025.10.15 15:15,4192.72,4193.6,4180.01,4180.92
2025.10.15 15:30,4180.8,4189.48,4176.24,4185.16
2025.10.15 15:45,4185.22,4192.38,4181.17,4190.5
2025.10.15 16:00,4190.45,4197.3,4182.82,4195.26
2025.10.15 16:15,4195.28,4197.66,4188.78,4194.26
2025.10.15 16:30,4194.1,4198.57,4183.25,4194.76
2025.10.15 16:45,4194.8,4197.35,4186.97,4192.0
2025.10.15 17:00,4191.97,4212.24,4191.65,4208.24
2025.10.15 17:15,4208.25,4211.64,4204.21,4205.86
2025.10.15 17:30,4205.93,4207.04,4194.12,4198.42
2025.10.15 17:45,4198.33,4203.47,4191.54,4199.94
2025.10.15 18:00,4199.74,4201.64,4193.31,4198.5
2025.10.15 18:15,4198.55,4202.89,4196.8,4201.19
2025.10.15 18:30,4201.19,4201.48,4184.76,4194.7
2025.10.15 18:45,4194.76,4198.22,4179.7,4190.43
2025.10.15 19:00,4190.38,4195.74,4186.27,4190.91
2025.10.15 19:15,4190.88,4199.39,4190.84,4196.98
2025.10.15 19:30,4196.97,4198.33,4189.94,4196.5
2025.10.15 19:45,4196.47,4199.83,4192.77,4198.85
2025.10.15 20:00,4198.87,4199.47,4183.04,4185.21
2025.10.15 20:15,4185.29,4193.14,4182.5,4188.4
2025.10.15 20:30,4188.52,4193.05,4186.19,4192.89
2025.10.15 20:45,4192.84,4197.7,4192.17,4197.63
2025.10.15 21:00,4197.67,4204.52,4196.23,4199.96
2025.10.15 21:15,4200.02,4200.61,4195.03,4198.3
2025.10.15 21:30,4198.31,4200.13,4196.64,4198.94
2025.10.15 21:45,4199.09,4201.27,4195.91,4200.7
2025.10.15 22:00,4200.66,4206.14,4200.39,4205.62
2025.10.15 22:15,4205.65,4211.68,4205.13,4210.78
2025.10.15 22:30,4210.78,4212.41,4205.52,4206.09
2025.10.15 22:45,4206.11,4213.34,4205.87,4210.27
2025.10.15 23:00,4210.28,4212.61,4208.46,4209.06
2025.10.15 23:15,4209.03,4210.0,4205.91,4207.53
2025.10.15 23:30,4207.53,4211.28,4206.97,4210.56
2025.10.15 23:45,4210.56,4210.6,4206.84,4208.12
2025.10.16 01:00,4209.61,4212.57,4203.5,4205.01
2025.10.16 01:15,4204.97,4212.62,4199.47,4211.31
2025.10.16 01:30,4211.37,4215.51,4209.96,4215.34
2025.10.16 01:45,4215.32,4215.62,4212.14,4213.15
2025.10.16 02:00,4212.92,4215.67,4208.68,4210.7
2025.10.16 02:15,4210.53,4212.61,4208.88,4212.07
2025.10.16 02:30,4212.04,4212.97,4206.2,4208.09
2025.10.16 02:45,4208.07,4211.46,4206.82,4209.34
2025.10.16 03:00,4209.36,4215.57,4204.71,4214.93
2025.10.16 03:15,4214.77,4224.94,4214.77,4223.07
2025.10.16 03:30,4223.08,4227.22,4220.62,4222.98
2025.10.16 03:45,4223.0,4223.21,4210.15,4210.45
2025.10.16 04:00,4210.45,4222.66,4210.45,4220.48
2025.10.16 04:15,4220.57,4227.91,4218.37,4224.84
2025.10.16 04:30,4224.84,4232.85,4223.85,4230.74
2025.10.16 04:45,4230.75,4231.29,4222.68,4230.06
2025.10.16 05:00,4230.07,4234.52,4229.48,4234.45
2025.10.16 05:15,4234.44,4234.54,4231.39,4231.67
2025.10.16 05:30,4231.6,4236.16,4225.91,4235.85
2025.10.16 05:45,4235.87,4239.57,4233.95,4239.43
2025.10.16 06:00,4239.31,4242.2,4235.33,4238.33
2025.10.16 06:15,4238.29,4241.12,4234.03,4235.31
2025.10.16 06:30,4235.33,4236.56,4229.0,4233.43
2025.10.16 06:45,4233.43,4235.5,4231.81,4233.72
2025.10.16 07:00,4233.63,4235.77,4230.28,4235.01
2025.10.16 07:15,4235.03,4238.99,4234.32,4237.99
2025.10.16 07:30,4237.98,4239.33,4232.71,4234.2
2025.10.16 07:45,4234.21,4234.81,4227.95,4233.52
2025.10.16 08:00,4233.34,4234.67,4224.75,4227.16
2025.10.16 08:15,4227.17,4230.78,4221.47,4223.89
2025.10.16 08:30,4223.81,4223.83,4204.5,4211.49
2025.10.16 08:45,4211.49,4211.5,4203.43,4204.78
2025.10.16 09:00,4204.68,4222.66,4203.51,4221.88
2025.10.16 09:15,4221.84,4227.23,4221.76,4224.46
2025.10.16 09:30,4224.46,4226.07,4218.42,4218.51
2025.10.16 09:45,4218.55,4222.62,4215.47,4222.58
2025.10.16 10:00,4222.57,4231.65,4222.11,4231.55
2025.10.16 10:15,4231.57,4233.92,4229.04,4233.5
2025.10.16 10:30,4233.46,4233.49,4226.63,4230.36
2025.10.16 10:45,4230.37,4231.58,4225.93,4230.53
2025.10.16 11:00,4230.58,4235.89,4230.07,4231.98
2025.10.16 11:15,4231.99,4235.55,4230.83,4231.3
2025.10.16 11:30,4231.36,4232.92,4228.47,4232.2
2025.10.16 11:45,4232.24,4234.2,4229.22,4232.77
2025.10.16 12:00,4232.85,4234.8,4229.11,4230.02
2025.10.16 12:15,4229.97,4231.4,4222.72,4223.19
2025.10.16 12:30,4223.19,4227.83,4221.91,4227.21
2025.10.16 12:45,4227.14,4241.83,4227.1,4239.42
2025.10.16 13:00,4239.29,4243.06,4234.98,4238.73
2025.10.16 13:15,4238.72,4242.28,4236.3,4237.57
2025.10.16 13:30,4237.58,4240.06,4234.05,4239.11
2025.10.16 13:45,4239.11,4246.16,4237.96,4242.6
2025.10.16 14:00,4242.63,4244.82,4239.49,4242.96
2025.10.16 14:15,4242.97,4246.47,4241.93,4244.36
2025.10.16 14:30,4244.38,4247.41,4242.37,4246.45
2025.10.16 14:45,4246.48,4247.38,4240.04,4240.46
2025.10.16 15:00,4240.52,4245.01,4239.8,4244.74
2025.10.16 15:15,4244.87,4245.14,4236.66,4239.04
2025.10.16 15:30,4239.09,4250.88,4227.52,4237.02
2025.10.16 15:45,4236.98,4240.26,4233.16,4235.89
2025.10.16 16:00,4235.85,4247.05,4234.79,4245.71
2025.10.16 16:15,4245.72,4254.74,4244.23,4251.4
2025.10.16 16:30,4251.42,4258.55,4245.11,4255.39
2025.10.16 16:45,4255.41,4256.62,4243.31,4245.78
2025.10.16 17:00,4245.36,4265.82,4245.29,4265.24
2025.10.16 17:15,4265.24,4265.24,4255.47,4262.9
2025.10.16 17:30,4262.85,4267.44,4258.38,4259.41
2025.10.16 17:45,4259.38,4264.77,4254.14,4263.12
2025.10.16 18:00,4263.22,4271.55,4260.7,4269.3
2025.10.16 18:15,4269.28,4273.03,4269.06,4271.66
2025.10.16 18:30,4271.68,4273.06,4267.11,4270.42
2025.10.16 18:45,4270.42,4275.83,4268.66,4273.42
2025.10.16 19:00,4273.43,4280.01,4269.28,4278.38
2025.10.16 19:15,4278.39,4291.92,4277.65,4289.29
2025.10.16 19:30,4289.28,4291.48,4261.32,4271.37
2025.10.16 19:45,4271.38,4284.39,4268.35,4282.53
2025.10.16 20:00,4282.51,4291.06,4279.92,4289.31
2025.10.16 20:15,4289.22,4294.93,4287.16,4289.53
2025.10.16 20:30,4290.03,4298.48,4288.75,4290.92
2025.10.16 20:45,4290.89,4295.28,4287.27,4293.72
2025.10.16 21:00,4293.74,4294.74,4284.03,4284.62
2025.10.16 21:15,4284.53,4291.55,4273.2,4285.35
2025.10.16 21:30,4285.37,4293.06,4282.97,4292.72
2025.10.16 21:45,4292.75,4293.66,4287.29,4290.78
2025.10.16 22:00,4290.59,4295.87,4288.01,4293.05
2025.10.16 22:15,4293.07,4296.75,4287.63,4294.98
2025.10.16 22:30,4294.93,4296.7,4290.84,4296.38
2025.10.16 22:45,4296.38,4312.78,4294.31,4307.2
2025.10.16 23:00,4307.21,4320.39,4307.21,4316.57
2025.10.16 23:15,4316.58,4317.69,4313.25,4315.54
2025.10.16 23:30,4315.52,4318.54,4311.69,4318.05
2025.10.16 23:45,4318.03,4330.56,4317.75,4325.93
2025.10.17 01:00,4332.74,4360.1,4326.94,4349.72
2025.10.17 01:15,4349.77,4379.96,4349.27,4367.68
2025.10.17 01:30,4367.69,4367.69,4342.96,4360.57
2025.10.17 01:45,4360.55,4364.58,4343.86,4346.57
2025.10.17 02:00,4346.56,4363.43,4341.51,4355.49
2025.10.17 02:15,4355.47,4363.64,4353.39,4363.64
2025.10.17 02:30,4363.65,4369.68,4349.81,4368.39
2025.10.17 02:45,4368.37,4379.15,4360.22,4365.57
2025.10.17 03:00,4365.34,4366.87,4355.07,4356.77
2025.10.17 03:15,4356.77,4363.67,4355.96,4357.7
2025.10.17 03:30,4357.76,4368.2,4353.47,4366.83
2025.10.17 03:45,4366.84,4371.54,4356.15,4357.96
2025.10.17 04:00,4357.68,4362.05,4343.78,4347.31
2025.10.17 04:15,4347.3,4347.87,4323.89,4333.83
2025.10.17 04:30,4333.85,4337.49,4278.6,4290.23
2025.10.17 04:45,4290.12,4314.22,4279.21,4314.22
2025.10.17 05:00,4314.17,4335.92,4312.78,4327.65
2025.10.17 05:15,4327.64,4333.51,4322.99,4332.49
2025.10.17 05:30,4332.51,4344.83,4331.46,4339.48
2025.10.17 05:45,4339.49,4348.44,4336.41,4342.4
2025.10.17 06:00,4342.41,4359.64,4338.74,4358.6
2025.10.17 06:15,4358.53,4360.94,4354.81,4356.59
2025.10.17 06:30,4356.63,4360.45,4354.08,4356.55
2025.10.17 06:45,4356.51,4367.0,4355.08,4366.96
2025.10.17 07:00,4366.93,4376.44,4366.49,4370.78
2025.10.17 07:15,4370.84,4370.89,4354.79,4358.38
2025.10.17 07:30,4358.37,4365.12,4357.91,4360.45
2025.10.17 07:45,4360.55,4377.04,4359.69,4376.19
2025.10.17 08:00,4376.18,4378.58,4365.73,4367.73
2025.10.17 08:15,4367.62,4368.25,4357.87,4359.48
2025.10.17 08:30,4359.76,4363.02,4342.08,4359.54
2025.10.17 08:45,4359.69,4369.5,4356.63,4365.85
2025.10.17 09:00,4365.86,4369.46,4354.54,4358.74
2025.10.17 09:15,4358.8,4364.61,4356.09,4361.37
2025.10.17 09:30,4361.38,4365.04,4346.6,4363.98
2025.10.17 09:45,4364.0,4367.25,4356.66,4360.07
2025.10.17 10:00,4359.55,4361.77,4351.72,4355.31
2025.10.17 10:15,4355.3,4357.14,4312.8,4338.4
2025.10.17 10:30,4338.23,4349.48,4330.37,4345.48
2025.10.17 10:45,4345.41,4349.04,4329.87,4342.38
2025.10.17 11:00,4342.05,4347.22,4321.09,4333.88
2025.10.17 11:15,4333.94,4349.58,4333.94,4341.27
2025.10.17 11:30,4341.25,4346.63,4332.82,4346.18
2025.10.17 11:45,4346.35,4349.63,4340.1,4347.62
2025.10.17 12:00,4347.45,4348.2,4340.92,4341.89
2025.10.17 12:15,4341.91,4342.58,4332.26,4335.26
2025.10.17 12:30,4335.21,4344.99,4333.61,4338.12
2025.10.17 12:45,4338.12,4341.83,4335.29,4340.07
2025.10.17 13:00,4340.08,4341.98,4337.97,4338.02
2025.10.17 13:15,4338.02,4341.38,4336.08,4341.0
2025.10.17 13:30,4341.02,4341.44,4319.48,4331.19
2025.10.17 13:45,4331.2,4337.35,4326.67,4327.57
2025.10.17 14:00,4327.55,4335.75,4316.91,4319.7
2025.10.17 14:15,4320.01,4332.57,4318.91,4321.57
2025.10.17 14:30,4321.61,4322.59,4303.51,4307.45
2025.10.17 14:45,4307.44,4314.11,4286.56,4287.2
2025.10.17 15:00,4287.17,4316.46,4283.43,4315.15
2025.10.17 15:15,4315.16,4315.55,4291.8,4293.51
2025.10.17 15:30,4293.45,4315.38,4291.06,4314.29
2025.10.17 15:45,4314.25,4319.89,4310.81,4314.31
2025.10.17 16:00,4314.43,4316.02,4301.3,4313.62
2025.10.17 16:15,4313.64,4317.68,4303.85,4316.08
2025.10.17 16:30,4315.98,4316.89,4258.86,4285.94
2025.10.17 16:45,4286.05,4293.46,4271.65,4273.74
2025.10.17 17:00,4273.79,4274.48,4217.02,4217.04
2025.10.17 17:15,4217.28,4244.9,4217.0,4240.81
2025.10.17 17:30,4241.51,4266.46,4230.81,4258.89
2025.10.17 17:45,4259.11,4260.29,4243.63,4248.68
2025.10.17 18:00,4248.68,4259.2,4240.06,4242.22
2025.10.17 18:15,4242.23,4248.91,4230.9,4248.11
2025.10.17 18:30,4248.12,4258.99,4245.46,4255.6
2025.10.17 18:45,4255.59,4256.29,4236.26,4237.35
2025.10.17 19:00,4237.43,4244.76,4225.45,4233.97
2025.10.17 19:15,4233.86,4239.3,4214.88,4214.88
2025.10.17 19:30,4215.3,4221.37,4205.76,4208.57
2025.10.17 19:45,4208.62,4220.52,4200.4,4204.64
2025.10.17 20:00,4204.69,4209.14,4186.19,4206.8
2025.10.17 20:15,4206.79,4214.09,4198.93,4200.87
2025.10.17 20:30,4200.8,4228.16,4196.4,4222.32
2025.10.17 20:45,4222.31,4226.06,4216.94,4220.81
2025.10.17 21:00,4221.36,4241.69,4217.95,4233.46
2025.10.17 21:15,4233.42,4244.48,4231.28,4244.39
2025.10.17 21:30,4244.39,4244.5,4234.26,4234.46
2025.10.17 21:45,4234.45,4242.21,4232.2,4235.57
2025.10.17 22:00,4235.57,4237.84,4222.72,4223.72
2025.10.17 22:15,4223.94,4225.07,4212.62,4216.41
2025.10.17 22:30,4216.62,4228.99,4216.62,4221.7
2025.10.17 22:45,4221.67,4231.56,4218.35,4226.25
2025.10.17 23:00,4226.14,4234.4,4220.03,4232.18
2025.10.17 23:15,4232.23,4246.11,4231.45,4245.63
2025.10.17 23:30,4245.68,4248.07,4242.4,4247.2
2025.10.17 23:45,4247.21,4252.4,4243.89,4250.44
2025.10.20 01:00,4252.44,4274.49,4238.9,4259.14
2025.10.20 01:15,4259.17,4268.08,4254.91,4259.77
2025.10.20 01:30,4259.2,4259.72,4246.39,4256.97
2025.10.20 01:45,4256.81,4262.07,4253.6,4255.63
2025.10.20 02:00,4255.74,4256.02,4242.95,4243.86
2025.10.20 02:15,4243.87,4249.14,4239.34,4247.41
2025.10.20 02:30,4247.37,4247.95,4243.39,4245.54
2025.10.20 02:45,4245.37,4246.24,4234.06,4237.86
2025.10.20 03:00,4237.77,4242.49,4224.32,4225.07
2025.10.20 03:15,4225.09,4235.93,4218.93,4222.47
2025.10.20 03:30,4222.38,4243.98,4220.88,4240.9
2025.10.20 03:45,4240.93,4250.66,4239.18,4249.29
2025.10.20 04:00,4249.37,4255.5,4229.24,4255.26
2025.10.20 04:15,4255.11,4264.57,4248.36,4262.62
2025.10.20 04:30,4262.33,4266.14,4255.8,4265.9
2025.10.20 04:45,4265.91,4268.73,4258.56,4262.25
2025.10.20 05:00,4262.27,4265.24,4258.6,4262.52
2025.10.20 05:15,4262.5,4267.04,4259.68,4266.63
2025.10.20 05:30,4266.62,4271.06,4260.63,4260.73
2025.10.20 05:45,4260.53,4262.17,4253.13,4255.46
2025.10.20 06:00,4254.91,4259.4,4251.84,4253.38
2025.10.20 06:15,4253.4,4262.51,4252.02,4254.6
2025.10.20 06:30,4254.61,4257.21,4248.54,4255.09
2025.10.20 06:45,4255.02,4265.01,4254.42,4264.4
2025.10.20 07:00,4264.47,4267.07,4260.3,4261.73
2025.10.20 07:15,4261.74,4264.86,4260.42,4264.33
2025.10.20 07:30,4264.34,4268.17,4262.27,4266.5
2025.10.20 07:45,4266.42,4267.68,4264.65,4266.06
2025.10.20 08:00,4265.6,4266.48,4258.6,4261.57
2025.10.20 08:15,4261.53,4263.19,4247.19,4256.96
2025.10.20 08:30,4256.99,4260.4,4249.95,4254.8
2025.10.20 08:45,4254.81,4255.56,4239.65,4239.72
2025.10.20 09:00,4239.88,4244.68,4231.09,4243.92
2025.10.20 09:15,4243.92,4245.59,4226.0,4226.48
2025.10.20 09:30,4226.49,4240.73,4221.2,4234.19
2025.10.20 09:45,4233.98,4237.37,4230.24,4236.03
2025.10.20 10:00,4236.02,4257.04,4234.66,4254.49
2025.10.20 10:15,4254.5,4260.08,4253.57,4253.84
2025.10.20 10:30,4253.83,4260.68,4251.27,4258.94
2025.10.20 10:45,4258.93,4260.28,4253.89,4254.99
2025.10.20 11:00,4255.06,4262.98,4253.83,4260.61
2025.10.20 11:15,4260.57,4261.63,4256.87,4260.59
2025.10.20 11:30,4260.47,4265.95,4256.89,4258.92
2025.10.20 11:45,4258.96,4259.55,4252.13,4258.5
2025.10.20 12:00,4258.54,4259.97,4252.13,4252.64
2025.10.20 12:15,4252.66,4255.33,4250.31,4252.38
2025.10.20 12:30,4251.83,4258.51,4251.78,4258.26
2025.10.20 12:45,4258.27,4263.42,4257.33,4260.58
2025.10.20 13:00,4260.55,4260.69,4245.6,4253.62
2025.10.20 13:15,4253.58,4258.66,4252.26,4255.7
2025.10.20 13:30,4255.72,4258.92,4251.4,4257.55
2025.10.20 13:45,4257.32,4259.93,4254.47,4254.48
2025.10.20 14:00,4254.47,4257.78,4250.85,4254.98
2025.10.20 14:15,4254.97,4263.55,4254.73,4262.64
2025.10.20 14:30,4262.63,4265.01,4259.6,4263.71
2025.10.20 14:45,4263.72,4279.23,4263.31,4279.02
2025.10.20 15:00,4278.88,4283.43,4272.57,4281.18
2025.10.20 15:15,4280.6,4299.65,4278.22,4293.71
2025.10.20 15:30,4293.82,4323.61,4291.87,4320.01
2025.10.20 15:45,4320.0,4327.13,4312.45,4323.47
2025.10.20 16:00,4323.79,4325.17,4313.49,4319.08
2025.10.20 16:15,4319.27,4322.38,4315.3,4319.95
2025.10.20 16:30,4319.94,4320.64,4302.76,4308.08
2025.10.20 16:45,4308.08,4317.26,4299.33,4300.65
2025.10.20 17:00,4300.64,4316.69,4292.68,4316.06
2025.10.20 17:15,4316.07,4334.12,4316.07,4326.33
2025.10.20 17:30,4326.34,4329.9,4316.85,4325.1
2025.10.20 17:45,4325.11,4334.49,4324.09,4332.22
2025.10.20 18:00,4332.25,4347.7,4332.25,4346.02
2025.10.20 18:15,4346.08,4355.44,4341.25,4345.35
2025.10.20 18:30,4345.37,4350.58,4343.97,4349.76
2025.10.20 18:45,4349.8,4351.06,4346.81,4348.98
2025.10.20 19:00,4349.04,4350.69,4342.59,4345.82
2025.10.20 19:15,4345.94,4350.08,4343.78,4345.01
2025.10.20 19:30,4345.01,4348.38,4343.19,4345.97
2025.10.20 19:45,4346.22,4349.64,4343.79,4347.65
2025.10.20 20:00,4347.59,4351.1,4346.04,4346.22
2025.10.20 20:15,4346.27,4350.64,4340.31,4341.99
2025.10.20 20:30,4342.07,4346.8,4337.16,4345.32
2025.10.20 20:45,4345.39,4348.93,4345.39,4347.29
2025.10.20 21:00,4347.69,4348.78,4344.39,4346.83
2025.10.20 21:15,4346.84,4357.99,4345.42,4357.56
2025.10.20 21:30,4357.59,4364.54,4355.0,4359.29
2025.10.20 21:45,4359.09,4362.31,4357.38,4359.21
2025.10.20 22:00,4359.23,4366.91,4359.09,4366.14
2025.10.20 22:15,4366.19,4367.1,4364.28,4366.85
2025.10.20 22:30,4367.05,4369.57,4364.54,4369.47
2025.10.20 22:45,4369.41,4381.35,4369.2,4377.86
2025.10.20 23:00,4377.77,4379.93,4355.31,4359.82
2025.10.20 23:15,4359.99,4361.05,4346.05,4354.12
2025.10.20 23:30,4354.26,4358.93,4346.73,4357.08
2025.10.20 23:45,4357.1,4358.93,4353.55,4356.31
2025.10.21 01:00,4355.51,4371.13,4352.96,4361.52
2025.10.21 01:15,4361.73,4375.21,4361.73,4371.48
2025.10.21 01:30,4371.49,4371.55,4357.5,4358.77
2025.10.21 01:45,4358.87,4370.1,4357.45,4367.32
2025.10.21 02:00,4367.29,4371.59,4365.65,4367.31
2025.10.21 02:15,4367.34,4368.01,4359.77,4362.31
2025.10.21 02:30,4362.31,4362.61,4357.64,4361.25
2025.10.21 02:45,4361.06,4362.66,4356.71,4360.17
2025.10.21 03:00,4360.1,4363.67,4356.12,4359.16
2025.10.21 03:15,4359.22,4370.24,4356.27,4368.35
2025.10.21 03:30,4368.39,4370.95,4366.66,4369.78
2025.10.21 03:45,4369.71,4370.68,4364.31,4368.61
2025.10.21 04:00,4368.62,4372.16,4358.26,4358.94
2025.10.21 04:15,4358.91,4360.92,4349.2,4350.08
2025.10.21 04:30,4350.27,4350.35,4332.76,4346.03
2025.10.21 04:45,4346.01,4351.09,4339.13,4350.78
2025.10.21 05:00,4350.76,4351.06,4341.04,4345.45
2025.10.21 05:15,4345.5,4355.17,4343.68,4350.46
2025.10.21 05:30,4350.47,4351.16,4335.81,4339.89
2025.10.21 05:45,4339.85,4344.72,4335.27,4338.72
2025.10.21 06:00,4338.73,4346.69,4337.83,4341.97
2025.10.21 06:15,4341.99,4349.68,4339.58,4348.9
2025.10.21 06:30,4348.92,4350.63,4346.5,4347.41
2025.10.21 06:45,4347.51,4348.57,4343.03,4346.45
2025.10.21 07:00,4346.47,4346.9,4342.77,4343.69
2025.10.21 07:15,4343.93,4345.56,4341.82,4342.83
2025.10.21 07:30,4342.65,4343.36,4339.12,4339.51
2025.10.21 07:45,4339.51,4344.16,4336.89,4341.93
2025.10.21 08:00,4341.89,4344.11,4331.45,4334.86
2025.10.21 08:15,4334.87,4335.61,4329.38,4333.09
2025.10.21 08:30,4333.07,4333.1,4317.3,4322.64
2025.10.21 08:45,4322.79,4329.23,4321.88,4323.11
2025.10.21 09:00,4323.11,4330.69,4317.14,4329.24
2025.10.21 09:15,4329.28,4330.35,4322.86,4323.97
2025.10.21 09:30,4323.76,4337.73,4322.04,4337.49
2025.10.21 09:45,4337.51,4344.05,4334.75,4343.06
2025.10.21 10:00,4343.07,4343.07,4330.12,4331.15
2025.10.21 10:15,4331.09,4334.3,4322.51,4324.7
2025.10.21 10:30,4324.72,4324.75,4293.27,4300.67
2025.10.21 10:45,4300.66,4307.15,4297.28,4298.59
2025.10.21 11:00,4298.47,4301.79,4244.82,4244.82
2025.10.21 11:15,4244.84,4270.59,4244.84,4267.24
2025.10.21 11:30,4267.27,4272.72,4263.01,4271.98
2025.10.21 11:45,4271.99,4274.07,4267.49,4273.89
2025.10.21 12:00,4274.04,4277.89,4254.58,4258.16
2025.10.21 12:15,4258.1,4272.5,4257.33,4270.86
2025.10.21 12:30,4271.05,4276.12,4265.82,4269.75
2025.10.21 12:45,4269.67,4272.09,4262.55,4265.12
2025.10.21 13:00,4265.36,4266.52,4255.48,4259.81
2025.10.21 13:15,4259.79,4266.32,4249.33,4264.29
2025.10.21 13:30,4264.29,4264.5,4255.58,4260.1
2025.10.21 13:45,4260.09,4261.75,4253.31,4253.61
2025.10.21 14:00,4253.62,4269.08,4251.99,4267.7
2025.10.21 14:15,4267.73,4272.32,4257.03,4266.6
2025.10.21 14:30,4266.59,4267.06,4254.67,4255.82
2025.10.21 14:45,4255.82,4260.96,4245.41,4253.36
2025.10.21 15:00,4253.35,4257.49,4214.75,4225.4
2025.10.21 15:15,4225.04,4232.96,4219.16,4228.51
2025.10.21 15:30,4228.19,4230.05,4216.22,4217.99
2025.10.21 15:45,4217.86,4222.26,4205.64,4210.94
2025.10.21 16:00,4211.08,4211.08,4189.54,4197.19
2025.10.21 16:15,4197.17,4209.52,4195.5,4200.81
2025.10.21 16:30,4199.85,4225.28,4191.32,4205.24
2025.10.21 16:45,4205.24,4209.12,4167.67,4173.55
2025.10.21 17:00,4173.67,4188.15,4165.24,4181.78
2025.10.21 17:15,4181.77,4182.04,4130.24,4136.59
2025.10.21 17:30,4136.87,4137.16,4097.58,4101.53
2025.10.21 17:45,4101.3,4141.47,4081.95,4138.84
2025.10.21 18:00,4138.8,4150.27,4122.93,4140.67
2025.10.21 18:15,4140.89,4142.77,4119.74,4124.68
2025.10.21 18:30,4124.71,4143.18,4122.69,4142.56
2025.10.21 18:45,4142.57,4147.47,4134.25,4138.4
2025.10.21 19:00,4138.46,4143.76,4125.14,4134.09
2025.10.21 19:15,4134.21,4134.28,4114.82,4117.37
2025.10.21 19:30,4117.37,4120.69,4101.92,4113.77
2025.10.21 19:45,4113.71,4126.33,4108.42,4113.32
2025.10.21 20:00,4113.28,4119.37,4100.88,4114.06
2025.10.21 20:15,4114.08,4119.05,4093.8,4097.59
2025.10.21 20:30,4097.61,4117.6,4095.8,4116.03
2025.10.21 20:45,4116.04,4120.19,4108.36,4111.14
2025.10.21 21:00,4111.15,4124.21,4110.61,4118.49
2025.10.21 21:15,4118.45,4119.32,4111.63,4116.01
2025.10.21 21:30,4116.25,4125.7,4113.39,4113.67
2025.10.21 21:45,4113.76,4115.27,4106.32,4114.82
2025.10.21 22:00,4114.83,4121.99,4106.28,4110.37
2025.10.21 22:15,4110.23,4110.69,4100.4,4104.25
2025.10.21 22:30,4104.21,4112.31,4101.2,4110.23
2025.10.21 22:45,4110.39,4111.57,4101.33,4108.83
2025.10.21 23:00,4109.12,4121.77,4106.05,4120.62
2025.10.21 23:15,4120.75,4124.78,4118.54,4122.55
2025.10.21 23:30,4122.4,4130.81,4120.73,4128.39
2025.10.21 23:45,4128.35,4130.48,4124.19,4125.03
2025.10.22 01:00,4124.73,4132.28,4113.8,4118.25
2025.10.22 01:15,4118.31,4126.63,4117.14,4124.74
2025.10.22 01:30,4124.65,4128.92,4120.57,4124.81
2025.10.22 01:45,4124.83,4128.07,4120.77,4123.29
2025.10.22 02:00,4123.31,4125.82,4116.15,4116.18
2025.10.22 02:15,4116.78,4126.94,4114.33,4123.47
2025.10.22 02:30,4123.54,4127.67,4123.28,4124.4
2025.10.22 02:45,4124.39,4124.39,4089.85,4092.89
2025.10.22 03:00,4092.89,4093.57,4004.09,4037.02
2025.10.22 03:15,4037.15,4058.94,4030.92,4048.78
2025.10.22 03:30,4048.79,4082.9,4041.24,4075.35
2025.10.22 03:45,4075.65,4090.88,4063.13,4074.93
2025.10.22 04:00,4074.92,4119.22,4064.27,4116.58
2025.10.22 04:15,4116.55,4121.12,4097.83,4104.37
2025.10.22 04:30,4104.21,4110.14,4082.7,4098.24
2025.10.22 04:45,4098.23,4106.3,4083.17,4087.21
2025.10.22 05:00,4087.27,4117.67,4087.27,4114.98
2025.10.22 05:15,4114.99,4115.24,4107.76,4110.0
2025.10.22 05:30,4109.12,4114.15,4103.53,4112.28
2025.10.22 05:45,4112.27,4116.45,4111.25,4115.0
2025.10.22 06:00,4114.85,4115.38,4107.06,4112.06
2025.10.22 06:15,4111.93,4120.9,4109.73,4116.93
2025.10.22 06:30,4117.18,4141.07,4116.25,4138.89
2025.10.22 06:45,4139.02,4143.24,4127.77,4128.26
2025.10.22 07:00,4128.24,4133.18,4106.94,4123.47
2025.10.22 07:15,4123.46,4130.39,4122.31,4128.94
2025.10.22 07:30,4128.79,4133.17,4126.8,4128.08
2025.10.22 07:45,4128.07,4131.72,4118.0,4127.98
2025.10.22 08:00,4127.99,4141.77,4126.42,4141.21
2025.10.22 08:15,4141.31,4146.99,4138.55,4140.45
2025.10.22 08:30,4140.4,4141.17,4132.17,4138.14
2025.10.22 08:45,4138.15,4145.47,4131.69,4134.89
2025.10.22 09:00,4134.88,4138.96,4127.58,4137.43
2025.10.22 09:15,4137.44,4143.62,4135.36,4141.74
2025.10.22 09:30,4141.76,4159.23,4141.53,4159.2
2025.10.22 09:45,4159.18,4161.3,4152.12,4155.64
2025.10.22 10:00,4155.63,4156.34,4129.39,4137.54
2025.10.22 10:15,4137.52,4144.65,4136.62,4141.74
2025.10.22 10:30,4141.74,4143.64,4135.54,4136.96
2025.10.22 10:45,4136.95,4147.77,4130.85,4132.82
2025.10.22 11:00,4132.45,4135.65,4085.4,4087.7
2025.10.22 11:15,4087.7,4114.0,4056.25,4102.96
2025.10.22 11:30,4102.61,4109.92,4084.44,4087.74
2025.10.22 11:45,4087.71,4094.31,4069.27,4070.31
2025.10.22 12:00,4070.35,4101.43,4070.35,4075.55
2025.10.22 12:15,4075.56,4080.49,4064.49,4075.51
2025.10.22 12:30,4075.56,4082.55,4062.06,4062.77
2025.10.22 12:45,4062.75,4072.62,4061.43,4069.57
2025.10.22 13:00,4069.49,4077.84,4063.1,4075.53
2025.10.22 13:15,4075.56,4085.07,4070.61,4084.6
2025.10.22 13:30,4084.61,4090.57,4045.09,4053.88
2025.10.22 13:45,4053.83,4060.91,4023.87,4034.92
2025.10.22 14:00,4034.93,4040.66,4014.89,4031.84
2025.10.22 14:15,4031.86,4044.81,4019.44,4020.67
2025.10.22 14:30,4020.65,4030.64,4015.13,4022.49
2025.10.22 14:45,4022.42,4033.65,4015.69,4027.6
2025.10.22 15:00,4027.96,4045.13,4026.15,4035.97
2025.10.22 15:15,4036.04,4045.15,4027.96,4045.09
2025.10.22 15:30,4045.12,4050.38,4041.65,4045.09
2025.10.22 15:45,4045.35,4053.17,4023.09,4033.59
2025.10.22 16:00,4033.65,4068.42,4033.37,4064.24
2025.10.22 16:15,4064.19,4068.1,4051.15,4052.4
2025.10.22 16:30,4051.68,4085.2,4047.27,4071.45
2025.10.22 16:45,4071.15,4079.88,4063.67,4075.8
2025.10.22 17:00,4075.69,4078.26,4056.0,4064.52
2025.10.22 17:15,4064.54,4072.47,4047.44,4056.12
2025.10.22 17:30,4056.19,4058.57,4024.25,4030.19
2025.10.22 17:45,4030.26,4030.82,4010.84,4014.81
2025.10.22 18:00,4015.02,4044.65,4014.8,4038.83
2025.10.22 18:15,4038.98,4046.79,4028.06,4029.33
2025.10.22 18:30,4029.51,4040.93,4023.11,4034.62
2025.10.22 18:45,4034.7,4046.33,4034.18,4037.01
2025.10.22 19:00,4037.05,4037.27,4023.13,4030.46
2025.10.22 19:15,4030.28,4045.49,4029.09,4043.55
2025.10.22 19:30,4043.79,4063.5,4037.57,4050.82
2025.10.22 19:45,4050.75,4063.95,4044.85,4059.04
2025.10.22 20:00,4058.78,4059.2,4043.96,4055.35
2025.10.22 20:15,4055.49,4058.79,4046.75,4049.46
2025.10.22 20:30,4049.64,4060.55,4044.87,4054.83
2025.10.22 20:45,4054.85,4070.84,4054.55,4069.79
2025.10.22 21:00,4069.83,4075.74,4066.49,4075.74
2025.10.22 21:15,4075.73,4078.66,4069.08,4073.6
2025.10.22 21:30,4073.67,4081.4,4073.64,4076.03
2025.10.22 21:45,4076.03,4078.89,4074.16,4076.77
2025.10.22 22:00,4076.94,4093.56,4076.44,4092.74
2025.10.22 22:15,4092.74,4105.39,4088.69,4105.3
2025.10.22 22:30,4105.31,4113.5,4102.15,4103.16
2025.10.22 22:45,4103.17,4108.46,4099.84,4102.22
2025.10.22 23:00,4101.92,4104.96,4098.37,4104.52
2025.10.22 23:15,4104.53,4107.01,4088.25,4091.96
2025.10.22 23:30,4091.99,4103.66,4091.92,4102.03
2025.10.22 23:45,4102.09,4103.55,4097.62,4098.37
2025.10.23 01:00,4095.35,4115.82,4093.28,4098.35
2025.10.23 01:15,4098.38,4110.22,4098.38,4102.85
2025.10.23 01:30,4102.77,4102.8,4092.26,4098.28
2025.10.23 01:45,4098.05,4103.62,4094.54,4101.91
2025.10.23 02:00,4101.93,4104.55,4084.67,4090.6
2025.10.23 02:15,4090.66,4091.52,4080.53,4085.99
2025.10.23 02:30,4086.02,4094.71,4083.75,4088.74
2025.10.23 02:45,4088.59,4093.06,4085.27,4087.52
2025.10.23 03:00,4087.41,4096.54,4083.17,4085.66
2025.10.23 03:15,4085.7,4087.5,4066.06,4076.05
2025.10.23 03:30,4076.15,4084.21,4071.67,4081.47
2025.10.23 03:45,4081.56,4085.78,4079.42,4081.72
2025.10.23 04:00,4081.87,4081.95,4071.68,4077.47
2025.10.23 04:15,4077.51,4092.78,4073.73,4087.14
2025.10.23 04:30,4087.12,4091.32,4081.17,4081.83
2025.10.23 04:45,4081.82,4086.9,4072.75,4073.01
2025.10.23 05:00,4072.99,4078.85,4071.96,4075.44
2025.10.23 05:15,4075.6,4084.82,4072.28,4081.14
2025.10.23 05:30,4081.16,4084.45,4076.32,4079.54
2025.10.23 05:45,4079.58,4085.23,4078.56,4082.39
2025.10.23 06:00,4082.26,4088.33,4077.79,4088.33
2025.10.23 06:15,4088.41,4100.54,4088.41,4095.21
2025.10.23 06:30,4095.34,4095.91,4089.69,4093.38
2025.10.23 06:45,4093.36,4094.15,4089.81,4091.1
2025.10.23 07:00,4091.11,4091.75,4087.33,4091.21
2025.10.23 07:15,4091.25,4092.86,4079.61,4084.35
2025.10.23 07:30,4084.41,4089.96,4082.41,4087.38
2025.10.23 07:45,4086.61,4091.28,4086.32,4089.61
2025.10.23 08:00,4089.6,4093.79,4088.47,4090.96
2025.10.23 08:15,4090.97,4091.78,4083.92,4089.46
2025.10.23 08:30,4089.47,4098.25,4088.65,4096.56
2025.10.23 08:45,4096.58,4110.4,4096.47,4110.29
2025.10.23 09:00,4110.3,4137.52,4110.26,4129.85
2025.10.23 09:15,4129.5,4132.36,4120.67,4125.32
2025.10.23 09:30,4125.42,4127.51,4112.87,4122.51
2025.10.23 09:45,4122.43,4124.37,4110.75,4113.48
2025.10.23 10:00,4113.46,4120.83,4112.21,4114.26
2025.10.23 10:15,4114.27,4120.2,4113.36,4115.28
2025.10.23 10:30,4115.28,4115.43,4091.75,4102.55
2025.10.23 10:45,4102.55,4104.66,4093.61,4094.04
2025.10.23 11:00,4094.05,4114.81,4094.05,4111.17
2025.10.23 11:15,4111.16,4118.76,4110.35,4113.82
2025.10.23 11:30,4113.98,4115.46,4108.42,4111.36
2025.10.23 11:45,4111.39,4118.41,4109.01,4116.22
2025.10.23 12:00,4116.32,4120.84,4110.94,4118.33
2025.10.23 12:15,4118.36,4123.48,4117.35,4121.98
2025.10.23 12:30,4121.36,4125.28,4111.35,4114.1
2025.10.23 12:45,4114.11,4124.93,4111.2,4124.38
2025.10.23 13:00,4124.36,4125.42,4117.17,4121.2
2025.10.23 13:15,4121.14,4121.83,4108.82,4109.66
2025.10.23 13:30,4109.67,4119.23,4106.74,4110.17
2025.10.23 13:45,4110.15,4112.86,4101.66,4108.92
2025.10.23 14:00,4109.0,4120.83,4107.69,4116.35
2025.10.23 14:15,4116.38,4117.96,4111.79,4113.32
2025.10.23 14:30,4113.39,4116.83,4109.48,4113.95
2025.10.23 14:45,4113.93,4117.5,4107.49,4109.49
2025.10.23 15:00,4109.14,4116.02,4103.74,4104.84
2025.10.23 15:15,4105.0,4109.86,4100.0,4108.99
2025.10.23 15:30,4109.13,4127.67,4108.8,4118.74
2025.10.23 15:45,4118.71,4129.13,4118.71,4126.9
2025.10.23 16:00,4127.07,4136.45,4125.62,4135.08
2025.10.23 16:15,4135.09,4149.88,4131.0,4147.09
2025.10.23 16:30,4147.05,4149.5,4132.23,4149.5
2025.10.23 16:45,4149.51,4150.67,4137.79,4144.78
2025.10.23 17:00,4144.89,4154.59,4140.15,4142.11
2025.10.23 17:15,4142.16,4147.28,4135.94,4147.11
2025.10.23 17:30,4147.18,4147.46,4140.26,4143.97
2025.10.23 17:45,4144.04,4151.67,4139.95,4148.09
2025.10.23 18:00,4148.25,4151.59,4142.22,4144.3
2025.10.23 18:15,4144.27,4147.81,4136.95,4144.82
2025.10.23 18:30,4145.06,4146.63,4138.69,4142.71
2025.10.23 18:45,4142.69,4144.98,4137.02,4141.73
2025.10.23 19:00,4141.73,4148.44,4141.37,4143.57
2025.10.23 19:15,4143.58,4143.8,4132.75,4140.43
2025.10.23 19:30,4140.41,4143.48,4127.46,4128.46
2025.10.23 19:45,4128.46,4134.45,4125.29,4132.79
2025.10.23 20:00,4132.5,4139.16,4128.24,4138.04
2025.10.23 20:15,4138.11,4138.16,4124.92,4129.51
2025.10.23 20:30,4129.38,4136.67,4126.57,4134.16
2025.10.23 20:45,4134.17,4138.19,4132.14,4137.55
2025.10.23 21:00,4137.52,4141.08,4133.15,4140.56
2025.10.23 21:15,4140.56,4143.39,4136.93,4142.63
2025.10.23 21:30,4142.51,4142.67,4136.34,4139.74
2025.10.23 21:45,4139.76,4140.09,4133.36,4135.88
2025.10.23 22:00,4135.96,4138.1,4133.45,4134.93
2025.10.23 22:15,4134.91,4135.29,4125.5,4128.42
2025.10.23 22:30,4128.4,4128.54,4117.31,4119.62
2025.10.23 22:45,4119.66,4121.73,4116.31,4118.15
2025.10.23 23:00,4118.16,4119.18,4110.76,4113.19
2025.10.23 23:15,4113.22,4115.89,4107.49,4108.29
2025.10.23 23:30,4108.33,4117.15,4107.4,4114.99
2025.10.23 23:45,4114.99,4125.81,4114.49,4125.81
2025.10.24 01:00,4126.89,4132.42,4120.08,4126.48
2025.10.24 01:15,4126.32,4126.36,4117.27,4121.98
2025.10.24 01:30,4122.01,4122.47,4111.53,4111.57
2025.10.24 01:45,4111.49,4118.26,4111.24,4116.04
2025.10.24 02:00,4116.09,4119.56,4113.69,4115.81
2025.10.24 02:15,4115.78,4115.82,4110.82,4111.69
2025.10.24 02:30,4111.71,4117.07,4105.95,4117.07
2025.10.24 02:45,4117.14,4122.74,4114.88,4121.44
2025.10.24 03:00,4121.46,4132.08,4117.73,4128.33
2025.10.24 03:15,4128.17,4133.0,4125.31,4132.77
2025.10.24 03:30,4132.77,4133.58,4126.1,4127.5
2025.10.24 03:45,4127.47,4132.95,4126.95,4132.51
2025.10.24 04:00,4132.59,4143.17,4127.62,4142.98
2025.10.24 04:15,4143.01,4144.36,4131.14,4136.54
2025.10.24 04:30,4136.41,4137.44,4121.86,4125.56
2025.10.24 04:45,4125.52,4126.36,4111.89,4118.66
2025.10.24 05:00,4118.63,4118.89,4111.52,4114.38
2025.10.24 05:15,4114.39,4116.97,4109.43,4111.67
2025.10.24 05:30,4111.68,4117.21,4110.96,4114.27
2025.10.24 05:45,4114.28,4116.57,4109.22,4109.49
2025.10.24 06:00,4109.48,4117.82,4107.36,4117.75
2025.10.24 06:15,4117.82,4119.59,4111.45,4117.01
2025.10.24 06:30,4116.97,4117.59,4113.74,4116.88
2025.10.24 06:45,4116.87,4123.4,4116.24,4122.17
2025.10.24 07:00,4122.14,4123.17,4115.51,4116.27
2025.10.24 07:15,4116.36,4116.5,4105.05,4106.8
2025.10.24 07:30,4107.03,4107.58,4102.64,4106.51
2025.10.24 07:45,4106.54,4113.68,4106.54,4111.53
2025.10.24 08:00,4111.78,4117.87,4111.18,4114.92
2025.10.24 08:15,4114.89,4117.78,4110.54,4112.49
2025.10.24 08:30,4112.49,4113.35,4104.98,4108.49
2025.10.24 08:45,4108.51,4113.24,4102.8,4104.32
2025.10.24 09:00,4104.36,4104.7,4081.61,4083.16
2025.10.24 09:15,4083.22,4090.93,4081.07,4089.52
2025.10.24 09:30,4089.55,4096.11,4083.41,4093.19
2025.10.24 09:45,4093.2,4097.26,4090.33,4091.94
2025.10.24 10:00,4092.05,4095.77,4090.29,4094.72
2025.10.24 10:15,4094.7,4095.3,4086.5,4088.39
2025.10.24 10:30,4088.51,4091.14,4082.25,4086.92
2025.10.24 10:45,4086.93,4088.02,4069.37,4074.06
2025.10.24 11:00,4074.13,4077.55,4051.83,4054.1
2025.10.24 11:15,4054.11,4057.88,4047.29,4053.67
2025.10.24 11:30,4053.59,4064.37,4050.29,4056.28
2025.10.24 11:45,4056.57,4069.39,4055.75,4065.23
2025.10.24 12:00,4065.09,4072.4,4062.33,4071.52
2025.10.24 12:15,4071.49,4073.16,4068.78,4069.64
2025.10.24 12:30,4069.63,4073.49,4065.11,4069.52
2025.10.24 12:45,4069.54,4071.93,4054.25,4060.69
2025.10.24 13:00,4060.71,4070.64,4059.45,4066.73
2025.10.24 13:15,4066.73,4067.4,4058.38,4059.08
2025.10.24 13:30,4059.02,4062.81,4054.6,4058.25
2025.10.24 13:45,4058.23,4060.37,4053.42,4054.59
2025.10.24 14:00,4054.6,4061.69,4044.23,4058.7
2025.10.24 14:15,4058.71,4061.21,4054.68,4056.49
2025.10.24 14:30,4056.35,4060.19,4054.57,4058.36
2025.10.24 14:45,4058.31,4065.41,4057.62,4061.24
2025.10.24 15:00,4061.22,4065.07,4059.76,4062.09
2025.10.24 15:15,4062.1,4064.45,4059.84,4061.2
2025.10.24 15:30,4061.16,4092.91,4060.89,4083.11
2025.10.24 15:45,4083.08,4084.4,4074.27,4082.1
2025.10.24 16:00,4082.07,4115.1,4078.94,4111.99
2025.10.24 16:15,4111.99,4121.88,4109.5,4113.84
2025.10.24 16:30,4113.9,4119.78,4098.33,4105.32
2025.10.24 16:45,4103.34,4109.6,4098.01,4106.64
2025.10.24 17:00,4106.72,4134.88,4102.14,4131.91
2025.10.24 17:15,4130.92,4134.79,4119.4,4123.6
2025.10.24 17:30,4123.85,4131.27,4121.14,4129.31
2025.10.24 17:45,4129.33,4130.93,4112.16,4117.4
2025.10.24 18:00,4117.37,4123.29,4114.9,4118.71
2025.10.24 18:15,4118.71,4128.63,4113.2,4125.37
2025.10.24 18:30,4125.61,4130.13,4123.32,4126.79
2025.10.24 18:45,4126.79,4131.6,4120.73,4130.33
2025.10.24 19:00,4130.3,4136.65,4127.07,4132.93
2025.10.24 19:15,4132.79,4138.53,4129.88,4136.37
2025.10.24 19:30,4136.41,4136.97,4121.67,4130.65
2025.10.24 19:45,4130.64,4132.88,4125.83,4129.18
2025.10.24 20:00,4129.42,4134.06,4126.09,4126.36
2025.10.24 20:15,4126.4,4127.35,4120.18,4121.2
2025.10.24 20:30,4121.05,4123.98,4111.45,4112.06
2025.10.24 20:45,4112.07,4116.52,4105.53,4107.5
2025.10.24 21:00,4107.7,4109.38,4101.84,4104.45
2025.10.24 21:15,4104.48,4110.54,4102.15,4105.93
2025.10.24 21:30,4105.91,4113.49,4103.8,4106.91
2025.10.24 21:45,4106.93,4111.29,4105.29,4110.2
2025.10.24 22:00,4110.21,4117.38,4109.77,4114.45
2025.10.24 22:15,4114.46,4116.83,4110.74,4112.89
2025.10.24 22:30,4112.9,4113.6,4108.69,4109.28
2025.10.24 22:45,4109.29,4109.49,4102.23,4103.94
2025.10.24 23:00,4103.96,4104.24,4096.52,4100.19
2025.10.24 23:15,4100.26,4102.2,4098.02,4099.9
2025.10.24 23:30,4099.93,4109.9,4099.66,4108.97
2025.10.24 23:45,4108.96,4114.05,4107.49,4112.99
2025.10.27 00:00,4102.38,4107.27,4063.79,4104.61
2025.10.27 00:15,4104.67,4108.79,4091.28,4091.64
2025.10.27 00:30,4091.6,4100.36,4079.81,4080.17
2025.10.27 00:45,4080.16,4084.95,4071.64,4081.56
2025.10.27 01:00,4081.76,4088.31,4078.91,4082.46
2025.10.27 01:15,4082.47,4086.26,4073.26,4074.47
2025.10.27 01:30,4074.54,4080.26,4064.22,4067.45
2025.10.27 01:45,4067.43,4071.03,4061.77,4064.31
2025.10.27 02:00,4064.42,4072.41,4058.22,4069.17
2025.10.27 02:15,4069.16,4071.56,4062.29,4067.61
2025.10.27 02:30,4067.59,4076.9,4067.39,4074.91
2025.10.27 02:45,4074.89,4084.09,4074.25,4081.08
2025.10.27 03:00,4081.08,4096.21,4074.84,4090.07
2025.10.27 03:15,4089.67,4097.62,4088.92,4093.41
2025.10.27 03:30,4093.4,4093.89,4081.3,4088.11
2025.10.27 03:45,4088.17,4090.43,4081.24,4081.78
2025.10.27 04:00,4081.68,4082.02,4071.49,4078.53
2025.10.27 04:15,4078.54,4081.29,4071.08,4073.02
2025.10.27 04:30,4073.09,4079.35,4071.81,4077.93
2025.10.27 04:45,4077.91,4077.95,4070.16,4071.54
2025.10.27 05:00,4071.57,4076.64,4065.18,4075.4
2025.10.27 05:15,4075.4,4079.14,4070.22,4077.06
2025.10.27 05:30,4077.09,4081.77,4075.14,4080.12
2025.10.27 05:45,4080.09,4080.23,4068.91,4069.56
2025.10.27 06:00,4069.48,4069.48,4053.52,4057.35
2025.10.27 06:15,4057.46,4065.26,4054.54,4062.59
2025.10.27 06:30,4062.74,4064.81,4057.99,4060.57
2025.10.27 06:45,4060.58,4071.45,4060.05,4068.71
2025.10.27 07:00,4068.73,4074.86,4068.44,4073.51
2025.10.27 07:15,4073.42,4084.46,4072.95,4081.5
2025.10.27 07:30,4081.47,4083.7,4077.84,4079.61
2025.10.27 07:45,4079.62,4083.63,4076.19,4079.56
2025.10.27 08:00,4079.5,4084.67,4077.19,4079.66
2025.10.27 08:15,4079.56,4083.75,4078.11,4081.76
2025.10.27 08:30,4081.76,4083.29,4078.72,4080.04
2025.10.27 08:45,4079.98,4082.68,4073.86,4078.09
2025.10.27 09:00,4078.07,4079.72,4069.9,4071.43
2025.10.27 09:15,4071.4,4074.37,4065.77,4068.3
2025.10.27 09:30,4068.29,4071.31,4066.53,4070.42
2025.10.27 09:45,4070.32,4070.74,4063.93,4068.67
2025.10.27 10:00,4068.57,4068.57,4063.57,4066.53
2025.10.27 10:15,4066.49,4070.25,4056.01,4058.53
2025.10.27 10:30,4058.52,4062.33,4058.11,4058.87
2025.10.27 10:45,4058.8,4061.61,4024.76,4043.23
2025.10.27 11:00,4043.24,4050.09,4029.88,4036.43
2025.10.27 11:15,4036.25,4042.86,4033.68,4037.29
2025.10.27 11:30,4036.91,4049.33,4036.4,4042.68
2025.10.27 11:45,4042.7,4048.08,4038.66,4039.67
2025.10.27 12:00,4039.6,4047.61,4037.27,4043.37
2025.10.27 12:15,4043.35,4045.04,4034.72,4035.9
2025.10.27 12:30,4036.11,4045.64,4028.73,4041.25
2025.10.27 12:45,4041.49,4042.4,4035.33,4037.37
2025.10.27 13:00,4037.38,4041.34,4022.78,4030.4
2025.10.27 13:15,4030.39,4032.59,4027.81,4030.09
2025.10.27 13:30,4030.18,4030.85,4015.25,4020.42
2025.10.27 13:45,4020.33,4031.73,4019.44,4023.87
2025.10.27 14:00,4023.91,4037.76,4022.29,4032.49
2025.10.27 14:15,4032.49,4041.76,4032.09,4034.35
2025.10.27 14:30,4034.32,4037.84,4030.19,4034.76
2025.10.27 14:45,4034.84,4046.33,4034.53,4045.8
2025.10.27 15:00,4045.85,4050.26,4038.75,4039.56
2025.10.27 15:15,4039.45,4043.65,4031.4,4033.77
2025.10.27 15:30,4033.12,4038.77,4018.42,4025.47
2025.10.27 15:45,4025.5,4027.22,4013.17,4021.86
2025.10.27 16:00,4021.93,4023.3,4000.12,4004.68
2025.10.27 16:15,4004.55,4007.54,3985.94,3998.81
2025.10.27 16:30,3998.74,4000.1,3983.14,3994.65
2025.10.27 16:45,3994.61,3999.01,3984.19,3987.89
2025.10.27 17:00,3987.9,3988.23,3971.19,3978.68
2025.10.27 17:15,3978.71,3988.0,3975.59,3986.78
2025.10.27 17:30,3986.77,3993.56,3979.32,3981.57
2025.10.27 17:45,3981.54,3990.25,3981.1,3989.89
2025.10.27 18:00,3989.95,3994.74,3986.39,3993.53
2025.10.27 18:15,3993.56,3997.95,3987.01,3987.01
2025.10.27 18:30,3987.1,3995.16,3984.07,3993.25
2025.10.27 18:45,3993.32,4000.13,3991.59,3999.2
2025.10.27 19:00,3999.21,4004.11,3997.1,3998.39
2025.10.27 19:15,3998.37,4006.06,3990.73,4005.15
2025.10.27 19:30,4005.1,4006.93,3998.92,4002.48
2025.10.27 19:45,4002.49,4008.91,4002.43,4006.46
2025.10.27 20:00,4006.45,4010.03,4002.67,4009.54
2025.10.27 20:15,4009.51,4009.94,4005.57,4008.12
2025.10.27 20:30,4008.14,4009.41,4000.86,4003.43
2025.10.27 20:45,4003.41,4008.07,3997.73,3999.16
2025.10.27 21:00,3999.48,4005.54,3995.26,4001.15
2025.10.27 21:15,4001.17,4002.93,3988.66,3989.02
2025.10.27 21:30,3989.2,3992.25,3986.88,3987.71
2025.10.27 21:45,3987.72,3991.48,3985.59,3990.14
2025.10.27 22:00,3990.17,3993.8,3987.32,3992.62
2025.10.27 22:15,3992.56,4000.14,3992.56,3999.83
2025.10.27 22:30,3999.89,3999.96,3987.47,3987.76
2025.10.27 22:45,3987.8,3987.96,3979.13,3981.42
2025.10.28 00:00,3986.65,3996.2,3979.43,3985.16
2025.10.28 00:15,3985.22,3994.31,3984.1,3992.07
2025.10.28 00:30,3992.08,3994.24,3988.44,3992.26
2025.10.28 00:45,3992.3,3992.51,3988.45,3989.72
2025.10.28 01:00,3989.76,3991.55,3982.83,3982.91
2025.10.28 01:15,3982.95,3995.19,3982.85,3995.17
2025.10.28 01:30,3995.14,4004.39,3994.88,4000.5
2025.10.28 01:45,4000.46,4001.25,3994.04,3998.29
2025.10.28 02:00,3998.27,3998.67,3985.09,3986.27
2025.10.28 02:15,3986.2,3988.73,3972.91,3984.36
2025.10.28 02:30,3984.32,4001.03,3983.39,3999.44
2025.10.28 02:45,3999.46,4009.59,3996.65,4006.52
2025.10.28 03:00,4006.49,4019.27,4004.18,4017.86
2025.10.28 03:15,4017.95,4019.69,4009.29,4009.7
2025.10.28 03:30,4009.66,4012.39,4004.52,4010.34
2025.10.28 03:45,4010.35,4015.3,4009.89,4010.85
2025.10.28 04:00,4010.87,4013.73,4004.23,4004.99
2025.10.28 04:15,4004.97,4005.55,3997.06,4000.57
2025.10.28 04:30,4000.64,4001.72,3985.79,3994.33
2025.10.28 04:45,3994.22,3994.51,3980.33,3983.73
2025.10.28 05:00,3983.62,3989.5,3983.15,3989.29
2025.10.28 05:15,3989.26,3994.42,3986.55,3990.1
2025.10.28 05:30,3990.06,3990.85,3984.99,3986.93
2025.10.28 05:45,3986.95,3993.62,3986.91,3992.8
2025.10.28 06:00,3992.82,3994.16,3985.55,3987.49
2025.10.28 06:15,3987.48,3988.26,3963.35,3971.35
2025.10.28 06:30,3971.41,3980.41,3966.9,3976.88
2025.10.28 06:45,3977.07,3978.34,3971.11,3973.59
2025.10.28 07:00,3974.17,3979.1,3970.62,3976.73
2025.10.28 07:15,3976.4,3979.95,3968.55,3975.2
2025.10.28 07:30,3975.25,3975.8,3959.04,3960.28
2025.10.28 07:45,3960.3,3967.96,3959.81,3966.28
2025.10.28 08:00,3966.26,3968.25,3953.01,3955.41
2025.10.28 08:15,3955.39,3959.28,3951.42,3952.75
2025.10.28 08:30,3952.36,3957.17,3943.26,3943.3
2025.10.28 08:45,3943.31,3946.57,3938.26,3942.32
2025.10.28 09:00,3942.34,3948.41,3935.99,3946.32
2025.10.28 09:15,3946.18,3947.41,3930.61,3930.95
2025.10.28 09:30,3930.95,3933.91,3921.55,3930.69
2025.10.28 09:45,3930.82,3936.22,3928.1,3932.45
2025.10.28 10:00,3932.53,3935.74,3921.58,3921.61
2025.10.28 10:15,3921.6,3924.29,3910.85,3914.63
2025.10.28 10:30,3914.48,3916.6,3900.85,3905.32
2025.10.28 10:45,3905.36,3909.81,3896.31,3897.17
2025.10.28 11:00,3897.06,3903.9,3886.29,3897.33
2025.10.28 11:15,3897.34,3907.72,3895.25,3904.68
2025.10.28 11:30,3904.65,3910.94,3898.95,3909.79
2025.10.28 11:45,3909.76,3910.48,3897.5,3904.58
2025.10.28 12:00,3904.55,3909.02,3901.1,3901.87
2025.10.28 12:15,3901.85,3909.05,3899.88,3905.09
2025.10.28 12:30,3905.04,3922.91,3904.46,3915.44
2025.10.28 12:45,3915.43,3930.79,3914.94,3926.4
2025.10.28 13:00,3926.41,3926.95,3911.81,3915.95
2025.10.28 13:15,3915.92,3920.45,3910.76,3918.0
2025.10.28 13:30,3917.96,3928.81,3917.62,3928.08
2025.10.28 13:45,3928.06,3930.05,3921.75,3923.16
2025.10.28 14:00,3923.15,3928.78,3921.65,3926.08
2025.10.28 14:15,3926.07,3929.64,3921.68,3921.68
2025.10.28 14:30,3921.53,3925.97,3915.31,3916.07
2025.10.28 14:45,3915.99,3916.36,3905.42,3912.76
2025.10.28 15:00,3912.75,3928.92,3912.23,3922.88
2025.10.28 15:15,3923.0,3933.75,3922.65,3932.39
2025.10.28 15:30,3932.72,3933.45,3914.76,3922.57
2025.10.28 15:45,3922.52,3940.23,3919.64,3938.63
2025.10.28 16:00,3938.62,3944.51,3934.71,3938.83
2025.10.28 16:15,3938.9,3949.97,3938.27,3949.63
2025.10.28 16:30,3949.66,3950.08,3939.57,3945.86
2025.10.28 16:45,3945.88,3953.8,3942.4,3949.59
2025.10.28 17:00,3949.27,3959.98,3947.02,3959.16
2025.10.28 17:15,3959.25,3960.39,3956.42,3958.38
2025.10.28 17:30,3958.32,3964.58,3957.35,3963.38
2025.10.28 17:45,3963.37,3969.47,3963.18,3964.66
2025.10.28 18:00,3964.67,3965.4,3954.62,3963.26
2025.10.28 18:15,3963.27,3964.77,3960.7,3963.04
2025.10.28 18:30,3963.05,3964.55,3950.92,3955.41
2025.10.28 18:45,3955.38,3959.62,3952.7,3958.43
2025.10.28 19:00,3958.19,3969.71,3956.57,3969.46
2025.10.28 19:15,3969.58,3970.17,3964.13,3967.14
2025.10.28 19:30,3967.18,3969.05,3961.51,3963.87
2025.10.28 19:45,3963.93,3965.14,3955.1,3962.21
2025.10.28 20:00,3962.16,3963.93,3955.02,3959.37
2025.10.28 20:15,3959.39,3960.43,3952.68,3954.54
2025.10.28 20:30,3954.56,3955.19,3945.07,3951.84
2025.10.28 20:45,3951.82,3957.28,3949.38,3956.3
2025.10.28 21:00,3956.32,3958.48,3950.87,3953.44
2025.10.28 21:15,3953.36,3958.55,3951.87,3955.51
2025.10.28 21:30,3955.55,3957.45,3950.69,3956.26
2025.10.28 21:45,3956.32,3962.56,3954.95,3960.08
2025.10.28 22:00,3960.16,3960.82,3951.47,3954.17
2025.10.28 22:15,3954.15,3957.45,3949.48,3951.1
2025.10.28 22:30,3951.16,3956.22,3951.16,3955.01
2025.10.28 22:45,3955.03,3955.15,3949.99,3952.63
2025.10.29 00:00,3953.22,3960.56,3916.45,3936.65
2025.10.29 00:15,3936.64,3950.09,3927.75,3946.2
2025.10.29 00:30,3946.23,3947.57,3939.44,3943.28
2025.10.29 00:45,3943.17,3943.17,3933.65,3933.9
2025.10.29 01:00,3933.88,3949.0,3933.88,3947.29
2025.10.29 01:15,3947.27,3954.03,3946.86,3950.83
2025.10.29 01:30,3950.88,3959.68,3947.23,3959.68
2025.10.29 01:45,3959.58,3967.63,3954.81,3964.7
2025.10.29 02:00,3964.69,3968.8,3958.93,3961.68
2025.10.29 02:15,3961.8,3971.79,3959.47,3970.76
2025.10.29 02:30,3970.75,3982.12,3966.86,3981.47
2025.10.29 02:45,3981.36,3982.0,3972.15,3975.06
2025.10.29 03:00,3975.09,3979.7,3968.55,3977.04
2025.10.29 03:15,3977.09,3979.07,3972.31,3973.21
2025.10.29 03:30,3973.19,3974.6,3966.0,3967.47
2025.10.29 03:45,3967.48,3977.03,3967.07,3973.57
2025.10.29 04:00,3973.46,3974.17,3965.19,3966.53
2025.10.29 04:15,3966.55,3969.9,3962.12,3963.31
2025.10.29 04:30,3963.29,3964.65,3943.87,3954.16
2025.10.29 04:45,3954.2,3961.4,3951.31,3961.12
2025.10.29 05:00,3961.14,3963.95,3958.66,3959.05
2025.10.29 05:15,3958.97,3970.07,3958.42,3964.45
2025.10.29 05:30,3964.28,3972.03,3962.9,3969.42
2025.10.29 05:45,3969.46,3970.56,3962.37,3963.21
2025.10.29 06:00,3963.3,3964.71,3955.42,3955.75
2025.10.29 06:15,3955.72,3961.66,3950.82,3953.18
2025.10.29 06:30,3953.21,3959.93,3952.17,3958.77
2025.10.29 06:45,3958.89,3959.11,3951.52,3951.86
2025.10.29 07:00,3952.15,3963.23,3950.96,3955.71
2025.10.29 07:15,3955.87,3960.6,3953.37,3957.69
2025.10.29 07:30,3957.68,3966.09,3953.91,3964.82
2025.10.29 07:45,3964.83,3965.49,3957.64,3962.54
2025.10.29 08:00,3962.53,3970.53,3959.83,3968.43
2025.10.29 08:15,3968.42,3974.01,3965.98,3970.54
2025.10.29 08:30,3970.66,3981.65,3970.01,3980.91
2025.10.29 08:45,3980.83,3984.67,3974.63,3978.26
2025.10.29 09:00,3977.75,3997.02,3974.91,3995.07
2025.10.29 09:15,3995.05,3998.56,3993.26,3996.58
2025.10.29 09:30,3996.57,3997.28,3989.64,3994.86
2025.10.29 09:45,3994.83,4001.32,3991.18,4001.28
2025.10.29 10:00,4001.62,4009.87,4000.25,4007.1
2025.10.29 10:15,4006.98,4011.05,4003.41,4010.12
2025.10.29 10:30,4010.18,4013.82,4007.01,4010.83
2025.10.29 10:45,4010.81,4018.48,4010.03,4016.89
2025.10.29 11:00,4016.82,4021.41,4015.06,4016.17
2025.10.29 11:15,4016.19,4019.9,4013.31,4016.97
2025.10.29 11:30,4016.96,4020.54,4015.64,4019.28
2025.10.29 11:45,4019.39,4029.54,4019.28,4023.75
2025.10.29 12:00,4023.78,4025.79,4017.02,4022.06
2025.10.29 12:15,4022.04,4029.42,4021.29,4024.35
2025.10.29 12:30,4024.22,4029.19,4021.06,4026.02
2025.10.29 12:45,4026.03,4029.59,4022.59,4023.29
2025.10.29 13:00,4023.26,4028.46,4022.0,4022.0
2025.10.29 13:15,4021.94,4025.45,4017.98,4018.22
2025.10.29 13:30,4018.38,4020.85,4014.46,4018.07
2025.10.29 13:45,4018.05,4019.36,4013.39,4016.46
2025.10.29 14:00,4016.55,4028.96,4013.42,4028.18
2025.10.29 14:15,4028.14,4029.99,4022.81,4026.07
2025.10.29 14:30,4025.98,4028.61,4021.73,4025.89
2025.10.29 14:45,4025.86,4027.96,4023.09,4025.43
2025.10.29 15:00,4025.48,4025.58,4009.99,4012.42
2025.10.29 15:15,4012.46,4019.5,4012.44,4018.39
2025.10.29 15:30,4018.67,4019.07,4002.3,4006.7
2025.10.29 15:45,4006.63,4013.78,4002.49,4012.33
2025.10.29 16:00,4012.36,4022.07,4011.45,4016.99
2025.10.29 16:15,4016.95,4019.73,4014.18,4016.62
2025.10.29 16:30,4016.6,4020.7,4009.02,4010.02
2025.10.29 16:45,4009.97,4014.79,4007.15,4008.03
2025.10.29 17:00,4008.19,4011.68,4004.32,4009.39
2025.10.29 17:15,4009.29,4009.85,4001.87,4006.4
2025.10.29 17:30,4006.37,4008.61,4002.74,4003.94
2025.10.29 17:45,4003.93,4003.93,3989.32,3992.81
2025.10.29 18:00,3992.82,3999.5,3991.26,3997.24
2025.10.29 18:15,3997.21,4001.07,3995.87,3998.3
2025.10.29 18:30,3998.34,3998.4,3992.87,3994.97
2025.10.29 18:45,3994.94,3999.74,3992.09,3992.75
2025.10.29 19:00,3992.47,3997.67,3989.33,3997.64
2025.10.29 19:15,3997.5,3997.65,3985.59,3986.88
2025.10.29 19:30,3986.57,3995.11,3986.06,3991.81
2025.10.29 19:45,3991.77,3995.72,3991.35,3994.56
2025.10.29 20:00,3994.53,4007.32,3978.49,3983.16
2025.10.29 20:15,3983.18,3989.34,3976.73,3980.88
2025.10.29 20:30,3980.9,3989.39,3942.48,3954.2
2025.10.29 20:45,3954.41,3972.47,3947.78,3969.18
2025.10.29 21:00,3969.19,3979.64,3953.56,3970.45
2025.10.29 21:15,3970.48,3974.53,3951.17,3953.15
2025.10.29 21:30,3953.22,3954.22,3927.65,3928.95
2025.10.29 21:45,3929.24,3949.55,3929.21,3945.68
2025.10.29 22:00,3945.68,3949.34,3932.37,3940.98
2025.10.29 22:15,3940.94,3954.08,3937.0,3948.63
2025.10.29 22:30,3948.74,3950.27,3935.09,3936.24
2025.10.29 22:45,3936.13,3941.11,3927.73,3930.26
2025.10.30 00:00,3931.13,3939.75,3915.96,3937.59
2025.10.30 00:15,3937.74,3944.74,3924.7,3937.07
2025.10.30 00:30,3937.19,3942.12,3931.2,3941.2
2025.10.30 00:45,3941.22,3948.29,3940.36,3941.12
2025.10.30 01:00,3941.13,3948.4,3939.43,3946.1
2025.10.30 01:15,3946.11,3951.27,3943.79,3950.38
2025.10.30 01:30,3950.36,3950.56,3944.04,3944.88
2025.10.30 01:45,3944.87,3953.96,3940.96,3952.7
2025.10.30 02:00,3952.54,3962.54,3951.84,3956.54
2025.10.30 02:15,3956.53,3964.16,3954.88,3959.74
2025.10.30 02:30,3959.82,3959.87,3941.33,3941.75
2025.10.30 02:45,3941.81,3953.25,3937.79,3950.12
2025.10.30 03:00,3950.08,3966.47,3945.36,3950.39
2025.10.30 03:15,3950.37,3957.27,3945.24,3950.33
2025.10.30 03:30,3950.28,3959.76,3947.68,3957.67
2025.10.30 03:45,3957.74,3958.43,3945.69,3947.86
2025.10.30 04:00,3947.88,3948.13,3926.15,3936.48
2025.10.30 04:15,3936.49,3938.5,3932.29,3933.8
2025.10.30 04:30,3933.89,3941.82,3930.67,3936.86
2025.10.30 04:45,3936.85,3938.43,3921.63,3921.84
2025.10.30 05:00,3921.8,3929.31,3915.33,3928.65
2025.10.30 05:15,3928.69,3934.7,3925.82,3932.76
2025.10.30 05:30,3932.84,3937.45,3931.54,3932.54
2025.10.30 05:45,3932.53,3938.01,3929.8,3937.93
2025.10.30 06:00,3937.97,3943.46,3934.56,3943.16
2025.10.30 06:15,3943.18,3959.24,3941.37,3959.24
2025.10.30 06:30,3959.22,3982.37,3958.43,3978.73
2025.10.30 06:45,3978.72,3981.66,3971.25,3972.38
2025.10.30 07:00,3972.38,3977.94,3961.37,3962.78
2025.10.30 07:15,3962.81,3964.81,3948.57,3950.28
2025.10.30 07:30,3950.29,3963.35,3946.95,3962.37
2025.10.30 07:45,3962.35,3973.58,3960.6,3963.73
2025.10.30 08:00,3963.77,3970.85,3956.21,3962.26
2025.10.30 08:15,3962.22,3970.43,3958.37,3964.74
2025.10.30 08:30,3965.0,3968.25,3956.54,3965.53
2025.10.30 08:45,3965.55,3977.17,3961.67,3976.79
2025.10.30 09:00,3976.59,3977.22,3969.27,3970.23
2025.10.30 09:15,3970.25,3972.42,3960.28,3968.49
2025.10.30 09:30,3968.51,3969.53,3958.42,3961.94
2025.10.30 09:45,3961.93,3961.94,3955.8,3961.04
2025.10.30 10:00,3961.11,3969.13,3960.07,3965.55
2025.10.30 10:15,3965.8,3974.47,3964.31,3972.94
2025.10.30 10:30,3972.92,3974.9,3968.33,3973.79
2025.10.30 10:45,3973.79,3976.73,3971.38,3976.34
2025.10.30 11:00,3976.33,4006.77,3975.91,4005.0
2025.10.30 11:15,4005.03,4011.6,3999.62,4004.2
2025.10.30 11:30,4004.14,4007.19,3999.9,4005.5
2025.10.30 11:45,4005.51,4006.18,3992.39,3998.38
2025.10.30 12:00,3998.42,4000.7,3996.02,3998.15
2025.10.30 12:15,3998.16,3998.98,3982.2,3986.91
2025.10.30 12:30,3986.64,3987.98,3973.42,3982.2
2025.10.30 12:45,3982.19,3986.79,3979.44,3984.07
2025.10.30 13:00,3984.07,3984.86,3976.63,3977.05
2025.10.30 13:15,3977.11,3977.47,3963.76,3965.95
2025.10.30 13:30,3965.92,3976.32,3965.03,3973.28
2025.10.30 13:45,3973.26,3976.49,3970.94,3974.3
2025.10.30 14:00,3974.6,3982.65,3973.44,3982.11
2025.10.30 14:15,3982.15,3985.43,3970.72,3970.8
2025.10.30 14:30,3970.76,3979.99,3966.46,3976.68
2025.10.30 14:45,3976.62,3978.72,3960.87,3961.16
2025.10.30 15:00,3961.15,3977.45,3960.45,3975.24
2025.10.30 15:15,3975.61,3975.99,3969.22,3969.47
2025.10.30 15:30,3969.65,3978.55,3963.13,3975.02
2025.10.30 15:45,3975.11,3995.13,3973.91,3995.11
2025.10.30 16:00,3995.12,4014.73,3991.67,4010.91
2025.10.30 16:15,4010.94,4013.11,3995.59,3997.94
2025.10.30 16:30,3997.98,4000.86,3986.65,3993.14
2025.10.30 16:45,3993.11,4002.08,3989.25,3996.25
2025.10.30 17:00,3996.01,4003.44,3988.11,4000.1
2025.10.30 17:15,4000.17,4002.73,3994.33,3998.75
2025.10.30 17:30,3998.73,4005.13,3997.7,4004.53
2025.10.30 17:45,4004.55,4008.43,4000.63,4001.56
2025.10.30 18:00,4001.62,4003.9,3994.07,3995.04
2025.10.30 18:15,3995.01,3998.51,3991.01,3995.25
2025.10.30 18:30,3995.27,4002.64,3994.68,4002.56
2025.10.30 18:45,4002.55,4002.9,3996.99,4001.19
2025.10.30 19:00,4001.18,4003.83,3995.24,3995.3
2025.10.30 19:15,3995.28,4003.33,3994.25,4002.26
2025.10.30 19:30,4002.24,4010.6,4001.84,4010.11
2025.10.30 19:45,4010.14,4017.79,4003.2,4004.31
2025.10.30 20:00,4004.33,4007.46,3999.95,4005.35
2025.10.30 20:15,4005.42,4012.94,4003.23,4012.89
2025.10.30 20:30,4012.9,4017.34,4007.25,4010.87
2025.10.30 20:45,4010.88,4017.47,4009.79,4015.96
2025.10.30 21:00,4015.97,4025.56,4015.25,4024.76
2025.10.30 21:15,4024.74,4025.65,4018.57,4019.91
2025.10.30 21:30,4019.87,4025.55,4019.87,4024.48
2025.10.30 21:45,4024.45,4025.51,4019.95,4023.29
2025.10.30 22:00,4023.19,4026.93,4021.61,4023.26
2025.10.30 22:15,4023.26,4023.69,4017.7,4018.9
2025.10.30 22:30,4019.15,4020.07,4016.18,4019.96
2025.10.30 22:45,4019.99,4026.95,4019.72,4024.2
2025.10.31 00:00,4023.31,4025.01,4016.15,4021.97
2025.10.31 00:15,4022.06,4022.09,4016.6,4020.63
2025.10.31 00:30,4020.68,4027.08,4020.68,4024.04
2025.10.31 00:45,4024.12,4046.23,4022.96,4037.73
2025.10.31 01:00,4037.76,4038.56,4018.82,4027.27
2025.10.31 01:15,4027.31,4031.87,4023.12,4027.93
2025.10.31 01:30,4028.04,4034.95,4026.28,4031.85
2025.10.31 01:45,4031.99,4042.96,4031.95,4036.48
2025.10.31 02:00,4036.41,4036.83,4028.81,4031.81
2025.10.31 02:15,4031.85,4033.9,4025.98,4027.3
2025.10.31 02:30,4027.44,4030.82,4026.26,4027.76
2025.10.31 02:45,4027.83,4031.28,4023.72,4024.99
2025.10.31 03:00,4024.75,4039.2,4019.43,4032.6
2025.10.31 03:15,4032.61,4035.74,4028.02,4030.75
2025.10.31 03:30,4030.78,4030.94,4023.33,4023.86
2025.10.31 03:45,4023.87,4025.42,4012.52,4018.78
2025.10.31 04:00,4018.35,4019.13,4009.04,4009.77
2025.10.31 04:15,4009.76,4017.83,4008.55,4013.3
2025.10.31 04:30,4013.31,4014.87,4001.34,4002.91
2025.10.31 04:45,4002.9,4017.18,4002.88,4010.86
2025.10.31 05:00,4011.13,4013.74,3990.89,3994.1
2025.10.31 05:15,3994.11,4001.5,3992.66,4000.05
2025.10.31 05:30,4000.18,4003.55,3997.48,3997.67
2025.10.31 05:45,3997.69,3998.53,3993.71,3996.05
2025.10.31 06:00,3996.11,3997.08,3988.87,3991.41
2025.10.31 06:15,3991.39,4000.82,3990.95,4000.75
2025.10.31 06:30,4000.76,4006.02,3998.46,4000.21
2025.10.31 06:45,4000.27,4010.39,3999.84,4005.7
2025.10.31 07:00,4005.51,4006.17,3996.14,3997.11
2025.10.31 07:15,3997.12,4003.21,3993.93,4001.95
2025.10.31 07:30,4001.86,4006.53,3998.05,4006.53
2025.10.31 07:45,4006.62,4011.14,4003.37,4004.88
2025.10.31 08:00,4004.91,4013.29,4002.03,4009.45
2025.10.31 08:15,4009.52,4014.99,4006.27,4009.07
2025.10.31 08:30,4008.94,4011.94,4007.24,4010.22
2025.10.31 08:45,4010.22,4014.48,4005.25,4012.97
2025.10.31 09:00,4012.99,4016.61,4007.44,4015.7
2025.10.31 09:15,4015.72,4023.42,4014.7,4023.12
2025.10.31 09:30,4023.09,4025.44,4011.75,4012.36
2025.10.31 09:45,4012.31,4023.8,4012.13,4020.86
2025.10.31 10:00,4020.89,4026.49,4018.83,4022.89
2025.10.31 10:15,4022.87,4024.09,4018.29,4021.31
2025.10.31 10:30,4021.3,4025.82,4018.64,4019.73
2025.10.31 10:45,4019.72,4020.89,4006.63,4010.4
2025.10.31 11:00,4010.39,4014.15,4006.33,4006.43
2025.10.31 11:15,4006.09,4008.12,3998.68,4002.25
2025.10.31 11:30,4002.47,4006.81,3999.95,4004.17
2025.10.31 11:45,4004.16,4009.49,4000.23,4008.22
2025.10.31 12:00,4008.32,4016.71,4008.15,4015.94
2025.10.31 12:15,4015.98,4016.45,4010.28,4012.95
2025.10.31 12:30,4012.96,4013.95,4008.22,4010.17
2025.10.31 12:45,4010.18,4010.45,4003.54,4007.38
2025.10.31 13:00,4007.28,4009.36,4003.84,4005.77
2025.10.31 13:15,4005.79,4007.93,4001.59,4005.31
2025.10.31 13:30,4005.34,4008.52,4001.86,4008.52
2025.10.31 13:45,4008.56,4011.02,4006.15,4010.32
2025.10.31 14:00,4010.32,4013.11,4008.96,4012.33
2025.10.31 14:15,4012.36,4024.92,4011.59,4019.24
2025.10.31 14:30,4019.24,4032.89,4016.37,4029.22
2025.10.31 14:45,4029.24,4036.13,4020.65,4022.76
2025.10.31 15:00,4022.68,4035.5,4020.17,4031.15
2025.10.31 15:15,4031.13,4031.94,4025.53,4026.59
2025.10.31 15:30,4027.24,4028.64,4012.92,4015.85
2025.10.31 15:45,4015.84,4022.63,4010.14,4016.34
2025.10.31 16:00,4016.5,4027.11,4016.35,4019.82
2025.10.31 16:15,4019.8,4025.69,4014.63,4015.22
2025.10.31 16:30,4015.2,4021.48,4012.71,4016.8
2025.10.31 16:45,4016.92,4022.42,4010.88,4020.58
2025.10.31 17:00,4020.51,4020.79,4009.59,4017.05
2025.10.31 17:15,4017.0,4019.36,4014.68,4017.88
2025.10.31 17:30,4017.91,4022.84,4015.99,4020.79
2025.10.31 17:45,4020.78,4022.16,4011.41,4012.6
2025.10.31 18:00,4012.41,4015.08,3978.44,3978.75
2025.10.31 18:15,3979.36,3989.96,3972.35,3985.83
2025.10.31 18:30,3985.84,3990.26,3981.67,3984.37
2025.10.31 18:45,3984.4,3986.75,3978.77,3980.61
2025.10.31 19:00,3980.7,3990.33,3980.58,3982.86
2025.10.31 19:15,3982.69,3987.78,3981.15,3984.54
2025.10.31 19:30,3984.42,3999.32,3980.34,3998.38
2025.10.31 19:45,3998.39,4003.54,3996.38,3997.4
2025.10.31 20:00,3997.41,4007.31,3995.26,4006.64
2025.10.31 20:15,4006.71,4009.81,4005.21,4008.44
2025.10.31 20:30,4008.37,4008.9,4002.57,4003.76
2025.10.31 20:45,4003.73,4006.02,3999.33,3999.77
2025.10.31 21:00,3999.76,4005.29,3998.79,4000.11
2025.10.31 21:15,4000.07,4002.03,3990.98,4001.38
2025.10.31 21:30,4001.49,4001.49,3994.64,3999.06
2025.10.31 21:45,3999.04,4002.07,3995.87,4001.16
2025.10.31 22:00,4001.13,4001.3,3996.04,3998.38
2025.10.31 22:15,3998.54,4002.28,3997.06,4001.81
2025.10.31 22:30,4001.77,4006.48,4001.52,4003.62
2025.10.31 22:45,4003.64,4004.43,4001.43,4001.5
2025.11.03 01:00,3983.44,3998.35,3981.5,3995.94
2025.11.03 01:15,3995.93,3998.98,3988.19,3994.38
2025.11.03 01:30,3993.69,3995.61,3978.02,3978.99
2025.11.03 01:45,3979.01,3985.15,3977.76,3979.9
2025.11.03 02:00,3979.5,3987.78,3966.28,3968.07
2025.11.03 02:15,3968.1,3973.13,3962.51,3970.66
2025.11.03 02:30,3970.64,3977.64,3963.23,3972.53
2025.11.03 02:45,3972.49,3976.67,3967.6,3970.55
2025.11.03 03:00,3970.5,3988.87,3965.25,3986.37
2025.11.03 03:15,3986.44,3999.5,3986.36,3998.78
2025.11.03 03:30,3998.79,4001.73,3990.13,3991.96
2025.11.03 03:45,3991.97,4000.06,3990.09,3995.83
2025.11.03 04:00,3995.81,3998.58,3990.16,3994.86
2025.11.03 04:15,3994.68,4006.45,3994.68,3995.57
2025.11.03 04:30,3995.51,4006.07,3994.99,4001.41
2025.11.03 04:45,4001.82,4006.36,3997.7,4004.04
2025.11.03 05:00,4003.99,4011.39,4002.07,4007.64
2025.11.03 05:15,4007.65,4010.28,4005.39,4005.95
2025.11.03 05:30,4005.96,4013.08,4005.33,4010.63
2025.11.03 05:45,4010.66,4015.14,4010.66,4011.12
2025.11.03 06:00,4011.1,4014.19,4006.69,4009.47
2025.11.03 06:15,4009.42,4009.67,4001.6,4005.34
2025.11.03 06:30,4005.36,4007.59,4002.45,4006.74
2025.11.03 06:45,4006.71,4007.31,4002.55,4003.53
2025.11.03 07:00,4003.52,4009.91,3997.43,4006.81
2025.11.03 07:15,4006.82,4012.6,4004.74,4011.76
2025.11.03 07:30,4011.83,4018.19,4011.73,4014.64
2025.11.03 07:45,4014.77,4016.66,4011.02,4013.79
2025.11.03 08:00,4013.77,4016.62,4009.88,4014.42
2025.11.03 08:15,4014.31,4018.37,4013.17,4016.27
2025.11.03 08:30,4016.3,4017.78,4012.98,4015.4
2025.11.03 08:45,4015.38,4018.5,4013.73,4017.4
2025.11.03 09:00,4017.41,4023.46,4014.91,4015.05
2025.11.03 09:15,4015.1,4020.42,4013.38,4018.91
2025.11.03 09:30,4018.74,4023.05,4015.81,4022.08
2025.11.03 09:45,4022.06,4025.74,4020.35,4024.91
2025.11.03 10:00,4025.14,4027.97,4020.51,4021.45
2025.11.03 10:15,4021.43,4023.44,4010.99,4014.3
2025.11.03 10:30,4014.34,4017.4,4011.9,4016.51
2025.11.03 10:45,4016.45,4020.54,4012.83,4019.57
2025.11.03 11:00,4019.55,4025.87,4016.55,4021.39
2025.11.03 11:15,4021.41,4021.88,4004.89,4006.98
2025.11.03 11:30,4006.97,4007.84,3996.27,3997.13
2025.11.03 11:45,3997.1,4005.02,3993.02,4000.36
2025.11.03 12:00,4000.52,4004.76,3994.29,3997.35
2025.11.03 12:15,3997.32,4000.56,3995.76,3997.7
2025.11.03 12:30,3997.47,4001.07,3994.32,3997.86
2025.11.03 12:45,3997.84,3999.12,3994.53,3998.6
2025.11.03 13:00,3998.59,4002.22,3994.31,4000.39
2025.11.03 13:15,4000.37,4006.89,3998.77,4006.52
2025.11.03 13:30,4006.56,4007.01,4002.86,4005.15
2025.11.03 13:45,4005.17,4008.55,4004.33,4007.46
2025.11.03 14:00,4007.5,4008.58,4004.66,4007.03
2025.11.03 14:15,4007.05,4007.58,4001.74,4005.18
2025.11.03 14:30,4005.21,4010.78,4003.67,4008.12
2025.11.03 14:45,4008.11,4013.41,4007.96,4013.31
2025.11.03 15:00,4013.31,4018.19,4011.94,4015.53
2025.11.03 15:15,4015.54,4019.55,4013.87,4014.33
2025.11.03 15:30,4014.34,4020.22,4010.69,4017.2
2025.11.03 15:45,4017.17,4018.07,4014.61,4015.97
2025.11.03 16:00,4015.98,4020.94,4012.56,4016.03
2025.11.03 16:15,4015.93,4020.31,4009.19,4009.96
2025.11.03 16:30,4010.1,4013.4,4001.64,4012.32
2025.11.03 16:45,4012.24,4025.86,4012.12,4022.54
2025.11.03 17:00,4023.73,4030.36,4023.14,4026.34
2025.11.03 17:15,4026.35,4028.66,4008.52,4011.45
2025.11.03 17:30,4011.2,4022.25,4005.36,4021.22
2025.11.03 17:45,4021.21,4023.53,4003.29,4008.48
2025.11.03 18:00,4008.46,4013.31,4001.8,4004.73
2025.11.03 18:15,4004.72,4005.13,3995.21,3997.98
2025.11.03 18:30,3997.96,4004.33,3995.89,4003.55
2025.11.03 18:45,4003.49,4009.56,4001.8,4008.23
2025.11.03 19:00,4008.24,4009.72,4003.38,4008.2
2025.11.03 19:15,4008.22,4011.9,4006.46,4006.82
2025.11.03 19:30,4006.78,4007.3,4004.21,4005.66
2025.11.03 19:45,4005.57,4007.48,4005.01,4006.01
2025.11.03 20:00,4006.0,4006.73,4001.51,4002.82
2025.11.03 20:15,4002.78,4003.72,3999.37,4001.24
2025.11.03 20:30,4001.38,4009.44,4000.99,4008.29
2025.11.03 20:45,4008.36,4008.44,4003.42,4006.25
2025.11.03 21:00,4006.22,4008.02,3995.17,4003.3
2025.11.03 21:15,4003.31,4005.8,4001.56,4003.99
2025.11.03 21:30,4003.86,4005.0,4000.45,4000.48
2025.11.03 21:45,4000.47,4007.47,3999.52,4004.47
2025.11.03 22:00,4004.53,4012.16,4004.44,4010.12
2025.11.03 22:15,4010.11,4014.82,4009.43,4011.36
2025.11.03 22:30,4011.29,4011.92,4006.97,4009.03
2025.11.03 22:45,4009.07,4011.89,4007.76,4010.09
2025.11.03 23:00,4010.04,4010.04,4004.34,4004.69
2025.11.03 23:15,4004.93,4005.64,4000.95,4001.8
2025.11.03 23:30,4001.79,4002.69,4000.05,4001.11
2025.11.03 23:45,4001.12,4002.25,3999.87,4001.21
2025.11.04 01:00,4003.29,4005.64,3982.18,3988.15
2025.11.04 01:15,3988.16,3997.2,3987.83,3995.82
2025.11.04 01:30,3995.79,3999.56,3994.51,3997.74
2025.11.04 01:45,3997.75,3999.32,3992.57,3997.04
2025.11.04 02:00,3997.45,3998.69,3990.16,3994.59
2025.11.04 02:15,3994.56,3999.15,3992.31,3993.05
2025.11.04 02:30,3993.0,3993.77,3978.39,3979.85
2025.11.04 02:45,3979.87,3989.15,3979.69,3986.27
2025.11.04 03:00,3986.3,3992.63,3984.55,3989.88
2025.11.04 03:15,3989.9,3994.41,3980.75,3985.35
2025.11.04 03:30,3985.32,3987.93,3979.53,3987.27
2025.11.04 03:45,3987.29,3990.31,3984.87,3987.31
2025.11.04 04:00,3987.3,3987.3,3975.72,3977.06
2025.11.04 04:15,3977.04,3983.99,3977.03,3983.92
2025.11.04 04:30,3983.93,3985.15,3977.06,3983.2
2025.11.04 04:45,3982.82,3986.63,3975.8,3986.52
2025.11.04 05:00,3986.56,3990.43,3981.54,3988.13
2025.11.04 05:15,3988.09,3993.72,3984.68,3992.58
2025.11.04 05:30,3992.62,3999.21,3990.94,3992.2
2025.11.04 05:45,3992.18,3995.36,3990.97,3994.4
2025.11.04 06:00,3994.38,3995.03,3988.05,3988.67
2025.11.04 06:15,3988.65,3993.05,3987.87,3991.81
2025.11.04 06:30,3991.75,3993.35,3987.93,3988.23
2025.11.04 06:45,3988.21,3991.37,3983.99,3985.42
2025.11.04 07:00,3985.05,3986.68,3981.37,3983.86
2025.11.04 07:15,3983.84,3987.06,3982.78,3982.92
2025.11.04 07:30,3982.92,3985.51,3975.56,3976.23
2025.11.04 07:45,3975.89,3981.51,3972.56,3973.14
2025.11.04 08:00,3973.16,3975.45,3966.45,3974.49
2025.11.04 08:15,3974.51,3976.11,3968.34,3975.54
2025.11.04 08:30,3975.52,3980.93,3973.71,3979.47
2025.11.04 08:45,3979.96,3987.99,3977.43,3984.9
2025.11.04 09:00,3984.93,3990.01,3982.12,3986.82
2025.11.04 09:15,3986.85,3996.28,3985.74,3993.84
2025.11.04 09:30,3993.89,3995.86,3990.2,3991.39
2025.11.04 09:45,3991.23,3996.1,3991.08,3993.68
2025.11.04 10:00,3993.75,3999.25,3991.3,3991.56
2025.11.04 10:15,3991.5,4000.5,3990.57,3999.7
2025.11.04 10:30,3999.69,4000.44,3994.82,3998.96
2025.11.04 10:45,3999.25,4000.16,3995.6,3995.93
2025.11.04 11:00,3995.95,3997.59,3991.08,3991.49
2025.11.04 11:15,3991.45,3994.69,3991.09,3991.78
2025.11.04 11:30,3991.76,3999.3,3991.52,3997.06
2025.11.04 11:45,3997.09,3997.79,3990.3,3991.07
2025.11.04 12:00,3991.02,3994.62,3985.86,3994.38
2025.11.04 12:15,3994.33,3996.76,3991.28,3991.91
2025.11.04 12:30,3991.93,3997.44,3990.6,3995.38
2025.11.04 12:45,3995.44,3996.08,3990.99,3993.92
2025.11.04 13:00,3994.08,3995.72,3991.56,3993.83
2025.11.04 13:15,3993.86,3995.62,3992.65,3994.05
2025.11.04 13:30,3994.06,3995.6,3992.14,3992.26
2025.11.04 13:45,3992.17,3999.9,3991.67,3994.79
2025.11.04 14:00,3994.82,3996.63,3993.34,3996.56
2025.11.04 14:15,3996.54,3997.37,3989.6,3990.04
2025.11.04 14:30,3990.21,3990.62,3983.94,3990.43
2025.11.04 14:45,3990.48,3992.39,3983.41,3984.59
2025.11.04 15:00,3984.59,3995.4,3983.6,3992.99
2025.11.04 15:15,3993.08,3995.88,3982.87,3983.82
2025.11.04 15:30,3983.56,3988.07,3975.45,3980.18
2025.11.04 15:45,3980.16,3982.25,3971.68,3975.64
2025.11.04 16:00,3975.62,3976.51,3964.34,3975.7
2025.11.04 16:15,3975.74,3977.61,3951.05,3951.25
2025.11.04 16:30,3951.7,3956.44,3928.64,3931.06
2025.11.04 16:45,3931.15,3959.58,3930.82,3956.78
2025.11.04 17:00,3956.76,3958.59,3944.3,3947.14
2025.11.04 17:15,3947.18,3952.94,3941.1,3948.89
2025.11.04 17:30,3948.87,3968.04,3948.23,3965.17
2025.11.04 17:45,3965.17,3965.9,3956.34,3956.69
2025.11.04 18:00,3956.72,3965.61,3956.6,3963.45
2025.11.04 18:15,3963.47,3975.49,3963.47,3972.24
2025.11.04 18:30,3972.26,3973.9,3965.49,3969.47
2025.11.04 18:45,3969.49,3970.26,3963.86,3968.89
2025.11.04 19:00,3968.91,3970.9,3961.73,3963.98
2025.11.04 19:15,3964.03,3965.15,3958.57,3959.27
2025.11.04 19:30,3959.31,3964.99,3959.03,3961.08
2025.11.04 19:45,3961.06,3964.21,3952.31,3954.94
2025.11.04 20:00,3954.95,3956.71,3949.48,3950.42
2025.11.04 20:15,3950.55,3952.51,3945.41,3950.54
2025.11.04 20:30,3950.57,3951.33,3931.88,3938.38
2025.11.04 20:45,3938.38,3941.03,3935.5,3937.66
2025.11.04 21:00,3937.69,3944.04,3934.43,3940.11
2025.11.04 21:15,3940.08,3943.96,3940.0,3941.85
2025.11.04 21:30,3941.84,3942.93,3935.43,3937.83
2025.11.04 21:45,3937.78,3939.83,3935.86,3937.23
2025.11.04 22:00,3937.3,3939.22,3931.28,3934.1
2025.11.04 22:15,3934.14,3937.6,3931.78,3937.23
2025.11.04 22:30,3937.28,3941.99,3935.83,3940.74
2025.11.04 22:45,3940.86,3941.06,3936.28,3938.59
2025.11.04 23:00,3938.58,3938.77,3933.56,3934.09
2025.11.04 23:15,3934.14,3935.28,3930.87,3933.89
2025.11.04 23:30,3933.91,3934.97,3930.44,3930.87
2025.11.04 23:45,3930.86,3933.96,3930.29,3931.84
2025.11.05 01:00,3932.61,3940.49,3931.68,3935.54
2025.11.05 01:15,3935.5,3939.55,3934.94,3937.67
2025.11.05 01:30,3937.75,3938.52,3933.27,3937.92
2025.11.05 01:45,3937.15,3937.5,3930.73,3934.38
2025.11.05 02:00,3934.41,3942.77,3932.78,3939.8
2025.11.05 02:15,3939.83,3942.3,3934.32,3938.57
2025.11.05 02:30,3938.63,3939.58,3929.94,3931.43
2025.11.05 02:45,3931.41,3939.77,3929.58,3939.77
2025.11.05 03:00,3939.81,3944.91,3937.01,3942.96
2025.11.05 03:15,3942.99,3948.4,3938.31,3946.19
2025.11.05 03:30,3946.07,3949.33,3942.97,3943.24
2025.11.05 03:45,3942.99,3943.36,3934.34,3936.92
2025.11.05 04:00,3936.85,3945.08,3935.49,3942.02
2025.11.05 04:15,3942.02,3942.06,3936.17,3937.94
2025.11.05 04:30,3938.1,3948.99,3937.84,3944.93
2025.11.05 04:45,3944.92,3950.88,3944.92,3948.42
2025.11.05 05:00,3948.41,3955.69,3947.41,3952.8
2025.11.05 05:15,3952.77,3956.14,3952.6,3953.01
2025.11.05 05:30,3953.02,3959.42,3951.82,3958.89
2025.11.05 05:45,3959.07,3965.13,3959.03,3960.73
2025.11.05 06:00,3960.41,3964.81,3959.67,3961.74
2025.11.05 06:15,3961.77,3964.3,3960.07,3963.45
2025.11.05 06:30,3963.43,3972.04,3963.38,3971.18
2025.11.05 06:45,3971.16,3973.66,3967.41,3970.17
2025.11.05 07:00,3970.18,3972.03,3966.96,3970.95
2025.11.05 07:15,3970.99,3978.38,3970.29,3975.52
2025.11.05 07:30,3975.52,3975.7,3968.92,3969.71
2025.11.05 07:45,3969.7,3969.7,3961.75,3964.88
2025.11.05 08:00,3964.91,3968.66,3961.72,3964.54
2025.11.05 08:15,3964.55,3970.28,3963.5,3967.2
2025.11.05 08:30,3967.24,3973.45,3965.22,3971.16
2025.11.05 08:45,3971.06,3971.79,3964.91,3966.1
2025.11.05 09:00,3966.12,3967.64,3963.75,3966.18
2025.11.05 09:15,3966.17,3969.31,3963.79,3965.96
2025.11.05 09:30,3965.94,3971.11,3965.19,3970.09
2025.11.05 09:45,3969.98,3974.67,3968.4,3972.36
2025.11.05 10:00,3972.38,3986.92,3972.36,3981.96
2025.11.05 10:15,3981.97,3983.99,3978.25,3979.85
2025.11.05 10:30,3979.87,3985.89,3979.83,3981.67
2025.11.05 10:45,3981.7,3983.54,3979.24,3979.75
2025.11.05 11:00,3979.82,3981.22,3974.95,3975.35
2025.11.05 11:15,3975.33,3975.55,3963.45,3965.01
2025.11.05 11:30,3964.93,3971.6,3963.56,3969.71
2025.11.05 11:45,3969.71,3972.48,3968.88,3971.71
2025.11.05 12:00,3971.69,3971.72,3956.07,3963.68
2025.11.05 12:15,3963.71,3967.18,3960.18,3964.41
2025.11.05 12:30,3964.45,3967.24,3964.02,3966.94
2025.11.05 12:45,3966.92,3970.0,3960.37,3964.42
2025.11.05 13:00,3964.47,3968.87,3960.3,3960.72
2025.11.05 13:15,3960.71,3961.66,3957.48,3958.03
2025.11.05 13:30,3958.02,3963.98,3957.45,3963.06
2025.11.05 13:45,3963.1,3968.1,3962.38,3966.74
2025.11.05 14:00,3966.63,3966.96,3962.12,3964.07
2025.11.05 14:15,3964.11,3969.73,3963.56,3967.39
2025.11.05 14:30,3967.4,3967.92,3963.0,3964.45
2025.11.05 14:45,3964.42,3969.52,3963.53,3969.52
2025.11.05 15:00,3969.57,3974.37,3966.68,3972.45
2025.11.05 15:15,3972.55,3977.32,3964.69,3975.9
2025.11.05 15:30,3975.93,3976.97,3970.73,3974.21
2025.11.05 15:45,3974.27,3979.29,3970.91,3975.71
2025.11.05 16:00,3975.69,3980.51,3973.65,3979.36
2025.11.05 16:15,3979.43,3985.39,3978.36,3983.8
2025.11.05 16:30,3983.82,3985.57,3975.57,3976.29
2025.11.05 16:45,3976.3,3978.42,3969.51,3973.31
2025.11.05 17:00,3973.26,3977.47,3964.03,3970.45
2025.11.05 17:15,3970.59,3980.0,3966.48,3979.02
2025.11.05 17:30,3979.12,3984.16,3977.95,3982.87
2025.11.05 17:45,3982.85,3984.13,3977.02,3978.11
2025.11.05 18:00,3978.22,3981.77,3975.66,3976.47
2025.11.05 18:15,3976.45,3981.24,3974.82,3981.13
2025.11.05 18:30,3981.11,3984.32,3977.31,3982.54
2025.11.05 18:45,3982.58,3990.25,3982.58,3986.72
2025.11.05 19:00,3986.71,3989.49,3982.14,3984.06
2025.11.05 19:15,3984.04,3985.27,3978.52,3982.2
2025.11.05 19:30,3982.15,3984.17,3979.56,3983.03
2025.11.05 19:45,3983.01,3983.21,3979.46,3981.91
2025.11.05 20:00,3981.89,3983.62,3979.3,3983.49
2025.11.05 20:15,3983.41,3985.81,3981.82,3983.49
2025.11.05 20:30,3983.6,3984.9,3978.82,3979.44
2025.11.05 20:45,3979.47,3983.06,3979.47,3982.23
2025.11.05 21:00,3982.32,3985.72,3979.35,3979.66
2025.11.05 21:15,3979.63,3984.32,3979.05,3984.1
2025.11.05 21:30,3984.13,3988.69,3982.81,3986.83
2025.11.05 21:45,3987.01,3988.62,3986.37,3987.67
2025.11.05 22:00,3987.73,3990.03,3986.33,3987.47
2025.11.05 22:15,3987.46,3988.35,3985.38,3985.41
2025.11.05 22:30,3985.48,3987.99,3983.79,3984.28
2025.11.05 22:45,3984.28,3985.04,3981.35,3984.31
2025.11.05 23:00,3984.3,3984.84,3981.51,3983.4
2025.11.05 23:15,3983.07,3984.14,3981.44,3981.79
2025.11.05 23:30,3981.76,3983.11,3981.67,3981.98
2025.11.05 23:45,3981.97,3982.86,3977.82,3978.95
2025.11.06 01:00,3972.26,3980.75,3966.59,3969.53
2025.11.06 01:15,3969.59,3971.63,3968.55,3970.1
2025.11.06 01:30,3970.16,3975.24,3970.16,3973.27
2025.11.06 01:45,3973.25,3977.48,3973.07,3973.63
2025.11.06 02:00,3973.61,3975.31,3970.4,3974.87
2025.11.06 02:15,3974.85,3974.95,3971.11,3973.54
2025.11.06 02:30,3973.67,3974.86,3969.49,3972.35
2025.11.06 02:45,3972.3,3976.09,3970.6,3976.09
2025.11.06 03:00,3976.12,3977.17,3964.41,3970.11
2025.11.06 03:15,3970.1,3975.5,3968.32,3968.94
2025.11.06 03:30,3968.99,3973.96,3967.41,3970.9
2025.11.06 03:45,3970.98,3976.65,3970.88,3976.48
2025.11.06 04:00,3976.5,3979.81,3974.1,3977.28
2025.11.06 04:15,3977.23,3978.88,3976.21,3977.89
2025.11.06 04:30,3977.92,3984.96,3977.92,3980.0
2025.11.06 04:45,3980.06,3984.21,3979.49,3983.19
2025.11.06 05:00,3983.22,3985.09,3979.35,3984.7
2025.11.06 05:15,3984.72,3986.73,3982.35,3985.97
2025.11.06 05:30,3985.99,3990.25,3985.8,3987.38
2025.11.06 05:45,3987.39,3987.64,3985.29,3987.37
2025.11.06 06:00,3987.4,3987.86,3984.44,3985.36
2025.11.06 06:15,3985.37,3987.29,3984.83,3986.6
2025.11.06 06:30,3986.4,3989.11,3985.83,3986.72
2025.11.06 06:45,3986.73,3989.62,3985.09,3988.68
2025.11.06 07:00,3988.51,3990.23,3985.91,3987.93
2025.11.06 07:15,3987.89,3990.56,3987.8,3989.92
2025.11.06 07:30,3989.95,3990.17,3985.53,3987.7
2025.11.06 07:45,3987.73,3990.27,3986.51,3987.5
2025.11.06 08:00,3987.56,3989.8,3984.79,3986.88
2025.11.06 08:15,3986.86,3988.76,3985.42,3987.0
2025.11.06 08:30,3986.76,3987.42,3984.14,3984.14
2025.11.06 08:45,3984.13,3992.57,3982.19,3991.34
2025.11.06 09:00,3991.31,3998.63,3990.97,3998.3
2025.11.06 09:15,3998.29,4009.15,3997.53,4003.72
2025.11.06 09:30,4003.71,4009.14,4003.56,4005.17
2025.11.06 09:45,4005.14,4009.02,4004.16,4005.56
2025.11.06 10:00,4005.42,4009.28,4004.54,4008.9
2025.11.06 10:15,4008.94,4016.04,4008.74,4015.66
2025.11.06 10:30,4015.66,4016.7,4009.8,4009.85
2025.11.06 10:45,4009.97,4015.6,4009.96,4014.73
2025.11.06 11:00,4014.72,4015.07,4010.61,4011.88
2025.11.06 11:15,4011.86,4014.78,4010.82,4012.8
2025.11.06 11:30,4012.67,4013.18,4010.42,4012.19
2025.11.06 11:45,4012.21,4012.62,4009.19,4010.93
2025.11.06 12:00,4010.96,4011.07,4005.96,4008.64
2025.11.06 12:15,4008.62,4009.1,4005.1,4005.9
2025.11.06 12:30,4005.8,4008.55,4004.18,4007.74
2025.11.06 12:45,4007.73,4009.41,4005.26,4008.28
2025.11.06 13:00,4008.29,4010.44,4007.62,4009.66
2025.11.06 13:15,4009.75,4011.01,4006.92,4009.39
2025.11.06 13:30,4009.38,4016.81,4009.31,4015.66
2025.11.06 13:45,4015.69,4019.48,4013.97,4017.92
2025.11.06 14:00,4017.91,4019.35,4011.99,4012.57
2025.11.06 14:15,4012.49,4014.42,4010.83,4011.4
2025.11.06 14:30,4011.47,4012.74,4006.44,4009.02
2025.11.06 14:45,4009.01,4010.21,4002.6,4005.11
2025.11.06 15:00,4005.15,4013.09,4003.59,4011.78
2025.11.06 15:15,4011.79,4015.98,4010.2,4013.36
2025.11.06 15:30,4013.37,4016.06,4010.63,4013.64
2025.11.06 15:45,4013.54,4015.93,4011.92,4012.08
2025.11.06 16:00,4012.25,4013.79,4004.94,4008.14
2025.11.06 16:15,4008.1,4008.13,3988.93,3991.84
2025.11.06 16:30,3991.78,4003.18,3990.69,3998.22
2025.11.06 16:45,3998.17,4000.98,3992.64,3993.17
2025.11.06 17:00,3992.8,3993.54,3978.13,3982.44
2025.11.06 17:15,3982.62,3990.94,3981.58,3986.58
2025.11.06 17:30,3986.92,3987.19,3974.97,3978.14
2025.11.06 17:45,3978.23,3984.2,3976.6,3980.16
2025.11.06 18:00,3980.18,3986.24,3979.61,3981.71
2025.11.06 18:15,3981.68,3983.89,3976.49,3983.65
2025.11.06 18:30,3983.56,3983.87,3976.39,3979.1
2025.11.06 18:45,3979.03,3984.54,3977.83,3980.83
2025.11.06 19:00,3980.82,3985.41,3977.99,3978.66
2025.11.06 19:15,3978.63,3978.96,3965.54,3969.66
2025.11.06 19:30,3969.69,3982.34,3967.8,3981.68
2025.11.06 19:45,3981.69,3987.97,3981.17,3986.12
2025.11.06 20:00,3986.08,3986.38,3980.02,3983.79
2025.11.06 20:15,3983.82,3989.29,3981.84,3983.11
2025.11.06 20:30,3982.99,3990.74,3982.94,3989.23
2025.11.06 20:45,3989.18,3990.32,3986.2,3987.67
2025.11.06 21:00,3987.73,3995.06,3986.6,3994.92
2025.11.06 21:15,3994.91,3995.06,3992.0,3992.17
2025.11.06 21:30,3992.16,3992.57,3988.17,3989.33
2025.11.06 21:45,3989.35,3990.04,3983.04,3985.2
2025.11.06 22:00,3984.88,3987.09,3982.7,3984.4
2025.11.06 22:15,3984.43,3984.75,3981.9,3982.54
2025.11.06 22:30,3982.52,3986.72,3982.42,3983.85
2025.11.06 22:45,3983.86,3983.86,3979.2,3980.49
2025.11.06 23:00,3980.8,3982.13,3977.76,3981.15
2025.11.06 23:15,3981.12,3981.7,3978.3,3980.49
2025.11.06 23:30,3980.55,3980.86,3978.32,3978.77
2025.11.06 23:45,3978.78,3978.92,3976.65,3976.98
2025.11.07 01:00,3977.43,3983.04,3974.53,3981.2
2025.11.07 01:15,3981.11,3985.03,3980.59,3983.33
2025.11.07 01:30,3983.35,3987.79,3981.78,3985.93
2025.11.07 01:45,3985.94,3989.7,3985.94,3989.05
2025.11.07 02:00,3988.91,3989.57,3984.44,3987.08
2025.11.07 02:15,3987.03,3992.58,3986.5,3991.4
2025.11.07 02:30,3991.41,3994.17,3989.29,3991.08
2025.11.07 02:45,3991.2,3991.32,3987.69,3988.45
2025.11.07 03:00,3988.27,3999.68,3987.07,3998.67
2025.11.07 03:15,3998.69,4001.48,3996.65,3997.26
2025.11.07 03:30,3997.33,4002.31,3994.71,4001.85
2025.11.07 03:45,4001.87,4002.58,3999.07,4001.63
2025.11.07 04:00,4001.61,4003.17,3997.71,3997.83
2025.11.07 04:15,3997.84,3997.97,3994.02,3995.4
2025.11.07 04:30,3995.39,3998.66,3991.42,3992.72
2025.11.07 04:45,3992.74,3997.29,3992.72,3995.24
2025.11.07 05:00,3995.12,3996.45,3987.98,3990.86
2025.11.07 05:15,3990.89,3993.31,3988.49,3992.49
2025.11.07 05:30,3992.47,3995.14,3990.98,3994.55
2025.11.07 05:45,3994.53,3994.64,3989.48,3990.18
2025.11.07 06:00,3990.19,3993.06,3985.48,3991.11
2025.11.07 06:15,3991.1,3997.76,3990.51,3996.17
2025.11.07 06:30,3996.19,3997.08,3993.44,3995.29
2025.11.07 06:45,3995.12,3998.35,3994.88,3998.13
2025.11.07 07:00,3998.19,3998.73,3996.23,3997.54
2025.11.07 07:15,3997.35,3997.67,3991.87,3994.06
2025.11.07 07:30,3994.05,3997.7,3993.73,3996.41
2025.11.07 07:45,3996.44,3997.41,3993.32,3994.86
2025.11.07 08:00,3994.88,3996.76,3992.1,3995.04
2025.11.07 08:15,3995.02,3999.69,3994.47,3998.22
2025.11.07 08:30,3997.87,4002.96,3996.3,4001.29
2025.11.07 08:45,4001.35,4008.42,4001.25,4006.63
2025.11.07 09:00,4006.7,4009.72,4005.34,4007.71
2025.11.07 09:15,4007.7,4009.65,4003.02,4003.46
2025.11.07 09:30,4003.49,4006.38,4003.47,4005.32
2025.11.07 09:45,4005.33,4007.95,4002.7,4007.64
2025.11.07 10:00,4007.63,4010.19,4004.89,4009.53
2025.11.07 10:15,4009.55,4009.65,4003.78,4005.54
2025.11.07 10:30,4005.61,4008.72,4003.53,4005.7
2025.11.07 10:45,4005.68,4010.19,4004.92,4009.52
2025.11.07 11:00,4009.63,4011.3,4008.21,4010.63
2025.11.07 11:15,4010.62,4014.08,4009.4,4010.02
2025.11.07 11:30,4010.0,4011.26,4004.09,4006.12
2025.11.07 11:45,4006.09,4009.52,4005.3,4006.53
2025.11.07 12:00,4006.56,4008.78,4005.68,4005.93
2025.11.07 12:15,4005.9,4009.37,4003.03,4005.86
2025.11.07 12:30,4005.79,4006.71,4003.04,4004.16
2025.11.07 12:45,4004.36,4009.06,4004.16,4007.74
2025.11.07 13:00,4007.76,4011.73,4002.51,4003.41
2025.11.07 13:15,4003.44,4007.72,3997.98,3998.99
2025.11.07 13:30,3999.02,3999.55,3993.52,3998.42
2025.11.07 13:45,3998.32,4004.26,3998.32,4002.78
2025.11.07 14:00,4002.69,4008.29,4001.98,4005.58
2025.11.07 14:15,4005.68,4006.11,3998.15,3998.23
2025.11.07 14:30,3998.22,3999.18,3994.76,3996.13
2025.11.07 14:45,3996.28,3998.27,3991.61,3995.79
2025.11.07 15:00,3995.91,4000.52,3991.96,3995.81
2025.11.07 15:15,3995.72,4001.87,3995.04,3996.96
2025.11.07 15:30,3996.9,3997.39,3991.67,3993.81
2025.11.07 15:45,3993.8,3999.87,3992.68,3997.61
2025.11.07 16:00,3997.6,4004.08,3995.2,4002.71
2025.11.07 16:15,4002.66,4007.15,3999.84,4000.29
2025.11.07 16:30,4000.31,4000.32,3984.22,3990.39
2025.11.07 16:45,3990.37,3995.67,3985.9,3993.38
2025.11.07 17:00,3993.5,3999.04,3990.52,3990.87
2025.11.07 17:15,3991.04,3994.86,3987.76,3993.18
2025.11.07 17:30,3993.04,3995.54,3985.77,3986.27
2025.11.07 17:45,3986.52,3992.7,3984.05,3990.88
2025.11.07 18:00,3990.93,4000.54,3989.92,3999.26
2025.11.07 18:15,3999.28,4009.19,3995.45,4007.75
2025.11.07 18:30,4007.72,4027.31,4007.7,4020.55
2025.11.07 18:45,4020.62,4021.91,4006.03,4007.57
2025.11.07 19:00,4007.56,4009.66,3995.09,3999.62
2025.11.07 19:15,3999.59,4000.97,3992.24,3997.71
2025.11.07 19:30,3996.98,3999.37,3993.91,3998.74
2025.11.07 19:45,3998.69,4006.32,3997.01,4005.32
2025.11.07 20:00,4005.43,4009.01,4003.1,4004.62
2025.11.07 20:15,4004.65,4006.25,3999.36,4002.59
2025.11.07 20:30,4002.54,4007.14,4001.68,4005.98
2025.11.07 20:45,4005.91,4007.24,4003.88,4005.41
2025.11.07 21:00,4005.39,4008.82,4003.29,4007.72
2025.11.07 21:15,4007.7,4008.53,4005.31,4006.22
2025.11.07 21:30,4006.28,4007.92,4001.89,4002.97
2025.11.07 21:45,4002.94,4008.03,4001.67,4006.56
2025.11.07 22:00,4006.53,4006.8,4003.44,4004.9
2025.11.07 22:15,4004.99,4005.22,3994.4,3998.37
2025.11.07 22:30,3998.39,4003.79,3997.13,4001.02
2025.11.07 22:45,4001.0,4005.71,3999.0,4003.94
2025.11.07 23:00,4003.57,4005.03,4002.49,4002.6
2025.11.07 23:15,4002.63,4002.86,4001.05,4001.78
2025.11.07 23:30,4001.79,4002.18,3998.93,4000.07
2025.11.07 23:45,4000.04,4002.05,3998.43,4001.22
2025.11.10 01:00,4000.93,4011.4,3997.83,4010.64
2025.11.10 01:15,4010.47,4011.35,4004.6,4008.41
2025.11.10 01:30,4008.4,4009.2,4004.17,4007.69
2025.11.10 01:45,4007.65,4012.14,4004.97,4011.69
2025.11.10 02:00,4011.67,4017.03,4010.96,4015.62
2025.11.10 02:15,4015.6,4016.9,4014.14,4016.22
2025.11.10 02:30,4016.2,4017.34,4011.18,4016.37
2025.11.10 02:45,4016.38,4023.8,4016.33,4020.21
2025.11.10 03:00,4019.97,4029.09,4018.91,4027.04
2025.11.10 03:15,4027.02,4051.64,4027.0,4047.73
2025.11.10 03:30,4047.67,4053.24,4045.39,4050.69
2025.11.10 03:45,4050.72,4052.61,4041.21,4043.88
2025.11.10 04:00,4043.86,4047.11,4037.56,4044.68
2025.11.10 04:15,4044.73,4047.8,4039.57,4040.8
2025.11.10 04:30,4040.89,4045.9,4038.32,4044.36
2025.11.10 04:45,4044.29,4048.93,4043.4,4047.96
2025.11.10 05:00,4047.93,4048.02,4044.97,4045.68
2025.11.10 05:15,4045.68,4051.77,4044.82,4050.49
2025.11.10 05:30,4050.47,4052.73,4049.92,4050.16
2025.11.10 05:45,4050.18,4051.24,4047.21,4050.07
2025.11.10 06:00,4049.93,4056.68,4049.86,4056.15
2025.11.10 06:15,4056.1,4056.61,4052.54,4053.66
2025.11.10 06:30,4053.61,4055.35,4052.68,4052.68
2025.11.10 06:45,4052.7,4054.63,4049.63,4054.03
2025.11.10 07:00,4054.03,4054.14,4050.05,4050.05
2025.11.10 07:15,4050.07,4055.77,4050.06,4055.09
2025.11.10 07:30,4055.14,4065.1,4054.68,4062.92
2025.11.10 07:45,4062.95,4069.8,4061.87,4069.34
2025.11.10 08:00,4069.37,4071.14,4066.89,4067.83
2025.11.10 08:15,4067.85,4073.67,4067.85,4072.84
2025.11.10 08:30,4072.8,4078.34,4070.84,4073.14
2025.11.10 08:45,4073.16,4076.33,4069.78,4074.96
2025.11.10 09:00,4074.96,4078.63,4072.84,4078.44
2025.11.10 09:15,4078.49,4078.88,4072.05,4075.51
2025.11.10 09:30,4075.46,4078.81,4073.91,4075.46
2025.11.10 09:45,4075.49,4078.49,4073.86,4075.14
2025.11.10 10:00,4075.23,4083.17,4074.98,4079.12
2025.11.10 10:15,4079.15,4080.88,4074.92,4080.17
2025.11.10 10:30,4080.14,4085.07,4078.22,4078.79
2025.11.10 10:45,4078.84,4082.99,4078.07,4082.11
2025.11.10 11:00,4082.17,4083.29,4074.39,4074.73
2025.11.10 11:15,4074.71,4080.29,4071.35,4079.88
2025.11.10 11:30,4079.84,4086.15,4078.05,4080.89
2025.11.10 11:45,4080.94,4082.33,4075.92,4076.47
2025.11.10 12:00,4076.46,4081.32,4076.46,4081.11
2025.11.10 12:15,4081.13,4082.65,4077.39,4077.65
2025.11.10 12:30,4077.43,4083.22,4077.36,4078.03
2025.11.10 12:45,4077.98,4081.11,4075.82,4080.79
2025.11.10 13:00,4080.82,4082.36,4075.66,4077.83
2025.11.10 13:15,4077.89,4080.39,4077.06,4079.05
2025.11.10 13:30,4079.05,4083.59,4078.74,4082.49
2025.11.10 13:45,4082.49,4085.3,4080.9,4085.2
2025.11.10 14:00,4085.31,4089.57,4084.16,4089.42
2025.11.10 14:15,4089.44,4095.65,4087.83,4094.04
2025.11.10 14:30,4094.08,4096.5,4093.58,4094.57
2025.11.10 14:45,4094.56,4099.83,4093.45,4097.44
2025.11.10 15:00,4097.43,4105.77,4096.85,4102.78
2025.11.10 15:15,4102.83,4104.94,4098.61,4101.87
2025.11.10 15:30,4101.85,4103.2,4095.2,4097.8
2025.11.10 15:45,4097.83,4098.01,4090.25,4091.48
2025.11.10 16:00,4091.5,4093.97,4083.96,4086.44
2025.11.10 16:15,4086.44,4088.6,4082.05,4086.09
2025.11.10 16:30,4086.11,4086.11,4074.22,4081.37
2025.11.10 16:45,4081.37,4086.74,4078.23,4083.29
2025.11.10 17:00,4083.16,4092.68,4083.16,4087.33
2025.11.10 17:15,4087.32,4094.2,4086.6,4089.07
2025.11.10 17:30,4089.0,4089.35,4082.79,4087.47
2025.11.10 17:45,4087.41,4087.61,4077.74,4084.21
2025.11.10 18:00,4084.19,4091.63,4081.87,4091.21
2025.11.10 18:15,4091.3,4093.23,4089.54,4092.87
2025.11.10 18:30,4092.9,4095.58,4090.03,4090.93
2025.11.10 18:45,4090.86,4095.42,4088.59,4094.87
2025.11.10 19:00,4094.97,4097.98,4093.91,4096.03
2025.11.10 19:15,4096.04,4098.23,4093.24,4096.73
2025.11.10 19:30,4096.66,4097.93,4093.77,4094.61
2025.11.10 19:45,4094.61,4102.57,4094.41,4102.45
2025.11.10 20:00,4102.39,4104.99,4101.44,4104.63
2025.11.10 20:15,4104.61,4114.43,4104.61,4113.98
2025.11.10 20:30,4113.98,4115.6,4106.99,4109.09
2025.11.10 20:45,4109.07,4110.24,4105.6,4109.94
2025.11.10 21:00,4109.93,4114.25,4107.62,4113.19
2025.11.10 21:15,4113.17,4115.27,4110.06,4114.28
2025.11.10 21:30,4114.32,4114.48,4110.44,4110.53
2025.11.10 21:45,4110.56,4113.6,4109.36,4113.0
2025.11.10 22:00,4112.99,4114.32,4111.02,4111.67
2025.11.10 22:15,4111.69,4112.59,4106.44,4111.14
2025.11.10 22:30,4111.1,4112.9,4108.03,4112.9
2025.11.10 22:45,4112.91,4113.0,4107.86,4111.48
2025.11.10 23:00,4111.54,4112.8,4110.3,4111.43
2025.11.10 23:15,4111.43,4114.46,4111.35,4112.34
2025.11.10 23:30,4112.29,4113.86,4111.51,4113.77
2025.11.10 23:45,4113.74,4116.44,4113.27,4115.75
2025.11.11 01:00,4116.12,4120.2,4114.06,4119.1
2025.11.11 01:15,4119.08,4120.57,4115.77,4120.3
2025.11.11 01:30,4120.3,4120.35,4118.08,4120.03
2025.11.11 01:45,4120.09,4122.63,4117.07,4119.86
2025.11.11 02:00,4119.99,4120.43,4116.09,4119.63
2025.11.11 02:15,4119.61,4126.04,4119.61,4124.88
2025.11.11 02:30,4124.83,4129.23,4124.75,4129.23
2025.11.11 02:45,4129.22,4133.5,4127.42,4130.77
2025.11.11 03:00,4130.75,4135.15,4127.88,4132.24
2025.11.11 03:15,4132.2,4137.98,4130.07,4137.3
2025.11.11 03:30,4137.25,4141.11,4135.53,4135.53
2025.11.11 03:45,4135.36,4136.96,4130.31,4136.16
2025.11.11 04:00,4136.14,4136.96,4130.21,4134.57
2025.11.11 04:15,4134.48,4137.47,4132.03,4134.19
2025.11.11 04:30,4134.21,4138.88,4129.46,4138.85
2025.11.11 04:45,4138.86,4139.55,4134.14,4137.97
2025.11.11 05:00,4137.91,4144.16,4137.03,4143.09
2025.11.11 05:15,4143.12,4145.74,4142.89,4144.13
2025.11.11 05:30,4144.04,4148.09,4143.21,4144.64
2025.11.11 05:45,4144.63,4146.95,4144.17,4146.8
2025.11.11 06:00,4146.74,4148.94,4142.49,4143.08
2025.11.11 06:15,4143.12,4144.32,4142.17,4143.89
2025.11.11 06:30,4143.88,4146.26,4141.88,4141.96
2025.11.11 06:45,4142.03,4146.02,4141.79,4143.01
2025.11.11 07:00,4142.95,4144.35,4134.68,4140.58
2025.11.11 07:15,4140.55,4142.07,4134.9,4135.99
2025.11.11 07:30,4136.03,4136.91,4124.62,4129.74
2025.11.11 07:45,4129.71,4135.48,4128.26,4130.89
2025.11.11 08:00,4130.88,4134.59,4126.62,4133.99
2025.11.11 08:15,4133.98,4137.69,4132.86,4137.52
2025.11.11 08:30,4137.5,4137.56,4128.4,4129.42
2025.11.11 08:45,4129.44,4132.83,4127.05,4129.88
2025.11.11 09:00,4129.81,4131.07,4126.02,4129.4
2025.11.11 09:15,4129.63,4132.85,4128.16,4131.12
2025.11.11 09:30,4131.1,4131.49,4126.9,4130.68
2025.11.11 09:45,4130.7,4132.61,4124.85,4129.51
2025.11.11 10:00,4129.28,4137.21,4128.67,4136.72
2025.11.11 10:15,4136.75,4137.59,4131.53,4134.65
2025.11.11 10:30,4134.66,4135.0,4129.01,4132.17
2025.11.11 10:45,4132.15,4137.17,4130.8,4135.46
2025.11.11 11:00,4135.44,4144.16,4134.25,4143.12
2025.11.11 11:15,4143.17,4144.32,4140.88,4143.68
2025.11.11 11:30,4143.68,4145.23,4142.85,4143.52
2025.11.11 11:45,4143.55,4145.93,4141.66,4141.71
2025.11.11 12:00,4141.7,4142.3,4137.5,4141.17
2025.11.11 12:15,4141.14,4144.01,4140.35,4141.9
2025.11.11 12:30,4141.89,4141.97,4136.73,4139.33
2025.11.11 12:45,4139.34,4144.07,4139.22,4141.72
2025.11.11 13:00,4141.88,4143.46,4139.58,4139.9
2025.11.11 13:15,4140.26,4143.44,4138.87,4140.99
2025.11.11 13:30,4141.01,4144.27,4139.19,4142.02
2025.11.11 13:45,4142.01,4144.33,4140.76,4142.57
2025.11.11 14:00,4142.77,4143.66,4137.1,4138.81
2025.11.11 14:15,4138.8,4140.87,4136.5,4138.89
2025.11.11 14:30,4138.88,4141.66,4137.73,4141.11
2025.11.11 14:45,4141.09,4141.11,4133.06,4134.25
2025.11.11 15:00,4134.29,4140.66,4133.74,4140.17
2025.11.11 15:15,4140.23,4143.53,4138.06,4141.41
2025.11.11 15:30,4141.35,4146.53,4139.02,4141.66
2025.11.11 15:45,4141.68,4145.51,4140.98,4142.46
2025.11.11 16:00,4142.49,4143.14,4136.82,4139.4
2025.11.11 16:15,4139.39,4140.1,4128.36,4130.18
2025.11.11 16:30,4129.9,4133.36,4123.34,4132.73
2025.11.11 16:45,4132.74,4134.6,4119.83,4124.81
2025.11.11 17:00,4124.49,4126.01,4117.97,4121.02
2025.11.11 17:15,4121.07,4121.18,4096.95,4101.39
2025.11.11 17:30,4101.39,4107.9,4097.06,4107.8
2025.11.11 17:45,4107.78,4112.34,4104.37,4106.56
2025.11.11 18:00,4106.57,4113.36,4105.41,4113.22
2025.11.11 18:15,4113.24,4114.85,4107.78,4109.22
2025.11.11 18:30,4109.23,4114.68,4104.97,4113.82
2025.11.11 18:45,4113.77,4115.6,4111.58,4113.11
2025.11.11 19:00,4113.1,4117.69,4112.12,4115.51
2025.11.11 19:15,4115.49,4117.43,4111.6,4114.24
2025.11.11 19:30,4114.3,4114.78,4110.42,4113.66
2025.11.11 19:45,4113.65,4116.24,4112.13,4114.23
2025.11.11 20:00,4114.25,4116.19,4109.09,4109.46
2025.11.11 20:15,4109.44,4114.79,4109.06,4110.29
2025.11.11 20:30,4110.28,4111.56,4106.45,4109.22
2025.11.11 20:45,4109.24,4114.75,4108.89,4113.7
2025.11.11 21:00,4113.65,4117.44,4111.87,4117.42
2025.11.11 21:15,4117.41,4118.86,4116.34,4117.4
2025.11.11 21:30,4117.42,4122.12,4117.41,4121.59
2025.11.11 21:45,4121.58,4126.02,4120.98,4122.99
2025.11.11 22:00,4122.99,4127.25,4122.22,4127.17
2025.11.11 22:15,4127.19,4128.55,4124.07,4125.56
2025.11.11 22:30,4125.54,4129.98,4124.2,4129.3
2025.11.11 22:45,4129.33,4131.68,4128.22,4129.4
2025.11.11 23:00,4129.36,4130.29,4127.9,4130.23
2025.11.11 23:15,4130.24,4131.25,4127.09,4128.73
2025.11.11 23:30,4128.87,4129.2,4126.29,4128.32
2025.11.11 23:45,4128.26,4128.26,4125.46,4126.6
2025.11.12 01:00,4126.79,4133.2,4126.57,4133.14
2025.11.12 01:15,4133.11,4139.18,4132.75,4138.32
2025.11.12 01:30,4138.29,4143.72,4136.13,4143.35
2025.11.12 01:45,4143.34,4144.51,4141.25,4142.46
2025.11.12 02:00,4142.27,4145.38,4138.94,4143.8
2025.11.12 02:15,4143.91,4144.4,4139.49,4141.59
2025.11.12 02:30,4141.57,4144.19,4140.41,4141.43
2025.11.12 02:45,4141.44,4142.63,4132.03,4132.86
2025.11.12 03:00,4132.89,4137.06,4127.63,4134.81
2025.11.12 03:15,4134.75,4134.83,4129.08,4130.88
2025.11.12 03:30,4130.93,4133.77,4126.21,4133.57
2025.11.12 03:45,4133.53,4135.58,4130.16,4131.34
2025.11.12 04:00,4131.29,4135.25,4130.37,4133.9
2025.11.12 04:15,4133.83,4134.95,4130.87,4131.47
2025.11.12 04:30,4131.54,4131.55,4120.66,4125.15
2025.11.12 04:45,4125.17,4126.03,4118.63,4123.93
2025.11.12 05:00,4123.95,4125.27,4116.57,4122.82
2025.11.12 05:15,4122.86,4123.67,4119.2,4119.33
2025.11.12 05:30,4119.35,4121.4,4117.76,4120.13
2025.11.12 05:45,4120.14,4121.11,4111.66,4111.83
2025.11.12 06:00,4111.77,4112.92,4103.54,4109.45
2025.11.12 06:15,4109.42,4111.52,4104.83,4111.42
2025.11.12 06:30,4111.35,4112.25,4105.67,4107.42
2025.11.12 06:45,4107.36,4112.21,4107.26,4110.42
2025.11.12 07:00,4110.52,4110.94,4105.77,4107.71
2025.11.12 07:15,4107.71,4109.57,4104.98,4105.33
2025.11.12 07:30,4105.53,4107.89,4098.72,4104.95
2025.11.12 07:45,4104.98,4107.37,4102.19,4104.51
2025.11.12 08:00,4104.5,4109.61,4103.08,4105.97
2025.11.12 08:15,4106.0,4115.92,4105.82,4114.87
2025.11.12 08:30,4115.0,4119.0,4111.88,4116.67
2025.11.12 08:45,4116.71,4118.63,4112.89,4118.44
2025.11.12 09:00,4118.43,4125.04,4115.4,4124.75
2025.11.12 09:15,4124.81,4125.09,4121.07,4123.8
2025.11.12 09:30,4123.83,4123.95,4113.52,4114.3
2025.11.12 09:45,4114.32,4118.95,4113.24,4116.91
2025.11.12 10:00,4116.99,4119.34,4112.09,4118.6
2025.11.12 10:15,4118.46,4130.17,4117.1,4127.93
2025.11.12 10:30,4127.95,4132.82,4126.14,4128.45
2025.11.12 10:45,4128.46,4132.43,4128.46,4131.13
2025.11.12 11:00,4131.21,4133.43,4127.18,4128.38
2025.11.12 11:15,4128.35,4132.32,4124.75,4127.06
2025.11.12 11:30,4127.06,4129.45,4123.92,4125.93
2025.11.12 11:45,4125.95,4126.57,4120.43,4124.52
2025.11.12 12:00,4124.54,4126.22,4121.69,4125.38
2025.11.12 12:15,4125.4,4128.2,4120.04,4120.5
2025.11.12 12:30,4120.52,4127.81,4117.78,4125.47
2025.11.12 12:45,4125.48,4129.32,4124.26,4127.6
2025.11.12 13:00,4127.62,4131.02,4126.49,4131.01
2025.11.12 13:15,4131.01,4131.05,4122.9,4124.09
2025.11.12 13:30,4124.15,4128.52,4123.37,4128.24
2025.11.12 13:45,4128.25,4128.71,4123.48,4125.86
2025.11.12 14:00,4125.92,4130.65,4124.77,4130.4
2025.11.12 14:15,4130.44,4137.57,4129.95,4136.2
2025.11.12 14:30,4136.12,4139.23,4133.46,4134.25
2025.11.12 14:45,4134.27,4136.99,4129.65,4129.93
2025.11.12 15:00,4130.03,4131.38,4122.58,4125.56
2025.11.12 15:15,4125.52,4130.14,4123.01,4127.24
2025.11.12 15:30,4127.25,4132.42,4126.18,4128.92
2025.11.12 15:45,4128.66,4131.43,4124.28,4127.02
2025.11.12 16:00,4127.03,4137.79,4126.74,4134.98
2025.11.12 16:15,4134.94,4136.48,4131.55,4131.68
2025.11.12 16:30,4131.75,4138.76,4124.91,4136.06
2025.11.12 16:45,4135.96,4139.86,4131.65,4136.44
2025.11.12 17:00,4136.43,4161.99,4134.45,4161.64
2025.11.12 17:15,4161.74,4172.6,4159.5,4166.49
2025.11.12 17:30,4166.36,4180.96,4165.9,4178.51
2025.11.12 17:45,4178.54,4185.29,4174.7,4181.22
2025.11.12 18:00,4181.09,4189.27,4180.06,4183.72
2025.11.12 18:15,4183.81,4187.6,4180.76,4186.84
2025.11.12 18:30,4186.85,4195.93,4186.19,4193.28
2025.11.12 18:45,4193.26,4197.67,4187.34,4196.36
2025.11.12 19:00,4196.37,4202.41,4195.71,4198.61
2025.11.12 19:15,4198.62,4199.47,4192.1,4196.26
2025.11.12 19:30,4196.29,4206.36,4195.34,4202.36
2025.11.12 19:45,4202.31,4204.26,4198.81,4199.2
2025.11.12 20:00,4199.21,4201.43,4190.37,4199.65
2025.11.12 20:15,4199.7,4211.67,4197.74,4206.62
2025.11.12 20:30,4206.73,4210.37,4205.84,4208.29
2025.11.12 20:45,4208.26,4210.18,4206.51,4206.7
2025.11.12 21:00,4206.77,4210.06,4194.03,4195.53
2025.11.12 21:15,4195.63,4200.17,4192.02,4194.03
2025.11.12 21:30,4194.05,4200.21,4193.84,4194.85
2025.11.12 21:45,4194.87,4199.71,4194.69,4197.24
2025.11.12 22:00,4197.16,4197.88,4190.5,4197.48
2025.11.12 22:15,4197.5,4199.55,4193.82,4195.38
2025.11.12 22:30,4195.39,4197.47,4191.79,4195.38
2025.11.12 22:45,4195.44,4199.29,4193.39,4195.86
2025.11.12 23:00,4195.74,4196.98,4192.46,4192.6
2025.11.12 23:15,4192.61,4198.28,4190.73,4197.47
2025.11.12 23:30,4197.46,4201.96,4196.43,4197.26
2025.11.12 23:45,4197.23,4199.42,4194.03,4195.47
2025.11.13 01:00,4196.19,4208.17,4196.19,4198.46
2025.11.13 01:15,4198.49,4199.65,4193.62,4195.79
2025.11.13 01:30,4195.78,4195.94,4187.34,4190.9
2025.11.13 01:45,4190.87,4193.29,4189.09,4191.06
2025.11.13 02:00,4191.05,4192.14,4186.13,4187.87
2025.11.13 02:15,4187.87,4194.0,4187.38,4192.7
2025.11.13 02:30,4192.73,4205.95,4192.61,4201.88
2025.11.13 02:45,4201.87,4208.74,4198.33,4205.75
2025.11.13 03:00,4205.77,4209.11,4190.07,4190.85
2025.11.13 03:15,4190.86,4190.96,4179.74,4187.8
2025.11.13 03:30,4187.79,4190.3,4180.17,4188.2
2025.11.13 03:45,4188.17,4194.14,4181.6,4192.16
2025.11.13 04:00,4192.11,4195.77,4188.35,4193.83
2025.11.13 04:15,4193.83,4194.66,4185.7,4187.57
2025.11.13 04:30,4187.6,4194.71,4183.3,4191.99
2025.11.13 04:45,4191.91,4194.27,4185.62,4190.38
2025.11.13 05:00,4190.3,4204.14,4190.3,4199.49
2025.11.13 05:15,4199.5,4205.79,4196.3,4200.55
2025.11.13 05:30,4200.52,4207.21,4200.11,4207.09
2025.11.13 05:45,4207.07,4213.01,4205.99,4212.77
2025.11.13 06:00,4212.68,4219.28,4209.12,4217.43
2025.11.13 06:15,4217.46,4217.47,4206.69,4209.5
2025.11.13 06:30,4209.51,4210.32,4203.28,4207.69
2025.11.13 06:45,4207.71,4210.49,4205.59,4209.24
2025.11.13 07:00,4209.22,4217.57,4207.31,4217.37
2025.11.13 07:15,4217.36,4217.66,4211.82,4212.22
2025.11.13 07:30,4212.21,4217.13,4209.93,4215.25
2025.11.13 07:45,4215.24,4216.6,4207.9,4211.87
2025.11.13 08:00,4211.78,4211.91,4205.01,4205.81
2025.11.13 08:15,4205.79,4211.48,4203.1,4208.95
2025.11.13 08:30,4208.81,4209.83,4205.25,4205.65
2025.11.13 08:45,4205.58,4211.8,4205.02,4210.31
2025.11.13 09:00,4210.31,4211.85,4208.22,4210.44
2025.11.13 09:15,4210.44,4218.26,4210.05,4216.2
2025.11.13 09:30,4216.42,4218.75,4213.12,4215.39
2025.11.13 09:45,4215.36,4220.03,4212.37,4219.97
2025.11.13 10:00,4219.89,4230.38,4219.01,4229.63
2025.11.13 10:15,4229.64,4237.97,4228.18,4237.29
2025.11.13 10:30,4237.28,4239.31,4233.09,4235.85
2025.11.13 10:45,4235.93,4238.39,4232.15,4232.52
2025.11.13 11:00,4232.43,4234.26,4227.36,4232.81
2025.11.13 11:15,4232.9,4239.35,4226.72,4226.91
2025.11.13 11:30,4226.9,4233.7,4224.88,4227.45
2025.11.13 11:45,4227.49,4233.68,4227.25,4233.07
2025.11.13 12:00,4233.06,4239.04,4231.69,4237.38
2025.11.13 12:15,4237.4,4240.07,4234.56,4234.69
2025.11.13 12:30,4234.7,4236.25,4227.31,4233.54
2025.11.13 12:45,4233.55,4234.57,4221.39,4225.44
2025.11.13 13:00,4225.67,4231.4,4221.53,4227.05
2025.11.13 13:15,4227.06,4228.01,4218.97,4222.84
2025.11.13 13:30,4223.07,4232.11,4221.76,4231.8
2025.11.13 13:45,4231.78,4232.19,4228.37,4230.43
2025.11.13 14:00,4230.36,4235.46,4229.88,4234.26
2025.11.13 14:15,4234.24,4236.99,4230.31,4233.29
2025.11.13 14:30,4233.28,4237.19,4231.98,4235.27
2025.11.13 14:45,4235.3,4245.04,4235.3,4242.44
2025.11.13 15:00,4242.5,4243.76,4225.75,4230.5
2025.11.13 15:15,4230.48,4237.5,4228.55,4235.12
2025.11.13 15:30,4235.17,4236.03,4220.21,4228.24
2025.11.13 15:45,4228.23,4232.32,4224.07,4231.54
2025.11.13 16:00,4231.57,4232.19,4213.77,4220.41
2025.11.13 16:15,4220.38,4220.97,4207.29,4211.06
2025.11.13 16:30,4211.11,4219.95,4184.25,4187.81
2025.11.13 16:45,4187.77,4200.84,4185.03,4195.25
2025.11.13 17:00,4195.19,4204.91,4188.79,4201.38
2025.11.13 17:15,4201.28,4204.54,4191.28,4194.67
2025.11.13 17:30,4194.66,4200.74,4186.48,4197.35
2025.11.13 17:45,4197.39,4203.18,4188.51,4202.31
2025.11.13 18:00,4202.37,4210.72,4202.06,4209.8
2025.11.13 18:15,4209.82,4210.84,4202.95,4206.36
2025.11.13 18:30,4206.38,4208.7,4195.44,4197.52
2025.11.13 18:45,4197.47,4206.89,4197.28,4206.55
2025.11.13 19:00,4206.84,4208.19,4194.07,4194.86
2025.11.13 19:15,4194.94,4204.7,4193.14,4202.52
2025.11.13 19:30,4202.54,4206.68,4199.44,4200.47
2025.11.13 19:45,4200.47,4205.33,4196.31,4201.6
2025.11.13 20:00,4201.7,4203.09,4199.76,4201.95
2025.11.13 20:15,4201.91,4202.82,4187.51,4190.35
2025.11.13 20:30,4190.34,4190.69,4145.18,4155.66
2025.11.13 20:45,4155.64,4161.95,4150.05,4157.7
2025.11.13 21:00,4157.65,4157.68,4145.68,4153.81
2025.11.13 21:15,4153.89,4160.96,4150.57,4159.84
2025.11.13 21:30,4159.83,4169.57,4158.04,4169.57
2025.11.13 21:45,4169.57,4170.41,4162.2,4163.78
2025.11.13 22:00,4163.79,4166.96,4160.18,4164.98
2025.11.13 22:15,4165.03,4170.32,4160.73,4169.03
2025.11.13 22:30,4169.1,4170.51,4163.31,4164.59
2025.11.13 22:45,4164.57,4167.02,4160.72,4163.86
2025.11.13 23:00,4163.85,4181.36,4161.0,4178.31
2025.11.13 23:15,4178.33,4178.4,4172.75,4173.9
2025.11.13 23:30,4173.9,4175.78,4169.28,4172.92
2025.11.13 23:45,4172.92,4173.59,4170.96,4171.3
2025.11.14 01:00,4171.49,4181.65,4169.97,4176.39
2025.11.14 01:15,4176.48,4184.49,4175.84,4178.93
2025.11.14 01:30,4179.05,4181.64,4176.43,4179.2
2025.11.14 01:45,4179.19,4186.54,4178.7,4185.83
2025.11.14 02:00,4185.9,4186.52,4179.14,4185.45
2025.11.14 02:15,4185.38,4189.74,4182.33,4188.26
2025.11.14 02:30,4188.2,4189.58,4185.35,4186.67
2025.11.14 02:45,4186.68,4187.2,4177.98,4183.64
2025.11.14 03:00,4183.59,4188.9,4178.71,4182.86
2025.11.14 03:15,4182.9,4186.53,4173.98,4174.45
2025.11.14 03:30,4174.46,4183.71,4173.51,4179.82
2025.11.14 03:45,4179.84,4193.79,4179.8,4189.77
2025.11.14 04:00,4189.76,4194.49,4188.43,4193.95
2025.11.14 04:15,4193.96,4202.41,4192.19,4199.41
2025.11.14 04:30,4199.46,4204.43,4199.05,4203.78
2025.11.14 04:45,4203.77,4210.31,4202.6,4206.86
2025.11.14 05:00,4206.95,4208.71,4203.07,4205.52
2025.11.14 05:15,4205.48,4210.92,4204.42,4210.66
2025.11.14 05:30,4210.67,4211.18,4206.77,4206.96
2025.11.14 05:45,4207.06,4207.07,4201.22,4204.18
2025.11.14 06:00,4204.14,4205.55,4197.95,4199.82
2025.11.14 06:15,4200.11,4201.37,4197.0,4197.6
2025.11.14 06:30,4197.51,4204.1,4197.1,4202.23
2025.11.14 06:45,4202.3,4203.39,4199.83,4203.14
2025.11.14 07:00,4203.31,4203.44,4188.75,4189.26
2025.11.14 07:15,4189.17,4189.36,4183.77,4187.98
2025.11.14 07:30,4188.13,4196.63,4185.51,4193.82
2025.11.14 07:45,4193.81,4195.33,4187.75,4189.77
2025.11.14 08:00,4189.81,4193.23,4186.09,4189.54
2025.11.14 08:15,4189.52,4189.98,4173.32,4178.08
2025.11.14 08:30,4178.03,4183.84,4176.08,4180.19
2025.11.14 08:45,4180.18,4180.26,4169.46,4175.27
2025.11.14 09:00,4175.19,4177.31,4169.28,4171.29
2025.11.14 09:15,4171.28,4173.97,4158.64,4163.13
2025.11.14 09:30,4163.15,4174.16,4162.54,4173.73
2025.11.14 09:45,4173.89,4182.26,4173.15,4180.98
2025.11.14 10:00,4181.01,4182.03,4173.03,4174.18
2025.11.14 10:15,4174.13,4184.12,4173.47,4176.93
2025.11.14 10:30,4176.81,4186.87,4176.08,4182.65
2025.11.14 10:45,4182.59,4183.71,4170.05,4175.96
2025.11.14 11:00,4175.95,4180.38,4167.89,4174.54
2025.11.14 11:15,4174.51,4177.04,4168.2,4169.94
2025.11.14 11:30,4169.89,4171.53,4166.37,4170.77
2025.11.14 11:45,4170.82,4171.69,4168.95,4169.29
2025.11.14 12:00,4169.28,4170.46,4162.57,4165.35
2025.11.14 12:15,4165.32,4170.76,4162.8,4164.92
2025.11.14 12:30,4164.95,4168.33,4159.38,4167.39
2025.11.14 12:45,4167.41,4170.94,4165.64,4167.86
2025.11.14 13:00,4167.83,4169.91,4150.86,4152.84
2025.11.14 13:15,4152.82,4152.83,4141.85,4148.59
2025.11.14 13:30,4148.59,4157.73,4148.5,4153.53
2025.11.14 13:45,4153.4,4153.48,4130.78,4132.83
2025.11.14 14:00,4132.79,4140.5,4123.79,4125.8
2025.11.14 14:15,4125.87,4128.36,4111.01,4113.17
2025.11.14 14:30,4113.15,4119.12,4107.51,4115.27
2025.11.14 14:45,4115.26,4119.49,4109.75,4116.04
2025.11.14 15:00,4115.8,4118.87,4084.12,4086.01
2025.11.14 15:15,4086.24,4091.89,4053.22,4055.35
2025.11.14 15:30,4055.26,4063.54,4046.34,4054.67
2025.11.14 15:45,4054.58,4057.71,4041.12,4055.73
2025.11.14 16:00,4055.56,4055.71,4037.41,4050.09
2025.11.14 16:15,4050.14,4060.21,4046.3,4053.46
2025.11.14 16:30,4053.5,4072.35,4031.93,4067.59
2025.11.14 16:45,4067.64,4083.91,4063.08,4082.59
2025.11.14 17:00,4082.25,4082.25,4068.38,4079.02
2025.11.14 17:15,4079.02,4082.07,4071.39,4080.81
2025.11.14 17:30,4080.77,4083.47,4072.59,4073.2
2025.11.14 17:45,4073.16,4096.3,4071.85,4093.42
2025.11.14 18:00,4093.58,4095.17,4080.89,4084.01
2025.11.14 18:15,4084.03,4103.12,4082.15,4102.01
2025.11.14 18:30,4102.06,4111.0,4096.27,4108.12
2025.11.14 18:45,4108.34,4109.11,4102.12,4105.09
2025.11.14 19:00,4105.09,4110.47,4095.96,4102.37
2025.11.14 19:15,4102.46,4104.02,4094.01,4098.83
2025.11.14 19:30,4098.83,4110.26,4098.02,4103.23
2025.11.14 19:45,4103.25,4104.57,4096.05,4099.76
2025.11.14 20:00,4099.76,4100.2,4085.81,4094.68
2025.11.14 20:15,4094.73,4095.02,4080.7,4093.01
2025.11.14 20:30,4092.94,4103.5,4090.76,4096.77
2025.11.14 20:45,4096.73,4102.83,4095.44,4097.89
2025.11.14 21:00,4097.81,4099.94,4089.72,4094.99
2025.11.14 21:15,4095.02,4097.1,4091.98,4093.42
2025.11.14 21:30,4093.39,4095.41,4089.8,4090.04
2025.11.14 21:45,4090.07,4095.46,4087.59,4089.81
2025.11.14 22:00,4089.88,4092.19,4083.56,4087.32
2025.11.14 22:15,4087.29,4088.9,4075.38,4083.63
2025.11.14 22:30,4083.72,4092.26,4081.86,4087.46
2025.11.14 22:45,4087.32,4091.42,4084.87,4087.03
2025.11.14 23:00,4086.99,4086.99,4078.87,4079.6
2025.11.14 23:15,4079.52,4085.08,4079.41,4082.8
2025.11.14 23:30,4082.78,4084.06,4077.87,4080.37
2025.11.14 23:45,4080.36,4086.08,4078.96,4084.77
2025.11.17 01:00,4086.77,4104.73,4072.85,4098.64
2025.11.17 01:15,4098.51,4106.43,4095.15,4103.35
2025.11.17 01:30,4103.91,4105.89,4098.67,4102.2
2025.11.17 01:45,4102.22,4102.92,4093.62,4096.06
2025.11.17 02:00,4096.11,4097.96,4083.98,4084.79
2025.11.17 02:15,4084.82,4091.79,4080.62,4086.27
2025.11.17 02:30,4086.36,4092.14,4084.82,4089.82
2025.11.17 02:45,4089.64,4091.39,4081.29,4083.1
2025.11.17 03:00,4083.07,4095.86,4082.43,4093.52
2025.11.17 03:15,4093.55,4096.79,4085.26,4095.7
2025.11.17 03:30,4095.72,4101.69,4093.98,4098.61
2025.11.17 03:45,4098.63,4099.5,4089.95,4091.11
2025.11.17 04:00,4090.99,4092.46,4083.55,4088.94
2025.11.17 04:15,4088.75,4092.19,4085.89,4091.7
2025.11.17 04:30,4091.67,4093.62,4085.38,4088.22
2025.11.17 04:45,4088.2,4089.53,4080.57,4081.53
2025.11.17 05:00,4081.17,4082.86,4069.67,4079.79
2025.11.17 05:15,4079.8,4085.91,4075.6,4080.17
2025.11.17 05:30,4080.16,4083.07,4077.81,4082.71
2025.11.17 05:45,4082.86,4084.97,4080.59,4082.73
2025.11.17 06:00,4082.71,4087.98,4081.96,4083.63
2025.11.17 06:15,4083.65,4084.29,4081.0,4083.2
2025.11.17 06:30,4083.26,4085.14,4081.17,4083.3
2025.11.17 06:45,4083.08,4083.49,4076.68,4078.43
2025.11.17 07:00,4078.56,4078.56,4071.97,4072.25
2025.11.17 07:15,4072.28,4072.69,4058.99,4064.25
2025.11.17 07:30,4064.26,4064.86,4049.56,4057.22
2025.11.17 07:45,4057.18,4060.13,4053.4,4058.18
2025.11.17 08:00,4058.21,4066.45,4054.6,4058.45
2025.11.17 08:15,4058.48,4064.71,4056.19,4063.0
2025.11.17 08:30,4062.97,4072.05,4062.42,4066.61
2025.11.17 08:45,4066.59,4069.81,4064.62,4065.89
2025.11.17 09:00,4065.89,4073.42,4065.05,4072.59
2025.11.17 09:15,4072.6,4079.48,4072.12,4078.74
2025.11.17 09:30,4078.64,4083.04,4077.16,4083.04
2025.11.17 09:45,4083.07,4089.02,4082.95,4088.03
2025.11.17 10:00,4087.97,4095.78,4086.75,4090.07
2025.11.17 10:15,4090.06,4090.5,4078.92,4080.83
2025.11.17 10:30,4080.85,4083.85,4075.64,4077.52
2025.11.17 10:45,4077.55,4079.45,4071.93,4077.22
2025.11.17 11:00,4077.03,4082.13,4072.05,4081.94
2025.11.17 11:15,4082.17,4085.08,4079.21,4083.35
2025.11.17 11:30,4083.31,4088.58,4081.9,4086.05
2025.11.17 11:45,4086.12,4086.48,4078.94,4081.98
2025.11.17 12:00,4082.01,4089.27,4081.13,4087.06
2025.11.17 12:15,4087.08,4089.31,4083.64,4084.2
2025.11.17 12:30,4083.94,4086.31,4077.89,4079.24
2025.11.17 12:45,4079.25,4080.95,4068.27,4070.01
2025.11.17 13:00,4070.04,4073.67,4060.98,4068.1
2025.11.17 13:15,4068.07,4072.16,4065.28,4065.61
2025.11.17 13:30,4065.56,4082.83,4064.3,4080.09
2025.11.17 13:45,4080.11,4085.74,4076.39,4078.28
2025.11.17 14:00,4078.27,4080.15,4076.53,4078.27
2025.11.17 14:15,4078.32,4080.14,4074.54,4078.16
2025.11.17 14:30,4077.92,4085.17,4077.57,4082.51
2025.11.17 14:45,4082.46,4083.2,4074.9,4077.07
2025.11.17 15:00,4077.05,4092.13,4075.9,4083.22
2025.11.17 15:15,4083.23,4087.01,4074.9,4076.41
2025.11.17 15:30,4076.45,4079.44,4067.26,4069.14
2025.11.17 15:45,4069.08,4071.1,4060.23,4065.24
2025.11.17 16:00,4065.05,4074.28,4060.64,4073.41
2025.11.17 16:15,4073.45,4074.49,4064.02,4066.3
2025.11.17 16:30,4066.33,4081.79,4065.36,4073.87
2025.11.17 16:45,4073.9,4080.27,4072.07,4076.07
2025.11.17 17:00,4076.06,4077.44,4061.56,4068.79
2025.11.17 17:15,4068.82,4075.69,4060.69,4072.32
2025.11.17 17:30,4072.33,4077.26,4070.51,4073.53
2025.11.17 17:45,4073.5,4073.67,4063.38,4064.16
2025.11.17 18:00,4064.06,4065.21,4052.11,4061.46
2025.11.17 18:15,4061.47,4068.77,4059.06,4068.77
2025.11.17 18:30,4068.78,4073.52,4067.78,4068.59
2025.11.17 18:45,4068.67,4070.77,4065.06,4069.87
2025.11.17 19:00,4069.93,4075.54,4069.53,4073.91
2025.11.17 19:15,4073.92,4080.42,4072.13,4077.08
2025.11.17 19:30,4077.23,4080.9,4073.66,4075.37
2025.11.17 19:45,4075.43,4075.69,4071.13,4073.24
2025.11.17 20:00,4073.25,4076.01,4070.94,4072.48
2025.11.17 20:15,4072.52,4075.27,4067.59,4072.84
2025.11.17 20:30,4072.89,4072.89,4067.26,4068.57
2025.11.17 20:45,4068.53,4071.5,4062.21,4062.52
2025.11.17 21:00,4062.49,4064.2,4056.34,4060.44
2025.11.17 21:15,4060.5,4065.01,4053.32,4056.48
2025.11.17 21:30,4056.46,4058.42,4016.02,4019.35
2025.11.17 21:45,4019.24,4025.66,4010.73,4011.11
2025.11.17 22:00,4011.05,4022.66,4006.78,4016.28
2025.11.17 22:15,4016.26,4027.69,4015.4,4026.82
2025.11.17 22:30,4026.9,4031.32,4025.02,4029.65
2025.11.17 22:45,4029.7,4044.13,4029.23,4040.8
2025.11.17 23:00,4040.79,4045.32,4038.76,4044.18
2025.11.17 23:15,4044.19,4045.58,4042.51,4043.3
2025.11.17 23:30,4043.42,4044.62,4042.48,4043.36
2025.11.17 23:45,4043.36,4045.94,4042.52,4045.49
2025.11.18 01:00,4044.66,4054.94,4044.66,4049.96
2025.11.18 01:15,4049.91,4052.41,4047.59,4048.08
2025.11.18 01:30,4048.1,4049.61,4034.24,4037.2
2025.11.18 01:45,4037.02,4042.57,4028.46,4036.41
2025.11.18 02:00,4036.5,4040.14,4030.13,4036.22
2025.11.18 02:15,4036.37,4036.65,4027.08,4030.63
2025.11.18 02:30,4030.61,4039.09,4028.66,4037.02
2025.11.18 02:45,4037.01,4041.02,4031.95,4039.86
2025.11.18 03:00,4040.08,4045.03,4034.82,4040.68
2025.11.18 03:15,4040.65,4044.88,4036.85,4040.12
2025.11.18 03:30,4040.16,4041.29,4029.63,4032.84
2025.11.18 03:45,4032.82,4033.72,4022.23,4024.87
2025.11.18 04:00,4024.86,4034.12,4019.1,4033.92
2025.11.18 04:15,4033.95,4034.27,4026.83,4030.52
2025.11.18 04:30,4030.58,4035.68,4028.12,4029.73
2025.11.18 04:45,4029.7,4030.6,4015.15,4017.73
2025.11.18 05:00,4017.75,4019.58,4010.03,4014.42
2025.11.18 05:15,4014.39,4015.11,4008.36,4012.75
2025.11.18 05:30,4012.79,4026.27,4011.42,4022.04
2025.11.18 05:45,4021.93,4022.06,4011.13,4013.2
2025.11.18 06:00,4013.2,4013.5,4009.62,4010.87
2025.11.18 06:15,4010.91,4017.92,4004.6,4017.49
2025.11.18 06:30,4017.54,4017.71,4007.41,4010.04
2025.11.18 06:45,4010.07,4012.05,4008.47,4010.23
2025.11.18 07:00,4010.25,4014.13,4007.93,4011.91
2025.11.18 07:15,4011.88,4021.68,4010.36,4016.76
2025.11.18 07:30,4016.79,4024.63,4016.6,4023.6
2025.11.18 07:45,4023.63,4025.08,4015.48,4018.79
2025.11.18 08:00,4018.88,4020.33,4012.4,4012.51
2025.11.18 08:15,4012.49,4015.63,4008.14,4014.08
2025.11.18 08:30,4013.92,4015.49,4007.5,4011.05
2025.11.18 08:45,4010.99,4015.68,4008.63,4008.75
2025.11.18 09:00,4008.75,4009.27,4002.43,4008.25
2025.11.18 09:15,4008.33,4010.61,4002.05,4002.22
2025.11.18 09:30,4002.22,4015.0,3997.76,4011.63
2025.11.18 09:45,4011.64,4017.46,4009.87,4013.59
2025.11.18 10:00,4013.59,4026.71,4010.45,4024.91
2025.11.18 10:15,4024.88,4026.25,4020.97,4022.08
2025.11.18 10:30,4022.06,4042.56,4021.43,4037.05
2025.11.18 10:45,4037.0,4041.52,4033.81,4036.53
2025.11.18 11:00,4036.54,4038.94,4030.29,4033.13
2025.11.18 11:15,4033.08,4039.71,4033.08,4034.52
2025.11.18 11:30,4034.4,4037.42,4030.16,4037.42
2025.11.18 11:45,4037.41,4047.07,4035.92,4040.09
2025.11.18 12:00,4040.07,4044.79,4037.59,4040.73
2025.11.18 12:15,4040.75,4043.34,4038.16,4038.16
2025.11.18 12:30,4037.83,4043.48,4037.21,4043.19
2025.11.18 12:45,4043.21,4050.17,4041.45,4044.0
2025.11.18 13:00,4044.01,4048.53,4042.47,4045.55
2025.11.18 13:15,4045.52,4048.97,4044.3,4048.3
2025.11.18 13:30,4048.35,4050.23,4043.34,4044.62
2025.11.18 13:45,4044.6,4045.04,4036.72,4039.4
2025.11.18 14:00,4039.43,4044.98,4037.75,4039.9
2025.11.18 14:15,4039.88,4043.25,4031.96,4033.05
2025.11.18 14:30,4033.01,4039.9,4032.09,4033.35
2025.11.18 14:45,4033.32,4035.13,4029.06,4032.29
2025.11.18 15:00,4032.7,4045.87,4031.19,4042.85
2025.11.18 15:15,4043.15,4052.59,4040.62,4048.77
2025.11.18 15:30,4048.73,4067.98,4047.83,4063.08
2025.11.18 15:45,4063.14,4070.12,4061.85,4065.06
2025.11.18 16:00,4065.16,4075.08,4063.22,4073.6
2025.11.18 16:15,4073.63,4080.34,4073.12,4074.59
2025.11.18 16:30,4074.54,4081.68,4069.57,4073.02
2025.11.18 16:45,4073.16,4077.47,4057.99,4065.48
2025.11.18 17:00,4065.45,4067.86,4053.27,4059.36
2025.11.18 17:15,4059.26,4067.11,4053.9,4064.62
2025.11.18 17:30,4064.61,4072.26,4058.04,4060.17
2025.11.18 17:45,4060.18,4060.97,4048.96,4052.85
2025.11.18 18:00,4052.88,4054.52,4040.32,4053.42
2025.11.18 18:15,4053.4,4065.17,4051.36,4064.64
2025.11.18 18:30,4064.7,4066.78,4057.54,4062.3
2025.11.18 18:45,4062.41,4068.99,4060.42,4066.66
2025.11.18 19:00,4066.62,4070.4,4063.57,4066.0
2025.11.18 19:15,4066.0,4067.95,4059.33,4061.39
2025.11.18 19:30,4061.28,4075.62,4060.43,4072.87
2025.11.18 19:45,4072.92,4074.14,4069.64,4071.4
2025.11.18 20:00,4071.3,4074.54,4067.55,4068.24
2025.11.18 20:15,4068.27,4070.23,4062.99,4065.55
2025.11.18 20:30,4065.85,4072.75,4063.52,4070.66
2025.11.18 20:45,4070.63,4074.26,4069.18,4072.43
2025.11.18 21:00,4072.45,4079.68,4072.43,4079.46
2025.11.18 21:15,4079.42,4080.72,4074.88,4075.43
2025.11.18 21:30,4075.5,4080.99,4073.36,4076.52
2025.11.18 21:45,4076.85,4081.81,4076.48,4080.92
2025.11.18 22:00,4081.08,4082.18,4073.07,4073.37
2025.11.18 22:15,4073.36,4076.25,4069.18,4072.09
2025.11.18 22:30,4072.11,4073.45,4068.29,4068.51
2025.11.18 22:45,4068.65,4071.28,4067.21,4069.38
2025.11.18 23:00,4069.35,4072.22,4069.12,4070.23
2025.11.18 23:15,4069.75,4069.88,4064.69,4065.61
2025.11.18 23:30,4065.8,4068.3,4065.05,4067.17
2025.11.18 23:45,4067.13,4068.17,4065.55,4067.36
2025.11.19 01:00,4068.23,4072.88,4065.83,4071.02
2025.11.19 01:15,4071.03,4073.2,4070.63,4071.14
2025.11.19 01:30,4071.13,4073.73,4067.93,4073.26
2025.11.19 01:45,4073.3,4077.83,4069.89,4076.69
2025.11.19 02:00,4076.67,4077.76,4071.04,4072.94
2025.11.19 02:15,4072.89,4078.4,4070.92,4074.53
2025.11.19 02:30,4074.16,4077.25,4074.03,4075.34
2025.11.19 02:45,4075.2,4075.66,4067.34,4069.18
2025.11.19 03:00,4069.2,4070.05,4061.21,4064.39
2025.11.19 03:15,4064.41,4069.67,4060.56,4067.6
2025.11.19 03:30,4067.56,4070.25,4061.27,4065.32
2025.11.19 03:45,4065.38,4065.42,4056.19,4058.94
2025.11.19 04:00,4059.0,4063.55,4055.35,4059.59
2025.11.19 04:15,4059.66,4064.91,4059.4,4064.24
2025.11.19 04:30,4064.22,4078.47,4063.93,4078.23
2025.11.19 04:45,4078.2,4080.48,4075.13,4075.54
2025.11.19 05:00,4075.44,4078.52,4072.15,4073.49
2025.11.19 05:15,4073.57,4075.4,4069.44,4071.73
2025.11.19 05:30,4071.7,4074.06,4070.21,4073.03
2025.11.19 05:45,4073.05,4076.14,4065.96,4066.81
2025.11.19 06:00,4066.84,4070.86,4064.44,4068.58
2025.11.19 06:15,4068.54,4075.59,4068.15,4074.08
2025.11.19 06:30,4074.02,4076.72,4072.16,4074.74
2025.11.19 06:45,4074.66,4076.64,4073.11,4075.08
2025.11.19 07:00,4075.07,4079.36,4074.07,4079.02
2025.11.19 07:15,4078.93,4091.92,4078.83,4088.57
2025.11.19 07:30,4088.52,4097.27,4087.65,4092.18
2025.11.19 07:45,4092.14,4095.4,4090.02,4095.37
2025.11.19 08:00,4095.38,4098.46,4092.19,4096.86
2025.11.19 08:15,4096.88,4096.88,4088.93,4092.05
2025.11.19 08:30,4092.03,4095.39,4089.32,4094.02
2025.11.19 08:45,4093.96,4095.31,4089.69,4090.84
2025.11.19 09:00,4090.69,4092.72,4084.68,4087.26
2025.11.19 09:15,4087.27,4090.82,4085.21,4088.43
2025.11.19 09:30,4088.86,4095.94,4088.01,4094.67
2025.11.19 09:45,4094.68,4096.64,4086.07,4086.79
2025.11.19 10:00,4086.7,4086.72,4078.15,4082.05
2025.11.19 10:15,4082.09,4088.58,4080.41,4087.83
2025.11.19 10:30,4087.75,4088.44,4080.13,4081.4
2025.11.19 10:45,4081.41,4085.52,4080.24,4083.36
2025.11.19 11:00,4083.11,4090.54,4081.02,4089.74
2025.11.19 11:15,4089.63,4091.9,4085.5,4091.0
2025.11.19 11:30,4090.97,4098.62,4087.72,4098.34
2025.11.19 11:45,4098.41,4116.15,4098.2,4113.15
2025.11.19 12:00,4113.22,4118.95,4108.97,4110.96
2025.11.19 12:15,4111.04,4115.66,4110.64,4112.3
2025.11.19 12:30,4111.94,4114.61,4110.13,4112.54
2025.11.19 12:45,4112.59,4113.63,4106.88,4108.85
2025.11.19 13:00,4109.06,4111.22,4106.37,4110.02
2025.11.19 13:15,4110.01,4117.49,4109.85,4114.23
2025.11.19 13:30,4114.18,4114.88,4109.77,4111.38
2025.11.19 13:45,4111.36,4116.83,4111.28,4112.91
2025.11.19 14:00,4112.93,4119.63,4112.49,4115.98
2025.11.19 14:15,4115.97,4117.41,4112.03,4117.03
2025.11.19 14:30,4117.11,4119.74,4114.83,4117.24
2025.11.19 14:45,4117.23,4119.53,4112.08,4114.42
2025.11.19 15:00,4114.43,4115.08,4101.18,4103.0
2025.11.19 15:15,4102.98,4109.56,4100.67,4109.28
2025.11.19 15:30,4109.25,4114.93,4106.4,4114.38
2025.11.19 15:45,4114.39,4117.59,4105.89,4110.52
2025.11.19 16:00,4110.58,4118.54,4110.55,4117.5
2025.11.19 16:15,4117.52,4118.61,4105.75,4106.68
2025.11.19 16:30,4106.69,4117.38,4101.8,4112.35
2025.11.19 16:45,4112.35,4128.8,4109.13,4127.67
2025.11.19 17:00,4127.57,4130.11,4120.55,4129.75
2025.11.19 17:15,4129.8,4132.73,4115.81,4116.12
2025.11.19 17:30,4116.14,4121.1,4108.96,4109.86
2025.11.19 17:45,4109.95,4110.68,4089.95,4096.53
2025.11.19 18:00,4096.39,4098.47,4083.73,4094.67
2025.11.19 18:15,4094.62,4095.3,4071.6,4074.47
2025.11.19 18:30,4074.22,4079.2,4067.78,4073.38
2025.11.19 18:45,4073.32,4078.15,4069.89,4074.54
2025.11.19 19:00,4074.18,4076.25,4055.44,4065.37
2025.11.19 19:15,4065.35,4072.96,4061.79,4072.06
2025.11.19 19:30,4071.93,4078.13,4062.96,4075.05
2025.11.19 19:45,4074.93,4081.04,4071.88,4078.7
2025.11.19 20:00,4078.66,4085.53,4078.44,4083.78
2025.11.19 20:15,4083.77,4086.46,4078.53,4081.62
2025.11.19 20:30,4081.39,4084.25,4075.6,4079.17
2025.11.19 20:45,4079.16,4091.16,4078.16,4086.95
2025.11.19 21:00,4086.91,4087.04,4073.05,4077.86
2025.11.19 21:15,4077.92,4079.02,4069.13,4071.72
2025.11.19 21:30,4071.68,4076.68,4069.08,4071.74
2025.11.19 21:45,4071.75,4077.34,4070.82,4073.49
2025.11.19 22:00,4073.47,4078.02,4072.13,4075.57
2025.11.19 22:15,4075.57,4081.93,4075.57,4079.18
2025.11.19 22:30,4079.15,4080.41,4074.57,4076.99
2025.11.19 22:45,4077.16,4078.13,4072.21,4076.2
2025.11.19 23:00,4076.22,4076.22,4071.25,4072.19
2025.11.19 23:15,4072.24,4077.21,4065.46,4076.6
2025.11.19 23:30,4076.44,4084.61,4076.12,4080.0
2025.11.19 23:45,4080.37,4082.02,4076.42,4077.72
2025.11.20 01:00,4078.96,4089.48,4078.8,4088.07
2025.11.20 01:15,4087.97,4090.91,4087.46,4087.96
2025.11.20 01:30,4088.05,4098.67,4085.75,4096.29
2025.11.20 01:45,4096.28,4108.01,4096.25,4104.34
2025.11.20 02:00,4104.48,4110.01,4103.32,4105.47
2025.11.20 02:15,4105.49,4108.99,4104.97,4105.41
2025.11.20 02:30,4105.33,4108.65,4101.29,4104.87
2025.11.20 02:45,4104.91,4105.74,4100.21,4102.89
2025.11.20 03:00,4102.85,4109.0,4096.24,4097.29
2025.11.20 03:15,4097.3,4098.94,4092.03,4094.04
2025.11.20 03:30,4094.03,4094.53,4088.08,4091.49
2025.11.20 03:45,4091.54,4098.28,4080.86,4081.34
2025.11.20 04:00,4081.17,4081.52,4059.04,4063.26
2025.11.20 04:15,4062.98,4064.03,4041.22,4055.11
2025.11.20 04:30,4055.37,4061.91,4053.42,4061.56
2025.11.20 04:45,4061.6,4070.1,4060.0,4066.84
2025.11.20 05:00,4066.81,4085.42,4066.31,4077.98
2025.11.20 05:15,4077.96,4078.41,4072.51,4075.97
2025.11.20 05:30,4076.0,4076.52,4064.91,4065.79
2025.11.20 05:45,4065.47,4072.86,4064.71,4072.21
2025.11.20 06:00,4072.19,4078.66,4068.13,4077.79
2025.11.20 06:15,4077.77,4079.88,4076.05,4078.1
2025.11.20 06:30,4078.11,4079.46,4073.18,4076.52
2025.11.20 06:45,4076.43,4080.36,4074.48,4075.29
2025.11.20 07:00,4075.31,4075.69,4067.83,4071.24
2025.11.20 07:15,4071.14,4073.85,4068.15,4069.48
2025.11.20 07:30,4069.46,4072.13,4064.15,4066.92
2025.11.20 07:45,4066.76,4071.75,4066.12,4066.52
2025.11.20 08:00,4066.43,4077.63,4064.78,4073.28
2025.11.20 08:15,4073.22,4074.64,4058.34,4062.77
2025.11.20 08:30,4062.51,4072.0,4061.43,4067.73
2025.11.20 08:45,4067.74,4070.24,4063.36,4068.16
2025.11.20 09:00,4068.01,4076.45,4065.44,4073.37
2025.11.20 09:15,4073.34,4073.49,4060.09,4062.69
2025.11.20 09:30,4062.65,4067.99,4058.52,4059.69
2025.11.20 09:45,4059.16,4061.64,4054.13,4059.85
2025.11.20 10:00,4059.74,4063.0,4042.6,4047.11
2025.11.20 10:15,4047.07,4050.51,4038.66,4045.76
2025.11.20 10:30,4045.8,4058.35,4043.87,4054.35
2025.11.20 10:45,4054.37,4069.24,4051.7,4063.22
2025.11.20 11:00,4063.28,4072.6,4062.89,4068.59
2025.11.20 11:15,4068.68,4071.53,4058.72,4059.1
2025.11.20 11:30,4059.07,4067.35,4055.44,4063.41
2025.11.20 11:45,4063.43,4068.82,4059.67,4064.02
2025.11.20 12:00,4064.03,4068.06,4058.78,4059.5
2025.11.20 12:15,4059.48,4063.88,4058.05,4061.43
2025.11.20 12:30,4061.37,4066.89,4061.09,4063.37
2025.11.20 12:45,4063.08,4064.93,4058.23,4059.8
2025.11.20 13:00,4059.68,4060.94,4054.07,4057.13
2025.11.20 13:15,4057.1,4057.1,4050.91,4056.45
2025.11.20 13:30,4056.45,4068.3,4054.42,4066.44
2025.11.20 13:45,4066.59,4066.64,4056.46,4060.7
2025.11.20 14:00,4060.49,4074.73,4060.04,4072.48
2025.11.20 14:15,4072.52,4079.05,4069.48,4073.03
2025.11.20 14:30,4073.07,4079.08,4072.71,4076.62
2025.11.20 14:45,4076.69,4081.75,4074.18,4081.65
2025.11.20 15:00,4081.7,4094.39,4081.22,4090.02
2025.11.20 15:15,4090.11,4092.99,4083.53,4085.68
2025.11.20 15:30,4085.95,4095.96,4066.6,4080.26
2025.11.20 15:45,4080.28,4089.83,4072.99,4080.01
2025.11.20 16:00,4080.0,4083.17,4072.07,4078.47
2025.11.20 16:15,4078.46,4088.45,4078.22,4080.38
2025.11.20 16:30,4080.43,4091.23,4074.33,4088.75
2025.11.20 16:45,4088.77,4107.0,4086.3,4093.2
2025.11.20 17:00,4093.1,4096.95,4082.45,4092.24
2025.11.20 17:15,4092.15,4098.59,4086.21,4095.2
2025.11.20 17:30,4095.31,4095.92,4074.73,4087.8
2025.11.20 17:45,4087.85,4088.4,4069.98,4070.04
2025.11.20 18:00,4070.1,4082.39,4068.53,4074.42
2025.11.20 18:15,4074.46,4078.21,4062.84,4065.12
2025.11.20 18:30,4064.67,4067.98,4057.71,4059.1
2025.11.20 18:45,4059.08,4067.14,4044.68,4049.02
2025.11.20 19:00,4048.62,4054.7,4043.62,4052.5
2025.11.20 19:15,4052.35,4061.23,4050.35,4056.09
2025.11.20 19:30,4056.06,4059.96,4049.27,4052.35
2025.11.20 19:45,4052.2,4068.31,4051.48,4065.88
2025.11.20 20:00,4065.79,4072.29,4064.25,4066.19
2025.11.20 20:15,4066.21,4066.95,4056.18,4060.19
2025.11.20 20:30,4060.08,4067.2,4057.48,4060.97
2025.11.20 20:45,4060.96,4062.94,4056.59,4060.47
2025.11.20 21:00,4060.45,4069.07,4058.89,4069.02
2025.11.20 21:15,4068.91,4086.98,4066.2,4083.99
2025.11.20 21:30,4083.93,4086.96,4079.17,4082.79
2025.11.20 21:45,4082.83,4085.38,4080.11,4084.51
2025.11.20 22:00,4084.63,4084.96,4074.0,4077.01
2025.11.20 22:15,4077.05,4081.33,4073.86,4077.16
2025.11.20 22:30,4077.13,4078.1,4073.22,4077.76
2025.11.20 22:45,4077.75,4080.02,4073.36,4077.12
2025.11.20 23:00,4077.55,4079.57,4074.19,4076.96
2025.11.20 23:15,4076.97,4080.75,4076.26,4078.88
2025.11.20 23:30,4078.86,4080.16,4076.34,4076.46
2025.11.20 23:45,4076.44,4079.58,4076.44,4077.14
2025.11.21 01:00,4074.34,4085.15,4072.84,4084.97
2025.11.21 01:15,4084.9,4085.77,4076.61,4080.9
2025.11.21 01:30,4080.97,4088.03,4079.7,4086.94
2025.11.21 01:45,4086.98,4088.82,4074.19,4078.96
2025.11.21 02:00,4078.82,4081.14,4073.46,4079.58
2025.11.21 02:15,4079.57,4080.93,4071.52,4074.84
2025.11.21 02:30,4074.85,4079.8,4071.74,4078.29
2025.11.21 02:45,4078.26,4079.51,4071.46,4073.64
2025.11.21 03:00,4073.66,4073.69,4062.9,4064.24
2025.11.21 03:15,4064.27,4068.57,4061.31,4061.7
2025.11.21 03:30,4061.73,4064.63,4060.31,4064.0
2025.11.21 03:45,4064.0,4074.38,4063.14,4068.42
2025.11.21 04:00,4068.39,4075.6,4067.94,4073.44
2025.11.21 04:15,4073.33,4075.04,4065.94,4073.44
2025.11.21 04:30,4073.46,4079.85,4071.94,4072.97
2025.11.21 04:45,4072.96,4073.05,4056.44,4057.06
2025.11.21 05:00,4056.94,4059.15,4052.18,4056.34
2025.11.21 05:15,4056.38,4057.8,4049.22,4052.43
2025.11.21 05:30,4052.42,4057.38,4050.61,4054.59
2025.11.21 05:45,4054.61,4059.35,4051.87,4056.12
2025.11.21 06:00,4056.11,4062.41,4052.71,4055.15
2025.11.21 06:15,4055.03,4060.66,4053.38,4059.87
2025.11.21 06:30,4059.88,4060.43,4048.01,4050.37
2025.11.21 06:45,4050.41,4052.77,4047.73,4051.99
2025.11.21 07:00,4052.25,4057.3,4051.4,4055.84
2025.11.21 07:15,4055.85,4057.14,4052.84,4052.84
2025.11.21 07:30,4052.72,4057.21,4047.89,4048.6
2025.11.21 07:45,4048.62,4059.75,4039.56,4058.37
2025.11.21 08:00,4058.4,4064.61,4051.41,4051.59
2025.11.21 08:15,4051.64,4052.26,4030.62,4031.73
2025.11.21 08:30,4031.76,4040.42,4029.15,4035.89
2025.11.21 08:45,4035.7,4038.99,4032.58,4032.61
2025.11.21 09:00,4032.62,4033.03,4024.62,4032.2
2025.11.21 09:15,4032.21,4037.56,4030.51,4037.49
2025.11.21 09:30,4037.46,4039.66,4031.91,4033.27
2025.11.21 09:45,4033.42,4035.48,4028.5,4031.45
2025.11.21 10:00,4031.16,4039.18,4022.17,4036.9
2025.11.21 10:15,4036.85,4047.99,4033.68,4042.56
2025.11.21 10:30,4042.55,4047.4,4040.63,4043.38
2025.11.21 10:45,4043.37,4046.92,4038.51,4040.9
2025.11.21 11:00,4040.82,4059.61,4040.1,4058.26
2025.11.21 11:15,4058.26,4063.27,4053.86,4056.43
2025.11.21 11:30,4055.91,4060.67,4049.28,4049.33
2025.11.21 11:45,4049.35,4054.77,4048.1,4050.39
2025.11.21 12:00,4050.3,4052.53,4035.3,4038.74
2025.11.21 12:15,4038.71,4043.19,4032.46,4032.46
2025.11.21 12:30,4032.43,4037.63,4032.19,4033.66
2025.11.21 12:45,4033.63,4041.76,4033.25,4037.09
2025.11.21 13:00,4037.02,4046.79,4035.45,4040.27
2025.11.21 13:15,4040.11,4041.99,4036.96,4039.13
2025.11.21 13:30,4039.19,4040.86,4034.94,4036.53
2025.11.21 13:45,4036.5,4038.44,4030.91,4036.45
2025.11.21 14:00,4036.4,4045.74,4034.55,4044.16
2025.11.21 14:15,4044.13,4050.29,4041.05,4044.94
2025.11.21 14:30,4044.93,4063.22,4043.67,4061.58
2025.11.21 14:45,4061.94,4071.46,4060.68,4065.65
2025.11.21 15:00,4065.64,4067.0,4059.07,4062.05
2025.11.21 15:15,4062.12,4070.4,4059.69,4067.37
2025.11.21 15:30,4067.27,4072.17,4066.14,4072.14
2025.11.21 15:45,4072.11,4080.92,4072.09,4079.51
2025.11.21 16:00,4079.6,4083.71,4071.44,4075.99
2025.11.21 16:15,4075.96,4076.39,4063.86,4066.46
2025.11.21 16:30,4066.55,4070.86,4061.48,4062.97
2025.11.21 16:45,4062.98,4075.14,4062.03,4071.53
2025.11.21 17:00,4071.48,4076.61,4066.43,4071.86
2025.11.21 17:15,4071.85,4076.3,4067.49,4068.97
2025.11.21 17:30,4068.82,4070.51,4055.01,4063.34
2025.11.21 17:45,4063.33,4071.71,4062.54,4069.51
2025.11.21 18:00,4069.31,4072.29,4062.92,4066.97
2025.11.21 18:15,4067.04,4071.45,4064.14,4070.02
2025.11.21 18:30,4070.13,4080.95,4069.6,4079.08
2025.11.21 18:45,4079.04,4100.57,4076.2,4099.85
2025.11.21 19:00,4099.85,4100.99,4083.0,4084.41
2025.11.21 19:15,4084.37,4087.04,4078.93,4081.4
2025.11.21 19:30,4081.44,4084.35,4079.26,4083.24
2025.11.21 19:45,4083.27,4088.59,4080.9,4085.45
2025.11.21 20:00,4085.35,4087.33,4079.96,4081.13
2025.11.21 20:15,4081.13,4084.41,4079.03,4079.89
2025.11.21 20:30,4079.84,4081.59,4076.29,4079.38
2025.11.21 20:45,4079.38,4088.1,4079.31,4082.72
2025.11.21 21:00,4082.72,4086.08,4082.47,4084.72
2025.11.21 21:15,4084.71,4091.91,4084.18,4090.45
2025.11.21 21:30,4090.4,4092.04,4085.27,4085.7
2025.11.21 21:45,4085.76,4089.31,4084.46,4087.49
2025.11.21 22:00,4087.47,4088.61,4080.3,4081.02
2025.11.21 22:15,4081.0,4082.87,4068.14,4069.47
2025.11.21 22:30,4069.45,4069.45,4056.25,4059.03
2025.11.21 22:45,4059.06,4069.88,4055.09,4067.13
2025.11.21 23:00,4067.14,4068.83,4054.48,4058.95
2025.11.21 23:15,4059.0,4063.52,4056.95,4062.08
2025.11.21 23:30,4062.16,4066.81,4061.67,4064.9
2025.11.21 23:45,4064.95,4066.99,4062.64,4065.8
2025.11.24 01:00,4071.72,4077.45,4066.13,4074.3
2025.11.24 01:15,4074.02,4077.09,4068.9,4070.43
2025.11.24 01:30,4070.37,4072.17,4065.54,4069.95
2025.11.24 01:45,4069.92,4076.54,4069.2,4074.94
2025.11.24 02:00,4074.93,4075.89,4058.1,4061.94
2025.11.24 02:15,4062.04,4064.56,4058.99,4062.74
2025.11.24 02:30,4062.71,4066.12,4061.79,4065.66
2025.11.24 02:45,4065.69,4067.86,4063.62,4067.31
2025.11.24 03:00,4067.76,4073.15,4051.47,4054.58
2025.11.24 03:15,4054.34,4056.01,4049.96,4055.18
2025.11.24 03:30,4055.19,4056.36,4050.34,4052.13
2025.11.24 03:45,4052.11,4054.18,4042.56,4044.08
2025.11.24 04:00,4044.07,4048.33,4043.3,4046.25
2025.11.24 04:15,4046.51,4048.59,4045.84,4047.82
2025.11.24 04:30,4047.82,4051.41,4045.04,4047.34
2025.11.24 04:45,4047.33,4047.96,4040.5,4043.48
2025.11.24 05:00,4043.45,4050.64,4043.44,4046.48
2025.11.24 05:15,4046.49,4049.29,4044.46,4048.78
2025.11.24 05:30,4048.8,4058.01,4048.8,4056.05
2025.11.24 05:45,4056.06,4056.34,4048.15,4050.34
2025.11.24 06:00,4050.34,4061.1,4049.31,4058.99
2025.11.24 06:15,4059.08,4060.36,4048.37,4050.91
2025.11.24 06:30,4051.01,4052.36,4044.92,4046.68
2025.11.24 06:45,4046.7,4046.77,4042.14,4043.99
2025.11.24 07:00,4044.01,4046.62,4042.79,4045.47
2025.11.24 07:15,4045.52,4047.9,4039.89,4046.96
2025.11.24 07:30,4047.19,4049.4,4042.48,4048.45
2025.11.24 07:45,4048.46,4048.52,4041.2,4046.25
2025.11.24 08:00,4046.26,4054.44,4045.33,4049.58
2025.11.24 08:15,4049.51,4056.53,4047.81,4052.71
2025.11.24 08:30,4052.82,4057.96,4052.41,4056.77
2025.11.24 08:45,4056.76,4056.87,4052.0,4053.24
2025.11.24 09:00,4053.25,4057.39,4051.43,4053.72
2025.11.24 09:15,4053.65,4056.47,4051.79,4052.42
2025.11.24 09:30,4052.43,4066.9,4052.33,4063.83
2025.11.24 09:45,4063.84,4067.64,4058.26,4059.87
2025.11.24 10:00,4059.93,4064.6,4059.56,4061.67
2025.11.24 10:15,4061.68,4066.11,4059.44,4062.87
2025.11.24 10:30,4062.81,4063.58,4059.96,4063.38
2025.11.24 10:45,4063.37,4066.8,4062.24,4063.24
2025.11.24 11:00,4063.23,4074.06,4062.8,4071.94
2025.11.24 11:15,4071.93,4073.61,4066.7,4068.56
2025.11.24 11:30,4068.37,4072.69,4067.61,4070.1
2025.11.24 11:45,4070.12,4072.42,4065.55,4071.79
2025.11.24 12:00,4071.8,4077.14,4070.81,4073.07
2025.11.24 12:15,4073.03,4076.8,4068.26,4070.1
2025.11.24 12:30,4070.12,4070.91,4065.79,4070.18
2025.11.24 12:45,4070.13,4070.78,4063.26,4063.77
2025.11.24 13:00,4063.78,4068.3,4063.07,4066.46
2025.11.24 13:15,4066.44,4070.31,4066.28,4070.09
2025.11.24 13:30,4070.06,4070.92,4066.91,4070.19
2025.11.24 13:45,4070.17,4071.55,4068.78,4069.86
2025.11.24 14:00,4069.85,4074.04,4065.5,4068.61
2025.11.24 14:15,4068.62,4071.14,4067.17,4070.57
2025.11.24 14:30,4070.54,4080.2,4070.38,4078.87
2025.11.24 14:45,4078.82,4083.89,4077.02,4080.21
2025.11.24 15:00,4080.3,4081.55,4075.75,4078.13
2025.11.24 15:15,4078.12,4084.81,4077.17,4080.43
2025.11.24 15:30,4080.44,4085.66,4074.37,4077.23
2025.11.24 15:45,4077.22,4080.76,4073.62,4077.54
2025.11.24 16:00,4077.53,4082.84,4075.87,4079.68
2025.11.24 16:15,4079.67,4080.86,4073.86,4075.47
2025.11.24 16:30,4075.49,4078.8,4068.07,4073.34
2025.11.24 16:45,4073.38,4085.82,4072.04,4081.18
2025.11.24 17:00,4081.34,4093.19,4081.15,4091.98
2025.11.24 17:15,4091.99,4093.59,4087.07,4088.06
2025.11.24 17:30,4087.89,4093.35,4087.04,4093.02
2025.11.24 17:45,4093.0,4093.4,4089.24,4091.64
2025.11.24 18:00,4091.63,4095.33,4089.63,4094.71
2025.11.24 18:15,4094.76,4095.07,4092.01,4092.2
2025.11.24 18:30,4092.23,4098.85,4091.85,4097.66
2025.11.24 18:45,4097.63,4098.33,4094.88,4097.24
2025.11.24 19:00,4097.21,4099.62,4091.47,4091.87
2025.11.24 19:15,4091.83,4094.51,4088.69,4093.27
2025.11.24 19:30,4093.29,4095.92,4092.41,4095.05
2025.11.24 19:45,4095.04,4100.34,4092.3,4092.79
2025.11.24 20:00,4092.81,4093.26,4087.82,4089.9
2025.11.24 20:15,4089.88,4095.66,4089.26,4095.63
2025.11.24 20:30,4095.63,4114.54,4095.54,4112.53
2025.11.24 20:45,4112.46,4125.72,4110.16,4120.34
2025.11.24 21:00,4120.42,4123.95,4116.48,4116.6
2025.11.24 21:15,4116.6,4120.46,4114.7,4118.83
2025.11.24 21:30,4119.0,4119.25,4113.74,4115.91
2025.11.24 21:45,4115.89,4120.9,4115.6,4118.29
2025.11.24 22:00,4118.31,4123.62,4117.82,4121.83
2025.11.24 22:15,4121.86,4125.44,4120.99,4124.73
2025.11.24 22:30,4124.73,4133.36,4124.59,4131.23
2025.11.24 22:45,4131.29,4133.42,4128.55,4132.5
2025.11.24 23:00,4132.45,4133.49,4129.91,4131.68
2025.11.24 23:15,4131.7,4133.06,4130.73,4132.15
2025.11.24 23:30,4132.16,4139.78,4130.97,4139.03
2025.11.24 23:45,4139.09,4139.81,4133.39,4134.54
2025.11.25 01:00,4133.53,4137.87,4125.01,4128.85
2025.11.25 01:15,4129.13,4132.98,4127.07,4131.09
2025.11.25 01:30,4131.13,4136.19,4128.79,4135.99
2025.11.25 01:45,4135.92,4144.06,4135.67,4143.57
2025.11.25 02:00,4143.46,4144.37,4136.15,4136.3
2025.11.25 02:15,4136.26,4140.32,4134.04,4135.34
2025.11.25 02:30,4135.32,4136.89,4131.67,4134.89
2025.11.25 02:45,4134.82,4135.99,4127.35,4129.31
2025.11.25 03:00,4129.47,4135.75,4123.81,4128.06
2025.11.25 03:15,4128.14,4128.64,4122.41,4127.28
2025.11.25 03:30,4127.42,4139.22,4127.27,4136.53
2025.11.25 03:45,4136.52,4137.29,4132.23,4134.6
2025.11.25 04:00,4134.56,4142.14,4132.58,4136.25
2025.11.25 04:15,4136.27,4145.47,4135.22,4144.7
2025.11.25 04:30,4144.65,4152.41,4143.92,4151.89
2025.11.25 04:45,4151.94,4155.81,4149.75,4150.53
2025.11.25 05:00,4150.44,4150.55,4145.11,4145.61
2025.11.25 05:15,4145.65,4147.4,4139.3,4144.99
2025.11.25 05:30,4145.03,4145.69,4140.6,4144.95
2025.11.25 05:45,4144.92,4145.55,4141.04,4143.07
2025.11.25 06:00,4142.92,4145.67,4139.44,4144.7
2025.11.25 06:15,4144.71,4147.68,4144.04,4145.96
2025.11.25 06:30,4145.78,4148.19,4142.73,4145.18
2025.11.25 06:45,4145.15,4146.08,4140.12,4140.51
2025.11.25 07:00,4140.53,4147.89,4140.53,4146.59
2025.11.25 07:15,4146.58,4147.07,4142.43,4143.92
2025.11.25 07:30,4143.93,4147.11,4141.38,4146.52
2025.11.25 07:45,4146.49,4151.75,4144.84,4150.81
2025.11.25 08:00,4150.83,4151.98,4145.82,4147.08
2025.11.25 08:15,4147.05,4148.77,4139.7,4140.76
2025.11.25 08:30,4140.75,4143.72,4138.32,4139.71
2025.11.25 08:45,4139.7,4143.15,4138.87,4141.36
2025.11.25 09:00,4141.39,4145.72,4139.36,4140.23
2025.11.25 09:15,4140.26,4143.37,4134.9,4136.92
2025.11.25 09:30,4136.91,4138.56,4130.72,4137.19
2025.11.25 09:45,4137.19,4139.02,4129.94,4132.34
2025.11.25 10:00,4132.43,4136.21,4131.3,4134.2
2025.11.25 10:15,4134.23,4139.25,4134.23,4136.21
2025.11.25 10:30,4136.19,4136.49,4121.15,4127.29
2025.11.25 10:45,4127.3,4127.95,4109.44,4115.73
2025.11.25 11:00,4115.77,4128.17,4113.84,4126.79
2025.11.25 11:15,4126.77,4130.42,4122.57,4124.65
2025.11.25 11:30,4124.72,4131.21,4121.93,4127.62
2025.11.25 11:45,4127.63,4130.11,4125.82,4128.25
2025.11.25 12:00,4128.26,4137.46,4127.28,4137.18
2025.11.25 12:15,4137.2,4138.65,4128.96,4130.75
2025.11.25 12:30,4130.65,4133.32,4127.99,4131.9
2025.11.25 12:45,4131.88,4134.54,4127.41,4131.23
2025.11.25 13:00,4131.21,4134.66,4127.64,4134.51
2025.11.25 13:15,4134.54,4137.18,4128.5,4132.24
2025.11.25 13:30,4132.26,4133.96,4129.22,4132.44
2025.11.25 13:45,4132.4,4134.02,4129.92,4133.37
2025.11.25 14:00,4133.74,4137.22,4133.16,4135.88
2025.11.25 14:15,4135.82,4138.69,4132.39,4132.7
2025.11.25 14:30,4132.91,4136.71,4117.2,4117.2
2025.11.25 14:45,4117.22,4129.89,4115.88,4129.77
2025.11.25 15:00,4129.78,4139.74,4129.33,4138.0
2025.11.25 15:15,4138.02,4146.84,4137.63,4141.62
2025.11.25 15:30,4141.49,4150.59,4141.49,4145.64
2025.11.25 15:45,4145.6,4150.05,4143.97,4147.5
2025.11.25 16:00,4147.47,4148.34,4138.64,4142.53
2025.11.25 16:15,4142.48,4142.95,4133.31,4134.13
2025.11.25 16:30,4134.09,4137.7,4117.25,4119.67
2025.11.25 16:45,4119.6,4125.98,4110.76,4125.13
2025.11.25 17:00,4125.14,4131.68,4117.81,4129.08
2025.11.25 17:15,4129.1,4133.82,4124.9,4127.79
2025.11.25 17:30,4127.78,4133.25,4126.9,4130.49
2025.11.25 17:45,4130.5,4132.65,4120.8,4122.96
2025.11.25 18:00,4122.51,4131.48,4121.82,4131.15
2025.11.25 18:15,4131.14,4141.17,4131.04,4140.38
2025.11.25 18:30,4140.41,4140.96,4136.26,4139.84
2025.11.25 18:45,4139.88,4140.11,4134.43,4136.15
2025.11.25 19:00,4136.1,4153.1,4135.77,4149.96
2025.11.25 19:15,4149.98,4153.74,4145.08,4149.54
2025.11.25 19:30,4149.58,4159.11,4148.61,4152.45
2025.11.25 19:45,4152.5,4153.33,4144.01,4145.95
2025.11.25 20:00,4145.99,4150.78,4141.65,4145.61
2025.11.25 20:15,4145.43,4146.8,4141.75,4142.48
2025.11.25 20:30,4142.53,4145.39,4134.97,4139.19
2025.11.25 20:45,4139.16,4141.0,4132.63,4134.21
2025.11.25 21:00,4134.2,4140.2,4131.36,4138.16
2025.11.25 21:15,4138.17,4138.52,4128.34,4129.79
2025.11.25 21:30,4129.74,4133.44,4129.04,4132.12
2025.11.25 21:45,4132.11,4133.9,4129.24,4133.59
2025.11.25 22:00,4133.71,4138.13,4133.35,4136.34
2025.11.25 22:15,4136.36,4137.67,4132.08,4132.21
2025.11.25 22:30,4132.18,4136.16,4130.6,4135.2
2025.11.25 22:45,4135.19,4135.2,4130.5,4132.21
2025.11.25 23:00,4132.2,4132.36,4127.54,4131.81
2025.11.25 23:15,4131.76,4132.28,4129.36,4130.08
2025.11.25 23:30,4130.06,4132.16,4129.4,4131.17
2025.11.25 23:45,4131.14,4131.4,4129.12,4130.54
2025.11.26 01:00,4132.14,4135.59,4131.76,4133.14
2025.11.26 01:15,4133.25,4136.74,4131.78,4133.08
2025.11.26 01:30,4133.11,4135.61,4129.7,4133.76
2025.11.26 01:45,4133.79,4133.79,4131.04,4133.64
2025.11.26 02:00,4133.65,4139.71,4132.46,4138.33
2025.11.26 02:15,4138.4,4142.48,4137.41,4141.54
2025.11.26 02:30,4141.5,4142.23,4137.51,4139.42
2025.11.26 02:45,4139.45,4144.18,4134.48,4142.66
2025.11.26 03:00,4142.76,4145.7,4138.37,4139.99
2025.11.26 03:15,4140.03,4147.04,4139.99,4144.67
2025.11.26 03:30,4144.68,4151.27,4142.88,4150.32
2025.11.26 03:45,4150.28,4152.68,4147.95,4148.24
2025.11.26 04:00,4148.25,4153.51,4147.15,4150.28
2025.11.26 04:15,4150.23,4164.36,4150.11,4162.04
2025.11.26 04:30,4162.37,4166.14,4158.01,4161.44
2025.11.26 04:45,4161.47,4166.39,4161.06,4161.33
2025.11.26 05:00,4161.6,4168.77,4160.14,4165.25
2025.11.26 05:15,4165.26,4165.87,4162.91,4163.96
2025.11.26 05:30,4163.98,4167.34,4162.95,4165.93
2025.11.26 05:45,4165.94,4169.14,4164.09,4165.84
2025.11.26 06:00,4165.77,4166.97,4159.22,4161.71
2025.11.26 06:15,4161.88,4162.24,4156.79,4157.38
2025.11.26 06:30,4157.4,4160.85,4156.46,4159.99
2025.11.26 06:45,4160.0,4162.71,4157.4,4161.73
2025.11.26 07:00,4161.76,4166.6,4160.67,4166.13
2025.11.26 07:15,4166.12,4168.54,4164.33,4166.81
2025.11.26 07:30,4166.71,4167.32,4160.19,4162.55
2025.11.26 07:45,4162.54,4164.77,4160.59,4162.1
2025.11.26 08:00,4162.0,4162.65,4156.76,4157.2
2025.11.26 08:15,4156.77,4160.14,4152.85,4158.06
2025.11.26 08:30,4158.11,4158.13,4146.53,4150.83
2025.11.26 08:45,4150.79,4153.99,4148.59,4149.95
2025.11.26 09:00,4149.94,4154.76,4149.13,4153.29
2025.11.26 09:15,4153.28,4153.94,4149.75,4151.96
2025.11.26 09:30,4151.94,4156.44,4150.97,4155.0
2025.11.26 09:45,4155.16,4161.43,4154.74,4157.22
2025.11.26 10:00,4157.2,4167.33,4156.63,4165.45
2025.11.26 10:15,4165.44,4168.33,4164.62,4166.52
2025.11.26 10:30,4166.5,4167.08,4155.56,4157.79
2025.11.26 10:45,4157.8,4162.48,4154.67,4161.0
2025.11.26 11:00,4160.98,4164.47,4157.36,4158.06
2025.11.26 11:15,4158.09,4162.99,4156.32,4162.65
2025.11.26 11:30,4162.61,4163.79,4159.79,4159.79
2025.11.26 11:45,4159.85,4162.6,4157.62,4162.6
2025.11.26 12:00,4162.68,4164.84,4161.96,4163.59
2025.11.26 12:15,4163.54,4165.02,4160.34,4163.07
2025.11.26 12:30,4163.08,4163.08,4156.31,4158.04
2025.11.26 12:45,4158.03,4160.21,4155.76,4159.77
2025.11.26 13:00,4159.98,4160.81,4157.63,4159.93
2025.11.26 13:15,4159.91,4164.8,4159.9,4164.76
2025.11.26 13:30,4164.77,4172.4,4164.67,4171.05
2025.11.26 13:45,4170.95,4172.87,4166.2,4171.41
2025.11.26 14:00,4171.43,4173.3,4167.77,4170.75
2025.11.26 14:15,4170.74,4170.86,4159.37,4161.59
2025.11.26 14:30,4161.7,4163.65,4155.65,4158.16
2025.11.26 14:45,4158.15,4158.58,4148.64,4155.07
2025.11.26 15:00,4155.06,4163.71,4153.03,4159.42
2025.11.26 15:15,4159.41,4166.4,4157.5,4165.25
2025.11.26 15:30,4165.27,4165.27,4153.18,4153.72
2025.11.26 15:45,4153.69,4156.49,4149.0,4153.18
2025.11.26 16:00,4153.21,4156.63,4140.18,4147.22
2025.11.26 16:15,4147.19,4149.55,4141.51,4141.97
2025.11.26 16:30,4142.02,4154.12,4141.39,4148.97
2025.11.26 16:45,4148.94,4152.18,4141.86,4142.12
2025.11.26 17:00,4142.1,4152.26,4136.98,4152.22
2025.11.26 17:15,4152.24,4157.76,4152.06,4156.49
2025.11.26 17:30,4156.59,4163.66,4155.41,4161.84
2025.11.26 17:45,4161.94,4165.66,4157.78,4165.2
2025.11.26 18:00,4165.16,4165.57,4160.51,4162.14
2025.11.26 18:15,4162.12,4164.87,4161.56,4161.86
2025.11.26 18:30,4161.65,4168.34,4161.03,4167.19
2025.11.26 18:45,4167.15,4168.17,4164.4,4166.91
2025.11.26 19:00,4166.95,4168.06,4164.82,4165.62
2025.11.26 19:15,4165.61,4169.71,4164.83,4167.77
2025.11.26 19:30,4167.81,4168.91,4165.62,4168.53
2025.11.26 19:45,4168.54,4169.39,4165.69,4167.1
2025.11.26 20:00,4167.1,4171.42,4166.97,4170.93
2025.11.26 20:15,4170.9,4171.15,4166.98,4167.76
2025.11.26 20:30,4167.96,4168.45,4158.2,4159.19
2025.11.26 20:45,4159.22,4165.23,4157.91,4164.61
2025.11.26 21:00,4164.59,4168.51,4164.01,4166.67
2025.11.26 21:15,4166.65,4169.59,4165.95,4167.29
2025.11.26 21:30,4167.31,4167.98,4162.26,4163.32
2025.11.26 21:45,4163.45,4166.04,4162.46,4163.26
2025.11.26 22:00,4163.25,4165.85,4161.24,4164.31
2025.11.26 22:15,4164.33,4167.38,4164.26,4165.09
2025.11.26 22:30,4165.07,4167.4,4163.82,4166.46
2025.11.26 22:45,4166.41,4167.22,4161.61,4163.89
2025.11.26 23:00,4163.91,4164.0,4161.98,4163.31
2025.11.26 23:15,4163.3,4164.74,4162.18,4163.9
2025.11.26 23:30,4163.81,4167.3,4162.56,4164.52
2025.11.26 23:45,4164.57,4165.65,4162.99,4163.72
2025.11.27 01:00,4164.96,4168.39,4164.19,4166.55
2025.11.27 01:15,4166.53,4168.04,4163.22,4163.88
2025.11.27 01:30,4163.85,4165.05,4162.24,4164.79
2025.11.27 01:45,4164.78,4167.79,4164.31,4164.46
2025.11.27 02:00,4164.49,4166.88,4162.14,4164.77
2025.11.27 02:15,4164.78,4166.78,4163.37,4166.07
2025.11.27 02:30,4166.12,4166.63,4164.23,4165.46
2025.11.27 02:45,4165.48,4165.53,4161.66,4164.32
2025.11.27 03:00,4164.31,4165.1,4156.5,4157.26
2025.11.27 03:15,4157.26,4158.88,4148.4,4153.63
2025.11.27 03:30,4153.64,4156.42,4151.46,4152.24
2025.11.27 03:45,4152.25,4154.2,4148.62,4154.09
2025.11.27 04:00,4154.17,4156.04,4150.74,4152.93
2025.11.27 04:15,4152.95,4154.27,4149.43,4152.81
2025.11.27 04:30,4152.82,4154.82,4149.27,4152.9
2025.11.27 04:45,4153.1,4154.68,4144.56,4145.5
2025.11.27 05:00,4145.5,4149.14,4144.26,4148.17
2025.11.27 05:15,4148.23,4150.52,4147.6,4148.07
2025.11.27 05:30,4147.98,4149.64,4146.57,4147.68
2025.11.27 05:45,4147.78,4149.64,4145.71,4147.13
2025.11.27 06:00,4147.19,4147.73,4142.59,4147.18
2025.11.27 06:15,4147.27,4149.81,4146.33,4149.68
2025.11.27 06:30,4149.67,4154.51,4149.67,4152.09
2025.11.27 06:45,4152.06,4154.46,4149.12,4150.62
2025.11.27 07:00,4150.64,4154.57,4150.6,4152.75
2025.11.27 07:15,4152.63,4154.09,4150.46,4152.78
2025.11.27 07:30,4152.68,4153.45,4147.81,4147.9
2025.11.27 07:45,4147.8,4148.77,4144.51,4146.85
2025.11.27 08:00,4146.86,4154.59,4146.7,4153.29
2025.11.27 08:15,4153.33,4156.67,4152.19,4156.59
2025.11.27 08:30,4156.58,4157.99,4153.29,4153.73
2025.11.27 08:45,4153.75,4159.02,4152.5,4157.21
2025.11.27 09:00,4157.2,4160.69,4155.35,4160.65
2025.11.27 09:15,4160.63,4162.3,4158.77,4159.21
2025.11.27 09:30,4159.13,4160.47,4157.38,4158.73
2025.11.27 09:45,4158.69,4160.15,4157.56,4159.94
2025.11.27 10:00,4159.99,4164.29,4159.44,4162.99
2025.11.27 10:15,4162.97,4165.5,4161.48,4164.88
2025.11.27 10:30,4164.91,4166.27,4163.17,4163.28
2025.11.27 10:45,4163.3,4167.25,4162.98,4165.69
2025.11.27 11:00,4165.62,4165.69,4154.31,4155.0
2025.11.27 11:15,4155.01,4157.0,4148.3,4154.74
2025.11.27 11:30,4154.78,4157.57,4153.06,4157.21
2025.11.27 11:45,4157.22,4160.56,4155.57,4158.48
2025.11.27 12:00,4158.49,4160.38,4155.57,4156.16
2025.11.27 12:15,4156.14,4156.88,4152.65,4152.65
2025.11.27 12:30,4152.34,4155.33,4152.33,4153.77
2025.11.27 12:45,4153.78,4156.97,4153.07,4156.43
2025.11.27 13:00,4156.37,4159.37,4155.86,4157.59
2025.11.27 13:15,4157.6,4159.52,4156.45,4158.79
2025.11.27 13:30,4158.8,4162.27,4158.28,4160.63
2025.11.27 13:45,4160.6,4161.95,4157.23,4157.23
2025.11.27 14:00,4157.22,4158.96,4155.91,4157.56
2025.11.27 14:15,4157.57,4158.54,4155.7,4156.71
2025.11.27 14:30,4156.69,4158.52,4154.71,4155.73
2025.11.27 14:45,4155.73,4158.31,4153.49,4154.04
2025.11.27 15:00,4154.0,4154.12,4149.03,4150.8
2025.11.27 15:15,4150.77,4153.61,4149.16,4152.2
2025.11.27 15:30,4152.23,4157.85,4151.91,4155.96
2025.11.27 15:45,4155.93,4156.45,4152.96,4154.84
2025.11.27 16:00,4154.88,4158.82,4153.68,4158.3
2025.11.27 16:15,4158.43,4160.49,4156.9,4157.07
2025.11.27 16:30,4157.06,4158.83,4152.87,4157.34
2025.11.27 16:45,4157.44,4158.84,4152.77,4153.11
2025.11.27 17:00,4153.14,4158.53,4152.75,4157.21
2025.11.27 17:15,4157.22,4161.66,4157.08,4160.92
2025.11.27 17:30,4160.86,4160.86,4158.22,4159.61
2025.11.27 17:45,4159.62,4160.58,4156.73,4157.82
2025.11.27 18:00,4157.8,4158.17,4153.21,4155.18
2025.11.27 18:15,4155.2,4155.72,4151.28,4154.17
2025.11.27 18:30,4154.16,4155.49,4153.96,4155.09
2025.11.27 18:45,4155.09,4157.42,4154.6,4156.25
2025.11.27 19:00,4156.26,4157.14,4154.69,4155.07
2025.11.27 19:15,4155.04,4156.86,4154.51,4156.58
2025.11.27 19:30,4156.64,4157.93,4156.25,4157.34
2025.11.27 19:45,4157.29,4159.04,4157.02,4157.66
2025.11.27 20:00,4157.65,4158.42,4156.22,4156.78
2025.11.27 20:15,4156.77,4157.6,4155.6,4156.06
2025.11.27 20:30,4156.02,4157.62,4155.94,4157.07
2025.11.27 20:45,4157.08,4159.72,4156.98,4159.03
2025.11.27 21:00,4158.99,4160.18,4158.89,4159.55
2025.11.27 21:15,4159.51,4159.93,4157.75,4157.76
2025.11.28 01:00,4157.64,4162.86,4157.41,4162.53
2025.11.28 01:15,4162.52,4162.8,4160.89,4162.63
2025.11.28 01:30,4162.65,4163.58,4161.92,4162.37
2025.11.28 01:45,4162.39,4163.62,4161.97,4162.96
2025.11.28 02:00,4163.01,4168.53,4162.81,4167.71
2025.11.28 02:15,4167.72,4171.63,4166.48,4170.54
2025.11.28 02:30,4170.6,4182.73,4170.3,4178.76
2025.11.28 02:45,4178.8,4182.69,4178.09,4180.54
2025.11.28 03:00,4180.52,4191.46,4180.47,4186.35
2025.11.28 03:15,4186.26,4189.66,4182.99,4187.28
2025.11.28 03:30,4187.28,4193.08,4186.28,4192.34
2025.11.28 03:45,4192.34,4192.79,4190.27,4190.95
2025.11.28 04:00,4190.93,4191.1,4187.05,4189.36
2025.11.28 04:15,4189.37,4191.77,4188.4,4189.65
2025.11.28 04:30,4189.65,4190.46,4185.82,4187.78
2025.11.28 04:45,4187.83,4189.66,4187.01,4189.23
2025.11.28 05:00,4189.2,4191.65,4185.72,4187.67
2025.11.28 05:15,4187.64,4188.15,4185.98,4188.15
2025.11.28 05:30,4188.22,4189.08,4183.23,4183.36
2025.11.28 05:45,4183.37,4185.08,4182.33,4183.74
2025.11.28 06:00,4183.81,4187.0,4182.38,4185.83
2025.11.28 06:15,4185.78,4186.66,4178.48,4180.36
2025.11.28 06:30,4180.55,4186.21,4178.5,4185.89
2025.11.28 06:45,4185.92,4188.71,4185.58,4188.52
2025.11.28 07:00,4188.17,4188.7,4174.1,4182.65
2025.11.28 07:15,4182.6,4188.0,4175.8,4184.63
2025.11.28 07:30,4184.61,4185.44,4183.07,4184.57
2025.11.28 07:45,4184.6,4185.52,4182.33,4182.33
2025.11.28 08:00,4182.26,4184.03,4181.81,4183.89
2025.11.28 08:15,4183.81,4185.3,4182.82,4185.07
2025.11.28 08:30,4185.09,4188.32,4185.05,4188.08
2025.11.28 08:45,4188.22,4188.65,4186.76,4187.17
2025.11.28 09:00,4187.16,4187.31,4184.23,4184.93
2025.11.28 09:15,4184.69,4186.06,4181.81,4182.69
2025.11.28 09:30,4182.7,4183.08,4179.07,4179.12
2025.11.28 09:45,4179.11,4179.33,4174.13,4174.37
2025.11.28 10:00,4174.14,4176.56,4156.78,4171.08
2025.11.28 10:15,4167.52,4169.72,4152.02,4163.89
2025.11.28 10:30,4161.9,4171.15,4154.01,4159.58
2025.11.28 10:45,4159.14,4174.57,4157.47,4169.23
2025.11.28 11:00,4168.44,4168.77,4160.61,4161.03
2025.11.28 11:15,4161.29,4165.43,4157.47,4159.88
2025.11.28 11:30,4160.02,4165.18,4159.15,4163.78
2025.11.28 11:45,4163.64,4167.54,4162.22,4166.7
2025.11.28 12:00,4166.69,4175.35,4165.93,4173.27
2025.11.28 12:15,4173.24,4178.55,4167.37,4168.63
2025.11.28 12:30,4168.64,4169.93,4160.45,4165.81
2025.11.28 12:45,4165.75,4170.04,4162.15,4163.28
2025.11.28 13:00,4163.24,4173.63,4162.51,4171.29
2025.11.28 13:15,4171.38,4180.07,4171.2,4173.78
2025.11.28 13:30,4173.89,4177.69,4173.47,4174.28
2025.11.28 13:45,4174.27,4175.54,4171.51,4171.57
2025.11.28 14:00,4171.49,4177.35,4168.19,4176.27
2025.11.28 14:15,4176.23,4177.13,4171.47,4174.83
2025.11.28 14:30,4174.88,4175.37,4173.5,4174.82
2025.11.28 14:45,4174.83,4177.03,4173.87,4176.5
2025.11.28 15:00,4176.53,4178.4,4172.18,4173.23
2025.11.28 15:15,4173.06,4173.54,4168.8,4170.52
2025.11.28 15:30,4170.48,4178.4,4169.25,4173.41
2025.11.28 15:45,4173.42,4182.64,4171.77,4182.28
2025.11.28 16:00,4182.45,4192.0,4182.45,4191.82
2025.11.28 16:15,4191.91,4199.38,4190.48,4196.44
2025.11.28 16:30,4196.63,4208.77,4194.62,4198.99
2025.11.28 16:45,4199.27,4202.87,4194.69,4197.81
2025.11.28 17:00,4197.9,4198.91,4185.65,4189.31
2025.11.28 17:15,4189.29,4197.65,4185.61,4196.98
2025.11.28 17:30,4196.97,4198.55,4193.29,4197.16
2025.11.28 17:45,4197.12,4203.87,4195.93,4203.62
2025.11.28 18:00,4203.67,4205.81,4197.65,4199.24
2025.11.28 18:15,4199.25,4210.49,4198.98,4209.21
2025.11.28 18:30,4209.2,4210.66,4202.13,4206.07
2025.11.28 18:45,4206.07,4209.5,4204.67,4206.15
2025.11.28 19:00,4206.25,4211.49,4204.3,4207.07
2025.11.28 19:15,4207.04,4208.79,4205.4,4206.58
2025.11.28 19:30,4206.66,4212.27,4206.1,4211.83
2025.11.28 19:45,4211.84,4216.9,4210.74,4216.79
2025.11.28 20:00,4216.83,4217.2,4210.9,4215.09
2025.11.28 20:15,4215.12,4220.51,4214.59,4220.11
2025.11.28 20:30,4220.09,4226.54,4218.58,4221.44
2025.11.28 20:45,4221.34,4223.43,4219.45,4220.24
2025.11.28 21:00,4220.23,4221.77,4218.57,4219.0
2025.11.28 21:15,4218.92,4219.39,4216.1,4217.49
2025.11.28 21:30,4217.41,4220.36,4216.66,4219.97
2025.12.01 01:00,4222.03,4230.46,4205.63,4216.86
2025.12.01 01:15,4216.79,4224.53,4214.06,4222.05
2025.12.01 01:30,4222.09,4225.12,4219.53,4223.43
2025.12.01 01:45,4223.4,4224.88,4221.81,4221.82
2025.12.01 02:00,4221.65,4224.35,4218.83,4222.81
2025.12.01 02:15,4222.78,4232.3,4218.14,4226.84
2025.12.01 02:30,4226.86,4232.35,4226.15,4231.57
2025.12.01 02:45,4231.59,4233.48,4225.74,4230.56
2025.12.01 03:00,4230.53,4233.24,4219.64,4228.18
2025.12.01 03:15,4228.18,4239.43,4224.34,4238.56
2025.12.01 03:30,4238.62,4243.52,4234.63,4241.28
2025.12.01 03:45,4241.32,4256.05,4236.86,4255.29
2025.12.01 04:00,4255.3,4256.47,4245.05,4248.18
2025.12.01 04:15,4248.2,4248.57,4240.36,4240.94
2025.12.01 04:30,4240.93,4241.28,4234.06,4239.63
2025.12.01 04:45,4239.64,4243.19,4237.66,4242.77
2025.12.01 05:00,4242.8,4243.81,4232.41,4234.14
2025.12.01 05:15,4234.13,4238.13,4232.58,4235.12
2025.12.01 05:30,4235.09,4240.67,4234.74,4238.09
2025.12.01 05:45,4238.07,4240.02,4234.87,4239.09
2025.12.01 06:00,4239.12,4239.19,4236.36,4238.54
2025.12.01 06:15,4238.55,4240.58,4237.57,4239.52
2025.12.01 06:30,4239.54,4243.09,4239.13,4241.86
2025.12.01 06:45,4241.88,4246.85,4241.87,4245.46
2025.12.01 07:00,4245.47,4246.51,4229.49,4232.5
2025.12.01 07:15,4232.53,4233.48,4215.38,4220.06
2025.12.01 07:30,4220.06,4227.77,4217.77,4224.28
2025.12.01 07:45,4223.87,4231.34,4223.4,4229.45
2025.12.01 08:00,4229.44,4233.66,4228.5,4232.9
2025.12.01 08:15,4232.92,4233.44,4226.2,4231.58
2025.12.01 08:30,4231.76,4235.47,4229.75,4235.01
2025.12.01 08:45,4235.03,4240.38,4235.01,4236.59
2025.12.01 09:00,4236.84,4239.03,4233.47,4236.87
2025.12.01 09:15,4236.89,4242.54,4231.5,4240.38
2025.12.01 09:30,4240.36,4243.32,4240.08,4240.1
2025.12.01 09:45,4240.06,4246.43,4237.94,4245.12
2025.12.01 10:00,4245.13,4252.53,4244.51,4250.58
2025.12.01 10:15,4250.68,4253.48,4248.93,4249.25
2025.12.01 10:30,4249.22,4249.68,4240.91,4242.13
2025.12.01 10:45,4242.3,4244.7,4238.19,4244.57
2025.12.01 11:00,4244.62,4249.85,4244.62,4249.23
2025.12.01 11:15,4249.23,4251.67,4246.71,4251.2
2025.12.01 11:30,4251.21,4251.5,4246.48,4247.36
2025.12.01 11:45,4247.4,4250.6,4243.68,4249.81
2025.12.01 12:00,4249.8,4262.2,4248.97,4258.5
2025.12.01 12:15,4258.55,4259.08,4252.2,4253.28
2025.12.01 12:30,4253.05,4254.78,4251.08,4254.21
2025.12.01 12:45,4254.24,4257.68,4252.93,4255.33
2025.12.01 13:00,4255.45,4256.63,4250.54,4251.48
2025.12.01 13:15,4251.41,4255.49,4248.13,4254.22
2025.12.01 13:30,4254.24,4258.32,4251.77,4258.09
2025.12.01 13:45,4258.16,4258.21,4253.15,4254.43
2025.12.01 14:00,4254.29,4256.45,4247.3,4248.94
2025.12.01 14:15,4248.93,4254.3,4247.59,4252.63
2025.12.01 14:30,4252.66,4256.06,4250.44,4252.48
2025.12.01 14:45,4252.48,4252.83,4244.09,4246.41
2025.12.01 15:00,4246.4,4256.33,4245.71,4254.14
2025.12.01 15:15,4254.12,4257.5,4249.85,4256.67
2025.12.01 15:30,4256.69,4264.36,4256.69,4261.7
2025.12.01 15:45,4261.79,4263.27,4246.99,4247.16
2025.12.01 16:00,4247.14,4249.12,4238.54,4247.06
2025.12.01 16:15,4246.93,4249.2,4242.07,4246.4
2025.12.01 16:30,4246.44,4247.97,4219.67,4225.49
2025.12.01 16:45,4225.54,4241.37,4222.91,4239.68
2025.12.01 17:00,4242.83,4244.62,4230.45,4231.31
2025.12.01 17:15,4231.26,4231.95,4219.51,4228.03
2025.12.01 17:30,4228.01,4236.36,4221.79,4228.83
2025.12.01 17:45,4228.81,4233.71,4221.8,4232.42
2025.12.01 18:00,4232.46,4239.73,4231.51,4236.97
2025.12.01 18:15,4236.96,4239.82,4226.88,4239.63
2025.12.01 18:30,4239.64,4240.24,4230.42,4238.72
2025.12.01 18:45,4238.71,4242.09,4225.14,4226.07
2025.12.01 19:00,4226.06,4233.39,4223.31,4229.94
2025.12.01 19:15,4229.93,4236.58,4227.11,4235.46
2025.12.01 19:30,4235.55,4239.4,4235.08,4238.77
2025.12.01 19:45,4238.93,4239.84,4229.94,4232.16
2025.12.01 20:00,4232.41,4238.42,4232.34,4236.3
2025.12.01 20:15,4236.25,4241.74,4235.16,4240.65
2025.12.01 20:30,4240.66,4242.75,4236.03,4242.19
2025.12.01 20:45,4242.17,4244.51,4237.31,4240.18
2025.12.01 21:00,4240.34,4241.51,4235.91,4237.6
2025.12.01 21:15,4237.58,4242.04,4236.51,4241.46
2025.12.01 21:30,4241.22,4243.61,4233.71,4233.71
2025.12.01 21:45,4233.2,4236.97,4229.06,4236.88
2025.12.01 22:00,4236.77,4240.68,4234.92,4237.91
2025.12.01 22:15,4237.9,4238.84,4235.04,4237.53
2025.12.01 22:30,4237.55,4241.54,4235.35,4240.67
2025.12.01 22:45,4240.73,4240.94,4234.47,4237.31
2025.12.01 23:00,4237.29,4238.82,4235.38,4238.24
2025.12.01 23:15,4238.25,4240.29,4237.53,4238.34
2025.12.01 23:30,4238.33,4238.34,4232.96,4233.14
2025.12.01 23:45,4233.18,4234.29,4230.01,4232.1
2025.12.02 01:00,4231.92,4233.62,4228.77,4233.08
2025.12.02 01:15,4233.12,4235.84,4231.45,4235.48
2025.12.02 01:30,4235.37,4235.69,4228.34,4230.4
2025.12.02 01:45,4230.41,4230.42,4224.19,4227.36
2025.12.02 02:00,4227.37,4227.75,4223.32,4226.88
2025.12.02 02:15,4226.63,4227.55,4221.41,4224.95
2025.12.02 02:30,4224.96,4228.39,4223.97,4228.27
2025.12.02 02:45,4228.24,4229.43,4223.37,4226.57
2025.12.02 03:00,4226.47,4226.87,4191.16,4205.25
2025.12.02 03:15,4205.26,4215.8,4204.13,4213.61
2025.12.02 03:30,4213.47,4218.06,4208.25,4210.85
2025.12.02 03:45,4210.84,4220.71,4210.12,4219.29
2025.12.02 04:00,4219.3,4221.48,4215.48,4219.01
2025.12.02 04:15,4219.04,4223.18,4215.76,4216.97
2025.12.02 04:30,4216.99,4221.46,4214.32,4221.35
2025.12.02 04:45,4221.4,4224.38,4219.77,4221.47
2025.12.02 05:00,4221.47,4225.22,4220.51,4223.92
2025.12.02 05:15,4223.86,4226.3,4222.07,4222.43
2025.12.02 05:30,4222.24,4225.22,4220.33,4221.06
2025.12.02 05:45,4221.1,4221.62,4215.67,4216.68
2025.12.02 06:00,4216.66,4220.41,4215.42,4216.56
2025.12.02 06:15,4216.58,4218.87,4215.26,4216.31
2025.12.02 06:30,4216.3,4218.07,4213.77,4217.74
2025.12.02 06:45,4217.73,4218.7,4215.88,4218.48
2025.12.02 07:00,4218.49,4219.81,4214.92,4218.95
2025.12.02 07:15,4218.97,4222.93,4218.87,4221.25
2025.12.02 07:30,4221.26,4223.05,4218.79,4220.0
2025.12.02 07:45,4220.07,4225.19,4219.65,4224.83
2025.12.02 08:00,4224.8,4226.1,4223.68,4223.7
2025.12.02 08:15,4223.7,4224.1,4204.1,4205.37
2025.12.02 08:30,4205.34,4210.33,4203.19,4209.09
2025.12.02 08:45,4209.11,4215.16,4207.53,4212.73
2025.12.02 09:00,4212.7,4214.34,4210.3,4213.7
2025.12.02 09:15,4213.72,4219.26,4213.67,4217.53
2025.12.02 09:30,4217.69,4218.55,4211.29,4211.5
2025.12.02 09:45,4211.47,4214.05,4209.51,4213.31
2025.12.02 10:00,4213.4,4215.09,4207.01,4214.26
2025.12.02 10:15,4214.26,4217.01,4211.98,4214.35
2025.12.02 10:30,4214.37,4216.47,4211.31,4212.32
2025.12.02 10:45,4212.34,4214.32,4209.91,4210.05
2025.12.02 11:00,4210.12,4213.06,4204.74,4207.81
2025.12.02 11:15,4207.78,4208.61,4192.05,4194.39
2025.12.02 11:30,4194.31,4195.79,4180.99,4190.42
2025.12.02 11:45,4190.37,4194.04,4187.66,4191.92
2025.12.02 12:00,4191.88,4192.26,4186.26,4186.82
2025.12.02 12:15,4186.76,4189.16,4182.25,4186.39
2025.12.02 12:30,4186.45,4188.24,4184.42,4187.49
2025.12.02 12:45,4187.48,4189.73,4182.24,4185.77
2025.12.02 13:00,4185.76,4189.61,4184.82,4187.58
2025.12.02 13:15,4187.67,4196.78,4186.75,4196.78
2025.12.02 13:30,4196.8,4200.34,4194.43,4197.8
2025.12.02 13:45,4197.84,4205.86,4196.36,4205.36
2025.12.02 14:00,4205.32,4207.93,4203.93,4204.87
2025.12.02 14:15,4204.97,4206.82,4200.9,4204.27
2025.12.02 14:30,4204.26,4206.28,4202.16,4205.06
2025.12.02 14:45,4205.08,4209.39,4203.8,4208.5
2025.12.02 15:00,4208.72,4215.11,4202.03,4204.83
2025.12.02 15:15,4204.84,4208.6,4202.03,4203.57
2025.12.02 15:30,4203.5,4209.23,4202.82,4204.98
2025.12.02 15:45,4205.02,4212.57,4202.5,4212.3
2025.12.02 16:00,4212.26,4223.82,4212.15,4223.27
2025.12.02 16:15,4223.2,4230.64,4221.8,4227.48
2025.12.02 16:30,4227.52,4229.21,4215.1,4217.78
2025.12.02 16:45,4217.87,4225.67,4214.23,4218.64
2025.12.02 17:00,4218.41,4219.41,4204.33,4205.92
2025.12.02 17:15,4205.92,4208.59,4186.54,4188.01
2025.12.02 17:30,4187.91,4191.83,4179.89,4189.02
2025.12.02 17:45,4189.06,4189.51,4163.81,4169.47
2025.12.02 18:00,4169.89,4178.26,4166.74,4177.19
2025.12.02 18:15,4176.96,4179.55,4171.26,4177.11
2025.12.02 18:30,4176.97,4190.06,4176.82,4186.09
2025.12.02 18:45,4186.08,4188.72,4180.32,4184.73
2025.12.02 19:00,4184.83,4191.83,4184.55,4187.25
2025.12.02 19:15,4187.26,4192.59,4187.05,4191.93
2025.12.02 19:30,4191.97,4196.2,4190.21,4192.9
2025.12.02 19:45,4192.93,4196.64,4192.86,4193.71
2025.12.02 20:00,4193.67,4196.68,4191.14,4192.28
2025.12.02 20:15,4192.29,4195.3,4188.97,4189.31
2025.12.02 20:30,4189.18,4191.12,4183.16,4187.04
2025.12.02 20:45,4187.0,4191.69,4185.73,4190.74
2025.12.02 21:00,4190.99,4198.17,4190.95,4196.94
2025.12.02 21:15,4196.95,4198.26,4193.85,4197.19
2025.12.02 21:30,4197.17,4199.64,4193.65,4194.83
2025.12.02 21:45,4194.87,4200.23,4194.03,4196.32
2025.12.02 22:00,4196.35,4199.78,4194.86,4198.0
2025.12.02 22:15,4198.08,4199.31,4195.67,4198.42
2025.12.02 22:30,4198.4,4212.25,4198.31,4209.84
2025.12.02 22:45,4210.01,4212.18,4207.56,4209.95
2025.12.02 23:00,4209.92,4211.63,4207.67,4208.97
2025.12.02 23:15,4208.98,4211.16,4208.26,4209.83
2025.12.02 23:30,4209.84,4211.32,4208.72,4209.91
2025.12.02 23:45,4209.9,4210.36,4205.06,4205.5
2025.12.03 01:00,4208.31,4213.05,4202.39,4207.67
2025.12.03 01:15,4207.66,4210.88,4207.5,4208.66
2025.12.03 01:30,4208.74,4208.83,4206.54,4208.72
2025.12.03 01:45,4208.64,4215.88,4208.34,4212.48
2025.12.03 02:00,4212.43,4212.58,4207.14,4209.72
2025.12.03 02:15,4209.71,4211.68,4206.16,4207.47
2025.12.03 02:30,4207.46,4210.93,4205.45,4206.68
2025.12.03 02:45,4206.66,4211.75,4204.33,4211.75
2025.12.03 03:00,4212.26,4220.83,4211.57,4215.96
2025.12.03 03:15,4216.0,4219.66,4214.0,4216.74
2025.12.03 03:30,4216.75,4218.72,4213.15,4217.16
2025.12.03 03:45,4217.17,4219.49,4214.03,4214.36
2025.12.03 04:00,4214.34,4224.16,4214.14,4223.85
2025.12.03 04:15,4223.92,4224.33,4219.28,4223.07
2025.12.03 04:30,4223.04,4228.76,4222.37,4225.2
2025.12.03 04:45,4225.13,4228.49,4224.31,4226.53
2025.12.03 05:00,4226.56,4227.43,4220.36,4222.59
2025.12.03 05:15,4222.55,4225.76,4221.24,4225.46
2025.12.03 05:30,4225.47,4226.05,4220.39,4222.54
2025.12.03 05:45,4222.56,4224.1,4220.05,4220.96
2025.12.03 06:00,4220.97,4221.19,4217.34,4220.26
2025.12.03 06:15,4220.22,4224.1,4220.14,4222.44
2025.12.03 06:30,4222.41,4225.22,4221.94,4223.79
2025.12.03 06:45,4223.61,4223.75,4220.04,4222.28
2025.12.03 07:00,4222.25,4223.72,4219.91,4220.68
2025.12.03 07:15,4220.63,4221.81,4218.53,4220.33
2025.12.03 07:30,4220.31,4220.8,4205.6,4207.0
2025.12.03 07:45,4206.99,4209.72,4203.22,4207.64
2025.12.03 08:00,4207.65,4209.68,4206.0,4207.61
2025.12.03 08:15,4207.53,4211.71,4206.52,4208.98
2025.12.03 08:30,4208.97,4209.78,4204.68,4206.55
2025.12.03 08:45,4206.57,4209.76,4205.29,4208.13
2025.12.03 09:00,4208.18,4210.26,4205.98,4205.98
2025.12.03 09:15,4205.95,4208.13,4201.98,4202.38
2025.12.03 09:30,4202.36,4207.28,4200.03,4205.86
2025.12.03 09:45,4205.84,4207.69,4203.15,4206.21
2025.12.03 10:00,4206.21,4207.94,4204.51,4206.77
2025.12.03 10:15,4206.78,4207.52,4203.71,4206.27
2025.12.03 10:30,4206.25,4209.98,4204.1,4208.5
2025.12.03 10:45,4208.57,4209.56,4205.97,4206.23
2025.12.03 11:00,4206.26,4207.45,4196.9,4199.67
2025.12.03 11:15,4199.75,4202.59,4198.8,4199.75
2025.12.03 11:30,4199.97,4202.09,4199.79,4201.42
2025.12.03 11:45,4201.41,4202.3,4199.95,4202.04
2025.12.03 12:00,4202.01,4202.52,4195.1,4195.24
2025.12.03 12:15,4195.12,4204.63,4194.53,4202.81
2025.12.03 12:30,4202.86,4203.88,4198.63,4201.33
2025.12.03 12:45,4201.29,4201.61,4197.92,4200.36
2025.12.03 13:00,4200.37,4200.54,4197.19,4199.59
2025.12.03 13:15,4199.61,4205.58,4199.19,4205.06
2025.12.03 13:30,4205.08,4206.97,4202.37,4203.72
2025.12.03 13:45,4203.75,4209.14,4202.81,4208.69
2025.12.03 14:00,4208.7,4210.27,4205.65,4207.3
2025.12.03 14:15,4207.31,4209.7,4205.14,4207.95
2025.12.03 14:30,4207.92,4214.14,4207.6,4214.01
2025.12.03 14:45,4214.0,4214.01,4210.5,4213.34
2025.12.03 15:00,4213.29,4216.56,4211.06,4211.06
2025.12.03 15:15,4213.16,4222.75,4212.97,4220.17
2025.12.03 15:30,4220.19,4225.44,4216.69,4223.41
2025.12.03 15:45,4223.48,4238.21,4222.22,4237.01
2025.12.03 16:00,4236.95,4240.58,4218.54,4226.34
2025.12.03 16:15,4226.47,4230.8,4221.17,4224.43
2025.12.03 16:30,4224.43,4241.31,4223.41,4226.73
2025.12.03 16:45,4226.72,4226.72,4204.97,4212.24
2025.12.03 17:00,4210.93,4219.13,4206.05,4217.51
2025.12.03 17:15,4217.57,4224.29,4216.33,4221.61
2025.12.03 17:30,4221.39,4229.19,4220.84,4227.24
2025.12.03 17:45,4227.27,4227.93,4214.18,4216.14
2025.12.03 18:00,4216.1,4221.81,4214.02,4219.17
2025.12.03 18:15,4219.11,4219.29,4212.33,4218.84
2025.12.03 18:30,4218.95,4224.99,4218.15,4220.56
2025.12.03 18:45,4220.56,4220.85,4195.75,4200.77
2025.12.03 19:00,4200.78,4212.33,4200.23,4210.89
2025.12.03 19:15,4210.94,4212.87,4207.57,4208.83
2025.12.03 19:30,4208.79,4215.28,4207.75,4212.51
2025.12.03 19:45,4212.54,4214.46,4208.21,4210.94
2025.12.03 20:00,4210.99,4211.38,4202.06,4204.42
2025.12.03 20:15,4204.46,4206.34,4198.42,4201.63
2025.12.03 20:30,4201.55,4206.54,4200.11,4204.94
2025.12.03 20:45,4205.0,4205.64,4194.96,4196.68
2025.12.03 21:00,4196.82,4203.58,4196.65,4201.01
2025.12.03 21:15,4201.06,4206.67,4200.78,4206.02
2025.12.03 21:30,4206.09,4209.79,4204.77,4208.69
2025.12.03 21:45,4208.69,4209.77,4207.57,4207.74
2025.12.03 22:00,4207.69,4212.76,4207.4,4211.04
2025.12.03 22:15,4211.08,4211.29,4208.02,4209.97
2025.12.03 22:30,4209.98,4210.66,4207.56,4208.51
2025.12.03 22:45,4208.66,4208.72,4203.51,4206.18
2025.12.03 23:00,4206.18,4210.04,4205.9,4209.6
2025.12.03 23:15,4209.61,4209.8,4206.24,4206.84
2025.12.03 23:30,4206.81,4209.46,4206.74,4209.35
2025.12.03 23:45,4209.35,4209.35,4202.53,4203.05
2025.12.04 01:00,4203.73,4207.39,4203.34,4206.46
2025.12.04 01:15,4206.47,4208.77,4206.14,4206.81
2025.12.04 01:30,4206.9,4207.22,4203.7,4206.01
2025.12.04 01:45,4205.9,4207.22,4202.63,4207.06
2025.12.04 02:00,4207.03,4210.26,4204.36,4207.65
2025.12.04 02:15,4207.57,4212.68,4206.4,4211.74
2025.12.04 02:30,4211.66,4215.7,4210.97,4213.32
2025.12.04 02:45,4213.41,4213.74,4209.24,4211.49
2025.12.04 03:00,4211.35,4213.97,4205.69,4213.51
2025.12.04 03:15,4213.54,4214.57,4210.2,4213.18
2025.12.04 03:30,4213.18,4214.71,4210.9,4214.71
2025.12.04 03:45,4214.69,4216.71,4207.53,4209.1
2025.12.04 04:00,4209.11,4209.15,4198.79,4204.66
2025.12.04 04:15,4204.67,4206.51,4202.5,4205.86
2025.12.04 04:30,4205.85,4207.38,4201.09,4201.37
2025.12.04 04:45,4201.32,4204.28,4199.67,4200.44
2025.12.04 05:00,4200.43,4201.4,4187.28,4193.02
2025.12.04 05:15,4192.99,4195.88,4191.92,4193.16
2025.12.04 05:30,4193.15,4196.92,4190.14,4196.91
2025.12.04 05:45,4196.89,4197.68,4193.67,4195.75
2025.12.04 06:00,4195.7,4197.35,4192.56,4197.09
2025.12.04 06:15,4197.19,4199.06,4195.4,4198.28
2025.12.04 06:30,4198.35,4198.4,4196.55,4197.0
2025.12.04 06:45,4197.02,4197.38,4194.5,4196.87
2025.12.04 07:00,4196.84,4197.78,4194.11,4194.11
2025.12.04 07:15,4194.16,4197.14,4189.52,4196.85
2025.12.04 07:30,4196.88,4198.87,4180.68,4184.02
2025.12.04 07:45,4184.11,4185.59,4174.76,4180.83
2025.12.04 08:00,4180.88,4185.55,4179.18,4180.32
2025.12.04 08:15,4180.29,4185.6,4178.55,4182.87
2025.12.04 08:30,4182.85,4189.31,4182.44,4188.97
2025.12.04 08:45,4188.95,4190.14,4186.9,4190.05
2025.12.04 09:00,4190.04,4192.3,4186.62,4192.3
2025.12.04 09:15,4192.31,4194.92,4188.61,4189.12
2025.12.04 09:30,4189.11,4191.67,4188.58,4189.45
2025.12.04 09:45,4189.48,4193.83,4186.42,4193.74
2025.12.04 10:00,4193.75,4195.27,4189.7,4191.24
2025.12.04 10:15,4191.21,4196.25,4191.05,4192.81
2025.12.04 10:30,4192.8,4194.29,4190.76,4190.77
2025.12.04 10:45,4190.85,4192.44,4184.7,4184.86
2025.12.04 11:00,4184.75,4191.36,4183.34,4189.24
2025.12.04 11:15,4189.18,4191.88,4187.31,4191.13
2025.12.04 11:30,4191.09,4197.75,4190.48,4196.65
2025.12.04 11:45,4196.64,4202.16,4196.04,4199.69
2025.12.04 12:00,4199.68,4202.53,4198.81,4199.48
2025.12.04 12:15,4199.49,4202.14,4198.22,4198.99
2025.12.04 12:30,4199.04,4201.49,4197.85,4200.94
2025.12.04 12:45,4200.92,4201.67,4196.52,4197.14
2025.12.04 13:00,4197.17,4206.42,4197.17,4202.12
2025.12.04 13:15,4202.15,4203.79,4197.04,4198.97
2025.12.04 13:30,4198.98,4201.97,4197.81,4200.01
2025.12.04 13:45,4200.0,4200.52,4197.0,4198.35
2025.12.04 14:00,4198.31,4201.58,4193.28,4200.64
2025.12.04 14:15,4200.66,4201.12,4192.96,4194.2
2025.12.04 14:30,4194.11,4194.11,4188.58,4192.6
2025.12.04 14:45,4192.6,4193.22,4188.64,4190.34
2025.12.04 15:00,4190.31,4192.3,4185.29,4187.31
2025.12.04 15:15,4187.26,4196.68,4185.57,4195.6
2025.12.04 15:30,4195.08,4195.87,4186.98,4191.58
2025.12.04 15:45,4191.57,4198.36,4188.19,4198.21
2025.12.04 16:00,4198.21,4206.1,4198.21,4204.6
2025.12.04 16:15,4204.73,4210.22,4202.4,4208.05
2025.12.04 16:30,4207.98,4213.13,4193.41,4199.91
2025.12.04 16:45,4199.75,4208.16,4196.7,4201.1
2025.12.04 17:00,4201.15,4202.93,4191.29,4202.43
2025.12.04 17:15,4202.48,4206.12,4200.78,4205.82
2025.12.04 17:30,4205.87,4209.91,4204.53,4206.33
2025.12.04 17:45,4206.42,4208.34,4202.55,4207.31
2025.12.04 18:00,4207.36,4215.12,4206.47,4210.25
2025.12.04 18:15,4210.3,4219.24,4209.76,4215.92
2025.12.04 18:30,4215.88,4216.28,4207.37,4210.78
2025.12.04 18:45,4210.75,4216.54,4210.04,4215.47
2025.12.04 19:00,4215.49,4216.75,4209.12,4211.03
2025.12.04 19:15,4211.02,4213.52,4208.67,4210.99
2025.12.04 19:30,4210.98,4214.1,4209.45,4213.48
2025.12.04 19:45,4213.48,4217.39,4213.48,4216.39
2025.12.04 20:00,4216.31,4217.29,4209.89,4213.57
2025.12.04 20:15,4213.57,4215.06,4211.62,4212.79
2025.12.04 20:30,4212.83,4212.83,4209.53,4211.1
2025.12.04 20:45,4211.09,4211.9,4207.15,4207.84
2025.12.04 21:00,4207.87,4209.57,4199.43,4203.62
2025.12.04 21:15,4203.6,4206.28,4200.51,4204.76
2025.12.04 21:30,4204.78,4209.96,4204.12,4207.98
2025.12.04 21:45,4208.01,4208.96,4205.8,4208.76
2025.12.04 22:00,4208.62,4208.73,4206.43,4207.05
2025.12.04 22:15,4207.04,4209.63,4205.89,4207.42
2025.12.04 22:30,4207.38,4207.62,4205.31,4206.68
2025.12.04 22:45,4206.7,4210.22,4206.7,4209.8
2025.12.04 23:00,4209.8,4210.07,4208.34,4209.16
2025.12.04 23:15,4209.14,4209.14,4207.73,4208.31
2025.12.04 23:30,4208.3,4209.52,4207.82,4209.33
2025.12.04 23:45,4209.32,4210.05,4207.85,4208.68
2025.12.05 01:00,4208.12,4209.58,4207.14,4207.87
2025.12.05 01:15,4207.84,4209.28,4206.78,4207.77
2025.12.05 01:30,4207.65,4208.67,4203.74,4205.94
2025.12.05 01:45,4205.91,4206.42,4203.84,4206.01
2025.12.05 02:00,4206.04,4208.99,4204.09,4208.37
2025.12.05 02:15,4208.35,4210.3,4204.63,4205.66
2025.12.05 02:30,4205.67,4205.79,4202.69,4204.78
2025.12.05 02:45,4204.77,4205.22,4200.96,4201.43
2025.12.05 03:00,4201.42,4204.37,4194.57,4196.95
2025.12.05 03:15,4196.96,4200.63,4194.76,4199.53
2025.12.05 03:30,4199.51,4202.28,4197.3,4198.33
2025.12.05 03:45,4198.34,4203.87,4197.83,4203.0
2025.12.05 04:00,4202.97,4204.72,4200.13,4201.55
2025.12.05 04:15,4201.54,4201.93,4196.57,4197.56
2025.12.05 04:30,4197.59,4204.48,4196.54,4204.39
2025.12.05 04:45,4204.45,4208.35,4204.39,4207.08
2025.12.05 05:00,4207.12,4208.64,4201.7,4202.88
2025.12.05 05:15,4202.89,4204.61,4202.14,4203.17
2025.12.05 05:30,4203.2,4209.13,4202.36,4209.11
2025.12.05 05:45,4209.11,4210.82,4206.71,4209.36
2025.12.05 06:00,4209.34,4214.31,4207.79,4213.48
2025.12.05 06:15,4213.5,4213.52,4211.29,4212.41
2025.12.05 06:30,4212.4,4215.93,4212.4,4213.93
2025.12.05 06:45,4213.9,4217.35,4213.17,4216.74
2025.12.05 07:00,4216.71,4218.23,4215.29,4216.13
2025.12.05 07:15,4216.14,4219.81,4214.25,4219.36
2025.12.05 07:30,4219.37,4221.17,4217.5,4219.99
2025.12.05 07:45,4219.97,4220.87,4218.92,4220.35
2025.12.05 08:00,4220.34,4228.32,4218.63,4225.37
2025.12.05 08:15,4225.38,4229.22,4224.35,4227.6
2025.12.05 08:30,4227.43,4228.6,4223.6,4224.8
2025.12.05 08:45,4224.85,4225.95,4223.52,4224.44
2025.12.05 09:00,4224.42,4230.43,4224.38,4227.2
2025.12.05 09:15,4227.19,4230.61,4226.19,4229.93
2025.12.05 09:30,4229.95,4229.99,4224.36,4224.61
2025.12.05 09:45,4224.6,4225.92,4222.28,4224.32
2025.12.05 10:00,4224.33,4226.94,4221.63,4222.88
2025.12.05 10:15,4222.86,4226.38,4222.37,4222.76
2025.12.05 10:30,4222.88,4225.7,4220.72,4223.12
2025.12.05 10:45,4223.17,4224.4,4220.42,4220.5
2025.12.05 11:00,4220.43,4222.35,4217.31,4218.44
2025.12.05 11:15,4218.45,4221.8,4215.69,4221.02
2025.12.05 11:30,4221.02,4224.45,4219.41,4223.74
2025.12.05 11:45,4223.8,4224.98,4223.08,4223.16
2025.12.05 12:00,4223.17,4225.91,4223.02,4223.94
2025.12.05 12:15,4223.99,4227.32,4222.96,4223.89
2025.12.05 12:30,4224.01,4225.27,4223.29,4224.46
2025.12.05 12:45,4224.45,4224.77,4222.42,4222.77
2025.12.05 13:00,4222.77,4224.07,4219.89,4224.01
2025.12.05 13:15,4223.95,4225.52,4220.88,4221.14
2025.12.05 13:30,4221.11,4223.95,4220.39,4222.83
2025.12.05 13:45,4222.82,4223.73,4221.37,4223.55
2025.12.05 14:00,4223.65,4229.54,4222.72,4225.48
2025.12.05 14:15,4225.49,4229.29,4223.76,4224.29
2025.12.05 14:30,4224.28,4225.61,4222.7,4225.34
2025.12.05 14:45,4225.32,4229.36,4224.29,4228.57
2025.12.05 15:00,4228.64,4233.11,4221.32,4227.96
2025.12.05 15:15,4227.94,4234.91,4225.58,4232.75
2025.12.05 15:30,4232.84,4238.71,4230.87,4233.43
2025.12.05 15:45,4233.44,4237.3,4229.75,4234.34
2025.12.05 16:00,4234.33,4239.32,4232.1,4237.16
2025.12.05 16:15,4237.21,4237.36,4229.88,4231.65
2025.12.05 16:30,4231.68,4236.43,4228.2,4236.03
2025.12.05 16:45,4236.01,4245.27,4234.96,4241.81
2025.12.05 17:00,4241.62,4243.77,4233.94,4239.57
2025.12.05 17:15,4239.56,4248.89,4238.21,4248.54
2025.12.05 17:30,4248.63,4259.11,4246.58,4253.73
2025.12.05 17:45,4253.74,4254.83,4237.44,4243.65
2025.12.05 18:00,4243.93,4245.57,4203.18,4203.41
2025.12.05 18:15,4204.36,4218.17,4198.47,4216.38
2025.12.05 18:30,4216.4,4217.02,4207.79,4210.71
2025.12.05 18:45,4210.94,4217.49,4207.35,4213.91
2025.12.05 19:00,4213.28,4218.05,4210.44,4214.74
2025.12.05 19:15,4214.73,4217.9,4213.03,4216.78
2025.12.05 19:30,4216.8,4219.59,4206.31,4214.07
2025.12.05 19:45,4214.15,4218.58,4212.61,4217.35
2025.12.05 20:00,4217.29,4218.5,4214.8,4217.68
2025.12.05 20:15,4217.74,4219.06,4209.91,4212.52
2025.12.05 20:30,4212.5,4215.52,4209.29,4211.66
2025.12.05 20:45,4211.63,4213.41,4206.64,4208.68
2025.12.05 21:00,4208.72,4210.76,4203.44,4208.44
2025.12.05 21:15,4208.43,4209.7,4205.29,4209.39
2025.12.05 21:30,4209.44,4210.37,4204.22,4205.6
2025.12.05 21:45,4205.61,4208.62,4202.19,4207.33
2025.12.05 22:00,4207.45,4207.49,4202.74,4204.53
2025.12.05 22:15,4204.54,4206.64,4202.74,4202.86
2025.12.05 22:30,4202.86,4205.25,4199.58,4200.93
2025.12.05 22:45,4200.82,4202.67,4199.19,4201.84
2025.12.05 23:00,4201.87,4202.36,4199.46,4200.2
2025.12.05 23:15,4200.2,4200.3,4191.86,4196.97
2025.12.05 23:30,4196.9,4196.92,4193.64,4194.34
2025.12.05 23:45,4194.2,4198.94,4194.02,4198.57
2025.12.08 01:00,4199.55,4203.48,4195.47,4198.01
2025.12.08 01:15,4198.27,4205.95,4198.27,4200.63
2025.12.08 01:30,4200.5,4202.55,4196.86,4200.93
2025.12.08 01:45,4200.89,4202.6,4199.05,4201.2
2025.12.08 02:00,4201.25,4207.81,4199.46,4206.0
2025.12.08 02:15,4205.95,4207.68,4202.94,4205.75
2025.12.08 02:30,4205.61,4210.2,4204.85,4209.39
2025.12.08 02:45,4209.56,4211.61,4208.23,4210.74
2025.12.08 03:00,4210.77,4211.66,4200.95,4205.75
2025.12.08 03:15,4205.8,4210.48,4204.33,4207.78
2025.12.08 03:30,4207.72,4209.51,4205.06,4206.51
2025.12.08 03:45,4206.49,4207.94,4197.2,4201.09
2025.12.08 04:00,4201.11,4202.03,4198.4,4200.2
2025.12.08 04:15,4200.23,4203.48,4198.95,4203.26
2025.12.08 04:30,4203.2,4208.66,4199.24,4206.33
2025.12.08 04:45,4206.35,4212.26,4206.33,4208.18
2025.12.08 05:00,4208.2,4210.01,4206.59,4209.87
2025.12.08 05:15,4209.89,4212.97,4207.99,4209.9
2025.12.08 05:30,4209.9,4211.72,4207.07,4207.77
2025.12.08 05:45,4207.69,4210.27,4206.7,4209.86
2025.12.08 06:00,4209.88,4210.32,4208.6,4209.53
2025.12.08 06:15,4209.52,4211.95,4208.92,4209.58
2025.12.08 06:30,4209.65,4213.1,4209.55,4210.34
2025.12.08 06:45,4210.38,4210.88,4206.95,4208.43
2025.12.08 07:00,4208.46,4209.3,4207.6,4208.95
2025.12.08 07:15,4208.98,4209.15,4204.59,4206.29
2025.12.08 07:30,4206.31,4215.92,4206.31,4214.74
2025.12.08 07:45,4214.8,4217.07,4212.52,4216.92
2025.12.08 08:00,4216.91,4218.53,4211.94,4215.25
2025.12.08 08:15,4215.26,4218.08,4213.77,4216.45
2025.12.08 08:30,4216.44,4218.91,4214.99,4217.04
2025.12.08 08:45,4216.97,4217.98,4215.13,4216.91
2025.12.08 09:00,4217.04,4217.35,4212.46,4214.54
2025.12.08 09:15,4214.55,4216.11,4212.73,4213.72
2025.12.08 09:30,4213.7,4216.06,4209.73,4209.75
2025.12.08 09:45,4209.73,4210.78,4206.14,4206.56
2025.12.08 10:00,4206.55,4212.61,4202.97,4211.38
2025.12.08 10:15,4211.37,4216.39,4209.23,4209.23
2025.12.08 10:30,4209.18,4210.53,4205.02,4208.76
2025.12.08 10:45,4208.75,4211.87,4207.06,4209.72
2025.12.08 11:00,4209.35,4210.6,4204.14,4208.95
2025.12.08 11:15,4208.97,4210.64,4206.09,4210.43
2025.12.08 11:30,4210.47,4211.34,4205.75,4208.01
2025.12.08 11:45,4208.0,4212.67,4206.32,4207.81
2025.12.08 12:00,4207.8,4210.22,4207.58,4209.21
2025.12.08 12:15,4209.21,4209.85,4205.23,4205.69
2025.12.08 12:30,4205.73,4207.99,4201.04,4206.19
2025.12.08 12:45,4206.18,4206.62,4202.8,4203.37
2025.12.08 13:00,4203.23,4204.38,4199.58,4203.09
2025.12.08 13:15,4203.08,4209.42,4201.97,4209.34
2025.12.08 13:30,4209.26,4214.13,4208.67,4213.29
2025.12.08 13:45,4213.32,4213.51,4208.44,4208.55
2025.12.08 14:00,4208.64,4212.65,4208.37,4212.11
2025.12.08 14:15,4212.12,4212.57,4209.46,4211.63
2025.12.08 14:30,4211.49,4213.42,4210.79,4212.21
2025.12.08 14:45,4212.2,4215.32,4210.77,4213.62
2025.12.08 15:00,4213.63,4214.56,4205.37,4210.54
2025.12.08 15:15,4210.52,4210.95,4202.26,4202.88
2025.12.08 15:30,4202.92,4204.68,4200.33,4202.63
2025.12.08 15:45,4202.66,4206.19,4197.82,4201.6
2025.12.08 16:00,4201.68,4210.1,4197.46,4209.61
2025.12.08 16:15,4209.52,4211.56,4207.64,4208.64
2025.12.08 16:30,4208.71,4210.8,4198.04,4198.08
2025.12.08 16:45,4198.1,4210.69,4195.5,4196.37
2025.12.08 17:00,4196.25,4196.55,4177.03,4178.27
2025.12.08 17:15,4178.21,4193.05,4176.03,4191.86
2025.12.08 17:30,4191.9,4193.04,4185.44,4186.7
2025.12.08 17:45,4186.77,4190.09,4181.96,4182.79
2025.12.08 18:00,4182.76,4183.59,4176.81,4183.51
2025.12.08 18:15,4183.54,4196.0,4182.46,4194.73
2025.12.08 18:30,4194.78,4197.79,4192.7,4193.43
2025.12.08 18:45,4193.41,4195.1,4187.8,4191.31
2025.12.08 19:00,4191.33,4191.6,4185.51,4187.01
2025.12.08 19:15,4187.05,4191.88,4186.51,4191.88
2025.12.08 19:30,4191.91,4193.96,4188.82,4188.82
2025.12.08 19:45,4188.84,4195.53,4187.96,4194.73
2025.12.08 20:00,4194.79,4195.55,4188.56,4189.43
2025.12.08 20:15,4189.39,4190.38,4187.04,4188.7
2025.12.08 20:30,4188.66,4191.61,4186.95,4189.67
2025.12.08 20:45,4189.65,4192.09,4184.43,4187.18
2025.12.08 21:00,4187.21,4188.39,4184.12,4185.03
2025.12.08 21:15,4185.07,4188.55,4184.22,4187.75
2025.12.08 21:30,4187.7,4188.7,4185.9,4186.95
2025.12.08 21:45,4186.94,4187.4,4184.88,4186.89
2025.12.08 22:00,4186.85,4190.88,4184.79,4188.5
2025.12.08 22:15,4188.49,4191.25,4187.15,4189.04
2025.12.08 22:30,4189.02,4195.48,4188.97,4194.21
2025.12.08 22:45,4194.23,4194.48,4190.47,4191.38
2025.12.08 23:00,4191.4,4193.09,4191.05,4191.57
2025.12.08 23:15,4191.56,4192.4,4189.77,4190.48
2025.12.08 23:30,4190.47,4190.71,4189.31,4190.1
2025.12.08 23:45,4190.11,4190.63,4188.22,4190.46
2025.12.09 01:00,4191.28,4193.24,4189.41,4191.01
2025.12.09 01:15,4191.06,4193.77,4190.79,4192.66
2025.12.09 01:30,4192.67,4195.2,4191.46,4194.54
2025.12.09 01:45,4194.5,4195.27,4192.18,4194.58
2025.12.09 02:00,4194.57,4195.52,4191.14,4192.75
2025.12.09 02:15,4192.76,4194.22,4192.08,4192.08
2025.12.09 02:30,4192.09,4192.77,4191.34,4191.82
2025.12.09 02:45,4191.82,4194.11,4189.78,4190.31
2025.12.09 03:00,4190.28,4197.19,4188.66,4196.03
2025.12.09 03:15,4195.97,4196.61,4193.58,4194.08
2025.12.09 03:30,4194.05,4197.11,4194.02,4195.6
2025.12.09 03:45,4195.75,4196.89,4193.7,4196.09
2025.12.09 04:00,4196.08,4197.11,4190.7,4190.7
2025.12.09 04:15,4190.7,4193.21,4189.45,4190.5
2025.12.09 04:30,4190.52,4190.9,4185.88,4189.11
2025.12.09 04:45,4189.09,4190.2,4187.17,4189.79
2025.12.09 05:00,4189.87,4193.94,4189.87,4193.85
2025.12.09 05:15,4193.87,4198.0,4193.59,4197.76
2025.12.09 05:30,4197.75,4198.62,4193.52,4194.12
2025.12.09 05:45,4194.14,4196.07,4193.79,4194.39
2025.12.09 06:00,4194.38,4195.37,4191.78,4194.96
2025.12.09 06:15,4194.96,4195.51,4192.69,4193.51
2025.12.09 06:30,4193.54,4195.46,4188.6,4189.09
2025.12.09 06:45,4189.11,4189.92,4184.53,4186.72
2025.12.09 07:00,4186.7,4187.24,4183.41,4186.2
2025.12.09 07:15,4186.2,4186.93,4183.37,4185.33
2025.12.09 07:30,4185.32,4185.75,4180.18,4181.85
2025.12.09 07:45,4181.84,4182.89,4177.92,4179.55
2025.12.09 08:00,4179.57,4179.65,4169.86,4174.6
2025.12.09 08:15,4174.62,4178.54,4173.94,4178.4
2025.12.09 08:30,4178.49,4184.04,4176.36,4180.94
2025.12.09 08:45,4180.95,4182.97,4180.18,4182.06
2025.12.09 09:00,4182.02,4185.66,4180.29,4182.59
2025.12.09 09:15,4182.61,4183.16,4175.77,4178.4
2025.12.09 09:30,4178.33,4181.31,4178.27,4179.47
2025.12.09 09:45,4179.46,4183.33,4178.91,4182.26
2025.12.09 10:00,4182.33,4188.29,4182.33,4188.08
2025.12.09 10:15,4188.12,4189.12,4185.41,4186.07
2025.12.09 10:30,4186.05,4190.73,4185.32,4190.64
2025.12.09 10:45,4190.67,4191.71,4188.47,4191.53
2025.12.09 11:00,4191.57,4205.51,4190.63,4203.26
2025.12.09 11:15,4203.28,4212.71,4203.06,4206.93
2025.12.09 11:30,4206.97,4208.87,4201.54,4203.62
2025.12.09 11:45,4203.59,4205.21,4200.44,4202.67
2025.12.09 12:00,4202.92,4206.44,4201.62,4204.19
2025.12.09 12:15,4204.25,4208.17,4204.11,4204.32
2025.12.09 12:30,4204.33,4205.79,4201.1,4203.78
2025.12.09 12:45,4203.71,4205.02,4201.85,4203.8
2025.12.09 13:00,4203.81,4204.67,4201.8,4202.14
2025.12.09 13:15,4202.34,4205.26,4201.01,4203.77
2025.12.09 13:30,4203.81,4206.35,4202.96,4204.76
2025.12.09 13:45,4204.78,4206.18,4202.4,4202.9
2025.12.09 14:00,4203.03,4205.04,4200.73,4201.56
2025.12.09 14:15,4201.57,4203.0,4198.33,4202.09
2025.12.09 14:30,4202.08,4203.2,4201.08,4201.88
2025.12.09 14:45,4201.79,4207.3,4201.32,4203.95
2025.12.09 15:00,4203.96,4208.17,4202.86,4205.02
2025.12.09 15:15,4205.05,4207.27,4198.28,4201.91
2025.12.09 15:30,4201.95,4202.56,4195.58,4200.63
2025.12.09 15:45,4200.67,4203.17,4198.82,4201.19
2025.12.09 16:00,4201.39,4201.88,4189.56,4191.95
2025.12.09 16:15,4191.94,4194.32,4189.37,4193.22
2025.12.09 16:30,4193.25,4206.24,4192.58,4205.64
2025.12.09 16:45,4205.65,4210.21,4202.01,4204.68
2025.12.09 17:00,4204.71,4204.71,4189.86,4195.11
2025.12.09 17:15,4195.07,4208.42,4194.82,4206.04
2025.12.09 17:30,4206.05,4208.39,4202.47,4204.86
2025.12.09 17:45,4204.71,4216.23,4198.57,4212.31
2025.12.09 18:00,4212.48,4220.34,4210.08,4218.16
2025.12.09 18:15,4218.23,4219.74,4210.06,4213.2
2025.12.09 18:30,4213.29,4220.24,4213.18,4218.89
2025.12.09 18:45,4218.91,4221.17,4211.61,4212.23
2025.12.09 19:00,4212.22,4216.21,4209.79,4211.34
2025.12.09 19:15,4211.35,4211.45,4204.89,4207.63
2025.12.09 19:30,4207.63,4208.99,4204.07,4207.16
2025.12.09 19:45,4207.19,4208.74,4201.48,4202.96
2025.12.09 20:00,4202.9,4206.25,4201.17,4206.14
2025.12.09 20:15,4206.13,4208.1,4204.87,4207.15
2025.12.09 20:30,4207.17,4208.59,4204.08,4205.55
2025.12.09 20:45,4205.53,4209.63,4204.66,4208.86
2025.12.09 21:00,4208.76,4212.31,4208.38,4210.8
2025.12.09 21:15,4210.81,4211.16,4207.52,4208.15
2025.12.09 21:30,4208.24,4210.03,4207.22,4209.05
2025.12.09 21:45,4209.02,4214.28,4207.03,4212.36
2025.12.09 22:00,4212.34,4215.94,4211.9,4214.4
2025.12.09 22:15,4214.43,4214.5,4208.84,4210.59
2025.12.09 22:30,4210.59,4211.82,4209.18,4210.08
2025.12.09 22:45,4210.14,4213.57,4210.14,4212.0
2025.12.09 23:00,4212.04,4212.78,4210.72,4211.2
2025.12.09 23:15,4211.13,4211.8,4208.56,4210.02
2025.12.09 23:30,4210.01,4210.37,4208.26,4208.6
2025.12.09 23:45,4208.41,4209.76,4207.1,4208.12
2025.12.10 01:00,4208.37,4210.7,4207.62,4208.19
2025.12.10 01:15,4208.24,4210.71,4207.63,4210.29
2025.12.10 01:30,4210.36,4211.61,4209.38,4211.51
2025.12.10 01:45,4211.45,4212.8,4209.64,4210.55
2025.12.10 02:00,4210.5,4212.47,4207.33,4208.97
2025.12.10 02:15,4208.95,4209.55,4206.91,4208.84
2025.12.10 02:30,4208.83,4209.53,4206.84,4207.32
2025.12.10 02:45,4207.34,4209.38,4207.26,4208.21
2025.12.10 03:00,4208.15,4215.12,4206.74,4214.81
2025.12.10 03:15,4214.82,4217.89,4212.51,4216.67
2025.12.10 03:30,4216.64,4217.8,4211.6,4212.24
2025.12.10 03:45,4212.24,4216.37,4211.9,4213.64
2025.12.10 04:00,4213.51,4217.78,4212.83,4214.98
2025.12.10 04:15,4215.01,4215.01,4211.54,4213.49
2025.12.10 04:30,4213.49,4218.6,4213.18,4217.41
2025.12.10 04:45,4217.42,4217.63,4215.33,4216.98
2025.12.10 05:00,4216.94,4217.06,4209.87,4209.92
2025.12.10 05:15,4209.89,4210.85,4207.7,4207.98
2025.12.10 05:30,4207.9,4209.84,4206.17,4206.87
2025.12.10 05:45,4206.85,4208.22,4203.58,4206.2
2025.12.10 06:00,4206.21,4208.13,4205.58,4208.09
2025.12.10 06:15,4208.09,4208.93,4205.56,4206.77
2025.12.10 06:30,4206.93,4209.48,4205.53,4207.52
2025.12.10 06:45,4207.52,4207.62,4205.34,4206.9
2025.12.10 07:00,4206.89,4207.15,4203.12,4203.51
2025.12.10 07:15,4203.52,4205.57,4201.63,4205.55
2025.12.10 07:30,4205.57,4212.06,4204.94,4211.93
2025.12.10 07:45,4212.07,4214.38,4209.87,4211.2
2025.12.10 08:00,4211.15,4211.55,4208.86,4209.34
2025.12.10 08:15,4209.33,4210.05,4204.22,4207.25
2025.12.10 08:30,4207.31,4207.36,4202.82,4206.1
2025.12.10 08:45,4206.11,4207.58,4205.07,4207.28
2025.12.10 09:00,4207.27,4209.11,4204.52,4205.86
2025.12.10 09:15,4205.88,4208.83,4205.31,4207.2
2025.12.10 09:30,4207.35,4208.12,4206.26,4206.78
2025.12.10 09:45,4206.8,4207.0,4203.06,4203.22
2025.12.10 10:00,4203.2,4205.88,4200.13,4202.38
2025.12.10 10:15,4202.37,4206.36,4202.03,4203.79
2025.12.10 10:30,4203.88,4203.88,4198.64,4199.71
2025.12.10 10:45,4199.75,4201.76,4196.99,4197.9
2025.12.10 11:00,4197.74,4200.38,4194.3,4197.82
2025.12.10 11:15,4197.9,4198.75,4195.18,4197.7
2025.12.10 11:30,4197.68,4198.12,4194.01,4194.79
2025.12.10 11:45,4194.76,4195.51,4192.48,4194.3
2025.12.10 12:00,4194.29,4196.28,4191.39,4195.71
2025.12.10 12:15,4195.64,4195.8,4191.49,4191.88
2025.12.10 12:30,4191.92,4194.42,4187.73,4193.97
2025.12.10 12:45,4193.96,4194.13,4190.88,4193.1
2025.12.10 13:00,4193.18,4195.28,4192.44,4195.21
2025.12.10 13:15,4195.22,4196.09,4193.93,4194.59
2025.12.10 13:30,4194.58,4196.87,4193.65,4195.02
2025.12.10 13:45,4195.01,4197.7,4194.39,4197.24
2025.12.10 14:00,4197.23,4201.82,4197.14,4201.05
2025.12.10 14:15,4201.01,4202.03,4197.21,4197.61
2025.12.10 14:30,4197.58,4199.01,4196.53,4198.08
2025.12.10 14:45,4198.01,4198.12,4195.19,4196.3
2025.12.10 15:00,4196.38,4200.25,4193.46,4195.93
2025.12.10 15:15,4195.89,4199.81,4192.92,4197.78
2025.12.10 15:30,4197.8,4202.44,4195.99,4202.44
2025.12.10 15:45,4202.42,4204.99,4200.0,4200.49
2025.12.10 16:00,4200.54,4206.92,4198.86,4205.02
2025.12.10 16:15,4205.06,4206.05,4194.73,4196.52
2025.12.10 16:30,4196.45,4199.62,4191.23,4197.5
2025.12.10 16:45,4197.54,4201.89,4191.97,4192.33
2025.12.10 17:00,4192.41,4201.05,4191.98,4194.53
2025.12.10 17:15,4194.47,4196.94,4188.81,4196.43
2025.12.10 17:30,4196.33,4199.22,4193.06,4193.74
2025.12.10 17:45,4193.71,4194.63,4190.07,4193.57
2025.12.10 18:00,4193.59,4195.38,4192.72,4194.17
2025.12.10 18:15,4194.13,4200.93,4193.35,4200.49
2025.12.10 18:30,4200.51,4202.86,4198.93,4202.29
2025.12.10 18:45,4202.28,4204.9,4201.54,4204.59
2025.12.10 19:00,4204.56,4204.61,4198.91,4199.92
2025.12.10 19:15,4199.9,4203.34,4199.69,4200.49
2025.12.10 19:30,4200.43,4201.45,4198.37,4198.99
2025.12.10 19:45,4198.99,4201.53,4196.78,4199.52
2025.12.10 20:00,4199.56,4200.58,4198.57,4198.99
2025.12.10 20:15,4198.99,4199.41,4193.3,4196.33
2025.12.10 20:30,4196.18,4196.71,4191.91,4193.89
2025.12.10 20:45,4193.87,4196.37,4193.04,4194.26
2025.12.10 21:00,4194.19,4219.66,4191.87,4212.11
2025.12.10 21:15,4212.12,4216.63,4194.85,4198.66
2025.12.10 21:30,4198.62,4214.41,4181.87,4187.49
2025.12.10 21:45,4187.47,4217.21,4186.32,4216.36
2025.12.10 22:00,4216.21,4235.64,4211.09,4234.98
2025.12.10 22:15,4234.97,4238.51,4226.4,4232.47
2025.12.10 22:30,4232.59,4235.09,4229.46,4232.36
2025.12.10 22:45,4232.37,4237.15,4229.45,4229.63
2025.12.10 23:00,4229.35,4232.24,4221.11,4227.93
2025.12.10 23:15,4227.92,4229.3,4223.26,4226.02
2025.12.10 23:30,4226.09,4229.09,4225.66,4227.87
2025.12.10 23:45,4227.88,4229.23,4226.71,4228.5
2025.12.11 01:00,4228.37,4230.5,4225.04,4225.31
2025.12.11 01:15,4225.29,4226.94,4223.94,4225.52
2025.12.11 01:30,4225.49,4229.38,4225.44,4228.12
2025.12.11 01:45,4228.19,4233.97,4228.19,4232.25
2025.12.11 02:00,4232.26,4243.53,4231.25,4242.81
2025.12.11 02:15,4242.88,4245.02,4239.79,4240.87
2025.12.11 02:30,4240.9,4243.08,4240.39,4241.86
2025.12.11 02:45,4241.84,4242.58,4234.74,4237.04
2025.12.11 03:00,4237.03,4247.4,4236.01,4240.17
2025.12.11 03:15,4240.15,4241.82,4235.03,4235.88
2025.12.11 03:30,4236.01,4238.39,4232.84,4237.96
2025.12.11 03:45,4237.98,4240.24,4237.12,4238.23
2025.12.11 04:00,4238.19,4240.72,4230.95,4233.71
2025.12.11 04:15,4233.69,4234.2,4229.36,4229.81
2025.12.11 04:30,4229.73,4230.3,4220.44,4227.03
2025.12.11 04:45,4227.04,4228.1,4221.76,4222.12
2025.12.11 05:00,4222.08,4224.89,4209.29,4212.06
2025.12.11 05:15,4212.09,4215.98,4209.33,4212.88
2025.12.11 05:30,4212.89,4216.64,4211.91,4216.59
2025.12.11 05:45,4216.59,4218.43,4215.02,4216.7
2025.12.11 06:00,4216.69,4218.13,4213.83,4217.02
2025.12.11 06:15,4217.0,4217.35,4210.65,4212.77
2025.12.11 06:30,4212.78,4215.95,4211.3,4211.53
2025.12.11 06:45,4211.68,4214.48,4208.35,4213.42
2025.12.11 07:00,4213.39,4216.11,4211.5,4212.01
2025.12.11 07:15,4211.99,4213.11,4209.78,4212.12
2025.12.11 07:30,4212.09,4212.79,4206.91,4210.15
2025.12.11 07:45,4210.12,4210.76,4205.96,4207.3
2025.12.11 08:00,4207.31,4212.36,4204.14,4211.01
2025.12.11 08:15,4210.97,4214.5,4207.61,4213.51
2025.12.11 08:30,4213.52,4215.23,4212.16,4213.89
2025.12.11 08:45,4213.87,4215.21,4210.93,4214.32
2025.12.11 09:00,4214.33,4214.33,4210.45,4212.37
2025.12.11 09:15,4212.38,4214.51,4211.52,4212.98
2025.12.11 09:30,4212.99,4217.87,4211.23,4217.63
2025.12.11 09:45,4217.64,4218.38,4214.69,4215.81
2025.12.11 10:00,4215.84,4217.66,4212.73,4215.06
2025.12.11 10:15,4215.27,4216.86,4213.3,4214.15
2025.12.11 10:30,4214.15,4219.6,4213.55,4217.28
2025.12.11 10:45,4217.33,4218.7,4215.21,4216.43
2025.12.11 11:00,4216.31,4217.98,4210.23,4211.86
2025.12.11 11:15,4211.84,4216.1,4211.04,4213.98
2025.12.11 11:30,4213.84,4217.93,4213.56,4217.65
2025.12.11 11:45,4217.64,4221.39,4217.06,4218.3
2025.12.11 12:00,4218.31,4225.73,4218.31,4220.38
2025.12.11 12:15,4220.44,4221.43,4216.04,4217.17
2025.12.11 12:30,4217.32,4217.62,4211.69,4215.09
2025.12.11 12:45,4215.0,4218.92,4214.61,4216.84
2025.12.11 13:00,4216.81,4218.97,4214.07,4215.11
2025.12.11 13:15,4215.12,4216.45,4214.09,4214.67
2025.12.11 13:30,4214.65,4215.01,4211.06,4214.6
2025.12.11 13:45,4214.59,4215.14,4209.49,4211.1
2025.12.11 14:00,4211.06,4214.37,4208.63,4212.22
2025.12.11 14:15,4212.08,4218.11,4211.94,4217.81
2025.12.11 14:30,4217.89,4220.2,4217.4,4219.01
2025.12.11 14:45,4219.04,4220.34,4216.67,4220.3
2025.12.11 15:00,4220.29,4222.43,4209.88,4211.72
2025.12.11 15:15,4211.8,4213.83,4205.19,4212.76
2025.12.11 15:30,4212.78,4220.8,4209.21,4219.49
2025.12.11 15:45,4219.29,4223.15,4217.96,4220.73
2025.12.11 16:00,4220.75,4229.53,4217.75,4227.07
2025.12.11 16:15,4227.06,4231.84,4223.32,4230.9
2025.12.11 16:30,4230.92,4243.7,4230.11,4243.69
2025.12.11 16:45,4243.58,4244.3,4228.86,4230.07
2025.12.11 17:00,4230.04,4240.16,4225.89,4237.55
2025.12.11 17:15,4237.56,4244.17,4236.89,4238.83
2025.12.11 17:30,4238.88,4256.13,4238.31,4254.46
2025.12.11 17:45,4254.35,4261.1,4250.08,4255.74
2025.12.11 18:00,4256.03,4257.39,4249.99,4255.78
2025.12.11 18:15,4255.8,4261.45,4254.56,4256.99
2025.12.11 18:30,4257.02,4262.75,4255.15,4261.35
2025.12.11 18:45,4261.46,4278.79,4261.16,4273.34
2025.12.11 19:00,4273.42,4280.82,4272.07,4277.22
2025.12.11 19:15,4277.26,4281.6,4274.57,4275.83
2025.12.11 19:30,4275.84,4277.61,4272.08,4277.51
2025.12.11 19:45,4277.35,4279.21,4273.79,4278.55
2025.12.11 20:00,4278.54,4285.77,4276.96,4283.59
2025.12.11 20:15,4283.58,4285.42,4280.01,4281.84
2025.12.11 20:30,4281.88,4283.99,4277.13,4282.56
2025.12.11 20:45,4282.56,4282.56,4266.56,4267.93
2025.12.11 21:00,4267.99,4271.24,4262.92,4271.15
2025.12.11 21:15,4271.13,4274.46,4268.9,4273.04
2025.12.11 21:30,4272.98,4277.49,4272.4,4273.99
2025.12.11 21:45,4274.26,4275.75,4271.28,4273.48
2025.12.11 22:00,4273.45,4274.13,4264.19,4269.63
2025.12.11 22:15,4269.65,4271.05,4265.28,4268.43
2025.12.11 22:30,4268.56,4274.29,4268.07,4273.27
2025.12.11 22:45,4273.28,4276.26,4271.11,4276.1
2025.12.11 23:00,4276.15,4276.15,4272.44,4272.68
2025.12.11 23:15,4272.69,4279.28,4272.38,4279.27
2025.12.11 23:30,4279.36,4282.14,4276.59,4282.08
2025.12.11 23:45,4282.1,4283.49,4278.64,4279.48
2025.12.12 01:00,4279.96,4283.27,4279.96,4281.62
2025.12.12 01:15,4281.61,4282.87,4277.49,4279.82
2025.12.12 01:30,4279.81,4281.05,4272.28,4275.22
2025.12.12 01:45,4275.18,4277.82,4273.37,4276.18
2025.12.12 02:00,4276.17,4277.93,4273.5,4276.42
2025.12.12 02:15,4276.42,4279.98,4275.6,4278.3
2025.12.12 02:30,4278.29,4278.76,4273.68,4275.22
2025.12.12 02:45,4275.24,4275.82,4268.74,4269.29
2025.12.12 03:00,4269.41,4275.38,4266.09,4274.36
2025.12.12 03:15,4274.37,4275.96,4264.41,4265.89
2025.12.12 03:30,4265.93,4270.06,4264.95,4268.88
2025.12.12 03:45,4268.93,4273.88,4267.8,4270.88
2025.12.12 04:00,4270.8,4276.68,4270.44,4275.29
2025.12.12 04:15,4275.31,4276.59,4271.96,4273.51
2025.12.12 04:30,4273.45,4276.66,4273.02,4274.4
2025.12.12 04:45,4274.37,4274.5,4269.2,4270.3
2025.12.12 05:00,4270.29,4274.49,4269.77,4273.21
2025.12.12 05:15,4273.01,4273.28,4268.53,4269.85
2025.12.12 05:30,4269.85,4272.42,4268.97,4271.77
2025.12.12 05:45,4271.78,4272.86,4270.39,4270.45
2025.12.12 06:00,4270.43,4270.88,4268.09,4268.95
2025.12.12 06:15,4268.89,4269.08,4266.61,4268.35
2025.12.12 06:30,4268.36,4268.62,4266.17,4267.21
2025.12.12 06:45,4267.16,4268.8,4266.14,4266.14
2025.12.12 07:00,4266.22,4269.36,4265.82,4269.1
2025.12.12 07:15,4269.09,4275.5,4268.56,4274.2
2025.12.12 07:30,4274.02,4279.25,4274.02,4277.66
2025.12.12 07:45,4277.67,4280.38,4276.18,4278.76
2025.12.12 08:00,4278.93,4280.55,4276.48,4277.71
2025.12.12 08:15,4277.63,4281.31,4276.68,4280.9
2025.12.12 08:30,4280.93,4282.63,4279.28,4281.11
2025.12.12 08:45,4281.21,4283.24,4281.21,4282.76
2025.12.12 09:00,4282.73,4288.61,4281.3,4285.66
2025.12.12 09:15,4285.65,4288.1,4284.4,4285.7
2025.12.12 09:30,4285.71,4290.21,4284.05,4287.52
2025.12.12 09:45,4287.52,4288.67,4285.23,4286.93
2025.12.12 10:00,4286.86,4295.29,4286.78,4293.12
2025.12.12 10:15,4293.08,4295.33,4290.89,4294.21
2025.12.12 10:30,4294.27,4304.19,4294.06,4303.7
2025.12.12 10:45,4303.71,4309.3,4301.45,4307.96
2025.12.12 11:00,4308.01,4316.88,4306.82,4316.76
2025.12.12 11:15,4316.79,4317.77,4312.34,4313.34
2025.12.12 11:30,4313.3,4313.68,4307.37,4311.7
2025.12.12 11:45,4311.71,4320.09,4311.11,4318.15
2025.12.12 12:00,4318.13,4319.99,4314.53,4319.09
2025.12.12 12:15,4319.1,4321.74,4316.62,4316.75
2025.12.12 12:30,4316.75,4328.22,4316.34,4327.78
2025.12.12 12:45,4327.75,4330.81,4325.31,4329.71
2025.12.12 13:00,4329.85,4338.54,4326.92,4335.43
2025.12.12 13:15,4335.44,4339.04,4331.92,4334.15
2025.12.12 13:30,4334.16,4336.83,4329.9,4334.32
2025.12.12 13:45,4334.37,4338.93,4334.29,4336.23
2025.12.12 14:00,4336.42,4339.03,4331.7,4332.81
2025.12.12 14:15,4332.81,4334.04,4330.09,4332.44
2025.12.12 14:30,4332.48,4334.13,4327.58,4328.16
2025.12.12 14:45,4328.18,4329.54,4324.62,4325.67
2025.12.12 15:00,4325.96,4337.72,4321.35,4337.02
2025.12.12 15:15,4336.99,4339.21,4334.12,4335.9
2025.12.12 15:30,4335.91,4346.02,4335.91,4339.69
2025.12.12 15:45,4339.68,4341.12,4332.31,4340.88
2025.12.12 16:00,4340.87,4344.69,4338.44,4342.07
2025.12.12 16:15,4342.06,4345.69,4338.52,4340.56
2025.12.12 16:30,4340.57,4345.41,4330.74,4339.6
2025.12.12 16:45,4339.63,4353.3,4336.56,4346.82
2025.12.12 17:00,4346.79,4351.3,4340.89,4343.28
2025.12.12 17:15,4343.3,4345.3,4298.3,4300.47
2025.12.12 17:30,4300.46,4317.86,4295.09,4317.23
2025.12.12 17:45,4317.14,4321.87,4283.11,4290.43
2025.12.12 18:00,4290.34,4296.5,4273.55,4286.12
2025.12.12 18:15,4285.88,4292.98,4272.05,4289.74
2025.12.12 18:30,4289.79,4289.79,4257.0,4273.88
2025.12.12 18:45,4273.84,4281.69,4270.28,4281.69
2025.12.12 19:00,4281.51,4284.91,4271.05,4273.65
2025.12.12 19:15,4273.39,4290.55,4273.03,4282.14
2025.12.12 19:30,4282.02,4295.03,4281.66,4293.23
2025.12.12 19:45,4293.16,4298.19,4291.56,4294.25
2025.12.12 20:00,4294.25,4302.94,4291.7,4300.85
2025.12.12 20:15,4300.89,4303.53,4293.87,4295.33
2025.12.12 20:30,4295.46,4300.34,4291.6,4291.77
2025.12.12 20:45,4291.83,4297.01,4290.43,4294.75
2025.12.12 21:00,4295.17,4295.7,4289.68,4294.23
2025.12.12 21:15,4294.19,4299.56,4293.56,4296.04
2025.12.12 21:30,4296.05,4298.5,4293.49,4297.14
2025.12.12 21:45,4297.15,4298.02,4294.18,4296.36
2025.12.12 22:00,4296.37,4302.7,4295.34,4299.65
2025.12.12 22:15,4299.61,4300.66,4291.04,4293.35
2025.12.12 22:30,4293.31,4299.79,4288.41,4298.71
2025.12.12 22:45,4298.68,4302.73,4294.16,4299.13
2025.12.12 23:00,4299.25,4301.52,4298.14,4299.63
2025.12.12 23:15,4299.64,4303.58,4298.95,4302.79
2025.12.12 23:30,4302.75,4304.04,4300.8,4301.13
2025.12.12 23:45,4301.14,4302.95,4299.1,4300.81
2025.12.15 01:00,4300.59,4307.45,4294.51,4302.61
2025.12.15 01:15,4302.75,4306.31,4302.56,4304.83
2025.12.15 01:30,4304.8,4308.22,4303.61,4305.71
2025.12.15 01:45,4305.72,4306.58,4301.35,4302.35
2025.12.15 02:00,4302.46,4306.61,4300.06,4304.07
2025.12.15 02:15,4304.08,4304.19,4300.88,4301.88
2025.12.15 02:30,4301.89,4307.74,4301.82,4305.34
2025.12.15 02:45,4305.31,4307.69,4303.28,4307.34
2025.12.15 03:00,4307.38,4313.87,4305.52,4313.18
2025.12.15 03:15,4313.17,4315.69,4309.59,4314.92
2025.12.15 03:30,4314.94,4324.58,4314.48,4319.63
2025.12.15 03:45,4319.64,4325.54,4319.32,4322.43
2025.12.15 04:00,4322.37,4326.6,4320.57,4321.32
2025.12.15 04:15,4321.4,4324.84,4320.99,4324.11
2025.12.15 04:30,4324.12,4329.26,4323.98,4328.68
2025.12.15 04:45,4328.73,4329.0,4324.92,4326.19
2025.12.15 05:00,4326.16,4329.55,4322.5,4323.08
2025.12.15 05:15,4323.04,4324.03,4319.18,4323.76
2025.12.15 05:30,4323.79,4328.54,4323.66,4327.66
2025.12.15 05:45,4327.68,4327.86,4324.93,4327.16
2025.12.15 06:00,4327.1,4329.59,4325.46,4328.05
2025.12.15 06:15,4328.04,4329.93,4326.45,4327.51
2025.12.15 06:30,4327.53,4327.79,4322.95,4326.32
2025.12.15 06:45,4326.3,4327.89,4324.59,4325.87
2025.12.15 07:00,4325.91,4327.45,4324.63,4326.2
2025.12.15 07:15,4326.3,4330.75,4325.85,4329.36
2025.12.15 07:30,4329.19,4339.89,4329.04,4338.67
2025.12.15 07:45,4338.94,4344.25,4337.81,4343.46
2025.12.15 08:00,4343.45,4345.34,4339.48,4342.96
2025.12.15 08:15,4343.0,4345.33,4342.23,4343.72
2025.12.15 08:30,4343.7,4345.6,4341.95,4345.18
2025.12.15 08:45,4345.38,4347.14,4342.92,4343.42
2025.12.15 09:00,4343.43,4344.1,4340.51,4342.24
2025.12.15 09:15,4342.21,4344.52,4341.28,4343.77
2025.12.15 09:30,4343.78,4344.19,4333.26,4339.53
2025.12.15 09:45,4339.54,4341.79,4338.72,4338.95
2025.12.15 10:00,4338.97,4344.27,4338.66,4342.81
2025.12.15 10:15,4342.8,4346.55,4341.02,4345.65
2025.12.15 10:30,4345.62,4346.57,4343.62,4344.97
2025.12.15 10:45,4345.02,4348.75,4344.39,4346.73
2025.12.15 11:00,4346.65,4349.33,4343.1,4348.84
2025.12.15 11:15,4348.78,4350.0,4344.28,4347.47
2025.12.15 11:30,4347.57,4349.95,4344.42,4345.04
2025.12.15 11:45,4345.08,4345.81,4342.17,4342.3
2025.12.15 12:00,4342.39,4344.2,4340.49,4343.2
2025.12.15 12:15,4343.26,4347.9,4341.96,4342.64
2025.12.15 12:30,4342.74,4343.38,4337.53,4338.62
2025.12.15 12:45,4338.61,4342.09,4337.95,4339.54
2025.12.15 13:00,4339.57,4339.57,4335.11,4338.36
2025.12.15 13:15,4338.36,4341.46,4335.71,4340.67
2025.12.15 13:30,4340.68,4341.52,4338.91,4340.63
2025.12.15 13:45,4340.68,4343.59,4339.3,4342.68
2025.12.15 14:00,4342.69,4345.5,4342.5,4343.55
2025.12.15 14:15,4343.53,4346.39,4342.84,4346.26
2025.12.15 14:30,4346.23,4348.26,4344.8,4345.21
2025.12.15 14:45,4345.2,4346.97,4343.37,4345.56
2025.12.15 15:00,4345.53,4346.15,4333.43,4335.62
2025.12.15 15:15,4335.58,4341.17,4334.56,4339.35
2025.12.15 15:30,4339.4,4341.66,4335.48,4338.21
2025.12.15 15:45,4338.17,4344.26,4330.58,4332.01
2025.12.15 16:00,4332.02,4336.57,4328.23,4328.82
2025.12.15 16:15,4328.77,4332.39,4321.19,4325.02
2025.12.15 16:30,4324.89,4335.01,4320.55,4328.05
2025.12.15 16:45,4328.01,4331.17,4317.29,4323.51
2025.12.15 17:00,4323.66,4327.13,4312.36,4322.62
2025.12.15 17:15,4322.57,4327.39,4311.54,4314.14
2025.12.15 17:30,4314.15,4324.51,4313.01,4323.11
2025.12.15 17:45,4323.36,4327.62,4316.86,4318.08
2025.12.15 18:00,4318.1,4318.75,4300.83,4303.25
2025.12.15 18:15,4303.26,4305.62,4292.94,4295.87
2025.12.15 18:30,4295.76,4299.87,4285.18,4296.44
2025.12.15 18:45,4296.49,4299.55,4292.39,4297.49
2025.12.15 19:00,4297.45,4300.05,4290.76,4296.98
2025.12.15 19:15,4296.95,4303.6,4293.21,4302.0
2025.12.15 19:30,4301.98,4304.98,4300.28,4304.03
2025.12.15 19:45,4303.96,4306.55,4301.74,4304.39
2025.12.15 20:00,4304.44,4305.22,4301.15,4302.57
2025.12.15 20:15,4302.61,4306.39,4299.9,4305.57
2025.12.15 20:30,4305.22,4310.09,4302.52,4309.64
2025.12.15 20:45,4309.69,4313.4,4307.86,4312.91
2025.12.15 21:00,4312.88,4317.53,4311.98,4312.46
2025.12.15 21:15,4312.4,4314.37,4308.89,4309.12
2025.12.15 21:30,4308.97,4312.08,4307.8,4311.19
2025.12.15 21:45,4311.21,4314.35,4310.02,4314.05
2025.12.15 22:00,4313.89,4314.29,4311.22,4311.46
2025.12.15 22:15,4311.56,4311.56,4299.41,4305.01
2025.12.15 22:30,4305.0,4307.46,4300.37,4305.66
2025.12.15 22:45,4305.62,4307.51,4303.91,4304.26
2025.12.15 23:00,4304.25,4305.49,4300.57,4304.25
2025.12.15 23:15,4304.3,4304.8,4302.58,4303.55
2025.12.15 23:30,4303.61,4304.42,4301.1,4302.04
2025.12.15 23:45,4302.04,4305.7,4302.0,4304.9
2025.12.16 01:00,4306.19,4309.42,4305.12,4306.04
2025.12.16 01:15,4305.99,4309.43,4305.99,4307.41
2025.12.16 01:30,4307.43,4308.22,4305.87,4306.7
2025.12.16 01:45,4306.63,4307.95,4303.16,4304.0
2025.12.16 02:00,4304.09,4309.05,4302.72,4307.29
2025.12.16 02:15,4307.44,4309.88,4304.41,4309.5
2025.12.16 02:30,4309.63,4313.11,4307.65,4311.68
2025.12.16 02:45,4311.69,4311.79,4305.68,4307.79
2025.12.16 03:00,4307.78,4308.33,4299.04,4303.95
2025.12.16 03:15,4303.91,4311.78,4303.75,4311.35
2025.12.16 03:30,4311.36,4317.78,4311.05,4314.59
2025.12.16 03:45,4314.56,4315.93,4304.58,4308.72
2025.12.16 04:00,4308.7,4311.82,4305.75,4310.67
2025.12.16 04:15,4310.69,4312.09,4307.39,4310.68
2025.12.16 04:30,4310.73,4311.89,4305.63,4309.23
2025.12.16 04:45,4309.27,4309.6,4286.41,4289.54
2025.12.16 05:00,4289.53,4294.33,4280.74,4282.21
2025.12.16 05:15,4282.25,4288.2,4280.47,4287.55
2025.12.16 05:30,4287.6,4288.91,4283.01,4285.14
2025.12.16 05:45,4285.11,4291.45,4282.87,4290.79
2025.12.16 06:00,4290.75,4292.14,4286.79,4287.81
2025.12.16 06:15,4287.68,4290.64,4286.5,4288.17
2025.12.16 06:30,4288.16,4291.7,4288.15,4289.47
2025.12.16 06:45,4289.46,4290.52,4287.53,4289.07
2025.12.16 07:00,4289.03,4292.2,4285.67,4286.14
2025.12.16 07:15,4286.15,4286.4,4279.71,4280.66
2025.12.16 07:30,4280.6,4280.94,4271.14,4279.4
2025.12.16 07:45,4279.39,4287.6,4279.26,4283.91
2025.12.16 08:00,4283.92,4288.27,4282.5,4286.46
2025.12.16 08:15,4286.42,4289.91,4285.02,4286.87
2025.12.16 08:30,4286.85,4291.93,4285.73,4291.08
2025.12.16 08:45,4291.09,4291.97,4287.36,4289.07
2025.12.16 09:00,4289.14,4289.7,4284.66,4285.88
2025.12.16 09:15,4285.9,4286.42,4279.5,4280.95
2025.12.16 09:30,4280.96,4288.37,4279.96,4284.0
2025.12.16 09:45,4283.98,4288.15,4282.99,4287.48
2025.12.16 10:00,4287.26,4289.22,4280.29,4281.34
2025.12.16 10:15,4281.41,4281.51,4275.63,4278.9
2025.12.16 10:30,4278.74,4283.08,4275.26,4283.01
2025.12.16 10:45,4282.97,4286.78,4282.62,4284.51
2025.12.16 11:00,4284.53,4285.72,4281.02,4284.88
2025.12.16 11:15,4284.87,4284.87,4281.43,4281.58
2025.12.16 11:30,4281.59,4283.67,4279.84,4282.72
2025.12.16 11:45,4282.66,4282.66,4276.29,4280.31
2025.12.16 12:00,4280.35,4284.15,4276.49,4277.76
2025.12.16 12:15,4277.81,4281.83,4276.78,4277.62
2025.12.16 12:30,4277.54,4279.0,4274.65,4278.91
2025.12.16 12:45,4278.94,4281.36,4275.35,4277.21
2025.12.16 13:00,4277.11,4278.43,4274.07,4275.92
2025.12.16 13:15,4275.91,4277.82,4273.68,4277.32
2025.12.16 13:30,4277.42,4279.43,4275.47,4276.33
2025.12.16 13:45,4276.24,4278.82,4276.08,4278.35
2025.12.16 14:00,4278.36,4288.53,4276.66,4287.65
2025.12.16 14:15,4287.68,4292.61,4287.64,4291.39
2025.12.16 14:30,4291.38,4293.45,4287.65,4293.21
2025.12.16 14:45,4293.23,4294.66,4291.97,4294.35
2025.12.16 15:00,4294.38,4297.56,4290.78,4295.7
2025.12.16 15:15,4295.74,4301.88,4293.36,4301.3
2025.12.16 15:30,4301.33,4312.65,4301.33,4304.12
2025.12.16 15:45,4304.16,4313.25,4299.47,4312.95
2025.12.16 16:00,4313.0,4320.13,4311.26,4319.21
2025.12.16 16:15,4319.3,4330.44,4318.05,4325.5
2025.12.16 16:30,4325.46,4331.69,4321.8,4326.1
2025.12.16 16:45,4326.08,4331.87,4322.92,4324.28
2025.12.16 17:00,4324.25,4334.93,4320.93,4323.9
2025.12.16 17:15,4323.94,4325.75,4312.36,4320.95
2025.12.16 17:30,4320.99,4329.96,4319.73,4322.02
2025.12.16 17:45,4321.81,4329.21,4318.98,4319.65
2025.12.16 18:00,4319.59,4323.07,4312.78,4315.41
2025.12.16 18:15,4315.36,4315.36,4303.64,4307.54
2025.12.16 18:30,4307.4,4307.48,4291.2,4294.74
2025.12.16 18:45,4294.71,4302.83,4293.52,4300.46
2025.12.16 19:00,4300.56,4310.77,4300.53,4304.16
2025.12.16 19:15,4304.2,4306.2,4299.98,4302.74
2025.12.16 19:30,4302.72,4308.83,4302.14,4305.92
2025.12.16 19:45,4305.93,4306.29,4300.34,4303.44
2025.12.16 20:00,4303.36,4305.74,4299.43,4302.95
2025.12.16 20:15,4302.92,4304.01,4298.03,4301.73
2025.12.16 20:30,4301.74,4310.61,4301.08,4308.68
2025.12.16 20:45,4308.63,4313.35,4307.97,4311.14
2025.12.16 21:00,4311.16,4311.48,4303.85,4305.74
2025.12.16 21:15,4305.66,4309.82,4296.74,4305.36
2025.12.16 21:30,4305.35,4309.94,4304.52,4309.6
2025.12.16 21:45,4309.61,4315.72,4308.96,4310.47
2025.12.16 22:00,4310.34,4314.27,4310.0,4311.97
2025.12.16 22:15,4311.96,4311.97,4307.95,4310.62
2025.12.16 22:30,4310.64,4311.57,4307.73,4309.07
2025.12.16 22:45,4309.03,4312.01,4302.65,4304.53
2025.12.16 23:00,4304.47,4305.39,4300.78,4302.23
2025.12.16 23:15,4302.35,4302.7,4300.48,4302.23
2025.12.16 23:30,4302.18,4304.77,4300.94,4302.79
2025.12.16 23:45,4302.8,4303.91,4301.7,4302.14
2025.12.17 01:00,4303.08,4304.69,4301.08,4304.06
2025.12.17 01:15,4304.03,4306.85,4304.01,4306.18
2025.12.17 01:30,4306.17,4308.42,4305.13,4307.46
2025.12.17 01:45,4307.47,4309.04,4306.76,4307.55
2025.12.17 02:00,4307.48,4312.95,4307.19,4312.4
2025.12.17 02:15,4312.44,4314.92,4311.9,4313.23
2025.12.17 02:30,4313.12,4314.28,4311.06,4312.43
2025.12.17 02:45,4312.43,4314.22,4311.7,4313.02
2025.12.17 03:00,4313.08,4320.05,4311.31,4317.66
2025.12.17 03:15,4317.64,4319.34,4313.12,4316.8
2025.12.17 03:30,4316.88,4325.14,4316.03,4322.86
2025.12.17 03:45,4322.85,4326.57,4321.96,4326.5
2025.12.17 04:00,4326.49,4327.64,4318.22,4320.07
2025.12.17 04:15,4320.06,4323.49,4319.29,4320.48
2025.12.17 04:30,4320.49,4322.85,4313.95,4316.45
2025.12.17 04:45,4316.46,4316.71,4311.02,4314.13
2025.12.17 05:00,4314.11,4319.9,4312.57,4315.28
2025.12.17 05:15,4315.17,4319.38,4314.43,4318.62
2025.12.17 05:30,4318.61,4323.4,4318.31,4321.39
2025.12.17 05:45,4321.4,4324.91,4321.16,4323.49
2025.12.17 06:00,4323.6,4325.95,4321.03,4324.36
2025.12.17 06:15,4324.37,4324.84,4321.99,4322.45
2025.12.17 06:30,4322.47,4329.86,4320.39,4329.54
2025.12.17 06:45,4329.54,4331.24,4328.22,4329.41
2025.12.17 07:00,4329.42,4334.35,4327.8,4332.21
2025.12.17 07:15,4332.14,4337.58,4330.34,4330.88
2025.12.17 07:30,4330.87,4339.96,4330.87,4338.05
2025.12.17 07:45,4338.09,4342.3,4333.37,4333.78
2025.12.17 08:00,4333.79,4337.49,4331.55,4336.69
2025.12.17 08:15,4336.72,4336.79,4330.19,4332.31
2025.12.17 08:30,4332.27,4333.06,4326.93,4329.05
2025.12.17 08:45,4329.03,4330.56,4324.59,4328.5
2025.12.17 09:00,4328.51,4328.51,4322.4,4324.87
2025.12.17 09:15,4324.87,4325.5,4319.42,4322.88
2025.12.17 09:30,4322.9,4324.46,4315.95,4315.97
2025.12.17 09:45,4315.94,4318.95,4315.42,4317.76
2025.12.17 10:00,4317.7,4320.71,4308.61,4313.62
2025.12.17 10:15,4313.56,4317.8,4312.38,4316.05
2025.12.17 10:30,4316.13,4319.63,4314.6,4315.08
2025.12.17 10:45,4315.05,4320.62,4313.02,4318.91
2025.12.17 11:00,4318.97,4323.15,4317.58,4320.86
2025.12.17 11:15,4320.8,4322.41,4316.91,4322.11
2025.12.17 11:30,4322.08,4322.08,4318.62,4318.76
2025.12.17 11:45,4318.91,4322.02,4315.83,4316.75
2025.12.17 12:00,4316.67,4319.36,4316.02,4319.35
2025.12.17 12:15,4319.34,4322.09,4317.88,4319.66
2025.12.17 12:30,4319.53,4319.86,4306.58,4315.01
2025.12.17 12:45,4314.95,4317.88,4313.18,4317.53
2025.12.17 13:00,4317.54,4319.34,4316.65,4317.64
2025.12.17 13:15,4317.69,4320.26,4315.72,4318.02
2025.12.17 13:30,4317.99,4318.73,4314.95,4316.16
2025.12.17 13:45,4316.17,4318.64,4315.22,4316.24
2025.12.17 14:00,4316.23,4318.13,4314.76,4316.41
2025.12.17 14:15,4316.42,4323.01,4315.87,4321.1
2025.12.17 14:30,4321.13,4322.12,4316.13,4317.34
2025.12.17 14:45,4317.29,4318.08,4315.69,4317.31
2025.12.17 15:00,4317.36,4327.95,4314.95,4323.29
2025.12.17 15:15,4323.25,4331.49,4322.96,4327.91
2025.12.17 15:30,4327.94,4339.31,4327.94,4338.2
2025.12.17 15:45,4338.28,4343.96,4333.0,4341.97
2025.12.17 16:00,4341.95,4345.85,4327.05,4327.31
2025.12.17 16:15,4327.2,4331.09,4322.95,4328.91
2025.12.17 16:30,4328.83,4338.43,4325.59,4338.1
2025.12.17 16:45,4338.08,4342.33,4334.45,4338.06
2025.12.17 17:00,4338.01,4345.29,4335.0,4342.76
2025.12.17 17:15,4342.73,4344.63,4332.85,4343.42
2025.12.17 17:30,4343.45,4348.6,4328.13,4332.0
2025.12.17 17:45,4331.66,4336.54,4324.11,4330.13
2025.12.17 18:00,4330.33,4334.55,4324.31,4327.33
2025.12.17 18:15,4327.23,4331.84,4319.98,4326.46
2025.12.17 18:30,4326.7,4334.18,4323.54,4333.03
2025.12.17 18:45,4333.29,4337.47,4330.66,4333.47
2025.12.17 19:00,4333.39,4335.23,4328.41,4332.49
2025.12.17 19:15,4332.45,4339.97,4330.02,4337.03
2025.12.17 19:30,4337.04,4341.37,4336.12,4338.61
2025.12.17 19:45,4338.62,4342.39,4335.63,4342.39
2025.12.17 20:00,4342.43,4346.37,4342.43,4342.95
2025.12.17 20:15,4342.85,4343.03,4338.17,4341.61
2025.12.17 20:30,4341.44,4343.85,4330.17,4332.25
2025.12.17 20:45,4332.08,4336.23,4328.7,4335.93
2025.12.17 21:00,4335.78,4337.8,4333.0,4336.91
2025.12.17 21:15,4336.84,4340.41,4335.82,4339.64
2025.12.17 21:30,4339.5,4340.8,4334.31,4335.08
2025.12.17 21:45,4335.1,4337.11,4330.13,4336.93
2025.12.17 22:00,4336.89,4339.52,4335.07,4339.08
2025.12.17 22:15,4339.1,4342.61,4338.95,4341.35
2025.12.17 22:30,4341.38,4342.79,4338.52,4341.83
2025.12.17 22:45,4341.73,4346.07,4339.43,4341.25
2025.12.17 23:00,4341.24,4345.64,4340.49,4343.65
2025.12.17 23:15,4343.62,4346.12,4343.26,4343.93
2025.12.17 23:30,4343.91,4344.53,4339.65,4339.77
2025.12.17 23:45,4339.77,4341.77,4337.36,4338.08
2025.12.18 01:00,4340.28,4340.98,4335.41,4335.88
2025.12.18 01:15,4335.96,4339.12,4335.71,4338.15
2025.12.18 01:30,4338.15,4340.07,4337.29,4338.9
2025.12.18 01:45,4338.89,4342.99,4338.44,4338.8
2025.12.18 02:00,4338.75,4340.98,4336.72,4338.19
2025.12.18 02:15,4338.2,4342.78,4337.27,4337.55
2025.12.18 02:30,4337.57,4340.42,4336.66,4336.67
2025.12.18 02:45,4336.63,4337.03,4332.88,4334.67
2025.12.18 03:00,4334.71,4336.93,4328.28,4329.84
2025.12.18 03:15,4329.89,4331.75,4324.67,4324.7
2025.12.18 03:30,4324.57,4328.18,4324.3,4326.69
2025.12.18 03:45,4326.68,4331.75,4324.55,4331.45
2025.12.18 04:00,4331.42,4335.08,4330.0,4330.94
2025.12.18 04:15,4330.99,4336.18,4329.86,4334.35
2025.12.18 04:30,4334.34,4337.65,4333.75,4333.83
2025.12.18 04:45,4333.82,4334.16,4330.6,4333.1
2025.12.18 05:00,4333.04,4335.94,4330.74,4335.81
2025.12.18 05:15,4335.81,4336.65,4331.94,4332.98
2025.12.18 05:30,4332.99,4335.44,4332.06,4332.07
2025.12.18 05:45,4332.05,4333.47,4331.06,4333.07
2025.12.18 06:00,4333.04,4333.43,4329.34,4330.23
2025.12.18 06:15,4330.24,4332.16,4329.04,4330.42
2025.12.18 06:30,4330.31,4331.6,4328.38,4329.49
2025.12.18 06:45,4329.52,4332.44,4329.3,4331.81
2025.12.18 07:00,4331.8,4337.24,4330.95,4337.18
2025.12.18 07:15,4337.35,4337.35,4334.57,4335.67
2025.12.18 07:30,4335.58,4337.0,4332.78,4336.63
2025.12.18 07:45,4336.66,4336.74,4332.08,4333.19
2025.12.18 08:00,4333.21,4335.25,4330.6,4334.24
2025.12.18 08:15,4334.24,4335.19,4331.79,4333.43
2025.12.18 08:30,4333.42,4335.88,4333.14,4333.53
2025.12.18 08:45,4333.59,4334.76,4331.76,4333.8
2025.12.18 09:00,4333.86,4334.78,4329.96,4330.77
2025.12.18 09:15,4330.8,4334.93,4330.43,4334.76
2025.12.18 09:30,4334.78,4337.59,4332.75,4333.23
2025.12.18 09:45,4333.21,4333.91,4331.34,4331.36
2025.12.18 10:00,4331.36,4332.56,4324.83,4328.26
2025.12.18 10:15,4328.29,4329.62,4325.81,4327.06
2025.12.18 10:30,4327.07,4328.8,4325.05,4328.36
2025.12.18 10:45,4328.34,4328.82,4321.64,4326.35
2025.12.18 11:00,4326.03,4328.45,4324.65,4326.16
2025.12.18 11:15,4326.09,4328.07,4323.57,4324.51
2025.12.18 11:30,4324.46,4326.92,4321.05,4324.44
2025.12.18 11:45,4324.43,4324.43,4320.69,4323.45
2025.12.18 12:00,4323.4,4325.74,4322.93,4324.62
2025.12.18 12:15,4324.64,4325.48,4323.08,4323.62
2025.12.18 12:30,4323.78,4327.48,4321.91,4327.06
2025.12.18 12:45,4327.11,4327.69,4324.13,4325.34
2025.12.18 13:00,4325.35,4328.61,4324.41,4327.25
2025.12.18 13:15,4327.3,4328.37,4325.54,4325.71
2025.12.18 13:30,4325.62,4327.16,4325.37,4326.53
2025.12.18 13:45,4326.52,4326.71,4324.63,4325.52
2025.12.18 14:00,4325.56,4326.54,4321.59,4324.01
2025.12.18 14:15,4324.02,4324.22,4317.18,4319.32
2025.12.18 14:30,4319.19,4323.42,4318.44,4322.53
2025.12.18 14:45,4322.52,4322.7,4320.14,4320.72
2025.12.18 15:00,4320.67,4324.0,4314.57,4316.29
2025.12.18 15:15,4316.28,4323.79,4315.83,4320.7
2025.12.18 15:30,4320.73,4338.24,4320.73,4336.31
2025.12.18 15:45,4336.4,4342.9,4334.95,4336.39
2025.12.18 16:00,4336.4,4341.22,4332.92,4336.2
2025.12.18 16:15,4336.19,4338.79,4332.4,4332.6
2025.12.18 16:30,4332.67,4341.0,4311.39,4314.05
2025.12.18 16:45,4314.1,4330.07,4308.64,4328.38
2025.12.18 17:00,4328.4,4336.74,4326.39,4330.47
2025.12.18 17:15,4330.46,4334.15,4324.92,4333.18
2025.12.18 17:30,4332.79,4341.4,4331.1,4337.28
2025.12.18 17:45,4337.3,4340.76,4334.26,4337.94
2025.12.18 18:00,4337.97,4367.83,4337.62,4362.01
2025.12.18 18:15,4361.93,4374.44,4361.87,4367.22
2025.12.18 18:30,4367.28,4371.73,4363.39,4366.82
2025.12.18 18:45,4366.85,4369.37,4356.25,4360.17
2025.12.18 19:00,4360.12,4363.37,4322.39,4328.23
2025.12.18 19:15,4328.26,4332.59,4322.08,4327.7
2025.12.18 19:30,4327.76,4341.32,4326.1,4337.27
2025.12.18 19:45,4337.31,4338.24,4324.93,4333.29
2025.12.18 20:00,4333.33,4340.74,4331.53,4339.25
2025.12.18 20:15,4339.31,4341.11,4331.75,4332.04
2025.12.18 20:30,4332.11,4340.02,4331.8,4333.71
2025.12.18 20:45,4333.72,4334.29,4325.53,4331.68
2025.12.18 21:00,4331.65,4332.79,4326.37,4329.16
2025.12.18 21:15,4329.22,4334.08,4328.49,4333.53
2025.12.18 21:30,4333.7,4334.74,4327.51,4329.47
2025.12.18 21:45,4329.41,4330.49,4322.52,4324.8
2025.12.18 22:00,4324.86,4335.97,4324.43,4333.46
2025.12.18 22:15,4333.55,4333.81,4328.33,4332.29
2025.12.18 22:30,4332.32,4338.24,4330.99,4335.89
2025.12.18 22:45,4335.84,4336.16,4332.19,4334.77
2025.12.18 23:00,4334.54,4334.54,4331.16,4332.56
2025.12.18 23:15,4332.57,4332.93,4330.48,4331.84
2025.12.18 23:30,4331.72,4332.69,4328.38,4330.71
2025.12.18 23:45,4330.73,4333.83,4330.73,4332.58
2025.12.19 01:00,4333.31,4336.23,4332.5,4334.58
2025.12.19 01:15,4334.57,4336.34,4333.8,4333.87
2025.12.19 01:30,4333.83,4335.34,4333.37,4333.87
2025.12.19 01:45,4333.89,4336.8,4333.62,4334.93
2025.12.19 02:00,4334.92,4335.54,4329.17,4329.8
2025.12.19 02:15,4329.8,4331.98,4327.88,4331.21
2025.12.19 02:30,4331.2,4332.33,4327.73,4328.32
2025.12.19 02:45,4328.29,4331.09,4325.68,4326.0
2025.12.19 03:00,4326.02,4327.44,4320.31,4325.71
2025.12.19 03:15,4325.7,4328.34,4310.32,4313.02
2025.12.19 03:30,4313.11,4318.82,4308.98,4317.26
2025.12.19 03:45,4317.28,4323.89,4316.62,4323.11
2025.12.19 04:00,4323.19,4327.7,4323.18,4324.1
2025.12.19 04:15,4324.06,4324.57,4321.52,4324.39
2025.12.19 04:30,4324.47,4325.89,4314.52,4315.86
2025.12.19 04:45,4315.88,4318.5,4314.1,4316.61
2025.12.19 05:00,4316.56,4317.78,4312.54,4316.18
2025.12.19 05:15,4316.3,4321.4,4312.81,4319.16
2025.12.19 05:30,4319.36,4322.32,4317.11,4319.51
2025.12.19 05:45,4319.48,4320.79,4317.55,4317.92
2025.12.19 06:00,4317.92,4319.78,4317.59,4318.94
2025.12.19 06:15,4318.99,4319.83,4316.79,4317.31
2025.12.19 06:30,4317.31,4321.45,4317.21,4320.33
2025.12.19 06:45,4320.37,4322.79,4319.46,4322.58
2025.12.19 07:00,4322.6,4323.71,4318.27,4318.59
2025.12.19 07:15,4318.58,4320.46,4317.46,4319.69
2025.12.19 07:30,4319.69,4326.42,4319.69,4325.06
2025.12.19 07:45,4325.1,4328.8,4324.76,4325.83
2025.12.19 08:00,4325.86,4327.38,4324.02,4327.01
2025.12.19 08:15,4327.04,4329.25,4326.16,4327.05
2025.12.19 08:30,4327.1,4328.04,4321.43,4324.09
2025.12.19 08:45,4324.1,4327.01,4322.39,4326.27
2025.12.19 09:00,4326.14,4328.25,4322.95,4327.16
2025.12.19 09:15,4327.15,4327.64,4323.12,4327.48
2025.12.19 09:30,4327.38,4329.43,4324.73,4324.77
2025.12.19 09:45,4324.79,4325.3,4321.38,4322.42
2025.12.19 10:00,4322.36,4324.6,4320.93,4322.71
2025.12.19 10:15,4322.71,4325.92,4322.23,4324.95
2025.12.19 10:30,4324.92,4330.92,4324.79,4327.8
2025.12.19 10:45,4327.77,4328.55,4325.7,4325.77
2025.12.19 11:00,4325.76,4327.42,4324.29,4326.61
2025.12.19 11:15,4326.59,4328.19,4325.76,4326.8
2025.12.19 11:30,4326.81,4330.85,4325.72,4330.4
2025.12.19 11:45,4330.45,4333.5,4327.12,4329.31
2025.12.19 12:00,4329.28,4331.56,4327.96,4330.03
2025.12.19 12:15,4330.08,4331.23,4326.78,4327.08
2025.12.19 12:30,4327.1,4327.65,4322.27,4327.07
2025.12.19 12:45,4327.03,4329.46,4326.59,4327.58
2025.12.19 13:00,4327.65,4328.89,4325.53,4326.32
2025.12.19 13:15,4326.29,4328.61,4325.62,4327.01
2025.12.19 13:30,4327.03,4327.73,4325.09,4327.2
2025.12.19 13:45,4327.22,4329.26,4326.51,4327.1
2025.12.19 14:00,4327.25,4327.25,4320.58,4323.84
2025.12.19 14:15,4323.82,4327.67,4323.13,4325.48
2025.12.19 14:30,4325.52,4328.64,4324.06,4325.69
2025.12.19 14:45,4325.72,4326.96,4323.21,4326.54
2025.12.19 15:00,4326.6,4334.51,4325.85,4330.01
2025.12.19 15:15,4330.07,4335.04,4327.45,4334.67
2025.12.19 15:30,4334.7,4335.22,4328.74,4329.43
2025.12.19 15:45,4329.39,4332.45,4327.24,4328.19
2025.12.19 16:00,4328.2,4333.99,4325.23,4327.84
2025.12.19 16:15,4327.82,4330.09,4325.33,4327.56
2025.12.19 16:30,4327.62,4337.67,4326.6,4334.59
2025.12.19 16:45,4334.61,4334.8,4319.62,4332.23
2025.12.19 17:00,4332.21,4345.33,4331.74,4341.41
2025.12.19 17:15,4341.42,4346.32,4335.02,4337.39
2025.12.19 17:30,4337.4,4344.71,4336.61,4339.79
2025.12.19 17:45,4339.83,4348.99,4339.72,4347.63
2025.12.19 18:00,4347.59,4354.54,4342.77,4342.84
2025.12.19 18:15,4342.86,4347.19,4341.9,4346.65
2025.12.19 18:30,4346.7,4350.19,4343.04,4345.54
2025.12.19 18:45,4345.53,4350.97,4344.29,4349.61
2025.12.19 19:00,4349.62,4353.56,4346.88,4346.9
2025.12.19 19:15,4347.01,4352.62,4346.96,4351.72
2025.12.19 19:30,4351.73,4353.72,4349.79,4351.35
2025.12.19 19:45,4351.28,4355.84,4350.34,4353.23
2025.12.19 20:00,4353.17,4354.61,4350.11,4353.51
2025.12.19 20:15,4353.52,4356.35,4351.91,4354.2
2025.12.19 20:30,4354.21,4354.72,4344.72,4344.72
2025.12.19 20:45,4344.73,4349.7,4342.99,4348.48
2025.12.19 21:00,4348.43,4350.6,4346.4,4347.23
2025.12.19 21:15,4347.27,4349.31,4346.32,4347.56
2025.12.19 21:30,4347.51,4349.83,4346.46,4346.68
2025.12.19 21:45,4346.62,4348.81,4345.07,4345.18
2025.12.19 22:00,4345.18,4346.27,4341.95,4342.41
2025.12.19 22:15,4342.49,4345.83,4341.42,4345.16
2025.12.19 22:30,4345.02,4345.02,4338.61,4340.3
2025.12.19 22:45,4340.16,4340.79,4336.7,4339.37
2025.12.19 23:00,4339.34,4340.02,4337.18,4338.75
2025.12.19 23:15,4338.74,4339.2,4336.74,4337.56
2025.12.19 23:30,4337.52,4338.55,4336.42,4338.03
2025.12.19 23:45,4338.01,4339.22,4337.17,4339.22
2025.12.22 01:00,4339.7,4345.43,4337.87,4344.77
2025.12.22 01:15,4344.56,4348.96,4343.79,4348.51
2025.12.22 01:30,4348.37,4350.23,4346.87,4348.12
2025.12.22 01:45,4348.16,4356.03,4348.11,4355.12
2025.12.22 02:00,4355.06,4364.77,4355.06,4359.58
2025.12.22 02:15,4359.56,4365.02,4358.79,4362.99
2025.12.22 02:30,4363.09,4366.1,4361.69,4361.87
2025.12.22 02:45,4361.84,4365.04,4361.63,4364.79
2025.12.22 03:00,4364.83,4372.36,4362.47,4364.67
2025.12.22 03:15,4364.62,4370.03,4361.13,4367.79
2025.12.22 03:30,4367.81,4383.57,4367.72,4381.55
2025.12.22 03:45,4381.5,4384.77,4379.64,4382.91
2025.12.22 04:00,4382.86,4384.05,4378.4,4380.48
2025.12.22 04:15,4380.5,4382.21,4378.73,4378.78
2025.12.22 04:30,4378.76,4385.66,4378.47,4383.85
2025.12.22 04:45,4383.81,4388.55,4382.07,4385.89
2025.12.22 05:00,4385.86,4389.87,4384.11,4386.53
2025.12.22 05:15,4386.58,4390.77,4385.27,4388.86
2025.12.22 05:30,4388.87,4391.92,4387.84,4391.44
2025.12.22 05:45,4391.43,4394.78,4391.38,4392.49
2025.12.22 06:00,4392.49,4396.45,4391.14,4396.45
2025.12.22 06:15,4396.44,4397.25,4393.04,4394.68
2025.12.22 06:30,4394.68,4395.89,4393.9,4395.01
2025.12.22 06:45,4395.0,4401.02,4394.82,4398.25
2025.12.22 07:00,4398.1,4403.61,4396.66,4401.0
2025.12.22 07:15,4401.06,4405.22,4398.55,4404.78
2025.12.22 07:30,4404.78,4409.34,4397.06,4401.13
2025.12.22 07:45,4401.25,4406.59,4399.7,4400.02
2025.12.22 08:00,4399.99,4404.88,4398.72,4403.44
2025.12.22 08:15,4403.46,4405.13,4399.72,4400.89
2025.12.22 08:30,4400.97,4409.15,4400.07,4408.29
2025.12.22 08:45,4408.26,4419.97,4407.94,4419.52
2025.12.22 09:00,4419.5,4420.44,4410.08,4412.78
2025.12.22 09:15,4412.8,4416.48,4411.48,4415.64
2025.12.22 09:30,4415.63,4417.89,4412.33,4416.13
2025.12.22 09:45,4416.16,4416.25,4412.44,4414.27
2025.12.22 10:00,4414.26,4414.5,4409.82,4412.03
2025.12.22 10:15,4412.04,4413.25,4409.33,4413.25
2025.12.22 10:30,4413.28,4414.77,4406.87,4409.9
2025.12.22 10:45,4409.86,4410.99,4405.99,4408.12
2025.12.22 11:00,4408.15,4413.08,4407.84,4412.09
2025.12.22 11:15,4412.15,4413.8,4410.59,4412.41
2025.12.22 11:30,4412.44,4413.61,4411.42,4412.21
2025.12.22 11:45,4412.25,4414.69,4410.85,4410.96
2025.12.22 12:00,4411.02,4415.81,4410.85,4413.87
2025.12.22 12:15,4413.91,4414.3,4411.01,4411.11
2025.12.22 12:30,4411.14,4411.36,4405.94,4408.87
2025.12.22 12:45,4408.98,4411.4,4408.51,4408.56
2025.12.22 13:00,4408.54,4409.63,4406.01,4409.04
2025.12.22 13:15,4409.03,4410.38,4407.95,4409.15
2025.12.22 13:30,4409.05,4411.58,4408.42,4410.01
2025.12.22 13:45,4409.98,4410.9,4408.7,4410.27
2025.12.22 14:00,4410.13,4413.14,4406.09,4406.96
2025.12.22 14:15,4406.95,4412.19,4406.86,4409.15
2025.12.22 14:30,4409.12,4410.86,4407.65,4409.4
2025.12.22 14:45,4409.31,4415.98,4409.3,4415.69
2025.12.22 15:00,4415.7,4426.85,4415.01,4425.45
2025.12.22 15:15,4425.45,4427.28,4412.67,4418.57
2025.12.22 15:30,4418.56,4426.39,4418.18,4423.81
2025.12.22 15:45,4423.85,4427.08,4419.72,4423.68
2025.12.22 16:00,4423.68,4427.05,4421.61,4426.19
2025.12.22 16:15,4426.2,4428.88,4423.94,4426.47
2025.12.22 16:30,4426.55,4426.55,4414.67,4422.84
2025.12.22 16:45,4422.85,4428.96,4417.43,4419.14
2025.12.22 17:00,4419.16,4423.38,4413.78,4415.84
2025.12.22 17:15,4415.81,4419.66,4411.86,4417.9
2025.12.22 17:30,4417.88,4427.89,4416.41,4427.69
2025.12.22 17:45,4427.72,4435.43,4427.72,4431.69
2025.12.22 18:00,4431.63,4437.9,4428.02,4437.9
2025.12.22 18:15,4438.09,4440.28,4435.27,4437.76
2025.12.22 18:30,4437.75,4442.03,4433.02,4435.83
2025.12.22 18:45,4435.75,4438.9,4434.41,4438.67
2025.12.22 19:00,4438.68,4441.64,4435.04,4441.6
2025.12.22 19:15,4441.6,4441.95,4433.64,4434.15
2025.12.22 19:30,4434.16,4437.57,4431.94,4435.74
2025.12.22 19:45,4435.72,4438.71,4435.45,4438.33
2025.12.22 20:00,4438.59,4438.88,4434.29,4436.66
2025.12.22 20:15,4436.71,4438.5,4433.62,4434.29
2025.12.22 20:30,4434.79,4437.34,4432.23,4432.87
2025.12.22 20:45,4432.96,4436.82,4429.38,4435.23
2025.12.22 21:00,4435.23,4435.93,4429.71,4430.07
2025.12.22 21:15,4430.1,4432.94,4428.64,4432.67
2025.12.22 21:30,4432.66,4434.04,4431.24,4432.81
2025.12.22 21:45,4432.8,4433.79,4431.77,4433.71
2025.12.22 22:00,4433.65,4438.65,4433.52,4438.63
2025.12.22 22:15,4438.61,4438.61,4431.87,4432.31
2025.12.22 22:30,4432.32,4435.35,4431.64,4434.61
2025.12.22 22:45,4434.66,4439.15,4434.17,4438.54
2025.12.22 23:00,4438.45,4443.38,4438.44,4442.93
2025.12.22 23:15,4442.92,4448.74,4442.26,4447.67
2025.12.22 23:30,4447.61,4448.84,4444.57,4444.81
2025.12.22 23:45,4444.79,4445.89,4443.04,4443.65
2025.12.23 01:00,4447.58,4455.0,4445.21,4454.87
2025.12.23 01:15,4454.89,4459.41,4454.77,4458.64
2025.12.23 01:30,4458.63,4458.69,4452.63,4458.07
2025.12.23 01:45,4458.03,4461.55,4454.77,4459.91
2025.12.23 02:00,4459.87,4466.54,4457.95,4466.08
2025.12.23 02:15,4466.07,4468.37,4463.55,4467.93
2025.12.23 02:30,4467.94,4469.78,4466.21,4468.35
2025.12.23 02:45,4468.32,4470.42,4467.09,4470.42
2025.12.23 03:00,4470.41,4486.55,4470.29,4485.4
2025.12.23 03:15,4485.44,4485.84,4469.41,4477.04
2025.12.23 03:30,4477.02,4485.77,4476.8,4484.67
2025.12.23 03:45,4484.7,4490.59,4482.01,4486.55
2025.12.23 04:00,4486.52,4488.49,4481.07,4485.01
2025.12.23 04:15,4485.02,4489.4,4484.64,4486.68
2025.12.23 04:30,4486.66,4497.51,4486.66,4495.57
2025.12.23 04:45,4495.56,4495.85,4489.24,4493.26
2025.12.23 05:00,4493.23,4496.46,4485.47,4486.15
2025.12.23 05:15,4486.31,4488.67,4482.75,4486.75
2025.12.23 05:30,4486.76,4488.58,4485.51,4486.07
2025.12.23 05:45,4486.05,4486.94,4483.72,4486.72
2025.12.23 06:00,4486.74,4488.13,4484.58,4486.93
2025.12.23 06:15,4486.94,4488.12,4484.37,4486.15
2025.12.23 06:30,4486.12,4486.83,4483.85,4484.26
2025.12.23 06:45,4484.26,4484.92,4478.51,4482.44
2025.12.23 07:00,4482.48,4484.65,4479.93,4480.46
2025.12.23 07:15,4480.36,4481.39,4476.44,4480.16
2025.12.23 07:30,4480.08,4485.52,4476.45,4481.09
2025.12.23 07:45,4481.13,4482.47,4474.67,4474.99
2025.12.23 08:00,4474.91,4478.07,4469.19,4471.31
2025.12.23 08:15,4471.27,4476.2,4470.63,4475.81
2025.12.23 08:30,4475.84,4477.59,4474.53,4476.09
2025.12.23 08:45,4476.07,4481.53,4475.47,4481.43
2025.12.23 09:00,4481.4,4483.2,4478.38,4481.78
2025.12.23 09:15,4481.8,4485.69,4480.87,4483.78
2025.12.23 09:30,4483.73,4486.57,4483.49,4483.87
2025.12.23 09:45,4483.78,4489.67,4483.78,4486.61
2025.12.23 10:00,4486.63,4489.3,4485.24,4488.12
2025.12.23 10:15,4488.1,4490.45,4486.22,4487.07
2025.12.23 10:30,4487.08,4492.1,4484.62,4491.64
2025.12.23 10:45,4491.66,4492.99,4488.44,4489.67
2025.12.23 11:00,4489.65,4490.97,4480.52,4481.4
2025.12.23 11:15,4481.33,4484.32,4478.82,4483.04
2025.12.23 11:30,4483.02,4484.84,4479.49,4481.59
2025.12.23 11:45,4481.64,4483.13,4478.03,4480.31
2025.12.23 12:00,4480.34,4484.83,4479.34,4484.5
2025.12.23 12:15,4484.52,4487.5,4482.68,4485.55
2025.12.23 12:30,4485.57,4485.65,4481.4,4482.67
2025.12.23 12:45,4482.65,4485.9,4482.5,4484.2
2025.12.23 13:00,4484.1,4486.2,4483.3,4484.46
2025.12.23 13:15,4484.46,4485.6,4482.91,4483.85
2025.12.23 13:30,4483.87,4488.43,4483.08,4488.3
2025.12.23 13:45,4488.31,4494.27,4486.96,4493.35
2025.12.23 14:00,4493.34,4493.47,4485.55,4485.74
2025.12.23 14:15,4485.73,4485.95,4483.31,4484.95
2025.12.23 14:30,4485.03,4487.37,4484.33,4485.93
2025.12.23 14:45,4485.94,4489.28,4485.68,4486.38
2025.12.23 15:00,4486.15,4494.5,4485.98,4494.39
2025.12.23 15:15,4494.34,4497.22,4486.5,4489.0
2025.12.23 15:30,4488.98,4492.37,4484.41,4489.55
2025.12.23 15:45,4489.56,4490.7,4473.18,4479.0
2025.12.23 16:00,4479.09,4479.74,4457.93,4469.51
2025.12.23 16:15,4469.48,4472.14,4463.16,4464.71
2025.12.23 16:30,4464.79,4464.79,4447.56,4452.81
2025.12.23 16:45,4452.95,4459.2,4441.36,4446.05
2025.12.23 17:00,4445.93,4450.62,4430.32,4448.68
2025.12.23 17:15,4448.56,4452.11,4439.3,4442.44
2025.12.23 17:30,4441.47,4456.97,4441.45,4453.13
2025.12.23 17:45,4453.19,4459.04,4451.27,4458.25
2025.12.23 18:00,4458.2,4463.19,4456.08,4460.63
2025.12.23 18:15,4460.61,4465.35,4458.94,4461.29
2025.12.23 18:30,4461.41,4466.82,4455.75,4465.83
2025.12.23 18:45,4465.93,4476.43,4465.93,4474.17
2025.12.23 19:00,4474.15,4479.7,4471.56,4475.4
2025.12.23 19:15,4475.42,4478.59,4470.37,4477.68
2025.12.23 19:30,4477.94,4479.36,4473.75,4478.44
2025.12.23 19:45,4478.42,4478.92,4469.61,4472.61
2025.12.23 20:00,4472.85,4481.01,4472.79,4477.42
2025.12.23 20:15,4477.41,4479.24,4474.07,4477.63
2025.12.23 20:30,4477.67,4478.32,4472.51,4476.31
2025.12.23 20:45,4476.38,4485.0,4476.38,4484.33
2025.12.23 21:00,4484.52,4496.11,4484.05,4493.65
2025.12.23 21:15,4493.66,4493.67,4487.17,4489.85
2025.12.23 21:30,4489.9,4493.88,4488.09,4492.84
2025.12.23 21:45,4492.85,4492.87,4489.08,4490.64
2025.12.23 22:00,4490.57,4494.04,4489.58,4493.53
2025.12.23 22:15,4493.52,4494.36,4491.41,4492.0
2025.12.23 22:30,4492.0,4493.2,4489.24,4492.41
2025.12.23 22:45,4492.42,4499.67,4491.93,4497.34
2025.12.23 23:00,4497.37,4498.93,4490.33,4491.08
2025.12.23 23:15,4491.1,4491.73,4489.82,4490.01
2025.12.23 23:30,4490.03,4491.25,4488.33,4489.12
2025.12.23 23:45,4489.12,4489.79,4483.45,4484.62
2025.12.24 01:00,4487.01,4495.28,4484.16,4495.04
2025.12.24 01:15,4495.02,4497.78,4490.67,4492.0
2025.12.24 01:30,4492.04,4508.6,4492.04,4505.27
2025.12.24 01:45,4505.13,4510.2,4499.61,4503.21
2025.12.24 02:00,4503.18,4512.49,4500.59,4507.73
2025.12.24 02:15,4507.83,4513.74,4507.73,4513.67
2025.12.24 02:30,4513.64,4517.62,4512.71,4517.51
2025.12.24 02:45,4517.5,4517.82,4507.99,4511.84
2025.12.24 03:00,4511.62,4519.7,4506.77,4511.84
2025.12.24 03:15,4511.89,4525.75,4511.89,4521.42
2025.12.24 03:30,4521.15,4523.49,4518.22,4520.01
2025.12.24 03:45,4520.21,4523.23,4518.36,4518.54
2025.12.24 04:00,4518.57,4518.97,4504.55,4511.41
2025.12.24 04:15,4511.43,4512.17,4505.62,4506.5
2025.12.24 04:30,4506.6,4510.9,4504.39,4508.73
2025.12.24 04:45,4508.72,4512.01,4474.59,4477.4
2025.12.24 05:00,4478.11,4486.0,4469.37,4485.41
2025.12.24 05:15,4485.39,4496.05,4485.31,4491.28
2025.12.24 05:30,4491.31,4498.31,4490.2,4495.24
2025.12.24 05:45,4495.26,4495.41,4492.01,4493.17
2025.12.24 06:00,4493.18,4495.46,4491.97,4494.41
2025.12.24 06:15,4494.43,4497.46,4491.27,4496.98
2025.12.24 06:30,4496.99,4501.27,4496.21,4499.9
2025.12.24 06:45,4499.91,4501.25,4496.47,4498.97
2025.12.24 07:00,4498.94,4500.38,4484.87,4490.46
2025.12.24 07:15,4490.49,4494.24,4489.29,4492.16
2025.12.24 07:30,4492.14,4496.71,4490.16,4495.39
2025.12.24 07:45,4495.41,4496.93,4487.91,4488.24
2025.12.24 08:00,4488.25,4492.8,4486.42,4492.54
2025.12.24 08:15,4492.5,4492.61,4485.25,4487.36
2025.12.24 08:30,4487.33,4498.26,4487.33,4494.47
2025.12.24 08:45,4494.4,4497.11,4492.76,4493.53
2025.12.24 09:00,4493.54,4495.03,4490.55,4493.36
2025.12.24 09:15,4493.39,4494.38,4491.01,4491.43
2025.12.24 09:30,4491.43,4491.94,4488.09,4488.47
2025.12.24 09:45,4488.44,4489.03,4483.4,4483.7
2025.12.24 10:00,4483.66,4486.88,4478.17,4485.1
2025.12.24 10:15,4485.12,4490.44,4483.09,4484.78
2025.12.24 10:30,4484.7,4492.71,4482.17,4490.04
2025.12.24 10:45,4489.84,4490.41,4481.43,4482.32
2025.12.24 11:00,4482.33,4487.72,4482.11,4487.69
2025.12.24 11:15,4487.71,4493.2,4487.27,4489.2
2025.12.24 11:30,4489.19,4492.26,4486.25,4491.24
2025.12.24 11:45,4491.24,4495.96,4491.18,4494.48
2025.12.24 12:00,4494.44,4499.64,4489.54,4490.54
2025.12.24 12:15,4490.57,4496.27,4489.55,4493.99
2025.12.24 12:30,4493.97,4494.46,4482.26,4485.73
2025.12.24 12:45,4485.67,4490.44,4484.67,4489.2
2025.12.24 13:00,4489.19,4490.08,4484.77,4487.42
2025.12.24 13:15,4487.46,4489.01,4486.22,4487.1
2025.12.24 13:30,4487.08,4488.22,4482.9,4487.93
2025.12.24 13:45,4487.91,4491.73,4485.81,4491.4
2025.12.24 14:00,4491.38,4495.6,4490.67,4495.1
2025.12.24 14:15,4495.21,4495.78,4490.58,4492.96
2025.12.24 14:30,4492.97,4493.26,4489.81,4490.36
2025.12.24 14:45,4490.26,4492.14,4489.59,4490.51
2025.12.24 15:00,4490.52,4493.16,4481.08,4485.14
2025.12.24 15:15,4484.99,4486.81,4474.47,4479.21
2025.12.24 15:30,4479.28,4485.92,4477.66,4484.96
2025.12.24 15:45,4484.97,4488.76,4483.11,4487.76
2025.12.24 16:00,4487.82,4489.3,4483.78,4485.24
2025.12.24 16:15,4485.22,4487.28,4481.85,4484.96
2025.12.24 16:30,4485.03,4488.75,4469.02,4481.02
2025.12.24 16:45,4481.06,4481.85,4460.43,4464.62
2025.12.24 17:00,4464.37,4474.89,4461.63,4474.6
2025.12.24 17:15,4474.57,4476.26,4461.39,4469.99
2025.12.24 17:30,4469.62,4472.89,4449.62,4453.32
2025.12.24 17:45,4453.15,4460.65,4448.18,4458.27
2025.12.24 18:00,4458.32,4470.96,4455.77,4466.04
2025.12.24 18:15,4465.81,4469.01,4463.94,4468.38
2025.12.24 18:30,4468.37,4476.7,4467.17,4475.21
2025.12.24 18:45,4475.24,4477.95,4472.01,4476.76
2025.12.24 19:00,4476.76,4487.58,4475.3,4483.39
2025.12.24 19:15,4483.41,4484.61,4475.91,4477.52
2025.12.24 19:30,4477.66,4483.15,4477.37,4479.61
2025.12.24 19:45,4479.59,4483.65,4479.31,4480.5
2025.12.26 08:00,4509.87,4513.45,4508.7,4512.34
2025.12.26 08:15,4512.35,4518.49,4512.2,4518.29
2025.12.26 08:30,4518.3,4519.43,4514.79,4518.5
2025.12.26 08:45,4518.53,4518.53,4507.94,4511.64
2025.12.26 09:00,4511.53,4515.09,4510.67,4514.12
2025.12.26 09:15,4514.14,4515.45,4508.06,4509.21
2025.12.26 09:30,4509.22,4512.89,4507.83,4508.24
2025.12.26 09:45,4508.22,4511.35,4507.02,4510.89
2025.12.26 10:00,4510.91,4514.76,4509.62,4514.76
2025.12.26 10:15,4514.9,4517.06,4513.99,4515.05
2025.12.26 10:30,4515.24,4517.21,4513.22,4514.65
2025.12.26 10:45,4514.61,4519.43,4513.9,4518.52
2025.12.26 11:00,4518.57,4520.38,4515.02,4515.68
2025.12.26 11:15,4515.75,4518.62,4514.81,4517.12
2025.12.26 11:30,4517.13,4518.22,4512.81,4513.82
2025.12.26 11:45,4513.84,4515.25,4511.66,4512.56
2025.12.26 12:00,4512.52,4519.32,4511.95,4518.69
2025.12.26 12:15,4518.66,4523.48,4517.0,4520.51
2025.12.26 12:30,4520.56,4522.15,4514.01,4514.98
2025.12.26 12:45,4515.01,4515.38,4511.13,4514.35
2025.12.26 13:00,4514.34,4515.04,4503.27,4509.83
2025.12.26 13:15,4509.88,4511.76,4503.54,4505.06
2025.12.26 13:30,4505.1,4509.19,4503.41,4507.77
2025.12.26 13:45,4507.75,4509.69,4502.77,4509.62
2025.12.26 14:00,4509.6,4511.17,4506.75,4510.52
2025.12.26 14:15,4510.5,4512.52,4508.01,4511.72
2025.12.26 14:30,4511.73,4514.83,4511.73,4512.46
2025.12.26 14:45,4512.49,4514.12,4506.63,4508.87
2025.12.26 15:00,4508.61,4515.09,4503.74,4514.51
2025.12.26 15:15,4514.55,4519.61,4512.69,4517.63
2025.12.26 15:30,4517.65,4528.68,4517.65,4521.88
2025.12.26 15:45,4521.91,4525.78,4515.17,4525.02
2025.12.26 16:00,4525.0,4527.3,4522.44,4525.92
2025.12.26 16:15,4526.11,4529.85,4523.5,4529.44
2025.12.26 16:30,4529.33,4532.98,4518.54,4520.95
2025.12.26 16:45,4521.01,4526.4,4512.61,4520.78
2025.12.26 17:00,4520.82,4530.22,4519.35,4526.84
2025.12.26 17:15,4526.8,4533.89,4525.72,4533.3
2025.12.26 17:30,4533.23,4545.48,4531.76,4537.86
2025.12.26 17:45,4537.93,4547.23,4537.21,4546.43
2025.12.26 18:00,4546.56,4549.94,4534.67,4538.99
2025.12.26 18:15,4539.0,4546.99,4537.13,4545.7
2025.12.26 18:30,4545.71,4546.16,4539.04,4539.46
2025.12.26 18:45,4539.5,4543.24,4531.01,4536.2
2025.12.26 19:00,4536.1,4537.33,4525.57,4526.16
2025.12.26 19:15,4526.13,4527.98,4516.98,4517.94
2025.12.26 19:30,4517.96,4520.26,4509.74,4516.24
2025.12.26 19:45,4516.23,4524.54,4512.05,4518.94
2025.12.26 20:00,4518.91,4521.3,4514.46,4517.43
2025.12.26 20:15,4517.45,4524.47,4515.89,4518.68
2025.12.26 20:30,4518.69,4530.12,4515.83,4529.32
2025.12.26 20:45,4529.36,4532.5,4527.45,4530.67
2025.12.26 21:00,4530.71,4534.22,4524.5,4533.64
2025.12.26 21:15,4533.6,4535.65,4528.49,4529.54
2025.12.26 21:30,4529.06,4530.06,4521.78,4525.2
2025.12.26 21:45,4525.16,4526.85,4520.09,4523.7
2025.12.26 22:00,4523.71,4533.75,4522.8,4532.67
2025.12.26 22:15,4532.7,4535.45,4521.52,4523.56
2025.12.26 22:30,4523.54,4531.16,4522.57,4530.27
2025.12.26 22:45,4530.17,4533.17,4525.39,4530.88
2025.12.26 23:00,4530.78,4532.85,4526.97,4528.24
2025.12.26 23:15,4528.2,4532.87,4527.99,4531.3
2025.12.26 23:30,4531.28,4534.57,4529.43,4532.08
2025.12.26 23:45,4532.09,4534.19,4529.76,4532.33
2025.12.29 01:00,4539.6,4549.57,4523.13,4533.57
2025.12.29 01:15,4533.55,4542.46,4532.29,4535.97
2025.12.29 01:30,4535.93,4540.07,4530.58,4532.33
2025.12.29 01:45,4532.31,4534.46,4525.71,4526.89
2025.12.29 02:00,4526.92,4527.73,4514.07,4523.81
2025.12.29 02:15,4523.71,4523.8,4482.08,4486.77
2025.12.29 02:30,4486.78,4503.17,4472.06,4489.48
2025.12.29 02:45,4489.33,4506.67,4489.08,4497.16
2025.12.29 03:00,4497.23,4514.3,4492.6,4512.07
2025.12.29 03:15,4511.86,4517.36,4495.54,4499.28
2025.12.29 03:30,4499.29,4507.49,4491.97,4501.3
2025.12.29 03:45,4501.26,4506.68,4494.83,4497.01
2025.12.29 04:00,4496.99,4509.05,4496.2,4507.15
2025.12.29 04:15,4507.16,4513.91,4504.31,4512.34
2025.12.29 04:30,4512.4,4515.65,4508.67,4511.71
2025.12.29 04:45,4511.7,4515.79,4509.53,4512.53
2025.12.29 05:00,4512.38,4518.91,4509.44,4515.27
2025.12.29 05:15,4515.12,4518.05,4512.06,4512.71
2025.12.29 05:30,4512.65,4520.22,4512.65,4516.41
2025.12.29 05:45,4516.38,4517.28,4513.63,4516.21
2025.12.29 06:00,4516.08,4516.86,4508.08,4515.02
2025.12.29 06:15,4514.97,4516.08,4510.8,4514.22
2025.12.29 06:30,4514.21,4519.52,4513.05,4515.67
2025.12.29 06:45,4515.66,4516.36,4513.41,4515.5
2025.12.29 07:00,4515.44,4515.44,4509.82,4514.48
2025.12.29 07:15,4514.41,4515.74,4511.03,4514.12
2025.12.29 07:30,4514.04,4519.19,4512.17,4516.11
2025.12.29 07:45,4516.33,4517.32,4504.7,4506.52
2025.12.29 08:00,4506.32,4510.44,4499.99,4505.8
2025.12.29 08:15,4505.88,4506.98,4489.0,4490.69
2025.12.29 08:30,4490.6,4497.74,4484.37,4486.82
2025.12.29 08:45,4486.84,4487.9,4471.09,4475.01
2025.12.29 09:00,4474.95,4476.09,4444.79,4473.34
2025.12.29 09:15,4473.36,4481.58,4471.23,4471.28
2025.12.29 09:30,4471.34,4479.43,4470.13,4473.29
2025.12.29 09:45,4473.21,4478.69,4472.69,4474.35
2025.12.29 10:00,4474.44,4485.65,4465.85,4483.54
2025.12.29 10:15,4483.51,4488.19,4479.9,4479.91
2025.12.29 10:30,4479.92,4480.65,4469.65,4469.75
2025.12.29 10:45,4469.82,4471.75,4452.51,4461.02
2025.12.29 11:00,4461.02,4467.69,4459.17,4467.42
2025.12.29 11:15,4467.36,4468.75,4462.0,4465.81
2025.12.29 11:30,4465.83,4475.89,4460.1,4475.64
2025.12.29 11:45,4475.64,4476.28,4468.75,4471.89
2025.12.29 12:00,4471.88,4474.41,4468.67,4471.07
2025.12.29 12:15,4471.03,4472.23,4462.44,4462.55
2025.12.29 12:30,4462.43,4463.68,4456.81,4459.66
2025.12.29 12:45,4459.69,4463.25,4458.27,4460.75
2025.12.29 13:00,4460.77,4461.02,4455.8,4458.3
2025.12.29 13:15,4458.18,4467.68,4457.72,4465.25
2025.12.29 13:30,4465.18,4465.67,4434.07,4453.11
2025.12.29 13:45,4453.08,4453.6,4441.75,4446.72
2025.12.29 14:00,4446.75,4456.12,4445.49,4452.63
2025.12.29 14:15,4452.64,4456.95,4451.62,4456.65
2025.12.29 14:30,4456.58,4464.28,4454.69,4462.26
2025.12.29 14:45,4462.23,4464.58,4460.43,4464.08
2025.12.29 15:00,4464.14,4467.29,4456.28,4457.26
2025.12.29 15:15,4457.31,4459.72,4445.31,4451.48
2025.12.29 15:30,4451.45,4454.71,4425.08,4429.56
2025.12.29 15:45,4429.5,4429.63,4407.03,4421.65
2025.12.29 16:00,4420.99,4421.06,4386.66,4398.4
2025.12.29 16:15,4398.24,4405.53,4386.7,4389.74
2025.12.29 16:30,4389.79,4389.79,4356.76,4373.77
2025.12.29 16:45,4373.81,4384.43,4358.83,4360.13
2025.12.29 17:00,4360.12,4360.38,4328.08,4343.2
2025.12.29 17:15,4343.19,4343.19,4302.89,4319.62
2025.12.29 17:30,4319.23,4336.61,4316.99,4331.09
2025.12.29 17:45,4331.22,4339.53,4322.39,4325.11
2025.12.29 18:00,4325.08,4342.66,4323.24,4333.68
2025.12.29 18:15,4333.69,4337.48,4324.09,4333.9
2025.12.29 18:30,4333.74,4342.23,4328.75,4334.69
2025.12.29 18:45,4334.68,4347.34,4334.28,4341.55
2025.12.29 19:00,4341.67,4342.98,4325.72,4329.91
2025.12.29 19:15,4329.88,4333.14,4322.42,4329.08
2025.12.29 19:30,4329.15,4329.84,4314.79,4319.7
2025.12.29 19:45,4319.59,4329.15,4319.45,4327.98
2025.12.29 20:00,4327.99,4333.24,4325.55,4329.3
2025.12.29 20:15,4329.42,4334.78,4322.83,4327.79
2025.12.29 20:30,4327.81,4334.2,4326.28,4330.25
2025.12.29 20:45,4330.26,4332.29,4328.06,4331.26
2025.12.29 21:00,4331.36,4335.51,4327.57,4335.21
2025.12.29 21:15,4335.28,4336.52,4328.4,4330.45
2025.12.29 21:30,4330.64,4335.73,4330.2,4332.19
2025.12.29 21:45,4332.24,4337.89,4331.05,4336.81
2025.12.29 22:00,4336.87,4344.47,4336.49,4342.31
2025.12.29 22:15,4342.34,4342.56,4337.05,4340.49
2025.12.29 22:30,4340.48,4341.31,4325.88,4333.41
2025.12.29 22:45,4333.37,4335.61,4328.88,4334.69
2025.12.29 23:00,4334.68,4339.47,4328.53,4335.67
2025.12.29 23:15,4335.67,4337.58,4330.3,4331.15
2025.12.29 23:30,4331.17,4332.14,4327.1,4329.26
2025.12.29 23:45,4329.34,4332.6,4329.05,4331.68
2025.12.30 01:00,4333.32,4346.96,4332.7,4340.34
2025.12.30 01:15,4340.33,4340.6,4323.07,4333.53
2025.12.30 01:30,4333.57,4337.01,4330.84,4336.72
2025.12.30 01:45,4336.64,4346.68,4336.08,4345.51
2025.12.30 02:00,4345.48,4347.26,4337.85,4346.58
2025.12.30 02:15,4346.56,4350.72,4343.63,4349.03
2025.12.30 02:30,4349.04,4349.2,4339.75,4340.76
2025.12.30 02:45,4340.8,4342.89,4334.36,4339.62
2025.12.30 03:00,4339.63,4339.83,4324.3,4334.87
2025.12.30 03:15,4334.85,4343.06,4334.85,4336.39
2025.12.30 03:30,4336.41,4349.5,4331.78,4346.91
2025.12.30 03:45,4346.94,4360.05,4346.5,4360.03
2025.12.30 04:00,4360.09,4361.73,4351.57,4355.11
2025.12.30 04:15,4355.13,4357.85,4352.37,4355.41
2025.12.30 04:30,4354.55,4356.99,4348.59,4354.49
2025.12.30 04:45,4354.51,4364.91,4354.51,4362.6
2025.12.30 05:00,4362.61,4365.33,4357.08,4360.74
2025.12.30 05:15,4360.98,4369.21,4359.18,4368.05
2025.12.30 05:30,4368.12,4368.77,4361.29,4363.26
2025.12.30 05:45,4363.24,4364.63,4355.99,4359.16
2025.12.30 06:00,4359.2,4362.09,4357.27,4361.08
2025.12.30 06:15,4361.1,4365.47,4360.3,4362.91
2025.12.30 06:30,4362.94,4369.55,4361.93,4366.62
2025.12.30 06:45,4366.64,4367.02,4362.19,4363.37
2025.12.30 07:00,4363.63,4364.8,4358.78,4364.02
2025.12.30 07:15,4364.02,4376.15,4362.3,4372.1
2025.12.30 07:30,4372.07,4380.25,4371.84,4374.57
2025.12.30 07:45,4374.58,4379.5,4372.63,4377.62
2025.12.30 08:00,4377.62,4378.45,4372.36,4373.04
2025.12.30 08:15,4373.05,4373.87,4364.07,4366.51
2025.12.30 08:30,4366.55,4369.82,4359.87,4361.5
2025.12.30 08:45,4361.51,4366.7,4359.65,4364.7
2025.12.30 09:00,4364.71,4368.85,4359.34,4368.73
2025.12.30 09:15,4368.72,4372.43,4365.76,4368.42
2025.12.30 09:30,4368.42,4377.01,4368.08,4376.89
2025.12.30 09:45,4376.97,4383.33,4370.14,4372.31
2025.12.30 10:00,4372.38,4373.81,4363.17,4370.33
2025.12.30 10:15,4370.38,4371.37,4351.89,4353.3
2025.12.30 10:30,4353.31,4360.39,4350.13,4359.14
2025.12.30 10:45,4359.15,4366.33,4354.09,4364.89
2025.12.30 11:00,4364.9,4373.58,4364.14,4373.0
2025.12.30 11:15,4372.96,4376.6,4367.5,4368.33
2025.12.30 11:30,4368.25,4371.54,4367.15,4368.08
2025.12.30 11:45,4368.07,4373.82,4367.35,4371.88
2025.12.30 12:00,4371.82,4376.0,4367.48,4375.66
2025.12.30 12:15,4375.73,4382.66,4374.61,4381.96
2025.12.30 12:30,4381.6,4391.52,4381.53,4382.55
2025.12.30 12:45,4382.5,4385.41,4378.23,4384.63
2025.12.30 13:00,4385.26,4390.15,4385.02,4386.77
2025.12.30 13:15,4386.8,4389.48,4385.67,4388.73
2025.12.30 13:30,4388.77,4389.17,4383.64,4384.69
2025.12.30 13:45,4384.7,4385.34,4381.01,4384.33
2025.12.30 14:00,4384.29,4397.16,4383.41,4396.07
2025.12.30 14:15,4396.12,4399.06,4391.43,4393.59
2025.12.30 14:30,4393.61,4402.55,4392.9,4399.64
2025.12.30 14:45,4399.65,4401.89,4396.28,4400.98
2025.12.30 15:00,4400.99,4404.34,4397.1,4399.25
2025.12.30 15:15,4399.27,4399.28,4389.9,4393.49
2025.12.30 15:30,4393.55,4393.58,4376.05,4379.28
2025.12.30 15:45,4379.24,4389.36,4376.21,4388.21
2025.12.30 16:00,4388.23,4390.37,4382.47,4385.97
2025.12.30 16:15,4386.0,4391.06,4380.8,4390.49
2025.12.30 16:30,4390.55,4392.0,4364.16,4371.52
2025.12.30 16:45,4371.34,4372.14,4355.65,4366.1
2025.12.30 17:00,4365.64,4372.94,4360.81,4369.09
2025.12.30 17:15,4369.16,4377.46,4364.88,4365.98
2025.12.30 17:30,4366.13,4374.32,4359.33,4362.4
2025.12.30 17:45,4362.41,4370.84,4361.08,4364.91
2025.12.30 18:00,4365.11,4365.2,4354.64,4358.33
2025.12.30 18:15,4358.35,4371.14,4357.51,4368.71
2025.12.30 18:30,4368.77,4368.77,4362.31,4367.15
2025.12.30 18:45,4367.22,4379.67,4366.34,4377.55
2025.12.30 19:00,4377.64,4381.57,4373.16,4373.23
2025.12.30 19:15,4373.23,4376.56,4368.28,4374.76
2025.12.30 19:30,4374.77,4376.19,4364.85,4368.52
2025.12.30 19:45,4368.59,4370.57,4364.25,4370.17
2025.12.30 20:00,4370.19,4378.47,4368.78,4370.96
2025.12.30 20:15,4371.08,4372.05,4365.9,4370.71
2025.12.30 20:30,4370.76,4370.94,4362.46,4365.95
2025.12.30 20:45,4366.02,4367.44,4363.02,4364.56
2025.12.30 21:00,4364.59,4367.84,4363.44,4366.63
2025.12.30 21:15,4366.66,4367.51,4363.88,4365.78
2025.12.30 21:30,4365.73,4366.34,4359.92,4362.79
2025.12.30 21:45,4362.76,4362.98,4337.27,4348.4
2025.12.30 22:00,4348.41,4350.09,4338.12,4347.98
2025.12.30 22:15,4348.05,4352.65,4345.94,4350.26
2025.12.30 22:30,4350.31,4355.41,4345.86,4348.72
2025.12.30 22:45,4348.79,4351.46,4337.65,4341.38
2025.12.30 23:00,4341.42,4350.2,4340.65,4348.25
2025.12.30 23:15,4348.27,4348.8,4346.28,4346.4
2025.12.30 23:30,4346.34,4349.14,4346.08,4348.64
2025.12.30 23:45,4348.61,4349.38,4334.51,4338.48
2025.12.31 01:00,4340.65,4346.17,4339.75,4345.64
2025.12.31 01:15,4345.68,4345.68,4331.98,4333.83
2025.12.31 01:30,4333.85,4342.61,4328.68,4339.36
2025.12.31 01:45,4339.23,4339.49,4333.15,4338.92
2025.12.31 02:00,4338.89,4344.03,4338.77,4341.41
2025.12.31 02:15,4341.31,4342.88,4332.49,4336.35
2025.12.31 02:30,4336.37,4346.36,4332.59,4342.55
2025.12.31 02:45,4342.56,4343.67,4336.22,4342.08
2025.12.31 03:00,4342.11,4355.5,4336.52,4353.18
2025.12.31 03:15,4353.26,4361.04,4348.96,4354.73
2025.12.31 03:30,4354.72,4369.64,4354.42,4368.65
2025.12.31 03:45,4368.64,4373.18,4365.3,4365.93
2025.12.31 04:00,4365.95,4371.07,4361.16,4362.17
2025.12.31 04:15,4362.16,4363.9,4357.55,4360.89
2025.12.31 04:30,4361.06,4370.95,4357.5,4370.07
2025.12.31 04:45,4370.04,4370.55,4346.14,4348.65
2025.12.31 05:00,4348.67,4359.61,4343.65,4359.25
2025.12.31 05:15,4359.22,4359.65,4340.71,4348.51
2025.12.31 05:30,4348.49,4353.81,4346.44,4351.78
2025.12.31 05:45,4351.77,4352.35,4345.34,4348.26
2025.12.31 06:00,4348.32,4351.14,4344.45,4348.12
2025.12.31 06:15,4348.09,4348.4,4342.03,4346.33
2025.12.31 06:30,4346.32,4348.15,4342.46,4343.11
2025.12.31 06:45,4343.1,4345.85,4330.72,4332.92
2025.12.31 07:00,4332.86,4334.47,4329.21,4334.47
2025.12.31 07:15,4334.46,4342.91,4332.6,4342.25
2025.12.31 07:30,4342.29,4342.94,4317.06,4324.6
2025.12.31 07:45,4324.54,4327.65,4276.26,4285.57
2025.12.31 08:00,4285.59,4301.15,4274.15,4299.03
2025.12.31 08:15,4298.96,4308.69,4292.33,4307.11
2025.12.31 08:30,4307.35,4317.09,4304.61,4314.34
2025.12.31 08:45,4314.35,4328.76,4311.72,4328.01
2025.12.31 09:00,4328.06,4332.39,4323.61,4330.65
2025.12.31 09:15,4330.55,4334.85,4329.02,4333.12
2025.12.31 09:30,4333.07,4334.71,4330.19,4331.95
2025.12.31 09:45,4331.93,4332.66,4326.57,4330.89
2025.12.31 10:00,4331.22,4332.64,4320.14,4322.91
2025.12.31 10:15,4323.01,4327.43,4322.05,4326.03
2025.12.31 10:30,4326.02,4326.35,4316.91,4317.04
2025.12.31 10:45,4317.03,4317.69,4303.15,4307.35
2025.12.31 11:00,4307.57,4318.04,4307.08,4316.94
2025.12.31 11:15,4316.86,4327.42,4310.87,4323.69
2025.12.31 11:30,4323.67,4336.93,4323.21,4335.9
2025.12.31 11:45,4335.94,4337.2,4325.14,4325.54
2025.12.31 12:00,4325.52,4331.15,4324.2,4326.78
2025.12.31 12:15,4326.77,4330.04,4319.38,4319.52
2025.12.31 12:30,4319.48,4319.48,4304.88,4307.02
2025.12.31 12:45,4307.06,4310.87,4303.76,4306.32
2025.12.31 13:00,4306.25,4315.15,4303.85,4313.64
2025.12.31 13:15,4313.68,4315.72,4309.56,4311.11
2025.12.31 13:30,4311.05,4313.52,4307.74,4312.46
2025.12.31 13:45,4312.41,4316.18,4309.32,4310.79
2025.12.31 14:00,4310.76,4312.44,4305.38,4308.88
2025.12.31 14:15,4308.9,4310.71,4302.9,4306.89
2025.12.31 14:30,4306.94,4317.93,4306.86,4316.96
2025.12.31 14:45,4317.01,4317.19,4310.5,4313.5
2025.12.31 15:00,4313.53,4316.69,4307.88,4311.48
2025.12.31 15:15,4311.5,4329.08,4311.3,4328.41
2025.12.31 15:30,4328.38,4334.71,4325.74,4332.78
2025.12.31 15:45,4332.85,4348.04,4331.92,4345.68
2025.12.31 16:00,4345.68,4348.28,4334.54,4339.93
2025.12.31 16:15,4339.92,4344.74,4332.67,4336.86
2025.12.31 16:30,4336.91,4348.3,4332.76,4343.92
2025.12.31 16:45,4343.96,4353.14,4342.27,4345.8
2025.12.31 17:00,4345.92,4346.24,4329.14,4331.79
2025.12.31 17:15,4331.82,4338.55,4327.05,4336.97
2025.12.31 17:30,4337.08,4341.41,4328.92,4330.98
2025.12.31 17:45,4330.79,4337.73,4327.28,4337.22
2025.12.31 18:00,4337.27,4339.61,4321.79,4323.83
2025.12.31 18:15,4323.75,4329.68,4321.63,4325.44
2025.12.31 18:30,4325.46,4329.52,4319.0,4319.8
2025.12.31 18:45,4319.8,4324.37,4316.93,4322.73
2025.12.31 19:00,4322.85,4328.02,4320.41,4323.24
2025.12.31 19:15,4323.28,4324.52,4317.94,4320.5
2025.12.31 19:30,4320.48,4329.24,4318.82,4325.33
2025.12.31 19:45,4325.33,4326.8,4320.1,4321.74
2026.01.02 08:00,4380.64,4380.9,4373.73,4375.03
2026.01.02 08:15,4375.03,4379.87,4373.56,4379.61
2026.01.02 08:30,4379.63,4379.68,4374.26,4374.29
2026.01.02 08:45,4374.3,4376.11,4373.15,4374.56
2026.01.02 09:00,4374.69,4377.81,4372.16,4377.07
2026.01.02 09:15,4377.06,4377.35,4371.98,4373.73
2026.01.02 09:30,4373.75,4380.49,4372.1,4375.59
2026.01.02 09:45,4375.56,4383.22,4375.11,4382.66
2026.01.02 10:00,4382.65,4386.36,4380.55,4384.91
2026.01.02 10:15,4384.85,4385.63,4381.45,4385.25
2026.01.02 10:30,4385.28,4390.5,4384.05,4390.46
2026.01.02 10:45,4390.41,4397.33,4386.69,4386.84
2026.01.02 11:00,4386.81,4390.98,4386.04,4389.99
2026.01.02 11:15,4389.98,4391.53,4383.17,4388.58
2026.01.02 11:30,4388.5,4389.71,4386.63,4388.54
2026.01.02 11:45,4388.65,4389.4,4384.85,4385.34
2026.01.02 12:00,4385.32,4388.44,4384.43,4387.95
2026.01.02 12:15,4387.98,4390.01,4385.35,4386.25
2026.01.02 12:30,4386.37,4396.34,4384.54,4393.54
2026.01.02 12:45,4393.54,4398.38,4393.54,4395.95
2026.01.02 13:00,4395.96,4397.73,4393.81,4394.99
2026.01.02 13:15,4394.97,4399.16,4394.1,4394.32
2026.01.02 13:30,4394.24,4395.55,4391.65,4394.9
2026.01.02 13:45,4394.93,4395.49,4390.61,4392.9
2026.01.02 14:00,4392.84,4397.34,4391.15,4395.14
2026.01.02 14:15,4395.11,4398.15,4392.92,4393.23
2026.01.02 14:30,4393.21,4394.5,4384.93,4387.91
2026.01.02 14:45,4387.93,4394.58,4385.2,4394.31
2026.01.02 15:00,4394.36,4401.13,4392.46,4399.65
2026.01.02 15:15,4399.67,4402.23,4372.92,4374.31
2026.01.02 15:30,4374.23,4377.13,4365.76,4372.43
2026.01.02 15:45,4372.38,4377.61,4361.88,4365.86
2026.01.02 16:00,4365.96,4372.55,4364.35,4370.18
2026.01.02 16:15,4370.22,4373.57,4366.79,4368.24
2026.01.02 16:30,4368.21,4370.09,4348.03,4356.4
2026.01.02 16:45,4356.41,4363.01,4352.16,4353.28
2026.01.02 17:00,4353.34,4356.82,4333.68,4340.59
2026.01.02 17:15,4340.6,4342.58,4330.27,4336.54
2026.01.02 17:30,4336.52,4346.66,4331.63,4346.0
2026.01.02 17:45,4345.97,4346.91,4333.64,4335.21
2026.01.02 18:00,4335.14,4337.33,4320.2,4322.34
2026.01.02 18:15,4322.34,4324.86,4314.98,4321.47
2026.01.02 18:30,4321.47,4328.02,4315.1,4325.67
2026.01.02 18:45,4325.65,4328.12,4321.37,4326.39
2026.01.02 19:00,4326.35,4333.42,4324.72,4330.15
2026.01.02 19:15,4330.12,4332.88,4323.93,4328.73
2026.01.02 19:30,4328.69,4331.18,4323.56,4326.36
2026.01.02 19:45,4326.31,4328.02,4322.71,4322.95
2026.01.02 20:00,4322.92,4323.55,4312.43,4314.41
2026.01.02 20:15,4314.47,4321.59,4310.56,4318.64
2026.01.02 20:30,4318.46,4319.58,4309.86,4312.31
2026.01.02 20:45,4312.48,4315.55,4311.96,4314.98
2026.01.02 21:00,4315.56,4322.09,4315.56,4321.38
2026.01.02 21:15,4321.41,4323.05,4316.24,4318.35
2026.01.02 21:30,4318.42,4326.15,4318.07,4322.53
2026.01.02 21:45,4322.52,4322.77,4317.35,4317.97
2026.01.02 22:00,4318.0,4321.28,4317.1,4319.78
2026.01.02 22:15,4319.8,4329.24,4318.58,4328.35
2026.01.02 22:30,4328.36,4329.31,4325.16,4326.69
2026.01.02 22:45,4326.69,4331.42,4326.27,4331.36
2026.01.02 23:00,4331.4,4331.68,4326.9,4328.84
2026.01.02 23:15,4328.8,4329.68,4327.7,4328.72
2026.01.02 23:30,4328.75,4330.27,4327.15,4328.42
2026.01.02 23:45,4328.33,4333.16,4328.33,4331.54
2026.01.05 01:00,4350.7,4370.71,4344.99,4370.36
2026.01.05 01:15,4370.36,4372.59,4360.94,4366.81
2026.01.05 01:30,4366.8,4366.8,4354.26,4362.05
2026.01.05 01:45,4362.0,4375.64,4361.26,4372.35
2026.01.05 02:00,4372.34,4379.63,4370.1,4377.8
2026.01.05 02:15,4377.76,4389.28,4377.53,4386.93
2026.01.05 02:30,4386.91,4396.44,4385.43,4387.82
2026.01.05 02:45,4387.81,4396.15,4384.8,4394.97
2026.01.05 03:00,4394.93,4420.84,4394.28,4402.8
2026.01.05 03:15,4402.66,4405.03,4394.04,4395.89
2026.01.05 03:30,4395.92,4404.92,4393.13,4404.14
2026.01.05 03:45,4404.15,4406.68,4391.09,4401.69
2026.01.05 04:00,4401.73,4404.78,4388.55,4394.16
2026.01.05 04:15,4394.25,4402.74,4392.48,4401.95
2026.01.05 04:30,4401.97,4406.77,4399.54,4399.64
2026.01.05 04:45,4400.21,4409.65,4398.67,4405.38
2026.01.05 05:00,4405.33,4414.12,4405.3,4410.62
2026.01.05 05:15,4410.5,4412.46,4406.05,4407.58
2026.01.05 05:30,4407.58,4410.56,4403.6,4409.42
2026.01.05 05:45,4409.4,4410.15,4399.52,4399.7
2026.01.05 06:00,4399.83,4404.28,4397.15,4399.87
2026.01.05 06:15,4399.82,4406.1,4399.81,4404.74
2026.01.05 06:30,4404.76,4407.35,4404.08,4405.56
2026.01.05 06:45,4405.59,4408.15,4403.43,4404.07
2026.01.05 07:00,4404.05,4408.88,4403.52,4408.16
2026.01.05 07:15,4408.16,4412.75,4406.81,4412.59
2026.01.05 07:30,4412.59,4414.24,4401.68,4401.78
2026.01.05 07:45,4401.74,4412.6,4400.96,4412.58
2026.01.05 08:00,4412.5,4420.07,4411.32,4418.28
2026.01.05 08:15,4418.19,4426.14,4415.72,4423.95
2026.01.05 08:30,4424.21,4426.15,4415.95,4420.25
2026.01.05 08:45,4420.19,4422.32,4418.14,4420.17
2026.01.05 09:00,4420.16,4423.91,4416.54,4419.77
2026.01.05 09:15,4419.83,4423.12,4418.78,4420.12
2026.01.05 09:30,4420.18,4425.0,4418.46,4424.45
2026.01.05 09:45,4424.44,4424.46,4419.82,4421.65
2026.01.05 10:00,4421.64,4425.05,4419.26,4424.21
2026.01.05 10:15,4424.16,4430.21,4424.16,4426.51
2026.01.05 10:30,4426.48,4430.79,4423.43,4429.77
2026.01.05 10:45,4429.78,4433.64,4429.73,4429.92
2026.01.05 11:00,4429.7,4431.98,4425.99,4430.34
2026.01.05 11:15,4430.37,4434.35,4429.58,4432.45
2026.01.05 11:30,4432.42,4437.87,4430.81,4437.47
2026.01.05 11:45,4437.49,4437.85,4433.68,4434.66
2026.01.05 12:00,4434.64,4435.08,4430.66,4433.01
2026.01.05 12:15,4433.05,4436.46,4431.28,4433.06
2026.01.05 12:30,4433.03,4438.78,4432.52,4434.86
2026.01.05 12:45,4434.88,4439.81,4434.07,4436.13
2026.01.05 13:00,4436.13,4437.27,4429.96,4433.19
2026.01.05 13:15,4433.41,4433.51,4411.25,4417.07
2026.01.05 13:30,4417.09,4424.42,4415.08,4423.92
2026.01.05 13:45,4423.94,4425.94,4418.06,4419.21
2026.01.05 14:00,4418.87,4421.31,4416.63,4417.59
2026.01.05 14:15,4417.59,4418.34,4413.71,4415.48
2026.01.05 14:30,4415.51,4416.98,4406.1,4409.76
2026.01.05 14:45,4409.75,4412.25,4405.43,4409.52
2026.01.05 15:00,4409.53,4418.74,4407.06,4408.93
2026.01.05 15:15,4408.94,4412.98,4397.68,4399.44
2026.01.05 15:30,4399.66,4414.01,4396.08,4411.97
2026.01.05 15:45,4411.95,4417.12,4411.26,4416.76
2026.01.05 16:00,4416.76,4428.28,4416.76,4426.2
2026.01.05 16:15,4426.2,4429.54,4420.11,4420.87
2026.01.05 16:30,4420.98,4429.81,4417.81,4429.55
2026.01.05 16:45,4429.5,4442.62,4427.91,4436.5
2026.01.05 17:00,4436.57,4455.67,4436.57,4449.09
2026.01.05 17:15,4449.12,4452.18,4442.28,4444.41
2026.01.05 17:30,4444.72,4447.65,4435.6,4447.23
2026.01.05 17:45,4447.25,4449.64,4440.5,4448.41
2026.01.05 18:00,4448.37,4451.23,4438.22,4446.28
2026.01.05 18:15,4446.27,4448.56,4440.08,4440.64
2026.01.05 18:30,4440.62,4445.87,4439.95,4445.0
2026.01.05 18:45,4444.9,4454.26,4440.67,4441.69
2026.01.05 19:00,4441.83,4442.34,4432.2,4442.34
2026.01.05 19:15,4442.25,4448.91,4442.23,4445.78
2026.01.05 19:30,4445.75,4447.28,4437.53,4439.4
2026.01.05 19:45,4439.39,4445.51,4439.01,4443.34
2026.01.05 20:00,4443.38,4448.04,4441.65,4447.13
2026.01.05 20:15,4447.14,4448.4,4439.58,4441.03
2026.01.05 20:30,4440.88,4445.7,4440.74,4443.47
2026.01.05 20:45,4443.5,4448.43,4442.53,4448.43
2026.01.05 21:00,4448.87,4449.32,4434.71,4439.83
2026.01.05 21:15,4439.57,4442.66,4437.56,4441.55
2026.01.05 21:30,4441.51,4445.75,4440.92,4442.6
2026.01.05 21:45,4442.61,4444.09,4438.43,4439.63
2026.01.05 22:00,4439.61,4445.24,4438.98,4443.77
2026.01.05 22:15,4443.77,4446.89,4442.66,4445.54
2026.01.05 22:30,4445.55,4445.56,4437.85,4437.9
2026.01.05 22:45,4437.93,4445.83,4437.93,4444.73
2026.01.05 23:00,4444.77,4447.97,4444.77,4446.73
2026.01.05 23:15,4446.6,4446.83,4443.13,4445.37
2026.01.05 23:30,4445.37,4448.05,4445.26,4445.85
2026.01.05 23:45,4445.85,4449.15,4445.27,4448.87
2026.01.06 01:00,4449.59,4459.95,4448.71,4451.46
2026.01.06 01:15,4451.43,4453.3,4448.53,4448.76
2026.01.06 01:30,4448.75,4450.01,4438.51,4442.82
2026.01.06 01:45,4442.81,4443.91,4436.75,4440.36
2026.01.06 02:00,4440.34,4441.62,4436.45,4440.44
2026.01.06 02:15,4440.44,4442.55,4439.33,4440.8
2026.01.06 02:30,4440.77,4444.62,4430.22,4436.4
2026.01.06 02:45,4436.42,4438.12,4434.5,4436.33
2026.01.06 03:00,4436.33,4442.26,4427.79,4441.78
2026.01.06 03:15,4441.73,4444.14,4433.81,4434.84
2026.01.06 03:30,4434.85,4443.18,4432.74,4439.08
2026.01.06 03:45,4439.07,4452.23,4438.27,4450.46
2026.01.06 04:00,4450.51,4460.28,4448.65,4459.41
2026.01.06 04:15,4459.37,4460.6,4456.38,4460.15
2026.01.06 04:30,4460.14,4461.05,4448.59,4453.36
2026.01.06 04:45,4453.41,4457.39,4451.67,4454.8
2026.01.06 05:00,4454.79,4465.59,4454.03,4462.3
2026.01.06 05:15,4462.28,4467.74,4461.85,4463.35
2026.01.06 05:30,4463.38,4467.39,4462.91,4465.93
2026.01.06 05:45,4465.89,4467.92,4464.41,4467.47
2026.01.06 06:00,4467.46,4468.51,4464.5,4465.5
2026.01.06 06:15,4465.45,4467.29,4463.16,4464.65
2026.01.06 06:30,4464.61,4466.12,4461.7,4462.63
2026.01.06 06:45,4462.65,4468.21,4462.5,4467.25
2026.01.06 07:00,4467.29,4469.48,4466.91,4467.27
2026.01.06 07:15,4467.24,4470.69,4466.78,4469.6
2026.01.06 07:30,4469.56,4474.05,4461.6,4462.99
2026.01.06 07:45,4463.08,4464.53,4449.15,4452.45
2026.01.06 08:00,4452.52,4458.2,4451.48,4456.83
2026.01.06 08:15,4456.85,4461.17,4455.42,4461.17
2026.01.06 08:30,4461.17,4465.85,4459.03,4463.56
2026.01.06 08:45,4463.54,4467.05,4461.12,4465.7
2026.01.06 09:00,4465.52,4470.19,4464.3,4468.27
2026.01.06 09:15,4468.25,4469.49,4461.64,4464.52
2026.01.06 09:30,4464.48,4467.22,4463.27,4464.49
2026.01.06 09:45,4464.26,4466.21,4457.0,4459.27
2026.01.06 10:00,4459.22,4463.26,4457.18,4461.81
2026.01.06 10:15,4461.82,4475.76,4461.58,4470.75
2026.01.06 10:30,4470.76,4472.32,4464.14,4465.52
2026.01.06 10:45,4465.53,4469.1,4464.82,4468.07
2026.01.06 11:00,4468.1,4468.25,4453.53,4457.81
2026.01.06 11:15,4457.79,4458.01,4451.88,4456.56
2026.01.06 11:30,4456.58,4457.0,4453.63,4455.87
2026.01.06 11:45,4455.83,4456.0,4444.7,4446.27
2026.01.06 12:00,4446.29,4452.24,4442.39,4450.04
2026.01.06 12:15,4450.01,4452.42,4448.48,4449.93
2026.01.06 12:30,4449.95,4455.78,4448.28,4450.91
2026.01.06 12:45,4450.9,4453.03,4449.16,4451.53
2026.01.06 13:00,4451.66,4452.89,4449.73,4450.75
2026.01.06 13:15,4450.74,4455.71,4448.63,4455.4
2026.01.06 13:30,4455.36,4462.29,4454.7,4461.9
2026.01.06 13:45,4462.01,4464.34,4459.6,4463.15
2026.01.06 14:00,4463.14,4464.55,4461.55,4461.94
2026.01.06 14:15,4461.93,4465.49,4461.5,4464.36
2026.01.06 14:30,4464.39,4466.21,4458.72,4461.87
2026.01.06 14:45,4461.86,4464.74,4459.66,4463.46
2026.01.06 15:00,4463.43,4467.92,4459.49,4465.35
2026.01.06 15:15,4465.35,4470.22,4457.37,4458.98
2026.01.06 15:30,4459.04,4462.17,4455.43,4461.03
2026.01.06 15:45,4460.95,4468.03,4453.92,4467.86
2026.01.06 16:00,4467.85,4472.47,4466.2,4471.73
2026.01.06 16:15,4471.75,4473.13,4464.35,4466.63
2026.01.06 16:30,4466.74,4483.0,4465.11,4479.37
2026.01.06 16:45,4479.41,4489.44,4479.35,4487.33
2026.01.06 17:00,4487.22,4490.81,4478.9,4480.08
2026.01.06 17:15,4480.02,4483.21,4473.69,4480.89
2026.01.06 17:30,4480.95,4481.84,4463.03,4475.27
2026.01.06 17:45,4475.29,4479.62,4471.45,4478.3
2026.01.06 18:00,4478.17,4482.92,4471.46,4478.75
2026.01.06 18:15,4478.74,4485.28,4477.51,4483.47
2026.01.06 18:30,4483.47,4488.65,4482.35,4487.93
2026.01.06 18:45,4487.95,4488.68,4484.2,4488.2
2026.01.06 19:00,4488.18,4490.18,4484.24,4488.32
2026.01.06 19:15,4488.3,4489.99,4485.88,4487.06
2026.01.06 19:30,4487.05,4489.83,4481.51,4483.84
2026.01.06 19:45,4483.87,4491.41,4483.23,4489.33
2026.01.06 20:00,4489.03,4491.38,4486.06,4490.99
2026.01.06 20:15,4490.98,4493.88,4484.15,4485.72
2026.01.06 20:30,4486.84,4487.71,4482.01,4486.0
2026.01.06 20:45,4486.03,4490.13,4485.91,4488.4
2026.01.06 21:00,4488.42,4489.35,4481.71,4481.96
2026.01.06 21:15,4481.98,4484.48,4477.13,4480.72
2026.01.06 21:30,4480.72,4483.42,4477.62,4481.28
2026.01.06 21:45,4481.26,4483.61,4478.89,4481.2
2026.01.06 22:00,4481.2,4486.59,4480.17,4485.24
2026.01.06 22:15,4485.26,4487.46,4484.45,4485.51
2026.01.06 22:30,4485.53,4489.98,4483.64,4489.63
2026.01.06 22:45,4489.66,4497.01,4488.51,4493.6
2026.01.06 23:00,4493.63,4494.37,4491.67,4491.87
2026.01.06 23:15,4491.82,4494.34,4491.75,4493.9
2026.01.06 23:30,4493.87,4496.89,4493.81,4496.15
2026.01.06 23:45,4496.11,4497.15,4493.92,4494.64
2026.01.07 01:00,4495.34,4499.26,4494.57,4497.38
2026.01.07 01:15,4497.4,4500.31,4496.95,4498.3
2026.01.07 01:30,4498.15,4499.53,4494.85,4495.2
2026.01.07 01:45,4495.19,4496.16,4492.02,4493.24
2026.01.07 02:00,4493.19,4494.24,4490.22,4493.06
2026.01.07 02:15,4493.24,4493.41,4489.51,4490.89
2026.01.07 02:30,4491.08,4494.51,4487.79,4489.7
2026.01.07 02:45,4489.62,4492.21,4482.21,4492.01
2026.01.07 03:00,4491.98,4495.78,4469.24,4470.93
2026.01.07 03:15,4470.91,4478.93,4470.78,4477.04
2026.01.07 03:30,4477.02,4477.77,4464.75,4468.45
2026.01.07 03:45,4468.44,4470.32,4460.98,4465.45
2026.01.07 04:00,4465.45,4475.76,4459.58,4472.23
2026.01.07 04:15,4472.22,4475.07,4468.22,4473.74
2026.01.07 04:30,4473.6,4478.29,4473.32,4475.65
2026.01.07 04:45,4475.68,4478.48,4473.59,4474.57
2026.01.07 05:00,4474.58,4476.85,4471.87,4474.7
2026.01.07 05:15,4474.67,4480.16,4472.6,4476.29
2026.01.07 05:30,4476.28,4478.73,4475.52,4478.27
2026.01.07 05:45,4478.32,4478.41,4473.62,4474.56
2026.01.07 06:00,4474.54,4475.9,4469.2,4470.26
2026.01.07 06:15,4470.23,4471.95,4465.86,4466.05
2026.01.07 06:30,4466.0,4468.64,4463.49,4465.05
2026.01.07 06:45,4464.99,4467.14,4463.79,4464.65
2026.01.07 07:00,4464.66,4466.91,4461.82,4465.79
2026.01.07 07:15,4465.78,4470.41,4465.27,4468.65
2026.01.07 07:30,4468.61,4469.17,4448.36,4452.31
2026.01.07 07:45,4452.29,4454.64,4443.2,4454.32
2026.01.07 08:00,4454.31,4459.18,4452.9,4455.98
2026.01.07 08:15,4456.03,4460.25,4452.01,4454.84
2026.01.07 08:30,4454.85,4455.32,4443.6,4446.49
2026.01.07 08:45,4446.37,4450.72,4441.3,4444.04
2026.01.07 09:00,4444.03,4450.74,4441.55,4450.03
2026.01.07 09:15,4450.07,4455.06,4448.14,4454.76
2026.01.07 09:30,4454.79,4459.9,4453.48,4458.9
2026.01.07 09:45,4458.87,4464.84,4458.57,4461.02
2026.01.07 10:00,4460.72,4466.31,4459.18,4465.64
2026.01.07 10:15,4465.63,4468.39,4463.67,4464.99
2026.01.07 10:30,4465.0,4474.9,4463.95,4466.66
2026.01.07 10:45,4466.59,4470.53,4465.43,4468.19
2026.01.07 11:00,4467.99,4468.47,4459.45,4465.66
2026.01.07 11:15,4465.65,4467.13,4461.57,4462.07
2026.01.07 11:30,4461.76,4464.45,4460.85,4461.39
2026.01.07 11:45,4461.41,4465.46,4459.94,4463.24
2026.01.07 12:00,4463.23,4465.44,4461.29,4464.65
2026.01.07 12:15,4464.65,4466.44,4458.76,4459.85
2026.01.07 12:30,4459.83,4467.04,4458.74,4465.84
2026.01.07 12:45,4465.75,4467.6,4463.5,4464.18
2026.01.07 13:00,4464.13,4464.77,4461.09,4461.69
2026.01.07 13:15,4461.65,4464.21,4455.06,4458.97
2026.01.07 13:30,4459.03,4459.99,4450.4,4450.42
2026.01.07 13:45,4450.55,4454.55,4446.4,4447.17
2026.01.07 14:00,4447.3,4450.09,4443.42,4445.65
2026.01.07 14:15,4445.66,4450.39,4439.3,4449.97
2026.01.07 14:30,4449.9,4454.82,4449.3,4449.8
2026.01.07 14:45,4449.92,4453.64,4445.0,4445.0
2026.01.07 15:00,4444.99,4449.78,4427.64,4433.36
2026.01.07 15:15,4433.43,4447.08,4430.12,4442.02
2026.01.07 15:30,4441.81,4450.64,4438.02,4445.21
2026.01.07 15:45,4445.25,4452.95,4444.61,4452.81
2026.01.07 16:00,4452.71,4454.2,4446.96,4447.17
2026.01.07 16:15,4446.93,4453.36,4442.65,4444.55
2026.01.07 16:30,4444.52,4452.08,4435.61,4444.11
2026.01.07 16:45,4444.1,4452.84,4440.7,4445.06
2026.01.07 17:00,4442.67,4444.45,4426.31,4426.54
2026.01.07 17:15,4426.59,4442.36,4423.39,4442.03
2026.01.07 17:30,4442.16,4452.07,4441.89,4442.09
2026.01.07 17:45,4442.09,4447.83,4440.55,4446.0
2026.01.07 18:00,4445.96,4450.1,4443.77,4446.91
2026.01.07 18:15,4446.99,4460.95,4444.52,4457.77
2026.01.07 18:30,4457.73,4467.82,4456.77,4467.51
2026.01.07 18:45,4467.54,4468.22,4461.75,4464.0
2026.01.07 19:00,4464.02,4465.21,4457.68,4460.02
2026.01.07 19:15,4460.03,4462.87,4457.0,4458.33
2026.01.07 19:30,4458.35,4461.32,4455.9,4456.78
2026.01.07 19:45,4456.78,4459.27,4449.74,4451.75
2026.01.07 20:00,4451.56,4452.75,4447.94,4449.69
2026.01.07 20:15,4449.7,4455.59,4447.03,4451.94
2026.01.07 20:30,4452.23,4458.72,4451.54,4456.06
2026.01.07 20:45,4456.06,4456.36,4450.3,4451.93
2026.01.07 21:00,4451.91,4455.2,4447.66,4449.45
2026.01.07 21:15,4449.42,4451.05,4445.23,4450.47
2026.01.07 21:30,4450.46,4457.28,4450.39,4453.2
2026.01.07 21:45,4453.17,4457.82,4451.96,4456.81
2026.01.07 22:00,4456.82,4459.37,4455.26,4458.25
2026.01.07 22:15,4458.18,4461.48,4455.96,4458.05
2026.01.07 22:30,4458.09,4460.37,4456.44,4456.77
2026.01.07 22:45,4456.59,4459.62,4450.46,4451.89
2026.01.07 23:00,4452.13,4454.48,4449.77,4453.87
2026.01.07 23:15,4453.88,4455.0,4451.72,4452.37
2026.01.07 23:30,4452.31,4454.29,4452.12,4453.12
2026.01.07 23:45,4453.11,4456.38,4452.63,4456.35
2026.01.08 01:00,4459.42,4462.57,4458.29,4459.54
2026.01.08 01:15,4459.58,4463.8,4459.01,4461.81
2026.01.08 01:30,4461.52,4462.69,4459.74,4461.49
2026.01.08 01:45,4461.47,4463.65,4459.7,4463.29
2026.01.08 02:00,4463.24,4465.84,4462.35,4465.52
2026.01.08 02:15,4465.58,4466.21,4453.9,4456.65
2026.01.08 02:30,4456.66,4458.71,4450.23,4451.42
2026.01.08 02:45,4451.27,4452.34,4446.66,4450.12
2026.01.08 03:00,4450.13,4460.15,4444.3,4457.23
2026.01.08 03:15,4457.28,4460.14,4454.02,4454.87
2026.01.08 03:30,4454.82,4457.32,4445.73,4447.35
2026.01.08 03:45,4447.39,4448.36,4441.65,4448.36
2026.01.08 04:00,4448.33,4449.5,4440.22,4446.39
2026.01.08 04:15,4446.39,4446.52,4440.83,4440.98
2026.01.08 04:30,4440.94,4442.65,4433.12,4441.82
2026.01.08 04:45,4441.84,4443.97,4437.34,4440.96
2026.01.08 05:00,4441.01,4445.52,4438.72,4442.41
2026.01.08 05:15,4442.41,4445.59,4437.17,4443.96
2026.01.08 05:30,4443.93,4446.25,4439.94,4441.96
2026.01.08 05:45,4441.92,4442.74,4438.05,4440.2
2026.01.08 06:00,4440.19,4440.24,4436.66,4440.06
2026.01.08 06:15,4440.05,4440.4,4436.39,4436.41
2026.01.08 06:30,4436.47,4438.66,4431.95,4431.99
2026.01.08 06:45,4432.0,4433.2,4430.08,4431.46
2026.01.08 07:00,4431.45,4432.18,4425.72,4427.14
2026.01.08 07:15,4427.09,4429.55,4422.79,4425.95
2026.01.08 07:30,4425.96,4426.72,4415.54,4418.5
2026.01.08 07:45,4418.52,4427.74,4415.63,4425.41
2026.01.08 08:00,4425.39,4429.34,4415.77,4420.82
2026.01.08 08:15,4420.8,4428.1,4418.33,4425.98
2026.01.08 08:30,4426.01,4437.68,4426.01,4435.7
2026.01.08 08:45,4435.71,4436.13,4429.58,4433.05
2026.01.08 09:00,4433.14,4439.53,4431.9,4435.74
2026.01.08 09:15,4435.75,4436.91,4430.73,4436.45
2026.01.08 09:30,4436.47,4436.67,4430.79,4431.37
2026.01.08 09:45,4431.12,4433.9,4428.34,4430.92
2026.01.08 10:00,4430.88,4433.23,4425.6,4425.73
2026.01.08 10:15,4425.6,4430.6,4425.26,4426.78
2026.01.08 10:30,4426.77,4428.66,4419.76,4421.02
2026.01.08 10:45,4421.18,4432.79,4420.82,4431.43
2026.01.08 11:00,4431.27,4435.31,4430.41,4430.76
2026.01.08 11:15,4430.81,4431.22,4425.97,4430.21
2026.01.08 11:30,4430.26,4434.73,4429.73,4433.13
2026.01.08 11:45,4433.16,4433.28,4429.03,4432.51
2026.01.08 12:00,4432.51,4432.56,4427.57,4429.19
2026.01.08 12:15,4429.14,4430.4,4422.72,4424.5
2026.01.08 12:30,4424.47,4434.83,4423.55,4432.5
2026.01.08 12:45,4432.5,4433.73,4429.65,4433.07
2026.01.08 13:00,4433.06,4433.06,4427.45,4428.23
2026.01.08 13:15,4428.13,4429.44,4424.6,4426.31
2026.01.08 13:30,4426.26,4428.06,4424.62,4426.35
2026.01.08 13:45,4426.34,4427.17,4422.08,4422.74
2026.01.08 14:00,4422.74,4422.93,4411.84,4412.16
2026.01.08 14:15,4412.07,4422.22,4407.52,4420.38
2026.01.08 14:30,4420.32,4431.25,4420.05,4428.83
2026.01.08 14:45,4428.85,4430.26,4426.21,4427.53
2026.01.08 15:00,4427.55,4429.45,4417.14,4420.37
2026.01.08 15:15,4420.27,4435.86,4420.27,4434.1
2026.01.08 15:30,4434.12,4435.38,4425.89,4433.18
2026.01.08 15:45,4433.19,4433.72,4421.56,4423.64
2026.01.08 16:00,4423.63,4427.79,4418.81,4423.23
2026.01.08 16:15,4423.24,4430.02,4419.3,4427.63
2026.01.08 16:30,4427.57,4435.28,4421.72,4426.01
2026.01.08 16:45,4425.94,4439.33,4425.81,4432.87
2026.01.08 17:00,4432.9,4448.98,4427.73,4447.83
2026.01.08 17:15,4447.69,4453.76,4443.21,4447.58
2026.01.08 17:30,4447.65,4455.28,4446.68,4452.95
2026.01.08 17:45,4453.07,4456.43,4447.45,4454.0
2026.01.08 18:00,4454.06,4457.8,4447.07,4447.17
2026.01.08 18:15,4447.16,4454.94,4446.83,4453.37
2026.01.08 18:30,4453.33,4464.3,4451.67,4460.58
2026.01.08 18:45,4460.6,4464.19,4457.52,4463.12
2026.01.08 19:00,4463.1,4465.37,4457.91,4459.81
2026.01.08 19:15,4459.78,4462.02,4457.42,4461.44
2026.01.08 19:30,4461.63,4463.48,4458.77,4461.21
2026.01.08 19:45,4461.23,4463.95,4459.02,4463.32
2026.01.08 20:00,4463.11,4463.11,4452.17,4453.77
2026.01.08 20:15,4453.77,4456.42,4449.19,4451.97
2026.01.08 20:30,4451.94,4453.43,4447.77,4451.98
2026.01.08 20:45,4452.03,4454.9,4449.24,4449.49
2026.01.08 21:00,4449.45,4451.18,4446.85,4447.18
2026.01.08 21:15,4447.3,4449.64,4444.53,4447.65
2026.01.08 21:30,4447.65,4452.7,4447.55,4451.57
2026.01.08 21:45,4451.51,4452.8,4449.57,4452.03
2026.01.08 22:00,4452.02,4458.81,4451.47,4458.06
2026.01.08 22:15,4458.07,4473.38,4457.3,4469.77
2026.01.08 22:30,4469.8,4477.91,4469.8,4473.47
2026.01.08 22:45,4473.41,4477.8,4471.84,4476.08
2026.01.08 23:00,4475.86,4479.45,4475.86,4477.77
2026.01.08 23:15,4477.78,4478.43,4472.49,4474.94
2026.01.08 23:30,4474.95,4475.64,4472.54,4474.12
2026.01.08 23:45,4474.03,4478.46,4473.49,4477.26
2026.01.09 01:00,4480.28,4483.71,4475.2,4476.74
2026.01.09 01:15,4476.72,4478.65,4474.95,4477.04
2026.01.09 01:30,4477.11,4477.32,4475.16,4475.65
2026.01.09 01:45,4475.65,4476.08,4472.53,4475.46
2026.01.09 02:00,4475.44,4476.64,4471.5,4471.51
2026.01.09 02:15,4471.52,4472.66,4463.4,4465.72
2026.01.09 02:30,4465.71,4468.54,4463.74,4467.58
2026.01.09 02:45,4467.59,4467.61,4459.63,4462.5
2026.01.09 03:00,4463.18,4465.53,4452.82,4459.05
2026.01.09 03:15,4459.0,4461.45,4452.76,4457.22
2026.01.09 03:30,4457.16,4463.09,4455.97,4462.33
2026.01.09 03:45,4462.25,4469.91,4462.2,4468.77
2026.01.09 04:00,4468.68,4476.27,4468.68,4471.6
2026.01.09 04:15,4471.7,4474.22,4469.85,4472.07
2026.01.09 04:30,4472.06,4475.32,4467.98,4473.01
2026.01.09 04:45,4473.03,4473.36,4465.44,4469.39
2026.01.09 05:00,4469.25,4469.84,4462.12,4464.15
2026.01.09 05:15,4464.17,4466.27,4460.91,4463.4
2026.01.09 05:30,4463.39,4465.29,4460.44,4463.77
2026.01.09 05:45,4463.85,4465.75,4463.59,4463.98
2026.01.09 06:00,4463.95,4465.51,4462.33,4462.46
2026.01.09 06:15,4462.48,4463.93,4460.67,4462.77
2026.01.09 06:30,4462.66,4464.72,4461.48,4463.17
2026.01.09 06:45,4463.16,4466.77,4461.9,4464.49
2026.01.09 07:00,4464.31,4466.62,4461.71,4462.99
2026.01.09 07:15,4462.96,4464.82,4458.12,4464.43
2026.01.09 07:30,4464.93,4471.49,4464.21,4467.35
2026.01.09 07:45,4467.53,4469.36,4465.39,4467.96
2026.01.09 08:00,4467.98,4470.86,4465.89,4467.06
2026.01.09 08:15,4467.04,4473.48,4466.03,4473.39
2026.01.09 08:30,4473.38,4475.58,4472.81,4475.07
2026.01.09 08:45,4475.08,4477.37,4472.56,4473.91
2026.01.09 09:00,4473.81,4475.27,4470.48,4471.19
2026.01.09 09:15,4471.18,4472.96,4468.59,4470.19
2026.01.09 09:30,4470.21,4472.75,4468.4,4471.43
2026.01.09 09:45,4471.45,4473.4,4469.23,4470.04
2026.01.09 10:00,4470.07,4476.68,4466.18,4474.15
2026.01.09 10:15,4474.16,4475.19,4472.19,4473.1
2026.01.09 10:30,4473.09,4473.73,4465.42,4466.62
2026.01.09 10:45,4466.64,4468.55,4463.93,4468.46
2026.01.09 11:00,4468.44,4474.9,4468.32,4474.64
2026.01.09 11:15,4474.61,4477.38,4473.03,4473.74
2026.01.09 11:30,4473.75,4474.91,4471.41,4471.48
2026.01.09 11:45,4471.63,4474.22,4470.57,4471.11
2026.01.09 12:00,4471.07,4474.04,4469.7,4471.82
2026.01.09 12:15,4471.79,4473.67,4468.85,4468.85
2026.01.09 12:30,4468.84,4472.25,4467.98,4469.11
2026.01.09 12:45,4469.1,4472.57,4466.91,4472.45
2026.01.09 13:00,4472.47,4474.56,4469.81,4471.99
2026.01.09 13:15,4472.01,4472.88,4470.43,4470.56
2026.01.09 13:30,4470.56,4471.87,4469.21,4470.55
2026.01.09 13:45,4470.52,4476.0,4468.6,4475.26
2026.01.09 14:00,4475.13,4480.45,4471.85,4474.09
2026.01.09 14:15,4474.22,4474.9,4467.02,4467.66
2026.01.09 14:30,4467.7,4468.64,4461.01,4465.95
2026.01.09 14:45,4465.94,4468.14,4463.57,4465.82
2026.01.09 15:00,4465.84,4473.54,4463.56,4467.37
2026.01.09 15:15,4467.39,4474.57,4462.04,4472.52
2026.01.09 15:30,4472.5,4491.67,4459.0,4486.65
2026.01.09 15:45,4486.69,4488.58,4478.8,4482.58
2026.01.09 16:00,4482.66,4496.23,4480.36,4489.22
2026.01.09 16:15,4489.45,4495.65,4483.5,4494.31
2026.01.09 16:30,4494.46,4498.0,4482.51,4487.78
2026.01.09 16:45,4487.27,4495.34,4478.89,4494.3
2026.01.09 17:00,4494.51,4500.22,4490.28,4496.35
2026.01.09 17:15,4496.41,4510.63,4493.3,4505.25
2026.01.09 17:30,4505.15,4516.94,4505.15,4514.2
2026.01.09 17:45,4514.14,4514.56,4508.31,4512.11
2026.01.09 18:00,4512.08,4514.09,4499.59,4502.94
2026.01.09 18:15,4502.96,4506.87,4500.2,4503.47
2026.01.09 18:30,4503.51,4506.78,4500.64,4504.56
2026.01.09 18:45,4504.5,4508.0,4501.7,4506.27
2026.01.09 19:00,4506.24,4511.36,4504.46,4508.66
2026.01.09 19:15,4508.63,4508.63,4501.77,4503.84
2026.01.09 19:30,4503.84,4509.87,4501.26,4501.87
2026.01.09 19:45,4501.82,4503.18,4481.97,4484.49
2026.01.09 20:00,4483.8,4493.26,4482.88,4492.73
2026.01.09 20:15,4492.65,4494.43,4489.62,4491.32
2026.01.09 20:30,4491.07,4504.46,4491.07,4502.14
2026.01.09 20:45,4502.24,4502.67,4495.13,4496.13
2026.01.09 21:00,4496.12,4497.95,4492.68,4496.92
2026.01.09 21:15,4496.94,4501.51,4496.53,4498.67
2026.01.09 21:30,4498.7,4500.19,4495.85,4496.59
2026.01.09 21:45,4496.6,4501.79,4496.6,4499.15
2026.01.09 22:00,4498.97,4506.89,4497.7,4506.64
2026.01.09 22:15,4506.66,4509.34,4503.23,4505.36
2026.01.09 22:30,4505.44,4505.88,4502.38,4503.87
2026.01.09 22:45,4503.94,4510.04,4503.71,4507.39
2026.01.09 23:00,4507.38,4508.54,4504.84,4508.03
2026.01.09 23:15,4508.09,4510.3,4507.33,4509.55
2026.01.09 23:30,4509.5,4511.28,4505.93,4510.29
2026.01.09 23:45,4510.35,4510.63,4508.05,4509.06
2026.01.12 01:00,4511.39,4530.41,4511.39,4529.84
2026.01.12 01:15,4529.82,4538.07,4528.91,4537.63
2026.01.12 01:30,4537.64,4544.88,4532.99,4542.16
2026.01.12 01:45,4542.13,4543.9,4538.21,4539.86
2026.01.12 02:00,4539.91,4554.19,4536.18,4553.48
2026.01.12 02:15,4553.31,4565.61,4550.85,4564.63
2026.01.12 02:30,4564.64,4593.92,4561.98,4591.35
2026.01.12 02:45,4591.24,4600.89,4588.13,4588.65
2026.01.12 03:00,4588.66,4594.5,4577.51,4581.39
2026.01.12 03:15,4581.44,4583.92,4573.7,4582.48
2026.01.12 03:30,4582.66,4584.04,4571.78,4573.52
2026.01.12 03:45,4573.41,4578.95,4569.91,4569.91
2026.01.12 04:00,4569.9,4574.73,4561.47,4566.64
2026.01.12 04:15,4566.69,4569.93,4564.03,4566.09
2026.01.12 04:30,4566.08,4579.05,4562.34,4578.81
2026.01.12 04:45,4578.81,4581.94,4573.52,4577.41
2026.01.12 05:00,4577.39,4580.41,4575.14,4578.5
2026.01.12 05:15,4578.48,4581.23,4576.32,4581.14
2026.01.12 05:30,4581.1,4581.29,4572.59,4572.83
2026.01.12 05:45,4572.84,4574.49,4567.52,4570.45
2026.01.12 06:00,4570.44,4571.09,4565.57,4568.68
2026.01.12 06:15,4568.74,4571.97,4567.45,4568.65
2026.01.12 06:30,4568.66,4569.98,4563.32,4567.81
2026.01.12 06:45,4567.87,4570.13,4566.19,4568.47
2026.01.12 07:00,4568.46,4571.93,4565.99,4570.03
2026.01.12 07:15,4570.0,4573.83,4569.52,4572.36
2026.01.12 07:30,4572.24,4582.81,4569.72,4581.54
2026.01.12 07:45,4581.69,4584.82,4578.62,4580.63
2026.01.12 08:00,4580.62,4580.62,4571.35,4572.41
2026.01.12 08:15,4572.52,4575.78,4569.69,4573.49
2026.01.12 08:30,4573.48,4576.24,4571.86,4574.32
2026.01.12 08:45,4574.32,4579.94,4573.85,4578.38
2026.01.12 09:00,4578.4,4584.02,4574.7,4583.37
2026.01.12 09:15,4583.37,4587.42,4578.81,4581.36
2026.01.12 09:30,4581.51,4585.22,4578.52,4583.67
2026.01.12 09:45,4583.68,4589.48,4583.14,4587.56
2026.01.12 10:00,4587.55,4589.19,4581.98,4583.27
2026.01.12 10:15,4583.25,4584.36,4579.22,4583.52
2026.01.12 10:30,4583.55,4589.38,4581.76,4585.5
2026.01.12 10:45,4585.51,4598.3,4585.1,4596.62
2026.01.12 11:00,4596.62,4597.56,4593.32,4596.88
2026.01.12 11:15,4596.87,4599.21,4594.03,4596.37
2026.01.12 11:30,4596.35,4596.86,4593.37,4595.23
2026.01.12 11:45,4595.26,4595.37,4587.6,4588.93
2026.01.12 12:00,4588.99,4593.26,4585.85,4592.02
2026.01.12 12:15,4591.98,4593.91,4588.71,4592.35
2026.01.12 12:30,4592.39,4594.46,4586.56,4589.65
2026.01.12 12:45,4589.64,4595.34,4589.45,4594.12
2026.01.12 13:00,4594.05,4594.87,4590.39,4590.85
2026.01.12 13:15,4590.89,4593.82,4583.82,4584.96
2026.01.12 13:30,4584.98,4591.99,4584.24,4591.92
2026.01.12 13:45,4591.99,4592.03,4581.69,4585.2
2026.01.12 14:00,4585.0,4586.62,4579.43,4581.99
2026.01.12 14:15,4581.99,4582.64,4578.31,4582.59
2026.01.12 14:30,4582.63,4586.74,4582.12,4586.08
2026.01.12 14:45,4586.07,4590.5,4585.37,4590.34
2026.01.12 15:00,4590.32,4609.32,4588.38,4606.43
2026.01.12 15:15,4606.54,4610.94,4604.25,4604.8
2026.01.12 15:30,4604.77,4613.08,4604.77,4608.89
2026.01.12 15:45,4608.91,4620.14,4607.77,4615.65
2026.01.12 16:00,4615.68,4616.97,4592.33,4596.25
2026.01.12 16:15,4596.21,4599.53,4584.95,4586.4
2026.01.12 16:30,4586.36,4611.22,4585.02,4604.04
2026.01.12 16:45,4604.0,4607.86,4597.24,4602.07
2026.01.12 17:00,4602.02,4619.15,4601.72,4617.34
2026.01.12 17:15,4617.37,4622.01,4610.17,4619.45
2026.01.12 17:30,4619.44,4627.43,4618.33,4623.52
2026.01.12 17:45,4623.36,4624.77,4617.83,4621.17
2026.01.12 18:00,4620.94,4629.66,4617.4,4628.94
2026.01.12 18:15,4628.96,4629.99,4619.6,4619.89
2026.01.12 18:30,4619.83,4623.15,4607.66,4612.19
2026.01.12 18:45,4612.14,4618.25,4611.92,4616.75
2026.01.12 19:00,4616.76,4618.26,4613.58,4615.26
2026.01.12 19:15,4615.27,4618.25,4611.88,4616.06
2026.01.12 19:30,4616.11,4616.78,4610.55,4613.12
2026.01.12 19:45,4613.17,4620.41,4613.04,4616.22
2026.01.12 20:00,4616.27,4618.37,4608.26,4608.26
2026.01.12 20:15,4608.28,4608.47,4600.54,4605.48
2026.01.12 20:30,4605.51,4610.71,4603.01,4605.77
2026.01.12 20:45,4605.84,4611.28,4603.62,4610.68
2026.01.12 21:00,4610.8,4614.6,4608.54,4613.72
2026.01.12 21:15,4613.8,4617.19,4612.54,4616.82
2026.01.12 21:30,4616.99,4618.75,4613.89,4616.27
2026.01.12 21:45,4616.2,4616.74,4609.16,4611.05
2026.01.12 22:00,4611.04,4611.55,4599.77,4602.95
2026.01.12 22:15,4602.95,4604.28,4599.59,4602.31
2026.01.12 22:30,4602.38,4604.53,4592.31,4592.59
2026.01.12 22:45,4592.75,4599.19,4591.34,4593.36
2026.01.12 23:00,4593.39,4596.89,4591.01,4592.64
2026.01.12 23:15,4592.58,4594.15,4590.8,4593.59
2026.01.12 23:30,4593.6,4594.98,4589.77,4590.16
2026.01.12 23:45,4590.23,4597.51,4589.19,4597.37
2026.01.13 01:00,4600.88,4607.75,4577.82,4578.9
2026.01.13 01:15,4578.43,4588.57,4578.17,4584.42
2026.01.13 01:30,4584.63,4589.93,4583.77,4585.91
2026.01.13 01:45,4585.93,4599.87,4585.91,4599.48
2026.01.13 02:00,4599.64,4599.67,4592.04,4592.6
2026.01.13 02:15,4592.66,4595.72,4588.0,4588.11
2026.01.13 02:30,4588.07,4590.6,4584.3,4586.18
2026.01.13 02:45,4586.16,4592.05,4586.16,4587.13
2026.01.13 03:00,4587.15,4595.56,4581.42,4592.29
2026.01.13 03:15,4592.33,4595.43,4581.22,4581.55
2026.01.13 03:30,4581.63,4587.12,4575.35,4583.05
2026.01.13 03:45,4583.04,4585.89,4577.5,4577.8
2026.01.13 04:00,4577.49,4590.31,4576.58,4586.48
2026.01.13 04:15,4586.48,4587.2,4583.56,4583.75
2026.01.13 04:30,4583.74,4590.05,4581.87,4589.06
2026.01.13 04:45,4588.97,4594.8,4588.88,4594.08
2026.01.13 05:00,4593.95,4599.42,4592.49,4597.62
2026.01.13 05:15,4597.63,4598.57,4594.73,4595.53
2026.01.13 05:30,4595.45,4597.89,4593.3,4593.73
2026.01.13 05:45,4593.76,4595.29,4592.4,4594.01
2026.01.13 06:00,4594.02,4597.77,4593.82,4597.51
2026.01.13 06:15,4597.48,4599.6,4596.47,4597.28
2026.01.13 06:30,4597.27,4599.65,4594.64,4598.69
2026.01.13 06:45,4598.71,4599.2,4595.95,4596.3
2026.01.13 07:00,4596.06,4598.31,4591.95,4594.38
2026.01.13 07:15,4594.4,4601.34,4594.27,4601.16
2026.01.13 07:30,4601.14,4601.88,4585.66,4594.17
2026.01.13 07:45,4593.98,4595.92,4590.9,4591.98
2026.01.13 08:00,4591.97,4592.38,4587.72,4590.08
2026.01.13 08:15,4590.19,4590.66,4582.3,4584.67
2026.01.13 08:30,4584.73,4585.83,4573.6,4575.78
2026.01.13 08:45,4575.75,4583.16,4575.28,4581.68
2026.01.13 09:00,4581.98,4585.26,4579.01,4584.74
2026.01.13 09:15,4584.75,4584.84,4578.72,4583.84
2026.01.13 09:30,4583.85,4586.91,4579.57,4580.28
2026.01.13 09:45,4580.24,4582.34,4577.45,4580.56
2026.01.13 10:00,4580.47,4591.48,4579.62,4587.68
2026.01.13 10:15,4587.68,4592.56,4584.8,4589.92
2026.01.13 10:30,4590.06,4597.11,4589.15,4593.4
2026.01.13 10:45,4593.42,4595.21,4591.69,4592.6
2026.01.13 11:00,4592.58,4595.45,4589.44,4593.82
2026.01.13 11:15,4593.76,4594.8,4587.84,4588.96
2026.01.13 11:30,4588.96,4591.9,4586.47,4590.63
2026.01.13 11:45,4590.58,4590.86,4585.45,4585.97
2026.01.13 12:00,4586.01,4586.8,4580.27,4583.39
2026.01.13 12:15,4583.36,4586.13,4580.81,4584.51
2026.01.13 12:30,4584.47,4588.14,4581.62,4586.99
2026.01.13 12:45,4587.02,4587.09,4584.65,4586.21
2026.01.13 13:00,4586.27,4588.83,4584.73,4584.74
2026.01.13 13:15,4584.72,4588.89,4582.07,4586.67
2026.01.13 13:30,4586.65,4589.63,4584.88,4589.63
2026.01.13 13:45,4589.6,4591.92,4586.19,4588.46
2026.01.13 14:00,4588.52,4589.08,4583.15,4583.43
2026.01.13 14:15,4583.44,4584.56,4577.67,4580.42
2026.01.13 14:30,4580.41,4586.09,4579.24,4585.73
2026.01.13 14:45,4585.72,4595.04,4585.42,4593.08
2026.01.13 15:00,4593.07,4606.04,4590.39,4602.56
2026.01.13 15:15,4602.58,4606.18,4599.41,4600.88
2026.01.13 15:30,4600.81,4620.21,4600.81,4617.74
2026.01.13 15:45,4617.73,4620.72,4606.92,4611.41
2026.01.13 16:00,4611.25,4618.92,4608.96,4618.65
2026.01.13 16:15,4618.67,4623.39,4614.46,4618.1
2026.01.13 16:30,4618.08,4625.79,4611.56,4625.63
2026.01.13 16:45,4625.62,4634.41,4622.85,4629.63
2026.01.13 17:00,4629.71,4629.96,4614.07,4621.35
2026.01.13 17:15,4621.32,4623.17,4600.57,4608.65
2026.01.13 17:30,4608.76,4616.19,4605.14,4614.64
2026.01.13 17:45,4614.39,4620.43,4612.77,4618.99
2026.01.13 18:00,4618.96,4620.59,4606.58,4612.32
2026.01.13 18:15,4612.31,4612.71,4592.97,4598.49
2026.01.13 18:30,4598.35,4609.23,4596.58,4608.67
2026.01.13 18:45,4608.61,4613.76,4607.26,4613.27
2026.01.13 19:00,4613.17,4615.84,4606.4,4608.31
2026.01.13 19:15,4608.29,4612.41,4606.27,4609.63
2026.01.13 19:30,4609.57,4611.85,4603.01,4604.54
2026.01.13 19:45,4604.43,4607.0,4586.62,4590.29
2026.01.13 20:00,4590.2,4594.27,4585.86,4594.18
2026.01.13 20:15,4594.2,4594.88,4580.95,4591.55
2026.01.13 20:30,4591.51,4600.65,4589.8,4600.18
2026.01.13 20:45,4600.19,4601.79,4593.89,4593.97
2026.01.13 21:00,4594.0,4595.77,4584.18,4595.52
2026.01.13 21:15,4595.54,4597.13,4584.61,4593.29
2026.01.13 21:30,4593.24,4598.88,4592.49,4595.98
2026.01.13 21:45,4596.03,4598.91,4590.58,4597.39
2026.01.13 22:00,4597.41,4597.72,4590.22,4592.82
2026.01.13 22:15,4592.72,4595.15,4587.72,4588.87
2026.01.13 22:30,4588.8,4589.16,4569.74,4584.96
2026.01.13 22:45,4585.0,4589.15,4582.15,4585.98
2026.01.13 23:00,4585.98,4589.37,4583.43,4583.46
2026.01.13 23:15,4583.47,4589.45,4582.74,4587.87
2026.01.13 23:30,4587.85,4589.51,4585.44,4589.04
2026.01.13 23:45,4589.05,4589.78,4585.91,4586.33
2026.01.14 01:00,4588.31,4595.74,4588.14,4595.74
2026.01.14 01:15,4595.83,4597.74,4593.05,4597.07
2026.01.14 01:30,4597.05,4597.13,4593.11,4594.27
2026.01.14 01:45,4594.24,4598.69,4593.67,4596.9
2026.01.14 02:00,4596.89,4607.65,4596.89,4604.99
2026.01.14 02:15,4605.0,4610.56,4602.85,4609.52
2026.01.14 02:30,4609.56,4610.52,4606.77,4608.45
2026.01.14 02:45,4608.47,4610.36,4604.62,4608.98
2026.01.14 03:00,4609.07,4616.78,4605.93,4615.18
2026.01.14 03:15,4615.21,4618.26,4611.78,4614.38
2026.01.14 03:30,4614.36,4618.6,4613.33,4614.53
2026.01.14 03:45,4614.67,4619.91,4613.4,4619.06
2026.01.14 04:00,4619.15,4620.65,4614.12,4618.11
2026.01.14 04:15,4618.16,4621.22,4616.5,4619.87
2026.01.14 04:30,4619.9,4622.53,4617.9,4621.21
2026.01.14 04:45,4621.17,4623.52,4618.1,4620.37
2026.01.14 05:00,4620.36,4622.63,4617.45,4618.02
2026.01.14 05:15,4618.09,4621.44,4613.25,4614.94
2026.01.14 05:30,4614.97,4625.37,4614.78,4623.87
2026.01.14 05:45,4623.86,4629.66,4622.97,4627.93
2026.01.14 06:00,4628.03,4629.87,4626.73,4627.39
2026.01.14 06:15,4627.38,4629.94,4625.14,4626.41
2026.01.14 06:30,4626.37,4629.7,4625.34,4627.85
2026.01.14 06:45,4627.86,4630.39,4626.82,4629.27
2026.01.14 07:00,4629.25,4639.46,4629.25,4633.85
2026.01.14 07:15,4633.83,4635.42,4630.74,4634.01
2026.01.14 07:30,4633.87,4639.55,4631.75,4636.21
2026.01.14 07:45,4636.18,4639.46,4617.56,4619.41
2026.01.14 08:00,4619.46,4634.96,4618.18,4633.26
2026.01.14 08:15,4633.24,4635.11,4630.78,4632.8
2026.01.14 08:30,4632.81,4633.18,4625.9,4630.41
2026.01.14 08:45,4630.37,4637.05,4630.36,4637.05
2026.01.14 09:00,4637.04,4638.26,4631.46,4632.79
2026.01.14 09:15,4632.78,4639.47,4631.97,4637.01
2026.01.14 09:30,4636.93,4638.36,4633.78,4636.54
2026.01.14 09:45,4636.54,4637.49,4632.3,4632.37
2026.01.14 10:00,4632.38,4634.03,4623.46,4627.32
2026.01.14 10:15,4627.34,4628.63,4621.77,4625.06
2026.01.14 10:30,4625.01,4632.64,4624.44,4632.34
2026.01.14 10:45,4632.35,4637.83,4631.61,4634.86
2026.01.14 11:00,4634.86,4639.11,4633.15,4638.25
2026.01.14 11:15,4638.24,4639.46,4636.22,4637.26
2026.01.14 11:30,4637.28,4637.51,4626.96,4627.44
2026.01.14 11:45,4627.4,4631.51,4626.88,4630.31
2026.01.14 12:00,4630.33,4632.24,4627.61,4631.41
2026.01.14 12:15,4631.79,4636.8,4631.78,4634.75
2026.01.14 12:30,4634.7,4638.1,4632.08,4635.6
2026.01.14 12:45,4635.62,4636.42,4631.08,4632.93
2026.01.14 13:00,4632.94,4636.36,4630.2,4635.26
2026.01.14 13:15,4635.38,4637.3,4628.92,4629.96
2026.01.14 13:30,4630.02,4632.61,4627.27,4630.54
2026.01.14 13:45,4630.52,4631.42,4625.86,4630.2
2026.01.14 14:00,4630.36,4638.4,4630.13,4635.75
2026.01.14 14:15,4635.62,4638.88,4633.83,4636.13
2026.01.14 14:30,4636.04,4638.18,4633.88,4634.49
2026.01.14 14:45,4634.41,4641.63,4633.6,4638.48
2026.01.14 15:00,4638.55,4641.39,4627.29,4628.41
2026.01.14 15:15,4628.45,4635.13,4627.41,4631.74
2026.01.14 15:30,4631.91,4637.14,4624.27,4636.71
2026.01.14 15:45,4636.7,4636.88,4629.42,4635.6
2026.01.14 16:00,4635.71,4638.81,4629.6,4634.11
2026.01.14 16:15,4634.18,4637.95,4631.04,4635.22
2026.01.14 16:30,4635.26,4635.26,4614.12,4618.75
2026.01.14 16:45,4618.66,4620.59,4606.81,4617.48
2026.01.14 17:00,4617.43,4617.43,4599.35,4615.55
2026.01.14 17:15,4615.53,4626.4,4614.21,4615.35
2026.01.14 17:30,4615.34,4621.74,4609.71,4613.12
2026.01.14 17:45,4612.92,4619.23,4610.48,4617.77
2026.01.14 18:00,4617.83,4621.41,4614.84,4617.83
2026.01.14 18:15,4617.73,4624.64,4616.3,4621.66
2026.01.14 18:30,4621.49,4623.07,4613.68,4615.53
2026.01.14 18:45,4615.47,4617.27,4608.5,4616.83
2026.01.14 19:00,4616.85,4618.98,4609.73,4615.52
2026.01.14 19:15,4615.68,4615.68,4605.39,4611.36
2026.01.14 19:30,4611.35,4611.94,4601.05,4604.12
2026.01.14 19:45,4604.19,4616.47,4603.83,4614.16
2026.01.14 20:00,4613.7,4623.55,4612.68,4623.55
2026.01.14 20:15,4623.51,4629.8,4622.44,4628.04
2026.01.14 20:30,4627.98,4633.35,4627.86,4631.2
2026.01.14 20:45,4631.19,4637.14,4629.85,4634.97
2026.01.14 21:00,4634.98,4642.77,4633.17,4636.81
2026.01.14 21:15,4637.07,4640.05,4634.01,4634.98
2026.01.14 21:30,4634.84,4640.45,4634.44,4639.74
2026.01.14 21:45,4639.79,4641.26,4635.59,4638.97
2026.01.14 22:00,4638.96,4641.36,4626.02,4636.15
2026.01.14 22:15,4636.16,4637.78,4630.75,4634.18
2026.01.14 22:30,4634.13,4635.37,4625.82,4625.92
2026.01.14 22:45,4625.66,4633.02,4625.66,4632.45
2026.01.14 23:00,4632.5,4632.83,4624.33,4624.33
2026.01.14 23:15,4624.25,4626.87,4620.84,4622.16
2026.01.14 23:30,4622.12,4623.15,4617.66,4620.98
2026.01.14 23:45,4621.0,4628.74,4619.74,4626.44
2026.01.15 01:00,4630.28,4632.63,4612.13,4616.51
2026.01.15 01:15,4616.35,4618.21,4605.26,4608.86
2026.01.15 01:30,4608.8,4612.9,4602.65,4606.24
2026.01.15 01:45,4606.25,4616.08,4606.24,4615.19
2026.01.15 02:00,4615.16,4617.73,4611.4,4616.44
2026.01.15 02:15,4616.44,4617.95,4613.94,4616.5
2026.01.15 02:30,4616.51,4617.89,4613.33,4613.77
2026.01.15 02:45,4613.74,4617.48,4610.12,4615.03
2026.01.15 03:00,4615.07,4617.32,4606.5,4608.97
2026.01.15 03:15,4608.95,4609.91,4596.85,4600.49
2026.01.15 03:30,4600.53,4603.05,4583.49,4602.55
2026.01.15 03:45,4602.59,4607.01,4597.09,4599.89
2026.01.15 04:00,4599.86,4614.37,4597.48,4613.82
2026.01.15 04:15,4613.77,4614.46,4607.15,4610.89
2026.01.15 04:30,4610.89,4614.5,4604.24,4607.33
2026.01.15 04:45,4607.25,4607.43,4595.23,4602.74
2026.01.15 05:00,4602.7,4604.08,4589.43,4591.27
2026.01.15 05:15,4591.21,4594.55,4581.05,4585.13
2026.01.15 05:30,4584.95,4597.29,4580.96,4596.41
2026.01.15 05:45,4596.39,4596.46,4589.16,4592.2
2026.01.15 06:00,4592.14,4594.46,4586.78,4593.72
2026.01.15 06:15,4593.6,4597.2,4590.5,4593.81
2026.01.15 06:30,4593.75,4595.73,4589.26,4590.91
2026.01.15 06:45,4590.86,4595.51,4589.89,4592.06
2026.01.15 07:00,4592.08,4592.34,4587.16,4587.27
2026.01.15 07:15,4587.26,4592.93,4580.99,4592.93
2026.01.15 07:30,4593.02,4593.68,4581.26,4589.71
2026.01.15 07:45,4589.68,4598.71,4587.44,4595.08
2026.01.15 08:00,4595.15,4608.61,4593.51,4605.18
2026.01.15 08:15,4605.24,4609.89,4603.64,4603.84
2026.01.15 08:30,4603.83,4607.74,4600.19,4605.45
2026.01.15 08:45,4605.43,4611.73,4603.39,4610.0
2026.01.15 09:00,4610.01,4610.76,4605.66,4609.25
2026.01.15 09:15,4609.23,4613.38,4608.42,4610.09
2026.01.15 09:30,4610.08,4611.02,4601.65,4603.94
2026.01.15 09:45,4603.93,4604.32,4599.06,4601.62
2026.01.15 10:00,4601.48,4604.64,4597.67,4603.72
2026.01.15 10:15,4603.67,4606.17,4600.34,4602.06
2026.01.15 10:30,4602.38,4607.02,4598.93,4606.19
2026.01.15 10:45,4606.2,4606.53,4601.09,4604.14
2026.01.15 11:00,4604.15,4604.67,4600.61,4603.83
2026.01.15 11:15,4604.06,4605.28,4601.76,4604.45
2026.01.15 11:30,4604.49,4611.05,4602.6,4609.27
2026.01.15 11:45,4609.29,4612.99,4607.83,4612.48
2026.01.15 12:00,4612.43,4614.03,4609.21,4612.45
2026.01.15 12:15,4612.46,4615.53,4611.18,4611.85
2026.01.15 12:30,4611.95,4619.29,4610.45,4617.86
2026.01.15 12:45,4617.88,4620.27,4617.01,4619.78
2026.01.15 13:00,4619.77,4621.35,4618.46,4618.85
2026.01.15 13:15,4618.86,4620.49,4617.28,4619.04
2026.01.15 13:30,4619.09,4623.01,4617.68,4617.83
2026.01.15 13:45,4617.88,4620.25,4615.41,4619.01
2026.01.15 14:00,4619.01,4620.67,4614.52,4614.79
2026.01.15 14:15,4614.8,4618.63,4613.78,4616.48
2026.01.15 14:30,4616.51,4618.4,4615.23,4616.99
2026.01.15 14:45,4617.0,4617.38,4611.52,4613.86
2026.01.15 15:00,4613.82,4615.94,4609.56,4611.53
2026.01.15 15:15,4611.43,4613.93,4602.54,4605.5
2026.01.15 15:30,4605.43,4605.43,4588.2,4589.88
2026.01.15 15:45,4589.77,4594.14,4582.21,4588.13
2026.01.15 16:00,4588.14,4599.82,4583.13,4599.72
2026.01.15 16:15,4599.69,4606.62,4596.27,4602.68
2026.01.15 16:30,4602.79,4611.87,4601.61,4602.61
2026.01.15 16:45,4602.56,4614.99,4600.28,4610.91
2026.01.15 17:00,4610.71,4614.86,4603.69,4613.24
2026.01.15 17:15,4613.27,4617.85,4612.15,4616.39
2026.01.15 17:30,4616.26,4617.35,4609.33,4611.46
2026.01.15 17:45,4611.4,4616.93,4609.76,4615.29
2026.01.15 18:00,4615.26,4623.24,4608.51,4621.96
2026.01.15 18:15,4621.97,4624.7,4611.26,4611.36
2026.01.15 18:30,4611.37,4613.12,4604.28,4607.07
2026.01.15 18:45,4607.07,4607.07,4601.09,4605.43
2026.01.15 19:00,4605.48,4611.0,4605.42,4609.56
2026.01.15 19:15,4609.49,4613.57,4607.55,4610.67
2026.01.15 19:30,4610.64,4616.4,4610.11,4614.33
2026.01.15 19:45,4614.31,4616.73,4613.47,4616.39
2026.01.15 20:00,4616.36,4620.14,4616.23,4617.72
2026.01.15 20:15,4617.74,4621.07,4617.16,4619.29
2026.01.15 20:30,4618.63,4618.63,4613.38,4615.4
2026.01.15 20:45,4615.41,4619.56,4615.28,4617.42
2026.01.15 21:00,4617.44,4621.33,4617.31,4618.83
2026.01.15 21:15,4618.81,4620.42,4617.46,4618.0
2026.01.15 21:30,4618.03,4619.01,4615.05,4616.75
2026.01.15 21:45,4616.74,4617.04,4612.61,4615.77
2026.01.15 22:00,4615.78,4616.18,4603.98,4605.61
2026.01.15 22:15,4605.56,4608.59,4600.58,4604.78
2026.01.15 22:30,4604.8,4609.16,4603.59,4607.96
2026.01.15 22:45,4607.97,4609.1,4603.37,4605.62
2026.01.15 23:00,4605.67,4611.99,4604.27,4611.96
2026.01.15 23:15,4611.95,4615.52,4611.14,4614.12
2026.01.15 23:30,4614.13,4615.58,4613.45,4615.5
2026.01.15 23:45,4615.5,4616.19,4613.5,4615.78
2026.01.16 01:00,4616.58,4620.68,4613.5,4613.86
2026.01.16 01:15,4614.02,4614.9,4608.56,4608.86
2026.01.16 01:30,4608.75,4611.01,4606.85,4608.09
2026.01.16 01:45,4607.83,4610.72,4606.25,4610.12
2026.01.16 02:00,4610.1,4610.23,4603.16,4605.67
2026.01.16 02:15,4605.7,4611.32,4605.24,4607.43
2026.01.16 02:30,4607.5,4607.9,4600.81,4601.21
2026.01.16 02:45,4601.17,4602.0,4598.24,4599.76
2026.01.16 03:00,4599.73,4604.9,4593.68,4603.65
2026.01.16 03:15,4603.73,4607.14,4599.78,4605.91
2026.01.16 03:30,4605.94,4608.39,4601.37,4604.97
2026.01.16 03:45,4604.98,4605.31,4599.03,4600.49
2026.01.16 04:00,4600.49,4603.7,4597.29,4597.98
2026.01.16 04:15,4598.02,4604.42,4596.6,4599.9
2026.01.16 04:30,4599.83,4600.78,4591.06,4595.76
2026.01.16 04:45,4595.74,4598.31,4591.76,4594.85
2026.01.16 05:00,4594.86,4599.27,4594.26,4598.34
2026.01.16 05:15,4598.48,4599.57,4594.98,4595.32
2026.01.16 05:30,4595.28,4597.17,4592.65,4596.12
2026.01.16 05:45,4596.14,4597.34,4595.04,4596.17
2026.01.16 06:00,4596.1,4599.44,4595.91,4598.51
2026.01.16 06:15,4598.46,4601.15,4598.08,4598.46
2026.01.16 06:30,4598.45,4600.8,4597.14,4599.73
2026.01.16 06:45,4599.75,4601.88,4598.8,4601.07
2026.01.16 07:00,4601.12,4601.36,4595.14,4596.47
2026.01.16 07:15,4596.45,4601.62,4595.32,4601.23
2026.01.16 07:30,4601.14,4606.63,4596.27,4606.63
2026.01.16 07:45,4606.67,4616.11,4606.4,4611.3
2026.01.16 08:00,4611.28,4612.14,4603.91,4604.68
2026.01.16 08:15,4604.68,4608.91,4603.53,4604.38
2026.01.16 08:30,4604.42,4607.84,4595.66,4595.91
2026.01.16 08:45,4595.7,4599.06,4594.02,4597.86
2026.01.16 09:00,4597.8,4611.82,4596.65,4609.82
2026.01.16 09:15,4609.82,4609.82,4604.88,4605.84
2026.01.16 09:30,4605.82,4611.86,4600.81,4602.86
2026.01.16 09:45,4602.85,4609.47,4601.84,4607.4
2026.01.16 10:00,4607.41,4610.4,4604.68,4604.76
2026.01.16 10:15,4604.78,4610.52,4604.47,4607.21
2026.01.16 10:30,4607.14,4608.82,4601.84,4602.06
2026.01.16 10:45,4602.05,4607.36,4601.13,4603.18
2026.01.16 11:00,4603.19,4608.31,4602.22,4604.69
2026.01.16 11:15,4604.72,4604.86,4599.49,4601.0
2026.01.16 11:30,4601.0,4603.41,4598.74,4603.33
2026.01.16 11:45,4603.21,4603.35,4600.21,4600.65
2026.01.16 12:00,4600.57,4607.79,4600.46,4606.87
2026.01.16 12:15,4606.85,4611.0,4606.72,4607.34
2026.01.16 12:30,4607.3,4609.21,4606.65,4607.32
2026.01.16 12:45,4607.3,4608.53,4599.58,4600.03
2026.01.16 13:00,4600.05,4606.54,4598.42,4606.32
2026.01.16 13:15,4606.33,4611.36,4605.27,4611.02
2026.01.16 13:30,4611.03,4615.7,4609.45,4615.29
2026.01.16 13:45,4615.29,4615.87,4612.26,4612.39
2026.01.16 14:00,4612.43,4612.61,4609.17,4610.73
2026.01.16 14:15,4610.74,4612.81,4604.55,4606.25
2026.01.16 14:30,4606.29,4606.58,4602.08,4603.17
2026.01.16 14:45,4603.18,4605.01,4597.56,4601.76
2026.01.16 15:00,4601.67,4605.38,4594.39,4596.02
2026.01.16 15:15,4596.09,4597.5,4582.25,4587.15
2026.01.16 15:30,4587.2,4601.13,4585.43,4599.41
2026.01.16 15:45,4599.47,4602.83,4596.92,4601.76
2026.01.16 16:00,4601.79,4608.54,4598.22,4606.85
2026.01.16 16:15,4607.02,4609.25,4598.15,4598.97
2026.01.16 16:30,4598.93,4611.43,4595.94,4608.59
2026.01.16 16:45,4608.57,4614.48,4607.13,4607.64
2026.01.16 17:00,4607.56,4620.03,4607.44,4615.78
2026.01.16 17:15,4615.79,4617.36,4564.62,4565.12
2026.01.16 17:30,4564.77,4570.25,4536.41,4555.41
2026.01.16 17:45,4555.42,4575.37,4555.42,4570.92
2026.01.16 18:00,4570.88,4592.94,4567.45,4592.7
2026.01.16 18:15,4592.95,4596.35,4584.2,4591.6
2026.01.16 18:30,4591.87,4598.89,4587.88,4596.05
2026.01.16 18:45,4596.07,4597.17,4581.86,4591.09
2026.01.16 19:00,4591.19,4593.03,4585.02,4590.52
2026.01.16 19:15,4590.42,4590.6,4576.59,4578.46
2026.01.16 19:30,4578.52,4586.58,4576.88,4580.54
2026.01.16 19:45,4580.54,4583.5,4578.61,4581.23
2026.01.16 20:00,4580.94,4588.89,4579.86,4584.35
2026.01.16 20:15,4584.31,4591.5,4581.64,4589.87
2026.01.16 20:30,4589.88,4595.86,4588.35,4595.12
2026.01.16 20:45,4595.25,4595.7,4582.08,4582.48
2026.01.16 21:00,4582.43,4588.15,4580.82,4583.78
2026.01.16 21:15,4583.68,4586.05,4580.84,4583.91
2026.01.16 21:30,4583.83,4591.57,4583.77,4589.12
2026.01.16 21:45,4589.15,4592.23,4588.29,4590.38
2026.01.16 22:00,4590.36,4595.7,4588.7,4592.88
2026.01.16 22:15,4592.78,4593.0,4587.43,4588.09
2026.01.16 22:30,4588.06,4588.06,4580.63,4584.09
2026.01.16 22:45,4584.08,4588.95,4581.41,4581.78
2026.01.16 23:00,4581.81,4586.66,4581.81,4586.52
2026.01.16 23:15,4586.52,4598.2,4586.21,4592.22
2026.01.16 23:30,4592.21,4595.74,4591.54,4594.39
2026.01.16 23:45,4594.38,4596.62,4594.09,4596.51
2026.01.19 01:00,4628.59,4662.22,4620.04,4654.05
2026.01.19 01:15,4653.74,4683.65,4653.67,4678.46
2026.01.19 01:30,4678.43,4690.42,4663.71,4671.87
2026.01.19 01:45,4671.87,4677.24,4663.83,4672.46
2026.01.19 02:00,4672.47,4675.87,4665.06,4665.37
2026.01.19 02:15,4665.39,4678.6,4661.35,4675.49
2026.01.19 02:30,4675.52,4681.75,4673.2,4677.4
2026.01.19 02:45,4677.47,4678.78,4671.67,4675.03
2026.01.19 03:00,4675.17,4678.47,4661.6,4662.97
2026.01.19 03:15,4662.9,4669.49,4656.07,4661.96
2026.01.19 03:30,4661.98,4664.31,4656.06,4662.29
2026.01.19 03:45,4662.31,4667.49,4656.88,4657.03
2026.01.19 04:00,4657.01,4664.81,4653.06,4658.98
2026.01.19 04:15,4658.97,4662.1,4656.73,4660.0
2026.01.19 04:30,4660.0,4663.64,4656.51,4658.38
2026.01.19 04:45,4658.38,4664.32,4654.87,4662.28
2026.01.19 05:00,4662.23,4669.37,4662.23,4668.72
2026.01.19 05:15,4668.6,4669.59,4663.7,4664.37
2026.01.19 05:30,4664.38,4665.69,4661.73,4662.61
2026.01.19 05:45,4662.56,4663.28,4657.99,4658.22
2026.01.19 06:00,4658.31,4662.25,4657.96,4662.21
2026.01.19 06:15,4662.25,4664.92,4660.54,4662.23
2026.01.19 06:30,4662.2,4663.03,4659.24,4661.55
2026.01.19 06:45,4661.55,4665.91,4661.09,4663.13
2026.01.19 07:00,4663.12,4671.35,4662.99,4669.4
2026.01.19 07:15,4669.38,4672.29,4668.67,4669.04
2026.01.19 07:30,4668.99,4674.32,4663.56,4664.08
2026.01.19 07:45,4664.06,4672.0,4663.93,4669.83
2026.01.19 08:00,4669.84,4670.42,4666.58,4669.15
2026.01.19 08:15,4669.16,4672.47,4668.38,4669.73
2026.01.19 08:30,4669.75,4676.41,4669.66,4672.23
2026.01.19 08:45,4672.26,4679.05,4672.26,4677.75
2026.01.19 09:00,4677.76,4678.68,4668.03,4669.69
2026.01.19 09:15,4669.64,4669.99,4663.52,4667.29
2026.01.19 09:30,4667.31,4669.47,4664.47,4664.5
2026.01.19 09:45,4664.54,4666.2,4661.66,4665.02
2026.01.19 10:00,4664.79,4673.63,4663.72,4669.17
2026.01.19 10:15,4669.1,4670.88,4666.93,4669.13
2026.01.19 10:30,4669.15,4670.69,4666.47,4667.64
2026.01.19 10:45,4667.66,4669.02,4661.5,4663.36
2026.01.19 11:00,4663.4,4671.45,4661.87,4670.7
2026.01.19 11:15,4670.72,4672.84,4665.96,4666.4
2026.01.19 11:30,4666.43,4670.32,4664.81,4669.43
2026.01.19 11:45,4669.47,4669.72,4667.06,4668.32
2026.01.19 12:00,4668.28,4670.28,4666.61,4670.24
2026.01.19 12:15,4670.52,4671.21,4665.34,4665.6
2026.01.19 12:30,4665.5,4666.86,4661.08,4661.45
2026.01.19 12:45,4661.48,4666.74,4661.42,4663.56
2026.01.19 13:00,4663.59,4666.49,4661.77,4664.2
2026.01.19 13:15,4664.28,4667.03,4661.64,4666.8
2026.01.19 13:30,4666.78,4667.35,4659.94,4664.73
2026.01.19 13:45,4664.74,4665.98,4659.6,4660.45
2026.01.19 14:00,4660.47,4666.23,4659.97,4665.75
2026.01.19 14:15,4665.77,4672.09,4665.71,4670.88
2026.01.19 14:30,4670.84,4673.68,4669.87,4671.48
2026.01.19 14:45,4671.51,4672.67,4667.85,4671.77
2026.01.19 15:00,4671.55,4673.3,4668.39,4670.21
2026.01.19 15:15,4670.2,4671.88,4668.54,4671.6
2026.01.19 15:30,4671.68,4673.59,4666.34,4668.25
2026.01.19 15:45,4668.25,4669.24,4664.26,4665.99
2026.01.19 16:00,4665.98,4666.65,4661.41,4664.78
2026.01.19 16:15,4664.77,4668.31,4663.16,4667.94
2026.01.19 16:30,4667.88,4670.25,4663.79,4667.04
2026.01.19 16:45,4667.03,4668.72,4665.3,4666.4
2026.01.19 17:00,4666.54,4670.71,4664.45,4668.0
2026.01.19 17:15,4668.05,4668.67,4664.08,4666.57
2026.01.19 17:30,4666.55,4671.04,4665.84,4670.19
2026.01.19 17:45,4670.16,4675.96,4669.53,4674.24
2026.01.19 18:00,4674.26,4675.42,4671.16,4672.29
2026.01.19 18:15,4672.3,4672.67,4670.25,4671.52
2026.01.19 18:30,4671.56,4673.59,4670.37,4673.09
2026.01.19 18:45,4673.06,4673.54,4671.46,4672.03
2026.01.19 19:00,4672.02,4672.9,4670.35,4670.76
2026.01.19 19:15,4670.64,4671.29,4669.03,4670.75
2026.01.19 19:30,4670.8,4676.09,4670.8,4676.04
2026.01.19 19:45,4676.05,4678.68,4674.09,4676.06
2026.01.19 20:00,4676.05,4676.05,4673.59,4675.29
2026.01.19 20:15,4675.31,4680.12,4674.98,4678.22
2026.01.19 20:30,4678.27,4678.87,4675.02,4677.51
2026.01.19 20:45,4677.55,4677.99,4675.11,4676.38
2026.01.19 21:00,4676.37,4676.5,4671.71,4671.82
2026.01.19 21:15,4671.8,4672.34,4667.97,4669.99
2026.01.20 01:00,4672.16,4676.78,4666.05,4670.47
2026.01.20 01:15,4670.48,4672.07,4664.53,4666.1
2026.01.20 01:30,4666.17,4668.67,4664.22,4665.99
2026.01.20 01:45,4666.0,4666.76,4664.8,4665.18
2026.01.20 02:00,4665.2,4667.8,4663.96,4667.8
2026.01.20 02:15,4667.79,4667.87,4659.37,4659.61
2026.01.20 02:30,4659.52,4666.34,4659.52,4663.07
2026.01.20 02:45,4662.99,4664.02,4660.19,4660.21
2026.01.20 03:00,4660.22,4673.43,4659.74,4670.14
2026.01.20 03:15,4670.16,4672.26,4665.91,4670.83
2026.01.20 03:30,4670.78,4675.98,4670.78,4673.04
2026.01.20 03:45,4673.08,4674.69,4665.66,4669.59
2026.01.20 04:00,4669.58,4671.93,4665.35,4666.02
2026.01.20 04:15,4665.96,4673.43,4665.52,4671.96
2026.01.20 04:30,4671.98,4674.75,4670.13,4674.01
2026.01.20 04:45,4673.99,4674.15,4666.66,4668.66
2026.01.20 05:00,4668.69,4671.36,4665.95,4671.36
2026.01.20 05:15,4671.49,4674.05,4670.96,4673.12
2026.01.20 05:30,4673.05,4678.79,4672.62,4676.72
2026.01.20 05:45,4676.77,4681.4,4676.75,4680.05
2026.01.20 06:00,4680.04,4682.4,4679.43,4680.32
2026.01.20 06:15,4680.29,4686.92,4680.29,4685.8
2026.01.20 06:30,4685.67,4693.27,4684.28,4689.55
2026.01.20 06:45,4689.53,4696.94,4688.69,4695.02
2026.01.20 07:00,4695.01,4701.29,4694.48,4699.37
2026.01.20 07:15,4699.35,4700.42,4694.62,4695.75
2026.01.20 07:30,4695.71,4706.17,4694.13,4704.94
2026.01.20 07:45,4704.97,4716.52,4704.75,4714.34
2026.01.20 08:00,4714.38,4717.13,4707.26,4713.07
2026.01.20 08:15,4713.22,4715.43,4709.37,4712.3
2026.01.20 08:30,4712.31,4714.95,4705.38,4710.6
2026.01.20 08:45,4710.67,4715.32,4709.19,4712.3
2026.01.20 09:00,4712.29,4717.69,4711.26,4715.43
2026.01.20 09:15,4715.43,4722.07,4714.67,4718.14
2026.01.20 09:30,4718.23,4721.47,4716.65,4720.0
2026.01.20 09:45,4720.0,4722.65,4714.46,4715.99
2026.01.20 10:00,4716.0,4725.85,4714.89,4724.34
2026.01.20 10:15,4724.33,4725.21,4717.87,4718.34
2026.01.20 10:30,4718.32,4724.41,4715.89,4722.74
2026.01.20 10:45,4722.83,4731.33,4722.63,4729.22
2026.01.20 11:00,4729.18,4731.53,4724.02,4725.21
2026.01.20 11:15,4725.13,4733.72,4721.04,4733.19
2026.01.20 11:30,4733.15,4736.41,4732.79,4734.28
2026.01.20 11:45,4734.29,4737.28,4732.24,4732.32
2026.01.20 12:00,4732.34,4734.82,4730.12,4731.23
2026.01.20 12:15,4731.18,4733.2,4727.58,4727.58
2026.01.20 12:30,4727.65,4729.06,4723.17,4724.38
2026.01.20 12:45,4724.37,4728.04,4723.01,4726.33
2026.01.20 13:00,4726.35,4727.91,4721.55,4726.11
2026.01.20 13:15,4726.12,4729.06,4725.53,4726.72
2026.01.20 13:30,4726.81,4732.14,4725.73,4732.13
2026.01.20 13:45,4732.15,4735.15,4730.39,4733.07
2026.01.20 14:00,4732.61,4732.61,4728.26,4729.99
2026.01.20 14:15,4730.14,4730.38,4726.13,4726.5
2026.01.20 14:30,4726.19,4729.07,4723.91,4726.54
2026.01.20 14:45,4726.36,4729.3,4725.83,4727.46
2026.01.20 15:00,4727.54,4728.36,4721.99,4723.55
2026.01.20 15:15,4723.53,4725.9,4715.83,4719.2
2026.01.20 15:30,4719.22,4730.27,4714.79,4729.6
2026.01.20 15:45,4729.63,4738.25,4727.25,4737.03
2026.01.20 16:00,4737.05,4748.36,4732.31,4740.86
2026.01.20 16:15,4740.8,4750.6,4740.3,4750.49
2026.01.20 16:30,4750.58,4750.6,4728.52,4738.4
2026.01.20 16:45,4737.98,4742.14,4733.11,4741.07
2026.01.20 17:00,4740.53,4748.5,4738.44,4744.48
2026.01.20 17:15,4744.43,4744.54,4722.25,4724.09
2026.01.20 17:30,4724.03,4735.54,4722.59,4732.7
2026.01.20 17:45,4732.69,4739.22,4728.91,4737.36
2026.01.20 18:00,4737.39,4743.45,4728.99,4741.32
2026.01.20 18:15,4741.33,4744.29,4735.12,4741.0
2026.01.20 18:30,4740.66,4745.63,4740.52,4745.19
2026.01.20 18:45,4745.28,4757.74,4745.28,4753.42
2026.01.20 19:00,4753.41,4754.16,4745.92,4753.8
2026.01.20 19:15,4753.68,4756.45,4751.45,4754.92
2026.01.20 19:30,4754.87,4757.73,4751.97,4756.36
2026.01.20 19:45,4756.41,4762.47,4752.13,4758.92
2026.01.20 20:00,4758.9,4764.96,4758.44,4763.0
2026.01.20 20:15,4762.99,4766.01,4759.27,4761.36
2026.01.20 20:30,4761.3,4762.69,4756.97,4757.46
2026.01.20 20:45,4757.41,4760.12,4752.5,4759.22
2026.01.20 21:00,4759.14,4760.2,4756.28,4759.02
2026.01.20 21:15,4759.01,4766.28,4758.14,4759.34
2026.01.20 21:30,4759.31,4763.86,4756.66,4763.15
2026.01.20 21:45,4763.16,4763.81,4758.34,4760.55
2026.01.20 22:00,4760.53,4761.02,4755.6,4759.98
2026.01.20 22:15,4759.93,4760.55,4747.25,4750.29
2026.01.20 22:30,4750.3,4754.89,4748.72,4749.57
2026.01.20 22:45,4749.6,4757.72,4749.26,4756.54
2026.01.20 23:00,4756.76,4760.29,4756.16,4760.22
2026.01.20 23:15,4760.25,4760.82,4759.3,4759.7
2026.01.20 23:30,4759.64,4759.67,4757.13,4759.09
2026.01.20 23:45,4759.27,4763.79,4758.79,4763.46
2026.01.21 01:00,4762.9,4766.18,4757.63,4757.89
2026.01.21 01:15,4757.9,4761.04,4757.66,4759.61
2026.01.21 01:30,4759.47,4773.57,4758.5,4773.57
2026.01.21 01:45,4773.77,4780.97,4771.91,4775.7
2026.01.21 02:00,4775.54,4777.55,4770.65,4776.54
2026.01.21 02:15,4776.49,4779.69,4773.53,4776.96
2026.01.21 02:30,4776.94,4785.9,4776.53,4784.95
2026.01.21 02:45,4784.94,4787.31,4782.05,4784.47
2026.01.21 03:00,4784.47,4809.87,4783.45,4807.59
2026.01.21 03:15,4807.54,4827.71,4804.87,4827.53
2026.01.21 03:30,4827.71,4836.62,4814.83,4818.57
2026.01.21 03:45,4818.6,4844.17,4818.6,4835.19
2026.01.21 04:00,4835.32,4842.15,4822.39,4827.86
2026.01.21 04:15,4827.85,4827.96,4817.08,4824.78
2026.01.21 04:30,4824.77,4839.52,4821.88,4831.0
2026.01.21 04:45,4831.06,4837.22,4827.67,4836.52
2026.01.21 05:00,4836.23,4849.78,4832.75,4833.14
2026.01.21 05:15,4833.09,4836.71,4826.76,4833.53
2026.01.21 05:30,4833.57,4846.35,4831.59,4842.71
2026.01.21 05:45,4842.76,4846.92,4839.86,4844.77
2026.01.21 06:00,4844.73,4846.3,4837.82,4844.87
2026.01.21 06:15,4844.91,4854.01,4843.69,4849.62
2026.01.21 06:30,4849.59,4865.48,4849.56,4865.42
2026.01.21 06:45,4865.46,4870.74,4862.09,4865.84
2026.01.21 07:00,4865.61,4866.92,4858.72,4866.84
2026.01.21 07:15,4866.83,4874.09,4863.41,4868.63
2026.01.21 07:30,4868.67,4878.11,4863.77,4870.92
2026.01.21 07:45,4870.76,4876.97,4868.73,4869.81
2026.01.21 08:00,4869.87,4875.22,4864.17,4871.47
2026.01.21 08:15,4871.41,4888.52,4869.94,4883.62
2026.01.21 08:30,4883.66,4887.19,4858.81,4861.2
2026.01.21 08:45,4861.07,4865.86,4845.48,4847.45
2026.01.21 09:00,4847.23,4849.45,4834.37,4836.9
2026.01.21 09:15,4836.92,4850.27,4832.42,4849.24
2026.01.21 09:30,4849.38,4851.86,4838.77,4849.1
2026.01.21 09:45,4849.26,4856.95,4847.57,4855.22
2026.01.21 10:00,4855.01,4863.9,4853.66,4858.33
2026.01.21 10:15,4858.41,4869.5,4858.28,4866.6
2026.01.21 10:30,4866.61,4868.04,4858.99,4861.15
2026.01.21 10:45,4860.96,4862.84,4851.43,4854.59
2026.01.21 11:00,4854.6,4862.24,4852.23,4859.74
2026.01.21 11:15,4859.81,4876.58,4857.89,4875.6
2026.01.21 11:30,4875.59,4876.99,4863.97,4866.1
2026.01.21 11:45,4866.13,4867.41,4859.01,4860.31
2026.01.21 12:00,4860.23,4866.55,4859.36,4863.31
2026.01.21 12:15,4863.3,4864.33,4859.77,4860.21
2026.01.21 12:30,4860.11,4865.59,4859.79,4864.8
2026.01.21 12:45,4864.82,4866.45,4861.87,4861.95
2026.01.21 13:00,4862.1,4865.35,4860.67,4865.05
2026.01.21 13:15,4865.09,4871.24,4864.87,4866.9
2026.01.21 13:30,4866.9,4867.09,4860.46,4862.12
2026.01.21 13:45,4862.08,4866.69,4855.09,4866.69
2026.01.21 14:00,4866.67,4867.29,4861.1,4862.07
2026.01.21 14:15,4862.01,4864.7,4855.38,4864.65
2026.01.21 14:30,4864.9,4870.8,4863.46,4865.36
2026.01.21 14:45,4865.39,4867.06,4856.68,4864.89
2026.01.21 15:00,4865.14,4871.21,4858.26,4869.05
2026.01.21 15:15,4869.08,4871.27,4861.59,4867.83
2026.01.21 15:30,4867.8,4878.94,4866.92,4877.06
2026.01.21 15:45,4877.09,4880.1,4869.84,4879.19
2026.01.21 16:00,4879.21,4880.76,4839.09,4844.52
2026.01.21 16:15,4844.49,4864.43,4841.86,4860.53
2026.01.21 16:30,4860.32,4872.12,4849.91,4860.63
2026.01.21 16:45,4860.61,4861.91,4846.59,4851.85
2026.01.21 17:00,4851.84,4868.53,4846.96,4860.03
2026.01.21 17:15,4860.08,4861.57,4812.57,4831.1
2026.01.21 17:30,4831.13,4845.27,4828.92,4837.24
2026.01.21 17:45,4837.24,4854.38,4834.07,4847.59
2026.01.21 18:00,4848.04,4855.62,4843.66,4846.94
2026.01.21 18:15,4847.04,4852.48,4828.89,4839.75
2026.01.21 18:30,4839.86,4849.53,4833.52,4834.73
2026.01.21 18:45,4834.65,4837.44,4819.75,4833.22
2026.01.21 19:00,4833.25,4834.12,4815.42,4818.29
2026.01.21 19:15,4818.28,4826.18,4814.46,4821.08
2026.01.21 19:30,4821.09,4821.51,4802.4,4809.63
2026.01.21 19:45,4809.59,4827.5,4808.47,4826.2
2026.01.21 20:00,4825.98,4831.65,4822.6,4825.35
2026.01.21 20:15,4825.34,4836.92,4819.63,4833.96
2026.01.21 20:30,4833.99,4838.44,4830.25,4837.61
2026.01.21 20:45,4837.43,4850.59,4835.93,4850.19
2026.01.21 21:00,4850.18,4850.77,4843.08,4848.75
2026.01.21 21:15,4848.68,4853.77,4805.25,4815.77
2026.01.21 21:30,4815.76,4821.08,4765.74,4765.78
2026.01.21 21:45,4765.81,4782.69,4755.57,4781.2
2026.01.21 22:00,4781.17,4787.53,4772.31,4787.27
2026.01.21 22:15,4787.31,4800.82,4784.67,4797.05
2026.01.21 22:30,4797.11,4821.25,4796.14,4819.84
2026.01.21 22:45,4819.91,4827.81,4816.1,4826.43
2026.01.21 23:00,4826.41,4826.41,4812.98,4823.74
2026.01.21 23:15,4823.73,4838.17,4823.44,4832.34
2026.01.21 23:30,4832.4,4839.26,4831.91,4834.84
2026.01.21 23:45,4834.92,4839.7,4827.89,4831.16
2026.01.22 01:00,4835.34,4835.34,4802.25,4814.69
2026.01.22 01:15,4814.72,4814.94,4784.78,4794.74
2026.01.22 01:30,4794.71,4801.56,4785.49,4787.03
2026.01.22 01:45,4787.04,4797.23,4777.36,4778.05
2026.01.22 02:00,4777.97,4794.05,4777.85,4789.95
2026.01.22 02:15,4789.96,4789.96,4780.09,4782.37
2026.01.22 02:30,4782.3,4795.43,4780.07,4792.8
2026.01.22 02:45,4792.82,4798.65,4787.3,4798.0
2026.01.22 03:00,4797.71,4797.71,4772.37,4791.29
2026.01.22 03:15,4791.37,4809.44,4788.32,4795.93
2026.01.22 03:30,4795.74,4804.31,4793.25,4803.01
2026.01.22 03:45,4803.0,4804.77,4797.79,4797.8
2026.01.22 04:00,4797.63,4798.02,4787.24,4793.36
2026.01.22 04:15,4793.47,4795.78,4786.51,4787.53
2026.01.22 04:30,4787.61,4787.99,4774.67,4781.75
2026.01.22 04:45,4781.83,4792.33,4781.83,4788.79
2026.01.22 05:00,4788.73,4791.09,4783.99,4789.54
2026.01.22 05:15,4789.53,4795.71,4785.59,4792.41
2026.01.22 05:30,4792.42,4794.14,4790.09,4790.15
2026.01.22 05:45,4790.14,4796.67,4789.95,4796.52
2026.01.22 06:00,4796.51,4800.26,4795.12,4798.18
2026.01.22 06:15,4798.15,4799.6,4794.6,4796.07
2026.01.22 06:30,4796.08,4798.6,4793.84,4795.44
2026.01.22 06:45,4795.46,4798.04,4793.93,4797.37
2026.01.22 07:00,4796.97,4801.5,4793.61,4800.28
2026.01.22 07:15,4800.31,4800.34,4795.01,4795.27
2026.01.22 07:30,4795.25,4802.5,4795.07,4800.62
2026.01.22 07:45,4800.63,4821.39,4800.63,4821.21
2026.01.22 08:00,4821.19,4824.75,4816.17,4817.99
2026.01.22 08:15,4817.96,4829.13,4816.79,4825.4
2026.01.22 08:30,4825.38,4827.92,4823.33,4823.66
2026.01.22 08:45,4823.64,4826.68,4821.35,4826.48
2026.01.22 09:00,4826.48,4834.95,4825.56,4833.27
2026.01.22 09:15,4833.26,4838.02,4829.85,4836.87
2026.01.22 09:30,4836.86,4838.06,4832.65,4833.29
2026.01.22 09:45,4833.4,4835.48,4830.63,4832.43
2026.01.22 10:00,4832.45,4835.4,4824.03,4827.62
2026.01.22 10:15,4827.63,4830.33,4825.57,4826.17
2026.01.22 10:30,4826.16,4828.37,4822.01,4826.29
2026.01.22 10:45,4826.26,4831.66,4825.66,4830.54
2026.01.22 11:00,4830.53,4837.8,4829.51,4832.69
2026.01.22 11:15,4832.7,4833.43,4827.98,4829.41
2026.01.22 11:30,4829.38,4830.94,4813.85,4816.1
2026.01.22 11:45,4815.86,4823.03,4814.41,4822.96
2026.01.22 12:00,4822.99,4824.91,4819.26,4823.35
2026.01.22 12:15,4823.37,4827.46,4821.21,4826.59
2026.01.22 12:30,4826.23,4829.08,4823.89,4828.07
2026.01.22 12:45,4828.07,4831.52,4827.0,4828.71
2026.01.22 13:00,4828.72,4831.61,4826.11,4826.11
2026.01.22 13:15,4826.06,4829.38,4824.37,4827.56
2026.01.22 13:30,4827.57,4831.31,4824.91,4830.55
2026.01.22 13:45,4830.56,4836.12,4830.12,4830.89
2026.01.22 14:00,4830.87,4830.87,4823.25,4824.61
2026.01.22 14:15,4824.62,4832.31,4824.25,4831.47
2026.01.22 14:30,4831.46,4832.31,4829.39,4829.51
2026.01.22 14:45,4829.52,4829.54,4818.47,4819.55
2026.01.22 15:00,4819.91,4827.4,4815.74,4826.61
2026.01.22 15:15,4826.85,4835.17,4825.85,4828.28
2026.01.22 15:30,4828.33,4828.33,4810.76,4813.58
2026.01.22 15:45,4813.57,4822.49,4810.6,4822.11
2026.01.22 16:00,4821.82,4825.79,4820.31,4824.03
2026.01.22 16:15,4824.06,4830.38,4822.4,4829.22
2026.01.22 16:30,4829.48,4847.46,4828.01,4845.52
2026.01.22 16:45,4845.58,4846.49,4834.61,4834.96
2026.01.22 17:00,4834.64,4840.43,4826.86,4838.99
2026.01.22 17:15,4839.01,4855.76,4836.09,4853.67
2026.01.22 17:30,4853.49,4865.56,4853.14,4863.23
2026.01.22 17:45,4863.26,4873.65,4860.62,4871.7
2026.01.22 18:00,4871.7,4876.2,4867.91,4873.39
2026.01.22 18:15,4873.41,4880.42,4870.52,4875.63
2026.01.22 18:30,4875.66,4884.62,4872.98,4880.57
2026.01.22 18:45,4880.6,4885.06,4874.61,4877.92
2026.01.22 19:00,4878.01,4884.42,4869.23,4880.09
2026.01.22 19:15,4880.18,4893.71,4876.12,4889.77
2026.01.22 19:30,4889.78,4899.28,4889.07,4898.7
2026.01.22 19:45,4898.72,4906.09,4896.27,4904.36
2026.01.22 20:00,4904.33,4914.95,4901.04,4908.31
2026.01.22 20:15,4908.32,4913.33,4906.86,4910.01
2026.01.22 20:30,4910.1,4915.52,4907.23,4912.85
2026.01.22 20:45,4912.86,4919.31,4910.73,4915.83
2026.01.22 21:00,4915.81,4924.14,4915.35,4923.75
2026.01.22 21:15,4923.86,4923.9,4909.56,4914.51
2026.01.22 21:30,4914.52,4917.94,4913.28,4913.38
2026.01.22 21:45,4913.42,4913.42,4905.72,4911.72
2026.01.22 22:00,4911.73,4926.07,4911.37,4925.61
2026.01.22 22:15,4925.57,4928.16,4924.37,4925.54
2026.01.22 22:30,4925.57,4926.88,4918.19,4922.59
2026.01.22 22:45,4922.62,4924.81,4914.01,4916.75
2026.01.22 23:00,4916.93,4923.06,4914.46,4922.75
2026.01.22 23:15,4922.73,4925.17,4920.42,4924.99
2026.01.22 23:30,4924.94,4940.3,4923.92,4938.91
2026.01.22 23:45,4938.89,4940.51,4935.4,4936.24
2026.01.23 01:00,4937.01,4959.63,4937.0,4942.76
2026.01.23 01:15,4942.77,4946.34,4939.25,4940.09
2026.01.23 01:30,4940.06,4940.11,4930.64,4938.66
2026.01.23 01:45,4938.64,4960.45,4938.6,4958.93
2026.01.23 02:00,4958.98,4963.22,4950.51,4951.65
2026.01.23 02:15,4951.54,4958.4,4947.88,4951.87
2026.01.23 02:30,4951.88,4955.76,4947.31,4949.11
2026.01.23 02:45,4949.15,4965.32,4949.12,4964.94
2026.01.23 03:00,4964.96,4967.15,4936.2,4948.94
2026.01.23 03:15,4948.85,4954.19,4942.47,4947.13
2026.01.23 03:30,4947.22,4956.14,4946.45,4950.96
2026.01.23 03:45,4950.98,4962.83,4950.98,4953.35
2026.01.23 04:00,4953.29,4956.65,4946.99,4949.35
2026.01.23 04:15,4949.36,4953.5,4946.71,4952.93
2026.01.23 04:30,4952.91,4957.34,4952.4,4956.65
2026.01.23 04:45,4956.67,4962.11,4955.29,4955.43
2026.01.23 05:00,4955.4,4958.87,4953.18,4954.81
2026.01.23 05:15,4954.55,4955.23,4938.08,4943.78
2026.01.23 05:30,4943.79,4953.12,4942.97,4949.65
2026.01.23 05:45,4949.68,4954.38,4947.93,4951.86
2026.01.23 06:00,4951.82,4953.45,4950.61,4952.35
2026.01.23 06:15,4952.33,4953.24,4950.08,4952.83
2026.01.23 06:30,4952.82,4957.76,4951.93,4956.58
2026.01.23 06:45,4956.27,4958.28,4954.7,4956.19
2026.01.23 07:00,4956.2,4957.44,4954.49,4956.18
2026.01.23 07:15,4956.18,4960.04,4955.44,4957.34
2026.01.23 07:30,4957.35,4961.39,4956.38,4960.99
2026.01.23 07:45,4960.99,4967.28,4960.38,4960.61
2026.01.23 08:00,4960.58,4963.06,4945.53,4952.5
2026.01.23 08:15,4952.53,4958.89,4951.28,4952.64
2026.01.23 08:30,4952.67,4955.66,4950.01,4952.88
2026.01.23 08:45,4952.86,4956.13,4950.63,4953.57
2026.01.23 09:00,4953.58,4958.01,4952.35,4955.71
2026.01.23 09:15,4955.73,4959.5,4951.61,4956.69
2026.01.23 09:30,4956.68,4958.26,4945.93,4946.03
2026.01.23 09:45,4946.02,4951.19,4942.99,4944.32
2026.01.23 10:00,4944.3,4947.54,4940.29,4942.0
2026.01.23 10:15,4941.95,4942.7,4901.01,4913.27
2026.01.23 10:30,4913.28,4926.39,4910.39,4925.22
2026.01.23 10:45,4925.22,4925.55,4908.94,4913.69
2026.01.23 11:00,4913.75,4920.12,4909.31,4911.92
2026.01.23 11:15,4911.94,4914.69,4899.57,4905.28
2026.01.23 11:30,4905.25,4917.78,4903.24,4916.95
2026.01.23 11:45,4916.89,4921.5,4914.46,4918.58
2026.01.23 12:00,4918.65,4922.47,4915.51,4921.45
2026.01.23 12:15,4921.52,4932.45,4921.52,4929.22
2026.01.23 12:30,4929.33,4930.29,4924.68,4928.15
2026.01.23 12:45,4928.16,4930.4,4924.4,4929.73
2026.01.23 13:00,4929.72,4929.74,4915.92,4918.4
2026.01.23 13:15,4918.42,4921.91,4911.87,4920.66
2026.01.23 13:30,4920.82,4925.21,4919.68,4923.28
2026.01.23 13:45,4923.3,4926.0,4920.8,4922.68
2026.01.23 14:00,4922.75,4934.3,4918.18,4933.88
2026.01.23 14:15,4933.99,4937.07,4930.45,4934.07
2026.01.23 14:30,4934.06,4938.89,4931.87,4935.9
2026.01.23 14:45,4935.91,4942.45,4935.81,4939.26
2026.01.23 15:00,4939.22,4947.85,4933.58,4940.06
2026.01.23 15:15,4940.08,4940.31,4923.63,4931.69
2026.01.23 15:30,4931.06,4939.01,4927.27,4931.51
2026.01.23 15:45,4931.53,4940.86,4930.54,4938.91
2026.01.23 16:00,4938.87,4947.75,4934.65,4944.4
2026.01.23 16:15,4944.44,4945.4,4939.53,4939.8
2026.01.23 16:30,4939.78,4949.74,4932.65,4946.55
2026.01.23 16:45,4946.57,4956.43,4942.39,4943.13
2026.01.23 17:00,4942.79,4955.63,4938.01,4952.6
2026.01.23 17:15,4952.56,4954.0,4942.34,4944.65
2026.01.23 17:30,4944.75,4960.61,4943.64,4958.86
2026.01.23 17:45,4958.87,4963.21,4951.19,4960.32
2026.01.23 18:00,4960.32,4976.5,4958.91,4970.92
2026.01.23 18:15,4971.01,4986.23,4969.36,4985.29
2026.01.23 18:30,4985.28,4987.91,4978.73,4982.55
2026.01.23 18:45,4981.46,4982.8,4975.67,4980.18
2026.01.23 19:00,4980.38,4986.76,4977.19,4984.22
2026.01.23 19:15,4984.28,4987.6,4980.74,4982.84
2026.01.23 19:30,4982.82,4987.86,4982.13,4983.03
2026.01.23 19:45,4983.04,4984.86,4961.88,4965.42
2026.01.23 20:00,4965.43,4982.59,4964.93,4980.62
2026.01.23 20:15,4980.66,4983.99,4977.42,4978.36
2026.01.23 20:30,4978.42,4979.65,4963.72,4964.19
2026.01.23 20:45,4964.27,4969.6,4958.22,4966.38
2026.01.23 21:00,4966.49,4978.61,4966.49,4973.87
2026.01.23 21:15,4973.9,4978.54,4973.48,4977.12
2026.01.23 21:30,4977.15,4980.12,4974.18,4978.55
2026.01.23 21:45,4978.51,4989.78,4977.8,4983.97
2026.01.23 22:00,4983.89,4985.46,4970.53,4981.23
2026.01.23 22:15,4981.21,4985.37,4978.17,4980.82
2026.01.23 22:30,4980.82,4983.34,4975.68,4982.28
2026.01.23 22:45,4982.33,4984.08,4978.75,4981.27
2026.01.23 23:00,4981.22,4985.88,4978.76,4981.24
2026.01.23 23:15,4981.23,4983.58,4977.87,4981.79
2026.01.23 23:30,4981.8,4983.09,4980.44,4982.12
2026.01.23 23:45,4982.1,4988.42,4980.76,4987.96
2026.01.26 01:00,5009.67,5027.29,5001.57,5020.96
2026.01.26 01:15,5020.39,5030.86,5011.59,5017.67
2026.01.26 01:30,5017.88,5031.78,5016.55,5024.76
2026.01.26 01:45,5024.75,5039.93,5024.57,5039.5
2026.01.26 02:00,5039.57,5043.47,5034.08,5039.03
2026.01.26 02:15,5039.02,5042.83,5030.44,5042.8
2026.01.26 02:30,5042.8,5051.85,5042.16,5050.15
2026.01.26 02:45,5050.17,5051.62,5037.9,5041.49
2026.01.26 03:00,5041.57,5058.93,5028.75,5057.59
2026.01.26 03:15,5057.47,5075.51,5056.66,5074.32
2026.01.26 03:30,5074.23,5085.37,5071.34,5083.07
2026.01.26 03:45,5083.06,5084.72,5067.76,5070.77
2026.01.26 04:00,5070.77,5078.8,5066.73,5074.68
2026.01.26 04:15,5074.58,5088.81,5072.4,5087.78
2026.01.26 04:30,5087.87,5092.85,5079.06,5088.21
2026.01.26 04:45,5088.03,5091.0,5080.47,5080.81
2026.01.26 05:00,5080.8,5085.22,5071.68,5084.8
2026.01.26 05:15,5084.75,5087.85,5074.62,5079.09
2026.01.26 05:30,5079.1,5083.55,5075.87,5078.29
2026.01.26 05:45,5078.05,5079.1,5069.81,5076.52
2026.01.26 06:00,5076.47,5077.95,5072.04,5075.73
2026.01.26 06:15,5075.82,5076.38,5071.16,5072.13
2026.01.26 06:30,5072.11,5072.88,5063.79,5066.89
2026.01.26 06:45,5066.87,5072.05,5058.12,5070.2
2026.01.26 07:00,5070.21,5072.76,5054.86,5059.71
2026.01.26 07:15,5059.72,5066.88,5052.17,5065.35
2026.01.26 07:30,5065.31,5068.03,5052.91,5059.74
2026.01.26 07:45,5059.55,5076.55,5058.42,5074.37
2026.01.26 08:00,5074.26,5082.02,5067.19,5069.16
2026.01.26 08:15,5069.33,5077.06,5065.18,5075.14
2026.01.26 08:30,5075.15,5092.26,5074.64,5091.7
2026.01.26 08:45,5091.54,5111.1,5075.85,5077.39
2026.01.26 09:00,5077.47,5092.24,5073.79,5090.97
2026.01.26 09:15,5090.81,5095.57,5089.69,5095.24
2026.01.26 09:30,5095.27,5095.52,5085.75,5088.5
2026.01.26 09:45,5088.48,5094.11,5088.1,5089.0
2026.01.26 10:00,5088.46,5096.44,5087.15,5095.91
2026.01.26 10:15,5095.92,5097.4,5094.92,5096.37
2026.01.26 10:30,5096.43,5098.15,5090.04,5093.13
2026.01.26 10:45,5093.16,5093.74,5079.93,5083.29
2026.01.26 11:00,5083.17,5092.79,5082.31,5091.07
2026.01.26 11:15,5091.1,5096.78,5087.98,5096.57
2026.01.26 11:30,5096.55,5098.36,5087.35,5091.33
2026.01.26 11:45,5091.35,5093.01,5075.25,5083.94
2026.01.26 12:00,5084.49,5090.47,5078.45,5089.19
2026.01.26 12:15,5088.97,5091.12,5086.13,5087.34
2026.01.26 12:30,5087.4,5094.89,5085.76,5092.76
2026.01.26 12:45,5092.75,5094.12,5090.13,5091.53
2026.01.26 13:00,5091.62,5092.68,5087.18,5087.75
2026.01.26 13:15,5087.76,5088.44,5078.3,5087.2
2026.01.26 13:30,5087.16,5092.28,5083.57,5089.8
2026.01.26 13:45,5089.78,5092.37,5087.14,5091.3
2026.01.26 14:00,5091.34,5093.64,5087.08,5090.26
2026.01.26 14:15,5090.13,5096.83,5085.97,5089.91
2026.01.26 14:30,5089.94,5089.96,5079.22,5083.31
2026.01.26 14:45,5083.37,5085.71,5077.1,5078.83
2026.01.26 15:00,5078.79,5082.27,5065.93,5080.0
2026.01.26 15:15,5080.04,5083.05,5066.99,5072.08
2026.01.26 15:30,5071.98,5072.9,5054.46,5070.93
2026.01.26 15:45,5070.92,5076.0,5067.03,5068.58
2026.01.26 16:00,5068.62,5073.29,5058.35,5071.33
2026.01.26 16:15,5071.33,5082.65,5063.73,5078.18
2026.01.26 16:30,5078.19,5090.66,5074.58,5081.69
2026.01.26 16:45,5081.72,5096.77,5080.52,5096.01
2026.01.26 17:00,5096.16,5097.14,5085.31,5095.34
2026.01.26 17:15,5095.33,5096.74,5084.11,5090.16
2026.01.26 17:30,5090.15,5092.39,5074.05,5078.33
2026.01.26 17:45,5078.21,5095.04,5077.71,5090.79
2026.01.26 18:00,5090.78,5104.82,5089.5,5101.49
2026.01.26 18:15,5101.41,5103.96,5070.72,5075.69
2026.01.26 18:30,5075.71,5083.35,5065.26,5077.16
2026.01.26 18:45,5077.15,5093.77,5076.63,5089.32
2026.01.26 19:00,5089.31,5097.31,5085.36,5094.1
2026.01.26 19:15,5094.12,5095.22,5080.64,5088.21
2026.01.26 19:30,5088.2,5102.14,5082.02,5102.04
2026.01.26 19:45,5102.05,5104.7,5097.12,5100.79
2026.01.26 20:00,5100.91,5103.06,5076.3,5078.2
2026.01.26 20:15,5078.38,5090.43,5076.48,5084.97
2026.01.26 20:30,5084.84,5085.11,5058.01,5064.26
2026.01.26 20:45,5064.13,5082.89,5063.85,5068.72
2026.01.26 21:00,5068.74,5069.47,5035.92,5060.22
2026.01.26 21:15,5059.68,5061.24,5020.1,5027.46
2026.01.26 21:30,5027.42,5043.53,5024.82,5034.04
2026.01.26 21:45,5033.99,5037.32,5008.24,5028.6
2026.01.26 22:00,5029.03,5053.63,5026.28,5049.8
2026.01.26 22:15,5049.66,5056.5,5040.58,5056.0
2026.01.26 22:30,5056.28,5062.07,5035.6,5046.46
2026.01.26 22:45,5046.54,5060.6,5043.03,5054.99
2026.01.26 23:00,5054.84,5058.98,5033.83,5033.83
2026.01.26 23:15,5033.81,5035.51,5011.14,5020.23
2026.01.26 23:30,5020.09,5020.85,4989.78,5004.94
2026.01.26 23:45,5004.19,5016.59,5003.91,5008.08
2026.01.27 01:00,5013.25,5040.52,5012.8,5039.81
2026.01.27 01:15,5039.91,5049.61,5037.19,5044.9
2026.01.27 01:30,5044.98,5057.7,5040.4,5056.63
2026.01.27 01:45,5056.61,5061.25,5043.32,5043.55
2026.01.27 02:00,5043.53,5053.24,5038.55,5052.15
2026.01.27 02:15,5052.16,5053.76,5044.34,5044.93
2026.01.27 02:30,5044.88,5049.82,5028.5,5031.55
2026.01.27 02:45,5031.69,5035.45,5013.69,5032.66
2026.01.27 03:00,5032.68,5071.31,5018.44,5071.31
2026.01.27 03:15,5071.29,5075.66,5063.29,5066.86
2026.01.27 03:30,5066.87,5070.21,5054.42,5063.72
2026.01.27 03:45,5063.78,5067.08,5056.96,5059.99
2026.01.27 04:00,5059.93,5067.39,5049.33,5063.71
2026.01.27 04:15,5063.69,5069.96,5060.13,5068.22
2026.01.27 04:30,5068.25,5079.85,5067.25,5078.99
2026.01.27 04:45,5078.68,5079.82,5065.28,5072.3
2026.01.27 05:00,5072.32,5073.66,5063.69,5065.98
2026.01.27 05:15,5066.04,5072.7,5060.09,5064.5
2026.01.27 05:30,5064.37,5076.22,5063.98,5074.62
2026.01.27 05:45,5074.63,5078.94,5071.55,5076.69
2026.01.27 06:00,5076.43,5078.51,5068.45,5069.35
2026.01.27 06:15,5069.32,5075.93,5069.32,5074.75
2026.01.27 06:30,5074.76,5075.31,5061.49,5066.5
2026.01.27 06:45,5066.52,5070.99,5062.13,5067.69
2026.01.27 07:00,5067.65,5068.53,5057.06,5063.64
2026.01.27 07:15,5063.62,5066.7,5057.89,5064.33
2026.01.27 07:30,5064.29,5074.62,5060.05,5074.41
2026.01.27 07:45,5074.6,5085.24,5074.6,5082.76
2026.01.27 08:00,5082.82,5086.79,5076.51,5083.23
2026.01.27 08:15,5083.26,5087.55,5079.34,5082.01
2026.01.27 08:30,5082.06,5088.28,5078.68,5085.48
2026.01.27 08:45,5085.69,5093.84,5081.68,5085.67
2026.01.27 09:00,5085.81,5094.37,5082.35,5085.32
2026.01.27 09:15,5085.28,5090.55,5081.28,5087.78
2026.01.27 09:30,5087.81,5100.49,5087.72,5092.8
2026.01.27 09:45,5092.78,5096.08,5085.7,5085.7
2026.01.27 10:00,5085.64,5088.03,5079.14,5086.46
2026.01.27 10:15,5086.33,5087.39,5075.07,5077.46
2026.01.27 10:30,5077.43,5082.26,5073.28,5082.18
2026.01.27 10:45,5082.19,5085.29,5077.45,5079.33
2026.01.27 11:00,5079.15,5083.97,5077.86,5083.22
2026.01.27 11:15,5083.23,5088.44,5082.25,5088.26
2026.01.27 11:30,5088.24,5094.2,5085.9,5087.8
2026.01.27 11:45,5087.79,5099.33,5082.81,5098.45
2026.01.27 12:00,5098.1,5098.17,5090.98,5096.33
2026.01.27 12:15,5096.35,5097.85,5087.6,5088.03
2026.01.27 12:30,5088.05,5089.03,5081.83,5084.43
2026.01.27 12:45,5084.67,5087.04,5081.78,5086.22
2026.01.27 13:00,5086.25,5090.09,5083.52,5090.01
2026.01.27 13:15,5089.97,5090.68,5084.82,5086.7
2026.01.27 13:30,5086.9,5088.19,5083.26,5085.71
2026.01.27 13:45,5085.58,5085.8,5066.92,5076.91
2026.01.27 14:00,5076.91,5082.58,5075.2,5081.01
2026.01.27 14:15,5080.91,5081.07,5073.4,5079.0
2026.01.27 14:30,5078.96,5090.2,5078.13,5089.32
2026.01.27 14:45,5089.29,5091.05,5081.22,5084.84
2026.01.27 15:00,5084.85,5092.09,5078.04,5090.12
2026.01.27 15:15,5090.12,5092.75,5076.06,5080.76
2026.01.27 15:30,5080.64,5085.75,5069.49,5073.17
2026.01.27 15:45,5073.1,5081.94,5071.33,5077.5
2026.01.27 16:00,5077.46,5077.46,5055.23,5060.25
2026.01.27 16:15,5060.22,5066.07,5046.71,5059.63
2026.01.27 16:30,5059.44,5082.01,5059.44,5079.09
2026.01.27 16:45,5079.03,5079.12,5050.98,5054.51
2026.01.27 17:00,5054.22,5069.78,5047.49,5057.55
2026.01.27 17:15,5057.54,5076.93,5056.03,5068.93
2026.01.27 17:30,5068.99,5086.87,5068.61,5080.37
2026.01.27 17:45,5080.35,5090.92,5079.68,5090.67
2026.01.27 18:00,5090.56,5098.42,5083.56,5094.85
2026.01.27 18:15,5094.83,5103.07,5093.52,5098.38
2026.01.27 18:30,5098.45,5099.24,5085.89,5088.27
2026.01.27 18:45,5088.15,5091.76,5083.16,5087.32
2026.01.27 19:00,5087.3,5091.83,5080.17,5091.34
2026.01.27 19:15,5091.4,5093.99,5078.94,5087.2
2026.01.27 19:30,5087.77,5089.58,5078.41,5081.69
2026.01.27 19:45,5081.57,5085.75,5076.64,5081.1
2026.01.27 20:00,5081.14,5087.08,5076.27,5081.46
2026.01.27 20:15,5081.53,5088.69,5078.71,5084.75
2026.01.27 20:30,5085.78,5091.71,5085.78,5088.19
2026.01.27 20:45,5088.21,5095.36,5087.38,5087.8
2026.01.27 21:00,5087.82,5088.85,5080.96,5086.96
2026.01.27 21:15,5086.94,5090.72,5085.48,5087.63
2026.01.27 21:30,5087.67,5093.09,5087.49,5092.8
2026.01.27 21:45,5092.82,5099.87,5090.48,5098.79
2026.01.27 22:00,5098.73,5142.94,5097.79,5141.56
2026.01.27 22:15,5141.25,5151.3,5131.76,5141.39
2026.01.27 22:30,5141.38,5148.81,5132.66,5142.06
2026.01.27 22:45,5141.91,5182.14,5141.91,5176.56
2026.01.27 23:00,5176.73,5187.81,5170.88,5176.32
2026.01.27 23:15,5176.31,5180.19,5169.21,5173.59
2026.01.27 23:30,5173.52,5186.42,5171.22,5185.18
2026.01.27 23:45,5187.94,5190.36,5174.58,5181.0
2026.01.28 01:00,5180.58,5184.4,5166.46,5170.71
2026.01.28 01:15,5170.7,5173.05,5158.88,5170.03
2026.01.28 01:30,5170.1,5171.79,5163.71,5164.1
2026.01.28 01:45,5164.11,5176.75,5163.79,5172.05
2026.01.28 02:00,5172.1,5172.85,5157.24,5165.58
2026.01.28 02:15,5165.59,5166.91,5160.23,5163.1
2026.01.28 02:30,5163.08,5170.51,5163.04,5168.26
2026.01.28 02:45,5168.27,5180.2,5168.27,5171.73
2026.01.28 03:00,5171.69,5202.24,5168.46,5190.85
2026.01.28 03:15,5190.82,5196.02,5181.66,5193.6
2026.01.28 03:30,5193.64,5215.54,5186.21,5215.42
2026.01.28 03:45,5215.45,5224.96,5204.6,5204.61
2026.01.28 04:00,5204.71,5217.67,5201.64,5209.89
2026.01.28 04:15,5209.99,5220.58,5207.85,5218.01
2026.01.28 04:30,5218.06,5229.78,5216.5,5221.35
2026.01.28 04:45,5221.37,5234.38,5220.83,5231.87
2026.01.28 05:00,5231.66,5247.41,5230.37,5243.44
2026.01.28 05:15,5243.45,5246.19,5235.88,5237.06
2026.01.28 05:30,5237.07,5239.75,5224.37,5233.39
2026.01.28 05:45,5233.38,5244.73,5230.8,5234.95
2026.01.28 06:00,5234.86,5240.64,5232.79,5235.15
2026.01.28 06:15,5235.17,5241.11,5232.12,5237.79
2026.01.28 06:30,5237.84,5241.25,5234.07,5239.62
2026.01.28 06:45,5239.61,5248.73,5233.31,5245.37
2026.01.28 07:00,5245.38,5257.37,5241.37,5253.84
2026.01.28 07:15,5253.86,5261.71,5251.75,5259.1
2026.01.28 07:30,5258.88,5266.1,5251.06,5264.59
2026.01.28 07:45,5264.61,5266.11,5257.04,5261.05
2026.01.28 08:00,5261.11,5262.89,5252.24,5261.59
2026.01.28 08:15,5261.58,5265.61,5251.86,5255.5
2026.01.28 08:30,5255.53,5264.61,5254.88,5261.39
2026.01.28 08:45,5261.44,5271.3,5256.88,5269.56
2026.01.28 09:00,5269.77,5275.13,5262.89,5273.64
2026.01.28 09:15,5273.67,5283.99,5272.82,5281.01
2026.01.28 09:30,5281.03,5285.4,5271.84,5281.31
2026.01.28 09:45,5281.24,5292.56,5277.87,5290.3
2026.01.28 10:00,5290.31,5299.56,5286.35,5293.08
2026.01.28 10:15,5293.1,5300.54,5288.88,5299.26
2026.01.28 10:30,5299.35,5311.3,5289.79,5290.04
2026.01.28 10:45,5290.08,5295.81,5280.57,5293.49
2026.01.28 11:00,5293.54,5297.43,5280.17,5281.61
2026.01.28 11:15,5281.71,5281.75,5268.46,5275.43
2026.01.28 11:30,5275.41,5280.19,5262.99,5266.71
2026.01.28 11:45,5266.71,5278.72,5266.68,5278.04
2026.01.28 12:00,5278.06,5285.82,5272.59,5282.13
2026.01.28 12:15,5282.1,5282.1,5275.86,5278.32
2026.01.28 12:30,5278.47,5278.69,5269.29,5274.39
2026.01.28 12:45,5274.4,5280.57,5269.75,5269.89
2026.01.28 13:00,5269.9,5270.57,5238.72,5260.42
2026.01.28 13:15,5260.2,5261.72,5246.52,5258.99
2026.01.28 13:30,5259.0,5262.34,5251.91,5261.14
2026.01.28 13:45,5261.27,5267.6,5259.62,5261.37
2026.01.28 14:00,5261.74,5263.82,5251.62,5261.21
2026.01.28 14:15,5261.19,5268.62,5258.18,5261.07
2026.01.28 14:30,5261.08,5272.89,5261.08,5269.44
2026.01.28 14:45,5269.41,5279.21,5265.25,5279.13
2026.01.28 15:00,5279.1,5289.39,5268.55,5275.13
2026.01.28 15:15,5275.12,5285.29,5273.19,5280.94
2026.01.28 15:30,5280.98,5285.19,5259.16,5261.39
2026.01.28 15:45,5261.38,5268.62,5256.82,5266.34
2026.01.28 16:00,5266.72,5270.05,5248.51,5262.28
2026.01.28 16:15,5262.35,5270.58,5258.92,5258.96
2026.01.28 16:30,5259.07,5284.06,5249.99,5278.99
2026.01.28 16:45,5279.6,5288.17,5269.72,5285.98
2026.01.28 17:00,5285.35,5298.09,5235.69,5256.48
2026.01.28 17:15,5256.12,5274.65,5244.78,5269.32
2026.01.28 17:30,5269.48,5283.84,5266.26,5279.9
2026.01.28 17:45,5279.95,5281.21,5266.85,5278.07
2026.01.28 18:00,5278.06,5288.76,5274.29,5284.09
2026.01.28 18:15,5284.03,5292.79,5281.66,5287.15
2026.01.28 18:30,5287.42,5288.91,5276.15,5283.04
2026.01.28 18:45,5282.91,5299.92,5281.67,5299.54
2026.01.28 19:00,5299.47,5306.83,5292.39,5295.56
2026.01.28 19:15,5295.6,5303.82,5288.86,5302.57
2026.01.28 19:30,5302.44,5303.13,5283.02,5287.7
2026.01.28 19:45,5287.69,5304.58,5284.56,5297.89
2026.01.28 20:00,5297.85,5305.34,5292.3,5299.73
2026.01.28 20:15,5299.76,5325.51,5298.7,5304.9
2026.01.28 20:30,5305.0,5307.36,5268.64,5273.51
2026.01.28 20:45,5273.55,5283.48,5271.26,5283.3
2026.01.28 21:00,5281.91,5297.35,5269.34,5297.12
2026.01.28 21:15,5297.07,5301.69,5282.51,5283.16
2026.01.28 21:30,5283.23,5312.21,5280.97,5310.6
2026.01.28 21:45,5310.61,5331.53,5304.41,5325.43
2026.01.28 22:00,5325.13,5338.22,5322.7,5326.39
2026.01.28 22:15,5326.48,5355.68,5321.07,5354.48
2026.01.28 22:30,5354.26,5391.14,5352.97,5383.45
2026.01.28 22:45,5383.53,5391.12,5367.12,5376.43
2026.01.28 23:00,5376.55,5395.8,5376.55,5386.67
2026.01.28 23:15,5386.69,5390.46,5379.8,5384.2
2026.01.28 23:30,5384.27,5389.6,5380.44,5386.28
2026.01.28 23:45,5385.9,5419.01,5382.99,5417.68
2026.01.29 01:00,5420.4,5475.32,5419.3,5475.01
2026.01.29 01:15,5475.12,5496.17,5472.15,5490.22
2026.01.29 01:30,5490.26,5597.84,5489.26,5531.1
2026.01.29 01:45,5531.46,5543.1,5483.68,5512.53
2026.01.29 02:00,5512.55,5513.34,5452.74,5495.06
2026.01.29 02:15,5495.12,5501.53,5463.11,5497.36
2026.01.29 02:30,5497.33,5527.33,5492.39,5508.75
2026.01.29 02:45,5508.63,5522.77,5500.46,5520.11
2026.01.29 03:00,5520.19,5526.34,5445.18,5479.76
2026.01.29 03:15,5479.75,5513.34,5479.75,5507.44
2026.01.29 03:30,5507.35,5551.58,5507.3,5540.02
2026.01.29 03:45,5540.11,5549.91,5526.54,5545.48
2026.01.29 04:00,5545.46,5546.14,5504.05,5521.54
2026.01.29 04:15,5521.73,5525.54,5509.94,5525.53
2026.01.29 04:30,5525.55,5549.9,5518.02,5525.58
2026.01.29 04:45,5525.63,5543.21,5521.89,5535.63
2026.01.29 05:00,5535.7,5548.46,5508.17,5538.5
2026.01.29 05:15,5538.63,5540.34,5521.67,5522.09
2026.01.29 05:30,5522.03,5537.79,5520.07,5528.18
2026.01.29 05:45,5528.15,5548.77,5527.08,5545.65
2026.01.29 06:00,5545.64,5552.06,5534.09,5534.4
2026.01.29 06:15,5534.32,5550.28,5533.3,5546.72
2026.01.29 06:30,5546.89,5564.35,5544.93,5557.22
2026.01.29 06:45,5557.3,5561.43,5550.88,5557.98
2026.01.29 07:00,5557.96,5561.12,5549.94,5559.68
2026.01.29 07:15,5559.68,5560.36,5516.07,5542.03
2026.01.29 07:30,5541.92,5554.66,5540.86,5549.5
2026.01.29 07:45,5549.47,5564.17,5548.46,5562.3
2026.01.29 08:00,5562.43,5588.38,5562.12,5583.98
2026.01.29 08:15,5583.92,5595.3,5573.88,5585.82
2026.01.29 08:30,5585.76,5587.62,5577.67,5581.96
2026.01.29 08:45,5581.95,5584.96,5554.58,5561.47
2026.01.29 09:00,5561.45,5574.77,5560.45,5561.87
2026.01.29 09:15,5561.49,5564.53,5536.74,5541.29
2026.01.29 09:30,5541.31,5557.56,5541.29,5548.81
2026.01.29 09:45,5548.78,5552.06,5543.79,5548.86
2026.01.29 10:00,5548.7,5554.58,5523.05,5537.65
2026.01.29 10:15,5537.71,5542.69,5523.23,5530.12
2026.01.29 10:30,5530.09,5530.32,5475.26,5482.97
2026.01.29 10:45,5483.09,5517.13,5473.94,5509.69
2026.01.29 11:00,5509.63,5515.62,5497.99,5507.17
2026.01.29 11:15,5507.03,5518.64,5500.37,5516.19
2026.01.29 11:30,5515.66,5529.5,5512.31,5524.5
2026.01.29 11:45,5524.63,5527.57,5511.22,5513.94
2026.01.29 12:00,5513.96,5523.93,5501.72,5523.61
2026.01.29 12:15,5523.62,5525.06,5505.71,5510.44
2026.01.29 12:30,5509.0,5510.02,5497.17,5507.93
2026.01.29 12:45,5508.14,5508.73,5482.23,5483.18
2026.01.29 13:00,5483.47,5506.68,5470.75,5506.67
2026.01.29 13:15,5506.72,5516.39,5505.03,5515.71
2026.01.29 13:30,5515.63,5519.31,5508.29,5514.28
2026.01.29 13:45,5514.3,5528.74,5514.3,5522.46
2026.01.29 14:00,5522.43,5538.84,5518.4,5535.46
2026.01.29 14:15,5535.47,5542.82,5528.17,5540.67
2026.01.29 14:30,5540.78,5542.21,5526.21,5529.74
2026.01.29 14:45,5530.04,5542.28,5527.08,5534.05
2026.01.29 15:00,5534.34,5540.96,5513.59,5514.84
2026.01.29 15:15,5514.86,5525.79,5508.08,5519.66
2026.01.29 15:30,5519.6,5530.67,5500.4,5525.9
2026.01.29 15:45,5525.94,5526.19,5506.03,5510.35
2026.01.29 16:00,5510.41,5538.98,5510.41,5528.81
2026.01.29 16:15,5528.75,5549.54,5516.77,5543.52
2026.01.29 16:30,5543.58,5545.19,5501.33,5517.42
2026.01.29 16:45,5516.89,5522.33,5490.92,5496.68
2026.01.29 17:00,5496.7,5496.7,5366.95,5384.12
2026.01.29 17:15,5384.14,5386.58,5104.45,5188.32
2026.01.29 17:30,5194.62,5257.22,5104.57,5125.46
2026.01.29 17:45,5122.97,5211.06,5117.62,5182.39
2026.01.29 18:00,5182.35,5276.85,5171.7,5273.85
2026.01.29 18:15,5274.25,5296.96,5235.84,5289.68
2026.01.29 18:30,5289.03,5310.84,5245.09,5272.86
2026.01.29 18:45,5273.1,5277.66,5228.25,5264.11
2026.01.29 19:00,5264.2,5298.63,5264.2,5296.24
2026.01.29 19:15,5296.26,5367.95,5294.54,5362.54
2026.01.29 19:30,5362.52,5375.31,5339.5,5368.51
2026.01.29 19:45,5368.52,5371.94,5314.37,5334.99
2026.01.29 20:00,5335.04,5358.71,5330.47,5354.88
2026.01.29 20:15,5354.8,5358.95,5307.83,5330.37
2026.01.29 20:30,5330.35,5360.8,5322.31,5341.5
2026.01.29 20:45,5341.63,5361.72,5336.23,5338.73
2026.01.29 21:00,5338.94,5345.14,5305.32,5306.71
2026.01.29 21:15,5306.58,5332.14,5305.66,5318.61
2026.01.29 21:30,5318.74,5327.41,5290.15,5316.75
2026.01.29 21:45,5316.5,5325.1,5299.42,5305.44
2026.01.29 22:00,5305.5,5310.48,5283.13,5295.79
2026.01.29 22:15,5295.78,5325.41,5289.64,5318.17
2026.01.29 22:30,5319.11,5357.84,5309.94,5354.36
2026.01.29 22:45,5354.27,5406.81,5353.43,5394.2
2026.01.29 23:00,5393.97,5405.66,5382.83,5398.19
2026.01.29 23:15,5398.21,5425.54,5388.6,5411.34
2026.01.29 23:30,5411.35,5411.98,5378.91,5383.52
2026.01.29 23:45,5383.5,5398.02,5369.63,5370.76
2026.01.30 01:00,5385.13,5448.29,5376.62,5421.91
2026.01.30 01:15,5421.57,5428.04,5387.82,5416.34
2026.01.30 01:30,5416.1,5439.28,5406.68,5438.49
2026.01.30 01:45,5438.44,5447.79,5428.37,5438.2
2026.01.30 02:00,5438.21,5450.76,5431.25,5445.1
2026.01.30 02:15,5445.09,5450.56,5418.7,5426.4
2026.01.30 02:30,5426.38,5436.27,5405.4,5411.2
2026.01.30 02:45,5411.21,5420.84,5389.81,5406.96
2026.01.30 03:00,5407.98,5409.79,5301.79,5310.29
2026.01.30 03:15,5310.25,5363.39,5306.56,5357.11
2026.01.30 03:30,5357.11,5372.96,5344.75,5349.41
2026.01.30 03:45,5349.28,5349.28,5290.34,5301.09
2026.01.30 04:00,5301.0,5312.24,5195.62,5211.5
2026.01.30 04:15,5211.66,5214.09,5112.07,5171.74
2026.01.30 04:30,5171.65,5230.38,5139.75,5216.67
2026.01.30 04:45,5216.73,5246.15,5202.02,5225.09
2026.01.30 05:00,5225.06,5229.15,5166.9,5181.55
2026.01.30 05:15,5180.9,5206.34,5172.72,5199.27
2026.01.30 05:30,5199.22,5221.84,5153.39,5154.96
2026.01.30 05:45,5154.84,5199.79,5151.84,5196.05
2026.01.30 06:00,5195.82,5225.32,5193.68,5214.43
2026.01.30 06:15,5214.63,5230.51,5198.57,5210.66
2026.01.30 06:30,5210.63,5226.55,5202.27,5203.75
2026.01.30 06:45,5203.6,5216.78,5200.63,5214.72
2026.01.30 07:00,5213.22,5224.79,5203.38,5224.79
2026.01.30 07:15,5224.84,5241.01,5223.39,5229.94
2026.01.30 07:30,5229.89,5239.36,5212.72,5232.03
2026.01.30 07:45,5232.18,5235.09,5179.56,5184.92
2026.01.30 08:00,5185.2,5205.44,5175.04,5190.77
2026.01.30 08:15,5190.71,5197.79,5156.91,5157.2
2026.01.30 08:30,5157.1,5179.59,5151.79,5157.89
2026.01.30 08:45,5158.1,5172.02,5145.58,5155.63
2026.01.30 09:00,5155.59,5186.34,5125.2,5173.37
2026.01.30 09:15,5173.46,5185.15,5165.02,5174.75
2026.01.30 09:30,5174.76,5178.53,5117.78,5146.64
2026.01.30 09:45,5146.63,5184.65,5142.44,5180.95
2026.01.30 10:00,5180.36,5180.36,5140.94,5145.47
2026.01.30 10:15,5145.65,5170.68,5132.83,5152.3
2026.01.30 10:30,5152.06,5154.44,5054.32,5096.34
2026.01.30 10:45,5096.54,5128.54,5091.8,5117.23
2026.01.30 11:00,5116.97,5131.99,5014.45,5028.2
2026.01.30 11:15,5028.52,5069.88,5020.58,5028.36
2026.01.30 11:30,5027.82,5068.38,4975.96,4977.04
2026.01.30 11:45,4976.93,5030.19,4942.33,5013.67
2026.01.30 12:00,5012.69,5052.3,5000.71,5038.86
2026.01.30 12:15,5038.77,5075.85,5031.87,5059.78
2026.01.30 12:30,5059.72,5092.24,5054.91,5078.06
2026.01.30 12:45,5078.66,5122.62,5076.5,5119.74
2026.01.30 13:00,5119.43,5126.23,5090.12,5120.31
2026.01.30 13:15,5120.43,5130.23,5105.43,5124.58
2026.01.30 13:30,5124.57,5137.76,5118.32,5120.9
2026.01.30 13:45,5120.93,5144.41,5088.81,5135.65
2026.01.30 14:00,5135.75,5145.54,5121.43,5128.78
2026.01.30 14:15,5128.82,5139.78,5109.56,5119.76
2026.01.30 14:30,5119.84,5135.85,5103.31,5113.67
2026.01.30 14:45,5113.72,5115.6,5055.67,5064.62
2026.01.30 15:00,5064.64,5099.62,5054.68,5075.17
2026.01.30 15:15,5075.54,5076.68,5014.18,5026.03
2026.01.30 15:30,5025.82,5047.66,5011.01,5037.86
2026.01.30 15:45,5037.7,5037.7,4992.04,5019.29
2026.01.30 16:00,5019.31,5073.41,5017.51,5052.78
2026.01.30 16:15,5052.77,5087.58,5040.99,5072.3
2026.01.30 16:30,5072.05,5113.03,5056.89,5081.03
2026.01.30 16:45,5081.06,5097.35,5014.1,5032.74
2026.01.30 17:00,5032.03,5045.62,4980.48,5027.68
2026.01.30 17:15,5027.79,5060.23,5027.35,5045.44
2026.01.30 17:30,5045.13,5073.03,5040.2,5058.98
2026.01.30 17:45,5058.96,5073.94,5038.42,5050.55
2026.01.30 18:00,5050.49,5051.78,5017.04,5030.15
2026.01.30 18:15,5030.19,5034.95,4989.41,4995.35
2026.01.30 18:30,4995.21,5016.92,4959.36,5010.25
2026.01.30 18:45,5010.28,5014.43,4943.7,4984.99
2026.01.30 19:00,4985.02,4985.66,4899.78,4914.66
2026.01.30 19:15,4915.35,4940.38,4898.81,4925.67
2026.01.30 19:30,4925.64,4925.64,4839.17,4859.72
2026.01.30 19:45,4859.66,4878.15,4800.78,4849.38
2026.01.30 20:00,4849.41,4889.48,4786.9,4807.68
2026.01.30 20:15,4807.65,4817.15,4693.45,4742.54
2026.01.30 20:30,4740.73,4784.65,4684.92,4779.65
2026.01.30 20:45,4778.11,4893.32,4772.99,4880.36
2026.01.30 21:00,4880.93,4917.74,4871.85,4889.03
2026.01.30 21:15,4889.06,4900.36,4842.05,4893.09
2026.01.30 21:30,4893.12,4929.76,4881.57,4926.63
2026.01.30 21:45,4926.55,4947.58,4908.64,4932.73
2026.01.30 22:00,4932.78,4932.78,4879.49,4899.78
2026.01.30 22:15,4899.77,4913.3,4880.86,4890.22
2026.01.30 22:30,4890.25,4893.83,4844.04,4861.44
2026.01.30 22:45,4861.47,4879.47,4808.71,4846.83
2026.01.30 23:00,4847.52,4862.99,4831.7,4839.42
2026.01.30 23:15,4839.49,4889.56,4836.22,4874.2
2026.01.30 23:30,4874.13,4880.71,4849.3,4860.09
2026.01.30 23:45,4860.08,4891.55,4856.16,4890.34
2026.02.02 01:00,4805.03,4869.41,4711.14,4740.77
2026.02.02 01:15,4740.79,4757.37,4696.67,4726.26
2026.02.02 01:30,4725.95,4787.94,4714.13,4774.6
2026.02.02 01:45,4774.61,4778.02,4721.98,4741.81
2026.02.02 02:00,4742.15,4845.36,4740.11,4844.51
2026.02.02 02:15,4844.5,4884.67,4828.28,4846.51
2026.02.02 02:30,4846.72,4847.17,4795.79,4803.87
2026.02.02 02:45,4804.02,4807.31,4760.39,4766.18
2026.02.02 03:00,4765.98,4784.02,4583.67,4643.05
2026.02.02 03:15,4643.14,4708.74,4643.01,4697.06
2026.02.02 03:30,4697.1,4739.44,4667.67,4713.95
2026.02.02 03:45,4713.34,4749.13,4705.25,4737.5
2026.02.02 04:00,4737.25,4748.66,4699.08,4732.5
2026.02.02 04:15,4732.52,4745.55,4715.29,4737.75
2026.02.02 04:30,4738.65,4772.18,4735.98,4764.78
2026.02.02 04:45,4764.77,4764.77,4698.63,4711.15
2026.02.02 05:00,4711.01,4727.56,4690.55,4692.98
2026.02.02 05:15,4693.11,4728.94,4659.88,4696.01
2026.02.02 05:30,4696.21,4700.34,4630.43,4666.13
2026.02.02 05:45,4665.88,4694.12,4640.07,4646.06
2026.02.02 06:00,4646.13,4663.2,4603.63,4661.92
2026.02.02 06:15,4661.97,4704.53,4660.53,4670.79
2026.02.02 06:30,4670.88,4699.01,4658.41,4687.89
2026.02.02 06:45,4687.94,4712.77,4672.55,4679.85
2026.02.02 07:00,4679.84,4696.01,4649.86,4661.52
2026.02.02 07:15,4661.74,4673.58,4649.36,4658.22
2026.02.02 07:30,4658.27,4658.31,4572.92,4576.07
2026.02.02 07:45,4576.02,4579.01,4499.06,4549.2
2026.02.02 08:00,4548.94,4573.14,4520.69,4535.63
2026.02.02 08:15,4535.06,4549.15,4433.77,4486.42
2026.02.02 08:30,4486.41,4500.5,4402.99,4452.77
2026.02.02 08:45,4452.7,4522.78,4430.38,4502.9
2026.02.02 09:00,4504.25,4554.07,4487.47,4537.24
2026.02.02 09:15,4536.96,4574.4,4523.91,4559.72
2026.02.02 09:30,4560.04,4591.78,4524.94,4582.9
2026.02.02 09:45,4582.81,4619.21,4581.1,4586.69
2026.02.02 10:00,4587.27,4628.18,4561.68,4610.11
2026.02.02 10:15,4609.46,4649.07,4600.95,4645.69
2026.02.02 10:30,4645.71,4649.89,4607.58,4641.15
2026.02.02 10:45,4641.06,4650.92,4627.17,4641.1
2026.02.02 11:00,4640.84,4656.56,4603.49,4645.97
2026.02.02 11:15,4645.99,4700.05,4626.14,4690.21
2026.02.02 11:30,4689.67,4712.79,4678.6,4687.76
2026.02.02 11:45,4687.8,4731.63,4684.44,4719.68
2026.02.02 12:00,4719.61,4733.64,4704.37,4730.41
2026.02.02 12:15,4730.47,4730.9,4670.58,4682.31
2026.02.02 12:30,4682.35,4698.02,4661.4,4673.69
2026.02.02 12:45,4673.73,4711.5,4657.2,4705.61
2026.02.02 13:00,4705.53,4749.42,4703.27,4749.1
2026.02.02 13:15,4749.03,4759.81,4739.64,4752.83
2026.02.02 13:30,4752.99,4778.41,4747.13,4772.56
2026.02.02 13:45,4772.79,4778.95,4756.69,4765.97
2026.02.02 14:00,4765.96,4776.22,4743.99,4762.9
2026.02.02 14:15,4762.72,4789.6,4760.07,4777.68
2026.02.02 14:30,4777.7,4797.24,4770.27,4797.07
2026.02.02 14:45,4797.62,4812.34,4773.23,4794.02
2026.02.02 15:00,4793.82,4803.09,4719.92,4783.57
2026.02.02 15:15,4783.83,4794.29,4728.1,4739.6
2026.02.02 15:30,4739.59,4741.63,4669.66,4685.71
2026.02.02 15:45,4685.86,4722.04,4684.09,4705.96
2026.02.02 16:00,4706.06,4738.69,4699.42,4726.14
2026.02.02 16:15,4725.7,4729.78,4679.78,4721.43
2026.02.02 16:30,4721.45,4793.93,4709.91,4753.83
2026.02.02 16:45,4753.51,4762.2,4699.87,4719.23
2026.02.02 17:00,4719.19,4745.35,4690.78,4711.16
2026.02.02 17:15,4710.98,4727.21,4673.95,4681.07
2026.02.02 17:30,4681.11,4704.36,4649.09,4675.49
2026.02.02 17:45,4675.45,4677.43,4617.29,4619.93
2026.02.02 18:00,4619.97,4703.92,4596.61,4696.91
2026.02.02 18:15,4696.94,4708.42,4663.1,4671.52
2026.02.02 18:30,4671.51,4688.5,4644.97,4668.91
2026.02.02 18:45,4668.89,4676.67,4649.58,4665.72
2026.02.02 19:00,4665.76,4713.67,4659.82,4707.42
2026.02.02 19:15,4707.49,4713.03,4660.09,4667.35
2026.02.02 19:30,4667.35,4687.89,4656.55,4674.46
2026.02.02 19:45,4674.47,4688.5,4663.21,4673.86
2026.02.02 20:00,4673.92,4674.1,4633.63,4635.7
2026.02.02 20:15,4635.77,4646.73,4618.41,4631.92
2026.02.02 20:30,4632.57,4673.87,4632.57,4657.01
2026.02.02 20:45,4656.92,4671.57,4644.48,4657.76
2026.02.02 21:00,4657.73,4661.95,4637.17,4647.11
2026.02.02 21:15,4647.12,4654.07,4631.37,4643.54
2026.02.02 21:30,4643.39,4699.58,4636.94,4694.44
2026.02.02 21:45,4694.66,4712.57,4676.71,4685.3
2026.02.02 22:00,4685.39,4700.54,4669.07,4692.2
2026.02.02 22:15,4692.26,4692.26,4651.49,4670.26
2026.02.02 22:30,4670.95,4692.26,4656.69,4680.26
2026.02.02 22:45,4680.19,4682.08,4647.49,4652.52
2026.02.02 23:00,4652.9,4676.4,4643.81,4674.94
2026.02.02 23:15,4675.04,4686.68,4660.09,4680.59
2026.02.02 23:30,4680.63,4685.72,4668.52,4669.5
2026.02.02 23:45,4669.62,4672.34,4648.83,4660.72
2026.02.03 01:00,4668.26,4723.44,4665.67,4718.12
2026.02.03 01:15,4718.11,4763.34,4715.93,4738.12
2026.02.03 01:30,4737.94,4751.05,4716.66,4731.48
2026.02.03 01:45,4731.53,4775.48,4729.23,4774.3
2026.02.03 02:00,4773.91,4796.62,4765.9,4786.64
2026.02.03 02:15,4786.66,4828.82,4786.66,4819.72
2026.02.03 02:30,4819.7,4830.67,4813.15,4821.1
2026.02.03 02:45,4821.29,4827.91,4773.67,4780.13
2026.02.03 03:00,4781.89,4830.6,4766.18,4829.5
2026.02.03 03:15,4829.61,4855.34,4823.26,4853.48
2026.02.03 03:30,4853.5,4855.93,4830.2,4845.28
2026.02.03 03:45,4845.3,4850.56,4820.13,4841.27
2026.02.03 04:00,4840.91,4841.66,4790.08,4801.16
2026.02.03 04:15,4801.16,4801.91,4760.82,4773.05
2026.02.03 04:30,4773.02,4787.68,4757.52,4758.02
2026.02.03 04:45,4753.63,4784.81,4745.49,4783.77
2026.02.03 05:00,4783.79,4794.05,4762.4,4768.68
2026.02.03 05:15,4768.65,4780.2,4751.56,4773.06
2026.02.03 05:30,4772.91,4811.93,4770.25,4807.98
2026.02.03 05:45,4804.98,4813.02,4786.38,4809.07
2026.02.03 06:00,4809.02,4824.96,4807.92,4815.38
2026.02.03 06:15,4815.43,4818.71,4800.45,4806.09
2026.02.03 06:30,4806.26,4825.07,4805.79,4820.43
2026.02.03 06:45,4820.41,4824.57,4808.21,4809.04
2026.02.03 07:00,4809.46,4821.37,4809.23,4812.76
2026.02.03 07:15,4812.74,4841.42,4812.12,4839.42
2026.02.03 07:30,4839.44,4839.66,4816.76,4820.66
2026.02.03 07:45,4820.58,4830.08,4813.3,4824.91
2026.02.03 08:00,4824.95,4848.57,4816.39,4842.77
2026.02.03 08:15,4842.8,4874.92,4841.59,4871.61
2026.02.03 08:30,4871.53,4893.41,4868.5,4891.25
2026.02.03 08:45,4891.31,4893.62,4864.78,4881.14
2026.02.03 09:00,4880.79,4893.17,4871.94,4893.01
2026.02.03 09:15,4892.97,4901.44,4879.55,4900.01
2026.02.03 09:30,4900.27,4933.41,4898.57,4921.14
2026.02.03 09:45,4920.22,4927.2,4912.93,4917.03
2026.02.03 10:00,4917.49,4932.01,4898.1,4928.16
2026.02.03 10:15,4928.15,4941.72,4927.29,4936.27
2026.02.03 10:30,4936.23,4947.94,4930.67,4935.51
2026.02.03 10:45,4935.48,4938.35,4911.21,4912.34
2026.02.03 11:00,4912.4,4923.93,4907.83,4916.06
2026.02.03 11:15,4916.04,4916.22,4890.31,4891.25
2026.02.03 11:30,4891.22,4922.25,4884.47,4921.3
2026.02.03 11:45,4921.14,4925.92,4914.73,4916.0
2026.02.03 12:00,4916.08,4929.79,4914.25,4922.75
2026.02.03 12:15,4922.78,4922.83,4913.92,4914.48
2026.02.03 12:30,4914.51,4923.66,4914.1,4919.81
2026.02.03 12:45,4919.74,4923.9,4901.56,4902.14
2026.02.03 13:00,4902.12,4912.28,4889.63,4906.52
2026.02.03 13:15,4906.47,4909.78,4883.7,4900.9
2026.02.03 13:30,4901.06,4919.02,4898.2,4909.39
2026.02.03 13:45,4909.37,4917.06,4898.7,4916.54
2026.02.03 14:00,4916.72,4935.36,4910.07,4924.75
2026.02.03 14:15,4924.79,4925.74,4892.06,4902.53
2026.02.03 14:30,4902.49,4918.96,4900.01,4912.08
2026.02.03 14:45,4912.06,4918.45,4907.95,4913.58
2026.02.03 15:00,4913.7,4930.74,4902.76,4928.59
2026.02.03 15:15,4928.69,4938.97,4917.08,4933.95
2026.02.03 15:30,4933.94,4942.02,4928.57,4941.64
2026.02.03 15:45,4941.77,4950.83,4921.22,4932.6
2026.02.03 16:00,4932.63,4936.32,4917.48,4923.89
2026.02.03 16:15,4923.77,4925.11,4896.39,4924.72
2026.02.03 16:30,4924.95,4928.66,4893.7,4918.17
2026.02.03 16:45,4918.11,4929.99,4909.78,4916.97
2026.02.03 17:00,4916.91,4948.45,4904.98,4933.55
2026.02.03 17:15,4936.35,4942.96,4908.15,4924.92
2026.02.03 17:30,4924.96,4928.73,4908.08,4923.63
2026.02.03 17:45,4923.61,4935.49,4918.14,4935.15
2026.02.03 18:00,4935.16,4945.64,4929.69,4943.95
2026.02.03 18:15,4943.97,4980.32,4941.14,4972.98
2026.02.03 18:30,4973.02,4993.53,4964.55,4980.8
2026.02.03 18:45,4980.81,4983.17,4951.72,4955.33
2026.02.03 19:00,4955.31,4962.36,4923.36,4943.67
2026.02.03 19:15,4943.76,4969.61,4937.03,4948.33
2026.02.03 19:30,4948.36,4964.48,4913.53,4921.8
2026.02.03 19:45,4921.88,4947.97,4907.61,4929.0
2026.02.03 20:00,4928.98,4953.77,4926.31,4943.03
2026.02.03 20:15,4943.05,4948.23,4904.68,4908.63
2026.02.03 20:30,4908.66,4918.19,4885.39,4905.9
2026.02.03 20:45,4905.45,4914.92,4891.33,4908.12
2026.02.03 21:00,4908.22,4917.57,4880.35,4915.75
2026.02.03 21:15,4915.78,4933.44,4914.68,4930.3
2026.02.03 21:30,4930.29,4948.59,4922.32,4940.36
2026.02.03 21:45,4940.25,4942.06,4916.13,4927.02
2026.02.03 22:00,4927.0,4927.11,4902.39,4920.71
2026.02.03 22:15,4920.76,4941.76,4912.06,4939.0
2026.02.03 22:30,4939.01,4956.58,4937.65,4951.41
2026.02.03 22:45,4951.45,4956.49,4932.55,4944.22
2026.02.03 23:00,4944.07,4963.99,4938.3,4957.83
2026.02.03 23:15,4957.82,4958.3,4943.17,4950.82
2026.02.03 23:30,4950.95,4958.01,4935.41,4940.08
2026.02.03 23:45,4940.19,4948.82,4933.67,4946.89
2026.02.04 01:00,4947.11,4972.19,4909.83,4932.51
2026.02.04 01:15,4932.45,4944.97,4920.3,4923.69
2026.02.04 01:30,4923.44,4950.26,4921.06,4948.56
2026.02.04 01:45,4948.5,4955.19,4939.72,4947.45
2026.02.04 02:00,4947.2,4987.63,4946.0,4987.13
2026.02.04 02:15,4987.1,4999.45,4978.02,4981.39
2026.02.04 02:30,4981.35,4994.05,4968.22,4986.75
2026.02.04 02:45,4986.74,5016.06,4986.62,5015.69
2026.02.04 03:00,5015.67,5053.09,4985.13,5051.04
2026.02.04 03:15,5051.02,5053.4,5031.15,5037.25
2026.02.04 03:30,5037.22,5039.29,5010.65,5032.1
2026.02.04 03:45,5032.11,5050.22,5027.98,5046.61
2026.02.04 04:00,5046.58,5065.65,5046.58,5059.98
2026.02.04 04:15,5059.96,5064.66,5052.76,5057.57
2026.02.04 04:30,5057.59,5061.99,5039.19,5060.53
2026.02.04 04:45,5060.54,5060.91,5035.28,5039.94
2026.02.04 05:00,5039.98,5056.22,5035.69,5049.08
2026.02.04 05:15,5049.09,5054.73,5038.92,5052.09
2026.02.04 05:30,5051.6,5072.01,5051.52,5062.38
2026.02.04 05:45,5062.34,5073.42,5060.96,5069.56
2026.02.04 06:00,5069.54,5073.34,5062.32,5072.44
2026.02.04 06:15,5072.48,5073.67,5055.98,5061.7
2026.02.04 06:30,5061.69,5072.83,5060.13,5071.81
2026.02.04 06:45,5071.8,5081.07,5071.1,5080.38
2026.02.04 07:00,5080.35,5083.4,5076.55,5082.81
2026.02.04 07:15,5082.82,5085.18,5078.52,5079.98
2026.02.04 07:30,5080.05,5086.51,5068.97,5081.04
2026.02.04 07:45,5081.01,5090.28,5076.73,5079.3
2026.02.04 08:00,5079.34,5082.72,5056.18,5059.5
2026.02.04 08:15,5059.56,5068.15,5050.94,5054.21
2026.02.04 08:30,5054.23,5070.91,5053.6,5070.67
2026.02.04 08:45,5070.66,5079.71,5067.45,5076.89
2026.02.04 09:00,5076.73,5082.7,5062.99,5063.05
2026.02.04 09:15,5063.08,5089.35,5061.95,5089.35
2026.02.04 09:30,5089.3,5090.17,5066.57,5080.55
2026.02.04 09:45,5080.49,5091.12,5080.1,5084.48
2026.02.04 10:00,5084.35,5091.58,5074.51,5077.34
2026.02.04 10:15,5077.36,5087.43,5076.68,5083.76
2026.02.04 10:30,5083.79,5084.88,5068.8,5079.21
2026.02.04 10:45,5079.2,5085.13,5071.29,5083.28
2026.02.04 11:00,5083.33,5086.62,5067.93,5069.05
2026.02.04 11:15,5069.06,5069.06,5053.23,5056.61
2026.02.04 11:30,5056.63,5065.85,5042.98,5057.44
2026.02.04 11:45,5057.39,5064.09,5047.22,5059.88
2026.02.04 12:00,5060.03,5064.2,5048.02,5053.59
2026.02.04 12:15,5053.49,5056.37,5041.7,5043.25
2026.02.04 12:30,5044.48,5061.29,5044.16,5059.76
2026.02.04 12:45,5059.72,5060.91,5045.8,5048.39
2026.02.04 13:00,5048.36,5053.07,5042.3,5042.33
2026.02.04 13:15,5042.31,5043.92,5013.28,5023.7
2026.02.04 13:30,5023.8,5039.77,5021.89,5032.17
2026.02.04 13:45,5032.26,5050.23,5030.22,5047.33
2026.02.04 14:00,5047.41,5055.12,5037.14,5045.01
2026.02.04 14:15,5045.14,5049.87,5039.9,5047.21
2026.02.04 14:30,5047.21,5063.26,5047.2,5055.72
2026.02.04 14:45,5055.74,5057.78,5036.29,5040.88
2026.02.04 15:00,5040.98,5046.02,5023.22,5029.29
2026.02.04 15:15,5029.58,5054.19,5029.58,5048.71
2026.02.04 15:30,5049.35,5058.73,5032.97,5036.67
2026.02.04 15:45,5036.77,5063.33,5035.52,5053.8
2026.02.04 16:00,5054.09,5058.79,5034.33,5047.7
2026.02.04 16:15,5047.71,5050.9,5028.63,5031.04
2026.02.04 16:30,5031.14,5037.44,4967.15,4995.88
2026.02.04 16:45,4996.01,5017.79,4970.86,4985.95
2026.02.04 17:00,4985.79,5007.6,4973.01,4990.28
2026.02.04 17:15,4989.98,4993.33,4950.45,4957.78
2026.02.04 17:30,4957.79,4961.97,4887.28,4944.24
2026.02.04 17:45,4944.25,4949.93,4910.37,4920.44
2026.02.04 18:00,4920.32,4939.81,4895.43,4931.92
2026.02.04 18:15,4932.0,4936.28,4890.31,4924.16
2026.02.04 18:30,4924.17,4934.61,4895.15,4896.73
2026.02.04 18:45,4896.67,4909.17,4855.07,4904.33
2026.02.04 19:00,4904.2,4922.67,4892.35,4921.22
2026.02.04 19:15,4921.29,4925.47,4888.39,4917.42
2026.02.04 19:30,4917.47,4930.98,4904.02,4907.84
2026.02.04 19:45,4907.86,4910.23,4895.56,4897.88
2026.02.04 20:00,4897.76,4920.83,4873.09,4910.06
2026.02.04 20:15,4910.09,4934.92,4896.11,4926.45
2026.02.04 20:30,4925.75,4928.5,4903.76,4919.98
2026.02.04 20:45,4919.97,4932.13,4910.65,4927.2
2026.02.04 21:00,4927.3,4946.72,4914.28,4946.72
2026.02.04 21:15,4946.47,4950.12,4920.61,4933.76
2026.02.04 21:30,4933.74,4944.94,4928.39,4942.17
2026.02.04 21:45,4942.15,4957.49,4931.24,4941.67
2026.02.04 22:00,4941.87,4945.54,4921.87,4933.51
2026.02.04 22:15,4933.52,4936.76,4919.22,4922.46
2026.02.04 22:30,4922.47,4951.01,4914.85,4942.34
2026.02.04 22:45,4942.36,4950.71,4933.9,4938.31
2026.02.04 23:00,4938.1,4953.43,4937.42,4953.37
2026.02.04 23:15,4953.38,4959.35,4949.38,4958.77
2026.02.04 23:30,4958.79,4970.12,4952.55,4961.66
2026.02.04 23:45,4962.27,4970.72,4958.6,4964.75
2026.02.05 01:00,4977.44,5009.71,4968.36,5009.71
2026.02.05 01:15,5009.51,5021.24,5000.55,5019.78
2026.02.05 01:30,5019.29,5023.64,5009.65,5022.65
2026.02.05 01:45,5022.61,5023.73,5007.91,5012.29
2026.02.05 02:00,5012.35,5018.06,4996.8,4998.13
2026.02.05 02:15,4998.46,5019.21,4997.49,5015.34
2026.02.05 02:30,5015.42,5018.08,5009.03,5018.05
2026.02.05 02:45,5018.04,5020.19,5003.97,5006.59
2026.02.05 03:00,5007.59,5012.07,4966.89,4967.11
2026.02.05 03:15,4968.01,4973.21,4935.79,4951.79
2026.02.05 03:30,4951.8,4985.21,4951.8,4979.95
2026.02.05 03:45,4979.98,4986.23,4957.61,4958.49
2026.02.05 04:00,4958.52,4961.37,4901.73,4915.51
2026.02.05 04:15,4915.2,4941.87,4894.97,4936.56
2026.02.05 04:30,4936.54,4940.5,4895.83,4897.09
2026.02.05 04:45,4896.84,4899.8,4805.17,4811.6
2026.02.05 05:00,4811.77,4858.05,4788.72,4847.16
2026.02.05 05:15,4847.05,4888.73,4833.22,4858.79
2026.02.05 05:30,4858.93,4879.37,4839.32,4867.45
2026.02.05 05:45,4867.44,4885.75,4852.62,4880.54
2026.02.05 06:00,4880.47,4885.18,4863.27,4874.96
2026.02.05 06:15,4875.0,4891.0,4871.09,4886.76
2026.02.05 06:30,4887.15,4888.04,4869.99,4886.58
2026.02.05 06:45,4886.64,4888.31,4863.55,4863.8
2026.02.05 07:00,4863.97,4875.95,4849.08,4852.9
2026.02.05 07:15,4852.92,4870.45,4840.19,4868.69
2026.02.05 07:30,4868.71,4887.02,4826.58,4885.28
2026.02.05 07:45,4885.35,4906.57,4885.28,4896.08
2026.02.05 08:00,4896.06,4920.15,4878.38,4910.32
2026.02.05 08:15,4910.29,4930.11,4901.21,4929.29
2026.02.05 08:30,4929.31,4930.14,4909.57,4929.2
2026.02.05 08:45,4929.27,4933.61,4898.72,4920.38
2026.02.05 09:00,4920.37,4931.06,4915.89,4921.9
2026.02.05 09:15,4921.89,4940.61,4911.19,4932.44
2026.02.05 09:30,4932.45,4933.38,4895.86,4910.26
2026.02.05 09:45,4910.25,4920.05,4907.16,4914.98
2026.02.05 10:00,4914.87,4942.16,4912.63,4940.85
2026.02.05 10:15,4940.86,4943.56,4919.36,4920.93
2026.02.05 10:30,4920.91,4929.24,4917.27,4922.44
2026.02.05 10:45,4922.43,4923.21,4901.03,4911.76
2026.02.05 11:00,4911.88,4914.2,4862.75,4862.98
2026.02.05 11:15,4862.98,4886.27,4853.63,4873.67
2026.02.05 11:30,4874.13,4891.32,4873.18,4890.04
2026.02.05 11:45,4889.89,4893.86,4849.62,4855.05
2026.02.05 12:00,4855.02,4874.31,4851.87,4874.15
2026.02.05 12:15,4874.16,4877.89,4847.78,4861.41
2026.02.05 12:30,4861.4,4879.23,4851.72,4876.17
2026.02.05 12:45,4876.19,4886.5,4868.0,4876.74
2026.02.05 13:00,4876.73,4888.7,4876.53,4886.98
2026.02.05 13:15,4886.97,4894.31,4879.13,4891.92
2026.02.05 13:30,4892.01,4893.07,4870.12,4872.03
2026.02.05 13:45,4871.45,4885.84,4864.32,4868.09
2026.02.05 14:00,4867.09,4877.92,4834.18,4839.74
2026.02.05 14:15,4839.72,4848.29,4810.28,4847.73
2026.02.05 14:30,4847.59,4870.63,4841.18,4847.92
2026.02.05 14:45,4847.99,4867.9,4840.94,4853.79
2026.02.05 15:00,4853.89,4854.83,4801.91,4825.54
2026.02.05 15:15,4825.48,4865.47,4824.74,4852.8
2026.02.05 15:30,4851.12,4867.78,4822.64,4824.83
2026.02.05 15:45,4824.79,4846.54,4820.22,4835.22
2026.02.05 16:00,4835.26,4849.78,4811.59,4814.16
2026.02.05 16:15,4814.12,4838.04,4809.82,4835.12
2026.02.05 16:30,4835.22,4865.39,4805.9,4859.23
2026.02.05 16:45,4859.3,4869.8,4839.32,4845.85
2026.02.05 17:00,4846.05,4865.23,4822.15,4828.42
2026.02.05 17:15,4828.49,4845.82,4813.56,4819.55
2026.02.05 17:30,4819.27,4838.38,4809.89,4811.55
2026.02.05 17:45,4811.65,4825.35,4800.45,4817.77
2026.02.05 18:00,4817.9,4841.01,4812.51,4820.44
2026.02.05 18:15,4820.42,4856.77,4818.38,4849.56
2026.02.05 18:30,4850.12,4880.15,4844.68,4878.29
2026.02.05 18:45,4878.4,4906.28,4864.14,4888.81
2026.02.05 19:00,4888.7,4890.3,4865.74,4875.39
2026.02.05 19:15,4875.29,4880.13,4859.01,4867.3
2026.02.05 19:30,4867.28,4878.46,4859.42,4870.62
2026.02.05 19:45,4870.63,4884.89,4863.74,4868.94
2026.02.05 20:00,4868.7,4874.99,4854.99,4861.2
2026.02.05 20:15,4861.23,4875.09,4851.24,4869.45
2026.02.05 20:30,4869.25,4872.89,4854.18,4870.39
2026.02.05 20:45,4870.89,4873.1,4851.2,4858.05
2026.02.05 21:00,4858.04,4865.16,4843.51,4851.07
2026.02.05 21:15,4851.03,4859.56,4846.68,4851.25
2026.02.05 21:30,4851.23,4853.64,4828.11,4836.98
2026.02.05 21:45,4836.95,4843.69,4823.46,4829.23
2026.02.05 22:00,4829.18,4843.22,4813.69,4833.21
2026.02.05 22:15,4833.2,4835.75,4810.62,4825.47
2026.02.05 22:30,4825.75,4831.87,4806.81,4812.73
2026.02.05 22:45,4812.59,4816.98,4793.24,4811.25
2026.02.05 23:00,4810.63,4826.21,4804.67,4810.35
2026.02.05 23:15,4810.38,4813.55,4795.37,4802.54
2026.02.05 23:30,4802.66,4804.42,4760.05,4764.38
2026.02.05 23:45,4763.82,4781.67,4760.05,4779.55
2026.02.06 01:00,4790.02,4796.0,4759.32,4768.71
2026.02.06 01:15,4768.67,4772.86,4748.54,4751.6
2026.02.06 01:30,4751.69,4756.56,4733.09,4741.86
2026.02.06 01:45,4741.79,4742.9,4703.31,4703.64
2026.02.06 02:00,4703.55,4706.88,4680.17,4682.37
2026.02.06 02:15,4682.31,4729.98,4654.7,4724.69
2026.02.06 02:30,4724.68,4760.65,4708.24,4758.41
2026.02.06 02:45,4758.75,4764.76,4739.42,4762.98
2026.02.06 03:00,4762.96,4763.29,4693.17,4747.0
2026.02.06 03:15,4746.97,4762.35,4704.6,4711.5
2026.02.06 03:30,4711.82,4747.13,4705.14,4741.59
2026.02.06 03:45,4741.56,4784.59,4736.38,4774.26
2026.02.06 04:00,4774.06,4796.87,4761.12,4787.42
2026.02.06 04:15,4787.7,4821.52,4782.79,4820.38
2026.02.06 04:30,4820.47,4846.13,4809.34,4826.06
2026.02.06 04:45,4826.25,4832.38,4809.75,4817.02
2026.02.06 05:00,4816.96,4838.88,4809.05,4814.49
2026.02.06 05:15,4814.6,4827.96,4801.6,4811.45
2026.02.06 05:30,4811.47,4825.04,4800.83,4805.23
2026.02.06 05:45,4805.15,4826.3,4805.14,4824.07
2026.02.06 06:00,4824.09,4827.63,4814.81,4819.13
2026.02.06 06:15,4819.1,4827.7,4807.22,4826.47
2026.02.06 06:30,4826.4,4831.81,4819.63,4822.17
2026.02.06 06:45,4822.38,4824.36,4810.47,4813.61
2026.02.06 07:00,4813.88,4825.63,4807.65,4824.16
2026.02.06 07:15,4824.12,4852.05,4819.09,4852.02
2026.02.06 07:30,4852.0,4871.41,4837.23,4866.0
2026.02.06 07:45,4866.02,4897.78,4862.38,4897.51
2026.02.06 08:00,4897.48,4903.13,4865.64,4866.68
2026.02.06 08:15,4866.61,4871.86,4848.47,4853.63
2026.02.06 08:30,4853.6,4866.44,4836.58,4846.61
2026.02.06 08:45,4846.58,4856.02,4825.27,4846.26
2026.02.06 09:00,4846.23,4854.52,4838.34,4849.11
2026.02.06 09:15,4849.14,4861.58,4843.1,4858.71
2026.02.06 09:30,4858.39,4859.59,4847.4,4856.4
2026.02.06 09:45,4856.38,4856.63,4840.06,4840.89
2026.02.06 10:00,4840.84,4853.32,4829.41,4851.17
2026.02.06 10:15,4851.18,4874.17,4848.11,4867.4
2026.02.06 10:30,4867.39,4882.06,4855.78,4860.24
2026.02.06 10:45,4859.46,4864.34,4852.68,4861.7
2026.02.06 11:00,4860.97,4871.3,4839.66,4840.45
2026.02.06 11:15,4839.89,4866.88,4838.44,4863.39
2026.02.06 11:30,4863.37,4872.59,4858.25,4858.33
2026.02.06 11:45,4858.37,4870.9,4856.16,4866.59
2026.02.06 12:00,4866.69,4877.9,4865.78,4872.01
2026.02.06 12:15,4872.06,4876.26,4851.61,4854.95
2026.02.06 12:30,4854.64,4877.92,4853.05,4875.3
2026.02.06 12:45,4875.29,4879.87,4867.05,4878.34
2026.02.06 13:00,4878.17,4887.67,4863.79,4884.18
2026.02.06 13:15,4884.15,4894.03,4878.7,4890.88
2026.02.06 13:30,4890.89,4893.38,4880.2,4886.76
2026.02.06 13:45,4886.75,4895.72,4882.69,4887.12
2026.02.06 14:00,4887.38,4903.24,4883.37,4895.85
2026.02.06 14:15,4895.91,4896.23,4871.77,4877.58
2026.02.06 14:30,4878.06,4895.84,4877.03,4894.35
2026.02.06 14:45,4894.3,4903.12,4894.11,4900.16
2026.02.06 15:00,4900.29,4926.82,4897.11,4909.34
2026.02.06 15:15,4909.35,4928.13,4904.88,4909.29
2026.02.06 15:30,4909.26,4938.11,4908.96,4931.78
2026.02.06 15:45,4931.8,4934.39,4921.9,4928.73
2026.02.06 16:00,4929.22,4932.51,4909.7,4921.89
2026.02.06 16:15,4921.92,4926.34,4894.22,4905.06
2026.02.06 16:30,4905.01,4947.41,4897.62,4932.27
2026.02.06 16:45,4932.28,4949.3,4927.12,4947.29
2026.02.06 17:00,4947.24,4964.59,4939.02,4947.78
2026.02.06 17:15,4947.83,4959.93,4935.85,4955.45
2026.02.06 17:30,4955.47,4960.42,4938.99,4942.55
2026.02.06 17:45,4942.61,4950.61,4928.48,4943.66
2026.02.06 18:00,4943.59,4950.23,4937.01,4940.63
2026.02.06 18:15,4940.58,4945.85,4921.93,4938.42
2026.02.06 18:30,4938.39,4948.16,4929.98,4940.01
2026.02.06 18:45,4939.95,4953.33,4936.52,4951.66
2026.02.06 19:00,4951.64,4960.59,4949.08,4957.45
2026.02.06 19:15,4957.47,4959.26,4952.33,4954.48
2026.02.06 19:30,4954.53,4968.36,4948.05,4954.13
2026.02.06 19:45,4954.15,4963.98,4953.93,4960.22
2026.02.06 20:00,4960.23,4971.09,4958.71,4965.44
2026.02.06 20:15,4965.51,4966.28,4943.68,4956.04
2026.02.06 20:30,4955.87,4965.55,4951.45,4964.36
2026.02.06 20:45,4964.34,4968.37,4960.55,4962.29
2026.02.06 21:00,4962.32,4963.18,4953.59,4958.52
2026.02.06 21:15,4958.5,4961.94,4956.99,4957.37
2026.02.06 21:30,4957.42,4958.58,4948.54,4951.84
2026.02.06 21:45,4951.68,4962.55,4951.64,4957.05
2026.02.06 22:00,4957.02,4959.08,4951.02,4953.18
2026.02.06 22:15,4953.16,4956.97,4946.63,4954.73
2026.02.06 22:30,4954.85,4954.88,4936.45,4943.8
2026.02.06 22:45,4943.98,4954.05,4940.09,4953.24
2026.02.06 23:00,4953.19,4958.18,4946.21,4949.36
2026.02.06 23:15,4949.38,4954.73,4947.36,4953.68
2026.02.06 23:30,4953.7,4963.58,4953.31,4959.93
2026.02.06 23:45,4959.88,4967.5,4956.95,4967.36
2026.02.09 01:00,4981.28,4990.49,4964.46,4979.33
2026.02.09 01:15,4979.24,5026.62,4976.26,5024.56
2026.02.09 01:30,5024.53,5044.08,5020.13,5041.43
2026.02.09 01:45,5041.41,5047.18,5033.51,5035.87
2026.02.09 02:00,5035.86,5044.86,5024.84,5029.5
2026.02.09 02:15,5029.58,5041.13,5022.49,5034.82
2026.02.09 02:30,5035.28,5036.89,5016.58,5027.77
2026.02.09 02:45,5027.79,5027.82,5011.92,5019.67
2026.02.09 03:00,5020.66,5041.9,5005.66,5018.87
2026.02.09 03:15,5018.78,5032.08,5010.08,5016.79
2026.02.09 03:30,5016.8,5022.13,4975.93,5009.48
2026.02.09 03:45,5009.57,5011.85,4980.24,4982.25
2026.02.09 04:00,4982.26,4999.84,4969.05,4997.11
2026.02.09 04:15,4997.07,5001.49,4989.21,5001.13
2026.02.09 04:30,5001.14,5006.2,4989.52,4995.45
2026.02.09 04:45,4997.24,5016.98,4986.39,5006.88
2026.02.09 05:00,5006.66,5021.32,5005.42,5020.32
2026.02.09 05:15,5020.31,5026.39,5012.07,5024.92
2026.02.09 05:30,5024.91,5031.12,5018.46,5024.88
2026.02.09 05:45,5024.84,5027.59,5012.28,5015.91
2026.02.09 06:00,5016.0,5023.63,5012.33,5012.33
2026.02.09 06:15,5012.32,5024.54,5008.56,5017.55
2026.02.09 06:30,5017.54,5022.96,5015.0,5018.67
2026.02.09 06:45,5018.47,5020.04,5007.43,5011.75
2026.02.09 07:00,5011.78,5019.89,5011.07,5015.09
2026.02.09 07:15,5015.1,5031.3,5015.1,5029.95
2026.02.09 07:30,5029.93,5041.35,5025.61,5034.19
2026.02.09 07:45,5034.2,5037.81,5023.22,5036.5
2026.02.09 08:00,5035.98,5045.54,5031.46,5034.21
2026.02.09 08:15,5034.2,5037.39,5013.63,5025.29
2026.02.09 08:30,5025.11,5036.3,5021.1,5035.67
2026.02.09 08:45,5035.68,5039.82,5026.9,5031.18
2026.02.09 09:00,5031.13,5031.13,5008.46,5012.85
2026.02.09 09:15,5012.97,5014.93,4997.01,5008.32
2026.02.09 09:30,5008.28,5015.27,5007.24,5012.64
2026.02.09 09:45,5012.71,5012.75,5000.7,5006.35
2026.02.09 10:00,5006.39,5021.03,5002.77,5019.85
2026.02.09 10:15,5020.4,5031.83,5020.07,5025.67
2026.02.09 10:30,5025.48,5032.38,5021.78,5029.56
2026.02.09 10:45,5029.55,5035.34,5024.1,5027.14
2026.02.09 11:00,5027.44,5040.96,5022.84,5025.55
2026.02.09 11:15,5025.56,5027.35,5016.51,5024.19
2026.02.09 11:30,5024.16,5027.11,5011.79,5014.52
2026.02.09 11:45,5014.07,5015.49,5002.7,5007.57
2026.02.09 12:00,5007.68,5013.43,4996.57,5009.94
2026.02.09 12:15,5009.88,5015.07,4986.09,4990.91
2026.02.09 12:30,4990.92,4999.19,4982.16,4986.88
2026.02.09 12:45,4986.86,4998.69,4983.16,4990.77
2026.02.09 13:00,4990.7,4998.62,4988.58,4993.07
2026.02.09 13:15,4993.16,5006.37,4991.43,5005.91
2026.02.09 13:30,5005.84,5013.13,5001.38,5008.46
2026.02.09 13:45,5008.44,5017.96,5007.33,5010.67
2026.02.09 14:00,5010.7,5017.13,5007.21,5016.43
2026.02.09 14:15,5016.48,5017.73,5010.46,5013.94
2026.02.09 14:30,5013.96,5021.51,5009.85,5015.29
2026.02.09 14:45,5015.32,5018.87,5007.27,5013.26
2026.02.09 15:00,5013.32,5024.52,5007.79,5021.89
2026.02.09 15:15,5021.92,5024.2,5003.44,5004.14
2026.02.09 15:30,5004.13,5014.6,4995.08,4998.61
2026.02.09 15:45,4998.62,5010.64,4996.15,5006.9
2026.02.09 16:00,5006.86,5017.44,5002.15,5015.19
2026.02.09 16:15,5015.27,5023.72,5009.48,5020.8
2026.02.09 16:30,5020.79,5037.07,5013.83,5036.34
2026.02.09 16:45,5036.38,5040.59,5030.73,5037.91
2026.02.09 17:00,5037.69,5041.99,5028.56,5029.89
2026.02.09 17:15,5029.97,5035.57,5023.55,5033.06
2026.02.09 17:30,5033.11,5056.17,5033.1,5055.79
2026.02.09 17:45,5055.82,5060.13,5052.3,5058.69
2026.02.09 18:00,5058.7,5068.5,5056.36,5063.37
2026.02.09 18:15,5063.42,5079.49,5063.34,5072.26
2026.02.09 18:30,5072.34,5078.27,5066.79,5077.95
2026.02.09 18:45,5077.93,5080.28,5070.99,5073.2
2026.02.09 19:00,5073.21,5075.35,5060.86,5063.33
2026.02.09 19:15,5063.32,5071.9,5063.31,5068.04
2026.02.09 19:30,5068.06,5070.29,5061.07,5062.39
2026.02.09 19:45,5062.38,5063.64,5040.8,5046.3
2026.02.09 20:00,5046.17,5059.08,5046.14,5058.19
2026.02.09 20:15,5058.24,5059.57,5044.21,5054.1
2026.02.09 20:30,5054.11,5059.18,5048.57,5056.06
2026.02.09 20:45,5056.09,5063.87,5051.27,5062.62
2026.02.09 21:00,5062.59,5069.07,5062.31,5066.21
2026.02.09 21:15,5066.08,5074.26,5064.08,5074.22
2026.02.09 21:30,5074.24,5079.73,5072.64,5075.62
2026.02.09 21:45,5075.61,5077.71,5072.83,5074.38
2026.02.09 22:00,5074.41,5080.39,5073.35,5078.96
2026.02.09 22:15,5078.92,5081.3,5075.59,5080.11
2026.02.09 22:30,5080.12,5086.22,5072.06,5077.67
2026.02.09 22:45,5077.47,5082.72,5073.23,5079.38
2026.02.09 23:00,5079.4,5082.99,5061.64,5063.0
2026.02.09 23:15,5063.02,5065.96,5048.32,5054.99
2026.02.09 23:30,5054.98,5064.28,5053.82,5061.44
2026.02.09 23:45,5061.45,5066.17,5057.73,5058.41
2026.02.10 01:00,5059.97,5076.07,4987.69,5013.06
2026.02.10 01:15,5013.13,5028.31,5002.24,5023.66
2026.02.10 01:30,5023.37,5040.41,5013.64,5039.69
2026.02.10 01:45,5039.7,5042.11,5030.02,5031.67
2026.02.10 02:00,5031.58,5048.23,5031.56,5035.23
2026.02.10 02:15,5035.21,5044.19,5032.0,5033.76
2026.02.10 02:30,5033.81,5040.54,5015.69,5024.01
2026.02.10 02:45,5023.95,5025.47,5008.75,5018.92
2026.02.10 03:00,5018.9,5034.1,5012.49,5030.96
2026.02.10 03:15,5031.0,5037.53,5013.72,5017.21
2026.02.10 03:30,5016.82,5033.19,5015.08,5029.23
2026.02.10 03:45,5029.24,5035.65,5024.37,5032.76
2026.02.10 04:00,5032.74,5046.2,5031.57,5041.87
2026.02.10 04:15,5041.86,5056.07,5039.95,5047.06
2026.02.10 04:30,5047.09,5052.9,5041.83,5050.36
2026.02.10 04:45,5050.37,5052.58,5034.99,5038.25
2026.02.10 05:00,5038.22,5038.22,5025.27,5026.6
2026.02.10 05:15,5026.61,5028.58,5016.45,5021.68
2026.02.10 05:30,5021.51,5032.03,5020.11,5024.23
2026.02.10 05:45,5024.27,5030.12,5016.89,5030.07
2026.02.10 06:00,5030.05,5030.93,5017.53,5023.77
2026.02.10 06:15,5023.78,5029.55,5022.78,5027.17
2026.02.10 06:30,5027.18,5029.56,5022.04,5026.58
2026.02.10 06:45,5026.56,5033.8,5024.67,5031.57
2026.02.10 07:00,5031.55,5035.35,5027.56,5029.74
2026.02.10 07:15,5029.63,5030.0,5011.3,5019.22
2026.02.10 07:30,5019.26,5032.96,5013.03,5032.89
2026.02.10 07:45,5032.92,5040.46,5031.08,5039.08
2026.02.10 08:00,5039.0,5045.14,5034.77,5036.87
2026.02.10 08:15,5036.85,5037.59,5030.67,5031.68
2026.02.10 08:30,5031.7,5038.91,5026.63,5028.64
2026.02.10 08:45,5028.65,5036.16,5018.81,5024.48
2026.02.10 09:00,5024.49,5034.26,5018.55,5028.57
2026.02.10 09:15,5028.65,5031.82,5019.45,5025.26
2026.02.10 09:30,5025.28,5034.9,5024.93,5028.7
2026.02.10 09:45,5028.71,5036.11,5026.68,5033.88
2026.02.10 10:00,5033.86,5041.17,5028.85,5032.98
2026.02.10 10:15,5033.16,5040.98,5032.15,5035.51
2026.02.10 10:30,5035.49,5048.83,5034.03,5048.65
2026.02.10 10:45,5048.64,5054.93,5038.61,5041.79
2026.02.10 11:00,5041.66,5063.17,5040.48,5051.37
2026.02.10 11:15,5051.48,5055.58,5045.18,5052.1
2026.02.10 11:30,5052.08,5053.06,5045.25,5048.72
2026.02.10 11:45,5048.82,5049.87,5042.02,5046.79
2026.02.10 12:00,5046.81,5052.62,5040.56,5041.14
2026.02.10 12:15,5041.13,5050.53,5036.98,5047.38
2026.02.10 12:30,5047.54,5058.06,5045.64,5053.89
2026.02.10 12:45,5053.9,5056.55,5043.88,5046.82
2026.02.10 13:00,5046.79,5052.94,5044.42,5050.38
2026.02.10 13:15,5050.33,5051.63,5045.18,5047.69
2026.02.10 13:30,5047.67,5054.1,5046.31,5047.23
2026.02.10 13:45,5047.15,5057.32,5044.95,5055.86
2026.02.10 14:00,5055.87,5056.98,5040.96,5043.95
2026.02.10 14:15,5043.96,5051.26,5042.41,5046.58
2026.02.10 14:30,5047.16,5047.65,5023.75,5029.55
2026.02.10 14:45,5029.52,5034.28,5019.68,5032.13
2026.02.10 15:00,5032.14,5042.46,5026.62,5042.21
2026.02.10 15:15,5042.19,5046.12,5033.3,5037.75
2026.02.10 15:30,5037.87,5058.41,5037.87,5052.64
2026.02.10 15:45,5052.66,5057.05,5049.29,5050.86
2026.02.10 16:00,5050.9,5058.12,5046.37,5055.64
2026.02.10 16:15,5055.66,5074.57,5055.66,5070.19
2026.02.10 16:30,5070.17,5078.47,5053.42,5055.51
2026.02.10 16:45,5055.52,5056.04,5020.61,5039.44
2026.02.10 17:00,5039.43,5043.66,5028.83,5042.27
2026.02.10 17:15,5042.24,5047.98,5032.15,5032.15
2026.02.10 17:30,5031.94,5037.22,4998.83,5014.01
2026.02.10 17:45,5013.98,5029.6,5011.78,5019.47
2026.02.10 18:00,5019.49,5022.75,5006.57,5020.66
2026.02.10 18:15,5020.65,5024.3,5005.7,5010.1
2026.02.10 18:30,5010.16,5023.67,5008.62,5021.77
2026.02.10 18:45,5021.78,5026.36,5015.91,5023.79
2026.02.10 19:00,5023.74,5027.34,5020.8,5024.45
2026.02.10 19:15,5024.43,5038.94,5024.41,5036.6
2026.02.10 19:30,5036.59,5038.97,5031.91,5037.31
2026.02.10 19:45,5037.34,5039.9,5024.91,5026.17
2026.02.10 20:00,5026.19,5027.81,5013.37,5016.28
2026.02.10 20:15,5016.25,5018.41,5004.64,5007.98
2026.02.10 20:30,5008.54,5016.46,5004.97,5015.43
2026.02.10 20:45,5015.39,5017.16,5007.03,5012.96
2026.02.10 21:00,5012.96,5013.7,5008.84,5012.42
2026.02.10 21:15,5012.44,5021.53,5012.26,5020.88
2026.02.10 21:30,5020.92,5029.92,5020.92,5024.26
2026.02.10 21:45,5024.25,5030.04,5024.25,5027.89
2026.02.10 22:00,5027.86,5029.83,5020.25,5026.09
2026.02.10 22:15,5026.11,5033.84,5023.22,5028.13
2026.02.10 22:30,5028.18,5036.18,5027.21,5036.12
2026.02.10 22:45,5036.15,5045.27,5027.87,5030.23
2026.02.10 23:00,5030.2,5032.7,5025.6,5029.15
2026.02.10 23:15,5029.22,5029.54,5022.96,5025.84
2026.02.10 23:30,5025.83,5028.1,5023.01,5024.1
2026.02.10 23:45,5024.08,5027.2,5020.14,5025.21
2026.02.11 01:00,5026.24,5036.94,5025.34,5033.94
2026.02.11 01:15,5033.96,5054.6,5033.84,5046.39
2026.02.11 01:30,5046.38,5047.91,5038.18,5042.13
2026.02.11 01:45,5042.06,5047.2,5038.64,5041.65
2026.02.11 02:00,5041.66,5044.5,5030.72,5034.15
2026.02.11 02:15,5034.12,5040.92,5028.21,5039.88
2026.02.11 02:30,5039.83,5049.33,5039.09,5041.15
2026.02.11 02:45,5041.16,5042.18,5034.32,5037.66
2026.02.11 03:00,5037.68,5047.6,5030.66,5041.15
2026.02.11 03:15,5041.21,5045.24,5035.16,5037.59
2026.02.11 03:30,5037.63,5045.84,5032.46,5044.06
2026.02.11 03:45,5044.05,5052.95,5041.25,5052.5
2026.02.11 04:00,5052.49,5056.73,5034.92,5036.89
2026.02.11 04:15,5036.87,5046.47,5032.5,5041.94
2026.02.11 04:30,5041.31,5053.88,5040.88,5053.84
2026.02.11 04:45,5053.82,5057.56,5050.67,5055.39
2026.02.11 05:00,5055.18,5056.04,5048.94,5048.96
2026.02.11 05:15,5048.98,5058.65,5044.77,5056.81
2026.02.11 05:30,5056.6,5060.33,5053.44,5058.12
2026.02.11 05:45,5058.33,5060.58,5053.04,5054.19
2026.02.11 06:00,5054.09,5058.29,5053.05,5057.46
2026.02.11 06:15,5057.47,5059.48,5056.39,5058.27
2026.02.11 06:30,5058.25,5059.27,5051.76,5052.04
2026.02.11 06:45,5052.0,5055.83,5045.68,5046.2
2026.02.11 07:00,5046.23,5050.05,5043.44,5048.09
2026.02.11 07:15,5048.17,5053.45,5045.66,5053.05
2026.02.11 07:30,5053.07,5063.84,5052.52,5062.2
2026.02.11 07:45,5062.21,5062.76,5046.16,5052.75
2026.02.11 08:00,5052.76,5057.36,5049.35,5054.54
2026.02.11 08:15,5054.61,5061.48,5053.49,5056.54
2026.02.11 08:30,5056.58,5060.37,5053.36,5053.69
2026.02.11 08:45,5053.68,5064.43,5051.8,5063.99
2026.02.11 09:00,5064.02,5069.03,5057.22,5059.16
2026.02.11 09:15,5059.15,5066.12,5052.61,5059.61
2026.02.11 09:30,5059.63,5061.74,5053.5,5054.64
2026.02.11 09:45,5054.59,5056.17,5048.98,5055.36
2026.02.11 10:00,5055.28,5060.29,5051.8,5051.82
2026.02.11 10:15,5051.8,5055.64,5050.49,5051.63
2026.02.11 10:30,5051.64,5053.51,5045.7,5052.57
2026.02.11 10:45,5052.54,5054.86,5050.62,5053.68
2026.02.11 11:00,5053.66,5055.66,5047.06,5051.67
2026.02.11 11:15,5051.54,5054.92,5050.13,5054.4
2026.02.11 11:30,5054.41,5065.77,5053.6,5064.28
2026.02.11 11:45,5064.26,5071.85,5059.91,5062.6
2026.02.11 12:00,5062.68,5069.77,5062.39,5068.76
2026.02.11 12:15,5068.78,5076.04,5068.05,5070.73
2026.02.11 12:30,5070.33,5100.16,5068.09,5099.46
2026.02.11 12:45,5099.53,5101.2,5091.0,5092.84
2026.02.11 13:00,5092.85,5095.46,5082.19,5089.56
2026.02.11 13:15,5089.61,5107.53,5089.61,5107.25
2026.02.11 13:30,5107.26,5110.3,5100.83,5108.71
2026.02.11 13:45,5108.92,5116.54,5108.44,5111.67
2026.02.11 14:00,5111.7,5118.96,5098.61,5106.03
2026.02.11 14:15,5105.98,5107.08,5086.41,5095.03
2026.02.11 14:30,5094.98,5098.57,5051.61,5068.52
2026.02.11 14:45,5068.27,5083.92,5065.58,5083.47
2026.02.11 15:00,5083.5,5087.63,5073.21,5082.29
2026.02.11 15:15,5082.31,5089.87,5063.71,5083.04
2026.02.11 15:30,5084.82,5084.82,5018.56,5060.22
2026.02.11 15:45,5060.09,5072.94,5054.75,5065.64
2026.02.11 16:00,5065.71,5077.03,5061.8,5073.61
2026.02.11 16:15,5073.64,5082.62,5067.44,5070.98
2026.02.11 16:30,5070.99,5075.22,5035.66,5042.65
2026.02.11 16:45,5042.78,5065.04,5040.26,5059.41
2026.02.11 17:00,5059.39,5081.83,5053.42,5066.98
2026.02.11 17:15,5066.95,5074.33,5043.46,5048.89
2026.02.11 17:30,5048.9,5057.39,5039.01,5048.31
2026.02.11 17:45,5048.44,5063.03,5044.54,5060.13
2026.02.11 18:00,5059.49,5064.4,5052.44,5056.15
2026.02.11 18:15,5056.23,5062.22,5042.61,5060.91
2026.02.11 18:30,5061.07,5078.12,5056.23,5074.0
2026.02.11 18:45,5074.02,5076.77,5071.39,5075.17
2026.02.11 19:00,5075.15,5085.18,5068.69,5084.8
2026.02.11 19:15,5084.81,5091.17,5080.3,5087.42
2026.02.11 19:30,5087.43,5098.89,5081.23,5095.85
2026.02.11 19:45,5096.01,5097.21,5087.97,5091.53
2026.02.11 20:00,5091.38,5092.86,5066.62,5072.85
2026.02.11 20:15,5072.82,5079.34,5068.48,5073.5
2026.02.11 20:30,5073.39,5084.98,5071.16,5083.27
2026.02.11 20:45,5083.29,5087.17,5079.8,5082.25
2026.02.11 21:00,5082.24,5092.52,5082.01,5088.96
2026.02.11 21:15,5088.97,5094.13,5087.55,5091.46
2026.02.11 21:30,5091.47,5091.94,5081.2,5085.67
2026.02.11 21:45,5085.66,5088.28,5076.78,5081.94
2026.02.11 22:00,5081.91,5088.15,5079.58,5088.15
2026.02.11 22:15,5088.12,5088.93,5083.36,5084.77
2026.02.11 22:30,5084.78,5087.3,5078.12,5086.61
2026.02.11 22:45,5086.58,5090.07,5084.48,5086.61
2026.02.11 23:00,5086.66,5088.98,5084.19,5088.1
2026.02.11 23:15,5088.04,5092.61,5078.94,5082.0
2026.02.11 23:30,5082.03,5084.25,5069.74,5080.36
2026.02.11 23:45,5079.78,5084.84,5076.69,5084.25
2026.02.12 01:00,5085.08,5099.92,5053.13,5063.16
2026.02.12 01:15,5063.01,5070.86,5058.49,5068.77
2026.02.12 01:30,5068.76,5069.44,5059.75,5063.05
2026.02.12 01:45,5063.1,5070.86,5060.09,5061.02
2026.02.12 02:00,5060.89,5067.53,5049.64,5056.62
2026.02.12 02:15,5056.52,5066.23,5053.7,5060.34
2026.02.12 02:30,5060.23,5065.8,5055.72,5059.0
2026.02.12 02:45,5059.01,5065.32,5058.79,5062.8
2026.02.12 03:00,5062.86,5062.86,5045.01,5049.25
2026.02.12 03:15,5049.26,5061.15,5046.31,5058.58
2026.02.12 03:30,5058.57,5064.12,5055.53,5060.75
2026.02.12 03:45,5060.78,5063.48,5052.94,5063.45
2026.02.12 04:00,5063.6,5072.55,5063.52,5067.83
2026.02.12 04:15,5068.03,5072.63,5062.07,5066.59
2026.02.12 04:30,5066.58,5069.78,5056.45,5057.88
2026.02.12 04:45,5057.69,5066.7,5054.9,5065.84
2026.02.12 05:00,5065.82,5074.51,5062.66,5068.49
2026.02.12 05:15,5068.52,5070.84,5054.81,5059.9
2026.02.12 05:30,5059.89,5066.7,5058.57,5065.35
2026.02.12 05:45,5065.36,5065.4,5055.0,5056.83
2026.02.12 06:00,5056.82,5058.92,5052.61,5054.94
2026.02.12 06:15,5054.9,5057.4,5050.91,5056.14
2026.02.12 06:30,5056.13,5060.05,5054.06,5057.72
2026.02.12 06:45,5057.76,5069.85,5055.09,5069.3
2026.02.12 07:00,5069.33,5078.28,5065.41,5074.84
2026.02.12 07:15,5074.82,5077.67,5070.52,5071.67
2026.02.12 07:30,5071.6,5072.29,5064.47,5071.83
2026.02.12 07:45,5071.82,5076.0,5067.43,5075.46
2026.02.12 08:00,5075.48,5076.24,5062.18,5068.95
2026.02.12 08:15,5068.97,5070.28,5055.32,5055.43
2026.02.12 08:30,5055.42,5057.81,5046.97,5057.58
2026.02.12 08:45,5057.61,5061.5,5053.8,5059.6
2026.02.12 09:00,5059.55,5066.29,5051.67,5062.93
2026.02.12 09:15,5062.91,5064.52,5056.75,5062.22
2026.02.12 09:30,5062.27,5063.8,5057.9,5058.26
2026.02.12 09:45,5058.1,5065.68,5056.68,5063.78
2026.02.12 10:00,5063.85,5073.4,5063.61,5067.98
2026.02.12 10:15,5068.02,5069.55,5060.68,5060.68
2026.02.12 10:30,5060.65,5063.18,5052.37,5062.79
2026.02.12 10:45,5062.75,5071.97,5060.09,5068.39
2026.02.12 11:00,5068.13,5075.75,5066.1,5073.84
2026.02.12 11:15,5073.79,5077.64,5071.01,5071.3
2026.02.12 11:30,5071.29,5073.9,5068.5,5072.74
2026.02.12 11:45,5072.75,5080.53,5071.03,5073.12
2026.02.12 12:00,5073.11,5077.02,5063.65,5065.88
2026.02.12 12:15,5065.8,5066.07,5061.1,5061.19
2026.02.12 12:30,5061.24,5065.99,5061.13,5062.25
2026.02.12 12:45,5062.22,5062.67,5055.96,5062.0
2026.02.12 13:00,5062.19,5065.42,5059.33,5060.93
2026.02.12 13:15,5060.95,5065.54,5060.93,5062.55
2026.02.12 13:30,5062.59,5065.35,5061.43,5063.67
2026.02.12 13:45,5063.68,5068.25,5061.59,5063.83
2026.02.12 14:00,5064.02,5066.62,5056.48,5062.22
2026.02.12 14:15,5062.26,5064.12,5059.99,5062.31
2026.02.12 14:30,5062.3,5068.56,5054.57,5057.56
2026.02.12 14:45,5057.57,5058.44,5048.63,5052.6
2026.02.12 15:00,5052.66,5065.76,5051.32,5065.44
2026.02.12 15:15,5065.43,5074.18,5062.34,5062.65
2026.02.12 15:30,5062.71,5077.12,5060.68,5075.34
2026.02.12 15:45,5075.36,5083.64,5074.58,5075.26
2026.02.12 16:00,5075.25,5077.65,5061.25,5065.17
2026.02.12 16:15,5065.13,5068.34,5054.87,5059.87
2026.02.12 16:30,5059.86,5071.51,5053.51,5056.14
2026.02.12 16:45,5056.1,5061.28,5039.4,5044.16
2026.02.12 17:00,5044.15,5065.42,5039.73,5064.87
2026.02.12 17:15,5064.64,5069.62,5062.45,5065.98
2026.02.12 17:30,5065.94,5072.27,5065.24,5070.59
2026.02.12 17:45,5070.57,5074.76,5059.97,5060.39
2026.02.12 18:00,5060.38,5068.2,4948.69,4951.29
2026.02.12 18:15,4951.33,4965.98,4878.5,4897.28
2026.02.12 18:30,4897.09,4969.08,4894.29,4953.14
2026.02.12 18:45,4952.62,4962.08,4931.07,4954.56
2026.02.12 19:00,4954.47,4966.97,4939.26,4959.24
2026.02.12 19:15,4959.23,4982.56,4955.66,4965.54
2026.02.12 19:30,4965.55,4974.71,4957.5,4969.34
2026.02.12 19:45,4969.39,4970.9,4939.33,4940.82
2026.02.12 20:00,4940.72,4949.74,4921.21,4934.28
2026.02.12 20:15,4933.46,4935.02,4906.33,4928.39
2026.02.12 20:30,4928.51,4946.67,4925.88,4940.35
2026.02.12 20:45,4940.42,4952.06,4933.19,4935.48
2026.02.12 21:00,4935.24,4941.72,4928.66,4933.24
2026.02.12 21:15,4933.26,4944.07,4929.59,4931.43
2026.02.12 21:30,4931.42,4950.3,4931.42,4946.44
2026.02.12 21:45,4946.45,4957.9,4943.4,4945.41
2026.02.12 22:00,4945.13,4948.36,4933.54,4940.71
2026.02.12 22:15,4940.7,4940.83,4921.68,4922.63
2026.02.12 22:30,4922.57,4928.08,4911.04,4920.64
2026.02.12 22:45,4920.63,4923.53,4911.76,4914.72
2026.02.12 23:00,4915.02,4922.85,4911.8,4916.84
2026.02.12 23:15,4916.85,4924.41,4912.91,4920.18
2026.02.12 23:30,4920.17,4926.3,4917.66,4918.28
2026.02.12 23:45,4918.31,4926.68,4915.74,4921.49
2026.02.13 01:00,4923.54,4927.61,4887.33,4910.32
2026.02.13 01:15,4910.46,4928.5,4910.46,4919.86
2026.02.13 01:30,4919.95,4925.77,4906.26,4913.49
2026.02.13 01:45,4913.51,4920.08,4905.79,4919.92
2026.02.13 02:00,4919.98,4948.34,4913.52,4941.68
2026.02.13 02:15,4941.63,4947.09,4934.48,4936.13
2026.02.13 02:30,4936.16,4945.68,4932.81,4940.56
2026.02.13 02:45,4940.61,4944.54,4926.79,4927.88
2026.02.13 03:00,4927.89,4967.49,4927.05,4965.2
2026.02.13 03:15,4965.12,4979.13,4962.2,4969.68
2026.02.13 03:30,4969.69,4982.32,4964.35,4979.64
2026.02.13 03:45,4979.75,4988.53,4975.38,4980.66
2026.02.13 04:00,4980.63,4984.64,4972.82,4978.13
2026.02.13 04:15,4978.05,4985.98,4975.9,4985.82
2026.02.13 04:30,4985.87,4989.26,4973.43,4984.22
2026.02.13 04:45,4984.23,4991.32,4972.09,4988.29
2026.02.13 05:00,4988.28,4989.13,4980.5,4983.75
2026.02.13 05:15,4983.62,4984.2,4973.62,4977.9
2026.02.13 05:30,4977.92,4983.6,4974.96,4977.02
2026.02.13 05:45,4977.03,4984.44,4976.31,4981.26
2026.02.13 06:00,4981.25,4987.28,4975.65,4985.75
2026.02.13 06:15,4985.78,4997.21,4985.0,4985.15
2026.02.13 06:30,4985.12,4986.19,4975.16,4976.76
2026.02.13 06:45,4976.75,4978.2,4972.8,4976.53
2026.02.13 07:00,4976.54,4981.94,4974.61,4978.09
2026.02.13 07:15,4978.08,4986.31,4964.88,4979.58
2026.02.13 07:30,4979.6,4980.03,4961.0,4964.1
2026.02.13 07:45,4964.13,4965.83,4944.78,4946.23
2026.02.13 08:00,4946.32,4961.67,4945.85,4958.17
2026.02.13 08:15,4958.17,4961.01,4949.98,4953.11
2026.02.13 08:30,4953.1,4961.89,4950.74,4955.02
2026.02.13 08:45,4955.06,4968.74,4950.86,4967.19
2026.02.13 09:00,4967.16,4967.94,4951.0,4960.02
2026.02.13 09:15,4960.04,4976.47,4958.77,4968.44
2026.02.13 09:30,4968.42,4982.51,4966.03,4970.48
2026.02.13 09:45,4970.5,4981.72,4968.83,4974.84
2026.02.13 10:00,4974.97,4989.33,4972.2,4979.44
2026.02.13 10:15,4979.42,4985.92,4976.94,4982.33
2026.02.13 10:30,4982.3,4985.68,4978.36,4983.18
2026.02.13 10:45,4983.2,4986.81,4971.5,4982.46
2026.02.13 11:00,4982.39,4982.68,4976.38,4977.31
2026.02.13 11:15,4977.47,4981.47,4964.27,4964.79
2026.02.13 11:30,4964.88,4973.76,4961.28,4970.85
2026.02.13 11:45,4970.81,4976.46,4968.83,4970.14
2026.02.13 12:00,4970.13,4977.67,4966.92,4972.21
2026.02.13 12:15,4972.27,4980.51,4966.24,4977.31
2026.02.13 12:30,4977.44,4978.54,4967.73,4969.17
2026.02.13 12:45,4969.11,4970.36,4947.03,4949.93
2026.02.13 13:00,4949.89,4953.49,4941.05,4951.42
2026.02.13 13:15,4951.36,4952.58,4933.68,4944.87
2026.02.13 13:30,4944.88,4948.5,4935.29,4943.88
2026.02.13 13:45,4943.86,4955.43,4939.41,4953.94
2026.02.13 14:00,4953.48,4964.34,4952.18,4963.73
2026.02.13 14:15,4963.72,4972.97,4962.56,4967.13
2026.02.13 14:30,4967.07,4973.57,4963.67,4966.04
2026.02.13 14:45,4966.05,4973.92,4964.19,4969.33
2026.02.13 15:00,4969.42,4976.1,4965.39,4967.04
2026.02.13 15:15,4967.32,4970.82,4957.46,4967.13
2026.02.13 15:30,4966.98,4999.45,4966.98,4984.03
2026.02.13 15:45,4984.0,4992.74,4972.23,4986.85
2026.02.13 16:00,4986.89,5000.25,4984.86,4998.62
2026.02.13 16:15,4998.53,5007.48,4995.09,5002.53
2026.02.13 16:30,5002.59,5010.7,4964.09,4991.32
2026.02.13 16:45,4991.51,5006.86,4989.09,4995.49
2026.02.13 17:00,4995.59,5011.23,4992.32,5003.11
2026.02.13 17:15,5003.12,5011.49,4994.62,5009.69
2026.02.13 17:30,5009.64,5020.74,5004.77,5006.64
2026.02.13 17:45,5006.79,5010.22,4973.95,4976.72
2026.02.13 18:00,4976.99,4997.52,4975.61,4997.39
2026.02.13 18:15,4997.35,5033.74,4995.83,5027.82
2026.02.13 18:30,5027.81,5028.3,5013.41,5016.84
2026.02.13 18:45,5016.86,5018.74,5005.86,5007.7
2026.02.13 19:00,5007.75,5021.95,5007.75,5015.37
2026.02.13 19:15,5015.44,5019.34,5005.75,5017.49
2026.02.13 19:30,5017.52,5029.15,5016.03,5022.24
2026.02.13 19:45,5022.17,5024.05,5015.95,5020.87
2026.02.13 20:00,5020.88,5029.58,5015.44,5029.01
2026.02.13 20:15,5028.99,5030.52,5020.17,5022.22
2026.02.13 20:30,5022.17,5031.02,5020.27,5029.88
2026.02.13 20:45,5029.9,5035.38,5026.51,5031.08
2026.02.13 21:00,5031.11,5045.91,5030.38,5039.25
2026.02.13 21:15,5039.27,5044.81,5036.45,5041.3
2026.02.13 21:30,5041.27,5042.72,5032.71,5034.26
2026.02.13 21:45,5034.31,5037.87,5023.5,5023.55
2026.02.13 22:00,5023.57,5033.92,5023.57,5028.9
2026.02.13 22:15,5028.83,5033.14,5026.72,5028.83
2026.02.13 22:30,5028.84,5033.96,5024.4,5030.3
2026.02.13 22:45,5030.29,5034.66,5021.32,5032.29
2026.02.13 23:00,5032.27,5036.07,5029.67,5033.15
2026.02.13 23:15,5033.16,5034.42,5030.74,5032.89
2026.02.13 23:30,5032.92,5038.65,5030.92,5038.42
2026.02.13 23:45,5038.42,5045.71,5037.14,5041.88
2026.02.16 01:00,5029.04,5052.14,5010.57,5022.03
2026.02.16 01:15,5022.03,5031.65,5020.85,5028.65
2026.02.16 01:30,5028.53,5031.49,5017.11,5018.69
2026.02.16 01:45,5018.78,5021.15,5013.25,5020.12
2026.02.16 02:00,5020.15,5021.76,4999.95,5017.37
2026.02.16 02:15,5017.35,5021.2,5008.24,5012.08
2026.02.16 02:30,5012.29,5014.82,5008.71,5013.85
2026.02.16 02:45,5013.84,5022.68,5010.42,5015.29
2026.02.16 03:00,5015.31,5023.57,5007.01,5022.98
2026.02.16 03:15,5022.97,5031.14,5022.67,5029.07
2026.02.16 03:30,5029.02,5031.03,5026.2,5030.21
2026.02.16 03:45,5030.18,5030.63,5025.41,5028.81
2026.02.16 04:00,5028.84,5031.18,5020.39,5022.02
2026.02.16 04:15,5022.11,5026.01,5018.81,5019.41
2026.02.16 04:30,5019.4,5021.72,5002.28,5002.31
2026.02.16 04:45,5002.35,5003.16,4992.08,4994.51
2026.02.16 05:00,4994.47,4999.86,4988.71,4997.32
2026.02.16 05:15,4997.33,4998.41,4993.45,4994.78
2026.02.16 05:30,4994.79,4996.63,4989.06,4990.77
2026.02.16 05:45,4990.78,4993.6,4975.9,4987.51
2026.02.16 06:00,4987.5,4991.93,4973.59,4976.58
2026.02.16 06:15,4976.55,4980.06,4973.2,4976.33
2026.02.16 06:30,4976.31,4978.19,4973.54,4975.92
2026.02.16 06:45,4975.9,4980.01,4974.1,4977.62
2026.02.16 07:00,4977.59,4985.42,4965.17,4983.25
2026.02.16 07:15,4983.31,4988.45,4983.04,4986.2
2026.02.16 07:30,4986.21,4989.91,4982.81,4985.74
2026.02.16 07:45,4985.61,4990.57,4984.76,4990.57
2026.02.16 08:00,4990.62,4992.7,4987.48,4990.04
2026.02.16 08:15,4990.07,4994.66,4984.89,4992.96
2026.02.16 08:30,4992.97,5002.98,4990.42,5002.26
2026.02.16 08:45,5002.24,5002.6,4993.99,4994.76
2026.02.16 09:00,4994.75,4997.77,4989.01,4996.23
2026.02.16 09:15,4996.18,4999.39,4993.96,4997.95
2026.02.16 09:30,4997.88,5005.94,4996.79,5001.33
2026.02.16 09:45,5001.29,5009.98,5000.95,5007.11
2026.02.16 10:00,5007.19,5013.13,4996.26,4998.1
2026.02.16 10:15,4998.05,5006.43,4995.67,5006.08
2026.02.16 10:30,5006.1,5008.59,5004.75,5006.29
2026.02.16 10:45,5006.28,5009.98,5003.5,5007.91
2026.02.16 11:00,5007.9,5015.29,5007.78,5011.05
2026.02.16 11:15,5011.06,5016.03,5011.0,5013.33
2026.02.16 11:30,5013.34,5014.64,5009.98,5010.49
2026.02.16 11:45,5010.5,5017.1,5008.4,5013.34
2026.02.16 12:00,5013.28,5017.11,5006.58,5007.56
2026.02.16 12:15,5007.44,5012.07,5004.62,5004.99
2026.02.16 12:30,5004.81,5009.78,5000.17,5008.28
2026.02.16 12:45,5008.29,5010.76,5005.49,5005.96
2026.02.16 13:00,5005.95,5007.0,4998.81,5001.05
2026.02.16 13:15,5001.06,5005.4,4999.76,5004.47
2026.02.16 13:30,5004.54,5006.74,5002.76,5006.51
2026.02.16 13:45,5006.48,5007.96,5001.91,5004.28
2026.02.16 14:00,5004.22,5004.84,4997.54,4997.58
2026.02.16 14:15,4997.57,4999.24,4992.82,4996.19
2026.02.16 14:30,4996.18,5007.9,4994.97,5004.88
2026.02.16 14:45,5004.86,5005.71,4999.18,5001.83
2026.02.16 15:00,5001.79,5003.61,4997.78,4997.92
2026.02.16 15:15,4998.0,5001.76,4993.07,4994.24
2026.02.16 15:30,4994.25,4998.52,4992.58,4995.12
2026.02.16 15:45,4995.14,4998.14,4989.54,4997.1
2026.02.16 16:00,4997.11,4998.24,4994.23,4995.1
2026.02.16 16:15,4995.09,4999.39,4989.88,4992.2
2026.02.16 16:30,4992.19,4994.27,4983.31,4988.61
2026.02.16 16:45,4988.63,4988.93,4981.54,4988.11
2026.02.16 17:00,4987.83,4988.18,4968.91,4976.39
2026.02.16 17:15,4976.43,4981.3,4975.6,4980.19
2026.02.16 17:30,4980.15,4980.62,4974.83,4980.52
2026.02.16 17:45,4980.51,4983.17,4976.74,4979.5
2026.02.16 18:00,4979.52,4980.11,4973.02,4979.23
2026.02.16 18:15,4979.27,4987.39,4975.22,4986.11
2026.02.16 18:30,4986.12,4990.18,4985.78,4988.79
2026.02.16 18:45,4988.78,4988.87,4985.06,4987.95
2026.02.16 19:00,4987.96,4994.2,4987.9,4991.04
2026.02.16 19:15,4991.12,4995.32,4990.5,4994.6
2026.02.16 19:30,4994.4,4995.96,4991.36,4992.93
2026.02.16 19:45,4992.94,4993.01,4989.97,4991.53
2026.02.16 20:00,4991.57,4993.81,4988.59,4993.54
2026.02.16 20:15,4993.37,4997.23,4992.55,4994.11
2026.02.16 20:30,4994.07,4995.24,4991.14,4995.24
2026.02.16 20:45,4995.23,4997.57,4994.33,4994.46
2026.02.16 21:00,4994.45,4996.0,4990.57,4990.86
2026.02.16 21:15,4990.93,4996.18,4990.52,4991.64
2026.02.17 01:00,4995.58,4999.14,4986.28,4990.89
2026.02.17 01:15,4990.75,5000.87,4985.13,4994.22
2026.02.17 01:30,4994.29,4995.65,4987.6,4989.79
2026.02.17 01:45,4989.73,4993.77,4988.73,4989.62
2026.02.17 02:00,4989.66,4991.25,4975.4,4979.2
2026.02.17 02:15,4979.27,4981.53,4970.96,4973.37
2026.02.17 02:30,4973.43,4978.89,4968.47,4970.22
2026.02.17 02:45,4970.27,4970.27,4932.01,4935.67
2026.02.17 03:00,4935.62,4951.09,4922.82,4950.18
2026.02.17 03:15,4950.19,4957.86,4944.32,4956.62
2026.02.17 03:30,4956.63,4963.8,4954.95,4963.23
2026.02.17 03:45,4963.28,4963.76,4955.59,4957.73
2026.02.17 04:00,4957.68,4965.55,4954.32,4964.98
2026.02.17 04:15,4965.0,4970.95,4963.2,4965.35
2026.02.17 04:30,4965.36,4966.73,4959.28,4960.92
2026.02.17 04:45,4960.93,4967.08,4960.08,4967.0
2026.02.17 05:00,4966.91,4969.98,4959.0,4961.41
2026.02.17 05:15,4961.42,4961.63,4953.72,4955.12
2026.02.17 05:30,4955.14,4960.23,4949.9,4953.45
2026.02.17 05:45,4953.49,4960.32,4952.95,4956.7
2026.02.17 06:00,4956.68,4956.68,4946.54,4951.84
2026.02.17 06:15,4951.81,4960.09,4950.26,4959.45
2026.02.17 06:30,4959.47,4960.06,4950.2,4952.13
2026.02.17 06:45,4952.08,4953.7,4949.24,4952.7
2026.02.17 07:00,4952.68,4954.1,4927.24,4928.06
2026.02.17 07:15,4928.02,4928.19,4888.46,4900.36
2026.02.17 07:30,4900.58,4902.31,4858.98,4879.38
2026.02.17 07:45,4879.4,4896.93,4873.8,4888.62
2026.02.17 08:00,4888.64,4894.56,4887.63,4891.37
2026.02.17 08:15,4891.35,4901.4,4886.39,4894.62
2026.02.17 08:30,4894.6,4914.12,4891.15,4908.84
2026.02.17 08:45,4908.83,4913.67,4899.31,4910.01
2026.02.17 09:00,4910.34,4913.54,4903.72,4906.53
2026.02.17 09:15,4906.65,4916.49,4905.53,4907.88
2026.02.17 09:30,4907.86,4921.06,4903.93,4917.39
2026.02.17 09:45,4917.37,4922.01,4914.63,4916.89
2026.02.17 10:00,4916.93,4930.25,4915.93,4927.53
2026.02.17 10:15,4927.48,4928.97,4919.22,4919.95
2026.02.17 10:30,4919.94,4925.61,4916.35,4917.86
2026.02.17 10:45,4917.85,4925.27,4917.72,4920.58
2026.02.17 11:00,4920.56,4929.02,4919.9,4921.66
2026.02.17 11:15,4921.62,4923.86,4918.07,4918.83
2026.02.17 11:30,4918.8,4924.38,4916.46,4920.78
2026.02.17 11:45,4920.79,4932.45,4913.38,4925.83
2026.02.17 12:00,4925.82,4939.23,4923.67,4936.16
2026.02.17 12:15,4936.26,4937.61,4928.09,4928.1
2026.02.17 12:30,4928.02,4928.14,4919.59,4921.67
2026.02.17 12:45,4921.64,4922.71,4907.61,4913.04
2026.02.17 13:00,4913.05,4926.61,4913.05,4926.03
2026.02.17 13:15,4926.02,4930.87,4924.54,4927.7
2026.02.17 13:30,4927.75,4929.99,4922.17,4927.75
2026.02.17 13:45,4927.86,4930.74,4921.35,4929.27
2026.02.17 14:00,4928.95,4938.59,4928.2,4933.61
2026.02.17 14:15,4933.6,4944.21,4933.6,4942.77
2026.02.17 14:30,4942.76,4943.89,4933.26,4937.24
2026.02.17 14:45,4937.28,4937.56,4928.8,4932.01
2026.02.17 15:00,4932.03,4933.19,4918.37,4921.93
2026.02.17 15:15,4922.04,4922.86,4910.89,4919.65
2026.02.17 15:30,4919.56,4922.37,4907.72,4921.56
2026.02.17 15:45,4921.54,4924.29,4870.0,4870.68
2026.02.17 16:00,4870.54,4899.6,4841.63,4896.3
2026.02.17 16:15,4896.28,4904.35,4889.39,4898.09
2026.02.17 16:30,4897.85,4906.95,4867.2,4870.07
2026.02.17 16:45,4869.81,4880.4,4855.9,4863.65
2026.02.17 17:00,4863.2,4872.57,4848.96,4857.11
2026.02.17 17:15,4857.07,4876.63,4853.6,4861.46
2026.02.17 17:30,4861.51,4872.67,4852.68,4868.12
2026.02.17 17:45,4868.04,4882.48,4861.72,4878.49
2026.02.17 18:00,4878.53,4893.52,4876.47,4883.46
2026.02.17 18:15,4883.5,4891.44,4880.73,4883.53
2026.02.17 18:30,4883.46,4887.28,4873.9,4877.33
2026.02.17 18:45,4877.35,4883.2,4868.37,4869.1
2026.02.17 19:00,4868.95,4871.1,4850.08,4855.16
2026.02.17 19:15,4855.15,4865.11,4854.79,4864.78
2026.02.17 19:30,4864.86,4868.33,4859.24,4859.81
2026.02.17 19:45,4859.78,4867.8,4853.89,4864.99
2026.02.17 20:00,4865.05,4871.85,4862.4,4866.91
2026.02.17 20:15,4866.9,4890.1,4866.89,4886.9
2026.02.17 20:30,4886.84,4895.57,4879.72,4889.35
2026.02.17 20:45,4889.36,4910.2,4885.09,4898.81
2026.02.17 21:00,4898.84,4901.09,4892.82,4893.55
2026.02.17 21:15,4893.54,4897.8,4881.6,4883.5
2026.02.17 21:30,4883.45,4887.98,4876.43,4884.35
2026.02.17 21:45,4884.36,4885.49,4879.87,4880.14
2026.02.17 22:00,4880.11,4882.32,4873.74,4879.54
2026.02.17 22:15,4879.56,4880.23,4873.15,4877.65
2026.02.17 22:30,4877.63,4883.21,4873.8,4878.37
2026.02.17 22:45,4878.39,4884.0,4876.35,4877.87
2026.02.17 23:00,4877.87,4884.37,4874.92,4880.86
2026.02.17 23:15,4880.88,4886.75,4877.66,4880.32
2026.02.17 23:30,4880.31,4881.79,4878.52,4879.35
2026.02.17 23:45,4879.31,4879.76,4876.52,4877.12
2026.02.18 01:00,4865.96,4883.3,4860.06,4882.46
2026.02.18 01:15,4882.42,4884.24,4867.69,4877.4
2026.02.18 01:30,4877.47,4883.44,4866.13,4876.15
2026.02.18 01:45,4876.14,4876.57,4854.1,4858.96
2026.02.18 02:00,4859.09,4869.43,4858.1,4864.02
2026.02.18 02:15,4864.01,4872.27,4858.4,4870.14
2026.02.18 02:30,4870.15,4881.89,4867.92,4878.23
2026.02.18 02:45,4878.24,4882.43,4871.98,4874.61
2026.02.18 03:00,4874.62,4891.19,4874.27,4886.61
2026.02.18 03:15,4886.72,4891.49,4881.3,4886.98
2026.02.18 03:30,4886.97,4892.9,4883.77,4885.79
2026.02.18 03:45,4885.79,4892.55,4882.73,4889.89
2026.02.18 04:00,4889.8,4901.55,4886.41,4898.5
2026.02.18 04:15,4898.43,4904.22,4895.25,4900.82
2026.02.18 04:30,4900.92,4906.47,4900.62,4904.89
2026.02.18 04:45,4904.88,4907.23,4902.77,4905.17
2026.02.18 05:00,4905.46,4916.21,4904.09,4912.52
2026.02.18 05:15,4912.53,4919.74,4912.53,4919.23
2026.02.18 05:30,4919.24,4920.6,4916.48,4918.6
2026.02.18 05:45,4918.58,4922.04,4917.7,4920.62
2026.02.18 06:00,4920.61,4930.97,4918.24,4928.53
2026.02.18 06:15,4928.52,4933.39,4924.75,4932.95
2026.02.18 06:30,4932.87,4936.78,4931.28,4933.29
2026.02.18 06:45,4933.25,4940.2,4932.28,4933.91
2026.02.18 07:00,4933.92,4938.51,4929.84,4933.06
2026.02.18 07:15,4933.02,4939.27,4931.49,4935.25
2026.02.18 07:30,4935.24,4939.85,4934.41,4934.71
2026.02.18 07:45,4934.72,4938.53,4932.99,4933.23
2026.02.18 08:00,4933.22,4934.09,4925.94,4926.66
2026.02.18 08:15,4926.67,4932.39,4924.98,4930.33
2026.02.18 08:30,4930.34,4932.61,4926.67,4930.9
2026.02.18 08:45,4930.89,4936.02,4930.42,4930.61
2026.02.18 09:00,4930.5,4942.09,4929.93,4938.3
2026.02.18 09:15,4938.31,4941.24,4932.37,4938.9
2026.02.18 09:30,4938.9,4940.4,4933.74,4933.92
2026.02.18 09:45,4933.89,4935.41,4929.01,4930.12
2026.02.18 10:00,4930.13,4932.18,4926.72,4929.28
2026.02.18 10:15,4929.2,4929.23,4922.62,4925.82
2026.02.18 10:30,4925.83,4926.83,4919.3,4921.1
2026.02.18 10:45,4921.15,4922.6,4916.56,4917.05
2026.02.18 11:00,4917.1,4920.42,4912.87,4916.62
2026.02.18 11:15,4916.61,4922.91,4912.93,4921.21
2026.02.18 11:30,4921.23,4922.93,4916.14,4920.51
2026.02.18 11:45,4920.5,4922.08,4916.1,4917.17
2026.02.18 12:00,4917.18,4924.25,4916.62,4919.99
2026.02.18 12:15,4920.01,4924.28,4917.77,4921.42
2026.02.18 12:30,4921.22,4921.22,4909.25,4911.95
2026.02.18 12:45,4911.98,4916.57,4910.23,4914.34
2026.02.18 13:00,4914.35,4916.23,4912.3,4915.55
2026.02.18 13:15,4915.58,4917.44,4914.48,4915.22
2026.02.18 13:30,4915.24,4916.32,4910.76,4911.19
2026.02.18 13:45,4911.18,4915.91,4906.27,4912.89
2026.02.18 14:00,4912.89,4926.02,4911.95,4921.68
2026.02.18 14:15,4921.71,4929.28,4921.0,4921.02
2026.02.18 14:30,4921.0,4931.0,4917.77,4929.0
2026.02.18 14:45,4929.01,4947.0,4928.16,4942.9
2026.02.18 15:00,4943.04,4958.8,4942.93,4957.5
2026.02.18 15:15,4957.62,4959.24,4952.45,4956.09
2026.02.18 15:30,4956.08,4969.03,4952.18,4955.88
2026.02.18 15:45,4955.89,4956.6,4948.94,4954.25
2026.02.18 16:00,4954.32,4961.02,4952.21,4958.32
2026.02.18 16:15,4958.41,4963.45,4955.25,4960.65
2026.02.18 16:30,4960.62,4986.08,4955.44,4981.65
2026.02.18 16:45,4981.64,4994.22,4980.31,4991.66
2026.02.18 17:00,4991.4,5007.99,4991.36,5003.87
2026.02.18 17:15,5003.91,5008.8,5000.3,5004.51
2026.02.18 17:30,5004.47,5004.96,4997.22,5000.17
2026.02.18 17:45,5000.22,5000.38,4994.87,4997.92
2026.02.18 18:00,4997.94,5003.04,4996.67,4999.44
2026.02.18 18:15,4999.43,4999.95,4991.32,4996.75
2026.02.18 18:30,4996.72,5006.56,4994.4,5005.35
2026.02.18 18:45,5005.38,5010.75,4999.57,5000.33
2026.02.18 19:00,5000.51,5001.43,4996.0,4998.92
2026.02.18 19:15,4998.93,5000.57,4997.4,4999.26
2026.02.18 19:30,4999.3,4999.87,4993.31,4997.57
2026.02.18 19:45,4997.58,5000.65,4997.13,4999.1
2026.02.18 20:00,4999.09,5003.1,4997.68,4997.92
2026.02.18 20:15,4997.89,4999.18,4986.64,4988.0
2026.02.18 20:30,4988.23,4992.88,4980.41,4983.07
2026.02.18 20:45,4983.11,4987.53,4982.31,4987.11
2026.02.18 21:00,4987.17,4994.31,4984.07,4991.76
2026.02.18 21:15,4991.78,4995.23,4972.95,4978.64
2026.02.18 21:30,4978.6,4984.24,4972.83,4982.23
2026.02.18 21:45,4982.21,4984.21,4978.27,4980.32
2026.02.18 22:00,4980.34,4984.39,4975.43,4978.34
2026.02.18 22:15,4978.36,4980.91,4976.52,4977.57
2026.02.18 22:30,4977.2,4987.36,4976.54,4985.26
2026.02.18 22:45,4985.28,4985.89,4979.34,4984.78
2026.02.18 23:00,4984.73,4986.26,4980.45,4980.85
2026.02.18 23:15,4980.83,4984.08,4980.46,4981.4
2026.02.18 23:30,4981.41,4982.11,4978.6,4979.9
2026.02.18 23:45,4979.74,4980.48,4975.32,4977.07
2026.02.19 01:00,4975.34,4980.9,4958.62,4976.74
2026.02.19 01:15,4976.68,4983.77,4971.98,4981.68
2026.02.19 01:30,4981.76,4988.67,4979.96,4981.65
2026.02.19 01:45,4981.6,4982.82,4968.16,4975.88
2026.02.19 02:00,4975.78,4976.28,4961.12,4967.79
2026.02.19 02:15,4967.75,4971.67,4963.83,4967.19
2026.02.19 02:30,4967.36,4973.04,4964.73,4965.06
2026.02.19 02:45,4965.08,4965.96,4960.53,4961.19
2026.02.19 03:00,4961.18,4968.55,4960.7,4965.56
2026.02.19 03:15,4965.52,4966.93,4961.3,4963.96
2026.02.19 03:30,4964.0,4970.42,4961.74,4970.23
2026.02.19 03:45,4970.23,4975.4,4969.15,4972.96
2026.02.19 04:00,4972.94,4977.05,4970.82,4974.04
2026.02.19 04:15,4974.05,4974.74,4965.62,4972.56
2026.02.19 04:30,4972.58,4973.17,4968.38,4971.27
2026.02.19 04:45,4971.26,4973.06,4967.4,4967.99
2026.02.19 05:00,4967.98,4970.76,4966.15,4969.44
2026.02.19 05:15,4969.47,4971.58,4966.82,4969.41
2026.02.19 05:30,4969.47,4978.82,4969.47,4977.03
2026.02.19 05:45,4977.02,4983.28,4976.77,4981.62
2026.02.19 06:00,4981.61,4984.68,4978.44,4981.49
2026.02.19 06:15,4981.48,4983.12,4977.93,4979.66
2026.02.19 06:30,4979.69,4985.25,4979.26,4980.47
2026.02.19 06:45,4980.46,4985.16,4976.75,4984.13
2026.02.19 07:00,4984.15,4993.23,4984.09,4990.2
2026.02.19 07:15,4990.21,4990.22,4987.4,4988.91
2026.02.19 07:30,4988.9,4996.23,4988.78,4995.9
2026.02.19 07:45,4995.87,4998.46,4995.26,4996.8
2026.02.19 08:00,4996.75,4999.81,4996.45,4998.8
2026.02.19 08:15,4998.91,5002.3,4997.07,5001.01
2026.02.19 08:30,5000.97,5010.56,5000.87,5009.02
2026.02.19 08:45,5009.06,5019.89,5009.06,5018.17
2026.02.19 09:00,5018.17,5021.64,5016.81,5017.81
2026.02.19 09:15,5017.78,5019.84,5014.77,5017.74
2026.02.19 09:30,5017.71,5020.21,5014.65,5015.3
2026.02.19 09:45,5015.08,5016.95,5008.76,5010.09
2026.02.19 10:00,5010.12,5012.03,5006.13,5011.49
2026.02.19 10:15,5011.48,5014.83,5009.19,5014.65
2026.02.19 10:30,5014.61,5019.91,5010.3,5019.78
2026.02.19 10:45,5019.77,5021.83,5013.39,5016.9
2026.02.19 11:00,5016.89,5019.84,5015.65,5019.3
2026.02.19 11:15,5019.35,5020.26,4999.63,5000.46
2026.02.19 11:30,5000.49,5005.5,4993.03,5003.32
2026.02.19 11:45,5003.21,5005.11,4995.38,4995.55
2026.02.19 12:00,4995.54,4995.97,4983.14,4989.15
2026.02.19 12:15,4989.12,4991.35,4985.11,4986.69
2026.02.19 12:30,4986.63,4995.12,4981.42,4988.52
2026.02.19 12:45,4988.48,4993.27,4987.85,4993.1
2026.02.19 13:00,4993.08,4996.21,4989.1,4992.55
2026.02.19 13:15,4992.54,4994.27,4978.11,4984.58
2026.02.19 13:30,4984.65,4986.87,4981.65,4982.42
2026.02.19 13:45,4982.43,4986.17,4977.88,4984.3
2026.02.19 14:00,4984.29,4990.25,4980.39,4988.21
2026.02.19 14:15,4988.23,4991.92,4984.46,4991.92
2026.02.19 14:30,4991.95,4992.64,4983.24,4986.21
2026.02.19 14:45,4986.22,4987.37,4980.74,4984.75
2026.02.19 15:00,4984.77,4986.1,4974.42,4983.71
2026.02.19 15:15,4983.56,4987.56,4979.46,4983.15
2026.02.19 15:30,4983.14,4997.05,4973.62,4993.46
2026.02.19 15:45,4993.48,4998.28,4991.25,4996.89
2026.02.19 16:00,4996.76,4996.9,4972.09,4972.62
2026.02.19 16:15,4972.52,4982.25,4971.84,4978.05
2026.02.19 16:30,4978.14,4995.11,4963.3,4992.58
2026.02.19 16:45,4992.56,5010.36,4987.42,5005.46
2026.02.19 17:00,5005.44,5009.73,4998.96,4999.38
2026.02.19 17:15,4999.36,5016.3,4996.09,5015.97
2026.02.19 17:30,5015.95,5022.14,5012.21,5015.1
2026.02.19 17:45,5015.12,5015.85,5006.56,5013.68
2026.02.19 18:00,5013.74,5014.16,5000.83,5005.27
2026.02.19 18:15,5005.29,5006.3,4991.52,4998.33
2026.02.19 18:30,4998.7,5008.71,4998.08,5006.14
2026.02.19 18:45,5006.1,5006.85,4989.94,4994.95
2026.02.19 19:00,4994.9,4999.44,4991.92,4996.42
2026.02.19 19:15,4996.4,5001.53,4992.38,4993.77
2026.02.19 19:30,4993.76,4996.19,4986.45,4993.24
2026.02.19 19:45,4993.17,4994.29,4982.77,4984.71
2026.02.19 20:00,4984.93,4988.52,4979.44,4988.01
2026.02.19 20:15,4987.98,4989.24,4975.99,4977.93
2026.02.19 20:30,4977.87,4983.01,4975.19,4975.64
2026.02.19 20:45,4975.61,4984.18,4975.61,4981.52
2026.02.19 21:00,4981.49,4989.48,4980.39,4986.83
2026.02.19 21:15,4986.76,4990.21,4985.85,4989.13
2026.02.19 21:30,4989.12,4989.66,4978.19,4984.77
2026.02.19 21:45,4984.78,4988.6,4982.12,4987.7
2026.02.19 22:00,4987.73,4991.92,4987.73,4990.8
2026.02.19 22:15,4990.82,4996.9,4989.02,4995.53
2026.02.19 22:30,4995.52,5000.32,4994.86,4999.12
2026.02.19 22:45,4999.17,5003.19,4998.86,5001.64
2026.02.19 23:00,5001.65,5004.01,4997.76,4999.8
2026.02.19 23:15,4999.83,5001.1,4991.88,4993.94
2026.02.19 23:30,4993.92,4998.97,4993.67,4998.91
2026.02.19 23:45,4998.79,4999.79,4993.18,4995.98
2026.02.20 01:00,4996.51,5007.9,4993.29,4998.66
2026.02.20 01:15,4998.7,5003.09,4993.12,4997.06
2026.02.20 01:30,4997.12,5001.34,4995.01,4996.2
2026.02.20 01:45,4996.67,5000.63,4985.44,4987.42
2026.02.20 02:00,4987.44,4996.21,4985.25,4993.36
2026.02.20 02:15,4993.31,4996.02,4988.02,4990.78
2026.02.20 02:30,4990.8,4996.03,4986.92,4993.92
2026.02.20 02:45,4993.95,5006.85,4993.77,5006.4
2026.02.20 03:00,5006.39,5014.63,5005.86,5013.27
2026.02.20 03:15,5013.27,5013.32,4995.7,4999.36
2026.02.20 03:30,4999.35,5003.49,4995.24,4997.59
2026.02.20 03:45,4997.57,5000.32,4995.31,4996.83
2026.02.20 04:00,4996.97,5007.2,4992.5,4996.67
2026.02.20 04:15,4996.72,4999.05,4992.7,4997.21
2026.02.20 04:30,4997.21,5003.32,4997.21,4999.54
2026.02.20 04:45,4999.53,4999.63,4992.91,4996.04
2026.02.20 05:00,4995.75,4997.3,4989.7,4994.21
2026.02.20 05:15,4994.13,4998.26,4992.01,4992.12
2026.02.20 05:30,4992.18,4999.05,4981.61,4987.13
2026.02.20 05:45,4987.17,4995.65,4985.92,4987.91
2026.02.20 06:00,4988.07,4992.94,4986.53,4992.31
2026.02.20 06:15,4992.49,4994.54,4990.36,4994.32
2026.02.20 06:30,4994.43,5003.29,4993.43,4998.8
2026.02.20 06:45,4998.77,5000.11,4996.27,4999.68
2026.02.20 07:00,4999.69,5005.98,4999.66,5001.21
2026.02.20 07:15,5001.21,5002.28,4998.7,5001.53
2026.02.20 07:30,5001.52,5004.66,4997.94,4999.3
2026.02.20 07:45,4999.31,5011.81,4998.18,5011.8
2026.02.20 08:00,5012.04,5019.97,5011.76,5016.41
2026.02.20 08:15,5016.42,5029.43,5016.26,5022.01
2026.02.20 08:30,5022.02,5027.82,5020.51,5026.72
2026.02.20 08:45,5026.73,5029.84,5020.21,5020.53
2026.02.20 09:00,5020.96,5028.01,5015.64,5022.54
2026.02.20 09:15,5022.55,5023.36,5009.41,5015.12
2026.02.20 09:30,5015.16,5017.77,5012.57,5016.17
2026.02.20 09:45,5016.19,5016.21,5006.07,5006.28
2026.02.20 10:00,5006.45,5016.45,5004.91,5012.35
2026.02.20 10:15,5012.23,5019.67,5011.26,5018.24
2026.02.20 10:30,5018.31,5027.37,5017.58,5022.39
2026.02.20 10:45,5022.4,5030.47,5022.39,5028.77
2026.02.20 11:00,5028.79,5040.54,5028.04,5039.05
2026.02.20 11:15,5039.11,5042.44,5033.39,5034.12
2026.02.20 11:30,5034.1,5035.66,5029.66,5032.14
2026.02.20 11:45,5032.16,5034.59,5027.33,5027.54
2026.02.20 12:00,5027.59,5028.51,5019.43,5025.79
2026.02.20 12:15,5025.77,5030.78,5023.38,5026.43
2026.02.20 12:30,5026.39,5038.53,5026.36,5033.71
2026.02.20 12:45,5033.74,5036.94,5025.76,5034.53
2026.02.20 13:00,5034.56,5034.69,5030.87,5031.23
2026.02.20 13:15,5031.25,5032.17,5025.84,5028.67
2026.02.20 13:30,5028.72,5033.2,5022.52,5027.01
2026.02.20 13:45,5026.95,5028.54,5015.4,5017.17
2026.02.20 14:00,5017.14,5023.72,5013.65,5022.19
2026.02.20 14:15,5022.33,5023.34,5011.54,5011.79
2026.02.20 14:30,5011.91,5025.53,5006.92,5025.13
2026.02.20 14:45,5025.09,5026.41,5021.52,5025.1
2026.02.20 15:00,5025.12,5028.57,5023.64,5025.36
2026.02.20 15:15,5025.38,5031.76,5025.04,5028.35
2026.02.20 15:30,5028.46,5031.83,5018.12,5030.98
2026.02.20 15:45,5030.89,5048.78,5030.83,5043.44
2026.02.20 16:00,5043.45,5047.27,5037.18,5042.78
2026.02.20 16:15,5042.79,5044.76,5038.56,5041.38
2026.02.20 16:30,5041.4,5054.79,5037.5,5052.62
2026.02.20 16:45,5052.79,5060.34,5048.43,5054.44
2026.02.20 17:00,5054.07,5063.97,4989.07,5022.37
2026.02.20 17:15,5022.4,5044.69,5011.26,5025.48
2026.02.20 17:30,5025.58,5046.11,5016.88,5044.88
2026.02.20 17:45,5044.9,5052.29,5036.36,5042.58
2026.02.20 18:00,5042.56,5055.7,5038.54,5054.36
2026.02.20 18:15,5054.42,5056.56,5045.12,5053.72
2026.02.20 18:30,5053.74,5069.07,5052.73,5062.8
2026.02.20 18:45,5062.79,5067.13,5060.08,5066.59
2026.02.20 19:00,5066.51,5073.24,5064.23,5066.58
2026.02.20 19:15,5066.61,5068.15,5054.41,5064.12
2026.02.20 19:30,5064.26,5069.88,5061.52,5068.2
2026.02.20 19:45,5068.19,5076.19,5067.31,5072.85
2026.02.20 20:00,5072.86,5073.5,5066.29,5069.5
2026.02.20 20:15,5069.59,5070.62,5054.04,5058.22
2026.02.20 20:30,5058.2,5074.9,5057.17,5066.54
2026.02.20 20:45,5066.51,5073.8,5066.43,5071.16
2026.02.20 21:00,5071.32,5075.19,5068.65,5071.38
2026.02.20 21:15,5071.4,5075.4,5068.7,5069.35
2026.02.20 21:30,5069.38,5073.83,5069.38,5073.45
2026.02.20 21:45,5073.42,5079.66,5072.01,5079.26
2026.02.20 22:00,5079.21,5081.27,5076.65,5079.42
2026.02.20 22:15,5079.41,5086.26,5078.46,5084.68
2026.02.20 22:30,5084.57,5087.19,5082.49,5084.76
2026.02.20 22:45,5084.73,5098.05,5083.42,5096.75
2026.02.20 23:00,5096.88,5098.89,5091.76,5093.23
2026.02.20 23:15,5093.22,5098.63,5091.65,5097.79
2026.02.20 23:30,5097.64,5099.89,5097.17,5099.0
2026.02.20 23:45,5099.0,5107.3,5098.05,5105.25
2026.02.23 01:00,5106.34,5146.11,5098.42,5145.75
2026.02.23 01:15,5145.81,5150.52,5140.04,5145.9
2026.02.23 01:30,5145.62,5158.79,5144.35,5158.57
2026.02.23 01:45,5158.56,5171.78,5153.63,5165.31
2026.02.23 02:00,5165.17,5166.5,5132.25,5138.11
2026.02.23 02:15,5138.72,5153.37,5129.34,5153.2
2026.02.23 02:30,5153.32,5160.84,5139.2,5140.71
2026.02.23 02:45,5140.72,5146.18,5134.73,5144.34
2026.02.23 03:00,5144.35,5158.07,5139.93,5147.44
2026.02.23 03:15,5147.5,5159.3,5146.28,5159.04
2026.02.23 03:30,5159.02,5166.34,5155.27,5165.99
2026.02.23 03:45,5166.03,5167.58,5156.19,5157.24
2026.02.23 04:00,5157.11,5166.93,5156.64,5160.44
2026.02.23 04:15,5160.45,5167.15,5157.48,5161.06
2026.02.23 04:30,5161.05,5176.46,5160.96,5174.26
2026.02.23 04:45,5174.27,5176.46,5163.75,5173.54
2026.02.23 05:00,5173.49,5175.76,5151.81,5158.14
2026.02.23 05:15,5158.12,5164.34,5153.47,5163.94
2026.02.23 05:30,5164.42,5170.54,5164.39,5168.55
2026.02.23 05:45,5168.55,5171.11,5166.36,5166.6
2026.02.23 06:00,5166.59,5168.61,5155.35,5162.11
2026.02.23 06:15,5162.12,5164.49,5158.97,5159.96
2026.02.23 06:30,5159.98,5163.6,5155.81,5159.35
2026.02.23 06:45,5159.28,5161.68,5157.82,5160.74
2026.02.23 07:00,5160.76,5161.74,5152.19,5158.29
2026.02.23 07:15,5158.3,5159.29,5152.89,5157.69
2026.02.23 07:30,5157.72,5157.88,5153.42,5156.95
2026.02.23 07:45,5156.91,5159.7,5155.79,5158.08
2026.02.23 08:00,5158.09,5160.88,5157.33,5159.32
2026.02.23 08:15,5159.34,5161.37,5152.18,5152.52
2026.02.23 08:30,5152.57,5156.78,5147.01,5148.22
2026.02.23 08:45,5148.23,5153.15,5144.96,5145.56
2026.02.23 09:00,5145.93,5154.25,5137.83,5146.86
2026.02.23 09:15,5146.93,5149.25,5125.22,5136.31
2026.02.23 09:30,5136.28,5137.1,5124.96,5136.55
2026.02.23 09:45,5136.57,5139.19,5134.74,5136.56
2026.02.23 10:00,5136.53,5139.47,5130.96,5138.16
2026.02.23 10:15,5138.14,5139.49,5122.21,5124.96
2026.02.23 10:30,5124.97,5132.22,5122.07,5128.02
2026.02.23 10:45,5127.91,5141.97,5127.6,5140.06
2026.02.23 11:00,5139.87,5146.81,5138.96,5145.7
2026.02.23 11:15,5145.72,5149.24,5144.68,5149.01
2026.02.23 11:30,5149.02,5150.0,5142.89,5146.48
2026.02.23 11:45,5146.47,5149.64,5144.02,5149.39
2026.02.23 12:00,5149.44,5152.93,5146.34,5149.49
2026.02.23 12:15,5149.52,5156.49,5149.13,5155.95
2026.02.23 12:30,5155.87,5157.52,5145.04,5152.13
2026.02.23 12:45,5152.14,5163.33,5151.81,5162.8
2026.02.23 13:00,5162.86,5163.3,5152.85,5153.3
2026.02.23 13:15,5153.35,5154.31,5146.53,5150.52
2026.02.23 13:30,5150.56,5153.6,5147.78,5150.91
2026.02.23 13:45,5150.94,5154.46,5149.46,5149.58
2026.02.23 14:00,5149.56,5154.56,5146.93,5149.5
2026.02.23 14:15,5149.51,5152.18,5145.44,5150.03
2026.02.23 14:30,5150.07,5164.4,5149.6,5164.18
2026.02.23 14:45,5164.21,5165.31,5159.59,5163.93
2026.02.23 15:00,5163.92,5165.07,5153.11,5154.95
2026.02.23 15:15,5154.97,5156.61,5143.55,5149.63
2026.02.23 15:30,5149.69,5153.94,5147.17,5152.71
2026.02.23 15:45,5152.51,5153.18,5145.4,5146.15
2026.02.23 16:00,5146.14,5157.03,5141.41,5156.89
2026.02.23 16:15,5156.9,5165.4,5156.0,5165.23
2026.02.23 16:30,5165.19,5190.7,5164.75,5190.63
2026.02.23 16:45,5190.69,5200.43,5187.37,5192.36
2026.02.23 17:00,5192.35,5199.01,5180.68,5198.95
2026.02.23 17:15,5199.1,5203.64,5191.32,5197.61
2026.02.23 17:30,5197.69,5202.75,5186.2,5201.16
2026.02.23 17:45,5201.27,5204.9,5190.44,5196.11
2026.02.23 18:00,5195.97,5204.24,5175.7,5202.29
2026.02.23 18:15,5202.36,5219.05,5201.29,5214.63
2026.02.23 18:30,5214.78,5215.54,5206.43,5209.53
2026.02.23 18:45,5209.52,5217.77,5206.3,5209.86
2026.02.23 19:00,5210.28,5213.47,5199.4,5203.61
2026.02.23 19:15,5203.66,5212.34,5202.4,5209.96
2026.02.23 19:30,5210.41,5210.99,5190.86,5199.55
2026.02.23 19:45,5199.54,5207.97,5196.42,5207.79
2026.02.23 20:00,5207.85,5215.71,5207.11,5212.44
2026.02.23 20:15,5212.47,5213.12,5200.9,5206.0
2026.02.23 20:30,5206.2,5213.28,5205.44,5206.7
2026.02.23 20:45,5206.72,5211.98,5205.92,5209.45
2026.02.23 21:00,5209.44,5211.98,5206.48,5211.22
2026.02.23 21:15,5211.21,5214.95,5206.95,5209.12
2026.02.23 21:30,5209.08,5217.25,5208.0,5216.95
2026.02.23 21:45,5216.86,5218.23,5214.17,5215.53
2026.02.23 22:00,5215.49,5224.19,5214.77,5223.05
2026.02.23 22:15,5223.01,5225.86,5221.85,5225.05
2026.02.23 22:30,5224.82,5229.84,5224.53,5227.48
2026.02.23 22:45,5227.45,5237.7,5224.69,5236.22
2026.02.23 23:00,5235.85,5237.28,5229.84,5230.98
2026.02.23 23:15,5231.03,5232.09,5228.9,5229.81
2026.02.23 23:30,5229.62,5232.77,5226.35,5228.62
2026.02.23 23:45,5228.4,5231.48,5227.09,5227.61
2026.02.24 01:00,5226.82,5249.03,5222.46,5244.26
2026.02.24 01:15,5244.35,5249.5,5234.24,5236.5
2026.02.24 01:30,5236.49,5246.9,5236.41,5242.19
2026.02.24 01:45,5241.97,5242.81,5234.44,5235.55
2026.02.24 02:00,5235.56,5235.56,5217.62,5229.79
2026.02.24 02:15,5229.86,5238.04,5224.67,5226.77
2026.02.24 02:30,5227.34,5232.51,5224.47,5230.21
2026.02.24 02:45,5230.24,5231.93,5220.99,5223.53
2026.02.24 03:00,5223.51,5223.89,5183.94,5185.5
2026.02.24 03:15,5185.59,5188.82,5145.02,5165.22
2026.02.24 03:30,5165.22,5176.24,5161.05,5173.94
2026.02.24 03:45,5173.96,5179.21,5163.84,5177.12
2026.02.24 04:00,5177.32,5181.49,5166.65,5172.44
2026.02.24 04:15,5172.42,5174.72,5165.42,5173.05
2026.02.24 04:30,5173.0,5187.95,5172.34,5183.43
2026.02.24 04:45,5183.44,5190.58,5183.4,5189.8
2026.02.24 05:00,5189.59,5191.86,5185.34,5188.68
2026.02.24 05:15,5188.7,5189.7,5181.98,5182.59
2026.02.24 05:30,5182.71,5188.63,5176.26,5179.35
2026.02.24 05:45,5179.36,5179.87,5170.97,5171.9
2026.02.24 06:00,5171.86,5171.86,5161.07,5168.18
2026.02.24 06:15,5168.3,5174.85,5168.3,5171.84
2026.02.24 06:30,5171.83,5173.02,5164.5,5164.5
2026.02.24 06:45,5164.52,5170.8,5163.22,5168.06
2026.02.24 07:00,5168.05,5174.18,5163.85,5171.91
2026.02.24 07:15,5171.93,5175.29,5166.63,5167.32
2026.02.24 07:30,5167.44,5174.5,5164.44,5172.79
2026.02.24 07:45,5172.77,5185.53,5172.18,5182.57
2026.02.24 08:00,5182.61,5184.69,5177.11,5182.61
2026.02.24 08:15,5182.64,5183.58,5166.9,5168.84
2026.02.24 08:30,5168.65,5173.39,5156.37,5168.9
2026.02.24 08:45,5168.91,5175.02,5168.14,5173.39
2026.02.24 09:00,5173.15,5173.52,5163.96,5171.11
2026.02.24 09:15,5171.19,5183.29,5169.3,5183.17
2026.02.24 09:30,5183.07,5183.7,5174.53,5179.62
2026.02.24 09:45,5179.58,5182.94,5175.15,5179.16
2026.02.24 10:00,5178.74,5179.3,5169.45,5170.93
2026.02.24 10:15,5170.92,5174.8,5164.99,5170.27
2026.02.24 10:30,5170.18,5181.9,5169.51,5174.6
2026.02.24 10:45,5174.61,5176.61,5168.98,5173.35
2026.02.24 11:00,5172.96,5180.25,5171.48,5172.33
2026.02.24 11:15,5172.31,5174.72,5167.76,5168.45
2026.02.24 11:30,5168.69,5173.63,5166.39,5169.79
2026.02.24 11:45,5169.76,5173.04,5167.25,5171.27
2026.02.24 12:00,5171.26,5175.84,5170.74,5174.47
2026.02.24 12:15,5174.45,5181.26,5172.27,5175.78
2026.02.24 12:30,5175.9,5176.51,5163.14,5170.21
2026.02.24 12:45,5170.23,5174.44,5168.93,5172.71
2026.02.24 13:00,5172.73,5177.18,5172.04,5176.14
2026.02.24 13:15,5176.21,5176.67,5170.81,5174.58
2026.02.24 13:30,5174.59,5177.94,5172.83,5177.94
2026.02.24 13:45,5177.93,5178.42,5172.06,5172.54
2026.02.24 14:00,5172.46,5173.28,5164.92,5167.46
2026.02.24 14:15,5167.44,5168.29,5146.88,5161.46
2026.02.24 14:30,5161.47,5164.47,5153.69,5157.67
2026.02.24 14:45,5157.63,5158.67,5145.26,5150.41
2026.02.24 15:00,5150.71,5161.04,5150.71,5158.91
2026.02.24 15:15,5158.9,5159.1,5151.84,5156.2
2026.02.24 15:30,5156.21,5158.67,5133.23,5145.6
2026.02.24 15:45,5145.58,5145.99,5110.96,5114.82
2026.02.24 16:00,5114.79,5127.36,5093.37,5104.72
2026.02.24 16:15,5104.75,5119.42,5100.4,5114.89
2026.02.24 16:30,5115.23,5139.04,5109.86,5137.06
2026.02.24 16:45,5137.1,5139.2,5126.41,5128.33
2026.02.24 17:00,5128.31,5137.63,5117.86,5136.83
2026.02.24 17:15,5137.0,5146.12,5134.8,5138.24
2026.02.24 17:30,5138.16,5149.73,5134.11,5149.71
2026.02.24 17:45,5149.74,5155.14,5144.97,5150.25
2026.02.24 18:00,5150.26,5152.24,5141.11,5147.33
2026.02.24 18:15,5147.12,5150.66,5141.25,5143.52
2026.02.24 18:30,5143.54,5150.74,5134.98,5145.44
2026.02.24 18:45,5145.49,5145.7,5130.74,5141.68
2026.02.24 19:00,5141.67,5157.83,5141.67,5156.24
2026.02.24 19:15,5156.34,5163.35,5155.11,5158.57
2026.02.24 19:30,5158.61,5161.1,5156.41,5160.45
2026.02.24 19:45,5160.46,5163.65,5157.5,5163.6
2026.02.24 20:00,5163.6,5169.86,5163.6,5164.17
2026.02.24 20:15,5164.26,5165.34,5155.53,5158.18
2026.02.24 20:30,5158.26,5161.33,5153.66,5158.92
2026.02.24 20:45,5158.93,5162.86,5155.86,5159.92
2026.02.24 21:00,5159.85,5160.36,5149.44,5156.22
2026.02.24 21:15,5156.17,5157.32,5146.26,5151.44
2026.02.24 21:30,5151.46,5156.66,5148.81,5152.15
2026.02.24 21:45,5152.12,5155.38,5151.33,5153.83
2026.02.24 22:00,5153.85,5155.84,5146.48,5149.16
2026.02.24 22:15,5148.99,5170.09,5148.09,5168.38
2026.02.24 22:30,5168.41,5173.1,5165.55,5172.05
2026.02.24 22:45,5171.95,5172.21,5157.97,5163.9
2026.02.24 23:00,5163.83,5165.46,5156.25,5160.91
2026.02.24 23:15,5160.86,5162.21,5153.78,5155.31
2026.02.24 23:30,5155.37,5155.79,5145.96,5150.72
2026.02.24 23:45,5150.71,5150.72,5140.12,5143.79
2026.02.25 01:00,5143.11,5143.76,5121.9,5135.58
2026.02.25 01:15,5135.58,5137.7,5128.36,5130.86
2026.02.25 01:30,5130.67,5149.55,5129.38,5147.12
2026.02.25 01:45,5147.07,5151.98,5145.37,5146.48
2026.02.25 02:00,5146.49,5149.51,5136.68,5140.37
2026.02.25 02:15,5140.35,5146.24,5137.61,5140.0
2026.02.25 02:30,5140.21,5155.24,5140.17,5147.35
2026.02.25 02:45,5147.34,5156.03,5141.89,5152.08
2026.02.25 03:00,5152.07,5176.32,5144.08,5174.1
2026.02.25 03:15,5174.0,5188.46,5173.65,5185.27
2026.02.25 03:30,5185.26,5189.81,5178.47,5180.34
2026.02.25 03:45,5180.33,5186.26,5174.54,5176.61
2026.02.25 04:00,5176.63,5189.12,5176.4,5188.56
2026.02.25 04:15,5188.55,5193.8,5184.72,5189.61
2026.02.25 04:30,5189.6,5190.42,5182.58,5185.82
2026.02.25 04:45,5185.83,5186.65,5166.35,5180.54
2026.02.25 05:00,5180.73,5189.94,5180.73,5185.99
2026.02.25 05:15,5185.9,5187.25,5179.23,5186.17
2026.02.25 05:30,5186.21,5188.35,5179.2,5183.75
2026.02.25 05:45,5183.74,5187.39,5178.3,5182.05
2026.02.25 06:00,5182.04,5183.5,5172.4,5180.71
2026.02.25 06:15,5180.72,5184.98,5180.37,5182.64
2026.02.25 06:30,5182.65,5184.06,5179.85,5184.06
2026.02.25 06:45,5184.1,5184.8,5179.81,5182.57
2026.02.25 07:00,5182.59,5191.48,5182.59,5188.31
2026.02.25 07:15,5188.3,5196.05,5187.69,5195.27
2026.02.25 07:30,5195.28,5203.97,5192.27,5202.89
2026.02.25 07:45,5203.01,5210.46,5201.3,5201.66
2026.02.25 08:00,5201.68,5201.72,5182.24,5191.73
2026.02.25 08:15,5191.74,5195.26,5188.84,5189.62
2026.02.25 08:30,5189.57,5194.5,5188.56,5191.49
2026.02.25 08:45,5191.49,5194.51,5189.17,5194.49
2026.02.25 09:00,5194.5,5194.97,5187.44,5188.62
2026.02.25 09:15,5188.6,5190.25,5182.29,5189.3
2026.02.25 09:30,5189.24,5190.12,5185.72,5186.05
2026.02.25 09:45,5186.06,5189.22,5180.22,5184.5
2026.02.25 10:00,5184.54,5190.18,5184.54,5187.02
2026.02.25 10:15,5186.99,5193.96,5186.69,5193.23
2026.02.25 10:30,5193.25,5196.96,5191.16,5192.04
2026.02.25 10:45,5192.03,5192.13,5183.99,5185.25
2026.02.25 11:00,5185.14,5187.67,5176.42,5183.61
2026.02.25 11:15,5183.57,5188.41,5181.52,5186.62
2026.02.25 11:30,5186.63,5193.67,5185.72,5190.8
2026.02.25 11:45,5190.89,5194.45,5187.76,5193.12
2026.02.25 12:00,5193.23,5195.13,5182.84,5184.5
2026.02.25 12:15,5184.49,5184.66,5172.15,5175.15
2026.02.25 12:30,5174.93,5180.87,5170.24,5176.68
2026.02.25 12:45,5176.66,5177.06,5172.27,5174.93
2026.02.25 13:00,5174.9,5175.72,5162.67,5163.64
2026.02.25 13:15,5163.59,5169.29,5155.04,5168.68
2026.02.25 13:30,5168.71,5173.84,5166.51,5173.08
2026.02.25 13:45,5173.11,5182.6,5172.16,5181.51
2026.02.25 14:00,5181.33,5182.8,5178.06,5181.87
2026.02.25 14:15,5181.89,5187.28,5181.7,5183.52
2026.02.25 14:30,5183.5,5186.33,5177.19,5184.61
2026.02.25 14:45,5184.66,5185.21,5178.46,5182.6
2026.02.25 15:00,5182.54,5189.67,5180.95,5187.04
2026.02.25 15:15,5187.11,5191.3,5185.8,5187.8
2026.02.25 15:30,5187.77,5191.19,5181.82,5186.95
2026.02.25 15:45,5187.02,5190.97,5184.04,5184.99
2026.02.25 16:00,5184.75,5191.01,5183.46,5185.16
2026.02.25 16:15,5185.17,5185.77,5174.72,5177.68
2026.02.25 16:30,5177.55,5180.95,5158.75,5175.04
2026.02.25 16:45,5174.95,5193.11,5174.72,5191.03
2026.02.25 17:00,5190.95,5202.46,5190.18,5193.01
2026.02.25 17:15,5193.04,5195.57,5173.75,5180.23
2026.02.25 17:30,5180.04,5192.92,5172.28,5190.79
2026.02.25 17:45,5190.77,5198.22,5186.48,5194.68
2026.02.25 18:00,5194.61,5198.54,5189.56,5192.35
2026.02.25 18:15,5192.33,5205.97,5191.58,5202.87
2026.02.25 18:30,5202.83,5207.45,5198.85,5207.37
2026.02.25 18:45,5207.31,5213.68,5206.52,5212.01
2026.02.25 19:00,5212.15,5217.45,5207.6,5214.88
2026.02.25 19:15,5214.87,5215.83,5211.33,5213.01
2026.02.25 19:30,5213.04,5214.43,5207.93,5208.14
2026.02.25 19:45,5208.44,5210.6,5203.51,5206.76
2026.02.25 20:00,5206.75,5207.46,5206.71,5207.01
2026.02.25 20:15,5207.03,5207.5,5206.53,5207.01
2026.02.25 20:30,5206.97,5207.43,5205.03,5205.45
2026.02.25 20:45,5205.45,5205.75,5200.62,5201.93
2026.02.25 21:00,5201.92,5207.78,5191.36,5206.87
2026.02.25 21:15,5206.9,5206.9,5193.79,5202.28
2026.02.25 21:30,5202.56,5206.74,5199.5,5204.48
2026.02.25 21:45,5204.52,5208.27,5200.38,5204.89
2026.02.25 22:00,5204.74,5206.17,5195.27,5195.34
2026.02.25 22:15,5195.46,5196.33,5182.92,5186.07
2026.02.25 22:30,5186.29,5190.39,5177.38,5181.29
2026.02.25 22:45,5181.28,5181.39,5146.02,5151.74
2026.02.25 23:00,5152.03,5165.12,5150.11,5161.74
2026.02.25 23:15,5161.71,5173.17,5160.72,5168.91
2026.02.25 23:30,5168.9,5173.33,5166.44,5170.11
2026.02.25 23:45,5170.05,5171.47,5162.95,5164.65
2026.02.26 01:00,5159.45,5181.95,5159.45,5168.49
2026.02.26 01:15,5168.48,5179.7,5163.41,5169.79
2026.02.26 01:30,5169.8,5174.15,5163.35,5172.45
2026.02.26 01:45,5172.38,5179.09,5161.3,5162.87
2026.02.26 02:00,5162.94,5169.31,5155.34,5167.43
2026.02.26 02:15,5167.42,5186.1,5167.35,5185.14
2026.02.26 02:30,5185.19,5189.26,5181.14,5188.3
2026.02.26 02:45,5188.32,5191.85,5184.86,5188.23
2026.02.26 03:00,5188.28,5198.19,5182.58,5187.48
2026.02.26 03:15,5187.59,5195.04,5178.71,5180.32
2026.02.26 03:30,5180.14,5192.26,5178.51,5189.3
2026.02.26 03:45,5189.34,5193.81,5184.94,5191.33
2026.02.26 04:00,5191.34,5195.65,5182.05,5182.83
2026.02.26 04:15,5182.89,5189.67,5180.45,5180.69
2026.02.26 04:30,5180.71,5184.09,5174.06,5176.02
2026.02.26 04:45,5176.04,5186.28,5175.85,5184.19
2026.02.26 05:00,5184.2,5187.85,5182.77,5187.02
2026.02.26 05:15,5187.07,5193.66,5185.2,5188.18
2026.02.26 05:30,5188.15,5189.62,5185.92,5186.18
2026.02.26 05:45,5186.16,5192.82,5184.08,5192.46
2026.02.26 06:00,5192.32,5199.12,5192.31,5196.77
2026.02.26 06:15,5196.76,5197.0,5191.38,5194.11
2026.02.26 06:30,5194.12,5195.63,5192.76,5194.11
2026.02.26 06:45,5194.14,5194.68,5190.37,5192.49
2026.02.26 07:00,5192.7,5199.61,5189.82,5197.91
2026.02.26 07:15,5197.95,5205.43,5196.4,5200.35
2026.02.26 07:30,5200.35,5203.26,5195.97,5199.53
2026.02.26 07:45,5199.51,5200.07,5191.28,5198.14
2026.02.26 08:00,5198.2,5199.48,5193.33,5197.86
2026.02.26 08:15,5197.85,5198.2,5192.92,5193.66
2026.02.26 08:30,5193.7,5198.33,5193.43,5196.6
2026.02.26 08:45,5196.66,5197.14,5190.2,5193.1
2026.02.26 09:00,5193.18,5194.64,5182.36,5187.37
2026.02.26 09:15,5187.38,5190.6,5182.0,5184.95
2026.02.26 09:30,5184.99,5189.64,5184.3,5186.3
2026.02.26 09:45,5186.2,5188.19,5179.54,5185.86
2026.02.26 10:00,5185.84,5190.62,5179.17,5189.32
2026.02.26 10:15,5189.31,5190.64,5175.12,5176.72
2026.02.26 10:30,5176.73,5180.52,5170.6,5174.03
2026.02.26 10:45,5174.06,5181.97,5167.73,5179.2
2026.02.26 11:00,5178.58,5182.33,5173.81,5181.48
2026.02.26 11:15,5181.54,5182.18,5174.6,5180.95
2026.02.26 11:30,5180.9,5183.59,5179.11,5181.38
2026.02.26 11:45,5181.37,5189.33,5181.37,5186.18
2026.02.26 12:00,5186.2,5189.95,5185.41,5187.67
2026.02.26 12:15,5187.65,5188.63,5178.65,5179.06
2026.02.26 12:30,5179.01,5179.24,5171.64,5172.03
2026.02.26 12:45,5172.02,5175.08,5165.89,5171.26
2026.02.26 13:00,5171.21,5178.22,5169.21,5175.71
2026.02.26 13:15,5175.67,5175.94,5170.8,5171.83
2026.02.26 13:30,5171.81,5175.25,5171.64,5174.43
2026.02.26 13:45,5174.31,5174.31,5161.03,5164.56
2026.02.26 14:00,5164.66,5169.87,5157.64,5168.24
2026.02.26 14:15,5168.04,5180.12,5165.72,5178.33
2026.02.26 14:30,5178.34,5187.53,5177.6,5187.36
2026.02.26 14:45,5187.37,5187.73,5179.41,5183.57
2026.02.26 15:00,5183.59,5185.42,5168.21,5173.76
2026.02.26 15:15,5173.86,5178.67,5171.3,5174.58
2026.02.26 15:30,5174.55,5177.19,5164.26,5165.05
2026.02.26 15:45,5165.08,5171.41,5164.49,5166.17
2026.02.26 16:00,5165.92,5169.99,5160.1,5166.11
2026.02.26 16:15,5166.11,5172.3,5163.37,5170.27
2026.02.26 16:30,5170.25,5174.77,5139.74,5172.23
2026.02.26 16:45,5172.14,5175.88,5163.61,5164.63
2026.02.26 17:00,5164.0,5172.2,5158.69,5162.26
2026.02.26 17:15,5162.3,5163.21,5130.15,5141.54
2026.02.26 17:30,5141.31,5176.46,5140.38,5175.59
2026.02.26 17:45,5175.59,5192.66,5175.13,5185.52
2026.02.26 18:00,5185.53,5186.99,5172.73,5176.62
2026.02.26 18:15,5176.69,5184.5,5173.62,5180.38
2026.02.26 18:30,5180.22,5186.15,5177.89,5182.98
2026.02.26 18:45,5182.99,5185.35,5175.35,5179.49
2026.02.26 19:00,5179.54,5190.35,5178.15,5179.53
2026.02.26 19:15,5179.63,5181.82,5173.55,5174.2
2026.02.26 19:30,5174.22,5177.73,5171.85,5174.59
2026.02.26 19:45,5174.62,5175.16,5161.94,5167.12
2026.02.26 20:00,5167.19,5173.52,5163.51,5173.15
2026.02.26 20:15,5173.16,5178.24,5171.84,5177.01
2026.02.26 20:30,5177.03,5182.31,5160.26,5181.01
2026.02.26 20:45,5180.97,5185.78,5178.68,5180.32
2026.02.26 21:00,5180.4,5188.18,5179.47,5186.33
2026.02.26 21:15,5186.34,5189.08,5184.45,5185.47
2026.02.26 21:30,5185.53,5190.74,5183.29,5186.16
2026.02.26 21:45,5186.25,5193.92,5186.25,5186.86
2026.02.26 22:00,5186.85,5197.83,5186.59,5196.73
2026.02.26 22:15,5196.7,5197.86,5191.92,5193.52
2026.02.26 22:30,5193.54,5199.25,5190.61,5198.14
2026.02.26 22:45,5198.21,5200.9,5189.4,5196.3
2026.02.26 23:00,5196.28,5200.56,5196.23,5196.39
2026.02.26 23:15,5196.4,5196.83,5184.77,5185.75
2026.02.26 23:30,5185.78,5191.21,5184.38,5190.02
2026.02.26 23:45,5190.0,5190.0,5182.7,5185.01
2026.02.27 01:00,5183.93,5189.53,5175.48,5183.81
2026.02.27 01:15,5183.83,5187.01,5181.04,5183.75
2026.02.27 01:30,5183.97,5189.07,5181.55,5185.58
2026.02.27 01:45,5185.59,5188.28,5182.01,5184.36
2026.02.27 02:00,5184.35,5186.39,5178.72,5185.67
2026.02.27 02:15,5185.59,5194.86,5185.13,5187.94
2026.02.27 02:30,5187.97,5189.66,5170.01,5174.98
2026.02.27 02:45,5175.07,5177.28,5171.72,5174.87
2026.02.27 03:00,5174.86,5178.53,5166.75,5176.34
2026.02.27 03:15,5176.52,5179.84,5174.53,5174.71
2026.02.27 03:30,5174.7,5191.22,5172.92,5188.35
2026.02.27 03:45,5188.21,5194.31,5187.01,5193.87
2026.02.27 04:00,5193.86,5199.57,5191.72,5194.4
2026.02.27 04:15,5194.44,5195.28,5183.95,5184.25
2026.02.27 04:30,5184.4,5186.2,5174.35,5181.26
2026.02.27 04:45,5181.27,5184.01,5173.38,5183.4
2026.02.27 05:00,5183.39,5184.82,5180.89,5182.54
2026.02.27 05:15,5182.52,5187.93,5181.15,5186.65
2026.02.27 05:30,5186.66,5188.94,5183.32,5186.99
2026.02.27 05:45,5186.98,5190.43,5183.89,5183.93
2026.02.27 06:00,5183.92,5187.65,5183.44,5186.52
2026.02.27 06:15,5186.62,5188.66,5181.45,5187.04
2026.02.27 06:30,5187.03,5188.46,5185.2,5187.13
2026.02.27 06:45,5187.12,5187.39,5180.69,5181.4
2026.02.27 07:00,5181.39,5187.38,5181.17,5187.15
2026.02.27 07:15,5187.09,5194.61,5185.59,5194.55
2026.02.27 07:30,5194.57,5197.4,5190.09,5192.1
2026.02.27 07:45,5192.18,5200.35,5190.83,5197.72
2026.02.27 08:00,5197.73,5198.26,5192.91,5196.96
2026.02.27 08:15,5196.93,5199.04,5192.21,5193.31
2026.02.27 08:30,5193.32,5196.27,5191.37,5193.44
2026.02.27 08:45,5193.46,5193.82,5184.94,5185.52
2026.02.27 09:00,5185.51,5189.55,5181.17,5181.47
2026.02.27 09:15,5181.39,5185.39,5177.27,5178.59
2026.02.27 09:30,5178.66,5182.76,5175.53,5180.22
2026.02.27 09:45,5180.45,5182.57,5175.73,5175.83
2026.02.27 10:00,5176.25,5182.18,5176.18,5178.3
2026.02.27 10:15,5178.31,5179.6,5174.18,5177.41
2026.02.27 10:30,5177.38,5182.19,5176.6,5180.14
2026.02.27 10:45,5180.08,5181.94,5176.39,5178.52
2026.02.27 11:00,5178.46,5181.61,5174.95,5178.37
2026.02.27 11:15,5178.38,5182.0,5176.67,5178.81
2026.02.27 11:30,5178.78,5181.58,5177.61,5180.83
2026.02.27 11:45,5180.91,5182.56,5172.09,5175.81
2026.02.27 12:00,5175.86,5176.79,5168.61,5174.27
2026.02.27 12:15,5174.07,5180.75,5172.14,5173.38
2026.02.27 12:30,5173.39,5176.22,5169.1,5176.01
2026.02.27 12:45,5176.01,5178.47,5175.28,5177.46
2026.02.27 13:00,5177.43,5178.2,5173.16,5173.77
2026.02.27 13:15,5173.76,5178.44,5172.47,5177.6
2026.02.27 13:30,5177.68,5180.2,5176.57,5177.66
2026.02.27 13:45,5177.63,5185.54,5177.56,5185.54
2026.02.27 14:00,5185.61,5190.45,5184.98,5185.38
2026.02.27 14:15,5185.43,5189.57,5185.06,5186.71
2026.02.27 14:30,5186.72,5188.19,5183.68,5184.76
2026.02.27 14:45,5184.72,5188.78,5182.83,5187.36
2026.02.27 15:00,5187.4,5214.76,5186.69,5212.85
2026.02.27 15:15,5212.82,5240.47,5212.62,5234.75
2026.02.27 15:30,5234.78,5235.58,5207.63,5216.36
2026.02.27 15:45,5216.37,5225.84,5210.96,5222.94
2026.02.27 16:00,5222.67,5230.09,5217.36,5226.57
2026.02.27 16:15,5226.6,5236.01,5223.68,5231.24
2026.02.27 16:30,5231.17,5233.66,5213.75,5225.37
2026.02.27 16:45,5225.33,5229.36,5215.92,5223.56
2026.02.27 17:00,5223.42,5240.0,5219.6,5237.82
2026.02.27 17:15,5238.18,5239.96,5214.68,5231.34
2026.02.27 17:30,5231.31,5235.77,5226.92,5230.97
2026.02.27 17:45,5230.98,5246.51,5229.73,5239.34
2026.02.27 18:00,5239.41,5255.62,5233.95,5253.74
2026.02.27 18:15,5253.64,5257.65,5221.95,5234.16
2026.02.27 18:30,5233.84,5238.27,5229.2,5235.54
2026.02.27 18:45,5235.55,5237.97,5228.66,5228.98
2026.02.27 19:00,5229.11,5235.77,5226.1,5231.16
2026.02.27 19:15,5231.15,5232.25,5223.53,5228.69
2026.02.27 19:30,5228.67,5236.64,5221.03,5234.5
2026.02.27 19:45,5234.5,5236.78,5232.09,5234.56
2026.02.27 20:00,5234.5,5238.23,5233.29,5233.37
2026.02.27 20:15,5233.33,5234.31,5222.46,5230.41
2026.02.27 20:30,5230.52,5239.9,5226.48,5239.56
2026.02.27 20:45,5239.54,5246.72,5238.69,5245.17
2026.02.27 21:00,5245.16,5251.06,5240.15,5246.68
2026.02.27 21:15,5246.72,5252.16,5245.11,5247.91
2026.02.27 21:30,5247.92,5250.9,5243.55,5246.04
2026.02.27 21:45,5246.11,5251.2,5245.36,5249.86
2026.02.27 22:00,5249.88,5252.21,5248.53,5251.53
2026.02.27 22:15,5251.52,5262.11,5251.4,5256.88
2026.02.27 22:30,5256.91,5263.1,5254.53,5259.87
2026.02.27 22:45,5259.72,5265.34,5259.48,5263.22
2026.02.27 23:00,5263.14,5263.92,5257.74,5259.68
2026.02.27 23:15,5259.73,5263.62,5257.13,5262.37
2026.02.27 23:30,5262.31,5276.08,5260.02,5274.06
2026.02.27 23:45,5273.99,5280.63,5271.78,5278.53
2026.03.02 01:00,5300.13,5373.76,5300.13,5346.52
2026.03.02 01:15,5346.43,5357.67,5342.76,5354.95
2026.03.02 01:30,5353.98,5393.28,5353.0,5382.15
2026.03.02 01:45,5381.99,5390.46,5374.13,5386.86
2026.03.02 02:00,5386.87,5388.11,5364.11,5375.8
2026.03.02 02:15,5375.81,5375.81,5349.25,5364.44
2026.03.02 02:30,5364.49,5373.17,5359.32,5365.34
2026.03.02 02:45,5365.42,5366.09,5340.81,5347.33
2026.03.02 03:00,5347.3,5347.3,5316.24,5339.96
2026.03.02 03:15,5339.88,5345.59,5303.06,5307.48
2026.03.02 03:30,5307.4,5338.82,5305.26,5333.62
2026.03.02 03:45,5333.55,5337.96,5322.0,5324.86
2026.03.02 04:00,5324.8,5335.51,5316.85,5328.14
2026.03.02 04:15,5327.95,5336.14,5326.12,5331.39
2026.03.02 04:30,5331.28,5351.57,5328.47,5351.03
2026.03.02 04:45,5350.74,5351.71,5340.84,5346.23
2026.03.02 05:00,5346.53,5357.39,5344.39,5354.99
2026.03.02 05:15,5354.97,5359.39,5349.76,5355.5
2026.03.02 05:30,5355.46,5364.68,5353.69,5361.96
2026.03.02 05:45,5361.99,5366.53,5359.54,5366.22
2026.03.02 06:00,5366.16,5366.97,5355.58,5355.85
2026.03.02 06:15,5356.42,5365.78,5355.66,5363.12
2026.03.02 06:30,5363.14,5364.17,5345.16,5354.15
2026.03.02 06:45,5354.13,5358.23,5350.74,5355.79
2026.03.02 07:00,5355.79,5355.81,5345.77,5349.86
2026.03.02 07:15,5349.89,5354.16,5340.59,5350.6
2026.03.02 07:30,5350.57,5363.57,5348.44,5360.34
2026.03.02 07:45,5360.36,5366.28,5359.15,5366.05
2026.03.02 08:00,5366.01,5379.99,5363.56,5375.08
2026.03.02 08:15,5375.12,5382.03,5373.8,5380.45
2026.03.02 08:30,5380.49,5383.05,5374.05,5375.49
2026.03.02 08:45,5375.47,5389.74,5375.45,5387.56
2026.03.02 09:00,5387.62,5406.67,5384.88,5405.78
2026.03.02 09:15,5406.25,5419.09,5404.13,5408.34
2026.03.02 09:30,5408.05,5411.46,5402.05,5402.94
2026.03.02 09:45,5402.9,5414.3,5402.52,5408.06
2026.03.02 10:00,5408.07,5412.88,5402.57,5409.51
2026.03.02 10:15,5409.52,5415.75,5402.27,5415.53
2026.03.02 10:30,5415.49,5416.55,5396.75,5401.48
2026.03.02 10:45,5401.47,5410.95,5391.2,5393.89
2026.03.02 11:00,5393.92,5399.96,5389.62,5394.5
2026.03.02 11:15,5394.61,5398.54,5385.97,5394.53
2026.03.02 11:30,5394.52,5402.55,5394.17,5396.65
2026.03.02 11:45,5396.62,5397.27,5387.22,5391.9
2026.03.02 12:00,5392.0,5394.31,5378.97,5390.25
2026.03.02 12:15,5390.2,5392.28,5383.61,5389.79
2026.03.02 12:30,5389.8,5400.77,5386.75,5400.26
2026.03.02 12:45,5400.27,5400.7,5381.51,5389.1
2026.03.02 13:00,5389.21,5394.63,5382.23,5388.39
2026.03.02 13:15,5388.35,5397.04,5387.59,5390.22
2026.03.02 13:30,5390.23,5399.87,5388.71,5388.95
2026.03.02 13:45,5388.96,5389.71,5375.1,5385.14
2026.03.02 14:00,5385.38,5398.25,5378.75,5391.28
2026.03.02 14:15,5391.38,5395.89,5384.52,5393.93
2026.03.02 14:30,5393.94,5398.61,5388.67,5396.38
2026.03.02 14:45,5396.23,5398.37,5385.42,5396.97
2026.03.02 15:00,5396.96,5409.87,5381.79,5384.14
2026.03.02 15:15,5384.09,5408.97,5382.49,5401.47
2026.03.02 15:30,5401.48,5416.65,5392.21,5392.93
2026.03.02 15:45,5392.92,5398.1,5389.26,5393.78
2026.03.02 16:00,5393.77,5395.03,5363.38,5375.19
2026.03.02 16:15,5375.2,5376.65,5306.54,5333.51
2026.03.02 16:30,5333.48,5355.59,5306.45,5347.33
2026.03.02 16:45,5347.54,5351.31,5320.85,5333.54
2026.03.02 17:00,5333.46,5346.6,5311.29,5333.7
2026.03.02 17:15,5333.68,5338.86,5317.28,5330.86
2026.03.02 17:30,5330.57,5348.72,5329.84,5342.25
2026.03.02 17:45,5342.24,5345.05,5308.19,5315.77
2026.03.02 18:00,5315.13,5315.13,5260.28,5300.32
2026.03.02 18:15,5300.3,5314.28,5281.89,5309.69
2026.03.02 18:30,5309.68,5311.71,5282.14,5301.33
2026.03.02 18:45,5301.34,5306.07,5289.39,5290.05
2026.03.02 19:00,5289.96,5309.74,5286.81,5298.44
2026.03.02 19:15,5298.4,5311.88,5291.9,5304.32
2026.03.02 19:30,5304.79,5320.4,5303.26,5304.18
2026.03.02 19:45,5304.31,5310.86,5297.9,5306.55
2026.03.02 20:00,5306.63,5307.98,5289.49,5295.15
2026.03.02 20:15,5295.17,5305.64,5293.94,5297.46
2026.03.02 20:30,5297.5,5303.01,5290.98,5302.99
2026.03.02 20:45,5303.02,5316.65,5302.01,5315.37
2026.03.02 21:00,5315.58,5333.17,5313.82,5330.53
2026.03.02 21:15,5330.61,5332.71,5318.55,5330.7
2026.03.02 21:30,5330.71,5333.96,5324.46,5324.89
2026.03.02 21:45,5324.97,5332.05,5322.78,5330.34
2026.03.02 22:00,5330.35,5346.21,5328.22,5337.43
2026.03.02 22:15,5337.39,5346.31,5328.48,5333.39
2026.03.02 22:30,5333.4,5344.63,5332.16,5341.83
2026.03.02 22:45,5341.93,5342.36,5331.15,5332.2
2026.03.02 23:00,5333.07,5339.55,5331.39,5335.23
2026.03.02 23:15,5335.25,5340.1,5331.16,5332.21
2026.03.02 23:30,5332.23,5332.61,5325.74,5331.13
2026.03.02 23:45,5331.05,5331.05,5321.5,5321.73
2026.03.03 01:00,5322.98,5347.17,5322.49,5338.82
2026.03.03 01:15,5338.84,5341.66,5329.3,5336.42
2026.03.03 01:30,5336.41,5336.83,5330.34,5330.82
2026.03.03 01:45,5330.52,5346.55,5329.86,5345.71
2026.03.03 02:00,5345.73,5349.46,5336.89,5348.39
2026.03.03 02:15,5348.4,5358.69,5348.0,5357.78
2026.03.03 02:30,5358.04,5361.96,5348.15,5354.85
2026.03.03 02:45,5354.86,5359.22,5346.24,5350.05
2026.03.03 03:00,5350.0,5371.96,5347.07,5368.17
2026.03.03 03:15,5367.95,5379.73,5365.64,5377.09
2026.03.03 03:30,5377.1,5378.23,5362.79,5362.79
2026.03.03 03:45,5362.8,5365.19,5338.02,5339.1
2026.03.03 04:00,5339.32,5357.1,5332.74,5349.84
2026.03.03 04:15,5349.86,5359.36,5344.09,5358.68
2026.03.03 04:30,5358.76,5364.92,5355.34,5360.69
2026.03.03 04:45,5360.7,5367.98,5358.68,5366.79
2026.03.03 05:00,5366.78,5371.38,5364.8,5366.6
2026.03.03 05:15,5366.58,5373.38,5363.97,5367.17
2026.03.03 05:30,5367.18,5370.6,5365.41,5369.08
2026.03.03 05:45,5369.07,5369.71,5358.86,5367.2
2026.03.03 06:00,5367.19,5367.64,5359.25,5361.61
2026.03.03 06:15,5361.59,5375.46,5359.6,5371.84
2026.03.03 06:30,5371.83,5375.53,5367.16,5369.51
2026.03.03 06:45,5369.54,5369.95,5360.79,5360.97
2026.03.03 07:00,5360.95,5367.05,5354.51,5362.06
2026.03.03 07:15,5362.07,5363.95,5352.78,5358.59
2026.03.03 07:30,5358.42,5359.24,5334.6,5345.28
2026.03.03 07:45,5345.26,5346.52,5305.08,5318.92
2026.03.03 08:00,5319.02,5322.97,5278.95,5289.6
2026.03.03 08:15,5289.77,5319.24,5288.22,5316.51
2026.03.03 08:30,5316.5,5319.27,5295.81,5310.1
2026.03.03 08:45,5310.11,5314.96,5290.63,5310.39
2026.03.03 09:00,5310.38,5318.35,5305.79,5314.75
2026.03.03 09:15,5314.76,5320.02,5309.97,5313.3
2026.03.03 09:30,5313.24,5328.23,5313.24,5326.33
2026.03.03 09:45,5326.34,5331.05,5323.45,5327.55
2026.03.03 10:00,5327.49,5335.75,5319.75,5319.75
2026.03.03 10:15,5319.88,5328.31,5310.75,5311.89
2026.03.03 10:30,5312.16,5313.16,5295.98,5305.1
2026.03.03 10:45,5305.08,5311.27,5290.13,5295.44
2026.03.03 11:00,5295.45,5303.75,5284.2,5296.07
2026.03.03 11:15,5296.08,5302.42,5226.16,5242.14
2026.03.03 11:30,5242.18,5270.41,5240.27,5263.76
2026.03.03 11:45,5263.94,5280.8,5259.75,5274.91
2026.03.03 12:00,5274.81,5288.02,5268.95,5272.63
2026.03.03 12:15,5272.62,5281.18,5265.77,5276.69
2026.03.03 12:30,5276.46,5276.68,5247.68,5260.7
2026.03.03 12:45,5260.78,5260.78,5237.78,5248.46
2026.03.03 13:00,5248.48,5263.83,5159.61,5198.15
2026.03.03 13:15,5197.96,5209.27,5113.1,5126.54
2026.03.03 13:30,5126.27,5142.92,5074.44,5124.64
2026.03.03 13:45,5123.31,5157.59,5123.22,5144.35
2026.03.03 14:00,5144.43,5192.73,5138.31,5192.61
2026.03.03 14:15,5192.55,5208.3,5181.14,5204.27
2026.03.03 14:30,5204.26,5211.91,5188.4,5202.72
2026.03.03 14:45,5202.7,5226.48,5196.06,5224.37
2026.03.03 15:00,5224.55,5224.55,5146.3,5163.85
2026.03.03 15:15,5163.78,5184.37,5159.67,5177.76
2026.03.03 15:30,5176.89,5185.96,5147.52,5156.27
2026.03.03 15:45,5156.34,5158.88,5127.11,5156.69
2026.03.03 16:00,5156.61,5175.34,5150.28,5164.95
2026.03.03 16:15,5164.86,5166.5,5124.95,5145.74
2026.03.03 16:30,5145.73,5145.73,5061.61,5071.17
2026.03.03 16:45,5071.16,5076.22,5015.75,5038.0
2026.03.03 17:00,5038.67,5069.83,5025.53,5039.77
2026.03.03 17:15,5039.44,5053.14,4995.97,5044.05
2026.03.03 17:30,5043.75,5070.25,5037.05,5061.6
2026.03.03 17:45,5061.53,5096.81,5054.23,5095.33
2026.03.03 18:00,5095.28,5122.58,5090.38,5108.05
2026.03.03 18:15,5107.94,5125.79,5099.82,5112.48
2026.03.03 18:30,5112.47,5134.54,5107.54,5111.26
2026.03.03 18:45,5111.33,5115.49,5098.04,5106.57
2026.03.03 19:00,5107.22,5107.22,5080.98,5098.15
2026.03.03 19:15,5098.14,5109.73,5081.79,5083.27
2026.03.03 19:30,5083.03,5085.72,5065.08,5078.5
2026.03.03 19:45,5078.42,5084.29,5067.41,5079.04
2026.03.03 20:00,5079.03,5103.88,5078.92,5103.2
2026.03.03 20:15,5103.47,5116.88,5093.44,5111.96
2026.03.03 20:30,5112.49,5137.04,5106.89,5133.21
2026.03.03 20:45,5133.35,5138.03,5126.95,5135.93
2026.03.03 21:00,5135.78,5148.79,5110.01,5112.18
2026.03.03 21:15,5112.45,5121.12,5102.07,5106.48
2026.03.03 21:30,5106.5,5118.92,5099.22,5118.87
2026.03.03 21:45,5118.88,5128.21,5107.06,5113.09
2026.03.03 22:00,5113.11,5126.78,5112.0,5118.91
2026.03.03 22:15,5118.78,5130.26,5113.97,5122.51
2026.03.03 22:30,5123.07,5126.33,5102.24,5111.39
2026.03.03 22:45,5111.38,5113.08,5085.78,5097.14
2026.03.03 23:00,5096.81,5110.17,5094.14,5098.52
2026.03.03 23:15,5098.51,5101.05,5089.25,5089.28
2026.03.03 23:30,5089.65,5096.11,5083.94,5091.69
2026.03.03 23:45,5091.79,5093.25,5083.39,5088.22
2026.03.04 01:00,5101.53,5118.38,5083.76,5117.08
2026.03.04 01:15,5117.0,5128.05,5116.2,5126.07
2026.03.04 01:30,5126.02,5128.26,5116.49,5125.23
2026.03.04 01:45,5125.26,5129.62,5120.07,5125.22
2026.03.04 02:00,5125.24,5126.22,5105.83,5115.86
2026.03.04 02:15,5115.9,5128.67,5113.28,5124.98
2026.03.04 02:30,5125.08,5137.31,5122.34,5132.27
2026.03.04 02:45,5132.28,5140.25,5127.72,5138.38
2026.03.04 03:00,5138.41,5162.51,5138.35,5159.49
2026.03.04 03:15,5159.5,5164.33,5146.52,5146.52
2026.03.04 03:30,5145.83,5163.49,5142.21,5163.01
2026.03.04 03:45,5163.03,5178.27,5158.05,5174.75
2026.03.04 04:00,5174.77,5190.65,5167.98,5189.83
2026.03.04 04:15,5189.81,5189.87,5175.65,5177.41
2026.03.04 04:30,5177.5,5180.1,5163.74,5180.1
2026.03.04 04:45,5180.08,5180.71,5153.89,5156.16
2026.03.04 05:00,5156.14,5160.04,5141.14,5155.94
2026.03.04 05:15,5155.93,5168.0,5151.47,5162.36
2026.03.04 05:30,5162.37,5167.59,5153.87,5162.71
2026.03.04 05:45,5162.67,5177.31,5159.59,5174.43
2026.03.04 06:00,5174.39,5180.79,5171.86,5173.87
2026.03.04 06:15,5173.88,5174.02,5163.04,5168.06
2026.03.04 06:30,5168.13,5170.65,5152.22,5161.53
2026.03.04 06:45,5161.49,5164.92,5155.16,5156.58
2026.03.04 07:00,5156.7,5166.21,5151.95,5161.11
2026.03.04 07:15,5161.1,5165.7,5152.76,5156.44
2026.03.04 07:30,5156.47,5167.27,5155.18,5160.0
2026.03.04 07:45,5159.99,5167.83,5153.92,5159.76
2026.03.04 08:00,5159.75,5159.78,5121.26,5141.9
2026.03.04 08:15,5141.31,5150.12,5128.62,5133.96
2026.03.04 08:30,5134.0,5155.6,5132.5,5148.33
2026.03.04 08:45,5148.39,5160.52,5146.49,5160.32
2026.03.04 09:00,5160.35,5175.69,5158.13,5167.41
2026.03.04 09:15,5167.42,5174.34,5163.37,5167.34
2026.03.04 09:30,5167.33,5172.96,5163.38,5169.39
2026.03.04 09:45,5169.37,5175.55,5168.01,5168.01
2026.03.04 10:00,5168.23,5171.9,5147.63,5157.21
2026.03.04 10:15,5157.27,5168.47,5152.25,5162.52
2026.03.04 10:30,5162.59,5175.79,5161.68,5175.51
2026.03.04 10:45,5175.5,5182.01,5166.05,5167.42
2026.03.04 11:00,5167.42,5171.28,5159.0,5164.08
2026.03.04 11:15,5164.07,5178.19,5162.35,5170.56
2026.03.04 11:30,5170.52,5184.89,5168.81,5182.39
2026.03.04 11:45,5182.4,5184.65,5175.81,5182.09
2026.03.04 12:00,5182.14,5198.31,5182.14,5198.31
2026.03.04 12:15,5198.28,5202.35,5186.61,5187.9
2026.03.04 12:30,5188.21,5191.1,5179.39,5185.24
2026.03.04 12:45,5185.23,5193.75,5181.36,5189.72
2026.03.04 13:00,5189.72,5196.23,5187.93,5194.82
2026.03.04 13:15,5194.88,5197.46,5190.07,5194.75
2026.03.04 13:30,5194.76,5200.54,5190.89,5192.86
2026.03.04 13:45,5192.83,5194.21,5187.5,5191.9
2026.03.04 14:00,5191.96,5205.87,5191.9,5197.32
2026.03.04 14:15,5197.34,5197.42,5174.15,5178.13
2026.03.04 14:30,5178.14,5178.39,5156.21,5166.75
2026.03.04 14:45,5165.8,5173.08,5159.58,5171.0
2026.03.04 15:00,5171.1,5196.17,5170.92,5193.2
2026.03.04 15:15,5193.26,5195.28,5179.09,5192.15
2026.03.04 15:30,5192.14,5192.69,5181.82,5188.23
2026.03.04 15:45,5188.27,5192.04,5167.43,5167.76
2026.03.04 16:00,5167.77,5180.57,5163.94,5165.01
2026.03.04 16:15,5165.09,5175.04,5159.98,5166.17
2026.03.04 16:30,5166.27,5184.95,5163.01,5171.63
2026.03.04 16:45,5171.61,5179.41,5138.52,5144.81
2026.03.04 17:00,5144.65,5162.62,5131.1,5134.16
2026.03.04 17:15,5134.19,5159.66,5132.47,5156.01
2026.03.04 17:30,5156.11,5166.89,5137.48,5143.8
2026.03.04 17:45,5143.78,5152.81,5133.26,5151.17
2026.03.04 18:00,5151.2,5162.32,5143.3,5148.19
2026.03.04 18:15,5148.31,5155.7,5138.2,5145.95
2026.03.04 18:30,5146.01,5158.89,5143.91,5146.58
2026.03.04 18:45,5146.54,5152.57,5142.67,5149.62
2026.03.04 19:00,5149.6,5152.8,5142.91,5147.06
2026.03.04 19:15,5147.14,5149.31,5120.09,5133.51
2026.03.04 19:30,5133.53,5138.93,5128.12,5137.24
2026.03.04 19:45,5137.26,5147.41,5135.44,5140.93
2026.03.04 20:00,5140.82,5143.13,5117.36,5124.51
2026.03.04 20:15,5124.49,5127.9,5111.22,5123.8
2026.03.04 20:30,5123.85,5129.63,5108.94,5125.12
2026.03.04 20:45,5125.09,5134.73,5123.59,5133.73
2026.03.04 21:00,5133.9,5136.56,5126.16,5131.15
2026.03.04 21:15,5131.14,5133.07,5124.46,5124.54
2026.03.04 21:30,5124.22,5131.96,5123.24,5130.64
2026.03.04 21:45,5130.65,5139.35,5129.44,5137.73
2026.03.04 22:00,5137.41,5138.65,5126.86,5129.75
2026.03.04 22:15,5129.76,5138.2,5123.53,5137.16
2026.03.04 22:30,5137.18,5146.56,5136.77,5143.89
2026.03.04 22:45,5143.91,5144.47,5132.71,5134.57
2026.03.04 23:00,5134.57,5143.79,5133.65,5140.26
2026.03.04 23:15,5140.22,5141.27,5136.04,5141.11
2026.03.04 23:30,5141.16,5141.66,5129.5,5135.41
2026.03.04 23:45,5135.0,5141.93,5134.83,5141.16
2026.03.05 01:00,5146.15,5154.66,5144.51,5146.47
2026.03.05 01:15,5146.39,5156.38,5146.15,5154.36
2026.03.05 01:30,5154.38,5156.0,5148.5,5155.47
2026.03.05 01:45,5155.47,5165.96,5154.69,5165.1
2026.03.05 02:00,5165.09,5172.68,5159.29,5171.0
2026.03.05 02:15,5171.16,5179.56,5170.67,5173.27
2026.03.05 02:30,5172.87,5176.72,5168.29,5171.3
2026.03.05 02:45,5171.31,5177.04,5166.12,5172.44
2026.03.05 03:00,5172.74,5186.16,5169.52,5176.38
2026.03.05 03:15,5176.39,5182.14,5172.49,5177.32
2026.03.05 03:30,5177.34,5178.73,5167.29,5172.46
2026.03.05 03:45,5172.42,5179.85,5169.17,5172.48
2026.03.05 04:00,5172.49,5181.44,5171.6,5178.62
2026.03.05 04:15,5178.61,5187.84,5176.34,5183.95
2026.03.05 04:30,5183.94,5187.05,5174.47,5175.16
2026.03.05 04:45,5175.41,5192.29,5174.2,5191.89
2026.03.05 05:00,5191.87,5194.83,5183.82,5185.69
2026.03.05 05:15,5185.68,5191.07,5184.62,5185.02
2026.03.05 05:30,5185.0,5190.81,5181.21,5188.5
2026.03.05 05:45,5188.51,5190.9,5178.17,5180.02
2026.03.05 06:00,5179.97,5185.69,5176.55,5183.52
2026.03.05 06:15,5183.57,5186.51,5174.64,5178.29
2026.03.05 06:30,5178.31,5179.99,5173.67,5174.26
2026.03.05 06:45,5174.27,5175.48,5166.12,5171.48
2026.03.05 07:00,5171.53,5176.54,5169.03,5175.38
2026.03.05 07:15,5175.39,5176.6,5169.71,5172.25
2026.03.05 07:30,5172.3,5174.09,5161.73,5166.14
2026.03.05 07:45,5166.15,5169.18,5148.21,5148.44
2026.03.05 08:00,5148.47,5155.01,5120.7,5132.5
2026.03.05 08:15,5132.51,5143.83,5124.23,5142.83
2026.03.05 08:30,5142.89,5156.61,5139.99,5150.76
2026.03.05 08:45,5150.76,5168.72,5148.95,5167.54
2026.03.05 09:00,5167.56,5172.68,5161.28,5161.81
2026.03.05 09:15,5161.8,5167.87,5159.74,5166.04
2026.03.05 09:30,5166.07,5166.92,5159.49,5160.13
2026.03.05 09:45,5160.1,5166.02,5158.81,5161.96
2026.03.05 10:00,5161.94,5162.27,5141.62,5141.65
2026.03.05 10:15,5141.63,5148.22,5137.47,5144.31
2026.03.05 10:30,5144.32,5163.24,5143.36,5160.93
2026.03.05 10:45,5160.94,5170.02,5160.93,5165.4
2026.03.05 11:00,5165.54,5180.32,5161.32,5179.3
2026.03.05 11:15,5179.28,5180.3,5166.87,5169.53
2026.03.05 11:30,5169.32,5169.63,5153.67,5162.4
2026.03.05 11:45,5162.68,5165.11,5156.98,5160.8
2026.03.05 12:00,5160.79,5160.79,5146.16,5154.2
2026.03.05 12:15,5154.17,5158.44,5151.45,5155.96
2026.03.05 12:30,5155.95,5158.68,5147.45,5156.99
2026.03.05 12:45,5157.0,5167.4,5156.1,5164.45
2026.03.05 13:00,5164.44,5167.8,5161.36,5164.43
2026.03.05 13:15,5164.55,5166.72,5160.92,5162.94
2026.03.05 13:30,5162.96,5164.49,5156.83,5160.75
2026.03.05 13:45,5160.73,5164.91,5160.23,5163.53
2026.03.05 14:00,5163.55,5171.3,5162.98,5168.44
2026.03.05 14:15,5168.46,5170.2,5161.75,5161.78
2026.03.05 14:30,5161.77,5167.57,5160.76,5162.31
2026.03.05 14:45,5162.2,5165.92,5160.84,5162.33
2026.03.05 15:00,5162.39,5163.89,5146.49,5155.79
2026.03.05 15:15,5155.77,5159.86,5083.72,5121.24
2026.03.05 15:30,5121.23,5137.68,5114.85,5131.27
2026.03.05 15:45,5131.1,5131.97,5109.67,5117.88
2026.03.05 16:00,5117.9,5129.73,5110.0,5112.92
2026.03.05 16:15,5112.86,5120.81,5102.7,5120.13
2026.03.05 16:30,5120.1,5123.61,5090.72,5097.18
2026.03.05 16:45,5097.32,5110.92,5091.36,5102.01
2026.03.05 17:00,5101.32,5119.62,5061.75,5085.05
2026.03.05 17:15,5084.97,5093.78,5072.0,5086.35
2026.03.05 17:30,5086.49,5093.48,5077.57,5080.31
2026.03.05 17:45,5080.3,5102.9,5079.19,5102.4
2026.03.05 18:00,5102.43,5104.27,5074.13,5082.97
2026.03.05 18:15,5082.95,5085.16,5060.18,5063.66
2026.03.05 18:30,5063.73,5072.44,5054.08,5070.62
2026.03.05 18:45,5070.72,5081.15,5070.1,5077.5
2026.03.05 19:00,5077.53,5089.3,5073.79,5086.2
2026.03.05 19:15,5086.19,5088.52,5074.95,5075.14
2026.03.05 19:30,5075.07,5077.22,5054.85,5063.49
2026.03.05 19:45,5063.43,5068.93,5055.47,5062.78
2026.03.05 20:00,5062.62,5073.46,5050.74,5071.81
2026.03.05 20:15,5071.7,5075.84,5061.29,5071.02
2026.03.05 20:30,5071.0,5085.33,5070.45,5082.89
2026.03.05 20:45,5083.05,5083.4,5067.13,5069.3
2026.03.05 21:00,5069.24,5081.21,5067.36,5073.32
2026.03.05 21:15,5073.3,5073.35,5062.07,5066.81
2026.03.05 21:30,5066.8,5067.15,5055.84,5065.61
2026.03.05 21:45,5065.66,5070.49,5062.15,5065.83
2026.03.05 22:00,5065.57,5079.58,5061.56,5078.71
2026.03.05 22:15,5078.73,5094.51,5075.94,5080.51
2026.03.05 22:30,5080.6,5082.37,5074.11,5080.5
2026.03.05 22:45,5080.51,5081.38,5072.6,5076.51
2026.03.05 23:00,5076.3,5083.92,5071.98,5076.37
2026.03.05 23:15,5076.36,5080.97,5075.47,5080.63
2026.03.05 23:30,5080.71,5082.45,5072.56,5075.42
2026.03.05 23:45,5075.14,5084.76,5074.11,5080.82
2026.03.06 01:00,5082.76,5092.36,5081.73,5086.02
2026.03.06 01:15,5086.0,5096.51,5082.83,5091.2
2026.03.06 01:30,5090.9,5101.85,5087.23,5100.92
2026.03.06 01:45,5100.9,5100.95,5084.42,5086.03
2026.03.06 02:00,5085.96,5091.36,5074.03,5084.9
2026.03.06 02:15,5084.86,5092.1,5078.01,5090.45
2026.03.06 02:30,5090.47,5092.04,5075.22,5083.52
2026.03.06 02:45,5083.51,5089.73,5076.71,5084.48
2026.03.06 03:00,5084.46,5085.97,5066.16,5076.98
2026.03.06 03:15,5076.99,5088.69,5075.11,5085.57
2026.03.06 03:30,5085.56,5120.02,5085.38,5118.34
2026.03.06 03:45,5118.22,5143.6,5117.52,5134.51
2026.03.06 04:00,5134.34,5138.29,5125.39,5130.13
2026.03.06 04:15,5130.15,5134.33,5127.78,5128.6
2026.03.06 04:30,5128.59,5131.75,5121.97,5124.13
2026.03.06 04:45,5124.08,5128.98,5122.87,5126.21
2026.03.06 05:00,5126.2,5134.68,5124.28,5132.82
2026.03.06 05:15,5132.83,5141.36,5130.69,5136.49
2026.03.06 05:30,5136.43,5137.78,5128.99,5132.31
2026.03.06 05:45,5132.28,5134.65,5129.78,5131.04
2026.03.06 06:00,5131.0,5135.86,5130.53,5134.98
2026.03.06 06:15,5135.01,5136.24,5127.46,5129.6
2026.03.06 06:30,5129.59,5133.38,5128.17,5132.41
2026.03.06 06:45,5132.41,5135.63,5126.11,5127.33
2026.03.06 07:00,5127.28,5129.64,5122.72,5126.53
2026.03.06 07:15,5126.5,5129.85,5122.84,5129.62
2026.03.06 07:30,5129.6,5129.89,5118.89,5121.0
2026.03.06 07:45,5121.01,5123.36,5113.91,5117.09
2026.03.06 08:00,5117.25,5121.49,5109.07,5116.31
2026.03.06 08:15,5116.3,5122.87,5114.58,5120.11
2026.03.06 08:30,5120.13,5122.78,5116.35,5121.13
2026.03.06 08:45,5121.14,5122.29,5115.08,5115.64
2026.03.06 09:00,5115.61,5117.32,5105.59,5111.31
2026.03.06 09:15,5111.35,5119.65,5110.79,5114.55
2026.03.06 09:30,5114.54,5116.13,5107.62,5113.96
2026.03.06 09:45,5113.97,5120.55,5112.39,5119.43
2026.03.06 10:00,5119.51,5122.89,5110.6,5115.26
2026.03.06 10:15,5115.28,5117.48,5099.26,5100.46
2026.03.06 10:30,5100.45,5108.58,5096.21,5107.48
2026.03.06 10:45,5107.46,5113.54,5106.76,5108.4
2026.03.06 11:00,5108.42,5109.3,5094.41,5095.57
2026.03.06 11:15,5095.56,5102.3,5091.8,5098.93
2026.03.06 11:30,5098.92,5103.59,5087.52,5096.06
2026.03.06 11:45,5096.05,5097.21,5083.3,5085.56
2026.03.06 12:00,5085.57,5090.43,5075.65,5082.65
2026.03.06 12:15,5082.63,5092.73,5079.7,5087.31
2026.03.06 12:30,5087.3,5091.46,5080.79,5081.48
2026.03.06 12:45,5081.49,5092.64,5081.49,5090.91
2026.03.06 13:00,5091.08,5091.45,5080.33,5085.94
2026.03.06 13:15,5085.95,5097.99,5085.4,5094.39
2026.03.06 13:30,5094.4,5099.54,5080.75,5081.07
2026.03.06 13:45,5081.1,5086.96,5062.66,5076.81
2026.03.06 14:00,5076.77,5090.94,5076.03,5089.77
2026.03.06 14:15,5089.78,5096.42,5085.97,5088.37
2026.03.06 14:30,5088.36,5096.41,5085.23,5096.04
2026.03.06 14:45,5096.06,5096.47,5081.1,5083.07
2026.03.06 15:00,5083.04,5083.18,5065.38,5072.97
2026.03.06 15:15,5073.01,5088.53,5072.27,5082.85
2026.03.06 15:30,5082.91,5130.61,5082.91,5121.98
2026.03.06 15:45,5121.48,5122.24,5073.6,5085.01
2026.03.06 16:00,5084.99,5102.59,5080.85,5096.75
2026.03.06 16:15,5096.72,5109.22,5087.8,5104.34
2026.03.06 16:30,5104.43,5115.16,5084.26,5089.31
2026.03.06 16:45,5089.32,5131.8,5087.4,5130.04
2026.03.06 17:00,5130.04,5158.92,5127.71,5149.07
2026.03.06 17:15,5149.01,5171.49,5144.28,5161.57
2026.03.06 17:30,5161.85,5166.39,5149.4,5153.79
2026.03.06 17:45,5153.75,5157.29,5134.26,5141.66
2026.03.06 18:00,5141.87,5150.52,5135.91,5143.47
2026.03.06 18:15,5143.48,5152.9,5136.24,5142.05
2026.03.06 18:30,5142.07,5145.97,5125.86,5141.8
2026.03.06 18:45,5141.79,5148.03,5129.82,5139.73
2026.03.06 19:00,5139.84,5142.22,5128.72,5136.53
2026.03.06 19:15,5136.5,5145.24,5133.06,5141.97
2026.03.06 19:30,5141.96,5152.34,5136.34,5137.3
2026.03.06 19:45,5137.31,5140.72,5132.76,5140.56
2026.03.06 20:00,5140.58,5147.26,5138.52,5145.26
2026.03.06 20:15,5145.27,5150.87,5142.82,5150.21
2026.03.06 20:30,5150.23,5165.06,5148.57,5165.06
2026.03.06 20:45,5164.98,5167.53,5156.53,5160.98
2026.03.06 21:00,5160.96,5171.13,5160.37,5171.13
2026.03.06 21:15,5171.09,5174.46,5164.27,5165.05
2026.03.06 21:30,5165.06,5167.77,5157.6,5157.98
2026.03.06 21:45,5158.02,5163.77,5156.5,5159.56
2026.03.06 22:00,5159.61,5162.38,5153.67,5155.02
2026.03.06 22:15,5155.04,5160.35,5152.45,5153.59
2026.03.06 22:30,5153.62,5161.34,5149.34,5157.48
2026.03.06 22:45,5157.51,5160.43,5150.51,5153.15
2026.03.06 23:00,5152.74,5167.32,5150.76,5165.04
2026.03.06 23:15,5165.05,5170.31,5164.73,5168.13
2026.03.06 23:30,5167.95,5171.16,5165.67,5169.58
2026.03.06 23:45,5169.23,5175.57,5168.51,5173.16
2026.03.09 00:00,5179.08,5198.81,5119.16,5157.91
2026.03.09 00:15,5157.91,5159.26,5125.71,5154.78
2026.03.09 00:30,5154.81,5164.62,5105.43,5125.3
2026.03.09 00:45,5125.13,5134.26,5103.53,5129.85
2026.03.09 01:00,5129.7,5135.26,5093.63,5101.54
2026.03.09 01:15,5101.61,5106.57,5094.99,5104.36
2026.03.09 01:30,5104.31,5104.76,5044.33,5072.65
2026.03.09 01:45,5072.7,5079.45,5054.07,5075.9
2026.03.09 02:00,5075.85,5080.9,5028.34,5036.2
2026.03.09 02:15,5036.22,5052.96,5032.63,5045.85
2026.03.09 02:30,5045.4,5060.04,5043.96,5052.64
2026.03.09 02:45,5052.66,5057.64,5033.44,5049.78
2026.03.09 03:00,5049.51,5074.5,5014.65,5072.37
2026.03.09 03:15,5072.3,5087.34,5069.81,5071.74
2026.03.09 03:30,5071.79,5086.11,5071.3,5080.3
2026.03.09 03:45,5079.59,5082.29,5064.88,5069.97
2026.03.09 04:00,5070.07,5095.2,5055.43,5094.25
2026.03.09 04:15,5094.26,5094.4,5072.71,5077.77
2026.03.09 04:30,5077.68,5093.86,5076.62,5092.41
2026.03.09 04:45,5092.42,5099.18,5085.7,5094.43
2026.03.09 05:00,5094.45,5099.63,5084.05,5086.99
2026.03.09 05:15,5087.02,5102.11,5083.72,5083.72
2026.03.09 05:30,5083.77,5093.96,5081.63,5087.02
2026.03.09 05:45,5087.04,5093.23,5086.95,5091.03
2026.03.09 06:00,5091.04,5097.0,5086.82,5090.86
2026.03.09 06:15,5090.9,5094.62,5088.24,5089.33
2026.03.09 06:30,5089.38,5093.03,5087.31,5090.12
2026.03.09 06:45,5090.22,5091.11,5085.09,5089.97
2026.03.09 07:00,5089.97,5101.74,5080.91,5096.2
2026.03.09 07:15,5096.23,5103.98,5087.19,5095.32
2026.03.09 07:30,5095.29,5121.22,5091.73,5120.69
2026.03.09 07:45,5120.72,5140.28,5119.58,5124.11
2026.03.09 08:00,5123.96,5133.82,5119.04,5127.27
2026.03.09 08:15,5127.31,5130.96,5122.99,5126.26
2026.03.09 08:30,5126.3,5129.64,5104.74,5106.83
2026.03.09 08:45,5106.82,5111.02,5096.72,5097.65
2026.03.09 09:00,5097.71,5101.94,5088.34,5096.93
2026.03.09 09:15,5096.92,5106.72,5095.36,5106.43
2026.03.09 09:30,5106.45,5107.61,5099.66,5101.05
2026.03.09 09:45,5101.03,5101.35,5093.51,5098.97
2026.03.09 10:00,5098.95,5110.81,5098.95,5099.61
2026.03.09 10:15,5099.41,5106.33,5090.64,5091.33
2026.03.09 10:30,5091.32,5096.67,5086.82,5090.08
2026.03.09 10:45,5090.07,5102.49,5087.2,5096.38
2026.03.09 11:00,5096.41,5116.63,5094.83,5112.7
2026.03.09 11:15,5112.66,5126.76,5112.21,5125.25
2026.03.09 11:30,5125.11,5132.48,5102.73,5102.8
2026.03.09 11:45,5102.79,5107.26,5096.26,5105.07
2026.03.09 12:00,5105.05,5111.01,5102.61,5108.89
2026.03.09 12:15,5108.93,5110.32,5098.02,5099.55
2026.03.09 12:30,5099.49,5100.0,5088.88,5095.64
2026.03.09 12:45,5095.55,5096.41,5083.27,5087.04
2026.03.09 13:00,5087.04,5097.15,5087.04,5090.22
2026.03.09 13:15,5090.14,5092.27,5079.57,5085.49
2026.03.09 13:30,5085.62,5092.91,5081.95,5085.64
2026.03.09 13:45,5085.57,5094.36,5083.94,5087.84
2026.03.09 14:00,5087.98,5099.65,5087.98,5096.13
2026.03.09 14:15,5096.22,5109.88,5094.43,5109.25
2026.03.09 14:30,5109.26,5111.98,5103.7,5106.66
2026.03.09 14:45,5106.82,5106.83,5093.27,5094.84
2026.03.09 15:00,5094.87,5099.1,5087.92,5092.47
2026.03.09 15:15,5092.01,5098.16,5084.44,5094.4
2026.03.09 15:30,5094.41,5111.11,5074.26,5075.92
2026.03.09 15:45,5075.62,5084.46,5067.18,5074.0
2026.03.09 16:00,5073.72,5088.16,5061.0,5071.17
2026.03.09 16:15,5071.14,5084.07,5064.59,5081.51
2026.03.09 16:30,5081.21,5114.45,5079.75,5112.29
2026.03.09 16:45,5112.34,5115.92,5085.71,5093.66
2026.03.09 17:00,5093.67,5094.57,5079.37,5091.42
2026.03.09 17:15,5091.4,5100.09,5081.9,5099.47
2026.03.09 17:30,5099.43,5102.4,5092.95,5094.85
2026.03.09 17:45,5094.84,5103.31,5094.11,5099.48
2026.03.09 18:00,5099.57,5109.28,5096.78,5103.36
2026.03.09 18:15,5103.28,5105.16,5094.61,5103.66
2026.03.09 18:30,5103.65,5110.59,5102.54,5107.1
2026.03.09 18:45,5107.19,5108.58,5102.91,5104.49
2026.03.09 19:00,5104.5,5106.61,5098.12,5099.69
2026.03.09 19:15,5099.66,5102.12,5090.99,5094.84
2026.03.09 19:30,5094.86,5097.82,5088.94,5090.71
2026.03.09 19:45,5090.7,5099.42,5090.65,5095.92
2026.03.09 20:00,5095.91,5097.95,5092.34,5097.43
2026.03.09 20:15,5097.42,5106.84,5096.5,5105.05
2026.03.09 20:30,5105.02,5120.07,5104.21,5117.94
2026.03.09 20:45,5117.93,5126.29,5115.36,5123.15
2026.03.09 21:00,5123.16,5130.36,5118.38,5122.7
2026.03.09 21:15,5122.69,5143.52,5118.34,5139.68
2026.03.09 21:30,5139.41,5139.66,5125.0,5135.25
2026.03.09 21:45,5135.23,5144.0,5128.96,5140.9
2026.03.09 22:00,5141.07,5147.89,5137.77,5139.6
2026.03.09 22:15,5139.62,5140.23,5134.17,5139.23
2026.03.09 22:30,5139.2,5139.62,5134.84,5139.26
2026.03.09 22:45,5139.25,5140.55,5134.1,5136.55
2026.03.10 00:00,5140.37,5150.24,5120.42,5132.58
2026.03.10 00:15,5132.69,5136.14,5117.52,5132.26
2026.03.10 00:30,5132.24,5139.88,5128.2,5136.22
2026.03.10 00:45,5136.14,5153.0,5136.11,5152.82
2026.03.10 01:00,5152.88,5154.37,5138.37,5146.05
2026.03.10 01:15,5146.07,5155.9,5142.39,5144.62
2026.03.10 01:30,5144.63,5149.34,5135.72,5137.05
2026.03.10 01:45,5137.09,5143.08,5136.89,5139.47
2026.03.10 02:00,5139.51,5141.19,5130.92,5136.78
2026.03.10 02:15,5136.77,5137.7,5128.88,5130.35
2026.03.10 02:30,5130.33,5137.55,5124.75,5137.2
2026.03.10 02:45,5137.19,5139.0,5128.08,5130.9
2026.03.10 03:00,5130.89,5153.31,5124.47,5143.3
2026.03.10 03:15,5143.31,5167.56,5141.97,5157.69
2026.03.10 03:30,5157.74,5168.71,5152.85,5166.05
2026.03.10 03:45,5166.04,5186.08,5164.12,5184.18
2026.03.10 04:00,5184.17,5186.88,5170.46,5175.19
2026.03.10 04:15,5175.18,5180.95,5172.38,5179.74
2026.03.10 04:30,5179.76,5184.49,5175.68,5182.15
2026.03.10 04:45,5182.14,5185.62,5163.78,5165.87
2026.03.10 05:00,5165.88,5173.32,5165.11,5166.35
2026.03.10 05:15,5166.33,5170.53,5161.61,5166.53
2026.03.10 05:30,5166.48,5167.81,5159.97,5162.4
2026.03.10 05:45,5162.41,5162.84,5155.64,5157.57
2026.03.10 06:00,5157.4,5165.06,5154.25,5164.23
2026.03.10 06:15,5164.22,5166.43,5161.25,5162.31
2026.03.10 06:30,5162.3,5165.34,5161.33,5161.85
2026.03.10 06:45,5161.82,5165.22,5161.41,5163.58
2026.03.10 07:00,5163.6,5173.17,5163.58,5172.73
2026.03.10 07:15,5172.74,5174.06,5168.79,5171.41
2026.03.10 07:30,5171.36,5174.08,5167.19,5168.63
2026.03.10 07:45,5168.6,5179.15,5166.83,5177.89
2026.03.10 08:00,5177.98,5180.72,5173.88,5179.4
2026.03.10 08:15,5179.36,5179.36,5171.59,5175.96
2026.03.10 08:30,5175.98,5178.85,5173.36,5175.68
2026.03.10 08:45,5175.57,5177.12,5173.2,5175.21
2026.03.10 09:00,5175.2,5178.66,5170.56,5174.51
2026.03.10 09:15,5174.49,5177.39,5158.39,5169.25
2026.03.10 09:30,5169.2,5178.07,5165.43,5175.97
2026.03.10 09:45,5176.03,5181.09,5174.88,5180.8
2026.03.10 10:00,5180.91,5185.11,5174.89,5179.58
2026.03.10 10:15,5179.52,5183.93,5175.3,5183.83
2026.03.10 10:30,5183.82,5193.97,5182.91,5189.76
2026.03.10 10:45,5189.77,5195.02,5182.58,5183.23
2026.03.10 11:00,5183.28,5189.18,5180.39,5187.74
2026.03.10 11:15,5187.75,5189.14,5180.68,5186.62
2026.03.10 11:30,5186.64,5188.14,5181.86,5187.48
2026.03.10 11:45,5187.46,5188.96,5182.22,5182.33
2026.03.10 12:00,5182.3,5183.76,5175.87,5181.18
2026.03.10 12:15,5181.27,5181.84,5172.81,5173.61
2026.03.10 12:30,5173.79,5176.52,5156.35,5169.14
2026.03.10 12:45,5169.12,5177.94,5168.78,5177.05
2026.03.10 13:00,5177.04,5191.68,5176.39,5187.11
2026.03.10 13:15,5187.12,5189.55,5179.62,5182.84
2026.03.10 13:30,5182.88,5184.88,5173.7,5174.26
2026.03.10 13:45,5174.26,5179.45,5171.71,5174.97
2026.03.10 14:00,5174.98,5176.49,5162.35,5171.21
2026.03.10 14:15,5171.18,5180.46,5165.55,5179.48
2026.03.10 14:30,5179.59,5185.35,5178.21,5185.23
2026.03.10 14:45,5185.22,5189.21,5180.29,5186.76
2026.03.10 15:00,5186.79,5202.26,5185.82,5200.54
2026.03.10 15:15,5200.56,5228.55,5199.0,5221.52
2026.03.10 15:30,5221.49,5222.04,5207.14,5209.12
2026.03.10 15:45,5209.03,5215.25,5196.18,5205.26
2026.03.10 16:00,5205.25,5208.41,5185.28,5195.2
2026.03.10 16:15,5195.11,5214.24,5194.28,5208.87
2026.03.10 16:30,5208.89,5213.24,5202.7,5205.99
2026.03.10 16:45,5206.05,5211.96,5204.53,5206.57
2026.03.10 17:00,5206.54,5226.25,5203.07,5223.29
2026.03.10 17:15,5223.23,5228.45,5221.53,5225.6
2026.03.10 17:30,5225.57,5236.35,5225.07,5235.61
2026.03.10 17:45,5235.65,5238.41,5226.89,5228.45
2026.03.10 18:00,5228.7,5230.28,5222.53,5223.42
2026.03.10 18:15,5223.23,5235.39,5222.55,5232.11
2026.03.10 18:30,5232.24,5234.32,5227.16,5228.47
2026.03.10 18:45,5228.39,5231.84,5225.86,5227.54
2026.03.10 19:00,5227.5,5235.29,5226.89,5233.98
2026.03.10 19:15,5234.11,5234.3,5223.49,5233.06
2026.03.10 19:30,5233.08,5234.65,5227.4,5228.0
2026.03.10 19:45,5227.96,5232.7,5226.22,5227.51
2026.03.10 20:00,5227.53,5227.88,5215.45,5215.86
2026.03.10 20:15,5215.77,5218.52,5160.33,5202.89
2026.03.10 20:30,5202.86,5207.82,5189.69,5195.3
2026.03.10 20:45,5195.16,5204.84,5190.8,5191.61
2026.03.10 21:00,5191.65,5199.51,5184.15,5198.06
2026.03.10 21:15,5198.07,5207.49,5197.99,5200.71
2026.03.10 21:30,5200.6,5200.76,5179.71,5187.58
2026.03.10 21:45,5187.62,5199.73,5187.53,5198.78
2026.03.10 22:00,5198.3,5198.96,5193.36,5197.69
2026.03.10 22:15,5197.73,5198.51,5191.61,5194.9
2026.03.10 22:30,5194.88,5197.93,5193.12,5197.9
2026.03.10 22:45,5197.88,5198.92,5192.33,5192.67
2026.03.11 00:00,5186.89,5195.03,5183.08,5190.02
2026.03.11 00:15,5190.12,5197.48,5188.51,5190.51
2026.03.11 00:30,5190.52,5195.4,5187.52,5193.53
2026.03.11 00:45,5193.52,5194.96,5185.47,5189.01
2026.03.11 01:00,5189.07,5196.27,5188.37,5191.59
2026.03.11 01:15,5191.6,5197.06,5187.56,5193.55
2026.03.11 01:30,5193.56,5195.76,5190.3,5191.02
2026.03.11 01:45,5191.07,5197.11,5187.8,5196.95
2026.03.11 02:00,5196.91,5198.05,5186.67,5192.35
2026.03.11 02:15,5192.28,5215.48,5191.25,5212.36
2026.03.11 02:30,5212.32,5212.44,5205.91,5211.24
2026.03.11 02:45,5211.25,5219.28,5211.06,5215.34
2026.03.11 03:00,5215.32,5222.93,5212.01,5215.2
2026.03.11 03:15,5215.13,5222.86,5210.59,5214.66
2026.03.11 03:30,5214.65,5219.63,5212.61,5214.36
2026.03.11 03:45,5214.39,5217.77,5208.35,5208.4
2026.03.11 04:00,5208.39,5209.5,5194.0,5201.57
2026.03.11 04:15,5201.56,5206.51,5200.52,5204.07
2026.03.11 04:30,5204.05,5209.83,5201.79,5207.47
2026.03.11 04:45,5207.45,5220.35,5207.45,5217.32
2026.03.11 05:00,5217.31,5220.42,5211.63,5213.63
2026.03.11 05:15,5213.62,5214.77,5204.25,5204.5
2026.03.11 05:30,5204.48,5209.4,5203.48,5207.78
2026.03.11 05:45,5207.75,5208.44,5199.13,5203.23
2026.03.11 06:00,5203.25,5206.32,5199.51,5205.83
2026.03.11 06:15,5205.82,5208.59,5204.47,5207.35
2026.03.11 06:30,5207.34,5208.31,5203.97,5206.58
2026.03.11 06:45,5206.57,5206.57,5201.66,5204.42
2026.03.11 07:00,5204.43,5208.15,5203.5,5204.34
2026.03.11 07:15,5204.35,5206.09,5200.06,5200.26
2026.03.11 07:30,5200.24,5204.63,5190.4,5200.59
2026.03.11 07:45,5200.96,5201.68,5195.46,5199.5
2026.03.11 08:00,5199.51,5210.21,5196.22,5209.24
2026.03.11 08:15,5209.21,5210.74,5202.99,5206.43
2026.03.11 08:30,5206.42,5206.59,5191.35,5194.74
2026.03.11 08:45,5194.73,5198.98,5192.16,5197.47
2026.03.11 09:00,5197.45,5202.01,5195.35,5198.67
2026.03.11 09:15,5198.85,5199.72,5195.32,5197.78
2026.03.11 09:30,5197.89,5198.19,5184.45,5191.4
2026.03.11 09:45,5191.38,5197.74,5189.81,5195.54
2026.03.11 10:00,5195.49,5198.48,5187.98,5198.28
2026.03.11 10:15,5198.29,5198.3,5181.03,5184.81
2026.03.11 10:30,5184.82,5187.38,5175.44,5181.47
2026.03.11 10:45,5181.45,5188.53,5179.35,5187.45
2026.03.11 11:00,5187.44,5188.17,5179.48,5183.91
2026.03.11 11:15,5183.9,5190.36,5183.42,5187.41
2026.03.11 11:30,5187.42,5197.04,5186.99,5191.56
2026.03.11 11:45,5191.57,5194.27,5186.48,5187.57
2026.03.11 12:00,5187.56,5195.11,5186.32,5193.33
2026.03.11 12:15,5193.31,5195.07,5189.24,5191.66
2026.03.11 12:30,5191.79,5191.86,5177.11,5179.07
2026.03.11 12:45,5179.26,5190.86,5177.46,5185.89
2026.03.11 13:00,5185.99,5193.38,5184.26,5187.43
2026.03.11 13:15,5187.44,5189.9,5179.53,5180.96
2026.03.11 13:30,5180.95,5190.5,5179.73,5184.68
2026.03.11 13:45,5184.65,5188.21,5175.59,5181.01
2026.03.11 14:00,5180.96,5193.12,5177.44,5191.13
2026.03.11 14:15,5191.08,5195.12,5187.71,5191.2
2026.03.11 14:30,5191.16,5196.74,5173.01,5180.2
2026.03.11 14:45,5179.8,5180.55,5166.3,5167.34
2026.03.11 15:00,5167.28,5181.85,5162.1,5177.54
2026.03.11 15:15,5177.52,5182.86,5175.96,5181.25
2026.03.11 15:30,5181.43,5181.43,5165.18,5165.37
2026.03.11 15:45,5165.34,5177.01,5149.09,5176.74
2026.03.11 16:00,5176.71,5190.06,5174.85,5189.83
2026.03.11 16:15,5189.8,5195.31,5181.94,5194.09
2026.03.11 16:30,5194.21,5196.22,5174.39,5183.0
2026.03.11 16:45,5183.05,5193.47,5180.37,5183.04
2026.03.11 17:00,5182.97,5185.61,5170.53,5170.67
2026.03.11 17:15,5170.69,5179.21,5168.39,5172.38
2026.03.11 17:30,5172.48,5173.98,5166.33,5169.3
2026.03.11 17:45,5169.27,5175.08,5163.95,5166.16
2026.03.11 18:00,5166.19,5172.52,5163.47,5172.38
2026.03.11 18:15,5172.37,5172.53,5164.19,5166.83
2026.03.11 18:30,5166.68,5176.62,5165.88,5174.15
2026.03.11 18:45,5174.17,5177.82,5170.19,5175.49
2026.03.11 19:00,5175.45,5180.83,5174.54,5175.71
2026.03.11 19:15,5175.64,5177.96,5169.63,5171.94
2026.03.11 19:30,5172.09,5172.45,5154.69,5163.06
2026.03.11 19:45,5163.07,5169.85,5161.2,5169.65
2026.03.11 20:00,5169.63,5175.15,5169.13,5171.96
2026.03.11 20:15,5171.95,5178.16,5171.85,5177.56
2026.03.11 20:30,5177.58,5178.1,5176.16,5177.07
2026.03.11 20:45,5177.27,5177.84,5170.06,5172.43
2026.03.11 21:00,5172.42,5174.2,5169.06,5172.16
2026.03.11 21:15,5172.12,5177.62,5171.61,5177.02
2026.03.11 21:30,5177.03,5179.84,5175.95,5179.49
2026.03.11 21:45,5179.51,5183.28,5176.6,5183.05
2026.03.11 22:00,5183.03,5183.42,5176.53,5177.7
2026.03.11 22:15,5177.69,5178.92,5174.91,5177.6
2026.03.11 22:30,5177.55,5177.83,5175.81,5176.16
2026.03.11 22:45,5176.15,5178.26,5175.41,5175.9
2026.03.12 00:00,5178.84,5183.38,5168.25,5174.9
2026.03.12 00:15,5174.91,5176.82,5165.29,5169.92
2026.03.12 00:30,5169.93,5169.98,5153.07,5158.53
2026.03.12 00:45,5158.58,5168.83,5129.59,5138.8
2026.03.12 01:00,5138.29,5153.51,5135.22,5151.7
2026.03.12 01:15,5151.68,5156.75,5149.94,5155.79
2026.03.12 01:30,5155.31,5157.73,5145.74,5146.76
2026.03.12 01:45,5146.73,5147.18,5132.89,5134.0
2026.03.12 02:00,5133.97,5141.95,5125.6,5138.72
2026.03.12 02:15,5138.76,5157.76,5138.76,5152.5
2026.03.12 02:30,5152.49,5161.37,5151.2,5154.16
2026.03.12 02:45,5154.17,5155.77,5149.94,5152.7
2026.03.12 03:00,5152.77,5166.67,5151.87,5157.0
2026.03.12 03:15,5157.02,5160.97,5151.38,5157.35
2026.03.12 03:30,5157.36,5170.33,5154.6,5169.7
2026.03.12 03:45,5169.71,5172.65,5164.24,5168.44
2026.03.12 04:00,5168.36,5174.53,5167.23,5174.1
2026.03.12 04:15,5174.12,5175.0,5167.25,5168.01
2026.03.12 04:30,5168.03,5171.35,5155.39,5157.37
2026.03.12 04:45,5157.48,5158.04,5145.51,5150.49
2026.03.12 05:00,5150.48,5155.46,5148.33,5153.86
2026.03.12 05:15,5153.85,5154.98,5147.16,5151.58
2026.03.12 05:30,5151.6,5153.47,5147.86,5152.3
2026.03.12 05:45,5152.32,5154.38,5151.07,5153.03
2026.03.12 06:00,5153.07,5153.11,5149.8,5152.01
2026.03.12 06:15,5152.02,5153.81,5150.18,5152.49
2026.03.12 06:30,5152.46,5152.46,5143.68,5143.75
2026.03.12 06:45,5143.76,5146.54,5140.36,5142.43
2026.03.12 07:00,5142.42,5148.99,5141.51,5146.15
2026.03.12 07:15,5146.16,5148.69,5137.07,5142.85
2026.03.12 07:30,5142.84,5154.37,5141.1,5153.35
2026.03.12 07:45,5153.36,5157.48,5151.53,5154.4
2026.03.12 08:00,5154.41,5157.59,5151.59,5154.32
2026.03.12 08:15,5154.31,5157.56,5147.12,5156.81
2026.03.12 08:30,5156.38,5169.84,5155.84,5168.4
2026.03.12 08:45,5168.49,5170.2,5165.01,5166.06
2026.03.12 09:00,5166.16,5170.2,5164.29,5169.97
2026.03.12 09:15,5169.96,5170.39,5165.78,5168.89
2026.03.12 09:30,5168.88,5179.67,5167.95,5178.71
2026.03.12 09:45,5178.72,5184.96,5175.9,5181.86
2026.03.12 10:00,5182.28,5189.61,5180.64,5181.42
2026.03.12 10:15,5181.41,5184.32,5176.97,5177.25
2026.03.12 10:30,5177.24,5181.67,5177.21,5181.12
2026.03.12 10:45,5181.25,5182.82,5175.71,5177.92
2026.03.12 11:00,5177.91,5181.21,5175.52,5176.34
2026.03.12 11:15,5176.31,5181.19,5174.19,5180.0
2026.03.12 11:30,5179.99,5187.24,5179.99,5184.54
2026.03.12 11:45,5184.55,5190.18,5182.52,5188.08
2026.03.12 12:00,5188.07,5191.57,5186.68,5186.99
2026.03.12 12:15,5186.98,5187.13,5179.83,5180.12
2026.03.12 12:30,5180.34,5183.14,5176.16,5181.81
2026.03.12 12:45,5181.83,5183.88,5178.59,5182.19
2026.03.12 13:00,5182.2,5183.7,5178.64,5178.74
2026.03.12 13:15,5178.73,5179.33,5172.62,5176.3
2026.03.12 13:30,5176.33,5180.7,5175.29,5180.7
2026.03.12 13:45,5180.71,5181.26,5176.4,5178.89
2026.03.12 14:00,5179.04,5180.47,5167.2,5168.63
2026.03.12 14:15,5168.57,5172.6,5163.71,5172.14
2026.03.12 14:30,5172.15,5176.18,5168.35,5173.81
2026.03.12 14:45,5173.82,5185.4,5173.77,5181.26
2026.03.12 15:00,5181.23,5185.96,5178.71,5184.38
2026.03.12 15:15,5184.39,5184.39,5159.12,5171.19
2026.03.12 15:30,5170.91,5170.91,5155.5,5159.07
2026.03.12 15:45,5158.98,5159.66,5145.95,5151.04
2026.03.12 16:00,5151.01,5163.5,5149.98,5160.89
2026.03.12 16:15,5161.07,5162.9,5149.67,5151.92
2026.03.12 16:30,5151.93,5153.55,5139.59,5148.59
2026.03.12 16:45,5148.58,5153.51,5138.23,5142.7
2026.03.12 17:00,5142.63,5144.77,5109.55,5124.61
2026.03.12 17:15,5124.42,5132.24,5117.87,5129.14
2026.03.12 17:30,5129.13,5134.43,5118.24,5130.9
2026.03.12 17:45,5131.04,5135.12,5125.29,5132.24
2026.03.12 18:00,5132.23,5134.8,5121.1,5128.36
2026.03.12 18:15,5128.35,5137.93,5127.72,5131.62
2026.03.12 18:30,5131.66,5137.46,5124.81,5134.8
2026.03.12 18:45,5134.86,5135.33,5121.45,5123.42
2026.03.12 19:00,5123.19,5129.49,5120.62,5121.37
2026.03.12 19:15,5121.38,5122.47,5113.32,5118.75
2026.03.12 19:30,5118.86,5119.86,5105.03,5110.44
2026.03.12 19:45,5110.46,5112.14,5102.39,5105.13
2026.03.12 20:00,5105.08,5112.41,5104.78,5107.05
2026.03.12 20:15,5107.09,5110.3,5101.02,5104.34
2026.03.12 20:30,5104.36,5104.36,5098.48,5098.62
2026.03.12 20:45,5098.6,5099.31,5090.64,5094.28
2026.03.12 21:00,5094.26,5094.91,5079.23,5084.73
2026.03.12 21:15,5084.76,5095.38,5081.07,5093.47
2026.03.12 21:30,5093.51,5096.64,5090.28,5091.77
2026.03.12 21:45,5091.76,5096.12,5081.14,5084.49
2026.03.12 22:00,5084.68,5090.35,5083.46,5085.22
2026.03.12 22:15,5085.24,5088.92,5071.27,5071.66
2026.03.12 22:30,5071.66,5072.92,5054.93,5072.19
2026.03.12 22:45,5072.22,5081.5,5071.97,5078.93
2026.03.13 00:00,5080.2,5086.2,5072.34,5081.47
2026.03.13 00:15,5081.5,5094.87,5080.92,5092.32
2026.03.13 00:30,5092.18,5092.38,5085.35,5089.25
2026.03.13 00:45,5089.4,5096.07,5088.01,5095.78
2026.03.13 01:00,5095.91,5096.17,5088.94,5090.5
2026.03.13 01:15,5090.49,5099.18,5090.35,5093.89
2026.03.13 01:30,5093.9,5098.27,5091.8,5094.69
2026.03.13 01:45,5094.65,5101.09,5094.55,5097.89
2026.03.13 02:00,5097.95,5108.1,5097.22,5105.83
2026.03.13 02:15,5105.86,5108.2,5104.03,5106.17
2026.03.13 02:30,5106.19,5110.43,5105.82,5107.72
2026.03.13 02:45,5107.7,5115.2,5107.18,5113.55
2026.03.13 03:00,5113.54,5120.64,5113.35,5119.42
2026.03.13 03:15,5119.41,5120.58,5113.88,5118.78
2026.03.13 03:30,5118.79,5121.23,5111.51,5112.16
2026.03.13 03:45,5112.29,5124.17,5108.73,5124.11
2026.03.13 04:00,5124.06,5128.38,5122.5,5123.03
2026.03.13 04:15,5123.02,5123.02,5114.82,5121.35
2026.03.13 04:30,5121.37,5121.69,5115.6,5117.82
2026.03.13 04:45,5117.83,5118.44,5110.35,5111.91
2026.03.13 05:00,5111.88,5115.73,5109.0,5110.66
2026.03.13 05:15,5110.69,5113.71,5108.11,5110.32
2026.03.13 05:30,5110.29,5112.08,5106.18,5110.5
2026.03.13 05:45,5110.51,5116.56,5110.22,5115.46
2026.03.13 06:00,5115.44,5117.75,5112.36,5114.14
2026.03.13 06:15,5114.17,5114.25,5103.59,5105.45
2026.03.13 06:30,5105.43,5106.99,5102.6,5104.3
2026.03.13 06:45,5104.29,5106.63,5102.99,5104.11
2026.03.13 07:00,5104.14,5109.29,5102.47,5108.93
2026.03.13 07:15,5108.9,5110.05,5104.78,5105.82
2026.03.13 07:30,5105.82,5110.97,5099.9,5100.55
2026.03.13 07:45,5100.51,5105.45,5098.24,5102.93
2026.03.13 08:00,5103.0,5107.6,5101.43,5103.84
2026.03.13 08:15,5103.59,5103.89,5088.75,5095.53
2026.03.13 08:30,5095.51,5098.24,5087.74,5091.63
2026.03.13 08:45,5091.65,5094.62,5085.61,5088.14
2026.03.13 09:00,5088.04,5093.99,5083.59,5090.16
2026.03.13 09:15,5090.19,5090.26,5071.6,5084.65
2026.03.13 09:30,5084.64,5092.83,5083.77,5089.16
2026.03.13 09:45,5089.18,5092.58,5082.19,5085.01
2026.03.13 10:00,5085.04,5085.04,5066.58,5077.93
2026.03.13 10:15,5077.86,5078.95,5061.3,5070.7
2026.03.13 10:30,5070.68,5084.28,5070.32,5076.01
2026.03.13 10:45,5076.0,5087.82,5075.8,5087.22
2026.03.13 11:00,5087.2,5097.01,5085.79,5092.25
2026.03.13 11:15,5092.28,5092.92,5084.08,5091.63
2026.03.13 11:30,5091.62,5092.58,5083.12,5085.32
2026.03.13 11:45,5085.34,5094.09,5084.83,5089.45
2026.03.13 12:00,5089.48,5093.39,5085.86,5093.32
2026.03.13 12:15,5093.29,5096.65,5088.58,5089.04
2026.03.13 12:30,5089.03,5089.24,5079.84,5087.45
2026.03.13 12:45,5087.45,5098.21,5084.35,5094.77
2026.03.13 13:00,5094.76,5097.47,5086.14,5090.36
2026.03.13 13:15,5090.22,5097.06,5088.9,5095.2
2026.03.13 13:30,5095.2,5096.39,5091.81,5094.6
2026.03.13 13:45,5094.61,5107.64,5092.09,5107.57
2026.03.13 14:00,5107.5,5118.69,5107.14,5108.35
2026.03.13 14:15,5108.43,5115.27,5104.19,5113.47
2026.03.13 14:30,5113.5,5116.23,5107.87,5112.01
2026.03.13 14:45,5112.07,5121.56,5110.93,5118.09
2026.03.13 15:00,5118.14,5121.04,5110.08,5112.7
2026.03.13 15:15,5112.73,5115.21,5107.25,5108.69
2026.03.13 15:30,5108.62,5112.27,5096.38,5112.07
2026.03.13 15:45,5112.02,5116.65,5099.18,5101.37
2026.03.13 16:00,5101.38,5107.73,5090.68,5090.7
2026.03.13 16:15,5090.17,5094.2,5082.53,5088.89
2026.03.13 16:30,5088.7,5091.68,5074.45,5079.16
2026.03.13 16:45,5079.18,5079.18,5035.38,5041.54
2026.03.13 17:00,5041.58,5071.12,5038.14,5069.01
2026.03.13 17:15,5068.97,5071.09,5056.7,5063.16
2026.03.13 17:30,5063.14,5068.19,5041.72,5046.48
2026.03.13 17:45,5046.45,5057.16,5032.02,5034.55
2026.03.13 18:00,5034.57,5040.58,5018.86,5031.81
2026.03.13 18:15,5031.81,5041.54,5030.34,5040.84
2026.03.13 18:30,5040.83,5052.9,5040.01,5044.36
2026.03.13 18:45,5044.65,5051.53,5041.42,5045.78
2026.03.13 19:00,5045.79,5056.81,5043.31,5056.81
2026.03.13 19:15,5056.89,5061.92,5052.09,5056.14
2026.03.13 19:30,5056.21,5063.66,5050.98,5053.3
2026.03.13 19:45,5053.33,5055.21,5043.44,5046.23
2026.03.13 20:00,5046.27,5051.54,5040.52,5042.33
2026.03.13 20:15,5042.32,5046.06,5036.0,5041.72
2026.03.13 20:30,5041.65,5049.23,5040.38,5043.95
2026.03.13 20:45,5043.97,5046.33,5040.98,5046.32
2026.03.13 21:00,5046.31,5049.63,5033.89,5039.74
2026.03.13 21:15,5039.79,5040.14,5032.12,5034.81
2026.03.13 21:30,5034.85,5036.73,5022.89,5025.29
2026.03.13 21:45,5025.28,5025.8,5009.49,5016.21
2026.03.13 22:00,5016.35,5021.05,5012.22,5016.46
2026.03.13 22:15,5016.42,5021.25,5012.08,5013.86
2026.03.13 22:30,5013.86,5024.9,5012.62,5024.34
2026.03.13 22:45,5024.34,5024.36,5016.44,5020.22
2026.03.16 00:00,5005.77,5029.12,4996.72,5022.36
2026.03.16 00:15,5022.42,5022.96,5000.24,5012.47
2026.03.16 00:30,5011.32,5018.04,5008.03,5010.38
2026.03.16 00:45,5010.36,5025.68,5010.05,5024.81
2026.03.16 01:00,5024.34,5025.98,5002.08,5007.08
2026.03.16 01:15,5007.11,5007.66,4967.14,4989.35
2026.03.16 01:30,4989.67,4992.22,4978.91,4983.52
2026.03.16 01:45,4983.57,4998.64,4971.69,4997.27
2026.03.16 02:00,4997.2,5028.39,4996.47,5022.41
2026.03.16 02:15,5022.4,5023.56,5014.9,5016.68
2026.03.16 02:30,5016.67,5030.79,5014.74,5027.6
2026.03.16 02:45,5027.68,5029.92,5016.88,5025.53
2026.03.16 03:00,5025.48,5026.32,4986.25,4986.35
2026.03.16 03:15,4986.32,5005.47,4983.74,4987.76
2026.03.16 03:30,4987.7,5004.17,4982.53,5003.78
2026.03.16 03:45,5003.88,5016.1,5002.38,5015.82
2026.03.16 04:00,5015.81,5018.63,5010.49,5015.21
2026.03.16 04:15,5015.24,5018.47,5010.31,5012.86
2026.03.16 04:30,5012.92,5014.38,5002.39,5005.78
2026.03.16 04:45,5005.96,5008.38,4997.66,5003.46
2026.03.16 05:00,5003.45,5006.76,4998.0,4999.3
2026.03.16 05:15,4999.27,5011.44,4998.44,5011.02
2026.03.16 05:30,5011.01,5018.88,5010.01,5018.75
2026.03.16 05:45,5018.75,5020.49,5015.87,5018.96
2026.03.16 06:00,5018.97,5025.98,5018.8,5024.11
2026.03.16 06:15,5024.12,5025.96,5020.38,5021.16
2026.03.16 06:30,5021.17,5024.63,5014.43,5016.7
2026.03.16 06:45,5016.85,5016.85,5012.24,5012.55
2026.03.16 07:00,5012.54,5015.56,5010.96,5012.4
2026.03.16 07:15,5012.39,5013.0,5007.9,5010.75
2026.03.16 07:30,5010.78,5017.14,5003.19,5016.06
2026.03.16 07:45,5016.05,5019.87,5015.43,5017.3
2026.03.16 08:00,5017.25,5027.57,5012.76,5026.92
2026.03.16 08:15,5026.89,5035.85,5025.42,5027.37
2026.03.16 08:30,5027.38,5029.2,5020.8,5022.2
2026.03.16 08:45,5022.21,5022.6,5005.33,5011.95
2026.03.16 09:00,5011.94,5016.3,5009.52,5009.62
2026.03.16 09:15,5009.64,5009.64,4998.02,5002.18
2026.03.16 09:30,5002.16,5007.12,4991.7,4992.54
2026.03.16 09:45,4992.54,4999.91,4992.53,4995.22
2026.03.16 10:00,4995.19,5000.36,4988.44,4988.61
2026.03.16 10:15,4988.58,5003.33,4987.69,4996.82
2026.03.16 10:30,4996.79,4998.41,4984.86,4987.13
2026.03.16 10:45,4987.12,4997.59,4985.6,4990.98
2026.03.16 11:00,4990.96,4991.21,4979.81,4985.13
2026.03.16 11:15,4985.06,4990.48,4983.62,4988.85
2026.03.16 11:30,4988.94,4991.46,4981.1,4981.33
2026.03.16 11:45,4981.37,4985.27,4972.64,4975.18
2026.03.16 12:00,4975.17,4980.1,4969.94,4976.68
2026.03.16 12:15,4976.7,4990.86,4976.47,4986.56
2026.03.16 12:30,4986.55,4988.04,4980.34,4985.39
2026.03.16 12:45,4985.35,4999.32,4983.88,4998.52
2026.03.16 13:00,4998.61,5006.16,4995.55,5002.05
2026.03.16 13:15,5002.06,5022.41,5002.06,5018.96
2026.03.16 13:30,5019.0,5019.86,5013.6,5015.37
2026.03.16 13:45,5015.33,5017.78,4992.55,4996.8
2026.03.16 14:00,4996.8,5006.47,4994.17,5005.45
2026.03.16 14:15,5005.44,5024.64,5002.7,5023.05
2026.03.16 14:30,5023.17,5025.0,5018.77,5021.64
2026.03.16 14:45,5021.65,5022.06,5012.14,5019.68
2026.03.16 15:00,5019.7,5023.46,5013.63,5022.29
2026.03.16 15:15,5022.32,5030.16,5018.34,5021.13
2026.03.16 15:30,5020.88,5034.22,5017.86,5031.36
2026.03.16 15:45,5031.36,5033.39,5023.0,5029.6
2026.03.16 16:00,5029.61,5037.82,5026.95,5027.93
2026.03.16 16:15,5027.9,5029.69,5014.51,5014.6
2026.03.16 16:30,5014.59,5014.9,5000.23,5000.81
2026.03.16 16:45,5000.84,5002.12,4987.81,4995.8
2026.03.16 17:00,4995.78,5002.19,4990.18,4998.32
2026.03.16 17:15,4998.33,5005.47,4984.64,4991.68
2026.03.16 17:30,4991.69,5003.22,4990.29,4996.55
2026.03.16 17:45,4996.59,4998.99,4983.74,4986.9
2026.03.16 18:00,4986.87,4998.68,4985.43,4996.3
2026.03.16 18:15,4996.29,4997.98,4978.01,4978.97
2026.03.16 18:30,4979.63,4989.49,4973.89,4986.92
2026.03.16 18:45,4986.93,4992.69,4982.97,4990.36
2026.03.16 19:00,4990.35,5003.69,4990.23,5001.84
2026.03.16 19:15,5001.83,5002.78,4994.64,4995.79
2026.03.16 19:30,4995.81,4996.4,4985.62,4987.51
2026.03.16 19:45,4987.43,4992.6,4983.78,4991.12
2026.03.16 20:00,4991.11,5000.81,4989.86,4998.76
2026.03.16 20:15,4998.77,5007.83,4997.04,5006.2
2026.03.16 20:30,5006.13,5015.59,5005.18,5014.4
2026.03.16 20:45,5014.43,5017.66,5011.62,5012.57
2026.03.16 21:00,5012.56,5020.01,5008.62,5011.61
2026.03.16 21:15,5011.57,5015.35,5009.45,5010.19
2026.03.16 21:30,5010.16,5014.48,5007.9,5009.91
2026.03.16 21:45,5009.95,5015.85,5008.22,5012.75
2026.03.16 22:00,5012.79,5021.43,5007.91,5016.64
2026.03.16 22:15,5016.63,5017.5,5013.97,5014.03
2026.03.16 22:30,5014.04,5014.04,5007.54,5008.77
2026.03.16 22:45,5008.65,5010.07,5004.56,5006.15
2026.03.17 00:00,5007.63,5015.93,5000.57,5003.83
2026.03.17 00:15,5003.85,5007.96,4998.64,5001.57
2026.03.17 00:30,5001.55,5004.63,4998.34,5001.48
2026.03.17 00:45,5001.42,5005.95,5000.32,5002.11
2026.03.17 01:00,5002.13,5006.05,5001.79,5005.9
2026.03.17 01:15,5005.89,5009.87,5005.22,5009.34
2026.03.17 01:30,5009.39,5014.18,5008.42,5008.43
2026.03.17 01:45,5008.42,5015.26,5006.7,5012.62
2026.03.17 02:00,5012.69,5013.86,5002.21,5006.43
2026.03.17 02:15,5006.42,5010.32,5000.03,5003.38
2026.03.17 02:30,5003.36,5006.86,4998.19,5001.48
2026.03.17 02:45,5001.52,5006.04,4998.0,5002.8
2026.03.17 03:00,5002.81,5012.28,4994.64,5010.07
2026.03.17 03:15,5010.02,5014.38,5007.32,5013.36
2026.03.17 03:30,5013.35,5019.57,5011.15,5017.74
2026.03.17 03:45,5017.73,5027.67,5016.6,5027.67
2026.03.17 04:00,5027.61,5029.47,5020.71,5021.25
2026.03.17 04:15,5021.25,5025.44,5019.76,5025.18
2026.03.17 04:30,5025.13,5029.25,5021.87,5028.9
2026.03.17 04:45,5028.94,5029.21,5021.43,5022.56
2026.03.17 05:00,5022.35,5025.5,5020.44,5022.71
2026.03.17 05:15,5022.7,5032.62,5022.35,5032.38
2026.03.17 05:30,5032.39,5033.32,5027.44,5028.52
2026.03.17 05:45,5028.5,5030.04,5025.79,5027.38
2026.03.17 06:00,5027.37,5030.12,5026.16,5028.88
2026.03.17 06:15,5028.91,5032.6,5026.28,5032.41
2026.03.17 06:30,5032.4,5041.63,5031.96,5039.53
2026.03.17 06:45,5039.62,5041.73,5036.82,5037.7
2026.03.17 07:00,5037.69,5040.6,5032.35,5040.22
2026.03.17 07:15,5040.23,5044.26,5033.24,5035.12
2026.03.17 07:30,5035.15,5039.18,5031.34,5032.12
2026.03.17 07:45,5032.13,5033.0,5019.91,5020.54
2026.03.17 08:00,5020.59,5022.61,5006.82,5012.69
2026.03.17 08:15,5012.68,5014.02,5005.04,5011.73
2026.03.17 08:30,5011.75,5016.89,5010.05,5014.87
2026.03.17 08:45,5014.86,5015.49,5008.32,5009.94
2026.03.17 09:00,5009.85,5016.84,5009.23,5014.19
2026.03.17 09:15,5014.17,5018.52,5008.82,5015.71
2026.03.17 09:30,5015.7,5027.86,5015.7,5022.98
2026.03.17 09:45,5022.97,5025.15,5017.07,5021.06
2026.03.17 10:00,5021.05,5025.92,5018.86,5021.8
2026.03.17 10:15,5021.76,5029.45,5019.0,5021.09
2026.03.17 10:30,5021.11,5025.0,5018.85,5021.95
2026.03.17 10:45,5021.96,5025.25,5018.17,5024.54
2026.03.17 11:00,5024.53,5025.72,5013.34,5013.75
2026.03.17 11:15,5013.72,5019.48,5012.88,5017.46
2026.03.17 11:30,5017.48,5018.05,5011.05,5014.21
2026.03.17 11:45,5014.15,5015.74,5009.87,5010.31
2026.03.17 12:00,5010.22,5016.17,5000.94,5003.87
2026.03.17 12:15,5004.03,5008.95,5001.39,5003.54
2026.03.17 12:30,5003.49,5009.15,4991.71,4999.09
2026.03.17 12:45,4999.07,5004.58,4996.39,5000.07
2026.03.17 13:00,5000.04,5005.82,4996.61,5004.66
2026.03.17 13:15,5004.68,5009.89,5004.68,5006.83
2026.03.17 13:30,5006.84,5009.77,5003.93,5009.17
2026.03.17 13:45,5009.24,5011.28,5001.89,5003.11
2026.03.17 14:00,5003.07,5010.12,4999.22,5008.32
2026.03.17 14:15,5008.31,5020.36,5008.28,5019.88
2026.03.17 14:30,5019.91,5023.71,5015.85,5017.47
2026.03.17 14:45,5017.48,5017.49,5009.57,5011.6
2026.03.17 15:00,5011.62,5017.79,5009.9,5016.52
2026.03.17 15:15,5016.55,5019.29,5010.38,5012.6
2026.03.17 15:30,5012.61,5031.29,5010.87,5027.0
2026.03.17 15:45,5026.97,5027.48,5005.23,5016.42
2026.03.17 16:00,5016.4,5020.36,5009.39,5018.0
2026.03.17 16:15,5018.04,5018.19,5006.63,5008.26
2026.03.17 16:30,5008.25,5014.24,5002.73,5013.25
2026.03.17 16:45,5013.26,5019.25,5007.01,5007.49
2026.03.17 17:00,5007.37,5017.4,5006.09,5008.17
2026.03.17 17:15,5008.18,5014.72,4993.6,4994.62
2026.03.17 17:30,4994.52,5000.3,4973.39,4984.33
2026.03.17 17:45,4984.31,4998.89,4983.69,4997.65
2026.03.17 18:00,4997.63,4999.11,4991.37,4994.22
2026.03.17 18:15,4994.23,5005.33,4992.85,5003.95
2026.03.17 18:30,5003.92,5005.62,4999.54,5002.0
2026.03.17 18:45,5002.01,5003.46,4997.43,5001.79
2026.03.17 19:00,5001.67,5006.43,5001.16,5003.18
2026.03.17 19:15,5003.2,5008.64,5001.08,5002.51
2026.03.17 19:30,5002.44,5006.23,4997.37,4997.5
2026.03.17 19:45,4997.53,5003.46,4996.28,5002.32
2026.03.17 20:00,5002.33,5007.58,5000.63,5006.16
2026.03.17 20:15,5006.14,5008.9,5003.7,5003.77
2026.03.17 20:30,5003.81,5004.47,4999.51,5003.25
2026.03.17 20:45,5003.26,5008.24,5002.7,5003.56
2026.03.17 21:00,5003.58,5005.43,5000.2,5001.49
2026.03.17 21:15,5001.45,5002.34,4997.93,4999.65
2026.03.17 21:30,4999.74,5003.53,4996.28,5001.69
2026.03.17 21:45,5001.69,5003.09,4997.88,5000.06
2026.03.17 22:00,5000.14,5006.23,4999.76,5003.51
2026.03.17 22:15,5003.5,5004.57,5001.82,5003.66
2026.03.17 22:30,5003.68,5005.05,5002.86,5003.79
2026.03.17 22:45,5003.77,5005.53,5001.3,5005.41
2026.03.18 00:00,5005.77,5006.16,4997.24,5002.49
2026.03.18 00:15,5002.29,5004.63,4999.87,5001.58
2026.03.18 00:30,5001.6,5001.67,4995.34,4996.05
2026.03.18 00:45,4996.02,5003.26,4993.03,4999.67
2026.03.18 01:00,4999.58,5002.69,4998.66,4999.05
2026.03.18 01:15,4999.44,5001.24,4998.98,4999.92
2026.03.18 01:30,4999.93,5003.52,4999.78,5002.19
2026.03.18 01:45,5002.23,5002.92,5001.25,5002.86
2026.03.18 02:00,5002.85,5012.15,5001.06,5009.81
2026.03.18 02:15,5009.85,5011.75,5002.57,5002.71
2026.03.18 02:30,5002.7,5004.33,5000.08,5004.03
2026.03.18 02:45,5004.08,5007.88,5001.12,5004.18
2026.03.18 03:00,5004.17,5015.58,4997.79,5011.27
2026.03.18 03:15,5011.26,5015.77,5007.87,5007.92
2026.03.18 03:30,5007.91,5009.28,5001.32,5001.52
2026.03.18 03:45,5001.47,5001.55,4991.18,4998.5
2026.03.18 04:00,4998.53,5002.3,4996.33,4999.63
2026.03.18 04:15,4999.61,5006.82,4998.86,5002.13
2026.03.18 04:30,5002.18,5003.6,4999.78,5001.06
2026.03.18 04:45,5001.1,5003.93,4990.43,4991.76
2026.03.18 05:00,4991.75,4996.13,4986.08,4993.97
2026.03.18 05:15,4994.01,4996.62,4993.65,4996.08
2026.03.18 05:30,4996.09,4997.46,4993.77,4994.68
2026.03.18 05:45,4994.67,4995.24,4989.5,4991.15
2026.03.18 06:00,4991.11,4992.75,4989.45,4990.37
2026.03.18 06:15,4990.38,4993.31,4990.38,4990.46
2026.03.18 06:30,4990.47,4990.82,4981.56,4984.28
2026.03.18 06:45,4984.31,4987.14,4982.26,4987.02
2026.03.18 07:00,4987.0,4992.11,4984.61,4989.93
2026.03.18 07:15,4989.94,4992.34,4985.29,4990.84
2026.03.18 07:30,4990.85,5001.12,4987.53,4999.04
2026.03.18 07:45,4999.02,5002.27,4994.47,4997.56
2026.03.18 08:00,4997.53,5009.13,4996.13,5009.13
2026.03.18 08:15,5009.1,5010.63,5006.67,5008.48
2026.03.18 08:30,5008.49,5016.06,5008.38,5011.14
2026.03.18 08:45,5011.17,5014.34,5008.24,5009.15
2026.03.18 09:00,5009.28,5014.69,5009.28,5009.55
2026.03.18 09:15,5009.52,5009.85,5006.1,5008.89
2026.03.18 09:30,5008.95,5009.46,5001.12,5001.8
2026.03.18 09:45,5001.73,5002.1,4990.22,4994.89
2026.03.18 10:00,4994.88,4996.62,4987.35,4992.8
2026.03.18 10:15,4992.84,4995.57,4983.39,4988.98
2026.03.18 10:30,4988.99,4991.85,4983.99,4985.2
2026.03.18 10:45,4985.18,4990.14,4977.13,4987.46
2026.03.18 11:00,4987.45,4990.84,4986.16,4986.16
2026.03.18 11:15,4986.14,4994.24,4984.64,4992.22
2026.03.18 11:30,4992.19,4995.41,4991.83,4993.05
2026.03.18 11:45,4993.03,4994.96,4990.62,4991.97
2026.03.18 12:00,4992.0,4992.05,4987.05,4988.67
2026.03.18 12:15,4988.67,4990.82,4980.65,4982.33
2026.03.18 12:30,4982.31,4987.02,4960.2,4977.73
2026.03.18 12:45,4977.4,4980.06,4958.76,4967.75
2026.03.18 13:00,4967.72,4970.34,4950.19,4970.05
2026.03.18 13:15,4970.06,4973.79,4946.25,4948.38
2026.03.18 13:30,4948.37,4961.82,4934.8,4939.04
2026.03.18 13:45,4938.97,4944.6,4924.71,4930.06
2026.03.18 14:00,4930.05,4932.32,4905.2,4908.11
2026.03.18 14:15,4908.16,4912.33,4895.42,4900.76
2026.03.18 14:30,4901.74,4902.1,4873.86,4878.21
2026.03.18 14:45,4878.23,4891.42,4870.65,4881.41
2026.03.18 15:00,4881.36,4881.36,4849.36,4858.52
2026.03.18 15:15,4858.41,4865.73,4834.05,4861.19
2026.03.18 15:30,4861.2,4885.26,4850.14,4872.94
2026.03.18 15:45,4873.09,4880.26,4860.49,4878.0
2026.03.18 16:00,4877.97,4894.4,4872.13,4880.93
2026.03.18 16:15,4880.89,4883.31,4859.07,4860.67
2026.03.18 16:30,4860.65,4864.93,4856.43,4860.99
2026.03.18 16:45,4860.96,4872.39,4860.54,4869.38
2026.03.18 17:00,4869.41,4877.97,4865.55,4875.12
2026.03.18 17:15,4875.19,4879.87,4866.95,4871.89
2026.03.18 17:30,4871.85,4875.15,4864.15,4864.42
2026.03.18 17:45,4864.39,4866.47,4860.94,4862.29
2026.03.18 18:00,4862.28,4879.15,4860.73,4877.84
2026.03.18 18:15,4877.83,4882.8,4873.72,4882.1
2026.03.18 18:30,4882.12,4882.65,4873.08,4882.56
2026.03.18 18:45,4882.49,4890.11,4879.84,4886.71
2026.03.18 19:00,4886.7,4889.85,4883.7,4886.78
2026.03.18 19:15,4886.89,4897.99,4885.24,4890.86
2026.03.18 19:30,4890.86,4898.74,4887.1,4894.45
2026.03.18 19:45,4894.44,4895.69,4888.75,4890.58
2026.03.18 20:00,4890.07,4899.15,4880.76,4887.29
2026.03.18 20:15,4887.28,4889.31,4876.72,4885.55
2026.03.18 20:30,4885.51,4887.92,4872.63,4878.28
2026.03.18 20:45,4878.18,4878.48,4852.23,4852.87
2026.03.18 21:00,4852.84,4861.1,4843.37,4856.88
2026.03.18 21:15,4856.9,4865.1,4843.78,4849.07
2026.03.18 21:30,4848.68,4859.93,4846.11,4850.4
2026.03.18 21:45,4850.37,4851.04,4838.14,4842.85
2026.03.18 22:00,4842.69,4848.39,4823.6,4825.67
2026.03.18 22:15,4825.62,4828.18,4808.69,4811.04
2026.03.18 22:30,4811.0,4821.29,4806.63,4820.94
2026.03.18 22:45,4821.1,4826.59,4816.65,4818.68
2026.03.19 00:00,4824.26,4837.1,4815.58,4818.43
2026.03.19 00:15,4818.4,4825.29,4804.1,4815.49
2026.03.19 00:30,4815.5,4829.04,4808.69,4827.98
2026.03.19 00:45,4827.84,4838.63,4825.93,4834.34
2026.03.19 01:00,4834.36,4836.75,4829.23,4834.23
2026.03.19 01:15,4834.24,4840.7,4828.03,4836.67
2026.03.19 01:30,4836.7,4842.38,4833.94,4833.98
2026.03.19 01:45,4833.97,4838.06,4829.79,4836.57
2026.03.19 02:00,4836.52,4847.88,4835.2,4843.2
2026.03.19 02:15,4843.11,4843.87,4836.7,4842.09
2026.03.19 02:30,4842.08,4848.61,4838.18,4840.64
2026.03.19 02:45,4840.63,4845.72,4837.63,4841.08
2026.03.19 03:00,4841.0,4853.23,4832.67,4837.84
2026.03.19 03:15,4837.85,4845.58,4833.55,4845.35
2026.03.19 03:30,4845.31,4866.9,4842.78,4865.47
2026.03.19 03:45,4865.49,4865.57,4849.05,4849.8
2026.03.19 04:00,4849.78,4851.56,4841.46,4849.16
2026.03.19 04:15,4849.23,4857.97,4847.92,4857.04
2026.03.19 04:30,4857.03,4861.52,4853.94,4861.2
2026.03.19 04:45,4861.21,4861.92,4853.49,4858.58
2026.03.19 05:00,4858.55,4864.87,4854.97,4864.16
2026.03.19 05:15,4864.11,4865.86,4856.62,4859.8
2026.03.19 05:30,4859.8,4860.11,4852.11,4856.09
2026.03.19 05:45,4856.08,4857.05,4850.61,4850.61
2026.03.19 06:00,4850.59,4851.59,4847.21,4851.06
2026.03.19 06:15,4851.07,4853.59,4849.64,4850.13
2026.03.19 06:30,4850.12,4852.71,4848.25,4849.4
2026.03.19 06:45,4849.38,4850.28,4845.72,4849.81
2026.03.19 07:00,4849.79,4853.63,4846.4,4850.43
2026.03.19 07:15,4850.4,4853.6,4846.36,4846.59
2026.03.19 07:30,4846.7,4846.7,4832.39,4833.58
2026.03.19 07:45,4833.57,4839.98,4826.83,4827.33
2026.03.19 08:00,4827.32,4841.93,4827.03,4832.99
2026.03.19 08:15,4832.94,4833.52,4813.4,4813.64
2026.03.19 08:30,4813.6,4819.84,4779.94,4786.1
2026.03.19 08:45,4786.1,4788.42,4747.66,4763.58
2026.03.19 09:00,4763.53,4784.07,4762.56,4777.82
2026.03.19 09:15,4777.95,4781.81,4756.84,4770.77
2026.03.19 09:30,4770.65,4771.35,4735.51,4739.47
2026.03.19 09:45,4739.46,4754.73,4727.21,4727.67
2026.03.19 10:00,4727.55,4740.29,4700.99,4714.45
2026.03.19 10:15,4714.54,4736.26,4712.96,4718.31
2026.03.19 10:30,4718.65,4722.05,4686.63,4688.31
2026.03.19 10:45,4688.23,4719.46,4686.81,4709.0
2026.03.19 11:00,4708.98,4720.88,4687.66,4694.83
2026.03.19 11:15,4694.78,4722.27,4693.29,4708.91
2026.03.19 11:30,4708.92,4725.71,4702.59,4704.98
2026.03.19 11:45,4705.02,4716.83,4696.02,4698.77
2026.03.19 12:00,4698.78,4719.57,4697.76,4704.31
2026.03.19 12:15,4704.32,4705.35,4671.27,4683.36
2026.03.19 12:30,4682.86,4700.38,4674.11,4683.27
2026.03.19 12:45,4683.25,4688.5,4666.34,4678.89
2026.03.19 13:00,4678.97,4699.39,4678.88,4685.94
2026.03.19 13:15,4685.92,4692.26,4676.32,4686.1
2026.03.19 13:30,4686.11,4695.27,4658.1,4663.96
2026.03.19 13:45,4663.98,4667.87,4650.6,4651.75
2026.03.19 14:00,4651.65,4653.92,4609.75,4619.2
2026.03.19 14:15,4619.15,4630.55,4602.77,4606.73
2026.03.19 14:30,4606.74,4617.33,4559.76,4563.08
2026.03.19 14:45,4562.96,4585.44,4531.09,4574.07
2026.03.19 15:00,4574.04,4574.04,4502.46,4539.35
2026.03.19 15:15,4539.44,4580.79,4523.56,4576.08
2026.03.19 15:30,4576.22,4582.96,4546.2,4558.86
2026.03.19 15:45,4558.65,4620.81,4538.7,4620.73
2026.03.19 16:00,4620.75,4649.06,4618.63,4630.73
2026.03.19 16:15,4630.72,4635.38,4584.0,4584.92
2026.03.19 16:30,4584.78,4622.23,4580.89,4612.78
2026.03.19 16:45,4612.77,4627.43,4598.1,4601.54
2026.03.19 17:00,4601.32,4638.4,4593.23,4627.28
2026.03.19 17:15,4627.05,4629.1,4596.42,4602.93
2026.03.19 17:30,4602.97,4603.03,4569.91,4571.6
2026.03.19 17:45,4571.59,4611.28,4566.16,4596.21
2026.03.19 18:00,4596.22,4626.45,4592.81,4604.83
2026.03.19 18:15,4604.78,4616.8,4594.08,4599.18
2026.03.19 18:30,4599.46,4608.35,4583.93,4592.94
2026.03.19 18:45,4592.92,4598.36,4576.53,4584.69
2026.03.19 19:00,4584.74,4596.02,4573.71,4579.11
2026.03.19 19:15,4579.4,4613.48,4573.93,4603.35
2026.03.19 19:30,4603.47,4618.42,4599.61,4604.92
2026.03.19 19:45,4605.11,4629.68,4604.93,4615.95
2026.03.19 20:00,4615.96,4618.85,4600.97,4614.6
2026.03.19 20:15,4614.42,4617.23,4604.35,4609.31
2026.03.19 20:30,4608.81,4611.13,4596.14,4609.05
2026.03.19 20:45,4608.86,4622.93,4604.42,4622.84
2026.03.19 21:00,4622.9,4663.24,4622.9,4656.84
2026.03.19 21:15,4656.94,4661.66,4632.92,4644.08
2026.03.19 21:30,4643.97,4649.19,4632.69,4638.53
2026.03.19 21:45,4638.63,4649.72,4631.71,4643.71
2026.03.19 22:00,4643.53,4658.15,4642.62,4653.97
2026.03.19 22:15,4653.94,4660.56,4649.98,4657.16
2026.03.19 22:30,4657.24,4659.35,4653.45,4654.4
2026.03.19 22:45,4654.81,4661.82,4650.18,4650.19
2026.03.20 00:00,4650.89,4671.67,4650.65,4670.76
2026.03.20 00:15,4670.77,4677.03,4660.38,4666.17
2026.03.20 00:30,4666.12,4666.14,4646.18,4646.67
2026.03.20 00:45,4646.65,4649.98,4636.02,4636.18
2026.03.20 01:00,4636.22,4647.46,4636.22,4638.55
2026.03.20 01:15,4638.54,4646.83,4638.19,4643.7
2026.03.20 01:30,4643.77,4647.62,4633.97,4635.44
2026.03.20 01:45,4635.34,4646.61,4635.16,4643.39
2026.03.20 02:00,4643.52,4662.72,4642.65,4662.5
2026.03.20 02:15,4662.02,4664.84,4642.0,4649.22
2026.03.20 02:30,4649.17,4656.4,4644.54,4655.75
2026.03.20 02:45,4655.76,4660.36,4646.91,4648.5
2026.03.20 03:00,4648.45,4680.12,4639.19,4651.71
2026.03.20 03:15,4651.69,4661.84,4648.29,4661.84
2026.03.20 03:30,4661.85,4688.6,4661.12,4686.35
2026.03.20 03:45,4686.28,4699.21,4672.27,4677.23
2026.03.20 04:00,4677.15,4689.18,4670.17,4685.5
2026.03.20 04:15,4685.53,4689.97,4680.71,4683.7
2026.03.20 04:30,4683.72,4691.18,4679.13,4685.17
2026.03.20 04:45,4685.18,4703.47,4682.8,4698.26
2026.03.20 05:00,4698.19,4723.22,4693.07,4717.18
2026.03.20 05:15,4717.19,4735.57,4716.29,4733.44
2026.03.20 05:30,4733.45,4735.42,4727.87,4730.37
2026.03.20 05:45,4730.35,4730.37,4721.63,4725.7
2026.03.20 06:00,4725.73,4727.53,4716.7,4719.01
2026.03.20 06:15,4718.99,4724.21,4718.34,4723.49
2026.03.20 06:30,4723.48,4726.83,4718.31,4719.98
2026.03.20 06:45,4719.96,4722.53,4715.48,4721.46
2026.03.20 07:00,4721.45,4721.95,4710.36,4718.27
2026.03.20 07:15,4718.28,4723.41,4717.28,4719.55
2026.03.20 07:30,4719.54,4719.94,4701.88,4709.3
2026.03.20 07:45,4709.29,4710.5,4685.63,4688.22
2026.03.20 08:00,4688.24,4700.87,4684.73,4691.2
2026.03.20 08:15,4691.19,4695.57,4679.93,4687.78
2026.03.20 08:30,4687.79,4689.44,4661.32,4665.67
2026.03.20 08:45,4665.7,4675.86,4662.28,4668.97
2026.03.20 09:00,4668.86,4683.99,4667.76,4679.4
2026.03.20 09:15,4679.41,4688.47,4676.38,4688.17
2026.03.20 09:30,4688.15,4697.96,4685.08,4693.96
2026.03.20 09:45,4694.13,4707.73,4694.13,4706.12
2026.03.20 10:00,4706.15,4717.43,4701.85,4716.05
2026.03.20 10:15,4716.0,4734.68,4715.43,4722.6
2026.03.20 10:30,4722.61,4722.71,4699.25,4707.16
2026.03.20 10:45,4707.2,4708.12,4684.76,4693.45
2026.03.20 11:00,4693.52,4700.15,4683.99,4693.69
2026.03.20 11:15,4693.7,4697.13,4684.09,4691.76
2026.03.20 11:30,4691.75,4692.23,4670.79,4673.25
2026.03.20 11:45,4673.21,4677.13,4659.8,4667.48
2026.03.20 12:00,4667.49,4669.94,4649.97,4662.88
2026.03.20 12:15,4662.8,4666.39,4645.83,4657.98
2026.03.20 12:30,4657.96,4669.66,4649.23,4659.59
2026.03.20 12:45,4659.57,4660.08,4638.1,4645.23
2026.03.20 13:00,4645.21,4666.29,4636.86,4662.52
2026.03.20 13:15,4662.44,4668.4,4658.53,4665.1
2026.03.20 13:30,4665.14,4674.01,4661.44,4669.27
2026.03.20 13:45,4669.48,4672.04,4657.49,4671.46
2026.03.20 14:00,4671.51,4695.35,4671.51,4685.3
2026.03.20 14:15,4685.31,4691.88,4677.7,4678.12
2026.03.20 14:30,4678.13,4681.99,4661.78,4670.08
2026.03.20 14:45,4670.01,4681.56,4665.8,4678.14
2026.03.20 15:00,4678.16,4679.35,4653.59,4661.89
2026.03.20 15:15,4661.95,4670.25,4655.64,4659.97
2026.03.20 15:30,4660.18,4665.7,4636.43,4662.49
2026.03.20 15:45,4662.51,4665.14,4612.64,4616.25
2026.03.20 16:00,4616.23,4622.29,4585.9,4587.15
2026.03.20 16:15,4587.13,4588.27,4551.25,4558.19
2026.03.20 16:30,4557.54,4585.2,4557.37,4575.79
2026.03.20 16:45,4575.77,4582.36,4547.87,4563.91
2026.03.20 17:00,4563.81,4579.97,4559.93,4575.77
2026.03.20 17:15,4576.49,4576.67,4540.43,4562.77
2026.03.20 17:30,4562.84,4575.46,4556.64,4562.54
2026.03.20 17:45,4562.51,4562.61,4544.17,4553.19
2026.03.20 18:00,4553.23,4588.33,4551.82,4588.02
2026.03.20 18:15,4587.97,4613.57,4583.47,4584.64
2026.03.20 18:30,4584.63,4592.47,4570.56,4581.11
2026.03.20 18:45,4581.13,4588.29,4568.2,4583.18
2026.03.20 19:00,4583.05,4600.48,4573.0,4581.92
2026.03.20 19:15,4581.84,4582.79,4568.51,4571.85
2026.03.20 19:30,4572.27,4574.29,4554.18,4565.8
2026.03.20 19:45,4565.78,4576.96,4562.44,4573.27
2026.03.20 20:00,4573.34,4578.26,4561.04,4562.86
2026.03.20 20:15,4562.88,4568.0,4536.53,4554.27
2026.03.20 20:30,4554.24,4556.91,4524.43,4525.98
2026.03.20 20:45,4526.25,4529.28,4477.13,4499.6
2026.03.20 21:00,4499.64,4516.13,4485.58,4500.39
2026.03.20 21:15,4500.36,4507.64,4485.32,4498.33
2026.03.20 21:30,4498.49,4516.5,4491.93,4514.16
2026.03.20 21:45,4514.1,4515.67,4496.85,4501.42
2026.03.20 22:00,4501.37,4507.06,4493.3,4504.72
2026.03.20 22:15,4504.68,4514.34,4500.56,4500.92
2026.03.20 22:30,4501.22,4504.15,4496.39,4502.56
2026.03.20 22:45,4502.56,4503.83,4493.59,4497.39
2026.03.23 00:00,4448.11,4515.12,4447.65,4506.41
2026.03.23 00:15,4506.41,4535.46,4502.51,4523.51
2026.03.23 00:30,4523.51,4526.6,4504.91,4506.71
2026.03.23 00:45,4506.69,4515.15,4489.98,4497.96
2026.03.23 01:00,4497.97,4510.41,4485.34,4490.38
2026.03.23 01:15,4490.37,4499.54,4482.41,4485.08
2026.03.23 01:30,4485.06,4490.81,4472.38,4488.39
2026.03.23 01:45,4488.67,4493.41,4452.3,4464.58
2026.03.23 02:00,4464.56,4472.98,4425.25,4436.5
2026.03.23 02:15,4436.56,4445.04,4404.26,4427.01
2026.03.23 02:30,4427.23,4436.49,4330.12,4362.09
2026.03.23 02:45,4362.69,4371.11,4319.51,4353.99
2026.03.23 03:00,4353.88,4422.54,4330.38,4407.88
2026.03.23 03:15,4408.17,4443.56,4406.98,4421.75
2026.03.23 03:30,4421.96,4453.97,4416.38,4435.36
2026.03.23 03:45,4435.41,4436.57,4381.09,4387.42
2026.03.23 04:00,4388.01,4421.86,4383.06,4395.6
2026.03.23 04:15,4395.64,4416.7,4393.99,4399.06
2026.03.23 04:30,4399.03,4400.67,4369.5,4384.67
2026.03.23 04:45,4384.53,4384.53,4354.7,4360.35
2026.03.23 05:00,4360.39,4377.72,4347.83,4349.37
2026.03.23 05:15,4349.41,4365.36,4346.9,4351.01
2026.03.23 05:30,4350.83,4364.53,4334.76,4341.92
2026.03.23 05:45,4341.86,4360.13,4337.04,4352.67
2026.03.23 06:00,4352.69,4370.27,4352.69,4363.51
2026.03.23 06:15,4363.54,4370.26,4361.27,4368.42
2026.03.23 06:30,4368.18,4381.56,4360.04,4375.22
2026.03.23 06:45,4375.27,4376.38,4349.94,4367.26
2026.03.23 07:00,4367.28,4379.92,4365.84,4372.54
2026.03.23 07:15,4372.6,4374.0,4351.64,4356.09
2026.03.23 07:30,4356.02,4356.02,4320.08,4322.0
2026.03.23 07:45,4321.99,4326.38,4302.34,4310.07
2026.03.23 08:00,4309.91,4310.08,4270.03,4294.61
2026.03.23 08:15,4294.64,4309.96,4238.84,4243.43
2026.03.23 08:30,4243.4,4249.74,4182.61,4182.97
2026.03.23 08:45,4182.92,4230.09,4162.98,4220.11
2026.03.23 09:00,4219.8,4221.78,4126.31,4130.0
2026.03.23 09:15,4130.27,4159.26,4098.6,4135.62
2026.03.23 09:30,4135.55,4215.81,4129.56,4214.72
2026.03.23 09:45,4214.74,4232.35,4186.2,4204.02
2026.03.23 10:00,4203.47,4255.52,4202.79,4252.98
2026.03.23 10:15,4252.97,4255.93,4210.81,4226.74
2026.03.23 10:30,4226.69,4270.4,4222.25,4257.28
2026.03.23 10:45,4257.32,4269.47,4219.48,4251.03
2026.03.23 11:00,4251.09,4268.96,4246.63,4268.71
2026.03.23 11:15,4268.65,4303.75,4267.34,4303.74
2026.03.23 11:30,4303.73,4308.11,4224.95,4225.56
2026.03.23 11:45,4225.36,4256.9,4223.54,4253.44
2026.03.23 12:00,4253.78,4272.3,4243.55,4263.6
2026.03.23 12:15,4263.64,4274.6,4256.1,4268.61
2026.03.23 12:30,4268.61,4269.21,4240.85,4256.82
2026.03.23 12:45,4256.88,4281.67,4249.66,4268.8
2026.03.23 13:00,4268.96,4462.43,4268.96,4456.78
2026.03.23 13:15,4456.8,4460.06,4355.04,4399.36
2026.03.23 13:30,4399.43,4431.97,4383.38,4412.16
2026.03.23 13:45,4412.2,4416.91,4361.33,4378.85
2026.03.23 14:00,4378.53,4380.33,4336.81,4352.76
2026.03.23 14:15,4352.59,4404.88,4352.28,4389.96
2026.03.23 14:30,4389.7,4441.78,4374.44,4441.31
2026.03.23 14:45,4441.34,4492.26,4433.15,4478.38
2026.03.23 15:00,4478.47,4485.01,4431.48,4446.16
2026.03.23 15:15,4446.35,4452.29,4404.67,4409.28
2026.03.23 15:30,4409.51,4450.25,4401.5,4422.06
2026.03.23 15:45,4422.0,4466.54,4419.68,4453.94
2026.03.23 16:00,4453.88,4479.2,4453.32,4464.12
2026.03.23 16:15,4464.09,4512.73,4460.87,4486.2
2026.03.23 16:30,4486.22,4504.22,4469.86,4479.48
2026.03.23 16:45,4479.46,4485.79,4456.7,4461.57
2026.03.23 17:00,4461.62,4486.76,4454.53,4464.81
2026.03.23 17:15,4464.82,4468.14,4427.51,4447.22
2026.03.23 17:30,4447.04,4455.83,4405.64,4407.64
2026.03.23 17:45,4407.69,4413.76,4351.04,4363.61
2026.03.23 18:00,4363.42,4389.91,4352.67,4383.7
2026.03.23 18:15,4383.52,4389.27,4352.43,4354.77
2026.03.23 18:30,4354.98,4387.68,4353.51,4385.86
2026.03.23 18:45,4385.7,4391.47,4371.3,4375.28
2026.03.23 19:00,4375.26,4405.42,4370.76,4397.05
2026.03.23 19:15,4397.12,4413.58,4388.4,4405.1
2026.03.23 19:30,4405.15,4438.78,4404.0,4420.24
2026.03.23 19:45,4419.95,4429.6,4404.46,4426.07
2026.03.23 20:00,4426.04,4428.91,4402.07,4421.13
2026.03.23 20:15,4421.12,4430.62,4409.43,4425.75
2026.03.23 20:30,4425.71,4461.89,4425.4,4461.64
2026.03.23 20:45,4461.52,4466.81,4446.29,4448.85
2026.03.23 21:00,4448.72,4450.39,4402.84,4406.61
2026.03.23 21:15,4406.62,4414.82,4392.77,4410.43
2026.03.23 21:30,4410.27,4416.3,4402.14,4416.3
2026.03.23 21:45,4416.41,4427.36,4397.06,4397.49
2026.03.23 22:00,4399.12,4408.27,4382.74,4403.6
2026.03.23 22:15,4403.61,4412.97,4403.61,4407.04
2026.03.23 22:30,4407.03,4411.18,4395.98,4410.83
2026.03.23 22:45,4410.9,4412.8,4405.01,4406.65
2026.03.24 00:00,4413.78,4420.45,4361.35,4397.99
2026.03.24 00:15,4397.89,4415.13,4389.24,4414.24
2026.03.24 00:30,4414.17,4416.51,4398.34,4408.8
2026.03.24 00:45,4408.73,4431.17,4406.5,4426.72
2026.03.24 01:00,4426.66,4437.36,4423.41,4435.6
2026.03.24 01:15,4435.58,4448.15,4433.5,4441.75
2026.03.24 01:30,4441.76,4444.24,4421.7,4430.54
2026.03.24 01:45,4430.55,4446.03,4422.07,4440.96
2026.03.24 02:00,4440.89,4446.48,4420.09,4421.99
2026.03.24 02:15,4422.02,4423.3,4368.69,4377.95
2026.03.24 02:30,4378.08,4387.28,4331.18,4344.45
2026.03.24 02:45,4344.48,4386.42,4343.09,4364.62
2026.03.24 03:00,4364.4,4373.86,4328.39,4330.82
2026.03.24 03:15,4330.88,4368.76,4330.83,4354.75
2026.03.24 03:30,4354.73,4368.23,4321.35,4321.42
2026.03.24 03:45,4321.36,4331.74,4308.04,4321.94
2026.03.24 04:00,4321.95,4336.71,4305.8,4312.11
2026.03.24 04:15,4312.1,4353.51,4309.45,4351.71
2026.03.24 04:30,4352.0,4373.24,4344.31,4366.57
2026.03.24 04:45,4366.56,4379.09,4352.14,4366.01
2026.03.24 05:00,4366.04,4367.92,4350.06,4358.27
2026.03.24 05:15,4358.3,4368.15,4355.52,4364.45
2026.03.24 05:30,4364.37,4364.8,4338.45,4341.49
2026.03.24 05:45,4341.45,4349.46,4334.89,4347.01
2026.03.24 06:00,4346.96,4357.03,4346.29,4349.81
2026.03.24 06:15,4349.82,4350.24,4326.5,4339.47
2026.03.24 06:30,4339.49,4347.95,4335.84,4340.82
2026.03.24 06:45,4340.83,4349.3,4331.92,4333.25
2026.03.24 07:00,4333.21,4345.35,4319.62,4335.08
2026.03.24 07:15,4335.07,4346.63,4333.79,4335.04
2026.03.24 07:30,4334.68,4373.97,4320.76,4358.15
2026.03.24 07:45,4358.11,4368.77,4343.44,4347.18
2026.03.24 08:00,4347.09,4375.42,4342.71,4366.37
2026.03.24 08:15,4366.35,4396.76,4358.64,4386.92
2026.03.24 08:30,4386.7,4397.13,4374.41,4377.36
2026.03.24 08:45,4377.31,4404.88,4373.06,4401.88
2026.03.24 09:00,4401.74,4425.25,4399.6,4424.46
2026.03.24 09:15,4424.47,4424.93,4405.89,4412.38
2026.03.24 09:30,4412.39,4412.39,4399.78,4408.44
2026.03.24 09:45,4408.14,4432.41,4401.64,4417.12
2026.03.24 10:00,4417.0,4420.73,4402.06,4414.37
2026.03.24 10:15,4414.29,4417.38,4391.06,4396.32
2026.03.24 10:30,4396.31,4405.57,4391.5,4400.29
2026.03.24 10:45,4400.28,4414.2,4398.32,4411.83
2026.03.24 11:00,4412.04,4419.05,4397.28,4398.88
2026.03.24 11:15,4398.94,4414.87,4395.91,4407.05
2026.03.24 11:30,4407.06,4421.01,4404.96,4415.77
2026.03.24 11:45,4415.84,4430.6,4411.99,4426.16
2026.03.24 12:00,4426.2,4430.95,4415.05,4425.89
2026.03.24 12:15,4425.9,4432.65,4421.28,4422.09
2026.03.24 12:30,4422.04,4427.86,4414.52,4427.31
2026.03.24 12:45,4427.52,4441.53,4418.74,4438.58
2026.03.24 13:00,4438.54,4441.89,4374.95,4419.31
2026.03.24 13:15,4419.16,4420.47,4403.22,4412.91
2026.03.24 13:30,4412.75,4431.39,4411.23,4421.7
2026.03.24 13:45,4421.85,4427.46,4390.54,4407.78
2026.03.24 14:00,4407.79,4422.32,4404.68,4420.27
2026.03.24 14:15,4420.26,4427.24,4395.66,4402.15
2026.03.24 14:30,4402.34,4406.38,4362.18,4369.51
2026.03.24 14:45,4369.54,4390.45,4368.91,4378.96
2026.03.24 15:00,4378.97,4389.74,4363.98,4378.09
2026.03.24 15:15,4378.1,4384.12,4356.49,4356.49
2026.03.24 15:30,4356.03,4370.55,4351.26,4356.55
2026.03.24 15:45,4356.59,4383.31,4351.34,4381.32
2026.03.24 16:00,4381.3,4404.37,4380.53,4395.0
2026.03.24 16:15,4394.94,4414.63,4388.73,4408.78
2026.03.24 16:30,4408.86,4420.47,4400.34,4412.18
2026.03.24 16:45,4412.22,4433.52,4401.14,4415.69
2026.03.24 17:00,4415.84,4420.49,4396.16,4411.27
2026.03.24 17:15,4411.03,4420.23,4402.93,4412.7
2026.03.24 17:30,4412.68,4428.69,4409.83,4424.43
2026.03.24 17:45,4424.33,4430.88,4409.1,4411.45
2026.03.24 18:00,4411.49,4414.26,4402.38,4414.16
2026.03.24 18:15,4414.22,4425.4,4411.48,4420.92
2026.03.24 18:30,4420.91,4424.32,4408.54,4424.32
2026.03.24 18:45,4424.15,4427.34,4418.23,4421.03
2026.03.24 19:00,4420.96,4426.1,4388.13,4397.38
2026.03.24 19:15,4397.35,4405.66,4393.95,4399.76
2026.03.24 19:30,4398.88,4398.88,4374.8,4377.99
2026.03.24 19:45,4378.04,4394.32,4372.11,4388.34
2026.03.24 20:00,4388.41,4393.79,4383.86,4389.57
2026.03.24 20:15,4389.47,4409.77,4387.26,4407.21
2026.03.24 20:30,4407.27,4423.3,4394.57,4399.89
2026.03.24 20:45,4399.84,4401.59,4384.17,4389.33
2026.03.24 21:00,4389.05,4405.74,4388.35,4404.29
2026.03.24 21:15,4404.26,4411.12,4399.84,4407.15
2026.03.24 21:30,4407.09,4407.37,4395.09,4401.07
2026.03.24 21:45,4401.21,4404.22,4396.51,4400.15
2026.03.24 22:00,4399.69,4404.1,4397.16,4400.59
2026.03.24 22:15,4400.63,4484.09,4398.91,4455.48
2026.03.24 22:30,4455.41,4472.79,4447.11,4459.53
2026.03.24 22:45,4459.9,4481.66,4456.22,4474.3
2026.03.25 00:00,4471.88,4485.59,4468.12,4483.26
2026.03.25 00:15,4483.21,4484.9,4467.97,4470.1
2026.03.25 00:30,4470.09,4471.1,4455.77,4468.57
2026.03.25 00:45,4468.58,4484.4,4466.85,4484.31
2026.03.25 01:00,4484.26,4484.8,4472.36,4484.55
2026.03.25 01:15,4484.3,4509.8,4483.09,4509.78
2026.03.25 01:30,4509.68,4546.15,4504.33,4539.6
2026.03.25 01:45,4539.37,4551.27,4532.01,4546.43
2026.03.25 02:00,4546.32,4554.54,4537.42,4550.18
2026.03.25 02:15,4550.07,4556.65,4538.69,4553.47
2026.03.25 02:30,4553.67,4569.84,4546.44,4567.53
2026.03.25 02:45,4567.61,4571.8,4561.8,4563.06
2026.03.25 03:00,4563.1,4578.51,4552.23,4570.38
2026.03.25 03:15,4570.34,4578.42,4567.96,4575.34
2026.03.25 03:30,4575.36,4591.03,4574.18,4584.85
2026.03.25 03:45,4584.82,4600.92,4583.42,4594.82
2026.03.25 04:00,4594.87,4596.18,4579.78,4585.37
2026.03.25 04:15,4585.27,4592.54,4584.54,4587.08
2026.03.25 04:30,4587.0,4597.01,4581.09,4593.24
2026.03.25 04:45,4593.36,4602.2,4581.67,4583.66
2026.03.25 05:00,4583.59,4586.16,4573.09,4576.49
2026.03.25 05:15,4576.58,4579.4,4571.85,4575.3
2026.03.25 05:30,4575.37,4577.77,4569.67,4569.82
2026.03.25 05:45,4569.9,4573.94,4567.51,4569.92
2026.03.25 06:00,4569.93,4574.38,4565.52,4573.77
2026.03.25 06:15,4573.81,4574.47,4570.98,4574.11
2026.03.25 06:30,4574.01,4574.34,4566.07,4569.5
2026.03.25 06:45,4569.47,4573.76,4568.02,4572.41
2026.03.25 07:00,4572.74,4573.12,4566.65,4571.4
2026.03.25 07:15,4571.46,4571.61,4553.69,4554.58
2026.03.25 07:30,4554.4,4566.68,4549.37,4566.5
2026.03.25 07:45,4566.38,4566.65,4553.59,4555.55
2026.03.25 08:00,4555.51,4556.75,4532.98,4534.36
2026.03.25 08:15,4534.19,4552.42,4534.19,4550.37
2026.03.25 08:30,4550.48,4556.4,4543.89,4546.44
2026.03.25 08:45,4546.45,4550.59,4543.04,4545.08
2026.03.25 09:00,4545.07,4558.97,4544.49,4556.38
2026.03.25 09:15,4556.47,4562.98,4555.82,4560.9
2026.03.25 09:30,4560.97,4560.97,4542.7,4546.82
2026.03.25 09:45,4546.75,4549.82,4536.94,4539.25
2026.03.25 10:00,4539.23,4558.81,4535.74,4558.14
2026.03.25 10:15,4558.31,4567.64,4556.96,4565.42
2026.03.25 10:30,4565.25,4567.21,4553.19,4565.05
2026.03.25 10:45,4565.18,4566.93,4554.95,4555.97
2026.03.25 11:00,4555.95,4567.36,4554.15,4562.01
2026.03.25 11:15,4562.04,4565.92,4554.65,4558.31
2026.03.25 11:30,4558.12,4560.15,4549.29,4550.47
2026.03.25 11:45,4550.51,4555.29,4527.67,4551.65
2026.03.25 12:00,4551.64,4560.59,4551.08,4554.9
2026.03.25 12:15,4554.61,4557.94,4551.35,4555.13
2026.03.25 12:30,4555.17,4558.63,4551.0,4552.1
2026.03.25 12:45,4552.08,4562.26,4551.67,4558.69
2026.03.25 13:00,4558.63,4568.66,4555.91,4567.5
2026.03.25 13:15,4567.54,4582.75,4564.25,4579.66
2026.03.25 13:30,4579.68,4585.81,4579.68,4583.43
2026.03.25 13:45,4583.61,4583.73,4572.33,4578.86
2026.03.25 14:00,4578.78,4583.45,4572.76,4577.57
2026.03.25 14:15,4577.68,4578.91,4539.96,4544.9
2026.03.25 14:30,4544.83,4554.38,4521.61,4547.25
2026.03.25 14:45,4547.06,4552.23,4535.95,4543.84
2026.03.25 15:00,4543.96,4571.01,4540.99,4559.11
2026.03.25 15:15,4559.22,4570.25,4551.29,4569.04
2026.03.25 15:30,4569.13,4576.4,4556.54,4561.24
2026.03.25 15:45,4561.02,4563.7,4540.71,4544.64
2026.03.25 16:00,4544.74,4555.04,4532.81,4553.35
2026.03.25 16:15,4553.37,4562.52,4545.99,4562.52
2026.03.25 16:30,4562.67,4568.86,4557.25,4565.29
2026.03.25 16:45,4565.64,4579.05,4563.83,4567.01
2026.03.25 17:00,4567.06,4568.88,4549.59,4549.8
2026.03.25 17:15,4549.77,4561.61,4524.88,4560.53
2026.03.25 17:30,4560.48,4564.77,4555.28,4557.04
2026.03.25 17:45,4557.07,4565.7,4553.45,4558.86
2026.03.25 18:00,4558.81,4564.62,4552.49,4553.56
2026.03.25 18:15,4553.6,4560.29,4545.07,4555.34
2026.03.25 18:30,4554.76,4560.74,4551.08,4555.77
2026.03.25 18:45,4555.75,4558.97,4549.71,4555.14
2026.03.25 19:00,4555.06,4557.63,4543.26,4550.92
2026.03.25 19:15,4551.1,4558.09,4542.63,4553.31
2026.03.25 19:30,4553.6,4563.81,4550.22,4560.29
2026.03.25 19:45,4560.32,4561.86,4545.57,4550.58
2026.03.25 20:00,4550.51,4568.72,4545.27,4551.1
2026.03.25 20:15,4550.99,4556.37,4546.06,4551.76
2026.03.25 20:30,4551.69,4557.62,4546.91,4549.06
2026.03.25 20:45,4548.98,4549.4,4530.7,4537.95
2026.03.25 21:00,4537.98,4539.34,4486.99,4508.93
2026.03.25 21:15,4508.95,4518.5,4502.7,4513.11
2026.03.25 21:30,4512.84,4527.1,4506.18,4522.28
2026.03.25 21:45,4522.24,4533.49,4513.47,4530.75
2026.03.25 22:00,4530.61,4541.92,4522.86,4529.15
2026.03.25 22:15,4529.12,4533.74,4522.23,4523.25
2026.03.25 22:30,4523.28,4524.69,4494.68,4504.24
2026.03.25 22:45,4504.26,4507.25,4501.34,4506.31
2026.03.26 00:00,4510.74,4532.28,4508.97,4512.39
2026.03.26 00:15,4512.4,4519.9,4505.51,4511.64
2026.03.26 00:30,4511.65,4534.5,4508.03,4532.01
2026.03.26 00:45,4532.0,4533.07,4512.39,4517.53
2026.03.26 01:00,4517.7,4518.36,4497.55,4508.65
2026.03.26 01:15,4508.63,4512.62,4497.12,4505.39
2026.03.26 01:30,4505.38,4510.97,4488.88,4494.72
2026.03.26 01:45,4494.74,4499.78,4491.26,4498.19
2026.03.26 02:00,4498.18,4527.69,4498.05,4527.52
2026.03.26 02:15,4527.55,4535.37,4524.13,4525.36
2026.03.26 02:30,4525.32,4532.35,4524.67,4527.67
2026.03.26 02:45,4527.76,4538.97,4527.22,4535.43
2026.03.26 03:00,4535.32,4543.86,4531.13,4538.18
2026.03.26 03:15,4538.24,4538.44,4526.68,4534.24
2026.03.26 03:30,4534.19,4537.62,4525.97,4530.06
2026.03.26 03:45,4530.1,4535.9,4522.25,4535.2
2026.03.26 04:00,4535.29,4535.58,4527.49,4531.08
2026.03.26 04:15,4531.09,4532.8,4524.78,4528.04
2026.03.26 04:30,4527.43,4530.42,4511.81,4519.48
2026.03.26 04:45,4519.29,4521.1,4505.66,4508.91
2026.03.26 05:00,4508.86,4511.56,4501.72,4511.25
2026.03.26 05:15,4511.2,4513.67,4499.77,4506.56
2026.03.26 05:30,4506.55,4518.79,4506.35,4515.61
2026.03.26 05:45,4515.6,4516.88,4510.36,4516.6
2026.03.26 06:00,4516.72,4518.93,4511.64,4518.28
2026.03.26 06:15,4518.29,4522.02,4515.94,4520.85
2026.03.26 06:30,4520.86,4522.46,4516.62,4518.0
2026.03.26 06:45,4517.97,4524.33,4517.9,4520.35
2026.03.26 07:00,4520.37,4522.2,4507.55,4508.44
2026.03.26 07:15,4508.45,4511.07,4489.19,4493.51
2026.03.26 07:30,4493.52,4495.66,4479.9,4483.07
2026.03.26 07:45,4483.0,4484.16,4438.5,4438.71
2026.03.26 08:00,4438.76,4450.63,4418.46,4420.78
2026.03.26 08:15,4421.16,4441.12,4415.69,4439.99
2026.03.26 08:30,4440.01,4447.77,4430.43,4447.4
2026.03.26 08:45,4447.49,4459.36,4444.03,4456.03
2026.03.26 09:00,4456.01,4460.53,4442.91,4447.6
2026.03.26 09:15,4447.7,4451.53,4438.87,4448.5
2026.03.26 09:30,4448.0,4463.6,4447.59,4460.2
2026.03.26 09:45,4460.24,4462.85,4450.35,4452.63
2026.03.26 10:00,4452.24,4459.11,4440.09,4445.02
2026.03.26 10:15,4445.01,4447.25,4425.11,4428.21
2026.03.26 10:30,4428.24,4438.15,4412.32,4419.48
2026.03.26 10:45,4419.53,4439.74,4418.27,4427.52
2026.03.26 11:00,4427.38,4434.56,4418.22,4430.53
2026.03.26 11:15,4430.51,4436.88,4425.04,4432.06
2026.03.26 11:30,4432.09,4432.09,4414.4,4423.99
2026.03.26 11:45,4423.96,4427.85,4416.95,4423.61
2026.03.26 12:00,4423.6,4428.83,4417.1,4424.82
2026.03.26 12:15,4424.8,4447.95,4424.48,4441.81
2026.03.26 12:30,4441.63,4444.18,4423.47,4428.59
2026.03.26 12:45,4428.51,4447.26,4425.31,4443.5
2026.03.26 13:00,4443.46,4448.41,4440.11,4441.73
2026.03.26 13:15,4441.77,4456.42,4439.38,4443.1
2026.03.26 13:30,4443.15,4451.68,4437.88,4440.58
2026.03.26 13:45,4440.62,4442.5,4418.92,4422.96
2026.03.26 14:00,4423.31,4445.5,4416.42,4441.76
2026.03.26 14:15,4441.78,4445.2,4433.59,4438.34
2026.03.26 14:30,4438.21,4444.73,4431.98,4435.78
2026.03.26 14:45,4436.37,4442.91,4428.22,4429.39
2026.03.26 15:00,4429.26,4445.31,4419.96,4438.38
2026.03.26 15:15,4438.47,4453.59,4434.24,4448.0
2026.03.26 15:30,4447.74,4453.53,4429.18,4453.53
2026.03.26 15:45,4453.78,4460.43,4436.72,4452.46
2026.03.26 16:00,4452.5,4456.18,4437.23,4446.45
2026.03.26 16:15,4446.13,4469.56,4443.94,4459.04
2026.03.26 16:30,4458.77,4479.18,4458.19,4459.87
2026.03.26 16:45,4459.92,4469.27,4445.64,4464.77
2026.03.26 17:00,4464.79,4468.84,4450.71,4455.33
2026.03.26 17:15,4455.41,4458.18,4448.77,4454.24
2026.03.26 17:30,4454.32,4454.32,4436.45,4439.89
2026.03.26 17:45,4439.78,4446.55,4434.01,4438.18
2026.03.26 18:00,4438.08,4442.62,4425.94,4439.87
2026.03.26 18:15,4439.58,4439.77,4387.05,4396.49
2026.03.26 18:30,4396.42,4396.42,4366.67,4381.12
2026.03.26 18:45,4381.13,4392.28,4378.44,4389.07
2026.03.26 19:00,4389.01,4402.6,4384.97,4394.63
2026.03.26 19:15,4394.65,4397.47,4377.2,4382.95
2026.03.26 19:30,4383.66,4392.72,4377.49,4385.57
2026.03.26 19:45,4385.51,4390.83,4379.34,4381.43
2026.03.26 20:00,4381.35,4390.44,4380.01,4388.13
2026.03.26 20:15,4388.12,4388.17,4367.55,4374.05
2026.03.26 20:30,4374.17,4395.57,4373.27,4393.16
2026.03.26 20:45,4393.11,4397.66,4390.59,4394.35
2026.03.26 21:00,4394.3,4399.16,4382.02,4387.83
2026.03.26 21:15,4387.78,4392.17,4378.27,4380.49
2026.03.26 21:30,4381.0,4388.1,4374.97,4378.69
2026.03.26 21:45,4378.75,4379.9,4358.92,4363.68
2026.03.26 22:00,4363.96,4413.29,4350.91,4396.82
2026.03.26 22:15,4396.85,4416.01,4380.0,4404.36
2026.03.26 22:30,4404.47,4420.55,4397.58,4405.71
2026.03.26 22:45,4406.43,4409.5,4372.61,4377.98
2026.03.27 00:00,4378.21,4404.27,4376.61,4401.22
2026.03.27 00:15,4400.85,4407.49,4394.87,4398.37
2026.03.27 00:30,4398.32,4415.37,4395.27,4407.17
2026.03.27 00:45,4406.95,4413.0,4399.95,4411.17
2026.03.27 01:00,4411.02,4414.22,4390.02,4393.07
2026.03.27 01:15,4392.62,4401.15,4391.23,4399.2
2026.03.27 01:30,4398.93,4408.15,4395.97,4400.11
2026.03.27 01:45,4400.12,4405.87,4396.32,4405.13
2026.03.27 02:00,4405.17,4411.09,4403.16,4403.93
2026.03.27 02:15,4403.92,4404.67,4382.53,4391.06
2026.03.27 02:30,4391.03,4396.31,4387.05,4390.73
2026.03.27 02:45,4390.74,4390.97,4375.15,4378.27
2026.03.27 03:00,4378.4,4399.43,4377.07,4393.7
2026.03.27 03:15,4393.75,4406.53,4391.2,4406.44
2026.03.27 03:30,4406.43,4420.04,4403.4,4419.31
2026.03.27 03:45,4419.35,4420.47,4411.93,4417.03
2026.03.27 04:00,4417.08,4439.62,4416.77,4434.91
2026.03.27 04:15,4434.96,4436.16,4425.9,4430.58
2026.03.27 04:30,4430.62,4434.11,4424.61,4429.26
2026.03.27 04:45,4429.31,4440.43,4428.11,4432.04
2026.03.27 05:00,4432.07,4435.59,4421.19,4429.49
2026.03.27 05:15,4429.53,4436.77,4427.78,4435.01
2026.03.27 05:30,4434.94,4445.99,4430.48,4435.61
2026.03.27 05:45,4435.62,4438.41,4432.66,4437.45
2026.03.27 06:00,4437.48,4439.71,4432.34,4433.75
2026.03.27 06:15,4433.74,4437.08,4431.54,4433.97
2026.03.27 06:30,4434.43,4442.0,4433.7,4441.23
2026.03.27 06:45,4441.25,4449.41,4440.24,4445.94
2026.03.27 07:00,4445.95,4447.38,4441.87,4443.58
2026.03.27 07:15,4443.59,4446.82,4440.36,4443.24
2026.03.27 07:30,4443.25,4475.23,4442.73,4465.71
2026.03.27 07:45,4465.68,4468.61,4453.32,4454.28
2026.03.27 08:00,4454.22,4472.76,4451.52,4471.22
2026.03.27 08:15,4470.59,4471.16,4456.87,4463.51
2026.03.27 08:30,4463.4,4468.46,4460.45,4464.73
2026.03.27 08:45,4464.69,4465.36,4454.57,4459.15
2026.03.27 09:00,4459.09,4462.94,4447.83,4455.02
2026.03.27 09:15,4455.04,4457.14,4450.33,4452.29
2026.03.27 09:30,4452.27,4455.69,4446.54,4448.41
2026.03.27 09:45,4448.26,4453.09,4442.95,4447.56
2026.03.27 10:00,4447.57,4450.9,4442.8,4446.91
2026.03.27 10:15,4446.86,4447.06,4430.38,4433.72
2026.03.27 10:30,4433.75,4439.93,4428.86,4434.74
2026.03.27 10:45,4434.78,4438.47,4423.65,4424.06
2026.03.27 11:00,4424.0,4431.03,4420.67,4429.55
2026.03.27 11:15,4429.49,4436.06,4428.57,4434.41
2026.03.27 11:30,4434.42,4438.07,4429.8,4432.44
2026.03.27 11:45,4432.43,4432.78,4426.91,4428.79
2026.03.27 12:00,4428.78,4432.86,4423.97,4425.55
2026.03.27 12:15,4425.57,4431.28,4423.53,4428.92
2026.03.27 12:30,4428.73,4429.93,4412.39,4415.81
2026.03.27 12:45,4415.57,4418.8,4410.93,4414.69
2026.03.27 13:00,4414.77,4417.18,4404.23,4412.85
2026.03.27 13:15,4412.89,4417.01,4407.73,4415.03
2026.03.27 13:30,4415.09,4421.32,4413.58,4421.32
2026.03.27 13:45,4421.35,4425.93,4415.56,4419.88
2026.03.27 14:00,4419.86,4426.61,4412.4,4424.64
2026.03.27 14:15,4424.73,4434.18,4416.79,4429.28
2026.03.27 14:30,4429.51,4437.09,4424.46,4433.55
2026.03.27 14:45,4433.62,4445.02,4433.62,4437.79
2026.03.27 15:00,4437.91,4443.63,4423.84,4428.71
2026.03.27 15:15,4428.66,4441.51,4418.4,4422.24
2026.03.27 15:30,4421.94,4430.87,4413.51,4428.64
2026.03.27 15:45,4428.75,4441.43,4421.08,4431.32
2026.03.27 16:00,4430.95,4463.34,4430.33,4459.93
2026.03.27 16:15,4459.74,4469.77,4452.14,4455.17
2026.03.27 16:30,4454.52,4463.92,4451.79,4463.71
2026.03.27 16:45,4463.69,4514.46,4463.6,4509.59
2026.03.27 17:00,4509.64,4533.85,4501.71,4525.22
2026.03.27 17:15,4525.19,4555.22,4520.79,4543.33
2026.03.27 17:30,4543.48,4552.5,4526.03,4531.63
2026.03.27 17:45,4531.67,4536.1,4520.39,4523.9
2026.03.27 18:00,4524.13,4532.75,4517.84,4528.1
2026.03.27 18:15,4528.11,4533.56,4524.54,4528.27
2026.03.27 18:30,4528.22,4528.59,4505.4,4511.06
2026.03.27 18:45,4510.96,4521.22,4507.14,4516.05
2026.03.27 19:00,4516.11,4522.01,4506.05,4510.85
2026.03.27 19:15,4510.84,4511.51,4486.76,4493.95
2026.03.27 19:30,4492.2,4499.93,4486.22,4490.22
2026.03.27 19:45,4490.27,4499.49,4486.31,4486.31
2026.03.27 20:00,4486.5,4498.73,4486.39,4498.42
2026.03.27 20:15,4498.39,4511.23,4498.35,4509.15
2026.03.27 20:30,4509.24,4528.52,4508.48,4525.57
2026.03.27 20:45,4525.53,4525.77,4513.54,4516.77
2026.03.27 21:00,4516.7,4519.17,4507.12,4511.08
2026.03.27 21:15,4510.95,4523.94,4509.96,4522.82
2026.03.27 21:30,4522.93,4526.14,4500.67,4509.77
2026.03.27 21:45,4509.76,4522.32,4503.13,4514.33
2026.03.27 22:00,4514.25,4520.11,4506.58,4509.83
2026.03.27 22:15,4510.08,4510.48,4504.12,4506.46
2026.03.27 22:30,4506.38,4512.18,4497.95,4505.03
2026.03.27 22:45,4504.78,4504.93,4490.39,4495.1
2026.03.30 01:00,4492.98,4513.76,4467.89,4495.83
2026.03.30 01:15,4496.03,4511.38,4489.72,4507.89
2026.03.30 01:30,4508.09,4512.72,4490.55,4493.32
2026.03.30 01:45,4493.17,4496.97,4480.96,4484.8
2026.03.30 02:00,4484.8,4492.64,4464.9,4478.29
2026.03.30 02:15,4478.3,4484.35,4471.47,4472.11
2026.03.30 02:30,4472.06,4472.06,4445.33,4452.14
2026.03.30 02:45,4452.15,4455.66,4443.74,4448.58
2026.03.30 03:00,4448.87,4451.28,4419.53,4425.86
2026.03.30 03:15,4425.75,4466.61,4422.76,4449.01
2026.03.30 03:30,4449.05,4458.93,4435.22,4438.18
2026.03.30 03:45,4438.15,4442.44,4430.26,4432.09
2026.03.30 04:00,4432.05,4461.56,4431.6,4459.87
2026.03.30 04:15,4459.83,4466.24,4445.37,4448.27
2026.03.30 04:30,4448.28,4475.54,4445.0,4471.06
2026.03.30 04:45,4471.21,4474.88,4461.21,4469.36
2026.03.30 05:00,4469.19,4474.28,4465.09,4472.3
2026.03.30 05:15,4472.29,4474.01,4466.18,4472.65
2026.03.30 05:30,4472.66,4499.17,4458.7,4494.61
2026.03.30 05:45,4494.59,4496.05,4478.55,4481.0
2026.03.30 06:00,4480.95,4508.61,4478.57,4504.4
2026.03.30 06:15,4504.37,4517.23,4503.55,4506.93
2026.03.30 06:30,4506.92,4507.53,4499.44,4503.29
2026.03.30 06:45,4503.26,4507.19,4494.3,4495.86
2026.03.30 07:00,4495.87,4498.52,4486.73,4487.42
2026.03.30 07:15,4487.4,4495.24,4487.09,4490.4
2026.03.30 07:30,4490.39,4491.0,4486.13,4488.15
2026.03.30 07:45,4488.16,4498.54,4486.79,4496.57
2026.03.30 08:00,4496.6,4507.8,4496.6,4504.63
2026.03.30 08:15,4504.62,4515.67,4503.98,4505.17
2026.03.30 08:30,4505.15,4515.0,4503.6,4510.36
2026.03.30 08:45,4510.46,4528.29,4509.98,4522.31
2026.03.30 09:00,4522.39,4534.26,4516.74,4530.25
2026.03.30 09:15,4530.24,4535.24,4526.54,4528.29
2026.03.30 09:30,4528.44,4541.82,4525.98,4540.19
2026.03.30 09:45,4540.17,4550.5,4531.27,4532.29
2026.03.30 10:00,4532.23,4534.44,4523.63,4534.1
2026.03.30 10:15,4534.12,4534.44,4520.49,4522.59
2026.03.30 10:30,4522.55,4525.92,4515.78,4521.15
2026.03.30 10:45,4521.19,4527.91,4518.97,4527.22
2026.03.30 11:00,4527.21,4536.91,4524.81,4533.78
2026.03.30 11:15,4533.8,4535.84,4525.76,4528.69
2026.03.30 11:30,4528.65,4538.07,4528.42,4532.77
2026.03.30 11:45,4532.76,4540.41,4532.43,4538.1
2026.03.30 12:00,4538.16,4540.8,4528.15,4529.54
2026.03.30 12:15,4529.52,4536.43,4523.49,4527.47
2026.03.30 12:30,4527.46,4538.03,4523.47,4537.04
2026.03.30 12:45,4537.23,4538.31,4528.63,4532.24
2026.03.30 13:00,4533.07,4536.36,4529.14,4532.79
2026.03.30 13:15,4532.81,4539.93,4527.57,4531.19
2026.03.30 13:30,4531.18,4533.97,4528.1,4533.3
2026.03.30 13:45,4533.32,4535.41,4528.47,4532.14
2026.03.30 14:00,4532.13,4540.5,4525.23,4538.27
2026.03.30 14:15,4538.22,4548.01,4534.9,4543.27
2026.03.30 14:30,4543.52,4566.03,4538.4,4566.03
2026.03.30 14:45,4565.92,4580.53,4555.91,4559.4
2026.03.30 15:00,4559.35,4561.16,4545.07,4556.31
2026.03.30 15:15,4556.35,4568.09,4556.19,4565.89
2026.03.30 15:30,4565.86,4577.77,4564.24,4573.77
2026.03.30 15:45,4573.94,4574.02,4563.65,4569.29
2026.03.30 16:00,4569.31,4578.62,4561.3,4565.72
2026.03.30 16:15,4565.5,4571.18,4558.88,4567.32
2026.03.30 16:30,4567.19,4573.57,4542.87,4543.97
2026.03.30 16:45,4544.0,4547.92,4516.52,4523.04
2026.03.30 17:00,4522.94,4535.59,4517.79,4533.47
2026.03.30 17:15,4533.44,4534.48,4512.35,4518.88
2026.03.30 17:30,4518.72,4533.49,4517.13,4522.59
2026.03.30 17:45,4522.43,4541.23,4521.16,4538.63
2026.03.30 18:00,4538.64,4543.25,4531.98,4532.54
2026.03.30 18:15,4532.63,4533.72,4524.53,4531.36
2026.03.30 18:30,4531.4,4553.7,4527.39,4551.78
2026.03.30 18:45,4551.78,4556.63,4545.02,4548.14
2026.03.30 19:00,4548.21,4549.6,4537.79,4544.24
2026.03.30 19:15,4544.21,4548.66,4536.45,4536.58
2026.03.30 19:30,4536.5,4548.23,4532.19,4548.11
2026.03.30 19:45,4548.12,4548.68,4536.37,4539.61
2026.03.30 20:00,4539.48,4542.09,4519.27,4522.36
2026.03.30 20:15,4522.33,4530.31,4520.05,4527.48
2026.03.30 20:30,4525.66,4526.87,4514.67,4524.13
2026.03.30 20:45,4524.11,4528.76,4511.16,4514.81
2026.03.30 21:00,4514.9,4523.06,4512.95,4518.63
2026.03.30 21:15,4518.65,4521.23,4511.48,4513.61
2026.03.30 21:30,4513.62,4519.37,4512.28,4515.23
2026.03.30 21:45,4515.24,4518.61,4498.09,4498.75
2026.03.30 22:00,4498.48,4504.89,4493.31,4497.65
2026.03.30 22:15,4497.64,4504.16,4492.84,4501.58
2026.03.30 22:30,4501.57,4512.86,4497.94,4504.7
2026.03.30 22:45,4504.71,4518.23,4503.72,4513.34
2026.03.30 23:00,4513.41,4516.35,4505.29,4508.07
2026.03.30 23:15,4508.14,4509.88,4501.83,4505.9
2026.03.30 23:30,4505.89,4506.82,4500.81,4503.44
2026.03.30 23:45,4503.42,4510.93,4502.41,4510.86
2026.03.31 01:00,4513.91,4523.7,4507.44,4508.41
2026.03.31 01:15,4508.5,4514.69,4502.06,4514.39
2026.03.31 01:30,4514.4,4518.67,4508.26,4508.66
2026.03.31 01:45,4508.65,4515.04,4508.32,4510.54
2026.03.31 02:00,4510.45,4510.45,4492.42,4498.71
2026.03.31 02:15,4498.68,4510.41,4497.79,4505.06
2026.03.31 02:30,4505.09,4519.37,4503.69,4518.22
2026.03.31 02:45,4518.23,4521.0,4507.53,4513.54
2026.03.31 03:00,4513.59,4528.14,4510.39,4515.92
2026.03.31 03:15,4516.11,4518.15,4482.57,4512.18
2026.03.31 03:30,4512.15,4537.1,4506.43,4536.02
2026.03.31 03:45,4536.27,4548.11,4535.26,4547.62
2026.03.31 04:00,4547.22,4550.77,4531.78,4543.72
2026.03.31 04:15,4543.93,4585.51,4543.32,4581.34
2026.03.31 04:30,4581.49,4618.63,4577.63,4617.43
2026.03.31 04:45,4617.42,4619.29,4595.94,4604.82
2026.03.31 05:00,4604.8,4607.09,4588.48,4589.7
2026.03.31 05:15,4589.71,4592.59,4578.71,4582.45
2026.03.31 05:30,4582.43,4588.18,4578.7,4586.85
2026.03.31 05:45,4586.83,4587.79,4565.62,4567.84
2026.03.31 06:00,4567.78,4576.79,4565.87,4569.75
2026.03.31 06:15,4569.9,4571.02,4555.72,4561.49
2026.03.31 06:30,4561.53,4565.65,4550.44,4552.03
2026.03.31 06:45,4551.56,4557.34,4550.14,4556.84
2026.03.31 07:00,4556.87,4565.84,4556.85,4557.41
2026.03.31 07:15,4557.5,4569.2,4556.9,4561.22
2026.03.31 07:30,4561.17,4565.0,4559.96,4563.89
2026.03.31 07:45,4563.9,4568.83,4560.87,4564.53
2026.03.31 08:00,4564.27,4570.49,4547.57,4550.18
2026.03.31 08:15,4550.2,4567.76,4549.94,4561.29
2026.03.31 08:30,4561.1,4579.64,4558.51,4576.72
2026.03.31 08:45,4576.65,4581.51,4566.96,4568.55
2026.03.31 09:00,4568.67,4568.78,4556.16,4559.4
2026.03.31 09:15,4559.45,4564.49,4553.22,4560.62
2026.03.31 09:30,4560.63,4565.66,4555.93,4558.7
2026.03.31 09:45,4558.75,4561.5,4554.14,4557.08
2026.03.31 10:00,4557.33,4563.85,4550.14,4552.26
2026.03.31 10:15,4552.27,4556.54,4543.56,4552.13
2026.03.31 10:30,4552.09,4561.1,4551.89,4559.47
2026.03.31 10:45,4559.52,4565.53,4556.69,4564.34
2026.03.31 11:00,4564.35,4573.18,4560.26,4565.79
2026.03.31 11:15,4565.78,4572.37,4564.49,4572.18
2026.03.31 11:30,4572.15,4575.02,4567.48,4571.24
2026.03.31 11:45,4571.43,4574.04,4566.86,4568.37
2026.03.31 12:00,4568.39,4572.26,4562.94,4567.43
2026.03.31 12:15,4567.42,4570.39,4561.07,4561.92
2026.03.31 12:30,4561.93,4562.18,4550.01,4555.52
2026.03.31 12:45,4555.53,4562.27,4551.29,4555.46
2026.03.31 13:00,4555.34,4561.66,4555.05,4556.8
2026.03.31 13:15,4556.81,4560.91,4555.4,4560.27
2026.03.31 13:30,4560.28,4560.57,4529.31,4540.95
2026.03.31 13:45,4540.96,4553.0,4540.03,4546.77
2026.03.31 14:00,4546.76,4563.34,4540.84,4551.24
2026.03.31 14:15,4551.21,4583.19,4549.42,4575.04
2026.03.31 14:30,4574.99,4592.98,4568.61,4591.84
2026.03.31 14:45,4591.83,4592.91,4576.49,4582.11
2026.03.31 15:00,4582.14,4597.43,4574.12,4575.49
2026.03.31 15:15,4575.38,4582.73,4571.12,4579.11
2026.03.31 15:30,4579.2,4589.79,4577.29,4578.99
2026.03.31 15:45,4578.94,4581.32,4569.02,4574.62
2026.03.31 16:00,4574.64,4583.36,4567.61,4581.16
2026.03.31 16:15,4581.25,4587.74,4573.06,4573.08
2026.03.31 16:30,4572.7,4589.27,4568.26,4587.91
2026.03.31 16:45,4588.31,4609.59,4585.02,4607.12
2026.03.31 17:00,4606.97,4625.12,4603.54,4614.83
2026.03.31 17:15,4615.13,4619.31,4602.78,4618.87
2026.03.31 17:30,4618.92,4630.15,4604.05,4607.88
2026.03.31 17:45,4608.0,4611.03,4594.84,4598.95
2026.03.31 18:00,4599.02,4623.91,4598.99,4622.76
2026.03.31 18:15,4622.74,4625.35,4607.75,4610.08
2026.03.31 18:30,4610.1,4621.2,4607.0,4620.68
2026.03.31 18:45,4620.72,4623.58,4607.94,4609.36
2026.03.31 19:00,4609.33,4619.83,4606.9,4611.87
2026.03.31 19:15,4611.81,4618.68,4609.19,4617.61
2026.03.31 19:30,4617.61,4651.52,4614.93,4641.33
2026.03.31 19:45,4641.47,4650.06,4630.79,4638.05
2026.03.31 20:00,4638.04,4655.65,4636.23,4642.74
2026.03.31 20:15,4642.82,4657.93,4640.53,4648.65
2026.03.31 20:30,4648.68,4663.54,4645.38,4660.26
2026.03.31 20:45,4660.18,4667.17,4653.22,4654.44
2026.03.31 21:00,4654.35,4668.78,4653.47,4665.73
2026.03.31 21:15,4665.7,4668.71,4659.73,4664.28
2026.03.31 21:30,4664.61,4670.93,4659.88,4667.36
2026.03.31 21:45,4667.45,4670.52,4663.46,4667.3
2026.03.31 22:00,4667.55,4676.05,4661.59,4671.02
2026.03.31 22:15,4671.31,4680.94,4668.65,4672.63
2026.03.31 22:30,4673.3,4683.37,4672.11,4680.67
2026.03.31 22:45,4680.67,4685.58,4679.38,4682.46
2026.03.31 23:00,4682.58,4686.93,4676.24,4679.19
2026.03.31 23:15,4679.17,4681.91,4668.85,4669.34
2026.03.31 23:30,4669.35,4675.33,4666.78,4668.02
2026.03.31 23:45,4668.04,4670.15,4664.52,4667.1
2026.04.01 01:00,4671.3,4681.91,4662.76,4669.06
2026.04.01 01:15,4669.1,4686.54,4663.12,4674.31
2026.04.01 01:30,4674.32,4696.25,4670.78,4684.35
2026.04.01 01:45,4684.44,4686.77,4661.52,4680.88
2026.04.01 02:00,4681.26,4682.44,4672.71,4676.08
2026.04.01 02:15,4676.12,4684.24,4671.77,4682.2
2026.04.01 02:30,4682.21,4694.86,4681.61,4690.81
2026.04.01 02:45,4690.83,4699.82,4688.33,4696.14
2026.04.01 03:00,4696.08,4704.81,4693.24,4703.16
2026.04.01 03:15,4703.15,4721.77,4702.45,4721.67
2026.04.01 03:30,4721.65,4722.36,4699.9,4706.46
2026.04.01 03:45,4706.41,4718.93,4704.26,4710.69
2026.04.01 04:00,4710.69,4724.07,4689.42,4707.89
2026.04.01 04:15,4707.76,4708.2,4692.29,4708.12
2026.04.01 04:30,4708.1,4708.12,4681.25,4687.78
2026.04.01 04:45,4687.77,4696.92,4686.05,4692.55
2026.04.01 05:00,4692.54,4700.35,4686.79,4693.76
2026.04.01 05:15,4693.75,4697.45,4683.35,4687.12
2026.04.01 05:30,4686.94,4690.15,4677.99,4681.6
2026.04.01 05:45,4681.59,4689.51,4678.35,4684.26
2026.04.01 06:00,4684.31,4692.5,4682.52,4689.32
2026.04.01 06:15,4689.29,4694.01,4684.29,4687.12
2026.04.01 06:30,4687.14,4688.56,4682.91,4686.78
2026.04.01 06:45,4686.75,4688.47,4679.37,4681.8
2026.04.01 07:00,4681.81,4681.9,4672.87,4673.71
2026.04.01 07:15,4673.8,4673.85,4666.93,4672.28
2026.04.01 07:30,4672.47,4676.91,4668.83,4676.77
2026.04.01 07:45,4676.91,4681.6,4672.82,4676.21
2026.04.01 08:00,4676.22,4684.59,4674.7,4682.66
2026.04.01 08:15,4682.73,4689.97,4680.39,4686.03
2026.04.01 08:30,4686.18,4703.39,4686.18,4701.96
2026.04.01 08:45,4701.99,4703.29,4683.69,4684.11
2026.04.01 09:00,4684.26,4697.36,4682.49,4697.36
2026.04.01 09:15,4697.34,4711.27,4692.58,4709.07
2026.04.01 09:30,4709.05,4712.55,4702.06,4708.4
2026.04.01 09:45,4708.53,4732.99,4708.4,4730.5
2026.04.01 10:00,4730.79,4732.62,4714.1,4715.16
2026.04.01 10:15,4715.16,4725.48,4712.86,4722.75
2026.04.01 10:30,4722.77,4747.63,4721.9,4730.6
2026.04.01 10:45,4730.63,4732.69,4709.45,4712.76
2026.04.01 11:00,4712.79,4726.18,4710.22,4719.13
2026.04.01 11:15,4719.14,4735.58,4716.98,4730.44
2026.04.01 11:30,4730.46,4740.2,4726.15,4731.77
2026.04.01 11:45,4731.83,4732.44,4726.34,4728.46
2026.04.01 12:00,4728.48,4729.98,4717.73,4718.09
2026.04.01 12:15,4718.08,4723.77,4713.8,4719.27
2026.04.01 12:30,4719.2,4722.62,4712.98,4718.99
2026.04.01 12:45,4719.0,4727.54,4718.97,4722.99
2026.04.01 13:00,4723.0,4724.24,4715.2,4715.48
2026.04.01 13:15,4715.47,4729.08,4715.09,4728.22
2026.04.01 13:30,4728.16,4736.14,4725.95,4734.72
2026.04.01 13:45,4734.74,4738.63,4727.92,4731.19
2026.04.01 14:00,4731.36,4740.41,4728.12,4736.68
2026.04.01 14:15,4736.95,4746.19,4736.36,4744.95
2026.04.01 14:30,4744.96,4762.85,4744.69,4760.37
2026.04.01 14:45,4760.52,4761.29,4752.24,4752.24
2026.04.01 15:00,4752.32,4753.57,4739.25,4743.57
2026.04.01 15:15,4743.45,4745.43,4724.34,4734.6
2026.04.01 15:30,4734.96,4753.6,4732.35,4747.79
2026.04.01 15:45,4747.65,4753.62,4724.28,4724.51
2026.04.01 16:00,4724.6,4733.46,4716.12,4731.52
2026.04.01 16:15,4731.5,4742.09,4730.61,4736.06
2026.04.01 16:30,4735.95,4749.51,4730.67,4743.14
2026.04.01 16:45,4742.57,4748.51,4733.83,4738.3
2026.04.01 17:00,4738.01,4746.79,4723.94,4744.35
2026.04.01 17:15,4744.45,4754.77,4730.23,4741.81
2026.04.01 17:30,4741.75,4756.46,4734.78,4753.9
2026.04.01 17:45,4754.02,4768.64,4752.49,4760.63
2026.04.01 18:00,4760.66,4774.87,4758.27,4764.52
2026.04.01 18:15,4764.62,4776.27,4762.15,4772.76
2026.04.01 18:30,4772.88,4786.58,4769.7,4785.37
2026.04.01 18:45,4785.39,4788.0,4782.31,4786.43
2026.04.01 19:00,4786.46,4790.55,4774.18,4774.8
2026.04.01 19:15,4774.84,4783.29,4774.49,4776.36
2026.04.01 19:30,4776.37,4784.79,4775.11,4784.16
2026.04.01 19:45,4784.13,4788.4,4781.67,4787.09
2026.04.01 20:00,4786.9,4792.83,4786.33,4788.37
2026.04.01 20:15,4788.41,4789.48,4782.26,4784.95
2026.04.01 20:30,4784.98,4786.03,4775.54,4781.72
2026.04.01 20:45,4781.74,4783.09,4773.58,4774.22
2026.04.01 21:00,4774.17,4775.1,4759.19,4770.92
2026.04.01 21:15,4770.91,4771.49,4753.2,4753.79
2026.04.01 21:30,4753.97,4766.07,4741.88,4756.66
2026.04.01 21:45,4756.73,4758.29,4751.48,4752.98
2026.04.01 22:00,4753.04,4765.12,4751.02,4759.64
2026.04.01 22:15,4759.76,4769.09,4758.45,4765.55
2026.04.01 22:30,4765.54,4778.08,4762.88,4769.25
2026.04.01 22:45,4769.3,4771.96,4758.1,4765.89
2026.04.01 23:00,4765.91,4769.64,4762.49,4768.69
2026.04.01 23:15,4768.72,4771.07,4760.86,4762.03
2026.04.01 23:30,4762.02,4763.62,4754.24,4759.81
2026.04.01 23:45,4759.82,4763.41,4756.42,4758.03
2026.04.02 01:00,4758.02,4761.96,4752.68,4758.92
2026.04.02 01:15,4758.91,4774.91,4757.29,4772.65
2026.04.02 01:30,4772.55,4781.16,4770.86,4776.09
2026.04.02 01:45,4776.1,4782.68,4774.94,4776.32
2026.04.02 02:00,4776.39,4791.42,4773.42,4791.1
2026.04.02 02:15,4791.11,4798.84,4788.38,4794.83
2026.04.02 02:30,4794.86,4800.13,4788.28,4789.58
2026.04.02 02:45,4789.57,4789.71,4778.12,4783.93
2026.04.02 03:00,4783.9,4793.33,4774.96,4792.4
2026.04.02 03:15,4792.42,4798.59,4788.47,4789.65
2026.04.02 03:30,4789.62,4796.08,4784.44,4787.25
2026.04.02 03:45,4787.34,4791.77,4783.36,4784.43
2026.04.02 04:00,4784.44,4786.38,4724.29,4750.94
2026.04.02 04:15,4750.87,4752.72,4686.6,4696.71
2026.04.02 04:30,4695.85,4708.03,4650.94,4689.61
2026.04.02 04:45,4689.65,4711.66,4684.81,4696.43
2026.04.02 05:00,4695.73,4704.03,4678.42,4688.64
2026.04.02 05:15,4688.65,4702.8,4688.01,4689.62
2026.04.02 05:30,4689.59,4690.86,4655.04,4675.75
2026.04.02 05:45,4675.81,4689.08,4672.76,4686.49
2026.04.02 06:00,4686.47,4691.27,4677.36,4689.69
2026.04.02 06:15,4689.68,4699.17,4687.79,4691.21
2026.04.02 06:30,4691.22,4692.4,4683.14,4685.49
2026.04.02 06:45,4685.53,4687.37,4675.46,4675.94
2026.04.02 07:00,4675.96,4681.22,4664.38,4668.11
2026.04.02 07:15,4668.18,4672.22,4662.12,4666.09
2026.04.02 07:30,4666.07,4669.59,4658.18,4661.75
2026.04.02 07:45,4661.74,4672.99,4657.07,4672.44
2026.04.02 08:00,4672.45,4675.01,4666.28,4670.06
2026.04.02 08:15,4670.23,4680.44,4669.23,4677.15
2026.04.02 08:30,4677.17,4679.15,4628.98,4634.11
2026.04.02 08:45,4634.24,4635.24,4585.76,4593.94
2026.04.02 09:00,4593.96,4596.51,4553.59,4580.39
2026.04.02 09:15,4580.4,4598.51,4574.06,4590.98
2026.04.02 09:30,4590.97,4598.29,4581.38,4588.17
2026.04.02 09:45,4588.14,4608.46,4583.87,4599.09
2026.04.02 10:00,4598.56,4622.05,4597.06,4620.94
2026.04.02 10:15,4620.84,4627.38,4617.56,4620.57
2026.04.02 10:30,4620.7,4641.36,4619.22,4637.11
2026.04.02 10:45,4637.1,4650.92,4635.92,4642.63
2026.04.02 11:00,4642.54,4648.74,4628.8,4640.87
2026.04.02 11:15,4640.82,4644.74,4631.28,4634.17
2026.04.02 11:30,4634.14,4643.61,4630.4,4630.41
2026.04.02 11:45,4630.47,4634.31,4617.07,4620.66
2026.04.02 12:00,4620.64,4625.14,4613.04,4623.6
2026.04.02 12:15,4623.56,4631.67,4617.14,4620.87
2026.04.02 12:30,4620.65,4625.31,4615.38,4621.37
2026.04.02 12:45,4621.38,4628.27,4617.7,4621.62
2026.04.02 13:00,4621.72,4634.89,4618.26,4624.93
2026.04.02 13:15,4624.91,4626.71,4603.99,4618.45
2026.04.02 13:30,4618.46,4631.23,4613.43,4624.36
2026.04.02 13:45,4624.4,4629.48,4619.58,4620.38
2026.04.02 14:00,4620.38,4629.67,4616.54,4627.31
2026.04.02 14:15,4627.38,4630.44,4613.96,4614.62
2026.04.02 14:30,4614.57,4617.46,4592.56,4599.93
2026.04.02 14:45,4599.83,4611.85,4596.3,4599.94
2026.04.02 15:00,4600.2,4612.62,4594.34,4612.37
2026.04.02 15:15,4612.38,4630.08,4609.39,4626.18
2026.04.02 15:30,4626.11,4626.78,4615.6,4618.02
2026.04.02 15:45,4618.03,4626.27,4600.32,4601.73
2026.04.02 16:00,4601.79,4614.05,4581.07,4587.27
2026.04.02 16:15,4587.13,4600.12,4580.69,4597.48
2026.04.02 16:30,4597.36,4607.63,4586.03,4601.85
2026.04.02 16:45,4601.88,4651.25,4600.44,4645.97
2026.04.02 17:00,4646.22,4659.53,4631.55,4647.63
2026.04.02 17:15,4647.65,4675.77,4645.56,4665.04
2026.04.02 17:30,4664.84,4699.23,4658.85,4693.23
2026.04.02 17:45,4692.68,4693.35,4672.11,4681.34
2026.04.02 18:00,4681.64,4683.82,4667.36,4672.09
2026.04.02 18:15,4672.14,4681.76,4658.13,4672.43
2026.04.02 18:30,4672.69,4675.88,4662.08,4665.86
2026.04.02 18:45,4666.14,4666.66,4652.42,4660.94
2026.04.02 19:00,4660.95,4668.27,4647.8,4654.67
2026.04.02 19:15,4654.65,4656.78,4642.79,4650.59
2026.04.02 19:30,4650.58,4670.02,4650.32,4658.64
2026.04.02 19:45,4658.63,4670.38,4656.58,4658.88
2026.04.02 20:00,4658.93,4668.13,4656.09,4663.78
2026.04.02 20:15,4663.77,4665.56,4650.71,4651.76
2026.04.02 20:30,4651.87,4657.85,4645.9,4657.45
2026.04.02 20:45,4657.53,4658.46,4645.65,4648.44
2026.04.02 21:00,4648.73,4658.65,4647.3,4653.44
2026.04.02 21:15,4653.48,4656.48,4649.68,4651.4
2026.04.02 21:30,4651.44,4663.34,4651.44,4662.44
2026.04.02 21:45,4662.33,4671.86,4661.74,4668.4
2026.04.02 22:00,4668.4,4681.61,4668.4,4674.32
2026.04.02 22:15,4674.34,4677.97,4664.16,4665.03
2026.04.02 22:30,4664.88,4668.08,4661.27,4665.85
2026.04.02 22:45,4665.7,4676.29,4665.61,4671.95
2026.04.02 23:00,4672.19,4676.63,4671.61,4673.67
2026.04.02 23:15,4673.62,4674.2,4664.12,4667.69
2026.04.02 23:30,4667.62,4673.16,4667.6,4668.8
2026.04.02 23:45,4668.8,4677.73,4666.31,4675.94
2026.04.06 01:00,4648.57,4665.62,4612.84,4629.54
2026.04.06 01:15,4629.36,4641.79,4628.73,4635.8
2026.04.06 01:30,4635.8,4646.01,4632.07,4642.5
2026.04.06 01:45,4642.43,4654.06,4608.38,4645.5
2026.04.06 02:00,4645.52,4651.2,4626.78,4632.37
2026.04.06 02:15,4632.38,4633.98,4609.14,4609.63
2026.04.06 02:30,4609.71,4617.1,4605.07,4606.87
2026.04.06 02:45,4606.89,4619.08,4606.83,4610.3
2026.04.06 03:00,4610.32,4626.69,4606.81,4625.98
2026.04.06 03:15,4626.0,4629.25,4600.72,4603.28
2026.04.06 03:30,4603.3,4621.46,4602.92,4618.94
2026.04.06 03:45,4618.88,4625.99,4615.58,4622.2
2026.04.06 04:00,4622.42,4642.56,4622.35,4641.63
2026.04.06 04:15,4641.59,4643.06,4620.37,4641.04
2026.04.06 04:30,4641.03,4641.3,4623.38,4627.67
2026.04.06 04:45,4627.65,4628.96,4621.38,4625.74
2026.04.06 05:00,4625.86,4640.08,4623.52,4636.14
2026.04.06 05:15,4636.15,4671.78,4636.12,4661.01
2026.04.06 05:30,4661.0,4666.44,4644.17,4651.02
2026.04.06 05:45,4651.01,4656.07,4647.07,4647.85
2026.04.06 06:00,4647.81,4647.88,4628.68,4633.19
2026.04.06 06:15,4633.12,4636.2,4625.2,4630.18
2026.04.06 06:30,4630.2,4633.26,4625.45,4632.39
2026.04.06 06:45,4632.38,4642.01,4630.34,4640.38
2026.04.06 07:00,4640.39,4648.43,4639.78,4643.34
2026.04.06 07:15,4643.35,4646.54,4641.07,4646.52
2026.04.06 07:30,4646.5,4650.92,4642.76,4648.71
2026.04.06 07:45,4648.7,4659.72,4646.7,4658.85
2026.04.06 08:00,4658.86,4676.8,4657.84,4673.54
2026.04.06 08:15,4673.55,4678.72,4666.77,4667.19
2026.04.06 08:30,4667.23,4668.77,4661.28,4661.31
2026.04.06 08:45,4661.3,4667.24,4651.28,4652.45
2026.04.06 09:00,4652.52,4661.73,4643.6,4660.8
2026.04.06 09:15,4660.78,4662.11,4652.67,4657.21
2026.04.06 09:30,4657.13,4659.93,4651.65,4655.44
2026.04.06 09:45,4655.45,4667.7,4653.55,4665.84
2026.04.06 10:00,4665.85,4666.6,4647.79,4651.76
2026.04.06 10:15,4651.94,4655.5,4644.85,4650.65
2026.04.06 10:30,4650.58,4665.5,4650.05,4664.24
2026.04.06 10:45,4664.21,4688.16,4662.51,4684.68
2026.04.06 11:00,4684.28,4694.37,4680.88,4689.62
2026.04.06 11:15,4689.51,4695.61,4684.29,4691.11
2026.04.06 11:30,4690.89,4695.54,4689.89,4692.89
2026.04.06 11:45,4692.93,4698.0,4691.4,4695.63
2026.04.06 12:00,4695.83,4703.12,4695.83,4701.08
2026.04.06 12:15,4701.11,4703.62,4697.09,4702.17
2026.04.06 12:30,4702.15,4706.46,4700.72,4703.19
2026.04.06 12:45,4703.18,4704.91,4690.8,4693.42
2026.04.06 13:00,4693.8,4697.45,4685.94,4686.6
2026.04.06 13:15,4686.59,4692.92,4686.0,4689.64
2026.04.06 13:30,4689.59,4696.63,4687.52,4695.28
2026.04.06 13:45,4695.38,4695.63,4684.73,4689.62
2026.04.06 14:00,4689.96,4696.73,4688.62,4689.31
2026.04.06 14:15,4689.6,4692.17,4685.14,4688.31
2026.04.06 14:30,4688.54,4694.4,4685.27,4685.27
2026.04.06 14:45,4685.27,4685.68,4676.79,4677.7
2026.04.06 15:00,4677.71,4686.65,4671.27,4672.36
2026.04.06 15:15,4672.32,4673.88,4659.64,4665.9
2026.04.06 15:30,4665.97,4678.67,4665.5,4676.78
2026.04.06 15:45,4676.76,4681.01,4674.07,4675.71
2026.04.06 16:00,4675.71,4677.36,4662.08,4668.53
2026.04.06 16:15,4668.51,4673.26,4660.07,4668.52
2026.04.06 16:30,4668.59,4679.01,4661.24,4665.49
2026.04.06 16:45,4665.54,4681.6,4661.5,4680.2
2026.04.06 17:00,4679.98,4690.76,4660.17,4672.57
2026.04.06 17:15,4672.61,4688.21,4670.5,4685.95
2026.04.06 17:30,4686.01,4697.47,4678.24,4684.46
2026.04.06 17:45,4684.27,4688.54,4674.83,4682.63
2026.04.06 18:00,4682.61,4683.75,4661.23,4662.08
2026.04.06 18:15,4661.44,4669.94,4655.11,4667.12
2026.04.06 18:30,4667.09,4670.84,4651.94,4660.49
2026.04.06 18:45,4660.56,4669.09,4659.53,4668.04
2026.04.06 19:00,4668.08,4671.1,4662.21,4670.28
2026.04.06 19:15,4670.22,4672.47,4665.29,4665.43
2026.04.06 19:30,4665.49,4671.01,4662.68,4663.16
2026.04.06 19:45,4663.12,4666.48,4657.78,4660.22
2026.04.06 20:00,4660.24,4660.98,4645.74,4653.84
2026.04.06 20:15,4653.7,4660.23,4650.17,4655.98
2026.04.06 20:30,4656.12,4660.4,4652.31,4656.24
2026.04.06 20:45,4656.32,4657.27,4651.71,4653.57
2026.04.06 21:00,4653.56,4666.42,4650.84,4659.27
2026.04.06 21:15,4659.54,4664.12,4658.96,4659.98
2026.04.06 21:30,4660.05,4663.12,4648.83,4650.03
2026.04.06 21:45,4650.01,4658.86,4648.69,4658.1
2026.04.06 22:00,4658.08,4659.22,4649.89,4650.57
2026.04.06 22:15,4650.63,4651.25,4645.39,4650.01
2026.04.06 22:30,4649.98,4653.56,4648.33,4651.58
2026.04.06 22:45,4651.53,4657.97,4651.34,4655.23
2026.04.06 23:00,4655.23,4657.05,4652.0,4656.74
2026.04.06 23:15,4656.72,4657.87,4655.09,4655.69
2026.04.06 23:30,4655.72,4658.25,4651.0,4653.0
2026.04.06 23:45,4652.95,4654.25,4649.0,4650.31
2026.04.07 01:00,4651.18,4668.0,4649.47,4663.82
2026.04.07 01:15,4663.83,4666.35,4659.01,4662.06
2026.04.07 01:30,4662.07,4662.96,4658.92,4659.13
2026.04.07 01:45,4658.96,4662.03,4656.52,4658.23
2026.04.07 02:00,4658.27,4660.97,4656.84,4659.86
2026.04.07 02:15,4659.85,4660.56,4653.13,4654.4
2026.04.07 02:30,4654.32,4656.03,4651.31,4654.91
2026.04.07 02:45,4654.9,4660.02,4654.09,4658.67
2026.04.07 03:00,4658.64,4660.56,4648.88,4657.43
2026.04.07 03:15,4657.34,4660.83,4656.11,4658.92
2026.04.07 03:30,4658.85,4660.86,4657.26,4660.39
2026.04.07 03:45,4660.38,4661.01,4654.29,4654.76
2026.04.07 04:00,4654.74,4664.31,4627.3,4640.46
2026.04.07 04:15,4640.55,4657.54,4637.5,4654.85
2026.04.07 04:30,4655.01,4662.31,4628.61,4641.43
2026.04.07 04:45,4641.44,4647.11,4616.34,4626.76
2026.04.07 05:00,4626.86,4634.21,4619.67,4626.46
2026.04.07 05:15,4626.47,4635.17,4622.78,4634.55
2026.04.07 05:30,4634.51,4646.79,4633.72,4646.2
2026.04.07 05:45,4646.18,4653.88,4645.13,4650.31
2026.04.07 06:00,4650.45,4653.99,4641.39,4644.95
2026.04.07 06:15,4644.99,4647.58,4639.48,4642.48
2026.04.07 06:30,4642.44,4648.26,4641.86,4647.88
2026.04.07 06:45,4647.93,4651.01,4647.14,4649.54
2026.04.07 07:00,4649.52,4651.31,4645.47,4646.0
2026.04.07 07:15,4646.06,4651.21,4645.62,4650.05
2026.04.07 07:30,4650.15,4663.93,4649.59,4662.17
2026.04.07 07:45,4662.18,4663.96,4659.12,4659.52
2026.04.07 08:00,4660.27,4661.33,4654.16,4655.58
2026.04.07 08:15,4655.56,4657.98,4630.27,4632.17
2026.04.07 08:30,4632.13,4641.5,4622.96,4631.1
2026.04.07 08:45,4631.09,4646.31,4629.12,4642.72
2026.04.07 09:00,4642.72,4647.9,4637.84,4646.99
2026.04.07 09:15,4647.01,4649.06,4637.76,4640.86
2026.04.07 09:30,4640.82,4653.66,4640.82,4652.33
2026.04.07 09:45,4652.29,4656.33,4648.51,4653.31
2026.04.07 10:00,4653.24,4656.95,4648.97,4651.49
2026.04.07 10:15,4651.66,4653.85,4638.62,4639.37
2026.04.07 10:30,4639.42,4646.3,4636.43,4643.53
2026.04.07 10:45,4643.8,4647.01,4638.67,4645.92
2026.04.07 11:00,4645.92,4665.15,4644.07,4663.26
2026.04.07 11:15,4663.29,4690.68,4656.96,4678.4
2026.04.07 11:30,4678.43,4687.55,4677.06,4682.88
2026.04.07 11:45,4682.9,4687.28,4679.03,4682.67
2026.04.07 12:00,4682.66,4693.35,4680.77,4685.23
2026.04.07 12:15,4685.22,4694.4,4682.68,4686.59
2026.04.07 12:30,4686.57,4686.82,4665.51,4666.89
2026.04.07 12:45,4666.91,4675.75,4658.63,4670.78
2026.04.07 13:00,4670.77,4679.85,4662.6,4676.81
2026.04.07 13:15,4676.83,4680.55,4657.86,4668.02
2026.04.07 13:30,4667.93,4671.88,4654.94,4662.2
2026.04.07 13:45,4662.19,4662.41,4649.11,4651.92
2026.04.07 14:00,4651.93,4656.08,4628.67,4635.43
2026.04.07 14:15,4635.42,4651.89,4632.94,4647.71
2026.04.07 14:30,4647.64,4663.1,4646.97,4662.97
2026.04.07 14:45,4662.95,4663.97,4656.03,4659.6
2026.04.07 15:00,4659.62,4664.78,4651.32,4654.6
2026.04.07 15:15,4654.69,4670.87,4651.1,4665.95
2026.04.07 15:30,4665.83,4667.47,4656.01,4656.59
2026.04.07 15:45,4656.49,4662.29,4646.71,4651.48
2026.04.07 16:00,4651.52,4659.72,4648.12,4656.59
2026.04.07 16:15,4656.55,4662.83,4650.24,4657.84
2026.04.07 16:30,4657.83,4663.0,4635.39,4639.55
2026.04.07 16:45,4639.44,4653.86,4637.1,4643.97
2026.04.07 17:00,4644.0,4645.38,4607.31,4621.92
2026.04.07 17:15,4621.59,4649.39,4609.6,4645.32
2026.04.07 17:30,4645.19,4661.33,4642.4,4647.03
2026.04.07 17:45,4646.79,4656.74,4629.84,4632.95
2026.04.07 18:00,4632.95,4643.11,4624.69,4643.06
2026.04.07 18:15,4643.07,4653.18,4640.63,4652.88
2026.04.07 18:30,4652.9,4656.55,4640.43,4645.62
2026.04.07 18:45,4645.7,4659.41,4645.13,4655.5
2026.04.07 19:00,4655.56,4668.56,4652.5,4658.63
2026.04.07 19:15,4658.63,4667.6,4654.16,4662.65
2026.04.07 19:30,4662.62,4663.96,4655.86,4660.87
2026.04.07 19:45,4660.9,4662.76,4656.26,4656.93
2026.04.07 20:00,4656.91,4673.0,4656.32,4667.86
2026.04.07 20:15,4667.84,4667.84,4653.74,4660.06
2026.04.07 20:30,4660.32,4686.46,4660.32,4672.26
2026.04.07 20:45,4672.18,4680.06,4671.13,4675.69
2026.04.07 21:00,4675.68,4684.41,4675.57,4683.85
2026.04.07 21:15,4683.85,4685.92,4676.97,4680.41
2026.04.07 21:30,4680.44,4686.17,4677.33,4679.61
2026.04.07 21:45,4679.55,4680.0,4657.36,4661.97
2026.04.07 22:00,4662.0,4668.64,4660.59,4667.69
2026.04.07 22:15,4667.7,4702.47,4666.85,4687.37
2026.04.07 22:30,4687.36,4691.26,4681.65,4687.02
2026.04.07 22:45,4687.06,4718.44,4685.73,4700.59
2026.04.07 23:00,4700.76,4710.67,4697.06,4708.31
2026.04.07 23:15,4708.51,4712.98,4703.79,4710.27
2026.04.07 23:30,4711.07,4716.89,4703.09,4707.91
2026.04.07 23:45,4707.98,4713.64,4704.89,4705.48
2026.04.08 01:00,4719.9,4751.93,4719.9,4731.87
2026.04.08 01:15,4732.42,4736.05,4725.56,4735.33
2026.04.08 01:30,4735.36,4779.64,4712.92,4770.02
2026.04.08 01:45,4769.79,4819.51,4761.79,4818.06
2026.04.08 02:00,4818.17,4824.63,4801.37,4818.24
2026.04.08 02:15,4818.3,4828.8,4807.43,4814.47
2026.04.08 02:30,4814.48,4817.3,4803.89,4812.87
2026.04.08 02:45,4812.94,4836.03,4810.16,4833.29
2026.04.08 03:00,4833.3,4857.5,4830.34,4834.89
2026.04.08 03:15,4834.93,4838.73,4818.79,4822.46
2026.04.08 03:30,4822.49,4824.65,4811.82,4813.52
2026.04.08 03:45,4813.73,4826.11,4808.55,4817.69
2026.04.08 04:00,4817.68,4825.18,4806.03,4819.86
2026.04.08 04:15,4819.8,4821.83,4791.8,4793.78
2026.04.08 04:30,4793.59,4804.1,4787.88,4799.99
2026.04.08 04:45,4799.97,4814.09,4798.32,4810.14
2026.04.08 05:00,4809.71,4825.12,4809.71,4813.9
2026.04.08 05:15,4813.78,4813.78,4807.78,4811.57
2026.04.08 05:30,4811.7,4820.5,4806.07,4806.63
2026.04.08 05:45,4806.42,4809.11,4798.35,4803.77
2026.04.08 06:00,4803.78,4805.75,4797.5,4798.7
2026.04.08 06:15,4798.65,4805.16,4796.28,4802.83
2026.04.08 06:30,4802.77,4804.81,4794.83,4800.23
2026.04.08 06:45,4800.21,4804.23,4796.38,4797.34
2026.04.08 07:00,4797.29,4801.16,4793.35,4797.27
2026.04.08 07:15,4797.21,4803.89,4790.06,4802.22
2026.04.08 07:30,4802.22,4806.41,4800.52,4802.57
2026.04.08 07:45,4802.7,4803.8,4797.6,4803.42
2026.04.08 08:00,4803.4,4810.34,4800.13,4809.19
2026.04.08 08:15,4809.18,4816.22,4806.47,4815.62
2026.04.08 08:30,4815.55,4824.96,4813.67,4822.22
2026.04.08 08:45,4822.2,4843.65,4820.72,4827.33
2026.04.08 09:00,4827.37,4834.68,4821.12,4826.15
2026.04.08 09:15,4826.17,4836.51,4824.31,4836.19
2026.04.08 09:30,4836.21,4839.64,4829.02,4835.57
2026.04.08 09:45,4835.56,4839.39,4819.76,4819.86
2026.04.08 10:00,4819.85,4820.71,4809.4,4812.36
2026.04.08 10:15,4812.23,4821.17,4809.11,4818.18
2026.04.08 10:30,4818.21,4818.42,4805.07,4808.79
2026.04.08 10:45,4808.8,4820.27,4808.25,4813.25
2026.04.08 11:00,4813.26,4819.26,4808.02,4815.28
2026.04.08 11:15,4815.31,4819.74,4798.41,4808.38
2026.04.08 11:30,4808.37,4808.37,4790.14,4793.33
2026.04.08 11:45,4793.05,4803.29,4790.57,4793.68
2026.04.08 12:00,4793.64,4801.1,4793.16,4800.54
2026.04.08 12:15,4800.52,4806.7,4794.95,4798.39
2026.04.08 12:30,4798.36,4803.63,4776.59,4782.29
2026.04.08 12:45,4782.37,4788.43,4776.33,4783.06
2026.04.08 13:00,4783.03,4790.19,4781.58,4782.59
2026.04.08 13:15,4782.59,4783.23,4771.08,4782.53
2026.04.08 13:30,4782.54,4791.97,4780.09,4791.43
2026.04.08 13:45,4791.38,4796.01,4782.41,4782.46
2026.04.08 14:00,4782.49,4790.64,4779.66,4787.09
2026.04.08 14:15,4787.07,4796.82,4782.62,4789.64
2026.04.08 14:30,4789.66,4792.24,4777.85,4790.03
2026.04.08 14:45,4789.86,4802.59,4789.22,4798.38
2026.04.08 15:00,4798.57,4807.04,4797.62,4805.13
2026.04.08 15:15,4805.25,4805.25,4769.05,4783.94
2026.04.08 15:30,4784.01,4797.83,4783.29,4794.72
2026.04.08 15:45,4794.73,4802.38,4794.33,4799.49
2026.04.08 16:00,4799.5,4806.54,4790.69,4793.05
2026.04.08 16:15,4793.05,4799.12,4789.09,4790.3
2026.04.08 16:30,4790.21,4794.62,4773.53,4774.13
2026.04.08 16:45,4774.21,4788.62,4768.08,4777.55
2026.04.08 17:00,4777.18,4791.89,4776.38,4779.95
2026.04.08 17:15,4779.99,4785.16,4761.16,4767.71
2026.04.08 17:30,4767.7,4770.13,4750.86,4760.24
2026.04.08 17:45,4760.06,4764.94,4732.12,4736.0
2026.04.08 18:00,4736.01,4749.32,4734.22,4743.48
2026.04.08 18:15,4743.31,4757.4,4742.79,4750.6
2026.04.08 18:30,4750.61,4761.29,4750.14,4755.52
2026.04.08 18:45,4755.59,4762.95,4754.54,4756.31
2026.04.08 19:00,4756.32,4762.47,4753.83,4754.07
2026.04.08 19:15,4754.1,4755.0,4745.29,4749.86
2026.04.08 19:30,4749.91,4760.11,4747.77,4758.48
2026.04.08 19:45,4758.46,4765.44,4756.46,4760.37
2026.04.08 20:00,4760.31,4764.25,4756.25,4760.73
2026.04.08 20:15,4760.92,4762.5,4745.5,4750.86
2026.04.08 20:30,4750.83,4754.2,4736.05,4740.45
2026.04.08 20:45,4740.46,4741.54,4731.59,4733.8
2026.04.08 21:00,4733.81,4744.33,4726.91,4743.39
2026.04.08 21:15,4743.4,4744.31,4716.94,4722.15
2026.04.08 21:30,4723.04,4724.86,4708.05,4709.22
2026.04.08 21:45,4709.07,4716.74,4703.62,4704.98
2026.04.08 22:00,4704.82,4716.21,4699.53,4715.38
2026.04.08 22:15,4715.4,4718.42,4707.24,4708.44
2026.04.08 22:30,4708.2,4724.73,4707.95,4721.81
2026.04.08 22:45,4721.61,4731.7,4721.48,4730.46
2026.04.08 23:00,4730.45,4732.06,4726.27,4727.7
2026.04.08 23:15,4727.74,4729.86,4721.68,4723.07
2026.04.08 23:30,4723.09,4724.03,4720.91,4722.2
2026.04.08 23:45,4722.18,4724.43,4716.95,4719.13
2026.04.09 01:00,4719.67,4733.95,4709.54,4712.36
2026.04.09 01:15,4712.47,4717.54,4704.64,4713.68
2026.04.09 01:30,4713.69,4719.42,4705.81,4712.56
2026.04.09 01:45,4712.64,4719.86,4711.49,4717.56
2026.04.09 02:00,4717.44,4717.47,4705.31,4708.42
2026.04.09 02:15,4708.4,4715.9,4705.71,4709.75
2026.04.09 02:30,4709.88,4715.63,4706.94,4713.19
2026.04.09 02:45,4713.25,4719.81,4712.54,4715.59
2026.04.09 03:00,4715.55,4715.65,4698.58,4702.33
2026.04.09 03:15,4702.34,4712.12,4700.83,4706.3
2026.04.09 03:30,4706.28,4718.18,4705.56,4718.1
2026.04.09 03:45,4718.11,4718.97,4705.84,4706.65
2026.04.09 04:00,4706.36,4721.66,4699.42,4720.4
2026.04.09 04:15,4720.42,4723.36,4702.8,4704.79
2026.04.09 04:30,4704.78,4721.34,4703.84,4717.38
2026.04.09 04:45,4717.77,4728.02,4717.68,4727.08
2026.04.09 05:00,4727.09,4728.61,4720.94,4722.71
2026.04.09 05:15,4722.72,4727.68,4722.36,4725.22
2026.04.09 05:30,4725.24,4732.49,4725.11,4732.21
2026.04.09 05:45,4732.2,4732.82,4717.38,4718.94
2026.04.09 06:00,4718.87,4720.1,4711.35,4712.45
2026.04.09 06:15,4712.44,4713.08,4705.11,4712.38
2026.04.09 06:30,4712.39,4714.68,4711.65,4714.54
2026.04.09 06:45,4714.74,4714.74,4706.48,4711.34
2026.04.09 07:00,4711.43,4722.27,4709.53,4721.69
2026.04.09 07:15,4721.64,4723.23,4716.84,4716.84
2026.04.09 07:30,4716.84,4723.31,4714.35,4720.74
2026.04.09 07:45,4720.88,4725.32,4719.92,4720.77
2026.04.09 08:00,4720.83,4723.57,4710.68,4713.71
2026.04.09 08:15,4713.74,4726.4,4713.0,4726.15
2026.04.09 08:30,4726.21,4726.45,4716.07,4723.56
2026.04.09 08:45,4723.55,4724.06,4705.74,4713.04
2026.04.09 09:00,4713.16,4725.27,4711.28,4719.21
2026.04.09 09:15,4719.19,4721.83,4712.53,4718.19
2026.04.09 09:30,4718.27,4722.93,4711.59,4713.53
2026.04.09 09:45,4713.52,4715.05,4703.44,4712.49
2026.04.09 10:00,4712.47,4730.38,4708.46,4724.3
2026.04.09 10:15,4724.21,4724.41,4705.51,4708.36
2026.04.09 10:30,4708.37,4731.32,4708.37,4722.54
2026.04.09 10:45,4722.49,4724.69,4711.44,4724.29
2026.04.09 11:00,4724.23,4726.27,4719.8,4723.82
2026.04.09 11:15,4723.74,4727.6,4720.81,4721.23
2026.04.09 11:30,4721.16,4732.88,4720.04,4729.66
2026.04.09 11:45,4729.69,4732.98,4725.91,4726.11
2026.04.09 12:00,4726.06,4733.02,4722.8,4730.62
2026.04.09 12:15,4730.64,4733.13,4728.66,4729.62
2026.04.09 12:30,4729.27,4732.43,4726.6,4726.67
2026.04.09 12:45,4726.63,4730.38,4723.53,4729.12
2026.04.09 13:00,4729.11,4732.82,4725.61,4727.18
2026.04.09 13:15,4727.19,4739.66,4723.62,4738.04
2026.04.09 13:30,4738.05,4741.23,4736.34,4740.59
2026.04.09 13:45,4740.63,4746.55,4738.97,4740.9
2026.04.09 14:00,4740.77,4744.04,4738.32,4739.01
2026.04.09 14:15,4739.08,4747.16,4738.66,4745.64
2026.04.09 14:30,4745.6,4751.32,4742.94,4751.13
2026.04.09 14:45,4751.12,4757.41,4750.63,4756.38
2026.04.09 15:00,4756.32,4759.51,4741.71,4742.31
2026.04.09 15:15,4742.34,4744.08,4734.76,4737.91
2026.04.09 15:30,4737.63,4747.96,4735.13,4743.8
2026.04.09 15:45,4743.74,4747.33,4737.44,4745.85
2026.04.09 16:00,4745.88,4756.69,4738.57,4754.59
2026.04.09 16:15,4754.81,4758.46,4751.55,4752.61
2026.04.09 16:30,4752.97,4776.95,4750.45,4775.62
2026.04.09 16:45,4775.65,4776.55,4759.53,4764.27
2026.04.09 17:00,4764.32,4776.02,4761.67,4770.74
2026.04.09 17:15,4770.72,4773.06,4760.12,4765.47
2026.04.09 17:30,4765.05,4767.41,4747.05,4755.92
2026.04.09 17:45,4755.48,4768.85,4755.05,4768.4
2026.04.09 18:00,4768.57,4770.35,4761.09,4769.0
2026.04.09 18:15,4769.14,4786.16,4769.14,4778.77
2026.04.09 18:30,4778.84,4797.83,4778.11,4790.13
2026.04.09 18:45,4790.11,4794.07,4784.11,4792.63
2026.04.09 19:00,4792.72,4800.94,4787.67,4788.01
2026.04.09 19:15,4787.91,4797.59,4787.5,4792.64
2026.04.09 19:30,4792.68,4795.3,4785.86,4787.26
2026.04.09 19:45,4787.23,4791.09,4784.33,4788.69
2026.04.09 20:00,4788.74,4793.9,4786.67,4793.04
2026.04.09 20:15,4793.03,4798.15,4790.02,4792.67
2026.04.09 20:30,4792.68,4801.14,4787.49,4795.17
2026.04.09 20:45,4795.25,4800.81,4795.23,4797.62
2026.04.09 21:00,4797.77,4797.93,4780.57,4783.68
2026.04.09 21:15,4783.77,4788.18,4777.67,4781.95
2026.04.09 21:30,4781.96,4782.14,4768.4,4770.25
2026.04.09 21:45,4770.46,4774.32,4767.61,4771.97
2026.04.09 22:00,4771.95,4782.41,4768.86,4779.5
2026.04.09 22:15,4779.49,4780.49,4772.34,4773.46
2026.04.09 22:30,4773.49,4777.93,4769.34,4772.06
2026.04.09 22:45,4772.05,4773.84,4766.89,4768.54
2026.04.09 23:00,4768.66,4771.28,4766.87,4769.7
2026.04.09 23:15,4769.97,4773.21,4766.01,4769.88
2026.04.09 23:30,4769.93,4771.5,4760.82,4764.25
2026.04.09 23:45,4764.2,4768.72,4763.59,4765.48
2026.04.10 01:00,4766.5,4780.33,4765.44,4769.85
2026.04.10 01:15,4769.8,4770.9,4763.64,4764.34
2026.04.10 01:30,4764.49,4767.03,4759.11,4761.08
2026.04.10 01:45,4761.19,4764.37,4758.57,4763.93
2026.04.10 02:00,4763.95,4764.0,4757.11,4759.36
2026.04.10 02:15,4759.33,4761.42,4756.75,4758.18
2026.04.10 02:30,4758.18,4762.93,4758.06,4759.89
2026.04.10 02:45,4759.93,4764.14,4758.38,4763.55
2026.04.10 03:00,4763.78,4763.78,4750.62,4753.79
2026.04.10 03:15,4754.04,4758.26,4750.78,4753.5
2026.04.10 03:30,4753.49,4761.0,4753.49,4755.36
2026.04.10 03:45,4755.31,4762.77,4754.47,4762.62
2026.04.10 04:00,4762.64,4766.92,4757.8,4760.53
2026.04.10 04:15,4760.52,4765.17,4757.9,4762.24
2026.04.10 04:30,4762.34,4776.92,4760.0,4771.66
2026.04.10 04:45,4771.78,4773.18,4760.28,4764.37
2026.04.10 05:00,4764.41,4765.22,4748.32,4752.19
2026.04.10 05:15,4752.25,4753.89,4742.21,4744.44
2026.04.10 05:30,4744.53,4749.85,4737.89,4749.41
2026.04.10 05:45,4749.44,4753.41,4747.47,4752.86
2026.04.10 06:00,4752.82,4761.74,4752.69,4759.89
2026.04.10 06:15,4759.9,4761.98,4754.98,4755.83
2026.04.10 06:30,4755.84,4768.41,4755.67,4765.19
2026.04.10 06:45,4765.2,4769.47,4763.96,4766.34
2026.04.10 07:00,4766.33,4767.97,4764.57,4767.04
2026.04.10 07:15,4767.05,4770.67,4765.32,4765.45
2026.04.10 07:30,4765.47,4765.59,4761.63,4762.39
2026.04.10 07:45,4762.25,4765.31,4757.83,4758.46
2026.04.10 08:00,4758.5,4763.06,4757.25,4759.75
2026.04.10 08:15,4759.74,4763.75,4758.36,4759.66
2026.04.10 08:30,4759.68,4768.2,4759.22,4764.61
2026.04.10 08:45,4764.62,4769.04,4764.6,4765.74
2026.04.10 09:00,4765.67,4765.75,4755.49,4756.2
2026.04.10 09:15,4756.11,4757.41,4751.49,4755.3
2026.04.10 09:30,4755.4,4758.36,4749.44,4750.88
2026.04.10 09:45,4750.92,4754.17,4742.8,4746.14
2026.04.10 10:00,4745.84,4752.47,4741.21,4747.01
2026.04.10 10:15,4747.06,4755.91,4746.09,4753.51
2026.04.10 10:30,4753.61,4757.45,4751.46,4754.0
2026.04.10 10:45,4753.97,4754.92,4748.11,4749.46
2026.04.10 11:00,4749.56,4753.21,4746.94,4749.72
2026.04.10 11:15,4749.73,4749.93,4742.18,4746.6
2026.04.10 11:30,4746.27,4752.1,4740.87,4742.19
2026.04.10 11:45,4742.2,4743.67,4730.49,4740.57
2026.04.10 12:00,4740.62,4746.66,4740.52,4746.65
2026.04.10 12:15,4746.55,4760.6,4744.41,4748.71
2026.04.10 12:30,4748.53,4751.01,4746.22,4750.31
2026.04.10 12:45,4750.33,4752.97,4747.91,4751.39
2026.04.10 13:00,4751.39,4753.12,4742.28,4746.99
2026.04.10 13:15,4746.97,4760.52,4746.31,4758.1
2026.04.10 13:30,4758.11,4759.66,4753.78,4755.46
2026.04.10 13:45,4755.43,4759.6,4754.03,4756.99
2026.04.10 14:00,4757.02,4759.52,4753.18,4755.59
2026.04.10 14:15,4755.44,4762.41,4754.26,4761.52
2026.04.10 14:30,4761.53,4766.98,4758.43,4766.95
2026.04.10 14:45,4767.04,4768.67,4762.72,4767.95
2026.04.10 15:00,4768.01,4769.78,4763.45,4766.59
2026.04.10 15:15,4766.72,4771.16,4759.6,4761.96
2026.04.10 15:30,4762.44,4782.14,4761.63,4772.37
2026.04.10 15:45,4772.39,4774.0,4763.58,4771.62
2026.04.10 16:00,4771.65,4777.54,4767.87,4772.37
2026.04.10 16:15,4772.51,4779.97,4766.0,4775.53
2026.04.10 16:30,4775.69,4778.5,4765.22,4769.02
2026.04.10 16:45,4769.08,4777.69,4765.9,4774.95
2026.04.10 17:00,4774.99,4780.52,4767.31,4779.9
2026.04.10 17:15,4779.99,4792.76,4778.9,4790.53
2026.04.10 17:30,4790.39,4794.98,4774.14,4780.66
2026.04.10 17:45,4780.79,4783.14,4770.74,4774.6
2026.04.10 18:00,4774.79,4783.72,4769.39,4781.63
2026.04.10 18:15,4781.76,4787.16,4775.86,4775.95
2026.04.10 18:30,4775.92,4778.26,4755.19,4765.79
2026.04.10 18:45,4765.82,4769.81,4758.54,4762.15
2026.04.10 19:00,4761.95,4763.33,4747.47,4763.05
2026.04.10 19:15,4763.07,4765.02,4754.11,4758.36
2026.04.10 19:30,4758.34,4765.22,4756.31,4756.76
2026.04.10 19:45,4756.94,4765.95,4756.01,4763.67
2026.04.10 20:00,4763.75,4766.19,4758.04,4764.52
2026.04.10 20:15,4764.45,4768.5,4761.15,4762.69
2026.04.10 20:30,4762.62,4765.54,4758.14,4758.97
2026.04.10 20:45,4758.71,4764.95,4758.56,4760.26
2026.04.10 21:00,4760.27,4763.7,4750.82,4763.42
2026.04.10 21:15,4763.51,4769.33,4762.75,4765.75
2026.04.10 21:30,4766.01,4773.12,4765.98,4767.95
2026.04.10 21:45,4767.94,4768.1,4763.01,4765.14
2026.04.10 22:00,4765.17,4767.93,4764.3,4766.69
2026.04.10 22:15,4766.62,4770.4,4762.99,4763.42
2026.04.10 22:30,4763.43,4765.28,4760.66,4763.61
2026.04.10 22:45,4763.6,4764.36,4758.1,4759.6
2026.04.10 23:00,4759.73,4759.78,4751.35,4753.3
2026.04.10 23:15,4753.29,4753.4,4741.03,4745.39
2026.04.10 23:30,4745.4,4752.22,4744.78,4750.82
2026.04.10 23:45,4750.76,4751.82,4746.13,4749.21
2026.04.13 01:00,4690.26,4690.71,4644.68,4675.56
2026.04.13 01:15,4675.66,4682.19,4643.71,4646.73
2026.04.13 01:30,4646.9,4659.04,4645.18,4657.72
2026.04.13 01:45,4657.71,4660.29,4651.53,4658.92
2026.04.13 02:00,4658.9,4660.55,4651.64,4659.28
2026.04.13 02:15,4659.3,4659.72,4644.25,4653.21
2026.04.13 02:30,4653.24,4660.26,4650.0,4655.56
2026.04.13 02:45,4655.55,4671.71,4655.54,4671.15
2026.04.13 03:00,4671.23,4673.18,4664.5,4672.18
2026.04.13 03:15,4672.12,4675.85,4668.89,4672.8
2026.04.13 03:30,4672.81,4682.88,4670.82,4678.27
2026.04.13 03:45,4678.33,4698.31,4677.85,4695.46
2026.04.13 04:00,4694.66,4719.3,4693.62,4714.91
2026.04.13 04:15,4715.06,4721.33,4711.29,4717.26
2026.04.13 04:30,4717.24,4721.32,4710.62,4714.07
2026.04.13 04:45,4714.06,4727.94,4709.73,4721.1
2026.04.13 05:00,4721.09,4725.64,4718.91,4722.39
2026.04.13 05:15,4722.37,4724.51,4719.03,4719.79
2026.04.13 05:30,4719.82,4727.82,4715.11,4715.2
2026.04.13 05:45,4715.19,4721.41,4711.04,4720.35
2026.04.13 06:00,4720.34,4721.57,4712.13,4713.68
2026.04.13 06:15,4713.66,4721.01,4712.76,4718.81
2026.04.13 06:30,4718.8,4723.79,4717.24,4722.09
2026.04.13 06:45,4722.07,4722.28,4717.17,4718.04
2026.04.13 07:00,4718.03,4718.37,4708.51,4714.48
2026.04.13 07:15,4714.42,4715.65,4709.57,4712.54
2026.04.13 07:30,4712.6,4719.31,4708.82,4718.61
2026.04.13 07:45,4718.58,4724.81,4716.02,4722.98
2026.04.13 08:00,4723.04,4726.01,4718.36,4719.16
2026.04.13 08:15,4719.17,4721.36,4716.27,4720.41
2026.04.13 08:30,4720.31,4724.7,4717.96,4721.08
2026.04.13 08:45,4721.14,4730.61,4720.42,4729.26
2026.04.13 09:00,4729.28,4729.49,4723.25,4725.87
2026.04.13 09:15,4725.86,4731.77,4725.21,4731.5
2026.04.13 09:30,4731.53,4732.62,4725.3,4726.22
2026.04.13 09:45,4726.21,4726.32,4720.68,4725.46
2026.04.13 10:00,4725.56,4738.54,4724.69,4727.99
2026.04.13 10:15,4727.98,4732.65,4726.41,4730.67
2026.04.13 10:30,4730.79,4733.62,4727.29,4732.15
2026.04.13 10:45,4732.08,4739.88,4728.06,4733.5
2026.04.13 11:00,4733.3,4738.45,4732.1,4732.65
2026.04.13 11:15,4732.59,4734.14,4729.98,4731.91
2026.04.13 11:30,4731.86,4736.08,4720.74,4721.25
2026.04.13 11:45,4721.16,4729.69,4720.04,4723.18
2026.04.13 12:00,4723.17,4728.4,4715.87,4719.05
2026.04.13 12:15,4718.98,4721.17,4714.1,4715.04
2026.04.13 12:30,4715.09,4719.9,4710.39,4714.12
2026.04.13 12:45,4713.99,4716.46,4710.78,4714.42
2026.04.13 13:00,4714.44,4718.7,4713.5,4717.68
2026.04.13 13:15,4717.71,4717.9,4708.37,4712.4
2026.04.13 13:30,4712.44,4718.46,4711.54,4717.86
2026.04.13 13:45,4717.83,4723.8,4717.36,4721.94
2026.04.13 14:00,4722.02,4728.99,4720.07,4721.44
2026.04.13 14:15,4721.5,4723.48,4718.46,4720.98
2026.04.13 14:30,4720.85,4722.31,4704.06,4707.64
2026.04.13 14:45,4707.58,4711.81,4703.61,4706.48
2026.04.13 15:00,4706.76,4720.09,4703.51,4717.12
2026.04.13 15:15,4717.5,4717.86,4703.66,4710.43
2026.04.13 15:30,4710.44,4716.28,4708.84,4715.59
2026.04.13 15:45,4715.56,4725.06,4715.33,4723.34
2026.04.13 16:00,4723.26,4736.0,4722.42,4734.18
2026.04.13 16:15,4734.2,4737.29,4728.74,4733.14
2026.04.13 16:30,4733.18,4737.12,4724.26,4726.83
2026.04.13 16:45,4726.69,4744.5,4721.25,4730.56
2026.04.13 17:00,4730.37,4731.09,4720.26,4727.11
2026.04.13 17:15,4727.27,4727.8,4709.45,4715.31
2026.04.13 17:30,4715.21,4722.52,4708.69,4721.68
2026.04.13 17:45,4721.63,4723.33,4710.17,4719.0
2026.04.13 18:00,4718.94,4719.73,4700.19,4707.5
2026.04.13 18:15,4707.44,4711.33,4702.73,4703.58
2026.04.13 18:30,4703.64,4718.09,4702.1,4712.4
2026.04.13 18:45,4712.27,4715.67,4710.67,4714.37
2026.04.13 19:00,4714.28,4720.76,4709.23,4719.62
2026.04.13 19:15,4719.91,4734.02,4718.7,4730.29
2026.04.13 19:30,4730.26,4740.42,4728.44,4740.19
2026.04.13 19:45,4740.33,4746.04,4732.07,4732.94
2026.04.13 20:00,4732.95,4738.42,4725.34,4730.79
2026.04.13 20:15,4730.86,4750.02,4729.57,4742.99
2026.04.13 20:30,4742.98,4747.29,4742.53,4743.88
2026.04.13 20:45,4743.87,4743.94,4727.21,4729.74
2026.04.13 21:00,4729.75,4732.9,4728.75,4730.04
2026.04.13 21:15,4730.02,4731.0,4723.15,4727.19
2026.04.13 21:30,4727.23,4735.13,4726.59,4733.37
2026.04.13 21:45,4733.35,4740.65,4733.34,4738.2
2026.04.13 22:00,4738.2,4739.41,4730.45,4734.71
2026.04.13 22:15,4734.73,4743.89,4734.73,4743.09
2026.04.13 22:30,4743.03,4747.33,4738.94,4741.67
2026.04.13 22:45,4741.7,4745.74,4739.33,4741.11
2026.04.13 23:00,4741.14,4744.04,4739.74,4742.3
2026.04.13 23:15,4742.31,4743.71,4738.38,4739.27
2026.04.13 23:30,4739.28,4740.48,4738.34,4739.82
2026.04.13 23:45,4739.7,4741.54,4738.08,4740.04
2026.04.14 01:00,4744.11,4755.7,4744.11,4748.28
2026.04.14 01:15,4748.69,4749.69,4745.74,4748.51
2026.04.14 01:30,4748.51,4750.22,4746.1,4750.22
2026.04.14 01:45,4750.43,4759.36,4749.07,4757.87
2026.04.14 02:00,4757.93,4765.85,4757.86,4762.83
2026.04.14 02:15,4762.82,4763.38,4754.72,4755.25
2026.04.14 02:30,4755.28,4761.42,4754.37,4759.31
2026.04.14 02:45,4759.33,4761.61,4756.49,4757.41
2026.04.14 03:00,4757.65,4760.24,4751.43,4759.5
2026.04.14 03:15,4759.52,4767.41,4759.5,4762.27
2026.04.14 03:30,4762.32,4775.61,4761.25,4770.2
2026.04.14 03:45,4770.19,4771.95,4768.35,4769.81
2026.04.14 04:00,4769.79,4776.85,4762.31,4775.99
2026.04.14 04:15,4776.12,4776.38,4769.62,4770.23
2026.04.14 04:30,4770.21,4772.96,4764.16,4772.66
2026.04.14 04:45,4772.67,4773.49,4761.64,4764.58
2026.04.14 05:00,4764.61,4771.09,4762.68,4767.97
2026.04.14 05:15,4767.89,4772.33,4767.47,4768.71
2026.04.14 05:30,4768.66,4772.63,4761.86,4772.24
2026.04.14 05:45,4772.31,4777.16,4772.09,4774.99
2026.04.14 06:00,4774.98,4775.4,4768.53,4768.89
2026.04.14 06:15,4768.93,4771.24,4765.77,4768.21
2026.04.14 06:30,4768.25,4769.52,4765.6,4767.49
2026.04.14 06:45,4767.45,4771.82,4767.38,4767.9
2026.04.14 07:00,4768.03,4770.29,4766.92,4768.69
2026.04.14 07:15,4768.62,4776.82,4768.45,4775.9
2026.04.14 07:30,4775.92,4776.14,4771.4,4773.4
2026.04.14 07:45,4773.42,4775.85,4772.61,4774.04
2026.04.14 08:00,4774.05,4774.11,4763.24,4765.3
2026.04.14 08:15,4765.34,4767.93,4761.39,4764.61
2026.04.14 08:30,4764.6,4767.1,4757.85,4760.87
2026.04.14 08:45,4760.86,4766.61,4759.17,4759.92
2026.04.14 09:00,4760.02,4769.62,4759.86,4765.81
2026.04.14 09:15,4765.76,4767.99,4763.29,4767.6
2026.04.14 09:30,4767.53,4770.29,4764.26,4769.45
2026.04.14 09:45,4769.48,4782.94,4768.84,4782.06
2026.04.14 10:00,4782.04,4796.17,4780.95,4789.97
2026.04.14 10:15,4789.95,4791.51,4767.74,4772.47
2026.04.14 10:30,4772.66,4779.63,4771.67,4777.8
2026.04.14 10:45,4777.81,4780.59,4773.81,4777.03
2026.04.14 11:00,4776.77,4782.41,4774.08,4780.38
2026.04.14 11:15,4780.32,4786.39,4775.55,4785.85
2026.04.14 11:30,4785.9,4789.73,4782.49,4784.72
2026.04.14 11:45,4784.78,4786.74,4781.25,4786.74
2026.04.14 12:00,4786.86,4787.79,4780.22,4785.66
2026.04.14 12:15,4785.68,4789.15,4778.45,4778.45
2026.04.14 12:30,4778.5,4779.46,4771.38,4778.2
2026.04.14 12:45,4778.17,4782.19,4772.87,4778.17
2026.04.14 13:00,4778.25,4784.78,4778.25,4782.07
2026.04.14 13:15,4782.1,4787.85,4780.37,4783.81
2026.04.14 13:30,4783.8,4784.4,4752.23,4767.28
2026.04.14 13:45,4767.13,4772.23,4766.82,4768.23
2026.04.14 14:00,4768.05,4776.87,4766.69,4776.56
2026.04.14 14:15,4776.76,4782.85,4775.11,4778.02
2026.04.14 14:30,4778.31,4779.66,4773.07,4777.95
2026.04.14 14:45,4778.09,4782.79,4770.49,4774.81
2026.04.14 15:00,4774.98,4777.48,4768.77,4769.71
2026.04.14 15:15,4769.74,4772.45,4762.49,4769.21
2026.04.14 15:30,4769.21,4776.1,4767.34,4768.87
2026.04.14 15:45,4768.87,4773.48,4762.16,4771.19
2026.04.14 16:00,4771.21,4781.92,4770.94,4781.92
2026.04.14 16:15,4781.9,4792.39,4780.99,4782.79
2026.04.14 16:30,4782.82,4803.39,4780.04,4793.03
2026.04.14 16:45,4792.63,4796.31,4788.93,4794.55
2026.04.14 17:00,4795.28,4803.61,4792.93,4794.74
2026.04.14 17:15,4794.78,4810.48,4794.78,4809.21
2026.04.14 17:30,4809.14,4817.76,4798.33,4798.5
2026.04.14 17:45,4798.65,4806.45,4795.22,4803.73
2026.04.14 18:00,4803.7,4803.78,4790.92,4794.4
2026.04.14 18:15,4794.49,4805.6,4792.94,4802.28
2026.04.14 18:30,4802.41,4813.57,4802.33,4809.17
2026.04.14 18:45,4809.31,4816.05,4806.51,4808.03
2026.04.14 19:00,4808.04,4813.94,4804.92,4809.29
2026.04.14 19:15,4809.28,4819.26,4807.02,4816.3
2026.04.14 19:30,4816.31,4820.16,4813.39,4815.09
2026.04.14 19:45,4815.36,4818.18,4809.09,4810.07
2026.04.14 20:00,4810.04,4833.58,4809.36,4826.99
2026.04.14 20:15,4827.05,4831.76,4824.61,4825.46
2026.04.14 20:30,4825.55,4841.19,4825.06,4837.01
2026.04.14 20:45,4837.0,4839.65,4834.2,4834.86
2026.04.14 21:00,4834.95,4843.21,4834.33,4838.64
2026.04.14 21:15,4838.62,4839.85,4833.07,4837.55
2026.04.14 21:30,4837.37,4839.04,4833.81,4834.28
2026.04.14 21:45,4834.27,4836.27,4830.84,4835.46
2026.04.14 22:00,4835.46,4842.31,4835.46,4840.86
2026.04.14 22:15,4840.85,4842.13,4838.37,4840.55
2026.04.14 22:30,4840.29,4843.48,4838.47,4840.91
2026.04.14 22:45,4840.95,4846.16,4839.91,4844.74
2026.04.14 23:00,4844.73,4846.04,4841.86,4842.72
2026.04.14 23:15,4842.76,4843.3,4839.5,4840.33
2026.04.14 23:30,4840.37,4842.93,4839.7,4842.13
2026.04.14 23:45,4841.99,4843.22,4840.17,4841.53
2026.04.15 01:00,4840.29,4850.74,4838.06,4844.76
2026.04.15 01:15,4844.77,4847.05,4836.41,4839.9
2026.04.15 01:30,4839.83,4843.01,4837.66,4840.13
2026.04.15 01:45,4840.1,4840.26,4833.14,4834.94
2026.04.15 02:00,4834.89,4843.82,4833.65,4837.11
2026.04.15 02:15,4837.1,4839.31,4834.94,4835.85
2026.04.15 02:30,4835.79,4842.74,4835.09,4842.08
2026.04.15 02:45,4842.12,4843.81,4836.13,4836.96
2026.04.15 03:00,4837.1,4839.76,4831.53,4833.7
2026.04.15 03:15,4833.64,4836.25,4828.65,4833.51
2026.04.15 03:30,4833.61,4833.61,4827.15,4829.97
2026.04.15 03:45,4829.99,4837.33,4829.11,4835.28
2026.04.15 04:00,4835.27,4852.16,4827.98,4850.15
2026.04.15 04:15,4850.16,4871.17,4842.1,4850.64
2026.04.15 04:30,4850.61,4851.3,4842.52,4843.45
2026.04.15 04:45,4843.36,4848.82,4839.78,4847.0
2026.04.15 05:00,4846.9,4853.35,4844.63,4845.13
2026.04.15 05:15,4845.1,4845.86,4832.37,4834.49
2026.04.15 05:30,4834.46,4835.35,4821.33,4828.23
2026.04.15 05:45,4828.21,4830.24,4820.48,4823.76
2026.04.15 06:00,4823.74,4825.02,4816.83,4820.73
2026.04.15 06:15,4820.77,4827.72,4820.36,4826.34
2026.04.15 06:30,4826.22,4828.57,4825.3,4828.28
2026.04.15 06:45,4828.24,4829.38,4823.67,4823.8
2026.04.15 07:00,4823.79,4826.23,4820.32,4825.25
2026.04.15 07:15,4825.24,4826.47,4821.16,4824.48
2026.04.15 07:30,4824.54,4827.61,4823.17,4823.35
2026.04.15 07:45,4823.41,4826.1,4821.26,4824.88
2026.04.15 08:00,4824.95,4828.5,4822.56,4826.67
2026.04.15 08:15,4826.69,4830.19,4824.26,4826.07
2026.04.15 08:30,4826.02,4827.75,4812.44,4816.59
2026.04.15 08:45,4816.66,4823.48,4814.15,4819.51
2026.04.15 09:00,4819.55,4824.86,4816.37,4818.9
2026.04.15 09:15,4818.92,4819.43,4813.47,4814.53
2026.04.15 09:30,4814.46,4817.58,4811.14,4816.01
2026.04.15 09:45,4816.0,4822.05,4810.97,4811.55
2026.04.15 10:00,4811.59,4816.83,4803.94,4815.62
2026.04.15 10:15,4815.7,4816.01,4805.54,4812.63
2026.04.15 10:30,4812.35,4815.67,4808.49,4810.09
2026.04.15 10:45,4810.1,4812.54,4805.8,4811.09
2026.04.15 11:00,4810.88,4812.46,4804.48,4811.34
2026.04.15 11:15,4811.35,4814.19,4805.9,4809.78
2026.04.15 11:30,4809.81,4812.8,4805.37,4810.28
2026.04.15 11:45,4810.26,4820.62,4809.71,4818.35
2026.04.15 12:00,4818.32,4819.4,4792.52,4804.85
2026.04.15 12:15,4804.91,4807.2,4797.35,4797.86
2026.04.15 12:30,4797.12,4803.63,4795.21,4796.13
2026.04.15 12:45,4796.08,4800.26,4786.08,4798.05
2026.04.15 13:00,4797.95,4803.01,4795.28,4801.09
2026.04.15 13:15,4801.05,4801.24,4790.27,4794.91
2026.04.15 13:30,4794.89,4800.55,4792.88,4800.06
2026.04.15 13:45,4800.12,4805.15,4799.49,4800.03
2026.04.15 14:00,4799.93,4804.19,4795.42,4802.19
2026.04.15 14:15,4802.19,4806.93,4799.58,4804.79
2026.04.15 14:30,4804.87,4808.57,4802.61,4805.79
2026.04.15 14:45,4805.85,4814.91,4804.01,4812.49
2026.04.15 15:00,4812.2,4814.16,4806.8,4813.8
2026.04.15 15:15,4814.02,4815.99,4809.95,4812.53
2026.04.15 15:30,4812.49,4815.91,4810.27,4811.56
2026.04.15 15:45,4811.53,4815.39,4808.27,4811.49
2026.04.15 16:00,4811.4,4816.4,4808.51,4813.94
2026.04.15 16:15,4813.93,4821.79,4810.05,4821.58
2026.04.15 16:30,4821.54,4825.28,4815.69,4820.42
2026.04.15 16:45,4820.5,4830.06,4819.81,4828.78
2026.04.15 17:00,4828.49,4829.73,4820.44,4828.52
2026.04.15 17:15,4828.52,4830.38,4822.1,4825.04
2026.04.15 17:30,4825.11,4825.57,4815.28,4819.19
2026.04.15 17:45,4819.22,4819.4,4813.24,4815.32
2026.04.15 18:00,4815.34,4816.04,4800.07,4809.99
2026.04.15 18:15,4809.87,4810.54,4797.5,4798.18
2026.04.15 18:30,4798.08,4806.26,4786.88,4803.4
2026.04.15 18:45,4803.28,4807.33,4799.36,4801.41
2026.04.15 19:00,4801.28,4810.38,4800.19,4808.28
2026.04.15 19:15,4808.04,4812.48,4805.14,4811.16
2026.04.15 19:30,4811.23,4811.8,4802.76,4804.36
2026.04.15 19:45,4804.31,4807.11,4800.05,4803.76
2026.04.15 20:00,4803.74,4804.8,4797.81,4797.97
2026.04.15 20:15,4797.99,4808.61,4797.99,4801.7
2026.04.15 20:30,4801.5,4802.61,4792.05,4793.41
2026.04.15 20:45,4793.43,4795.63,4790.66,4792.36
2026.04.15 21:00,4792.42,4800.76,4790.15,4796.87
2026.04.15 21:15,4796.85,4798.6,4792.58,4794.56
2026.04.15 21:30,4794.86,4798.32,4794.44,4796.82
2026.04.15 21:45,4796.82,4801.99,4796.76,4799.63
2026.04.15 22:00,4799.49,4803.23,4797.94,4798.52
2026.04.15 22:15,4798.55,4802.94,4797.53,4802.74
2026.04.15 22:30,4802.7,4802.77,4795.15,4796.99
2026.04.15 22:45,4796.84,4801.37,4794.43,4795.64
2026.04.15 23:00,4795.87,4796.49,4792.52,4793.6
2026.04.15 23:15,4793.61,4795.75,4793.17,4793.73
2026.04.15 23:30,4793.69,4793.69,4790.11,4790.72
2026.04.15 23:45,4790.73,4792.94,4787.62,4790.56
2026.04.16 01:00,4792.78,4799.28,4790.76,4791.9
2026.04.16 01:15,4791.85,4801.9,4791.82,4801.06
2026.04.16 01:30,4801.1,4803.25,4799.1,4801.19
2026.04.16 01:45,4801.2,4811.73,4800.94,4807.43
2026.04.16 02:00,4807.37,4812.96,4807.37,4812.45
2026.04.16 02:15,4812.5,4815.57,4812.16,4814.91
2026.04.16 02:30,4814.86,4824.11,4814.45,4823.03
2026.04.16 02:45,4823.0,4826.55,4821.88,4823.29
2026.04.16 03:00,4823.04,4831.13,4823.04,4829.65
2026.04.16 03:15,4829.64,4830.91,4822.35,4824.6
2026.04.16 03:30,4824.56,4837.52,4820.73,4832.5
2026.04.16 03:45,4832.58,4837.34,4830.7,4832.97
2026.04.16 04:00,4832.89,4836.22,4828.71,4829.71
2026.04.16 04:15,4829.66,4830.26,4822.79,4823.57
2026.04.16 04:30,4823.55,4825.55,4811.17,4815.77
2026.04.16 04:45,4815.81,4822.02,4815.19,4817.78
2026.04.16 05:00,4817.79,4824.81,4817.14,4821.23
2026.04.16 05:15,4820.97,4823.32,4818.96,4819.04
2026.04.16 05:30,4819.06,4821.29,4812.36,4817.1
2026.04.16 05:45,4817.19,4820.85,4815.32,4819.54
2026.04.16 06:00,4819.32,4826.95,4818.92,4826.41
2026.04.16 06:15,4826.4,4826.53,4822.47,4823.68
2026.04.16 06:30,4823.72,4825.79,4818.95,4820.29
2026.04.16 06:45,4820.28,4826.55,4820.26,4823.9
2026.04.16 07:00,4823.79,4827.05,4823.02,4826.69
2026.04.16 07:15,4826.83,4829.85,4825.59,4826.3
2026.04.16 07:30,4826.28,4831.19,4825.07,4830.44
2026.04.16 07:45,4830.4,4833.36,4829.5,4832.93
2026.04.16 08:00,4833.02,4838.2,4832.53,4834.34
2026.04.16 08:15,4833.94,4836.11,4831.6,4833.2
2026.04.16 08:30,4833.19,4833.71,4824.45,4825.13
2026.04.16 08:45,4825.02,4829.28,4821.2,4821.23
2026.04.16 09:00,4821.2,4827.59,4821.15,4822.59
2026.04.16 09:15,4822.65,4825.14,4814.41,4815.99
2026.04.16 09:30,4816.14,4824.67,4814.81,4824.04
2026.04.16 09:45,4824.03,4830.41,4822.32,4825.89
2026.04.16 10:00,4825.9,4830.79,4822.9,4824.89
2026.04.16 10:15,4824.9,4829.45,4817.02,4828.06
2026.04.16 10:30,4828.19,4830.01,4824.46,4827.31
2026.04.16 10:45,4827.36,4828.01,4819.28,4821.0
2026.04.16 11:00,4821.09,4821.93,4807.21,4811.47
2026.04.16 11:15,4811.48,4814.73,4809.4,4811.46
2026.04.16 11:30,4811.43,4813.42,4806.54,4811.9
2026.04.16 11:45,4811.88,4814.68,4808.29,4813.73
2026.04.16 12:00,4813.71,4817.88,4811.71,4816.06
2026.04.16 12:15,4816.2,4816.93,4811.17,4813.03
2026.04.16 12:30,4812.96,4814.83,4806.66,4814.58
2026.04.16 12:45,4814.57,4815.34,4809.99,4812.72
2026.04.16 13:00,4812.75,4815.49,4806.87,4806.96
2026.04.16 13:15,4806.88,4810.02,4805.09,4806.93
2026.04.16 13:30,4806.9,4812.11,4804.98,4808.2
2026.04.16 13:45,4808.16,4817.17,4806.43,4817.06
2026.04.16 14:00,4817.07,4820.52,4816.28,4817.44
2026.04.16 14:15,4817.61,4819.9,4815.43,4815.98
2026.04.16 14:30,4816.01,4819.81,4815.76,4817.68
2026.04.16 14:45,4817.67,4822.32,4815.98,4821.95
2026.04.16 15:00,4821.97,4822.98,4811.43,4817.15
2026.04.16 15:15,4816.9,4818.46,4813.81,4815.11
2026.04.16 15:30,4814.94,4820.62,4811.6,4816.99
2026.04.16 15:45,4816.97,4818.98,4813.79,4816.07
2026.04.16 16:00,4816.09,4822.87,4813.96,4817.22
2026.04.16 16:15,4817.15,4821.09,4814.99,4815.5
2026.04.16 16:30,4815.52,4823.86,4812.42,4816.09
2026.04.16 16:45,4816.11,4819.47,4784.49,4794.68
2026.04.16 17:00,4794.65,4805.15,4784.99,4800.81
2026.04.16 17:15,4800.89,4802.83,4790.75,4798.91
2026.04.16 17:30,4799.2,4800.58,4773.02,4787.64
2026.04.16 17:45,4787.28,4793.44,4785.38,4788.57
2026.04.16 18:00,4788.68,4812.85,4788.19,4806.52
2026.04.16 18:15,4806.6,4809.37,4801.61,4801.61
2026.04.16 18:30,4801.42,4811.01,4798.02,4802.65
2026.04.16 18:45,4802.63,4808.44,4800.72,4806.8
2026.04.16 19:00,4806.92,4809.82,4803.25,4804.76
2026.04.16 19:15,4804.81,4805.75,4796.58,4799.18
2026.04.16 19:30,4799.17,4799.77,4786.38,4790.05
2026.04.16 19:45,4789.78,4793.43,4784.99,4791.77
2026.04.16 20:00,4791.9,4795.22,4789.7,4791.31
2026.04.16 20:15,4791.24,4793.85,4784.53,4785.02
2026.04.16 20:30,4785.15,4789.32,4781.16,4786.84
2026.04.16 20:45,4786.83,4790.78,4782.39,4789.07
2026.04.16 21:00,4789.08,4794.1,4785.68,4789.98
2026.04.16 21:15,4789.96,4793.0,4786.63,4786.9
2026.04.16 21:30,4786.96,4791.14,4786.57,4790.27
2026.04.16 21:45,4790.28,4792.55,4788.08,4789.42
2026.04.16 22:00,4789.44,4795.0,4789.43,4789.93
2026.04.16 22:15,4789.95,4793.79,4789.89,4790.7
2026.04.16 22:30,4790.71,4797.66,4790.6,4797.47
2026.04.16 22:45,4797.67,4798.44,4792.34,4793.49
2026.04.16 23:00,4793.3,4793.71,4789.89,4790.33
2026.04.16 23:15,4790.23,4791.52,4788.2,4788.78
2026.04.16 23:30,4788.76,4790.26,4786.35,4788.52
2026.04.16 23:45,4788.48,4790.58,4787.59,4790.57
2026.04.17 01:00,4792.27,4797.94,4791.03,4795.26
2026.04.17 01:15,4795.29,4796.08,4792.49,4793.83
2026.04.17 01:30,4793.85,4795.88,4790.79,4795.08
2026.04.17 01:45,4795.03,4796.62,4794.41,4795.06
2026.04.17 02:00,4794.31,4795.28,4792.04,4792.74
2026.04.17 02:15,4792.75,4797.54,4792.22,4794.3
2026.04.17 02:30,4794.31,4796.03,4792.17,4795.6
2026.04.17 02:45,4795.46,4796.54,4791.49,4791.49
2026.04.17 03:00,4791.39,4791.69,4785.76,4790.0
2026.04.17 03:15,4789.97,4792.82,4787.39,4792.76
2026.04.17 03:30,4792.77,4798.56,4792.4,4798.56
2026.04.17 03:45,4798.38,4801.06,4793.79,4794.75
2026.04.17 04:00,4794.74,4795.38,4769.0,4778.65
2026.04.17 04:15,4778.64,4784.93,4767.58,4768.57
2026.04.17 04:30,4768.7,4777.68,4767.56,4777.64
2026.04.17 04:45,4777.64,4791.37,4775.16,4789.41
2026.04.17 05:00,4789.4,4794.3,4788.2,4791.23
2026.04.17 05:15,4791.26,4791.82,4788.3,4788.91
2026.04.17 05:30,4788.99,4794.64,4788.39,4791.34
2026.04.17 05:45,4791.33,4793.35,4784.31,4784.44
2026.04.17 06:00,4784.48,4797.62,4784.48,4795.81
2026.04.17 06:15,4795.73,4797.93,4792.78,4793.92
2026.04.17 06:30,4793.8,4794.92,4791.88,4794.17
2026.04.17 06:45,4794.08,4796.57,4792.78,4793.18
2026.04.17 07:00,4793.15,4796.02,4792.58,4795.25
2026.04.17 07:15,4795.26,4796.1,4793.61,4795.86
2026.04.17 07:30,4795.83,4801.23,4795.19,4800.85
2026.04.17 07:45,4800.86,4804.41,4798.5,4802.86
2026.04.17 08:00,4802.78,4806.11,4799.67,4804.87
2026.04.17 08:15,4804.86,4805.11,4801.32,4803.39
2026.04.17 08:30,4803.37,4805.22,4795.49,4796.32
2026.04.17 08:45,4796.46,4800.34,4793.63,4793.99
2026.04.17 09:00,4793.98,4795.12,4786.57,4787.48
2026.04.17 09:15,4787.5,4789.63,4783.2,4783.63
2026.04.17 09:30,4783.59,4786.9,4779.05,4785.36
2026.04.17 09:45,4785.34,4787.0,4783.73,4784.83
2026.04.17 10:00,4784.85,4790.89,4783.99,4787.09
2026.04.17 10:15,4787.14,4792.76,4784.61,4791.48
2026.04.17 10:30,4791.51,4794.56,4782.25,4785.77
2026.04.17 10:45,4785.78,4786.01,4778.51,4784.18
2026.04.17 11:00,4784.18,4790.89,4780.74,4783.42
2026.04.17 11:15,4783.35,4786.97,4782.5,4784.31
2026.04.17 11:30,4784.31,4796.71,4784.23,4796.7
2026.04.17 11:45,4796.73,4796.73,4790.84,4795.71
2026.04.17 12:00,4795.7,4800.68,4792.54,4792.9
2026.04.17 12:15,4792.91,4798.27,4791.85,4795.74
2026.04.17 12:30,4795.77,4798.89,4793.9,4794.46
2026.04.17 12:45,4794.58,4795.03,4789.84,4790.19
2026.04.17 13:00,4790.22,4791.95,4786.9,4791.2
2026.04.17 13:15,4791.19,4793.82,4788.45,4789.31
2026.04.17 13:30,4789.32,4789.64,4782.24,4784.79
2026.04.17 13:45,4784.78,4788.05,4782.12,4787.2
2026.04.17 14:00,4787.21,4789.52,4783.43,4786.15
2026.04.17 14:15,4786.22,4793.13,4784.41,4792.76
2026.04.17 14:30,4792.77,4798.54,4789.58,4798.48
2026.04.17 14:45,4798.49,4811.52,4798.44,4798.9
2026.04.17 15:00,4798.91,4805.41,4797.51,4803.58
2026.04.17 15:15,4803.6,4819.52,4802.92,4816.71
2026.04.17 15:30,4816.77,4824.94,4815.19,4823.23
2026.04.17 15:45,4823.37,4847.57,4821.55,4846.16
2026.04.17 16:00,4846.15,4889.24,4834.75,4882.99
2026.04.17 16:15,4883.09,4883.65,4850.29,4851.28
2026.04.17 16:30,4851.38,4873.41,4848.12,4864.28
2026.04.17 16:45,4864.75,4881.89,4851.88,4880.16
2026.04.17 17:00,4880.29,4885.31,4860.61,4866.9
2026.04.17 17:15,4866.91,4880.29,4865.58,4871.24
2026.04.17 17:30,4871.33,4882.94,4869.21,4877.32
2026.04.17 17:45,4877.41,4881.22,4869.68,4872.97
2026.04.17 18:00,4873.14,4880.42,4862.24,4867.76
2026.04.17 18:15,4867.73,4874.38,4862.82,4865.88
2026.04.17 18:30,4866.12,4873.96,4854.65,4858.78
2026.04.17 18:45,4858.7,4871.65,4857.95,4867.27
2026.04.17 19:00,4867.26,4873.22,4863.46,4871.37
2026.04.17 19:15,4871.4,4873.27,4867.47,4867.55
2026.04.17 19:30,4867.62,4872.76,4867.29,4868.12
2026.04.17 19:45,4868.2,4868.7,4864.85,4866.82
2026.04.17 20:00,4866.84,4869.45,4857.49,4862.6
2026.04.17 20:15,4862.62,4864.88,4853.61,4858.34
2026.04.17 20:30,4858.35,4862.93,4854.17,4854.93
2026.04.17 20:45,4854.77,4863.25,4854.73,4862.42
2026.04.17 21:00,4862.45,4866.31,4860.2,4860.92
2026.04.17 21:15,4860.98,4867.94,4858.72,4860.57
2026.04.17 21:30,4860.52,4866.59,4860.25,4862.21
2026.04.17 21:45,4862.1,4862.97,4855.85,4858.01
2026.04.17 22:00,4858.0,4858.71,4853.68,4856.4
2026.04.17 22:15,4856.39,4857.91,4854.06,4856.66
2026.04.17 22:30,4856.67,4861.19,4855.71,4860.09
2026.04.17 22:45,4859.67,4860.09,4852.59,4854.3
2026.04.17 23:00,4854.4,4855.0,4844.46,4845.76
2026.04.17 23:15,4845.77,4851.89,4844.44,4845.74
2026.04.17 23:30,4845.5,4846.57,4833.59,4835.28
2026.04.17 23:45,4835.26,4837.22,4829.82,4832.88
2026.04.20 01:00,4792.25,4794.0,4757.92,4789.37
2026.04.20 01:15,4789.57,4794.37,4783.56,4784.83
2026.04.20 01:30,4784.85,4790.74,4779.23,4780.43
2026.04.20 01:45,4780.39,4786.75,4777.87,4779.18
2026.04.20 02:00,4779.19,4779.32,4771.91,4772.26
2026.04.20 02:15,4772.27,4775.72,4768.03,4769.04
2026.04.20 02:30,4769.06,4773.24,4744.99,4751.8
2026.04.20 02:45,4751.71,4755.31,4736.73,4755.05
2026.04.20 03:00,4755.16,4755.16,4744.73,4752.1
2026.04.20 03:15,4752.14,4765.66,4751.73,4765.17
2026.04.20 03:30,4765.2,4767.92,4760.9,4764.22
2026.04.20 03:45,4764.23,4774.09,4759.45,4772.27
2026.04.20 04:00,4772.18,4794.31,4771.14,4793.52
2026.04.20 04:15,4793.54,4803.61,4788.45,4802.79
2026.04.20 04:30,4802.8,4812.16,4801.29,4806.46
2026.04.20 04:45,4806.23,4814.22,4805.8,4807.73
2026.04.20 05:00,4807.74,4809.03,4800.63,4800.88
2026.04.20 05:15,4800.79,4803.73,4798.25,4800.13
2026.04.20 05:30,4800.12,4801.83,4794.63,4796.09
2026.04.20 05:45,4796.2,4797.34,4793.0,4797.08
2026.04.20 06:00,4797.01,4798.24,4790.34,4791.47
2026.04.20 06:15,4791.48,4795.82,4788.65,4795.06
2026.04.20 06:30,4795.08,4796.56,4789.9,4793.32
2026.04.20 06:45,4793.29,4794.57,4789.01,4790.81
2026.04.20 07:00,4790.85,4795.49,4790.78,4792.67
2026.04.20 07:15,4792.31,4795.55,4791.5,4794.51
2026.04.20 07:30,4794.53,4794.6,4787.14,4787.29
2026.04.20 07:45,4787.37,4793.08,4787.37,4788.79
2026.04.20 08:00,4788.73,4792.97,4784.23,4786.22
2026.04.20 08:15,4786.25,4789.33,4785.1,4787.74
2026.04.20 08:30,4787.62,4795.91,4779.55,4780.63
2026.04.20 08:45,4780.64,4793.08,4780.63,4790.66
2026.04.20 09:00,4790.47,4793.68,4785.28,4790.58
2026.04.20 09:15,4790.6,4790.6,4783.72,4785.97
2026.04.20 09:30,4786.0,4792.01,4785.41,4789.95
2026.04.20 09:45,4789.91,4795.19,4785.29,4795.19
2026.04.20 10:00,4795.24,4801.51,4793.8,4797.27
2026.04.20 10:15,4797.25,4805.57,4794.02,4797.67
2026.04.20 10:30,4797.55,4798.6,4789.88,4797.47
2026.04.20 10:45,4797.46,4797.47,4786.84,4789.58
2026.04.20 11:00,4789.56,4791.69,4785.98,4788.96
2026.04.20 11:15,4788.95,4792.39,4786.33,4791.9
2026.04.20 11:30,4791.82,4792.35,4788.49,4792.18
2026.04.20 11:45,4792.23,4796.12,4791.96,4796.06
2026.04.20 12:00,4796.09,4797.74,4793.3,4795.69
2026.04.20 12:15,4795.63,4795.71,4791.56,4792.19
2026.04.20 12:30,4792.47,4794.16,4783.29,4791.88
2026.04.20 12:45,4791.85,4797.03,4789.07,4791.44
2026.04.20 13:00,4791.43,4799.47,4789.8,4795.61
2026.04.20 13:15,4795.63,4800.77,4795.1,4798.06
2026.04.20 13:30,4798.15,4799.88,4794.87,4794.9
2026.04.20 13:45,4795.02,4797.0,4794.27,4795.6
2026.04.20 14:00,4795.68,4796.12,4786.85,4789.61
2026.04.20 14:15,4789.53,4790.85,4786.43,4788.21
2026.04.20 14:30,4788.33,4794.54,4787.58,4794.54
2026.04.20 14:45,4794.75,4810.77,4794.61,4810.35
2026.04.20 15:00,4810.39,4812.99,4802.85,4811.01
2026.04.20 15:15,4811.03,4822.01,4803.74,4805.42
2026.04.20 15:30,4805.4,4809.33,4798.91,4805.98
2026.04.20 15:45,4806.0,4808.33,4800.9,4803.24
2026.04.20 16:00,4803.25,4816.73,4799.58,4815.31
2026.04.20 16:15,4815.41,4825.76,4811.89,4824.3
2026.04.20 16:30,4824.33,4826.25,4815.77,4822.36
2026.04.20 16:45,4822.35,4824.3,4816.88,4817.67
2026.04.20 17:00,4817.71,4818.26,4806.74,4815.99
2026.04.20 17:15,4815.86,4826.72,4814.24,4823.29
2026.04.20 17:30,4823.2,4827.47,4810.27,4813.96
2026.04.20 17:45,4813.99,4814.78,4792.54,4805.07
2026.04.20 18:00,4805.17,4807.24,4792.59,4798.15
2026.04.20 18:15,4798.06,4809.36,4793.99,4807.98
2026.04.20 18:30,4808.27,4809.16,4799.48,4800.18
2026.04.20 18:45,4800.12,4801.55,4795.3,4799.63
2026.04.20 19:00,4799.67,4801.41,4794.19,4798.29
2026.04.20 19:15,4798.34,4801.76,4792.74,4801.05
2026.04.20 19:30,4801.2,4804.37,4798.73,4801.78
2026.04.20 19:45,4802.04,4806.31,4801.62,4805.45
2026.04.20 20:00,4805.59,4810.41,4803.72,4808.67
2026.04.20 20:15,4808.75,4811.13,4806.18,4809.89
2026.04.20 20:30,4809.94,4811.99,4804.97,4809.36
2026.04.20 20:45,4809.31,4809.64,4805.6,4806.6
2026.04.20 21:00,4806.55,4815.75,4806.55,4815.33
2026.04.20 21:15,4815.32,4815.33,4811.78,4813.38
2026.04.20 21:30,4813.33,4815.33,4810.9,4814.41
2026.04.20 21:45,4814.42,4816.41,4813.1,4813.89
2026.04.20 22:00,4813.87,4821.25,4813.76,4820.35
2026.04.20 22:15,4820.34,4820.43,4816.08,4816.96
2026.04.20 22:30,4816.98,4817.2,4810.24,4811.4
2026.04.20 22:45,4811.44,4814.17,4811.1,4814.17
2026.04.20 23:00,4814.17,4816.82,4812.76,4813.36
2026.04.20 23:15,4813.52,4816.93,4812.15,4815.78
2026.04.20 23:30,4815.8,4817.22,4812.87,4816.57
2026.04.20 23:45,4816.43,4821.8,4816.24,4820.51
2026.04.21 01:00,4822.22,4832.39,4820.65,4828.88
2026.04.21 01:15,4828.89,4833.08,4828.53,4828.81
2026.04.21 01:30,4828.79,4830.86,4824.96,4830.45
2026.04.21 01:45,4830.43,4831.57,4825.15,4827.53
2026.04.21 02:00,4827.49,4831.5,4823.86,4825.5
2026.04.21 02:15,4825.53,4826.64,4823.65,4825.5
2026.04.21 02:30,4825.47,4825.47,4822.68,4823.84
2026.04.21 02:45,4823.89,4824.47,4819.72,4821.62
2026.04.21 03:00,4821.82,4830.63,4820.16,4828.45
2026.04.21 03:15,4828.18,4829.07,4819.48,4819.72
2026.04.21 03:30,4819.85,4824.5,4816.75,4822.52
2026.04.21 03:45,4822.55,4826.06,4821.44,4823.9
2026.04.21 04:00,4823.84,4824.36,4813.04,4814.76
2026.04.21 04:15,4814.78,4818.48,4814.33,4818.38
2026.04.21 04:30,4818.37,4818.84,4809.02,4813.32
2026.04.21 04:45,4813.27,4813.98,4805.69,4810.04
2026.04.21 05:00,4810.03,4810.24,4805.71,4807.22
2026.04.21 05:15,4807.23,4808.39,4803.43,4807.45
2026.04.21 05:30,4807.54,4807.61,4802.36,4806.29
2026.04.21 05:45,4806.33,4808.01,4802.5,4806.72
2026.04.21 06:00,4806.75,4807.53,4800.25,4800.45
2026.04.21 06:15,4800.5,4802.13,4793.56,4798.58
2026.04.21 06:30,4798.57,4799.76,4792.4,4794.75
2026.04.21 06:45,4794.79,4797.56,4793.64,4797.01
2026.04.21 07:00,4797.15,4797.73,4793.45,4794.01
2026.04.21 07:15,4794.0,4796.51,4791.07,4792.04
2026.04.21 07:30,4792.01,4794.15,4789.49,4791.57
2026.04.21 07:45,4791.65,4793.24,4788.61,4789.04
2026.04.21 08:00,4789.16,4792.98,4785.77,4789.46
2026.04.21 08:15,4789.45,4791.17,4785.82,4787.39
2026.04.21 08:30,4787.38,4796.93,4786.57,4796.27
2026.04.21 08:45,4796.28,4796.51,4783.08,4783.99
2026.04.21 09:00,4783.97,4790.5,4775.37,4784.86
2026.04.21 09:15,4784.81,4785.73,4775.39,4778.66
2026.04.21 09:30,4778.89,4782.29,4775.89,4780.25
2026.04.21 09:45,4780.17,4783.2,4774.47,4778.53
2026.04.21 10:00,4778.1,4785.64,4772.6,4782.68
2026.04.21 10:15,4783.03,4787.47,4780.28,4783.24
2026.04.21 10:30,4783.23,4787.0,4780.76,4786.53
2026.04.21 10:45,4786.37,4792.55,4784.25,4785.88
2026.04.21 11:00,4785.64,4787.44,4774.62,4775.78
2026.04.21 11:15,4775.73,4789.04,4775.08,4787.12
2026.04.21 11:30,4787.09,4792.87,4784.69,4791.43
2026.04.21 11:45,4791.48,4792.69,4785.82,4785.82
2026.04.21 12:00,4785.81,4786.75,4781.16,4784.1
2026.04.21 12:15,4784.08,4787.77,4781.11,4782.2
2026.04.21 12:30,4782.14,4787.33,4781.9,4787.1
2026.04.21 12:45,4787.13,4789.53,4783.16,4783.58
2026.04.21 13:00,4783.72,4785.8,4782.09,4782.73
2026.04.21 13:15,4782.84,4784.77,4780.64,4782.8
2026.04.21 13:30,4782.82,4787.75,4782.51,4786.07
2026.04.21 13:45,4786.09,4790.28,4785.96,4789.61
2026.04.21 14:00,4789.62,4790.12,4775.27,4781.74
2026.04.21 14:15,4781.66,4784.29,4779.07,4783.37
2026.04.21 14:30,4783.27,4794.8,4783.04,4792.95
2026.04.21 14:45,4793.05,4797.87,4791.76,4794.49
2026.04.21 15:00,4794.52,4796.83,4790.85,4791.06
2026.04.21 15:15,4791.04,4791.58,4779.04,4780.56
2026.04.21 15:30,4780.54,4790.54,4766.28,4778.62
2026.04.21 15:45,4778.65,4782.81,4776.06,4778.64
2026.04.21 16:00,4778.59,4783.62,4764.7,4764.96
2026.04.21 16:15,4765.2,4775.32,4761.45,4774.75
2026.04.21 16:30,4774.67,4792.58,4770.02,4788.97
2026.04.21 16:45,4788.82,4794.21,4777.14,4778.92
2026.04.21 17:00,4778.78,4782.43,4773.06,4778.38
2026.04.21 17:15,4778.36,4780.48,4769.66,4774.04
2026.04.21 17:30,4773.95,4774.91,4743.62,4744.8
2026.04.21 17:45,4744.72,4745.5,4723.56,4738.82
2026.04.21 18:00,4739.34,4750.63,4727.6,4747.92
2026.04.21 18:15,4747.94,4757.48,4741.89,4742.36
2026.04.21 18:30,4742.37,4747.61,4736.62,4745.64
2026.04.21 18:45,4745.53,4750.06,4738.71,4741.37
2026.04.21 19:00,4741.66,4746.98,4726.64,4730.15
2026.04.21 19:15,4730.12,4733.97,4719.83,4720.64
2026.04.21 19:30,4720.7,4727.34,4719.6,4720.69
2026.04.21 19:45,4720.72,4722.57,4708.12,4710.91
2026.04.21 20:00,4710.98,4717.93,4700.96,4706.18
2026.04.21 20:15,4706.19,4708.26,4697.29,4699.68
2026.04.21 20:30,4699.91,4722.01,4696.8,4717.59
2026.04.21 20:45,4717.78,4718.59,4705.71,4710.79
2026.04.21 21:00,4710.73,4714.48,4703.73,4704.41
2026.04.21 21:15,4704.37,4704.7,4692.08,4696.27
2026.04.21 21:30,4696.28,4703.38,4696.28,4702.73
2026.04.21 21:45,4702.74,4713.78,4698.76,4709.08
2026.04.21 22:00,4709.15,4712.89,4704.54,4707.1
2026.04.21 22:15,4707.2,4715.0,4704.76,4713.72
2026.04.21 22:30,4713.83,4714.56,4668.29,4671.46
2026.04.21 22:45,4671.89,4685.56,4670.97,4679.23
2026.04.21 23:00,4679.24,4701.99,4668.76,4696.85
2026.04.21 23:15,4697.47,4711.06,4694.55,4705.52
2026.04.21 23:30,4705.51,4713.6,4705.16,4711.26
2026.04.21 23:45,4711.22,4720.05,4709.2,4719.88
2026.04.22 01:00,4720.87,4729.45,4717.27,4721.7
2026.04.22 01:15,4721.77,4721.81,4716.48,4718.89
2026.04.22 01:30,4718.89,4719.49,4716.01,4716.89
2026.04.22 01:45,4716.8,4719.91,4715.48,4719.42
2026.04.22 02:00,4719.3,4729.56,4717.96,4727.33
2026.04.22 02:15,4727.37,4732.99,4726.23,4729.87
2026.04.22 02:30,4729.88,4733.68,4728.82,4731.52
2026.04.22 02:45,4731.45,4740.45,4731.27,4737.91
2026.04.22 03:00,4738.08,4747.32,4738.08,4742.79
2026.04.22 03:15,4742.76,4745.76,4740.47,4742.3
2026.04.22 03:30,4742.26,4746.96,4741.41,4742.08
2026.04.22 03:45,4742.12,4746.67,4738.43,4739.77
2026.04.22 04:00,4739.76,4745.09,4735.88,4738.25
2026.04.22 04:15,4738.26,4749.03,4737.66,4746.19
2026.04.22 04:30,4746.13,4753.68,4746.08,4749.28
2026.04.22 04:45,4749.29,4754.54,4747.78,4752.06
2026.04.22 05:00,4752.24,4755.98,4750.12,4755.51
2026.04.22 05:15,4755.52,4757.93,4753.45,4755.53
2026.04.22 05:30,4755.52,4758.63,4751.29,4751.38
2026.04.22 05:45,4751.21,4757.06,4750.96,4755.62
2026.04.22 06:00,4755.68,4760.93,4752.9,4757.44
2026.04.22 06:15,4757.46,4763.28,4756.6,4763.03
2026.04.22 06:30,4763.01,4764.94,4756.88,4759.19
2026.04.22 06:45,4759.2,4760.76,4757.12,4758.14
2026.04.22 07:00,4758.16,4759.51,4756.48,4757.36
2026.04.22 07:15,4757.45,4757.78,4754.36,4755.8
2026.04.22 07:30,4755.78,4757.27,4752.6,4756.33
2026.04.22 07:45,4756.28,4759.42,4752.16,4754.45
2026.04.22 08:00,4754.44,4756.98,4752.09,4756.82
2026.04.22 08:15,4756.8,4771.56,4756.18,4766.01
2026.04.22 08:30,4765.99,4769.14,4763.68,4767.12
2026.04.22 08:45,4767.06,4771.95,4764.11,4767.6
2026.04.22 09:00,4767.57,4767.71,4758.72,4762.53
2026.04.22 09:15,4762.47,4767.06,4760.33,4766.82
2026.04.22 09:30,4766.81,4767.61,4763.53,4763.57
2026.04.22 09:45,4763.56,4767.6,4763.13,4767.51
2026.04.22 10:00,4767.41,4772.12,4765.2,4765.55
2026.04.22 10:15,4765.46,4767.79,4762.4,4765.88
2026.04.22 10:30,4765.98,4766.5,4761.94,4763.69
2026.04.22 10:45,4763.74,4764.28,4759.5,4760.4
2026.04.22 11:00,4760.52,4762.13,4757.6,4757.88
2026.04.22 11:15,4757.89,4759.77,4753.99,4754.05
2026.04.22 11:30,4754.07,4756.83,4751.66,4755.93
2026.04.22 11:45,4755.82,4758.31,4753.69,4756.84
2026.04.22 12:00,4756.86,4761.6,4756.48,4760.48
2026.04.22 12:15,4760.52,4761.75,4756.12,4756.21
2026.04.22 12:30,4756.11,4762.32,4754.96,4758.33
2026.04.22 12:45,4758.31,4758.98,4752.17,4755.07
2026.04.22 13:00,4755.1,4757.48,4745.68,4748.4
2026.04.22 13:15,4748.29,4755.93,4748.24,4754.56
2026.04.22 13:30,4754.58,4759.34,4753.63,4756.32
2026.04.22 13:45,4756.44,4759.98,4755.01,4759.09
2026.04.22 14:00,4759.18,4760.23,4756.21,4757.13
2026.04.22 14:15,4757.07,4760.57,4756.3,4757.18
2026.04.22 14:30,4757.17,4759.76,4748.31,4748.51
2026.04.22 14:45,4748.52,4753.12,4747.74,4750.27
2026.04.22 15:00,4750.62,4757.29,4749.56,4752.15
2026.04.22 15:15,4752.17,4759.98,4747.03,4752.93
2026.04.22 15:30,4752.85,4754.17,4745.6,4746.66
2026.04.22 15:45,4746.67,4748.28,4742.77,4744.09
2026.04.22 16:00,4744.13,4750.68,4739.06,4742.17
2026.04.22 16:15,4742.18,4750.01,4736.21,4750.0
2026.04.22 16:30,4749.95,4756.47,4741.85,4755.25
2026.04.22 16:45,4755.34,4760.78,4750.65,4752.85
2026.04.22 17:00,4752.83,4757.44,4742.28,4745.36
2026.04.22 17:15,4745.39,4750.55,4743.28,4743.8
2026.04.22 17:30,4744.07,4744.47,4729.83,4732.92
2026.04.22 17:45,4732.93,4739.43,4732.31,4735.86
2026.04.22 18:00,4735.87,4739.95,4734.17,4737.46
2026.04.22 18:15,4737.44,4737.47,4729.81,4735.08
2026.04.22 18:30,4734.93,4735.33,4725.92,4727.28
2026.04.22 18:45,4727.18,4731.25,4724.88,4727.57
2026.04.22 19:00,4727.5,4734.87,4725.7,4730.14
2026.04.22 19:15,4730.12,4730.3,4724.11,4726.89
2026.04.22 19:30,4726.86,4731.98,4723.72,4728.02
2026.04.22 19:45,4727.92,4730.66,4726.26,4728.5
2026.04.22 20:00,4728.51,4739.41,4728.38,4735.15
2026.04.22 20:15,4735.17,4737.49,4732.75,4734.99
2026.04.22 20:30,4735.15,4738.03,4734.25,4736.05
2026.04.22 20:45,4736.04,4738.27,4733.45,4737.07
2026.04.22 21:00,4737.11,4738.48,4734.89,4735.61
2026.04.22 21:15,4735.42,4735.83,4729.66,4730.14
2026.04.22 21:30,4730.2,4739.48,4730.04,4739.38
2026.04.22 21:45,4739.34,4749.27,4738.6,4741.61
2026.04.22 22:00,4741.62,4743.39,4736.74,4738.43
2026.04.22 22:15,4738.45,4745.22,4738.03,4744.19
2026.04.22 22:30,4744.22,4744.52,4738.34,4739.16
2026.04.22 22:45,4739.13,4741.78,4736.86,4740.02
2026.04.22 23:00,4740.15,4740.29,4734.61,4735.82
2026.04.22 23:15,4735.76,4737.58,4734.26,4736.69
2026.04.22 23:30,4736.67,4739.28,4736.14,4737.33
2026.04.22 23:45,4737.32,4740.48,4736.98,4739.96
2026.04.23 01:00,4741.69,4746.38,4735.94,4736.24
2026.04.23 01:15,4736.21,4738.09,4732.38,4732.7
2026.04.23 01:30,4732.8,4735.01,4729.55,4729.67
2026.04.23 01:45,4729.64,4731.71,4725.57,4725.84
2026.04.23 02:00,4725.89,4728.08,4723.4,4725.83
2026.04.23 02:15,4725.84,4729.72,4725.19,4728.13
2026.04.23 02:30,4728.08,4728.17,4723.69,4724.33
2026.04.23 02:45,4724.28,4729.06,4724.28,4727.68
2026.04.23 03:00,4727.76,4728.08,4698.49,4699.25
2026.04.23 03:15,4699.26,4742.36,4693.89,4741.49
2026.04.23 03:30,4741.4,4752.03,4741.16,4744.63
2026.04.23 03:45,4744.65,4753.37,4743.45,4747.95
2026.04.23 04:00,4747.62,4749.74,4735.74,4736.73
2026.04.23 04:15,4736.76,4738.33,4727.07,4728.13
2026.04.23 04:30,4728.17,4735.59,4725.81,4733.71
2026.04.23 04:45,4733.73,4736.8,4722.41,4723.19
2026.04.23 05:00,4723.21,4724.56,4706.48,4707.27
2026.04.23 05:15,4707.22,4718.02,4704.75,4713.67
2026.04.23 05:30,4713.95,4715.51,4700.17,4701.09
2026.04.23 05:45,4701.11,4707.17,4698.04,4698.71
2026.04.23 06:00,4698.74,4708.47,4698.16,4701.89
2026.04.23 06:15,4701.89,4705.85,4698.05,4703.17
2026.04.23 06:30,4703.13,4706.95,4700.96,4704.74
2026.04.23 06:45,4704.75,4707.33,4702.44,4703.77
2026.04.23 07:00,4703.78,4706.29,4700.74,4706.13
2026.04.23 07:15,4706.14,4706.9,4702.67,4705.52
2026.04.23 07:30,4705.51,4707.09,4701.43,4701.59
2026.04.23 07:45,4701.54,4704.37,4698.64,4704.21
2026.04.23 08:00,4704.15,4710.26,4703.14,4707.8
2026.04.23 08:15,4707.84,4709.35,4705.28,4705.83
2026.04.23 08:30,4705.85,4707.03,4692.46,4701.41
2026.04.23 08:45,4701.4,4715.09,4701.37,4713.32
2026.04.23 09:00,4713.33,4718.11,4710.67,4711.82
2026.04.23 09:15,4711.8,4714.28,4708.43,4712.07
2026.04.23 09:30,4712.07,4717.08,4709.14,4714.95
2026.04.23 09:45,4715.02,4720.82,4711.92,4712.87
2026.04.23 10:00,4712.85,4716.33,4707.34,4712.19
2026.04.23 10:15,4712.18,4713.92,4703.05,4706.12
2026.04.23 10:30,4706.09,4713.63,4703.37,4713.57
2026.04.23 10:45,4713.52,4720.41,4713.33,4719.0
2026.04.23 11:00,4718.99,4724.76,4717.41,4718.05
2026.04.23 11:15,4718.23,4721.72,4714.91,4715.23
2026.04.23 11:30,4715.9,4716.06,4703.28,4703.63
2026.04.23 11:45,4703.62,4707.38,4701.71,4703.19
2026.04.23 12:00,4703.16,4703.52,4694.55,4696.79
2026.04.23 12:15,4696.76,4702.91,4695.44,4700.75
2026.04.23 12:30,4700.48,4702.93,4698.84,4700.71
2026.04.23 12:45,4700.69,4702.02,4694.64,4697.43
2026.04.23 13:00,4697.27,4701.52,4684.99,4688.94
2026.04.23 13:15,4688.83,4692.49,4684.27,4686.51
2026.04.23 13:30,4686.7,4696.72,4684.13,4690.59
2026.04.23 13:45,4690.57,4697.08,4689.28,4696.43
2026.04.23 14:00,4696.52,4700.07,4695.5,4697.81
2026.04.23 14:15,4697.56,4703.15,4696.2,4699.13
2026.04.23 14:30,4699.12,4705.8,4696.47,4705.24
2026.04.23 14:45,4705.26,4720.74,4704.68,4720.49
2026.04.23 15:00,4720.44,4738.8,4719.44,4729.02
2026.04.23 15:15,4728.33,4734.91,4725.82,4733.2
2026.04.23 15:30,4733.29,4742.42,4733.2,4739.29
2026.04.23 15:45,4739.7,4742.97,4731.46,4739.93
2026.04.23 16:00,4740.06,4740.62,4723.91,4725.56
2026.04.23 16:15,4725.61,4730.62,4725.44,4727.29
2026.04.23 16:30,4727.25,4735.53,4724.29,4734.34
2026.04.23 16:45,4733.14,4741.11,4724.18,4724.24
2026.04.23 17:00,4724.24,4728.6,4716.91,4724.15
2026.04.23 17:15,4723.97,4735.77,4723.35,4731.27
2026.04.23 17:30,4731.18,4734.48,4725.91,4730.89
2026.04.23 17:45,4730.92,4736.49,4727.98,4733.47
2026.04.23 18:00,4733.5,4734.6,4726.6,4730.62
2026.04.23 18:15,4730.68,4740.8,4729.7,4733.43
2026.04.23 18:30,4733.47,4734.63,4727.84,4727.87
2026.04.23 18:45,4727.97,4728.35,4716.39,4720.24
2026.04.23 19:00,4720.27,4722.41,4715.42,4719.23
2026.04.23 19:15,4719.21,4724.89,4718.77,4723.1
2026.04.23 19:30,4723.1,4734.53,4722.47,4733.89
2026.04.23 19:45,4733.9,4737.0,4730.55,4732.86
2026.04.23 20:00,4732.92,4734.4,4705.83,4715.87
2026.04.23 20:15,4715.89,4717.94,4704.3,4706.34
2026.04.23 20:30,4706.34,4713.86,4672.99,4677.3
2026.04.23 20:45,4677.53,4710.73,4664.08,4709.09
2026.04.23 21:00,4709.33,4722.06,4707.44,4713.75
2026.04.23 21:15,4713.73,4716.66,4710.7,4716.64
2026.04.23 21:30,4716.57,4720.34,4707.13,4711.16
2026.04.23 21:45,4711.14,4711.82,4699.25,4701.0
2026.04.23 22:00,4700.82,4704.3,4692.67,4696.15
2026.04.23 22:15,4696.1,4702.48,4695.28,4700.03
2026.04.23 22:30,4700.02,4701.08,4689.36,4692.24
2026.04.23 22:45,4692.3,4700.01,4692.06,4695.93
2026.04.23 23:00,4695.74,4697.98,4690.32,4690.47
2026.04.23 23:15,4690.44,4692.43,4686.35,4689.24
2026.04.23 23:30,4689.18,4691.38,4687.92,4691.1
2026.04.23 23:45,4691.07,4694.3,4688.24,4694.3
2026.04.24 01:00,4700.85,4702.92,4694.6,4697.0
2026.04.24 01:15,4697.02,4697.03,4691.85,4692.54
2026.04.24 01:30,4692.53,4696.67,4690.73,4693.42
2026.04.24 01:45,4693.4,4694.39,4689.9,4693.13
2026.04.24 02:00,4692.99,4695.41,4689.5,4689.53
2026.04.24 02:15,4689.52,4694.57,4686.73,4694.32
2026.04.24 02:30,4694.79,4700.64,4693.54,4697.28
2026.04.24 02:45,4697.3,4699.55,4692.1,4695.27
2026.04.24 03:00,4695.21,4700.05,4690.77,4697.87
2026.04.24 03:15,4698.02,4705.5,4696.22,4705.36
2026.04.24 03:30,4705.35,4707.71,4701.09,4701.34
2026.04.24 03:45,4701.37,4705.69,4697.17,4704.45
2026.04.24 04:00,4704.46,4709.79,4695.69,4709.16
2026.04.24 04:15,4709.2,4710.92,4698.13,4698.27
2026.04.24 04:30,4698.27,4702.18,4690.27,4690.77
2026.04.24 04:45,4690.7,4700.55,4690.14,4699.34
2026.04.24 05:00,4699.35,4700.49,4690.1,4693.03
2026.04.24 05:15,4693.3,4696.12,4682.11,4683.56
2026.04.24 05:30,4683.59,4690.75,4680.02,4683.39
2026.04.24 05:45,4683.32,4683.97,4673.02,4676.7
2026.04.24 06:00,4676.65,4678.12,4668.59,4670.17
2026.04.24 06:15,4670.32,4677.94,4670.04,4674.22
2026.04.24 06:30,4674.28,4677.99,4672.73,4675.0
2026.04.24 06:45,4675.03,4676.53,4671.38,4672.0
2026.04.24 07:00,4671.88,4674.43,4667.25,4669.93
2026.04.24 07:15,4670.01,4670.71,4658.7,4659.42
2026.04.24 07:30,4659.66,4668.51,4657.5,4668.13
2026.04.24 07:45,4668.14,4676.68,4668.03,4674.35
2026.04.24 08:00,4674.39,4676.7,4669.41,4673.39
2026.04.24 08:15,4673.67,4678.48,4671.98,4676.46
2026.04.24 08:30,4676.43,4687.19,4676.43,4682.54
2026.04.24 08:45,4682.53,4686.65,4680.17,4686.13
2026.04.24 09:00,4686.18,4687.76,4680.88,4681.7
2026.04.24 09:15,4681.73,4681.92,4670.0,4671.39
2026.04.24 09:30,4671.4,4675.99,4669.8,4673.58
2026.04.24 09:45,4673.56,4676.23,4666.68,4671.8
2026.04.24 10:00,4671.5,4681.24,4670.88,4680.4
2026.04.24 10:15,4680.37,4684.79,4678.1,4684.34
2026.04.24 10:30,4684.28,4686.06,4682.25,4685.42
2026.04.24 10:45,4685.49,4695.11,4685.16,4694.31
2026.04.24 11:00,4694.4,4694.43,4686.22,4687.24
2026.04.24 11:15,4687.26,4697.25,4686.61,4687.79
2026.04.24 11:30,4687.71,4690.03,4684.92,4687.99
2026.04.24 11:45,4687.97,4692.88,4687.54,4690.68
2026.04.24 12:00,4690.74,4695.22,4689.55,4695.16
2026.04.24 12:15,4695.12,4696.59,4682.16,4683.16
2026.04.24 12:30,4683.19,4688.38,4679.3,4685.86
2026.04.24 12:45,4685.89,4686.68,4679.24,4681.95
2026.04.24 13:00,4681.94,4684.72,4680.74,4682.16
2026.04.24 13:15,4682.04,4686.07,4680.07,4682.08
2026.04.24 13:30,4682.08,4682.22,4674.41,4678.74
2026.04.24 13:45,4678.69,4680.54,4676.52,4677.6
2026.04.24 14:00,4677.59,4703.22,4677.59,4696.99
2026.04.24 14:15,4697.01,4716.88,4692.36,4715.26
2026.04.24 14:30,4715.28,4717.29,4704.93,4705.26
2026.04.24 14:45,4705.21,4708.12,4702.75,4706.78
2026.04.24 15:00,4706.8,4710.14,4703.24,4708.45
2026.04.24 15:15,4708.44,4711.67,4701.36,4710.21
2026.04.24 15:30,4710.07,4711.46,4698.59,4698.7
2026.04.24 15:45,4698.76,4700.9,4690.24,4700.54
2026.04.24 16:00,4700.88,4705.47,4696.03,4702.85
2026.04.24 16:15,4702.86,4705.0,4693.47,4696.94
2026.04.24 16:30,4696.86,4709.62,4689.62,4708.07
2026.04.24 16:45,4708.08,4717.31,4704.6,4711.81
2026.04.24 17:00,4711.31,4740.21,4706.78,4731.22
2026.04.24 17:15,4731.01,4733.86,4721.39,4725.37
2026.04.24 17:30,4725.45,4732.8,4723.57,4730.25
2026.04.24 17:45,4730.39,4731.1,4723.94,4726.24
2026.04.24 18:00,4726.28,4727.1,4718.77,4721.78
2026.04.24 18:15,4721.74,4726.15,4718.36,4721.77
2026.04.24 18:30,4721.81,4729.46,4714.5,4727.76
2026.04.24 18:45,4727.85,4733.24,4723.89,4727.04
2026.04.24 19:00,4726.54,4729.56,4720.07,4720.36
2026.04.24 19:15,4720.27,4725.75,4718.91,4723.09
2026.04.24 19:30,4723.21,4726.96,4719.07,4722.38
2026.04.24 19:45,4722.39,4727.44,4720.19,4726.6
2026.04.24 20:00,4726.6,4729.84,4725.54,4727.51
2026.04.24 20:15,4727.44,4729.13,4722.1,4722.63
2026.04.24 20:30,4722.29,4725.39,4718.85,4722.46
2026.04.24 20:45,4722.48,4727.77,4720.43,4723.22
2026.04.24 21:00,4723.25,4724.66,4719.76,4723.59
2026.04.24 21:15,4723.51,4724.12,4716.85,4716.93
2026.04.24 21:30,4716.86,4720.37,4716.62,4718.74
2026.04.24 21:45,4718.63,4723.06,4717.6,4722.57
2026.04.24 22:00,4722.59,4725.89,4720.87,4722.24
2026.04.24 22:15,4722.19,4723.13,4717.23,4718.87
2026.04.24 22:30,4718.8,4720.42,4715.78,4716.5
2026.04.24 22:45,4716.19,4718.39,4713.55,4716.56
2026.04.24 23:00,4716.36,4717.21,4705.1,4706.42
2026.04.24 23:15,4706.41,4709.32,4705.11,4707.96
2026.04.24 23:30,4707.91,4708.16,4704.79,4706.94
2026.04.24 23:45,4706.94,4708.82,4706.22,4708.08
2026.04.27 01:00,4697.46,4703.28,4679.16,4684.55
2026.04.27 01:15,4684.63,4688.1,4682.34,4686.42
2026.04.27 01:30,4686.42,4686.7,4682.05,4684.44
2026.04.27 01:45,4684.5,4685.92,4681.86,4684.48
2026.04.27 02:00,4684.25,4684.81,4677.52,4683.6
2026.04.27 02:15,4683.58,4684.42,4677.06,4677.21
2026.04.27 02:30,4677.07,4679.9,4674.87,4676.79
2026.04.27 02:45,4676.8,4681.95,4676.8,4679.77
2026.04.27 03:00,4679.82,4680.97,4671.94,4679.59
2026.04.27 03:15,4679.6,4682.02,4677.56,4680.68
2026.04.27 03:30,4680.79,4681.39,4676.61,4680.43
2026.04.27 03:45,4680.4,4697.89,4680.36,4697.66
2026.04.27 04:00,4697.72,4709.6,4692.02,4692.67
2026.04.27 04:15,4692.65,4698.45,4690.7,4697.87
2026.04.27 04:30,4697.86,4700.81,4695.55,4697.81
2026.04.27 04:45,4697.84,4706.33,4697.63,4702.59
2026.04.27 05:00,4702.6,4706.62,4696.12,4699.48
2026.04.27 05:15,4699.46,4708.11,4698.82,4705.48
2026.04.27 05:30,4705.49,4714.39,4704.11,4713.35
2026.04.27 05:45,4713.39,4723.34,4711.98,4717.95
2026.04.27 06:00,4717.89,4721.95,4716.07,4717.58
2026.04.27 06:15,4717.57,4718.23,4714.31,4715.5
2026.04.27 06:30,4715.57,4729.4,4715.28,4728.35
2026.04.27 06:45,4728.37,4728.69,4722.5,4724.03
2026.04.27 07:00,4723.88,4727.89,4723.61,4727.37
2026.04.27 07:15,4727.36,4727.79,4724.77,4726.71
2026.04.27 07:30,4726.79,4729.8,4725.15,4726.0
2026.04.27 07:45,4725.99,4726.36,4722.5,4724.79
2026.04.27 08:00,4724.85,4725.3,4717.88,4718.15
2026.04.27 08:15,4718.15,4719.73,4715.99,4718.05
2026.04.27 08:30,4718.03,4718.27,4708.94,4711.48
2026.04.27 08:45,4711.52,4713.5,4708.62,4710.0
2026.04.27 09:00,4710.0,4715.35,4709.12,4714.22
2026.04.27 09:15,4714.16,4715.43,4711.2,4714.19
2026.04.27 09:30,4714.18,4714.31,4709.24,4710.65
2026.04.27 09:45,4710.63,4715.32,4709.9,4712.72
2026.04.27 10:00,4712.71,4718.13,4710.88,4716.99
2026.04.27 10:15,4716.97,4718.17,4712.25,4715.86
2026.04.27 10:30,4715.9,4717.23,4713.42,4714.77
2026.04.27 10:45,4714.76,4716.75,4709.9,4713.18
2026.04.27 11:00,4713.2,4714.2,4709.93,4710.77
2026.04.27 11:15,4710.78,4713.92,4709.33,4710.57
2026.04.27 11:30,4710.56,4711.74,4705.24,4711.71
2026.04.27 11:45,4711.72,4714.57,4705.45,4706.65
2026.04.27 12:00,4706.67,4708.03,4702.39,4704.97
2026.04.27 12:15,4704.91,4706.53,4701.47,4702.22
2026.04.27 12:30,4702.18,4705.31,4699.29,4704.45
2026.04.27 12:45,4704.42,4704.43,4699.43,4703.42
2026.04.27 13:00,4703.52,4706.73,4701.42,4701.75
2026.04.27 13:15,4701.8,4705.72,4699.41,4704.94
2026.04.27 13:30,4705.0,4710.43,4704.55,4708.91
2026.04.27 13:45,4709.03,4710.66,4707.01,4708.6
2026.04.27 14:00,4708.65,4708.97,4703.83,4703.94
2026.04.27 14:15,4703.97,4706.81,4700.14,4705.08
2026.04.27 14:30,4705.11,4708.37,4699.91,4702.49
2026.04.27 14:45,4702.48,4705.12,4700.79,4704.65
2026.04.27 15:00,4704.7,4709.05,4702.44,4708.75
2026.04.27 15:15,4708.79,4712.49,4701.94,4706.95
2026.04.27 15:30,4706.96,4707.64,4696.96,4698.6
2026.04.27 15:45,4698.51,4704.32,4696.67,4699.02
2026.04.27 16:00,4699.0,4700.43,4693.16,4695.85
2026.04.27 16:15,4695.8,4703.28,4695.37,4699.81
2026.04.27 16:30,4699.74,4702.42,4689.04,4693.15
2026.04.27 16:45,4693.19,4697.15,4689.23,4696.05
2026.04.27 17:00,4696.1,4696.11,4687.6,4692.4
2026.04.27 17:15,4692.38,4696.43,4686.08,4688.87
2026.04.27 17:30,4688.84,4696.57,4683.4,4693.24
2026.04.27 17:45,4693.26,4693.83,4676.45,4677.97
2026.04.27 18:00,4678.03,4679.26,4667.05,4674.41
2026.04.27 18:15,4674.41,4680.97,4671.83,4680.92
2026.04.27 18:30,4681.03,4682.36,4676.83,4677.49
2026.04.27 18:45,4677.39,4677.88,4667.86,4669.88
2026.04.27 19:00,4669.87,4674.8,4667.18,4674.42
2026.04.27 19:15,4674.33,4677.6,4673.55,4676.22
2026.04.27 19:30,4676.18,4679.36,4674.17,4674.71
2026.04.27 19:45,4674.7,4677.93,4674.58,4676.48
2026.04.27 20:00,4676.54,4678.31,4671.54,4673.52
2026.04.27 20:15,4673.47,4679.86,4668.11,4679.68
2026.04.27 20:30,4679.82,4686.01,4679.3,4682.96
2026.04.27 20:45,4682.94,4684.29,4680.92,4682.03
2026.04.27 21:00,4682.01,4682.6,4678.83,4681.28
2026.04.27 21:15,4681.2,4685.33,4680.46,4683.91
2026.04.27 21:30,4683.85,4685.16,4682.37,4682.69
2026.04.27 21:45,4682.65,4684.93,4680.52,4680.52
2026.04.27 22:00,4680.47,4681.07,4678.34,4680.09
2026.04.27 22:15,4680.08,4682.51,4679.61,4682.07
2026.04.27 22:30,4682.19,4682.23,4676.55,4679.83
2026.04.27 22:45,4679.84,4681.31,4678.28,4680.64
2026.04.27 23:00,4680.51,4681.3,4677.34,4678.95
2026.04.27 23:15,4679.0,4680.63,4678.44,4679.57
2026.04.27 23:30,4679.63,4680.33,4678.61,4679.99
2026.04.27 23:45,4679.98,4681.67,4678.26,4681.67
2026.04.28 01:00,4683.58,4691.1,4682.23,4689.14
2026.04.28 01:15,4689.16,4689.7,4686.79,4688.95
2026.04.28 01:30,4688.94,4689.59,4686.27,4687.19
2026.04.28 01:45,4687.22,4688.0,4686.05,4687.74
2026.04.28 02:00,4687.71,4689.83,4687.06,4689.66
2026.04.28 02:15,4689.7,4691.54,4689.33,4690.41
2026.04.28 02:30,4690.42,4694.24,4690.3,4694.18
2026.04.28 02:45,4694.12,4694.86,4691.71,4691.74
2026.04.28 03:00,4691.83,4701.08,4691.6,4697.78
2026.04.28 03:15,4697.72,4699.28,4692.18,4694.76
2026.04.28 03:30,4694.75,4695.0,4691.6,4693.4
2026.04.28 03:45,4693.6,4694.46,4690.34,4690.44
2026.04.28 04:00,4690.36,4690.77,4684.27,4687.9
2026.04.28 04:15,4687.78,4690.57,4685.58,4687.45
2026.04.28 04:30,4687.49,4691.3,4683.77,4687.14
2026.04.28 04:45,4687.13,4687.52,4669.49,4670.65
2026.04.28 05:00,4670.69,4677.89,4666.13,4677.24
2026.04.28 05:15,4677.22,4679.65,4674.31,4675.38
2026.04.28 05:30,4675.45,4675.45,4670.38,4670.86
2026.04.28 05:45,4670.85,4671.26,4666.4,4669.05
2026.04.28 06:00,4669.07,4674.07,4668.28,4672.81
2026.04.28 06:15,4672.79,4675.69,4671.25,4674.81
2026.04.28 06:30,4674.79,4675.25,4671.58,4671.88
2026.04.28 06:45,4671.8,4672.44,4669.2,4670.87
2026.04.28 07:00,4670.86,4671.12,4666.64,4669.69
2026.04.28 07:15,4669.67,4669.7,4666.39,4667.31
2026.04.28 07:30,4667.28,4669.83,4666.76,4669.83
2026.04.28 07:45,4669.74,4669.91,4667.15,4667.49
2026.04.28 08:00,4667.53,4667.84,4648.88,4652.27
2026.04.28 08:15,4652.29,4659.52,4651.1,4658.14
2026.04.28 08:30,4658.18,4658.41,4624.17,4624.61
2026.04.28 08:45,4624.66,4634.2,4623.77,4632.13
2026.04.28 09:00,4632.12,4642.84,4625.76,4640.47
2026.04.28 09:15,4640.43,4640.95,4623.39,4631.49
2026.04.28 09:30,4631.45,4634.55,4625.49,4629.57
2026.04.28 09:45,4629.55,4631.54,4623.17,4628.87
2026.04.28 10:00,4628.86,4639.18,4627.33,4634.08
2026.04.28 10:15,4634.04,4634.7,4627.07,4629.52
2026.04.28 10:30,4629.5,4635.34,4625.89,4629.1
2026.04.28 10:45,4629.11,4633.48,4620.47,4633.02
2026.04.28 11:00,4632.94,4633.41,4614.72,4620.06
2026.04.28 11:15,4620.13,4626.88,4619.0,4626.82
2026.04.28 11:30,4626.67,4635.22,4626.53,4628.11
2026.04.28 11:45,4627.95,4630.43,4625.05,4629.49
2026.04.28 12:00,4629.46,4629.84,4621.45,4625.23
2026.04.28 12:15,4625.23,4625.75,4612.93,4618.18
2026.04.28 12:30,4618.14,4618.92,4607.94,4613.48
2026.04.28 12:45,4613.46,4615.05,4604.46,4604.66
2026.04.28 13:00,4604.25,4613.51,4604.25,4612.5
2026.04.28 13:15,4612.49,4616.36,4610.73,4611.41
2026.04.28 13:30,4611.33,4615.69,4610.85,4613.02
2026.04.28 13:45,4612.98,4615.26,4603.13,4603.14
2026.04.28 14:00,4602.2,4608.61,4597.72,4598.48
2026.04.28 14:15,4598.47,4604.01,4594.01,4599.3
2026.04.28 14:30,4599.28,4599.68,4567.9,4571.93
2026.04.28 14:45,4571.9,4573.87,4555.33,4562.59
2026.04.28 15:00,4562.73,4581.53,4554.75,4581.34
2026.04.28 15:15,4581.58,4597.95,4573.65,4580.05
2026.04.28 15:30,4580.04,4588.6,4570.44,4586.78
2026.04.28 15:45,4586.82,4599.93,4584.15,4593.63
2026.04.28 16:00,4593.59,4594.5,4571.1,4576.09
2026.04.28 16:15,4576.01,4584.39,4572.06,4581.47
2026.04.28 16:30,4581.37,4591.49,4570.69,4581.72
2026.04.28 16:45,4581.71,4592.49,4574.68,4580.31
2026.04.28 17:00,4580.29,4580.49,4564.9,4568.11
2026.04.28 17:15,4568.01,4577.82,4564.35,4571.28
2026.04.28 17:30,4571.43,4577.88,4557.18,4564.0
2026.04.28 17:45,4564.02,4574.63,4557.18,4574.39
2026.04.28 18:00,4574.38,4581.72,4570.27,4572.54
2026.04.28 18:15,4572.54,4577.29,4566.89,4576.83
2026.04.28 18:30,4576.8,4581.2,4570.99,4577.66
2026.04.28 18:45,4577.67,4586.34,4576.5,4586.3
2026.04.28 19:00,4586.38,4586.79,4582.19,4585.13
2026.04.28 19:15,4585.09,4585.58,4577.69,4582.75
2026.04.28 19:30,4582.73,4586.63,4580.51,4584.77
2026.04.28 19:45,4584.78,4594.74,4583.68,4592.1
2026.04.28 20:00,4592.06,4594.77,4588.39,4593.57
2026.04.28 20:15,4593.56,4597.11,4587.13,4593.52
2026.04.28 20:30,4593.65,4601.3,4593.61,4598.9
2026.04.28 20:45,4598.88,4600.33,4593.9,4594.52
2026.04.28 21:00,4594.57,4598.31,4591.95,4595.88
2026.04.28 21:15,4595.9,4600.49,4595.9,4598.8
2026.04.28 21:30,4598.84,4599.4,4593.45,4597.64
2026.04.28 21:45,4597.63,4598.71,4592.93,4594.14
2026.04.28 22:00,4594.11,4598.55,4593.67,4595.42
2026.04.28 22:15,4595.43,4597.02,4593.62,4596.09
2026.04.28 22:30,4596.16,4599.76,4594.5,4598.36
2026.04.28 22:45,4598.35,4599.11,4593.17,4595.5
2026.04.28 23:00,4595.49,4598.58,4594.73,4597.17
2026.04.28 23:15,4597.18,4598.04,4590.99,4592.67
2026.04.28 23:30,4592.68,4595.23,4592.2,4593.18
2026.04.28 23:45,4593.2,4597.19,4592.62,4596.93
2026.04.29 01:00,4597.78,4599.74,4594.21,4596.36
2026.04.29 01:15,4596.37,4597.08,4595.05,4595.65
2026.04.29 01:30,4595.69,4597.05,4592.85,4593.49
2026.04.29 01:45,4593.46,4595.18,4592.22,4593.91
2026.04.29 02:00,4593.97,4594.35,4589.12,4590.76
2026.04.29 02:15,4590.75,4592.58,4590.14,4592.03
2026.04.29 02:30,4592.06,4593.27,4587.83,4589.68
2026.04.29 02:45,4589.66,4595.96,4588.71,4595.46
2026.04.29 03:00,4595.5,4610.26,4594.75,4607.29
2026.04.29 03:15,4607.38,4607.59,4598.59,4599.92
2026.04.29 03:30,4599.93,4604.63,4599.23,4603.55
2026.04.29 03:45,4603.56,4603.96,4596.06,4600.09
2026.04.29 04:00,4600.1,4600.29,4575.55,4582.25
2026.04.29 04:15,4582.15,4586.45,4579.21,4580.4
2026.04.29 04:30,4580.4,4591.5,4578.96,4590.13
2026.04.29 04:45,4590.3,4591.42,4580.28,4584.73
2026.04.29 05:00,4584.78,4602.35,4584.76,4600.74
2026.04.29 05:15,4600.84,4604.08,4598.07,4598.96
2026.04.29 05:30,4599.01,4601.66,4595.68,4596.7
2026.04.29 05:45,4596.63,4601.09,4592.23,4593.64
2026.04.29 06:00,4593.65,4602.81,4592.72,4601.7
2026.04.29 06:15,4601.73,4603.11,4597.0,4598.69
2026.04.29 06:30,4598.68,4598.68,4592.49,4593.77
2026.04.29 06:45,4593.71,4596.44,4591.99,4595.4
2026.04.29 07:00,4595.57,4603.38,4595.24,4600.62
2026.04.29 07:15,4600.7,4601.83,4597.36,4601.71
2026.04.29 07:30,4601.72,4605.42,4601.47,4601.88
2026.04.29 07:45,4601.9,4605.51,4601.9,4604.64
2026.04.29 08:00,4604.61,4607.55,4600.26,4600.99
2026.04.29 08:15,4601.0,4602.63,4598.51,4600.46
2026.04.29 08:30,4600.57,4601.44,4594.05,4598.95
2026.04.29 08:45,4598.91,4603.11,4590.52,4590.93
2026.04.29 09:00,4590.77,4598.56,4586.89,4588.36
2026.04.29 09:15,4588.4,4589.15,4581.11,4584.88
2026.04.29 09:30,4584.89,4587.5,4580.7,4584.91
2026.04.29 09:45,4584.93,4586.82,4581.03,4584.42
2026.04.29 10:00,4584.34,4588.72,4576.56,4578.57
2026.04.29 10:15,4578.59,4581.14,4569.47,4575.06
2026.04.29 10:30,4575.05,4578.53,4569.18,4570.26
2026.04.29 10:45,4570.28,4572.32,4567.21,4567.79
2026.04.29 11:00,4567.77,4573.21,4564.37,4565.16
2026.04.29 11:15,4565.15,4571.22,4565.15,4566.4
2026.04.29 11:30,4566.19,4568.74,4557.1,4568.14
2026.04.29 11:45,4568.13,4576.59,4568.07,4573.01
2026.04.29 12:00,4573.05,4575.5,4570.22,4573.69
2026.04.29 12:15,4573.59,4580.71,4565.58,4565.7
2026.04.29 12:30,4565.69,4569.48,4558.63,4558.87
2026.04.29 12:45,4559.0,4561.86,4551.5,4555.6
2026.04.29 13:00,4555.51,4568.01,4554.9,4567.81
2026.04.29 13:15,4567.82,4573.03,4567.82,4571.61
2026.04.29 13:30,4571.67,4576.38,4565.93,4566.22
2026.04.29 13:45,4566.21,4570.48,4563.81,4569.7
2026.04.29 14:00,4569.69,4571.81,4565.25,4567.9
2026.04.29 14:15,4568.01,4570.17,4564.03,4564.57
2026.04.29 14:30,4564.34,4571.65,4563.46,4566.78
2026.04.29 14:45,4566.73,4566.73,4559.04,4561.58
2026.04.29 15:00,4561.55,4568.09,4560.44,4564.41
2026.04.29 15:15,4564.45,4568.86,4559.27,4559.32
2026.04.29 15:30,4559.25,4559.62,4551.06,4557.54
2026.04.29 15:45,4557.52,4559.83,4542.05,4544.78
2026.04.29 16:00,4544.94,4553.17,4544.94,4549.72
2026.04.29 16:15,4549.69,4551.5,4534.4,4537.73
2026.04.29 16:30,4537.66,4539.41,4513.39,4514.58
2026.04.29 16:45,4514.55,4529.86,4510.0,4521.76
2026.04.29 17:00,4521.65,4528.25,4517.66,4526.06
2026.04.29 17:15,4526.05,4537.46,4524.25,4533.09
2026.04.29 17:30,4533.05,4542.68,4530.69,4538.69
2026.04.29 17:45,4538.7,4540.46,4531.96,4539.2
2026.04.29 18:00,4539.18,4546.72,4536.19,4537.81
2026.04.29 18:15,4537.91,4546.29,4536.08,4543.33
2026.04.29 18:30,4543.25,4556.17,4540.05,4553.02
2026.04.29 18:45,4553.03,4558.76,4542.05,4547.57
2026.04.29 19:00,4547.65,4564.71,4546.94,4558.97
2026.04.29 19:15,4559.02,4564.14,4557.0,4560.15
2026.04.29 19:30,4560.12,4560.12,4545.55,4550.13
2026.04.29 19:45,4550.23,4551.28,4543.23,4545.38
2026.04.29 20:00,4545.42,4552.06,4542.64,4550.5
2026.04.29 20:15,4550.49,4554.37,4545.85,4547.07
2026.04.29 20:30,4547.0,4548.36,4542.54,4544.56
2026.04.29 20:45,4544.54,4547.4,4541.4,4546.7
2026.04.29 21:00,4547.45,4552.63,4525.11,4525.35
2026.04.29 21:15,4525.38,4539.62,4524.88,4532.75
2026.04.29 21:30,4532.74,4540.56,4520.32,4520.32
2026.04.29 21:45,4520.42,4541.02,4518.06,4537.81
2026.04.29 22:00,4537.8,4548.64,4532.96,4547.51
2026.04.29 22:15,4547.3,4550.41,4540.9,4542.63
2026.04.29 22:30,4542.43,4544.85,4537.47,4539.44
2026.04.29 22:45,4539.37,4549.67,4539.22,4546.75
2026.04.29 23:00,4546.7,4553.36,4542.44,4546.18
2026.04.29 23:15,4546.39,4547.85,4541.26,4543.22
2026.04.29 23:30,4543.23,4546.6,4542.37,4543.74
2026.04.29 23:45,4543.68,4544.64,4541.28,4543.4
2026.04.30 01:00,4545.38,4548.68,4539.22,4546.12
2026.04.30 01:15,4546.27,4550.7,4546.15,4548.88
2026.04.30 01:30,4548.87,4552.04,4547.21,4548.25
2026.04.30 01:45,4548.18,4552.52,4547.6,4551.94
2026.04.30 02:00,4551.95,4553.92,4550.31,4553.2
2026.04.30 02:15,4553.18,4554.95,4549.46,4551.49
2026.04.30 02:30,4551.5,4554.86,4551.24,4554.31
2026.04.30 02:45,4554.32,4561.82,4553.78,4561.51
2026.04.30 03:00,4561.63,4568.42,4557.64,4557.97
2026.04.30 03:15,4558.04,4564.41,4556.19,4563.4
2026.04.30 03:30,4563.41,4566.88,4562.1,4566.88
2026.04.30 03:45,4566.87,4574.07,4566.55,4569.76
2026.04.30 04:00,4569.72,4571.14,4564.55,4568.35
2026.04.30 04:15,4568.4,4580.97,4565.8,4579.72
2026.04.30 04:30,4579.88,4581.29,4570.79,4576.24
2026.04.30 04:45,4576.25,4582.38,4573.92,4579.16
2026.04.30 05:00,4579.14,4581.77,4574.64,4579.47
2026.04.30 05:15,4579.5,4580.53,4571.69,4572.97
2026.04.30 05:30,4572.69,4573.95,4560.19,4562.29
2026.04.30 05:45,4562.3,4565.26,4559.79,4564.81
2026.04.30 06:00,4564.76,4568.92,4562.5,4564.84
2026.04.30 06:15,4565.07,4566.71,4562.79,4563.19
2026.04.30 06:30,4563.45,4563.82,4557.65,4561.44
2026.04.30 06:45,4561.43,4561.43,4555.45,4555.73
2026.04.30 07:00,4555.81,4556.52,4550.68,4555.3
2026.04.30 07:15,4555.27,4556.86,4545.53,4547.12
2026.04.30 07:30,4547.02,4547.56,4540.86,4544.55
2026.04.30 07:45,4544.51,4549.35,4541.81,4541.87
2026.04.30 08:00,4541.85,4553.52,4541.71,4553.2
2026.04.30 08:15,4553.21,4558.93,4551.8,4555.46
2026.04.30 08:30,4555.48,4566.71,4553.58,4563.88
2026.04.30 08:45,4563.87,4569.58,4562.14,4562.57
2026.04.30 09:00,4562.65,4567.73,4560.04,4565.92
2026.04.30 09:15,4565.95,4570.87,4563.37,4569.44
2026.04.30 09:30,4569.43,4578.27,4569.43,4575.04
2026.04.30 09:45,4575.08,4591.37,4574.61,4589.33
2026.04.30 10:00,4589.38,4595.65,4586.02,4591.52
2026.04.30 10:15,4591.48,4593.52,4584.64,4591.35
2026.04.30 10:30,4591.22,4597.78,4588.02,4596.56
2026.04.30 10:45,4596.54,4605.3,4593.33,4598.33
2026.04.30 11:00,4598.34,4629.48,4597.27,4618.59
2026.04.30 11:15,4618.6,4620.34,4611.98,4617.33
2026.04.30 11:30,4617.32,4620.63,4613.6,4614.88
2026.04.30 11:45,4614.94,4619.2,4614.13,4616.13
2026.04.30 12:00,4616.25,4619.94,4614.26,4618.69
2026.04.30 12:15,4618.7,4626.57,4615.31,4625.43
2026.04.30 12:30,4625.46,4631.61,4618.35,4619.18
2026.04.30 12:45,4619.52,4627.07,4618.1,4625.06
2026.04.30 13:00,4625.05,4629.13,4623.5,4626.59
2026.04.30 13:15,4626.58,4643.94,4626.01,4643.55
2026.04.30 13:30,4643.62,4646.91,4634.13,4636.52
2026.04.30 13:45,4636.47,4639.69,4633.77,4639.65
2026.04.30 14:00,4639.69,4645.47,4635.84,4635.87
2026.04.30 14:15,4635.93,4643.45,4630.3,4637.45
2026.04.30 14:30,4637.51,4637.53,4626.6,4629.58
2026.04.30 14:45,4629.62,4635.24,4628.0,4630.1
2026.04.30 15:00,4630.11,4637.36,4629.37,4635.58
2026.04.30 15:15,4635.9,4637.33,4628.36,4629.27
2026.04.30 15:30,4629.29,4636.11,4624.97,4625.61
2026.04.30 15:45,4625.61,4639.93,4624.46,4639.41
2026.04.30 16:00,4639.43,4643.86,4634.45,4640.9
2026.04.30 16:15,4640.94,4645.77,4632.9,4633.45
2026.04.30 16:30,4633.38,4634.48,4620.12,4625.29
2026.04.30 16:45,4625.22,4625.22,4610.48,4610.74
2026.04.30 17:00,4610.81,4625.52,4609.03,4620.4
2026.04.30 17:15,4620.37,4625.81,4616.14,4622.77
2026.04.30 17:30,4622.74,4622.74,4610.68,4617.55
2026.04.30 17:45,4617.57,4623.66,4616.99,4619.77
2026.04.30 18:00,4619.69,4623.91,4614.77,4619.92
2026.04.30 18:15,4619.9,4624.4,4615.71,4622.78
2026.04.30 18:30,4622.72,4625.33,4613.25,4615.42
2026.04.30 18:45,4615.35,4617.1,4611.19,4615.16
2026.04.30 19:00,4615.11,4617.26,4609.9,4611.51
2026.04.30 19:15,4611.51,4611.7,4605.35,4607.82
2026.04.30 19:30,4607.79,4613.62,4606.88,4608.9
2026.04.30 19:45,4608.88,4617.59,4605.24,4607.33
2026.04.30 20:00,4607.5,4619.81,4607.46,4615.66
2026.04.30 20:15,4615.6,4620.58,4612.72,4617.46
2026.04.30 20:30,4617.35,4621.51,4614.78,4617.74
2026.04.30 20:45,4617.66,4619.69,4615.13,4616.66
2026.04.30 21:00,4616.67,4624.34,4616.62,4620.46
2026.04.30 21:15,4620.49,4625.03,4619.75,4620.58
2026.04.30 21:30,4620.75,4623.15,4618.99,4620.44
2026.04.30 21:45,4620.48,4624.9,4619.89,4622.26
2026.04.30 22:00,4622.24,4627.23,4621.94,4623.92
2026.04.30 22:15,4624.07,4625.17,4616.79,4617.6
2026.04.30 22:30,4617.63,4622.78,4615.04,4622.43
2026.04.30 22:45,4622.47,4623.06,4614.37,4616.81
2026.04.30 23:00,4616.99,4620.22,4615.63,4616.01
2026.04.30 23:15,4616.01,4619.2,4615.64,4616.58
2026.04.30 23:30,4616.06,4618.46,4615.31,4617.2
2026.04.30 23:45,4617.18,4621.76,4616.64,4621.61
2026.05.01 01:00,4625.5,4636.03,4625.38,4631.13
2026.05.01 01:15,4631.1,4631.4,4628.53,4630.98
2026.05.01 01:30,4630.99,4632.15,4626.67,4632.1
2026.05.01 01:45,4632.08,4632.15,4628.16,4630.21
2026.05.01 02:00,4630.27,4631.5,4628.02,4629.88
2026.05.01 02:15,4629.89,4631.94,4628.88,4630.51
2026.05.01 02:30,4630.48,4633.9,4630.41,4631.18
2026.05.01 02:45,4631.14,4633.12,4626.26,4626.37
2026.05.01 03:00,4626.31,4630.88,4620.54,4622.31
2026.05.01 03:15,4622.3,4628.35,4620.77,4623.54
2026.05.01 03:30,4623.52,4624.85,4618.28,4620.67
2026.05.01 03:45,4620.71,4624.92,4619.42,4619.48
2026.05.01 04:00,4619.53,4620.78,4615.5,4618.33
2026.05.01 04:15,4618.3,4618.88,4613.86,4616.24
2026.05.01 04:30,4616.15,4621.83,4615.99,4620.06
2026.05.01 04:45,4620.08,4622.14,4618.7,4620.86
2026.05.01 05:00,4620.55,4634.3,4619.7,4630.81
2026.05.01 05:15,4630.88,4635.85,4628.39,4629.35
2026.05.01 05:30,4629.33,4630.99,4623.83,4624.19
2026.05.01 05:45,4624.22,4624.38,4616.56,4619.09
2026.05.01 06:00,4619.03,4621.35,4617.69,4620.65
2026.05.01 06:15,4620.64,4626.58,4620.58,4626.2
2026.05.01 06:30,4626.18,4631.86,4625.26,4626.09
2026.05.01 06:45,4626.13,4627.86,4625.4,4626.54
2026.05.01 07:00,4626.57,4628.67,4619.73,4621.59
2026.05.01 07:15,4621.64,4623.15,4617.1,4617.54
2026.05.01 07:30,4617.53,4618.07,4611.98,4613.24
2026.05.01 07:45,4613.3,4614.39,4608.98,4609.01
2026.05.01 08:00,4608.99,4614.62,4607.41,4614.22
2026.05.01 08:15,4614.21,4616.01,4611.49,4614.58
2026.05.01 08:30,4614.55,4615.25,4609.29,4609.73
2026.05.01 08:45,4609.67,4613.4,4602.82,4604.75
2026.05.01 09:00,4604.77,4607.7,4600.96,4601.34
2026.05.01 09:15,4601.36,4601.83,4593.17,4593.25
2026.05.01 09:30,4593.35,4597.39,4590.75,4593.19
2026.05.01 09:45,4593.2,4595.83,4591.0,4594.53
2026.05.01 10:00,4594.37,4596.36,4589.78,4595.84
2026.05.01 10:15,4595.85,4597.9,4585.12,4592.2
2026.05.01 10:30,4592.23,4592.39,4583.55,4585.21
2026.05.01 10:45,4585.18,4585.8,4575.78,4578.08
2026.05.01 11:00,4578.06,4582.43,4573.39,4573.79
2026.05.01 11:15,4573.76,4576.75,4566.29,4567.19
2026.05.01 11:30,4567.02,4572.02,4565.97,4571.05
2026.05.01 11:45,4570.95,4572.62,4564.98,4568.69
2026.05.01 12:00,4568.89,4569.02,4564.11,4565.64
2026.05.01 12:15,4565.58,4571.08,4564.44,4569.09
2026.05.01 12:30,4568.99,4572.73,4567.37,4570.11
2026.05.01 12:45,4570.07,4570.5,4560.02,4562.56
2026.05.01 13:00,4562.58,4567.92,4561.29,4566.52
2026.05.01 13:15,4566.51,4572.53,4566.39,4572.01
2026.05.01 13:30,4572.0,4575.84,4567.22,4570.15
2026.05.01 13:45,4570.14,4571.87,4565.93,4566.71
2026.05.01 14:00,4566.71,4568.77,4562.38,4565.68
2026.05.01 14:15,4565.39,4576.32,4564.48,4571.65
2026.05.01 14:30,4571.64,4577.64,4570.05,4575.51
2026.05.01 14:45,4575.5,4579.52,4572.65,4578.51
2026.05.01 15:00,4578.49,4590.47,4574.78,4584.57
2026.05.01 15:15,4584.56,4607.38,4582.6,4602.71
2026.05.01 15:30,4602.79,4603.08,4588.85,4591.81
2026.05.01 15:45,4591.85,4595.3,4589.5,4590.97
2026.05.01 16:00,4590.95,4597.05,4589.57,4591.16
2026.05.01 16:15,4591.12,4593.04,4586.5,4589.11
2026.05.01 16:30,4589.15,4608.82,4586.41,4607.82
2026.05.01 16:45,4607.93,4628.69,4598.69,4625.51
2026.05.01 17:00,4625.62,4659.84,4625.62,4656.12
2026.05.01 17:15,4656.01,4660.14,4643.72,4644.44
2026.05.01 17:30,4644.41,4646.2,4630.24,4633.09
2026.05.01 17:45,4633.14,4635.27,4627.2,4632.03
2026.05.01 18:00,4632.0,4636.62,4618.91,4636.6
2026.05.01 18:15,4636.25,4640.49,4633.97,4636.33
2026.05.01 18:30,4636.5,4644.54,4635.33,4643.45
2026.05.01 18:45,4643.46,4647.95,4633.06,4643.13
2026.05.01 19:00,4643.06,4645.33,4637.98,4642.66
2026.05.01 19:15,4642.65,4649.98,4637.73,4637.77
2026.05.01 19:30,4637.82,4641.27,4633.72,4638.79
2026.05.01 19:45,4638.77,4642.78,4636.61,4638.69
2026.05.01 20:00,4638.72,4642.54,4637.44,4639.81
2026.05.01 20:15,4639.8,4640.09,4630.74,4631.5
2026.05.01 20:30,4631.49,4632.03,4626.68,4627.91
2026.05.01 20:45,4627.94,4634.77,4627.09,4629.35
2026.05.01 21:00,4629.35,4630.55,4615.51,4615.68
2026.05.01 21:15,4615.54,4623.48,4613.59,4623.1
2026.05.01 21:30,4623.33,4624.3,4615.99,4622.08
2026.05.01 21:45,4622.1,4625.79,4619.85,4624.15
2026.05.01 22:00,4624.15,4626.52,4620.33,4626.2
2026.05.01 22:15,4626.21,4627.55,4624.19,4624.19
2026.05.01 22:30,4624.21,4624.43,4611.25,4611.81
2026.05.01 22:45,4611.75,4615.25,4608.7,4610.57
2026.05.01 23:00,4610.61,4612.56,4606.84,4610.98
2026.05.01 23:15,4610.99,4615.96,4609.6,4613.16
2026.05.01 23:30,4613.18,4614.52,4609.67,4613.29
2026.05.01 23:45,4613.31,4616.49,4612.06,4613.55
2026.05.04 01:00,4631.5,4636.36,4615.75,4622.27
2026.05.04 01:15,4622.19,4622.67,4612.04,4620.15
2026.05.04 01:30,4620.19,4629.22,4619.62,4628.02
2026.05.04 01:45,4628.01,4629.04,4618.2,4618.73
2026.05.04 02:00,4618.69,4620.7,4611.12,4614.96
2026.05.04 02:15,4614.97,4617.49,4613.0,4616.98
2026.05.04 02:30,4616.97,4618.29,4612.75,4613.6
2026.05.04 02:45,4613.57,4616.94,4611.43,4613.73
2026.05.04 03:00,4613.7,4616.46,4604.47,4611.98
2026.05.04 03:15,4612.03,4614.64,4601.44,4605.76
2026.05.04 03:30,4605.79,4609.91,4604.73,4605.61
2026.05.04 03:45,4605.62,4613.33,4604.69,4612.82
2026.05.04 04:00,4612.76,4613.87,4595.84,4600.38
2026.05.04 04:15,4600.39,4604.4,4594.15,4594.56
2026.05.04 04:30,4594.55,4601.41,4592.61,4601.21
2026.05.04 04:45,4601.18,4613.6,4600.76,4612.9
2026.05.04 05:00,4612.8,4618.39,4603.45,4608.22
2026.05.04 05:15,4608.17,4608.17,4591.55,4592.94
2026.05.04 05:30,4592.86,4603.94,4591.0,4603.91
2026.05.04 05:45,4603.96,4611.1,4601.06,4605.83
2026.05.04 06:00,4605.72,4611.67,4604.34,4609.89
2026.05.04 06:15,4609.92,4610.76,4608.07,4609.39
2026.05.04 06:30,4609.38,4610.99,4598.34,4604.77
2026.05.04 06:45,4604.79,4616.93,4604.79,4614.84
2026.05.04 07:00,4614.88,4615.24,4607.56,4611.06
2026.05.04 07:15,4611.05,4613.03,4606.96,4607.87
2026.05.04 07:30,4607.83,4612.92,4607.11,4609.25
2026.05.04 07:45,4609.55,4610.5,4605.18,4605.97
2026.05.04 08:00,4605.99,4606.87,4601.99,4603.82
2026.05.04 08:15,4603.84,4613.0,4595.68,4596.5
2026.05.04 08:30,4596.55,4598.96,4592.05,4598.81
2026.05.04 08:45,4598.83,4601.75,4594.11,4598.85
2026.05.04 09:00,4598.98,4600.56,4587.65,4597.26
2026.05.04 09:15,4597.26,4597.69,4588.99,4593.82
2026.05.04 09:30,4593.97,4595.46,4584.31,4585.33
2026.05.04 09:45,4585.4,4592.27,4583.57,4588.51
2026.05.04 10:00,4588.46,4593.24,4585.41,4591.95
2026.05.04 10:15,4591.97,4592.54,4583.34,4585.86
2026.05.04 10:30,4585.91,4588.01,4582.57,4587.86
2026.05.04 10:45,4587.87,4590.7,4577.92,4578.86
2026.05.04 11:00,4578.79,4580.87,4574.03,4580.0
2026.05.04 11:15,4579.99,4580.98,4574.05,4574.92
2026.05.04 11:30,4574.94,4581.29,4573.66,4577.96
2026.05.04 11:45,4578.04,4579.55,4575.64,4576.86
2026.05.04 12:00,4576.77,4584.05,4576.06,4583.82
2026.05.04 12:15,4583.81,4584.29,4580.25,4581.19
2026.05.04 12:30,4581.2,4584.33,4580.33,4581.2
2026.05.04 12:45,4581.21,4582.16,4572.23,4575.28
2026.05.04 13:00,4575.25,4575.7,4537.47,4541.84
2026.05.04 13:15,4541.82,4545.08,4525.86,4544.84
2026.05.04 13:30,4544.85,4563.89,4542.93,4558.5
2026.05.04 13:45,4558.39,4566.75,4558.12,4562.41
2026.05.04 14:00,4562.59,4570.6,4561.19,4565.19
2026.05.04 14:15,4565.33,4569.87,4561.51,4562.08
2026.05.04 14:30,4561.98,4562.46,4551.36,4553.34
2026.05.04 14:45,4553.1,4562.88,4552.94,4560.24
2026.05.04 15:00,4560.23,4565.67,4559.14,4563.64
2026.05.04 15:15,4563.63,4579.14,4563.23,4568.46
2026.05.04 15:30,4568.45,4571.62,4560.98,4569.96
2026.05.04 15:45,4569.99,4575.71,4566.34,4568.2
2026.05.04 16:00,4568.18,4575.34,4557.19,4565.91
2026.05.04 16:15,4565.96,4567.46,4560.86,4560.92
2026.05.04 16:30,4560.99,4570.65,4555.52,4565.24
2026.05.04 16:45,4565.25,4566.65,4557.37,4563.88
2026.05.04 17:00,4563.89,4565.28,4553.46,4560.03
2026.05.04 17:15,4560.15,4582.01,4559.37,4571.07
2026.05.04 17:30,4571.08,4583.05,4570.12,4574.38
2026.05.04 17:45,4574.41,4576.82,4559.62,4561.52
2026.05.04 18:00,4561.53,4565.88,4548.15,4548.43
2026.05.04 18:15,4548.25,4555.29,4514.31,4537.85
2026.05.04 18:30,4538.13,4542.71,4527.49,4534.85
2026.05.04 18:45,4534.73,4534.93,4512.14,4521.42
2026.05.04 19:00,4521.23,4525.27,4500.55,4509.63
2026.05.04 19:15,4509.62,4526.8,4508.63,4514.75
2026.05.04 19:30,4514.72,4518.78,4511.34,4512.36
2026.05.04 19:45,4512.37,4515.87,4507.28,4510.54
2026.05.04 20:00,4510.51,4525.95,4510.51,4522.24
2026.05.04 20:15,4522.19,4531.47,4521.47,4524.17
2026.05.04 20:30,4524.08,4527.5,4521.64,4525.81
2026.05.04 20:45,4525.75,4526.44,4521.47,4522.26
2026.05.04 21:00,4522.27,4525.14,4518.52,4519.83
2026.05.04 21:15,4519.86,4520.13,4509.67,4511.81
2026.05.04 21:30,4511.79,4514.8,4510.49,4511.68
2026.05.04 21:45,4511.79,4516.33,4510.64,4516.23
2026.05.04 22:00,4516.19,4523.16,4511.18,4518.82
2026.05.04 22:15,4518.81,4525.77,4517.42,4522.19
2026.05.04 22:30,4522.23,4527.05,4520.41,4521.01
2026.05.04 22:45,4520.99,4523.16,4515.09,4517.61
2026.05.04 23:00,4517.65,4517.98,4511.6,4514.55
2026.05.04 23:15,4514.54,4515.52,4511.79,4515.1
2026.05.04 23:30,4515.09,4518.77,4514.53,4518.64
2026.05.04 23:45,4518.66,4523.77,4518.6,4523.63
2026.05.05 01:00,4523.62,4525.44,4517.87,4521.01
2026.05.05 01:15,4521.04,4522.67,4519.28,4519.68
2026.05.05 01:30,4519.69,4522.01,4518.8,4519.02
2026.05.05 01:45,4519.04,4519.25,4515.48,4517.39
2026.05.05 02:00,4517.33,4520.9,4516.09,4520.25
2026.05.05 02:15,4520.15,4521.53,4518.99,4520.94
2026.05.05 02:30,4520.92,4521.17,4518.12,4518.3
2026.05.05 02:45,4518.36,4520.53,4516.92,4518.84
2026.05.05 03:00,4518.91,4528.37,4517.56,4527.65
2026.05.05 03:15,4527.66,4527.66,4513.43,4516.88
2026.05.05 03:30,4516.85,4524.15,4515.86,4523.7
2026.05.05 03:45,4523.92,4530.13,4523.92,4529.77
2026.05.05 04:00,4529.54,4539.32,4525.37,4538.6
2026.05.05 04:15,4538.58,4539.89,4534.97,4537.53
2026.05.05 04:30,4537.69,4541.94,4533.76,4536.71
2026.05.05 04:45,4536.74,4541.31,4535.99,4540.91
2026.05.05 05:00,4540.9,4542.37,4537.27,4538.48
2026.05.05 05:15,4538.53,4541.58,4534.37,4541.36
2026.05.05 05:30,4541.39,4545.79,4540.02,4544.45
2026.05.05 05:45,4544.44,4546.7,4538.86,4539.04
2026.05.05 06:00,4538.93,4542.1,4537.56,4541.97
2026.05.05 06:15,4542.24,4542.51,4537.01,4537.93
2026.05.05 06:30,4537.9,4539.09,4535.35,4535.84
2026.05.05 06:45,4535.85,4536.86,4532.14,4534.51
2026.05.05 07:00,4534.47,4535.66,4532.44,4532.78
2026.05.05 07:15,4532.93,4533.66,4529.42,4529.53
2026.05.05 07:30,4529.54,4533.72,4527.85,4531.69
2026.05.05 07:45,4531.71,4536.31,4531.14,4533.38
2026.05.05 08:00,4533.3,4545.38,4531.13,4540.05
2026.05.05 08:15,4540.03,4540.25,4535.55,4540.01
2026.05.05 08:30,4540.05,4551.44,4539.85,4545.86
2026.05.05 08:45,4545.87,4548.68,4543.34,4545.54
2026.05.05 09:00,4545.59,4551.93,4541.4,4543.51
2026.05.05 09:15,4543.47,4544.62,4533.57,4536.76
2026.05.05 09:30,4536.8,4549.18,4536.19,4546.02
2026.05.05 09:45,4546.04,4550.74,4545.25,4547.86
2026.05.05 10:00,4547.78,4555.08,4547.3,4554.02
2026.05.05 10:15,4553.97,4555.52,4548.3,4548.77
2026.05.05 10:30,4548.9,4558.27,4548.79,4551.17
2026.05.05 10:45,4551.11,4551.73,4543.18,4545.39
2026.05.05 11:00,4545.42,4553.31,4545.29,4551.0
2026.05.05 11:15,4551.04,4554.61,4548.83,4551.12
2026.05.05 11:30,4550.98,4553.03,4547.87,4549.81
2026.05.05 11:45,4549.88,4559.5,4548.18,4558.33
2026.05.05 12:00,4558.57,4560.34,4553.53,4557.5
2026.05.05 12:15,4557.49,4557.63,4552.23,4552.23
2026.05.05 12:30,4552.16,4558.15,4550.98,4555.33
2026.05.05 12:45,4555.34,4557.22,4552.76,4556.13
2026.05.05 13:00,4556.16,4556.7,4550.39,4552.78
2026.05.05 13:15,4552.77,4554.79,4546.78,4547.77
2026.05.05 13:30,4547.74,4553.96,4544.18,4544.96
2026.05.05 13:45,4545.03,4545.63,4540.07,4543.51
2026.05.05 14:00,4543.55,4553.08,4539.83,4552.48
2026.05.05 14:15,4552.46,4557.57,4549.59,4556.03
2026.05.05 14:30,4556.05,4564.52,4555.05,4563.22
2026.05.05 14:45,4563.25,4564.79,4559.06,4562.72
2026.05.05 15:00,4562.72,4567.02,4554.02,4564.89
2026.05.05 15:15,4565.21,4574.17,4561.03,4573.59
2026.05.05 15:30,4573.58,4574.42,4566.52,4566.91
2026.05.05 15:45,4566.92,4568.36,4561.59,4564.46
2026.05.05 16:00,4564.19,4580.88,4564.18,4578.63
2026.05.05 16:15,4578.75,4584.88,4576.03,4576.68
2026.05.05 16:30,4576.78,4581.71,4571.52,4573.85
2026.05.05 16:45,4573.75,4582.94,4572.71,4579.16
2026.05.05 17:00,4581.66,4584.14,4570.65,4573.46
2026.05.05 17:15,4573.44,4586.47,4565.72,4583.99
2026.05.05 17:30,4584.29,4585.65,4577.44,4582.68
2026.05.05 17:45,4582.72,4582.79,4575.4,4582.29
2026.05.05 18:00,4582.3,4583.7,4577.66,4580.72
2026.05.05 18:15,4580.88,4581.37,4575.33,4579.33
2026.05.05 18:30,4579.25,4580.96,4572.49,4572.79
2026.05.05 18:45,4572.83,4575.67,4568.25,4568.37
2026.05.05 19:00,4568.37,4568.86,4562.22,4566.17
2026.05.05 19:15,4566.13,4566.17,4556.09,4559.7
2026.05.05 19:30,4559.73,4560.11,4553.66,4556.52
2026.05.05 19:45,4556.51,4562.67,4555.63,4561.07
2026.05.05 20:00,4561.08,4562.44,4553.14,4556.02
2026.05.05 20:15,4556.07,4561.29,4555.93,4558.45
2026.05.05 20:30,4558.45,4562.57,4555.92,4560.26
2026.05.05 20:45,4560.3,4562.08,4558.12,4559.74
2026.05.05 21:00,4559.73,4564.8,4558.62,4564.21
2026.05.05 21:15,4564.24,4565.42,4561.08,4561.94
2026.05.05 21:30,4561.98,4562.44,4557.54,4561.49
2026.05.05 21:45,4561.45,4565.71,4559.55,4560.91
2026.05.05 22:00,4561.06,4561.4,4556.74,4557.03
2026.05.05 22:15,4557.02,4558.65,4554.8,4556.08
2026.05.05 22:30,4556.07,4558.06,4555.51,4555.53
2026.05.05 22:45,4555.55,4558.7,4551.47,4554.57
2026.05.05 23:00,4554.96,4557.05,4553.89,4556.83
2026.05.05 23:15,4556.79,4559.6,4555.33,4558.98
2026.05.05 23:30,4558.97,4559.84,4554.81,4555.48
2026.05.05 23:45,4555.37,4557.52,4554.4,4557.35
2026.05.06 01:00,4560.08,4560.08,4548.9,4550.48
2026.05.06 01:15,4550.43,4550.79,4546.41,4546.58
2026.05.06 01:30,4546.59,4550.74,4546.13,4548.63
2026.05.06 01:45,4548.55,4577.09,4546.89,4573.27
2026.05.06 02:00,4573.3,4590.49,4569.5,4588.64
2026.05.06 02:15,4588.62,4589.43,4581.96,4582.09
2026.05.06 02:30,4581.98,4588.35,4579.34,4585.02
2026.05.06 02:45,4585.25,4595.57,4584.42,4593.81
2026.05.06 03:00,4593.65,4597.92,4589.12,4591.46
2026.05.06 03:15,4591.4,4604.08,4587.99,4602.16
2026.05.06 03:30,4602.13,4610.92,4601.92,4610.03
2026.05.06 03:45,4610.05,4619.95,4609.33,4618.6
2026.05.06 04:00,4618.59,4622.43,4609.26,4611.37
2026.05.06 04:15,4611.35,4625.52,4609.62,4624.89
2026.05.06 04:30,4624.87,4626.1,4620.18,4623.78
2026.05.06 04:45,4623.8,4628.55,4623.48,4626.06
2026.05.06 05:00,4625.94,4634.3,4625.36,4633.36
2026.05.06 05:15,4633.35,4636.37,4629.68,4629.98
2026.05.06 05:30,4630.18,4634.9,4626.74,4634.43
2026.05.06 05:45,4634.41,4641.87,4633.69,4640.58
2026.05.06 06:00,4640.53,4650.29,4638.36,4647.66
2026.05.06 06:15,4647.64,4651.05,4644.4,4645.7
2026.05.06 06:30,4645.68,4651.73,4642.5,4647.68
2026.05.06 06:45,4647.65,4648.3,4642.72,4643.56
2026.05.06 07:00,4643.54,4647.55,4643.16,4647.55
2026.05.06 07:15,4647.95,4653.45,4645.35,4652.52
2026.05.06 07:30,4652.53,4652.53,4645.78,4647.61
2026.05.06 07:45,4647.59,4652.3,4646.86,4648.64
2026.05.06 08:00,4648.75,4656.21,4648.54,4654.68
2026.05.06 08:15,4654.61,4655.21,4649.33,4650.33
2026.05.06 08:30,4650.27,4651.92,4644.47,4649.85
2026.05.06 08:45,4649.79,4663.76,4649.24,4662.92
2026.05.06 09:00,4662.91,4665.79,4656.9,4660.16
2026.05.06 09:15,4660.17,4666.54,4657.84,4666.04
2026.05.06 09:30,4666.04,4668.54,4660.01,4664.19
2026.05.06 09:45,4664.21,4669.4,4662.84,4669.26
2026.05.06 10:00,4669.29,4670.43,4658.52,4658.52
2026.05.06 10:15,4658.52,4670.01,4657.29,4667.34
2026.05.06 10:30,4667.33,4670.37,4662.97,4670.37
2026.05.06 10:45,4670.35,4681.76,4670.08,4681.23
2026.05.06 11:00,4681.29,4682.4,4675.08,4679.52
2026.05.06 11:15,4679.41,4680.53,4676.61,4676.75
2026.05.06 11:30,4676.77,4678.65,4671.51,4677.27
2026.05.06 11:45,4677.28,4702.61,4677.22,4700.0
2026.05.06 12:00,4700.34,4708.32,4688.95,4695.67
2026.05.06 12:15,4695.57,4704.87,4691.21,4699.92
2026.05.06 12:30,4699.62,4705.97,4695.8,4696.0
2026.05.06 12:45,4696.05,4702.76,4694.24,4701.59
2026.05.06 13:00,4701.59,4705.55,4695.77,4698.01
2026.05.06 13:15,4698.0,4704.61,4695.34,4704.41
2026.05.06 13:30,4704.39,4716.0,4704.38,4714.03
2026.05.06 13:45,4714.03,4722.85,4707.19,4717.76
2026.05.06 14:00,4717.79,4721.1,4709.13,4711.81
2026.05.06 14:15,4711.86,4713.44,4705.51,4705.51
2026.05.06 14:30,4705.47,4715.34,4698.48,4699.58
2026.05.06 14:45,4699.61,4702.49,4690.71,4691.98
2026.05.06 15:00,4692.02,4692.97,4670.88,4672.24
2026.05.06 15:15,4672.84,4688.59,4660.17,4683.22
2026.05.06 15:30,4683.24,4685.33,4677.95,4682.57
2026.05.06 15:45,4682.61,4684.39,4676.7,4683.14
2026.05.06 16:00,4683.11,4692.31,4668.49,4683.45
2026.05.06 16:15,4683.47,4691.04,4679.32,4684.98
2026.05.06 16:30,4684.94,4698.89,4680.06,4695.11
2026.05.06 16:45,4695.14,4707.78,4692.37,4701.97
2026.05.06 17:00,4701.96,4712.33,4697.7,4710.86
2026.05.06 17:15,4710.93,4717.33,4704.51,4705.53
2026.05.06 17:30,4705.83,4714.42,4704.54,4713.26
2026.05.06 17:45,4713.38,4713.93,4700.57,4703.02
2026.05.06 18:00,4702.96,4705.64,4693.24,4696.51
2026.05.06 18:15,4696.47,4703.11,4694.06,4695.35
2026.05.06 18:30,4695.37,4697.72,4689.18,4692.9
2026.05.06 18:45,4692.86,4694.67,4687.62,4687.68
2026.05.06 19:00,4687.55,4688.37,4681.16,4683.55
2026.05.06 19:15,4683.59,4688.48,4682.53,4688.01
2026.05.06 19:30,4688.12,4691.98,4685.28,4688.48
2026.05.06 19:45,4688.5,4689.79,4679.45,4682.99
2026.05.06 20:00,4682.98,4687.87,4679.39,4685.42
2026.05.06 20:15,4685.39,4685.98,4680.06,4682.9
2026.05.06 20:30,4682.82,4683.28,4678.7,4680.4
2026.05.06 20:45,4680.42,4684.42,4680.22,4683.85
2026.05.06 21:00,4683.91,4687.38,4681.77,4686.63
2026.05.06 21:15,4686.66,4690.36,4686.36,4687.6
2026.05.06 21:30,4687.82,4690.11,4685.02,4686.09
2026.05.06 21:45,4686.14,4687.87,4684.66,4685.81
2026.05.06 22:00,4685.84,4695.57,4685.84,4694.96
2026.05.06 22:15,4695.01,4699.93,4694.86,4698.19
2026.05.06 22:30,4698.16,4698.76,4693.7,4695.2
2026.05.06 22:45,4695.22,4698.22,4692.25,4692.38
2026.05.06 23:00,4692.24,4699.33,4692.24,4698.69
2026.05.06 23:15,4698.73,4699.12,4691.74,4692.39
2026.05.06 23:30,4692.38,4692.84,4688.64,4688.64
2026.05.06 23:45,4688.59,4691.71,4685.09,4690.83
2026.05.07 01:00,4692.97,4698.15,4689.32,4697.05
2026.05.07 01:15,4696.84,4699.8,4693.27,4695.35
2026.05.07 01:30,4695.09,4699.49,4694.26,4698.6
2026.05.07 01:45,4698.57,4698.61,4694.2,4694.67
2026.05.07 02:00,4694.66,4698.42,4693.81,4694.18
2026.05.07 02:15,4694.22,4697.59,4690.08,4693.18
2026.05.07 02:30,4693.15,4694.27,4691.48,4693.41
2026.05.07 02:45,4693.51,4699.42,4693.51,4698.7
2026.05.07 03:00,4698.74,4700.68,4689.84,4699.68
2026.05.07 03:15,4699.73,4701.07,4692.04,4692.33
2026.05.07 03:30,4692.32,4693.38,4686.02,4688.39
2026.05.07 03:45,4688.37,4691.33,4685.37,4688.37
2026.05.07 04:00,4688.38,4710.87,4684.98,4709.72
2026.05.07 04:15,4709.82,4716.28,4703.41,4704.01
2026.05.07 04:30,4703.96,4717.87,4702.22,4712.63
2026.05.07 04:45,4712.58,4721.35,4712.39,4714.74
2026.05.07 05:00,4714.74,4718.47,4703.53,4704.13
2026.05.07 05:15,4704.16,4707.6,4701.59,4702.64
2026.05.07 05:30,4702.5,4705.31,4699.77,4704.15
2026.05.07 05:45,4704.2,4709.78,4704.2,4706.87
2026.05.07 06:00,4706.85,4709.66,4704.17,4705.77
2026.05.07 06:15,4705.83,4708.65,4704.09,4704.26
2026.05.07 06:30,4704.34,4704.76,4702.0,4703.78
2026.05.07 06:45,4703.73,4704.65,4698.83,4698.98
2026.05.07 07:00,4699.01,4700.7,4696.67,4696.73
2026.05.07 07:15,4696.72,4698.43,4695.07,4696.81
2026.05.07 07:30,4696.83,4699.11,4692.15,4697.92
2026.05.07 07:45,4697.97,4698.89,4693.83,4696.23
2026.05.07 08:00,4696.19,4701.05,4696.09,4700.38
2026.05.07 08:15,4700.65,4700.65,4694.55,4695.75
2026.05.07 08:30,4695.79,4705.87,4694.84,4703.43
2026.05.07 08:45,4703.37,4706.46,4700.64,4700.94
2026.05.07 09:00,4700.96,4710.29,4700.96,4708.03
2026.05.07 09:15,4708.07,4717.6,4707.2,4717.17
2026.05.07 09:30,4717.13,4749.85,4715.86,4745.74
2026.05.07 09:45,4745.31,4746.86,4735.48,4739.14
2026.05.07 10:00,4738.5,4750.11,4731.41,4748.9
2026.05.07 10:15,4748.89,4750.37,4737.89,4739.42
2026.05.07 10:30,4739.46,4744.14,4738.21,4742.93
2026.05.07 10:45,4742.95,4744.19,4736.94,4742.84
2026.05.07 11:00,4742.85,4753.25,4742.22,4742.36
2026.05.07 11:15,4742.3,4742.64,4733.6,4739.87
2026.05.07 11:30,4739.83,4741.55,4733.95,4735.09
2026.05.07 11:45,4735.02,4736.9,4730.67,4730.87
2026.05.07 12:00,4730.91,4736.12,4721.55,4734.07
2026.05.07 12:15,4734.02,4738.53,4731.43,4735.49
2026.05.07 12:30,4735.4,4739.39,4732.93,4737.74
2026.05.07 12:45,4737.96,4738.9,4725.78,4728.9
2026.05.07 13:00,4728.69,4734.85,4726.51,4734.72
2026.05.07 13:15,4734.75,4736.04,4728.38,4732.32
2026.05.07 13:30,4732.08,4739.54,4727.9,4738.76
2026.05.07 13:45,4738.74,4739.5,4734.99,4735.4
2026.05.07 14:00,4735.43,4736.86,4728.16,4730.22
2026.05.07 14:15,4730.2,4736.47,4727.17,4732.59
2026.05.07 14:30,4732.63,4738.08,4731.61,4736.85
2026.05.07 14:45,4736.86,4743.49,4733.76,4742.71
2026.05.07 15:00,4742.73,4745.99,4739.46,4743.85
2026.05.07 15:15,4743.7,4746.85,4733.38,4737.95
2026.05.07 15:30,4738.46,4751.52,4737.22,4750.93
2026.05.07 15:45,4751.15,4752.44,4744.82,4749.89
2026.05.07 16:00,4749.92,4750.12,4731.12,4733.3
2026.05.07 16:15,4733.27,4746.49,4731.24,4745.21
2026.05.07 16:30,4744.98,4757.87,4743.07,4748.18
2026.05.07 16:45,4748.32,4749.18,4737.28,4746.08
2026.05.07 17:00,4745.54,4753.75,4742.4,4751.8
2026.05.07 17:15,4751.83,4759.42,4741.13,4756.27
2026.05.07 17:30,4756.31,4758.66,4747.54,4751.58
2026.05.07 17:45,4751.56,4763.25,4750.86,4762.61
2026.05.07 18:00,4762.63,4764.62,4754.48,4754.75
2026.05.07 18:15,4754.71,4756.19,4736.34,4740.05
2026.05.07 18:30,4739.89,4746.99,4738.66,4738.66
2026.05.07 18:45,4738.63,4739.54,4726.01,4729.06
2026.05.07 19:00,4729.04,4729.49,4713.29,4715.15
2026.05.07 19:15,4715.0,4722.8,4704.46,4719.93
2026.05.07 19:30,4719.84,4720.72,4710.35,4711.09
2026.05.07 19:45,4711.06,4718.0,4710.4,4714.9
2026.05.07 20:00,4714.94,4719.46,4711.66,4714.39
2026.05.07 20:15,4714.39,4719.15,4687.6,4699.1
2026.05.07 20:30,4698.82,4706.0,4693.27,4699.59
2026.05.07 20:45,4699.63,4712.02,4697.81,4711.29
2026.05.07 21:00,4711.3,4712.33,4705.05,4707.94
2026.05.07 21:15,4707.95,4712.89,4705.51,4712.62
2026.05.07 21:30,4712.61,4715.84,4703.04,4706.07
2026.05.07 21:45,4705.95,4711.2,4695.36,4709.56
2026.05.07 22:00,4709.58,4712.68,4704.87,4709.97
2026.05.07 22:15,4709.98,4710.63,4697.74,4704.87
2026.05.07 22:30,4704.89,4711.8,4703.5,4709.45
2026.05.07 22:45,4709.43,4710.58,4702.57,4702.84
2026.05.07 23:00,4702.85,4718.99,4702.85,4711.37
2026.05.07 23:15,4711.62,4714.1,4709.06,4712.8
2026.05.07 23:30,4712.86,4715.62,4696.69,4703.63
2026.05.07 23:45,4703.61,4703.86,4686.17,4687.01
2026.05.08 01:00,4680.23,4697.82,4676.87,4691.02
2026.05.08 01:15,4691.04,4699.01,4689.12,4693.55
2026.05.08 01:30,4693.58,4694.89,4685.9,4686.84
2026.05.08 01:45,4686.92,4688.41,4681.68,4685.72
2026.05.08 02:00,4685.71,4693.57,4684.36,4691.43
2026.05.08 02:15,4691.45,4698.43,4691.45,4696.38
2026.05.08 02:30,4696.64,4698.95,4694.81,4697.58
2026.05.08 02:45,4697.63,4705.36,4697.63,4704.02
2026.05.08 03:00,4704.04,4709.35,4701.43,4702.56
2026.05.08 03:15,4702.67,4705.45,4693.55,4697.01
2026.05.08 03:30,4697.06,4707.84,4695.98,4704.81
2026.05.08 03:45,4704.83,4705.65,4696.76,4701.13
2026.05.08 04:00,4701.03,4719.16,4700.32,4713.78
2026.05.08 04:15,4713.79,4718.37,4711.21,4712.52
2026.05.08 04:30,4712.49,4715.02,4704.98,4710.88
2026.05.08 04:45,4711.07,4725.46,4711.07,4722.78
2026.05.08 05:00,4722.79,4732.63,4721.44,4723.91
2026.05.08 05:15,4723.87,4724.12,4718.05,4721.21
2026.05.08 05:30,4721.22,4723.28,4707.04,4710.11
2026.05.08 05:45,4710.15,4717.33,4708.42,4713.24
2026.05.08 06:00,4713.23,4719.96,4711.11,4719.96
2026.05.08 06:15,4719.9,4722.54,4716.93,4720.31
2026.05.08 06:30,4720.27,4730.96,4719.9,4724.83
2026.05.08 06:45,4724.88,4725.1,4717.84,4719.43
2026.05.08 07:00,4719.47,4723.03,4714.72,4714.9
2026.05.08 07:15,4714.86,4718.25,4713.32,4717.22
2026.05.08 07:30,4717.32,4718.28,4708.86,4711.96
2026.05.08 07:45,4711.92,4716.4,4709.63,4710.87
2026.05.08 08:00,4710.85,4716.32,4709.34,4712.05
2026.05.08 08:15,4712.01,4720.1,4710.35,4719.31
2026.05.08 08:30,4719.28,4727.03,4719.28,4724.34
2026.05.08 08:45,4724.31,4731.14,4723.12,4727.37
2026.05.08 09:00,4727.5,4730.34,4712.45,4722.86
2026.05.08 09:15,4722.7,4734.55,4721.43,4733.5
2026.05.08 09:30,4733.49,4734.24,4725.53,4728.91
2026.05.08 09:45,4728.93,4729.31,4721.03,4725.52
2026.05.08 10:00,4725.49,4726.25,4715.16,4715.16
2026.05.08 10:15,4715.2,4718.16,4697.01,4706.6
2026.05.08 10:30,4706.47,4711.56,4701.05,4707.91
2026.05.08 10:45,4707.93,4713.3,4706.8,4707.73
2026.05.08 11:00,4707.71,4713.0,4706.57,4711.28
2026.05.08 11:15,4711.18,4722.5,4711.16,4716.77
2026.05.08 11:30,4716.79,4723.35,4716.24,4716.81
2026.05.08 11:45,4716.76,4719.93,4714.7,4715.47
2026.05.08 12:00,4715.48,4720.12,4713.28,4718.42
2026.05.08 12:15,4718.44,4722.6,4717.48,4717.76
2026.05.08 12:30,4717.67,4718.5,4709.18,4713.28
2026.05.08 12:45,4713.25,4713.88,4707.28,4711.76
2026.05.08 13:00,4711.81,4718.81,4711.02,4718.75
2026.05.08 13:15,4718.78,4723.72,4717.26,4720.32
2026.05.08 13:30,4720.25,4727.62,4720.08,4724.2
2026.05.08 13:45,4724.21,4724.26,4715.11,4719.64
2026.05.08 14:00,4719.65,4727.2,4718.46,4721.85
2026.05.08 14:15,4721.8,4725.69,4719.91,4723.95
2026.05.08 14:30,4724.16,4725.72,4720.86,4720.91
2026.05.08 14:45,4720.9,4721.2,4713.49,4717.66
2026.05.08 15:00,4717.7,4719.7,4703.67,4704.52
2026.05.08 15:15,4704.13,4710.73,4702.76,4710.16
2026.05.08 15:30,4710.24,4730.71,4703.02,4723.81
2026.05.08 15:45,4723.96,4731.87,4719.11,4724.25
2026.05.08 16:00,4723.92,4728.92,4716.41,4720.35
2026.05.08 16:15,4720.37,4727.74,4719.49,4726.98
2026.05.08 16:30,4726.99,4744.14,4726.58,4738.04
2026.05.08 16:45,4738.05,4747.83,4734.74,4747.83
2026.05.08 17:00,4747.68,4749.37,4718.69,4731.67
2026.05.08 17:15,4731.62,4733.8,4717.31,4717.31
2026.05.08 17:30,4717.91,4725.36,4713.9,4722.52
2026.05.08 17:45,4722.53,4724.42,4713.21,4715.8
2026.05.08 18:00,4715.74,4720.73,4705.98,4707.61
2026.05.08 18:15,4707.6,4713.45,4704.21,4713.15
2026.05.08 18:30,4713.14,4714.72,4703.87,4705.82
2026.05.08 18:45,4705.89,4710.93,4701.73,4706.84
2026.05.08 19:00,4706.82,4712.26,4705.23,4711.33
2026.05.08 19:15,4711.37,4717.47,4711.23,4717.47
2026.05.08 19:30,4717.5,4720.06,4713.12,4713.3
2026.05.08 19:45,4713.32,4716.09,4711.08,4712.23
2026.05.08 20:00,4712.26,4716.08,4712.0,4715.06
2026.05.08 20:15,4715.09,4721.9,4715.06,4720.54
2026.05.08 20:30,4720.47,4721.7,4719.55,4720.65
2026.05.08 20:45,4720.6,4722.57,4719.24,4720.7
2026.05.08 21:00,4720.77,4728.46,4720.34,4727.38
2026.05.08 21:15,4727.48,4728.83,4723.81,4725.5
2026.05.08 21:30,4724.95,4726.28,4723.83,4724.52
2026.05.08 21:45,4724.54,4724.58,4719.75,4721.74
2026.05.08 22:00,4721.66,4725.48,4720.84,4723.43
2026.05.08 22:15,4723.42,4724.88,4723.17,4723.58
2026.05.08 22:30,4723.61,4726.66,4721.62,4725.22
2026.05.08 22:45,4725.23,4725.78,4722.83,4723.83
2026.05.08 23:00,4723.85,4724.15,4717.07,4718.75
2026.05.08 23:15,4718.76,4719.07,4715.06,4717.23
2026.05.08 23:30,4717.23,4718.69,4715.29,4715.84
2026.05.08 23:45,4715.85,4716.32,4713.71,4714.91
2026.05.11 01:00,4681.25,4700.59,4677.56,4686.49
2026.05.11 01:15,4686.43,4695.81,4681.29,4694.04
2026.05.11 01:30,4693.63,4694.06,4686.93,4691.01
2026.05.11 01:45,4691.07,4694.48,4689.7,4691.7
2026.05.11 02:00,4691.69,4696.76,4688.76,4689.98
2026.05.11 02:15,4690.07,4697.04,4688.97,4694.53
2026.05.11 02:30,4694.5,4698.29,4694.5,4697.29
2026.05.11 02:45,4697.33,4698.4,4689.94,4691.39
2026.05.11 03:00,4691.41,4691.43,4680.02,4682.52
2026.05.11 03:15,4682.54,4686.47,4675.75,4683.44
2026.05.11 03:30,4683.52,4693.19,4683.52,4688.86
2026.05.11 03:45,4688.89,4692.71,4670.12,4683.33
2026.05.11 04:00,4683.42,4699.61,4674.51,4691.9
2026.05.11 04:15,4691.95,4705.43,4689.39,4698.76
2026.05.11 04:30,4698.77,4701.46,4690.76,4694.26
2026.05.11 04:45,4694.3,4695.86,4679.86,4685.52
2026.05.11 05:00,4685.49,4692.9,4678.33,4685.8
2026.05.11 05:15,4685.82,4688.44,4682.66,4688.29
2026.05.11 05:30,4688.24,4700.02,4687.7,4688.35
2026.05.11 05:45,4688.37,4693.39,4676.38,4681.55
2026.05.11 06:00,4681.38,4689.53,4674.87,4686.98
2026.05.11 06:15,4686.99,4690.19,4683.73,4689.37
2026.05.11 06:30,4689.38,4690.25,4682.11,4687.66
2026.05.11 06:45,4687.63,4687.63,4676.9,4678.61
2026.05.11 07:00,4678.51,4679.62,4673.37,4677.41
2026.05.11 07:15,4677.46,4678.58,4670.15,4671.69
2026.05.11 07:30,4671.54,4674.47,4668.33,4672.96
2026.05.11 07:45,4672.89,4675.87,4671.64,4671.93
2026.05.11 08:00,4671.92,4675.99,4670.68,4673.32
2026.05.11 08:15,4673.29,4675.18,4670.52,4670.52
2026.05.11 08:30,4670.45,4680.52,4661.96,4663.58
2026.05.11 08:45,4663.59,4663.84,4647.99,4652.24
2026.05.11 09:00,4652.19,4666.98,4649.16,4665.24
2026.05.11 09:15,4665.26,4670.7,4664.58,4667.37
2026.05.11 09:30,4667.36,4675.55,4667.16,4674.28
2026.05.11 09:45,4674.27,4680.28,4671.2,4678.34
2026.05.11 10:00,4678.47,4680.19,4674.34,4675.84
2026.05.11 10:15,4675.89,4677.92,4671.97,4675.62
2026.05.11 10:30,4675.62,4677.91,4671.59,4671.9
2026.05.11 10:45,4672.03,4672.83,4664.18,4667.64
2026.05.11 11:00,4667.49,4673.44,4664.02,4671.81
2026.05.11 11:15,4671.77,4678.65,4671.53,4671.53
2026.05.11 11:30,4670.91,4675.12,4669.04,4670.24
2026.05.11 11:45,4670.25,4671.37,4666.58,4667.41
2026.05.11 12:00,4667.42,4669.8,4665.08,4667.4
2026.05.11 12:15,4667.44,4667.49,4656.84,4657.33
2026.05.11 12:30,4657.23,4663.55,4650.35,4662.75
2026.05.11 12:45,4662.68,4664.81,4655.99,4656.53
2026.05.11 13:00,4656.51,4662.79,4656.13,4662.36
2026.05.11 13:15,4662.35,4665.74,4660.28,4663.13
2026.05.11 13:30,4663.18,4666.51,4660.14,4663.27
2026.05.11 13:45,4663.31,4667.34,4661.14,4663.82
2026.05.11 14:00,4663.9,4672.33,4663.9,4669.23
2026.05.11 14:15,4669.21,4672.04,4667.46,4671.8
2026.05.11 14:30,4671.8,4677.19,4670.12,4674.34
2026.05.11 14:45,4674.34,4674.82,4670.13,4674.37
2026.05.11 15:00,4674.56,4675.75,4667.27,4668.32
2026.05.11 15:15,4668.33,4695.27,4667.38,4690.46
2026.05.11 15:30,4690.45,4698.23,4689.01,4692.0
2026.05.11 15:45,4692.02,4700.8,4686.03,4699.78
2026.05.11 16:00,4700.1,4721.66,4698.56,4720.81
2026.05.11 16:15,4720.86,4735.42,4720.44,4728.22
2026.05.11 16:30,4728.2,4745.35,4727.91,4743.63
2026.05.11 16:45,4743.65,4748.42,4734.65,4736.08
2026.05.11 17:00,4736.1,4738.36,4718.33,4730.81
2026.05.11 17:15,4730.72,4733.71,4724.42,4724.94
2026.05.11 17:30,4725.02,4733.45,4715.14,4732.38
2026.05.11 17:45,4732.2,4733.85,4723.74,4725.5
2026.05.11 18:00,4725.47,4731.64,4722.75,4728.45
2026.05.11 18:15,4728.61,4738.13,4727.15,4732.79
2026.05.11 18:30,4732.78,4734.62,4726.59,4727.24
2026.05.11 18:45,4727.28,4732.54,4724.89,4732.02
2026.05.11 19:00,4732.01,4733.31,4726.85,4727.68
2026.05.11 19:15,4727.75,4727.99,4722.18,4723.81
2026.05.11 19:30,4723.78,4725.86,4707.82,4711.15
2026.05.11 19:45,4711.11,4716.86,4708.82,4716.33
2026.05.11 20:00,4716.32,4719.88,4715.79,4718.25
2026.05.11 20:15,4718.13,4721.62,4716.98,4717.98
2026.05.11 20:30,4717.96,4724.32,4717.62,4723.74
2026.05.11 20:45,4723.73,4724.46,4721.68,4723.51
2026.05.11 21:00,4723.53,4726.74,4721.88,4723.34
2026.05.11 21:15,4723.32,4727.34,4720.79,4726.99
2026.05.11 21:30,4726.89,4729.24,4725.54,4726.68
2026.05.11 21:45,4726.65,4729.04,4724.64,4724.77
2026.05.11 22:00,4724.91,4728.36,4723.68,4724.64
2026.05.11 22:15,4724.71,4725.43,4722.99,4724.1
2026.05.11 22:30,4724.12,4728.54,4722.31,4726.87
2026.05.11 22:45,4726.93,4736.02,4726.92,4733.42
2026.05.11 23:00,4733.52,4737.75,4729.82,4734.87
2026.05.11 23:15,4734.95,4735.29,4733.38,4735.21
2026.05.11 23:30,4735.16,4738.41,4734.8,4737.45
2026.05.11 23:45,4737.42,4737.6,4732.33,4734.61
2026.05.12 01:00,4737.49,4743.79,4737.08,4738.97
2026.05.12 01:15,4738.96,4741.79,4737.36,4739.66
2026.05.12 01:30,4739.65,4745.02,4738.8,4744.79
2026.05.12 01:45,4744.65,4754.84,4744.04,4750.68
2026.05.12 02:00,4750.91,4754.43,4745.95,4750.97
2026.05.12 02:15,4751.0,4754.63,4750.7,4752.76
2026.05.12 02:30,4752.77,4759.27,4751.25,4755.82
2026.05.12 02:45,4755.79,4769.34,4755.26,4767.18
2026.05.12 03:00,4767.14,4769.48,4758.4,4766.81
2026.05.12 03:15,4766.87,4773.33,4753.47,4762.11
2026.05.12 03:30,4761.97,4763.57,4757.41,4757.74
2026.05.12 03:45,4757.98,4761.68,4748.44,4749.1
2026.05.12 04:00,4749.14,4755.31,4742.27,4746.07
2026.05.12 04:15,4746.08,4751.45,4733.68,4735.03
2026.05.12 04:30,4735.01,4738.73,4720.14,4729.28
2026.05.12 04:45,4729.17,4731.31,4723.72,4726.96
2026.05.12 05:00,4726.9,4733.74,4725.19,4731.3
2026.05.12 05:15,4731.33,4731.39,4724.39,4726.89
2026.05.12 05:30,4726.87,4731.81,4722.08,4731.61
2026.05.12 05:45,4731.38,4733.27,4726.97,4729.86
2026.05.12 06:00,4729.8,4732.97,4726.86,4730.98
2026.05.12 06:15,4730.99,4731.05,4722.75,4723.71
2026.05.12 06:30,4723.74,4727.81,4723.67,4723.81
2026.05.12 06:45,4723.84,4724.42,4718.0,4720.04
2026.05.12 07:00,4720.05,4723.16,4719.63,4721.68
2026.05.12 07:15,4721.75,4730.19,4721.53,4722.3
2026.05.12 07:30,4722.32,4726.23,4721.21,4724.49
2026.05.12 07:45,4724.46,4724.88,4711.02,4713.98
2026.05.12 08:00,4713.88,4718.39,4708.45,4712.24
2026.05.12 08:15,4712.42,4716.65,4712.37,4715.13
2026.05.12 08:30,4715.29,4722.04,4712.91,4714.92
2026.05.12 08:45,4714.95,4719.74,4710.1,4714.16
2026.05.12 09:00,4713.91,4714.27,4702.73,4705.0
2026.05.12 09:15,4704.99,4706.8,4694.99,4695.84
2026.05.12 09:30,4695.87,4704.59,4695.11,4702.11
2026.05.12 09:45,4702.09,4704.16,4694.35,4697.05
2026.05.12 10:00,4696.97,4698.1,4687.25,4695.67
2026.05.12 10:15,4695.68,4699.5,4693.78,4697.71
2026.05.12 10:30,4697.72,4702.33,4695.42,4700.22
2026.05.12 10:45,4700.28,4703.6,4697.51,4699.63
2026.05.12 11:00,4699.51,4706.67,4699.06,4699.09
2026.05.12 11:15,4699.8,4703.98,4696.96,4702.74
2026.05.12 11:30,4702.7,4704.29,4697.95,4699.88
2026.05.12 11:45,4699.8,4706.39,4698.83,4703.31
2026.05.12 12:00,4703.29,4703.32,4697.83,4697.84
2026.05.12 12:15,4697.86,4702.07,4697.37,4699.46
2026.05.12 12:30,4699.48,4705.13,4694.27,4695.18
2026.05.12 12:45,4695.28,4701.45,4694.16,4699.34
2026.05.12 13:00,4699.33,4708.23,4698.63,4704.8
2026.05.12 13:15,4704.71,4705.16,4698.72,4700.03
2026.05.12 13:30,4700.1,4700.13,4685.03,4690.38
2026.05.12 13:45,4690.4,4694.2,4689.57,4694.19
2026.05.12 14:00,4694.21,4697.9,4687.03,4691.53
2026.05.12 14:15,4691.49,4700.08,4691.42,4699.92
2026.05.12 14:30,4699.92,4705.99,4697.67,4704.14
2026.05.12 14:45,4704.15,4709.13,4702.37,4706.52
2026.05.12 15:00,4706.53,4708.12,4698.26,4705.64
2026.05.12 15:15,4705.61,4708.24,4694.96,4697.16
2026.05.12 15:30,4697.14,4708.46,4689.52,4702.82
2026.05.12 15:45,4702.81,4711.49,4700.38,4705.59
2026.05.12 16:00,4705.51,4708.82,4687.25,4688.78
2026.05.12 16:15,4689.02,4695.15,4679.34,4690.66
2026.05.12 16:30,4690.56,4701.43,4683.41,4698.96
2026.05.12 16:45,4698.92,4701.26,4676.83,4678.95
2026.05.12 17:00,4679.03,4694.92,4675.77,4692.72
2026.05.12 17:15,4692.79,4693.98,4682.13,4683.05
2026.05.12 17:30,4683.01,4687.78,4671.45,4685.64
2026.05.12 17:45,4685.59,4685.59,4669.64,4672.72
2026.05.12 18:00,4672.53,4675.95,4664.12,4664.26
2026.05.12 18:15,4664.21,4666.02,4638.14,4655.84
2026.05.12 18:30,4655.86,4667.9,4653.79,4665.46
2026.05.12 18:45,4665.47,4669.97,4664.3,4665.9
2026.05.12 19:00,4666.29,4672.98,4664.02,4671.75
2026.05.12 19:15,4671.74,4674.85,4666.21,4668.11
2026.05.12 19:30,4668.28,4671.47,4664.94,4669.66
2026.05.12 19:45,4669.65,4674.13,4666.62,4671.01
2026.05.12 20:00,4671.26,4679.49,4671.15,4677.07
2026.05.12 20:15,4677.05,4682.27,4676.91,4679.25
2026.05.12 20:30,4679.22,4680.61,4675.95,4679.57
2026.05.12 20:45,4679.62,4680.48,4677.63,4678.73
2026.05.12 21:00,4678.77,4683.53,4676.08,4681.32
2026.05.12 21:15,4681.35,4687.62,4679.89,4685.1
2026.05.12 21:30,4685.06,4697.46,4684.69,4695.27
2026.05.12 21:45,4695.14,4698.09,4690.61,4695.92
2026.05.12 22:00,4696.02,4702.41,4696.02,4699.91
2026.05.12 22:15,4699.87,4704.4,4699.01,4703.49
2026.05.12 22:30,4703.38,4710.37,4703.38,4709.4
2026.05.12 22:45,4709.38,4715.58,4709.05,4715.57
2026.05.12 23:00,4715.52,4719.15,4712.05,4713.37
2026.05.12 23:15,4713.37,4716.16,4712.36,4713.06
2026.05.12 23:30,4713.04,4715.37,4712.12,4714.65
2026.05.12 23:45,4714.67,4715.67,4713.06,4715.05
2026.05.13 01:00,4715.49,4721.03,4711.66,4714.76
2026.05.13 01:15,4714.77,4719.33,4713.21,4716.98
2026.05.13 01:30,4716.82,4720.45,4715.27,4716.35
2026.05.13 01:45,4716.44,4722.21,4716.39,4716.92
2026.05.13 02:00,4716.98,4723.02,4715.87,4717.55
2026.05.13 02:15,4717.65,4723.79,4717.34,4720.38
2026.05.13 02:30,4720.35,4721.74,4716.28,4721.1
2026.05.13 02:45,4721.08,4723.4,4715.21,4716.87
2026.05.13 03:00,4716.98,4726.79,4714.87,4720.17
2026.05.13 03:15,4720.22,4726.1,4719.95,4722.34
2026.05.13 03:30,4722.38,4725.06,4716.81,4720.19
2026.05.13 03:45,4720.14,4720.25,4713.98,4714.32
2026.05.13 04:00,4714.63,4716.92,4707.2,4709.48
2026.05.13 04:15,4709.55,4710.57,4702.7,4704.33
2026.05.13 04:30,4704.28,4710.33,4701.59,4708.8
2026.05.13 04:45,4708.9,4710.59,4700.96,4702.4
2026.05.13 05:00,4702.34,4707.45,4698.83,4701.34
2026.05.13 05:15,4701.27,4703.79,4698.08,4700.11
2026.05.13 05:30,4700.12,4700.12,4693.82,4694.26
2026.05.13 05:45,4694.29,4696.94,4687.43,4691.7
2026.05.13 06:00,4691.55,4694.28,4688.73,4692.12
2026.05.13 06:15,4692.16,4700.56,4690.95,4700.44
2026.05.13 06:30,4700.45,4705.73,4700.03,4703.78
2026.05.13 06:45,4703.82,4704.7,4694.12,4695.76
2026.05.13 07:00,4695.73,4698.8,4695.32,4698.12
2026.05.13 07:15,4698.16,4703.2,4697.83,4701.17
2026.05.13 07:30,4701.14,4703.14,4697.18,4698.51
2026.05.13 07:45,4698.5,4701.62,4698.18,4699.43
2026.05.13 08:00,4699.44,4707.17,4698.26,4705.22
2026.05.13 08:15,4705.16,4705.51,4697.73,4697.93
2026.05.13 08:30,4697.88,4702.48,4693.43,4696.72
2026.05.13 08:45,4696.74,4705.24,4696.13,4703.87
2026.05.13 09:00,4703.88,4712.6,4703.24,4710.61
2026.05.13 09:15,4710.58,4715.24,4706.77,4708.63
2026.05.13 09:30,4708.72,4713.63,4707.6,4711.25
2026.05.13 09:45,4711.26,4712.15,4698.96,4701.57
2026.05.13 10:00,4701.66,4705.32,4696.56,4702.04
2026.05.13 10:15,4702.03,4708.67,4701.95,4707.45
2026.05.13 10:30,4707.46,4707.66,4702.94,4703.52
2026.05.13 10:45,4703.56,4704.51,4701.2,4702.74
2026.05.13 11:00,4702.47,4704.17,4698.35,4700.14
2026.05.13 11:15,4700.09,4700.96,4694.59,4696.89
2026.05.13 11:30,4696.93,4699.71,4694.32,4695.77
2026.05.13 11:45,4695.82,4702.73,4694.59,4700.48
2026.05.13 12:00,4700.51,4701.62,4693.48,4694.42
2026.05.13 12:15,4694.4,4695.15,4685.87,4688.72
2026.05.13 12:30,4688.62,4694.34,4685.91,4693.99
2026.05.13 12:45,4693.87,4700.83,4693.02,4700.73
2026.05.13 13:00,4700.74,4710.16,4698.58,4702.1
2026.05.13 13:15,4702.2,4705.72,4698.62,4699.44
2026.05.13 13:30,4699.49,4699.71,4693.92,4695.56
2026.05.13 13:45,4695.5,4696.55,4693.54,4693.91
2026.05.13 14:00,4693.88,4699.09,4691.38,4698.97
2026.05.13 14:15,4698.94,4700.44,4695.75,4698.38
2026.05.13 14:30,4698.37,4705.17,4698.01,4703.27
2026.05.13 14:45,4703.24,4705.29,4697.27,4697.27
2026.05.13 15:00,4697.23,4701.36,4693.37,4693.77
2026.05.13 15:15,4693.78,4694.03,4682.96,4684.65
2026.05.13 15:30,4684.66,4686.95,4675.95,4682.79
2026.05.13 15:45,4683.13,4685.27,4677.41,4683.61
2026.05.13 16:00,4683.42,4690.99,4683.38,4689.73
2026.05.13 16:15,4689.71,4694.48,4686.24,4688.58
2026.05.13 16:30,4688.6,4690.64,4672.91,4678.63
2026.05.13 16:45,4678.6,4683.11,4669.25,4679.19
2026.05.13 17:00,4679.18,4683.08,4672.71,4681.17
2026.05.13 17:15,4681.17,4685.28,4673.41,4684.09
2026.05.13 17:30,4684.06,4690.86,4682.96,4683.71
2026.05.13 17:45,4683.71,4684.83,4677.15,4679.66
2026.05.13 18:00,4679.65,4690.62,4678.75,4687.47
2026.05.13 18:15,4687.45,4691.62,4685.08,4691.15
2026.05.13 18:30,4691.12,4699.76,4686.81,4699.23
2026.05.13 18:45,4699.28,4699.45,4694.41,4695.33
2026.05.13 19:00,4695.34,4702.85,4694.95,4701.97
2026.05.13 19:15,4702.0,4709.73,4698.56,4706.71
2026.05.13 19:30,4706.77,4707.53,4699.64,4699.79
2026.05.13 19:45,4699.8,4701.49,4694.78,4695.46
2026.05.13 20:00,4695.51,4700.9,4695.51,4699.56
2026.05.13 20:15,4699.28,4701.15,4696.48,4698.25
2026.05.13 20:30,4698.2,4698.35,4689.94,4691.0
2026.05.13 20:45,4691.02,4694.31,4684.39,4685.47
2026.05.13 21:00,4685.45,4692.5,4684.24,4692.28
2026.05.13 21:15,4692.26,4693.91,4688.63,4691.77
2026.05.13 21:30,4691.72,4692.51,4685.61,4685.92
2026.05.13 21:45,4685.94,4687.48,4677.4,4684.81
2026.05.13 22:00,4684.84,4689.0,4683.19,4689.0
2026.05.13 22:15,4688.94,4690.35,4686.46,4687.02
2026.05.13 22:30,4687.09,4688.93,4684.39,4688.41
2026.05.13 22:45,4688.4,4689.3,4683.58,4688.06
2026.05.13 23:00,4687.93,4690.94,4685.83,4690.82
2026.05.13 23:15,4690.79,4693.35,4690.08,4691.21
2026.05.13 23:30,4691.24,4692.73,4689.07,4690.55
2026.05.13 23:45,4690.46,4690.91,4687.73,4688.65
2026.05.14 01:00,4692.19,4693.92,4688.76,4690.94
2026.05.14 01:15,4690.96,4697.14,4690.77,4696.9
2026.05.14 01:30,4696.88,4700.24,4695.39,4698.91
2026.05.14 01:45,4698.92,4700.42,4696.47,4699.89
2026.05.14 02:00,4699.81,4701.97,4698.99,4701.09
2026.05.14 02:15,4701.08,4701.19,4696.6,4697.24
2026.05.14 02:30,4697.22,4697.39,4694.13,4694.63
2026.05.14 02:45,4694.63,4696.68,4693.04,4696.39
2026.05.14 03:00,4696.4,4699.26,4689.3,4697.44
2026.05.14 03:15,4697.42,4705.21,4697.34,4700.88
2026.05.14 03:30,4700.87,4703.09,4692.69,4699.94
2026.05.14 03:45,4699.95,4706.59,4699.24,4704.8
2026.05.14 04:00,4704.82,4706.81,4684.04,4688.75
2026.05.14 04:15,4688.75,4695.17,4687.26,4692.56
2026.05.14 04:30,4692.52,4694.45,4683.43,4688.62
2026.05.14 04:45,4688.63,4694.92,4683.39,4688.54
2026.05.14 05:00,4688.64,4693.83,4686.42,4688.1
2026.05.14 05:15,4687.88,4693.97,4686.87,4693.3
2026.05.14 05:30,4693.31,4699.46,4689.27,4691.67
2026.05.14 05:45,4691.61,4693.14,4679.75,4686.11
2026.05.14 06:00,4686.21,4690.06,4681.32,4682.77
2026.05.14 06:15,4682.84,4693.2,4681.35,4691.16
2026.05.14 06:30,4691.15,4691.27,4675.63,4676.17
2026.05.14 06:45,4676.21,4677.83,4673.83,4674.83
2026.05.14 07:00,4674.84,4682.36,4668.48,4682.0
2026.05.14 07:15,4682.06,4707.28,4681.71,4702.05
2026.05.14 07:30,4702.12,4712.54,4701.29,4704.78
2026.05.14 07:45,4704.79,4706.77,4702.17,4702.24
2026.05.14 08:00,4702.27,4704.03,4699.66,4699.8
2026.05.14 08:15,4699.83,4700.09,4693.2,4693.48
2026.05.14 08:30,4693.43,4701.34,4693.24,4697.17
2026.05.14 08:45,4697.16,4703.14,4689.03,4689.52
2026.05.14 09:00,4689.11,4694.52,4686.08,4687.68
2026.05.14 09:15,4687.67,4692.96,4686.29,4691.18
2026.05.14 09:30,4691.21,4699.54,4690.46,4698.7
2026.05.14 09:45,4698.73,4702.18,4694.66,4700.06
2026.05.14 10:00,4700.08,4702.07,4694.66,4695.15
2026.05.14 10:15,4695.18,4706.7,4694.75,4705.29
2026.05.14 10:30,4705.26,4718.61,4702.81,4709.07
2026.05.14 10:45,4709.06,4709.46,4690.81,4692.93
2026.05.14 11:00,4692.73,4700.79,4692.07,4698.79
2026.05.14 11:15,4698.81,4704.63,4697.69,4702.84
2026.05.14 11:30,4702.86,4706.54,4695.53,4696.8
2026.05.14 11:45,4696.82,4697.42,4692.86,4693.14
2026.05.14 12:00,4693.22,4697.89,4690.18,4694.33
2026.05.14 12:15,4694.27,4696.51,4690.58,4690.58
2026.05.14 12:30,4690.49,4697.11,4688.32,4695.31
2026.05.14 12:45,4695.42,4702.36,4695.42,4699.37
2026.05.14 13:00,4699.44,4705.15,4695.84,4697.1
2026.05.14 13:15,4697.17,4698.13,4693.55,4697.35
2026.05.14 13:30,4697.39,4697.85,4692.07,4693.35
2026.05.14 13:45,4693.45,4697.6,4691.1,4696.88
2026.05.14 14:00,4696.95,4698.62,4692.71,4697.19
2026.05.14 14:15,4697.18,4697.49,4689.24,4691.79
2026.05.14 14:30,4691.92,4697.18,4690.64,4695.19
2026.05.14 14:45,4695.25,4704.68,4694.2,4694.2
2026.05.14 15:00,4693.49,4703.7,4692.16,4703.7
2026.05.14 15:15,4703.75,4707.41,4698.7,4702.47
2026.05.14 15:30,4702.51,4709.88,4697.82,4697.89
2026.05.14 15:45,4697.87,4706.1,4695.82,4704.68
2026.05.14 16:00,4704.64,4707.52,4696.04,4703.97
2026.05.14 16:15,4704.04,4704.24,4687.82,4688.05
2026.05.14 16:30,4687.94,4689.34,4666.49,4676.72
2026.05.14 16:45,4676.61,4691.0,4675.71,4679.36
2026.05.14 17:00,4679.42,4690.16,4677.53,4687.58
2026.05.14 17:15,4687.57,4700.82,4686.85,4691.37
2026.05.14 17:30,4691.38,4692.31,4685.92,4686.85
2026.05.14 17:45,4686.85,4690.33,4679.11,4679.32
2026.05.14 18:00,4679.38,4686.53,4676.85,4684.71
2026.05.14 18:15,4684.72,4689.28,4684.02,4685.7
2026.05.14 18:30,4685.73,4688.84,4680.85,4682.47
2026.05.14 18:45,4682.27,4686.53,4680.84,4685.72
2026.05.14 19:00,4685.64,4686.84,4673.99,4678.52
2026.05.14 19:15,4678.45,4681.15,4675.14,4677.15
2026.05.14 19:30,4677.18,4678.19,4670.14,4675.11
2026.05.14 19:45,4675.11,4678.94,4672.44,4678.34
2026.05.14 20:00,4678.33,4682.38,4678.26,4678.63
2026.05.14 20:15,4678.61,4682.93,4676.66,4677.08
2026.05.14 20:30,4677.44,4681.42,4676.25,4681.35
2026.05.14 20:45,4681.31,4681.66,4677.6,4678.04
2026.05.14 21:00,4678.13,4678.25,4668.57,4674.53
2026.05.14 21:15,4674.58,4676.36,4672.81,4673.36
2026.05.14 21:30,4673.54,4674.76,4668.22,4668.39
2026.05.14 21:45,4668.57,4671.64,4666.8,4671.45
2026.05.14 22:00,4671.63,4671.68,4666.71,4667.39
2026.05.14 22:15,4667.41,4668.96,4663.03,4663.25
2026.05.14 22:30,4663.32,4665.05,4655.5,4656.41
2026.05.14 22:45,4656.55,4658.79,4652.87,4654.06
2026.05.14 23:00,4654.1,4656.88,4649.05,4649.62
2026.05.14 23:15,4649.56,4650.83,4646.73,4647.98
2026.05.14 23:30,4648.02,4652.69,4644.25,4650.63
2026.05.14 23:45,4650.74,4652.29,4649.2,4652.2
2026.05.15 01:00,4652.57,4657.91,4646.52,4655.17
2026.05.15 01:15,4655.1,4659.18,4655.05,4658.77
2026.05.15 01:30,4658.78,4662.26,4658.55,4661.7
2026.05.15 01:45,4661.73,4662.62,4659.92,4662.2
2026.05.15 02:00,4662.19,4663.11,4658.7,4659.02
2026.05.15 02:15,4659.04,4664.25,4655.53,4663.82
2026.05.15 02:30,4663.75,4665.11,4646.7,4657.16
2026.05.15 02:45,4657.2,4657.49,4648.02,4652.06
2026.05.15 03:00,4652.08,4653.54,4642.34,4650.42
2026.05.15 03:15,4650.37,4658.03,4629.61,4629.79
2026.05.15 03:30,4630.02,4630.36,4613.39,4618.43
2026.05.15 03:45,4619.0,4630.41,4617.07,4629.96
2026.05.15 04:00,4630.13,4631.35,4607.38,4614.34
2026.05.15 04:15,4614.39,4625.52,4608.08,4608.7
2026.05.15 04:30,4608.68,4622.77,4607.49,4622.74
2026.05.15 04:45,4622.7,4624.24,4606.92,4613.62
2026.05.15 05:00,4613.89,4618.94,4609.53,4612.93
2026.05.15 05:15,4612.9,4616.46,4609.2,4612.4
2026.05.15 05:30,4612.33,4617.77,4609.35,4617.74
2026.05.15 05:45,4617.76,4623.31,4611.48,4617.91
2026.05.15 06:00,4617.87,4622.09,4614.51,4617.28
2026.05.15 06:15,4617.2,4618.2,4609.74,4612.6
2026.05.15 06:30,4612.57,4617.17,4607.28,4613.23
2026.05.15 06:45,4613.22,4617.11,4610.38,4615.27
2026.05.15 07:00,4615.25,4621.36,4612.75,4619.87
2026.05.15 07:15,4619.88,4620.45,4607.23,4610.74
2026.05.15 07:30,4610.76,4614.83,4604.18,4605.55
2026.05.15 07:45,4605.57,4612.36,4604.74,4605.68
2026.05.15 08:00,4605.99,4606.26,4588.27,4591.89
2026.05.15 08:15,4591.99,4595.15,4580.71,4588.68
2026.05.15 08:30,4588.74,4589.62,4563.54,4568.6
2026.05.15 08:45,4568.58,4573.14,4558.64,4558.76
2026.05.15 09:00,4558.55,4573.09,4556.22,4570.76
2026.05.15 09:15,4570.78,4578.08,4570.07,4574.91
2026.05.15 09:30,4574.97,4580.28,4566.77,4567.46
2026.05.15 09:45,4567.42,4574.06,4564.2,4569.55
2026.05.15 10:00,4569.69,4585.87,4565.8,4585.68
2026.05.15 10:15,4585.7,4588.44,4578.93,4581.6
2026.05.15 10:30,4581.61,4582.32,4574.64,4577.45
2026.05.15 10:45,4577.43,4578.38,4568.21,4570.64
2026.05.15 11:00,4570.9,4571.78,4557.17,4565.16
2026.05.15 11:15,4565.13,4565.48,4552.67,4558.15
2026.05.15 11:30,4558.05,4562.39,4549.99,4562.24
2026.05.15 11:45,4562.22,4563.41,4552.54,4554.18
2026.05.15 12:00,4554.1,4563.61,4545.82,4547.08
2026.05.15 12:15,4547.02,4554.34,4539.18,4553.27
2026.05.15 12:30,4553.23,4555.5,4542.61,4543.45
2026.05.15 12:45,4543.44,4546.79,4531.8,4545.61
2026.05.15 13:00,4545.66,4562.56,4543.94,4560.83
2026.05.15 13:15,4560.89,4563.11,4551.57,4551.64
2026.05.15 13:30,4551.6,4556.7,4549.44,4555.09
2026.05.15 13:45,4555.06,4572.33,4554.09,4565.83
2026.05.15 14:00,4565.76,4570.1,4560.74,4566.12
2026.05.15 14:15,4566.23,4568.46,4558.81,4562.18
2026.05.15 14:30,4562.07,4562.35,4550.77,4551.28
2026.05.15 14:45,4551.21,4558.62,4549.68,4551.83
2026.05.15 15:00,4551.63,4555.13,4545.0,4545.43
2026.05.15 15:15,4545.44,4558.58,4544.8,4554.99
2026.05.15 15:30,4554.9,4554.9,4543.5,4545.53
2026.05.15 15:45,4545.24,4555.48,4543.59,4545.82
2026.05.15 16:00,4545.77,4549.58,4536.17,4546.51
2026.05.15 16:15,4546.55,4557.41,4540.59,4548.73
2026.05.15 16:30,4548.59,4551.03,4519.88,4519.9
2026.05.15 16:45,4519.85,4541.81,4511.57,4533.36
2026.05.15 17:00,4533.05,4550.31,4525.29,4542.98
2026.05.15 17:15,4543.02,4562.62,4540.36,4555.44
2026.05.15 17:30,4555.46,4560.14,4550.53,4556.75
2026.05.15 17:45,4556.76,4566.38,4545.92,4562.58
2026.05.15 18:00,4562.71,4563.45,4550.64,4552.25
2026.05.15 18:15,4552.2,4553.72,4542.79,4547.01
2026.05.15 18:30,4547.05,4550.22,4539.78,4541.29
2026.05.15 18:45,4541.2,4543.35,4533.65,4539.69
2026.05.15 19:00,4539.8,4542.23,4529.19,4532.45
2026.05.15 19:15,4532.43,4542.19,4531.21,4540.74
2026.05.15 19:30,4540.98,4547.53,4539.94,4547.03
2026.05.15 19:45,4547.05,4547.89,4541.78,4544.2
2026.05.15 20:00,4544.23,4557.92,4543.04,4556.93
2026.05.15 20:15,4557.08,4564.33,4554.36,4557.61
2026.05.15 20:30,4557.53,4563.47,4557.53,4560.67
2026.05.15 20:45,4560.68,4562.43,4557.08,4559.36
2026.05.15 21:00,4559.46,4561.75,4555.95,4561.54
2026.05.15 21:15,4561.58,4562.84,4552.79,4557.96
2026.05.15 21:30,4558.29,4558.73,4552.18,4557.43
2026.05.15 21:45,4557.46,4562.66,4556.48,4559.13
2026.05.15 22:00,4559.12,4560.04,4549.28,4550.27
2026.05.15 22:15,4550.26,4552.57,4548.35,4550.03
2026.05.15 22:30,4550.04,4555.1,4549.51,4553.35
2026.05.15 22:45,4553.34,4554.24,4544.85,4545.68
2026.05.15 23:00,4545.73,4546.21,4536.04,4538.11
2026.05.15 23:15,4538.1,4539.03,4533.0,4538.94
2026.05.15 23:30,4538.94,4543.62,4538.64,4539.81
2026.05.15 23:45,4539.88,4540.93,4536.02,4539.56
2026.05.18 01:00,4529.44,4554.34,4526.8,4547.61
2026.05.18 01:15,4547.61,4549.41,4537.38,4540.51
2026.05.18 01:30,4540.54,4553.66,4540.51,4549.82
2026.05.18 01:45,4549.69,4554.36,4543.61,4546.0
2026.05.18 02:00,4545.95,4547.88,4539.41,4541.52
2026.05.18 02:15,4541.4,4544.12,4537.71,4537.81
2026.05.18 02:30,4537.8,4541.33,4532.33,4538.97
2026.05.18 02:45,4538.91,4543.99,4531.89,4536.92
2026.05.18 03:00,4536.98,4542.5,4522.86,4526.15
2026.05.18 03:15,4526.16,4533.49,4514.48,4515.65
2026.05.18 03:30,4515.49,4518.78,4480.28,4481.41
2026.05.18 03:45,4481.34,4516.43,4480.17,4515.82
2026.05.18 04:00,4514.66,4516.0,4489.33,4495.85
2026.05.18 04:15,4495.67,4509.84,4492.79,4503.82
2026.05.18 04:30,4504.27,4513.45,4499.67,4512.42
2026.05.18 04:45,4512.38,4535.36,4510.81,4525.33
2026.05.18 05:00,4525.07,4538.31,4521.88,4536.53
2026.05.18 05:15,4536.7,4540.54,4531.74,4533.41
2026.05.18 05:30,4533.25,4540.98,4529.35,4536.12
2026.05.18 05:45,4535.93,4542.71,4530.26,4533.49
2026.05.18 06:00,4533.52,4535.63,4526.56,4529.4
2026.05.18 06:15,4529.42,4538.23,4528.13,4535.81
2026.05.18 06:30,4535.78,4547.79,4525.03,4545.63
2026.05.18 06:45,4545.38,4547.67,4539.2,4541.07
2026.05.18 07:00,4541.03,4549.73,4540.78,4544.18
2026.05.18 07:15,4544.19,4546.91,4529.9,4532.47
2026.05.18 07:30,4532.48,4544.12,4531.95,4541.57
2026.05.18 07:45,4541.59,4545.52,4535.0,4540.56
2026.05.18 08:00,4540.55,4542.69,4532.8,4538.04
2026.05.18 08:15,4538.09,4550.46,4534.72,4548.6
2026.05.18 08:30,4548.68,4552.06,4538.21,4539.4
2026.05.18 08:45,4539.35,4542.82,4529.84,4530.69
2026.05.18 09:00,4530.44,4540.26,4529.59,4537.23
2026.05.18 09:15,4537.03,4547.93,4534.3,4537.35
2026.05.18 09:30,4537.36,4546.96,4534.43,4540.55
2026.05.18 09:45,4540.47,4547.45,4538.42,4546.53
2026.05.18 10:00,4546.51,4549.21,4541.93,4543.45
2026.05.18 10:15,4543.35,4551.1,4538.07,4550.45
2026.05.18 10:30,4550.38,4559.77,4547.7,4548.9
2026.05.18 10:45,4548.89,4551.56,4539.93,4546.06
2026.05.18 11:00,4546.15,4548.73,4542.32,4546.49
2026.05.18 11:15,4546.48,4551.34,4542.67,4547.78
2026.05.18 11:30,4547.9,4553.01,4545.71,4547.93
2026.05.18 11:45,4548.0,4556.86,4548.0,4549.82
2026.05.18 12:00,4549.68,4551.87,4541.06,4546.12
2026.05.18 12:15,4546.14,4548.76,4544.39,4544.84
2026.05.18 12:30,4544.72,4546.31,4540.41,4542.79
2026.05.18 12:45,4542.75,4544.45,4540.13,4542.83
2026.05.18 13:00,4542.82,4544.9,4535.56,4538.89
2026.05.18 13:15,4538.9,4542.33,4537.95,4539.47
2026.05.18 13:30,4539.53,4543.86,4531.99,4543.59
2026.05.18 13:45,4543.56,4547.58,4536.61,4540.16
2026.05.18 14:00,4540.16,4541.64,4529.81,4539.36
2026.05.18 14:15,4539.3,4540.03,4531.69,4535.81
2026.05.18 14:30,4535.78,4567.03,4535.36,4561.89
2026.05.18 14:45,4562.09,4564.34,4549.3,4550.45
2026.05.18 15:00,4550.54,4556.44,4547.33,4553.25
2026.05.18 15:15,4553.24,4554.98,4545.09,4550.54
2026.05.18 15:30,4550.48,4569.71,4549.98,4569.53
2026.05.18 15:45,4569.41,4574.64,4562.37,4571.15
2026.05.18 16:00,4571.17,4576.67,4561.63,4567.47
2026.05.18 16:15,4567.45,4576.14,4563.78,4571.83
2026.05.18 16:30,4571.82,4579.76,4564.66,4566.19
2026.05.18 16:45,4566.25,4584.05,4563.66,4575.51
2026.05.18 17:00,4575.58,4575.58,4559.75,4564.11
2026.05.18 17:15,4564.12,4568.75,4554.78,4561.48
2026.05.18 17:30,4561.41,4562.83,4538.43,4547.5
2026.05.18 17:45,4547.41,4548.29,4537.56,4546.34
2026.05.18 18:00,4546.65,4547.77,4531.57,4540.36
2026.05.18 18:15,4540.22,4542.54,4534.21,4534.48
2026.05.18 18:30,4534.42,4544.23,4533.73,4538.4
2026.05.18 18:45,4538.42,4546.71,4537.78,4543.38
2026.05.18 19:00,4543.48,4548.76,4539.99,4548.43
2026.05.18 19:15,4548.49,4550.53,4533.67,4536.91
2026.05.18 19:30,4536.95,4544.78,4534.19,4543.2
2026.05.18 19:45,4543.19,4554.38,4542.7,4550.05
2026.05.18 20:00,4549.76,4558.1,4547.74,4553.08
2026.05.18 20:15,4553.05,4555.45,4551.68,4553.84
2026.05.18 20:30,4553.65,4553.98,4547.06,4548.02
2026.05.18 20:45,4548.04,4549.5,4545.45,4546.77
2026.05.18 21:00,4546.74,4547.62,4543.63,4545.07
2026.05.18 21:15,4545.11,4545.26,4536.57,4541.8
2026.05.18 21:30,4541.74,4543.84,4538.79,4541.38
2026.05.18 21:45,4541.36,4543.12,4534.09,4535.61
2026.05.18 22:00,4535.81,4564.78,4535.11,4554.31
2026.05.18 22:15,4554.32,4555.53,4546.44,4551.38
2026.05.18 22:30,4551.49,4561.15,4550.01,4558.03
2026.05.18 22:45,4557.99,4562.82,4557.23,4558.27
2026.05.18 23:00,4558.55,4562.78,4557.65,4562.07
2026.05.18 23:15,4562.08,4566.5,4561.96,4563.1
2026.05.18 23:30,4563.1,4564.88,4561.45,4564.34
2026.05.18 23:45,4564.37,4566.42,4562.23,4565.97
2026.05.19 01:00,4568.23,4573.35,4567.03,4573.14
2026.05.19 01:15,4573.08,4574.39,4570.92,4572.72
2026.05.19 01:30,4572.77,4578.14,4571.44,4576.42
2026.05.19 01:45,4576.43,4576.74,4572.35,4573.74
2026.05.19 02:00,4573.71,4586.6,4573.6,4585.43
2026.05.19 02:15,4585.45,4588.76,4583.19,4585.65
2026.05.19 02:30,4585.61,4587.68,4582.58,4585.27
2026.05.19 02:45,4585.29,4586.51,4578.97,4581.68
2026.05.19 03:00,4581.9,4589.03,4576.45,4578.74
2026.05.19 03:15,4578.76,4585.67,4568.68,4573.49
2026.05.19 03:30,4573.55,4575.97,4567.98,4570.65
2026.05.19 03:45,4570.59,4572.46,4561.12,4563.03
2026.05.19 04:00,4562.76,4569.15,4557.53,4565.64
2026.05.19 04:15,4565.69,4568.31,4554.0,4559.0
2026.05.19 04:30,4559.03,4572.24,4555.1,4570.57
2026.05.19 04:45,4570.63,4571.66,4561.3,4563.6
2026.05.19 05:00,4563.59,4563.59,4552.9,4554.44
2026.05.19 05:15,4554.42,4561.91,4551.4,4559.47
2026.05.19 05:30,4559.42,4559.56,4550.9,4555.96
2026.05.19 05:45,4556.18,4557.9,4545.93,4546.98
2026.05.19 06:00,4546.76,4552.55,4543.4,4551.64
2026.05.19 06:15,4551.68,4552.87,4546.72,4548.99
2026.05.19 06:30,4549.01,4554.92,4546.83,4547.6
2026.05.19 06:45,4547.48,4549.28,4544.17,4544.81
2026.05.19 07:00,4544.85,4545.54,4538.59,4540.04
2026.05.19 07:15,4540.08,4542.96,4538.11,4540.2
2026.05.19 07:30,4540.14,4542.13,4537.83,4539.57
2026.05.19 07:45,4539.58,4543.63,4539.58,4542.32
2026.05.19 08:00,4542.35,4546.38,4540.03,4544.6
2026.05.19 08:15,4544.61,4545.18,4530.77,4538.38
2026.05.19 08:30,4538.59,4544.02,4532.91,4538.35
2026.05.19 08:45,4538.38,4543.31,4532.83,4540.73
2026.05.19 09:00,4540.94,4545.69,4533.41,4541.84
2026.05.19 09:15,4541.87,4553.7,4540.83,4547.52
2026.05.19 09:30,4547.48,4552.63,4544.91,4552.04
2026.05.19 09:45,4552.11,4552.4,4542.92,4547.91
2026.05.19 10:00,4547.85,4555.13,4544.02,4548.51
2026.05.19 10:15,4548.53,4549.94,4542.93,4548.13
2026.05.19 10:30,4548.14,4549.05,4541.26,4542.01
2026.05.19 10:45,4542.02,4559.17,4541.94,4557.07
2026.05.19 11:00,4557.25,4558.97,4542.35,4546.28
2026.05.19 11:15,4546.31,4547.97,4536.15,4538.19
2026.05.19 11:30,4538.23,4544.84,4536.76,4543.05
2026.05.19 11:45,4543.03,4548.54,4538.16,4542.62
2026.05.19 12:00,4542.55,4542.55,4536.78,4539.46
2026.05.19 12:15,4539.33,4546.62,4535.92,4540.46
2026.05.19 12:30,4540.51,4542.99,4536.59,4539.41
2026.05.19 12:45,4539.4,4544.56,4538.25,4541.63
2026.05.19 13:00,4541.64,4542.22,4535.87,4541.35
2026.05.19 13:15,4541.37,4541.76,4538.24,4539.73
2026.05.19 13:30,4539.81,4542.89,4525.36,4529.05
2026.05.19 13:45,4528.94,4544.52,4527.58,4544.52
2026.05.19 14:00,4544.47,4547.8,4535.79,4536.58
2026.05.19 14:15,4536.56,4542.03,4535.61,4539.17
2026.05.19 14:30,4539.1,4542.97,4536.71,4541.84
2026.05.19 14:45,4541.81,4542.13,4529.73,4530.62
2026.05.19 15:00,4530.54,4546.49,4527.28,4542.12
2026.05.19 15:15,4542.17,4544.09,4536.55,4543.3
2026.05.19 15:30,4543.12,4546.94,4536.56,4537.19
2026.05.19 15:45,4537.08,4541.44,4535.48,4536.97
2026.05.19 16:00,4537.03,4537.23,4514.69,4524.3
2026.05.19 16:15,4524.28,4526.01,4490.85,4491.91
2026.05.19 16:30,4492.22,4495.51,4464.39,4476.03
2026.05.19 16:45,4476.17,4511.16,4474.02,4504.36
2026.05.19 17:00,4504.27,4514.07,4492.08,4492.54
2026.05.19 17:15,4492.52,4500.69,4484.35,4489.89
2026.05.19 17:30,4489.93,4498.53,4487.26,4494.5
2026.05.19 17:45,4494.48,4496.52,4486.08,4493.93
2026.05.19 18:00,4493.92,4499.75,4489.72,4498.81
2026.05.19 18:15,4498.88,4504.92,4493.74,4498.69
2026.05.19 18:30,4498.51,4507.48,4497.78,4501.96
2026.05.19 18:45,4502.05,4509.1,4500.09,4508.22
2026.05.19 19:00,4508.43,4509.91,4496.07,4500.73
2026.05.19 19:15,4500.72,4511.83,4498.61,4508.53
2026.05.19 19:30,4508.32,4512.23,4505.45,4505.77
2026.05.19 19:45,4505.79,4509.1,4504.46,4507.5
2026.05.19 20:00,4507.42,4510.59,4505.69,4510.15
2026.05.19 20:15,4510.21,4510.88,4503.24,4506.8
2026.05.19 20:30,4506.81,4508.17,4502.59,4504.3
2026.05.19 20:45,4504.33,4504.67,4498.98,4500.64
2026.05.19 21:00,4500.7,4503.5,4499.59,4500.77
2026.05.19 21:15,4500.7,4501.82,4495.39,4495.87
2026.05.19 21:30,4495.87,4500.66,4493.14,4498.91
2026.05.19 21:45,4498.87,4499.81,4490.16,4493.44
2026.05.19 22:00,4493.34,4497.42,4492.98,4496.81
2026.05.19 22:15,4496.82,4497.16,4485.48,4486.95
2026.05.19 22:30,4486.96,4489.7,4485.74,4488.16
2026.05.19 22:45,4488.02,4488.67,4481.1,4483.21
2026.05.19 23:00,4483.23,4486.95,4480.76,4485.39
2026.05.19 23:15,4485.34,4488.0,4483.27,4486.02
2026.05.19 23:30,4486.07,4486.19,4481.87,4483.29
2026.05.19 23:45,4483.27,4484.1,4481.52,4481.88
2026.05.20 01:00,4481.99,4485.53,4480.18,4482.63
2026.05.20 01:15,4482.67,4482.73,4477.82,4479.2
2026.05.20 01:30,4479.24,4485.59,4477.16,4481.83
2026.05.20 01:45,4481.77,4484.45,4479.16,4484.12
2026.05.20 02:00,4484.07,4486.49,4479.72,4486.03
2026.05.20 02:15,4485.9,4488.59,4483.17,4486.08
2026.05.20 02:30,4486.03,4496.13,4485.53,4492.16
2026.05.20 02:45,4491.8,4494.4,4488.05,4489.11
2026.05.20 03:00,4488.93,4490.31,4479.56,4488.37
2026.05.20 03:15,4488.41,4501.94,4481.03,4501.81
2026.05.20 03:30,4501.72,4507.21,4499.65,4505.04
2026.05.20 03:45,4505.06,4508.68,4497.98,4500.78
2026.05.20 04:00,4500.85,4506.13,4487.78,4492.28
2026.05.20 04:15,4492.37,4496.47,4472.65,4473.5
2026.05.20 04:30,4473.51,4476.82,4456.0,4466.56
2026.05.20 04:45,4466.68,4488.4,4462.98,4481.17
2026.05.20 05:00,4481.28,4486.86,4476.01,4481.14
2026.05.20 05:15,4481.19,4486.88,4476.36,4481.3
2026.05.20 05:30,4481.33,4483.28,4460.53,4460.53
2026.05.20 05:45,4460.54,4465.94,4458.33,4465.1
2026.05.20 06:00,4465.12,4467.22,4453.46,4457.72
2026.05.20 06:15,4457.77,4464.15,4457.06,4460.79
2026.05.20 06:30,4460.46,4465.93,4457.46,4460.41
2026.05.20 06:45,4460.78,4465.03,4458.04,4463.62
2026.05.20 07:00,4463.6,4469.96,4463.2,4469.08
2026.05.20 07:15,4469.1,4470.52,4462.21,4465.12
2026.05.20 07:30,4465.07,4465.78,4460.53,4463.0
2026.05.20 07:45,4463.06,4463.07,4456.53,4461.91
2026.05.20 08:00,4461.83,4472.78,4461.49,4469.21
2026.05.20 08:15,4469.17,4475.15,4466.89,4468.18
2026.05.20 08:30,4468.22,4478.89,4467.74,4472.22
2026.05.20 08:45,4472.16,4475.09,4463.13,4472.68
2026.05.20 09:00,4472.37,4477.43,4467.4,4471.78
2026.05.20 09:15,4472.0,4478.15,4467.73,4471.79
2026.05.20 09:30,4471.9,4472.36,4461.34,4466.89
2026.05.20 09:45,4466.87,4478.27,4465.21,4474.2
2026.05.20 10:00,4474.13,4485.01,4471.87,4481.1
2026.05.20 10:15,4481.14,4483.94,4476.32,4482.47
2026.05.20 10:30,4482.49,4485.75,4475.87,4481.28
2026.05.20 10:45,4481.25,4481.84,4474.97,4478.41
2026.05.20 11:00,4478.51,4483.97,4476.65,4482.23
2026.05.20 11:15,4482.22,4486.27,4478.14,4485.96
2026.05.20 11:30,4486.32,4489.21,4476.63,4479.13
2026.05.20 11:45,4479.16,4489.95,4479.0,4483.95
2026.05.20 12:00,4483.94,4486.03,4479.59,4480.08
2026.05.20 12:15,4480.02,4483.49,4472.6,4473.97
2026.05.20 12:30,4474.0,4484.63,4472.65,4483.01
2026.05.20 12:45,4483.09,4490.83,4481.64,4484.8
2026.05.20 13:00,4484.69,4492.1,4484.61,4487.88
2026.05.20 13:15,4487.88,4492.37,4487.07,4488.78
2026.05.20 13:30,4488.88,4496.9,4488.43,4494.14
2026.05.20 13:45,4494.16,4495.56,4490.22,4494.49
2026.05.20 14:00,4494.47,4496.49,4492.58,4492.93
2026.05.20 14:15,4492.86,4500.98,4491.01,4499.87
2026.05.20 14:30,4499.86,4500.15,4493.29,4495.04
2026.05.20 14:45,4494.95,4499.37,4490.77,4498.98
2026.05.20 15:00,4498.95,4501.04,4495.66,4496.41
2026.05.20 15:15,4496.43,4499.44,4492.81,4499.44
2026.05.20 15:30,4499.55,4504.5,4499.16,4502.68
2026.05.20 15:45,4502.83,4505.18,4493.74,4496.04
2026.05.20 16:00,4496.03,4505.95,4493.74,4505.0
2026.05.20 16:15,4505.02,4505.1,4489.17,4489.17
2026.05.20 16:30,4489.32,4492.9,4482.9,4489.89
2026.05.20 16:45,4489.47,4491.9,4481.84,4482.93
2026.05.20 17:00,4483.34,4484.98,4466.91,4476.8
2026.05.20 17:15,4476.84,4510.58,4476.42,4506.74
2026.05.20 17:30,4506.76,4528.48,4506.76,4520.4
2026.05.20 17:45,4520.64,4537.0,4516.4,4531.13
2026.05.20 18:00,4531.1,4535.55,4523.0,4524.37
2026.05.20 18:15,4524.39,4552.64,4524.25,4529.31
2026.05.20 18:30,4529.28,4539.25,4527.38,4536.67
2026.05.20 18:45,4536.72,4537.64,4527.06,4528.95
2026.05.20 19:00,4529.02,4535.12,4528.19,4533.46
2026.05.20 19:15,4533.54,4533.54,4523.85,4525.77
2026.05.20 19:30,4525.85,4533.62,4523.93,4533.62
2026.05.20 19:45,4533.56,4535.27,4529.91,4534.13
2026.05.20 20:00,4534.29,4537.97,4530.94,4534.25
2026.05.20 20:15,4534.18,4536.64,4530.7,4532.23
2026.05.20 20:30,4532.23,4536.36,4529.67,4532.92
2026.05.20 20:45,4532.88,4535.11,4530.04,4531.36
2026.05.20 21:00,4531.4,4533.83,4529.33,4532.7
2026.05.20 21:15,4532.75,4536.55,4531.7,4534.9
2026.05.20 21:30,4534.88,4543.26,4534.88,4536.77
2026.05.20 21:45,4536.93,4544.87,4536.63,4542.17
2026.05.20 22:00,4542.19,4545.12,4541.58,4543.75
2026.05.20 22:15,4543.73,4545.84,4543.13,4544.88
2026.05.20 22:30,4544.89,4550.11,4544.89,4546.26
2026.05.20 22:45,4546.27,4548.32,4545.22,4545.47
2026.05.20 23:00,4545.44,4550.19,4545.23,4546.55
2026.05.20 23:15,4546.57,4548.16,4543.0,4545.48
2026.05.20 23:30,4545.52,4546.18,4542.48,4543.28
2026.05.20 23:45,4543.22,4544.48,4541.8,4543.49
2026.05.21 01:00,4544.77,4548.67,4538.65,4539.92
2026.05.21 01:15,4539.91,4540.31,4535.16,4538.76
2026.05.21 01:30,4538.77,4543.31,4538.63,4542.13
2026.05.21 01:45,4542.1,4544.51,4537.14,4539.64
2026.05.21 02:00,4539.66,4542.92,4537.84,4539.78
2026.05.21 02:15,4539.74,4540.44,4534.44,4538.27
2026.05.21 02:30,4538.35,4545.15,4537.7,4542.81
2026.05.21 02:45,4542.77,4546.69,4541.67,4546.3
2026.05.21 03:00,4546.36,4548.39,4540.03,4544.69
2026.05.21 03:15,4544.67,4553.08,4537.23,4543.56
2026.05.21 03:30,4543.53,4544.86,4539.57,4543.57
2026.05.21 03:45,4543.52,4548.56,4541.88,4545.11
2026.05.21 04:00,4545.09,4559.85,4539.65,4559.67
2026.05.21 04:15,4559.71,4567.5,4557.27,4566.8
2026.05.21 04:30,4566.72,4570.65,4561.42,4567.58
2026.05.21 04:45,4567.54,4568.09,4558.81,4560.82
2026.05.21 05:00,4560.92,4564.7,4550.56,4551.61
2026.05.21 05:15,4551.58,4552.99,4539.44,4540.15
2026.05.21 05:30,4540.05,4542.15,4533.8,4536.17
2026.05.21 05:45,4536.16,4537.2,4531.27,4533.01
2026.05.21 06:00,4532.83,4538.82,4531.45,4537.76
2026.05.21 06:15,4537.78,4540.08,4532.85,4535.6
2026.05.21 06:30,4535.46,4537.06,4531.59,4533.84
2026.05.21 06:45,4533.85,4534.2,4527.1,4528.07
2026.05.21 07:00,4528.04,4536.42,4527.14,4535.95
2026.05.21 07:15,4536.09,4539.93,4534.24,4539.65
2026.05.21 07:30,4539.64,4540.24,4533.65,4537.03
2026.05.21 07:45,4537.05,4539.14,4535.27,4538.27
2026.05.21 08:00,4538.28,4540.12,4529.59,4530.53
2026.05.21 08:15,4530.54,4530.92,4521.36,4522.81
2026.05.21 08:30,4522.92,4527.0,4518.22,4525.85
2026.05.21 08:45,4525.84,4529.8,4518.31,4527.67
2026.05.21 09:00,4527.57,4535.26,4526.43,4531.37
2026.05.21 09:15,4531.35,4539.62,4528.52,4532.94
2026.05.21 09:30,4532.95,4534.9,4522.85,4524.77
2026.05.21 09:45,4524.64,4526.2,4518.75,4521.39
2026.05.21 10:00,4521.42,4524.24,4518.12,4520.4
2026.05.21 10:15,4520.39,4523.22,4511.84,4512.67
2026.05.21 10:30,4512.68,4517.25,4512.06,4516.23
2026.05.21 10:45,4516.26,4523.19,4514.14,4519.46
2026.05.21 11:00,4519.7,4535.41,4518.19,4534.04
2026.05.21 11:15,4534.14,4536.58,4529.04,4535.43
2026.05.21 11:30,4534.96,4535.44,4526.4,4528.98
2026.05.21 11:45,4529.24,4534.42,4528.11,4532.32
2026.05.21 12:00,4532.28,4540.28,4531.68,4537.63
2026.05.21 12:15,4537.63,4542.3,4535.32,4536.72
2026.05.21 12:30,4536.64,4542.61,4529.44,4529.69
2026.05.21 12:45,4529.76,4532.93,4527.64,4530.5
2026.05.21 13:00,4530.55,4535.12,4529.8,4532.49
2026.05.21 13:15,4532.53,4534.57,4510.68,4517.89
2026.05.21 13:30,4518.23,4518.23,4504.93,4516.86
2026.05.21 13:45,4516.81,4517.71,4510.67,4511.39
2026.05.21 14:00,4511.35,4519.86,4510.55,4516.12
2026.05.21 14:15,4516.12,4521.03,4512.4,4513.91
2026.05.21 14:30,4513.97,4515.71,4507.99,4512.03
2026.05.21 14:45,4512.05,4517.18,4510.77,4513.93
2026.05.21 15:00,4513.96,4519.15,4513.53,4514.49
2026.05.21 15:15,4514.5,4514.63,4503.97,4506.16
2026.05.21 15:30,4506.18,4517.75,4505.62,4514.83
2026.05.21 15:45,4514.84,4518.03,4502.34,4503.89
2026.05.21 16:00,4503.94,4512.56,4499.37,4502.1
2026.05.21 16:15,4502.02,4505.3,4495.32,4500.56
2026.05.21 16:30,4500.9,4502.57,4488.42,4497.68
2026.05.21 16:45,4497.88,4520.92,4494.82,4513.09
2026.05.21 17:00,4513.18,4515.29,4502.44,4507.98
2026.05.21 17:15,4507.92,4509.25,4498.06,4507.28
2026.05.21 17:30,4507.31,4511.02,4502.24,4504.61
2026.05.21 17:45,4504.57,4510.46,4501.46,4508.56
2026.05.21 18:00,4508.74,4515.24,4496.5,4509.87
2026.05.21 18:15,4509.82,4511.38,4502.06,4503.28
2026.05.21 18:30,4503.25,4509.72,4502.45,4506.8
2026.05.21 18:45,4506.8,4512.52,4506.45,4511.77
2026.05.21 19:00,4511.74,4520.46,4511.74,4517.13
2026.05.21 19:15,4517.04,4518.66,4514.36,4516.34
2026.05.21 19:30,4516.41,4519.15,4515.34,4517.96
2026.05.21 19:45,4518.01,4520.09,4516.07,4519.28
2026.05.21 20:00,4519.43,4531.5,4513.98,4526.09
2026.05.21 20:15,4526.23,4546.17,4525.99,4541.5
2026.05.21 20:30,4541.35,4548.81,4538.55,4548.09
2026.05.21 20:45,4548.13,4559.17,4544.73,4551.29
2026.05.21 21:00,4551.3,4556.0,4542.91,4546.01
2026.05.21 21:15,4545.98,4550.53,4544.19,4548.29
2026.05.21 21:30,4548.25,4549.31,4542.66,4545.19
2026.05.21 21:45,4545.2,4545.94,4527.1,4531.85
2026.05.21 22:00,4531.87,4537.74,4529.7,4537.66
2026.05.21 22:15,4537.66,4541.92,4537.5,4538.65
2026.05.21 22:30,4538.66,4543.14,4538.5,4539.2
2026.05.21 22:45,4539.2,4543.72,4534.43,4542.91
2026.05.21 23:00,4542.91,4544.68,4541.0,4542.36
2026.05.21 23:15,4542.34,4542.56,4540.09,4541.15
2026.05.21 23:30,4541.13,4542.04,4540.12,4540.6
2026.05.21 23:45,4540.47,4543.1,4539.7,4543.0
2026.05.22 01:00,4544.77,4545.85,4539.59,4541.73
2026.05.22 01:15,4541.71,4543.05,4539.74,4540.95
2026.05.22 01:30,4540.99,4543.57,4539.6,4542.5
2026.05.22 01:45,4542.46,4543.4,4540.64,4543.09
2026.05.22 02:00,4543.1,4544.97,4542.54,4543.63
2026.05.22 02:15,4543.7,4544.27,4537.68,4540.47
2026.05.22 02:30,4540.45,4540.45,4532.69,4532.69
2026.05.22 02:45,4532.59,4536.38,4532.32,4535.29
2026.05.22 03:00,4535.26,4536.82,4530.68,4531.15
2026.05.22 03:15,4531.23,4537.14,4530.15,4536.09
2026.05.22 03:30,4536.11,4540.89,4535.68,4537.84
2026.05.22 03:45,4537.88,4538.73,4525.46,4526.57
2026.05.22 04:00,4526.53,4536.1,4523.27,4529.54
2026.05.22 04:15,4529.55,4533.22,4526.18,4528.89
2026.05.22 04:30,4528.84,4529.72,4520.8,4524.89
2026.05.22 04:45,4524.87,4531.69,4524.6,4526.12
2026.05.22 05:00,4526.05,4529.2,4521.27,4527.47
2026.05.22 05:15,4527.67,4528.84,4522.61,4524.43
2026.05.22 05:30,4524.4,4524.4,4518.31,4522.46
2026.05.22 05:45,4522.47,4526.89,4519.37,4522.86
2026.05.22 06:00,4522.9,4524.98,4520.45,4520.91
2026.05.22 06:15,4520.92,4522.71,4519.05,4521.59
2026.05.22 06:30,4521.63,4527.42,4521.61,4526.67
2026.05.22 06:45,4526.66,4529.74,4526.27,4529.32
2026.05.22 07:00,4529.39,4530.02,4527.58,4528.98
2026.05.22 07:15,4529.02,4532.8,4527.46,4532.08
2026.05.22 07:30,4532.08,4532.51,4525.35,4528.87
2026.05.22 07:45,4528.88,4529.99,4526.92,4527.1
2026.05.22 08:00,4527.06,4529.41,4523.6,4525.25
2026.05.22 08:15,4525.29,4528.94,4523.26,4525.89
2026.05.22 08:30,4525.93,4533.97,4524.97,4533.97
2026.05.22 08:45,4533.98,4534.08,4507.15,4510.99
2026.05.22 09:00,4510.96,4524.19,4509.98,4521.4
2026.05.22 09:15,4521.34,4525.91,4516.34,4525.07
2026.05.22 09:30,4525.1,4527.23,4521.48,4526.44
2026.05.22 09:45,4526.47,4528.68,4523.78,4526.73
2026.05.22 10:00,4526.73,4526.91,4521.26,4522.29
2026.05.22 10:15,4522.26,4527.29,4522.04,4525.69
2026.05.22 10:30,4525.65,4525.67,4516.03,4519.75
2026.05.22 10:45,4519.74,4523.1,4517.49,4521.79
2026.05.22 11:00,4521.81,4529.85,4521.35,4524.58
2026.05.22 11:15,4524.56,4531.08,4523.65,4526.72
2026.05.22 11:30,4526.87,4527.19,4516.83,4522.33
2026.05.22 11:45,4522.34,4524.68,4521.42,4521.73
2026.05.22 12:00,4521.68,4525.34,4516.94,4517.15
2026.05.22 12:15,4517.0,4520.36,4515.0,4517.68
2026.05.22 12:30,4517.59,4525.84,4514.69,4524.92
2026.05.22 12:45,4525.05,4535.81,4524.53,4532.03
2026.05.22 13:00,4532.17,4536.68,4529.41,4533.68
2026.05.22 13:15,4533.86,4534.03,4524.37,4524.63
2026.05.22 13:30,4524.58,4525.35,4511.92,4512.36
2026.05.22 13:45,4512.24,4514.97,4510.04,4514.51
2026.05.22 14:00,4514.33,4517.19,4513.58,4515.79
2026.05.22 14:15,4515.72,4515.74,4511.68,4511.9
2026.05.22 14:30,4511.85,4522.94,4511.41,4521.52
2026.05.22 14:45,4521.67,4524.95,4520.0,4520.51
2026.05.22 15:00,4520.34,4529.81,4518.61,4529.03
2026.05.22 15:15,4528.88,4535.55,4520.81,4521.51
2026.05.22 15:30,4521.49,4523.44,4514.89,4518.55
2026.05.22 15:45,4518.46,4528.27,4517.28,4528.0
2026.05.22 16:00,4528.32,4534.21,4520.66,4528.04
2026.05.22 16:15,4528.02,4529.65,4521.49,4521.93
2026.05.22 16:30,4521.49,4526.92,4511.14,4517.59
2026.05.22 16:45,4517.31,4518.84,4510.17,4513.6
2026.05.22 17:00,4513.78,4513.78,4492.94,4497.52
2026.05.22 17:15,4497.13,4500.45,4491.73,4498.87
2026.05.22 17:30,4498.9,4505.81,4497.1,4504.31
2026.05.22 17:45,4504.14,4507.13,4500.23,4500.42
2026.05.22 18:00,4500.58,4511.78,4500.13,4511.06
2026.05.22 18:15,4511.23,4519.19,4510.92,4519.19
2026.05.22 18:30,4519.22,4522.17,4517.16,4518.06
2026.05.22 18:45,4518.09,4521.77,4514.54,4519.88
2026.05.22 19:00,4519.88,4520.28,4516.74,4519.24
2026.05.22 19:15,4519.02,4524.01,4516.76,4523.52
2026.05.22 19:30,4523.54,4526.57,4513.4,4514.79
2026.05.22 19:45,4514.76,4517.82,4512.22,4514.77
2026.05.22 20:00,4514.88,4520.77,4514.64,4519.1
2026.05.22 20:15,4519.06,4525.73,4512.93,4525.16
2026.05.22 20:30,4525.18,4527.68,4519.26,4521.99
2026.05.22 20:45,4522.13,4522.63,4518.45,4519.04
2026.05.22 21:00,4519.1,4519.23,4511.68,4513.6
2026.05.22 21:15,4513.59,4517.64,4512.29,4515.16
2026.05.22 21:30,4515.05,4519.85,4513.74,4514.94
2026.05.22 21:45,4514.97,4515.81,4512.79,4514.97
2026.05.22 22:00,4515.03,4515.68,4506.89,4507.12
2026.05.22 22:15,4507.1,4508.88,4506.2,4506.92
2026.05.22 22:30,4506.96,4510.6,4504.15,4509.42
2026.05.22 22:45,4509.47,4509.79,4506.44,4508.05
2026.05.22 23:00,4508.03,4509.07,4504.76,4507.75
2026.05.22 23:15,4507.81,4510.24,4506.63,4510.0
2026.05.22 23:30,4510.0,4510.23,4504.07,4504.28
2026.05.22 23:45,4504.28,4508.1,4503.75,4507.29
2026.05.25 01:00,4534.6,4557.28,4533.39,4554.75
2026.05.25 01:15,4554.79,4555.93,4548.13,4551.46
2026.05.25 01:30,4551.46,4560.65,4551.03,4558.12
2026.05.25 01:45,4558.11,4565.35,4557.83,4564.81
2026.05.25 02:00,4564.84,4576.29,4564.75,4574.33
2026.05.25 02:15,4574.37,4578.18,4573.46,4574.84
2026.05.25 02:30,4574.85,4579.76,4574.81,4577.08
2026.05.25 02:45,4577.06,4578.09,4565.67,4566.99
2026.05.25 03:00,4566.93,4575.66,4566.01,4572.52
2026.05.25 03:15,4572.54,4575.38,4569.74,4572.25
2026.05.25 03:30,4572.31,4575.33,4570.79,4571.31
2026.05.25 03:45,4571.34,4579.37,4566.08,4569.22
2026.05.25 04:00,4569.21,4576.23,4560.26,4565.5
2026.05.25 04:15,4565.39,4575.29,4562.14,4573.31
2026.05.25 04:30,4573.25,4574.62,4563.15,4563.3
2026.05.25 04:45,4563.28,4567.09,4560.04,4562.62
2026.05.25 05:00,4562.6,4568.16,4561.14,4561.88
2026.05.25 05:15,4561.93,4563.23,4558.68,4562.71
2026.05.25 05:30,4562.75,4569.33,4561.44,4569.33
2026.05.25 05:45,4569.45,4570.04,4559.29,4561.2
2026.05.25 06:00,4561.22,4564.26,4560.23,4562.96
2026.05.25 06:15,4563.01,4564.35,4560.02,4560.54
2026.05.25 06:30,4560.56,4563.99,4557.96,4558.38
2026.05.25 06:45,4558.37,4561.09,4556.51,4559.67
2026.05.25 07:00,4559.59,4562.46,4559.23,4560.79
2026.05.25 07:15,4560.66,4565.75,4559.88,4565.01
2026.05.25 07:30,4565.03,4565.32,4559.48,4562.15
2026.05.25 07:45,4562.2,4565.53,4562.06,4564.67
2026.05.25 08:00,4564.65,4565.84,4562.81,4563.45
2026.05.25 08:15,4563.43,4563.52,4553.91,4554.01
2026.05.25 08:30,4553.99,4560.76,4552.6,4556.76
2026.05.25 08:45,4556.71,4557.59,4551.78,4553.13
2026.05.25 09:00,4553.07,4555.68,4550.33,4553.69
2026.05.25 09:15,4553.67,4557.19,4552.08,4554.07
2026.05.25 09:30,4554.08,4557.16,4553.35,4556.19
2026.05.25 09:45,4556.18,4563.04,4555.93,4562.29
2026.05.25 10:00,4562.48,4564.59,4560.59,4560.6
2026.05.25 10:15,4560.63,4561.06,4552.38,4554.35
2026.05.25 10:30,4554.36,4561.59,4553.99,4559.72
2026.05.25 10:45,4559.67,4564.96,4558.5,4564.6
2026.05.25 11:00,4564.56,4564.9,4559.45,4560.93
2026.05.25 11:15,4560.96,4561.19,4553.6,4554.79
2026.05.25 11:30,4554.82,4557.91,4553.27,4554.38
2026.05.25 11:45,4554.4,4556.41,4553.26,4555.85
2026.05.25 12:00,4555.91,4558.52,4554.81,4555.23
2026.05.25 12:15,4555.25,4558.82,4555.23,4558.63
2026.05.25 12:30,4558.65,4565.85,4558.2,4565.54
2026.05.25 12:45,4565.59,4568.97,4564.32,4567.44
2026.05.25 13:00,4567.47,4572.35,4567.36,4571.76
2026.05.25 13:15,4571.78,4573.47,4569.69,4570.73
2026.05.25 13:30,4570.77,4572.99,4568.27,4569.95
2026.05.25 13:45,4569.96,4572.2,4568.3,4568.47
2026.05.25 14:00,4568.58,4572.28,4567.45,4571.86
2026.05.25 14:15,4571.9,4575.05,4569.4,4571.47
2026.05.25 14:30,4571.41,4576.01,4571.39,4574.35
2026.05.25 14:45,4574.37,4576.8,4569.08,4569.25
2026.05.25 15:00,4569.17,4569.3,4555.97,4556.13
2026.05.25 15:15,4556.1,4560.72,4552.68,4560.36
2026.05.25 15:30,4560.38,4570.04,4559.69,4566.31
2026.05.25 15:45,4566.32,4568.57,4564.08,4567.49
2026.05.25 16:00,4567.5,4571.15,4561.52,4564.21
2026.05.25 16:15,4564.26,4564.43,4560.34,4561.62
2026.05.25 16:30,4561.41,4565.37,4561.31,4564.88
2026.05.25 16:45,4564.92,4565.16,4559.87,4562.87
2026.05.25 17:00,4562.9,4569.77,4562.23,4567.53
2026.05.25 17:15,4567.53,4570.41,4567.13,4567.66
2026.05.25 17:30,4567.77,4568.36,4564.92,4566.82
2026.05.25 17:45,4566.77,4568.78,4565.22,4566.71
2026.05.25 18:00,4566.6,4573.28,4565.41,4569.99
2026.05.25 18:15,4569.96,4574.5,4567.76,4573.12
2026.05.25 18:30,4573.07,4573.26,4566.61,4568.84
2026.05.25 18:45,4568.81,4572.67,4568.6,4570.67
2026.05.25 19:00,4570.76,4570.89,4568.49,4570.48
2026.05.25 19:15,4570.48,4570.51,4568.0,4568.02
2026.05.25 19:30,4567.99,4572.28,4567.76,4571.99
2026.05.25 19:45,4572.06,4574.43,4570.82,4573.43
2026.05.25 20:00,4573.3,4577.65,4573.27,4574.03
2026.05.25 20:15,4574.0,4574.41,4570.17,4571.28
2026.05.25 20:30,4571.31,4571.32,4566.13,4566.57
2026.05.25 20:45,4566.62,4566.62,4563.14,4564.98
2026.05.25 21:00,4565.03,4571.27,4564.25,4568.97
2026.05.25 21:15,4568.94,4570.51,4567.32,4567.58
2026.05.26 01:00,4569.68,4573.88,4569.68,4573.23
2026.05.26 01:15,4573.22,4575.31,4572.74,4572.97
2026.05.26 01:30,4572.95,4574.97,4569.42,4573.84
2026.05.26 01:45,4573.81,4576.35,4573.28,4574.7
2026.05.26 02:00,4574.69,4579.03,4573.64,4578.86
2026.05.26 02:15,4578.84,4580.05,4567.0,4568.08
2026.05.26 02:30,4568.11,4568.39,4554.9,4556.35
2026.05.26 02:45,4556.43,4562.69,4556.42,4559.41
2026.05.26 03:00,4559.41,4560.04,4548.34,4552.08
2026.05.26 03:15,4552.11,4553.21,4541.09,4549.12
2026.05.26 03:30,4549.17,4552.87,4543.27,4548.03
2026.05.26 03:45,4547.95,4551.43,4539.44,4549.36
2026.05.26 04:00,4549.4,4549.8,4542.13,4548.5
2026.05.26 04:15,4548.39,4548.92,4541.62,4543.52
2026.05.26 04:30,4543.54,4544.01,4527.62,4532.09
2026.05.26 04:45,4532.1,4537.18,4531.2,4536.86
2026.05.26 05:00,4536.82,4539.31,4535.23,4538.34
2026.05.26 05:15,4538.35,4538.79,4536.2,4536.62
2026.05.26 05:30,4536.68,4538.38,4533.42,4533.74
2026.05.26 05:45,4533.78,4534.5,4529.84,4532.12
2026.05.26 06:00,4532.1,4538.09,4531.82,4536.84
2026.05.26 06:15,4536.78,4543.48,4536.6,4541.98
2026.05.26 06:30,4542.02,4545.25,4540.87,4541.27
2026.05.26 06:45,4541.18,4543.55,4540.68,4542.13
2026.05.26 07:00,4542.17,4543.01,4536.09,4537.14
2026.05.26 07:15,4537.13,4539.29,4532.4,4532.41
2026.05.26 07:30,4532.38,4533.04,4525.05,4526.05
2026.05.26 07:45,4526.02,4528.87,4523.26,4525.32
2026.05.26 08:00,4525.3,4531.19,4522.84,4529.19
2026.05.26 08:15,4529.15,4531.28,4528.64,4531.06
2026.05.26 08:30,4530.99,4534.93,4527.87,4529.63
2026.05.26 08:45,4529.59,4529.73,4523.44,4527.14
2026.05.26 09:00,4527.01,4532.62,4526.95,4531.51
2026.05.26 09:15,4531.53,4536.05,4528.33,4530.24
2026.05.26 09:30,4530.22,4533.78,4528.44,4533.58
2026.05.26 09:45,4533.58,4533.84,4528.44,4530.87
2026.05.26 10:00,4531.06,4533.7,4525.81,4528.4
2026.05.26 10:15,4528.38,4530.97,4521.98,4529.44
2026.05.26 10:30,4529.52,4529.63,4521.57,4526.53
2026.05.26 10:45,4526.5,4538.81,4524.99,4538.05
2026.05.26 11:00,4538.4,4538.72,4526.94,4527.4
2026.05.26 11:15,4527.58,4529.79,4520.47,4522.08
2026.05.26 11:30,4522.04,4526.17,4519.94,4525.24
2026.05.26 11:45,4525.2,4527.17,4520.07,4523.55
2026.05.26 12:00,4523.68,4524.77,4519.13,4520.36
2026.05.26 12:15,4520.4,4526.25,4518.08,4524.68
2026.05.26 12:30,4524.81,4525.16,4512.02,4513.03
2026.05.26 12:45,4512.89,4523.29,4512.89,4522.52
2026.05.26 13:00,4522.54,4531.93,4519.32,4529.15
2026.05.26 13:15,4529.16,4535.09,4527.33,4533.33
2026.05.26 13:30,4533.36,4538.61,4531.25,4532.98
2026.05.26 13:45,4533.03,4540.35,4532.98,4534.28
2026.05.26 14:00,4534.29,4536.15,4531.51,4531.51
2026.05.26 14:15,4531.55,4532.57,4522.63,4523.41
2026.05.26 14:30,4523.37,4523.67,4504.56,4509.89
2026.05.26 14:45,4509.86,4515.55,4503.63,4507.06
2026.05.26 15:00,4507.05,4512.05,4504.4,4510.34
2026.05.26 15:15,4510.24,4515.78,4503.61,4506.04
2026.05.26 15:30,4506.06,4511.85,4500.38,4511.85
2026.05.26 15:45,4511.84,4523.58,4510.39,4520.23
2026.05.26 16:00,4520.21,4526.25,4516.07,4518.2
2026.05.26 16:15,4518.35,4527.36,4518.08,4522.14
2026.05.26 16:30,4522.21,4531.2,4521.09,4527.14
2026.05.26 16:45,4527.29,4529.04,4512.16,4513.29
2026.05.26 17:00,4513.52,4520.27,4507.62,4510.73
2026.05.26 17:15,4510.7,4517.75,4508.43,4517.52
2026.05.26 17:30,4517.38,4524.86,4516.69,4521.24
2026.05.26 17:45,4521.09,4521.88,4512.6,4515.14
2026.05.26 18:00,4515.16,4515.34,4507.97,4509.24
2026.05.26 18:15,4509.14,4510.27,4504.69,4505.79
2026.05.26 18:30,4505.89,4508.79,4502.16,4508.16
2026.05.26 18:45,4508.11,4510.66,4505.84,4506.27
2026.05.26 19:00,4506.68,4508.34,4500.63,4501.27
2026.05.26 19:15,4501.32,4508.57,4499.72,4507.85
2026.05.26 19:30,4507.83,4511.02,4505.99,4506.31
2026.05.26 19:45,4506.34,4507.66,4502.93,4504.73
2026.05.26 20:00,4504.76,4507.25,4503.04,4503.52
2026.05.26 20:15,4503.47,4507.32,4500.32,4501.28
2026.05.26 20:30,4501.28,4501.49,4496.89,4498.35
2026.05.26 20:45,4498.37,4501.11,4489.91,4490.87
2026.05.26 21:00,4490.65,4493.18,4482.42,4487.13
2026.05.26 21:15,4487.15,4495.93,4486.25,4495.09
2026.05.26 21:30,4495.03,4498.24,4494.0,4495.97
2026.05.26 21:45,4495.95,4499.42,4495.91,4499.07
2026.05.26 22:00,4499.19,4500.98,4497.5,4499.22
2026.05.26 22:15,4499.25,4504.4,4499.15,4501.89
2026.05.26 22:30,4501.92,4505.74,4500.68,4504.72
2026.05.26 22:45,4504.7,4509.8,4503.99,4508.74
2026.05.26 23:00,4508.81,4510.51,4506.15,4507.7
2026.05.26 23:15,4507.75,4509.77,4506.15,4506.42
2026.05.26 23:30,4506.39,4509.62,4505.89,4508.67
2026.05.26 23:45,4508.72,4510.1,4503.95,4507.29
2026.05.27 01:00,4510.12,4538.88,4495.94,4504.67
2026.05.27 01:15,4504.68,4509.44,4502.54,4504.17
2026.05.27 01:30,4504.21,4505.7,4497.83,4500.35
2026.05.27 01:45,4500.36,4512.23,4499.3,4510.77
2026.05.27 02:00,4510.75,4513.51,4507.43,4508.65
2026.05.27 02:15,4508.66,4512.03,4504.32,4512.03
2026.05.27 02:30,4512.01,4526.84,4510.9,4526.76
2026.05.27 02:45,4526.75,4527.81,4518.45,4519.55
2026.05.27 03:00,4519.26,4525.68,4517.23,4521.96
2026.05.27 03:15,4521.93,4522.43,4513.91,4517.82
2026.05.27 03:30,4517.81,4520.64,4516.7,4518.51
2026.05.27 03:45,4518.52,4521.96,4514.55,4514.98
2026.05.27 04:00,4514.97,4520.75,4512.47,4519.28
2026.05.27 04:15,4519.34,4520.99,4514.27,4515.98
2026.05.27 04:30,4515.93,4516.94,4509.22,4509.91
2026.05.27 04:45,4509.98,4510.37,4506.72,4507.78
2026.05.27 05:00,4507.85,4509.37,4502.0,4504.03
2026.05.27 05:15,4503.97,4505.57,4498.88,4505.31
2026.05.27 05:30,4505.33,4505.89,4498.53,4499.77
2026.05.27 05:45,4499.7,4506.72,4497.93,4505.55
2026.05.27 06:00,4505.55,4510.14,4504.83,4508.98
2026.05.27 06:15,4509.03,4511.76,4505.38,4506.96
2026.05.27 06:30,4506.92,4507.06,4501.53,4504.15
2026.05.27 06:45,4504.17,4505.3,4496.45,4496.92
2026.05.27 07:00,4496.92,4503.04,4495.63,4502.78
2026.05.27 07:15,4502.84,4503.16,4499.34,4499.34
2026.05.27 07:30,4499.34,4508.34,4497.64,4508.31
2026.05.27 07:45,4508.28,4517.12,4508.28,4510.03
2026.05.27 08:00,4510.01,4513.75,4508.17,4508.95
2026.05.27 08:15,4508.93,4508.93,4503.98,4507.11
2026.05.27 08:30,4507.05,4508.58,4491.48,4493.29
2026.05.27 08:45,4493.31,4502.15,4491.75,4497.38
2026.05.27 09:00,4497.33,4499.02,4493.62,4493.88
2026.05.27 09:15,4493.86,4495.77,4483.68,4486.14
2026.05.27 09:30,4486.08,4487.6,4479.95,4487.45
2026.05.27 09:45,4487.46,4490.01,4483.45,4485.06
2026.05.27 10:00,4485.41,4488.42,4479.99,4480.15
2026.05.27 10:15,4480.21,4489.04,4480.19,4486.02
2026.05.27 10:30,4486.01,4488.47,4481.04,4482.66
2026.05.27 10:45,4482.68,4483.84,4475.61,4481.78
2026.05.27 11:00,4481.81,4489.03,4481.06,4486.12
2026.05.27 11:15,4486.14,4492.66,4485.84,4488.97
2026.05.27 11:30,4488.91,4496.5,4485.88,4496.09
2026.05.27 11:45,4496.33,4498.58,4492.58,4497.72
2026.05.27 12:00,4497.63,4497.63,4488.51,4491.6
2026.05.27 12:15,4491.61,4495.21,4489.24,4489.93
2026.05.27 12:30,4489.9,4492.01,4486.81,4488.51
2026.05.27 12:45,4488.47,4493.0,4488.06,4490.03
2026.05.27 13:00,4489.95,4490.46,4484.14,4485.33
2026.05.27 13:15,4485.29,4486.19,4476.29,4476.8
2026.05.27 13:30,4476.78,4476.98,4462.11,4465.45
2026.05.27 13:45,4465.29,4466.73,4442.45,4445.57
2026.05.27 14:00,4445.66,4453.15,4443.17,4451.06
2026.05.27 14:15,4451.01,4452.16,4439.52,4440.7
2026.05.27 14:30,4440.68,4444.04,4432.16,4442.99
2026.05.27 14:45,4442.92,4444.56,4424.8,4428.44
2026.05.27 15:00,4428.41,4437.38,4428.19,4430.22
2026.05.27 15:15,4430.24,4466.41,4427.37,4454.52
2026.05.27 15:30,4454.45,4460.06,4444.61,4446.83
2026.05.27 15:45,4446.92,4447.95,4437.57,4438.68
2026.05.27 16:00,4438.66,4438.81,4410.91,4416.52
2026.05.27 16:15,4416.36,4421.15,4401.14,4404.61
2026.05.27 16:30,4404.26,4425.41,4404.26,4419.06
2026.05.27 16:45,4419.0,4433.85,4418.21,4427.23
2026.05.27 17:00,4427.26,4455.36,4425.95,4447.79
2026.05.27 17:15,4447.96,4455.31,4439.96,4445.29
2026.05.27 17:30,4445.14,4449.21,4435.45,4443.03
2026.05.27 17:45,4442.99,4446.02,4433.06,4433.77
2026.05.27 18:00,4433.65,4438.36,4428.03,4431.95
2026.05.27 18:15,4431.84,4435.73,4429.56,4435.7
2026.05.27 18:30,4436.3,4441.4,4432.88,4433.92
2026.05.27 18:45,4434.04,4438.56,4430.83,4436.26
2026.05.27 19:00,4436.31,4441.71,4433.96,4439.98
2026.05.27 19:15,4440.01,4447.42,4439.69,4446.62
2026.05.27 19:30,4446.61,4453.03,4445.02,4450.63
2026.05.27 19:45,4450.74,4453.15,4449.21,4450.64
2026.05.27 20:00,4450.68,4451.45,4441.31,4443.92
2026.05.27 20:15,4443.91,4451.01,4443.13,4449.66
2026.05.27 20:30,4449.69,4454.12,4449.69,4450.48
2026.05.27 20:45,4450.44,4453.9,4449.9,4450.21
2026.05.27 21:00,4450.01,4451.97,4447.52,4449.91
2026.05.27 21:15,4449.9,4458.14,4449.71,4455.37
2026.05.27 21:30,4455.39,4456.31,4451.13,4453.14
2026.05.27 21:45,4453.01,4454.83,4452.17,4454.18
2026.05.27 22:00,4454.17,4454.57,4450.36,4451.59
2026.05.27 22:15,4451.56,4453.87,4449.58,4450.85
2026.05.27 22:30,4450.86,4454.58,4449.53,4453.48
2026.05.27 22:45,4453.53,4453.55,4448.65,4450.73
2026.05.27 23:00,4450.77,4455.06,4449.92,4454.98
2026.05.27 23:15,4455.07,4458.64,4454.52,4454.85
2026.05.27 23:30,4454.82,4455.51,4451.44,4453.45
2026.05.27 23:45,4453.46,4456.21,4452.42,4456.13
2026.05.28 01:00,4456.65,4465.58,4455.34,4457.82
2026.05.28 01:15,4457.79,4461.83,4456.44,4459.72
2026.05.28 01:30,4459.73,4462.28,4455.05,4458.35
2026.05.28 01:45,4458.32,4458.7,4455.13,4457.2
2026.05.28 02:00,4457.22,4457.59,4451.51,4453.36
2026.05.28 02:15,4453.39,4454.71,4449.18,4450.63
2026.05.28 02:30,4450.58,4453.77,4449.15,4450.58
2026.05.28 02:45,4450.59,4450.59,4443.85,4446.96
2026.05.28 03:00,4446.97,4452.36,4444.31,4444.44
2026.05.28 03:15,4444.45,4453.75,4443.78,4446.09
2026.05.28 03:30,4446.1,4452.95,4443.72,4451.86
2026.05.28 03:45,4451.88,4457.62,4450.47,4456.89
2026.05.28 04:00,4456.9,4458.56,4437.6,4438.0
2026.05.28 04:15,4437.96,4440.28,4417.08,4419.01
2026.05.28 04:30,4419.05,4426.28,4415.66,4417.41
2026.05.28 04:45,4417.4,4420.27,4406.79,4409.89
2026.05.28 05:00,4409.9,4412.5,4396.31,4402.49
2026.05.28 05:15,4402.55,4408.25,4399.66,4405.92
2026.05.28 05:30,4405.88,4410.23,4400.57,4401.9
2026.05.28 05:45,4401.91,4402.24,4392.45,4394.16
2026.05.28 06:00,4394.19,4397.69,4390.06,4394.01
2026.05.28 06:15,4393.96,4394.43,4382.15,4387.52
2026.05.28 06:30,4387.46,4387.77,4370.66,4376.49
2026.05.28 06:45,4376.46,4379.14,4368.25,4374.59
2026.05.28 07:00,4374.57,4381.89,4369.4,4376.17
2026.05.28 07:15,4376.29,4376.83,4366.27,4368.21
2026.05.28 07:30,4368.2,4374.87,4368.15,4373.87
2026.05.28 07:45,4373.77,4374.97,4368.0,4372.82
2026.05.28 08:00,4372.84,4377.08,4367.07,4375.18
2026.05.28 08:15,4375.08,4379.8,4371.5,4378.51
2026.05.28 08:30,4378.5,4393.43,4375.07,4389.31
2026.05.28 08:45,4389.36,4395.68,4387.5,4387.84
2026.05.28 09:00,4387.91,4390.38,4374.62,4375.91
2026.05.28 09:15,4375.88,4384.64,4374.16,4380.17
2026.05.28 09:30,4380.03,4385.25,4376.74,4380.25
2026.05.28 09:45,4380.18,4384.46,4379.02,4383.35
2026.05.28 10:00,4383.6,4392.07,4383.6,4388.66
2026.05.28 10:15,4388.8,4395.93,4386.15,4392.47
2026.05.28 10:30,4392.43,4393.53,4385.34,4389.22
2026.05.28 10:45,4389.24,4390.79,4382.68,4387.31
2026.05.28 11:00,4387.87,4394.74,4386.25,4393.12
2026.05.28 11:15,4393.07,4394.38,4387.49,4389.67
2026.05.28 11:30,4389.64,4394.8,4386.02,4389.77
2026.05.28 11:45,4389.87,4391.63,4385.76,4386.76
2026.05.28 12:00,4386.63,4390.93,4386.28,4389.15
2026.05.28 12:15,4389.08,4398.87,4388.45,4396.36
2026.05.28 12:30,4395.98,4396.72,4389.93,4390.96
2026.05.28 12:45,4391.06,4396.21,4389.64,4393.37
2026.05.28 13:00,4393.49,4403.96,4391.3,4399.12
2026.05.28 13:15,4399.37,4402.17,4393.59,4401.05
2026.05.28 13:30,4401.01,4402.25,4387.94,4388.97
2026.05.28 13:45,4388.77,4388.81,4375.13,4382.8
2026.05.28 14:00,4382.42,4389.11,4381.38,4386.84
2026.05.28 14:15,4386.55,4390.31,4384.23,4384.73
2026.05.28 14:30,4384.78,4390.12,4380.77,4385.6
2026.05.28 14:45,4385.58,4388.26,4380.95,4387.78
2026.05.28 15:00,4388.05,4392.64,4387.85,4392.43
2026.05.28 15:15,4392.42,4392.69,4379.44,4384.85
2026.05.28 15:30,4384.8,4402.89,4384.72,4401.83
2026.05.28 15:45,4402.18,4433.52,4401.5,4431.95
2026.05.28 16:00,4432.45,4438.89,4424.89,4426.59
2026.05.28 16:15,4426.67,4434.14,4425.65,4428.44
2026.05.28 16:30,4428.66,4430.61,4417.95,4421.88
2026.05.28 16:45,4421.57,4434.07,4421.39,4430.43
2026.05.28 17:00,4430.4,4467.29,4420.44,4463.9
2026.05.28 17:15,4463.95,4473.28,4451.35,4460.65
2026.05.28 17:30,4460.77,4471.35,4452.72,4468.72
2026.05.28 17:45,4468.99,4480.25,4461.82,4469.14
2026.05.28 18:00,4469.85,4480.61,4468.46,4471.24
2026.05.28 18:15,4471.28,4481.88,4469.07,4476.58
2026.05.28 18:30,4476.61,4484.73,4476.61,4479.11
2026.05.28 18:45,4479.1,4482.17,4478.51,4482.01
2026.05.28 19:00,4482.0,4485.74,4477.55,4484.19
2026.05.28 19:15,4484.28,4502.59,4483.86,4500.28
2026.05.28 19:30,4500.4,4506.15,4497.49,4504.12
2026.05.28 19:45,4504.18,4510.86,4504.18,4510.84
2026.05.28 20:00,4510.93,4514.36,4503.41,4503.75
2026.05.28 20:15,4503.77,4506.73,4501.08,4501.96
2026.05.28 20:30,4502.37,4506.99,4502.34,4504.86
2026.05.28 20:45,4504.85,4509.8,4504.53,4508.76
2026.05.28 21:00,4508.75,4516.36,4506.1,4507.51
2026.05.28 21:15,4507.53,4512.39,4505.27,4506.01
2026.05.28 21:30,4506.08,4506.26,4500.68,4501.58
2026.05.28 21:45,4501.54,4503.43,4498.39,4500.88
2026.05.28 22:00,4501.12,4503.58,4498.5,4499.39
2026.05.28 22:15,4499.42,4502.8,4499.42,4499.59
2026.05.28 22:30,4499.57,4501.67,4498.81,4499.08
2026.05.28 22:45,4499.04,4500.18,4496.99,4497.65
2026.05.28 23:00,4497.54,4498.44,4494.81,4496.98
2026.05.28 23:15,4497.07,4500.45,4496.19,4499.16
2026.05.28 23:30,4499.14,4500.63,4494.82,4495.39
2026.05.28 23:45,4495.46,4496.46,4494.72,4495.55
2026.05.29 01:00,4495.81,4499.51,4491.72,4493.54
2026.05.29 01:15,4493.48,4496.36,4492.62,4495.68
2026.05.29 01:30,4495.67,4496.37,4492.91,4495.5
2026.05.29 01:45,4495.43,4496.03,4490.85,4490.98
2026.05.29 02:00,4491.06,4495.52,4491.0,4494.51
2026.05.29 02:15,4494.55,4496.78,4491.54,4492.07
2026.05.29 02:30,4492.08,4494.49,4489.01,4489.84
2026.05.29 02:45,4489.79,4496.17,4488.9,4494.96
2026.05.29 03:00,4495.1,4498.09,4492.0,4497.2
2026.05.29 03:15,4497.08,4500.37,4495.63,4499.85
2026.05.29 03:30,4499.84,4500.19,4493.22,4498.16
2026.05.29 03:45,4498.08,4498.16,4493.14,4495.94
2026.05.29 04:00,4495.97,4515.16,4492.29,4514.77
2026.05.29 04:15,4514.77,4520.5,4505.14,4505.28
2026.05.29 04:30,4505.3,4508.34,4502.29,4506.24
2026.05.29 04:45,4506.21,4507.53,4500.97,4506.32
2026.05.29 05:00,4506.34,4511.03,4503.94,4506.68
2026.05.29 05:15,4506.7,4508.76,4501.67,4502.91
2026.05.29 05:30,4502.9,4507.76,4498.25,4504.93
2026.05.29 05:45,4504.94,4508.01,4501.14,4501.6
2026.05.29 06:00,4501.63,4501.88,4494.83,4496.17
2026.05.29 06:15,4496.25,4499.06,4495.11,4496.69
2026.05.29 06:30,4496.72,4499.12,4494.65,4497.94
2026.05.29 06:45,4497.99,4501.39,4496.31,4501.08
2026.05.29 07:00,4501.09,4505.16,4500.84,4502.25
2026.05.29 07:15,4502.12,4511.58,4501.82,4509.01
2026.05.29 07:30,4508.99,4510.71,4508.3,4510.45
2026.05.29 07:45,4510.44,4514.71,4508.02,4513.91
2026.05.29 08:00,4513.92,4515.27,4508.78,4511.79
2026.05.29 08:15,4511.78,4512.04,4509.25,4509.74
2026.05.29 08:30,4509.31,4512.66,4502.51,4506.56
2026.05.29 08:45,4506.58,4515.59,4503.86,4514.72
2026.05.29 09:00,4514.82,4522.21,4510.9,4515.55
2026.05.29 09:15,4515.51,4521.31,4509.94,4516.47
2026.05.29 09:30,4516.61,4520.57,4511.15,4516.46
2026.05.29 09:45,4516.45,4523.89,4515.05,4523.48
2026.05.29 10:00,4522.97,4523.73,4515.85,4516.17
2026.05.29 10:15,4516.14,4516.9,4510.6,4513.98
2026.05.29 10:30,4513.97,4525.87,4512.69,4525.09
2026.05.29 10:45,4525.06,4525.93,4522.01,4524.56
2026.05.29 11:00,4524.56,4524.57,4513.97,4515.01
2026.05.29 11:15,4514.98,4517.79,4512.36,4516.96
2026.05.29 11:30,4516.9,4517.93,4513.64,4514.85
2026.05.29 11:45,4514.71,4515.86,4509.71,4514.69
2026.05.29 12:00,4514.74,4530.22,4513.14,4528.85
2026.05.29 12:15,4528.9,4531.97,4521.97,4528.71
2026.05.29 12:30,4528.72,4532.34,4524.63,4532.2
2026.05.29 12:45,4532.25,4539.43,4529.51,4531.01
2026.05.29 13:00,4531.0,4531.0,4525.41,4528.33
2026.05.29 13:15,4528.26,4530.77,4525.53,4530.28
2026.05.29 13:30,4530.36,4543.1,4530.17,4537.77
2026.05.29 13:45,4537.83,4540.81,4535.2,4538.43
2026.05.29 14:00,4538.42,4540.26,4530.73,4532.21
2026.05.29 14:15,4532.24,4534.21,4526.7,4527.86
2026.05.29 14:30,4528.02,4531.29,4525.77,4530.85
2026.05.29 14:45,4530.9,4538.72,4527.32,4538.24
2026.05.29 15:00,4538.26,4538.41,4526.78,4528.21
2026.05.29 15:15,4528.16,4531.71,4519.9,4522.16
2026.05.29 15:30,4522.2,4523.28,4512.67,4514.16
2026.05.29 15:45,4514.03,4523.79,4512.58,4522.8
2026.05.29 16:00,4522.95,4526.78,4516.9,4522.54
2026.05.29 16:15,4522.57,4529.01,4521.09,4527.9
2026.05.29 16:30,4528.12,4535.28,4522.25,4532.87
2026.05.29 16:45,4532.86,4540.51,4529.39,4536.61
2026.05.29 17:00,4536.6,4552.48,4535.02,4543.68
2026.05.29 17:15,4543.73,4544.94,4525.97,4529.64
2026.05.29 17:30,4529.57,4541.67,4525.1,4540.23
2026.05.29 17:45,4540.15,4570.33,4536.56,4564.05
2026.05.29 18:00,4563.92,4595.04,4563.92,4589.77
2026.05.29 18:15,4589.96,4591.32,4577.92,4578.36
2026.05.29 18:30,4578.39,4583.1,4561.1,4566.4
2026.05.29 18:45,4566.43,4571.3,4557.61,4570.96
2026.05.29 19:00,4570.95,4572.1,4559.88,4563.44
2026.05.29 19:15,4563.4,4567.43,4560.26,4562.88
2026.05.29 19:30,4562.85,4573.23,4561.76,4569.38
2026.05.29 19:45,4569.33,4569.33,4560.66,4566.78
2026.05.29 20:00,4566.81,4568.36,4563.21,4563.93
2026.05.29 20:15,4563.97,4566.65,4560.85,4561.66
2026.05.29 20:30,4561.73,4562.04,4553.1,4553.96
2026.05.29 20:45,4554.02,4557.44,4551.49,4553.24
2026.05.29 21:00,4553.27,4558.53,4552.39,4557.99
2026.05.29 21:15,4558.03,4560.23,4555.45,4559.16
2026.05.29 21:30,4559.15,4561.49,4557.42,4557.82
2026.05.29 21:45,4557.65,4557.67,4550.67,4553.09
2026.05.29 22:00,4553.1,4560.04,4552.21,4558.4
2026.05.29 22:15,4558.35,4558.95,4554.47,4555.13
2026.05.29 22:30,4555.11,4556.22,4551.03,4551.4
2026.05.29 22:45,4551.4,4551.53,4542.77,4545.27
2026.05.29 23:00,4545.3,4549.01,4542.63,4548.61
2026.05.29 23:15,4548.54,4548.71,4542.09,4542.53
2026.05.29 23:30,4542.32,4543.75,4540.98,4543.32
2026.05.29 23:45,4543.33,4543.33,4539.12,4540.24
2026.06.01 01:00,4524.12,4534.71,4516.54,4534.15
2026.06.01 01:15,4533.84,4536.2,4530.81,4532.83
2026.06.01 01:30,4532.83,4536.43,4530.74,4535.48
2026.06.01 01:45,4535.44,4540.21,4534.69,4535.17
2026.06.01 02:00,4535.22,4543.01,4534.93,4542.41
2026.06.01 02:15,4542.46,4544.82,4539.92,4544.74
2026.06.01 02:30,4544.79,4545.55,4538.43,4541.71
2026.06.01 02:45,4541.71,4544.62,4538.44,4539.4
2026.06.01 03:00,4539.45,4545.69,4537.3,4540.63
2026.06.01 03:15,4540.59,4544.24,4537.65,4543.05
2026.06.01 03:30,4543.02,4544.91,4535.15,4535.81
2026.06.01 03:45,4535.79,4542.6,4535.77,4540.66
2026.06.01 04:00,4540.61,4541.31,4526.1,4533.82
2026.06.01 04:15,4533.85,4536.41,4527.76,4528.64
2026.06.01 04:30,4528.59,4533.59,4526.88,4532.98
2026.06.01 04:45,4532.95,4533.53,4523.6,4525.34
2026.06.01 05:00,4525.29,4533.81,4524.2,4531.98
2026.06.01 05:15,4531.94,4534.43,4529.26,4530.24
2026.06.01 05:30,4530.2,4530.86,4522.17,4522.68
2026.06.01 05:45,4522.67,4524.9,4521.01,4521.31
2026.06.01 06:00,4521.28,4525.23,4515.45,4518.68
2026.06.01 06:15,4518.71,4521.21,4513.79,4520.3
2026.06.01 06:30,4520.15,4523.88,4509.7,4510.51
2026.06.01 06:45,4510.52,4516.1,4509.7,4516.1
2026.06.01 07:00,4516.07,4519.47,4512.25,4514.43
2026.06.01 07:15,4514.49,4518.3,4514.49,4515.69
2026.06.01 07:30,4515.68,4517.1,4513.41,4514.37
2026.06.01 07:45,4514.45,4514.83,4508.52,4514.25
2026.06.01 08:00,4514.28,4519.01,4513.4,4517.95
2026.06.01 08:15,4518.06,4523.44,4517.3,4520.26
2026.06.01 08:30,4520.46,4521.79,4512.56,4519.6
2026.06.01 08:45,4519.57,4525.04,4516.95,4518.11
2026.06.01 09:00,4518.12,4518.55,4512.6,4513.89
2026.06.01 09:15,4513.91,4515.66,4504.84,4514.09
2026.06.01 09:30,4514.22,4514.55,4501.67,4504.4
2026.06.01 09:45,4504.4,4504.72,4500.18,4501.53
2026.06.01 10:00,4501.53,4509.75,4500.59,4507.09
2026.06.01 10:15,4507.13,4508.12,4503.18,4503.82
2026.06.01 10:30,4503.81,4507.56,4497.84,4498.02
2026.06.01 10:45,4498.0,4502.99,4492.25,4502.89
2026.06.01 11:00,4502.92,4504.27,4493.46,4495.45
2026.06.01 11:15,4495.44,4496.65,4490.54,4495.81
2026.06.01 11:30,4495.79,4500.21,4492.38,4499.91
2026.06.01 11:45,4499.94,4502.27,4495.41,4497.85
2026.06.01 12:00,4497.91,4500.57,4497.56,4499.4
2026.06.01 12:15,4499.47,4506.12,4496.33,4496.36
2026.06.01 12:30,4496.27,4499.1,4489.0,4498.16
2026.06.01 12:45,4498.12,4498.36,4493.78,4495.82
2026.06.01 13:00,4495.84,4501.93,4495.84,4501.32
2026.06.01 13:15,4501.38,4503.32,4495.98,4500.73
2026.06.01 13:30,4500.81,4507.25,4500.4,4505.79
2026.06.01 13:45,4505.81,4510.75,4502.49,4503.82
2026.06.01 14:00,4503.76,4506.48,4499.66,4504.77
2026.06.01 14:15,4504.84,4512.75,4503.98,4510.48
2026.06.01 14:30,4510.43,4512.09,4506.02,4507.04
2026.06.01 14:45,4507.01,4509.59,4505.26,4505.66
2026.06.01 15:00,4505.68,4509.42,4502.84,4503.19
2026.06.01 15:15,4503.06,4507.52,4497.23,4505.37
2026.06.01 15:30,4505.31,4508.09,4497.56,4507.18
2026.06.01 15:45,4507.06,4510.33,4498.48,4502.05
2026.06.01 16:00,4502.63,4503.67,4472.22,4484.04
2026.06.01 16:15,4484.15,4489.45,4462.14,4464.84
2026.06.01 16:30,4464.64,4478.52,4458.95,4467.18
2026.06.01 16:45,4467.12,4469.36,4448.67,4450.18
2026.06.01 17:00,4448.74,4461.99,4447.5,4461.14
2026.06.01 17:15,4461.11,4464.67,4449.57,4456.06
2026.06.01 17:30,4455.9,4461.38,4453.66,4459.77
2026.06.01 17:45,4459.8,4461.03,4452.04,4458.47
2026.06.01 18:00,4458.75,4465.18,4455.34,4464.12
2026.06.01 18:15,4464.14,4470.15,4463.07,4468.17
2026.06.01 18:30,4468.21,4479.67,4467.96,4472.13
2026.06.01 18:45,4472.23,4475.31,4468.46,4473.98
2026.06.01 19:00,4474.02,4478.21,4464.99,4467.15
2026.06.01 19:15,4467.07,4469.44,4462.91,4467.81
2026.06.01 19:30,4467.81,4471.69,4467.63,4467.87
2026.06.01 19:45,4467.89,4482.0,4467.27,4479.89
2026.06.01 20:00,4479.84,4480.89,4471.29,4474.82
2026.06.01 20:15,4474.84,4482.76,4472.2,4482.69
2026.06.01 20:30,4482.7,4491.38,4480.29,4491.35
2026.06.01 20:45,4491.37,4495.33,4487.27,4487.32
2026.06.01 21:00,4487.34,4490.04,4486.12,4488.45
2026.06.01 21:15,4488.54,4489.92,4486.28,4486.51
2026.06.01 21:30,4486.66,4487.98,4484.71,4487.81
2026.06.01 21:45,4487.76,4488.47,4486.33,4486.53
2026.06.01 22:00,4486.49,4488.07,4484.64,4485.24
2026.06.01 22:15,4485.28,4486.38,4484.15,4484.56
2026.06.01 22:30,4484.52,4485.51,4482.96,4483.31
2026.06.01 22:45,4483.25,4484.12,4478.96,4481.0
2026.06.01 23:00,4481.04,4484.04,4480.0,4483.33
2026.06.01 23:15,4483.33,4484.13,4482.02,4482.96
2026.06.01 23:30,4483.01,4484.54,4481.98,4482.4
2026.06.01 23:45,4482.27,4485.75,4481.07,4484.61
2026.06.02 01:00,4486.25,4488.24,4481.8,4484.43
2026.06.02 01:15,4484.41,4485.13,4481.07,4481.36
2026.06.02 01:30,4481.32,4483.34,4479.64,4481.51
2026.06.02 01:45,4481.49,4486.37,4481.48,4485.51
2026.06.02 02:00,4485.4,4487.57,4481.54,4486.01
2026.06.02 02:15,4485.98,4488.03,4485.34,4487.11
2026.06.02 02:30,4487.16,4487.35,4480.51,4483.34
2026.06.02 02:45,4483.31,4485.69,4479.25,4484.28
2026.06.02 03:00,4484.54,4485.01,4476.53,4480.99
2026.06.02 03:15,4480.96,4493.6,4480.85,4493.6
2026.06.02 03:30,4493.55,4496.96,4485.03,4486.97
2026.06.02 03:45,4486.92,4487.65,4480.62,4481.22
2026.06.02 04:00,4481.1,4491.84,4473.54,4489.73
2026.06.02 04:15,4489.79,4492.16,4480.86,4486.21
2026.06.02 04:30,4486.18,4489.22,4479.38,4479.78
2026.06.02 04:45,4479.79,4482.08,4462.83,4473.95
2026.06.02 05:00,4473.93,4480.89,4472.07,4480.37
2026.06.02 05:15,4480.38,4484.61,4478.55,4481.8
2026.06.02 05:30,4481.78,4485.56,4474.29,4476.36
2026.06.02 05:45,4476.44,4486.33,4473.46,4485.79
2026.06.02 06:00,4485.82,4492.44,4485.54,4488.02
2026.06.02 06:15,4487.99,4497.04,4485.56,4495.07
2026.06.02 06:30,4495.05,4499.14,4492.92,4497.04
2026.06.02 06:45,4496.9,4499.27,4495.15,4499.08
2026.06.02 07:00,4499.07,4505.34,4497.64,4504.53
2026.06.02 07:15,4504.49,4510.1,4504.02,4504.37
2026.06.02 07:30,4504.38,4510.79,4503.25,4510.0
2026.06.02 07:45,4510.01,4518.04,4509.64,4517.22
2026.06.02 08:00,4517.2,4518.49,4515.03,4518.43
2026.06.02 08:15,4518.47,4521.63,4516.62,4519.61
2026.06.02 08:30,4519.68,4528.01,4519.57,4524.34
2026.06.02 08:45,4524.56,4526.11,4516.02,4516.9
2026.06.02 09:00,4516.93,4524.61,4516.77,4518.91
2026.06.02 09:15,4518.92,4533.82,4517.9,4533.01
2026.06.02 09:30,4533.02,4538.28,4531.59,4532.55
2026.06.02 09:45,4532.57,4536.63,4531.81,4535.57
2026.06.02 10:00,4535.55,4541.29,4533.08,4539.78
2026.06.02 10:15,4539.64,4540.35,4533.17,4533.91
2026.06.02 10:30,4533.89,4535.14,4531.03,4531.73
2026.06.02 10:45,4531.74,4535.34,4527.74,4534.92
2026.06.02 11:00,4534.9,4539.0,4533.02,4534.53
2026.06.02 11:15,4534.56,4535.32,4529.37,4530.95
2026.06.02 11:30,4530.79,4533.24,4528.06,4528.62
2026.06.02 11:45,4528.58,4529.94,4525.8,4526.56
2026.06.02 12:00,4526.57,4534.1,4525.08,4533.81
2026.06.02 12:15,4533.79,4535.62,4525.13,4526.53
2026.06.02 12:30,4526.87,4527.13,4521.65,4525.44
2026.06.02 12:45,4525.35,4531.29,4524.82,4529.65
2026.06.02 13:00,4529.68,4531.55,4527.51,4528.76
2026.06.02 13:15,4528.77,4529.47,4524.47,4528.21
2026.06.02 13:30,4528.16,4528.6,4525.28,4528.6
2026.06.02 13:45,4528.71,4533.8,4528.71,4532.95
2026.06.02 14:00,4533.02,4534.47,4528.55,4528.65
2026.06.02 14:15,4528.63,4530.0,4526.42,4530.0
2026.06.02 14:30,4530.17,4530.57,4526.03,4526.68
2026.06.02 14:45,4526.69,4530.35,4525.42,4527.34
2026.06.02 15:00,4527.39,4528.49,4524.72,4526.21
2026.06.02 15:15,4526.17,4533.97,4523.87,4529.13
2026.06.02 15:30,4529.09,4533.43,4521.56,4524.84
2026.06.02 15:45,4524.99,4525.81,4513.3,4514.56
2026.06.02 16:00,4514.83,4524.59,4511.89,4513.87
2026.06.02 16:15,4513.87,4516.98,4509.75,4510.61
2026.06.02 16:30,4510.66,4514.24,4506.07,4508.28
2026.06.02 16:45,4507.93,4513.56,4502.79,4502.88
2026.06.02 17:00,4503.12,4506.85,4498.09,4504.13
2026.06.02 17:15,4504.07,4504.95,4490.11,4495.42
2026.06.02 17:30,4495.52,4505.18,4495.44,4504.24
2026.06.02 17:45,4504.17,4506.19,4500.72,4503.9
2026.06.02 18:00,4503.98,4507.96,4501.42,4503.24
2026.06.02 18:15,4503.28,4506.04,4501.38,4505.23
2026.06.02 18:30,4505.27,4508.33,4499.99,4502.17
2026.06.02 18:45,4502.22,4506.88,4501.08,4501.93
2026.06.02 19:00,4501.97,4502.7,4497.94,4498.08
2026.06.02 19:15,4498.01,4498.28,4490.13,4490.13
2026.06.02 19:30,4490.12,4491.25,4486.2,4489.63
2026.06.02 19:45,4489.56,4491.8,4488.97,4491.73
2026.06.02 20:00,4491.74,4492.85,4486.58,4489.38
2026.06.02 20:15,4489.46,4491.55,4486.24,4490.96
2026.06.02 20:30,4490.8,4491.52,4481.92,4484.36
2026.06.02 20:45,4484.38,4486.37,4482.59,4484.44
2026.06.02 21:00,4484.51,4488.45,4484.13,4484.99
2026.06.02 21:15,4484.97,4490.78,4483.9,4488.28
2026.06.02 21:30,4488.3,4489.22,4478.57,4480.29
2026.06.02 21:45,4480.25,4490.3,4480.05,4487.19
2026.06.02 22:00,4487.36,4488.95,4487.03,4487.1
2026.06.02 22:15,4487.06,4489.44,4485.51,4489.38
2026.06.02 22:30,4489.27,4490.08,4483.26,4487.16
2026.06.02 22:45,4487.2,4488.41,4485.47,4487.86
2026.06.02 23:00,4487.89,4489.76,4486.1,4489.72
2026.06.02 23:15,4489.73,4490.84,4488.45,4489.62
2026.06.02 23:30,4489.64,4490.86,4488.74,4488.9
2026.06.02 23:45,4488.81,4489.76,4486.67,4487.73
2026.06.03 01:00,4490.16,4492.93,4488.04,4489.26
2026.06.03 01:15,4489.26,4491.38,4487.42,4489.95
2026.06.03 01:30,4489.82,4491.04,4487.05,4488.79
2026.06.03 01:45,4488.84,4492.08,4483.92,4484.68
2026.06.03 02:00,4484.63,4488.61,4474.28,4477.32
2026.06.03 02:15,4477.29,4477.29,4462.04,4467.34
2026.06.03 02:30,4467.37,4474.7,4462.44,4474.63
2026.06.03 02:45,4474.64,4475.0,4468.82,4474.24
2026.06.03 03:00,4474.2,4479.59,4473.63,4475.79
2026.06.03 03:15,4475.8,4483.11,4474.19,4482.96
2026.06.03 03:30,4483.09,4496.62,4481.08,4495.76
2026.06.03 03:45,4495.73,4495.84,4485.67,4486.0
2026.06.03 04:00,4485.78,4487.4,4467.04,4471.09
2026.06.03 04:15,4471.12,4472.45,4463.15,4466.99
2026.06.03 04:30,4466.98,4472.85,4464.72,4470.23
2026.06.03 04:45,4470.24,4476.97,4469.95,4475.57
2026.06.03 05:00,4475.62,4481.28,4472.64,4480.4
2026.06.03 05:15,4480.44,4480.84,4473.97,4478.64
2026.06.03 05:30,4478.69,4485.0,4474.65,4479.04
2026.06.03 05:45,4478.88,4481.83,4472.92,4481.82
2026.06.03 06:00,4481.76,4487.46,4481.63,4485.27
2026.06.03 06:15,4485.3,4487.03,4482.94,4483.24
2026.06.03 06:30,4483.37,4485.54,4482.99,4484.25
2026.06.03 06:45,4484.24,4486.03,4482.37,4484.2
2026.06.03 07:00,4484.32,4486.81,4483.95,4486.61
2026.06.03 07:15,4486.64,4487.94,4476.96,4476.98
2026.06.03 07:30,4476.96,4477.18,4470.63,4473.25
2026.06.03 07:45,4473.24,4473.81,4468.14,4469.16
2026.06.03 08:00,4469.21,4473.32,4467.18,4473.15
2026.06.03 08:15,4473.11,4474.05,4465.98,4468.37
2026.06.03 08:30,4468.44,4468.74,4458.92,4461.78
2026.06.03 08:45,4461.76,4468.18,4456.44,4456.86
2026.06.03 09:00,4456.88,4467.1,4456.67,4465.93
2026.06.03 09:15,4465.86,4470.73,4458.77,4462.34
2026.06.03 09:30,4462.16,4464.88,4457.08,4460.4
2026.06.03 09:45,4460.36,4462.83,4455.07,4462.79
2026.06.03 10:00,4462.82,4472.01,4459.76,4469.4
2026.06.03 10:15,4469.39,4469.71,4456.0,4456.0
2026.06.03 10:30,4456.01,4463.06,4454.18,4458.69
2026.06.03 10:45,4458.91,4463.81,4452.69,4453.09
2026.06.03 11:00,4453.18,4459.12,4450.72,4455.24
2026.06.03 11:15,4455.27,4457.45,4450.56,4457.3
2026.06.03 11:30,4457.31,4458.64,4454.26,4456.29
2026.06.03 11:45,4456.3,4457.56,4440.05,4443.81
2026.06.03 12:00,4443.62,4458.83,4441.61,4451.21
2026.06.03 12:15,4450.94,4451.82,4439.34,4439.78
2026.06.03 12:30,4439.77,4448.23,4438.81,4446.48
2026.06.03 12:45,4446.34,4447.8,4440.77,4442.9
2026.06.03 13:00,4442.87,4466.76,4440.75,4462.79
2026.06.03 13:15,4462.83,4464.08,4453.46,4459.87
2026.06.03 13:30,4459.88,4462.6,4452.99,4454.05
2026.06.03 13:45,4453.99,4460.87,4453.56,4458.81
2026.06.03 14:00,4458.82,4467.86,4458.82,4461.89
2026.06.03 14:15,4461.92,4465.59,4459.03,4464.37
2026.06.03 14:30,4464.35,4466.94,4459.27,4460.13
2026.06.03 14:45,4460.23,4464.67,4458.39,4462.22
2026.06.03 15:00,4462.55,4464.3,4457.06,4458.68
2026.06.03 15:15,4458.56,4462.13,4451.76,4452.57
2026.06.03 15:30,4452.61,4460.34,4448.09,4458.76
2026.06.03 15:45,4458.78,4467.03,4455.26,4460.12
2026.06.03 16:00,4460.1,4465.58,4457.78,4462.14
2026.06.03 16:15,4462.3,4463.08,4445.52,4448.35
2026.06.03 16:30,4448.76,4453.02,4426.94,4426.94
2026.06.03 16:45,4426.56,4449.86,4425.93,4446.3
2026.06.03 17:00,4446.55,4456.54,4442.26,4454.32
2026.06.03 17:15,4454.46,4458.66,4445.82,4451.8
2026.06.03 17:30,4451.79,4453.32,4446.94,4448.07
2026.06.03 17:45,4448.04,4459.37,4447.78,4456.94
2026.06.03 18:00,4457.04,4458.17,4444.77,4445.72
2026.06.03 18:15,4445.61,4450.67,4439.3,4444.99
2026.06.03 18:30,4444.78,4445.36,4436.51,4439.93
2026.06.03 18:45,4439.84,4443.53,4437.83,4442.04
2026.06.03 19:00,4442.13,4443.71,4437.01,4439.03
2026.06.03 19:15,4439.0,4441.15,4433.64,4437.44
2026.06.03 19:30,4437.38,4440.54,4435.2,4438.79
2026.06.03 19:45,4438.61,4442.58,4436.79,4441.68
2026.06.03 20:00,4441.91,4448.29,4441.46,4441.69
2026.06.03 20:15,4441.78,4443.26,4437.71,4438.83
2026.06.03 20:30,4438.76,4442.04,4435.38,4440.36
2026.06.03 20:45,4440.34,4440.65,4436.73,4438.8
2026.06.03 21:00,4438.83,4440.33,4435.31,4436.7
2026.06.03 21:15,4436.71,4440.49,4435.05,4439.98
2026.06.03 21:30,4439.88,4442.34,4436.73,4439.76
2026.06.03 21:45,4439.78,4442.66,4439.44,4441.87
2026.06.03 22:00,4441.83,4449.73,4441.26,4449.56
2026.06.03 22:15,4449.58,4452.06,4446.37,4447.83
2026.06.03 22:30,4447.91,4449.46,4446.48,4446.71
2026.06.03 22:45,4446.73,4447.12,4442.88,4443.71
2026.06.03 23:00,4443.6,4445.17,4438.42,4439.78
2026.06.03 23:15,4439.82,4440.1,4437.19,4438.84
2026.06.03 23:30,4438.82,4439.39,4432.16,4433.3
2026.06.03 23:45,4433.29,4434.73,4430.15,4434.18
2026.06.04 01:00,4438.44,4440.09,4429.4,4431.71
2026.06.04 01:15,4431.74,4435.41,4423.83,4433.82
2026.06.04 01:30,4433.83,4440.14,4433.72,4436.62
2026.06.04 01:45,4436.67,4452.87,4436.6,4448.81
2026.06.04 02:00,4448.92,4450.22,4445.2,4447.71
2026.06.04 02:15,4447.68,4451.34,4447.09,4450.55
2026.06.04 02:30,4450.59,4453.74,4446.09,4453.4
2026.06.04 02:45,4453.37,4464.42,4453.37,4457.05
2026.06.04 03:00,4457.19,4465.26,4452.89,4453.31
2026.06.04 03:15,4453.32,4456.4,4447.46,4450.52
2026.06.04 03:30,4450.53,4452.7,4443.92,4448.2
2026.06.04 03:45,4448.15,4452.77,4444.91,4448.22
2026.06.04 04:00,4448.25,4467.05,4442.91,4464.04
2026.06.04 04:15,4464.04,4473.3,4459.4,4465.82
2026.06.04 04:30,4465.81,4470.16,4458.6,4459.08
2026.06.04 04:45,4459.04,4467.1,4456.64,4465.64
2026.06.04 05:00,4465.61,4467.11,4455.29,4462.69
2026.06.04 05:15,4462.71,4463.33,4458.4,4460.45
2026.06.04 05:30,4460.48,4464.6,4457.81,4462.26
2026.06.04 05:45,4462.24,4476.36,4462.24,4474.75
2026.06.04 06:00,4474.57,4477.05,4470.1,4471.68
2026.06.04 06:15,4471.67,4472.21,4465.8,4469.21
2026.06.04 06:30,4469.1,4470.73,4460.72,4460.72
2026.06.04 06:45,4460.45,4464.78,4458.21,4463.64
2026.06.04 07:00,4463.65,4471.14,4462.15,4471.12
2026.06.04 07:15,4471.1,4476.17,4469.85,4474.54
2026.06.04 07:30,4474.55,4483.89,4474.43,4482.7
2026.06.04 07:45,4482.72,4483.43,4478.53,4480.86
2026.06.04 08:00,4480.87,4482.23,4471.27,4476.97
2026.06.04 08:15,4476.96,4477.41,4470.78,4473.08
2026.06.04 08:30,4473.14,4475.64,4470.6,4474.36
2026.06.04 08:45,4474.34,4474.68,4466.74,4469.0
2026.06.04 09:00,4468.98,4477.0,4467.88,4473.8
2026.06.04 09:15,4473.75,4474.05,4466.56,4471.94
2026.06.04 09:30,4471.84,4476.75,4468.86,4469.09
2026.06.04 09:45,4469.0,4470.22,4462.7,4467.6
2026.06.04 10:00,4467.73,4470.53,4462.14,4463.85
2026.06.04 10:15,4463.92,4470.22,4461.6,4464.97
2026.06.04 10:30,4464.92,4467.72,4459.76,4461.28
2026.06.04 10:45,4461.19,4462.27,4459.57,4461.47
2026.06.04 11:00,4461.41,4467.69,4459.6,4460.39
2026.06.04 11:15,4460.24,4465.31,4458.36,4463.23
2026.06.04 11:30,4463.99,4469.23,4459.86,4463.22
2026.06.04 11:45,4463.25,4465.87,4459.45,4463.16
2026.06.04 12:00,4463.18,4469.22,4460.8,4463.38
2026.06.04 12:15,4463.43,4467.36,4462.72,4464.56
2026.06.04 12:30,4464.6,4469.15,4461.57,4467.79
2026.06.04 12:45,4467.86,4475.42,4467.32,4470.23
2026.06.04 13:00,4470.14,4471.98,4467.85,4470.98
2026.06.04 13:15,4471.09,4471.42,4464.14,4467.38
2026.06.04 13:30,4467.43,4472.57,4466.28,4471.13
2026.06.04 13:45,4471.48,4473.68,4468.32,4473.51
2026.06.04 14:00,4473.89,4478.62,4468.64,4473.39
2026.06.04 14:15,4473.42,4491.35,4473.35,4489.39
2026.06.04 14:30,4489.74,4492.34,4482.11,4491.26
2026.06.04 14:45,4491.28,4514.5,4491.28,4511.41
2026.06.04 15:00,4511.38,4513.67,4491.43,4493.72
2026.06.04 15:15,4494.08,4499.77,4491.0,4498.45
2026.06.04 15:30,4498.41,4501.98,4496.92,4501.93
2026.06.04 15:45,4501.94,4510.77,4498.84,4503.95
2026.06.04 16:00,4503.88,4509.93,4500.07,4503.06
2026.06.04 16:15,4502.8,4509.29,4501.62,4504.48
2026.06.04 16:30,4504.54,4514.76,4502.29,4514.37
2026.06.04 16:45,4514.39,4515.2,4495.27,4495.72
2026.06.04 17:00,4495.7,4499.74,4485.89,4487.61
2026.06.04 17:15,4487.62,4493.59,4483.88,4486.01
2026.06.04 17:30,4486.03,4486.72,4472.13,4474.7
2026.06.04 17:45,4474.7,4475.34,4457.14,4465.73
2026.06.04 18:00,4465.77,4474.73,4463.57,4471.71
2026.06.04 18:15,4471.74,4473.66,4468.96,4470.71
2026.06.04 18:30,4470.7,4477.17,4469.54,4472.47
2026.06.04 18:45,4472.44,4478.82,4469.8,4477.27
2026.06.04 19:00,4477.29,4484.01,4475.13,4478.97
2026.06.04 19:15,4479.02,4484.99,4479.01,4483.4
2026.06.04 19:30,4483.42,4483.88,4479.56,4481.39
2026.06.04 19:45,4481.41,4483.9,4480.19,4482.59
2026.06.04 20:00,4482.54,4482.58,4475.92,4475.92
2026.06.04 20:15,4476.0,4479.23,4473.91,4476.66
2026.06.04 20:30,4476.65,4481.38,4475.94,4476.62
2026.06.04 20:45,4476.63,4480.26,4476.63,4477.96
2026.06.04 21:00,4478.0,4480.05,4476.18,4478.86
2026.06.04 21:15,4478.85,4480.91,4477.26,4478.0
2026.06.04 21:30,4477.99,4477.99,4472.63,4474.24
2026.06.04 21:45,4474.22,4479.33,4473.69,4477.93
2026.06.04 22:00,4477.94,4483.22,4476.07,4477.97
2026.06.04 22:15,4478.01,4480.06,4477.55,4479.99
2026.06.04 22:30,4480.0,4480.23,4477.27,4477.92
2026.06.04 22:45,4477.75,4482.22,4476.65,4480.69
2026.06.04 23:00,4480.58,4481.45,4477.72,4477.72
2026.06.04 23:15,4477.71,4479.01,4476.49,4477.59
2026.06.04 23:30,4477.51,4477.51,4475.0,4475.0
2026.06.04 23:45,4475.04,4475.78,4474.24,4475.17
2026.06.05 01:00,4475.46,4476.01,4472.52,4475.2
2026.06.05 01:15,4475.18,4480.72,4474.36,4478.73
2026.06.05 01:30,4478.65,4481.39,4475.05,4475.06
2026.06.05 01:45,4474.92,4476.0,4468.69,4469.51
2026.06.05 02:00,4469.66,4473.92,4464.19,4470.79
2026.06.05 02:15,4470.8,4473.29,4466.68,4469.03
2026.06.05 02:30,4469.07,4469.39,4461.84,4463.08
2026.06.05 02:45,4463.12,4465.86,4460.24,4461.36
2026.06.05 03:00,4461.47,4464.88,4454.22,4455.27
2026.06.05 03:15,4455.2,4457.54,4450.47,4457.4
2026.06.05 03:30,4457.36,4466.75,4455.84,4463.02
2026.06.05 03:45,4463.23,4466.22,4458.28,4459.08
2026.06.05 04:00,4459.13,4469.87,4452.71,4459.86
2026.06.05 04:15,4459.87,4464.8,4449.18,4458.54
2026.06.05 04:30,4458.71,4459.57,4445.17,4445.84
2026.06.05 04:45,4445.88,4450.56,4443.9,4446.68
2026.06.05 05:00,4446.58,4450.85,4442.28,4449.23
2026.06.05 05:15,4449.22,4454.86,4445.56,4451.01
2026.06.05 05:30,4451.0,4451.62,4438.32,4442.8
2026.06.05 05:45,4442.82,4449.79,4439.84,4440.45
2026.06.05 06:00,4440.41,4441.09,4436.36,4440.59
2026.06.05 06:15,4440.6,4443.69,4435.07,4436.6
2026.06.05 06:30,4436.91,4442.24,4436.15,4440.77
2026.06.05 06:45,4440.75,4443.15,4439.03,4442.16
2026.06.05 07:00,4442.17,4444.53,4438.19,4441.5
2026.06.05 07:15,4441.51,4443.59,4438.72,4439.44
2026.06.05 07:30,4439.45,4443.94,4437.43,4440.7
2026.06.05 07:45,4440.69,4446.42,4439.39,4444.83
2026.06.05 08:00,4444.79,4449.84,4443.07,4448.8
2026.06.05 08:15,4448.91,4449.08,4442.07,4444.57
2026.06.05 08:30,4444.4,4447.92,4439.19,4443.58
2026.06.05 08:45,4443.63,4448.1,4438.46,4439.82
2026.06.05 09:00,4439.81,4442.41,4435.17,4436.28
2026.06.05 09:15,4436.25,4446.28,4428.5,4442.32
2026.06.05 09:30,4442.29,4449.95,4442.23,4448.36
2026.06.05 09:45,4448.35,4456.07,4446.74,4452.71
2026.06.05 10:00,4452.81,4463.09,4451.7,4458.35
2026.06.05 10:15,4458.38,4467.19,4458.23,4467.01
2026.06.05 10:30,4467.04,4467.12,4459.39,4461.95
2026.06.05 10:45,4462.12,4464.97,4460.55,4460.77
2026.06.05 11:00,4460.75,4463.23,4458.61,4460.92
2026.06.05 11:15,4460.89,4466.88,4459.76,4466.88
2026.06.05 11:30,4466.89,4468.04,4460.85,4461.63
2026.06.05 11:45,4461.69,4464.36,4461.32,4462.58
2026.06.05 12:00,4462.48,4468.86,4458.78,4465.74
2026.06.05 12:15,4466.05,4469.15,4461.84,4462.81
2026.06.05 12:30,4462.78,4466.58,4459.12,4465.68
2026.06.05 12:45,4465.75,4469.03,4462.5,4464.7
2026.06.05 13:00,4464.69,4465.03,4462.96,4465.03
2026.06.05 13:15,4465.01,4467.85,4464.37,4465.9
2026.06.05 13:30,4465.87,4466.79,4461.7,4464.41
2026.06.05 13:45,4464.44,4467.66,4464.24,4466.43
2026.06.05 14:00,4465.89,4466.86,4460.86,4461.2
2026.06.05 14:15,4461.25,4466.05,4458.45,4465.87
2026.06.05 14:30,4465.67,4467.07,4462.99,4464.78
2026.06.05 14:45,4464.77,4475.1,4463.85,4470.01
2026.06.05 15:00,4470.07,4470.93,4464.0,4469.25
2026.06.05 15:15,4469.21,4475.7,4461.44,4465.01
2026.06.05 15:30,4465.34,4465.91,4439.54,4445.94
2026.06.05 15:45,4445.84,4448.83,4404.64,4405.93
2026.06.05 16:00,4406.32,4420.44,4399.7,4418.28
2026.06.05 16:15,4418.04,4420.89,4403.71,4404.29
2026.06.05 16:30,4404.92,4409.31,4385.9,4389.25
2026.06.05 16:45,4389.13,4390.92,4365.31,4365.64
2026.06.05 17:00,4365.66,4379.19,4363.94,4366.09
2026.06.05 17:15,4365.95,4370.02,4352.7,4360.81
2026.06.05 17:30,4360.73,4363.7,4344.42,4348.93
2026.06.05 17:45,4348.84,4369.89,4348.18,4369.41
2026.06.05 18:00,4369.75,4372.23,4352.78,4352.78
2026.06.05 18:15,4352.86,4357.58,4348.04,4351.53
2026.06.05 18:30,4351.34,4354.66,4335.23,4338.55
2026.06.05 18:45,4338.17,4341.7,4333.81,4335.31
2026.06.05 19:00,4335.21,4338.9,4328.79,4333.38
2026.06.05 19:15,4332.93,4333.67,4325.21,4329.52
2026.06.05 19:30,4329.46,4332.09,4323.34,4327.6
2026.06.05 19:45,4327.59,4344.9,4324.81,4344.45
2026.06.05 20:00,4344.51,4346.69,4336.43,4339.44
2026.06.05 20:15,4339.48,4342.81,4335.58,4342.44
2026.06.05 20:30,4342.51,4347.17,4339.45,4340.96
2026.06.05 20:45,4340.94,4343.54,4337.92,4341.63
2026.06.05 21:00,4341.89,4342.0,4322.65,4322.65
2026.06.05 21:15,4322.62,4330.5,4321.61,4325.63
2026.06.05 21:30,4325.83,4326.87,4315.14,4317.95
2026.06.05 21:45,4317.86,4326.61,4315.89,4322.19
2026.06.05 22:00,4322.21,4323.64,4314.99,4315.22
2026.06.05 22:15,4315.19,4324.08,4313.72,4323.64
2026.06.05 22:30,4323.62,4324.91,4313.85,4318.61
2026.06.05 22:45,4318.52,4323.6,4316.7,4318.33
2026.06.05 23:00,4318.44,4318.73,4311.58,4315.44
2026.06.05 23:15,4315.71,4326.35,4313.81,4322.5
2026.06.05 23:30,4322.48,4324.8,4320.56,4323.76
2026.06.05 23:45,4323.77,4330.42,4323.58,4328.58
2026.06.08 01:00,4325.16,4334.26,4308.96,4329.51
2026.06.08 01:15,4329.41,4330.19,4315.81,4316.29
2026.06.08 01:30,4316.31,4328.78,4314.9,4325.8
2026.06.08 01:45,4325.79,4326.43,4315.46,4317.06
2026.06.08 02:00,4317.12,4333.92,4317.1,4330.65
2026.06.08 02:15,4330.54,4334.43,4328.61,4333.81
2026.06.08 02:30,4333.79,4340.34,4332.73,4338.8
2026.06.08 02:45,4338.78,4346.75,4335.14,4343.82
2026.06.08 03:00,4343.83,4346.66,4340.57,4343.55
2026.06.08 03:15,4343.52,4353.16,4341.51,4351.32
2026.06.08 03:30,4351.26,4352.2,4341.91,4345.16
2026.06.08 03:45,4345.14,4345.74,4339.62,4342.03
2026.06.08 04:00,4342.18,4345.76,4326.52,4326.84
2026.06.08 04:15,4326.83,4327.43,4311.29,4314.36
2026.06.08 04:30,4314.37,4327.29,4299.91,4326.04
2026.06.08 04:45,4326.01,4329.47,4319.14,4325.5
2026.06.08 05:00,4325.65,4330.62,4314.51,4316.57
2026.06.08 05:15,4316.58,4319.53,4311.29,4314.64
2026.06.08 05:30,4314.71,4317.51,4307.06,4315.81
2026.06.08 05:45,4315.8,4320.65,4309.05,4310.37
2026.06.08 06:00,4310.39,4313.99,4304.14,4304.63
2026.06.08 06:15,4304.62,4311.87,4303.34,4307.06
2026.06.08 06:30,4307.09,4309.83,4304.78,4309.72
2026.06.08 06:45,4309.7,4316.97,4309.29,4316.73
2026.06.08 07:00,4316.88,4320.25,4313.46,4318.58
2026.06.08 07:15,4318.62,4321.6,4315.77,4319.89
2026.06.08 07:30,4319.88,4320.26,4307.46,4307.54
2026.06.08 07:45,4307.55,4313.89,4307.48,4312.48
2026.06.08 08:00,4312.45,4315.94,4304.43,4304.43
2026.06.08 08:15,4304.37,4314.14,4304.24,4311.58
2026.06.08 08:30,4311.6,4313.05,4268.45,4287.84
2026.06.08 08:45,4287.86,4295.75,4284.87,4291.86
2026.06.08 09:00,4291.89,4307.85,4291.89,4303.51
2026.06.08 09:15,4303.54,4311.24,4299.52,4305.69
2026.06.08 09:30,4305.72,4306.43,4293.8,4298.2
2026.06.08 09:45,4298.19,4300.71,4293.04,4299.89
2026.06.08 10:00,4299.86,4308.27,4294.7,4305.03
2026.06.08 10:15,4305.01,4316.69,4300.44,4305.98
2026.06.08 10:30,4306.07,4311.52,4301.26,4301.62
2026.06.08 10:45,4301.61,4302.5,4294.19,4294.32
2026.06.08 11:00,4294.17,4296.9,4289.47,4291.59
2026.06.08 11:15,4291.62,4293.44,4285.21,4288.09
2026.06.08 11:30,4288.18,4291.89,4286.23,4290.58
2026.06.08 11:45,4290.32,4293.69,4285.35,4288.61
2026.06.08 12:00,4288.61,4292.07,4284.03,4288.86
2026.06.08 12:15,4288.64,4290.72,4279.28,4279.64
2026.06.08 12:30,4279.59,4296.27,4272.82,4293.5
2026.06.08 12:45,4293.65,4301.83,4290.93,4294.18
2026.06.08 13:00,4294.46,4297.43,4286.05,4294.46
2026.06.08 13:15,4294.43,4295.72,4289.67,4293.64
2026.06.08 13:30,4293.66,4305.37,4292.11,4304.67
2026.06.08 13:45,4304.72,4304.9,4296.67,4301.87
2026.06.08 14:00,4301.83,4318.47,4296.96,4318.47
2026.06.08 14:15,4318.24,4330.88,4312.48,4325.12
2026.06.08 14:30,4325.11,4333.16,4322.18,4323.9
2026.06.08 14:45,4323.83,4332.47,4321.18,4331.07
2026.06.08 15:00,4330.87,4334.56,4322.42,4322.77
2026.06.08 15:15,4322.37,4331.81,4320.15,4329.71
2026.06.08 15:30,4329.9,4339.25,4327.47,4335.56
2026.06.08 15:45,4335.59,4337.81,4326.93,4332.96
2026.06.08 16:00,4332.79,4334.66,4323.05,4323.76
2026.06.08 16:15,4323.99,4335.9,4321.15,4331.06
2026.06.08 16:30,4331.04,4346.45,4331.01,4336.23
2026.06.08 16:45,4336.24,4339.05,4325.97,4326.58
2026.06.08 17:00,4326.8,4330.54,4316.56,4319.28
2026.06.08 17:15,4319.29,4324.2,4315.68,4319.94
2026.06.08 17:30,4319.97,4324.07,4314.67,4322.46
2026.06.08 17:45,4322.5,4331.32,4316.87,4330.82
2026.06.08 18:00,4330.84,4336.31,4325.08,4325.26
2026.06.08 18:15,4325.23,4335.87,4322.35,4330.49
2026.06.08 18:30,4330.47,4339.29,4328.36,4338.98
2026.06.08 18:45,4339.02,4345.5,4334.35,4341.66
2026.06.08 19:00,4341.65,4343.73,4337.98,4340.88
2026.06.08 19:15,4340.87,4343.76,4339.6,4340.87
2026.06.08 19:30,4340.9,4346.12,4340.53,4343.92
2026.06.08 19:45,4343.79,4345.99,4337.76,4340.53
2026.06.08 20:00,4340.54,4342.28,4336.0,4338.66
2026.06.08 20:15,4338.64,4340.4,4333.9,4338.97
2026.06.08 20:30,4338.98,4339.45,4331.9,4333.94
2026.06.08 20:45,4333.9,4339.2,4333.9,4338.95
2026.06.08 21:00,4338.96,4345.2,4338.45,4341.18
2026.06.08 21:15,4341.25,4345.73,4341.25,4342.43
2026.06.08 21:30,4342.29,4344.44,4336.15,4336.52
2026.06.08 21:45,4336.58,4336.9,4332.88,4334.43
2026.06.08 22:00,4334.44,4337.99,4329.47,4329.71
2026.06.08 22:15,4329.64,4331.46,4325.88,4327.6
2026.06.08 22:30,4327.59,4330.3,4324.09,4324.93
2026.06.08 22:45,4324.91,4329.85,4323.13,4326.54
2026.06.08 23:00,4326.41,4329.72,4326.25,4328.04
2026.06.08 23:15,4328.06,4328.09,4324.23,4326.34
2026.06.08 23:30,4326.3,4328.34,4325.27,4326.07
2026.06.08 23:45,4326.13,4330.33,4325.46,4329.76
2026.06.09 01:00,4332.66,4333.04,4324.27,4325.12
2026.06.09 01:15,4325.09,4327.07,4322.67,4324.89
2026.06.09 01:30,4324.76,4327.34,4324.76,4327.23
2026.06.09 01:45,4327.18,4328.74,4325.9,4327.79
2026.06.09 02:00,4327.78,4328.68,4325.22,4327.53
2026.06.09 02:15,4327.51,4328.32,4320.42,4320.5
2026.06.09 02:30,4320.47,4322.21,4315.17,4319.49
2026.06.09 02:45,4319.52,4319.87,4312.63,4317.59
2026.06.09 03:00,4317.6,4323.61,4315.28,4322.41
2026.06.09 03:15,4322.29,4323.3,4316.39,4316.63
2026.06.09 03:30,4316.67,4322.96,4315.03,4318.29
2026.06.09 03:45,4318.3,4321.01,4314.89,4319.59
2026.06.09 04:00,4319.59,4327.9,4318.45,4323.83
2026.06.09 04:15,4323.9,4337.86,4322.21,4335.15
2026.06.09 04:30,4335.2,4338.7,4332.73,4335.45
2026.06.09 04:45,4335.51,4338.18,4332.94,4336.3
2026.06.09 05:00,4336.33,4336.78,4328.03,4332.7
2026.06.09 05:15,4332.66,4335.96,4329.92,4335.26
2026.06.09 05:30,4335.35,4339.48,4330.82,4338.71
2026.06.09 05:45,4338.7,4340.88,4334.66,4335.84
2026.06.09 06:00,4335.61,4341.54,4330.98,4338.57
2026.06.09 06:15,4338.55,4342.04,4333.24,4336.44
2026.06.09 06:30,4336.43,4337.89,4333.44,4337.47
2026.06.09 06:45,4337.48,4341.82,4334.35,4336.43
2026.06.09 07:00,4336.45,4339.26,4332.11,4332.12
2026.06.09 07:15,4332.11,4332.74,4328.58,4330.29
2026.06.09 07:30,4330.27,4330.41,4323.97,4327.9
2026.06.09 07:45,4327.85,4332.81,4326.09,4332.14
2026.06.09 08:00,4332.16,4336.97,4330.73,4331.23
2026.06.09 08:15,4331.2,4335.27,4330.76,4332.41
2026.06.09 08:30,4332.4,4351.33,4331.57,4348.39
2026.06.09 08:45,4348.38,4348.9,4341.46,4343.27
2026.06.09 09:00,4343.46,4348.53,4339.92,4341.15
2026.06.09 09:15,4340.79,4345.67,4338.05,4338.85
2026.06.09 09:30,4338.89,4339.27,4331.67,4336.48
2026.06.09 09:45,4336.5,4340.09,4330.16,4330.54
2026.06.09 10:00,4330.45,4334.54,4326.7,4326.7
2026.06.09 10:15,4326.68,4331.98,4322.92,4330.91
2026.06.09 10:30,4330.95,4331.15,4322.11,4328.26
2026.06.09 10:45,4328.21,4330.08,4325.04,4326.39
2026.06.09 11:00,4326.4,4336.15,4321.06,4331.48
2026.06.09 11:15,4331.47,4335.37,4331.26,4334.17
2026.06.09 11:30,4334.32,4336.63,4330.27,4334.87
2026.06.09 11:45,4334.83,4335.23,4325.69,4326.41
2026.06.09 12:00,4326.47,4330.81,4325.02,4328.19
2026.06.09 12:15,4328.18,4335.92,4324.05,4326.67
2026.06.09 12:30,4326.16,4330.83,4324.93,4326.98
2026.06.09 12:45,4326.97,4333.38,4326.55,4331.98
2026.06.09 13:00,4331.86,4335.52,4325.11,4335.11
2026.06.09 13:15,4335.25,4336.63,4331.18,4333.61
2026.06.09 13:30,4333.64,4334.84,4329.56,4332.4
2026.06.09 13:45,4332.44,4340.56,4330.16,4339.01
2026.06.09 14:00,4338.95,4340.21,4335.49,4337.68
2026.06.09 14:15,4337.66,4340.37,4336.02,4338.51
2026.06.09 14:30,4338.52,4339.82,4336.56,4338.72
2026.06.09 14:45,4338.8,4343.59,4337.14,4339.66
2026.06.09 15:00,4339.8,4343.8,4339.57,4340.88
2026.06.09 15:15,4340.86,4342.7,4335.03,4335.53
2026.06.09 15:30,4335.48,4341.75,4334.57,4340.63
2026.06.09 15:45,4340.61,4343.98,4336.51,4341.21
2026.06.09 16:00,4341.39,4345.23,4337.89,4340.72
2026.06.09 16:15,4340.93,4341.79,4330.06,4330.7
2026.06.09 16:30,4330.97,4334.25,4324.95,4330.09
2026.06.09 16:45,4330.03,4363.18,4326.24,4328.8
2026.06.09 17:00,4328.59,4335.8,4319.5,4321.04
2026.06.09 17:15,4320.95,4323.59,4305.91,4318.09
2026.06.09 17:30,4317.75,4320.9,4284.79,4284.8
2026.06.09 17:45,4284.76,4300.6,4278.45,4300.31
2026.06.09 18:00,4300.55,4301.89,4289.47,4294.72
2026.06.09 18:15,4294.62,4296.79,4276.94,4278.53
2026.06.09 18:30,4278.56,4281.76,4262.88,4279.54
2026.06.09 18:45,4279.78,4285.61,4272.1,4272.11
2026.06.09 19:00,4272.02,4280.96,4258.34,4259.67
2026.06.09 19:15,4259.64,4266.19,4252.93,4263.23
2026.06.09 19:30,4263.04,4267.52,4236.51,4244.6
2026.06.09 19:45,4244.38,4253.91,4238.72,4251.87
2026.06.09 20:00,4252.15,4264.23,4251.15,4261.0
2026.06.09 20:15,4260.94,4267.77,4258.29,4262.85
2026.06.09 20:30,4262.94,4267.88,4260.81,4264.57
2026.06.09 20:45,4264.67,4266.57,4255.85,4262.97
2026.06.09 21:00,4263.1,4266.82,4259.4,4265.22
2026.06.09 21:15,4265.13,4274.08,4262.72,4270.71
2026.06.09 21:30,4270.65,4273.78,4263.51,4264.02
2026.06.09 21:45,4264.19,4271.41,4262.06,4269.79
2026.06.09 22:00,4269.92,4271.51,4257.81,4258.52
2026.06.09 22:15,4258.54,4258.79,4252.68,4257.17
2026.06.09 22:30,4257.08,4260.02,4250.03,4250.82
2026.06.09 22:45,4250.94,4259.59,4249.76,4258.6
2026.06.09 23:00,4258.57,4260.96,4255.46,4258.29
2026.06.09 23:15,4258.29,4260.25,4257.73,4258.88
2026.06.09 23:30,4258.83,4261.8,4257.53,4261.21
2026.06.09 23:45,4261.3,4261.88,4259.17,4259.26
2026.06.10 01:00,4254.02,4257.5,4249.75,4255.04
2026.06.10 01:15,4255.07,4256.5,4252.83,4256.5
2026.06.10 01:30,4256.51,4257.24,4247.36,4249.08
2026.06.10 01:45,4248.82,4249.81,4232.33,4237.08
2026.06.10 02:00,4237.0,4247.03,4235.39,4235.93
2026.06.10 02:15,4235.93,4236.31,4222.83,4224.05
2026.06.10 02:30,4224.14,4229.62,4216.32,4218.42
2026.06.10 02:45,4218.4,4224.44,4210.25,4221.84
2026.06.10 03:00,4222.08,4226.44,4216.49,4224.93
2026.06.10 03:15,4224.72,4228.18,4217.82,4217.82
2026.06.10 03:30,4217.84,4218.87,4198.85,4204.16
2026.06.10 03:45,4204.23,4220.45,4199.77,4217.96
2026.06.10 04:00,4217.97,4218.72,4187.03,4203.23
2026.06.10 04:15,4203.19,4216.28,4197.29,4201.63
2026.06.10 04:30,4201.59,4206.82,4184.4,4187.14
2026.06.10 04:45,4186.95,4195.29,4183.52,4188.53
2026.06.10 05:00,4188.5,4191.52,4179.42,4182.78
2026.06.10 05:15,4182.82,4188.34,4178.05,4187.86
2026.06.10 05:30,4187.8,4192.36,4173.95,4184.21
2026.06.10 05:45,4184.18,4190.45,4173.06,4173.95
2026.06.10 06:00,4173.89,4180.64,4172.79,4178.04
2026.06.10 06:15,4178.15,4180.99,4173.61,4177.02
2026.06.10 06:30,4177.01,4182.86,4176.12,4179.62
2026.06.10 06:45,4179.6,4186.32,4179.41,4184.68
2026.06.10 07:00,4184.66,4187.06,4180.51,4181.08
2026.06.10 07:15,4181.07,4182.86,4173.45,4174.24
2026.06.10 07:30,4174.23,4175.21,4172.87,4173.36
2026.06.10 07:45,4173.38,4175.77,4172.31,4174.68
2026.06.10 08:00,4174.73,4180.32,4173.19,4179.49
2026.06.10 08:15,4179.64,4187.04,4175.37,4186.91
2026.06.10 08:30,4186.87,4198.77,4181.51,4197.92
2026.06.10 08:45,4197.95,4208.87,4197.26,4205.01
2026.06.10 09:00,4205.15,4221.89,4205.0,4212.74
2026.06.10 09:15,4212.77,4216.58,4208.17,4211.6
2026.06.10 09:30,4211.5,4213.29,4204.81,4207.33
2026.06.10 09:45,4207.25,4209.55,4201.61,4203.71
2026.06.10 10:00,4203.63,4207.9,4197.2,4200.13
2026.06.10 10:15,4200.11,4203.59,4193.36,4194.73
2026.06.10 10:30,4194.65,4196.97,4187.72,4189.45
2026.06.10 10:45,4189.47,4192.72,4181.42,4185.96
2026.06.10 11:00,4185.8,4187.11,4161.25,4166.22
2026.06.10 11:15,4166.44,4178.77,4165.9,4172.11
2026.06.10 11:30,4171.89,4179.08,4166.22,4170.36
2026.06.10 11:45,4170.22,4176.23,4166.24,4168.79
2026.06.10 12:00,4168.84,4173.95,4164.57,4164.83
2026.06.10 12:15,4164.78,4174.74,4164.1,4165.97
2026.06.10 12:30,4165.96,4179.32,4165.62,4171.24
2026.06.10 12:45,4171.23,4174.69,4162.81,4168.44
2026.06.10 13:00,4168.46,4170.97,4155.47,4160.8
2026.06.10 13:15,4160.74,4169.6,4159.47,4164.96
2026.06.10 13:30,4164.79,4171.25,4163.83,4171.25
2026.06.10 13:45,4171.23,4178.4,4169.61,4174.49
2026.06.10 14:00,4174.53,4175.89,4153.44,4168.38
2026.06.10 14:15,4168.36,4171.51,4156.59,4166.27
2026.06.10 14:30,4166.17,4167.76,4154.13,4154.23
2026.06.10 14:45,4154.09,4163.17,4145.58,4147.39
2026.06.10 15:00,4147.26,4152.28,4134.41,4136.01
2026.06.10 15:15,4135.91,4142.65,4130.5,4141.12
2026.06.10 15:30,4141.02,4173.74,4139.49,4160.24
2026.06.10 15:45,4160.5,4169.35,4142.05,4146.77
2026.06.10 16:00,4146.85,4157.83,4144.76,4151.25
2026.06.10 16:15,4151.22,4151.22,4132.77,4149.15
2026.06.10 16:30,4148.76,4178.81,4141.8,4178.81
2026.06.10 16:45,4179.16,4186.07,4173.62,4179.42
2026.06.10 17:00,4179.64,4180.77,4170.07,4174.11
2026.06.10 17:15,4174.54,4175.2,4159.46,4160.94
2026.06.10 17:30,4160.83,4163.12,4149.63,4149.76
2026.06.10 17:45,4149.69,4151.48,4117.84,4124.72
2026.06.10 18:00,4125.01,4136.2,4119.0,4123.1
2026.06.10 18:15,4123.12,4136.89,4113.27,4127.63
2026.06.10 18:30,4127.66,4131.0,4121.85,4128.49
2026.06.10 18:45,4128.44,4130.85,4106.72,4128.65
2026.06.10 19:00,4128.77,4132.83,4122.73,4129.14
2026.06.10 19:15,4129.1,4134.99,4125.84,4127.35
2026.06.10 19:30,4127.36,4132.01,4120.31,4121.96
2026.06.10 19:45,4121.93,4122.99,4115.79,4121.88
2026.06.10 20:00,4121.87,4134.82,4114.61,4117.8
2026.06.10 20:15,4117.76,4120.03,4109.08,4110.83
2026.06.10 20:30,4110.85,4112.31,4101.8,4102.17
2026.06.10 20:45,4102.19,4113.31,4100.74,4111.51
2026.06.10 21:00,4111.61,4120.29,4111.6,4115.74
2026.06.10 21:15,4115.63,4117.92,4109.46,4112.19
2026.06.10 21:30,4112.45,4112.48,4104.5,4104.83
2026.06.10 21:45,4104.86,4107.56,4096.91,4101.37
2026.06.10 22:00,4101.38,4101.88,4087.1,4088.74
2026.06.10 22:15,4088.81,4091.84,4081.6,4084.58
2026.06.10 22:30,4084.82,4091.83,4082.16,4091.48
2026.06.10 22:45,4091.49,4092.45,4081.54,4082.6
2026.06.10 23:00,4082.48,4082.98,4069.12,4072.04
2026.06.10 23:15,4072.0,4079.85,4071.06,4078.23
2026.06.10 23:30,4078.21,4078.21,4071.18,4072.61
2026.06.10 23:45,4072.51,4072.61,4067.02,4071.08
2026.06.11 01:00,4071.49,4072.65,4050.12,4055.99
2026.06.11 01:15,4056.33,4056.97,4035.99,4044.53
2026.06.11 01:30,4044.48,4069.16,4044.48,4062.57
2026.06.11 01:45,4062.52,4066.48,4045.34,4046.11
2026.06.11 02:00,4046.27,4053.51,4023.73,4029.74
2026.06.11 02:15,4029.65,4064.51,4024.88,4061.3
2026.06.11 02:30,4061.26,4064.02,4054.57,4055.9
2026.06.11 02:45,4056.0,4057.12,4044.37,4047.0
2026.06.11 03:00,4047.66,4059.45,4035.84,4052.07
2026.06.11 03:15,4052.31,4072.5,4049.72,4067.48
2026.06.11 03:30,4067.19,4076.35,4059.04,4063.2
2026.06.11 03:45,4063.12,4077.88,4063.05,4075.61
2026.06.11 04:00,4075.63,4089.71,4065.97,4086.56
2026.06.11 04:15,4086.53,4108.49,4085.4,4104.3
2026.06.11 04:30,4104.25,4117.84,4103.74,4113.33
2026.06.11 04:45,4113.37,4116.9,4097.77,4101.77
2026.06.11 05:00,4101.85,4102.52,4089.14,4089.46
2026.06.11 05:15,4089.49,4095.7,4081.54,4082.32
2026.06.11 05:30,4082.34,4084.96,4055.13,4059.37
2026.06.11 05:45,4059.16,4073.29,4052.32,4067.78
2026.06.11 06:00,4067.74,4078.33,4064.26,4065.34
2026.06.11 06:15,4065.54,4071.23,4056.85,4063.07
2026.06.11 06:30,4063.05,4071.64,4062.37,4067.33
2026.06.11 06:45,4067.32,4075.29,4064.75,4072.6
2026.06.11 07:00,4072.64,4083.0,4069.98,4082.57
2026.06.11 07:15,4082.55,4085.19,4076.11,4077.53
2026.06.11 07:30,4077.53,4083.81,4074.61,4081.95
2026.06.11 07:45,4081.98,4085.73,4079.38,4082.45
2026.06.11 08:00,4082.53,4082.88,4075.17,4077.13
2026.06.11 08:15,4077.09,4081.1,4072.44,4074.84
2026.06.11 08:30,4075.15,4099.4,4074.26,4099.23
2026.06.11 08:45,4099.13,4106.04,4093.41,4094.12
2026.06.11 09:00,4094.08,4094.55,4076.17,4084.09
2026.06.11 09:15,4084.07,4092.67,4081.63,4086.48
2026.06.11 09:30,4086.51,4092.64,4082.87,4092.54
2026.06.11 09:45,4092.57,4097.31,4090.89,4094.25
2026.06.11 10:00,4094.56,4098.19,4091.48,4096.49
2026.06.11 10:15,4096.45,4110.11,4096.14,4107.36
2026.06.11 10:30,4107.44,4110.42,4101.44,4107.36
2026.06.11 10:45,4107.33,4107.85,4098.85,4104.77
2026.06.11 11:00,4104.76,4112.39,4103.87,4105.98
2026.06.11 11:15,4106.22,4108.25,4097.01,4097.18
2026.06.11 11:30,4097.27,4099.29,4090.17,4090.53
2026.06.11 11:45,4090.54,4091.89,4084.32,4084.34
2026.06.11 12:00,4084.37,4087.29,4080.58,4085.88
2026.06.11 12:15,4085.81,4088.79,4078.76,4079.23
2026.06.11 12:30,4079.18,4091.72,4077.23,4091.5
2026.06.11 12:45,4091.26,4096.24,4089.65,4091.37
2026.06.11 13:00,4091.33,4094.11,4088.13,4091.91
2026.06.11 13:15,4091.88,4094.34,4086.58,4087.49
2026.06.11 13:30,4087.51,4092.79,4086.34,4090.25
2026.06.11 13:45,4090.27,4092.69,4087.38,4089.73
2026.06.11 14:00,4089.7,4092.99,4085.99,4085.99
2026.06.11 14:15,4085.98,4091.11,4083.19,4090.13
2026.06.11 14:30,4090.13,4095.72,4081.51,4084.66
2026.06.11 14:45,4084.57,4087.45,4079.61,4080.17
2026.06.11 15:00,4080.37,4087.06,4072.89,4076.18
2026.06.11 15:15,4076.16,4081.75,4061.27,4069.07
2026.06.11 15:30,4069.14,4076.98,4057.41,4073.14
2026.06.11 15:45,4073.05,4085.0,4069.65,4081.67
2026.06.11 16:00,4081.87,4085.97,4071.9,4072.98
2026.06.11 16:15,4072.97,4081.61,4072.05,4075.19
2026.06.11 16:30,4075.19,4082.55,4066.94,4076.17
2026.06.11 16:45,4076.33,4092.34,4073.31,4083.0
2026.06.11 17:00,4083.14,4085.17,4052.7,4060.73
2026.06.11 17:15,4060.89,4084.71,4055.86,4074.7
2026.06.11 17:30,4074.64,4083.36,4070.37,4076.12
2026.06.11 17:45,4076.28,4080.75,4071.98,4073.19
2026.06.11 18:00,4073.17,4087.61,4070.12,4080.39
2026.06.11 18:15,4080.41,4089.06,4074.61,4081.39
2026.06.11 18:30,4081.23,4090.2,4077.28,4087.98
2026.06.11 18:45,4088.1,4095.23,4085.62,4088.59
2026.06.11 19:00,4088.6,4103.11,4086.53,4102.48
2026.06.11 19:15,4102.46,4107.46,4079.28,4079.41
2026.06.11 19:30,4079.47,4087.68,4078.3,4081.82
2026.06.11 19:45,4081.63,4084.07,4077.84,4080.07
2026.06.11 20:00,4080.03,4080.63,4071.81,4075.87
2026.06.11 20:15,4075.82,4102.16,4074.16,4101.55
2026.06.11 20:30,4101.63,4169.79,4101.63,4166.45
2026.06.11 20:45,4166.31,4166.39,4146.56,4151.68
2026.06.11 21:00,4151.7,4155.44,4131.13,4146.63
2026.06.11 21:15,4146.61,4162.68,4145.05,4152.81
2026.06.11 21:30,4152.58,4164.95,4148.93,4164.61
2026.06.11 21:45,4164.54,4171.46,4160.19,4161.65
2026.06.11 22:00,4161.68,4189.05,4161.68,4188.18
2026.06.11 22:15,4188.19,4198.19,4186.07,4195.49
2026.06.11 22:30,4195.64,4219.99,4195.64,4210.09
2026.06.11 22:45,4210.05,4215.32,4207.23,4208.63
2026.06.11 23:00,4209.25,4218.43,4207.97,4213.73
2026.06.11 23:15,4213.69,4216.23,4211.96,4213.94
2026.06.11 23:30,4213.92,4216.19,4209.46,4209.52
2026.06.11 23:45,4209.5,4212.83,4208.89,4210.52
2026.06.12 01:00,4214.47,4220.32,4205.21,4209.59
2026.06.12 01:15,4209.65,4215.64,4205.44,4214.74
2026.06.12 01:30,4214.75,4227.98,4211.27,4225.62
2026.06.12 01:45,4225.61,4246.13,4224.8,4243.04
2026.06.12 02:00,4243.06,4245.67,4221.02,4223.43
2026.06.12 02:15,4223.5,4226.31,4214.08,4216.33
2026.06.12 02:30,4216.22,4223.44,4214.35,4219.29
2026.06.12 02:45,4219.28,4224.41,4215.09,4219.82
2026.06.12 03:00,4219.58,4225.6,4212.44,4216.69
2026.06.12 03:15,4216.66,4230.29,4207.23,4220.19
2026.06.12 03:30,4220.18,4228.59,4202.63,4203.75
2026.06.12 03:45,4203.76,4208.19,4200.53,4208.06
2026.06.12 04:00,4208.11,4210.84,4182.81,4186.92
2026.06.12 04:15,4186.93,4193.77,4178.9,4180.69
2026.06.12 04:30,4180.92,4186.47,4171.18,4179.29
2026.06.12 04:45,4179.21,4191.25,4179.15,4186.63
2026.06.12 05:00,4186.5,4199.89,4183.56,4193.73
2026.06.12 05:15,4193.74,4194.35,4186.41,4188.24
2026.06.12 05:30,4188.28,4193.04,4182.59,4186.04
2026.06.12 05:45,4186.02,4193.48,4183.44,4191.44
2026.06.12 06:00,4191.38,4196.0,4189.34,4193.6
2026.06.12 06:15,4193.61,4203.45,4192.88,4203.25
2026.06.12 06:30,4203.38,4204.73,4198.6,4199.14
2026.06.12 06:45,4199.18,4201.26,4195.26,4196.96
2026.06.12 07:00,4196.9,4200.81,4191.76,4194.17
2026.06.12 07:15,4194.16,4195.36,4190.23,4192.47
2026.06.12 07:30,4192.36,4198.12,4191.69,4193.28
2026.06.12 07:45,4193.44,4194.08,4189.38,4189.78
2026.06.12 08:00,4189.77,4192.84,4181.78,4188.58
2026.06.12 08:15,4188.69,4189.42,4184.77,4186.93
2026.06.12 08:30,4186.96,4187.57,4172.33,4180.26
2026.06.12 08:45,4180.3,4180.78,4170.53,4173.06
2026.06.12 09:00,4173.09,4185.39,4172.91,4182.71
2026.06.12 09:15,4182.78,4183.11,4178.76,4181.83
2026.06.12 09:30,4182.35,4182.35,4172.21,4176.32
2026.06.12 09:45,4176.54,4184.6,4173.95,4183.97
2026.06.12 10:00,4183.95,4184.71,4175.9,4177.99
2026.06.12 10:15,4177.97,4179.87,4173.73,4174.0
2026.06.12 10:30,4173.97,4184.48,4170.02,4182.84
2026.06.12 10:45,4182.87,4194.2,4173.64,4194.2
2026.06.12 11:00,4194.76,4204.78,4191.86,4203.63
2026.06.12 11:15,4203.69,4220.4,4199.31,4212.93
2026.06.12 11:30,4213.16,4222.18,4211.63,4218.13
2026.06.12 11:45,4218.14,4225.77,4214.48,4219.49
2026.06.12 12:00,4219.52,4224.98,4217.27,4223.96
2026.06.12 12:15,4223.97,4226.6,4218.89,4220.78
2026.06.12 12:30,4220.89,4227.64,4219.04,4225.13
2026.06.12 12:45,4225.16,4227.84,4221.12,4221.64
2026.06.12 13:00,4221.51,4225.4,4218.79,4221.29
2026.06.12 13:15,4221.3,4222.03,4202.61,4206.58
2026.06.12 13:30,4206.66,4218.5,4206.35,4215.18
2026.06.12 13:45,4215.07,4218.5,4209.15,4210.73
2026.06.12 14:00,4210.75,4211.85,4204.92,4207.26
2026.06.12 14:15,4207.1,4210.07,4201.95,4202.35
2026.06.12 14:30,4202.45,4210.21,4197.37,4209.54
2026.06.12 14:45,4209.55,4215.16,4206.34,4206.67
2026.06.12 15:00,4206.66,4214.08,4202.61,4214.08
2026.06.12 15:15,4214.12,4215.16,4200.09,4200.86
2026.06.12 15:30,4200.85,4201.65,4191.24,4196.59
2026.06.12 15:45,4196.57,4200.35,4188.36,4191.56
2026.06.12 16:00,4191.55,4200.97,4186.36,4198.18
2026.06.12 16:15,4198.2,4206.52,4197.1,4202.61
2026.06.12 16:30,4202.58,4210.0,4182.57,4190.8
2026.06.12 16:45,4190.45,4193.55,4183.3,4185.92
2026.06.12 17:00,4185.92,4198.25,4184.6,4192.79
2026.06.12 17:15,4192.85,4199.25,4182.49,4188.37
2026.06.12 17:30,4187.94,4193.03,4180.76,4184.27
2026.06.12 17:45,4184.11,4208.26,4176.96,4203.75
2026.06.12 18:00,4203.77,4214.94,4200.05,4213.77
2026.06.12 18:15,4213.74,4235.36,4212.5,4225.53
2026.06.12 18:30,4225.54,4228.17,4210.18,4210.74
2026.06.12 18:45,4211.07,4218.65,4206.78,4211.65
2026.06.12 19:00,4211.54,4224.84,4207.84,4221.5
2026.06.12 19:15,4221.63,4232.79,4215.65,4216.88
2026.06.12 19:30,4217.01,4220.15,4211.55,4213.07
2026.06.12 19:45,4213.18,4217.91,4211.09,4215.86
2026.06.12 20:00,4215.85,4226.2,4214.85,4218.22
2026.06.12 20:15,4218.56,4223.5,4213.65,4218.66
2026.06.12 20:30,4218.99,4223.34,4213.79,4222.26
2026.06.12 20:45,4222.29,4224.91,4219.52,4221.18
2026.06.12 21:00,4221.21,4228.37,4217.99,4226.83
2026.06.12 21:15,4226.87,4235.27,4224.32,4226.36
2026.06.12 21:30,4226.41,4229.89,4224.18,4229.12
2026.06.12 21:45,4229.07,4229.08,4214.07,4215.48
2026.06.12 22:00,4215.05,4218.76,4214.25,4217.35
2026.06.12 22:15,4217.35,4217.35,4207.57,4208.34
2026.06.12 22:30,4208.39,4210.0,4201.64,4204.98
2026.06.12 22:45,4204.88,4211.01,4203.52,4210.45
2026.06.12 23:00,4210.49,4213.45,4209.26,4212.41
2026.06.12 23:15,4212.45,4216.73,4212.15,4214.22
2026.06.12 23:30,4214.24,4214.34,4212.11,4213.4
2026.06.12 23:45,4213.46,4219.26,4212.17,4218.74
2026.06.15 01:00,4273.27,4308.81,4261.75,4299.09
2026.06.15 01:15,4298.79,4305.8,4283.3,4286.3
2026.06.15 01:30,4286.3,4288.33,4280.22,4285.1
2026.06.15 01:45,4285.06,4291.52,4284.45,4285.52
2026.06.15 02:00,4285.45,4288.14,4282.07,4282.82
2026.06.15 02:15,4282.81,4284.46,4280.9,4283.03
2026.06.15 02:30,4283.11,4285.99,4281.34,4284.92
2026.06.15 02:45,4284.96,4294.85,4284.01,4293.87
2026.06.15 03:00,4293.64,4300.82,4293.18,4299.68
2026.06.15 03:15,4299.83,4307.86,4299.49,4300.69
2026.06.15 03:30,4300.66,4305.42,4295.63,4297.35
2026.06.15 03:45,4297.49,4299.92,4291.54,4292.41
2026.06.15 04:00,4292.42,4300.16,4285.33,4296.01
2026.06.15 04:15,4295.97,4306.25,4289.15,4303.3
2026.06.15 04:30,4303.34,4319.4,4301.06,4317.6
2026.06.15 04:45,4317.58,4318.91,4313.01,4316.54
2026.06.15 05:00,4316.52,4326.49,4315.86,4326.29
2026.06.15 05:15,4326.31,4330.88,4324.17,4327.89
2026.06.15 05:30,4327.93,4333.96,4327.59,4330.0
2026.06.15 05:45,4330.04,4335.24,4327.69,4329.4
2026.06.15 06:00,4329.37,4330.93,4321.74,4325.15
2026.06.15 06:15,4325.1,4328.78,4321.18,4323.86
2026.06.15 06:30,4323.86,4327.15,4321.0,4323.15
2026.06.15 06:45,4322.77,4327.15,4322.77,4324.76
2026.06.15 07:00,4324.74,4327.36,4322.58,4326.19
2026.06.15 07:15,4326.23,4327.45,4320.63,4326.85
2026.06.15 07:30,4326.83,4330.03,4325.13,4327.77
2026.06.15 07:45,4327.71,4329.1,4326.33,4328.09
2026.06.15 08:00,4328.08,4330.61,4323.79,4328.58
2026.06.15 08:15,4328.61,4332.75,4325.69,4330.03
2026.06.15 08:30,4329.94,4332.42,4312.53,4312.6
2026.06.15 08:45,4312.67,4315.99,4307.39,4309.84
2026.06.15 09:00,4309.89,4313.21,4302.59,4308.56
2026.06.15 09:15,4308.6,4309.27,4302.81,4304.9
2026.06.15 09:30,4304.86,4306.87,4300.71,4306.25
2026.06.15 09:45,4306.23,4309.72,4303.98,4307.94
2026.06.15 10:00,4308.34,4314.07,4305.16,4313.39
2026.06.15 10:15,4313.4,4318.61,4313.0,4316.52
2026.06.15 10:30,4316.64,4317.27,4311.83,4316.5
2026.06.15 10:45,4316.49,4325.0,4312.48,4322.96
2026.06.15 11:00,4322.93,4329.37,4321.58,4328.75
2026.06.15 11:15,4328.75,4332.46,4327.2,4328.42
2026.06.15 11:30,4328.47,4345.27,4327.75,4340.83
2026.06.15 11:45,4340.87,4342.84,4333.98,4334.04
2026.06.15 12:00,4334.06,4342.95,4334.06,4339.97
2026.06.15 12:15,4339.96,4343.21,4336.34,4338.78
2026.06.15 12:30,4338.76,4340.8,4334.53,4335.52
2026.06.15 12:45,4335.51,4340.62,4334.95,4336.4
2026.06.15 13:00,4336.47,4340.23,4335.56,4337.67
2026.06.15 13:15,4337.66,4339.24,4335.96,4338.36
2026.06.15 13:30,4338.34,4340.18,4335.13,4337.6
2026.06.15 13:45,4337.63,4341.33,4336.29,4337.92
2026.06.15 14:00,4337.99,4339.78,4336.02,4337.8
2026.06.15 14:15,4337.78,4341.28,4335.91,4340.8
2026.06.15 14:30,4340.84,4347.34,4337.99,4338.3
2026.06.15 14:45,4338.2,4338.44,4331.67,4335.03
2026.06.15 15:00,4335.04,4338.47,4330.22,4330.91
2026.06.15 15:15,4330.9,4338.01,4324.37,4337.22
2026.06.15 15:30,4337.33,4346.49,4335.09,4344.97
2026.06.15 15:45,4344.98,4349.21,4343.22,4348.84
2026.06.15 16:00,4348.87,4350.19,4341.12,4349.19
2026.06.15 16:15,4349.23,4355.67,4349.23,4353.15
2026.06.15 16:30,4353.12,4368.53,4352.03,4363.09
2026.06.15 16:45,4363.14,4364.42,4354.26,4355.03
2026.06.15 17:00,4354.89,4369.14,4353.91,4357.26
2026.06.15 17:15,4357.31,4364.06,4353.87,4363.52
2026.06.15 17:30,4363.54,4364.94,4353.67,4356.85
2026.06.15 17:45,4356.88,4363.49,4355.25,4356.57
2026.06.15 18:00,4356.55,4359.18,4349.49,4350.96
2026.06.15 18:15,4350.97,4358.01,4350.04,4353.82
2026.06.15 18:30,4353.75,4359.61,4349.64,4357.37
2026.06.15 18:45,4357.38,4360.66,4354.78,4355.99
2026.06.15 19:00,4355.98,4358.58,4349.01,4351.47
2026.06.15 19:15,4351.52,4352.38,4339.0,4342.79
2026.06.15 19:30,4342.67,4342.9,4336.07,4336.09
2026.06.15 19:45,4336.0,4339.67,4334.42,4339.09
2026.06.15 20:00,4339.03,4339.03,4330.59,4333.78
2026.06.15 20:15,4333.86,4334.67,4328.83,4329.65
2026.06.15 20:30,4329.61,4329.75,4320.94,4321.88
2026.06.15 20:45,4321.87,4325.18,4320.26,4324.64
2026.06.15 21:00,4324.56,4324.88,4317.91,4324.04
2026.06.15 21:15,4324.15,4327.87,4322.67,4324.61
2026.06.15 21:30,4324.63,4326.14,4321.65,4324.78
2026.06.15 21:45,4324.91,4327.04,4323.92,4325.46
2026.06.15 22:00,4325.49,4326.47,4320.66,4322.39
2026.06.15 22:15,4322.47,4324.38,4320.65,4321.23
2026.06.15 22:30,4321.26,4323.56,4318.07,4318.99
2026.06.15 22:45,4318.97,4320.82,4316.47,4320.64
2026.06.15 23:00,4320.56,4321.88,4315.59,4315.86
2026.06.15 23:15,4315.84,4318.35,4310.53,4312.57
2026.06.15 23:30,4312.58,4312.88,4308.09,4309.57
2026.06.15 23:45,4309.54,4310.38,4306.25,4308.92
2026.06.16 01:00,4308.88,4315.12,4308.24,4309.99
2026.06.16 01:15,4309.9,4312.88,4305.82,4308.19
2026.06.16 01:30,4308.23,4314.11,4306.48,4312.16
2026.06.16 01:45,4312.14,4314.13,4310.39,4311.74
2026.06.16 02:00,4311.72,4316.31,4311.71,4313.21
2026.06.16 02:15,4313.2,4315.44,4311.2,4315.3
2026.06.16 02:30,4314.98,4319.09,4313.05,4318.06
2026.06.16 02:45,4318.18,4318.88,4313.04,4315.4
2026.06.16 03:00,4315.37,4318.18,4313.06,4313.25
2026.06.16 03:15,4313.26,4315.54,4306.69,4308.05
2026.06.16 03:30,4308.04,4313.51,4307.71,4310.79
2026.06.16 03:45,4310.76,4320.56,4310.44,4319.02
2026.06.16 04:00,4319.05,4325.85,4315.38,4319.66
2026.06.16 04:15,4319.55,4323.84,4316.17,4319.14
2026.06.16 04:30,4319.19,4320.26,4313.12,4314.79
2026.06.16 04:45,4314.37,4319.19,4311.89,4313.32
2026.06.16 05:00,4313.34,4313.91,4307.42,4309.37
2026.06.16 05:15,4309.39,4312.76,4308.06,4312.48
2026.06.16 05:30,4312.68,4318.11,4309.46,4311.87
2026.06.16 05:45,4312.0,4320.67,4310.99,4318.47
2026.06.16 06:00,4318.43,4320.8,4316.94,4318.43
2026.06.16 06:15,4318.44,4322.45,4315.24,4321.03
2026.06.16 06:30,4320.98,4332.6,4319.71,4331.68
2026.06.16 06:45,4331.65,4332.95,4328.8,4330.26
2026.06.16 07:00,4330.16,4331.98,4325.49,4326.85
2026.06.16 07:15,4326.83,4327.54,4321.88,4322.7
2026.06.16 07:30,4322.73,4325.13,4321.62,4322.94
2026.06.16 07:45,4322.96,4323.66,4321.0,4322.29
2026.06.16 08:00,4322.28,4328.91,4321.97,4326.14
2026.06.16 08:15,4326.13,4327.74,4324.3,4327.03
2026.06.16 08:30,4326.95,4330.62,4315.82,4317.52
2026.06.16 08:45,4317.53,4320.86,4314.16,4315.67
2026.06.16 09:00,4315.71,4319.45,4313.33,4318.45
2026.06.16 09:15,4318.43,4318.47,4314.19,4316.39
2026.06.16 09:30,4316.23,4320.01,4313.92,4316.1
2026.06.16 09:45,4316.11,4324.14,4315.92,4323.73
2026.06.16 10:00,4323.68,4328.31,4322.43,4325.91
2026.06.16 10:15,4325.85,4329.38,4324.02,4328.64
2026.06.16 10:30,4328.62,4332.41,4326.05,4327.43
2026.06.16 10:45,4327.45,4335.39,4326.41,4334.96
2026.06.16 11:00,4334.88,4339.99,4332.65,4337.78
2026.06.16 11:15,4337.79,4343.44,4337.54,4341.07
2026.06.16 11:30,4340.99,4344.96,4339.04,4343.29
2026.06.16 11:45,4343.25,4347.79,4340.7,4346.78
2026.06.16 12:00,4346.81,4348.1,4343.9,4345.96
2026.06.16 12:15,4346.05,4346.22,4338.26,4339.76
2026.06.16 12:30,4339.72,4346.11,4339.19,4341.95
2026.06.16 12:45,4342.02,4348.15,4340.23,4345.09
2026.06.16 13:00,4345.15,4346.48,4342.99,4345.77
2026.06.16 13:15,4345.75,4346.44,4343.47,4344.12
2026.06.16 13:30,4344.16,4346.57,4342.0,4346.51
2026.06.16 13:45,4346.54,4348.76,4346.32,4348.68
2026.06.16 14:00,4348.72,4349.15,4339.34,4341.47
2026.06.16 14:15,4341.3,4343.28,4338.47,4341.81
2026.06.16 14:30,4341.83,4342.08,4334.95,4338.79
2026.06.16 14:45,4338.71,4341.43,4336.67,4340.84
2026.06.16 15:00,4340.82,4345.36,4337.98,4344.41
2026.06.16 15:15,4344.35,4344.93,4337.15,4343.57
2026.06.16 15:30,4343.58,4349.52,4341.44,4349.32
2026.06.16 15:45,4349.35,4354.88,4348.33,4354.51
2026.06.16 16:00,4354.48,4354.7,4342.02,4343.59
2026.06.16 16:15,4343.62,4344.8,4332.97,4334.92
2026.06.16 16:30,4334.87,4340.4,4333.57,4338.77
2026.06.16 16:45,4338.74,4340.46,4331.44,4331.54
2026.06.16 17:00,4331.56,4338.57,4331.28,4335.3
2026.06.16 17:15,4335.28,4335.28,4317.5,4319.48
2026.06.16 17:30,4319.47,4328.16,4313.11,4324.22
2026.06.16 17:45,4324.14,4327.12,4321.42,4323.83
2026.06.16 18:00,4323.98,4326.91,4322.12,4324.36
2026.06.16 18:15,4324.38,4328.41,4320.96,4325.63
2026.06.16 18:30,4325.66,4328.58,4322.77,4326.43
2026.06.16 18:45,4326.4,4343.24,4321.85,4335.07
2026.06.16 19:00,4335.03,4346.7,4334.72,4345.72
2026.06.16 19:15,4345.82,4346.57,4341.63,4344.38
2026.06.16 19:30,4344.36,4345.0,4339.96,4343.91
2026.06.16 19:45,4343.74,4346.21,4339.85,4340.43
2026.06.16 20:00,4340.39,4340.98,4334.02,4335.45
2026.06.16 20:15,4335.4,4335.82,4325.09,4334.49
2026.06.16 20:30,4334.52,4339.91,4334.0,4338.28
2026.06.16 20:45,4338.29,4340.32,4335.75,4340.09
2026.06.16 21:00,4340.14,4342.57,4338.95,4341.57
2026.06.16 21:15,4341.59,4342.15,4338.83,4341.18
2026.06.16 21:30,4341.15,4342.59,4338.17,4338.64
2026.06.16 21:45,4338.72,4339.89,4336.0,4338.32
2026.06.16 22:00,4338.34,4342.73,4337.63,4339.01
2026.06.16 22:15,4339.07,4340.94,4336.29,4339.35
2026.06.16 22:30,4339.4,4339.83,4336.76,4338.42
2026.06.16 22:45,4338.51,4339.53,4330.48,4333.76
2026.06.16 23:00,4333.52,4333.99,4330.87,4330.96
2026.06.16 23:15,4330.95,4333.9,4330.77,4332.7
2026.06.16 23:30,4332.69,4334.73,4331.35,4333.25
2026.06.16 23:45,4333.24,4333.24,4329.39,4330.97
2026.06.17 01:00,4332.54,4335.44,4330.38,4332.12
2026.06.17 01:15,4332.1,4332.83,4328.78,4329.85
2026.06.17 01:30,4329.91,4332.98,4329.91,4332.51
2026.06.17 01:45,4332.47,4335.73,4332.03,4335.21
2026.06.17 02:00,4335.13,4338.08,4333.74,4336.37
2026.06.17 02:15,4336.41,4336.62,4335.56,4335.92
2026.06.17 02:30,4335.87,4336.29,4332.83,4334.39
2026.06.17 02:45,4334.34,4334.82,4329.46,4330.68
2026.06.17 03:00,4330.79,4339.84,4328.37,4337.43
2026.06.17 03:15,4337.46,4341.4,4336.39,4337.16
2026.06.17 03:30,4337.13,4338.71,4334.45,4335.25
2026.06.17 03:45,4335.47,4337.65,4332.01,4336.89
2026.06.17 04:00,4336.9,4349.56,4334.2,4347.39
2026.06.17 04:15,4347.5,4347.54,4338.96,4343.1
2026.06.17 04:30,4343.11,4343.96,4337.68,4339.33
2026.06.17 04:45,4339.32,4343.33,4336.63,4340.74
2026.06.17 05:00,4340.74,4344.04,4339.96,4341.95
2026.06.17 05:15,4341.94,4344.35,4339.43,4340.37
2026.06.17 05:30,4340.38,4343.58,4337.53,4338.56
2026.06.17 05:45,4338.53,4338.64,4329.51,4331.48
2026.06.17 06:00,4331.36,4333.91,4329.27,4330.32
2026.06.17 06:15,4330.31,4332.18,4328.37,4331.49
2026.06.17 06:30,4331.52,4333.3,4329.81,4333.02
2026.06.17 06:45,4333.01,4333.7,4330.35,4332.09
2026.06.17 07:00,4331.99,4332.23,4328.33,4330.62
2026.06.17 07:15,4330.59,4333.96,4323.97,4324.43
2026.06.17 07:30,4324.4,4325.54,4317.26,4322.95
2026.06.17 07:45,4322.93,4326.59,4322.19,4326.59
2026.06.17 08:00,4326.69,4327.66,4321.21,4322.31
2026.06.17 08:15,4322.65,4327.4,4320.93,4327.03
2026.06.17 08:30,4327.0,4332.98,4326.73,4329.51
2026.06.17 08:45,4329.5,4333.85,4324.26,4326.3
2026.06.17 09:00,4326.31,4329.79,4324.14,4329.29
2026.06.17 09:15,4328.7,4329.22,4320.37,4324.19
2026.06.17 09:30,4324.16,4328.94,4322.35,4327.52
2026.06.17 09:45,4327.47,4331.63,4326.51,4331.5
2026.06.17 10:00,4331.49,4332.69,4326.8,4327.08
2026.06.17 10:15,4327.06,4332.58,4326.49,4328.94
2026.06.17 10:30,4328.89,4331.55,4325.27,4328.73
2026.06.17 10:45,4328.84,4329.33,4324.52,4325.07
2026.06.17 11:00,4324.91,4327.72,4322.03,4322.72
2026.06.17 11:15,4322.78,4324.7,4319.58,4323.44
2026.06.17 11:30,4323.48,4324.22,4318.98,4319.97
2026.06.17 11:45,4319.93,4325.34,4316.76,4324.62
2026.06.17 12:00,4324.54,4325.72,4321.14,4325.11
2026.06.17 12:15,4325.12,4333.13,4325.09,4331.78
2026.06.17 12:30,4331.86,4335.45,4328.12,4328.34
2026.06.17 12:45,4328.35,4329.55,4325.45,4329.37
2026.06.17 13:00,4329.38,4330.87,4327.66,4330.68
2026.06.17 13:15,4330.7,4330.82,4326.81,4328.86
2026.06.17 13:30,4328.89,4331.11,4327.07,4330.78
2026.06.17 13:45,4330.76,4335.0,4330.64,4331.3
2026.06.17 14:00,4331.28,4331.78,4327.72,4328.97
2026.06.17 14:15,4328.98,4331.62,4327.81,4328.65
2026.06.17 14:30,4328.73,4328.8,4324.09,4325.78
2026.06.17 14:45,4325.77,4327.05,4320.87,4323.03
2026.06.17 15:00,4323.06,4324.78,4319.59,4323.37
2026.06.17 15:15,4323.39,4327.56,4321.61,4324.29
2026.06.17 15:30,4324.39,4332.0,4323.53,4331.51
2026.06.17 15:45,4331.77,4335.46,4330.94,4333.46
2026.06.17 16:00,4333.43,4334.16,4323.92,4331.75
2026.06.17 16:15,4331.76,4338.34,4330.8,4335.22
2026.06.17 16:30,4335.26,4341.81,4332.5,4341.65
2026.06.17 16:45,4341.44,4345.07,4339.18,4339.65
2026.06.17 17:00,4339.6,4345.92,4335.5,4342.2
2026.06.17 17:15,4342.2,4362.0,4340.88,4360.15
2026.06.17 17:30,4360.12,4363.75,4347.21,4351.81
2026.06.17 17:45,4351.83,4355.2,4330.69,4344.36
2026.06.17 18:00,4344.28,4348.34,4343.7,4347.88
2026.06.17 18:15,4347.66,4359.87,4346.77,4355.33
2026.06.17 18:30,4355.14,4361.01,4354.38,4358.13
2026.06.17 18:45,4358.11,4364.61,4357.22,4363.41
2026.06.17 19:00,4363.4,4365.5,4360.49,4362.06
2026.06.17 19:15,4362.13,4366.28,4360.49,4365.09
2026.06.17 19:30,4365.08,4365.08,4354.96,4357.43
2026.06.17 19:45,4357.5,4359.57,4355.98,4359.28
2026.06.17 20:00,4359.31,4360.95,4355.24,4358.79
2026.06.17 20:15,4358.78,4363.84,4357.75,4361.12
2026.06.17 20:30,4361.31,4382.08,4360.72,4376.32
2026.06.17 20:45,4376.35,4382.04,4373.99,4379.42
2026.06.17 21:00,4378.86,4379.05,4276.95,4284.08
2026.06.17 21:15,4284.2,4308.1,4282.91,4292.43
2026.06.17 21:30,4292.36,4326.71,4269.51,4323.41
2026.06.17 21:45,4323.53,4332.13,4278.4,4285.83
2026.06.17 22:00,4285.58,4294.96,4260.34,4264.47
2026.06.17 22:15,4264.47,4265.11,4226.21,4226.86
2026.06.17 22:30,4226.82,4235.56,4218.82,4230.46
2026.06.17 22:45,4230.51,4246.75,4229.45,4235.59
2026.06.17 23:00,4235.51,4259.84,4234.82,4257.31
2026.06.17 23:15,4257.33,4269.56,4253.93,4258.08
2026.06.17 23:30,4258.11,4265.21,4258.06,4259.88
2026.06.17 23:45,4260.01,4262.19,4255.94,4257.56
2026.06.18 01:00,4256.6,4267.8,4254.19,4265.53
2026.06.18 01:15,4265.73,4271.07,4264.56,4266.73
2026.06.18 01:30,4266.76,4268.65,4263.41,4263.79
2026.06.18 01:45,4263.83,4270.71,4260.23,4266.61
2026.06.18 02:00,4266.57,4282.16,4264.0,4281.69
2026.06.18 02:15,4281.73,4283.71,4275.34,4279.87
2026.06.18 02:30,4279.8,4282.55,4267.7,4276.0
2026.06.18 02:45,4276.01,4279.26,4272.18,4277.82
2026.06.18 03:00,4278.0,4299.03,4276.26,4297.22
2026.06.18 03:15,4297.32,4301.16,4294.48,4300.38
2026.06.18 03:30,4300.21,4311.39,4299.59,4310.74
2026.06.18 03:45,4310.65,4315.17,4308.01,4308.25
2026.06.18 04:00,4308.27,4328.34,4306.74,4322.83
2026.06.18 04:15,4322.85,4323.45,4315.08,4318.94
2026.06.18 04:30,4318.95,4324.94,4316.85,4322.36
2026.06.18 04:45,4322.33,4325.89,4317.08,4317.67
2026.06.18 05:00,4317.88,4329.62,4316.18,4326.87
2026.06.18 05:15,4326.85,4329.47,4323.19,4324.24
2026.06.18 05:30,4324.23,4325.25,4316.01,4316.32
2026.06.18 05:45,4316.41,4318.78,4310.24,4310.73
2026.06.18 06:00,4310.71,4316.24,4308.82,4311.51
2026.06.18 06:15,4311.52,4316.69,4310.54,4314.51
2026.06.18 06:30,4314.61,4322.53,4313.54,4318.7
2026.06.18 06:45,4318.71,4320.57,4316.53,4319.51
2026.06.18 07:00,4319.52,4323.82,4314.5,4317.19
2026.06.18 07:15,4317.2,4318.88,4311.48,4313.43
2026.06.18 07:30,4313.22,4318.13,4309.73,4309.87
2026.06.18 07:45,4309.88,4317.15,4309.59,4315.73
2026.06.18 08:00,4315.57,4318.12,4312.14,4315.79
2026.06.18 08:15,4315.74,4323.07,4315.4,4322.98
2026.06.18 08:30,4322.88,4324.4,4309.43,4310.37
2026.06.18 08:45,4310.36,4311.56,4301.15,4307.95
2026.06.18 09:00,4307.92,4309.85,4296.07,4298.78
2026.06.18 09:15,4298.76,4305.11,4296.34,4304.87
2026.06.18 09:30,4304.71,4305.26,4298.93,4301.29
2026.06.18 09:45,4301.2,4307.38,4301.01,4306.3
2026.06.18 10:00,4306.07,4308.94,4300.13,4306.94
2026.06.18 10:15,4306.92,4309.23,4303.8,4307.5
2026.06.18 10:30,4307.51,4307.51,4293.07,4297.52
2026.06.18 10:45,4297.63,4298.67,4287.32,4288.47
2026.06.18 11:00,4288.46,4292.69,4283.9,4286.91
2026.06.18 11:15,4286.87,4289.86,4283.73,4284.72
2026.06.18 11:30,4284.56,4289.56,4280.95,4281.41
2026.06.18 11:45,4281.56,4281.56,4265.43,4266.57
2026.06.18 12:00,4266.76,4269.18,4259.43,4267.51
2026.06.18 12:15,4267.41,4273.02,4265.3,4266.09
2026.06.18 12:30,4266.16,4268.69,4263.3,4268.32
2026.06.18 12:45,4268.35,4273.1,4267.04,4268.32
2026.06.18 13:00,4268.24,4269.83,4261.7,4267.87
2026.06.18 13:15,4267.84,4272.61,4263.48,4269.3
2026.06.18 13:30,4269.31,4270.68,4263.35,4263.99
2026.06.18 13:45,4264.0,4266.33,4254.65,4255.37
2026.06.18 14:00,4255.4,4255.58,4240.43,4247.26
2026.06.18 14:15,4247.14,4249.57,4243.51,4248.87
2026.06.18 14:30,4248.84,4250.03,4241.77,4243.27
2026.06.18 14:45,4243.29,4245.8,4239.68,4241.95
2026.06.18 15:00,4241.95,4257.88,4240.18,4256.14
2026.06.18 15:15,4256.15,4268.92,4254.06,4254.96
2026.06.18 15:30,4254.56,4258.33,4241.09,4242.99
2026.06.18 15:45,4242.98,4247.83,4240.85,4246.46
2026.06.18 16:00,4246.43,4259.16,4244.86,4259.11
2026.06.18 16:15,4259.16,4263.16,4252.58,4263.02
2026.06.18 16:30,4262.92,4276.5,4262.92,4264.2
2026.06.18 16:45,4264.3,4265.24,4250.41,4256.44
2026.06.18 17:00,4256.49,4257.69,4238.56,4241.54
2026.06.18 17:15,4241.18,4255.73,4237.1,4244.18
2026.06.18 17:30,4244.12,4252.0,4240.99,4244.43
2026.06.18 17:45,4244.4,4254.25,4240.16,4252.18
2026.06.18 18:00,4252.45,4254.61,4246.21,4246.47
2026.06.18 18:15,4246.65,4249.23,4234.16,4235.58
2026.06.18 18:30,4235.52,4236.48,4223.86,4231.64
2026.06.18 18:45,4231.53,4231.66,4222.91,4226.53
2026.06.18 19:00,4226.54,4233.13,4225.64,4227.27
2026.06.18 19:15,4227.34,4228.45,4221.73,4224.83
2026.06.18 19:30,4225.06,4229.21,4214.94,4221.75
2026.06.18 19:45,4221.78,4222.09,4213.8,4219.24
2026.06.18 20:00,4219.32,4228.39,4218.37,4227.83
2026.06.18 20:15,4227.74,4231.43,4225.57,4225.89
2026.06.18 20:30,4226.02,4230.14,4222.25,4229.64
2026.06.18 20:45,4229.66,4232.93,4227.21,4230.15
2026.06.18 21:00,4230.21,4232.99,4227.27,4228.19
2026.06.18 21:15,4228.21,4229.7,4225.33,4226.16
2026.06.18 21:30,4226.24,4226.24,4220.32,4224.65
2026.06.18 21:45,4224.64,4225.21,4218.07,4218.26
2026.06.18 22:00,4218.3,4218.85,4203.76,4207.28
2026.06.18 22:15,4207.3,4208.5,4201.87,4204.97
2026.06.18 22:30,4204.91,4214.48,4201.28,4213.86
2026.06.18 22:45,4213.88,4218.38,4213.14,4216.74
2026.06.18 23:00,4216.79,4217.91,4214.75,4216.98
2026.06.18 23:15,4216.97,4219.4,4214.82,4218.83
2026.06.18 23:30,4218.81,4218.81,4212.73,4212.76
2026.06.18 23:45,4212.74,4213.26,4207.69,4208.84
2026.06.19 01:00,4210.95,4213.05,4203.09,4207.78
2026.06.19 01:15,4207.79,4209.85,4202.47,4203.91
2026.06.19 01:30,4203.54,4205.53,4202.9,4204.84
2026.06.19 01:45,4204.85,4210.38,4204.03,4207.25
2026.06.19 02:00,4207.24,4208.19,4193.96,4195.64
2026.06.19 02:15,4195.7,4199.3,4193.62,4197.18
2026.06.19 02:30,4197.19,4199.02,4193.69,4194.13
2026.06.19 02:45,4194.11,4194.17,4186.67,4188.22
2026.06.19 03:00,4188.12,4197.93,4184.24,4185.31
2026.06.19 03:15,4185.36,4188.65,4184.01,4184.98
2026.06.19 03:30,4185.01,4191.2,4184.3,4188.35
2026.06.19 03:45,4188.27,4192.08,4187.39,4190.16
2026.06.19 04:00,4190.23,4194.37,4184.16,4186.34
2026.06.19 04:15,4186.3,4191.47,4183.85,4190.62
2026.06.19 04:30,4190.75,4190.76,4184.32,4185.54
2026.06.19 04:45,4185.42,4187.15,4183.94,4184.74
2026.06.19 05:00,4184.73,4186.08,4178.34,4179.57
2026.06.19 05:15,4179.59,4179.88,4174.86,4179.3
2026.06.19 05:30,4179.28,4183.49,4176.88,4179.72
2026.06.19 05:45,4179.77,4180.54,4171.68,4176.18
2026.06.19 06:00,4176.12,4177.11,4165.86,4165.9
2026.06.19 06:15,4165.96,4170.61,4164.99,4167.2
2026.06.19 06:30,4167.39,4167.61,4157.75,4162.07
2026.06.19 06:45,4162.17,4162.23,4146.28,4153.23
2026.06.19 07:00,4153.2,4154.89,4142.98,4145.37
2026.06.19 07:15,4145.35,4149.69,4141.29,4146.37
2026.06.19 07:30,4146.4,4147.25,4133.24,4135.21
2026.06.19 07:45,4135.17,4136.57,4124.98,4125.62
2026.06.19 08:00,4125.51,4131.31,4121.48,4130.21
2026.06.19 08:15,4130.23,4134.39,4125.54,4133.45
2026.06.19 08:30,4133.43,4139.18,4130.36,4134.81
2026.06.19 08:45,4134.8,4141.36,4132.69,4139.41
2026.06.19 09:00,4139.38,4147.84,4133.47,4146.99
2026.06.19 09:15,4146.96,4147.19,4139.02,4141.63
2026.06.19 09:30,4141.79,4145.11,4132.65,4135.89
2026.06.19 09:45,4135.88,4150.27,4134.4,4147.47
2026.06.19 10:00,4147.45,4159.43,4147.45,4156.94
2026.06.19 10:15,4156.97,4159.92,4151.92,4152.32
2026.06.19 10:30,4152.34,4157.33,4150.98,4153.88
2026.06.19 10:45,4154.38,4163.06,4151.38,4157.84
2026.06.19 11:00,4157.94,4167.03,4155.14,4165.48
2026.06.19 11:15,4165.4,4177.58,4165.07,4175.76
2026.06.19 11:30,4176.2,4178.41,4166.66,4168.83
2026.06.19 11:45,4168.77,4169.33,4164.4,4168.92
2026.06.19 12:00,4168.91,4170.79,4163.38,4163.79
2026.06.19 12:15,4163.8,4168.06,4161.82,4162.49
2026.06.19 12:30,4162.56,4165.91,4162.3,4162.38
2026.06.19 12:45,4162.52,4167.11,4160.76,4162.61
2026.06.19 13:00,4162.66,4162.88,4152.75,4155.19
2026.06.19 13:15,4155.1,4158.04,4152.49,4153.61
2026.06.19 13:30,4153.59,4155.06,4150.05,4151.03
2026.06.19 13:45,4150.97,4154.43,4147.88,4149.56
2026.06.19 14:00,4149.49,4149.98,4142.43,4146.62
2026.06.19 14:15,4146.63,4148.77,4143.1,4144.01
2026.06.19 14:30,4143.99,4150.31,4141.71,4149.76
2026.06.19 14:45,4149.75,4154.79,4148.47,4152.39
2026.06.19 15:00,4152.41,4160.14,4152.14,4155.55
2026.06.19 15:15,4155.68,4155.95,4151.05,4151.59
2026.06.19 15:30,4151.58,4154.49,4148.24,4152.11
2026.06.19 15:45,4152.16,4179.7,4147.04,4178.87
2026.06.19 16:00,4178.9,4182.72,4164.34,4169.7
2026.06.19 16:15,4169.72,4172.03,4161.79,4163.84
2026.06.19 16:30,4163.83,4167.89,4157.64,4158.4
2026.06.19 16:45,4158.38,4160.77,4150.34,4151.25
2026.06.19 17:00,4151.11,4154.41,4147.57,4149.11
2026.06.19 17:15,4149.1,4150.01,4143.54,4149.01
2026.06.19 17:30,4148.96,4150.43,4143.11,4144.27
2026.06.19 17:45,4144.35,4151.09,4142.44,4149.07
2026.06.19 18:00,4149.09,4153.14,4147.84,4151.11
2026.06.19 18:15,4151.18,4153.83,4149.58,4151.14
2026.06.19 18:30,4151.23,4152.83,4147.39,4147.84
2026.06.19 18:45,4147.85,4153.38,4147.85,4150.85
2026.06.19 19:00,4150.92,4150.97,4144.38,4145.12
2026.06.19 19:15,4145.14,4148.69,4144.14,4146.88
2026.06.19 19:30,4146.92,4153.35,4146.87,4151.55
2026.06.19 19:45,4151.62,4157.71,4151.07,4151.32
2026.06.22 01:00,4140.48,4158.42,4137.9,4150.27
2026.06.22 01:15,4150.27,4154.09,4147.35,4151.73
2026.06.22 01:30,4151.78,4154.96,4149.92,4153.65
2026.06.22 01:45,4153.6,4156.7,4152.21,4156.2
2026.06.22 02:00,4156.1,4164.49,4155.14,4158.34
2026.06.22 02:15,4158.32,4158.96,4153.71,4156.65
2026.06.22 02:30,4156.66,4156.7,4141.77,4145.47
2026.06.22 02:45,4145.42,4146.89,4136.34,4140.11
2026.06.22 03:00,4140.17,4162.43,4139.82,4160.83
2026.06.22 03:15,4160.79,4170.41,4160.71,4166.94
2026.06.22 03:30,4167.4,4176.2,4165.55,4175.41
2026.06.22 03:45,4175.85,4200.84,4175.32,4200.65
2026.06.22 04:00,4200.83,4220.95,4200.81,4211.5
2026.06.22 04:15,4211.47,4214.63,4204.92,4207.19
2026.06.22 04:30,4207.09,4207.18,4194.7,4200.75
2026.06.22 04:45,4200.73,4201.72,4189.44,4190.72
2026.06.22 05:00,4190.73,4194.79,4183.46,4184.07
2026.06.22 05:15,4184.12,4189.99,4183.35,4188.67
2026.06.22 05:30,4188.67,4200.1,4186.85,4191.58
2026.06.22 05:45,4191.52,4192.13,4187.32,4188.42
2026.06.22 06:00,4188.4,4189.9,4178.18,4178.18
2026.06.22 06:15,4178.24,4180.84,4173.45,4179.8
2026.06.22 06:30,4179.81,4180.48,4174.91,4175.42
2026.06.22 06:45,4175.46,4178.66,4170.55,4171.22
2026.06.22 07:00,4171.43,4178.2,4170.47,4176.11
2026.06.22 07:15,4176.16,4178.73,4174.13,4176.19
2026.06.22 07:30,4176.21,4178.75,4174.46,4176.54
2026.06.22 07:45,4176.55,4182.07,4175.97,4181.59
2026.06.22 08:00,4181.6,4186.24,4179.21,4185.2
2026.06.22 08:15,4185.16,4194.01,4184.31,4193.76
2026.06.22 08:30,4193.77,4198.41,4189.2,4192.94
2026.06.22 08:45,4192.98,4196.79,4190.06,4193.64
2026.06.22 09:00,4193.61,4198.2,4191.08,4194.39
2026.06.22 09:15,4194.27,4200.67,4193.61,4196.43
2026.06.22 09:30,4196.31,4202.37,4194.69,4201.98
2026.06.22 09:45,4202.21,4207.14,4197.02,4197.47
2026.06.22 10:00,4197.48,4201.11,4197.1,4199.22
2026.06.22 10:15,4199.19,4201.63,4196.86,4197.48
2026.06.22 10:30,4197.52,4199.6,4192.26,4194.31
2026.06.22 10:45,4194.32,4195.9,4188.68,4190.28
2026.06.22 11:00,4190.2,4194.54,4188.47,4189.83
2026.06.22 11:15,4189.77,4195.17,4189.0,4191.52
2026.06.22 11:30,4191.66,4194.1,4188.97,4193.4
2026.06.22 11:45,4193.4,4197.52,4192.07,4197.24
2026.06.22 12:00,4197.12,4209.29,4195.84,4205.07
2026.06.22 12:15,4205.13,4208.99,4202.87,4203.83
2026.06.22 12:30,4203.87,4210.03,4201.21,4206.63
2026.06.22 12:45,4206.78,4209.82,4204.16,4207.99
2026.06.22 13:00,4207.96,4213.95,4207.69,4212.68
2026.06.22 13:15,4212.72,4214.0,4208.03,4209.87
2026.06.22 13:30,4209.84,4211.5,4208.06,4208.41
2026.06.22 13:45,4208.4,4209.29,4203.49,4204.53
2026.06.22 14:00,4204.54,4215.01,4204.42,4207.81
2026.06.22 14:15,4207.75,4209.52,4203.19,4203.82
2026.06.22 14:30,4203.78,4207.96,4201.95,4206.44
2026.06.22 14:45,4206.48,4207.47,4201.29,4207.25
2026.06.22 15:00,4207.29,4210.92,4205.11,4207.18
2026.06.22 15:15,4207.09,4211.58,4205.98,4208.32
2026.06.22 15:30,4208.12,4208.65,4200.76,4203.7
2026.06.22 15:45,4203.7,4204.7,4192.08,4193.2
2026.06.22 16:00,4193.27,4196.82,4188.55,4194.15
2026.06.22 16:15,4194.12,4196.83,4185.14,4186.79
2026.06.22 16:30,4186.75,4194.37,4182.75,4190.83
2026.06.22 16:45,4190.81,4205.56,4187.35,4199.67
2026.06.22 17:00,4199.95,4210.57,4193.67,4205.07
2026.06.22 17:15,4205.05,4206.03,4190.91,4191.75
2026.06.22 17:30,4191.53,4197.42,4186.37,4192.77
2026.06.22 17:45,4192.83,4205.99,4192.77,4198.09
2026.06.22 18:00,4198.15,4201.12,4194.63,4197.63
2026.06.22 18:15,4197.64,4197.77,4188.02,4188.86
2026.06.22 18:30,4188.82,4190.18,4180.19,4180.75
2026.06.22 18:45,4180.73,4184.95,4169.58,4182.74
2026.06.22 19:00,4182.86,4184.68,4174.24,4177.43
2026.06.22 19:15,4177.09,4182.71,4176.04,4182.54
2026.06.22 19:30,4182.53,4186.08,4181.09,4181.67
2026.06.22 19:45,4181.68,4192.8,4180.64,4189.69
2026.06.22 20:00,4189.75,4191.03,4185.83,4186.55
2026.06.22 20:15,4186.57,4191.44,4183.14,4183.92
2026.06.22 20:30,4183.91,4184.73,4176.94,4181.35
2026.06.22 20:45,4181.39,4183.55,4179.88,4182.96
2026.06.22 21:00,4182.95,4186.06,4182.31,4183.78
2026.06.22 21:15,4183.77,4189.6,4183.77,4187.91
2026.06.22 21:30,4187.94,4189.86,4185.93,4189.68
2026.06.22 21:45,4189.75,4192.65,4189.46,4191.12
2026.06.22 22:00,4191.31,4193.27,4190.78,4191.21
2026.06.22 22:15,4191.18,4191.86,4187.18,4187.23
2026.06.22 22:30,4187.28,4190.12,4184.11,4184.33
2026.06.22 22:45,4184.34,4191.53,4183.97,4190.48
2026.06.22 23:00,4190.51,4193.49,4189.82,4190.73
2026.06.22 23:15,4190.72,4191.42,4188.52,4190.24
2026.06.22 23:30,4190.22,4193.49,4189.36,4192.61
2026.06.22 23:45,4192.6,4193.16,4190.66,4191.16
2026.06.23 01:00,4192.23,4194.24,4191.15,4192.31
2026.06.23 01:15,4192.34,4193.1,4190.93,4192.73
2026.06.23 01:30,4192.74,4194.4,4189.15,4189.78
2026.06.23 01:45,4189.76,4190.49,4188.25,4189.79
2026.06.23 02:00,4189.77,4192.85,4189.34,4190.76
2026.06.23 02:15,4190.77,4191.76,4190.11,4190.79
2026.06.23 02:30,4190.76,4195.13,4190.57,4194.75
2026.06.23 02:45,4194.73,4194.74,4186.5,4187.33
2026.06.23 03:00,4187.27,4192.09,4178.2,4178.65
2026.06.23 03:15,4178.6,4185.6,4178.6,4183.6
2026.06.23 03:30,4183.7,4193.34,4181.97,4192.5
2026.06.23 03:45,4192.49,4194.58,4189.89,4193.17
2026.06.23 04:00,4193.13,4198.22,4184.85,4185.12
2026.06.23 04:15,4185.11,4185.65,4170.64,4178.09
2026.06.23 04:30,4178.1,4178.59,4153.3,4153.97
2026.06.23 04:45,4153.94,4162.78,4149.82,4161.05
2026.06.23 05:00,4161.15,4162.98,4148.76,4153.4
2026.06.23 05:15,4153.44,4163.26,4153.26,4161.73
2026.06.23 05:30,4161.74,4162.22,4152.18,4154.77
2026.06.23 05:45,4154.77,4156.65,4146.47,4146.8
2026.06.23 06:00,4146.76,4149.51,4138.62,4141.88
2026.06.23 06:15,4141.84,4143.9,4130.59,4140.54
2026.06.23 06:30,4140.47,4140.99,4133.39,4138.72
2026.06.23 06:45,4138.58,4144.84,4136.34,4143.9
2026.06.23 07:00,4143.98,4146.76,4141.69,4143.05
2026.06.23 07:15,4143.07,4143.11,4137.09,4139.78
2026.06.23 07:30,4139.63,4140.23,4135.03,4138.53
2026.06.23 07:45,4138.52,4140.07,4114.66,4117.94
2026.06.23 08:00,4118.22,4137.22,4115.21,4129.53
2026.06.23 08:15,4129.24,4130.54,4123.41,4124.95
2026.06.23 08:30,4124.95,4133.23,4116.82,4127.51
2026.06.23 08:45,4127.49,4127.63,4116.75,4120.98
2026.06.23 09:00,4121.17,4126.71,4111.03,4122.46
2026.06.23 09:15,4122.53,4126.7,4114.37,4116.4
2026.06.23 09:30,4116.44,4120.86,4110.67,4113.27
2026.06.23 09:45,4113.25,4120.16,4110.18,4114.25
2026.06.23 10:00,4114.1,4124.64,4109.85,4115.45
2026.06.23 10:15,4115.94,4122.69,4113.48,4117.97
2026.06.23 10:30,4117.64,4119.24,4103.67,4104.72
2026.06.23 10:45,4104.74,4107.99,4096.5,4098.56
2026.06.23 11:00,4098.13,4099.89,4090.74,4093.9
2026.06.23 11:15,4093.86,4099.81,4092.15,4098.05
2026.06.23 11:30,4097.85,4110.74,4096.57,4109.34
2026.06.23 11:45,4109.39,4109.47,4101.62,4105.14
2026.06.23 12:00,4105.16,4113.47,4103.7,4110.9
2026.06.23 12:15,4111.01,4116.86,4108.76,4112.53
2026.06.23 12:30,4112.52,4119.81,4112.09,4117.03
2026.06.23 12:45,4117.22,4122.08,4115.17,4122.06
2026.06.23 13:00,4122.4,4133.12,4122.4,4129.71
2026.06.23 13:15,4129.75,4132.87,4126.55,4130.16
2026.06.23 13:30,4130.08,4132.03,4124.25,4126.39
2026.06.23 13:45,4126.43,4126.61,4119.48,4119.6
2026.06.23 14:00,4119.59,4129.63,4117.26,4128.96
2026.06.23 14:15,4128.93,4131.86,4124.25,4127.08
2026.06.23 14:30,4126.76,4128.61,4118.45,4121.01
2026.06.23 14:45,4121.0,4125.99,4118.17,4123.11
2026.06.23 15:00,4123.09,4127.17,4112.68,4113.83
2026.06.23 15:15,4113.84,4119.87,4111.55,4114.85
2026.06.23 15:30,4114.93,4122.39,4114.05,4117.66
2026.06.23 15:45,4117.67,4121.63,4112.27,4113.1
2026.06.23 16:00,4113.09,4119.2,4107.87,4113.28
2026.06.23 16:15,4113.29,4119.16,4105.19,4115.79
2026.06.23 16:30,4115.89,4128.63,4109.94,4126.2
2026.06.23 16:45,4126.44,4140.25,4124.4,4135.3
2026.06.23 17:00,4135.25,4144.85,4133.05,4137.46
2026.06.23 17:15,4137.52,4142.76,4128.53,4132.45
2026.06.23 17:30,4132.44,4132.94,4122.65,4126.1
2026.06.23 17:45,4125.95,4130.19,4123.55,4129.99
2026.06.23 18:00,4130.24,4135.37,4123.34,4128.04
2026.06.23 18:15,4128.05,4130.44,4123.7,4127.02
2026.06.23 18:30,4127.03,4141.41,4126.44,4138.58
2026.06.23 18:45,4138.68,4139.54,4133.64,4138.45
2026.06.23 19:00,4138.47,4139.75,4133.58,4135.14
2026.06.23 19:15,4135.18,4138.14,4132.8,4136.2
2026.06.23 19:30,4136.2,4143.54,4134.87,4143.14
2026.06.23 19:45,4143.18,4143.7,4131.43,4134.09
2026.06.23 20:00,4134.01,4139.56,4129.9,4138.33
2026.06.23 20:15,4138.31,4138.36,4129.77,4130.89
2026.06.23 20:30,4130.92,4132.19,4127.61,4131.83
2026.06.23 20:45,4131.9,4132.93,4127.66,4127.81
2026.06.23 21:00,4128.02,4130.9,4123.75,4124.13
2026.06.23 21:15,4124.11,4125.39,4120.43,4120.9
2026.06.23 21:30,4120.63,4122.57,4115.86,4115.92
2026.06.23 21:45,4115.94,4117.9,4112.6,4117.56
2026.06.23 22:00,4117.82,4125.81,4116.65,4121.12
2026.06.23 22:15,4121.14,4122.24,4117.31,4121.63
2026.06.23 22:30,4121.8,4124.16,4120.44,4120.84
2026.06.23 22:45,4120.83,4121.05,4111.4,4111.54
2026.06.23 23:00,4111.86,4112.8,4108.55,4109.88
2026.06.23 23:15,4109.89,4111.02,4107.25,4110.58
2026.06.23 23:30,4110.69,4111.55,4108.84,4110.48
2026.06.23 23:45,4110.34,4111.15,4108.57,4109.9
2026.06.24 01:00,4112.31,4114.08,4110.86,4113.62
2026.06.24 01:15,4113.61,4114.88,4104.66,4105.77
2026.06.24 01:30,4105.73,4108.15,4096.8,4104.02
2026.06.24 01:45,4104.04,4108.89,4103.45,4104.05
2026.06.24 02:00,4104.07,4104.21,4094.77,4099.56
2026.06.24 02:15,4099.58,4100.7,4096.99,4097.36
2026.06.24 02:30,4097.44,4098.09,4080.62,4086.14
2026.06.24 02:45,4086.22,4100.22,4085.51,4098.97
2026.06.24 03:00,4099.03,4111.8,4094.45,4107.04
2026.06.24 03:15,4106.96,4109.23,4093.56,4099.58
2026.06.24 03:30,4099.52,4100.2,4093.55,4095.02
2026.06.24 03:45,4094.95,4099.82,4093.98,4097.06
2026.06.24 04:00,4097.09,4097.76,4068.29,4089.5
2026.06.24 04:15,4089.65,4100.8,4083.37,4098.08
2026.06.24 04:30,4097.72,4102.03,4091.71,4092.65
2026.06.24 04:45,4092.6,4092.91,4082.18,4088.87
2026.06.24 05:00,4088.64,4095.72,4079.58,4079.91
2026.06.24 05:15,4079.86,4080.94,4071.12,4073.45
2026.06.24 05:30,4073.36,4076.39,4051.92,4057.06
2026.06.24 05:45,4057.03,4069.34,4054.65,4060.93
2026.06.24 06:00,4060.91,4065.24,4052.55,4057.48
2026.06.24 06:15,4057.49,4058.76,4050.23,4056.42
2026.06.24 06:30,4056.43,4069.54,4055.41,4068.33
2026.06.24 06:45,4068.78,4070.54,4061.8,4062.52
2026.06.24 07:00,4062.73,4063.6,4055.63,4058.67
2026.06.24 07:15,4058.63,4067.05,4054.89,4063.07
2026.06.24 07:30,4063.08,4066.6,4062.46,4063.48
2026.06.24 07:45,4063.43,4066.79,4061.72,4064.35
2026.06.24 08:00,4064.3,4069.83,4060.59,4067.54
2026.06.24 08:15,4067.49,4074.37,4065.4,4073.31
2026.06.24 08:30,4073.37,4085.97,4072.14,4077.04
2026.06.24 08:45,4077.0,4079.92,4071.2,4075.66
2026.06.24 09:00,4075.63,4096.95,4075.63,4095.88
2026.06.24 09:15,4096.08,4097.35,4083.25,4087.4
2026.06.24 09:30,4087.31,4093.82,4084.38,4091.67
2026.06.24 09:45,4091.63,4094.4,4084.31,4086.9
2026.06.24 10:00,4086.85,4090.58,4085.18,4085.99
2026.06.24 10:15,4085.96,4087.61,4083.08,4084.19
2026.06.24 10:30,4084.14,4085.19,4075.88,4082.23
2026.06.24 10:45,4082.25,4085.89,4073.45,4074.59
2026.06.24 11:00,4074.57,4078.03,4072.85,4073.78
2026.06.24 11:15,4073.79,4080.5,4073.05,4080.38
2026.06.24 11:30,4080.21,4087.42,4078.97,4082.95
2026.06.24 11:45,4082.91,4083.26,4075.41,4076.05
2026.06.24 12:00,4076.03,4078.19,4069.72,4076.12
2026.06.24 12:15,4076.09,4078.91,4068.19,4069.11
2026.06.24 12:30,4069.12,4072.04,4065.3,4068.13
2026.06.24 12:45,4068.09,4070.83,4063.96,4064.36
2026.06.24 13:00,4064.32,4066.08,4058.79,4060.9
2026.06.24 13:15,4060.86,4060.86,4054.96,4060.66
2026.06.24 13:30,4060.65,4066.66,4056.5,4064.68
2026.06.24 13:45,4064.73,4065.5,4054.56,4055.44
2026.06.24 14:00,4055.44,4058.38,4044.61,4045.68
2026.06.24 14:15,4045.71,4046.68,4037.46,4044.08
2026.06.24 14:30,4044.09,4051.22,4043.27,4045.8
2026.06.24 14:45,4045.76,4055.99,4039.0,4046.51
2026.06.24 15:00,4046.43,4048.55,4035.11,4038.01
2026.06.24 15:15,4038.03,4041.75,4005.93,4015.05
2026.06.24 15:30,4015.16,4020.64,4007.06,4013.26
2026.06.24 15:45,4013.41,4017.46,3987.43,3987.59
2026.06.24 16:00,3987.88,3995.3,3966.75,3971.4
2026.06.24 16:15,3971.34,3977.03,3964.34,3975.28
2026.06.24 16:30,3975.1,4017.85,3973.94,4015.21
2026.06.24 16:45,4015.23,4041.98,4009.14,4038.17
2026.06.24 17:00,4037.96,4041.04,4018.7,4019.67
2026.06.24 17:15,4019.7,4027.8,4014.13,4023.6
2026.06.24 17:30,4023.66,4034.32,4011.03,4015.66
2026.06.24 17:45,4015.64,4015.64,4002.85,4007.95
2026.06.24 18:00,4007.96,4009.86,3997.15,4001.67
2026.06.24 18:15,4001.62,4014.69,3999.43,4014.69
2026.06.24 18:30,4014.66,4015.17,4001.16,4006.05
2026.06.24 18:45,4005.85,4016.66,3999.86,4002.29
2026.06.24 19:00,4002.24,4006.39,3995.41,4002.53
2026.06.24 19:15,4002.55,4016.83,4001.44,4015.87
2026.06.24 19:30,4015.92,4022.03,4009.33,4011.42
2026.06.24 19:45,4011.45,4012.04,4006.12,4006.5
2026.06.24 20:00,4006.51,4011.1,4004.27,4005.7
2026.06.24 20:15,4005.62,4007.0,3989.81,3990.37
2026.06.24 20:30,3990.44,3990.72,3982.86,3984.27
2026.06.24 20:45,3984.22,3986.76,3972.71,3972.72
2026.06.24 21:00,3972.83,3992.35,3959.02,3988.79
2026.06.24 21:15,3988.87,3992.28,3979.31,3990.03
2026.06.24 21:30,3990.02,3994.06,3981.25,3983.33
2026.06.24 21:45,3983.25,3984.08,3976.78,3981.2
2026.06.24 22:00,3981.21,3984.81,3973.42,3976.14
2026.06.24 22:15,3976.2,3984.2,3973.81,3983.87
2026.06.24 22:30,3983.86,3988.53,3979.29,3982.53
2026.06.24 22:45,3982.54,3990.63,3980.83,3987.79
2026.06.24 23:00,3987.83,4002.69,3984.51,3995.05
2026.06.24 23:15,3995.09,4000.7,3992.07,3999.88
2026.06.24 23:30,3999.86,4001.18,3995.63,3998.64
2026.06.24 23:45,3998.72,4001.02,3996.36,3998.99
2026.06.25 01:00,4004.54,4008.6,4000.56,4001.51
2026.06.25 01:15,4001.49,4002.68,4000.24,4001.88
2026.06.25 01:30,4001.89,4006.47,3999.32,4002.02
2026.06.25 01:45,4002.1,4002.42,3992.7,3996.17
2026.06.25 02:00,3996.22,3998.38,3990.57,3994.83
2026.06.25 02:15,3994.82,4000.41,3994.73,3997.97
2026.06.25 02:30,3997.98,4018.49,3997.86,4014.24
2026.06.25 02:45,4014.23,4017.51,4009.35,4012.27
2026.06.25 03:00,4012.26,4016.26,4003.77,4005.38
2026.06.25 03:15,4005.4,4006.07,3995.18,3996.24
2026.06.25 03:30,3996.07,3996.11,3981.21,3985.28
2026.06.25 03:45,3985.26,4001.05,3978.33,3991.24
2026.06.25 04:00,3991.23,4005.71,3982.27,3986.72
2026.06.25 04:15,3986.76,3999.94,3983.73,3990.48
2026.06.25 04:30,3990.41,3995.69,3976.84,3981.62
2026.06.25 04:45,3981.55,3988.34,3972.2,3976.59
2026.06.25 05:00,3976.58,3981.63,3963.01,3967.68
2026.06.25 05:15,3967.71,3990.94,3967.2,3986.23
2026.06.25 05:30,3986.22,3988.03,3974.51,3978.3
2026.06.25 05:45,3978.29,3984.29,3975.45,3982.69
2026.06.25 06:00,3982.77,3989.04,3966.02,3970.38
2026.06.25 06:15,3970.44,3983.09,3967.45,3976.15
2026.06.25 06:30,3976.13,3976.96,3968.64,3974.97
2026.06.25 06:45,3974.98,4000.93,3974.36,3995.29
2026.06.25 07:00,3995.3,3997.45,3989.19,3989.19
2026.06.25 07:15,3989.18,3997.44,3987.39,3994.34
2026.06.25 07:30,3994.33,3995.72,3983.46,3991.87
2026.06.25 07:45,3991.86,3997.1,3991.1,3995.89
2026.06.25 08:00,3995.88,3999.85,3992.01,3998.1
2026.06.25 08:15,3998.22,3998.84,3988.96,3994.05
2026.06.25 08:30,3993.91,3997.33,3981.55,3983.01
2026.06.25 08:45,3982.98,3991.51,3980.26,3986.27
2026.06.25 09:00,3986.2,3988.99,3979.69,3979.96
2026.06.25 09:15,3979.87,3986.74,3973.89,3984.14
2026.06.25 09:30,3984.1,3984.98,3976.47,3982.03
2026.06.25 09:45,3982.02,3984.1,3975.86,3977.37
2026.06.25 10:00,3977.36,3985.97,3973.32,3979.78
2026.06.25 10:15,3979.85,3989.63,3977.41,3985.02
2026.06.25 10:30,3985.06,3989.23,3973.43,3974.37
2026.06.25 10:45,3974.39,3988.79,3971.2,3987.61
2026.06.25 11:00,3987.6,3995.09,3984.12,3986.75
2026.06.25 11:15,3986.68,4001.15,3986.05,3993.52
2026.06.25 11:30,3993.44,4001.86,3993.44,3999.41
2026.06.25 11:45,3999.45,3999.6,3988.31,3989.03
2026.06.25 12:00,3989.02,3996.35,3989.0,3990.85
2026.06.25 12:15,3990.83,3995.19,3989.14,3993.8
2026.06.25 12:30,3993.81,3997.5,3985.92,3988.2
2026.06.25 12:45,3988.19,3993.22,3987.4,3988.07
2026.06.25 13:00,3988.05,3989.07,3983.45,3984.24
2026.06.25 13:15,3984.25,3989.18,3983.07,3989.01
2026.06.25 13:30,3989.0,3989.21,3984.52,3985.45
2026.06.25 13:45,3985.39,3985.58,3981.08,3984.12
2026.06.25 14:00,3984.1,3985.98,3981.85,3983.14
2026.06.25 14:15,3983.1,3983.1,3975.92,3977.04
2026.06.25 14:30,3977.03,3986.04,3973.53,3984.61
2026.06.25 14:45,3984.61,3987.66,3979.22,3979.83
2026.06.25 15:00,3979.88,3984.48,3979.48,3982.49
2026.06.25 15:15,3982.25,3985.96,3978.81,3984.3
2026.06.25 15:30,3983.8,4011.88,3983.2,4005.39
2026.06.25 15:45,4005.36,4018.87,4003.34,4012.16
2026.06.25 16:00,4012.38,4033.84,4011.92,4030.77
2026.06.25 16:15,4030.72,4031.37,4018.6,4021.94
2026.06.25 16:30,4021.92,4028.41,4010.75,4011.67
2026.06.25 16:45,4011.78,4018.96,4000.79,4002.06
2026.06.25 17:00,4002.08,4021.59,3999.0,4016.4
2026.06.25 17:15,4016.35,4028.22,4012.57,4026.47
2026.06.25 17:30,4026.49,4028.31,4015.9,4019.62
2026.06.25 17:45,4019.63,4020.67,4011.08,4011.79
2026.06.25 18:00,4011.8,4020.32,4004.78,4007.84
2026.06.25 18:15,4007.78,4040.38,4005.69,4026.86
2026.06.25 18:30,4026.8,4030.7,4021.73,4027.59
2026.06.25 18:45,4027.57,4042.46,4026.73,4040.97
2026.06.25 19:00,4041.2,4042.64,4033.53,4036.89
2026.06.25 19:15,4036.91,4043.88,4036.91,4040.17
2026.06.25 19:30,4040.14,4040.58,4030.76,4031.26
2026.06.25 19:45,4031.25,4033.23,4023.63,4028.55
2026.06.25 20:00,4028.56,4032.25,4026.69,4029.32
2026.06.25 20:15,4029.24,4035.76,4027.73,4032.54
2026.06.25 20:30,4032.51,4035.8,4030.77,4034.0
2026.06.25 20:45,4033.98,4036.64,4029.52,4034.56
2026.06.25 21:00,4034.58,4035.17,4025.83,4032.48
2026.06.25 21:15,4032.41,4044.06,4031.94,4043.92
2026.06.25 21:30,4043.96,4043.96,4031.49,4032.61
2026.06.25 21:45,4032.61,4036.1,4029.69,4034.57
2026.06.25 22:00,4034.59,4040.38,4032.42,4040.04
2026.06.25 22:15,4040.04,4043.6,4035.19,4035.83
2026.06.25 22:30,4035.84,4037.68,4031.73,4034.3
2026.06.25 22:45,4034.31,4034.33,4021.67,4026.52
2026.06.25 23:00,4026.57,4034.76,4025.45,4027.94
2026.06.25 23:15,4027.89,4030.6,4026.28,4030.45
2026.06.25 23:30,4030.5,4030.58,4024.7,4026.31
2026.06.25 23:45,4026.23,4026.75,4024.23,4026.47
2026.06.26 01:00,4030.64,4031.41,4021.7,4022.58
2026.06.26 01:15,4022.57,4026.48,4019.57,4024.54
2026.06.26 01:30,4024.41,4036.44,4024.2,4028.4
2026.06.26 01:45,4028.41,4030.2,4021.66,4026.16
2026.06.26 02:00,4026.17,4026.93,4021.32,4023.34
2026.06.26 02:15,4023.35,4030.01,4022.19,4029.47
2026.06.26 02:30,4029.43,4030.15,4020.74,4024.07
2026.06.26 02:45,4024.08,4024.08,4012.3,4014.33
2026.06.26 03:00,4014.25,4019.6,4011.16,4019.4
2026.06.26 03:15,4019.32,4023.27,4012.2,4015.28
2026.06.26 03:30,4015.27,4019.68,4012.13,4018.96
2026.06.26 03:45,4018.91,4024.26,4015.3,4020.06
2026.06.26 04:00,4020.08,4029.26,4014.04,4019.51
2026.06.26 04:15,4019.5,4026.37,4017.47,4022.48
2026.06.26 04:30,4022.5,4025.25,4015.96,4020.36
2026.06.26 04:45,4020.32,4022.74,4014.21,4020.75
2026.06.26 05:00,4020.74,4023.16,4013.29,4015.02
2026.06.26 05:15,4015.01,4016.57,4003.76,4007.21
2026.06.26 05:30,4007.43,4009.13,3990.93,3992.06
2026.06.26 05:45,3992.08,3995.31,3982.83,3990.51
2026.06.26 06:00,3990.52,3999.61,3986.47,3997.44
2026.06.26 06:15,3997.39,3999.78,3992.52,3995.11
2026.06.26 06:30,3995.12,4001.05,3992.85,4000.05
2026.06.26 06:45,4000.04,4006.37,3997.12,4004.04
2026.06.26 07:00,4004.12,4009.31,3998.57,4008.3
2026.06.26 07:15,4008.29,4011.82,4005.79,4007.19
2026.06.26 07:30,4007.18,4008.12,4001.53,4008.02
2026.06.26 07:45,4008.01,4015.2,4006.92,4011.19
2026.06.26 08:00,4011.49,4015.23,4006.22,4015.23
2026.06.26 08:15,4015.25,4019.02,4011.62,4016.45
2026.06.26 08:30,4016.45,4021.44,4010.76,4011.11
2026.06.26 08:45,4011.12,4015.18,4005.44,4007.76
2026.06.26 09:00,4007.85,4011.52,4006.61,4009.29
2026.06.26 09:15,4009.3,4024.82,4008.18,4024.09
2026.06.26 09:30,4024.08,4027.5,4020.82,4025.11
2026.06.26 09:45,4025.1,4032.98,4021.78,4031.87
2026.06.26 10:00,4031.82,4033.63,4026.61,4027.21
2026.06.26 10:15,4027.23,4039.54,4026.8,4037.73
2026.06.26 10:30,4037.7,4038.67,4030.84,4031.26
2026.06.26 10:45,4031.27,4032.05,4027.77,4030.44
2026.06.26 11:00,4030.46,4033.0,4025.63,4030.81
2026.06.26 11:15,4030.86,4035.69,4029.7,4035.37
2026.06.26 11:30,4035.2,4035.94,4032.31,4035.55
2026.06.26 11:45,4035.59,4037.65,4029.56,4030.77
2026.06.26 12:00,4030.78,4041.38,4029.43,4039.19
2026.06.26 12:15,4039.37,4050.48,4034.21,4048.03
2026.06.26 12:30,4048.05,4053.93,4045.04,4047.91
2026.06.26 12:45,4047.88,4053.81,4045.29,4047.01
2026.06.26 13:00,4047.03,4052.01,4044.2,4050.77
2026.06.26 13:15,4050.78,4051.38,4042.08,4047.89
2026.06.26 13:30,4048.01,4054.35,4046.66,4048.33
2026.06.26 13:45,4048.35,4054.93,4047.73,4054.5
2026.06.26 14:00,4054.57,4055.35,4047.04,4047.17
2026.06.26 14:15,4047.17,4053.87,4046.08,4052.5
2026.06.26 14:30,4052.49,4055.48,4045.97,4046.54
2026.06.26 14:45,4046.54,4048.34,4042.51,4045.75
2026.06.26 15:00,4045.79,4050.72,4043.49,4049.0
2026.06.26 15:15,4048.98,4051.36,4041.86,4046.46
2026.06.26 15:30,4046.44,4049.16,4035.62,4040.07
2026.06.26 15:45,4040.06,4061.32,4039.14,4058.84
2026.06.26 16:00,4058.9,4065.8,4043.24,4050.44
2026.06.26 16:15,4050.29,4058.54,4043.17,4056.86
2026.06.26 16:30,4056.79,4062.15,4044.73,4062.08
2026.06.26 16:45,4062.28,4077.8,4058.46,4073.28
2026.06.26 17:00,4073.09,4084.93,4067.58,4082.06
2026.06.26 17:15,4082.05,4092.94,4081.09,4084.17
2026.06.26 17:30,4084.2,4084.92,4076.21,4082.56
2026.06.26 17:45,4082.38,4091.6,4080.31,4080.39
2026.06.26 18:00,4080.37,4083.16,4075.46,4079.46
2026.06.26 18:15,4079.49,4084.36,4077.81,4084.13
2026.06.26 18:30,4084.12,4095.31,4081.58,4094.81
2026.06.26 18:45,4094.84,4095.81,4083.14,4090.31
2026.06.26 19:00,4090.44,4092.71,4088.22,4091.04
2026.06.26 19:15,4091.0,4093.33,4082.86,4086.47
2026.06.26 19:30,4086.52,4092.87,4082.01,4084.36
2026.06.26 19:45,4084.35,4086.59,4082.61,4084.88
2026.06.26 20:00,4084.99,4088.0,4082.27,4083.31
2026.06.26 20:15,4083.3,4084.93,4080.1,4081.34
2026.06.26 20:30,4081.46,4083.18,4073.99,4076.54
2026.06.26 20:45,4076.57,4077.61,4073.41,4074.55
2026.06.26 21:00,4074.56,4078.68,4072.2,4076.69
2026.06.26 21:15,4076.71,4076.83,4071.35,4073.37
2026.06.26 21:30,4073.32,4075.3,4071.62,4072.43
2026.06.26 21:45,4072.37,4072.37,4066.85,4067.15
2026.06.26 22:00,4067.13,4069.85,4064.29,4069.24
2026.06.26 22:15,4069.23,4069.44,4064.37,4066.21
2026.06.26 22:30,4066.23,4070.66,4065.54,4068.5
2026.06.26 22:45,4068.5,4074.48,4066.78,4071.47
2026.06.26 23:00,4071.52,4072.55,4064.46,4067.7
2026.06.26 23:15,4067.73,4072.75,4066.09,4071.84
2026.06.26 23:30,4071.82,4071.86,4066.47,4070.48
2026.06.26 23:45,4070.38,4089.66,4069.79,4088.36
2026.06.29 01:00,4084.0,4085.31,4068.67,4069.41
2026.06.29 01:15,4069.61,4069.81,4052.5,4056.88
2026.06.29 01:30,4056.16,4065.2,4055.89,4063.17
2026.06.29 01:45,4063.28,4069.26,4062.21,4066.16
2026.06.29 02:00,4066.09,4070.35,4065.16,4065.44
2026.06.29 02:15,4065.5,4065.55,4055.25,4056.84
2026.06.29 02:30,4056.85,4062.57,4051.67,4062.46
2026.06.29 02:45,4062.47,4066.02,4061.01,4062.59
2026.06.29 03:00,4062.53,4064.57,4053.45,4058.64
2026.06.29 03:15,4058.51,4061.99,4048.08,4048.09
2026.06.29 03:30,4048.07,4069.77,4048.07,4069.31
2026.06.29 03:45,4069.3,4074.04,4062.86,4069.41
2026.06.29 04:00,4069.48,4074.36,4053.63,4054.53
2026.06.29 04:15,4054.5,4065.88,4054.36,4059.07
2026.06.29 04:30,4059.09,4066.52,4055.54,4063.42
2026.06.29 04:45,4063.43,4063.69,4054.71,4061.19
2026.06.29 05:00,4061.2,4070.31,4059.24,4060.81
2026.06.29 05:15,4060.79,4070.62,4060.22,4068.7
2026.06.29 05:30,4068.75,4071.6,4058.28,4060.32
2026.06.29 05:45,4060.38,4069.27,4058.78,4066.21
2026.06.29 06:00,4066.15,4070.83,4064.88,4068.96
2026.06.29 06:15,4068.97,4075.4,4067.2,4072.24
2026.06.29 06:30,4072.27,4073.31,4065.48,4067.7
2026.06.29 06:45,4067.71,4071.78,4066.0,4068.77
2026.06.29 07:00,4068.74,4068.87,4064.04,4065.48
2026.06.29 07:15,4065.51,4066.45,4062.03,4064.93
2026.06.29 07:30,4064.94,4065.25,4052.68,4056.94
2026.06.29 07:45,4057.35,4057.69,4049.48,4052.09
2026.06.29 08:00,4051.96,4057.24,4047.18,4055.77
2026.06.29 08:15,4055.71,4057.22,4047.8,4049.17
2026.06.29 08:30,4049.09,4051.35,4039.18,4050.37
2026.06.29 08:45,4050.35,4056.75,4047.05,4054.22
2026.06.29 09:00,4054.25,4063.96,4053.4,4059.57
2026.06.29 09:15,4059.61,4062.97,4055.9,4060.75
2026.06.29 09:30,4060.79,4061.77,4054.8,4061.07
2026.06.29 09:45,4061.04,4064.74,4059.72,4062.18
2026.06.29 10:00,4062.2,4062.63,4055.92,4059.05
2026.06.29 10:15,4059.0,4066.23,4057.97,4065.93
2026.06.29 10:30,4065.87,4066.16,4060.89,4062.5
2026.06.29 10:45,4062.52,4068.41,4060.66,4061.48
2026.06.29 11:00,4061.49,4065.75,4060.33,4063.82
2026.06.29 11:15,4063.79,4065.44,4060.41,4061.04
2026.06.29 11:30,4061.07,4066.51,4054.64,4055.53
2026.06.29 11:45,4055.46,4057.16,4043.48,4046.8
2026.06.29 12:00,4046.75,4055.08,4045.04,4049.93
2026.06.29 12:15,4049.83,4053.27,4044.95,4047.15
2026.06.29 12:30,4047.13,4050.47,4040.5,4043.43
2026.06.29 12:45,4043.34,4043.89,4024.34,4031.36
2026.06.29 13:00,4031.35,4039.49,4027.3,4038.22
2026.06.29 13:15,4038.17,4038.42,4032.63,4037.15
2026.06.29 13:30,4037.13,4038.5,4031.6,4034.44
2026.06.29 13:45,4034.45,4038.08,4032.4,4036.59
2026.06.29 14:00,4036.57,4038.38,4032.25,4034.11
2026.06.29 14:15,4034.09,4035.82,4027.23,4031.82
2026.06.29 14:30,4031.79,4038.36,4029.64,4035.11
2026.06.29 14:45,4035.09,4042.12,4034.67,4038.96
2026.06.29 15:00,4038.97,4052.13,4037.66,4047.45
2026.06.29 15:15,4047.48,4049.51,4037.57,4038.22
2026.06.29 15:30,4038.22,4046.98,4037.49,4044.71
2026.06.29 15:45,4044.59,4047.67,4042.28,4043.41
2026.06.29 16:00,4043.56,4051.57,4043.24,4046.99
2026.06.29 16:15,4046.97,4049.58,4037.68,4037.68
2026.06.29 16:30,4037.86,4044.44,4033.86,4038.37
2026.06.29 16:45,4038.32,4040.36,4028.14,4032.11
2026.06.29 17:00,4032.08,4035.34,4007.94,4008.7
2026.06.29 17:15,4008.42,4028.15,3999.93,4024.69
2026.06.29 17:30,4024.59,4028.04,4019.95,4020.88
2026.06.29 17:45,4021.07,4030.24,4017.79,4025.46
2026.06.29 18:00,4025.54,4026.19,4019.11,4021.72
2026.06.29 18:15,4021.74,4027.49,4016.54,4024.1
2026.06.29 18:30,4024.12,4026.34,4017.35,4022.52
2026.06.29 18:45,4022.48,4030.17,4021.99,4026.79
2026.06.29 19:00,4026.8,4028.52,4023.42,4023.48
2026.06.29 19:15,4023.57,4026.37,4021.71,4023.54
2026.06.29 19:30,4023.6,4024.21,4018.53,4021.25
2026.06.29 19:45,4021.24,4028.05,4020.53,4023.69
2026.06.29 20:00,4023.71,4031.95,4023.13,4028.82
2026.06.29 20:15,4028.77,4030.62,4022.24,4023.73
2026.06.29 20:30,4023.73,4024.37,4020.61,4021.74
2026.06.29 20:45,4021.84,4022.45,4019.14,4020.83
2026.06.29 21:00,4020.94,4024.18,4020.26,4023.83
2026.06.29 21:15,4023.86,4025.11,4020.11,4020.9
2026.06.29 21:30,4020.85,4021.41,4019.35,4020.62
2026.06.29 21:45,4020.62,4020.85,4011.81,4013.2
2026.06.29 22:00,4013.19,4014.51,4007.93,4007.93
2026.06.29 22:15,4007.86,4017.08,4005.09,4016.95
2026.06.29 22:30,4016.96,4019.47,4016.15,4017.72
2026.06.29 22:45,4017.76,4018.25,4012.4,4015.62
2026.06.29 23:00,4015.69,4015.92,4012.53,4014.11
2026.06.29 23:15,4014.13,4017.81,4014.11,4017.58
2026.06.29 23:30,4017.6,4017.68,4014.36,4015.55
2026.06.29 23:45,4015.52,4017.08,4014.4,4016.39
2026.06.30 01:00,4018.21,4021.86,4016.72,4018.45
2026.06.30 01:15,4018.44,4020.46,4015.21,4015.81
2026.06.30 01:30,4015.78,4015.78,4010.28,4010.3
2026.06.30 01:45,4010.26,4016.88,4009.51,4013.93
2026.06.30 02:00,4014.35,4021.27,4013.9,4020.6
2026.06.30 02:15,4020.62,4022.27,4015.67,4016.49
2026.06.30 02:30,4016.48,4021.52,4013.18,4015.01
2026.06.30 02:45,4014.99,4017.79,4013.16,4014.74
2026.06.30 03:00,4014.73,4015.04,4003.15,4010.07
2026.06.30 03:15,4010.12,4011.49,4003.81,4006.1
2026.06.30 03:30,4006.08,4006.57,3990.82,3991.66
2026.06.30 03:45,3991.6,3993.87,3979.35,3986.88
2026.06.30 04:00,3986.93,3986.93,3942.15,3957.77
2026.06.30 04:15,3957.84,3980.65,3949.83,3978.81
2026.06.30 04:30,3978.82,3979.36,3966.18,3968.76
2026.06.30 04:45,3968.72,3973.29,3961.26,3969.21
2026.06.30 05:00,3969.2,3973.18,3952.19,3957.23
2026.06.30 05:15,3957.21,3965.27,3955.74,3961.73
2026.06.30 05:30,3961.71,3964.02,3954.07,3959.44
2026.06.30 05:45,3959.42,3970.41,3959.04,3962.67
2026.06.30 06:00,3962.66,3969.51,3962.3,3966.1
2026.06.30 06:15,3966.1,3970.91,3962.87,3965.4
2026.06.30 06:30,3965.37,3966.79,3959.85,3963.06
2026.06.30 06:45,3962.99,3971.07,3962.96,3969.68
2026.06.30 07:00,3969.64,3974.88,3967.93,3972.38
2026.06.30 07:15,3972.38,3983.24,3971.8,3982.46
2026.06.30 07:30,3982.3,3997.87,3982.13,3988.36
2026.06.30 07:45,3988.42,3991.16,3983.34,3985.33
2026.06.30 08:00,3985.32,3990.58,3983.69,3984.63
2026.06.30 08:15,3984.62,3987.46,3979.41,3982.64
2026.06.30 08:30,3982.62,3984.83,3974.99,3979.24
2026.06.30 08:45,3979.17,3981.63,3976.12,3977.8
2026.06.30 09:00,3977.78,3989.29,3977.78,3987.57
2026.06.30 09:15,3987.58,4013.1,3983.88,4011.81
2026.06.30 09:30,4011.79,4033.88,4010.77,4024.59
2026.06.30 09:45,4024.58,4033.15,4023.81,4029.53
2026.06.30 10:00,4029.38,4029.95,4023.73,4025.58
2026.06.30 10:15,4025.6,4034.58,4025.16,4028.39
2026.06.30 10:30,4028.59,4031.77,4025.99,4028.6
2026.06.30 10:45,4028.57,4032.89,4025.38,4032.03
2026.06.30 11:00,4031.97,4037.48,4021.88,4024.17
2026.06.30 11:15,4024.16,4026.19,4020.06,4025.8
2026.06.30 11:30,4025.79,4026.66,4015.35,4017.74
2026.06.30 11:45,4017.75,4019.35,4013.42,4015.4
2026.06.30 12:00,4015.19,4021.52,4014.48,4018.21
2026.06.30 12:15,4018.21,4022.74,4016.0,4017.24
2026.06.30 12:30,4017.25,4018.6,4012.28,4018.45
2026.06.30 12:45,4018.78,4023.71,4018.09,4023.71
2026.06.30 13:00,4023.82,4026.41,4021.36,4025.56
2026.06.30 13:15,4025.62,4028.54,4023.63,4028.38
2026.06.30 13:30,4028.37,4029.82,4025.05,4027.93
2026.06.30 13:45,4027.97,4031.12,4026.18,4029.69
2026.06.30 14:00,4029.65,4033.55,4025.23,4033.32
2026.06.30 14:15,4033.31,4034.04,4029.71,4031.69
2026.06.30 14:30,4031.69,4034.99,4028.26,4034.4
2026.06.30 14:45,4034.45,4037.18,4030.01,4033.74
2026.06.30 15:00,4033.88,4034.24,4025.89,4026.5
2026.06.30 15:15,4026.49,4028.5,4014.67,4016.64
2026.06.30 15:30,4016.63,4021.76,4012.54,4018.57
2026.06.30 15:45,4018.49,4018.49,4008.52,4009.73
2026.06.30 16:00,4009.72,4025.79,4009.19,4023.31
2026.06.30 16:15,4023.39,4033.15,4018.83,4023.48
2026.06.30 16:30,4023.61,4027.38,4012.98,4024.95
2026.06.30 16:45,4024.8,4032.67,4021.9,4029.01
2026.06.30 17:00,4029.42,4048.44,4025.19,4043.43
2026.06.30 17:15,4043.31,4063.16,4042.86,4053.86
2026.06.30 17:30,4053.94,4058.49,4044.62,4050.92
2026.06.30 17:45,4051.01,4051.01,4037.23,4037.23
2026.06.30 18:00,4037.25,4039.28,4032.15,4035.84
2026.06.30 18:15,4035.42,4035.68,4022.07,4028.36
2026.06.30 18:30,4028.45,4031.16,4026.72,4029.33
2026.06.30 18:45,4029.3,4034.67,4028.75,4029.24
2026.06.30 19:00,4029.25,4030.18,4025.75,4029.69
2026.06.30 19:15,4029.72,4031.28,4027.65,4029.42
2026.06.30 19:30,4029.4,4032.04,4027.15,4031.25
2026.06.30 19:45,4031.24,4033.7,4025.71,4025.97
2026.06.30 20:00,4025.91,4027.78,4020.6,4023.02
2026.06.30 20:15,4023.07,4027.9,4021.39,4025.31
2026.06.30 20:30,4025.3,4029.62,4025.3,4029.31
2026.06.30 20:45,4029.31,4032.06,4028.89,4030.61
2026.06.30 21:00,4030.62,4033.61,4030.62,4032.23
2026.06.30 21:15,4032.25,4032.79,4030.3,4031.17
2026.06.30 21:30,4031.2,4031.36,4028.08,4030.65
2026.06.30 21:45,4030.63,4032.37,4028.31,4028.4
2026.06.30 22:00,4028.39,4029.31,4023.36,4023.89
2026.06.30 22:15,4023.87,4024.93,4020.95,4020.96
2026.06.30 22:30,4020.99,4023.05,4020.56,4021.9
2026.06.30 22:45,4021.91,4022.5,4014.61,4015.99
2026.06.30 23:00,4015.66,4020.54,4013.74,4019.75
2026.06.30 23:15,4019.76,4020.9,4012.37,4012.86
2026.06.30 23:30,4012.81,4013.53,4010.08,4010.89
2026.06.30 23:45,4010.92,4011.47,4006.28,4007.3
2026.07.01 01:00,4011.16,4017.34,4010.24,4014.45
2026.07.01 01:15,4014.48,4016.3,4011.97,4013.6
2026.07.01 01:30,4013.58,4017.75,4012.99,4014.04
2026.07.01 01:45,4013.98,4016.13,4010.86,4012.95
2026.07.01 02:00,4012.96,4018.23,4010.82,4013.91
2026.07.01 02:15,4013.91,4015.19,4007.88,4010.86
2026.07.01 02:30,4010.87,4012.4,4008.57,4009.13
2026.07.01 02:45,4009.11,4009.97,4005.19,4005.54
2026.07.01 03:00,4005.57,4009.67,4005.38,4008.28
2026.07.01 03:15,4008.29,4009.02,4001.21,4001.72
2026.07.01 03:30,4001.78,4005.58,3995.97,3996.18
2026.07.01 03:45,3996.14,3999.31,3992.94,3996.52
2026.07.01 04:00,3996.55,3999.6,3978.85,3984.21
2026.07.01 04:15,3984.36,3985.84,3975.49,3985.55
2026.07.01 04:30,3985.58,3988.44,3974.79,3978.61
2026.07.01 04:45,3978.77,3981.78,3973.72,3977.59
2026.07.01 05:00,3977.58,3979.7,3969.95,3976.27
2026.07.01 05:15,3976.25,3981.99,3975.54,3980.57
2026.07.01 05:30,3980.56,3985.95,3978.49,3982.73
2026.07.01 05:45,3982.93,3985.18,3978.26,3979.04
2026.07.01 06:00,3978.99,3985.42,3978.31,3983.27
2026.07.01 06:15,3983.24,3986.77,3980.0,3981.19
2026.07.01 06:30,3981.17,3982.04,3976.53,3977.28
2026.07.01 06:45,3977.33,3980.37,3976.47,3980.29
2026.07.01 07:00,3980.25,3980.87,3973.93,3976.13
2026.07.01 07:15,3976.14,3977.85,3974.15,3977.44
2026.07.01 07:30,3977.25,3980.58,3972.28,3974.42
2026.07.01 07:45,3974.4,3982.6,3974.15,3976.4
2026.07.01 08:00,3976.38,3976.9,3969.68,3971.71
2026.07.01 08:15,3971.73,3975.0,3969.92,3972.59
2026.07.01 08:30,3972.58,3978.75,3970.15,3974.44
2026.07.01 08:45,3974.45,3978.72,3973.35,3973.83
2026.07.01 09:00,3973.81,3977.37,3963.28,3964.99
2026.07.01 09:15,3964.98,3969.57,3962.97,3967.25
2026.07.01 09:30,3967.3,3973.32,3963.19,3971.55
2026.07.01 09:45,3971.56,3973.32,3968.88,3971.65
2026.07.01 10:00,3971.46,3973.61,3960.07,3961.34
2026.07.01 10:15,3961.31,3971.96,3960.02,3964.15
2026.07.01 10:30,3964.14,3971.14,3960.65,3970.89
2026.07.01 10:45,3970.8,3978.29,3968.84,3975.91
2026.07.01 11:00,3975.59,3976.13,3969.29,3974.08
2026.07.01 11:15,3974.07,3984.22,3973.98,3978.65
2026.07.01 11:30,3978.63,3979.5,3972.2,3976.8
2026.07.01 11:45,3976.81,3977.25,3971.09,3974.25
2026.07.01 12:00,3974.25,3977.41,3972.59,3975.65
2026.07.01 12:15,3975.55,3980.21,3975.37,3978.56
2026.07.01 12:30,3978.42,3982.39,3977.45,3981.48
2026.07.01 12:45,3981.53,3985.81,3981.53,3984.29
2026.07.01 13:00,3984.28,3989.35,3982.81,3984.11
2026.07.01 13:15,3984.31,3987.24,3981.27,3986.95
2026.07.01 13:30,3986.94,3994.2,3986.31,3987.11
2026.07.01 13:45,3987.17,3998.55,3986.82,3998.2
2026.07.01 14:00,3998.2,4019.23,3997.76,4015.77
2026.07.01 14:15,4015.74,4028.01,4014.96,4026.62
2026.07.01 14:30,4026.48,4031.67,4022.98,4029.14
2026.07.01 14:45,4029.08,4035.28,4028.57,4030.28
2026.07.01 15:00,4030.3,4033.84,4019.49,4021.12
2026.07.01 15:15,4021.25,4030.28,4021.25,4025.67
2026.07.01 15:30,4025.53,4032.96,4023.48,4025.98
2026.07.01 15:45,4026.27,4028.79,4022.45,4022.63
2026.07.01 16:00,4022.58,4024.87,4012.59,4021.24
2026.07.01 16:15,4021.2,4047.15,4021.2,4046.87
2026.07.01 16:30,4046.73,4100.22,4041.39,4098.23
2026.07.01 16:45,4098.1,4107.92,4084.72,4089.31
2026.07.01 17:00,4089.27,4101.43,4082.88,4092.77
2026.07.01 17:15,4092.8,4106.69,4089.27,4100.45
2026.07.01 17:30,4100.41,4115.43,4091.83,4092.79
2026.07.01 17:45,4092.67,4094.92,4086.2,4093.25
2026.07.01 18:00,4093.21,4094.43,4081.76,4085.05
2026.07.01 18:15,4085.01,4091.9,4078.37,4083.67
2026.07.01 18:30,4083.56,4083.85,4076.64,4082.3
2026.07.01 18:45,4082.29,4087.99,4079.32,4081.0
2026.07.01 19:00,4081.01,4088.32,4081.01,4082.33
2026.07.01 19:15,4082.29,4084.9,4080.39,4081.21
2026.07.01 19:30,4081.19,4083.22,4072.65,4074.24
2026.07.01 19:45,4074.39,4076.13,4070.35,4071.1
2026.07.01 20:00,4071.01,4073.51,4067.69,4071.15
2026.07.01 20:15,4071.2,4071.97,4067.68,4067.9
2026.07.01 20:30,4067.98,4073.13,4067.84,4070.78
2026.07.01 20:45,4070.78,4072.31,4067.2,4068.08
2026.07.01 21:00,4068.1,4070.63,4067.08,4068.82
2026.07.01 21:15,4068.71,4069.04,4060.91,4061.09
2026.07.01 21:30,4061.12,4065.88,4061.12,4062.89
2026.07.01 21:45,4062.9,4063.03,4057.73,4062.01
2026.07.01 22:00,4062.0,4068.19,4061.64,4065.33
2026.07.01 22:15,4065.32,4066.05,4056.43,4058.7
2026.07.01 22:30,4058.71,4059.58,4052.91,4053.66
2026.07.01 22:45,4053.63,4054.14,4034.27,4038.56
2026.07.01 23:00,4038.53,4039.62,4028.37,4035.35
2026.07.01 23:15,4035.37,4038.99,4034.36,4038.31
2026.07.01 23:30,4038.27,4038.9,4033.17,4033.8
2026.07.01 23:45,4033.87,4035.84,4030.14,4030.9
2026.07.02 01:00,4036.42,4040.78,4032.43,4036.49
2026.07.02 01:15,4036.48,4038.98,4034.74,4038.12
2026.07.02 01:30,4038.05,4040.47,4036.84,4039.82
2026.07.02 01:45,4039.78,4045.01,4039.77,4044.84
2026.07.02 02:00,4044.85,4044.85,4037.32,4037.54
2026.07.02 02:15,4037.56,4039.26,4033.7,4036.98
2026.07.02 02:30,4036.99,4040.3,4034.37,4035.54
2026.07.02 02:45,4035.51,4036.89,4033.2,4034.89
2026.07.02 03:00,4034.93,4045.92,4030.56,4044.58
2026.07.02 03:15,4044.55,4048.37,4039.95,4046.24
2026.07.02 03:30,4046.27,4046.6,4037.9,4039.14
2026.07.02 03:45,4039.15,4052.37,4039.12,4051.76
2026.07.02 04:00,4051.75,4068.33,4050.23,4064.97
2026.07.02 04:15,4064.88,4065.55,4049.95,4053.07
2026.07.02 04:30,4053.06,4055.32,4046.11,4047.57
2026.07.02 04:45,4047.56,4056.25,4045.16,4049.95
2026.07.02 05:00,4049.86,4050.87,4041.11,4048.01
2026.07.02 05:15,4047.91,4054.75,4047.63,4051.31
2026.07.02 05:30,4051.31,4056.83,4047.52,4056.06
2026.07.02 05:45,4055.98,4060.84,4054.23,4056.92
2026.07.02 06:00,4056.95,4059.64,4055.34,4057.36
2026.07.02 06:15,4057.35,4067.09,4057.33,4065.17
2026.07.02 06:30,4065.16,4067.52,4061.72,4065.4
2026.07.02 06:45,4065.38,4073.91,4062.72,4069.81
2026.07.02 07:00,4069.8,4072.85,4068.04,4069.91
2026.07.02 07:15,4069.94,4070.24,4063.94,4065.38
2026.07.02 07:30,4065.42,4066.32,4061.25,4063.13
2026.07.02 07:45,4063.12,4064.9,4060.41,4060.57
2026.07.02 08:00,4060.56,4061.16,4054.22,4055.53
2026.07.02 08:15,4055.45,4061.97,4054.49,4057.3
2026.07.02 08:30,4057.32,4066.04,4053.04,4061.67
2026.07.02 08:45,4061.56,4067.47,4059.79,4065.84
2026.07.02 09:00,4065.96,4075.7,4065.62,4068.18
2026.07.02 09:15,4068.19,4079.67,4066.98,4074.1
2026.07.02 09:30,4074.15,4076.61,4065.89,4067.95
2026.07.02 09:45,4067.97,4076.41,4066.58,4073.05
2026.07.02 10:00,4073.34,4074.02,4066.99,4067.58
2026.07.02 10:15,4067.64,4068.25,4060.64,4062.25
2026.07.02 10:30,4062.25,4075.33,4060.65,4074.34
2026.07.02 10:45,4074.33,4074.82,4063.51,4064.34
2026.07.02 11:00,4064.08,4074.01,4061.15,4069.7
2026.07.02 11:15,4069.69,4077.72,4068.62,4074.89
2026.07.02 11:30,4074.87,4077.71,4071.95,4075.13
2026.07.02 11:45,4075.23,4079.85,4073.05,4075.9
2026.07.02 12:00,4075.91,4076.79,4069.22,4072.08
2026.07.02 12:15,4072.05,4073.54,4065.97,4067.42
2026.07.02 12:30,4067.64,4072.07,4063.73,4069.11
2026.07.02 12:45,4069.14,4072.13,4064.52,4065.1
2026.07.02 13:00,4065.16,4066.46,4062.35,4063.19
2026.07.02 13:15,4063.17,4067.85,4061.88,4065.99
2026.07.02 13:30,4066.08,4068.51,4062.95,4064.5
2026.07.02 13:45,4064.48,4067.87,4061.3,4066.1
2026.07.02 14:00,4066.27,4066.8,4057.3,4063.13
2026.07.02 14:15,4063.17,4067.15,4062.49,4065.35
2026.07.02 14:30,4065.37,4071.53,4063.18,4071.05
2026.07.02 14:45,4071.07,4072.16,4065.04,4065.04
2026.07.02 15:00,4065.06,4073.3,4061.22,4064.02
2026.07.02 15:15,4063.99,4069.57,4061.45,4064.51
2026.07.02 15:30,4065.1,4140.34,4065.1,4132.12
2026.07.02 15:45,4132.27,4133.73,4112.01,4117.4
2026.07.02 16:00,4117.59,4129.62,4115.33,4124.0
2026.07.02 16:15,4124.12,4124.4,4109.39,4112.93
2026.07.02 16:30,4112.72,4138.19,4109.89,4134.59
2026.07.02 16:45,4134.76,4143.84,4132.3,4136.77
2026.07.02 17:00,4136.79,4138.2,4123.58,4128.39
2026.07.02 17:15,4128.37,4136.07,4113.88,4116.21
2026.07.02 17:30,4116.22,4125.28,4114.44,4118.52
2026.07.02 17:45,4118.73,4129.61,4115.56,4128.42
2026.07.02 18:00,4128.43,4131.17,4114.55,4126.39
2026.07.02 18:15,4126.4,4131.06,4120.46,4122.32
2026.07.02 18:30,4122.18,4130.83,4122.18,4125.18
2026.07.02 18:45,4125.19,4129.82,4124.0,4128.31
2026.07.02 19:00,4128.33,4130.02,4121.74,4123.2
2026.07.02 19:15,4123.18,4123.75,4115.25,4116.19
2026.07.02 19:30,4116.2,4116.49,4100.15,4114.52
2026.07.02 19:45,4114.41,4120.06,4113.85,4117.95
2026.07.02 20:00,4117.84,4119.69,4113.29,4117.81
2026.07.02 20:15,4117.85,4119.61,4111.27,4112.35
2026.07.02 20:30,4111.95,4114.26,4105.76,4107.26
2026.07.02 20:45,4107.2,4110.11,4105.53,4106.59
2026.07.02 21:00,4106.58,4123.57,4105.74,4118.97
2026.07.02 21:15,4119.04,4122.95,4115.41,4122.95
2026.07.02 21:30,4122.95,4126.86,4121.12,4121.19
2026.07.02 21:45,4121.14,4124.11,4119.83,4122.48
2026.07.02 22:00,4122.55,4124.3,4113.18,4114.42
2026.07.02 22:15,4114.41,4114.88,4108.03,4112.46
2026.07.02 22:30,4112.5,4114.62,4110.92,4113.25
2026.07.02 22:45,4113.28,4123.83,4112.56,4121.14
2026.07.02 23:00,4121.1,4122.31,4116.2,4119.76
2026.07.02 23:15,4119.75,4124.9,4119.0,4123.33
2026.07.02 23:30,4123.35,4124.82,4120.62,4120.62
2026.07.02 23:45,4120.64,4124.04,4118.38,4123.65
2026.07.03 01:00,4125.41,4127.75,4124.32,4124.35
2026.07.03 01:15,4124.57,4125.18,4122.41,4124.23
2026.07.03 01:30,4124.16,4126.2,4122.41,4122.94
2026.07.03 01:45,4122.95,4126.31,4122.58,4124.47
2026.07.03 02:00,4124.48,4127.09,4124.12,4125.23
2026.07.03 02:15,4125.29,4130.19,4124.06,4129.62
2026.07.03 02:30,4129.64,4131.97,4120.87,4124.61
2026.07.03 02:45,4124.62,4131.67,4124.25,4126.1
2026.07.03 03:00,4125.9,4136.67,4122.76,4134.88
2026.07.03 03:15,4134.76,4140.76,4131.51,4137.05
2026.07.03 03:30,4137.04,4139.44,4132.88,4136.26
2026.07.03 03:45,4136.25,4150.86,4135.06,4147.0
2026.07.03 04:00,4146.99,4179.13,4146.42,4176.02
2026.07.03 04:15,4176.01,4194.2,4173.93,4187.41
2026.07.03 04:30,4187.28,4195.25,4178.9,4179.58
2026.07.03 04:45,4179.51,4183.89,4175.07,4182.17
2026.07.03 05:00,4182.18,4184.09,4176.91,4179.34
2026.07.03 05:15,4179.27,4181.09,4176.29,4179.0
2026.07.03 05:30,4179.05,4186.67,4177.85,4183.09
2026.07.03 05:45,4183.09,4186.61,4178.59,4183.31
2026.07.03 06:00,4183.24,4184.44,4179.53,4182.63
2026.07.03 06:15,4182.61,4183.48,4179.14,4181.19
2026.07.03 06:30,4181.21,4183.0,4177.2,4177.27
2026.07.03 06:45,4177.26,4179.39,4175.1,4175.86
2026.07.03 07:00,4175.84,4178.84,4172.99,4177.63
2026.07.03 07:15,4177.55,4182.62,4176.44,4178.42
2026.07.03 07:30,4178.39,4178.54,4175.19,4177.05
2026.07.03 07:45,4177.11,4178.72,4174.36,4178.64
2026.07.03 08:00,4178.63,4181.06,4176.79,4178.19
2026.07.03 08:15,4178.18,4179.1,4172.92,4175.83
2026.07.03 08:30,4175.85,4181.66,4173.0,4175.02
2026.07.03 08:45,4175.0,4176.3,4169.05,4171.02
2026.07.03 09:00,4171.1,4171.61,4161.94,4162.21
2026.07.03 09:15,4162.24,4166.92,4160.26,4164.62
2026.07.03 09:30,4164.7,4173.42,4164.26,4170.93
2026.07.03 09:45,4170.94,4174.28,4170.08,4172.94
2026.07.03 10:00,4172.96,4181.01,4171.11,4173.96
2026.07.03 10:15,4173.92,4175.88,4169.14,4175.26
2026.07.03 10:30,4175.28,4179.57,4173.7,4179.42
2026.07.03 10:45,4179.36,4181.61,4174.63,4177.23
2026.07.03 11:00,4177.31,4185.66,4177.31,4183.82
2026.07.03 11:15,4183.81,4185.31,4180.99,4182.99
2026.07.03 11:30,4182.89,4186.38,4180.49,4183.91
2026.07.03 11:45,4183.9,4185.27,4176.67,4180.9
2026.07.03 12:00,4180.91,4181.56,4175.76,4180.24
2026.07.03 12:15,4180.21,4180.32,4170.99,4171.73
2026.07.03 12:30,4171.72,4172.86,4168.27,4172.01
2026.07.03 12:45,4171.97,4174.89,4171.39,4171.81
2026.07.03 13:00,4171.75,4180.59,4170.49,4179.59
2026.07.03 13:15,4179.56,4180.95,4177.84,4178.32
2026.07.03 13:30,4178.31,4178.9,4175.36,4177.54
2026.07.03 13:45,4177.53,4178.58,4174.48,4176.89
2026.07.03 14:00,4176.84,4183.67,4175.31,4183.18
2026.07.03 14:15,4183.2,4185.94,4182.51,4182.98
2026.07.03 14:30,4182.89,4185.78,4182.49,4185.18
2026.07.03 14:45,4185.19,4186.18,4178.45,4180.81
2026.07.03 15:00,4180.78,4183.03,4177.69,4177.78
2026.07.03 15:15,4177.77,4178.02,4171.96,4174.62
2026.07.03 15:30,4174.61,4177.51,4172.68,4174.75
2026.07.03 15:45,4174.62,4177.34,4172.11,4176.67
2026.07.03 16:00,4176.75,4179.13,4164.33,4166.45
2026.07.03 16:15,4166.42,4172.04,4166.35,4171.33
2026.07.03 16:30,4171.43,4171.57,4164.89,4166.72
2026.07.03 16:45,4166.76,4168.67,4163.43,4164.48
2026.07.03 17:00,4164.48,4166.95,4155.24,4162.01
2026.07.03 17:15,4162.03,4166.59,4161.05,4165.96
2026.07.03 17:30,4165.99,4167.1,4163.17,4163.65
2026.07.03 17:45,4163.64,4171.03,4163.44,4169.63
2026.07.03 18:00,4169.62,4173.95,4168.46,4172.08
2026.07.03 18:15,4172.07,4174.19,4166.72,4167.23
2026.07.03 18:30,4167.24,4168.67,4165.89,4167.54
2026.07.03 18:45,4167.56,4168.71,4164.3,4164.66
2026.07.03 19:00,4164.67,4165.51,4162.82,4163.97
2026.07.03 19:15,4163.94,4167.38,4162.63,4166.49
2026.07.03 19:30,4166.49,4170.38,4166.49,4169.93
2026.07.03 19:45,4169.97,4175.63,4169.53,4174.95
2026.07.06 01:00,4183.8,4185.26,4172.08,4180.48
2026.07.06 01:15,4180.6,4185.35,4176.74,4184.31
2026.07.06 01:30,4184.31,4191.35,4182.72,4188.7
2026.07.06 01:45,4188.71,4189.73,4182.98,4188.09
2026.07.06 02:00,4188.1,4191.31,4186.65,4187.3
2026.07.06 02:15,4187.32,4201.57,4186.45,4200.25
2026.07.06 02:30,4200.23,4201.31,4193.23,4196.15
2026.07.06 02:45,4196.14,4197.03,4177.48,4182.92
2026.07.06 03:00,4182.96,4185.21,4170.14,4174.7
2026.07.06 03:15,4174.69,4181.48,4170.88,4174.46
2026.07.06 03:30,4174.55,4187.29,4174.04,4185.73
2026.07.06 03:45,4185.76,4188.81,4174.56,4179.37
2026.07.06 04:00,4179.19,4192.53,4172.39,4188.62
2026.07.06 04:15,4188.64,4192.66,4180.45,4189.3
2026.07.06 04:30,4189.31,4200.32,4187.34,4198.01
2026.07.06 04:45,4197.99,4202.87,4184.79,4185.85
2026.07.06 05:00,4186.04,4187.63,4176.82,4180.69
2026.07.06 05:15,4180.68,4185.92,4175.72,4177.5
2026.07.06 05:30,4177.49,4178.51,4168.4,4172.21
2026.07.06 05:45,4172.38,4175.8,4169.82,4173.94
2026.07.06 06:00,4173.91,4176.23,4165.33,4166.39
2026.07.06 06:15,4166.38,4167.77,4162.38,4165.76
2026.07.06 06:30,4165.6,4168.96,4161.58,4162.67
2026.07.06 06:45,4162.66,4166.62,4160.81,4165.04
2026.07.06 07:00,4165.03,4166.53,4160.91,4163.32
2026.07.06 07:15,4163.31,4164.37,4160.09,4161.05
2026.07.06 07:30,4161.07,4162.31,4157.25,4159.96
2026.07.06 07:45,4159.97,4160.95,4157.86,4159.51
2026.07.06 08:00,4159.26,4160.85,4151.04,4151.98
2026.07.06 08:15,4151.95,4154.22,4150.36,4152.56
2026.07.06 08:30,4152.58,4160.21,4149.42,4155.11
2026.07.06 08:45,4155.08,4156.66,4144.69,4147.83
2026.07.06 09:00,4147.84,4152.04,4145.52,4151.71
2026.07.06 09:15,4151.72,4156.52,4147.72,4156.25
2026.07.06 09:30,4156.31,4159.31,4153.12,4155.62
2026.07.06 09:45,4155.6,4156.56,4148.75,4150.11
2026.07.06 10:00,4150.1,4153.31,4146.95,4150.8
2026.07.06 10:15,4150.77,4155.5,4150.12,4152.68
2026.07.06 10:30,4152.69,4164.17,4151.03,4163.35
2026.07.06 10:45,4163.36,4166.1,4161.92,4164.24
2026.07.06 11:00,4164.61,4165.89,4156.92,4157.85
2026.07.06 11:15,4157.89,4158.53,4153.4,4155.27
2026.07.06 11:30,4155.32,4155.79,4148.32,4148.89
2026.07.06 11:45,4149.04,4152.73,4146.9,4150.31
2026.07.06 12:00,4150.32,4151.12,4147.73,4149.54
2026.07.06 12:15,4149.47,4149.64,4141.35,4143.41
2026.07.06 12:30,4143.32,4143.32,4136.33,4139.24
2026.07.06 12:45,4139.05,4144.49,4138.93,4142.98
2026.07.06 13:00,4143.02,4148.43,4141.9,4148.04
2026.07.06 13:15,4148.06,4150.55,4147.24,4148.63
2026.07.06 13:30,4148.66,4155.35,4148.48,4154.18
2026.07.06 13:45,4154.16,4155.65,4152.16,4154.75
2026.07.06 14:00,4154.74,4156.05,4151.35,4154.58
2026.07.06 14:15,4154.72,4159.34,4153.46,4154.83
2026.07.06 14:30,4154.74,4158.56,4152.5,4153.44
2026.07.06 14:45,4153.47,4155.78,4151.8,4155.09
2026.07.06 15:00,4154.97,4158.35,4153.58,4155.91
2026.07.06 15:15,4155.88,4157.47,4145.04,4145.6
2026.07.06 15:30,4145.58,4145.99,4131.3,4133.16
2026.07.06 15:45,4133.19,4142.57,4133.03,4139.43
2026.07.06 16:00,4139.57,4148.25,4137.01,4141.13
2026.07.06 16:15,4141.13,4148.65,4138.51,4142.21
2026.07.06 16:30,4142.12,4150.26,4141.72,4148.93
2026.07.06 16:45,4149.0,4149.42,4136.63,4140.79
2026.07.06 17:00,4140.24,4146.95,4133.38,4140.42
2026.07.06 17:15,4140.42,4140.68,4132.34,4136.99
2026.07.06 17:30,4137.02,4141.7,4128.24,4130.03
2026.07.06 17:45,4130.05,4138.09,4128.84,4138.06
2026.07.06 18:00,4138.0,4146.35,4137.43,4139.64
2026.07.06 18:15,4139.56,4150.85,4138.53,4150.45
2026.07.06 18:30,4150.46,4151.79,4146.96,4149.84
2026.07.06 18:45,4149.85,4150.41,4144.67,4148.11
2026.07.06 19:00,4148.16,4148.34,4140.2,4140.4
2026.07.06 19:15,4140.61,4146.25,4140.04,4145.45
2026.07.06 19:30,4145.47,4150.1,4145.12,4149.2
2026.07.06 19:45,4149.22,4156.03,4148.54,4154.89
2026.07.06 20:00,4154.85,4156.14,4152.24,4153.4
2026.07.06 20:15,4153.41,4159.42,4150.17,4155.28
2026.07.06 20:30,4155.32,4159.07,4154.72,4156.52
2026.07.06 20:45,4156.41,4161.48,4156.06,4161.13
2026.07.06 21:00,4161.04,4161.74,4155.22,4158.09
2026.07.06 21:15,4158.08,4163.0,4158.08,4161.71
2026.07.06 21:30,4161.4,4167.28,4159.57,4163.95
2026.07.06 21:45,4163.92,4165.01,4161.9,4163.68
2026.07.06 22:00,4163.69,4165.25,4158.88,4159.24
2026.07.06 22:15,4159.23,4163.23,4158.79,4162.79
2026.07.06 22:30,4162.86,4162.97,4159.55,4160.99
2026.07.06 22:45,4160.98,4164.94,4160.97,4163.51
2026.07.06 23:00,4163.64,4164.54,4160.88,4160.9
2026.07.06 23:15,4160.92,4163.1,4160.66,4162.73
2026.07.06 23:30,4162.75,4164.7,4162.4,4162.91
2026.07.06 23:45,4162.84,4164.88,4162.83,4164.88
2026.07.07 01:00,4164.15,4167.47,4163.46,4165.86
2026.07.07 01:15,4165.84,4167.26,4164.96,4165.91
2026.07.07 01:30,4165.92,4168.37,4165.92,4167.02
2026.07.07 01:45,4167.01,4167.57,4163.9,4164.03
2026.07.07 02:00,4164.06,4165.47,4162.88,4165.36
2026.07.07 02:15,4165.26,4165.49,4162.69,4162.99
2026.07.07 02:30,4162.97,4165.19,4160.7,4161.82
2026.07.07 02:45,4161.8,4163.68,4156.74,4157.05
2026.07.07 03:00,4157.03,4158.25,4152.49,4155.93
2026.07.07 03:15,4155.94,4160.48,4151.84,4159.62
2026.07.07 03:30,4159.65,4162.59,4148.13,4149.54
2026.07.07 03:45,4149.56,4153.63,4145.0,4145.76
2026.07.07 04:00,4145.75,4147.8,4137.57,4141.46
2026.07.07 04:15,4141.45,4142.71,4125.65,4132.45
2026.07.07 04:30,4132.44,4142.11,4131.93,4141.92
2026.07.07 04:45,4141.99,4146.15,4140.38,4141.67
2026.07.07 05:00,4141.68,4144.46,4137.44,4142.22
2026.07.07 05:15,4142.22,4145.09,4137.86,4140.37
2026.07.07 05:30,4140.36,4144.08,4136.03,4139.3
2026.07.07 05:45,4139.32,4139.46,4131.18,4136.45
2026.07.07 06:00,4136.38,4139.84,4134.92,4136.5
2026.07.07 06:15,4136.47,4137.49,4129.08,4132.06
2026.07.07 06:30,4131.92,4134.68,4126.88,4129.45
2026.07.07 06:45,4129.41,4131.42,4124.19,4130.95
2026.07.07 07:00,4131.08,4141.1,4130.18,4136.27
2026.07.07 07:15,4136.26,4137.43,4130.65,4132.0
2026.07.07 07:30,4131.99,4132.25,4128.48,4128.49
2026.07.07 07:45,4128.51,4131.14,4125.67,4126.43
2026.07.07 08:00,4126.49,4131.16,4121.96,4122.21
2026.07.07 08:15,4122.24,4128.39,4120.76,4128.12
2026.07.07 08:30,4128.11,4128.3,4116.54,4122.3
2026.07.07 08:45,4122.32,4127.0,4120.11,4123.7
2026.07.07 09:00,4123.57,4129.22,4121.28,4123.39
2026.07.07 09:15,4123.38,4129.56,4123.1,4126.55
2026.07.07 09:30,4126.53,4132.29,4124.64,4132.29
2026.07.07 09:45,4132.2,4132.8,4128.24,4130.21
2026.07.07 10:00,4130.26,4131.05,4124.16,4129.4
2026.07.07 10:15,4129.17,4132.0,4125.9,4126.45
2026.07.07 10:30,4126.44,4130.93,4125.6,4129.89
2026.07.07 10:45,4129.87,4133.33,4124.3,4124.47
2026.07.07 11:00,4124.45,4139.2,4124.2,4136.87
2026.07.07 11:15,4136.83,4138.57,4133.92,4138.5
2026.07.07 11:30,4138.45,4138.88,4128.72,4130.85
2026.07.07 11:45,4130.87,4130.87,4121.73,4125.81
2026.07.07 12:00,4125.82,4128.77,4124.21,4127.39
2026.07.07 12:15,4127.39,4130.82,4119.61,4121.36
2026.07.07 12:30,4121.38,4133.58,4121.38,4132.82
2026.07.07 12:45,4132.78,4132.96,4124.86,4131.01
2026.07.07 13:00,4130.97,4134.89,4130.95,4132.3
2026.07.07 13:15,4132.36,4138.76,4131.92,4137.24
2026.07.07 13:30,4137.23,4137.36,4134.44,4135.43
2026.07.07 13:45,4135.44,4137.02,4133.28,4135.55
2026.07.07 14:00,4135.53,4136.05,4131.67,4133.09
2026.07.07 14:15,4133.1,4145.07,4132.9,4142.94
2026.07.07 14:30,4142.96,4148.84,4139.46,4148.27
2026.07.07 14:45,4148.26,4158.06,4146.91,4156.61
2026.07.07 15:00,4157.04,4174.48,4154.5,4173.14
2026.07.07 15:15,4173.15,4174.87,4162.92,4165.83
2026.07.07 15:30,4165.8,4168.03,4161.57,4166.31
2026.07.07 15:45,4166.21,4172.68,4164.15,4172.19
2026.07.07 16:00,4172.34,4178.05,4160.01,4171.31
2026.07.07 16:15,4171.29,4172.33,4164.09,4166.23
2026.07.07 16:30,4166.19,4180.27,4163.44,4177.38
2026.07.07 16:45,4177.36,4179.83,4155.96,4158.4
2026.07.07 17:00,4158.41,4163.38,4150.84,4152.15
2026.07.07 17:15,4151.9,4159.65,4151.04,4158.01
2026.07.07 17:30,4158.26,4159.18,4143.46,4152.15
2026.07.07 17:45,4151.96,4157.47,4151.76,4154.08
2026.07.07 18:00,4153.99,4155.5,4148.09,4148.47
2026.07.07 18:15,4148.48,4148.79,4141.5,4142.88
2026.07.07 18:30,4142.92,4148.18,4142.03,4146.38
2026.07.07 18:45,4146.35,4147.84,4135.73,4138.85
2026.07.07 19:00,4138.85,4143.45,4136.93,4140.86
2026.07.07 19:15,4140.8,4147.07,4140.61,4145.81
2026.07.07 19:30,4145.9,4146.43,4142.34,4143.07
2026.07.07 19:45,4143.06,4146.59,4140.82,4144.91
2026.07.07 20:00,4144.88,4146.72,4141.98,4142.81
2026.07.07 20:15,4142.89,4146.54,4140.29,4145.84
2026.07.07 20:30,4145.86,4148.02,4144.38,4146.89
2026.07.07 20:45,4146.87,4147.13,4142.8,4144.41
2026.07.07 21:00,4144.4,4145.03,4140.73,4142.14
2026.07.07 21:15,4142.15,4144.08,4139.99,4141.47
2026.07.07 21:30,4141.48,4142.28,4135.99,4141.84
2026.07.07 21:45,4141.89,4142.5,4124.97,4126.8
2026.07.07 22:00,4126.45,4127.59,4102.97,4105.59
2026.07.07 22:15,4105.51,4106.72,4092.08,4103.31
2026.07.07 22:30,4103.29,4114.95,4103.29,4109.1
2026.07.07 22:45,4109.18,4117.51,4107.98,4114.01
2026.07.07 23:00,4113.95,4115.74,4112.15,4112.88
2026.07.07 23:15,4112.84,4113.19,4106.35,4110.66
2026.07.07 23:30,4110.68,4111.02,4104.37,4105.85
2026.07.07 23:45,4105.72,4106.98,4103.31,4105.73
2026.07.08 01:00,4097.65,4106.23,4093.75,4103.95
2026.07.08 01:15,4103.96,4104.14,4099.54,4099.62
2026.07.08 01:30,4099.67,4102.51,4098.54,4100.87
2026.07.08 01:45,4100.85,4100.96,4095.67,4098.12
2026.07.08 02:00,4098.08,4107.83,4096.02,4105.86
2026.07.08 02:15,4105.84,4106.58,4100.91,4104.76
2026.07.08 02:30,4104.77,4105.28,4097.17,4098.15
2026.07.08 02:45,4098.14,4101.13,4095.66,4098.26
2026.07.08 03:00,4098.29,4104.01,4096.73,4100.1
2026.07.08 03:15,4100.07,4107.95,4098.76,4105.37
2026.07.08 03:30,4105.39,4126.59,4103.75,4123.2
2026.07.08 03:45,4123.26,4125.1,4111.12,4111.33
2026.07.08 04:00,4111.28,4117.71,4098.25,4108.31
2026.07.08 04:15,4108.36,4110.21,4101.96,4102.43
2026.07.08 04:30,4102.44,4105.63,4096.23,4103.11
2026.07.08 04:45,4103.08,4112.76,4102.06,4111.07
2026.07.08 05:00,4111.26,4117.89,4105.82,4112.06
2026.07.08 05:15,4112.04,4124.7,4111.92,4118.8
2026.07.08 05:30,4118.64,4120.98,4116.08,4120.06
2026.07.08 05:45,4120.12,4120.63,4113.3,4114.42
2026.07.08 06:00,4114.38,4130.64,4114.38,4128.03
2026.07.08 06:15,4128.06,4130.65,4124.5,4129.74
2026.07.08 06:30,4129.75,4130.98,4125.32,4126.48
2026.07.08 06:45,4126.49,4129.0,4122.53,4123.27
2026.07.08 07:00,4123.22,4128.66,4121.5,4124.21
2026.07.08 07:15,4124.21,4127.19,4120.51,4125.77
2026.07.08 07:30,4125.76,4128.14,4121.82,4124.9
2026.07.08 07:45,4124.89,4126.82,4123.67,4124.99
2026.07.08 08:00,4125.02,4133.72,4124.66,4125.64
2026.07.08 08:15,4125.41,4129.23,4121.79,4121.82
2026.07.08 08:30,4121.74,4131.58,4121.04,4128.14
2026.07.08 08:45,4128.24,4129.84,4124.6,4127.67
2026.07.08 09:00,4127.6,4131.54,4122.02,4131.32
2026.07.08 09:15,4131.35,4133.43,4128.64,4129.45
2026.07.08 09:30,4129.44,4129.64,4124.36,4126.33
2026.07.08 09:45,4126.34,4126.95,4123.19,4123.3
2026.07.08 10:00,4123.29,4125.1,4116.19,4117.83
2026.07.08 10:15,4117.82,4121.14,4114.63,4120.28
2026.07.08 10:30,4120.21,4127.19,4118.01,4127.19
2026.07.08 10:45,4127.14,4127.14,4118.92,4120.98
2026.07.08 11:00,4121.07,4121.23,4116.3,4117.57
2026.07.08 11:15,4117.81,4120.77,4080.69,4088.68
2026.07.08 11:30,4088.67,4091.87,4060.55,4065.51
2026.07.08 11:45,4065.24,4075.83,4052.12,4056.62
2026.07.08 12:00,4056.57,4056.69,4050.16,4055.73
2026.07.08 12:15,4055.73,4060.75,4053.65,4056.39
2026.07.08 12:30,4056.26,4058.39,4044.51,4048.19
2026.07.08 12:45,4048.25,4052.59,4041.35,4043.13
2026.07.08 13:00,4043.15,4048.16,4040.27,4044.38
2026.07.08 13:15,4044.61,4055.71,4043.2,4050.6
2026.07.08 13:30,4050.44,4058.15,4049.78,4057.1
2026.07.08 13:45,4057.12,4058.38,4052.73,4052.76
2026.07.08 14:00,4052.72,4056.97,4048.06,4050.54
2026.07.08 14:15,4050.43,4054.36,4047.51,4049.98
2026.07.08 14:30,4049.92,4065.68,4041.24,4064.2
2026.07.08 14:45,4064.19,4072.36,4059.07,4061.99
2026.07.08 15:00,4061.86,4073.49,4058.54,4071.8
2026.07.08 15:15,4071.78,4077.5,4065.81,4070.74
2026.07.08 15:30,4070.75,4078.11,4067.92,4077.96
2026.07.08 15:45,4078.03,4086.37,4070.64,4071.91
2026.07.08 16:00,4072.05,4082.77,4069.54,4071.98
2026.07.08 16:15,4072.06,4075.78,4065.13,4066.5
2026.07.08 16:30,4067.18,4080.16,4066.75,4073.05
2026.07.08 16:45,4073.1,4079.05,4068.05,4070.58
2026.07.08 17:00,4070.41,4071.25,4056.62,4057.23
2026.07.08 17:15,4057.24,4065.2,4051.27,4060.0
2026.07.08 17:30,4059.92,4061.16,4035.08,4036.22
2026.07.08 17:45,4036.14,4046.15,4033.71,4040.71
2026.07.08 18:00,4041.12,4043.59,4033.48,4033.54
2026.07.08 18:15,4033.6,4035.83,4026.07,4030.72
2026.07.08 18:30,4030.8,4033.51,4021.58,4032.67
2026.07.08 18:45,4032.25,4038.28,4029.7,4034.07
2026.07.08 19:00,4034.28,4042.76,4033.03,4039.12
2026.07.08 19:15,4039.14,4044.76,4037.55,4043.58
2026.07.08 19:30,4043.08,4057.23,4039.3,4056.35
2026.07.08 19:45,4056.37,4064.39,4053.37,4063.57
2026.07.08 20:00,4063.72,4070.27,4059.5,4064.75
2026.07.08 20:15,4064.8,4073.65,4063.32,4072.95
2026.07.08 20:30,4072.87,4076.18,4068.71,4069.67
2026.07.08 20:45,4069.68,4070.16,4064.13,4065.39
2026.07.08 21:00,4065.25,4075.5,4063.47,4075.03
2026.07.08 21:15,4074.99,4075.08,4067.37,4069.42
2026.07.08 21:30,4069.44,4079.21,4066.89,4079.2
2026.07.08 21:45,4079.2,4091.3,4078.48,4084.13
2026.07.08 22:00,4084.16,4090.81,4084.16,4087.39
2026.07.08 22:15,4087.39,4088.43,4084.61,4088.16
2026.07.08 22:30,4088.21,4091.1,4083.11,4083.92
2026.07.08 22:45,4083.9,4084.15,4078.05,4079.76
2026.07.08 23:00,4079.74,4083.34,4075.98,4078.81
2026.07.08 23:15,4078.85,4079.5,4074.07,4076.71
2026.07.08 23:30,4076.7,4078.38,4071.36,4074.77
2026.07.08 23:45,4074.76,4079.72,4073.96,4077.27
2026.07.09 01:00,4076.04,4079.7,4072.45,4076.98
2026.07.09 01:15,4076.97,4078.81,4073.36,4074.19
2026.07.09 01:30,4074.21,4079.12,4073.35,4076.15
2026.07.09 01:45,4076.16,4079.63,4075.91,4076.35
2026.07.09 02:00,4076.34,4077.23,4073.63,4076.74
2026.07.09 02:15,4076.78,4077.56,4075.12,4077.37
2026.07.09 02:30,4077.36,4077.36,4073.52,4075.08
2026.07.09 02:45,4075.08,4077.43,4071.72,4076.01
2026.07.09 03:00,4075.95,4087.34,4075.95,4087.28
2026.07.09 03:15,4087.31,4089.59,4073.79,4077.94
2026.07.09 03:30,4077.95,4081.62,4075.3,4076.85
2026.07.09 03:45,4076.83,4078.9,4070.12,4073.81
2026.07.09 04:00,4073.93,4078.64,4064.99,4074.06
2026.07.09 04:15,4074.01,4076.62,4066.52,4066.52
2026.07.09 04:30,4066.74,4075.0,4062.23,4073.21
2026.07.09 04:45,4073.22,4075.93,4068.85,4072.65
2026.07.09 05:00,4072.69,4079.33,4071.96,4078.32
2026.07.09 05:15,4078.31,4082.41,4076.6,4080.23
2026.07.09 05:30,4080.29,4081.49,4069.74,4070.59
2026.07.09 05:45,4070.54,4071.62,4064.2,4064.8
2026.07.09 06:00,4064.76,4067.4,4055.2,4058.75
2026.07.09 06:15,4058.7,4060.94,4054.05,4058.1
2026.07.09 06:30,4058.09,4063.25,4056.28,4061.66
2026.07.09 06:45,4061.77,4063.98,4060.98,4063.92
2026.07.09 07:00,4063.94,4064.34,4058.69,4060.25
2026.07.09 07:15,4060.24,4060.93,4057.08,4058.8
2026.07.09 07:30,4058.8,4064.28,4056.35,4057.64
2026.07.09 07:45,4057.57,4064.45,4056.21,4064.25
2026.07.09 08:00,4064.25,4075.83,4063.54,4073.35
2026.07.09 08:15,4073.29,4073.42,4066.65,4072.02
2026.07.09 08:30,4072.05,4077.07,4064.72,4075.29
2026.07.09 08:45,4075.34,4084.16,4073.73,4081.73
2026.07.09 09:00,4081.74,4099.6,4081.14,4091.96
2026.07.09 09:15,4091.85,4103.08,4091.24,4102.27
2026.07.09 09:30,4102.28,4106.85,4095.86,4102.61
2026.07.09 09:45,4102.65,4107.89,4102.1,4107.81
2026.07.09 10:00,4107.84,4110.15,4101.45,4101.46
2026.07.09 10:15,4101.47,4109.76,4101.46,4108.89
2026.07.09 10:30,4108.9,4110.81,4103.64,4108.95
2026.07.09 10:45,4108.97,4110.91,4104.51,4107.71
2026.07.09 11:00,4107.71,4110.37,4105.13,4107.94
2026.07.09 11:15,4107.96,4117.54,4107.65,4114.7
2026.07.09 11:30,4114.64,4116.49,4109.89,4113.3
2026.07.09 11:45,4113.35,4113.55,4107.66,4108.23
2026.07.09 12:00,4108.25,4109.45,4105.69,4108.5
2026.07.09 12:15,4108.56,4112.29,4107.27,4108.26
2026.07.09 12:30,4108.29,4109.89,4103.06,4103.67
2026.07.09 12:45,4103.52,4107.33,4102.98,4106.2
2026.07.09 13:00,4106.18,4109.93,4103.94,4104.96
2026.07.09 13:15,4105.08,4106.39,4103.83,4104.14
2026.07.09 13:30,4104.14,4105.32,4102.34,4103.31
2026.07.09 13:45,4103.29,4104.34,4093.56,4098.9
2026.07.09 14:00,4098.94,4104.98,4097.71,4104.8
2026.07.09 14:15,4104.81,4106.97,4098.86,4100.22
2026.07.09 14:30,4100.24,4109.14,4098.68,4106.07
2026.07.09 14:45,4106.18,4110.28,4104.43,4108.43
2026.07.09 15:00,4108.48,4119.89,4105.79,4112.39
2026.07.09 15:15,4112.42,4113.26,4104.98,4107.05
2026.07.09 15:30,4107.1,4122.47,4106.88,4113.11
2026.07.09 15:45,4113.09,4114.52,4107.33,4107.51
2026.07.09 16:00,4107.46,4120.9,4106.67,4120.34
2026.07.09 16:15,4120.54,4127.13,4118.41,4125.86
2026.07.09 16:30,4126.11,4129.31,4119.46,4127.18
2026.07.09 16:45,4127.07,4127.46,4117.58,4121.79
2026.07.09 17:00,4121.78,4136.05,4120.26,4121.98
2026.07.09 17:15,4122.0,4125.37,4113.98,4124.6
2026.07.09 17:30,4124.75,4126.62,4120.53,4124.0
2026.07.09 17:45,4124.06,4127.87,4117.95,4127.63
2026.07.09 18:00,4127.65,4130.69,4124.62,4124.91
2026.07.09 18:15,4125.02,4130.42,4124.78,4127.66
2026.07.09 18:30,4127.79,4131.17,4126.13,4129.97
2026.07.09 18:45,4130.08,4132.53,4126.27,4126.72
2026.07.09 19:00,4126.75,4131.17,4125.55,4130.1
2026.07.09 19:15,4130.06,4133.1,4128.66,4132.52
2026.07.09 19:30,4132.34,4137.84,4131.53,4132.98
2026.07.09 19:45,4133.09,4134.13,4127.86,4127.96
2026.07.09 20:00,4127.94,4128.77,4125.54,4127.41
2026.07.09 20:15,4127.45,4131.71,4124.88,4131.39
2026.07.09 20:30,4131.46,4134.18,4129.09,4132.13
2026.07.09 20:45,4132.11,4137.88,4131.82,4135.94
2026.07.09 21:00,4135.88,4136.14,4127.34,4128.59
2026.07.09 21:15,4128.65,4128.7,4122.9,4123.9
2026.07.09 21:30,4123.85,4125.31,4121.36,4125.31
2026.07.09 21:45,4125.28,4125.41,4122.14,4124.29
2026.07.09 22:00,4124.27,4126.88,4122.85,4124.22
2026.07.09 22:15,4124.21,4125.42,4120.54,4120.64
2026.07.09 22:30,4120.64,4122.58,4118.67,4119.98
2026.07.09 22:45,4120.0,4123.33,4119.74,4122.31
2026.07.09 23:00,4122.26,4123.94,4120.51,4121.17
2026.07.09 23:15,4121.14,4122.37,4120.26,4120.93
2026.07.09 23:30,4120.93,4125.41,4120.68,4124.35
2026.07.09 23:45,4124.34,4124.34,4122.95,4123.45
2026.07.10 01:00,4125.64,4127.11,4122.08,4123.45
2026.07.10 01:15,4123.46,4124.62,4122.26,4123.03
2026.07.10 01:30,4123.04,4124.54,4122.13,4123.48
2026.07.10 01:45,4123.52,4123.99,4121.3,4121.5
2026.07.10 02:00,4121.61,4124.23,4121.08,4123.57
2026.07.10 02:15,4123.59,4124.95,4121.13,4122.0
2026.07.10 02:30,4122.01,4122.86,4120.82,4122.54
2026.07.10 02:45,4122.55,4124.26,4121.37,4123.24
2026.07.10 03:00,4123.23,4125.6,4119.63,4122.0
2026.07.10 03:15,4122.09,4123.56,4116.71,4119.43
2026.07.10 03:30,4119.39,4123.81,4114.23,4123.08
2026.07.10 03:45,4123.09,4128.05,4121.1,4126.05
2026.07.10 04:00,4126.06,4130.8,4118.75,4124.95
2026.07.10 04:15,4124.92,4127.1,4120.09,4121.57
2026.07.10 04:30,4121.51,4123.3,4108.72,4111.66
2026.07.10 04:45,4111.65,4121.09,4108.4,4116.56
2026.07.10 05:00,4116.67,4128.58,4115.88,4124.6
2026.07.10 05:15,4124.56,4127.69,4121.69,4125.68
2026.07.10 05:30,4125.69,4128.54,4122.09,4125.49
2026.07.10 05:45,4125.47,4128.77,4123.23,4127.73
2026.07.10 06:00,4127.74,4134.66,4125.7,4126.45
2026.07.10 06:15,4126.45,4128.19,4120.51,4125.09
2026.07.10 06:30,4125.14,4127.6,4121.07,4121.33
2026.07.10 06:45,4121.26,4122.26,4119.24,4120.11
2026.07.10 07:00,4120.12,4120.96,4116.59,4120.79
2026.07.10 07:15,4120.75,4120.96,4111.9,4117.45
2026.07.10 07:30,4117.34,4119.58,4116.6,4118.99
2026.07.10 07:45,4118.97,4119.06,4114.89,4115.13
2026.07.10 08:00,4115.1,4116.37,4113.04,4113.96
2026.07.10 08:15,4113.98,4117.01,4112.75,4114.05
2026.07.10 08:30,4114.01,4115.29,4108.89,4113.92
2026.07.10 08:45,4113.71,4117.03,4107.91,4116.75
2026.07.10 09:00,4116.73,4119.09,4114.49,4114.81
2026.07.10 09:15,4114.88,4119.88,4113.63,4114.3
2026.07.10 09:30,4114.26,4116.0,4111.08,4111.51
2026.07.10 09:45,4111.49,4114.33,4111.0,4111.55
2026.07.10 10:00,4111.51,4113.45,4108.8,4111.39
2026.07.10 10:15,4111.38,4115.24,4108.52,4112.36
2026.07.10 10:30,4112.38,4114.34,4105.28,4106.69
2026.07.10 10:45,4106.73,4109.77,4104.19,4108.77
2026.07.10 11:00,4108.76,4109.38,4103.69,4107.13
2026.07.10 11:15,4107.23,4108.69,4103.33,4104.1
2026.07.10 11:30,4104.11,4105.42,4099.34,4101.59
2026.07.10 11:45,4101.58,4101.66,4094.71,4097.82
2026.07.10 12:00,4097.79,4100.59,4094.34,4100.54
2026.07.10 12:15,4100.51,4103.24,4099.68,4102.43
2026.07.10 12:30,4102.2,4103.83,4098.18,4102.63
2026.07.10 12:45,4102.65,4105.23,4102.11,4104.13
2026.07.10 13:00,4104.13,4108.31,4104.05,4106.25
2026.07.10 13:15,4106.32,4112.47,4106.05,4109.27
2026.07.10 13:30,4109.28,4110.32,4106.04,4108.86
2026.07.10 13:45,4108.88,4108.91,4104.21,4104.45
2026.07.10 14:00,4104.41,4107.97,4104.27,4106.16
2026.07.10 14:15,4106.09,4107.92,4099.98,4100.16
2026.07.10 14:30,4100.03,4107.39,4095.98,4106.55
2026.07.10 14:45,4106.46,4107.9,4101.91,4102.2
2026.07.10 15:00,4102.18,4117.45,4100.84,4114.76
2026.07.10 15:15,4114.92,4116.14,4103.1,4105.91
2026.07.10 15:30,4106.28,4106.87,4097.45,4098.14
2026.07.10 15:45,4098.11,4104.85,4097.83,4100.59
2026.07.10 16:00,4100.56,4106.07,4098.39,4104.09
2026.07.10 16:15,4104.18,4106.47,4085.38,4087.26
2026.07.10 16:30,4087.46,4102.31,4086.73,4098.32
2026.07.10 16:45,4098.37,4105.37,4097.12,4099.81
2026.07.10 17:00,4099.8,4103.41,4097.33,4100.02
2026.07.10 17:15,4100.03,4108.81,4097.39,4105.3
2026.07.10 17:30,4105.49,4107.77,4072.74,4099.12
2026.07.10 17:45,4099.09,4107.5,4091.48,4092.68
2026.07.10 18:00,4093.13,4100.88,4091.21,4097.44
2026.07.10 18:15,4097.52,4107.52,4097.34,4102.03
2026.07.10 18:30,4102.19,4106.86,4101.41,4106.3
2026.07.10 18:45,4106.29,4113.3,4105.71,4112.83
2026.07.10 19:00,4112.78,4114.76,4107.98,4110.09
2026.07.10 19:15,4110.13,4114.32,4107.23,4114.27
2026.07.10 19:30,4114.26,4115.32,4108.73,4108.79
2026.07.10 19:45,4108.78,4109.56,4104.13,4104.21
2026.07.10 20:00,4104.22,4105.43,4102.11,4103.83
2026.07.10 20:15,4103.82,4106.78,4103.67,4105.34
2026.07.10 20:30,4105.33,4106.63,4103.23,4103.67
2026.07.10 20:45,4103.79,4105.02,4100.3,4100.53
2026.07.10 21:00,4100.55,4104.97,4099.84,4104.53
2026.07.10 21:15,4104.55,4105.27,4102.03,4102.79
2026.07.10 21:30,4102.8,4103.6,4098.64,4098.87
2026.07.10 21:45,4098.89,4101.4,4097.84,4101.0
2026.07.10 22:00,4100.96,4102.2,4097.67,4101.47
2026.07.10 22:15,4101.47,4103.11,4101.14,4101.59
2026.07.10 22:30,4101.62,4103.37,4100.33,4102.32
2026.07.10 22:45,4102.41,4108.75,4102.19,4108.18
2026.07.10 23:00,4108.11,4114.95,4108.03,4111.98
2026.07.10 23:15,4111.99,4112.53,4110.44,4111.13
2026.07.10 23:30,4111.15,4112.35,4110.02,4111.5
2026.07.10 23:45,4111.44,4120.65,4111.07,4119.52
2026.07.13 01:00,4091.85,4102.13,4079.94,4080.66
2026.07.13 01:15,4080.58,4087.42,4079.67,4083.79
2026.07.13 01:30,4083.83,4086.47,4077.99,4078.33
2026.07.13 01:45,4078.34,4080.71,4069.86,4076.44
2026.07.13 02:00,4076.47,4076.51,4068.29,4070.04
2026.07.13 02:15,4070.02,4074.97,4068.6,4074.46
2026.07.13 02:30,4074.44,4078.94,4071.47,4077.43
2026.07.13 02:45,4077.44,4084.67,4075.36,4084.22
2026.07.13 03:00,4084.84,4090.93,4080.6,4086.61
2026.07.13 03:15,4086.62,4087.68,4074.12,4074.51
2026.07.13 03:30,4074.49,4075.41,4060.91,4073.08
2026.07.13 03:45,4073.01,4077.21,4068.45,4073.79
2026.07.13 04:00,4074.01,4080.88,4065.22,4079.25
2026.07.13 04:15,4079.24,4081.6,4070.97,4079.61
2026.07.13 04:30,4079.69,4089.61,4077.49,4084.28
2026.07.13 04:45,4084.3,4087.92,4067.45,4072.13
2026.07.13 05:00,4072.57,4074.94,4069.85,4072.02
2026.07.13 05:15,4072.13,4074.19,4066.27,4067.13
2026.07.13 05:30,4067.14,4077.33,4064.36,4072.62
2026.07.13 05:45,4072.61,4072.85,4068.15,4068.46
2026.07.13 06:00,4068.3,4069.25,4052.92,4058.03
2026.07.13 06:15,4058.05,4062.29,4057.97,4061.66
2026.07.13 06:30,4061.67,4062.3,4056.85,4057.78
2026.07.13 06:45,4057.8,4060.94,4057.56,4060.42
2026.07.13 07:00,4060.42,4060.42,4052.17,4054.4
2026.07.13 07:15,4054.39,4057.79,4050.07,4055.22
2026.07.13 07:30,4055.24,4057.53,4053.09,4054.08
2026.07.13 07:45,4054.09,4059.1,4052.53,4058.7
2026.07.13 08:00,4058.7,4072.86,4054.74,4069.31
2026.07.13 08:15,4069.28,4069.36,4057.37,4058.03
2026.07.13 08:30,4057.81,4065.65,4052.11,4063.49
2026.07.13 08:45,4063.45,4064.0,4052.51,4053.49
2026.07.13 09:00,4053.46,4055.99,4043.7,4050.7
2026.07.13 09:15,4050.77,4061.18,4050.62,4061.05
2026.07.13 09:30,4061.11,4063.56,4058.4,4059.92
2026.07.13 09:45,4059.96,4060.34,4051.96,4055.27
2026.07.13 10:00,4055.3,4061.11,4048.79,4055.35
2026.07.13 10:15,4055.27,4059.2,4055.27,4058.72
2026.07.13 10:30,4058.73,4062.8,4056.13,4057.21
2026.07.13 10:45,4057.24,4065.01,4055.93,4064.74
2026.07.13 11:00,4064.86,4074.81,4062.84,4073.67
2026.07.13 11:15,4073.74,4080.57,4073.38,4073.94
2026.07.13 11:30,4073.89,4076.16,4071.7,4075.45
2026.07.13 11:45,4075.45,4078.33,4072.02,4074.39
2026.07.13 12:00,4074.23,4076.01,4072.54,4074.48
2026.07.13 12:15,4074.43,4076.43,4071.19,4072.51
2026.07.13 12:30,4072.5,4073.82,4069.26,4072.5
2026.07.13 12:45,4072.48,4073.38,4067.97,4068.07
2026.07.13 13:00,4067.96,4070.4,4066.56,4067.5
2026.07.13 13:15,4067.47,4069.21,4064.3,4065.0
2026.07.13 13:30,4065.02,4068.1,4046.6,4052.09
2026.07.13 13:45,4052.08,4061.39,4047.81,4060.49
2026.07.13 14:00,4060.47,4067.87,4057.88,4064.03
2026.07.13 14:15,4063.91,4065.01,4058.09,4062.76
2026.07.13 14:30,4062.43,4068.1,4061.89,4065.17
2026.07.13 14:45,4065.32,4065.72,4054.72,4056.26
2026.07.13 15:00,4056.28,4060.22,4053.41,4056.16
2026.07.13 15:15,4056.17,4063.39,4055.07,4058.83
2026.07.13 15:30,4058.82,4063.93,4058.49,4062.75
2026.07.13 15:45,4062.99,4067.24,4062.78,4067.18
2026.07.13 16:00,4067.2,4067.4,4059.13,4061.75
2026.07.13 16:15,4061.73,4065.81,4058.49,4061.99
2026.07.13 16:30,4062.01,4063.78,4051.37,4054.62
2026.07.13 16:45,4054.51,4058.02,4041.84,4042.98
2026.07.13 17:00,4043.09,4046.71,4029.55,4035.79
2026.07.13 17:15,4035.67,4037.1,4002.41,4016.54
2026.07.13 17:30,4016.24,4016.92,4000.02,4005.34
2026.07.13 17:45,4005.33,4015.15,4001.86,4015.14
2026.07.13 18:00,4015.04,4017.48,4010.78,4014.6
2026.07.13 18:15,4014.61,4020.15,4012.95,4016.4
2026.07.13 18:30,4016.63,4017.51,4012.13,4013.29
2026.07.13 18:45,4013.32,4015.92,4010.08,4015.78
2026.07.13 19:00,4015.76,4017.78,4012.45,4013.88
2026.07.13 19:15,4013.88,4013.88,4000.52,4003.67
2026.07.13 19:30,4003.66,4004.63,3990.58,4000.59
2026.07.13 19:45,4000.58,4002.56,3986.26,3993.18
2026.07.13 20:00,3993.5,3998.75,3991.94,3997.34
2026.07.13 20:15,3997.3,4001.68,3996.5,3998.76
2026.07.13 20:30,3998.78,4000.68,3996.05,3996.84
2026.07.13 20:45,3996.94,3999.26,3991.94,3993.01
2026.07.13 21:00,3993.0,3994.9,3989.74,3993.71
2026.07.13 21:15,3993.67,3996.7,3986.63,3995.01
2026.07.13 21:30,3995.15,4000.57,3993.8,3999.91
2026.07.13 21:45,3999.92,4004.96,3998.04,4001.27
2026.07.13 22:00,4001.28,4004.37,3997.73,3997.9
2026.07.13 22:15,3997.92,4000.76,3996.61,3998.2
2026.07.13 22:30,3998.14,4000.95,3993.27,3998.98
2026.07.13 22:45,3998.88,4002.16,3996.83,4001.76
2026.07.13 23:00,4001.8,4005.88,3998.31,3998.51
2026.07.13 23:15,3998.52,4000.1,3996.62,3999.7
2026.07.13 23:30,3999.69,4000.26,3997.18,3999.89
2026.07.13 23:45,3999.81,4001.92,3997.87,4000.79
2026.07.14 01:00,4005.55,4006.62,4001.2,4003.72
2026.07.14 01:15,4003.73,4005.71,4003.73,4004.32
2026.07.14 01:30,4004.3,4005.39,4002.74,4003.71
2026.07.14 01:45,4003.7,4005.07,4000.66,4000.72
2026.07.14 02:00,4000.73,4002.97,3999.47,4000.07
2026.07.14 02:15,4000.08,4000.42,3996.74,3997.27
2026.07.14 02:30,3997.23,3997.26,3993.42,3995.27
2026.07.14 02:45,3995.22,4001.74,3992.34,4000.88
2026.07.14 03:00,4001.31,4004.7,3983.34,3995.36
2026.07.14 03:15,3995.26,3996.93,3985.46,3995.27
2026.07.14 03:30,3995.29,4006.89,3994.18,4002.57
2026.07.14 03:45,4002.63,4007.05,4000.51,4004.12
2026.07.14 04:00,4004.13,4004.42,3991.95,3995.24
2026.07.14 04:15,3995.28,4004.7,3995.04,3997.6
2026.07.14 04:30,3997.62,4003.98,3992.79,4002.01
2026.07.14 04:45,4002.07,4012.01,3998.57,4010.19
2026.07.14 05:00,4010.3,4017.79,4005.89,4016.63
2026.07.14 05:15,4016.65,4018.98,4013.45,4017.72
2026.07.14 05:30,4017.77,4018.89,4010.52,4010.8
2026.07.14 05:45,4010.81,4013.81,4008.94,4012.13
2026.07.14 06:00,4012.14,4016.54,4011.96,4014.03
2026.07.14 06:15,4014.05,4018.68,4011.05,4017.67
2026.07.14 06:30,4017.72,4018.94,4013.74,4015.06
2026.07.14 06:45,4015.09,4017.9,4014.49,4016.82
2026.07.14 07:00,4016.94,4018.72,4013.4,4015.6
2026.07.14 07:15,4015.59,4017.28,4013.88,4015.6
2026.07.14 07:30,4015.59,4023.23,4015.59,4020.47
2026.07.14 07:45,4020.45,4021.57,4015.74,4020.09
2026.07.14 08:00,4020.18,4023.77,4019.39,4022.97
2026.07.14 08:15,4023.03,4023.9,4019.82,4022.54
2026.07.14 08:30,4022.55,4033.9,4022.37,4032.03
2026.07.14 08:45,4032.0,4032.49,4029.0,4031.26
2026.07.14 09:00,4031.27,4032.98,4028.59,4030.74
2026.07.14 09:15,4030.74,4030.91,4022.93,4022.93
2026.07.14 09:30,4022.91,4026.12,4021.59,4024.99
2026.07.14 09:45,4025.01,4026.49,4022.79,4023.78
2026.07.14 10:00,4023.76,4028.79,4020.58,4024.56
2026.07.14 10:15,4024.55,4029.64,4024.26,4026.08
2026.07.14 10:30,4025.99,4029.51,4022.73,4023.43
2026.07.14 10:45,4023.52,4025.95,4019.99,4020.52
2026.07.14 11:00,4020.94,4022.28,4014.28,4017.09
2026.07.14 11:15,4017.12,4022.96,4017.12,4021.57
2026.07.14 11:30,4021.54,4023.72,4018.61,4019.18
2026.07.14 11:45,4019.19,4020.71,4015.77,4015.82
2026.07.14 12:00,4015.84,4024.3,4013.73,4020.48
2026.07.14 12:15,4020.51,4021.7,4014.95,4015.59
2026.07.14 12:30,4015.58,4017.95,4013.51,4017.04
2026.07.14 12:45,4017.0,4023.73,4016.35,4021.62
2026.07.14 13:00,4021.54,4022.09,4016.59,4018.01
2026.07.14 13:15,4017.95,4019.85,4015.5,4017.57
2026.07.14 13:30,4017.58,4020.01,4014.97,4018.83
2026.07.14 13:45,4018.82,4022.74,4017.79,4021.55
2026.07.14 14:00,4021.56,4023.86,4015.2,4022.65
2026.07.14 14:15,4022.66,4028.22,4020.36,4024.62
2026.07.14 14:30,4024.61,4030.13,4024.32,4027.82
2026.07.14 14:45,4027.83,4031.72,4025.58,4031.02
2026.07.14 15:00,4030.94,4035.63,4025.03,4025.75
2026.07.14 15:15,4025.74,4030.72,4023.08,4029.75
2026.07.14 15:30,4029.76,4103.86,4029.76,4092.73
2026.07.14 15:45,4092.92,4095.12,4068.75,4075.96
2026.07.14 16:00,4075.97,4083.23,4070.55,4075.01
2026.07.14 16:15,4074.83,4086.21,4071.98,4081.18
2026.07.14 16:30,4081.63,4088.38,4075.66,4087.29
2026.07.14 16:45,4087.27,4087.27,4074.12,4076.44
2026.07.14 17:00,4076.37,4085.02,4072.44,4082.11
2026.07.14 17:15,4082.1,4085.15,4070.46,4076.74
2026.07.14 17:30,4076.64,4090.3,4073.07,4079.87
2026.07.14 17:45,4079.83,4087.32,4077.42,4084.93
2026.07.14 18:00,4084.93,4100.23,4078.58,4090.0
2026.07.14 18:15,4089.9,4090.91,4082.37,4084.77
2026.07.14 18:30,4084.8,4086.72,4066.65,4073.95
2026.07.14 18:45,4073.94,4076.4,4064.45,4065.95
2026.07.14 19:00,4065.98,4066.69,4057.61,4062.81
2026.07.14 19:15,4062.66,4064.93,4057.64,4059.14
2026.07.14 19:30,4059.15,4062.69,4057.52,4060.66
2026.07.14 19:45,4060.64,4061.96,4057.52,4061.32
2026.07.14 20:00,4061.38,4064.38,4055.27,4056.48
2026.07.14 20:15,4056.44,4063.93,4054.38,4062.71
2026.07.14 20:30,4062.75,4064.95,4059.4,4059.62
2026.07.14 20:45,4059.63,4063.69,4058.17,4062.67
2026.07.14 21:00,4062.55,4062.7,4059.52,4061.52
2026.07.14 21:15,4061.31,4063.02,4056.46,4058.38
2026.07.14 21:30,4058.33,4059.38,4042.74,4046.42
2026.07.14 21:45,4046.52,4054.4,4044.69,4053.96
2026.07.14 22:00,4053.99,4057.08,4052.07,4056.36
2026.07.14 22:15,4056.37,4056.73,4051.2,4051.46
2026.07.14 22:30,4051.5,4052.73,4047.5,4052.44
2026.07.14 22:45,4052.38,4056.72,4051.51,4055.54
2026.07.14 23:00,4055.57,4056.35,4053.55,4053.55
2026.07.14 23:15,4053.54,4054.31,4052.07,4052.81
2026.07.14 23:30,4052.84,4053.3,4049.42,4050.26
2026.07.14 23:45,4050.23,4052.87,4049.01,4052.58
2026.07.15 01:00,4053.4,4054.31,4048.74,4050.5
2026.07.15 01:15,4050.51,4051.87,4048.95,4051.49
2026.07.15 01:30,4051.5,4052.57,4048.77,4050.34
2026.07.15 01:45,4050.33,4050.58,4048.36,4048.74
2026.07.15 02:00,4048.76,4049.96,4046.81,4047.41
2026.07.15 02:15,4047.41,4053.75,4046.54,4053.73
2026.07.15 02:30,4053.67,4055.97,4051.24,4054.51
2026.07.15 02:45,4054.48,4054.74,4051.8,4052.85
2026.07.15 03:00,4052.82,4056.01,4050.8,4051.0
2026.07.15 03:15,4050.99,4058.03,4050.79,4058.01
2026.07.15 03:30,4058.09,4058.29,4052.04,4054.48
2026.07.15 03:45,4054.47,4060.42,4054.02,4058.84
2026.07.15 04:00,4058.86,4061.92,4054.87,4055.62
2026.07.15 04:15,4055.6,4057.23,4052.56,4054.26
2026.07.15 04:30,4054.25,4054.53,4036.44,4038.7
2026.07.15 04:45,4038.88,4042.46,4035.33,4037.25
2026.07.15 05:00,4037.21,4042.08,4034.03,4036.62
2026.07.15 05:15,4036.63,4036.87,4028.95,4032.78
2026.07.15 05:30,4032.69,4041.73,4032.47,4041.46
2026.07.15 05:45,4041.48,4041.74,4034.24,4035.05
2026.07.15 06:00,4035.03,4040.24,4032.69,4033.82
2026.07.15 06:15,4033.86,4035.08,4030.05,4030.9
2026.07.15 06:30,4030.91,4035.53,4027.91,4029.22
2026.07.15 06:45,4029.12,4033.33,4029.12,4031.13
2026.07.15 07:00,4031.11,4033.1,4029.86,4031.43
2026.07.15 07:15,4031.4,4034.87,4030.85,4033.41
2026.07.15 07:30,4033.42,4034.97,4027.97,4029.97
2026.07.15 07:45,4030.04,4034.11,4030.04,4033.04
2026.07.15 08:00,4033.09,4035.92,4024.93,4025.95
2026.07.15 08:15,4025.9,4028.32,4024.61,4024.91
2026.07.15 08:30,4024.9,4036.58,4021.87,4029.48
2026.07.15 08:45,4029.49,4034.61,4027.19,4034.61
2026.07.15 09:00,4034.47,4035.27,4027.02,4027.49
2026.07.15 09:15,4027.47,4028.38,4021.08,4026.26
2026.07.15 09:30,4026.32,4032.98,4022.59,4032.39
2026.07.15 09:45,4032.38,4033.59,4029.53,4031.93
2026.07.15 10:00,4031.97,4034.13,4027.88,4029.11
2026.07.15 10:15,4029.13,4029.73,4019.86,4023.88
2026.07.15 10:30,4023.83,4026.85,4019.54,4022.65
2026.07.15 10:45,4022.63,4026.63,4021.15,4024.3
2026.07.15 11:00,4024.51,4025.81,4017.21,4017.81
2026.07.15 11:15,4017.8,4026.57,4017.8,4026.55
2026.07.15 11:30,4026.53,4029.06,4024.32,4028.31
2026.07.15 11:45,4028.32,4033.01,4027.47,4030.97
2026.07.15 12:00,4031.01,4034.17,4029.38,4030.15
2026.07.15 12:15,4030.21,4032.71,4026.85,4027.24
2026.07.15 12:30,4027.25,4029.53,4025.28,4027.07
2026.07.15 12:45,4027.09,4030.19,4026.01,4030.04
2026.07.15 13:00,4030.04,4035.83,4028.46,4033.49
2026.07.15 13:15,4033.47,4035.37,4026.44,4028.64
2026.07.15 13:30,4028.65,4033.9,4028.21,4030.99
2026.07.15 13:45,4030.96,4031.08,4026.84,4027.96
2026.07.15 14:00,4027.85,4032.77,4027.62,4030.09
2026.07.15 14:15,4030.13,4031.14,4027.43,4030.58
2026.07.15 14:30,4030.54,4039.21,4029.11,4037.3
2026.07.15 14:45,4037.37,4040.03,4035.42,4038.18
2026.07.15 15:00,4038.2,4042.34,4035.7,4037.73
2026.07.15 15:15,4037.86,4040.65,4037.35,4039.25
2026.07.15 15:30,4039.09,4066.02,4039.09,4062.92
2026.07.15 15:45,4062.86,4071.33,4060.82,4067.6
2026.07.15 16:00,4068.06,4073.95,4061.64,4061.64
2026.07.15 16:15,4061.49,4066.41,4054.1,4055.7
2026.07.15 16:30,4055.69,4062.93,4055.31,4061.0
2026.07.15 16:45,4060.97,4066.08,4054.86,4061.37
2026.07.15 17:00,4061.67,4065.51,4059.72,4064.12
2026.07.15 17:15,4064.11,4065.85,4055.31,4058.19
2026.07.15 17:30,4058.29,4063.82,4056.72,4057.1
2026.07.15 17:45,4057.04,4060.78,4053.06,4060.4
2026.07.15 18:00,4060.68,4062.86,4043.04,4043.95
2026.07.15 18:15,4043.89,4049.67,4039.47,4048.9
2026.07.15 18:30,4048.89,4050.33,4044.66,4049.4
2026.07.15 18:45,4049.4,4050.66,4046.15,4046.7
2026.07.15 19:00,4046.68,4047.67,4037.17,4038.17
2026.07.15 19:15,4038.02,4040.71,4032.73,4034.61
2026.07.15 19:30,4034.59,4036.83,4026.62,4028.53
2026.07.15 19:45,4028.48,4037.84,4027.5,4033.53
2026.07.15 20:00,4033.63,4038.99,4032.77,4035.65
2026.07.15 20:15,4035.61,4048.01,4032.93,4047.31
2026.07.15 20:30,4047.27,4062.82,4047.0,4062.03
2026.07.15 20:45,4062.02,4065.96,4060.11,4062.06
2026.07.15 21:00,4062.09,4070.21,4061.59,4067.69
2026.07.15 21:15,4067.7,4075.12,4066.5,4074.0
2026.07.15 21:30,4074.07,4080.99,4067.45,4067.45
2026.07.15 21:45,4067.45,4068.34,4057.83,4058.93
2026.07.15 22:00,4058.96,4062.66,4057.05,4060.79
2026.07.15 22:15,4060.75,4061.21,4052.74,4055.9
2026.07.15 22:30,4055.98,4057.35,4047.67,4050.93
2026.07.15 22:45,4050.95,4057.03,4050.47,4056.83
2026.07.15 23:00,4056.63,4058.15,4054.91,4057.29
2026.07.15 23:15,4057.31,4061.93,4057.12,4061.06
2026.07.15 23:30,4061.07,4062.88,4060.1,4061.57
2026.07.15 23:45,4061.51,4062.82,4059.65,4060.25
2026.07.16 01:00,4064.85,4066.35,4060.62,4063.38
2026.07.16 01:15,4063.34,4064.02,4061.22,4062.03
2026.07.16 01:30,4062.06,4062.2,4058.91,4059.85
2026.07.16 01:45,4059.83,4061.22,4058.02,4059.46
2026.07.16 02:00,4059.39,4061.93,4058.69,4060.15
2026.07.16 02:15,4060.15,4060.24,4056.8,4057.59
2026.07.16 02:30,4057.62,4059.27,4055.44,4057.61
2026.07.16 02:45,4057.59,4060.67,4055.95,4057.73
2026.07.16 03:00,4057.91,4059.31,4054.64,4056.15
2026.07.16 03:15,4056.17,4060.14,4054.74,4058.13
2026.07.16 03:30,4058.14,4061.05,4053.98,4054.94
2026.07.16 03:45,4054.88,4060.83,4043.46,4044.39
2026.07.16 04:00,4044.38,4050.29,4040.82,4044.99
2026.07.16 04:15,4045.0,4045.14,4033.63,4036.62
2026.07.16 04:30,4036.6,4045.82,4036.39,4041.9
2026.07.16 04:45,4041.86,4043.67,4037.02,4038.89
2026.07.16 05:00,4038.89,4039.98,4031.12,4032.41
2026.07.16 05:15,4032.35,4034.69,4028.66,4034.33
2026.07.16 05:30,4034.26,4035.63,4023.91,4027.53
2026.07.16 05:45,4027.49,4032.46,4024.56,4031.29
2026.07.16 06:00,4031.19,4032.96,4029.04,4029.55
2026.07.16 06:15,4029.56,4033.84,4027.47,4033.78
2026.07.16 06:30,4033.7,4036.08,4032.12,4035.23
2026.07.16 06:45,4035.2,4036.64,4033.89,4036.05
2026.07.16 07:00,4036.04,4037.7,4031.73,4036.73
2026.07.16 07:15,4036.69,4036.74,4031.7,4033.66
2026.07.16 07:30,4033.65,4035.16,4031.77,4032.44
2026.07.16 07:45,4032.41,4035.12,4032.09,4032.94
2026.07.16 08:00,4032.95,4033.86,4029.16,4030.64
2026.07.16 08:15,4030.7,4032.8,4026.55,4027.58
2026.07.16 08:30,4027.59,4032.9,4025.1,4032.24
2026.07.16 08:45,4032.25,4032.76,4025.3,4027.03
2026.07.16 09:00,4027.12,4036.31,4026.87,4031.99
2026.07.16 09:15,4031.98,4032.71,4027.72,4030.24
2026.07.16 09:30,4030.19,4030.53,4022.76,4026.77
2026.07.16 09:45,4026.78,4031.33,4026.16,4030.41
2026.07.16 10:00,4030.38,4030.63,4025.49,4026.09
2026.07.16 10:15,4026.08,4026.71,4023.52,4024.26
2026.07.16 10:30,4024.25,4028.17,4022.8,4025.99
2026.07.16 10:45,4026.0,4031.71,4025.8,4030.52
2026.07.16 11:00,4030.42,4034.0,4025.22,4025.61
2026.07.16 11:15,4025.59,4033.57,4025.03,4032.17
2026.07.16 11:30,4032.13,4035.52,4031.9,4033.45
2026.07.16 11:45,4033.52,4036.51,4032.98,4035.09
2026.07.16 12:00,4035.16,4037.23,4035.13,4036.68
2026.07.16 12:15,4036.67,4037.61,4030.71,4032.88
2026.07.16 12:30,4032.87,4034.87,4030.27,4034.17
2026.07.16 12:45,4034.15,4036.17,4031.45,4031.57
2026.07.16 13:00,4031.48,4032.54,4029.47,4031.53
2026.07.16 13:15,4031.56,4034.54,4031.4,4033.18
2026.07.16 13:30,4033.19,4034.4,4031.4,4032.87
2026.07.16 13:45,4032.86,4033.04,4028.41,4029.31
2026.07.16 14:00,4029.24,4030.0,4026.19,4027.81
2026.07.16 14:15,4027.82,4027.82,4021.08,4024.18
2026.07.16 14:30,4024.12,4035.92,4023.32,4034.8
2026.07.16 14:45,4034.81,4042.17,4027.63,4038.26
2026.07.16 15:00,4038.27,4043.17,4027.33,4031.64
2026.07.16 15:15,4031.65,4032.03,4012.59,4025.02
2026.07.16 15:30,4025.06,4029.44,4000.51,4002.57
2026.07.16 15:45,4002.45,4008.79,3990.11,3992.13
2026.07.16 16:00,3991.83,3996.63,3973.54,3991.96
2026.07.16 16:15,3992.05,4006.0,3991.03,4005.29
2026.07.16 16:30,4005.42,4008.18,3981.53,3986.19
2026.07.16 16:45,3985.92,3996.9,3985.92,3989.95
2026.07.16 17:00,3989.96,3997.16,3986.93,3988.93
2026.07.16 17:15,3988.95,4000.49,3987.42,3999.14
2026.07.16 17:30,3999.16,4004.65,3995.34,4004.53
2026.07.16 17:45,4004.78,4006.59,3992.28,3997.69
2026.07.16 18:00,3997.71,3998.54,3989.14,3992.61
2026.07.16 18:15,3992.62,4016.64,3992.47,4011.15
2026.07.16 18:30,4011.14,4016.1,4007.34,4010.24
2026.07.16 18:45,4010.25,4012.97,4005.32,4006.81
2026.07.16 19:00,4006.86,4007.45,3989.57,3989.57
2026.07.16 19:15,3989.39,3991.52,3982.18,3987.25
2026.07.16 19:30,3987.26,3992.29,3986.72,3991.73
2026.07.16 19:45,3991.68,3996.82,3989.13,3991.84
2026.07.16 20:00,3992.01,3992.77,3984.3,3985.61
2026.07.16 20:15,3985.64,3988.57,3982.56,3987.54
2026.07.16 20:30,3987.55,3988.59,3979.89,3981.4
2026.07.16 20:45,3981.43,3987.49,3980.87,3984.45
2026.07.16 21:00,3984.6,3989.19,3983.45,3985.13
2026.07.16 21:15,3985.07,3990.26,3984.19,3986.34
2026.07.16 21:30,3986.07,3986.19,3976.29,3982.85
2026.07.16 21:45,3982.84,3984.64,3979.35,3980.15
2026.07.16 22:00,3980.16,3985.98,3978.87,3980.35
2026.07.16 22:15,3980.36,3983.86,3978.49,3978.79
2026.07.16 22:30,3978.76,3979.42,3969.06,3975.55
2026.07.16 22:45,3975.53,3982.32,3972.83,3979.73
2026.07.16 23:00,3979.82,3979.85,3974.22,3974.75
2026.07.16 23:15,3974.77,3975.09,3971.63,3974.65
2026.07.16 23:30,3974.65,3976.11,3973.26,3974.27
2026.07.16 23:45,3974.28,3976.5,3973.92,3976.24
2026.07.17 01:00,3977.87,3980.2,3975.76,3976.11
2026.07.17 01:15,3976.12,3977.41,3974.56,3976.32
2026.07.17 01:30,3976.31,3976.75,3973.3,3973.32
2026.07.17 01:45,3973.39,3978.2,3973.05,3978.07
2026.07.17 02:00,3978.06,3980.12,3975.03,3979.9
2026.07.17 02:15,3979.91,3980.4,3977.49,3978.29
2026.07.17 02:30,3978.28,3981.71,3975.35,3981.29
2026.07.17 02:45,3981.28,3986.23,3976.4,3985.73
2026.07.17 03:00,3985.71,3987.18,3982.85,3983.59
2026.07.17 03:15,3983.58,3990.74,3983.49,3984.56
2026.07.17 03:30,3984.55,3984.86,3980.26,3981.87
2026.07.17 03:45,3981.85,3991.82,3981.44,3991.82
2026.07.17 04:00,3991.83,3994.81,3987.09,3991.98
2026.07.17 04:15,3991.99,3995.86,3987.7,3990.86
2026.07.17 04:30,3990.84,3995.22,3988.69,3991.23
2026.07.17 04:45,3991.14,3992.43,3978.98,3983.05
2026.07.17 05:00,3983.17,3987.13,3979.53,3980.75
2026.07.17 05:15,3980.76,3984.18,3980.22,3982.81
2026.07.17 05:30,3982.84,3983.94,3970.59,3974.74
2026.07.17 05:45,3974.7,3979.99,3974.13,3978.94
2026.07.17 06:00,3978.71,3992.47,3978.53,3988.56
2026.07.17 06:15,3988.59,4008.66,3988.38,4000.98
2026.07.17 06:30,4000.86,4001.37,3995.76,3997.29
2026.07.17 06:45,3997.3,3998.46,3990.4,3991.14
2026.07.17 07:00,3991.11,3991.47,3987.03,3988.54
2026.07.17 07:15,3988.57,3989.96,3984.96,3986.07
2026.07.17 07:30,3986.05,3988.04,3979.96,3981.78
2026.07.17 07:45,3981.83,3984.43,3980.07,3981.49
2026.07.17 08:00,3981.36,3982.53,3976.85,3979.45
2026.07.17 08:15,3979.44,3981.5,3974.85,3979.61
2026.07.17 08:30,3979.58,3990.31,3978.17,3986.59
2026.07.17 08:45,3986.6,3991.24,3981.63,3984.78
2026.07.17 09:00,3984.81,4000.72,3984.81,3999.52
2026.07.17 09:15,3999.49,4005.86,3997.69,4003.63
2026.07.17 09:30,4003.71,4006.95,3995.46,3995.99
2026.07.17 09:45,3996.02,4001.33,3995.78,3999.13
2026.07.17 10:00,3999.12,4002.33,3993.12,3996.3
2026.07.17 10:15,3996.25,3999.09,3993.82,3996.15
2026.07.17 10:30,3996.12,3998.5,3993.88,3998.47
2026.07.17 10:45,3998.45,3998.55,3992.43,3992.48
2026.07.17 11:00,3992.39,3999.65,3991.23,3993.0
2026.07.17 11:15,3992.99,3994.93,3987.99,3992.17
2026.07.17 11:30,3992.19,3993.24,3987.65,3993.17
2026.07.17 11:45,3993.19,3999.31,3991.44,3993.98
2026.07.17 12:00,3993.91,3998.39,3992.6,3997.72
2026.07.17 12:15,3997.76,4002.22,3995.46,3998.89
2026.07.17 12:30,3998.96,3999.51,3995.09,3995.5
2026.07.17 12:45,3995.66,3998.48,3994.53,3997.88
2026.07.17 13:00,3997.87,3998.49,3994.61,3997.05
2026.07.17 13:15,3997.05,3998.85,3994.26,3995.87
2026.07.17 13:30,3995.88,3997.34,3993.76,3996.21
2026.07.17 13:45,3996.22,3997.16,3990.34,3990.56
2026.07.17 14:00,3990.66,3994.15,3990.07,3991.56
2026.07.17 14:15,3991.53,3995.94,3989.78,3995.55
2026.07.17 14:30,3995.67,3996.38,3991.26,3991.87
2026.07.17 14:45,3991.85,3998.59,3991.23,3993.84
2026.07.17 15:00,3993.88,3995.34,3988.12,3989.66
2026.07.17 15:15,3989.65,3992.14,3984.08,3987.02
2026.07.17 15:30,3987.07,3988.11,3965.23,3969.49
2026.07.17 15:45,3969.47,3973.01,3963.84,3965.98
2026.07.17 16:00,3966.03,3975.69,3959.38,3970.0
2026.07.17 16:15,3969.65,3974.91,3966.95,3968.12
2026.07.17 16:30,3968.03,4003.47,3963.48,3984.91
2026.07.17 16:45,3984.88,3997.47,3980.98,3997.07
2026.07.17 17:00,3996.92,4000.52,3990.08,3994.47
2026.07.17 17:15,3995.07,4004.27,3993.51,3998.39
2026.07.17 17:30,3998.36,3999.56,3991.98,3997.55
2026.07.17 17:45,3997.51,4001.16,3992.62,4000.94
2026.07.17 18:00,4000.97,4013.94,3997.63,4005.75
2026.07.17 18:15,4005.74,4013.22,4004.36,4013.22
2026.07.17 18:30,4013.25,4015.98,4009.08,4015.22
2026.07.17 18:45,4015.18,4020.91,4013.54,4018.88
2026.07.17 19:00,4019.07,4020.22,4010.86,4017.82
2026.07.17 19:15,4017.74,4023.7,4016.57,4018.48
2026.07.17 19:30,4018.47,4019.16,4012.6,4017.27
2026.07.17 19:45,4017.28,4020.4,4014.46,4014.79
2026.07.17 20:00,4015.14,4019.02,4013.12,4013.18
2026.07.17 20:15,4013.13,4015.78,4012.33,4013.67
2026.07.17 20:30,4013.7,4014.33,4009.61,4010.79
2026.07.17 20:45,4010.78,4013.12,4008.17,4009.77
2026.07.17 21:00,4009.86,4012.73,4007.57,4010.26
2026.07.17 21:15,4010.25,4015.91,4008.84,4015.23
2026.07.17 21:30,4015.22,4016.02,4007.0,4007.91
2026.07.17 21:45,4007.94,4012.1,4006.4,4011.07
2026.07.17 22:00,4011.05,4011.25,4004.17,4005.69
2026.07.17 22:15,4005.66,4006.47,4002.13,4005.18
2026.07.17 22:30,4005.37,4009.98,4004.78,4009.76
2026.07.17 22:45,4009.76,4016.26,4009.12,4015.16
2026.07.17 23:00,4015.2,4015.7,4011.83,4011.92
2026.07.17 23:15,4011.91,4012.34,4008.72,4010.68
2026.07.17 23:30,4010.67,4013.26,4008.15,4012.71
2026.07.17 23:45,4012.71,4018.24,4012.65,4016.98
2026.07.20 01:00,3998.94,4006.25,3993.84,3996.05
2026.07.20 01:15,3996.05,3999.81,3994.21,3994.41
2026.07.20 01:30,3994.31,3999.1,3993.25,3996.63
2026.07.20 01:45,3996.6,3998.24,3994.5,3994.63
2026.07.20 02:00,3994.7,3995.39,3990.56,3990.89
2026.07.20 02:15,3990.91,3993.76,3990.33,3992.93
2026.07.20 02:30,3992.96,3994.32,3989.82,3992.18
2026.07.20 02:45,3992.24,3995.97,3989.18,3995.22
2026.07.20 03:00,3995.18,3998.65,3982.47,3995.93
2026.07.20 03:15,3995.84,4005.45,3993.43,4003.58
2026.07.20 03:30,4003.59,4007.02,3998.14,3998.45
2026.07.20 03:45,3998.46,4009.92,3998.31,4008.37
2026.07.20 04:00,4008.44,4020.66,4005.51,4009.89
2026.07.20 04:15,4009.88,4010.11,3999.61,4002.87
2026.07.20 04:30,4002.89,4005.56,3995.56,3996.76
2026.07.20 04:45,3996.85,4004.17,3996.74,4002.0
2026.07.20 05:00,4001.92,4009.76,4001.11,4006.13
2026.07.20 05:15,4006.12,4008.58,4003.83,4006.57
2026.07.20 05:30,4006.6,4016.05,4005.82,4014.64
2026.07.20 05:45,4014.72,4028.49,4013.74,4021.77
2026.07.20 06:00,4021.76,4024.34,4018.45,4024.04
2026.07.20 06:15,4024.04,4026.53,4021.44,4022.02
2026.07.20 06:30,4022.14,4027.8,4018.56,4027.08
2026.07.20 06:45,4027.06,4027.64,4022.66,4023.83
2026.07.20 07:00,4023.85,4026.57,4021.29,4021.39
2026.07.20 07:15,4021.42,4025.24,4021.26,4025.12
2026.07.20 07:30,4025.14,4025.18,4022.06,4022.86
2026.07.20 07:45,4022.84,4022.85,4018.28,4018.64
2026.07.20 08:00,4018.63,4020.86,4011.55,4013.52
2026.07.20 08:15,4013.58,4014.58,4009.68,4010.69
2026.07.20 08:30,4010.67,4014.26,4007.67,4009.67
2026.07.20 08:45,4009.72,4010.54,4005.19,4008.55
2026.07.20 09:00,4008.54,4011.56,4006.66,4007.3
2026.07.20 09:15,4007.25,4009.37,4003.84,4004.66
2026.07.20 09:30,4004.71,4006.42,4002.82,4004.7
2026.07.20 09:45,4004.69,4007.37,4003.04,4003.65
2026.07.20 10:00,4003.66,4006.68,4001.86,4004.09
2026.07.20 10:15,4004.08,4008.48,4002.05,4006.55
2026.07.20 10:30,4006.46,4020.91,4006.41,4020.91
2026.07.20 10:45,4021.09,4021.71,4015.61,4017.11
2026.07.20 11:00,4016.94,4025.39,4016.94,4023.93
2026.07.20 11:15,4023.94,4030.55,4021.72,4021.84
2026.07.20 11:30,4021.84,4024.63,4018.68,4021.62
2026.07.20 11:45,4021.62,4022.63,4017.27,4018.77
2026.07.20 12:00,4018.76,4020.76,4014.95,4019.13
2026.07.20 12:15,4019.12,4021.83,4015.34,4016.22
2026.07.20 12:30,4016.19,4020.76,4014.65,4018.97
2026.07.20 12:45,4018.9,4023.12,4017.36,4020.97
2026.07.20 13:00,4020.98,4021.56,4018.0,4020.63
2026.07.20 13:15,4020.65,4023.06,4018.64,4021.63
2026.07.20 13:30,4021.62,4024.07,4020.96,4021.99
2026.07.20 13:45,4021.97,4025.45,4020.76,4023.91
2026.07.20 14:00,4023.96,4027.04,4019.59,4021.9
2026.07.20 14:15,4021.92,4023.73,4019.73,4021.99
2026.07.20 14:30,4022.0,4040.49,4021.31,4032.4
2026.07.20 14:45,4032.34,4032.34,4024.84,4025.12
2026.07.20 15:00,4025.12,4025.12,4011.25,4012.54
2026.07.20 15:15,4012.25,4014.64,4006.69,4012.73
2026.07.20 15:30,4012.74,4014.58,4006.38,4009.8
2026.07.20 15:45,4009.81,4015.54,4007.89,4008.0
2026.07.20 16:00,4007.93,4013.73,4007.77,4008.58
2026.07.20 16:15,4008.55,4012.39,4006.89,4008.53
2026.07.20 16:30,4008.89,4017.21,4008.03,4012.87
2026.07.20 16:45,4012.84,4013.18,4005.5,4005.62
2026.07.20 17:00,4005.52,4007.7,3998.06,3998.46
2026.07.20 17:15,3998.63,4006.55,3998.1,4006.47
2026.07.20 17:30,4006.56,4010.71,4005.84,4007.19
2026.07.20 17:45,4007.18,4013.33,4004.85,4005.89
2026.07.20 18:00,4005.96,4019.32,4004.23,4014.22
2026.07.20 18:15,4014.09,4016.47,4010.91,4016.23
2026.07.20 18:30,4016.24,4016.59,4010.01,4012.66
2026.07.20 18:45,4012.68,4016.28,4011.55,4011.6
2026.07.20 19:00,4011.6,4018.18,4011.05,4013.55
2026.07.20 19:15,4013.6,4014.26,4010.48,4012.36
2026.07.20 19:30,4012.37,4012.54,4001.27,4009.37
2026.07.20 19:45,4009.38,4010.32,4006.87,4009.59
2026.07.20 20:00,4009.57,4012.15,4009.35,4009.96
2026.07.20 20:15,4009.99,4012.89,4008.71,4011.91
2026.07.20 20:30,4012.09,4012.82,4007.52,4007.82
2026.07.20 20:45,4007.83,4007.83,4003.49,4005.02
2026.07.20 21:00,4005.06,4010.64,4004.99,4008.56
2026.07.20 21:15,4008.57,4011.62,4003.12,4006.42
2026.07.20 21:30,4006.57,4007.27,4004.13,4006.2
2026.07.20 21:45,4006.16,4008.56,4005.12,4007.11
2026.07.20 22:00,4007.09,4007.91,4004.15,4004.37
2026.07.20 22:15,4004.38,4012.68,4004.08,4012.59
2026.07.20 22:30,4012.65,4017.81,4005.12,4005.62
2026.07.20 22:45,4005.6,4009.79,4005.46,4006.83
2026.07.20 23:00,4006.88,4009.12,4005.59,4007.49
2026.07.20 23:15,4007.47,4008.97,4006.99,4008.08
2026.07.20 23:30,4008.09,4009.3,4007.25,4008.64
2026.07.20 23:45,4008.63,4008.71,4006.83,4007.41
2026.07.21 01:00,4009.69,4010.58,4005.46,4006.75
2026.07.21 01:15,4006.74,4010.53,4004.87,4009.53
2026.07.21 01:30,4009.54,4009.55,4002.56,4003.98
2026.07.21 01:45,4003.99,4008.23,3999.56,4000.22
2026.07.21 02:00,4000.4,4009.77,4000.01,4003.03
2026.07.21 02:15,4003.05,4007.12,4002.91,4003.37
2026.07.21 02:30,4003.32,4008.38,4003.13,4007.41
2026.07.21 02:45,4007.37,4010.26,4004.02,4009.72
2026.07.21 03:00,4009.71,4012.47,4003.55,4010.53
2026.07.21 03:15,4010.54,4018.31,4007.67,4014.79
2026.07.21 03:30,4014.8,4023.69,4014.01,4022.22
2026.07.21 03:45,4022.21,4026.99,4021.73,4024.72
2026.07.21 04:00,4024.73,4029.79,4018.17,4028.72
2026.07.21 04:15,4028.77,4035.61,4026.08,4027.99
2026.07.21 04:30,4028.01,4030.66,4023.09,4024.32
2026.07.21 04:45,4024.29,4028.1,4021.14,4023.01
2026.07.21 05:00,4023.08,4026.49,4021.82,4024.22
2026.07.21 05:15,4024.19,4029.87,4021.77,4028.61
2026.07.21 05:30,4028.68,4045.01,4027.79,4035.51
2026.07.21 05:45,4035.48,4038.12,4030.84,4037.78
2026.07.21 06:00,4037.76,4042.09,4037.49,4037.91
2026.07.21 06:15,4037.92,4051.03,4036.67,4047.25
2026.07.21 06:30,4047.28,4049.36,4041.64,4041.67
2026.07.21 06:45,4041.71,4047.28,4041.67,4046.75
2026.07.21 07:00,4046.76,4051.56,4045.57,4045.81
2026.07.21 07:15,4045.8,4046.59,4043.51,4044.54
2026.07.21 07:30,4044.57,4047.42,4044.08,4046.85
2026.07.21 07:45,4046.96,4049.62,4045.33,4049.39
2026.07.21 08:00,4049.41,4051.62,4046.15,4051.38
2026.07.21 08:15,4051.28,4056.4,4047.87,4054.22
2026.07.21 08:30,4054.48,4066.45,4054.48,4065.83
2026.07.21 08:45,4066.08,4067.77,4061.05,4061.35
2026.07.21 09:00,4061.27,4072.28,4061.27,4071.25
2026.07.21 09:15,4071.24,4074.29,4068.18,4072.28
2026.07.21 09:30,4072.43,4080.56,4071.76,4077.02
2026.07.21 09:45,4077.01,4083.87,4077.01,4078.2
2026.07.21 10:00,4078.33,4080.04,4071.64,4071.99
2026.07.21 10:15,4072.01,4073.34,4068.08,4069.43
2026.07.21 10:30,4069.39,4075.18,4067.53,4071.3
2026.07.21 10:45,4071.32,4072.43,4069.65,4071.18
2026.07.21 11:00,4071.03,4072.39,4065.4,4067.87
2026.07.21 11:15,4067.88,4068.43,4062.8,4063.43
2026.07.21 11:30,4063.38,4064.97,4060.75,4062.05
2026.07.21 11:45,4061.99,4063.42,4058.96,4062.67
2026.07.21 12:00,4062.76,4066.57,4062.76,4065.0
2026.07.21 12:15,4065.01,4068.18,4062.39,4062.62
2026.07.21 12:30,4062.61,4065.41,4060.85,4062.26
2026.07.21 12:45,4062.29,4069.62,4061.95,4065.8
2026.07.21 13:00,4065.78,4068.4,4060.87,4066.2
2026.07.21 13:15,4066.21,4069.12,4064.82,4066.67
2026.07.21 13:30,4066.68,4069.99,4066.44,4066.95
2026.07.21 13:45,4066.95,4068.38,4062.37,4062.75
2026.07.21 14:00,4062.76,4063.49,4055.32,4058.34
2026.07.21 14:15,4058.2,4059.58,4056.05,4057.82
2026.07.21 14:30,4057.89,4060.93,4055.37,4055.86
2026.07.21 14:45,4055.85,4058.21,4054.25,4055.78
2026.07.21 15:00,4055.85,4060.77,4055.54,4059.25
2026.07.21 15:15,4059.26,4065.55,4055.47,4061.42
2026.07.21 15:30,4061.48,4063.57,4050.82,4053.71
2026.07.21 15:45,4053.7,4061.87,4052.73,4053.66
2026.07.21 16:00,4053.86,4060.22,4053.83,4059.59
2026.07.21 16:15,4059.55,4061.48,4050.06,4050.75
2026.07.21 16:30,4050.81,4057.24,4044.61,4046.29
2026.07.21 16:45,4046.27,4053.36,4044.27,4052.94
2026.07.21 17:00,4052.96,4065.83,4051.64,4065.7
2026.07.21 17:15,4065.52,4069.22,4060.94,4069.22
2026.07.21 17:30,4069.11,4073.66,4062.1,4067.33
2026.07.21 17:45,4067.37,4070.54,4066.01,4068.16
2026.07.21 18:00,4068.08,4073.72,4065.34,4073.1
2026.07.21 18:15,4073.15,4078.99,4073.09,4076.61
2026.07.21 18:30,4076.63,4083.28,4075.39,4075.7
2026.07.21 18:45,4075.74,4078.0,4072.04,4074.02
2026.07.21 19:00,4074.02,4078.96,4073.37,4078.24
2026.07.21 19:15,4078.28,4078.35,4073.86,4075.51
2026.07.21 19:30,4075.53,4076.22,4070.99,4071.8
2026.07.21 19:45,4071.79,4073.15,4069.7,4071.39
2026.07.21 20:00,4071.48,4072.41,4069.14,4070.35
2026.07.21 20:15,4070.27,4072.68,4068.75,4072.08
2026.07.21 20:30,4071.94,4072.14,4066.69,4067.98
2026.07.21 20:45,4067.97,4068.49,4066.63,4068.49
2026.07.21 21:00,4068.5,4072.11,4067.47,4071.25
2026.07.21 21:15,4071.26,4086.96,4071.04,4083.64
2026.07.21 21:30,4083.63,4085.43,4081.06,4082.16
2026.07.21 21:45,4082.18,4083.19,4079.13,4082.08
2026.07.21 22:00,4082.1,4085.38,4079.93,4080.68
2026.07.21 22:15,4080.67,4085.09,4080.67,4083.89
2026.07.21 22:30,4083.92,4084.89,4081.66,4083.19
2026.07.21 22:45,4083.19,4085.23,4082.68,4084.39
2026.07.21 23:00,4084.28,4086.1,4083.06,4084.15
2026.07.21 23:15,4084.14,4084.35,4081.39,4082.55
2026.07.21 23:30,4082.57,4085.19,4080.23,4080.83
2026.07.21 23:45,4080.82,4080.82,4076.39,4077.56
2026.07.22 01:00,4078.77,4080.75,4076.83,4078.81
2026.07.22 01:15,4078.91,4082.85,4078.02,4082.49
2026.07.22 01:30,4082.53,4084.89,4082.4,4083.85
2026.07.22 01:45,4083.82,4084.25,4078.02,4080.31
2026.07.22 02:00,4080.3,4081.74,4079.34,4081.11
2026.07.22 02:15,4081.14,4082.34,4080.73,4080.94
2026.07.22 02:30,4080.95,4082.16,4078.99,4080.2
2026.07.22 02:45,4080.23,4082.99,4078.99,4080.54
2026.07.22 03:00,4080.48,4092.53,4076.54,4091.93
2026.07.22 03:15,4091.94,4098.58,4091.93,4097.9
2026.07.22 03:30,4097.92,4102.45,4089.36,4092.54
2026.07.22 03:45,4092.56,4099.2,4091.31,4097.34
2026.07.22 04:00,4097.31,4121.36,4096.55,4121.11
2026.07.22 04:15,4121.05,4121.54,4111.51,4115.27
2026.07.22 04:30,4115.24,4122.6,4112.72,4121.42
2026.07.22 04:45,4121.48,4123.38,4117.16,4121.89
2026.07.22 05:00,4121.97,4123.22,4118.62,4121.63
2026.07.22 05:15,4121.66,4125.89,4119.75,4124.04
2026.07.22 05:30,4124.05,4130.25,4122.09,4128.12
2026.07.22 05:45,4128.13,4130.77,4125.99,4130.36
2026.07.22 06:00,4130.37,4140.46,4129.12,4137.12
2026.07.22 06:15,4136.91,4141.45,4136.63,4138.0
2026.07.22 06:30,4138.0,4138.06,4132.29,4133.42
2026.07.22 06:45,4133.42,4134.2,4129.97,4130.67
2026.07.22 07:00,4130.66,4131.04,4126.09,4126.78
2026.07.22 07:15,4126.71,4129.43,4126.71,4128.59
2026.07.22 07:30,4128.57,4128.82,4124.6,4127.15
2026.07.22 07:45,4127.2,4127.45,4125.08,4126.83
2026.07.22 08:00,4126.85,4129.79,4125.69,4128.39
2026.07.22 08:15,4128.37,4128.51,4122.95,4123.48
2026.07.22 08:30,4123.5,4133.89,4122.83,4132.26
2026.07.22 08:45,4132.28,4133.12,4127.95,4130.88
2026.07.22 09:00,4130.79,4135.07,4129.28,4129.68
2026.07.22 09:15,4129.67,4131.83,4113.85,4117.27
2026.07.22 09:30,4117.28,4120.17,4114.43,4118.55
2026.07.22 09:45,4118.41,4120.42,4113.25,4116.31
2026.07.22 10:00,4116.83,4117.14,4111.81,4116.32
2026.07.22 10:15,4116.16,4122.31,4115.79,4119.57
2026.07.22 10:30,4119.48,4122.8,4110.85,4112.17
2026.07.22 10:45,4112.16,4114.18,4109.02,4110.41
2026.07.22 11:00,4110.39,4115.85,4110.39,4114.49
2026.07.22 11:15,4114.66,4117.7,4113.29,4117.37
2026.07.22 11:30,4117.22,4118.96,4114.01,4114.41
2026.07.22 11:45,4114.46,4119.92,4113.15,4118.15
2026.07.22 12:00,4118.18,4122.05,4117.67,4121.6
2026.07.22 12:15,4121.63,4122.18,4117.77,4118.51
2026.07.22 12:30,4118.44,4121.56,4114.12,4115.82
2026.07.22 12:45,4115.79,4117.74,4113.14,4114.87
2026.07.22 13:00,4114.88,4119.93,4114.74,4117.34
2026.07.22 13:15,4117.32,4121.65,4116.4,4119.2
2026.07.22 13:30,4119.2,4119.77,4115.79,4116.91
2026.07.22 13:45,4116.9,4120.12,4116.01,4117.38
2026.07.22 14:00,4117.35,4120.78,4114.95,4119.08
2026.07.22 14:15,4119.09,4122.84,4117.37,4118.39
2026.07.22 14:30,4118.42,4120.4,4112.37,4114.95
2026.07.22 14:45,4114.96,4122.77,4114.65,4122.34
2026.07.22 15:00,4122.49,4127.2,4121.59,4126.83
2026.07.22 15:15,4127.22,4133.02,4124.67,4132.53
2026.07.22 15:30,4132.51,4134.26,4124.46,4127.0
2026.07.22 15:45,4127.01,4127.34,4106.54,4112.65
2026.07.22 16:00,4112.68,4125.64,4112.48,4125.53
2026.07.22 16:15,4125.53,4134.87,4124.79,4131.63
2026.07.22 16:30,4131.82,4146.49,4131.82,4142.59
2026.07.22 16:45,4142.58,4155.81,4142.48,4154.54
2026.07.22 17:00,4154.58,4163.42,4153.25,4156.3
2026.07.22 17:15,4156.31,4156.31,4144.16,4146.07
2026.07.22 17:30,4146.2,4152.85,4146.03,4150.85
2026.07.22 17:45,4150.86,4152.76,4143.95,4148.35
2026.07.22 18:00,4148.37,4158.32,4148.37,4157.4
2026.07.22 18:15,4157.39,4161.22,4153.14,4157.06
2026.07.22 18:30,4157.04,4160.81,4155.55,4159.76
2026.07.22 18:45,4159.75,4165.87,4158.22,4159.12
2026.07.22 19:00,4159.14,4159.29,4153.06,4154.26
2026.07.22 19:15,4154.32,4155.34,4147.66,4149.04
2026.07.22 19:30,4149.12,4151.12,4144.23,4146.93
2026.07.22 19:45,4146.97,4148.84,4144.37,4146.68
2026.07.22 20:00,4146.78,4147.69,4142.97,4145.17
2026.07.22 20:15,4145.16,4146.9,4142.57,4145.85
2026.07.22 20:30,4145.85,4147.25,4138.12,4140.36
2026.07.22 20:45,4140.37,4143.47,4140.24,4142.21
2026.07.22 21:00,4142.19,4142.49,4136.5,4137.83
2026.07.22 21:15,4137.8,4139.49,4134.59,4135.0
2026.07.22 21:30,4134.99,4136.01,4131.78,4135.71
2026.07.22 21:45,4135.69,4138.7,4135.05,4135.92
2026.07.22 22:00,4135.92,4137.12,4132.86,4133.91
2026.07.22 22:15,4133.92,4135.22,4131.57,4134.24
2026.07.22 22:30,4134.13,4136.08,4132.45,4133.77
2026.07.22 22:45,4133.83,4135.13,4128.71,4131.58
2026.07.22 23:00,4131.53,4135.21,4130.17,4134.31
2026.07.22 23:15,4134.22,4137.53,4133.68,4136.52
2026.07.22 23:30,4136.5,4137.33,4130.76,4130.78
2026.07.22 23:45,4130.8,4130.99,4128.15,4129.75
2026.07.23 01:00,4113.21,4130.54,4113.21,4123.45
2026.07.23 01:15,4123.4,4128.67,4120.57,4128.58
2026.07.23 01:30,4128.57,4129.63,4119.76,4121.39
2026.07.23 01:45,4121.36,4126.57,4120.44,4121.52
2026.07.23 02:00,4121.58,4124.6,4116.31,4123.7
2026.07.23 02:15,4123.64,4123.96,4118.98,4119.77
2026.07.23 02:30,4119.8,4124.36,4118.84,4123.46
2026.07.23 02:45,4123.43,4133.98,4122.75,4133.25
2026.07.23 03:00,4133.28,4134.23,4125.96,4126.7
2026.07.23 03:15,4126.67,4134.57,4126.55,4128.96
2026.07.23 03:30,4128.95,4131.95,4126.98,4127.55
2026.07.23 03:45,4127.47,4133.13,4124.93,4131.98
2026.07.23 04:00,4131.91,4138.96,4129.6,4134.25
2026.07.23 04:15,4134.36,4140.79,4133.39,4137.12
2026.07.23 04:30,4137.23,4139.05,4121.41,4121.51
2026.07.23 04:45,4121.46,4123.49,4114.22,4117.66
2026.07.23 05:00,4117.65,4118.72,4111.86,4117.49
2026.07.23 05:15,4117.54,4117.88,4113.08,4116.07
2026.07.23 05:30,4116.08,4122.16,4113.64,4122.1
2026.07.23 05:45,4122.06,4128.53,4121.24,4127.91
2026.07.23 06:00,4127.84,4128.83,4123.84,4127.02
2026.07.23 06:15,4127.02,4132.94,4126.43,4130.31
2026.07.23 06:30,4130.3,4130.97,4125.82,4128.65
2026.07.23 06:45,4128.79,4128.79,4123.82,4124.49
2026.07.23 07:00,4124.51,4127.56,4122.32,4127.56
2026.07.23 07:15,4127.56,4129.69,4124.84,4129.63
2026.07.23 07:30,4129.49,4130.15,4122.94,4123.02
2026.07.23 07:45,4123.04,4124.14,4119.84,4121.06
2026.07.23 08:00,4121.07,4124.78,4119.24,4124.29
2026.07.23 08:15,4124.25,4125.37,4119.81,4125.35
2026.07.23 08:30,4125.46,4128.35,4123.18,4127.47
2026.07.23 08:45,4127.46,4130.4,4120.43,4123.83
2026.07.23 09:00,4123.82,4128.03,4121.08,4122.98
2026.07.23 09:15,4122.96,4127.57,4121.14,4121.91
2026.07.23 09:30,4121.94,4123.63,4116.72,4119.73
2026.07.23 09:45,4119.7,4122.13,4117.66,4118.39
2026.07.23 10:00,4118.4,4119.24,4101.83,4106.5
2026.07.23 10:15,4106.49,4111.7,4105.29,4108.2
2026.07.23 10:30,4108.21,4108.66,4091.23,4095.4
2026.07.23 10:45,4095.55,4096.64,4090.1,4095.23
2026.07.23 11:00,4095.11,4097.47,4090.02,4091.28
2026.07.23 11:15,4091.34,4092.26,4088.33,4091.72
2026.07.23 11:30,4091.64,4093.49,4088.61,4092.26
2026.07.23 11:45,4092.14,4094.62,4086.82,4093.17
2026.07.23 12:00,4093.08,4099.14,4092.38,4094.66
2026.07.23 12:15,4094.67,4096.81,4089.26,4091.21
2026.07.23 12:30,4091.26,4093.17,4088.52,4091.65
2026.07.23 12:45,4091.66,4094.05,4088.27,4089.7
2026.07.23 13:00,4089.68,4091.51,4087.72,4090.62
2026.07.23 13:15,4090.61,4092.32,4085.94,4089.69
2026.07.23 13:30,4089.57,4092.63,4086.42,4089.2
2026.07.23 13:45,4089.16,4095.06,4086.99,4092.99
2026.07.23 14:00,4093.11,4093.67,4086.82,4087.54
2026.07.23 14:15,4087.49,4089.06,4080.77,4084.12
2026.07.23 14:30,4083.88,4083.92,4072.86,4078.46
2026.07.23 14:45,4078.47,4088.91,4077.69,4085.46
2026.07.23 15:00,4085.47,4085.77,4080.97,4081.14
2026.07.23 15:15,4081.17,4082.79,4070.14,4075.9
2026.07.23 15:30,4074.19,4074.82,4063.9,4068.93
2026.07.23 15:45,4068.89,4069.11,4060.75,4061.62
2026.07.23 16:00,4061.55,4063.33,4040.32,4040.77
2026.07.23 16:15,4040.76,4058.97,4040.54,4058.62
2026.07.23 16:30,4058.55,4067.3,4055.31,4056.07
2026.07.23 16:45,4056.1,4058.79,4042.55,4043.08
2026.07.23 17:00,4043.39,4051.31,4040.0,4047.8
2026.07.23 17:15,4047.81,4056.75,4042.1,4056.24
2026.07.23 17:30,4056.32,4060.36,4051.52,4056.88
2026.07.23 17:45,4056.65,4061.57,4055.88,4057.69
2026.07.23 18:00,4057.97,4059.24,4049.19,4051.23
2026.07.23 18:15,4051.14,4056.58,4045.36,4046.86
2026.07.23 18:30,4046.83,4053.01,4042.13,4047.82
2026.07.23 18:45,4047.78,4050.79,4046.48,4048.42
2026.07.23 19:00,4048.43,4050.52,4047.11,4049.95
2026.07.23 19:15,4049.93,4051.19,4045.63,4049.81
2026.07.23 19:30,4049.8,4050.71,4046.78,4049.55
2026.07.23 19:45,4049.56,4051.5,4047.78,4051.18
2026.07.23 20:00,4051.29,4054.35,4046.63,4046.96
2026.07.23 20:15,4047.03,4050.29,4045.88,4047.0
2026.07.23 20:30,4046.94,4048.93,4041.62,4042.63
2026.07.23 20:45,4042.61,4044.09,4041.46,4041.57
2026.07.23 21:00,4041.58,4044.05,4040.5,4041.65
2026.07.23 21:15,4041.67,4045.02,4040.56,4044.39
2026.07.23 21:30,4044.38,4048.04,4044.32,4046.3
2026.07.23 21:45,4046.31,4048.21,4044.51,4045.98
2026.07.23 22:00,4046.05,4048.48,4042.76,4043.0
2026.07.23 22:15,4043.01,4048.93,4042.84,4048.01
2026.07.23 22:30,4048.1,4050.8,4045.57,4045.64
2026.07.23 22:45,4045.62,4050.84,4044.67,4049.62
2026.07.23 23:00,4049.63,4051.04,4048.04,4049.36
2026.07.23 23:15,4049.31,4050.35,4047.21,4050.02
2026.07.23 23:30,4050.04,4050.44,4048.65,4049.73
2026.07.23 23:45,4049.64,4049.86,4047.28,4049.24
2026.07.24 01:00,4048.75,4050.56,4048.31,4048.7
2026.07.24 01:15,4048.71,4050.1,4048.71,4049.76
2026.07.24 01:30,4049.77,4050.29,4048.52,4049.17
2026.07.24 01:45,4049.21,4050.27,4048.26,4049.36
2026.07.24 02:00,4049.33,4049.64,4047.25,4048.29
2026.07.24 02:15,4048.3,4049.73,4046.97,4049.05
2026.07.24 02:30,4049.0,4050.46,4046.87,4048.11
2026.07.24 02:45,4048.13,4049.46,4046.41,4046.83
2026.07.24 03:00,4046.82,4049.8,4041.12,4041.4
2026.07.24 03:15,4041.39,4047.91,4041.07,4046.56
2026.07.24 03:30,4046.55,4049.97,4044.73,4049.07
2026.07.24 03:45,4049.08,4050.63,4048.25,4049.67
2026.07.24 04:00,4049.78,4050.0,4039.91,4042.28
2026.07.24 04:15,4042.3,4045.84,4041.29,4042.57
2026.07.24 04:30,4042.5,4050.3,4041.34,4049.89
2026.07.24 04:45,4049.85,4050.05,4041.19,4043.38
2026.07.24 05:00,4043.41,4045.66,4040.82,4045.51
2026.07.24 05:15,4045.5,4048.34,4042.48,4046.4
2026.07.24 05:30,4046.39,4048.03,4041.07,4041.54
2026.07.24 05:45,4041.51,4041.67,4022.97,4024.44
2026.07.24 06:00,4024.56,4032.1,4023.0,4031.62
2026.07.24 06:15,4031.6,4033.45,4027.97,4030.11
2026.07.24 06:30,4030.14,4032.93,4030.14,4031.45
2026.07.24 06:45,4031.42,4031.94,4028.17,4029.12
2026.07.24 07:00,4029.1,4030.11,4026.91,4027.98
2026.07.24 07:15,4027.97,4030.18,4027.42,4029.67
2026.07.24 07:30,4029.68,4030.26,4025.7,4026.68
2026.07.24 07:45,4026.66,4028.52,4025.36,4026.91
2026.07.24 08:00,4026.91,4032.07,4024.94,4027.41
2026.07.24 08:15,4027.42,4029.6,4022.13,4026.05
2026.07.24 08:30,4025.92,4031.39,4023.82,4024.58
2026.07.24 08:45,4024.55,4029.08,4021.81,4022.83
2026.07.24 09:00,4022.81,4031.23,4022.71,4030.77
2026.07.24 09:15,4030.78,4038.86,4029.19,4036.39
2026.07.24 09:30,4036.4,4036.99,4033.07,4033.69
2026.07.24 09:45,4033.7,4038.43,4031.54,4035.52
2026.07.24 10:00,4035.39,4047.25,4034.92,4045.29
2026.07.24 10:15,4045.38,4050.67,4043.89,4048.54
2026.07.24 10:30,4048.55,4053.61,4045.65,4048.24
2026.07.24 10:45,4048.28,4049.6,4045.98,4048.25
2026.07.24 11:00,4048.27,4048.9,4045.01,4046.68
2026.07.24 11:15,4046.65,4052.39,4044.93,4052.39
2026.07.24 11:30,4051.97,4055.28,4048.62,4054.38
2026.07.24 11:45,4054.52,4058.54,4052.11,4057.34
2026.07.24 12:00,4057.46,4060.58,4053.05,4053.97
2026.07.24 12:15,4054.06,4056.45,4052.33,4052.74
2026.07.24 12:30,4052.67,4056.04,4051.48,4055.5
2026.07.24 12:45,4055.56,4059.69,4054.49,4059.61
2026.07.24 13:00,4059.63,4061.33,4057.65,4058.02
2026.07.24 13:15,4058.06,4063.49,4057.42,4061.78
2026.07.24 13:30,4061.79,4063.68,4058.03,4058.2
2026.07.24 13:45,4058.34,4060.11,4056.86,4059.87
2026.07.24 14:00,4059.86,4063.26,4058.35,4061.1
2026.07.24 14:15,4061.11,4061.83,4059.04,4059.05
2026.07.24 14:30,4058.97,4060.2,4055.12,4055.14
2026.07.24 14:45,4055.13,4061.52,4051.25,4057.61
2026.07.24 15:00,4057.6,4058.39,4052.24,4056.39
2026.07.24 15:15,4056.4,4060.0,4054.66,4059.48
2026.07.24 15:30,4059.45,4059.45,4051.8,4054.92
2026.07.24 15:45,4054.92,4056.11,4051.5,4055.89
2026.07.24 16:00,4055.83,4058.26,4044.44,4047.99
2026.07.24 16:15,4047.96,4049.11,4044.65,4046.17
2026.07.24 16:30,4046.1,4056.61,4044.45,4051.91
2026.07.24 16:45,4050.79,4068.43,4048.25,4067.23
2026.07.24 17:00,4067.15,4069.93,4057.12,4058.66
2026.07.24 17:15,4058.73,4069.16,4055.66,4065.85
2026.07.24 17:30,4065.94,4067.86,4059.09,4060.15
2026.07.24 17:45,4060.14,4066.3,4058.38,4063.07
2026.07.24 18:00,4063.17,4076.53,4061.67,4074.58
2026.07.24 18:15,4074.56,4081.94,4071.87,4074.87
2026.07.24 18:30,4074.96,4079.42,4071.59,4071.78
2026.07.24 18:45,4071.89,4077.68,4070.74,4077.15
2026.07.24 19:00,4077.17,4077.34,4074.32,4074.69
2026.07.24 19:15,4074.72,4077.97,4073.43,4073.56
2026.07.24 19:30,4073.59,4073.9,4066.43,4067.51
2026.07.24 19:45,4067.47,4067.54,4063.97,4066.86
2026.07.24 20:00,4066.89,4068.26,4062.89,4064.06
2026.07.24 20:15,4064.0,4069.65,4063.49,4068.14
2026.07.24 20:30,4067.99,4069.65,4065.93,4066.34
2026.07.24 20:45,4066.31,4067.1,4062.83,4063.15
2026.07.24 21:00,4063.16,4064.42,4061.05,4061.48
2026.07.24 21:15,4061.48,4062.81,4054.9,4055.12
2026.07.24 21:30,4055.27,4056.81,4050.96,4051.96
2026.07.24 21:45,4051.97,4055.71,4051.62,4054.19
2026.07.24 22:00,4054.2,4056.2,4051.99,4052.11
2026.07.24 22:15,4052.15,4052.21,4049.09,4051.33
2026.07.24 22:30,4051.31,4057.79,4051.12,4056.79
2026.07.24 22:45,4056.8,4057.29,4052.65,4053.52
2026.07.24 23:00,4053.34,4055.13,4052.11,4052.41
2026.07.24 23:15,4052.43,4054.57,4051.95,4053.53
2026.07.24 23:30,4053.52,4055.76,4051.32,4054.96
2026.07.24 23:45,4054.86,4055.79,4051.75,4052.66
2026.07.27 01:00,4088.93,4096.49,4085.58,4087.19
2026.07.27 01:15,4087.29,4089.29,4083.03,4085.62
2026.07.27 01:30,4085.14,4092.67,4085.14,4090.9
2026.07.27 01:45,4091.1,4093.45,4088.65,4089.24
2026.07.27 02:00,4089.2,4091.25,4084.24,4084.69
2026.07.27 02:15,4084.72,4086.13,4083.55,4084.62
2026.07.27 02:30,4084.59,4089.06,4084.47,4088.77
2026.07.27 02:45,4088.81,4096.21,4087.98,4093.99
2026.07.27 03:00,4093.98,4115.83,4093.8,4115.39
2026.07.27 03:15,4115.4,4115.4,4090.55,4094.23
2026.07.27 03:30,4094.25,4102.22,4093.44,4099.59
2026.07.27 03:45,4099.6,4109.05,4098.95,4100.58
2026.07.27 04:00,4100.57,4112.32,4100.45,4106.93
2026.07.27 04:15,4107.15,4108.96,4096.74,4099.78
2026.07.27 04:30,4099.8,4104.12,4097.76,4102.48
2026.07.27 04:45,4102.47,4109.99,4102.47,4109.95
2026.07.27 05:00,4110.35,4110.78,4103.23,4105.33
2026.07.27 05:15,4105.31,4105.65,4101.91,4102.93
2026.07.27 05:30,4102.99,4102.99,4095.48,4096.35
2026.07.27 05:45,4096.34,4097.46,4093.54,4093.54
2026.07.27 06:00,4093.4,4095.75,4088.98,4091.8
2026.07.27 06:15,4091.83,4093.39,4085.18,4085.41
2026.07.27 06:30,4085.4,4090.63,4085.0,4089.55
2026.07.27 06:45,4089.54,4091.06,4088.37,4090.78
2026.07.27 07:00,4090.8,4092.67,4088.49,4089.94
2026.07.27 07:15,4089.86,4090.29,4086.91,4088.89
2026.07.27 07:30,4088.9,4092.13,4088.9,4090.26
2026.07.27 07:45,4090.3,4091.12,4089.08,4090.19
2026.07.27 08:00,4090.18,4094.69,4088.49,4094.48
2026.07.27 08:15,4094.46,4094.46,4086.07,4086.77
2026.07.27 08:30,4086.73,4090.07,4085.51,4087.89
2026.07.27 08:45,4087.9,4093.4,4084.24,4092.95
2026.07.27 09:00,4092.88,4096.23,4091.46,4094.23
2026.07.27 09:15,4094.24,4096.32,4091.03,4095.89
2026.07.27 09:30,4095.89,4099.15,4094.12,4098.47
2026.07.27 09:45,4098.48,4098.82,4094.9,4095.73
2026.07.27 10:00,4095.74,4101.89,4095.74,4101.86
2026.07.27 10:15,4101.84,4105.91,4099.72,4103.04
2026.07.27 10:30,4103.03,4103.58,4095.74,4097.11
2026.07.27 10:45,4097.11,4099.01,4088.42,4088.64
2026.07.27 11:00,4088.82,4093.0,4087.01,4091.13
2026.07.27 11:15,4091.1,4092.36,4088.8,4090.71
2026.07.27 11:30,4090.63,4092.67,4087.18,4091.2
2026.07.27 11:45,4091.21,4096.69,4090.68,4095.01
2026.07.27 12:00,4094.83,4098.25,4092.9,4093.8
2026.07.27 12:15,4093.82,4095.68,4090.93,4091.4
2026.07.27 12:30,4091.23,4094.61,4090.35,4094.07
2026.07.27 12:45,4094.08,4100.26,4093.74,4095.99
2026.07.27 13:00,4095.97,4096.38,4086.43,4090.77
2026.07.27 13:15,4090.76,4093.81,4089.08,4093.0
2026.07.27 13:30,4093.01,4101.77,4092.88,4100.3
2026.07.27 13:45,4100.34,4102.26,4098.73,4099.45
2026.07.27 14:00,4099.48,4104.0,4096.87,4101.81
2026.07.27 14:15,4101.95,4103.21,4096.74,4096.74
2026.07.27 14:30,4096.87,4099.87,4094.28,4095.51
2026.07.27 14:45,4095.52,4097.12,4093.39,4093.81
2026.07.27 15:00,4093.84,4097.52,4086.18,4087.47
2026.07.27 15:15,4087.46,4088.81,4081.63,4086.41
2026.07.27 15:30,4086.44,4088.51,4083.06,4086.52
2026.07.27 15:45,4086.45,4088.85,4081.54,4083.53
2026.07.27 16:00,4083.68,4088.67,4080.79,4084.8
2026.07.27 16:15,4084.83,4087.03,4075.79,4075.92
2026.07.27 16:30,4076.07,4088.96,4075.34,4086.55
2026.07.27 16:45,4086.61,4089.36,4070.28,4074.0
2026.07.27 17:00,4074.1,4078.96,4070.98,4076.8
2026.07.27 17:15,4076.83,4078.47,4067.03,4068.13
2026.07.27 17:30,4068.17,4070.5,4065.17,4068.64
2026.07.27 17:45,4068.63,4077.31,4068.62,4076.04
2026.07.27 18:00,4076.19,4076.29,4071.58,4075.78
2026.07.27 18:15,4075.8,4079.2,4074.32,4076.28
2026.07.27 18:30,4076.26,4077.75,4072.47,4075.94
2026.07.27 18:45,4076.04,4079.71,4074.4,4078.3
2026.07.27 19:00,4078.42,4084.56,4077.66,4081.21
2026.07.27 19:15,4081.25,4088.56,4079.51,4084.92
2026.07.27 19:30,4084.97,4093.76,4084.86,4088.14
2026.07.27 19:45,4088.19,4088.4,4080.58,4082.15
2026.07.27 20:00,4082.21,4082.21,4070.37,4073.39
2026.07.27 20:15,4073.36,4076.58,4072.18,4074.56
2026.07.27 20:30,4074.53,4075.79,4071.95,4074.3
2026.07.27 20:45,4074.28,4076.98,4073.11,4076.19
2026.07.27 21:00,4076.2,4079.09,4075.88,4076.48
2026.07.27 21:15,4076.47,4076.79,4073.97,4076.66
2026.07.27 21:30,4076.65,4079.08,4072.66,4076.02
2026.07.27 21:45,4076.0,4079.27,4074.73,4077.72
2026.07.27 22:00,4077.73,4081.57,4075.92,4080.02
2026.07.27 22:15,4080.05,4088.5,4079.22,4085.56
2026.07.27 22:30,4085.63,4087.06,4083.68,4086.76
2026.07.27 22:45,4086.77,4089.14,4082.32,4083.2
2026.07.27 23:00,4083.23,4083.91,4081.4,4082.07
2026.07.27 23:15,4082.04,4082.06,4077.99,4078.56
2026.07.27 23:30,4078.57,4078.99,4075.68,4076.89
2026.07.27 23:45,4076.92,4077.12,4075.09,4076.43
2026.07.28 01:00,4079.06,4081.98,4076.23,4077.01
2026.07.28 01:15,4076.91,4076.97,4070.8,4072.06
2026.07.28 01:30,4072.19,4074.82,4072.12,4074.71
2026.07.28 01:45,4074.67,4074.72,4073.43,4074.02
2026.07.28 02:00,4074.03,4074.86,4071.67,4073.9
2026.07.28 02:15,4073.85,4074.46,4071.75,4072.82
2026.07.28 02:30,4072.66,4073.29,4071.36,4071.77
2026.07.28 02:45,4071.74,4073.23,4069.71,4073.16
2026.07.28 03:00,4073.07,4073.95,4061.83,4066.86
2026.07.28 03:15,4066.89,4067.18,4058.98,4061.89
2026.07.28 03:30,4061.9,4065.99,4060.21,4065.28
2026.07.28 03:45,4065.26,4065.26,4057.41,4057.74
2026.07.28 04:00,4057.63,4060.2,4053.62,4057.8
2026.07.28 04:15,4057.79,4058.94,4046.24,4047.16
2026.07.28 04:30,4047.15,4050.34,4043.38,4048.75
2026.07.28 04:45,4048.76,4048.79,4042.38,4045.02
2026.07.28 05:00,4045.02,4047.4,4042.27,4046.33
2026.07.28 05:15,4046.31,4048.86,4045.16,4045.99
2026.07.28 05:30,4045.98,4047.68,4041.46,4044.09
2026.07.28 05:45,4044.07,4045.34,4040.63,4041.85
2026.07.28 06:00,4041.79,4047.14,4040.13,4045.68
2026.07.28 06:15,4045.69,4049.09,4045.13,4047.49
2026.07.28 06:30,4047.47,4050.98,4047.13,4048.13
2026.07.28 06:45,4048.17,4050.54,4047.82,4049.17
2026.07.28 07:00,4049.1,4049.42,4043.27,4043.82
2026.07.28 07:15,4043.83,4047.78,4043.36,4045.4
2026.07.28 07:30,4045.48,4047.62,4043.76,4047.48
2026.07.28 07:45,4047.46,4047.71,4041.35,4041.93
2026.07.28 08:00,4041.84,4043.82,4039.81,4042.09
2026.07.28 08:15,4042.1,4043.36,4040.62,4042.87
2026.07.28 08:30,4042.9,4045.46,4034.75,4041.33
2026.07.28 08:45,4041.42,4046.33,4039.39,4045.12
2026.07.28 09:00,4045.22,4047.58,4042.79,4043.96
2026.07.28 09:15,4043.97,4048.85,4043.79,4047.48
2026.07.28 09:30,4047.64,4052.12,4046.75,4049.53
2026.07.28 09:45,4049.52,4051.25,4047.76,4048.14
2026.07.28 10:00,4048.13,4051.0,4047.31,4048.67
2026.07.28 10:15,4048.66,4052.26,4048.42,4049.97
2026.07.28 10:30,4049.99,4050.86,4048.22,4049.22
2026.07.28 10:45,4049.2,4049.57,4046.0,4047.07
2026.07.28 11:00,4047.04,4055.0,4042.9,4044.16
2026.07.28 11:15,4044.15,4051.02,4044.0,4049.48
2026.07.28 11:30,4049.45,4049.65,4041.74,4043.0
2026.07.28 11:45,4043.02,4045.94,4041.47,4045.28
2026.07.28 12:00,4045.26,4045.74,4040.49,4040.69
2026.07.28 12:15,4040.72,4043.88,4038.87,4040.09
2026.07.28 12:30,4040.11,4040.14,4029.37,4033.11
2026.07.28 12:45,4033.01,4034.02,4019.17,4023.19
2026.07.28 13:00,4023.04,4026.75,4020.29,4024.0
2026.07.28 13:15,4023.74,4025.62,4016.82,4017.34
2026.07.28 13:30,4017.32,4023.26,4016.94,4022.2
2026.07.28 13:45,4022.18,4028.31,4021.88,4026.31
2026.07.28 14:00,4026.29,4028.59,4022.93,4023.65
2026.07.28 14:15,4023.58,4032.21,4023.55,4027.32
2026.07.28 14:30,4027.34,4031.34,4026.26,4026.83
2026.07.28 14:45,4026.97,4028.16,4023.71,4027.88
2026.07.28 15:00,4027.87,4028.5,4022.63,4027.66
2026.07.28 15:15,4027.68,4034.68,4025.82,4034.17
2026.07.28 15:30,4034.18,4034.77,4025.67,4033.39
2026.07.28 15:45,4033.38,4037.9,4028.21,4029.18
2026.07.28 16:00,4029.22,4035.41,4029.17,4032.74
2026.07.28 16:15,4032.8,4035.91,4028.3,4028.81
2026.07.28 16:30,4028.78,4032.69,4020.04,4025.05
2026.07.28 16:45,4025.01,4028.83,4021.42,4021.9
2026.07.28 17:00,4022.07,4033.4,4021.75,4025.63
2026.07.28 17:15,4025.64,4026.54,4011.28,4022.03
2026.07.28 17:30,4021.99,4025.07,4018.67,4022.42
2026.07.28 17:45,4022.43,4029.37,4020.92,4024.22
2026.07.28 18:00,4024.2,4036.18,4022.0,4033.54
2026.07.28 18:15,4033.59,4040.69,4031.6,4035.25
2026.07.28 18:30,4035.6,4041.94,4032.01,4041.24
2026.07.28 18:45,4041.38,4046.9,4040.99,4046.07
2026.07.28 19:00,4046.04,4046.38,4042.06,4044.55
2026.07.28 19:15,4044.64,4045.65,4041.79,4041.91
2026.07.28 19:30,4042.03,4043.65,4040.21,4040.36
2026.07.28 19:45,4040.35,4040.93,4036.47,4037.34
2026.07.28 20:00,4037.36,4040.94,4035.4,4036.74
2026.07.28 20:15,4036.73,4041.35,4035.0,4037.28
2026.07.28 20:30,4037.52,4037.54,4027.52,4028.13
2026.07.28 20:45,4028.04,4029.33,4025.6,4027.67
2026.07.28 21:00,4027.67,4030.2,4026.91,4027.99
2026.07.28 21:15,4028.0,4029.81,4025.73,4026.92
2026.07.28 21:30,4026.91,4027.32,4022.8,4023.98
2026.07.28 21:45,4023.97,4025.88,4021.47,4022.8
2026.07.28 22:00,4022.77,4025.55,4022.14,4023.81
2026.07.28 22:15,4023.85,4024.87,4021.69,4023.03
2026.07.28 22:30,4023.06,4027.54,4022.86,4025.88
2026.07.28 22:45,4026.15,4027.77,4025.18,4026.14
2026.07.28 23:00,4026.12,4026.16,4022.39,4023.44
2026.07.28 23:15,4023.43,4027.55,4023.39,4027.12
2026.07.28 23:30,4027.09,4030.03,4027.09,4029.83
2026.07.28 23:45,4029.73,4030.32,4026.3,4028.32
2026.07.29 01:00,4028.59,4030.33,4024.39,4024.42
2026.07.29 01:15,4024.44,4025.0,4017.11,4020.51
2026.07.29 01:30,4020.56,4020.98,4013.76,4018.08
2026.07.29 01:45,4018.01,4019.47,4015.11,4018.16
2026.07.29 02:00,4018.12,4022.94,4016.15,4021.83
2026.07.29 02:15,4021.86,4021.96,4014.81,4018.39
2026.07.29 02:30,4018.38,4023.26,4017.21,4022.86
2026.07.29 02:45,4022.98,4026.14,4018.88,4024.8
2026.07.29 03:00,4024.86,4025.92,4017.38,4020.45
2026.07.29 03:15,4020.35,4029.63,4020.35,4022.22
2026.07.29 03:30,4022.24,4027.48,4021.13,4025.8
2026.07.29 03:45,4025.78,4025.87,4020.06,4021.6
2026.07.29 04:00,4021.52,4021.53,4010.07,4012.85
2026.07.29 04:15,4012.85,4019.94,4011.39,4018.12
2026.07.29 04:30,4018.11,4030.39,4014.7,4027.4
2026.07.29 04:45,4027.39,4028.13,4021.67,4025.69
2026.07.29 05:00,4025.7,4029.1,4022.84,4028.06
2026.07.29 05:15,4028.09,4035.29,4026.06,4032.87
2026.07.29 05:30,4032.86,4037.67,4030.5,4034.76
2026.07.29 05:45,4034.75,4035.09,4029.01,4029.42
2026.07.29 06:00,4029.22,4032.55,4027.13,4027.6
2026.07.29 06:15,4027.6,4028.7,4025.28,4026.73
2026.07.29 06:30,4026.65,4029.42,4024.32,4025.9
2026.07.29 06:45,4025.89,4026.75,4022.92,4023.34
2026.07.29 07:00,4023.35,4024.74,4021.06,4021.56
2026.07.29 07:15,4021.58,4025.39,4020.35,4023.23
2026.07.29 07:30,4023.24,4027.24,4023.13,4027.03
2026.07.29 07:45,4027.02,4027.47,4023.42,4027.13
2026.07.29 08:00,4027.23,4031.43,4026.48,4030.19
2026.07.29 08:15,4030.17,4031.05,4026.8,4030.25
2026.07.29 08:30,4030.23,4039.41,4029.55,4039.02
2026.07.29 08:45,4039.04,4039.91,4031.44,4032.87
2026.07.29 09:00,4032.9,4038.13,4032.82,4037.22
2026.07.29 09:15,4037.18,4042.72,4035.72,4040.75
2026.07.29 09:30,4040.71,4044.6,4040.53,4042.55
2026.07.29 09:45,4042.63,4042.74,4039.62,4041.02
2026.07.29 10:00,4040.97,4046.37,4040.92,4045.18
2026.07.29 10:15,4045.17,4047.62,4044.02,4045.87
2026.07.29 10:30,4045.97,4047.44,4044.65,4045.83
2026.07.29 10:45,4045.82,4046.8,4042.48,4043.63
2026.07.29 11:00,4043.57,4044.26,4039.02,4039.02
2026.07.29 11:15,4039.03,4042.04,4035.51,4036.99
2026.07.29 11:30,4037.04,4039.05,4035.54,4038.1
2026.07.29 11:45,4038.1,4039.92,4036.84,4037.47
2026.07.29 12:00,4037.75,4038.19,4035.44,4036.16
2026.07.29 12:15,4036.15,4037.42,4033.27,4033.56
2026.07.29 12:30,4033.6,4034.72,4031.16,4034.12
2026.07.29 12:45,4034.09,4036.14,4031.74,4032.43
2026.07.29 13:00,4032.42,4033.88,4030.74,4031.77
2026.07.29 13:15,4031.74,4033.15,4030.03,4032.95
2026.07.29 13:30,4032.82,4034.24,4026.2,4027.28
2026.07.29 13:45,4027.27,4028.51,4025.79,4027.24
2026.07.29 14:00,4027.24,4029.56,4024.71,4029.54
2026.07.29 14:15,4029.49,4033.39,4028.24,4032.62
2026.07.29 14:30,4032.64,4032.77,4030.01,4030.8
2026.07.29 14:45,4030.82,4035.95,4030.36,4032.49
2026.07.29 15:00,4032.5,4033.24,4025.83,4026.8
2026.07.29 15:15,4026.81,4027.35,4012.4,4012.97
2026.07.29 15:30,4012.88,4022.31,4008.98,4020.83
2026.07.29 15:45,4020.7,4023.55,4018.78,4022.41
2026.07.29 16:00,4022.75,4026.24,4014.93,4015.56
2026.07.29 16:15,4015.53,4023.02,4013.56,4014.28
2026.07.29 16:30,4014.25,4017.75,4009.87,4013.51
2026.07.29 16:45,4013.53,4015.92,4002.48,4007.12
2026.07.29 17:00,4007.18,4008.53,3995.75,3998.99
2026.07.29 17:15,3998.97,4009.99,3998.68,4005.32
2026.07.29 17:30,4005.28,4009.08,3998.77,4000.92
2026.07.29 17:45,4000.83,4005.63,3998.15,4004.7
2026.07.29 18:00,4004.67,4009.72,4003.1,4006.69
2026.07.29 18:15,4006.74,4011.09,4003.58,4010.35
2026.07.29 18:30,4010.55,4013.41,4006.81,4010.38
2026.07.29 18:45,4010.13,4013.64,4008.14,4009.64
2026.07.29 19:00,4009.88,4015.46,4007.45,4009.39
2026.07.29 19:15,4009.4,4017.34,4007.64,4016.37
2026.07.29 19:30,4016.25,4018.8,4014.73,4016.77
2026.07.29 19:45,4016.72,4032.73,4014.96,4027.19
2026.07.29 20:00,4027.14,4050.39,4027.14,4041.92
2026.07.29 20:15,4041.93,4050.38,4037.09,4038.99
2026.07.29 20:30,4039.08,4047.21,4035.98,4045.54
2026.07.29 20:45,4045.68,4047.94,4041.29,4043.95
2026.07.29 21:00,4043.94,4085.95,4042.45,4080.83
2026.07.29 21:15,4080.9,4083.59,4063.64,4067.51
2026.07.29 21:30,4067.45,4086.62,4052.03,4083.04
2026.07.29 21:45,4083.15,4109.63,4081.79,4106.49
2026.07.29 22:00,4106.61,4116.22,4089.85,4099.5
2026.07.29 22:15,4099.48,4104.47,4080.74,4083.79
2026.07.29 22:30,4083.75,4088.16,4065.11,4069.1
2026.07.29 22:45,4069.1,4071.76,4044.13,4044.54
2026.07.29 23:00,4044.79,4055.85,4042.56,4051.92
2026.07.29 23:15,4051.93,4057.13,4043.71,4055.4
2026.07.29 23:30,4055.38,4069.15,4053.81,4066.94
2026.07.29 23:45,4066.85,4069.89,4063.31,4066.07
2026.07.30 01:00,4064.75,4077.28,4063.95,4076.08
2026.07.30 01:15,4076.12,4077.2,4072.42,4074.86
2026.07.30 01:30,4074.87,4081.16,4072.76,4081.15
2026.07.30 01:45,4081.47,4090.42,4079.67,4088.31
2026.07.30 02:00,4088.28,4100.12,4088.1,4091.38
2026.07.30 02:15,4091.39,4094.84,4090.25,4093.37
2026.07.30 02:30,4093.4,4094.39,4089.17,4089.98
2026.07.30 02:45,4090.08,4092.8,4084.32,4084.47
2026.07.30 03:00,4084.79,4086.46,4078.91,4081.22
2026.07.30 03:15,4081.16,4083.48,4072.62,4075.08
2026.07.30 03:30,4075.09,4076.74,4064.94,4065.93
2026.07.30 03:45,4066.01,4072.67,4064.7,4071.94
2026.07.30 04:00,4072.0,4092.76,4070.05,4075.36
2026.07.30 04:15,4075.24,4084.47,4072.91,4080.94
2026.07.30 04:30,4080.95,4089.41,4080.41,4086.45
2026.07.30 04:45,4086.46,4090.94,4083.6,4084.51
2026.07.30 05:00,4084.46,4090.18,4082.22,4082.44
2026.07.30 05:15,4082.4,4083.52,4079.76,4082.52
2026.07.30 05:30,4082.6,4082.63,4073.44,4076.68
2026.07.30 05:45,4076.72,4076.91,4063.29,4063.56
2026.07.30 06:00,4063.54,4069.86,4060.37,4062.75
2026.07.30 06:15,4062.77,4063.7,4052.32,4053.69
2026.07.30 06:30,4053.7,4055.72,4050.61,4052.32
2026.07.30 06:45,4052.32,4059.69,4052.13,4058.65
2026.07.30 07:00,4058.66,4060.0,4052.82,4053.13
2026.07.30 07:15,4053.13,4055.18,4050.86,4053.97
2026.07.30 07:30,4053.95,4053.95,4047.54,4048.55
2026.07.30 07:45,4048.52,4051.8,4044.27,4045.86
2026.07.30 08:00,4045.91,4045.99,4041.58,4045.78
2026.07.30 08:15,4045.8,4047.2,4037.46,4046.72
2026.07.30 08:30,4046.83,4051.2,4028.33,4033.2
2026.07.30 08:45,4033.14,4038.36,4029.89,4033.41
2026.07.30 09:00,4033.4,4039.3,4031.07,4032.1
2026.07.30 09:15,4032.1,4039.14,4029.25,4032.95
2026.07.30 09:30,4032.98,4038.1,4030.94,4035.61
2026.07.30 09:45,4035.54,4040.32,4034.05,4036.56
2026.07.30 10:00,4036.15,4047.71,4035.23,4046.53
2026.07.30 10:15,4046.52,4051.04,4042.85,4045.68
2026.07.30 10:30,4045.69,4047.11,4035.84,4045.72
2026.07.30 10:45,4045.74,4046.44,4038.03,4038.67
2026.07.30 11:00,4038.56,4056.01,4036.57,4053.15
2026.07.30 11:15,4053.06,4068.26,4052.01,4064.42
2026.07.30 11:30,4064.28,4072.73,4062.81,4065.56
2026.07.30 11:45,4065.59,4070.74,4059.19,4061.17
2026.07.30 12:00,4061.16,4068.88,4060.12,4065.7
2026.07.30 12:15,4065.7,4072.25,4064.21,4067.45
2026.07.30 12:30,4067.43,4069.08,4060.36,4065.37
2026.07.30 12:45,4065.34,4072.93,4062.09,4063.1
2026.07.30 13:00,4063.23,4074.58,4062.66,4068.1
2026.07.30 13:15,4068.19,4077.49,4067.37,4076.22
2026.07.30 13:30,4076.33,4082.48,4075.08,4080.95
2026.07.30 13:45,4081.01,4082.79,4077.74,4077.91
2026.07.30 14:00,4077.77,4082.69,4077.42,4079.44
2026.07.30 14:15,4079.45,4081.74,4076.42,4077.38
2026.07.30 14:30,4077.94,4079.29,4076.05,4077.25
2026.07.30 14:45,4077.25,4080.42,4075.51,4077.47
2026.07.30 15:00,4077.46,4082.34,4074.44,4078.58
2026.07.30 15:15,4078.63,4081.14,4071.44,4077.53
2026.07.30 15:30,4077.86,4086.56,4071.59,4077.04
2026.07.30 15:45,4077.01,4079.17,4067.11,4068.68
2026.07.30 16:00,4068.66,4076.53,4064.88,4076.51
2026.07.30 16:15,4076.53,4083.8,4071.93,4080.07
2026.07.30 16:30,4079.65,4098.42,4074.75,4088.65
2026.07.30 16:45,4088.73,4112.59,4085.48,4112.14
2026.07.30 17:00,4112.17,4120.09,4093.87,4097.99
2026.07.30 17:15,4097.99,4100.0,4086.9,4095.98
2026.07.30 17:30,4096.0,4111.15,4094.6,4110.57
2026.07.30 17:45,4110.6,4112.95,4096.33,4099.88
2026.07.30 18:00,4099.94,4100.07,4082.98,4085.39
2026.07.30 18:15,4085.13,4097.02,4084.65,4095.77
2026.07.30 18:30,4095.76,4106.77,4092.45,4105.2
2026.07.30 18:45,4105.21,4109.98,4103.45,4107.97
2026.07.30 19:00,4107.96,4115.69,4107.56,4113.97
2026.07.30 19:15,4113.9,4119.0,4113.47,4115.8
2026.07.30 19:30,4115.8,4116.17,4108.13,4108.41
2026.07.30 19:45,4108.42,4110.53,4106.43,4110.53
2026.07.30 20:00,4110.49,4111.09,4104.69,4104.74
2026.07.30 20:15,4104.64,4108.04,4098.33,4101.52
2026.07.30 20:30,4101.48,4108.12,4099.87,4105.85
2026.07.30 20:45,4105.84,4108.33,4101.08,4102.42
2026.07.30 21:00,4102.43,4106.67,4102.43,4106.32
2026.07.30 21:15,4106.28,4106.6,4100.59,4103.37
2026.07.30 21:30,4103.31,4107.64,4102.77,4104.69
2026.07.30 21:45,4104.69,4105.03,4098.65,4099.57
2026.07.30 22:00,4099.56,4105.53,4098.63,4104.56
2026.07.30 22:15,4104.52,4114.79,4102.8,4112.75
2026.07.30 22:30,4112.64,4115.21,4111.43,4112.08
2026.07.30 22:45,4112.06,4112.9,4109.11,4111.94
2026.07.30 23:00,4111.86,4117.3,4109.88,4113.91
2026.07.30 23:15,4113.92,4114.8,4111.6,4111.85
2026.07.30 23:30,4111.92,4112.35,4102.25,4102.65
2026.07.30 23:45,4102.62,4103.67,4098.99,4103.53
2026.07.31 01:00,4103.76,4107.45,4102.26,4106.58
2026.07.31 01:15,4106.55,4108.19,4106.17,4107.45
2026.07.31 01:30,4107.53,4110.32,4106.83,4110.26
2026.07.31 01:45,4110.27,4111.12,4108.85,4109.06
2026.07.31 02:00,4109.05,4111.58,4106.32,4107.12
2026.07.31 02:15,4107.1,4107.27,4103.82,4103.97
2026.07.31 02:30,4103.96,4107.21,4102.1,4105.84
2026.07.31 02:45,4105.85,4109.8,4105.15,4105.65
2026.07.31 03:00,4105.66,4106.87,4100.42,4101.05
2026.07.31 03:15,4101.04,4103.59,4095.89,4096.15
2026.07.31 03:30,4096.11,4097.29,4090.29,4092.82
2026.07.31 03:45,4092.74,4095.85,4090.38,4094.54
2026.07.31 04:00,4094.48,4101.45,4088.53,4088.75
2026.07.31 04:15,4088.81,4094.9,4086.47,4091.77
2026.07.31 04:30,4091.77,4091.87,4083.62,4085.45
2026.07.31 04:45,4085.2,4089.22,4081.96,4084.12
2026.07.31 05:00,4084.2,4090.27,4081.42,4085.46
2026.07.31 05:15,4085.44,4085.44,4081.33,4082.02
2026.07.31 05:30,4081.96,4084.18,4075.19,4075.39
2026.07.31 05:45,4075.4,4078.14,4073.92,4075.91
2026.07.31 06:00,4075.68,4076.0,4071.79,4073.25
2026.07.31 06:15,4073.26,4075.87,4072.05,4075.0
2026.07.31 06:30,4075.02,4079.15,4074.77,4076.29
2026.07.31 06:45,4076.24,4077.37,4074.05,4074.86
2026.07.31 07:00,4074.82,4076.77,4073.07,4076.6
2026.07.31 07:15,4076.6,4079.85,4074.4,4079.84
2026.07.31 07:30,4079.83,4081.28,4079.04,4079.07
2026.07.31 07:45,4079.0,4079.85,4074.59,4079.74
2026.07.31 08:00,4079.85,4083.05,4079.51,4079.71
2026.07.31 08:15,4079.72,4082.7,4079.28,4080.69
2026.07.31 08:30,4080.71,4081.45,4075.64,4076.27
2026.07.31 08:45,4076.25,4076.25,4073.15,4074.11
2026.07.31 09:00,4074.18,4082.61,4072.51,4082.19
2026.07.31 09:15,4082.16,4087.3,4080.88,4084.78
2026.07.31 09:30,4084.77,4084.88,4076.95,4077.83
2026.07.31 09:45,4077.9,4081.36,4076.16,4077.4
2026.07.31 10:00,4077.35,4078.86,4075.21,4077.38
2026.07.31 10:15,4077.36,4079.02,4071.86,4072.47
2026.07.31 10:30,4072.48,4073.66,4067.97,4071.99
2026.07.31 10:45,4072.01,4074.15,4067.25,4067.5
2026.07.31 11:00,4067.51,4067.52,4060.85,4061.99
2026.07.31 11:15,4061.98,4066.97,4057.77,4058.33
2026.07.31 11:30,4058.33,4061.21,4053.99,4059.0
2026.07.31 11:45,4059.02,4064.14,4057.55,4060.71
2026.07.31 12:00,4060.56,4063.74,4054.8,4056.53
2026.07.31 12:15,4056.64,4057.25,4051.09,4052.11
2026.07.31 12:30,4052.08,4054.38,4050.08,4052.87
2026.07.31 12:45,4052.86,4056.88,4052.11,4054.87
2026.07.31 13:00,4054.86,4058.14,4053.02,4055.68
2026.07.31 13:15,4055.79,4055.87,4051.77,4052.98
2026.07.31 13:30,4052.96,4056.26,4052.69,4054.58
2026.07.31 13:45,4054.61,4056.91,4053.58,4054.31
2026.07.31 14:00,4054.15,4059.2,4051.96,4056.83
2026.07.31 14:15,4056.85,4060.89,4053.94,4058.63
2026.07.31 14:30,4058.64,4058.64,4050.56,4051.89
2026.07.31 14:45,4051.88,4055.21,4051.04,4053.53
2026.07.31 15:00,4053.72,4059.21,4052.41,4059.04
2026.07.31 15:15,4058.82,4059.18,4046.89,4047.13
2026.07.31 15:30,4047.07,4051.33,4042.38,4044.35
2026.07.31 15:45,4044.34,4046.13,4040.29,4040.54
2026.07.31 16:00,4040.48,4042.53,4034.51,4036.01
2026.07.31 16:15,4036.1,4046.71,4035.45,4042.45
2026.07.31 16:30,4042.4,4043.63,4022.33,4024.81
2026.07.31 16:45,4024.88,4031.99,4021.83,4025.04
2026.07.31 17:00,4024.95,4032.28,4020.68,4031.81
2026.07.31 17:15,4031.69,4039.98,4029.7,4038.59
2026.07.31 17:30,4038.57,4042.86,4036.46,4041.26
2026.07.31 17:45,4041.28,4050.04,4040.73,4049.01
2026.07.31 18:00,4048.97,4050.51,4042.6,4046.82
2026.07.31 18:15,4046.88,4052.38,4039.95,4041.02
2026.07.31 18:30,4040.96,4043.28,4036.47,4041.96
2026.07.31 18:45,4042.01,4046.55,4039.61,4045.34
2026.07.31 19:00,4045.39,4046.67,4041.04,4046.05
2026.07.31 19:15,4046.02,4048.19,4042.95,4047.19
2026.07.31 19:30,4047.24,4049.69,4040.96,4042.25
2026.07.31 19:45,4042.35,4044.83,4041.94,4043.09
2026.07.31 20:00,4043.06,4046.2,4041.31,4045.36
2026.07.31 20:15,4045.38,4053.19,4044.61,4050.23
2026.07.31 20:30,4050.3,4053.04,4047.46,4051.75
2026.07.31 20:45,4051.7,4054.54,4050.01,4053.46
2026.07.31 21:00,4053.35,4054.95,4046.96,4047.89
2026.07.31 21:15,4047.9,4051.56,4047.41,4050.87
2026.07.31 21:30,4050.9,4051.52,4047.94,4049.29
2026.07.31 21:45,4049.28,4051.41,4048.01,4050.61
2026.07.31 22:00,4050.58,4052.77,4046.75,4047.86
2026.07.31 22:15,4047.87,4050.42,4046.94,4050.38
2026.07.31 22:30,4050.22,4054.46,4048.73,4053.92
2026.07.31 22:45,4053.93,4055.47,4049.92,4050.66
2026.07.31 23:00,4050.6,4051.62,4045.09,4047.71
2026.07.31 23:15,4047.66,4048.79,4046.19,4047.93
2026.07.31 23:30,4047.53,4052.56,4046.86,4050.75
2026.07.31 23:45,4050.85,4051.9,4042.12,4043.35
2026.08.03 01:00,4081.14,4081.95,4067.04,4076.07
2026.08.03 01:15,4076.07,4076.82,4063.49,4065.61
2026.08.03 01:30,4065.91,4068.26,4063.92,4066.68
2026.08.03 01:45,4066.66,4066.95,4063.31,4063.54
2026.08.03 02:00,4063.55,4067.03,4063.09,4066.28
2026.08.03 02:15,4066.32,4072.39,4065.98,4071.85
2026.08.03 02:30,4071.86,4072.2,4067.69,4069.4
2026.08.03 02:45,4069.39,4074.81,4068.08,4074.81
2026.08.03 03:00,4074.91,4078.84,4069.79,4071.85
2026.08.03 03:15,4071.83,4072.78,4061.1,4064.15
2026.08.03 03:30,4064.13,4069.81,4056.75,4058.07
2026.08.03 03:45,4058.06,4060.52,4055.52,4056.96
2026.08.03 04:00,4056.94,4063.39,4051.32,4052.14
2026.08.03 04:15,4052.21,4054.97,4047.18,4052.65
2026.08.03 04:30,4052.67,4056.84,4047.28,4050.92
2026.08.03 04:45,4051.28,4057.26,4049.79,4056.44
2026.08.03 05:00,4056.49,4060.77,4053.05,4055.53
2026.08.03 05:15,4055.54,4060.53,4051.87,4057.86
2026.08.03 05:30,4057.94,4060.57,4052.35,4059.4
2026.08.03 05:45,4059.42,4066.88,4058.26,4062.25
2026.08.03 06:00,4062.22,4065.33,4060.79,4064.18
2026.08.03 06:15,4064.19,4067.76,4061.52,4063.77
2026.08.03 06:30,4063.61,4064.77,4060.42,4060.44
2026.08.03 06:45,4060.46,4066.55,4059.11,4064.9
2026.08.03 07:00,4064.87,4068.09,4064.06,4066.45
2026.08.03 07:15,4066.43,4070.84,4065.92,4068.1
2026.08.03 07:30,4068.11,4070.97,4068.1,4070.53
2026.08.03 07:45,4070.49,4071.67,4063.71,4063.73
2026.08.03 08:00,4063.65,4065.14,4056.54,4057.21
2026.08.03 08:15,4057.2,4062.57,4053.99,4060.13
2026.08.03 08:30,4060.14,4064.54,4055.04,4063.24
2026.08.03 08:45,4063.27,4069.81,4058.71,4068.71
2026.08.03 09:00,4068.79,4071.02,4065.91,4065.96
2026.08.03 09:15,4066.01,4071.9,4065.3,4068.29
2026.08.03 09:30,4068.37,4068.72,4060.36,4065.29
2026.08.03 09:45,4065.28,4066.76,4062.54,4063.68
2026.08.03 10:00,4063.65,4065.07,4059.36,4061.28
2026.08.03 10:15,4061.23,4061.82,4051.87,4057.87
2026.08.03 10:30,4057.93,4061.01,4056.39,4059.46
2026.08.03 10:45,4059.45,4063.17,4058.16,4060.87
2026.08.03 11:00,4060.94,4061.98,4058.22,4061.55
2026.08.03 11:15,4061.52,4062.28,4054.12,4055.91
2026.08.03 11:30,4055.85,4060.52,4054.6,4058.39
2026.08.03 11:45,4058.28,4060.83,4057.48,4059.27
2026.08.03 12:00,4059.28,4062.02,4057.08,4061.33
2026.08.03 12:15,4061.29,4061.29,4051.94,4052.41
2026.08.03 12:30,4052.43,4054.66,4046.47,4053.36
2026.08.03 12:45,4053.29,4057.95,4053.26,4055.1
2026.08.03 13:00,4055.14,4056.93,4052.9,4056.1
2026.08.03 13:15,4056.09,4056.79,4051.79,4053.27
2026.08.03 13:30,4053.3,4053.47,4048.49,4049.03
2026.08.03 13:45,4049.0,4050.49,4045.61,4049.15
2026.08.03 14:00,4049.11,4052.66,4047.74,4049.55
2026.08.03 14:15,4049.47,4049.65,4045.17,4048.18
2026.08.03 14:30,4048.17,4054.8,4047.65,4053.41
2026.08.03 14:45,4053.46,4062.95,4052.41,4062.33
2026.08.03 15:00,4062.33,4064.4,4054.55,4055.68
2026.08.03 15:15,4055.69,4056.39,4048.46,4050.64
2026.08.03 15:30,4050.66,4052.66,4041.99,4044.77
2026.08.03 15:45,4044.75,4048.71,4043.01,4047.41
2026.08.03 16:00,4047.44,4053.47,4038.58,4038.61
2026.08.03 16:15,4038.59,4040.28,4031.31,4033.99
2026.08.03 16:30,4033.81,4035.37,4018.85,4031.82
2026.08.03 16:45,4031.93,4035.24,4028.07,4032.11
2026.08.03 17:00,4032.14,4035.97,4026.45,4033.03
2026.08.03 17:15,4033.05,4035.85,4029.76,4032.33
2026.08.03 17:30,4032.31,4037.93,4031.74,4036.23
2026.08.03 17:45,4036.36,4039.22,4033.51,4036.09
2026.08.03 18:00,4036.16,4036.89,4030.1,4033.12
2026.08.03 18:15,4033.09,4038.29,4030.46,4032.56
2026.08.03 18:30,4032.61,4038.69,4030.76,4036.52
2026.08.03 18:45,4036.75,4040.76,4035.16,4035.85
2026.08.03 19:00,4035.93,4037.4,4034.38,4036.33
2026.08.03 19:15,4036.36,4038.31,4034.73,4036.78
2026.08.03 19:30,4036.77,4039.03,4035.39,4038.47
2026.08.03 19:45,4038.52,4038.59,4035.54,4036.7
2026.08.03 20:00,4036.72,4037.44,4033.02,4034.13
2026.08.03 20:15,4034.12,4037.63,4033.69,4034.14
2026.08.03 20:30,4034.2,4036.77,4033.85,4035.88
2026.08.03 20:45,4035.9,4036.19,4030.03,4030.29
2026.08.03 21:00,4030.32,4038.39,4029.44,4034.78
2026.08.03 21:15,4034.82,4038.82,4034.71,4037.76
2026.08.03 21:30,4037.77,4041.31,4036.3,4041.25
2026.08.03 21:45,4041.21,4044.88,4040.24,4043.33
2026.08.03 22:00,4043.29,4049.29,4043.29,4046.04
2026.08.03 22:15,4046.06,4054.13,4046.06,4052.72
2026.08.03 22:30,4052.74,4055.55,4051.76,4053.85
2026.08.03 22:45,4053.86,4055.49,4051.46,4051.85
2026.08.03 23:00,4051.88,4052.68,4050.02,4052.37
2026.08.03 23:15,4052.27,4055.75,4051.22,4054.18
2026.08.03 23:30,4054.24,4057.95,4053.71,4056.09
2026.08.03 23:45,4056.06,4057.03,4054.33,4055.17
2026.08.04 01:00,4053.69,4054.58,4048.95,4051.15
2026.08.04 01:15,4051.16,4052.38,4050.59,4051.92
2026.08.04 01:30,4051.91,4053.31,4051.44,4052.71
2026.08.04 01:45,4052.7,4053.38,4051.02,4052.72
2026.08.04 02:00,4052.67,4054.88,4049.93,4051.26
2026.08.04 02:15,4051.24,4054.45,4050.44,4051.48
2026.08.04 02:30,4051.51,4052.66,4050.84,4052.11
2026.08.04 02:45,4052.23,4053.73,4051.06,4053.69
2026.08.04 03:00,4053.69,4069.2,4052.94,4063.53
2026.08.04 03:15,4063.48,4064.28,4057.93,4058.88
2026.08.04 03:30,4058.9,4060.59,4055.37,4056.19
2026.08.04 03:45,4056.18,4057.86,4048.4,4048.93
2026.08.04 04:00,4048.6,4050.47,4042.27,4046.72
2026.08.04 04:15,4046.77,4052.33,4046.76,4049.04
2026.08.04 04:30,4049.05,4060.05,4048.22,4058.99
2026.08.04 04:45,4059.02,4061.74,4056.49,4058.59
2026.08.04 05:00,4058.63,4060.95,4055.54,4058.03
2026.08.04 05:15,4058.03,4059.7,4055.62,4056.54
2026.08.04 05:30,4056.56,4064.89,4055.5,4061.67
2026.08.04 05:45,4061.7,4062.22,4057.91,4058.68
2026.08.04 06:00,4058.54,4060.43,4056.24,4058.01
2026.08.04 06:15,4057.88,4061.65,4057.57,4057.67
2026.08.04 06:30,4057.67,4058.53,4052.48,4052.66
2026.08.04 06:45,4052.67,4055.31,4051.95,4052.33
2026.08.04 07:00,4052.34,4056.64,4050.99,4056.56
2026.08.04 07:15,4056.68,4061.53,4055.8,4061.27
2026.08.04 07:30,4061.31,4064.13,4060.44,4062.65
2026.08.04 07:45,4062.64,4066.19,4062.38,4063.66
2026.08.04 08:00,4063.66,4064.45,4057.09,4057.81
2026.08.04 08:15,4057.8,4063.85,4057.23,4063.13
2026.08.04 08:30,4063.15,4067.61,4058.99,4062.62
2026.08.04 08:45,4062.64,4064.17,4058.45,4061.67
2026.08.04 09:00,4061.6,4065.99,4061.54,4064.12
2026.08.04 09:15,4064.06,4064.72,4059.38,4059.62
2026.08.04 09:30,4059.72,4059.92,4055.45,4059.86
2026.08.04 09:45,4059.92,4063.62,4058.7,4063.21
2026.08.04 10:00,4063.23,4065.6,4060.73,4060.88
2026.08.04 10:15,4060.92,4065.44,4060.79,4062.81
2026.08.04 10:30,4062.8,4066.56,4061.28,4062.72
2026.08.04 10:45,4062.71,4065.97,4062.11,4065.38
2026.08.04 11:00,4065.41,4072.75,4064.42,4068.01
2026.08.04 11:15,4067.99,4068.55,4060.1,4063.14
2026.08.04 11:30,4062.98,4064.26,4058.26,4059.18
2026.08.04 11:45,4059.14,4059.39,4054.32,4054.83
2026.08.04 12:00,4054.82,4055.17,4048.42,4050.49
2026.08.04 12:15,4050.48,4051.88,4048.56,4050.14
2026.08.04 12:30,4050.18,4051.2,4046.1,4050.12
2026.08.04 12:45,4050.07,4050.83,4047.21,4049.57
2026.08.04 13:00,4049.58,4049.72,4046.75,4048.78
2026.08.04 13:15,4048.76,4049.76,4045.41,4048.85
2026.08.04 13:30,4048.86,4053.98,4046.36,4052.54
2026.08.04 13:45,4052.56,4060.51,4052.29,4053.61
2026.08.04 14:00,4053.62,4058.61,4052.15,4056.48
2026.08.04 14:15,4056.49,4060.81,4055.31,4060.63
2026.08.04 14:30,4060.71,4070.37,4059.72,4069.41
2026.08.04 14:45,4069.55,4084.05,4066.88,4074.9
2026.08.04 15:00,4075.04,4075.55,4060.94,4061.95
2026.08.04 15:15,4062.01,4070.18,4060.91,4067.93
2026.08.04 15:30,4067.94,4084.19,4067.94,4077.83
2026.08.04 15:45,4077.88,4079.18,4069.25,4070.69
2026.08.04 16:00,4070.7,4071.45,4060.99,4063.62
2026.08.04 16:15,4063.61,4091.15,4062.19,4078.34
2026.08.04 16:30,4078.32,4091.53,4075.82,4083.22
2026.08.04 16:45,4083.15,4093.81,4081.59,4084.37
2026.08.04 17:00,4084.13,4091.35,4082.93,4089.92
2026.08.04 17:15,4089.89,4091.7,4080.47,4083.56
2026.08.04 17:30,4083.57,4086.52,4074.14,4079.76
2026.08.04 17:45,4079.46,4084.58,4077.54,4083.38
2026.08.04 18:00,4083.39,4085.42,4079.51,4083.86
2026.08.04 18:15,4083.85,4084.18,4074.56,4078.14
2026.08.04 18:30,4078.18,4087.13,4076.46,4083.84
2026.08.04 18:45,4083.8,4088.66,4082.64,4087.14
2026.08.04 19:00,4087.13,4088.41,4084.21,4084.93
2026.08.04 19:15,4084.92,4089.69,4082.92,4087.48
2026.08.04 19:30,4087.49,4089.29,4084.8,4088.96
2026.08.04 19:45,4088.95,4093.48,4088.52,4093.19
2026.08.04 20:00,4093.16,4106.13,4092.26,4099.85
2026.08.04 20:15,4099.86,4101.09,4094.1,4094.49
2026.08.04 20:30,4094.46,4095.95,4091.52,4095.27
2026.08.04 20:45,4095.16,4096.26,4085.86,4085.87
2026.08.04 21:00,4085.83,4088.65,4084.67,4088.41
2026.08.04 21:15,4088.3,4088.65,4084.13,4084.5
2026.08.04 21:30,4084.47,4085.58,4076.1,4076.46
2026.08.04 21:45,4076.47,4080.99,4075.03,4079.64
2026.08.04 22:00,4079.68,4084.08,4078.55,4081.65
2026.08.04 22:15,4081.65,4084.65,4079.24,4080.1
2026.08.04 22:30,4080.01,4082.3,4078.73,4081.15
2026.08.04 22:45,4081.13,4082.03,4076.12,4078.35
2026.08.04 23:00,4078.32,4080.11,4078.12,4078.83
2026.08.04 23:15,4078.8,4078.8,4074.44,4075.21
2026.08.04 23:30,4075.18,4078.4,4075.08,4077.33
2026.08.04 23:45,4077.33,4078.02,4075.94,4077.09
2026.08.05 01:00,4079.79,4079.79,4076.2,4076.77
2026.08.05 01:15,4076.7,4079.6,4075.55,4079.5
2026.08.05 01:30,4079.51,4085.66,4079.08,4083.8
2026.08.05 01:45,4083.77,4084.4,4075.54,4075.58
2026.08.05 02:00,4075.59,4076.96,4068.32,4073.22
2026.08.05 02:15,4073.2,4074.51,4065.24,4066.94
2026.08.05 02:30,4066.93,4069.81,4065.57,4068.99
2026.08.05 02:45,4069.01,4073.43,4068.88,4072.26
2026.08.05 03:00,4072.53,4073.94,4070.17,4071.59
2026.08.05 03:15,4071.6,4078.76,4071.16,4078.44
2026.08.05 03:30,4078.46,4082.93,4077.91,4078.06
2026.08.05 03:45,4078.05,4083.27,4077.54,4082.32
2026.08.05 04:00,4082.41,4086.68,4077.42,4085.66
2026.08.05 04:15,4085.67,4088.53,4082.42,4084.4
2026.08.05 04:30,4084.35,4092.91,4079.87,4092.84
2026.08.05 04:45,4092.85,4102.51,4092.59,4101.28
2026.08.05 05:00,4101.25,4102.74,4096.34,4099.59
2026.08.05 05:15,4099.6,4108.31,4095.35,4103.36
2026.08.05 05:30,4103.37,4128.61,4101.28,4128.03
2026.08.05 05:45,4128.06,4135.15,4124.37,4129.1
2026.08.05 06:00,4129.03,4135.96,4126.78,4135.62
2026.08.05 06:15,4135.63,4136.33,4129.77,4130.31
2026.08.05 06:30,4130.33,4130.7,4127.4,4128.41
2026.08.05 06:45,4128.39,4130.11,4127.35,4128.19
2026.08.05 07:00,4128.12,4141.26,4128.12,4138.42
2026.08.05 07:15,4138.46,4140.9,4137.71,4138.49
2026.08.05 07:30,4138.65,4138.68,4133.29,4134.51
2026.08.05 07:45,4134.44,4135.96,4132.28,4135.4
2026.08.05 08:00,4135.36,4138.0,4134.55,4137.1
2026.08.05 08:15,4137.11,4141.92,4135.48,4139.44
2026.08.05 08:30,4139.43,4158.96,4139.43,4156.8
2026.08.05 08:45,4156.82,4172.86,4156.65,4161.32
2026.08.05 09:00,4161.28,4174.06,4159.96,4173.1
2026.08.05 09:15,4173.02,4173.27,4160.71,4168.7
2026.08.05 09:30,4168.68,4178.21,4166.98,4175.69
2026.08.05 09:45,4175.67,4178.27,4172.12,4177.42
2026.08.05 10:00,4177.72,4179.34,4166.12,4166.23
2026.08.05 10:15,4166.25,4169.26,4162.98,4164.22
2026.08.05 10:30,4164.23,4166.65,4162.16,4166.58
2026.08.05 10:45,4166.62,4171.83,4164.14,4170.69
2026.08.05 11:00,4170.62,4172.47,4164.66,4165.23
2026.08.05 11:15,4165.25,4168.02,4161.98,4164.39
2026.08.05 11:30,4164.38,4166.98,4161.26,4165.97
2026.08.05 11:45,4165.98,4166.11,4158.84,4160.38
2026.08.05 12:00,4160.47,4167.05,4160.36,4162.79
2026.08.05 12:15,4162.78,4162.78,4155.05,4157.5
2026.08.05 12:30,4157.55,4159.04,4154.39,4157.91
2026.08.05 12:45,4157.9,4158.96,4152.93,4157.84
2026.08.05 13:00,4157.86,4157.86,4150.12,4150.89
2026.08.05 13:15,4150.85,4158.31,4149.97,4156.53
2026.08.05 13:30,4156.54,4157.62,4153.71,4154.97
2026.08.05 13:45,4155.32,4161.23,4153.92,4161.17
2026.08.05 14:00,4160.97,4170.74,4160.6,4170.67
2026.08.05 14:15,4170.66,4180.44,4169.21,4175.97
2026.08.05 14:30,4176.03,4188.43,4173.95,4184.55
2026.08.05 14:45,4184.6,4192.45,4182.69,4188.76
2026.08.05 15:00,4188.83,4199.75,4188.76,4197.11
2026.08.05 15:15,4197.02,4213.25,4197.02,4205.06
2026.08.05 15:30,4205.1,4208.76,4192.63,4194.54
2026.08.05 15:45,4194.58,4195.48,4183.04,4183.77
2026.08.05 16:00,4183.57,4196.95,4183.57,4187.76
2026.08.05 16:15,4187.77,4197.84,4185.48,4196.82
2026.08.05 16:30,4196.96,4204.56,4192.46,4197.41
2026.08.05 16:45,4197.43,4206.54,4189.33,4205.85
2026.08.05 17:00,4205.44,4234.75,4203.37,4229.49
2026.08.05 17:15,4229.51,4240.29,4226.56,4236.71
2026.08.05 17:30,4236.7,4243.2,4228.49,4243.0
2026.08.05 17:45,4243.1,4247.37,4233.14,4244.01
2026.08.05 18:00,4243.98,4260.84,4242.63,4257.81
2026.08.05 18:15,4257.73,4265.0,4249.95,4257.28
2026.08.05 18:30,4257.34,4259.59,4252.2,4255.74
2026.08.05 18:45,4255.67,4255.76,4232.11,4232.52
2026.08.05 19:00,4232.57,4235.94,4224.53,4234.15
2026.08.05 19:15,4234.11,4241.54,4232.53,4241.17
2026.08.05 19:30,4241.26,4246.7,4238.86,4244.45
2026.08.05 19:45,4244.46,4247.25,4238.13,4242.13
2026.08.05 20:00,4242.19,4244.17,4239.05,4241.93
2026.08.05 20:15,4241.83,4246.33,4236.7,4244.52
2026.08.05 20:30,4244.56,4250.56,4240.68,4248.1
2026.08.05 20:45,4248.1,4252.28,4247.4,4250.07
2026.08.05 21:00,4250.07,4257.41,4248.98,4253.13
2026.08.05 21:15,4252.99,4267.43,4252.86,4262.85
2026.08.05 21:30,4262.84,4263.64,4254.57,4259.14
2026.08.05 21:45,4259.19,4263.44,4257.76,4260.66
2026.08.05 22:00,4260.67,4262.01,4256.03,4257.96
2026.08.05 22:15,4258.07,4258.12,4250.38,4252.72
2026.08.05 22:30,4252.86,4253.93,4248.12,4252.91
2026.08.05 22:45,4252.8,4253.23,4246.27,4246.74
2026.08.05 23:00,4246.8,4249.48,4246.5,4249.01
2026.08.05 23:15,4249.09,4249.56,4245.34,4246.09
2026.08.05 23:30,4246.05,4249.36,4245.01,4245.39
2026.08.05 23:45,4245.37,4246.73,4242.77,4246.61
2026.08.06 01:00,4247.36,4253.98,4245.5,4247.56
2026.08.06 01:15,4247.57,4248.78,4246.77,4247.97
2026.08.06 01:30,4247.58,4250.23,4247.51,4248.17
2026.08.06 01:45,4248.15,4250.18,4247.68,4249.86
2026.08.06 02:00,4249.85,4258.08,4248.95,4255.88
2026.08.06 02:15,4255.91,4263.97,4255.77,4263.29
2026.08.06 02:30,4263.27,4281.69,4260.79,4280.37
2026.08.06 02:45,4280.29,4280.51,4271.97,4277.98
2026.08.06 03:00,4278.09,4278.09,4264.36,4270.48
2026.08.06 03:15,4270.49,4284.54,4270.49,4273.96
2026.08.06 03:30,4273.72,4290.87,4273.72,4286.14
2026.08.06 03:45,4286.17,4300.09,4285.92,4294.65
2026.08.06 04:00,4294.6,4302.5,4280.04,4284.5
2026.08.06 04:15,4284.51,4287.6,4272.73,4275.91
2026.08.06 04:30,4275.89,4297.21,4275.63,4287.5
2026.08.06 04:45,4287.47,4297.15,4282.98,4286.2
2026.08.06 05:00,4286.18,4303.88,4283.24,4294.92
2026.08.06 05:15,4294.97,4299.82,4291.59,4292.0
2026.08.06 05:30,4291.95,4292.1,4280.81,4285.38
2026.08.06 05:45,4285.41,4286.84,4274.73,4278.36
2026.08.06 06:00,4278.3,4280.66,4273.71,4273.86
2026.08.06 06:15,4273.83,4273.85,4260.7,4265.97
2026.08.06 06:30,4265.88,4266.59,4261.35,4262.66
2026.08.06 06:45,4262.65,4265.58,4260.24,4265.47
2026.08.06 07:00,4265.49,4267.0,4261.95,4263.13
2026.08.06 07:15,4263.13,4263.68,4252.84,4255.27
2026.08.06 07:30,4255.29,4260.97,4255.29,4258.88
2026.08.06 07:45,4258.91,4262.74,4258.18,4262.02
2026.08.06 08:00,4261.78,4265.0,4256.4,4259.32
2026.08.06 08:15,4259.32,4259.32,4252.92,4253.61
2026.08.06 08:30,4253.65,4265.74,4246.94,4263.52
2026.08.06 08:45,4263.6,4268.34,4261.92,4267.04
2026.08.06 09:00,4267.05,4268.28,4256.49,4260.24
2026.08.06 09:15,4260.19,4260.98,4254.37,4257.29
2026.08.06 09:30,4257.32,4257.76,4249.13,4256.48
2026.08.06 09:45,4256.4,4258.05,4250.88,4255.86
2026.08.06 10:00,4255.81,4263.49,4253.07,4263.02
2026.08.06 10:15,4263.08,4265.11,4258.22,4261.7
2026.08.06 10:30,4261.68,4261.82,4254.68,4254.86
2026.08.06 10:45,4254.87,4262.72,4252.26,4262.53
2026.08.06 11:00,4262.56,4269.23,4260.07,4268.8
2026.08.06 11:15,4268.77,4270.26,4263.53,4267.61
2026.08.06 11:30,4267.64,4274.65,4266.36,4272.97
2026.08.06 11:45,4272.95,4278.67,4270.28,4278.06
2026.08.06 12:00,4278.02,4283.35,4275.81,4279.61
2026.08.06 12:15,4279.8,4284.57,4278.44,4283.13
2026.08.06 12:30,4283.17,4284.02,4271.72,4271.73
2026.08.06 12:45,4271.74,4276.01,4271.16,4272.94
2026.08.06 13:00,4272.91,4273.47,4268.48,4269.36
2026.08.06 13:15,4269.4,4270.78,4267.14,4269.12
2026.08.06 13:30,4269.11,4269.57,4264.43,4265.22
2026.08.06 13:45,4265.2,4271.33,4264.6,4270.65
2026.08.06 14:00,4270.68,4273.2,4266.35,4268.86
2026.08.06 14:15,4268.87,4271.34,4260.49,4264.04
2026.08.06 14:30,4264.13,4266.74,4259.62,4260.54
2026.08.06 14:45,4260.58,4263.41,4253.98,4263.05
2026.08.06 15:00,4263.1,4265.61,4255.3,4256.05
2026.08.06 15:15,4256.09,4262.75,4253.14,4261.44
2026.08.06 15:30,4261.49,4270.65,4257.91,4266.91
2026.08.06 15:45,4267.07,4267.49,4248.86,4249.98
2026.08.06 16:00,4249.96,4255.59,4230.52,4238.23
2026.08.06 16:15,4238.17,4248.03,4235.73,4247.45
2026.08.06 16:30,4247.49,4274.09,4245.78,4270.25
2026.08.06 16:45,4269.98,4270.1,4262.17,4266.95
2026.08.06 17:00,4266.96,4275.19,4263.93,4268.14
2026.08.06 17:15,4268.16,4268.8,4259.98,4265.26
2026.08.06 17:30,4265.58,4274.72,4265.58,4273.43
2026.08.06 17:45,4273.37,4274.98,4262.7,4272.87
2026.08.06 18:00,4272.89,4274.31,4261.8,4263.61
2026.08.06 18:15,4263.65,4263.65,4250.45,4254.63
2026.08.06 18:30,4254.68,4255.37,4245.89,4251.26
2026.08.06 18:45,4251.27,4251.28,4229.11,4233.45
2026.08.06 19:00,4233.72,4242.95,4230.72,4232.65
2026.08.06 19:15,4232.55,4232.83,4223.22,4229.92
2026.08.06 19:30,4229.86,4235.83,4229.86,4233.24
2026.08.06 19:45,4233.27,4242.36,4231.52,4241.19
2026.08.06 20:00,4241.25,4244.47,4239.28,4240.83
2026.08.06 20:15,4240.84,4242.57,4238.41,4241.54
2026.08.06 20:30,4240.99,4243.45,4238.4,4241.96
2026.08.06 20:45,4242.04,4248.04,4240.28,4247.04
2026.08.06 21:00,4247.1,4248.9,4243.94,4246.7
2026.08.06 21:15,4246.73,4249.42,4245.94,4246.58
2026.08.06 21:30,4246.6,4247.61,4240.59,4241.7
2026.08.06 21:45,4241.73,4245.49,4240.63,4243.3
2026.08.06 22:00,4243.35,4251.15,4242.88,4247.3
2026.08.06 22:15,4247.31,4248.4,4235.17,4237.29
2026.08.06 22:30,4237.02,4239.51,4232.91,4234.54
2026.08.06 22:45,4234.58,4250.39,4234.57,4248.74
2026.08.06 23:00,4248.68,4250.0,4242.74,4244.43
2026.08.06 23:15,4244.64,4245.47,4239.69,4241.68
2026.08.06 23:30,4241.66,4242.28,4234.88,4235.09
2026.08.06 23:45,4235.13,4241.86,4234.5,4240.52
2026.08.07 01:00,4240.99,4241.32,4235.63,4238.7
2026.08.07 01:15,4238.68,4243.23,4238.67,4242.14
2026.08.07 01:30,4242.2,4243.17,4238.89,4239.31
2026.08.07 01:45,4239.27,4242.66,4238.79,4240.6
2026.08.07 02:00,4240.62,4245.4,4240.04,4245.24
2026.08.07 02:15,4245.18,4246.05,4242.94,4244.94
2026.08.07 02:30,4244.92,4248.52,4244.76,4246.5
2026.08.07 02:45,4246.55,4252.98,4245.66,4252.24
2026.08.07 03:00,4252.27,4252.65,4243.23,4244.61
2026.08.07 03:15,4244.62,4245.98,4238.95,4243.6
2026.08.07 03:30,4243.75,4243.77,4230.13,4234.5
2026.08.07 03:45,4234.53,4236.66,4229.51,4232.61
2026.08.07 04:00,4232.58,4246.48,4231.25,4243.9
2026.08.07 04:15,4243.97,4249.97,4240.0,4243.16
2026.08.07 04:30,4243.12,4258.37,4239.01,4256.53
2026.08.07 04:45,4256.52,4259.03,4251.68,4256.59
2026.08.07 05:00,4256.6,4261.5,4255.88,4258.42
2026.08.07 05:15,4258.41,4261.09,4257.28,4260.57
2026.08.07 05:30,4260.65,4261.53,4249.65,4249.66
2026.08.07 05:45,4249.52,4255.9,4247.02,4250.13
2026.08.07 06:00,4250.13,4259.18,4249.46,4254.68
2026.08.07 06:15,4254.65,4258.56,4251.85,4258.4
2026.08.07 06:30,4258.31,4261.07,4257.49,4260.45
2026.08.07 06:45,4260.47,4266.11,4259.05,4265.95
2026.08.07 07:00,4265.9,4268.87,4262.12,4265.84
2026.08.07 07:15,4265.8,4268.19,4261.86,4264.78
2026.08.07 07:30,4264.79,4268.35,4260.59,4263.77
2026.08.07 07:45,4263.78,4267.05,4262.12,4264.92
2026.08.07 08:00,4264.9,4270.94,4261.74,4269.22
2026.08.07 08:15,4269.19,4270.52,4264.62,4266.44
2026.08.07 08:30,4266.66,4277.16,4265.85,4271.29
2026.08.07 08:45,4271.28,4280.31,4271.27,4278.42
2026.08.07 09:00,4278.47,4291.46,4278.25,4286.48
2026.08.07 09:15,4286.44,4291.01,4282.95,4283.07
2026.08.07 09:30,4283.11,4294.86,4279.88,4291.95
2026.08.07 09:45,4291.91,4298.5,4288.54,4297.05
2026.08.07 10:00,4297.07,4297.65,4290.11,4291.09
2026.08.07 10:15,4291.08,4292.54,4284.58,4285.25
2026.08.07 10:30,4285.05,4288.6,4283.76,4284.94
2026.08.07 10:45,4284.95,4290.97,4282.74,4289.86
2026.08.07 11:00,4290.04,4300.36,4288.85,4299.57
2026.08.07 11:15,4299.6,4300.5,4293.11,4294.76
2026.08.07 11:30,4294.73,4316.55,4293.92,4308.87
2026.08.07 11:45,4308.91,4311.2,4303.23,4305.87
2026.08.07 12:00,4305.95,4307.08,4304.4,4305.83
2026.08.07 12:15,4305.8,4310.87,4304.61,4306.51
2026.08.07 12:30,4306.58,4318.34,4302.15,4317.28
2026.08.07 12:45,4317.32,4320.61,4314.29,4316.03
2026.08.07 13:00,4316.01,4319.26,4307.92,4308.1
2026.08.07 13:15,4308.11,4314.29,4308.06,4313.65
2026.08.07 13:30,4313.69,4318.18,4313.06,4316.76
2026.08.07 13:45,4316.94,4320.58,4316.17,4316.77
2026.08.07 14:00,4316.92,4326.01,4316.65,4320.13
2026.08.07 14:15,4320.19,4327.24,4316.98,4325.0
2026.08.07 14:30,4325.06,4327.6,4320.77,4322.7
2026.08.07 14:45,4322.68,4326.82,4320.72,4321.06
2026.08.07 15:00,4321.08,4325.17,4314.64,4314.92
2026.08.07 15:15,4314.9,4317.03,4300.93,4310.13
2026.08.07 15:30,4311.02,4370.56,4309.27,4366.9
2026.08.07 15:45,4366.92,4371.63,4355.46,4361.12
2026.08.07 16:00,4361.21,4363.81,4345.82,4347.6
2026.08.07 16:15,4347.52,4357.9,4339.0,4356.11
2026.08.07 16:30,4356.4,4367.86,4350.03,4358.36
2026.08.07 16:45,4358.37,4359.67,4342.21,4348.03
2026.08.07 17:00,4348.11,4348.87,4327.28,4334.21
2026.08.07 17:15,4334.19,4352.83,4330.24,4348.68
2026.08.07 17:30,4348.92,4350.52,4342.27,4344.05
2026.08.07 17:45,4344.06,4348.76,4340.19,4341.25
2026.08.07 18:00,4341.24,4355.74,4340.05,4355.09
2026.08.07 18:15,4355.11,4358.2,4350.85,4351.2
2026.08.07 18:30,4351.22,4353.73,4346.94,4349.34
2026.08.07 18:45,4349.36,4351.68,4339.58,4340.7
2026.08.07 19:00,4340.76,4349.37,4338.32,4347.34
2026.08.07 19:15,4347.26,4349.33,4334.16,4337.36
2026.08.07 19:30,4337.34,4341.99,4332.42,4338.5
2026.08.07 19:45,4338.49,4342.01,4328.92,4329.03
2026.08.07 20:00,4328.86,4338.2,4327.51,4335.36
2026.08.07 20:15,4335.34,4341.97,4333.62,4339.37
2026.08.07 20:30,4339.45,4339.88,4329.59,4335.87
2026.08.07 20:45,4335.88,4342.79,4334.73,4340.0
2026.08.07 21:00,4340.01,4342.77,4334.66,4334.83
2026.08.07 21:15,4334.77,4337.88,4331.92,4334.23
2026.08.07 21:30,4334.19,4338.88,4333.25,4334.2
2026.08.07 21:45,4334.21,4337.46,4333.01,4335.33
2026.08.07 22:00,4335.39,4345.67,4335.25,4343.47
2026.08.07 22:15,4343.48,4350.22,4342.89,4348.49
2026.08.07 22:30,4348.41,4348.77,4344.2,4347.61
2026.08.07 22:45,4347.63,4349.18,4339.82,4343.77
2026.08.07 23:00,4343.78,4345.05,4337.84,4342.21
2026.08.07 23:15,4342.18,4342.69,4336.98,4337.59
2026.08.07 23:30,4337.61,4341.83,4335.66,4341.01
2026.08.07 23:45,4340.91,4342.04,4338.62,4341.88
2026.08.10 01:00,4341.3,4350.85,4331.25,4343.17
2026.08.10 01:15,4343.17,4344.34,4337.82,4343.22
2026.08.10 01:30,4343.26,4345.14,4339.97,4340.31
2026.08.10 01:45,4340.24,4344.04,4339.98,4341.52
2026.08.10 02:00,4341.56,4347.47,4341.13,4346.49
2026.08.10 02:15,4346.53,4348.94,4344.05,4346.44
2026.08.10 02:30,4346.45,4347.27,4339.86,4341.96
2026.08.10 02:45,4341.95,4343.02,4331.99,4332.62
2026.08.10 03:00,4332.43,4346.92,4332.43,4344.21
2026.08.10 03:15,4344.23,4345.48,4337.16,4337.45
2026.08.10 03:30,4337.46,4339.21,4333.44,4334.33
2026.08.10 03:45,4334.31,4337.3,4330.57,4331.96
2026.08.10 04:00,4332.02,4340.64,4322.0,4323.04
2026.08.10 04:15,4323.09,4328.05,4316.24,4316.26
2026.08.10 04:30,4316.23,4320.72,4313.27,4317.24
2026.08.10 04:45,4317.26,4323.91,4315.9,4322.19
2026.08.10 05:00,4322.35,4325.62,4318.42,4324.33
2026.08.10 05:15,4324.35,4332.02,4323.32,4330.72
2026.08.10 05:30,4330.76,4332.24,4323.0,4326.36
2026.08.10 05:45,4326.28,4327.22,4318.7,4319.56
2026.08.10 06:00,4319.61,4320.99,4317.51,4319.91
2026.08.10 06:15,4319.87,4328.07,4319.43,4327.1
2026.08.10 06:30,4327.11,4329.88,4324.62,4324.97
2026.08.10 06:45,4324.94,4327.71,4324.05,4326.44
2026.08.10 07:00,4326.48,4332.68,4322.84,4332.23
2026.08.10 07:15,4332.26,4337.36,4330.66,4334.53
2026.08.10 07:30,4334.49,4336.12,4329.59,4332.1
2026.08.10 07:45,4331.94,4339.39,4331.66,4339.32
2026.08.10 08:00,4339.26,4339.57,4333.36,4334.77
2026.08.10 08:15,4334.81,4336.16,4332.58,4333.65
2026.08.10 08:30,4333.66,4344.21,4331.42,4343.35
2026.08.10 08:45,4343.23,4351.94,4340.56,4347.12
2026.08.10 09:00,4347.13,4349.86,4341.76,4347.04
2026.08.10 09:15,4347.07,4349.56,4342.38,4347.94
2026.08.10 09:30,4347.97,4355.36,4345.9,4354.9
2026.08.10 09:45,4354.97,4359.51,4354.76,4357.88
2026.08.10 10:00,4357.93,4358.54,4349.85,4350.81
2026.08.10 10:15,4350.99,4358.68,4350.16,4354.85
2026.08.10 10:30,4354.89,4359.73,4352.52,4359.11
2026.08.10 10:45,4359.08,4361.79,4354.78,4355.24
2026.08.10 11:00,4355.23,4356.02,4351.4,4354.2
2026.08.10 11:15,4354.34,4356.05,4352.12,4355.43
2026.08.10 11:30,4355.4,4356.49,4345.56,4346.09
2026.08.10 11:45,4346.06,4348.86,4343.63,4346.4
2026.08.10 12:00,4346.45,4349.85,4345.42,4349.52
2026.08.10 12:15,4349.53,4349.58,4344.69,4346.77
2026.08.10 12:30,4346.73,4346.73,4340.38,4344.03
2026.08.10 12:45,4343.99,4345.2,4340.74,4341.04
2026.08.10 13:00,4340.96,4341.35,4338.95,4340.48
2026.08.10 13:15,4340.47,4343.94,4339.08,4343.4
2026.08.10 13:30,4343.39,4343.94,4337.68,4337.72
2026.08.10 13:45,4337.7,4340.45,4335.28,4335.57
2026.08.10 14:00,4335.59,4336.68,4329.15,4331.33
2026.08.10 14:15,4331.23,4336.18,4328.73,4334.32
2026.08.10 14:30,4334.3,4339.13,4334.28,4337.13
2026.08.10 14:45,4337.08,4337.63,4331.83,4334.85
2026.08.10 15:00,4334.81,4337.27,4331.18,4331.49
2026.08.10 15:15,4331.65,4332.29,4323.97,4327.4
2026.08.10 15:30,4327.36,4332.24,4325.98,4328.78
2026.08.10 15:45,4328.81,4335.47,4328.5,4332.36
2026.08.10 16:00,4332.38,4337.59,4325.82,4337.02
2026.08.10 16:15,4337.14,4337.56,4329.04,4334.94
2026.08.10 16:30,4334.95,4339.64,4329.73,4330.63
2026.08.10 16:45,4330.79,4331.66,4316.53,4317.73
2026.08.10 17:00,4317.74,4330.94,4317.74,4329.94
2026.08.10 17:15,4329.99,4348.02,4328.35,4345.38
2026.08.10 17:30,4345.33,4351.72,4344.68,4349.43
2026.08.10 17:45,4349.4,4350.63,4342.57,4345.36
2026.08.10 18:00,4345.36,4352.05,4343.17,4346.84
2026.08.10 18:15,4346.82,4352.23,4345.84,4349.13
2026.08.10 18:30,4349.16,4351.8,4347.79,4350.12
2026.08.10 18:45,4350.18,4359.39,4348.49,4358.42
2026.08.10 19:00,4358.48,4364.63,4356.64,4361.27
2026.08.10 19:15,4361.32,4364.46,4360.81,4362.53
2026.08.10 19:30,4362.54,4362.91,4349.52,4351.52
2026.08.10 19:45,4351.53,4356.78,4351.51,4356.61
2026.08.10 20:00,4356.98,4357.97,4351.5,4356.96
2026.08.10 20:15,4356.73,4361.15,4356.13,4361.0
2026.08.10 20:30,4360.99,4365.34,4359.38,4360.09
2026.08.10 20:45,4360.07,4361.05,4357.52,4360.06
2026.08.10 21:00,4360.14,4365.12,4359.65,4362.77
2026.08.10 21:15,4362.78,4367.0,4361.28,4365.69
2026.08.10 21:30,4365.7,4382.81,4364.98,4379.52
2026.08.10 21:45,4379.57,4379.66,4373.29,4378.4
2026.08.10 22:00,4378.6,4382.63,4378.48,4381.83
2026.08.10 22:15,4381.88,4391.46,4381.06,4390.57
2026.08.10 22:30,4390.59,4393.92,4384.28,4388.03
2026.08.10 22:45,4388.0,4395.05,4387.11,4388.09
2026.08.10 23:00,4388.1,4390.54,4385.53,4389.13
2026.08.10 23:15,4389.17,4391.81,4386.45,4390.94
2026.08.10 23:30,4390.95,4391.86,4389.75,4389.75
2026.08.10 23:45,4389.69,4390.46,4388.45,4390.2
2026.08.11 01:00,4389.96,4393.05,4388.15,4391.46
2026.08.11 01:15,4391.46,4393.47,4390.98,4392.02
2026.08.11 01:30,4392.06,4396.1,4391.97,4395.27
2026.08.11 01:45,4395.25,4400.7,4395.25,4399.67
2026.08.11 02:00,4399.16,4401.81,4395.65,4397.31
2026.08.11 02:15,4397.22,4397.41,4394.62,4395.26
2026.08.11 02:30,4395.23,4398.8,4395.07,4398.63
2026.08.11 02:45,4398.8,4402.55,4396.29,4402.22
2026.08.11 03:00,4402.2,4408.73,4396.19,4405.22
2026.08.11 03:15,4405.21,4415.91,4404.35,4413.76
2026.08.11 03:30,4413.78,4413.94,4407.24,4413.92
2026.08.11 03:45,4414.02,4419.13,4408.2,4409.19
2026.08.11 04:00,4409.21,4415.13,4393.57,4414.43
2026.08.11 04:15,4414.41,4420.17,4412.48,4419.01
2026.08.11 04:30,4419.05,4422.47,4414.78,4415.05
2026.08.11 04:45,4414.68,4433.7,4414.27,4429.49
2026.08.11 05:00,4429.45,4434.29,4421.4,4433.59
2026.08.11 05:15,4433.65,4434.95,4425.87,4428.32
2026.08.11 05:30,4428.3,4428.98,4413.61,4418.22
2026.08.11 05:45,4418.3,4418.85,4407.91,4410.69
2026.08.11 06:00,4410.62,4415.06,4409.54,4413.2
2026.08.11 06:15,4413.13,4420.51,4412.68,4420.14
2026.08.11 06:30,4420.11,4421.33,4415.38,4415.7
2026.08.11 06:45,4415.73,4418.54,4413.84,4416.58
2026.08.11 07:00,4416.61,4419.37,4411.99,4413.72
2026.08.11 07:15,4413.75,4415.58,4409.73,4415.09
2026.08.11 07:30,4415.08,4420.07,4408.09,4409.83
2026.08.11 07:45,4409.8,4411.04,4403.22,4408.57
2026.08.11 08:00,4408.6,4408.76,4399.13,4401.9
2026.08.11 08:15,4401.83,4401.91,4390.67,4392.24
2026.08.11 08:30,4392.19,4392.19,4372.49,4376.96
2026.08.11 08:45,4376.99,4378.15,4367.34,4375.07
2026.08.11 09:00,4375.08,4382.24,4371.4,4372.6
2026.08.11 09:15,4372.59,4375.85,4361.76,4363.23
2026.08.11 09:30,4363.21,4368.99,4359.65,4363.52
2026.08.11 09:45,4363.55,4367.34,4359.56,4366.01
2026.08.11 10:00,4366.0,4367.44,4361.05,4363.11
2026.08.11 10:15,4363.15,4365.73,4357.46,4362.84
2026.08.11 10:30,4362.94,4364.72,4356.49,4358.23
2026.08.11 10:45,4358.65,4361.45,4356.52,4357.53
2026.08.11 11:00,4357.79,4366.51,4356.83,4364.84
2026.08.11 11:15,4364.8,4369.5,4358.88,4368.87
2026.08.11 11:30,4368.77,4375.68,4368.39,4374.53
2026.08.11 11:45,4374.55,4376.36,4368.86,4368.91
2026.08.11 12:00,4368.88,4372.69,4367.35,4372.19
2026.08.11 12:15,4372.17,4375.29,4370.51,4371.66
2026.08.11 12:30,4371.54,4374.79,4370.03,4370.28
2026.08.11 12:45,4370.26,4374.55,4370.19,4372.17
2026.08.11 13:00,4372.19,4375.75,4370.97,4372.9
2026.08.11 13:15,4372.88,4381.63,4372.16,4378.09
2026.08.11 13:30,4378.07,4380.8,4376.73,4377.45
2026.08.11 13:45,4377.43,4382.29,4377.33,4382.14
2026.08.11 14:00,4382.18,4392.7,4380.17,4391.04
2026.08.11 14:15,4391.21,4392.07,4384.93,4387.13
2026.08.11 14:30,4387.16,4387.85,4382.8,4386.13
2026.08.11 14:45,4385.83,4389.57,4384.7,4387.51
2026.08.11 15:00,4387.52,4397.32,4383.7,4396.67
2026.08.11 15:15,4396.76,4399.39,4387.3,4390.99
2026.08.11 15:30,4391.12,4398.44,4388.59,4398.43
2026.08.11 15:45,4398.4,4399.97,4391.96,4392.35
2026.08.11 16:00,4392.36,4400.86,4391.69,4393.67
2026.08.11 16:15,4393.7,4400.76,4389.43,4397.75
2026.08.11 16:30,4397.91,4401.73,4388.85,4399.65
2026.08.11 16:45,4399.76,4403.99,4384.31,4389.0
2026.08.11 17:00,4388.96,4389.84,4381.0,4386.84
2026.08.11 17:15,4386.86,4390.04,4381.5,4383.85
2026.08.11 17:30,4384.07,4395.26,4384.07,4393.39
2026.08.11 17:45,4393.4,4397.86,4391.76,4394.0
2026.08.11 18:00,4394.07,4398.73,4389.09,4392.15
2026.08.11 18:15,4392.16,4392.16,4381.8,4386.47
2026.08.11 18:30,4386.52,4386.75,4368.98,4375.73
2026.08.11 18:45,4375.75,4383.78,4374.78,4383.68
2026.08.11 19:00,4383.66,4384.68,4378.59,4379.4
2026.08.11 19:15,4379.51,4383.34,4378.4,4382.83
2026.08.11 19:30,4382.73,4385.71,4379.17,4384.65
2026.08.11 19:45,4384.69,4385.34,4380.99,4383.3
2026.08.11 20:00,4383.39,4385.58,4380.9,4380.94
2026.08.11 20:15,4380.96,4384.17,4378.74,4381.18
2026.08.11 20:30,4381.2,4381.8,4374.21,4376.14
2026.08.11 20:45,4376.13,4377.43,4368.76,4368.99
2026.08.11 21:00,4369.01,4369.01,4360.11,4363.64
2026.08.11 21:15,4363.51,4367.07,4360.2,4361.17
2026.08.11 21:30,4361.16,4371.63,4360.99,4370.93
2026.08.11 21:45,4370.97,4372.59,4369.83,4371.34
2026.08.11 22:00,4371.38,4371.99,4363.18,4363.52
2026.08.11 22:15,4363.56,4370.7,4361.05,4370.23
2026.08.11 22:30,4370.27,4374.04,4366.26,4367.41
2026.08.11 22:45,4367.47,4373.06,4366.12,4370.5
2026.08.11 23:00,4370.71,4370.85,4368.23,4370.11
2026.08.11 23:15,4370.14,4370.8,4367.47,4370.09
2026.08.11 23:30,4370.11,4370.29,4367.36,4367.43
2026.08.11 23:45,4367.39,4368.71,4366.95,4368.02
2026.08.12 01:00,4370.69,4375.17,4370.35,4373.62
2026.08.12 01:15,4373.59,4376.71,4373.05,4376.28
2026.08.12 01:30,4376.3,4377.8,4374.96,4376.12
2026.08.12 01:45,4376.1,4378.26,4367.05,4368.93
2026.08.12 02:00,4369.49,4369.5,4362.25,4366.25
2026.08.12 02:15,4366.2,4374.25,4364.96,4372.66
2026.08.12 02:30,4372.65,4372.75,4366.55,4367.78
2026.08.12 02:45,4367.77,4371.53,4367.77,4371.37
2026.08.12 03:00,4371.32,4379.12,4366.39,4377.82
2026.08.12 03:15,4377.85,4380.97,4373.93,4380.65
2026.08.12 03:30,4380.64,4383.5,4379.28,4382.74
2026.08.12 03:45,4382.66,4383.01,4377.54,4380.37
2026.08.12 04:00,4380.38,4390.55,4378.21,4390.21
2026.08.12 04:15,4390.17,4393.81,4386.53,4390.38
2026.08.12 04:30,4390.4,4393.04,4385.06,4392.89
2026.08.12 04:45,4392.95,4397.24,4390.93,4396.33
2026.08.12 05:00,4396.4,4404.5,4394.03,4401.53
2026.08.12 05:15,4401.52,4403.51,4399.21,4402.02
2026.08.12 05:30,4402.03,4408.04,4397.62,4405.41
2026.08.12 05:45,4405.35,4414.36,4405.21,4411.2
2026.08.12 06:00,4411.19,4415.81,4408.49,4410.63
2026.08.12 06:15,4410.57,4410.66,4404.35,4407.21
2026.08.12 06:30,4407.2,4408.61,4401.23,4401.38
2026.08.12 06:45,4401.36,4403.55,4400.67,4402.13
2026.08.12 07:00,4402.12,4403.03,4396.42,4397.29
2026.08.12 07:15,4397.26,4399.13,4395.39,4398.88
2026.08.12 07:30,4398.86,4399.91,4395.23,4399.84
2026.08.12 07:45,4399.85,4402.18,4399.1,4400.87
2026.08.12 08:00,4400.86,4404.67,4399.96,4400.65
2026.08.12 08:15,4400.61,4400.68,4392.31,4392.49
2026.08.12 08:30,4392.47,4396.83,4387.85,4387.92
2026.08.12 08:45,4387.88,4393.83,4383.81,4390.93
2026.08.12 09:00,4390.79,4392.88,4384.96,4386.87
2026.08.12 09:15,4386.84,4390.33,4385.46,4389.53
2026.08.12 09:30,4389.54,4397.21,4388.14,4394.27
2026.08.12 09:45,4394.28,4406.06,4394.28,4403.16
2026.08.12 10:00,4403.14,4405.81,4400.81,4401.3
2026.08.12 10:15,4401.33,4402.51,4397.96,4402.17
2026.08.12 10:30,4402.16,4408.26,4401.24,4407.64
2026.08.12 10:45,4407.6,4409.77,4404.75,4406.07
2026.08.12 11:00,4406.09,4410.25,4405.67,4408.39
2026.08.12 11:15,4408.2,4409.19,4405.38,4406.75
2026.08.12 11:30,4406.76,4407.3,4404.22,4405.8
2026.08.12 11:45,4405.78,4405.78,4401.49,4401.54
2026.08.12 12:00,4401.58,4412.83,4401.58,4412.69
2026.08.12 12:15,4412.73,4424.09,4412.15,4413.05
2026.08.12 12:30,4413.0,4416.9,4411.94,4413.51
2026.08.12 12:45,4413.61,4416.26,4410.62,4415.69
2026.08.12 13:00,4415.66,4419.1,4414.43,4417.67
2026.08.12 13:15,4417.7,4420.67,4417.2,4419.39
2026.08.12 13:30,4419.39,4419.56,4412.74,4414.52
2026.08.12 13:45,4414.51,4415.49,4406.8,4412.49
2026.08.12 14:00,4412.51,4414.91,4407.6,4407.66
2026.08.12 14:15,4407.67,4416.49,4407.66,4414.8
2026.08.12 14:30,4414.81,4415.63,4410.1,4413.1
2026.08.12 14:45,4413.08,4415.3,4412.32,4412.51
2026.08.12 15:00,4412.42,4412.81,4406.02,4408.37
2026.08.12 15:15,4408.28,4426.52,4404.43,4426.52
2026.08.12 15:30,4426.62,4438.04,4381.57,4428.36
2026.08.12 15:45,4428.3,4437.92,4416.5,4437.1
2026.08.12 16:00,4436.91,4440.96,4420.64,4421.77
2026.08.12 16:15,4421.77,4428.88,4414.44,4418.28
2026.08.12 16:30,4418.28,4420.6,4408.33,4416.39
2026.08.12 16:45,4416.44,4433.89,4415.27,4427.42
2026.08.12 17:00,4427.62,4434.66,4420.81,4431.73
2026.08.12 17:15,4431.77,4439.54,4429.85,4431.38
2026.08.12 17:30,4431.39,4435.88,4416.12,4424.8
2026.08.12 17:45,4424.85,4432.24,4416.29,4421.79
2026.08.12 18:00,4421.85,4429.97,4414.7,4426.59
2026.08.12 18:15,4426.6,4427.99,4419.48,4421.33
2026.08.12 18:30,4421.37,4425.23,4416.58,4417.93
2026.08.12 18:45,4418.07,4422.08,4410.83,4420.77
2026.08.12 19:00,4420.8,4425.53,4416.63,4423.2
2026.08.12 19:15,4423.29,4426.28,4422.21,4423.08
2026.08.12 19:30,4423.05,4423.77,4409.14,4410.7
2026.08.12 19:45,4410.67,4411.07,4396.35,4401.48
2026.08.12 20:00,4401.47,4407.39,4399.87,4403.47
2026.08.12 20:15,4403.65,4409.67,4401.79,4406.29
2026.08.12 20:30,4406.36,4411.31,4401.2,4401.89
2026.08.12 20:45,4401.87,4405.43,4398.86,4399.21
2026.08.12 21:00,4399.08,4406.44,4396.12,4405.63
2026.08.12 21:15,4405.68,4410.95,4404.38,4408.32
2026.08.12 21:30,4408.19,4413.44,4407.76,4413.37
2026.08.12 21:45,4413.34,4417.69,4412.6,4412.83
2026.08.12 22:00,4412.89,4418.13,4412.68,4416.13
2026.08.12 22:15,4416.11,4417.75,4415.5,4416.4
2026.08.12 22:30,4416.41,4416.44,4411.12,4412.98
2026.08.12 22:45,4412.93,4413.9,4408.06,4413.62
2026.08.12 23:00,4413.61,4413.97,4408.57,4408.79
2026.08.12 23:15,4408.8,4409.7,4406.37,4407.67
2026.08.12 23:30,4407.51,4408.45,4406.44,4407.75
2026.08.12 23:45,4407.76,4408.75,4406.4,4408.33
2026.08.13 01:00,4410.83,4411.62,4402.3,4402.97
2026.08.13 01:15,4402.99,4403.1,4397.96,4399.08
2026.08.13 01:30,4399.01,4401.77,4398.48,4399.92
2026.08.13 01:45,4399.91,4402.76,4399.62,4402.05
2026.08.13 02:00,4401.34,4405.77,4401.34,4405.46
2026.08.13 02:15,4405.45,4409.55,4405.45,4408.11
2026.08.13 02:30,4408.1,4410.1,4407.09,4408.32
2026.08.13 02:45,4408.37,4414.31,4407.74,4414.14
2026.08.13 03:00,4414.2,4422.0,4412.78,4419.02
2026.08.13 03:15,4419.05,4437.33,4419.05,4428.22
2026.08.13 03:30,4428.19,4449.59,4424.48,4440.05
2026.08.13 03:45,4440.03,4440.13,4423.87,4427.77
2026.08.13 04:00,4427.46,4435.05,4422.62,4429.91
2026.08.13 04:15,4429.84,4435.17,4418.85,4419.14
2026.08.13 04:30,4419.13,4429.97,4417.61,4419.09
2026.08.13 04:45,4419.04,4419.04,4406.0,4408.18
2026.08.13 05:00,4408.14,4413.86,4405.2,4410.46
2026.08.13 05:15,4410.46,4412.19,4405.76,4406.22
2026.08.13 05:30,4406.14,4410.14,4398.7,4410.14
2026.08.13 05:45,4410.14,4410.49,4405.36,4406.94
2026.08.13 06:00,4406.93,4411.98,4403.96,4406.81
2026.08.13 06:15,4406.83,4409.91,4405.39,4408.99
2026.08.13 06:30,4409.06,4410.31,4405.31,4405.72
2026.08.13 06:45,4405.79,4407.46,4398.47,4399.97
2026.08.13 07:00,4399.98,4400.06,4391.43,4394.24
2026.08.13 07:15,4394.25,4399.0,4392.29,4398.0
2026.08.13 07:30,4397.99,4399.3,4394.86,4395.54
2026.08.13 07:45,4395.58,4398.56,4395.07,4397.52
2026.08.13 08:00,4397.5,4404.49,4392.87,4404.34
2026.08.13 08:15,4404.3,4407.05,4400.65,4406.18
2026.08.13 08:30,4406.16,4406.91,4386.22,4387.41
2026.08.13 08:45,4387.42,4389.06,4380.35,4382.78
2026.08.13 09:00,4382.62,4385.28,4374.82,4375.69
2026.08.13 09:15,4375.65,4378.56,4374.01,4375.71
2026.08.13 09:30,4375.72,4378.44,4368.64,4373.79
2026.08.13 09:45,4373.82,4381.32,4373.74,4380.65
2026.08.13 10:00,4380.5,4381.41,4374.82,4376.65
2026.08.13 10:15,4376.69,4377.47,4373.53,4376.19
2026.08.13 10:30,4376.06,4378.46,4371.97,4378.29
2026.08.13 10:45,4378.37,4378.54,4369.05,4369.68
2026.08.13 11:00,4369.67,4370.27,4363.81,4365.72
2026.08.13 11:15,4365.68,4373.26,4364.63,4372.53
2026.08.13 11:30,4372.35,4375.56,4371.66,4373.32
2026.08.13 11:45,4373.28,4379.09,4373.17,4375.69
2026.08.13 12:00,4375.72,4378.14,4372.22,4376.71
2026.08.13 12:15,4376.58,4382.14,4376.07,4379.71
2026.08.13 12:30,4379.64,4381.54,4378.67,4379.85
2026.08.13 12:45,4379.81,4384.63,4378.38,4384.44
2026.08.13 13:00,4384.45,4385.24,4381.36,4381.51
2026.08.13 13:15,4381.61,4387.49,4381.61,4387.04
2026.08.13 13:30,4387.0,4390.35,4384.52,4390.35
2026.08.13 13:45,4390.36,4393.65,4388.19,4392.02
2026.08.13 14:00,4392.01,4394.11,4388.38,4394.02
2026.08.13 14:15,4394.03,4396.4,4387.88,4387.9
2026.08.13 14:30,4387.92,4389.58,4383.47,4383.87
2026.08.13 14:45,4383.86,4387.88,4382.62,4387.5
2026.08.13 15:00,4387.52,4391.47,4385.52,4388.79
2026.08.13 15:15,4388.83,4392.5,4383.89,4390.79
2026.08.13 15:30,4390.8,4400.98,4380.39,4391.81
2026.08.13 15:45,4391.84,4401.76,4391.39,4401.67
2026.08.13 16:00,4401.66,4401.88,4390.83,4393.61
2026.08.13 16:15,4393.62,4395.25,4383.83,4384.96
2026.08.13 16:30,4384.93,4389.58,4375.01,4379.28
2026.08.13 16:45,4379.27,4382.65,4370.5,4372.51
2026.08.13 17:00,4372.63,4378.68,4366.53,4370.57
2026.08.13 17:15,4370.58,4378.02,4367.45,4367.47
2026.08.13 17:30,4367.45,4381.61,4357.42,4381.01
2026.08.13 17:45,4381.09,4386.81,4380.98,4383.55
2026.08.13 18:00,4383.71,4385.56,4367.97,4369.42
2026.08.13 18:15,4369.34,4373.75,4363.2,4364.98
2026.08.13 18:30,4364.99,4371.31,4357.36,4368.16
2026.08.13 18:45,4368.18,4370.69,4363.26,4364.95
2026.08.13 19:00,4364.97,4367.29,4353.81,4354.93
2026.08.13 19:15,4355.2,4362.63,4351.04,4362.32
2026.08.13 19:30,4362.4,4366.96,4362.35,4365.48
2026.08.13 19:45,4365.56,4368.23,4363.94,4366.88
2026.08.13 20:00,4367.06,4373.16,4364.95,4371.2
2026.08.13 20:15,4371.28,4371.65,4362.17,4362.89
2026.08.13 20:30,4362.92,4364.2,4355.52,4356.99
2026.08.13 20:45,4357.0,4359.77,4355.52,4355.78
2026.08.13 21:00,4355.8,4362.52,4355.7,4361.79
2026.08.13 21:15,4361.82,4363.42,4354.54,4357.35
2026.08.13 21:30,4357.32,4360.2,4356.19,4357.67
2026.08.13 21:45,4357.66,4358.02,4354.51,4356.82
2026.08.13 22:00,4356.81,4358.72,4346.11,4346.66
2026.08.13 22:15,4346.65,4351.66,4343.58,4351.56
2026.08.13 22:30,4351.51,4353.91,4349.47,4351.21
2026.08.13 22:45,4351.17,4351.25,4347.43,4349.98
2026.08.13 23:00,4349.93,4350.36,4346.65,4350.06
2026.08.13 23:15,4350.08,4351.94,4349.23,4351.39
2026.08.13 23:30,4351.38,4351.48,4347.8,4349.31
2026.08.13 23:45,4349.19,4350.96,4348.48,4350.96
2026.08.14 01:00,4353.96,4356.68,4351.6,4353.91
2026.08.14 01:15,4353.93,4357.52,4352.65,4356.91
2026.08.14 01:30,4357.0,4362.7,4355.53,4360.38
2026.08.14 01:45,4360.38,4361.07,4353.27,4354.77
2026.08.14 02:00,4355.26,4360.26,4348.99,4360.26
2026.08.14 02:15,4360.21,4362.89,4356.79,4362.84
2026.08.14 02:30,4362.86,4363.27,4358.42,4360.13
2026.08.14 02:45,4360.24,4363.95,4356.27,4356.27
2026.08.14 03:00,4356.22,4361.91,4350.33,4351.96
2026.08.14 03:15,4351.95,4352.01,4339.37,4339.37
2026.08.14 03:30,4339.38,4346.75,4334.4,4339.38
2026.08.14 03:45,4339.39,4342.47,4329.12,4340.78
2026.08.14 04:00,4340.65,4341.23,4322.03,4324.01
2026.08.14 04:15,4323.99,4325.86,4314.92,4319.28
2026.08.14 04:30,4319.29,4321.32,4313.13,4319.35
2026.08.14 04:45,4319.4,4323.11,4312.01,4317.94
2026.08.14 05:00,4318.1,4322.52,4310.84,4312.17
2026.08.14 05:15,4312.22,4318.16,4312.22,4312.77
2026.08.14 05:30,4312.74,4322.44,4311.48,4320.81
2026.08.14 05:45,4320.74,4321.68,4312.51,4315.4
2026.08.14 06:00,4315.54,4323.55,4313.56,4320.05
2026.08.14 06:15,4320.09,4325.98,4319.84,4325.59
2026.08.14 06:30,4325.54,4328.12,4324.93,4325.54
2026.08.14 06:45,4325.65,4326.69,4323.37,4323.39
2026.08.14 07:00,4323.49,4327.08,4322.6,4325.77
2026.08.14 07:15,4325.76,4327.69,4324.83,4324.91
2026.08.14 07:30,4324.94,4326.25,4323.14,4325.13
2026.08.14 07:45,4325.05,4326.76,4323.58,4326.76
2026.08.14 08:00,4326.78,4326.86,4319.26,4320.07
2026.08.14 08:15,4320.11,4320.22,4317.0,4318.24
2026.08.14 08:30,4318.18,4324.73,4310.85,4317.55
2026.08.14 08:45,4317.58,4333.46,4317.27,4333.46
2026.08.14 09:00,4333.45,4336.48,4329.58,4332.39
2026.08.14 09:15,4332.36,4333.39,4328.29,4329.02
2026.08.14 09:30,4328.97,4332.85,4327.77,4332.85
2026.08.14 09:45,4333.04,4335.67,4332.4,4335.43
2026.08.14 10:00,4335.33,4337.17,4330.93,4330.99
2026.08.14 10:15,4331.02,4336.27,4329.47,4331.73
2026.08.14 10:30,4331.69,4340.04,4331.42,4339.49
2026.08.14 10:45,4339.54,4345.01,4339.29,4343.48
2026.08.14 11:00,4343.49,4347.79,4341.74,4347.6
2026.08.14 11:15,4347.55,4348.96,4343.36,4345.6
2026.08.14 11:30,4345.62,4349.15,4343.38,4343.54
2026.08.14 11:45,4343.47,4349.52,4342.56,4348.49
2026.08.14 12:00,4348.47,4350.77,4345.89,4350.57
2026.08.14 12:15,4350.59,4354.01,4348.65,4351.58
2026.08.14 12:30,4351.59,4354.39,4350.05,4353.36
2026.08.14 12:45,4353.45,4357.3,4352.47,4357.03
2026.08.14 13:00,4357.04,4358.53,4353.66,4354.21
2026.08.14 13:15,4354.31,4355.11,4350.06,4351.21
2026.08.14 13:30,4351.22,4351.73,4348.14,4351.73
2026.08.14 13:45,4351.69,4353.37,4348.24,4349.24
2026.08.14 14:00,4349.3,4351.5,4348.39,4350.54
2026.08.14 14:15,4350.58,4356.95,4350.57,4356.62
2026.08.14 14:30,4356.61,4363.35,4356.4,4362.33
2026.08.14 14:45,4362.36,4369.22,4360.85,4369.04
2026.08.14 15:00,4369.08,4376.63,4365.68,4371.53
2026.08.14 15:15,4371.57,4380.67,4369.45,4379.99
2026.08.14 15:30,4379.94,4386.77,4371.96,4372.59
2026.08.14 15:45,4372.6,4377.66,4370.68,4373.49
2026.08.14 16:00,4373.49,4380.88,4370.04,4374.95
2026.08.14 16:15,4374.99,4386.29,4374.99,4384.26
2026.08.14 16:30,4384.62,4396.91,4383.53,4393.72
2026.08.14 16:45,4393.71,4394.61,4382.65,4384.16
2026.08.14 17:00,4384.29,4393.04,4384.1,4390.41
2026.08.14 17:15,4390.44,4394.42,4385.13,4390.59
2026.08.14 17:30,4390.63,4391.38,4381.29,4384.22
2026.08.14 17:45,4384.23,4384.34,4378.7,4381.26
2026.08.14 18:00,4381.29,4394.06,4380.98,4392.04
2026.08.14 18:15,4392.06,4393.62,4378.89,4384.64
2026.08.14 18:30,4384.67,4389.75,4383.75,4389.37
2026.08.14 18:45,4389.39,4394.53,4389.23,4391.46
2026.08.14 19:00,4391.58,4396.46,4388.62,4389.59
2026.08.14 19:15,4389.56,4392.87,4386.8,4387.4
2026.08.14 19:30,4387.39,4388.76,4380.1,4385.57
2026.08.14 19:45,4385.56,4387.26,4384.73,4385.66
2026.08.14 20:00,4385.69,4386.24,4380.19,4382.21
2026.08.14 20:15,4382.2,4384.62,4379.1,4379.35
2026.08.14 20:30,4379.31,4382.64,4376.88,4377.61
2026.08.14 20:45,4377.57,4378.94,4376.15,4378.3
2026.08.14 21:00,4378.31,4381.52,4376.34,4377.08
2026.08.14 21:15,4377.16,4380.21,4376.78,4379.2
2026.08.14 21:30,4379.09,4382.52,4376.09,4376.31
2026.08.14 21:45,4376.31,4376.74,4370.61,4373.32
2026.08.14 22:00,4373.31,4376.95,4371.98,4375.69
2026.08.14 22:15,4375.66,4377.62,4374.46,4377.06
2026.08.14 22:30,4377.05,4377.9,4375.31,4375.33
2026.08.14 22:45,4375.35,4379.67,4373.3,4375.91
2026.08.14 23:00,4375.82,4375.82,4371.0,4372.35
2026.08.14 23:15,4372.39,4374.54,4372.2,4374.34
2026.08.14 23:30,4374.3,4376.5,4373.14,4375.12
2026.08.14 23:45,4375.17,4375.74,4374.48,4375.2
2026.08.17 01:00,4377.35,4380.15,4371.15,4374.89
2026.08.17 01:15,4374.81,4375.09,4372.21,4374.01
2026.08.17 01:30,4374.03,4378.7,4374.03,4377.49
2026.08.17 01:45,4377.48,4386.6,4377.38,4385.79
2026.08.17 02:00,4385.74,4386.11,4379.44,4379.65
2026.08.17 02:15,4379.71,4381.06,4372.52,4374.58
2026.08.17 02:30,4374.59,4375.03,4367.0,4368.11
2026.08.17 02:45,4368.1,4373.49,4368.06,4370.18
2026.08.17 03:00,4370.22,4379.27,4368.06,4378.69
2026.08.17 03:15,4378.66,4390.77,4378.28,4389.74
2026.08.17 03:30,4389.68,4397.51,4387.35,4395.62
2026.08.17 03:45,4395.53,4401.91,4394.13,4400.65
2026.08.17 04:00,4400.69,4411.6,4399.04,4409.21
2026.08.17 04:15,4409.15,4416.33,4406.05,4407.0
2026.08.17 04:30,4407.08,4407.94,4397.46,4403.43
2026.08.17 04:45,4403.39,4403.76,4391.97,4395.46
2026.08.17 05:00,4395.48,4398.04,4392.37,4394.14
2026.08.17 05:15,4394.19,4397.32,4389.73,4395.31
2026.08.17 05:30,4395.35,4398.02,4389.74,4392.81
2026.08.17 05:45,4392.84,4393.23,4388.2,4393.0
2026.08.17 06:00,4393.04,4394.79,4388.51,4390.08
2026.08.17 06:15,4390.05,4393.22,4387.82,4392.68
2026.08.17 06:30,4392.72,4397.0,4390.9,4395.06
2026.08.17 06:45,4395.05,4397.44,4392.79,4396.92
2026.08.17 07:00,4396.88,4399.27,4396.2,4398.18
2026.08.17 07:15,4398.15,4398.62,4389.98,4390.81
2026.08.17 07:30,4390.81,4396.46,4388.76,4395.53
2026.08.17 07:45,4395.57,4397.71,4389.66,4390.46
2026.08.17 08:00,4390.52,4393.11,4386.84,4387.65
2026.08.17 08:15,4387.67,4399.27,4386.8,4399.27
2026.08.17 08:30,4399.1,4400.94,4392.07,4395.49
2026.08.17 08:45,4395.52,4397.2,4392.13,4394.62
2026.08.17 09:00,4394.64,4397.93,4392.51,4396.51
2026.08.17 09:15,4396.47,4399.78,4392.48,4398.28
2026.08.17 09:30,4398.07,4398.42,4393.41,4395.86
2026.08.17 09:45,4395.9,4404.28,4395.9,4402.86
2026.08.17 10:00,4402.89,4403.92,4395.87,4396.28
2026.08.17 10:15,4396.27,4404.95,4395.92,4404.69
2026.08.17 10:30,4404.7,4411.15,4404.49,4409.07
2026.08.17 10:45,4409.08,4409.79,4403.39,4405.03
2026.08.17 11:00,4405.01,4405.01,4397.39,4402.54
2026.08.17 11:15,4402.59,4403.6,4400.2,4401.59
2026.08.17 11:30,4401.63,4401.92,4395.77,4396.08
2026.08.17 11:45,4396.03,4396.62,4392.3,4394.73
2026.08.17 12:00,4395.04,4400.41,4393.1,4398.88
2026.08.17 12:15,4398.89,4399.79,4395.4,4396.62
2026.08.17 12:30,4396.67,4397.28,4393.52,4394.16
2026.08.17 12:45,4394.17,4395.75,4392.49,4395.35
2026.08.17 13:00,4395.46,4396.24,4392.97,4395.8
2026.08.17 13:15,4395.78,4405.42,4391.7,4405.01
2026.08.17 13:30,4404.88,4405.67,4395.31,4398.11
2026.08.17 13:45,4398.14,4399.36,4396.18,4398.85
2026.08.17 14:00,4398.88,4403.75,4397.83,4399.57
2026.08.17 14:15,4399.71,4404.49,4396.91,4403.44
2026.08.17 14:30,4403.51,4404.72,4398.98,4399.45
2026.08.17 14:45,4399.48,4400.65,4395.24,4396.56
2026.08.17 15:00,4396.5,4397.36,4391.36,4393.71
2026.08.17 15:15,4393.74,4398.59,4382.09,4385.63
2026.08.17 15:30,4385.59,4390.13,4378.12,4378.12
2026.08.17 15:45,4378.13,4386.22,4377.18,4384.8
2026.08.17 16:00,4385.04,4389.3,4381.64,4386.21
2026.08.17 16:15,4386.19,4388.76,4382.18,4386.12
2026.08.17 16:30,4386.16,4391.76,4384.78,4385.63
2026.08.17 16:45,4385.54,4415.94,4384.68,4408.64
2026.08.17 17:00,4408.78,4412.73,4403.62,4412.34
2026.08.17 17:15,4412.26,4427.55,4411.62,4418.04
2026.08.17 17:30,4418.18,4424.44,4416.36,4417.29
2026.08.17 17:45,4417.32,4420.8,4413.79,4417.05
2026.08.17 18:00,4417.07,4422.16,4414.89,4421.12
2026.08.17 18:15,4421.03,4425.77,4419.27,4425.34
2026.08.17 18:30,4425.36,4426.24,4418.72,4419.08
2026.08.17 18:45,4419.06,4427.74,4417.5,4427.38
2026.08.17 19:00,4427.53,4428.73,4423.86,4425.8
2026.08.17 19:15,4425.82,4427.46,4422.74,4424.67
2026.08.17 19:30,4424.8,4426.86,4422.61,4424.47
2026.08.17 19:45,4424.47,4425.43,4422.44,4423.98
2026.08.17 20:00,4424.01,4425.93,4420.96,4422.72
2026.08.17 20:15,4422.74,4423.07,4413.31,4416.36
2026.08.17 20:30,4416.36,4418.43,4411.02,4417.28
2026.08.17 20:45,4417.31,4420.37,4413.08,4413.51
2026.08.17 21:00,4413.65,4414.35,4410.04,4413.68
2026.08.17 21:15,4413.69,4416.01,4404.6,4405.98
2026.08.17 21:30,4406.02,4406.64,4397.77,4401.11
2026.08.17 21:45,4401.11,4407.27,4399.91,4406.41
2026.08.17 22:00,4406.36,4408.33,4399.97,4408.24
2026.08.17 22:15,4408.23,4417.14,4408.23,4414.29
2026.08.17 22:30,4414.3,4420.17,4413.96,4419.13
2026.08.17 22:45,4419.12,4420.72,4416.25,4419.61
2026.08.17 23:00,4419.56,4421.04,4416.5,4417.65
2026.08.17 23:15,4417.59,4417.95,4414.88,4415.03
2026.08.17 23:30,4414.99,4415.74,4414.42,4415.3
2026.08.17 23:45,4415.32,4416.58,4414.95,4416.37
2026.08.18 01:00,4418.37,4418.9,4414.78,4416.68
2026.08.18 01:15,4416.66,4417.13,4411.9,4412.37
2026.08.18 01:30,4412.41,4415.5,4411.58,4414.45
2026.08.18 01:45,4414.46,4416.03,4410.34,4411.61
2026.08.18 02:00,4411.72,4414.7,4409.64,4414.55
2026.08.18 02:15,4414.56,4421.64,4414.56,4420.14
2026.08.18 02:30,4420.09,4422.74,4419.81,4422.6
2026.08.18 02:45,4422.5,4425.73,4421.43,4425.6
2026.08.18 03:00,4425.61,4429.69,4418.81,4421.49
2026.08.18 03:15,4421.44,4431.41,4420.71,4431.25
2026.08.18 03:30,4431.22,4433.35,4428.2,4429.4
2026.08.18 03:45,4429.44,4434.82,4428.42,4434.44
2026.08.18 04:00,4434.59,4435.99,4428.49,4429.09
2026.08.18 04:15,4429.05,4430.6,4419.97,4424.8
2026.08.18 04:30,4424.81,4426.04,4411.73,4411.73
2026.08.18 04:45,4411.7,4412.07,4404.08,4407.88
2026.08.18 05:00,4407.86,4408.07,4398.28,4400.84
2026.08.18 05:15,4400.83,4405.33,4400.2,4402.12
2026.08.18 05:30,4402.07,4402.54,4393.97,4394.81
2026.08.18 05:45,4394.83,4400.29,4394.13,4399.64
2026.08.18 06:00,4399.61,4403.86,4398.73,4401.36
2026.08.18 06:15,4401.38,4401.95,4394.18,4396.93
2026.08.18 06:30,4396.94,4396.95,4394.33,4394.57
2026.08.18 06:45,4394.58,4394.85,4390.44,4391.7
2026.08.18 07:00,4391.72,4392.52,4389.66,4392.07
2026.08.18 07:15,4392.13,4393.45,4390.44,4392.2
2026.08.18 07:30,4392.19,4394.11,4388.71,4393.24
2026.08.18 07:45,4393.21,4395.23,4391.94,4393.34
2026.08.18 08:00,4393.32,4393.87,4390.65,4391.05
2026.08.18 08:15,4391.1,4395.72,4390.9,4391.15
2026.08.18 08:30,4390.79,4393.78,4385.94,4393.37
2026.08.18 08:45,4393.48,4397.35,4392.75,4394.15
2026.08.18 09:00,4394.14,4395.17,4387.42,4395.12
2026.08.18 09:15,4395.11,4399.55,4393.34,4399.23
2026.08.18 09:30,4399.24,4399.99,4394.99,4396.96
2026.08.18 09:45,4396.98,4399.14,4396.98,4398.74
2026.08.18 10:00,4398.72,4400.67,4396.68,4397.43
2026.08.18 10:15,4397.4,4403.24,4397.28,4402.9
2026.08.18 10:30,4402.99,4403.43,4396.16,4401.33
2026.08.18 10:45,4401.41,4402.45,4395.32,4395.41
2026.08.18 11:00,4395.72,4395.96,4387.8,4392.47
2026.08.18 11:15,4392.4,4393.35,4386.68,4389.16
2026.08.18 11:30,4389.02,4398.39,4388.91,4396.42
2026.08.18 11:45,4396.4,4396.71,4391.32,4393.08
2026.08.18 12:00,4392.99,4393.62,4390.89,4392.48
2026.08.18 12:15,4392.5,4392.53,4388.46,4389.14
2026.08.18 12:30,4389.01,4394.77,4387.19,4388.32
2026.08.18 12:45,4388.28,4394.83,4386.8,4393.15
2026.08.18 13:00,4393.16,4395.52,4392.13,4394.28
2026.08.18 13:15,4394.29,4395.98,4389.61,4391.87
2026.08.18 13:30,4391.84,4398.44,4391.54,4398.43
2026.08.18 13:45,4398.41,4399.37,4396.3,4397.5
2026.08.18 14:00,4397.61,4398.94,4391.78,4393.36
2026.08.18 14:15,4393.33,4394.46,4389.36,4389.81
2026.08.18 14:30,4389.78,4392.22,4388.37,4390.76
2026.08.18 14:45,4390.73,4396.57,4389.7,4395.77
2026.08.18 15:00,4395.75,4396.83,4389.38,4392.95
2026.08.18 15:15,4392.94,4400.66,4391.28,4395.09
2026.08.18 15:30,4395.13,4397.79,4390.89,4391.93
2026.08.18 15:45,4391.94,4396.84,4390.48,4394.05
2026.08.18 16:00,4393.91,4397.15,4388.08,4395.54
2026.08.18 16:15,4395.64,4395.88,4388.0,4388.85
2026.08.18 16:30,4388.79,4406.51,4376.32,4400.82
2026.08.18 16:45,4400.88,4401.96,4389.22,4394.49
2026.08.18 17:00,4394.45,4406.28,4390.94,4392.99
2026.08.18 17:15,4393.08,4404.87,4392.05,4393.95
2026.08.18 17:30,4393.94,4395.98,4377.54,4379.4
2026.08.18 17:45,4379.47,4388.61,4363.54,4366.29
2026.08.18 18:00,4366.31,4377.35,4358.51,4359.69
2026.08.18 18:15,4359.67,4364.91,4351.32,4354.77
2026.08.18 18:30,4354.53,4362.05,4354.33,4358.4
2026.08.18 18:45,4358.75,4366.43,4358.6,4364.67
2026.08.18 19:00,4364.68,4371.41,4364.68,4367.49
2026.08.18 19:15,4367.6,4369.45,4363.39,4363.99
2026.08.18 19:30,4364.1,4368.44,4362.9,4367.15
2026.08.18 19:45,4367.23,4368.66,4362.89,4363.74
2026.08.18 20:00,4363.63,4367.03,4363.48,4366.79
2026.08.18 20:15,4366.89,4368.14,4363.03,4365.27
2026.08.18 20:30,4365.2,4366.03,4358.44,4358.44
2026.08.18 20:45,4358.5,4360.21,4356.58,4357.53
2026.08.18 21:00,4357.66,4357.93,4352.46,4357.57
2026.08.18 21:15,4357.58,4360.76,4355.45,4360.08
2026.08.18 21:30,4360.07,4360.39,4353.31,4354.06
2026.08.18 21:45,4354.07,4355.83,4352.69,4354.08
2026.08.18 22:00,4354.12,4358.31,4353.92,4356.85
2026.08.18 22:15,4356.86,4358.54,4352.34,4354.61
2026.08.18 22:30,4354.66,4357.45,4349.5,4349.67
2026.08.18 22:45,4349.68,4352.96,4338.35,4345.37
2026.08.18 23:00,4345.51,4346.39,4340.63,4341.86
2026.08.18 23:15,4341.85,4342.21,4333.32,4337.6
2026.08.18 23:30,4337.73,4339.34,4331.43,4331.98
2026.08.18 23:45,4331.97,4335.25,4328.94,4334.07
2026.08.19 01:00,4335.2,4343.38,4335.2,4340.1
2026.08.19 01:15,4340.2,4341.67,4333.46,4336.02
2026.08.19 01:30,4336.07,4336.27,4332.52,4333.46
2026.08.19 01:45,4333.44,4335.3,4332.83,4333.47
2026.08.19 02:00,4333.7,4338.11,4332.45,4333.86
2026.08.19 02:15,4333.84,4337.1,4329.77,4330.23
2026.08.19 02:30,4330.21,4332.42,4326.92,4329.6
2026.08.19 02:45,4329.7,4334.12,4329.3,4332.82
2026.08.19 03:00,4332.83,4344.65,4331.33,4342.75
2026.08.19 03:15,4342.73,4346.21,4339.04,4342.78
2026.08.19 03:30,4342.77,4347.06,4339.48,4343.48
2026.08.19 03:45,4343.39,4344.59,4337.02,4337.77
2026.08.19 04:00,4337.64,4343.8,4324.46,4343.69
2026.08.19 04:15,4343.73,4346.06,4332.89,4342.21
2026.08.19 04:30,4342.23,4357.38,4342.23,4355.32
2026.08.19 04:45,4355.3,4356.45,4350.28,4356.23
2026.08.19 05:00,4356.21,4357.0,4351.45,4353.4
2026.08.19 05:15,4353.4,4361.82,4352.26,4359.54
2026.08.19 05:30,4359.53,4360.06,4354.03,4355.04
2026.08.19 05:45,4355.27,4356.94,4351.39,4354.73
2026.08.19 06:00,4354.71,4355.9,4351.71,4354.3
2026.08.19 06:15,4354.31,4357.72,4351.65,4356.92
2026.08.19 06:30,4356.88,4360.16,4355.77,4358.31
2026.08.19 06:45,4358.36,4358.65,4354.51,4354.71
2026.08.19 07:00,4354.82,4355.97,4352.91,4354.44
2026.08.19 07:15,4354.45,4354.75,4349.84,4350.96
2026.08.19 07:30,4351.08,4351.86,4344.82,4346.36
2026.08.19 07:45,4346.32,4348.28,4343.59,4348.25
2026.08.19 08:00,4348.26,4350.51,4338.55,4338.74
2026.08.19 08:15,4338.74,4345.07,4336.49,4345.03
2026.08.19 08:30,4345.18,4345.21,4336.55,4342.0
2026.08.19 08:45,4341.99,4341.99,4334.92,4335.47
2026.08.19 09:00,4335.49,4341.57,4335.17,4337.22
2026.08.19 09:15,4337.05,4348.17,4336.71,4343.04
2026.08.19 09:30,4343.02,4345.47,4336.94,4341.67
2026.08.19 09:45,4341.69,4349.21,4340.56,4348.83
2026.08.19 10:00,4348.9,4353.36,4347.35,4350.22
2026.08.19 10:15,4350.2,4356.8,4347.3,4356.58
2026.08.19 10:30,4356.57,4362.98,4352.59,4354.31
2026.08.19 10:45,4354.24,4357.52,4354.08,4354.55
2026.08.19 11:00,4354.84,4362.6,4350.89,4361.41
2026.08.19 11:15,4361.42,4362.27,4357.2,4360.83
2026.08.19 11:30,4360.75,4362.88,4356.36,4362.44
2026.08.19 11:45,4362.29,4362.99,4354.62,4355.53
2026.08.19 12:00,4355.51,4359.64,4354.81,4356.11
2026.08.19 12:15,4356.1,4357.33,4353.19,4356.5
2026.08.19 12:30,4356.45,4360.89,4355.24,4358.66
2026.08.19 12:45,4358.62,4361.82,4357.94,4361.79
2026.08.19 13:00,4361.82,4364.09,4359.45,4363.63
2026.08.19 13:15,4363.64,4368.98,4363.49,4368.59
2026.08.19 13:30,4368.64,4369.32,4365.65,4367.93
2026.08.19 13:45,4367.98,4369.42,4366.07,4367.13
2026.08.19 14:00,4367.24,4373.91,4367.24,4373.18
2026.08.19 14:15,4373.16,4373.93,4368.66,4370.66
2026.08.19 14:30,4370.64,4371.57,4362.98,4363.33
2026.08.19 14:45,4363.3,4367.35,4363.16,4364.46
2026.08.19 15:00,4364.48,4370.45,4361.87,4368.12
2026.08.19 15:15,4368.31,4373.38,4365.73,4369.16
2026.08.19 15:30,4369.2,4420.53,4368.45,4417.36
2026.08.19 15:45,4417.48,4442.32,4411.35,4438.57
2026.08.19 16:00,4438.5,4460.76,4424.17,4455.95
2026.08.19 16:15,4456.05,4464.11,4454.86,4458.0
2026.08.19 16:30,4458.09,4466.04,4442.05,4460.57
2026.08.19 16:45,4460.44,4463.09,4444.97,4459.62
2026.08.19 17:00,4459.13,4475.38,4455.15,4473.55
2026.08.19 17:15,4473.65,4487.65,4470.15,4485.87
2026.08.19 17:30,4485.89,4498.52,4483.77,4489.27
2026.08.19 17:45,4489.28,4489.37,4477.82,4488.0
2026.08.19 18:00,4488.04,4488.17,4479.59,4485.16
2026.08.19 18:15,4485.28,4487.74,4478.02,4483.49
2026.08.19 18:30,4483.51,4492.25,4480.11,4490.06
2026.08.19 18:45,4490.05,4493.87,4488.51,4493.66
2026.08.19 19:00,4493.63,4498.83,4490.85,4497.46
2026.08.19 19:15,4497.58,4499.03,4490.4,4490.89
2026.08.19 19:30,4490.91,4496.2,4490.34,4494.96
2026.08.19 19:45,4494.93,4497.65,4493.06,4493.11
2026.08.19 20:00,4493.51,4498.91,4488.79,4492.23
2026.08.19 20:15,4492.23,4492.5,4486.05,4487.84
2026.08.19 20:30,4488.09,4491.51,4484.23,4488.51
2026.08.19 20:45,4488.42,4489.39,4484.25,4486.91
2026.08.19 21:00,4486.99,4496.34,4485.43,4487.73
2026.08.19 21:15,4487.63,4487.68,4472.66,4475.23
2026.08.19 21:30,4475.42,4491.47,4471.87,4490.21
2026.08.19 21:45,4490.27,4496.53,4489.24,4494.9
2026.08.19 22:00,4494.94,4505.53,4494.18,4503.09
2026.08.19 22:15,4503.1,4507.53,4502.43,4506.98
2026.08.19 22:30,4506.83,4510.46,4502.47,4506.86
2026.08.19 22:45,4506.85,4512.0,4505.05,4511.03
2026.08.19 23:00,4510.96,4511.86,4505.08,4506.72
2026.08.19 23:15,4506.73,4521.8,4506.3,4518.38
2026.08.19 23:30,4518.32,4523.38,4517.88,4519.29
2026.08.19 23:45,4519.39,4524.03,4519.35,4522.7
2026.08.20 01:00,4522.41,4527.72,4518.58,4519.64
2026.08.20 01:15,4519.73,4521.34,4518.96,4520.71
2026.08.20 01:30,4520.73,4521.92,4517.6,4518.44
2026.08.20 01:45,4518.38,4521.6,4516.34,4518.74
2026.08.20 02:00,4518.78,4523.46,4517.17,4519.18
2026.08.20 02:15,4519.17,4520.01,4515.12,4517.42
2026.08.20 02:30,4517.45,4518.08,4513.48,4514.1
2026.08.20 02:45,4514.12,4517.13,4511.16,4511.64
2026.08.20 03:00,4511.54,4518.67,4510.11,4516.0
2026.08.20 03:15,4516.07,4520.95,4508.42,4510.08
2026.08.20 03:30,4510.0,4512.94,4503.8,4505.79
2026.08.20 03:45,4505.9,4510.36,4503.75,4504.48
2026.08.20 04:00,4504.44,4509.97,4491.57,4493.04
2026.08.20 04:15,4493.06,4503.07,4492.99,4500.41
2026.08.20 04:30,4500.36,4501.04,4493.19,4493.69
2026.08.20 04:45,4493.64,4495.44,4484.4,4489.43
2026.08.20 05:00,4489.47,4499.5,4488.32,4497.55
2026.08.20 05:15,4497.51,4497.54,4489.27,4492.64
2026.08.20 05:30,4492.66,4494.4,4489.91,4490.21
2026.08.20 05:45,4490.2,4494.36,4488.72,4490.55
2026.08.20 06:00,4490.57,4496.85,4487.77,4492.46
2026.08.20 06:15,4492.5,4496.34,4490.2,4493.31
2026.08.20 06:30,4493.32,4498.49,4492.09,4497.77
2026.08.20 06:45,4497.71,4500.92,4496.65,4498.62
2026.08.20 07:00,4498.6,4499.04,4494.7,4496.2
2026.08.20 07:15,4496.25,4496.95,4489.61,4489.8
2026.08.20 07:30,4489.84,4490.65,4486.21,4486.91
2026.08.20 07:45,4486.92,4491.35,4486.74,4488.44
2026.08.20 08:00,4488.43,4493.78,4483.96,4485.43
2026.08.20 08:15,4485.47,4486.75,4482.88,4482.88
2026.08.20 08:30,4482.87,4485.76,4477.87,4480.47
2026.08.20 08:45,4480.49,4482.97,4477.67,4480.98
2026.08.20 09:00,4480.98,4493.26,4479.74,4492.62
2026.08.20 09:15,4492.66,4495.7,4491.55,4493.97
2026.08.20 09:30,4493.94,4495.12,4491.61,4492.22
2026.08.20 09:45,4492.27,4495.05,4490.91,4493.5
2026.08.20 10:00,4493.39,4493.48,4486.99,4487.65
2026.08.20 10:15,4487.64,4490.21,4483.44,4483.78
2026.08.20 10:30,4483.8,4492.94,4483.26,4490.91
2026.08.20 10:45,4490.92,4493.86,4488.15,4490.66
2026.08.20 11:00,4490.63,4495.19,4490.42,4494.1
2026.08.20 11:15,4494.07,4498.42,4489.81,4491.1
2026.08.20 11:30,4491.09,4495.1,4486.95,4490.31
2026.08.20 11:45,4490.16,4491.76,4487.38,4489.1
2026.08.20 12:00,4489.14,4493.9,4488.23,4492.08
2026.08.20 12:15,4492.05,4493.59,4487.94,4489.72
2026.08.20 12:30,4489.65,4490.41,4484.27,4488.96
2026.08.20 12:45,4488.9,4488.9,4481.5,4482.38
2026.08.20 13:00,4482.29,4491.08,4480.46,4490.24
2026.08.20 13:15,4490.31,4493.91,4486.16,4493.56
2026.08.20 13:30,4493.55,4494.53,4489.84,4490.92
2026.08.20 13:45,4490.94,4491.06,4487.29,4489.94
2026.08.20 14:00,4489.97,4491.13,4482.53,4485.04
2026.08.20 14:15,4484.99,4489.62,4480.96,4484.13
2026.08.20 14:30,4484.14,4486.58,4474.06,4474.51
2026.08.20 14:45,4474.6,4475.46,4465.2,4466.74
2026.08.20 15:00,4466.76,4467.0,4450.42,4462.29
2026.08.20 15:15,4462.32,4467.58,4456.79,4459.07
2026.08.20 15:30,4459.14,4466.84,4450.86,4466.43
2026.08.20 15:45,4466.3,4476.89,4463.81,4474.59
2026.08.20 16:00,4474.65,4484.42,4471.82,4472.73
2026.08.20 16:15,4472.69,4476.47,4470.03,4471.52
2026.08.20 16:30,4471.6,4487.81,4469.17,4486.51
2026.08.20 16:45,4486.58,4489.13,4479.14,4481.57
2026.08.20 17:00,4481.58,4490.46,4480.67,4485.02
2026.08.20 17:15,4484.99,4493.73,4481.51,4491.44
2026.08.20 17:30,4491.66,4501.01,4491.5,4499.16
2026.08.20 17:45,4499.13,4516.05,4498.62,4515.66
2026.08.20 18:00,4515.86,4537.15,4514.71,4534.43
2026.08.20 18:15,4534.76,4540.8,4523.23,4532.27
2026.08.20 18:30,4532.16,4533.66,4509.74,4511.29
2026.08.20 18:45,4511.31,4523.9,4510.65,4521.41
2026.08.20 19:00,4521.53,4524.55,4510.19,4510.95
2026.08.20 19:15,4510.69,4512.89,4505.2,4509.08
2026.08.20 19:30,4509.11,4512.49,4502.61,4509.01
2026.08.20 19:45,4508.94,4513.49,4507.2,4509.77
2026.08.20 20:00,4509.91,4513.83,4507.5,4509.2
2026.08.20 20:15,4509.18,4516.44,4507.7,4512.72
2026.08.20 20:30,4512.89,4518.48,4510.67,4518.04
2026.08.20 20:45,4518.03,4520.28,4516.92,4519.68
2026.08.20 21:00,4519.71,4522.21,4509.22,4510.46
2026.08.20 21:15,4510.44,4520.0,4508.1,4518.83
2026.08.20 21:30,4518.81,4523.23,4518.29,4519.98
2026.08.20 21:45,4520.03,4525.13,4517.79,4521.83
2026.08.20 22:00,4521.82,4527.92,4517.96,4527.38
2026.08.20 22:15,4527.41,4529.16,4522.56,4522.62
2026.08.20 22:30,4522.36,4529.39,4521.84,4526.13
2026.08.20 22:45,4526.02,4531.95,4524.73,4528.51
2026.08.20 23:00,4528.49,4528.96,4522.24,4522.28
2026.08.20 23:15,4522.25,4522.57,4520.25,4520.58
2026.08.20 23:30,4520.59,4520.76,4516.59,4517.92
2026.08.20 23:45,4517.95,4520.95,4517.76,4519.03
2026.08.21 01:00,4517.09,4521.2,4516.97,4518.41
2026.08.21 01:15,4518.42,4520.77,4517.97,4519.56
2026.08.21 01:30,4519.57,4523.51,4518.25,4522.65
2026.08.21 01:45,4522.63,4524.27,4519.42,4524.03
2026.08.21 02:00,4523.83,4532.67,4523.35,4531.67
2026.08.21 02:15,4531.66,4532.19,4522.59,4526.94
2026.08.21 02:30,4526.93,4528.45,4520.72,4524.38
2026.08.21 02:45,4524.39,4527.83,4522.85,4526.1
2026.08.21 03:00,4525.94,4527.32,4517.32,4518.53
2026.08.21 03:15,4518.55,4520.57,4513.76,4514.75
2026.08.21 03:30,4514.72,4517.01,4510.79,4513.56
2026.08.21 03:45,4513.58,4513.93,4509.7,4510.3
2026.08.21 04:00,4510.25,4520.95,4508.61,4520.67
2026.08.21 04:15,4520.52,4530.44,4520.21,4529.29
2026.08.21 04:30,4529.37,4543.44,4523.6,4525.82
2026.08.21 04:45,4525.81,4533.12,4525.2,4530.51
2026.08.21 05:00,4530.5,4530.9,4518.0,4520.81
2026.08.21 05:15,4520.82,4529.15,4519.95,4527.09
2026.08.21 05:30,4527.1,4537.98,4525.1,4537.92
2026.08.21 05:45,4537.85,4542.81,4532.28,4533.66
2026.08.21 06:00,4533.59,4538.25,4531.8,4532.37
2026.08.21 06:15,4532.36,4534.7,4529.37,4529.43
2026.08.21 06:30,4529.42,4535.46,4526.56,4528.93
2026.08.21 06:45,4528.92,4535.49,4527.98,4535.19
2026.08.21 07:00,4535.3,4541.4,4535.23,4540.06
2026.08.21 07:15,4540.07,4547.08,4537.33,4546.63
2026.08.21 07:30,4546.58,4547.71,4540.58,4541.54
2026.08.21 07:45,4541.53,4542.19,4539.99,4540.38
2026.08.21 08:00,4540.35,4540.57,4534.57,4537.02
2026.08.21 08:15,4536.98,4538.45,4530.26,4530.27
2026.08.21 08:30,4529.9,4543.13,4528.97,4542.99
2026.08.21 08:45,4542.97,4556.07,4541.46,4553.51
2026.08.21 09:00,4553.54,4555.08,4545.38,4548.79
2026.08.21 09:15,4550.69,4557.92,4549.91,4555.37
2026.08.21 09:30,4555.32,4565.7,4554.51,4562.37
2026.08.21 09:45,4562.55,4567.51,4560.77,4560.86
2026.08.21 10:00,4560.8,4565.97,4558.32,4561.29
2026.08.21 10:15,4561.36,4567.74,4559.59,4561.5
2026.08.21 10:30,4560.84,4566.07,4559.88,4564.12
2026.08.21 10:45,4564.16,4567.8,4560.67,4564.06
2026.08.21 11:00,4564.16,4567.75,4558.94,4565.26
2026.08.21 11:15,4565.28,4581.6,4563.68,4579.2
2026.08.21 11:30,4579.73,4583.92,4576.34,4582.18
2026.08.21 11:45,4582.26,4584.67,4580.05,4583.84
2026.08.21 12:00,4583.83,4600.34,4582.01,4599.12
2026.08.21 12:15,4599.26,4601.88,4581.08,4581.99
2026.08.21 12:30,4582.0,4586.61,4580.63,4582.84
2026.08.21 12:45,4582.9,4585.17,4580.18,4582.26
2026.08.21 13:00,4582.28,4588.61,4577.65,4578.49
2026.08.21 13:15,4578.52,4589.16,4578.24,4588.36
2026.08.21 13:30,4588.3,4593.82,4585.49,4592.91
2026.08.21 13:45,4592.93,4593.43,4587.56,4588.25
2026.08.21 14:00,4588.19,4595.32,4587.0,4590.39
2026.08.21 14:15,4590.4,4600.55,4590.4,4598.23
2026.08.21 14:30,4598.27,4604.31,4593.14,4596.89
2026.08.21 14:45,4596.79,4600.27,4595.55,4596.94
2026.08.21 15:00,4596.95,4601.4,4589.08,4592.68
2026.08.21 15:15,4592.6,4595.67,4581.79,4584.5
2026.08.21 15:30,4584.51,4584.51,4563.3,4573.33
2026.08.21 15:45,4573.23,4580.67,4572.84,4577.69
2026.08.21 16:00,4577.68,4586.74,4575.46,4584.61
2026.08.21 16:15,4585.01,4587.5,4578.98,4583.93
2026.08.21 16:30,4583.88,4590.68,4573.19,4587.4
2026.08.21 16:45,4584.59,4592.71,4576.51,4580.84
2026.08.21 17:00,4580.82,4590.47,4579.83,4589.37
2026.08.21 17:15,4589.47,4602.98,4586.22,4602.9
2026.08.21 17:30,4602.91,4603.51,4580.36,4582.28
2026.08.21 17:45,4582.44,4595.23,4580.43,4591.5
2026.08.21 18:00,4591.61,4598.08,4587.17,4595.07
2026.08.21 18:15,4595.08,4607.47,4595.0,4602.72
2026.08.21 18:30,4602.84,4610.43,4599.52,4609.39
2026.08.21 18:45,4609.38,4615.12,4606.87,4614.4
2026.08.21 19:00,4614.42,4617.49,4609.03,4614.37
2026.08.21 19:15,4614.5,4620.4,4610.47,4613.85
2026.08.21 19:30,4613.86,4621.78,4612.1,4621.19
2026.08.21 19:45,4621.21,4628.95,4620.85,4628.73
2026.08.21 20:00,4628.72,4632.07,4621.52,4622.95
2026.08.21 20:15,4623.07,4625.67,4615.13,4621.86
2026.08.21 20:30,4621.8,4624.49,4618.5,4619.22
2026.08.21 20:45,4619.26,4622.24,4616.72,4620.3
2026.08.21 21:00,4620.27,4627.37,4620.1,4623.78
2026.08.21 21:15,4623.8,4627.38,4623.76,4624.88
2026.08.21 21:30,4624.86,4624.89,4619.27,4620.52
2026.08.21 21:45,4620.48,4625.65,4620.48,4624.13
2026.08.21 22:00,4624.17,4625.33,4618.33,4622.5
2026.08.21 22:15,4622.51,4623.14,4617.72,4617.85
2026.08.21 22:30,4617.87,4619.4,4615.51,4617.83
2026.08.21 22:45,4617.88,4623.46,4615.45,4616.83
2026.08.21 23:00,4616.8,4617.45,4614.79,4616.62
2026.08.21 23:15,4616.67,4617.33,4610.07,4610.57
2026.08.21 23:30,4610.62,4611.48,4606.98,4607.51
2026.08.21 23:45,4607.33,4608.2,4602.17,4603.92
2026.08.24 01:00,4616.44,4623.12,4606.41,4616.53
2026.08.24 01:15,4616.57,4620.32,4612.28,4613.71
2026.08.24 01:30,4613.98,4616.72,4606.87,4610.61
2026.08.24 01:45,4610.66,4610.71,4605.75,4605.85
2026.08.24 02:00,4605.95,4609.09,4604.46,4607.28
2026.08.24 02:15,4607.41,4615.88,4606.61,4614.88
2026.08.24 02:30,4614.9,4618.98,4607.51,4608.17
2026.08.24 02:45,4608.29,4624.4,4608.06,4623.93
2026.08.24 03:00,4623.99,4640.67,4620.11,4637.24
2026.08.24 03:15,4637.23,4640.25,4594.44,4604.63
2026.08.24 03:30,4604.58,4608.62,4600.94,4606.92
2026.08.24 03:45,4606.88,4623.1,4603.68,4621.68
2026.08.24 04:00,4621.64,4634.87,4618.68,4621.91
2026.08.24 04:15,4621.93,4625.51,4610.97,4614.26
2026.08.24 04:30,4614.39,4620.75,4607.79,4617.93
2026.08.24 04:45,4617.89,4637.42,4614.89,4632.06
2026.08.24 05:00,4631.93,4651.98,4627.79,4650.29
2026.08.24 05:15,4650.28,4655.26,4649.06,4655.13
2026.08.24 05:30,4655.15,4656.57,4637.29,4637.46
2026.08.24 05:45,4637.42,4644.49,4627.3,4643.49
2026.08.24 06:00,4643.56,4643.81,4633.23,4637.04
2026.08.24 06:15,4637.09,4648.15,4635.23,4643.62
2026.08.24 06:30,4643.6,4650.02,4642.52,4642.84
2026.08.24 06:45,4642.82,4644.6,4639.92,4641.38
2026.08.24 07:00,4641.39,4642.32,4632.37,4638.24
2026.08.24 07:15,4638.2,4641.75,4634.32,4640.17
2026.08.24 07:30,4640.25,4640.52,4632.86,4638.0
2026.08.24 07:45,4637.95,4640.35,4635.65,4638.7
2026.08.24 08:00,4638.74,4643.36,4638.38,4643.36
2026.08.24 08:15,4643.19,4646.37,4635.82,4635.83
2026.08.24 08:30,4635.4,4639.33,4629.36,4633.45
2026.08.24 08:45,4633.11,4643.0,4630.08,4640.65
2026.08.24 09:00,4640.56,4652.24,4639.17,4651.64
2026.08.24 09:15,4651.66,4659.7,4640.64,4642.29
2026.08.24 09:30,4642.31,4653.45,4641.76,4642.78
2026.08.24 09:45,4642.79,4653.71,4642.7,4649.92
2026.08.24 10:00,4649.91,4654.42,4644.01,4648.21
2026.08.24 10:15,4648.15,4649.91,4642.06,4642.5
2026.08.24 10:30,4642.44,4647.74,4634.57,4634.58
2026.08.24 10:45,4634.61,4643.68,4630.01,4641.51
2026.08.24 11:00,4641.54,4645.9,4635.69,4637.32
2026.08.24 11:15,4637.17,4639.48,4629.22,4629.23
2026.08.24 11:30,4629.12,4645.87,4628.65,4645.1
2026.08.24 11:45,4645.3,4645.81,4635.85,4637.72
2026.08.24 12:00,4637.73,4644.61,4636.98,4641.69
2026.08.24 12:15,4641.65,4641.74,4634.74,4635.67
2026.08.24 12:30,4635.7,4640.51,4632.68,4639.02
2026.08.24 12:45,4639.01,4645.81,4638.82,4645.72
2026.08.24 13:00,4645.69,4649.92,4645.27,4647.97
2026.08.24 13:15,4647.98,4648.39,4642.16,4642.96
2026.08.24 13:30,4642.91,4648.83,4642.57,4644.12
2026.08.24 13:45,4644.1,4646.92,4641.57,4643.13
2026.08.24 14:00,4643.12,4646.59,4638.96,4642.15
2026.08.24 14:15,4642.13,4647.31,4640.31,4646.38
2026.08.24 14:30,4646.47,4669.92,4643.34,4658.48
2026.08.24 14:45,4658.79,4661.29,4648.03,4657.72
2026.08.24 15:00,4657.65,4659.96,4649.77,4657.12
2026.08.24 15:15,4657.06,4662.47,4651.45,4661.61
2026.08.24 15:30,4661.63,4668.74,4645.33,4657.27
2026.08.24 15:45,4657.29,4667.18,4654.27,4662.55
2026.08.24 16:00,4662.88,4677.63,4661.47,4676.94
2026.08.24 16:15,4677.01,4677.84,4667.56,4672.13
2026.08.24 16:30,4672.18,4680.61,4658.26,4658.56
2026.08.24 16:45,4658.51,4677.79,4655.92,4664.44
2026.08.24 17:00,4664.45,4671.94,4659.79,4665.47
2026.08.24 17:15,4665.32,4674.83,4655.21,4671.56
2026.08.24 17:30,4671.72,4678.63,4669.61,4671.77
2026.08.24 17:45,4671.8,4675.53,4656.69,4670.17
2026.08.24 18:00,4670.15,4676.39,4665.14,4672.73
2026.08.24 18:15,4672.82,4679.43,4667.98,4675.66
2026.08.24 18:30,4675.68,4677.31,4659.52,4660.41
2026.08.24 18:45,4660.4,4662.92,4639.72,4648.84
2026.08.24 19:00,4648.85,4661.64,4646.35,4657.31
2026.08.24 19:15,4657.29,4660.24,4655.85,4658.72
2026.08.24 19:30,4658.64,4662.05,4658.22,4659.49
2026.08.24 19:45,4659.64,4659.88,4641.92,4644.65
2026.08.24 20:00,4644.67,4654.98,4641.59,4651.6
2026.08.24 20:15,4651.46,4653.89,4630.04,4638.34
2026.08.24 20:30,4638.28,4642.74,4635.39,4638.51
2026.08.24 20:45,4638.5,4638.87,4632.39,4636.44
2026.08.24 21:00,4636.41,4640.52,4624.92,4631.84
2026.08.24 21:15,4631.83,4641.99,4627.04,4640.21
2026.08.24 21:30,4640.3,4641.65,4625.04,4634.74
2026.08.24 21:45,4634.73,4637.47,4631.26,4636.42
2026.08.24 22:00,4636.34,4640.51,4635.79,4636.09
2026.08.24 22:15,4636.1,4644.72,4635.68,4641.13
2026.08.24 22:30,4641.12,4650.5,4639.98,4649.79
2026.08.24 22:45,4649.77,4655.79,4649.69,4651.46
2026.08.24 23:00,4651.39,4655.04,4650.04,4650.27
2026.08.24 23:15,4650.24,4653.41,4648.68,4649.05
2026.08.24 23:30,4649.17,4649.77,4647.17,4647.64
2026.08.24 23:45,4647.66,4652.32,4646.99,4651.61
