time,open,high,low,close,tick_volume
2025.01.02 08:00,2634.02,2639.79,2630.98,2635.96,26900
2025.01.02 12:00,2635.93,2647.15,2632.59,2642.94,40271
2025.01.02 16:00,2642.87,2660.42,2640.29,2656.49,58768
2025.01.02 20:00,2656.48,2660.37,2653.66,2657.85,26789
2025.01.03 00:00,2657.86,2662.45,2656.57,2659.33,12170
2025.01.03 04:00,2659.29,2665.09,2655.76,2658.4,25108
2025.01.03 08:00,2658.44,2660.24,2649.77,2653.49,26443
2025.01.03 12:00,2653.43,2659.19,2643.36,2649.68,28698
2025.01.03 16:00,2649.69,2652.62,2639.02,2641.7,51649
2025.01.03 20:00,2641.74,2642.85,2636.58,2640.17,21807
2025.01.06 00:00,2639.2,2647.25,2638.47,2641.22,18108
2025.01.06 04:00,2641.13,2645.23,2631.4,2633.74,28897
2025.01.06 08:00,2633.76,2635.59,2625.07,2632.56,28311
2025.01.06 12:00,2632.56,2649.32,2621.68,2624.08,48692
2025.01.06 16:00,2624.02,2641.22,2614.6,2636.6,60557
2025.01.06 20:00,2636.59,2638.44,2632.78,2635.82,23922
2025.01.07 00:00,2636.12,2641.08,2632.84,2638.87,14492
2025.01.07 04:00,2638.84,2645.6,2636.82,2644.32,20012
2025.01.07 08:00,2644.28,2646.63,2637.93,2641.3,28845
2025.01.07 12:00,2641.24,2664.14,2641.19,2662.42,35216
2025.01.07 16:00,2662.54,2662.89,2641.88,2652.41,58643
2025.01.07 20:00,2652.4,2652.55,2646.91,2648.54,26895
2025.01.08 00:00,2647.66,2651.42,2647.07,2648.66,14099
2025.01.08 04:00,2648.66,2650.59,2645.12,2649.92,21517
2025.01.08 08:00,2649.91,2654.93,2648.81,2653.41,26623
2025.01.08 12:00,2653.38,2660.21,2645.71,2660.07,34061
2025.01.08 16:00,2660.03,2669.97,2649.31,2655.48,54744
2025.01.08 20:00,2655.45,2663.98,2651.43,2661.42,28756
2025.01.09 00:00,2660.6,2663.14,2657.25,2658.46,11258
2025.01.09 04:00,2658.45,2662.04,2655.35,2658.21,18127
2025.01.09 08:00,2658.21,2666.81,2658.2,2664.9,26791
2025.01.09 12:00,2664.86,2678.18,2664.39,2672.5,32481
2025.01.09 16:00,2672.46,2675.66,2662.64,2665.76,35272
2025.01.09 20:00,2665.78,2672.51,2664.85,2670.15,16715
2025.01.10 00:00,2670.02,2671.85,2668.28,2670.88,12087
2025.01.10 04:00,2670.88,2675.71,2670.35,2674.81,19271
2025.01.10 08:00,2674.77,2682.38,2673.39,2678.43,33122
2025.01.10 12:00,2678.41,2683.55,2663.63,2682.33,44103
2025.01.10 16:00,2682.41,2697.9,2680.61,2695.93,75103
2025.01.10 20:00,2695.92,2697.13,2684.29,2689.05,32113
2025.01.13 00:00,2689.83,2693.0,2679.14,2685.38,18662
2025.01.13 04:00,2685.43,2690.73,2683.01,2686.69,26621
2025.01.13 08:00,2686.73,2691.14,2682.86,2684.71,35074
2025.01.13 12:00,2684.6,2684.99,2663.68,2668.99,48943
2025.01.13 16:00,2669.02,2674.02,2659.14,2660.73,52687
2025.01.13 20:00,2660.74,2664.06,2656.65,2662.88,22117
2025.01.14 00:00,2663.14,2671.98,2662.29,2670.57,17578
2025.01.14 04:00,2670.58,2675.13,2667.22,2668.41,20880
2025.01.14 08:00,2668.52,2674.3,2664.68,2667.2,22750
2025.01.14 12:00,2667.18,2674.29,2660.73,2662.83,37498
2025.01.14 16:00,2662.74,2673.9,2659.72,2668.89,52966
2025.01.14 20:00,2668.9,2678.09,2666.58,2677.05,22728
2025.01.15 00:00,2678.31,2679.27,2669.72,2669.82,9926
2025.01.15 04:00,2669.86,2679.15,2669.21,2679.11,20892
2025.01.15 08:00,2679.14,2688.37,2678.99,2685.74,27454
2025.01.15 12:00,2685.76,2694.07,2681.99,2693.63,42438
2025.01.15 16:00,2693.68,2695.92,2676.59,2692.51,62305
2025.01.15 20:00,2692.49,2697.31,2690.96,2696.56,21358
2025.01.16 00:00,2695.15,2702.11,2692.64,2696.04,20929
2025.01.16 04:00,2696.07,2698.3,2693.67,2694.57,23732
2025.01.16 08:00,2694.6,2706.03,2689.83,2705.24,33616
2025.01.16 12:00,2705.23,2718.23,2700.1,2715.21,39284
2025.01.16 16:00,2715.16,2724.54,2712.49,2721.63,55685
2025.01.16 20:00,2721.74,2723.16,2712.26,2714.44,21306
2025.01.17 00:00,2713.82,2715.94,2709.72,2714.5,16160
2025.01.17 04:00,2714.58,2717.19,2711.08,2711.53,22008
2025.01.17 08:00,2711.54,2714.46,2703.86,2704.57,29520
2025.01.17 12:00,2704.57,2711.97,2702.73,2704.89,39126
2025.01.17 16:00,2704.78,2717.22,2702.58,2712.35,50000
2025.01.17 20:00,2712.36,2713.15,2698.91,2702.18,27255
2025.01.20 00:00,2701.63,2702.8,2689.25,2693.48,21299
2025.01.20 04:00,2693.73,2707.39,2693.37,2707.2,27944
2025.01.20 08:00,2707.22,2713.63,2702.67,2705.88,29973
2025.01.20 12:00,2705.91,2712.35,2701.75,2704.93,39587
2025.01.20 16:00,2704.93,2711.72,2703.22,2707.16,42008
2025.01.20 20:00,2707.23,2710.86,2704.92,2708.13,5040
2025.01.21 00:00,2706.28,2719.08,2702.66,2717.86,26134
2025.01.21 04:00,2717.82,2729.01,2717.61,2725.86,33787
2025.01.21 08:00,2725.99,2732.68,2717.64,2721.22,39001
2025.01.21 12:00,2721.15,2729.92,2716.37,2726.16,42644
2025.01.21 16:00,2726.12,2745.63,2725.14,2740.12,49582
2025.01.21 20:00,2740.08,2745.87,2739.78,2744.81,17873
2025.01.22 00:00,2743.84,2749.87,2741.82,2747.9,17683
2025.01.22 04:00,2747.87,2758.49,2746.24,2757.92,24594
2025.01.22 08:00,2757.92,2762.12,2745.44,2758.32,39534
2025.01.22 12:00,2758.33,2763.24,2750.87,2757.68,33669
2025.01.22 16:00,2757.67,2760.2,2750.37,2756.36,37494
2025.01.22 20:00,2756.36,2759.22,2754.71,2756.12,15614
2025.01.23 00:00,2755.74,2756.37,2750.51,2752.6,13896
2025.01.23 04:00,2752.54,2754.78,2749.48,2751.89,20404
2025.01.23 08:00,2751.9,2755.38,2740.84,2745.78,22132
2025.01.23 12:00,2745.69,2754.34,2735.67,2741.54,39973
2025.01.23 16:00,2741.54,2758.87,2740.21,2757.58,43545
2025.01.23 20:00,2757.59,2758.09,2751.23,2754.55,22149
2025.01.24 00:00,2754.0,2762.41,2753.31,2762.18,12609
2025.01.24 04:00,2762.19,2777.22,2762.19,2775.08,39454
2025.01.24 08:00,2775.03,2778.17,2769.94,2772.67,34213
2025.01.24 12:00,2772.68,2784.51,2771.53,2782.25,25016
2025.01.24 16:00,2782.34,2785.81,2769.73,2773.28,45353
2025.01.24 20:00,2773.29,2775.17,2770.37,2770.95,17341
2025.01.27 00:00,2769.67,2772.4,2762.76,2762.88,20060
2025.01.27 04:00,2762.88,2763.55,2752.73,2753.11,34656
2025.01.27 08:00,2753.03,2764.84,2747.17,2763.18,36664
2025.01.27 12:00,2763.16,2771.84,2752.16,2757.21,41588
2025.01.27 16:00,2757.14,2757.81,2730.29,2733.52,54540
2025.01.27 20:00,2733.46,2743.9,2732.88,2740.87,25096
2025.01.28 00:00,2740.09,2745.18,2738.98,2741.36,18110
2025.01.28 04:00,2741.3,2744.71,2737.74,2741.57,24840
2025.01.28 08:00,2741.45,2744.97,2734.74,2743.31,24708
2025.01.28 12:00,2743.31,2749.4,2740.88,2748.77,26332
2025.01.28 16:00,2748.79,2759.9,2748.79,2759.59,41252
2025.01.28 20:00,2759.7,2764.96,2759.21,2763.27,20888
2025.01.29 00:00,2762.86,2766.19,2762.08,2763.7,7864
2025.01.29 04:00,2763.7,2765.55,2760.04,2760.57,21484
2025.01.29 08:00,2760.72,2766.05,2757.29,2762.68,26863
2025.01.29 12:00,2762.65,2763.23,2752.01,2758.63,32902
2025.01.29 16:00,2758.58,2761.05,2748.18,2752.75,45815
2025.01.29 20:00,2752.75,2759.75,2744.56,2759.69,38863
2025.01.30 00:00,2758.39,2762.57,2757.62,2760.1,9990
2025.01.30 04:00,2760.11,2763.32,2758.65,2760.45,14122
2025.01.30 08:00,2760.43,2776.52,2760.12,2774.13,26980
2025.01.30 12:00,2774.06,2785.93,2773.77,2785.75,32491
2025.01.30 16:00,2785.76,2798.4,2779.94,2795.55,62457
2025.01.30 20:00,2795.59,2798.37,2789.65,2794.48,32414
2025.01.31 00:00,2794.73,2799.48,2791.6,2796.33,15536
2025.01.31 04:00,2796.32,2798.17,2793.8,2795.51,24530
2025.01.31 08:00,2795.48,2800.79,2791.54,2793.59,27899
2025.01.31 12:00,2793.6,2808.34,2790.85,2806.24,34266
2025.01.31 16:00,2806.32,2817.11,2802.84,2808.59,53584
2025.01.31 20:00,2808.54,2808.82,2794.25,2798.63,46966
2025.02.03 00:00,2803.59,2803.59,2778.1,2782.16,32222
2025.02.03 04:00,2782.15,2784.96,2772.02,2783.05,46114
2025.02.03 08:00,2783.05,2800.85,2782.86,2796.18,36773
2025.02.03 12:00,2796.17,2811.81,2792.88,2810.89,34740
2025.02.03 16:00,2810.88,2830.62,2809.85,2816.97,56232
2025.02.03 20:00,2816.93,2822.83,2812.36,2814.29,26186
2025.02.04 00:00,2813.79,2824.06,2811.46,2823.25,12247
2025.02.04 04:00,2823.22,2824.44,2813.35,2815.78,29566
2025.02.04 08:00,2815.73,2821.66,2807.1,2820.29,34435
2025.02.04 12:00,2820.32,2836.88,2812.69,2831.41,34843
2025.02.04 16:00,2831.41,2845.26,2828.77,2844.0,50150
2025.02.04 20:00,2843.96,2844.93,2840.83,2841.92,20359
2025.02.05 00:00,2841.18,2848.86,2839.56,2844.31,21529
2025.02.05 04:00,2844.37,2860.34,2843.84,2859.28,24291
2025.02.05 08:00,2859.26,2872.13,2854.79,2870.24,29875
2025.02.05 12:00,2870.26,2876.94,2858.53,2861.79,39163
2025.02.05 16:00,2861.77,2882.34,2860.61,2872.91,57191
2025.02.05 20:00,2872.94,2873.43,2859.85,2867.3,30562
2025.02.06 00:00,2865.49,2871.65,2863.56,2871.54,16250
2025.02.06 04:00,2871.48,2873.13,2864.23,2868.22,25124
2025.02.06 08:00,2868.22,2871.18,2848.79,2859.27,39081
2025.02.06 12:00,2859.28,2870.12,2855.45,2856.59,42098
2025.02.06 16:00,2856.59,2859.6,2834.02,2852.23,46968
2025.02.06 20:00,2852.22,2857.24,2849.69,2855.79,21655
2025.02.07 00:00,2856.25,2868.05,2855.36,2866.09,15711
2025.02.07 04:00,2866.1,2870.49,2861.92,2861.92,20530
2025.02.07 08:00,2861.88,2870.76,2858.88,2868.79,27609
2025.02.07 12:00,2868.82,2870.55,2852.41,2862.5,36311
2025.02.07 16:00,2862.5,2886.66,2853.2,2859.88,65733
2025.02.07 20:00,2859.85,2865.06,2858.94,2860.91,23940
2025.02.10 00:00,2857.59,2876.42,2853.76,2871.73,21949
2025.02.10 04:00,2871.74,2879.9,2871.18,2879.1,24919
2025.02.10 08:00,2879.2,2903.09,2878.84,2902.79,36456
2025.02.10 12:00,2902.83,2910.87,2898.19,2900.98,42074
2025.02.10 16:00,2900.96,2911.78,2896.2,2903.17,42030
2025.02.10 20:00,2903.18,2908.23,2900.83,2907.87,19510
2025.02.11 00:00,2907.14,2935.94,2906.87,2933.83,23681
2025.02.11 04:00,2933.86,2942.46,2905.13,2922.78,48664
2025.02.11 08:00,2922.77,2929.19,2902.83,2903.06,47621
2025.02.11 12:00,2903.03,2906.94,2881.55,2896.42,55128
2025.02.11 16:00,2896.41,2908.54,2890.73,2905.55,51603
2025.02.11 20:00,2905.5,2907.13,2893.95,2897.26,23161
2025.02.12 00:00,2896.47,2900.6,2883.63,2893.18,20003
2025.02.12 04:00,2893.21,2897.74,2883.61,2886.15,29584
2025.02.12 08:00,2886.13,2895.58,2885.51,2886.68,31637
2025.02.12 12:00,2886.68,2889.9,2863.72,2884.66,44161
2025.02.12 16:00,2884.67,2909.01,2881.84,2902.74,52597
2025.02.12 20:00,2902.72,2904.29,2893.39,2904.18,23598
2025.02.13 00:00,2903.44,2908.93,2900.45,2906.06,15984
2025.02.13 04:00,2906.05,2922.61,2905.13,2917.91,27199
2025.02.13 08:00,2917.9,2920.29,2909.42,2915.15,35804
2025.02.13 12:00,2915.13,2921.19,2905.71,2908.39,38330
2025.02.13 16:00,2908.38,2920.87,2906.32,2918.9,38605
2025.02.13 20:00,2918.8,2929.48,2914.17,2928.21,25692
2025.02.14 00:00,2927.24,2933.71,2926.71,2929.67,16316
2025.02.14 04:00,2929.68,2932.23,2923.19,2930.85,24301
2025.02.14 08:00,2930.92,2938.62,2929.81,2935.16,29094
2025.02.14 12:00,2935.2,2939.86,2917.48,2920.44,34816
2025.02.14 16:00,2920.42,2928.33,2885.25,2886.89,61757
2025.02.14 20:00,2886.86,2887.74,2876.88,2882.41,24982
2025.02.17 00:00,2882.86,2896.58,2878.1,2895.41,19935
2025.02.17 04:00,2895.39,2905.15,2893.84,2896.21,19072
2025.02.17 08:00,2896.24,2906.31,2888.17,2902.4,22926
2025.02.17 12:00,2902.4,2903.77,2895.35,2896.67,20143
2025.02.17 16:00,2896.67,2904.05,2896.39,2898.31,20673
2025.02.17 20:00,2898.32,2898.97,2896.69,2897.81,4103
2025.02.18 00:00,2898.4,2900.21,2891.93,2895.55,9616
2025.02.18 04:00,2895.66,2915.51,2895.15,2910.73,20661
2025.02.18 08:00,2910.59,2915.25,2908.1,2912.51,18626
2025.02.18 12:00,2912.5,2921.25,2907.01,2918.65,21154
2025.02.18 16:00,2918.64,2933.59,2917.7,2931.06,32197
2025.02.18 20:00,2931.03,2936.89,2928.21,2935.14,16249
2025.02.19 00:00,2935.29,2939.47,2927.96,2938.25,11132
2025.02.19 04:00,2938.27,2939.4,2923.99,2932.75,23316
2025.02.19 08:00,2932.73,2946.52,2930.43,2945.31,23387
2025.02.19 12:00,2945.32,2946.84,2931.16,2936.15,32694
2025.02.19 16:00,2936.14,2940.54,2921.41,2923.73,45893
2025.02.19 20:00,2923.73,2937.43,2918.47,2933.1,24597
2025.02.20 00:00,2932.96,2942.3,2932.69,2936.89,11766
2025.02.20 04:00,2936.89,2946.71,2933.84,2946.7,17332
2025.02.20 08:00,2946.8,2954.8,2943.78,2951.4,23853
2025.02.20 12:00,2951.46,2954.66,2933.79,2933.89,35947
2025.02.20 16:00,2933.88,2946.91,2923.95,2940.4,46466
2025.02.20 20:00,2940.4,2942.31,2933.55,2939.09,22432
2025.02.21 00:00,2937.96,2949.59,2926.44,2928.36,14457
2025.02.21 04:00,2928.36,2940.91,2924.09,2930.18,25247
2025.02.21 08:00,2930.18,2932.94,2916.71,2929.26,22949
2025.02.21 12:00,2929.25,2935.96,2926.9,2930.75,22228
2025.02.21 16:00,2930.79,2941.61,2921.46,2939.76,41595
2025.02.21 20:00,2939.77,2942.73,2931.96,2935.72,22441
2025.02.24 00:00,2934.75,2940.25,2921.05,2927.89,19592
2025.02.24 04:00,2927.78,2944.61,2925.01,2936.22,27511
2025.02.24 08:00,2936.19,2948.69,2935.2,2944.16,22932
2025.02.24 12:00,2944.18,2954.44,2934.81,2954.26,22860
2025.02.24 16:00,2954.25,2956.07,2930.68,2943.29,44500
2025.02.24 20:00,2943.23,2952.86,2942.71,2952.47,16126
2025.02.25 00:00,2952.62,2953.54,2945.09,2949.41,17150
2025.02.25 04:00,2949.38,2952.15,2934.97,2937.85,21583
2025.02.25 08:00,2937.74,2942.24,2929.46,2938.92,25414
2025.02.25 12:00,2938.91,2941.44,2923.92,2937.3,33991
2025.02.25 16:00,2937.33,2944.79,2888.11,2907.58,60606
2025.02.25 20:00,2907.59,2917.24,2905.33,2914.75,23195
2025.02.26 00:00,2914.42,2930.05,2913.39,2917.52,18117
2025.02.26 04:00,2917.53,2922.86,2912.43,2915.35,15120
2025.02.26 08:00,2915.24,2918.87,2905.7,2913.02,20851
2025.02.26 12:00,2913.03,2916.63,2905.36,2905.8,22762
2025.02.26 16:00,2905.83,2916.61,2890.71,2913.6,46943
2025.02.26 20:00,2913.61,2918.65,2911.97,2916.14,16162
2025.02.27 00:00,2916.12,2920.65,2911.01,2912.52,14306
2025.02.27 04:00,2912.53,2914.69,2888.45,2890.79,32670
2025.02.27 08:00,2890.83,2898.26,2877.02,2887.1,40035
2025.02.27 12:00,2887.15,2894.87,2881.0,2888.8,35671
2025.02.27 16:00,2888.8,2892.3,2867.63,2883.19,53717
2025.02.27 20:00,2883.18,2887.57,2871.15,2876.91,30349
2025.02.28 00:00,2876.79,2884.9,2873.78,2874.69,21745
2025.02.28 04:00,2874.66,2877.73,2856.84,2864.01,42269
2025.02.28 08:00,2864.07,2866.49,2850.93,2862.28,36719
2025.02.28 12:00,2862.27,2864.8,2848.19,2848.4,32130
2025.02.28 16:00,2848.48,2853.8,2832.55,2844.95,53207
2025.02.28 20:00,2844.96,2859.21,2837.82,2857.82,23925
2025.03.03 00:00,2855.41,2876.82,2854.93,2870.71,23009
2025.03.03 04:00,2870.72,2871.84,2859.22,2863.77,30642
2025.03.03 08:00,2863.76,2871.38,2858.84,2867.34,31067
2025.03.03 12:00,2867.39,2877.53,2867.15,2872.46,26725
2025.03.03 16:00,2872.4,2893.12,2871.19,2890.69,43300
2025.03.03 20:00,2890.7,2895.08,2878.25,2893.32,28374
2025.03.04 00:00,2892.78,2893.6,2881.73,2888.25,17496
2025.03.04 04:00,2888.25,2894.26,2884.68,2889.55,27939
2025.03.04 08:00,2889.54,2921.16,2884.24,2917.86,31553
2025.03.04 12:00,2917.85,2927.74,2911.98,2922.44,31983
2025.03.04 16:00,2922.56,2922.88,2899.96,2911.46,52448
2025.03.04 20:00,2911.51,2920.41,2908.11,2917.52,24330
2025.03.05 00:00,2917.3,2918.23,2903.34,2907.08,16811
2025.03.05 04:00,2907.1,2918.68,2901.94,2918.57,30941
2025.03.05 08:00,2918.56,2922.48,2912.93,2918.69,37712
2025.03.05 12:00,2918.77,2919.08,2894.18,2899.87,41156
2025.03.05 16:00,2899.87,2929.79,2897.6,2915.89,57278
2025.03.05 20:00,2915.96,2923.0,2911.33,2918.89,23776
2025.03.06 00:00,2918.97,2925.53,2915.85,2924.48,11079
2025.03.06 04:00,2924.49,2926.45,2914.41,2919.76,17890
2025.03.06 08:00,2919.77,2922.85,2891.22,2894.12,37183
2025.03.06 12:00,2894.05,2909.43,2891.89,2904.45,41575
2025.03.06 16:00,2904.36,2922.65,2903.35,2915.5,51316
2025.03.06 20:00,2915.57,2920.56,2908.3,2910.87,21370
2025.03.07 00:00,2910.39,2913.38,2896.19,2906.77,17902
2025.03.07 04:00,2906.75,2912.4,2901.21,2909.47,24548
2025.03.07 08:00,2909.47,2922.9,2907.67,2921.41,24298
2025.03.07 12:00,2921.39,2926.25,2910.07,2913.63,36366
2025.03.07 16:00,2913.6,2930.24,2903.73,2908.16,56852
2025.03.07 20:00,2908.02,2912.55,2901.95,2911.09,23797
2025.03.10 00:00,2910.96,2918.17,2909.4,2911.98,22825
2025.03.10 04:00,2911.98,2914.45,2906.79,2909.76,21609
2025.03.10 08:00,2909.76,2915.42,2896.6,2911.08,32072
2025.03.10 12:00,2911.08,2911.16,2895.46,2903.58,43566
2025.03.10 16:00,2903.54,2910.45,2882.7,2885.99,53444
2025.03.10 20:00,2886.06,2890.81,2880.16,2889.15,23441
2025.03.11 00:00,2888.52,2890.88,2879.74,2890.52,22227
2025.03.11 04:00,2890.43,2900.35,2889.78,2895.73,23125
2025.03.11 08:00,2895.73,2912.45,2893.4,2911.66,29648
2025.03.11 12:00,2911.64,2922.18,2906.71,2917.6,31863
2025.03.11 16:00,2917.6,2920.83,2911.72,2917.67,38705
2025.03.11 20:00,2917.67,2921.26,2915.04,2915.55,14729
2025.03.12 00:00,2915.77,2919.61,2910.74,2914.7,15348
2025.03.12 04:00,2914.58,2919.94,2912.0,2915.93,18063
2025.03.12 08:00,2915.99,2925.23,2908.84,2914.61,30831
2025.03.12 12:00,2914.44,2923.07,2905.97,2915.51,40949
2025.03.12 16:00,2915.42,2940.4,2914.22,2936.01,45242
2025.03.12 20:00,2936.01,2937.25,2930.66,2933.13,16349
2025.03.13 00:00,2933.53,2941.33,2932.3,2937.72,14851
2025.03.13 04:00,2937.77,2947.02,2937.35,2939.99,19795
2025.03.13 08:00,2939.99,2948.74,2932.83,2947.72,25746
2025.03.13 12:00,2947.72,2952.28,2938.97,2950.34,38854
2025.03.13 16:00,2950.34,2985.12,2949.78,2979.34,55512
2025.03.13 20:00,2979.35,2989.08,2978.91,2988.5,16672
2025.03.14 00:00,2988.44,2990.0,2981.61,2987.82,21355
2025.03.14 04:00,2987.81,2993.77,2981.73,2986.27,23674
2025.03.14 08:00,2986.28,2999.36,2980.76,2998.65,27105
2025.03.14 12:00,2998.66,3004.8,2983.1,2985.11,42305
2025.03.14 16:00,2984.48,2993.21,2978.34,2986.48,41642
2025.03.14 20:00,2986.54,2988.61,2981.49,2985.76,12096
2025.03.17 00:00,2983.56,2994.02,2982.98,2990.73,16533
2025.03.17 04:00,2990.77,2991.93,2982.2,2985.97,14884
2025.03.17 08:00,2985.98,2996.84,2983.02,2995.59,19744
2025.03.17 12:00,2995.61,3001.07,2984.66,2988.37,32941
2025.03.17 16:00,2988.29,3000.45,2987.01,2997.81,30894
2025.03.17 20:00,2997.79,3001.8,2996.69,3000.78,10573
2025.03.18 00:00,3000.95,3008.4,2999.29,3005.65,14356
2025.03.18 04:00,3005.65,3017.07,3002.69,3012.0,20332
2025.03.18 08:00,3011.96,3028.38,3010.42,3020.14,27683
2025.03.18 12:00,3019.94,3038.12,3019.55,3033.14,37118
2025.03.18 16:00,3033.13,3036.86,3024.52,3032.45,38678
2025.03.18 20:00,3032.43,3037.91,3032.25,3033.74,11535
2025.03.19 00:00,3033.77,3034.96,3027.29,3029.3,10463
2025.03.19 04:00,3029.22,3045.23,3028.86,3044.41,16370
2025.03.19 08:00,3044.42,3044.68,3022.49,3030.42,30598
2025.03.19 12:00,3030.37,3040.94,3027.54,3033.22,29067
2025.03.19 16:00,3033.2,3038.27,3025.82,3030.21,30698
2025.03.19 20:00,3029.64,3051.8,3029.27,3047.17,26235
2025.03.20 00:00,3047.1,3056.12,3047.03,3049.47,19537
2025.03.20 04:00,3049.49,3057.33,3044.82,3046.78,25445
2025.03.20 08:00,3046.84,3051.36,3038.6,3041.28,29985
2025.03.20 12:00,3041.27,3042.14,3025.53,3032.69,48006
2025.03.20 16:00,3032.66,3043.09,3030.49,3041.55,40257
2025.03.20 20:00,3041.52,3046.0,3040.74,3044.3,12365
2025.03.21 00:00,3044.1,3047.35,3035.87,3035.89,13041
2025.03.21 04:00,3035.78,3036.88,3021.55,3027.98,20282
2025.03.21 08:00,3027.99,3034.74,3026.96,3029.45,27950
2025.03.21 12:00,3029.45,3038.07,3004.1,3006.53,37028
2025.03.21 16:00,3006.36,3018.09,2999.26,3013.52,48155
2025.03.21 20:00,3013.58,3024.03,3013.34,3023.03,14174
2025.03.24 00:00,3021.64,3026.19,3016.96,3020.79,19862
2025.03.24 04:00,3020.88,3024.26,3013.68,3021.98,22444
2025.03.24 08:00,3021.86,3030.89,3017.17,3023.39,34070
2025.03.24 12:00,3023.49,3033.14,3018.88,3022.49,39056
2025.03.24 16:00,3022.44,3023.92,3005.69,3006.94,44896
2025.03.24 20:00,3006.93,3014.38,3002.34,3011.95,15456
2025.03.25 00:00,3010.92,3014.77,3008.84,3011.7,13332
2025.03.25 04:00,3011.68,3020.87,3007.44,3018.17,19015
2025.03.25 08:00,3018.15,3023.44,3010.43,3023.2,23516
2025.03.25 12:00,3023.21,3030.54,3014.06,3028.3,32622
2025.03.25 16:00,3028.3,3035.92,3017.88,3022.55,36041
2025.03.25 20:00,3022.55,3022.74,3017.66,3019.85,10276
2025.03.26 00:00,3019.15,3025.36,3016.27,3024.68,14879
2025.03.26 04:00,3024.68,3026.82,3013.19,3022.65,23235
2025.03.26 08:00,3022.62,3031.97,3017.38,3018.58,27489
2025.03.26 12:00,3018.3,3030.27,3015.78,3016.54,32249
2025.03.26 16:00,3016.5,3021.55,3012.16,3018.58,34145
2025.03.26 20:00,3018.6,3021.65,3015.61,3018.93,11611
2025.03.27 00:00,3018.58,3028.27,3017.49,3023.48,18449
2025.03.27 04:00,3023.49,3038.45,3023.15,3029.66,21327
2025.03.27 08:00,3029.6,3040.9,3026.53,3039.87,28967
2025.03.27 12:00,3039.91,3055.82,3033.35,3040.59,43389
2025.03.27 16:00,3040.66,3059.54,3040.66,3052.76,48860
2025.03.27 20:00,3052.76,3057.77,3052.6,3056.67,12775
2025.03.28 00:00,3056.23,3073.99,3054.08,3073.88,18601
2025.03.28 04:00,3073.88,3081.92,3069.6,3077.73,23913
2025.03.28 08:00,3077.58,3085.83,3065.83,3072.76,29587
2025.03.28 12:00,3072.72,3083.92,3067.24,3082.92,39007
2025.03.28 16:00,3083.08,3086.7,3067.19,3077.27,47703
2025.03.28 20:00,3077.34,3085.68,3073.4,3085.01,15030
2025.03.31 00:00,3086.49,3097.5,3077.36,3078.98,14965
2025.03.31 04:00,3078.99,3115.78,3076.71,3113.3,36471
2025.03.31 08:00,3113.32,3127.72,3107.46,3122.16,34510
2025.03.31 12:00,3122.19,3126.56,3111.72,3124.39,31106
2025.03.31 16:00,3124.15,3127.11,3099.72,3117.42,57167
2025.03.31 20:00,3117.38,3124.62,3115.81,3123.74,21377
2025.04.01 00:00,3122.68,3127.9,3119.93,3127.12,9587
2025.04.01 04:00,3127.06,3147.77,3126.43,3144.57,33611
2025.04.01 08:00,3144.59,3148.82,3123.93,3130.6,44124
2025.04.01 12:00,3130.64,3138.88,3127.59,3133.17,31665
2025.04.01 16:00,3133.18,3136.98,3100.74,3106.48,59326
2025.04.01 20:00,3106.49,3120.56,3105.55,3113.98,20669
2025.04.02 00:00,3113.67,3123.58,3107.44,3122.73,12429
2025.04.02 04:00,3123.18,3135.61,3115.42,3116.05,26244
2025.04.02 08:00,3116.11,3133.64,3109.67,3131.2,30893
2025.04.02 12:00,3131.27,3131.42,3110.04,3122.41,32461
2025.04.02 16:00,3122.39,3134.12,3116.51,3131.23,47180
2025.04.02 20:00,3131.22,3142.83,3104.72,3132.07,34760
2025.04.03 00:00,3141.02,3167.7,3123.06,3151.2,42550
2025.04.03 04:00,3151.41,3162.85,3139.0,3140.32,44640
2025.04.03 08:00,3140.44,3140.85,3116.33,3128.97,51381
2025.04.03 12:00,3128.95,3129.39,3061.72,3076.16,67120
2025.04.03 16:00,3076.15,3135.51,3053.97,3107.38,77675
2025.04.03 20:00,3107.4,3119.93,3099.95,3114.11,29471
2025.04.04 00:00,3114.32,3116.51,3105.86,3110.5,13270
2025.04.04 04:00,3110.42,3115.63,3086.94,3100.0,32804
2025.04.04 08:00,3099.86,3109.81,3078.38,3084.11,40035
2025.04.04 12:00,3084.06,3136.57,3069.5,3071.07,71297
2025.04.04 16:00,3071.06,3087.36,3016.7,3030.81,76628
2025.04.04 20:00,3030.88,3040.83,3015.56,3038.45,43187
2025.04.07 00:00,3007.97,3031.86,2970.32,2978.62,28960
2025.04.07 04:00,2978.83,3055.45,2971.75,3035.32,54540
2025.04.07 08:00,3035.28,3044.47,3013.23,3031.06,59223
2025.04.07 12:00,3031.28,3045.96,3014.72,3031.12,59641
2025.04.07 16:00,3031.11,3037.92,2969.91,2970.46,82443
2025.04.07 20:00,2970.79,2986.01,2956.16,2981.87,43903
2025.04.08 00:00,2981.1,2992.47,2978.43,2985.24,17763
2025.04.08 04:00,2985.23,3004.66,2983.44,3002.03,36925
2025.04.08 08:00,3001.84,3015.53,2999.38,3007.27,37334
2025.04.08 12:00,3007.26,3019.46,2994.7,3002.5,37206
2025.04.08 16:00,3002.49,3022.56,2984.26,2985.89,67199
2025.04.08 20:00,2985.96,2992.36,2974.59,2981.97,44894
2025.04.09 00:00,2983.01,2990.83,2969.94,2980.25,26038
2025.04.09 04:00,2980.24,3014.05,2972.34,3012.24,53078
2025.04.09 08:00,3012.23,3052.27,3005.35,3043.94,59100
2025.04.09 12:00,3043.93,3072.9,3035.73,3047.24,59623
2025.04.09 16:00,3047.29,3094.76,3047.24,3092.23,66549
2025.04.09 20:00,3092.27,3099.58,3048.55,3082.81,65821
2025.04.10 00:00,3082.71,3101.18,3070.98,3097.09,29691
2025.04.10 04:00,3097.06,3131.78,3078.39,3125.16,51452
2025.04.10 08:00,3125.17,3132.41,3104.58,3104.9,45001
2025.04.10 12:00,3104.92,3133.54,3103.23,3122.88,46286
2025.04.10 16:00,3123.11,3174.94,3116.08,3158.34,75150
2025.04.10 20:00,3158.33,3176.33,3151.43,3175.27,39633
2025.04.11 00:00,3175.57,3217.85,3175.39,3205.39,31796
2025.04.11 04:00,3205.37,3219.93,3200.99,3208.39,51048
2025.04.11 08:00,3208.36,3227.29,3187.06,3215.87,65127
2025.04.11 12:00,3215.86,3237.69,3210.09,3233.45,54464
2025.04.11 16:00,3233.47,3245.23,3219.51,3223.16,73798
2025.04.11 20:00,3223.26,3238.97,3223.26,3237.64,36023
2025.04.14 00:00,3226.87,3228.7,3209.1,3220.83,19645
2025.04.14 04:00,3220.91,3245.53,3215.26,3227.29,39300
2025.04.14 08:00,3227.27,3238.02,3216.38,3226.88,35467
2025.04.14 12:00,3226.87,3231.64,3200.5,3206.71,40969
2025.04.14 16:00,3206.67,3215.64,3193.56,3207.4,55005
2025.04.14 20:00,3207.46,3216.34,3201.3,3210.34,22109
2025.04.15 00:00,3211.4,3215.11,3209.94,3211.8,9099
2025.04.15 04:00,3211.78,3232.55,3209.95,3231.75,25832
2025.04.15 08:00,3231.74,3232.04,3217.21,3227.48,30203
2025.04.15 12:00,3227.52,3229.97,3214.2,3221.39,26791
2025.04.15 16:00,3221.38,3226.84,3211.51,3221.37,40956
2025.04.15 20:00,3221.37,3233.54,3220.36,3229.26,19284
2025.04.16 00:00,3230.6,3267.87,3229.75,3264.37,21406
2025.04.16 04:00,3264.37,3287.41,3255.86,3283.62,38289
2025.04.16 08:00,3283.61,3317.66,3283.58,3306.88,44427
2025.04.16 12:00,3306.9,3313.52,3293.08,3307.22,34902
2025.04.16 16:00,3307.23,3332.87,3296.73,3327.19,54784
2025.04.16 20:00,3327.22,3343.01,3324.33,3342.9,30913
2025.04.17 00:00,3342.29,3357.45,3341.85,3345.24,18748
2025.04.17 04:00,3345.21,3356.11,3320.69,3341.35,43682
2025.04.17 08:00,3341.36,3345.29,3312.59,3324.1,36737
2025.04.17 12:00,3324.07,3342.08,3320.55,3328.09,32221
2025.04.17 16:00,3328.33,3332.0,3283.81,3316.04,69440
2025.04.17 20:00,3316.14,3328.57,3310.88,3326.21,29825
2025.04.21 00:00,3331.55,3370.45,3327.9,3368.63,24590
2025.04.21 04:00,3368.64,3385.13,3367.13,3376.19,35541
2025.04.21 08:00,3376.19,3395.87,3375.56,3392.61,37022
2025.04.21 12:00,3392.65,3415.65,3386.36,3414.82,43891
2025.04.21 16:00,3414.82,3430.14,3405.1,3414.47,65727
2025.04.21 20:00,3414.49,3430.45,3405.97,3424.19,33946
2025.04.22 00:00,3423.79,3444.23,3411.8,3425.28,26408
2025.04.22 04:00,3425.3,3494.66,3421.52,3484.01,50505
2025.04.22 08:00,3484.25,3499.9,3443.11,3443.93,63072
2025.04.22 12:00,3443.93,3468.2,3424.17,3431.42,45072
2025.04.22 16:00,3431.22,3449.43,3371.96,3393.1,76344
2025.04.22 20:00,3393.13,3410.24,3366.68,3380.9,42867
2025.04.23 00:00,3350.3,3370.81,3312.61,3367.77,32977
2025.04.23 04:00,3367.75,3386.4,3328.88,3346.51,51351
2025.04.23 08:00,3346.42,3349.22,3291.56,3321.4,49437
2025.04.23 12:00,3321.45,3340.49,3310.5,3310.65,39777
2025.04.23 16:00,3310.64,3313.62,3260.04,3294.98,76532
2025.04.23 20:00,3294.97,3301.41,3277.72,3288.19,30129
2025.04.24 00:00,3288.11,3338.92,3287.86,3331.63,20510
2025.04.24 04:00,3331.55,3367.24,3320.55,3326.03,47303
2025.04.24 08:00,3326.08,3341.58,3314.66,3336.0,38050
2025.04.24 12:00,3336.06,3344.62,3325.44,3335.79,32330
2025.04.24 16:00,3335.77,3336.14,3306.57,3331.43,56965
2025.04.24 20:00,3331.5,3349.78,3329.85,3348.5,22033
2025.04.25 00:00,3351.22,3370.76,3346.79,3357.57,20701
2025.04.25 04:00,3357.35,3363.0,3316.26,3324.69,35811
2025.04.25 08:00,3324.7,3327.0,3286.55,3303.64,45416
2025.04.25 12:00,3303.79,3308.68,3287.9,3292.6,31507
2025.04.25 16:00,3292.56,3292.77,3265.06,3285.42,51356
2025.04.25 20:00,3285.44,3319.02,3281.87,3318.87,24056
2025.04.28 00:00,3324.94,3336.53,3298.55,3313.94,21446
2025.04.28 04:00,3313.9,3315.11,3267.85,3298.77,35046
2025.04.28 08:00,3298.89,3300.85,3277.49,3282.48,27133
2025.04.28 12:00,3282.6,3302.19,3273.05,3296.12,29571
2025.04.28 16:00,3295.89,3339.13,3286.86,3336.44,54623
2025.04.28 20:00,3336.55,3352.84,3332.97,3343.92,25180
2025.04.29 00:00,3344.61,3348.43,3327.68,3329.85,15664
2025.04.29 04:00,3329.73,3339.94,3306.56,3309.12,35368
2025.04.29 08:00,3309.11,3324.76,3304.96,3311.76,26351
2025.04.29 12:00,3311.68,3315.93,3300.43,3312.78,27695
2025.04.29 16:00,3312.66,3329.91,3299.55,3328.66,47431
2025.04.29 20:00,3328.69,3329.59,3313.19,3317.01,20621
2025.04.30 00:00,3314.21,3327.95,3310.89,3312.99,13171
2025.04.30 04:00,3312.98,3322.61,3301.25,3307.89,26332
2025.04.30 08:00,3307.86,3314.53,3280.19,3284.3,27908
2025.04.30 12:00,3284.3,3304.66,3266.76,3298.63,40484
2025.04.30 16:00,3298.56,3319.67,3292.83,3310.7,55714
2025.04.30 20:00,3310.67,3313.41,3282.89,3288.34,24081
2025.05.01 00:00,3286.69,3289.78,3240.92,3246.17,24335
2025.05.01 04:00,3246.17,3251.52,3221.19,3226.61,30664
2025.05.01 08:00,3226.48,3243.11,3223.32,3235.01,26563
2025.05.01 12:00,3235.01,3236.09,3201.76,3226.71,37352
2025.05.01 16:00,3226.58,3233.16,3204.85,3219.47,52378
2025.05.01 20:00,3219.49,3239.73,3209.74,3237.87,25167
2025.05.02 00:00,3238.78,3244.25,3227.35,3231.0,16153
2025.05.02 04:00,3231.26,3258.57,3231.24,3251.7,23715
2025.05.02 08:00,3251.52,3263.22,3246.33,3258.04,23214
2025.05.02 12:00,3258.06,3269.14,3250.15,3250.21,34263
2025.05.02 16:00,3250.24,3264.43,3222.67,3224.89,68785
2025.05.02 20:00,3224.86,3241.11,3223.46,3240.84,31460
2025.05.05 00:00,3239.08,3252.27,3237.35,3246.6,17361
2025.05.05 04:00,3246.61,3272.29,3246.45,3256.39,31230
2025.05.05 08:00,3256.37,3282.8,3253.95,3282.55,29231
2025.05.05 12:00,3282.56,3322.42,3282.09,3319.44,44277
2025.05.05 16:00,3319.43,3328.65,3305.47,3309.63,51834
2025.05.05 20:00,3309.61,3337.49,3309.0,3333.73,25213
2025.05.06 00:00,3335.63,3337.78,3322.68,3329.51,16383
2025.05.06 04:00,3329.52,3386.95,3329.52,3363.04,56201
2025.05.06 08:00,3363.06,3383.05,3350.11,3377.09,42765
2025.05.06 12:00,3377.09,3392.23,3371.29,3390.92,41159
2025.05.06 16:00,3391.13,3411.5,3378.13,3408.79,58247
2025.05.06 20:00,3408.79,3434.91,3407.32,3430.36,32030
2025.05.07 00:00,3437.46,3437.76,3360.52,3379.55,39063
2025.05.07 04:00,3378.98,3393.74,3360.1,3381.97,41042
2025.05.07 08:00,3382.02,3397.23,3378.12,3382.62,32947
2025.05.07 12:00,3382.67,3393.67,3369.16,3390.74,39761
2025.05.07 16:00,3390.77,3398.0,3375.71,3386.84,50687
2025.05.07 20:00,3386.84,3397.88,3363.59,3364.33,43907
2025.05.08 00:00,3365.66,3386.78,3364.06,3380.38,14457
2025.05.08 04:00,3380.37,3414.64,3379.0,3381.96,40790
2025.05.08 08:00,3381.97,3384.15,3320.17,3339.19,53870
2025.05.08 12:00,3339.22,3358.47,3330.23,3355.96,36489
2025.05.08 16:00,3356.04,3369.49,3304.33,3310.15,61954
2025.05.08 20:00,3310.07,3311.02,3288.68,3305.72,32776
2025.05.09 00:00,3306.59,3323.88,3306.15,3322.09,18747
2025.05.09 04:00,3322.09,3327.4,3274.6,3324.6,45749
2025.05.09 08:00,3324.61,3332.07,3312.8,3328.46,34479
2025.05.09 12:00,3328.48,3338.26,3321.92,3333.44,29507
2025.05.09 16:00,3333.43,3347.4,3320.18,3336.74,49014
2025.05.09 20:00,3336.64,3342.79,3324.81,3326.49,20311
2025.05.12 00:00,3295.89,3295.89,3265.83,3278.98,26444
2025.05.12 04:00,3278.62,3284.67,3258.7,3278.75,39461
2025.05.12 08:00,3278.76,3281.49,3215.99,3231.29,55709
2025.05.12 12:00,3231.2,3234.27,3207.64,3233.45,45293
2025.05.12 16:00,3233.67,3248.54,3223.1,3224.05,58876
2025.05.12 20:00,3224.11,3238.72,3220.25,3234.8,25941
2025.05.13 00:00,3237.64,3243.16,3229.61,3239.81,14798
2025.05.13 04:00,3239.8,3253.46,3215.68,3252.43,34969
2025.05.13 08:00,3252.56,3265.44,3247.2,3255.47,31783
2025.05.13 12:00,3255.47,3258.47,3237.2,3241.66,32815
2025.05.13 16:00,3241.49,3257.68,3225.4,3250.9,51885
2025.05.13 20:00,3250.81,3254.69,3241.97,3250.14,20294
2025.05.14 00:00,3248.97,3256.95,3240.46,3243.68,13508
2025.05.14 04:00,3243.71,3251.7,3222.44,3223.86,36088
2025.05.14 08:00,3223.9,3243.69,3221.52,3232.48,35923
2025.05.14 12:00,3232.4,3239.07,3184.03,3184.68,42519
2025.05.14 16:00,3184.71,3198.15,3173.66,3188.39,61716
2025.05.14 20:00,3188.34,3190.36,3167.76,3177.33,29798
2025.05.15 00:00,3176.51,3187.8,3176.51,3187.65,12941
2025.05.15 04:00,3187.65,3192.56,3135.44,3138.43,38998
2025.05.15 08:00,3138.43,3164.11,3120.61,3162.48,47174
2025.05.15 12:00,3162.47,3189.74,3159.23,3188.72,38636
2025.05.15 16:00,3188.72,3222.64,3185.07,3222.49,54481
2025.05.15 20:00,3222.49,3240.54,3216.31,3239.76,24114
2025.05.16 00:00,3240.19,3251.95,3231.88,3243.0,22439
2025.05.16 04:00,3243.0,3244.48,3206.43,3219.51,37749
2025.05.16 08:00,3219.46,3231.14,3195.49,3207.33,34897
2025.05.16 12:00,3207.29,3212.81,3154.08,3177.41,45153
2025.05.16 16:00,3177.38,3189.66,3165.77,3189.28,57886
2025.05.16 20:00,3189.29,3202.81,3183.42,3202.02,23774
2025.05.19 00:00,3218.63,3249.71,3205.44,3246.37,32266
2025.05.19 04:00,3246.29,3246.62,3206.58,3215.8,46340
2025.05.19 08:00,3215.82,3244.81,3214.87,3244.32,39532
2025.05.19 12:00,3244.41,3248.41,3228.75,3229.15,35400
2025.05.19 16:00,3229.31,3241.54,3217.09,3231.65,52619
2025.05.19 20:00,3231.65,3235.77,3225.24,3230.07,19805
2025.05.20 00:00,3230.7,3230.7,3214.02,3222.62,16409
2025.05.20 04:00,3222.61,3232.62,3204.45,3217.19,42527
2025.05.20 08:00,3217.18,3235.97,3207.84,3235.69,39639
2025.05.20 12:00,3235.72,3250.64,3230.45,3242.76,35635
2025.05.20 16:00,3242.76,3285.63,3232.69,3278.8,72006
2025.05.20 20:00,3278.8,3295.59,3278.19,3289.74,27077
2025.05.21 00:00,3290.81,3304.12,3288.41,3303.42,20626
2025.05.21 04:00,3303.42,3314.61,3285.25,3301.99,43074
2025.05.21 08:00,3301.99,3320.44,3298.35,3308.37,43144
2025.05.21 12:00,3308.38,3318.18,3290.41,3302.47,43242
2025.05.21 16:00,3302.47,3315.1,3295.21,3303.08,59211
2025.05.21 20:00,3302.93,3324.79,3302.79,3315.24,34137
2025.05.22 00:00,3318.14,3326.07,3315.23,3323.67,18244
2025.05.22 04:00,3323.66,3345.34,3320.25,3338.43,45890
2025.05.22 08:00,3338.43,3339.42,3310.09,3311.16,46950
2025.05.22 12:00,3311.15,3314.63,3282.8,3303.95,61534
2025.05.22 16:00,3303.99,3315.62,3279.04,3301.48,72064
2025.05.22 20:00,3301.49,3301.76,3288.95,3294.62,29590
2025.05.23 00:00,3293.85,3308.78,3286.99,3300.87,18087
2025.05.23 04:00,3300.81,3316.08,3290.85,3313.52,39195
2025.05.23 08:00,3313.52,3334.35,3312.44,3326.25,42355
2025.05.23 12:00,3326.26,3360.37,3323.38,3356.8,58799
2025.05.23 16:00,3357.07,3364.66,3336.54,3358.74,69035
2025.05.23 20:00,3358.78,3365.84,3356.03,3356.12,24366
2025.05.26 00:00,3353.13,3355.91,3331.43,3341.83,20016
2025.05.26 04:00,3341.95,3356.72,3335.48,3349.7,34411
2025.05.26 08:00,3349.66,3351.72,3330.98,3334.57,31940
2025.05.26 12:00,3334.59,3336.03,3323.58,3334.28,23899
2025.05.26 16:00,3334.31,3343.53,3331.31,3341.92,26271
2025.05.26 20:00,3341.95,3343.12,3340.39,3341.43,2995
2025.05.27 00:00,3343.06,3349.88,3342.34,3344.99,12689
2025.05.27 04:00,3345.12,3347.26,3330.59,3330.77,31386
2025.05.27 08:00,3330.8,3332.53,3292.46,3298.43,58407
2025.05.27 12:00,3298.47,3309.72,3287.61,3293.58,50498
2025.05.27 16:00,3293.61,3304.77,3284.86,3297.67,54238
2025.05.27 20:00,3297.69,3307.93,3296.74,3300.47,19722
2025.05.28 00:00,3300.41,3315.64,3297.08,3308.47,11951
2025.05.28 04:00,3308.42,3313.63,3291.54,3296.3,33641
2025.05.28 08:00,3296.28,3323.69,3295.89,3321.46,40263
2025.05.28 12:00,3321.55,3325.42,3305.26,3312.19,30552
2025.05.28 16:00,3312.19,3316.26,3288.55,3293.37,49130
2025.05.28 20:00,3293.36,3302.94,3276.15,3288.24,27470
2025.05.29 00:00,3286.96,3294.44,3250.12,3264.97,35308
2025.05.29 04:00,3264.97,3280.05,3245.32,3269.02,46823
2025.05.29 08:00,3269.08,3289.2,3265.86,3281.58,37471
2025.05.29 12:00,3281.59,3317.35,3276.08,3316.36,43567
2025.05.29 16:00,3316.32,3331.05,3304.71,3322.15,57613
2025.05.29 20:00,3322.07,3325.69,3315.23,3317.61,25418
2025.05.30 00:00,3318.51,3320.86,3309.49,3312.47,14545
2025.05.30 04:00,3312.47,3322.6,3291.17,3296.18,38267
2025.05.30 08:00,3296.19,3304.92,3287.28,3295.58,37748
2025.05.30 12:00,3295.62,3306.73,3282.79,3303.92,41671
2025.05.30 16:00,3303.88,3308.12,3271.39,3293.26,65340
2025.05.30 20:00,3293.21,3295.71,3288.6,3289.49,24282
2025.06.02 00:00,3299.11,3316.61,3295.37,3311.22,20024
2025.06.02 04:00,3311.23,3318.12,3301.29,3313.75,27839
2025.06.02 08:00,3313.79,3358.91,3313.74,3351.92,41736
2025.06.02 12:00,3351.96,3363.52,3344.31,3355.34,41353
2025.06.02 16:00,3355.38,3379.19,3350.22,3371.63,60874
2025.06.02 20:00,3371.51,3382.82,3370.63,3381.49,26154
2025.06.03 00:00,3382.71,3392.02,3373.73,3375.68,19965
2025.06.03 04:00,3375.71,3377.92,3359.12,3362.54,44240
2025.06.03 08:00,3362.54,3367.58,3350.97,3361.04,38752
2025.06.03 12:00,3361.05,3362.92,3348.89,3359.32,35121
2025.06.03 16:00,3359.29,3362.99,3332.99,3348.35,53303
2025.06.03 20:00,3348.33,3355.39,3347.24,3353.33,18459
2025.06.04 00:00,3354.16,3361.51,3349.75,3350.16,14938
2025.06.04 04:00,3350.17,3372.53,3346.36,3354.64,35504
2025.06.04 08:00,3354.73,3365.05,3347.84,3362.63,37837
2025.06.04 12:00,3362.66,3364.87,3343.67,3358.74,42904
2025.06.04 16:00,3358.75,3384.59,3350.71,3374.95,54162
2025.06.04 20:00,3374.87,3382.08,3370.58,3372.18,19406
2025.06.05 00:00,3374.66,3381.61,3372.17,3380.18,13474
2025.06.05 04:00,3380.16,3384.02,3363.82,3368.35,31729
2025.06.05 08:00,3368.43,3376.82,3361.05,3375.08,31836
2025.06.05 12:00,3375.17,3403.23,3373.91,3382.89,57888
2025.06.05 16:00,3382.97,3388.35,3339.23,3353.96,88206
2025.06.05 20:00,3353.96,3361.23,3348.84,3352.65,29090
2025.06.06 00:00,3353.17,3363.97,3352.88,3359.26,16297
2025.06.06 04:00,3359.29,3374.44,3355.94,3373.55,33352
2025.06.06 08:00,3373.52,3375.5,3352.76,3365.28,41483
2025.06.06 12:00,3365.29,3365.3,3343.41,3353.22,44975
2025.06.06 16:00,3353.16,3360.86,3316.26,3322.6,78729
2025.06.06 20:00,3322.65,3326.71,3306.93,3311.56,27474
2025.06.09 00:00,3311.26,3321.13,3298.14,3305.33,21161
2025.06.09 04:00,3305.34,3313.34,3293.39,3311.61,36021
2025.06.09 08:00,3311.6,3328.46,3309.47,3319.65,35211
2025.06.09 12:00,3319.75,3323.34,3312.04,3319.91,33199
2025.06.09 16:00,3319.96,3337.74,3310.6,3337.57,48313
2025.06.09 20:00,3337.78,3338.07,3324.81,3325.52,18411
2025.06.10 00:00,3325.39,3327.79,3314.45,3316.52,16185
2025.06.10 04:00,3316.53,3319.82,3301.76,3307.21,38276
2025.06.10 08:00,3307.16,3334.79,3306.66,3329.23,45060
2025.06.10 12:00,3329.18,3342.47,3327.03,3337.03,33213
2025.06.10 16:00,3337.12,3349.06,3319.81,3321.12,51630
2025.06.10 20:00,3321.1,3334.47,3319.3,3322.42,20795
2025.06.11 00:00,3322.37,3335.1,3315.38,3332.38,19790
2025.06.11 04:00,3332.32,3342.82,3327.02,3341.72,29058
2025.06.11 08:00,3341.72,3348.49,3332.34,3344.42,33846
2025.06.11 12:00,3344.42,3360.55,3326.0,3336.69,46763
2025.06.11 16:00,3336.68,3344.56,3327.92,3330.14,57445
2025.06.11 20:00,3330.14,3355.48,3319.2,3354.87,34617
2025.06.12 00:00,3356.87,3373.33,3355.78,3365.66,25449
2025.06.12 04:00,3365.67,3377.7,3362.34,3370.34,35479
2025.06.12 08:00,3370.3,3375.64,3338.55,3356.71,47029
2025.06.12 12:00,3356.7,3390.31,3355.3,3387.96,49069
2025.06.12 16:00,3388.27,3398.76,3377.7,3383.56,64088
2025.06.12 20:00,3383.56,3389.27,3378.03,3386.74,21941
2025.06.13 00:00,3386.07,3419.84,3379.33,3416.47,33978
2025.06.13 04:00,3414.83,3444.31,3413.84,3425.2,57715
2025.06.13 08:00,3425.21,3428.7,3407.78,3424.32,48140
2025.06.13 12:00,3424.27,3438.0,3411.44,3436.55,49305
2025.06.13 16:00,3436.37,3446.7,3419.18,3429.95,68620
2025.06.13 20:00,3429.95,3439.36,3427.26,3433.37,32001
2025.06.16 00:00,3443.56,3451.4,3431.45,3436.19,27624
2025.06.16 04:00,3436.2,3446.23,3426.74,3427.42,36100
2025.06.16 08:00,3427.44,3430.29,3409.38,3413.74,47234
2025.06.16 12:00,3413.82,3422.56,3410.69,3415.48,37153
2025.06.16 16:00,3415.44,3417.91,3382.49,3399.34,57980
2025.06.16 20:00,3399.33,3400.15,3382.81,3385.25,23954
2025.06.17 00:00,3386.79,3403.11,3385.69,3394.24,18308
2025.06.17 04:00,3394.25,3402.42,3373.58,3393.89,31755
2025.06.17 08:00,3393.88,3395.31,3377.74,3378.75,36657
2025.06.17 12:00,3378.75,3400.04,3375.66,3386.59,47894
2025.06.17 16:00,3386.69,3397.33,3366.11,3382.82,57536
2025.06.17 20:00,3382.76,3392.36,3381.23,3388.38,28350
2025.06.18 00:00,3390.35,3395.95,3382.82,3385.61,14516
2025.06.18 04:00,3385.56,3399.89,3370.52,3395.06,32586
2025.06.18 08:00,3395.05,3395.54,3376.98,3383.44,35429
2025.06.18 12:00,3383.44,3389.71,3375.38,3386.5,36648
2025.06.18 16:00,3386.54,3396.67,3373.73,3390.88,52070
2025.06.18 20:00,3390.86,3395.65,3362.4,3369.2,50322
2025.06.19 00:00,3369.91,3383.18,3369.19,3379.35,16481
2025.06.19 04:00,3379.33,3387.82,3369.61,3374.43,29013
2025.06.19 08:00,3374.41,3375.18,3347.39,3368.59,50745
2025.06.19 12:00,3368.59,3378.88,3363.42,3367.83,31005
2025.06.19 16:00,3368.0,3372.83,3361.36,3370.97,37545
2025.06.19 20:00,3370.98,3375.31,3365.74,3370.37,7125
2025.06.20 00:00,3369.85,3370.31,3361.79,3368.01,15546
2025.06.20 04:00,3368.02,3368.22,3344.63,3354.13,35996
2025.06.20 08:00,3354.13,3355.15,3340.24,3350.87,34650
2025.06.20 12:00,3350.86,3359.04,3341.81,3344.3,33854
2025.06.20 16:00,3344.5,3374.39,3342.92,3371.35,48497
2025.06.20 20:00,3371.35,3371.63,3364.5,3368.4,19901
2025.06.23 00:00,3389.44,3396.58,3358.3,3365.56,27943
2025.06.23 04:00,3365.62,3367.94,3351.83,3358.37,34588
2025.06.23 08:00,3358.36,3362.17,3346.83,3361.69,37409
2025.06.23 12:00,3361.67,3381.89,3355.77,3360.32,41240
2025.06.23 16:00,3360.3,3393.35,3359.66,3389.75,58816
2025.06.23 20:00,3389.72,3391.48,3367.07,3368.98,34926
2025.06.24 00:00,3366.61,3369.38,3333.04,3350.96,30756
2025.06.24 04:00,3350.98,3357.78,3342.1,3348.44,35865
2025.06.24 08:00,3348.41,3348.66,3315.99,3327.15,53549
2025.06.24 12:00,3327.17,3328.78,3304.37,3314.6,41217
2025.06.24 16:00,3314.58,3320.29,3295.23,3318.29,61586
2025.06.24 20:00,3318.38,3325.15,3315.54,3322.93,23612
2025.06.25 00:00,3323.74,3329.94,3320.68,3326.83,12461
2025.06.25 04:00,3326.85,3335.1,3325.68,3327.36,27157
2025.06.25 08:00,3327.34,3336.94,3326.39,3327.2,30944
2025.06.25 12:00,3327.22,3329.41,3318.02,3320.52,32830
2025.06.25 16:00,3320.53,3335.04,3311.84,3334.62,44692
2025.06.25 20:00,3334.64,3335.9,3324.62,3332.12,26968
2025.06.26 00:00,3334.18,3339.91,3331.1,3333.82,14071
2025.06.26 04:00,3333.82,3343.05,3329.15,3333.84,28995
2025.06.26 08:00,3333.83,3350.21,3330.88,3348.04,33060
2025.06.26 12:00,3348.01,3348.66,3321.48,3321.89,36404
2025.06.26 16:00,3321.89,3333.16,3309.87,3331.22,55721
2025.06.26 20:00,3331.18,3336.29,3327.63,3327.66,20775
2025.06.27 00:00,3327.32,3327.87,3313.17,3318.74,13122
2025.06.27 04:00,3318.68,3321.86,3290.94,3293.86,37341
2025.06.27 08:00,3293.94,3300.88,3281.78,3289.3,43734
2025.06.27 12:00,3289.32,3290.85,3269.36,3269.94,43372
2025.06.27 16:00,3270.0,3278.45,3255.84,3277.47,62722
2025.06.27 20:00,3277.5,3282.71,3268.28,3274.5,30376
2025.06.30 00:00,3273.52,3281.39,3246.66,3264.42,22267
2025.06.30 04:00,3264.41,3286.17,3259.41,3285.49,31348
2025.06.30 08:00,3285.44,3296.65,3284.5,3289.04,30555
2025.06.30 12:00,3289.01,3289.01,3274.45,3281.93,31823
2025.06.30 16:00,3281.94,3297.37,3277.83,3297.18,42877
2025.06.30 20:00,3297.19,3309.37,3291.9,3302.88,24579
2025.07.01 00:00,3303.01,3314.73,3302.1,3314.63,15667
2025.07.01 04:00,3314.62,3322.91,3313.8,3322.82,28424
2025.07.01 08:00,3322.82,3342.3,3322.79,3339.42,37261
2025.07.01 12:00,3339.43,3357.82,3338.1,3354.49,40938
2025.07.01 16:00,3354.45,3355.41,3336.92,3341.66,57938
2025.07.01 20:00,3341.6,3342.06,3336.74,3338.87,21379
2025.07.02 00:00,3337.96,3344.89,3334.5,3338.87,15464
2025.07.02 04:00,3338.86,3342.74,3328.48,3339.97,26924
2025.07.02 08:00,3339.95,3343.79,3327.4,3333.42,29830
2025.07.02 12:00,3333.39,3350.97,3332.94,3346.57,35687
2025.07.02 16:00,3346.57,3349.06,3333.81,3348.59,48471
2025.07.02 20:00,3348.58,3360.03,3347.28,3356.93,20766
2025.07.03 00:00,3357.6,3365.77,3343.42,3344.62,17803
2025.07.03 04:00,3344.66,3351.75,3341.77,3350.64,23252
2025.07.03 08:00,3350.66,3363.57,3350.05,3356.05,31368
2025.07.03 12:00,3356.06,3356.18,3311.47,3324.38,43700
2025.07.03 16:00,3324.45,3338.38,3322.02,3333.81,52113
2025.07.03 20:00,3333.79,3334.75,3325.22,3325.85,9106
2025.07.04 00:00,3325.5,3331.88,3323.41,3328.87,11337
2025.07.04 04:00,3328.86,3342.11,3326.04,3340.75,23214
2025.07.04 08:00,3340.76,3344.92,3336.33,3342.74,26821
2025.07.04 12:00,3342.73,3342.98,3331.33,3333.8,23777
2025.07.04 16:00,3333.84,3337.9,3330.64,3336.77,20938
2025.07.07 00:00,3334.37,3342.39,3321.58,3326.44,16828
2025.07.07 04:00,3326.44,3327.59,3305.18,3307.6,38092
2025.07.07 08:00,3307.65,3315.15,3300.51,3310.02,37360
2025.07.07 12:00,3310.0,3312.66,3296.27,3309.48,43660
2025.07.07 16:00,3309.46,3327.92,3306.01,3327.26,47412
2025.07.07 20:00,3327.23,3340.24,3327.17,3336.18,28621
2025.07.08 00:00,3338.79,3345.65,3330.98,3334.13,15508
2025.07.08 04:00,3334.15,3337.84,3327.28,3329.51,27319
2025.07.08 08:00,3329.5,3339.29,3323.16,3323.57,30516
2025.07.08 12:00,3323.58,3329.73,3319.79,3328.02,27762
2025.07.08 16:00,3328.04,3328.58,3286.98,3300.42,61549
2025.07.08 20:00,3300.41,3310.25,3299.2,3301.54,33146
2025.07.09 00:00,3301.56,3307.87,3297.13,3307.0,15111
2025.07.09 04:00,3307.01,3307.1,3284.87,3293.77,33459
2025.07.09 08:00,3293.8,3297.65,3282.56,3284.88,36191
2025.07.09 12:00,3284.82,3297.44,3283.11,3296.29,30749
2025.07.09 16:00,3296.32,3313.15,3291.77,3311.73,46210
2025.07.09 20:00,3311.71,3316.72,3307.97,3313.49,20985
2025.07.10 00:00,3313.43,3321.74,3312.49,3317.57,11929
2025.07.10 04:00,3317.49,3326.18,3314.75,3322.1,21814
2025.07.10 08:00,3322.11,3330.03,3319.71,3328.57,25116
2025.07.10 12:00,3328.57,3330.18,3317.7,3323.62,31669
2025.07.10 16:00,3323.67,3329.28,3309.92,3314.95,41564
2025.07.10 20:00,3314.96,3325.85,3314.54,3323.86,20303
2025.07.11 00:00,3324.14,3336.01,3321.67,3330.42,15943
2025.07.11 04:00,3330.38,3335.88,3325.04,3331.82,24111
2025.07.11 08:00,3331.79,3343.69,3331.02,3332.92,37968
2025.07.11 12:00,3332.94,3356.98,3332.69,3354.95,39134
2025.07.11 16:00,3354.96,3368.52,3349.97,3353.76,57454
2025.07.11 20:00,3353.57,3359.62,3349.16,3354.89,26363
2025.07.14 00:00,3363.88,3373.87,3358.97,3367.39,20990
2025.07.14 04:00,3367.43,3370.01,3353.73,3359.55,31176
2025.07.14 08:00,3359.52,3374.9,3353.69,3365.86,33752
2025.07.14 12:00,3365.96,3374.49,3349.23,3349.95,31916
2025.07.14 16:00,3349.96,3358.85,3340.89,3347.68,46199
2025.07.14 20:00,3347.67,3351.56,3341.12,3343.3,20786
2025.07.15 00:00,3343.96,3349.26,3341.27,3347.48,9017
2025.07.15 04:00,3347.5,3361.24,3345.69,3360.07,22430
2025.07.15 08:00,3360.05,3365.5,3356.48,3360.96,28434
2025.07.15 12:00,3360.95,3366.2,3346.31,3348.75,33978
2025.07.15 16:00,3348.8,3352.3,3320.11,3329.15,59640
2025.07.15 20:00,3329.16,3331.81,3324.75,3324.76,23213
2025.07.16 00:00,3324.03,3332.48,3323.64,3330.37,8715
2025.07.16 04:00,3330.37,3338.46,3324.95,3338.17,22658
2025.07.16 08:00,3338.11,3342.52,3335.58,3341.96,23375
2025.07.16 12:00,3341.91,3342.91,3330.79,3334.44,31082
2025.07.16 16:00,3334.48,3377.15,3319.56,3349.01,76353
2025.07.16 20:00,3349.0,3357.38,3345.92,3347.37,28465
2025.07.17 00:00,3347.88,3352.08,3339.6,3340.65,10341
2025.07.17 04:00,3340.69,3344.6,3336.21,3342.61,22459
2025.07.17 08:00,3342.57,3342.79,3325.05,3328.65,29109
2025.07.17 12:00,3328.65,3332.43,3309.73,3312.99,36176
2025.07.17 16:00,3312.97,3339.83,3311.09,3338.71,49067
2025.07.17 20:00,3338.68,3340.98,3335.56,3339.03,19249
2025.07.18 00:00,3341.77,3343.96,3337.87,3339.74,10370
2025.07.18 04:00,3339.75,3344.07,3333.71,3336.95,23474
2025.07.18 08:00,3336.96,3350.24,3331.72,3347.34,28293
2025.07.18 12:00,3347.46,3361.12,3347.34,3359.8,30562
2025.07.18 16:00,3359.82,3360.17,3351.06,3353.53,43543
2025.07.18 20:00,3353.54,3353.62,3347.52,3350.34,19462
2025.07.21 00:00,3349.69,3354.42,3344.85,3352.15,10796
2025.07.21 04:00,3352.13,3358.63,3350.54,3357.7,21142
2025.07.21 08:00,3357.67,3370.61,3357.53,3365.86,31375
2025.07.21 12:00,3365.9,3388.5,3362.62,3387.12,32508
2025.07.21 16:00,3387.2,3401.43,3383.48,3395.48,53993
2025.07.21 20:00,3395.49,3399.62,3391.35,3396.92,28737
2025.07.22 00:00,3396.7,3402.58,3390.4,3394.36,12538
2025.07.22 04:00,3394.37,3395.76,3385.0,3390.95,25894
2025.07.22 08:00,3391.1,3391.77,3383.18,3388.89,28595
2025.07.22 12:00,3388.82,3407.67,3384.46,3407.39,29079
2025.07.22 16:00,3407.4,3432.74,3404.85,3432.02,61303
2025.07.22 20:00,3432.04,3433.36,3426.4,3431.58,28531
2025.07.23 00:00,3431.75,3438.9,3426.1,3428.62,15732
2025.07.23 04:00,3428.67,3430.62,3419.02,3423.44,38095
2025.07.23 08:00,3423.43,3429.54,3416.25,3428.3,37214
2025.07.23 12:00,3428.36,3433.64,3419.84,3419.88,32797
2025.07.23 16:00,3419.86,3420.47,3381.36,3387.31,60271
2025.07.23 20:00,3387.3,3395.88,3385.65,3387.05,26821
2025.07.24 00:00,3387.85,3393.18,3386.41,3391.34,8297
2025.07.24 04:00,3391.35,3393.23,3374.63,3382.42,36933
2025.07.24 08:00,3382.42,3382.76,3365.75,3369.57,37247
2025.07.24 12:00,3369.46,3369.97,3352.5,3353.34,34733
2025.07.24 16:00,3353.3,3377.28,3351.24,3366.84,52553
2025.07.24 20:00,3366.81,3373.31,3366.19,3368.43,20785
2025.07.25 00:00,3367.78,3373.34,3364.94,3372.06,10736
2025.07.25 04:00,3372.08,3372.53,3357.81,3360.78,23890
2025.07.25 08:00,3360.87,3362.15,3344.44,3345.31,27525
2025.07.25 12:00,3345.33,3348.79,3336.3,3340.66,27578
2025.07.25 16:00,3340.68,3347.42,3324.95,3329.64,58281
2025.07.25 20:00,3329.73,3340.15,3329.46,3336.63,21675
2025.07.28 00:00,3319.2,3337.16,3319.2,3333.24,19003
2025.07.28 04:00,3333.25,3343.89,3329.8,3339.5,27073
2025.07.28 08:00,3339.48,3345.23,3332.24,3335.9,28681
2025.07.28 12:00,3335.91,3340.56,3325.43,3328.28,30612
2025.07.28 16:00,3328.26,3330.56,3301.62,3312.07,50964
2025.07.28 20:00,3312.04,3318.68,3308.68,3314.43,25014
2025.07.29 00:00,3315.18,3315.75,3307.94,3311.47,12602
2025.07.29 04:00,3311.45,3320.71,3308.39,3316.37,27267
2025.07.29 08:00,3316.36,3329.88,3311.12,3326.24,35947
2025.07.29 12:00,3326.11,3328.1,3314.85,3323.16,33223
2025.07.29 16:00,3323.18,3333.95,3311.91,3323.05,53156
2025.07.29 20:00,3323.02,3330.74,3322.53,3326.44,26117
2025.07.30 00:00,3326.54,3333.58,3325.87,3330.15,8049
2025.07.30 04:00,3330.13,3333.13,3321.67,3327.01,25316
2025.07.30 08:00,3327.05,3333.28,3322.96,3332.13,26513
2025.07.30 12:00,3331.91,3333.88,3310.52,3313.17,38335
2025.07.30 16:00,3313.2,3315.97,3288.54,3297.97,57570
2025.07.30 20:00,3298.02,3304.83,3267.91,3274.88,55282
2025.07.31 00:00,3277.17,3288.31,3273.27,3286.38,14313
2025.07.31 04:00,3286.34,3298.46,3284.94,3297.99,28946
2025.07.31 08:00,3298.02,3314.7,3294.6,3309.75,29742
2025.07.31 12:00,3309.74,3312.98,3293.63,3307.48,39125
2025.07.31 16:00,3307.49,3310.23,3289.58,3294.88,59962
2025.07.31 20:00,3294.9,3298.31,3289.73,3289.94,30114
2025.08.01 00:00,3290.26,3295.05,3286.32,3290.12,13042
2025.08.01 04:00,3290.11,3296.98,3281.51,3291.99,31517
2025.08.01 08:00,3291.97,3300.38,3285.11,3294.16,33502
2025.08.01 12:00,3294.18,3345.04,3292.64,3341.1,43331
2025.08.01 16:00,3341.11,3354.99,3338.71,3347.17,75770
2025.08.01 20:00,3347.12,3363.33,3345.47,3362.68,36406
2025.08.04 00:00,3366.46,3368.68,3350.07,3352.07,17523
2025.08.04 04:00,3351.96,3362.01,3344.93,3358.84,27599
2025.08.04 08:00,3358.92,3362.53,3351.57,3358.34,33723
2025.08.04 12:00,3358.36,3371.41,3352.84,3367.65,37424
2025.08.04 16:00,3367.69,3385.22,3366.93,3370.85,53675
2025.08.04 20:00,3370.84,3376.99,3370.58,3373.52,23914
2025.08.05 00:00,3374.05,3381.2,3373.64,3379.68,10308
2025.08.05 04:00,3379.69,3382.25,3370.88,3371.01,22074
2025.08.05 08:00,3371.0,3375.38,3365.6,3366.0,29969
2025.08.05 12:00,3365.99,3366.85,3349.66,3366.06,36425
2025.08.05 16:00,3366.1,3390.29,3365.76,3381.94,55170
2025.08.05 20:00,3381.96,3382.68,3378.03,3380.67,21486
2025.08.06 00:00,3381.16,3385.18,3378.02,3383.32,9832
2025.08.06 04:00,3383.3,3383.47,3372.08,3372.29,21593
2025.08.06 08:00,3372.29,3378.54,3364.66,3365.02,25781
2025.08.06 12:00,3365.03,3369.11,3358.03,3367.39,28714
2025.08.06 16:00,3367.37,3379.85,3365.08,3375.98,44910
2025.08.06 20:00,3376.01,3377.49,3367.05,3369.18,27101
2025.08.07 00:00,3368.47,3374.87,3365.08,3372.11,17624
2025.08.07 04:00,3372.09,3384.01,3370.0,3377.42,29781
2025.08.07 08:00,3377.54,3397.26,3371.52,3378.01,53035
2025.08.07 12:00,3377.97,3389.65,3371.65,3380.71,51286
2025.08.07 16:00,3380.65,3393.7,3375.11,3388.81,63317
2025.08.07 20:00,3388.78,3401.77,3384.23,3395.24,33817
2025.08.08 00:00,3403.3,3408.48,3387.04,3389.54,37984
2025.08.08 04:00,3389.59,3399.15,3381.11,3394.22,60648
2025.08.08 08:00,3394.26,3404.09,3388.62,3394.3,66952
2025.08.08 12:00,3394.28,3401.8,3380.38,3391.43,85497
2025.08.08 16:00,3391.33,3401.52,3381.06,3397.33,74631
2025.08.08 20:00,3397.32,3404.02,3376.59,3398.33,57501
2025.08.11 00:00,3397.6,3404.72,3381.33,3381.5,19080
2025.08.11 04:00,3381.51,3383.74,3367.57,3375.73,40755
2025.08.11 08:00,3375.69,3379.96,3356.8,3361.79,45370
2025.08.11 12:00,3361.48,3363.82,3344.31,3356.72,49952
2025.08.11 16:00,3356.68,3362.7,3341.38,3343.98,57379
2025.08.11 20:00,3344.0,3358.67,3341.14,3342.6,33463
2025.08.12 00:00,3342.83,3355.63,3342.24,3354.41,12030
2025.08.12 04:00,3354.43,3357.35,3346.04,3354.31,28103
2025.08.12 08:00,3354.34,3357.99,3342.16,3347.75,33726
2025.08.12 12:00,3347.8,3357.95,3335.99,3349.78,41304
2025.08.12 16:00,3349.66,3358.96,3330.98,3349.32,69346
2025.08.12 20:00,3349.34,3350.74,3345.42,3347.97,23504
2025.08.13 00:00,3348.29,3353.65,3342.49,3343.45,10286
2025.08.13 04:00,3343.45,3354.22,3342.57,3351.72,25643
2025.08.13 08:00,3351.7,3363.36,3345.53,3360.15,32397
2025.08.13 12:00,3360.11,3366.91,3355.32,3358.01,35165
2025.08.13 16:00,3357.92,3370.65,3353.98,3357.72,44507
2025.08.13 20:00,3357.75,3359.2,3349.8,3355.91,17570
2025.08.14 00:00,3356.76,3374.68,3356.4,3369.38,12013
2025.08.14 04:00,3369.36,3370.77,3355.37,3360.34,26142
2025.08.14 08:00,3360.19,3366.3,3341.36,3346.01,34544
2025.08.14 12:00,3346.07,3359.08,3341.84,3350.41,41545
2025.08.14 16:00,3350.34,3355.96,3329.7,3334.24,64818
2025.08.14 20:00,3334.24,3340.92,3331.76,3335.3,20269
2025.08.15 00:00,3336.44,3338.71,3332.08,3336.96,9259
2025.08.15 04:00,3336.97,3346.59,3333.15,3345.38,19745
2025.08.15 08:00,3345.32,3348.66,3338.23,3341.21,24268
2025.08.15 12:00,3341.19,3344.85,3333.42,3342.52,30034
2025.08.15 16:00,3342.55,3345.86,3332.77,3338.06,40214
2025.08.15 20:00,3338.07,3339.45,3334.26,3335.19,15984
2025.08.18 00:00,3336.17,3342.68,3323.38,3340.48,14231
2025.08.18 04:00,3340.45,3358.05,3339.47,3357.39,22807
2025.08.18 08:00,3357.38,3358.26,3344.4,3348.51,27435
2025.08.18 12:00,3348.49,3351.56,3342.98,3344.68,25211
2025.08.18 16:00,3344.67,3344.87,3331.63,3334.15,39073
2025.08.18 20:00,3334.17,3334.78,3330.1,3332.7,12411
2025.08.19 00:00,3332.17,3339.07,3325.99,3335.06,10693
2025.08.19 04:00,3335.03,3341.49,3329.38,3337.56,23100
2025.08.19 08:00,3337.46,3341.71,3334.3,3337.87,20431
2025.08.19 12:00,3337.88,3345.23,3334.07,3334.62,20985
2025.08.19 16:00,3334.61,3339.16,3316.93,3317.31,43362
2025.08.19 20:00,3317.32,3320.06,3314.82,3315.5,19011
2025.08.20 00:00,3315.91,3317.31,3312.7,3315.85,9193
2025.08.20 04:00,3315.86,3320.78,3311.35,3318.57,23260
2025.08.20 08:00,3318.56,3327.4,3318.03,3324.89,22444
2025.08.20 12:00,3324.71,3344.72,3323.43,3342.78,28378
2025.08.20 16:00,3342.75,3350.13,3338.76,3345.07,33941
2025.08.20 20:00,3345.08,3349.13,3343.87,3348.28,15764
2025.08.21 00:00,3349.87,3351.95,3341.35,3342.23,9542
2025.08.21 04:00,3342.24,3346.3,3337.8,3338.14,17777
2025.08.21 08:00,3338.15,3341.34,3334.13,3339.44,20327
2025.08.21 12:00,3339.43,3344.94,3325.03,3341.79,30752
2025.08.21 16:00,3341.84,3347.99,3335.89,3339.61,45015
2025.08.21 20:00,3339.62,3341.93,3336.48,3338.46,13368
2025.08.22 00:00,3338.77,3340.41,3334.96,3339.48,7350
2025.08.22 04:00,3339.5,3340.12,3327.91,3328.28,17060
2025.08.22 08:00,3328.26,3334.98,3325.25,3328.65,23422
2025.08.22 12:00,3328.66,3331.68,3321.33,3323.37,22251
2025.08.22 16:00,3323.33,3378.65,3323.07,3370.39,62359
2025.08.22 20:00,3370.41,3375.41,3368.71,3372.2,18053
2025.08.25 00:00,3370.63,3371.65,3363.15,3364.76,8764
2025.08.25 04:00,3364.79,3367.94,3359.66,3365.98,16507
2025.08.25 08:00,3365.93,3369.73,3362.96,3363.86,14168
2025.08.25 12:00,3363.78,3371.46,3361.85,3364.35,15997
2025.08.25 16:00,3364.36,3376.18,3362.05,3373.71,30045
2025.08.25 20:00,3373.75,3374.69,3364.14,3365.56,15174
2025.08.26 00:00,3365.53,3386.37,3351.19,3383.0,24288
2025.08.26 04:00,3383.01,3384.84,3369.73,3377.24,28070
2025.08.26 08:00,3377.23,3379.73,3367.08,3376.54,25681
2025.08.26 12:00,3376.58,3380.19,3367.05,3371.84,28516
2025.08.26 16:00,3371.89,3389.31,3370.2,3382.85,40730
2025.08.26 20:00,3382.88,3393.5,3380.12,3393.48,17104
2025.08.27 00:00,3393.41,3394.14,3388.6,3389.52,9619
2025.08.27 04:00,3389.49,3389.95,3373.81,3374.8,21167
2025.08.27 08:00,3374.81,3384.89,3373.69,3384.35,24498
2025.08.27 12:00,3384.35,3385.3,3373.59,3381.01,28888
2025.08.27 16:00,3381.03,3398.67,3375.43,3395.36,40949
2025.08.27 20:00,3395.3,3398.06,3392.15,3397.32,17946
2025.08.28 00:00,3398.82,3399.17,3391.18,3391.9,9865
2025.08.28 04:00,3391.88,3392.76,3384.47,3390.16,22980
2025.08.28 08:00,3390.14,3400.95,3387.54,3400.57,25286
2025.08.28 12:00,3400.58,3408.57,3393.67,3397.05,32049
2025.08.28 16:00,3397.08,3417.63,3394.01,3415.41,46629
2025.08.28 20:00,3415.4,3422.95,3414.45,3416.8,24111
2025.08.29 00:00,3417.12,3417.95,3412.89,3413.33,8685
2025.08.29 04:00,3413.31,3413.87,3407.34,3408.68,22255
2025.08.29 08:00,3408.7,3414.7,3406.35,3410.25,21614
2025.08.29 12:00,3410.27,3416.74,3404.22,3416.32,28081
2025.08.29 16:00,3416.29,3449.26,3413.49,3449.0,59618
2025.08.29 20:00,3448.95,3453.83,3440.87,3448.42,28665
2025.09.01 00:00,3448.01,3452.19,3441.95,3443.67,10875
2025.09.01 04:00,3443.93,3485.77,3436.7,3474.92,42368
2025.09.01 08:00,3474.9,3489.68,3467.61,3476.79,36799
2025.09.01 12:00,3476.8,3476.94,3466.24,3469.34,36856
2025.09.01 16:00,3469.36,3481.19,3468.62,3477.23,27503
2025.09.01 20:00,3477.22,3478.88,3476.02,3476.77,5314
2025.09.02 00:00,3476.25,3484.92,3474.12,3479.04,22592
2025.09.02 04:00,3479.05,3508.51,3476.76,3496.54,60220
2025.09.02 08:00,3496.56,3497.76,3470.09,3477.51,57574
2025.09.02 12:00,3477.52,3493.96,3474.24,3481.93,63860
2025.09.02 16:00,3481.98,3528.6,3478.16,3527.56,87884
2025.09.02 20:00,3527.57,3539.9,3521.8,3533.41,40348
2025.09.03 00:00,3532.73,3546.72,3525.8,3535.94,24487
2025.09.03 04:00,3535.93,3545.94,3529.19,3536.76,48311
2025.09.03 08:00,3536.75,3541.14,3526.62,3539.92,34836
2025.09.03 12:00,3539.92,3551.41,3532.13,3550.48,40222
2025.09.03 16:00,3550.44,3572.47,3549.19,3572.38,66589
2025.09.03 20:00,3572.39,3578.29,3558.81,3558.95,40171
2025.09.04 00:00,3561.34,3564.09,3551.68,3561.4,19403
2025.09.04 04:00,3561.41,3563.27,3510.52,3532.87,49548
2025.09.04 08:00,3532.89,3545.48,3523.98,3541.08,38572
2025.09.04 12:00,3541.07,3552.85,3536.5,3548.21,38992
2025.09.04 16:00,3548.2,3558.61,3534.97,3552.34,64735
2025.09.04 20:00,3552.33,3555.34,3542.49,3545.7,25116
2025.09.05 00:00,3546.12,3556.29,3539.94,3552.03,16807
2025.09.05 04:00,3552.04,3558.94,3545.85,3558.31,28302
2025.09.05 08:00,3558.32,3560.97,3544.68,3545.85,30961
2025.09.05 12:00,3545.86,3586.77,3545.78,3580.2,43402
2025.09.05 16:00,3580.26,3599.95,3573.15,3595.05,89753
2025.09.05 20:00,3595.08,3597.35,3586.12,3586.51,39088
2025.09.08 00:00,3580.46,3596.7,3577.45,3594.29,30149
2025.09.08 04:00,3594.31,3596.97,3579.48,3581.48,41983
2025.09.08 08:00,3581.47,3617.21,3581.01,3611.11,38575
2025.09.08 12:00,3611.09,3625.83,3608.56,3624.12,33676
2025.09.08 16:00,3624.4,3646.26,3620.1,3640.56,66925
2025.09.08 20:00,3640.52,3641.02,3631.74,3635.7,27483
2025.09.09 00:00,3635.98,3640.78,3628.01,3638.38,14130
2025.09.09 04:00,3638.4,3656.92,3635.88,3654.76,37181
2025.09.09 08:00,3654.71,3659.14,3636.57,3647.98,41658
2025.09.09 12:00,3648.05,3656.52,3643.59,3647.33,33997
2025.09.09 16:00,3647.34,3674.52,3626.77,3644.9,82290
2025.09.09 20:00,3644.9,3646.39,3626.0,3626.19,28432
2025.09.10 00:00,3621.59,3640.68,3621.26,3623.84,21139
2025.09.10 04:00,3623.85,3643.16,3620.11,3642.78,32522
2025.09.10 08:00,3642.77,3648.3,3639.78,3645.68,31589
2025.09.10 12:00,3645.55,3657.41,3640.27,3643.89,41980
2025.09.10 16:00,3643.9,3655.23,3638.49,3642.63,56797
2025.09.10 20:00,3642.6,3649.56,3635.11,3640.43,26585
2025.09.11 00:00,3642.07,3647.04,3637.77,3643.75,12642
2025.09.11 04:00,3643.71,3649.03,3629.69,3630.5,26004
2025.09.11 08:00,3630.49,3637.87,3622.66,3626.09,40958
2025.09.11 12:00,3626.01,3643.81,3612.64,3628.89,47932
2025.09.11 16:00,3629.21,3641.81,3618.21,3636.04,67484
2025.09.11 20:00,3636.14,3637.54,3630.33,3633.77,28077
2025.09.12 00:00,3633.8,3638.01,3630.31,3636.45,12737
2025.09.12 04:00,3636.5,3656.07,3636.44,3654.77,34580
2025.09.12 08:00,3654.79,3656.51,3639.5,3640.83,33842
2025.09.12 12:00,3640.81,3652.01,3637.46,3645.28,37120
2025.09.12 16:00,3645.35,3654.27,3641.67,3649.05,48931
2025.09.12 20:00,3649.05,3650.57,3641.18,3643.44,20898
2025.09.15 00:00,3644.27,3646.17,3632.01,3633.32,12962
2025.09.15 04:00,3633.32,3646.72,3626.52,3645.52,30092
2025.09.15 08:00,3645.53,3646.15,3633.59,3645.34,30508
2025.09.15 12:00,3645.34,3650.82,3635.58,3650.25,35779
2025.09.15 16:00,3650.26,3685.4,3646.78,3679.08,58299
2025.09.15 20:00,3679.09,3682.63,3675.73,3678.68,29163
2025.09.16 00:00,3679.99,3686.79,3675.94,3686.27,13235
2025.09.16 04:00,3686.3,3689.37,3674.61,3684.16,31592
2025.09.16 08:00,3684.15,3697.11,3680.11,3694.13,32362
2025.09.16 12:00,3694.16,3699.38,3686.29,3689.12,37272
2025.09.16 16:00,3689.09,3702.86,3678.71,3689.66,68236
2025.09.16 20:00,3689.64,3693.68,3686.15,3689.59,25962
2025.09.17 00:00,3689.52,3695.23,3688.99,3691.08,10019
2025.09.17 04:00,3691.06,3691.83,3674.16,3680.59,34179
2025.09.17 08:00,3680.63,3685.76,3662.39,3664.72,38108
2025.09.17 12:00,3664.71,3679.28,3659.91,3678.61,39486
2025.09.17 16:00,3678.63,3688.35,3672.66,3684.6,48765
2025.09.17 20:00,3684.62,3707.32,3645.98,3659.82,74070
2025.09.18 00:00,3659.5,3671.86,3654.69,3665.05,17688
2025.09.18 04:00,3665.11,3668.64,3651.72,3653.39,36567
2025.09.18 08:00,3653.43,3665.69,3633.79,3665.39,50514
2025.09.18 12:00,3665.34,3672.82,3662.86,3663.19,40554
2025.09.18 16:00,3663.19,3664.12,3627.79,3646.2,71514
2025.09.18 20:00,3646.21,3647.1,3640.51,3644.23,26852
2025.09.19 00:00,3643.31,3643.95,3636.13,3640.01,11583
2025.09.19 04:00,3639.9,3659.86,3632.23,3658.7,39291
2025.09.19 08:00,3658.71,3661.11,3643.19,3655.52,39943
2025.09.19 12:00,3655.52,3659.07,3644.43,3649.2,32073
2025.09.19 16:00,3649.16,3675.76,3643.61,3668.15,63142
2025.09.19 20:00,3668.08,3685.24,3667.96,3685.1,33091
2025.09.22 00:00,3687.01,3691.97,3683.53,3690.73,16111
2025.09.22 04:00,3690.72,3697.41,3685.35,3692.04,35588
2025.09.22 08:00,3692.02,3722.32,3691.69,3720.24,39736
2025.09.22 12:00,3720.22,3728.23,3712.06,3721.47,39800
2025.09.22 16:00,3721.54,3739.42,3713.66,3736.93,64621
2025.09.22 20:00,3736.96,3748.64,3736.96,3746.7,29687
2025.09.23 00:00,3745.78,3750.49,3738.05,3747.01,15053
2025.09.23 04:00,3746.99,3759.12,3736.64,3744.63,43265
2025.09.23 08:00,3744.59,3775.07,3743.17,3774.21,42274
2025.09.23 12:00,3774.25,3790.98,3774.08,3784.22,47757
2025.09.23 16:00,3784.18,3788.65,3764.92,3779.15,70358
2025.09.23 20:00,3779.24,3785.58,3751.91,3763.96,47350
2025.09.24 00:00,3765.18,3769.99,3758.81,3765.03,14590
2025.09.24 04:00,3765.05,3771.64,3750.49,3768.11,38317
2025.09.24 08:00,3768.12,3779.06,3766.94,3769.94,33370
2025.09.24 12:00,3769.93,3771.58,3759.54,3767.96,35951
2025.09.24 16:00,3767.94,3772.8,3732.17,3735.61,66240
2025.09.24 20:00,3735.63,3738.71,3717.39,3735.95,33142
2025.09.25 00:00,3736.35,3751.34,3736.31,3748.87,15475
2025.09.25 04:00,3748.66,3750.31,3729.43,3738.03,34914
2025.09.25 08:00,3738.03,3761.54,3733.95,3756.33,38678
2025.09.25 12:00,3756.37,3761.09,3730.5,3738.66,47204
2025.09.25 16:00,3738.63,3745.48,3722.03,3733.59,68463
2025.09.25 20:00,3733.59,3758.11,3732.23,3749.21,40842
2025.09.26 00:00,3750.39,3751.44,3737.91,3749.46,17276
2025.09.26 04:00,3749.51,3753.17,3734.3,3747.57,31445
2025.09.26 08:00,3747.57,3755.03,3739.09,3752.83,34619
2025.09.26 12:00,3752.77,3757.24,3742.81,3751.93,36125
2025.09.26 16:00,3751.94,3783.66,3751.09,3774.12,73846
2025.09.26 20:00,3774.14,3783.06,3759.95,3760.85,37387
2025.09.29 00:00,3759.31,3787.36,3756.12,3786.98,21524
2025.09.29 04:00,3787.0,3808.84,3767.71,3804.91,58532
2025.09.29 08:00,3804.9,3819.68,3801.04,3818.59,54537
2025.09.29 12:00,3818.61,3831.24,3806.32,3813.57,48964
2025.09.29 16:00,3813.69,3833.39,3809.2,3830.21,71655
2025.09.29 20:00,3830.26,3834.07,3822.44,3833.74,38650
2025.09.30 00:00,3834.36,3840.58,3825.53,3838.9,15981
2025.09.30 04:00,3838.87,3867.09,3837.87,3866.91,43069
2025.09.30 08:00,3866.9,3871.64,3807.58,3816.13,61315
2025.09.30 12:00,3816.07,3821.54,3793.0,3819.15,57923
2025.09.30 16:00,3819.19,3854.34,3811.54,3845.82,74825
2025.09.30 20:00,3845.87,3860.65,3839.58,3858.27,36369
2025.10.01 00:00,3859.4,3865.17,3854.57,3860.4,16698
2025.10.01 04:00,3860.14,3875.33,3855.48,3864.75,39225
2025.10.01 08:00,3864.79,3895.23,3853.25,3892.91,49922
2025.10.01 12:00,3892.92,3894.96,3864.47,3870.38,52037
2025.10.01 16:00,3870.35,3878.58,3856.28,3870.76,76826
2025.10.01 20:00,3870.78,3871.72,3854.93,3865.47,40265
2025.10.02 00:00,3866.61,3870.49,3855.86,3855.96,18556
2025.10.02 04:00,3855.9,3869.9,3852.73,3864.09,27039
2025.10.02 08:00,3864.07,3878.6,3861.58,3874.42,36119
2025.10.02 12:00,3874.4,3891.99,3873.26,3884.34,40869
2025.10.02 16:00,3884.32,3896.7,3819.2,3844.73,95459
2025.10.02 20:00,3844.74,3859.25,3840.44,3856.38,40130
2025.10.03 00:00,3856.23,3863.57,3851.9,3856.78,14977
2025.10.03 04:00,3856.68,3862.55,3837.93,3843.88,36811
2025.10.03 08:00,3844.08,3865.52,3843.81,3864.73,33104
2025.10.03 12:00,3864.58,3874.88,3854.62,3873.73,39657
2025.10.03 16:00,3874.04,3891.56,3866.28,3883.57,74226
2025.10.03 20:00,3883.6,3889.09,3876.81,3886.78,40876
2025.10.06 00:00,3888.6,3920.56,3883.96,3900.2,37445
2025.10.06 04:00,3900.22,3940.23,3899.6,3938.55,43973
2025.10.06 08:00,3938.52,3949.55,3922.19,3942.34,58955
2025.10.06 12:00,3942.45,3946.46,3926.43,3934.01,54513
2025.10.06 16:00,3934.16,3969.98,3927.16,3953.98,77527
2025.10.06 20:00,3954.07,3964.86,3951.04,3960.85,35637
2025.10.07 00:00,3960.08,3977.25,3958.23,3962.57,33456
2025.10.07 04:00,3962.6,3976.87,3955.76,3975.82,37655
2025.10.07 08:00,3975.68,3976.75,3940.76,3951.2,58598
2025.10.07 12:00,3951.19,3979.87,3950.98,3979.3,45857
2025.10.07 16:00,3979.19,3990.9,3961.67,3976.58,88863
2025.10.07 20:00,3976.66,3987.58,3974.07,3984.35,45914
2025.10.08 00:00,3984.66,3999.14,3982.93,3992.18,20973
2025.10.08 04:00,3992.17,4027.11,3984.31,4026.62,46826
2025.10.08 08:00,4026.48,4040.36,4021.11,4036.25,50978
2025.10.08 12:00,4036.26,4049.47,4030.63,4039.94,52345
2025.10.08 16:00,4039.93,4059.08,4026.15,4056.5,77998
2025.10.08 20:00,4056.48,4057.94,4031.95,4041.45,56782
2025.10.09 00:00,4042.62,4045.12,4001.15,4022.83,36833
2025.10.09 04:00,4022.78,4040.99,4002.47,4038.81,60856
2025.10.09 08:00,4038.79,4043.57,4022.53,4038.06,53172
2025.10.09 12:00,4038.07,4053.6,4033.43,4053.35,45376
2025.10.09 16:00,4053.41,4057.83,3963.89,3968.92,109242
2025.10.09 20:00,3969.02,3981.89,3944.45,3976.05,71547
2025.10.10 00:00,3975.21,3994.31,3958.53,3990.95,26604
2025.10.10 04:00,3990.88,3992.24,3946.88,3966.11,60086
2025.10.10 08:00,3966.09,3994.5,3952.52,3991.91,70008
2025.10.10 12:00,3991.92,4006.6,3980.0,3985.61,65535
2025.10.10 16:00,3985.57,4022.62,3970.6,3983.3,110666
2025.10.10 20:00,3983.51,4021.15,3975.07,4010.28,76732
2025.10.13 00:00,4008.1,4059.84,4000.36,4043.71,46090
2025.10.13 04:00,4043.83,4059.28,4035.7,4056.08,50964
2025.10.13 08:00,4056.06,4079.01,4055.38,4077.65,57037
2025.10.13 12:00,4077.64,4085.89,4070.16,4079.57,49600
2025.10.13 16:00,4079.74,4116.97,4078.1,4105.56,74918
2025.10.13 20:00,4105.58,4115.29,4090.65,4110.49,45311
2025.10.14 00:00,4111.05,4131.79,4106.43,4124.34,28660
2025.10.14 04:00,4124.32,4169.88,4123.26,4167.92,66606
2025.10.14 08:00,4167.9,4179.61,4090.22,4143.75,89317
2025.10.14 12:00,4143.72,4144.24,4103.27,4106.49,67301
2025.10.14 16:00,4106.46,4155.2,4097.66,4140.21,93437
2025.10.14 20:00,4140.22,4152.84,4134.4,4141.93,54505
2025.10.15 00:00,4142.6,4169.52,4140.39,4162.37,27167
2025.10.15 04:00,4162.32,4190.83,4161.97,4179.67,53073
2025.10.15 08:00,4179.62,4218.18,4176.6,4208.09,49024
2025.10.15 12:00,4208.21,4212.01,4164.2,4190.5,58310
2025.10.15 16:00,4190.45,4212.24,4179.7,4198.85,77968
2025.10.15 20:00,4198.87,4213.34,4182.5,4208.12,50760
2025.10.16 00:00,4209.61,4227.22,4199.47,4210.45,26842
2025.10.16 04:00,4210.45,4242.2,4210.45,4233.52,49096
2025.10.16 08:00,4233.34,4235.89,4203.43,4232.77,56979
2025.10.16 12:00,4232.85,4250.88,4221.91,4235.89,48612
2025.10.16 16:00,4235.85,4291.92,4234.79,4282.53,87208
2025.10.16 20:00,4282.51,4330.56,4273.2,4325.93,69314
2025.10.17 00:00,4332.74,4379.96,4326.94,4357.96,47180
2025.10.17 04:00,4357.68,4377.04,4278.6,4376.19,78924
2025.10.17 08:00,4376.18,4378.58,4312.8,4347.62,83187
2025.10.17 12:00,4347.45,4348.2,4283.43,4314.31,76973
2025.10.17 16:00,4314.43,4317.68,4200.4,4204.64,110058
2025.10.17 20:00,4204.69,4252.4,4186.19,4250.44,70669
2025.10.20 00:00,4252.44,4274.49,4218.93,4249.29,45674
2025.10.20 04:00,4249.37,4271.06,4229.24,4266.06,60340
2025.10.20 08:00,4265.6,4266.48,4221.2,4258.5,62907
2025.10.20 12:00,4258.54,4327.13,4245.6,4323.47,59065
2025.10.20 16:00,4323.79,4355.44,4292.68,4347.65,86092
2025.10.20 20:00,4347.59,4381.35,4337.16,4356.31,55376
2025.10.21 00:00,4355.51,4375.21,4352.96,4368.61,31444
2025.10.21 04:00,4368.62,4372.16,4332.76,4341.93,57267
2025.10.21 08:00,4341.89,4344.11,4244.82,4273.89,79632
2025.10.21 12:00,4274.04,4277.89,4205.64,4210.94,74720
2025.10.21 16:00,4211.08,4225.28,4081.95,4113.32,111791
2025.10.21 20:00,4113.28,4130.81,4093.8,4125.03,69199
2025.10.22 00:00,4124.73,4132.28,4004.09,4074.93,46090
2025.10.22 04:00,4074.92,4143.24,4064.27,4127.98,61864
2025.10.22 08:00,4127.99,4161.3,4056.25,4070.31,74801
2025.10.22 12:00,4070.35,4101.43,4014.89,4033.59,80995
2025.10.22 16:00,4033.65,4085.2,4010.84,4059.04,105918
2025.10.22 20:00,4058.78,4113.5,4043.96,4098.37,64105
2025.10.23 00:00,4095.35,4115.82,4066.06,4081.72,39854
2025.10.23 04:00,4081.87,4100.54,4071.68,4089.61,52568
2025.10.23 08:00,4089.6,4137.52,4083.92,4116.22,62885
2025.10.23 12:00,4116.32,4129.13,4100.0,4126.9,53668
2025.10.23 16:00,4127.07,4154.59,4125.29,4132.79,76789
2025.10.23 20:00,4132.5,4143.39,4107.4,4125.81,42323
2025.10.24 00:00,4126.89,4133.58,4105.95,4132.51,20314
2025.10.24 04:00,4132.59,4144.36,4102.64,4111.53,45076
2025.10.24 08:00,4111.78,4117.87,4047.29,4065.23,54242
2025.10.24 12:00,4065.09,4092.91,4044.23,4082.1,58199
2025.10.24 16:00,4082.07,4138.53,4078.94,4129.18,83255
2025.10.24 20:00,4129.42,4134.06,4096.52,4112.99,51396
2025.10.27 00:00,4102.38,4108.79,4058.22,4081.78,55882
2025.10.27 04:00,4081.68,4084.46,4053.52,4079.56,46293
2025.10.27 08:00,4079.5,4084.67,4024.76,4039.67,57654
2025.10.27 12:00,4039.6,4050.26,4013.17,4021.86,70165
2025.10.27 16:00,4021.93,4023.3,3971.19,4006.46,78835
2025.10.27 20:00,4006.45,4010.03,3979.13,3981.42,36523
2025.10.28 00:00,3986.65,4019.69,3972.91,4010.85,38598
2025.10.28 04:00,4010.87,4013.73,3959.04,3966.28,50816
2025.10.28 08:00,3966.26,3968.25,3886.29,3904.58,69999
2025.10.28 12:00,3904.55,3940.23,3899.88,3938.63,69141
2025.10.28 16:00,3938.62,3970.17,3934.71,3962.21,70831
2025.10.28 20:00,3962.16,3963.93,3945.07,3952.63,32548
2025.10.29 00:00,3953.22,3982.12,3916.45,3973.57,49919
2025.10.29 04:00,3973.46,3974.17,3943.87,3962.54,50563
2025.10.29 08:00,3962.53,4029.54,3959.83,4023.75,63333
2025.10.29 12:00,4023.78,4029.99,4002.3,4012.33,67926
2025.10.29 16:00,4012.36,4022.07,3985.59,3994.56,61524
2025.10.29 20:00,3994.53,4007.32,3927.65,3930.26,70593
2025.10.30 00:00,3931.13,3966.47,3915.96,3947.86,52855
2025.10.30 04:00,3947.88,3982.37,3915.33,3963.73,75927
2025.10.30 08:00,3963.77,4011.6,3955.8,3998.38,76066
2025.10.30 12:00,3998.42,4000.7,3960.45,3995.11,81546
2025.10.30 16:00,3995.12,4017.79,3986.65,4004.31,80470
2025.10.30 20:00,4004.33,4026.95,3999.95,4024.2,36064
2025.10.31 00:00,4023.31,4046.23,4012.52,4018.78,59405
2025.10.31 04:00,4018.35,4019.13,3988.87,4004.88,66562
2025.10.31 08:00,4004.91,4026.49,3998.68,4008.22,61200
2025.10.31 12:00,4008.32,4036.13,4001.59,4016.34,62767
2025.10.31 16:00,4016.5,4027.11,3972.35,3997.4,81654
2025.10.31 20:00,3997.41,4009.81,3990.98,4001.5,31806
2025.11.03 00:00,3983.44,4001.73,3962.51,3995.83,42148
2025.11.03 04:00,3995.81,4018.19,3990.16,4013.79,49351
2025.11.03 08:00,4013.77,4027.97,3993.02,4000.36,55068
2025.11.03 12:00,4000.52,4020.22,3994.29,4015.97,57874
2025.11.03 16:00,4015.98,4030.36,3995.21,4006.01,80957
2025.11.03 20:00,4006.0,4014.82,3995.17,4001.21,42513
2025.11.04 00:00,4003.29,4005.64,3978.39,3987.31,34364
2025.11.04 04:00,3987.3,3999.21,3972.56,3973.14,47075
2025.11.04 08:00,3973.16,4000.5,3966.45,3991.07,48147
2025.11.04 12:00,3991.02,3999.9,3971.68,3975.64,49476
2025.11.04 16:00,3975.62,3977.61,3928.64,3954.94,78503
2025.11.04 20:00,3954.95,3956.71,3930.29,3931.84,49214
2025.11.05 00:00,3932.61,3949.33,3929.58,3936.92,29260
2025.11.05 04:00,3936.85,3978.38,3935.49,3964.88,45651
2025.11.05 08:00,3964.91,3986.92,3961.72,3971.71,39735
2025.11.05 12:00,3971.69,3979.29,3956.07,3975.71,38338
2025.11.05 16:00,3975.69,3990.25,3964.03,3981.91,62070
2025.11.05 20:00,3981.89,3990.03,3977.82,3978.95,29692
2025.11.06 00:00,3972.26,3980.75,3964.41,3976.48,26930
2025.11.06 04:00,3976.5,3990.56,3974.1,3987.5,30503
2025.11.06 08:00,3987.56,4016.7,3982.19,4010.93,42901
2025.11.06 12:00,4010.96,4019.48,4002.6,4012.08,43034
2025.11.06 16:00,4012.25,4013.79,3965.54,3986.12,87763
2025.11.06 20:00,3986.08,3995.06,3976.65,3976.98,53970
2025.11.07 00:00,3977.43,4002.58,3974.53,4001.63,22150
2025.11.07 04:00,4001.61,4003.17,3985.48,3994.86,28943
2025.11.07 08:00,3994.88,4014.08,3992.1,4006.53,28713
2025.11.07 12:00,4006.56,4011.73,3991.61,3997.61,40254
2025.11.07 16:00,3997.6,4027.31,3984.05,4005.32,75999
2025.11.07 20:00,4005.43,4009.01,3994.4,4001.22,43896
2025.11.10 00:00,4000.93,4053.24,3997.83,4043.88,33343
2025.11.10 04:00,4043.86,4069.8,4037.56,4069.34,37957
2025.11.10 08:00,4069.37,4086.15,4066.89,4076.47,41485
2025.11.10 12:00,4076.46,4105.77,4075.66,4091.48,46210
2025.11.10 16:00,4091.5,4102.57,4074.22,4102.45,70274
2025.11.10 20:00,4102.39,4116.44,4101.44,4115.75,42117
2025.11.11 00:00,4116.12,4141.11,4114.06,4136.16,30117
2025.11.11 04:00,4136.14,4148.94,4124.62,4130.89,39582
2025.11.11 08:00,4130.88,4145.93,4124.85,4141.71,39125
2025.11.11 12:00,4141.7,4146.53,4133.06,4142.46,38040
2025.11.11 16:00,4142.49,4143.14,4096.95,4114.23,68030
2025.11.11 20:00,4114.25,4131.68,4106.45,4126.6,34805
2025.11.12 00:00,4126.79,4145.38,4126.21,4131.34,34121
2025.11.12 04:00,4131.29,4135.25,4098.72,4104.51,45226
2025.11.12 08:00,4104.5,4133.43,4103.08,4124.52,49180
2025.11.12 12:00,4124.54,4139.23,4117.78,4127.02,51240
2025.11.12 16:00,4127.03,4206.36,4124.91,4199.2,91705
2025.11.12 20:00,4199.21,4211.67,4190.37,4195.47,59197
2025.11.13 00:00,4196.19,4209.11,4179.74,4192.16,41952
2025.11.13 04:00,4192.11,4219.28,4183.3,4211.87,60211
2025.11.13 08:00,4211.78,4239.35,4203.1,4233.07,52826
2025.11.13 12:00,4233.06,4245.04,4218.97,4231.54,57502
2025.11.13 16:00,4231.57,4232.19,4184.25,4201.6,93944
2025.11.13 20:00,4201.7,4203.09,4145.18,4171.3,66987
2025.11.14 00:00,4171.49,4193.79,4169.97,4189.77,41911
2025.11.14 04:00,4189.76,4211.18,4183.77,4189.77,56831
2025.11.14 08:00,4189.81,4193.23,4158.64,4169.29,65316
2025.11.14 12:00,4169.28,4170.94,4041.12,4055.73,77064
2025.11.14 16:00,4055.56,4111.0,4031.93,4099.76,92104
2025.11.14 20:00,4099.76,4103.5,4075.38,4084.77,51221
2025.11.17 00:00,4086.77,4106.43,4072.85,4091.11,41332
2025.11.17 04:00,4090.99,4093.62,4049.56,4058.18,51136
2025.11.17 08:00,4058.21,4095.78,4054.6,4081.98,46840
2025.11.17 12:00,4082.01,4092.13,4060.23,4065.24,47669
2025.11.17 16:00,4065.05,4081.79,4052.11,4073.24,73596
2025.11.17 20:00,4073.25,4076.01,4006.78,4045.49,59911
2025.11.18 00:00,4044.66,4054.94,4022.23,4024.87,37444
2025.11.18 04:00,4024.86,4035.68,4004.6,4018.79,51141
2025.11.18 08:00,4018.88,4047.07,3997.76,4040.09,52073
2025.11.18 12:00,4040.07,4070.12,4029.06,4065.06,51741
2025.11.18 16:00,4065.16,4081.68,4040.32,4071.4,83171
2025.11.18 20:00,4071.3,4082.18,4062.99,4067.36,46323
2025.11.19 00:00,4068.23,4078.4,4056.19,4058.94,26997
2025.11.19 04:00,4059.0,4097.27,4055.35,4095.37,47310
2025.11.19 08:00,4095.38,4116.15,4078.15,4113.15,43819
2025.11.19 12:00,4113.22,4119.74,4100.67,4110.52,47824
2025.11.19 16:00,4110.58,4132.73,4055.44,4078.7,93171
2025.11.19 20:00,4078.66,4091.16,4065.46,4077.72,59436
2025.11.20 00:00,4078.96,4110.01,4078.8,4081.34,36236
2025.11.20 04:00,4081.17,4085.42,4041.22,4066.52,55023
2025.11.20 08:00,4066.43,4077.63,4038.66,4064.02,58938
2025.11.20 12:00,4064.03,4095.96,4050.91,4080.01,58077
2025.11.20 16:00,4080.0,4107.0,4043.62,4065.88,106360
2025.11.20 20:00,4065.79,4086.98,4056.18,4077.14,59441
2025.11.21 00:00,4074.34,4088.82,4060.31,4068.42,34186
2025.11.21 04:00,4068.39,4079.85,4039.56,4058.37,59049
2025.11.21 08:00,4058.4,4064.61,4022.17,4050.39,68466
2025.11.21 12:00,4050.3,4080.92,4030.91,4079.51,74902
2025.11.21 16:00,4079.6,4100.99,4055.01,4085.45,92595
2025.11.21 20:00,4085.35,4092.04,4054.48,4065.8,55379
2025.11.24 00:00,4071.72,4077.45,4042.56,4044.08,34371
2025.11.24 04:00,4044.07,4061.1,4039.89,4046.25,54058
2025.11.24 08:00,4046.26,4074.06,4045.33,4071.79,50727
2025.11.24 12:00,4071.8,4085.66,4063.07,4077.54,44434
2025.11.24 16:00,4077.53,4100.34,4068.07,4092.79,63260
2025.11.24 20:00,4092.81,4139.81,4087.82,4134.54,42836
2025.11.25 00:00,4133.53,4144.37,4122.41,4134.6,37848
2025.11.25 04:00,4134.56,4155.81,4132.58,4150.81,47099
2025.11.25 08:00,4150.83,4151.98,4109.44,4128.25,55638
2025.11.25 12:00,4128.26,4150.59,4115.88,4147.5,52194
2025.11.25 16:00,4147.47,4159.11,4110.76,4145.95,70884
2025.11.25 20:00,4145.99,4150.78,4127.54,4130.54,40013
2025.11.26 00:00,4132.14,4152.68,4129.7,4148.24,26859
2025.11.26 04:00,4148.25,4169.14,4147.15,4162.1,46291
2025.11.26 08:00,4162.0,4168.33,4146.53,4162.6,42490
2025.11.26 12:00,4162.68,4173.3,4148.64,4153.18,46924
2025.11.26 16:00,4153.21,4169.71,4136.98,4167.1,57392
2025.11.26 20:00,4167.1,4171.42,4157.91,4163.72,33294
2025.11.27 00:00,4164.96,4168.39,4148.4,4154.09,27212
2025.11.27 04:00,4154.17,4156.04,4142.59,4146.85,39521
2025.11.27 08:00,4146.86,4167.25,4146.7,4158.48,42796
2025.11.27 12:00,4158.49,4162.27,4149.03,4154.84,33091
2025.11.27 16:00,4154.88,4161.66,4151.28,4157.66,28211
2025.11.27 20:00,4157.65,4160.18,4155.6,4157.76,5253
2025.11.28 00:00,4157.64,4193.08,4157.41,4190.95,24982
2025.11.28 04:00,4190.93,4191.77,4174.1,4182.33,18642
2025.11.28 08:00,4182.26,4188.65,4152.02,4166.7,23041
2025.11.28 12:00,4166.69,4182.64,4160.45,4182.28,29278
2025.11.28 16:00,4182.45,4216.9,4182.45,4216.79,60357
2025.11.28 20:00,4216.83,4226.54,4210.9,4219.97,19186
2025.12.01 00:00,4222.03,4256.05,4205.63,4255.29,50612
2025.12.01 04:00,4255.3,4256.47,4215.38,4229.45,70619
2025.12.01 08:00,4229.44,4253.48,4226.2,4249.81,56383
2025.12.01 12:00,4249.8,4264.36,4244.09,4247.16,60985
2025.12.01 16:00,4247.14,4249.2,4219.51,4232.16,85935
2025.12.01 20:00,4232.41,4244.51,4229.06,4232.1,49202
2025.12.02 00:00,4231.92,4235.84,4191.16,4219.29,38149
2025.12.02 04:00,4219.3,4226.3,4213.77,4224.83,51189
2025.12.02 08:00,4224.8,4226.1,4180.99,4191.92,50119
2025.12.02 12:00,4191.88,4215.11,4182.24,4212.3,46313
2025.12.02 16:00,4212.26,4230.64,4163.81,4193.71,84933
2025.12.02 20:00,4193.67,4212.25,4183.16,4205.5,39398
2025.12.03 00:00,4208.31,4220.83,4202.39,4214.36,41895
2025.12.03 04:00,4214.34,4228.76,4203.22,4207.64,47573
2025.12.03 08:00,4207.65,4211.71,4196.9,4202.04,44063
2025.12.03 12:00,4202.01,4238.21,4194.53,4237.01,51459
2025.12.03 16:00,4236.95,4241.31,4195.75,4210.94,82981
2025.12.03 20:00,4210.99,4212.76,4194.96,4203.05,42447
2025.12.04 00:00,4203.73,4216.71,4202.63,4209.1,34740
2025.12.04 04:00,4209.11,4209.15,4174.76,4180.83,59043
2025.12.04 08:00,4180.88,4202.16,4178.55,4199.69,63287
2025.12.04 12:00,4199.68,4206.42,4185.29,4198.21,55592
2025.12.04 16:00,4198.21,4219.24,4191.29,4216.39,74133
2025.12.04 20:00,4216.31,4217.29,4199.43,4208.68,47207
2025.12.05 00:00,4208.12,4210.3,4194.57,4203.0,31579
2025.12.05 04:00,4202.97,4221.17,4196.54,4220.35,48439
2025.12.05 08:00,4220.34,4230.61,4215.69,4223.16,44498
2025.12.05 12:00,4223.17,4238.71,4219.89,4234.34,41739
2025.12.05 16:00,4234.33,4259.11,4198.47,4217.35,86258
2025.12.05 20:00,4217.29,4219.06,4191.86,4198.57,52933
2025.12.08 00:00,4199.55,4211.66,4195.47,4201.09,38613
2025.12.08 04:00,4201.11,4217.07,4198.4,4216.92,50307
2025.12.08 08:00,4216.91,4218.91,4202.97,4207.81,47098
2025.12.08 12:00,4207.8,4215.32,4197.82,4201.6,46679
2025.12.08 16:00,4201.68,4211.56,4176.03,4194.73,71557
2025.12.08 20:00,4194.79,4195.55,4184.12,4190.46,38738
2025.12.09 00:00,4191.28,4197.19,4188.66,4196.09,29590
2025.12.09 04:00,4196.08,4198.62,4177.92,4179.55,48438
2025.12.09 08:00,4179.57,4212.71,4169.86,4202.67,58959
2025.12.09 12:00,4202.92,4208.17,4195.58,4201.19,52717
2025.12.09 16:00,4201.39,4221.17,4189.37,4202.96,80173
2025.12.09 20:00,4202.9,4215.94,4201.17,4208.12,56272
2025.12.10 00:00,4208.37,4217.89,4206.74,4213.64,30747
2025.12.10 04:00,4213.51,4218.6,4201.63,4211.2,44670
2025.12.10 08:00,4211.15,4211.55,4192.48,4194.3,51912
2025.12.10 12:00,4194.29,4204.99,4187.73,4200.49,53107
2025.12.10 16:00,4200.54,4206.92,4188.81,4199.52,68673
2025.12.10 20:00,4199.56,4238.51,4181.87,4228.5,72771
2025.12.11 00:00,4228.37,4247.4,4223.94,4238.23,36897
2025.12.11 04:00,4238.19,4240.72,4205.96,4207.3,57136
2025.12.11 08:00,4207.31,4221.39,4204.14,4218.3,48481
2025.12.11 12:00,4218.31,4225.73,4205.19,4220.73,48923
2025.12.11 16:00,4220.75,4281.6,4217.75,4278.55,85212
2025.12.11 20:00,4278.54,4285.77,4262.92,4279.48,47212
2025.12.12 00:00,4279.96,4283.27,4264.41,4270.88,35010
2025.12.12 04:00,4270.8,4280.38,4265.82,4278.76,47988
2025.12.12 08:00,4278.93,4320.09,4276.48,4318.15,54637
2025.12.12 12:00,4318.13,4346.02,4314.53,4340.88,64295
2025.12.12 16:00,4340.87,4353.3,4257.0,4294.25,106312
2025.12.12 20:00,4294.25,4304.04,4288.41,4300.81,52587
2025.12.15 00:00,4300.59,4325.54,4294.51,4322.43,35680
2025.12.15 04:00,4322.37,4344.25,4319.18,4343.46,53233
2025.12.15 08:00,4343.45,4350.0,4333.26,4342.3,47854
2025.12.15 12:00,4342.39,4348.26,4330.58,4332.01,48701
2025.12.15 16:00,4332.02,4336.57,4285.18,4304.39,91485
2025.12.15 20:00,4304.44,4317.53,4299.41,4304.9,42359
2025.12.16 00:00,4306.19,4317.78,4299.04,4308.72,37545
2025.12.16 04:00,4308.7,4312.09,4271.14,4283.91,64097
2025.12.16 08:00,4283.92,4291.97,4275.26,4280.31,50329
2025.12.16 12:00,4280.35,4313.25,4273.68,4312.95,49922
2025.12.16 16:00,4313.0,4334.93,4291.2,4303.44,80712
2025.12.16 20:00,4303.36,4315.72,4296.74,4302.14,47066
2025.12.17 00:00,4303.08,4326.57,4301.08,4326.5,31223
2025.12.17 04:00,4326.49,4342.3,4311.02,4333.78,54377
2025.12.17 08:00,4333.79,4337.49,4308.61,4316.75,50622
2025.12.17 12:00,4316.67,4343.96,4306.58,4341.97,46498
2025.12.17 16:00,4341.95,4348.6,4319.98,4342.39,95270
2025.12.17 20:00,4342.43,4346.37,4328.7,4338.08,50416
2025.12.18 00:00,4340.28,4342.99,4324.3,4331.45,34899
2025.12.18 04:00,4331.42,4337.65,4328.38,4333.19,55542
2025.12.18 08:00,4333.21,4337.59,4320.69,4323.45,45588
2025.12.18 12:00,4323.4,4342.9,4314.57,4336.39,42785
2025.12.18 16:00,4336.4,4374.44,4308.64,4333.29,98547
2025.12.18 20:00,4333.33,4341.11,4322.52,4332.58,58400
2025.12.19 00:00,4333.31,4336.8,4308.98,4323.11,26484
2025.12.19 04:00,4323.19,4328.8,4312.54,4325.83,40463
2025.12.19 08:00,4325.86,4333.5,4320.93,4329.31,41085
2025.12.19 12:00,4329.28,4335.22,4320.58,4328.19,47488
2025.12.19 16:00,4328.2,4355.84,4319.62,4353.23,77506
2025.12.19 20:00,4353.17,4356.35,4336.42,4339.22,34377
2025.12.22 00:00,4339.7,4384.77,4337.87,4382.91,33137
2025.12.22 04:00,4382.86,4409.34,4378.4,4400.02,42207
2025.12.22 08:00,4399.99,4420.44,4398.72,4410.96,37802
2025.12.22 12:00,4411.02,4427.28,4405.94,4423.68,43271
2025.12.22 16:00,4423.68,4442.03,4411.86,4438.33,63168
2025.12.22 20:00,4438.59,4448.84,4428.64,4443.65,27856
2025.12.23 00:00,4447.58,4490.59,4445.21,4486.55,33759
2025.12.23 04:00,4486.52,4497.51,4474.67,4474.99,52655
2025.12.23 08:00,4474.91,4492.99,4469.19,4480.31,46324
2025.12.23 12:00,4480.34,4497.22,4473.18,4479.0,49571
2025.12.23 16:00,4479.09,4479.74,4430.32,4472.61,85753
2025.12.23 20:00,4472.85,4499.67,4472.51,4484.62,39356
2025.12.24 00:00,4487.01,4525.75,4484.16,4518.54,41787
2025.12.24 04:00,4518.57,4518.97,4469.37,4488.24,59094
2025.12.24 08:00,4488.25,4498.26,4478.17,4494.48,52030
2025.12.24 12:00,4494.44,4499.64,4474.47,4487.76,51506
2025.12.24 16:00,4487.82,4489.3,4448.18,4480.5,87590
2025.12.26 08:00,4509.87,4520.38,4507.02,4512.56,49883
2025.12.26 12:00,4512.52,4528.68,4502.77,4525.02,57028
2025.12.26 16:00,4525.0,4549.94,4509.74,4518.94,93855
2025.12.26 20:00,4518.91,4535.65,4514.46,4532.33,61296
2025.12.29 00:00,4539.6,4549.57,4472.06,4497.01,67234
2025.12.29 04:00,4496.99,4520.22,4496.2,4506.52,54783
2025.12.29 08:00,4506.32,4510.44,4444.79,4471.89,70773
2025.12.29 12:00,4471.88,4474.41,4407.03,4421.65,64545
2025.12.29 16:00,4420.99,4421.06,4302.89,4327.98,101916
2025.12.29 20:00,4327.99,4344.47,4322.83,4331.68,55074
2025.12.30 00:00,4333.32,4360.05,4323.07,4360.03,41000
2025.12.30 04:00,4360.09,4380.25,4348.59,4377.62,53214
2025.12.30 08:00,4377.62,4383.33,4350.13,4371.88,63474
2025.12.30 12:00,4371.82,4404.34,4367.48,4388.21,66655
2025.12.30 16:00,4388.23,4392.0,4354.64,4370.17,87039
2025.12.30 20:00,4370.19,4378.47,4334.51,4338.48,56739
2025.12.31 00:00,4340.65,4373.18,4328.68,4365.93,43558
2025.12.31 04:00,4365.95,4371.07,4276.26,4285.57,77025
2025.12.31 08:00,4285.59,4337.2,4274.15,4325.54,62156
2025.12.31 12:00,4325.52,4348.04,4302.9,4345.68,57639
2025.12.31 16:00,4345.68,4353.14,4316.93,4321.74,79702
2026.01.02 08:00,4380.64,4397.33,4371.98,4385.34,47264
2026.01.02 12:00,4385.32,4402.23,4361.88,4365.86,53293
2026.01.02 16:00,4365.96,4373.57,4314.98,4322.95,88464
2026.01.02 20:00,4322.92,4333.16,4309.86,4331.54,52395
2026.01.05 00:00,4350.7,4420.84,4344.99,4401.69,51913
2026.01.05 04:00,4401.73,4414.24,4388.55,4412.58,60758
2026.01.05 08:00,4412.5,4437.87,4411.32,4434.66,53466
2026.01.05 12:00,4434.64,4439.81,4396.08,4416.76,63678
2026.01.05 16:00,4416.76,4455.67,4416.76,4443.34,80849
2026.01.05 20:00,4443.38,4449.32,4434.71,4448.87,40838
2026.01.06 00:00,4449.59,4459.95,4427.79,4450.46,37726
2026.01.06 04:00,4450.51,4474.05,4448.59,4452.45,58154
2026.01.06 08:00,4452.52,4475.76,4444.7,4446.27,55022
2026.01.06 12:00,4446.29,4470.22,4442.39,4467.86,55097
2026.01.06 16:00,4467.85,4491.41,4463.03,4489.33,77830
2026.01.06 20:00,4489.03,4497.15,4477.13,4494.64,42828
2026.01.07 00:00,4495.34,4500.31,4460.98,4465.45,41153
2026.01.07 04:00,4465.45,4480.16,4443.2,4454.32,64549
2026.01.07 08:00,4454.31,4474.9,4441.3,4463.24,54452
2026.01.07 12:00,4463.23,4467.6,4427.64,4452.81,61438
2026.01.07 16:00,4452.71,4468.22,4423.39,4451.75,80846
2026.01.07 20:00,4451.56,4461.48,4445.23,4456.35,47143
2026.01.08 00:00,4459.42,4466.21,4441.65,4448.36,38364
2026.01.08 04:00,4448.33,4449.5,4415.54,4425.41,71400
2026.01.08 08:00,4425.39,4439.53,4415.77,4432.51,62240
2026.01.08 12:00,4432.51,4435.86,4407.52,4423.64,59889
2026.01.08 16:00,4423.63,4465.37,4418.81,4463.32,81160
2026.01.08 20:00,4463.11,4479.45,4444.53,4477.26,46446
2026.01.09 00:00,4480.28,4483.71,4452.76,4468.77,35127
2026.01.09 04:00,4468.68,4476.27,4458.12,4467.96,48570
2026.01.09 08:00,4467.98,4477.38,4463.93,4471.11,43869
2026.01.09 12:00,4471.07,4491.67,4459.0,4482.58,49593
2026.01.09 16:00,4482.66,4516.94,4478.89,4484.49,82133
2026.01.09 20:00,4483.8,4511.28,4482.88,4509.06,42545
2026.01.12 00:00,4511.39,4600.89,4511.39,4569.91,55297
2026.01.12 04:00,4569.9,4584.82,4561.47,4580.63,61635
2026.01.12 08:00,4580.62,4599.21,4569.69,4588.93,58121
2026.01.12 12:00,4588.99,4620.14,4578.31,4615.65,55427
2026.01.12 16:00,4615.68,4629.99,4584.95,4616.22,82333
2026.01.12 20:00,4616.27,4618.75,4589.19,4597.37,50100
2026.01.13 00:00,4600.88,4607.75,4575.35,4577.8,42146
2026.01.13 04:00,4577.49,4601.88,4576.58,4591.98,52665
2026.01.13 08:00,4591.97,4597.11,4573.6,4585.97,47530
2026.01.13 12:00,4586.01,4620.72,4577.67,4611.41,50863
2026.01.13 16:00,4611.25,4634.41,4586.62,4590.29,82385
2026.01.13 20:00,4590.2,4601.79,4569.74,4586.33,55319
2026.01.14 00:00,4588.31,4619.91,4588.14,4619.06,37369
2026.01.14 04:00,4619.15,4639.55,4613.25,4619.41,56671
2026.01.14 08:00,4619.46,4639.47,4618.18,4630.31,55891
2026.01.14 12:00,4630.33,4641.63,4624.27,4635.6,56884
2026.01.14 16:00,4635.71,4638.81,4599.35,4614.16,94084
2026.01.14 20:00,4613.7,4642.77,4612.68,4626.44,63799
2026.01.15 00:00,4630.28,4632.63,4583.49,4599.89,49773
2026.01.15 04:00,4599.86,4614.5,4580.96,4595.08,68628
2026.01.15 08:00,4595.15,4613.38,4593.51,4612.48,56283
2026.01.15 12:00,4612.43,4623.01,4582.21,4588.13,57182
2026.01.15 16:00,4588.14,4624.7,4583.13,4616.39,81247
2026.01.15 20:00,4616.36,4621.33,4600.58,4615.78,51130
2026.01.16 00:00,4616.58,4620.68,4593.68,4600.49,42304
2026.01.16 04:00,4600.49,4616.11,4591.06,4611.3,55408
2026.01.16 08:00,4611.28,4612.14,4594.02,4600.65,47162
2026.01.16 12:00,4600.57,4615.87,4582.25,4601.76,49442
2026.01.16 16:00,4601.79,4620.03,4536.41,4581.23,89760
2026.01.16 20:00,4580.94,4598.2,4579.86,4596.51,49593
2026.01.19 00:00,4628.59,4690.42,4620.04,4657.03,55664
2026.01.19 04:00,4657.01,4674.32,4653.06,4669.83,49743
2026.01.19 08:00,4669.84,4679.05,4661.5,4668.32,43592
2026.01.19 12:00,4668.28,4673.68,4659.6,4665.99,37519
2026.01.19 16:00,4665.98,4678.68,4661.41,4676.06,39385
2026.01.19 20:00,4676.05,4680.12,4667.97,4669.99,9675
2026.01.20 00:00,4672.16,4676.78,4659.37,4669.59,30725
2026.01.20 04:00,4669.58,4716.52,4665.35,4714.34,52822
2026.01.20 08:00,4714.38,4737.28,4705.38,4732.32,54684
2026.01.20 12:00,4732.34,4738.25,4714.79,4737.03,56735
2026.01.20 16:00,4737.05,4762.47,4722.25,4758.92,81915
2026.01.20 20:00,4758.9,4766.28,4747.25,4763.46,49676
2026.01.21 00:00,4762.9,4844.17,4757.63,4835.19,39768
2026.01.21 04:00,4835.32,4878.11,4817.08,4869.81,61988
2026.01.21 08:00,4869.87,4888.52,4832.42,4860.31,60919
2026.01.21 12:00,4860.23,4880.1,4855.09,4879.19,49240
2026.01.21 16:00,4879.21,4880.76,4802.4,4826.2,103900
2026.01.21 20:00,4825.98,4853.77,4755.57,4831.16,77848
2026.01.22 00:00,4835.34,4835.34,4772.37,4797.8,44609
2026.01.22 04:00,4797.63,4821.39,4774.67,4821.21,57023
2026.01.22 08:00,4821.19,4838.06,4813.85,4822.96,49591
2026.01.22 12:00,4822.99,4836.12,4810.6,4822.11,48966
2026.01.22 16:00,4821.82,4906.09,4820.31,4904.36,80909
2026.01.22 20:00,4904.33,4940.51,4901.04,4936.24,54154
2026.01.23 00:00,4937.01,4967.15,4930.64,4953.35,40443
2026.01.23 04:00,4953.29,4967.28,4938.08,4960.61,33776
2026.01.23 08:00,4960.58,4963.06,4899.57,4918.58,54564
2026.01.23 12:00,4918.65,4947.85,4911.87,4938.91,53188
2026.01.23 16:00,4938.87,4987.91,4932.65,4965.42,80784
2026.01.23 20:00,4965.43,4989.78,4958.22,4987.96,50704
2026.01.26 00:00,5009.67,5085.37,5001.57,5070.77,60929
2026.01.26 04:00,5070.77,5092.85,5052.17,5074.37,71290
2026.01.26 08:00,5074.26,5111.1,5065.18,5083.94,66620
2026.01.26 12:00,5084.49,5096.83,5054.46,5068.58,64526
2026.01.26 16:00,5068.62,5104.82,5058.35,5100.79,97531
2026.01.26 20:00,5100.91,5103.06,4989.78,5008.08,109316
2026.01.27 00:00,5013.25,5075.66,5012.8,5059.99,53915
2026.01.27 04:00,5059.93,5085.24,5049.33,5082.76,68105
2026.01.27 08:00,5082.82,5100.49,5073.28,5098.45,64506
2026.01.27 12:00,5098.1,5098.17,5066.92,5077.5,66787
2026.01.27 16:00,5077.46,5103.07,5046.71,5081.1,105464
2026.01.27 20:00,5081.14,5190.36,5076.27,5181.0,80221
2026.01.28 00:00,5180.58,5224.96,5157.24,5204.61,58888
2026.01.28 04:00,5204.71,5266.11,5201.64,5261.05,73524
2026.01.28 08:00,5261.11,5311.3,5251.86,5278.04,70228
2026.01.28 12:00,5278.06,5289.39,5238.72,5266.34,67652
2026.01.28 16:00,5266.72,5306.83,5235.69,5297.89,100494
2026.01.28 20:00,5297.85,5419.01,5268.64,5417.68,98114
2026.01.29 00:00,5420.4,5597.84,5419.3,5545.48,79770
2026.01.29 04:00,5545.46,5564.35,5504.05,5562.3,86138
2026.01.29 08:00,5562.43,5595.3,5473.94,5513.94,86910
2026.01.29 12:00,5513.96,5542.82,5470.75,5510.35,78767
2026.01.29 16:00,5510.41,5549.54,5104.45,5334.99,130893
2026.01.29 20:00,5335.04,5425.54,5283.13,5370.76,100227
2026.01.30 00:00,5385.13,5450.76,5290.34,5301.09,69071
2026.01.30 04:00,5301.0,5312.24,5112.07,5184.92,100606
2026.01.30 08:00,5185.2,5205.44,4942.33,5013.67,106287
2026.01.30 12:00,5012.69,5145.54,4992.04,5019.29,95761
2026.01.30 16:00,5019.31,5113.03,4800.78,4849.38,127002
2026.01.30 20:00,4849.41,4947.58,4684.92,4890.34,104237
2026.02.02 00:00,4805.03,4884.67,4583.67,4737.5,80970
2026.02.02 04:00,4737.25,4772.18,4499.06,4549.2,106377
2026.02.02 08:00,4548.94,4731.63,4402.99,4719.68,106855
2026.02.02 12:00,4719.61,4812.34,4657.2,4705.96,95817
2026.02.02 16:00,4706.06,4793.93,4596.61,4673.86,115412
2026.02.02 20:00,4673.92,4712.57,4618.41,4660.72,81464
2026.02.03 00:00,4668.26,4855.93,4665.67,4841.27,69752
2026.02.03 04:00,4840.91,4841.66,4745.49,4824.91,84592
2026.02.03 08:00,4824.95,4947.94,4816.39,4916.0,75317
2026.02.03 12:00,4916.08,4950.83,4883.7,4932.6,68016
2026.02.03 16:00,4932.63,4993.53,4893.7,4929.0,107358
2026.02.03 20:00,4928.98,4963.99,4880.35,4946.89,82746
2026.02.04 00:00,4947.11,5053.4,4909.83,5046.61,61190
2026.02.04 04:00,5046.58,5090.28,5035.28,5079.3,52405
2026.02.04 08:00,5079.34,5091.58,5042.98,5059.88,57192
2026.02.04 12:00,5060.03,5064.2,5013.28,5053.8,58374
2026.02.04 16:00,5054.09,5058.79,4855.07,4897.88,114841
2026.02.04 20:00,4897.76,4970.72,4873.09,4964.75,71806
2026.02.05 00:00,4977.44,5023.73,4935.79,4958.49,56438
2026.02.05 04:00,4958.52,4961.37,4788.72,4896.08,101582
2026.02.05 08:00,4896.06,4943.56,4849.62,4855.05,86830
2026.02.05 12:00,4855.02,4894.31,4801.91,4835.22,94463
2026.02.05 16:00,4835.26,4906.28,4800.45,4868.94,119273
2026.02.05 20:00,4868.7,4875.09,4760.05,4779.55,76247
2026.02.06 00:00,4790.02,4796.0,4654.7,4774.26,76590
2026.02.06 04:00,4774.06,4897.78,4761.12,4897.51,74005
2026.02.06 08:00,4897.48,4903.13,4825.27,4866.59,69022
2026.02.06 12:00,4866.69,4938.11,4851.61,4928.73,59630
2026.02.06 16:00,4929.22,4968.36,4894.22,4960.22,83530
2026.02.06 20:00,4960.23,4971.09,4936.45,4967.36,39669
2026.02.09 00:00,4981.28,5047.18,4964.46,4982.25,53877
2026.02.09 04:00,4982.26,5041.35,4969.05,5036.5,53261
2026.02.09 08:00,5035.98,5045.54,4997.01,5007.57,55976
2026.02.09 12:00,5007.68,5024.52,4982.16,5006.9,53212
2026.02.09 16:00,5006.86,5080.28,5002.15,5046.3,70606
2026.02.09 20:00,5046.17,5086.22,5044.21,5058.41,43660
2026.02.10 00:00,5059.97,5076.07,4987.69,5032.76,48750
2026.02.10 04:00,5032.74,5056.07,5011.3,5039.08,52986
2026.02.10 08:00,5039.0,5063.17,5018.55,5046.79,49559
2026.02.10 12:00,5046.81,5058.41,5019.68,5050.86,44427
2026.02.10 16:00,5050.9,5078.47,4998.83,5026.17,75831
2026.02.10 20:00,5026.19,5045.27,5004.64,5025.21,37980
2026.02.11 00:00,5026.24,5054.6,5025.34,5052.5,28580
2026.02.11 04:00,5052.49,5063.84,5032.5,5052.75,34895
2026.02.11 08:00,5052.76,5071.85,5045.7,5062.6,38158
2026.02.11 12:00,5062.68,5118.96,5018.56,5065.64,69175
2026.02.11 16:00,5065.71,5098.89,5035.66,5091.53,101790
2026.02.11 20:00,5091.38,5094.13,5066.62,5084.25,56931
2026.02.12 00:00,5085.08,5099.92,5045.01,5063.45,43704
2026.02.12 04:00,5063.6,5078.28,5050.91,5075.46,40262
2026.02.12 08:00,5075.48,5080.53,5046.97,5073.12,41238
2026.02.12 12:00,5073.11,5083.64,5048.63,5075.26,43974
2026.02.12 16:00,5075.25,5077.65,4878.5,4940.82,113049
2026.02.12 20:00,4940.72,4957.9,4906.33,4921.49,92148
2026.02.13 00:00,4923.54,4988.53,4887.33,4980.66,52521
2026.02.13 04:00,4980.63,4997.21,4944.78,4946.23,50734
2026.02.13 08:00,4946.32,4989.33,4945.85,4970.14,54543
2026.02.13 12:00,4970.13,4999.45,4933.68,4986.85,56561
2026.02.13 16:00,4986.89,5033.74,4964.09,5020.87,102759
2026.02.13 20:00,5020.88,5045.91,5015.44,5041.88,54939
2026.02.16 00:00,5029.04,5052.14,4999.95,5028.81,32155
2026.02.16 04:00,5028.84,5031.18,4965.17,4990.57,43349
2026.02.16 08:00,4990.62,5017.1,4984.89,5013.34,31909
2026.02.16 12:00,5013.28,5017.11,4989.54,4997.1,30314
2026.02.16 16:00,4997.11,4999.39,4968.91,4991.53,38341
2026.02.16 20:00,4991.57,4997.57,4988.59,4991.64,10482
2026.02.17 00:00,4995.58,5000.87,4922.82,4957.73,35896
2026.02.17 04:00,4957.68,4970.95,4858.98,4888.62,47613
2026.02.17 08:00,4888.64,4932.45,4886.39,4925.83,43783
2026.02.17 12:00,4925.82,4944.21,4870.0,4870.68,46842
2026.02.17 16:00,4870.54,4906.95,4841.63,4864.99,112181
2026.02.17 20:00,4865.05,4910.2,4862.4,4877.12,58696
2026.02.18 00:00,4865.96,4892.9,4854.1,4889.89,29921
2026.02.18 04:00,4889.8,4940.2,4886.41,4933.23,28088
2026.02.18 08:00,4933.22,4942.09,4912.87,4917.17,30541
2026.02.18 12:00,4917.18,4969.03,4906.27,4954.25,43778
2026.02.18 16:00,4954.32,5010.75,4952.21,4999.1,66821
2026.02.18 20:00,4999.09,5003.1,4972.83,4977.07,50135
2026.02.19 00:00,4975.34,4988.67,4958.62,4972.96,25556
2026.02.19 04:00,4972.94,4998.46,4965.62,4996.8,25357
2026.02.19 08:00,4996.75,5021.83,4993.03,4995.55,32731
2026.02.19 12:00,4995.54,4998.28,4973.62,4996.89,40162
2026.02.19 16:00,4996.76,5022.14,4963.3,4984.71,77626
2026.02.19 20:00,4984.93,5004.01,4975.19,4995.98,39074
2026.02.20 00:00,4996.51,5014.63,4985.25,4996.83,23178
2026.02.20 04:00,4996.97,5011.81,4981.61,5011.8,26309
2026.02.20 08:00,5012.04,5042.44,5004.91,5027.54,38236
2026.02.20 12:00,5027.59,5048.78,5006.92,5043.44,38404
2026.02.20 16:00,5043.45,5076.19,4989.07,5072.85,92099
2026.02.20 20:00,5072.86,5107.3,5054.04,5105.25,51181
2026.02.23 00:00,5106.34,5171.78,5098.42,5157.24,45639
2026.02.23 04:00,5157.11,5176.46,5151.81,5158.08,41453
2026.02.23 08:00,5158.09,5161.37,5122.07,5149.39,43666
2026.02.23 12:00,5149.44,5165.31,5143.55,5146.15,39942
2026.02.23 16:00,5146.14,5219.05,5141.41,5207.79,92807
2026.02.23 20:00,5207.85,5237.7,5200.9,5227.61,45166
2026.02.24 00:00,5226.82,5249.5,5145.02,5177.12,51156
2026.02.24 04:00,5177.32,5191.86,5161.07,5182.57,48164
2026.02.24 08:00,5182.61,5184.69,5156.37,5171.27,48270
2026.02.24 12:00,5171.26,5181.26,5110.96,5114.82,51796
2026.02.24 16:00,5114.79,5163.65,5093.37,5163.6,88205
2026.02.24 20:00,5163.6,5173.1,5140.12,5143.79,45390
2026.02.25 00:00,5143.11,5189.81,5121.9,5176.61,40488
2026.02.25 04:00,5176.63,5210.46,5166.35,5201.66,46902
2026.02.25 08:00,5201.68,5201.72,5176.42,5193.12,39669
2026.02.25 12:00,5193.23,5195.13,5155.04,5184.99,40014
2026.02.25 16:00,5184.75,5217.45,5158.75,5206.76,66009
2026.02.25 20:00,5206.75,5208.27,5146.02,5164.65,48465
2026.02.26 00:00,5159.45,5198.19,5155.34,5191.33,46348
2026.02.26 04:00,5191.34,5205.43,5174.06,5198.14,44566
2026.02.26 08:00,5198.2,5199.48,5167.73,5186.18,45019
2026.02.26 12:00,5186.2,5189.95,5157.64,5166.17,49174
2026.02.26 16:00,5165.92,5192.66,5130.15,5167.12,104924
2026.02.26 20:00,5167.19,5200.9,5160.26,5185.01,49303
2026.02.27 00:00,5183.93,5194.86,5166.75,5193.87,35884
2026.02.27 04:00,5193.86,5200.35,5173.38,5197.72,45409
2026.02.27 08:00,5197.73,5199.04,5172.09,5175.81,43052
2026.02.27 12:00,5175.86,5240.47,5168.61,5222.94,51555
2026.02.27 16:00,5222.67,5257.65,5213.75,5234.56,98590
2026.02.27 20:00,5234.5,5280.63,5222.46,5278.53,51627
2026.03.02 00:00,5300.13,5393.28,5300.13,5324.86,60314
2026.03.02 04:00,5324.8,5366.97,5316.85,5366.05,59431
2026.03.02 08:00,5366.01,5419.09,5363.56,5391.9,65058
2026.03.02 12:00,5392.0,5416.65,5375.1,5393.78,65042
2026.03.02 16:00,5393.77,5395.03,5260.28,5306.55,110876
2026.03.02 20:00,5306.63,5346.31,5289.49,5321.73,60950
2026.03.03 00:00,5322.98,5379.73,5322.49,5339.1,37461
2026.03.03 04:00,5339.32,5375.53,5305.08,5318.92,64728
2026.03.03 08:00,5319.02,5335.75,5226.16,5274.91,80898
2026.03.03 12:00,5274.81,5288.02,5074.44,5156.69,103695
2026.03.03 16:00,5156.61,5175.34,4995.97,5079.04,121321
2026.03.03 20:00,5079.03,5148.79,5078.92,5088.22,85034
2026.03.04 00:00,5101.53,5178.27,5083.76,5174.75,49516
2026.03.04 04:00,5174.77,5190.65,5141.14,5159.76,82590
2026.03.04 08:00,5159.75,5184.89,5121.26,5182.09,70156
2026.03.04 12:00,5182.14,5205.87,5156.21,5167.76,72593
2026.03.04 16:00,5167.77,5184.95,5120.09,5140.93,103037
2026.03.04 20:00,5140.82,5146.56,5108.94,5141.16,55560
2026.03.05 00:00,5146.15,5186.16,5144.51,5172.48,31245
2026.03.05 04:00,5172.49,5194.83,5148.21,5148.44,55149
2026.03.05 08:00,5148.47,5180.32,5120.7,5160.8,73297
2026.03.05 12:00,5160.79,5171.3,5083.72,5117.88,58837
2026.03.05 16:00,5117.9,5129.73,5054.08,5062.78,115134
2026.03.05 20:00,5062.62,5094.51,5050.74,5080.82,82054
2026.03.06 00:00,5082.76,5143.6,5066.16,5134.51,44727
2026.03.06 04:00,5134.34,5141.36,5113.91,5117.09,48225
2026.03.06 08:00,5117.25,5122.89,5083.3,5085.56,55048
2026.03.06 12:00,5085.57,5130.61,5062.66,5085.01,79147
2026.03.06 16:00,5084.99,5171.49,5080.85,5140.56,105306
2026.03.06 20:00,5140.58,5175.57,5138.52,5173.16,56533
2026.03.09 00:00,5179.08,5198.81,5014.65,5069.97,84116
2026.03.09 04:00,5070.07,5140.28,5055.43,5124.11,67591
2026.03.09 08:00,5123.96,5133.82,5086.82,5105.07,64034
2026.03.09 12:00,5105.05,5111.98,5067.18,5074.0,66951
2026.03.09 16:00,5073.72,5115.92,5061.0,5095.92,84998
2026.03.09 20:00,5095.91,5147.89,5092.34,5136.55,45686
2026.03.10 00:00,5140.37,5186.08,5117.52,5184.18,67503
2026.03.10 04:00,5184.17,5186.88,5154.25,5177.89,52231
2026.03.10 08:00,5177.98,5195.02,5158.39,5182.33,55175
2026.03.10 12:00,5182.3,5228.55,5156.35,5205.26,80697
2026.03.10 16:00,5205.25,5238.41,5185.28,5227.51,85081
2026.03.10 20:00,5227.53,5227.88,5160.33,5192.67,54362
2026.03.11 00:00,5186.89,5222.93,5183.08,5208.4,51041
2026.03.11 04:00,5208.39,5220.42,5190.4,5199.5,43936
2026.03.11 08:00,5199.51,5210.74,5175.44,5187.57,58311
2026.03.11 12:00,5187.56,5196.74,5149.09,5176.74,75841
2026.03.11 16:00,5176.71,5196.22,5154.69,5169.65,86914
2026.03.11 20:00,5169.63,5183.42,5169.06,5175.9,28814
2026.03.12 00:00,5178.84,5183.38,5125.6,5168.44,54972
2026.03.12 04:00,5168.36,5175.0,5137.07,5154.4,44978
2026.03.12 08:00,5154.41,5190.18,5147.12,5188.08,47047
2026.03.12 12:00,5188.07,5191.57,5145.95,5151.04,71105
2026.03.12 16:00,5151.01,5163.5,5102.39,5105.13,100253
2026.03.12 20:00,5105.08,5112.41,5054.93,5078.93,47692
2026.03.13 00:00,5080.2,5124.17,5072.34,5124.11,41514
2026.03.13 04:00,5124.06,5128.38,5098.24,5102.93,41890
2026.03.13 08:00,5103.0,5107.6,5061.3,5089.45,65774
2026.03.13 12:00,5089.48,5121.56,5079.84,5101.37,66365
2026.03.13 16:00,5101.38,5107.73,5018.86,5046.23,107251
2026.03.13 20:00,5046.27,5051.54,5009.49,5020.22,45669
2026.03.16 00:00,5005.77,5030.79,4967.14,5015.82,84037
2026.03.16 04:00,5015.81,5025.98,4997.66,5017.3,50895
2026.03.16 08:00,5017.25,5035.85,4972.64,4975.18,62237
2026.03.16 12:00,4975.17,5034.22,4969.94,5029.6,74893
2026.03.16 16:00,5029.61,5037.82,4973.89,4991.12,89577
2026.03.16 20:00,4991.11,5021.43,4989.86,5006.15,39491
2026.03.17 00:00,5007.63,5027.67,4994.64,5027.67,43449
2026.03.17 04:00,5027.61,5044.26,5019.76,5020.54,36723
2026.03.17 08:00,5020.59,5029.45,5005.04,5010.31,52740
2026.03.17 12:00,5010.22,5031.29,4991.71,5016.42,62763
2026.03.17 16:00,5016.4,5020.36,4973.39,5002.32,83490
2026.03.17 20:00,5002.33,5008.9,4996.28,5005.41,28892
2026.03.18 00:00,5005.77,5015.77,4991.18,4998.5,29912
2026.03.18 04:00,4998.53,5006.82,4981.56,4997.56,37673
2026.03.18 08:00,4997.53,5016.06,4977.13,4991.97,41588
2026.03.18 12:00,4992.0,4992.05,4834.05,4878.0,94630
2026.03.18 16:00,4877.97,4898.74,4856.43,4890.58,88431
2026.03.18 20:00,4890.07,4899.15,4806.63,4818.68,63162
2026.03.19 00:00,4824.26,4866.9,4804.1,4849.8,62729
2026.03.19 04:00,4849.78,4865.86,4826.83,4827.33,50087
2026.03.19 08:00,4827.32,4841.93,4686.63,4698.77,100208
2026.03.19 12:00,4698.78,4719.57,4502.46,4620.73,110316
2026.03.19 16:00,4620.75,4649.06,4566.16,4615.95,118196
2026.03.19 20:00,4615.96,4663.24,4596.14,4650.19,62929
2026.03.20 00:00,4650.89,4699.21,4633.97,4677.23,63954
2026.03.20 04:00,4677.15,4735.57,4670.17,4688.22,61336
2026.03.20 08:00,4688.24,4734.68,4659.8,4667.48,77696
2026.03.20 12:00,4667.49,4695.35,4612.64,4616.25,98640
2026.03.20 16:00,4616.23,4622.29,4540.43,4573.27,121371
2026.03.20 20:00,4573.34,4578.26,4477.13,4497.39,71220
2026.03.23 00:00,4448.11,4535.46,4319.51,4387.42,100179
2026.03.23 04:00,4388.01,4421.86,4302.34,4310.07,98863
2026.03.23 08:00,4309.91,4310.08,4098.6,4253.44,128071
2026.03.23 12:00,4253.78,4492.26,4240.85,4453.94,126354
2026.03.23 16:00,4453.88,4512.73,4351.04,4426.07,132059
2026.03.23 20:00,4426.04,4466.81,4382.74,4406.65,64567
2026.03.24 00:00,4413.78,4448.15,4308.04,4321.94,95749
2026.03.24 04:00,4321.95,4379.09,4305.8,4347.18,103499
2026.03.24 08:00,4347.09,4432.41,4342.71,4426.16,104436
2026.03.24 12:00,4426.2,4441.89,4351.26,4381.32,107795
2026.03.24 16:00,4381.3,4433.52,4372.11,4388.34,104206
2026.03.24 20:00,4388.41,4484.09,4383.86,4474.3,60706
2026.03.25 00:00,4471.88,4600.92,4455.77,4594.82,64097
2026.03.25 04:00,4594.87,4602.2,4549.37,4555.55,50666
2026.03.25 08:00,4555.51,4567.64,4527.67,4551.65,53250
2026.03.25 12:00,4551.64,4585.81,4521.61,4544.64,69170
2026.03.25 16:00,4544.74,4579.05,4524.88,4550.58,78626
2026.03.25 20:00,4550.51,4568.72,4486.99,4506.31,41701
2026.03.26 00:00,4510.74,4543.86,4488.88,4535.2,42999
2026.03.26 04:00,4535.29,4535.58,4438.5,4438.71,42025
2026.03.26 08:00,4438.76,4463.6,4412.32,4423.61,73845
2026.03.26 12:00,4423.6,4460.43,4416.42,4452.46,69957
2026.03.26 16:00,4452.5,4479.18,4366.67,4381.43,88895
2026.03.26 20:00,4381.35,4420.55,4350.91,4377.98,48098
2026.03.27 00:00,4378.21,4420.47,4375.15,4417.03,42563
2026.03.27 04:00,4417.08,4475.23,4416.77,4454.28,37997
2026.03.27 08:00,4454.22,4472.76,4420.67,4428.79,47492
2026.03.27 12:00,4428.78,4445.02,4404.23,4431.32,54783
2026.03.27 16:00,4430.95,4555.22,4430.33,4486.31,88543
2026.03.27 20:00,4486.5,4528.52,4486.39,4495.1,42705
2026.03.30 00:00,4492.98,4513.76,4419.53,4432.09,58159
2026.03.30 04:00,4432.05,4517.23,4431.6,4496.57,85856
2026.03.30 08:00,4496.6,4550.5,4496.6,4538.1,83755
2026.03.30 12:00,4538.16,4580.53,4523.47,4569.29,80037
2026.03.30 16:00,4569.31,4578.62,4512.35,4539.61,116271
2026.03.30 20:00,4539.48,4542.09,4492.84,4510.86,89280
2026.03.31 00:00,4513.91,4548.11,4482.57,4547.62,41721
2026.03.31 04:00,4547.22,4619.29,4531.78,4564.53,67958
2026.03.31 08:00,4564.27,4581.51,4543.56,4568.37,66719
2026.03.31 12:00,4568.39,4597.43,4529.31,4574.62,95506
2026.03.31 16:00,4574.64,4651.52,4567.61,4638.05,110330
2026.03.31 20:00,4638.04,4686.93,4636.23,4667.1,87704
2026.04.01 00:00,4671.3,4722.36,4661.52,4710.69,48119
2026.04.01 04:00,4710.69,4724.07,4666.93,4676.21,65875
2026.04.01 08:00,4676.22,4747.63,4674.7,4728.46,78183
2026.04.01 12:00,4728.48,4762.85,4712.98,4724.51,69440
2026.04.01 16:00,4724.6,4790.55,4716.12,4787.09,97789
2026.04.01 20:00,4786.9,4792.83,4741.88,4758.03,69392
2026.04.02 00:00,4758.02,4800.13,4752.68,4784.43,40830
2026.04.02 04:00,4784.44,4786.38,4650.94,4672.44,96710
2026.04.02 08:00,4672.45,4680.44,4553.59,4620.66,95848
2026.04.02 12:00,4620.64,4634.89,4592.56,4601.73,77807
2026.04.02 16:00,4601.79,4699.23,4580.69,4658.88,123750
2026.04.02 20:00,4658.93,4681.61,4645.65,4675.94,62246
2026.04.06 00:00,4648.57,4665.62,4600.72,4622.2,53895
2026.04.06 04:00,4622.42,4671.78,4620.37,4658.85,64446
2026.04.06 08:00,4658.86,4698.0,4643.6,4695.63,55331
2026.04.06 12:00,4695.83,4706.46,4659.64,4675.71,54013
2026.04.06 16:00,4675.71,4697.47,4651.94,4660.22,88504
2026.04.06 20:00,4660.24,4666.42,4645.39,4650.31,48348
2026.04.07 00:00,4651.18,4668.0,4648.88,4654.76,29142
2026.04.07 04:00,4654.74,4664.31,4616.34,4659.52,70229
2026.04.07 08:00,4660.27,4690.68,4622.96,4682.67,74252
2026.04.07 12:00,4682.66,4694.4,4628.67,4651.48,78629
2026.04.07 16:00,4651.52,4668.56,4607.31,4656.93,105861
2026.04.07 20:00,4656.91,4718.44,4653.74,4705.48,79641
2026.04.08 00:00,4719.9,4857.5,4712.92,4817.69,75691
2026.04.08 04:00,4817.68,4825.18,4787.88,4803.42,69196
2026.04.08 08:00,4803.4,4843.65,4790.14,4793.68,65983
2026.04.08 12:00,4793.64,4807.04,4769.05,4799.49,62177
2026.04.08 16:00,4799.5,4806.54,4732.12,4760.37,97807
2026.04.08 20:00,4760.31,4764.25,4699.53,4719.13,66540
2026.04.09 00:00,4719.67,4733.95,4698.58,4706.65,40221
2026.04.09 04:00,4706.36,4732.82,4699.42,4720.77,59041
2026.04.09 08:00,4720.83,4732.98,4703.44,4726.11,57841
2026.04.09 12:00,4726.06,4759.51,4722.8,4745.85,50042
2026.04.09 16:00,4745.88,4800.94,4738.57,4788.69,91168
2026.04.09 20:00,4788.74,4801.14,4760.82,4765.48,55702
2026.04.10 00:00,4766.5,4780.33,4750.62,4762.62,23879
2026.04.10 04:00,4762.64,4776.92,4737.89,4758.46,52193
2026.04.10 08:00,4758.5,4769.04,4730.49,4740.57,48685
2026.04.10 12:00,4740.62,4782.14,4740.52,4771.62,50496
2026.04.10 16:00,4771.65,4794.98,4747.47,4763.67,85137
2026.04.10 20:00,4763.75,4773.12,4741.03,4749.21,43314
2026.04.13 00:00,4690.26,4698.31,4643.71,4695.46,49926
2026.04.13 04:00,4694.66,4727.94,4693.62,4722.98,62760
2026.04.13 08:00,4723.04,4739.88,4716.27,4723.18,61441
2026.04.13 12:00,4723.17,4728.99,4703.51,4723.34,53524
2026.04.13 16:00,4723.26,4746.04,4700.19,4732.94,95723
2026.04.13 20:00,4732.95,4750.02,4723.15,4740.04,47959
2026.04.14 00:00,4744.11,4775.61,4744.11,4769.81,28316
2026.04.14 04:00,4769.79,4777.16,4761.64,4774.04,45722
2026.04.14 08:00,4774.05,4796.17,4757.85,4786.74,58291
2026.04.14 12:00,4786.86,4789.15,4752.23,4771.19,53172
2026.04.14 16:00,4771.21,4820.16,4770.94,4810.07,84353
2026.04.14 20:00,4810.04,4846.16,4809.36,4841.53,45161
2026.04.15 00:00,4840.29,4850.74,4827.15,4835.28,30865
2026.04.15 04:00,4835.27,4871.17,4816.83,4824.88,57348
2026.04.15 08:00,4824.95,4830.19,4803.94,4818.35,55991
2026.04.15 12:00,4818.32,4819.4,4786.08,4811.49,60705
2026.04.15 16:00,4811.4,4830.38,4786.88,4803.76,80280
2026.04.15 20:00,4803.74,4808.61,4787.62,4790.56,44214
2026.04.16 00:00,4792.78,4837.52,4790.76,4832.97,27974
2026.04.16 04:00,4832.89,4836.22,4811.17,4832.93,44478
2026.04.16 08:00,4833.02,4838.2,4806.54,4813.73,55013
2026.04.16 12:00,4813.71,4822.98,4804.98,4816.07,45477
2026.04.16 16:00,4816.09,4823.86,4773.02,4791.77,89459
2026.04.16 20:00,4791.9,4798.44,4781.16,4790.57,49049
2026.04.17 00:00,4792.27,4801.06,4785.76,4794.75,23512
2026.04.17 04:00,4794.74,4804.41,4767.56,4802.86,46964
2026.04.17 08:00,4802.78,4806.11,4778.51,4795.71,45534
2026.04.17 12:00,4795.7,4847.57,4782.12,4846.16,49543
2026.04.17 16:00,4846.15,4889.24,4834.75,4866.82,99945
2026.04.17 20:00,4866.84,4869.45,4829.82,4832.88,64738
2026.04.20 00:00,4792.25,4794.37,4736.73,4772.27,47244
2026.04.20 04:00,4772.18,4814.22,4771.14,4788.79,51199
2026.04.20 08:00,4788.73,4805.57,4779.55,4796.06,56479
2026.04.20 12:00,4796.09,4822.01,4783.29,4803.24,48041
2026.04.20 16:00,4803.25,4827.47,4792.54,4805.45,82670
2026.04.20 20:00,4805.59,4821.8,4803.72,4820.51,40355
2026.04.21 00:00,4822.22,4833.08,4816.75,4823.9,29037
2026.04.21 04:00,4823.84,4824.36,4788.61,4789.04,43327
2026.04.21 08:00,4789.16,4796.93,4772.6,4785.82,55291
2026.04.21 12:00,4785.81,4797.87,4766.28,4778.64,47938
2026.04.21 16:00,4778.59,4794.21,4708.12,4710.91,100006
2026.04.21 20:00,4710.98,4722.01,4668.29,4719.88,86493
2026.04.22 00:00,4720.87,4747.32,4715.48,4739.77,28379
2026.04.22 04:00,4739.76,4764.94,4735.88,4754.45,41757
2026.04.22 08:00,4754.44,4772.12,4751.66,4756.84,47968
2026.04.22 12:00,4756.86,4762.32,4742.77,4744.09,43373
2026.04.22 16:00,4744.13,4760.78,4723.72,4728.5,81618
2026.04.22 20:00,4728.51,4749.27,4728.38,4739.96,43495
2026.04.23 00:00,4741.69,4753.37,4693.89,4747.95,36467
2026.04.23 04:00,4747.62,4749.74,4698.04,4704.21,63135
2026.04.23 08:00,4704.15,4724.76,4692.46,4703.19,53039
2026.04.23 12:00,4703.16,4742.97,4684.13,4739.93,54267
2026.04.23 16:00,4740.06,4741.11,4715.42,4732.86,77419
2026.04.23 20:00,4732.92,4734.4,4664.08,4694.3,82492
2026.04.24 00:00,4700.85,4707.71,4686.73,4704.45,30833
2026.04.24 04:00,4704.46,4710.92,4657.5,4674.35,52809
2026.04.24 08:00,4674.39,4697.25,4666.68,4690.68,46509
2026.04.24 12:00,4690.74,4717.29,4674.41,4700.54,57350
2026.04.24 16:00,4700.88,4740.21,4689.62,4726.6,86876
2026.04.24 20:00,4726.6,4729.84,4704.79,4708.08,46507
2026.04.27 00:00,4697.46,4703.28,4671.94,4697.66,35219
2026.04.27 04:00,4697.72,4729.8,4690.7,4724.79,51460
2026.04.27 08:00,4724.85,4725.3,4705.24,4706.65,47405
2026.04.27 12:00,4706.67,4712.49,4696.67,4699.02,39498
2026.04.27 16:00,4699.0,4703.28,4667.05,4676.48,78286
2026.04.27 20:00,4676.54,4686.01,4668.11,4681.67,41225
2026.04.28 00:00,4683.58,4701.08,4682.23,4690.44,25074
2026.04.28 04:00,4690.36,4691.3,4666.13,4667.49,42179
2026.04.28 08:00,4667.53,4667.84,4614.72,4629.49,64307
2026.04.28 12:00,4629.46,4629.84,4554.75,4593.63,71438
2026.04.28 16:00,4593.59,4594.74,4557.18,4592.1,99630
2026.04.28 20:00,4592.06,4601.3,4587.13,4596.93,52698
2026.04.29 00:00,4597.78,4610.26,4587.83,4600.09,22889
2026.04.29 04:00,4600.1,4605.51,4575.55,4604.64,48155
2026.04.29 08:00,4604.61,4607.55,4557.1,4573.01,55133
2026.04.29 12:00,4573.05,4580.71,4542.05,4544.78,53963
2026.04.29 16:00,4544.94,4564.71,4510.0,4545.38,89796
2026.04.29 20:00,4545.42,4554.37,4518.06,4543.4,86641
2026.04.30 00:00,4545.38,4574.07,4539.22,4569.76,36273
2026.04.30 04:00,4569.72,4582.38,4540.86,4541.87,54733
2026.04.30 08:00,4541.85,4629.48,4541.71,4616.13,64548
2026.04.30 12:00,4616.25,4646.91,4614.26,4639.41,71667
2026.04.30 16:00,4639.43,4645.77,4605.24,4607.33,90558
2026.04.30 20:00,4607.5,4627.23,4607.46,4621.61,56299
2026.05.01 00:00,4625.5,4636.03,4618.28,4619.48,34174
2026.05.01 04:00,4619.53,4635.85,4608.98,4609.01,41654
2026.05.01 08:00,4608.99,4616.01,4564.98,4568.69,47839
2026.05.01 12:00,4568.89,4607.38,4560.02,4590.97,49781
2026.05.01 16:00,4590.95,4660.14,4586.41,4638.69,78640
2026.05.01 20:00,4638.72,4642.54,4606.84,4613.55,54207
2026.05.04 00:00,4631.5,4636.36,4601.44,4612.82,38560
2026.05.04 04:00,4612.76,4618.39,4591.0,4605.97,43355
2026.05.04 08:00,4605.99,4613.0,4573.66,4576.86,56179
2026.05.04 12:00,4576.77,4584.33,4525.86,4568.2,69472
2026.05.04 16:00,4568.18,4583.05,4500.55,4510.54,93774
2026.05.04 20:00,4510.51,4531.47,4509.67,4523.63,44163
2026.05.05 00:00,4523.62,4530.13,4513.43,4529.77,16951
2026.05.05 04:00,4529.54,4546.7,4525.37,4533.38,31040
2026.05.05 08:00,4533.3,4559.5,4531.13,4558.33,43121
2026.05.05 12:00,4558.57,4574.42,4539.83,4564.46,44695
2026.05.05 16:00,4564.19,4586.47,4553.66,4561.07,63696
2026.05.05 20:00,4561.08,4565.71,4551.47,4557.35,31689
2026.05.06 00:00,4560.08,4619.95,4546.13,4618.6,43672
2026.05.06 04:00,4618.59,4653.45,4609.26,4648.64,46002
2026.05.06 08:00,4648.75,4702.61,4644.47,4700.0,46832
2026.05.06 12:00,4700.34,4722.85,4660.17,4683.14,71676
2026.05.06 16:00,4683.11,4717.33,4668.49,4682.99,75680
2026.05.06 20:00,4682.98,4699.93,4678.7,4690.83,38028
2026.05.07 00:00,4692.97,4701.07,4685.37,4688.37,20490
2026.05.07 04:00,4688.38,4721.35,4684.98,4696.23,41933
2026.05.07 08:00,4696.19,4753.25,4694.55,4730.87,56102
2026.05.07 12:00,4730.91,4752.44,4721.55,4749.89,50682
2026.05.07 16:00,4749.92,4764.62,4704.46,4714.9,89930
2026.05.07 20:00,4714.94,4719.46,4686.17,4687.01,70821
2026.05.08 00:00,4680.23,4709.35,4676.87,4701.13,33824
2026.05.08 04:00,4701.03,4732.63,4700.32,4710.87,46478
2026.05.08 08:00,4710.85,4734.55,4697.01,4715.47,51032
2026.05.08 12:00,4715.48,4731.87,4702.76,4724.25,47953
2026.05.08 16:00,4723.92,4749.37,4701.73,4712.23,77832
2026.05.08 20:00,4712.26,4728.83,4712.0,4714.91,38786
2026.05.11 00:00,4681.25,4700.59,4670.12,4683.33,39316
2026.05.11 04:00,4683.42,4705.43,4668.33,4671.93,65287
2026.05.11 08:00,4671.92,4680.52,4647.99,4667.41,53219
2026.05.11 12:00,4667.42,4700.8,4650.35,4699.78,49136
2026.05.11 16:00,4700.1,4748.42,4698.56,4716.33,78350
2026.05.11 20:00,4716.32,4738.41,4715.79,4734.61,38907
2026.05.12 00:00,4737.49,4773.33,4737.08,4749.1,35374
2026.05.12 04:00,4749.14,4755.31,4711.02,4713.98,56793
2026.05.12 08:00,4713.88,4722.04,4687.25,4703.31,59345
2026.05.12 12:00,4703.29,4711.49,4685.03,4705.59,54378
2026.05.12 16:00,4705.51,4708.82,4638.14,4671.01,87195
2026.05.12 20:00,4671.26,4719.15,4671.15,4715.05,51144
2026.05.13 00:00,4715.49,4726.79,4711.66,4714.32,30598
2026.05.13 04:00,4714.63,4716.92,4687.43,4699.43,54221
2026.05.13 08:00,4699.44,4715.24,4693.43,4700.48,49413
2026.05.13 12:00,4700.51,4710.16,4675.95,4683.61,51480
2026.05.13 16:00,4683.42,4709.73,4669.25,4695.46,74288
2026.05.13 20:00,4695.51,4701.15,4677.4,4688.65,41010
2026.05.14 00:00,4692.19,4706.59,4688.76,4704.8,27237
2026.05.14 04:00,4704.82,4712.54,4668.48,4702.24,71767
2026.05.14 08:00,4702.27,4718.61,4686.08,4693.14,58803
2026.05.14 12:00,4693.22,4709.88,4688.32,4704.68,51348
2026.05.14 16:00,4704.64,4707.52,4666.49,4678.34,77829
2026.05.14 20:00,4678.33,4682.93,4644.25,4652.2,44877
2026.05.15 00:00,4652.57,4665.11,4613.39,4629.96,39525
2026.05.15 04:00,4630.13,4631.35,4604.18,4605.68,74630
2026.05.15 08:00,4605.99,4606.26,4549.99,4554.18,82006
2026.05.15 12:00,4554.1,4572.33,4531.8,4545.82,69397
2026.05.15 16:00,4545.77,4566.38,4511.57,4544.2,93312
2026.05.15 20:00,4544.23,4564.33,4533.0,4539.56,53970
2026.05.18 00:00,4529.44,4554.36,4480.17,4515.82,47119
2026.05.18 04:00,4514.66,4549.73,4489.33,4540.56,75662
2026.05.18 08:00,4540.55,4559.77,4529.59,4549.82,66510
2026.05.18 12:00,4549.68,4574.64,4529.81,4571.15,62696
2026.05.18 16:00,4571.17,4584.05,4531.57,4550.05,90106
2026.05.18 20:00,4549.76,4566.5,4534.09,4565.97,55908
2026.05.19 00:00,4568.23,4589.03,4561.12,4563.03,32342
2026.05.19 04:00,4562.76,4572.24,4537.83,4542.32,57853
2026.05.19 08:00,4542.35,4559.17,4530.77,4542.62,59562
2026.05.19 12:00,4542.55,4547.8,4525.36,4536.97,53613
2026.05.19 16:00,4537.03,4537.23,4464.39,4507.5,89895
2026.05.19 20:00,4507.42,4510.88,4480.76,4481.88,47029
2026.05.20 00:00,4481.99,4508.68,4477.16,4500.78,34345
2026.05.20 04:00,4500.85,4506.13,4453.46,4461.91,64615
2026.05.20 08:00,4461.83,4489.95,4461.34,4483.95,61208
2026.05.20 12:00,4483.94,4505.18,4472.6,4496.04,47925
2026.05.20 16:00,4496.03,4552.64,4466.91,4534.13,98131
2026.05.20 20:00,4534.29,4550.19,4529.33,4543.49,52233
2026.05.21 00:00,4544.77,4553.08,4534.44,4545.11,31255
2026.05.21 04:00,4545.09,4570.65,4527.1,4538.27,51967
2026.05.21 08:00,4538.28,4540.12,4511.84,4532.32,67726
2026.05.21 12:00,4532.28,4542.61,4502.34,4503.89,70584
2026.05.21 16:00,4503.94,4520.92,4488.42,4519.28,95456
2026.05.21 20:00,4519.43,4559.17,4513.98,4543.0,73568
2026.05.22 00:00,4544.77,4545.85,4525.46,4526.57,21778
2026.05.22 04:00,4526.53,4536.1,4518.31,4527.1,46441
2026.05.22 08:00,4527.06,4534.08,4507.15,4521.73,60135
2026.05.22 12:00,4521.68,4536.68,4510.04,4528.0,59709
2026.05.22 16:00,4528.32,4534.21,4491.73,4514.77,83968
2026.05.22 20:00,4514.88,4527.68,4503.75,4507.29,47598
2026.05.25 00:00,4534.6,4579.76,4533.39,4569.22,43706
2026.05.25 04:00,4569.21,4576.23,4556.51,4564.67,47783
2026.05.25 08:00,4564.65,4565.84,4550.33,4555.85,46523
2026.05.25 12:00,4555.91,4576.8,4552.68,4567.49,38210
2026.05.25 16:00,4567.5,4574.5,4559.87,4573.43,40763
2026.05.25 20:00,4573.3,4577.65,4563.14,4567.58,6099
2026.05.26 00:00,4569.68,4580.05,4539.44,4549.36,32394
2026.05.26 04:00,4549.4,4549.8,4523.26,4525.32,44982
2026.05.26 08:00,4525.3,4538.81,4519.94,4523.55,52707
2026.05.26 12:00,4523.68,4540.35,4500.38,4520.23,61435
2026.05.26 16:00,4520.21,4531.2,4499.72,4504.73,75418
2026.05.26 20:00,4504.76,4510.51,4482.42,4507.29,42382
2026.05.27 00:00,4510.12,4538.88,4495.94,4514.98,34270
2026.05.27 04:00,4514.97,4520.99,4495.63,4510.03,46285
2026.05.27 08:00,4510.01,4513.75,4475.61,4497.72,56094
2026.05.27 12:00,4497.63,4497.63,4424.8,4438.68,63293
2026.05.27 16:00,4438.66,4455.36,4401.14,4450.64,83393
2026.05.27 20:00,4450.68,4458.64,4441.31,4456.13,34234
2026.05.28 00:00,4456.65,4465.58,4443.72,4456.89,32652
2026.05.28 04:00,4456.9,4458.56,4366.27,4372.82,79052
2026.05.28 08:00,4372.84,4395.93,4367.07,4386.76,55217
2026.05.28 12:00,4386.63,4433.52,4375.13,4431.95,53265
2026.05.28 16:00,4432.45,4510.86,4417.95,4510.84,89374
2026.05.28 20:00,4510.93,4516.36,4494.72,4495.55,43110
2026.05.29 00:00,4495.81,4500.37,4488.9,4495.94,24541
2026.05.29 04:00,4495.97,4520.5,4492.29,4513.91,54353
2026.05.29 08:00,4513.92,4525.93,4502.51,4514.69,46551
2026.05.29 12:00,4514.74,4543.1,4512.58,4522.8,48433
2026.05.29 16:00,4522.95,4595.04,4516.9,4566.78,86508
2026.05.29 20:00,4566.81,4568.36,4539.12,4540.24,42664
2026.06.01 00:00,4524.12,4545.69,4516.54,4540.66,26099
2026.06.01 04:00,4540.61,4541.31,4508.52,4514.25,40757
2026.06.01 08:00,4514.28,4525.04,4490.54,4497.85,47097
2026.06.01 12:00,4497.91,4512.75,4489.0,4502.05,44562
2026.06.01 16:00,4502.63,4503.67,4447.5,4479.89,83322
2026.06.01 20:00,4479.84,4495.33,4471.29,4484.61,40316
2026.06.02 00:00,4486.25,4496.96,4476.53,4481.22,22357
2026.06.02 04:00,4481.1,4518.04,4462.83,4517.22,54474
2026.06.02 08:00,4517.2,4541.29,4515.03,4526.56,46567
2026.06.02 12:00,4526.57,4535.62,4513.3,4514.56,38367
2026.06.02 16:00,4514.83,4524.59,4486.2,4491.73,67068
2026.06.02 20:00,4491.74,4492.85,4478.57,4487.73,34247
2026.06.03 00:00,4490.16,4496.62,4462.04,4486.0,32192
2026.06.03 04:00,4485.78,4487.94,4463.15,4469.16,48650
2026.06.03 08:00,4469.21,4474.05,4440.05,4443.81,52138
2026.06.03 12:00,4443.62,4467.86,4438.81,4460.12,53203
2026.06.03 16:00,4460.1,4465.58,4425.93,4441.68,75997
2026.06.03 20:00,4441.91,4452.06,4430.15,4434.18,40499
2026.06.04 00:00,4438.44,4465.26,4423.83,4448.22,54703
2026.06.04 04:00,4448.25,4483.89,4442.91,4480.86,81543
2026.06.04 08:00,4480.87,4482.23,4458.36,4463.16,53766
2026.06.04 12:00,4463.18,4514.5,4460.8,4503.95,57369
2026.06.04 16:00,4503.88,4515.2,4457.14,4482.59,75646
2026.06.04 20:00,4482.54,4483.22,4472.63,4475.17,29977
2026.06.05 00:00,4475.46,4481.39,4450.47,4459.08,44584
2026.06.05 04:00,4459.13,4469.87,4435.07,4444.83,81403
2026.06.05 08:00,4444.79,4468.04,4428.5,4462.58,62338
2026.06.05 12:00,4462.48,4475.7,4404.64,4405.93,52602
2026.06.05 16:00,4406.32,4420.89,4323.34,4344.45,112117
2026.06.05 20:00,4344.51,4347.17,4311.58,4328.58,81977
2026.06.08 00:00,4325.16,4353.16,4308.96,4342.03,44938
2026.06.08 04:00,4342.18,4345.76,4299.91,4312.48,85691
2026.06.08 08:00,4312.45,4316.69,4268.45,4288.61,75877
2026.06.08 12:00,4288.61,4339.25,4272.82,4332.96,64853
2026.06.08 16:00,4332.79,4346.45,4314.67,4340.53,87455
2026.06.08 20:00,4340.54,4345.73,4323.13,4329.76,51749
2026.06.09 00:00,4332.66,4333.04,4312.63,4319.59,36847
2026.06.09 04:00,4319.59,4342.04,4318.45,4332.14,72918
2026.06.09 08:00,4332.16,4351.33,4321.06,4326.41,59938
2026.06.09 12:00,4326.47,4343.98,4324.05,4341.21,41622
2026.06.09 16:00,4341.39,4363.18,4236.51,4251.87,116147
2026.06.09 20:00,4252.15,4274.08,4249.76,4259.26,80001
2026.06.10 00:00,4254.02,4257.5,4198.85,4217.96,49841
2026.06.10 04:00,4217.97,4218.72,4172.31,4174.68,85321
2026.06.10 08:00,4174.73,4221.89,4161.25,4168.79,73262
2026.06.10 12:00,4168.84,4179.32,4130.5,4146.77,84342
2026.06.10 16:00,4146.85,4186.07,4106.72,4121.88,113792
2026.06.10 20:00,4121.87,4134.82,4067.02,4071.08,79748
2026.06.11 00:00,4071.49,4077.88,4023.73,4075.61,62706
2026.06.11 04:00,4075.63,4117.84,4052.32,4082.45,91847
2026.06.11 08:00,4082.53,4112.39,4072.44,4084.34,65551
2026.06.11 12:00,4084.37,4096.24,4057.41,4081.67,60217
2026.06.11 16:00,4081.87,4107.46,4052.7,4080.07,106857
2026.06.11 20:00,4080.03,4219.99,4071.81,4210.52,96174
2026.06.12 00:00,4214.47,4246.13,4200.53,4208.06,58017
2026.06.12 04:00,4208.11,4210.84,4171.18,4189.78,77220
2026.06.12 08:00,4189.77,4225.77,4170.02,4219.49,73886
2026.06.12 12:00,4219.52,4227.84,4188.36,4191.56,66051
2026.06.12 16:00,4191.55,4235.36,4176.96,4215.86,106293
2026.06.12 20:00,4215.85,4235.27,4201.64,4218.74,56647
2026.06.15 00:00,4273.27,4308.81,4261.75,4292.41,38519
2026.06.15 04:00,4292.42,4335.24,4285.33,4328.09,52451
2026.06.15 08:00,4328.08,4345.27,4300.71,4334.04,49138
2026.06.15 12:00,4334.06,4349.21,4324.37,4348.84,43310
2026.06.15 16:00,4348.87,4369.14,4334.42,4339.09,72048
2026.06.15 20:00,4339.03,4339.03,4306.25,4308.92,39080
2026.06.16 00:00,4308.88,4320.56,4305.82,4319.02,26229
2026.06.16 04:00,4319.05,4332.95,4307.42,4322.29,58017
2026.06.16 08:00,4322.28,4347.79,4313.33,4346.78,48170
2026.06.16 12:00,4346.81,4354.88,4334.95,4354.51,41060
2026.06.16 16:00,4354.48,4354.7,4313.11,4340.43,78055
2026.06.16 20:00,4340.39,4342.73,4325.09,4330.97,42871
2026.06.17 00:00,4332.54,4341.4,4328.37,4336.89,14298
2026.06.17 04:00,4336.9,4349.56,4317.26,4326.59,61323
2026.06.17 08:00,4326.69,4333.85,4316.76,4324.62,45926
2026.06.17 12:00,4324.54,4335.46,4319.59,4333.46,37614
2026.06.17 16:00,4333.43,4366.28,4323.92,4359.28,68600
2026.06.17 20:00,4359.31,4382.08,4218.82,4257.56,97460
2026.06.18 00:00,4256.6,4315.17,4254.19,4308.25,41640
2026.06.18 04:00,4308.27,4329.62,4306.74,4315.73,73831
2026.06.18 08:00,4315.57,4324.4,4265.43,4266.57,62279
2026.06.18 12:00,4266.76,4273.1,4239.68,4246.46,65312
2026.06.18 16:00,4246.43,4276.5,4213.8,4219.24,91627
2026.06.18 20:00,4219.32,4232.99,4201.28,4208.84,52330
2026.06.19 00:00,4210.95,4213.05,4184.01,4190.16,32333
2026.06.19 04:00,4190.23,4194.37,4124.98,4125.62,61579
2026.06.19 08:00,4125.51,4178.41,4121.48,4168.92,59976
2026.06.19 12:00,4168.91,4179.7,4141.71,4178.87,55889
2026.06.19 16:00,4178.9,4182.72,4142.44,4151.32,50944
2026.06.22 00:00,4140.48,4200.84,4136.34,4200.65,45256
2026.06.22 04:00,4200.83,4220.95,4170.47,4181.59,71396
2026.06.22 08:00,4181.6,4207.14,4179.21,4197.24,58316
2026.06.22 12:00,4197.12,4215.01,4192.08,4193.2,51592
2026.06.22 16:00,4193.27,4210.57,4169.58,4189.69,96519
2026.06.22 20:00,4189.75,4193.49,4176.94,4191.16,45239
2026.06.23 00:00,4192.23,4195.13,4178.2,4193.17,36110
2026.06.23 04:00,4193.13,4198.22,4114.66,4117.94,88038
2026.06.23 08:00,4118.22,4137.22,4090.74,4105.14,80733
2026.06.23 12:00,4105.16,4133.12,4103.7,4113.1,63801
2026.06.23 16:00,4113.09,4144.85,4105.19,4134.09,90914
2026.06.23 20:00,4134.01,4139.56,4107.25,4109.9,51055
2026.06.24 00:00,4112.31,4114.88,4080.62,4097.06,54348
2026.06.24 04:00,4097.09,4102.03,4050.23,4064.35,98033
2026.06.24 08:00,4064.3,4097.35,4060.59,4076.05,70467
2026.06.24 12:00,4076.03,4078.91,3987.43,3987.59,77989
2026.06.24 16:00,3987.88,4041.98,3964.34,4006.5,107429
2026.06.24 20:00,4006.51,4011.1,3959.02,3998.99,81763
2026.06.25 00:00,4004.54,4018.49,3978.33,3991.24,46493
2026.06.25 04:00,3991.23,4005.71,3963.01,3995.89,95571
2026.06.25 08:00,3995.88,4001.86,3971.2,3989.03,75093
2026.06.25 12:00,3989.02,4018.87,3973.53,4012.16,64014
2026.06.25 16:00,4012.38,4043.88,3999.0,4028.55,106275
2026.06.25 20:00,4028.56,4044.06,4021.67,4026.47,60090
2026.06.26 00:00,4030.64,4036.44,4011.16,4020.06,52299
2026.06.26 04:00,4020.08,4029.26,3982.83,4011.19,93801
2026.06.26 08:00,4011.49,4039.54,4005.44,4030.77,79674
2026.06.26 12:00,4030.78,4061.32,4029.43,4058.84,67480
2026.06.26 16:00,4058.9,4095.81,4043.17,4084.88,109703
2026.06.26 20:00,4084.99,4089.66,4064.29,4088.36,63827
2026.06.29 00:00,4084.0,4085.31,4048.07,4069.41,49326
2026.06.29 04:00,4069.48,4075.4,4049.48,4052.09,85659
2026.06.29 08:00,4051.96,4068.41,4039.18,4046.8,71325
2026.06.29 12:00,4046.75,4055.08,4024.34,4043.41,66265
2026.06.29 16:00,4043.56,4051.57,3999.93,4023.69,87099
2026.06.29 20:00,4023.71,4031.95,4005.09,4016.39,39898
2026.06.30 00:00,4018.21,4022.27,3979.35,3986.88,43771
2026.06.30 04:00,3986.93,3997.87,3942.15,3985.33,89541
2026.06.30 08:00,3985.32,4037.48,3974.99,4015.4,74148
2026.06.30 12:00,4015.19,4037.18,4008.52,4009.73,52750
2026.06.30 16:00,4009.72,4063.16,4009.19,4025.97,91434
2026.06.30 20:00,4025.91,4033.61,4006.28,4007.3,46225
2026.07.01 00:00,4011.16,4018.23,3992.94,3996.52,39041
2026.07.01 04:00,3996.55,3999.6,3969.95,3976.4,77333
2026.07.01 08:00,3976.38,3984.22,3960.02,3974.25,69013
2026.07.01 12:00,3974.25,4035.28,3972.59,4022.63,59497
2026.07.01 16:00,4022.58,4115.43,4012.59,4071.1,101520
2026.07.01 20:00,4071.01,4073.51,4028.37,4030.9,57334
2026.07.02 00:00,4036.42,4052.37,4030.56,4051.76,39890
2026.07.02 04:00,4051.75,4073.91,4041.11,4060.57,78955
2026.07.02 08:00,4060.56,4079.85,4053.04,4075.9,78305
2026.07.02 12:00,4075.91,4140.34,4057.3,4117.4,72645
2026.07.02 16:00,4117.59,4143.84,4100.15,4117.95,108116
2026.07.02 20:00,4117.84,4126.86,4105.53,4123.65,57329
2026.07.03 00:00,4125.41,4150.86,4120.87,4147.0,42527
2026.07.03 04:00,4146.99,4195.25,4146.42,4178.64,73120
2026.07.03 08:00,4178.63,4186.38,4160.26,4180.9,65091
2026.07.03 12:00,4180.91,4186.18,4168.27,4176.67,45732
2026.07.03 16:00,4176.75,4179.13,4155.24,4174.95,57187
2026.07.06 00:00,4183.8,4201.57,4170.14,4179.37,48974
2026.07.06 04:00,4179.19,4202.87,4157.25,4159.51,76784
2026.07.06 08:00,4159.26,4166.1,4144.69,4150.31,61942
2026.07.06 12:00,4150.32,4159.34,4131.3,4139.43,42048
2026.07.06 16:00,4139.57,4156.03,4128.24,4154.89,73923
2026.07.06 20:00,4154.85,4167.28,4150.17,4164.88,36987
2026.07.07 00:00,4164.15,4168.37,4145.0,4145.76,37286
2026.07.07 04:00,4145.75,4147.8,4124.19,4126.43,75981
2026.07.07 08:00,4126.49,4139.2,4116.54,4125.81,64040
2026.07.07 12:00,4125.82,4174.87,4119.61,4172.19,59793
2026.07.07 16:00,4172.34,4180.27,4135.73,4144.91,96648
2026.07.07 20:00,4144.88,4148.02,4092.08,4105.73,65530
2026.07.08 00:00,4097.65,4126.59,4093.75,4111.33,47430
2026.07.08 04:00,4111.28,4130.98,4096.23,4124.99,85794
2026.07.08 08:00,4125.02,4133.72,4052.12,4056.62,87526
2026.07.08 12:00,4056.57,4086.37,4040.27,4071.91,94737
2026.07.08 16:00,4072.05,4082.77,4021.58,4063.57,116112
2026.07.08 20:00,4063.72,4091.3,4059.5,4077.27,73270
2026.07.09 00:00,4076.04,4089.59,4070.12,4073.81,37937
2026.07.09 04:00,4073.93,4082.41,4054.05,4064.25,72296
2026.07.09 08:00,4064.25,4117.54,4063.54,4108.23,61644
2026.07.09 12:00,4108.25,4122.47,4093.56,4107.51,53170
2026.07.09 16:00,4107.46,4137.84,4106.67,4127.96,75520
2026.07.09 20:00,4127.94,4137.88,4118.67,4123.45,39673
2026.07.10 00:00,4125.64,4128.05,4114.23,4126.05,24267
2026.07.10 04:00,4126.06,4134.66,4108.4,4115.13,52508
2026.07.10 08:00,4115.1,4119.88,4094.71,4097.82,49748
2026.07.10 12:00,4097.79,4117.45,4094.34,4100.59,45017
2026.07.10 16:00,4100.56,4115.32,4072.74,4104.21,80518
2026.07.10 20:00,4104.22,4120.65,4097.67,4119.52,34794
2026.07.13 00:00,4091.85,4102.13,4060.91,4073.79,49281
2026.07.13 04:00,4074.01,4089.61,4050.07,4058.7,76860
2026.07.13 08:00,4058.7,4080.57,4043.7,4074.39,73164
2026.07.13 12:00,4074.23,4076.43,4046.6,4067.18,60061
2026.07.13 16:00,4067.2,4067.4,3986.26,3993.18,99840
2026.07.13 20:00,3993.5,4005.88,3986.63,4000.79,67177
2026.07.14 00:00,4005.55,4007.05,3983.34,4004.12,45846
2026.07.14 04:00,4004.13,4023.23,3991.95,4020.09,69241
2026.07.14 08:00,4020.18,4033.9,4014.28,4015.82,63443
2026.07.14 12:00,4015.84,4103.86,4013.51,4075.96,65650
2026.07.14 16:00,4075.97,4100.23,4057.52,4061.32,101734
2026.07.14 20:00,4061.38,4064.95,4042.74,4052.58,46331
2026.07.15 00:00,4053.4,4060.42,4046.54,4058.84,34901
2026.07.15 04:00,4058.86,4061.92,4027.91,4033.04,60658
2026.07.15 08:00,4033.09,4036.58,4017.21,4030.97,62317
2026.07.15 12:00,4031.01,4071.33,4025.28,4067.6,64428
2026.07.15 16:00,4068.06,4073.95,4026.62,4033.53,101648
2026.07.15 20:00,4033.63,4080.99,4032.77,4060.25,68765
2026.07.16 00:00,4064.85,4066.35,4043.46,4044.39,38219
2026.07.16 04:00,4044.38,4050.29,4023.91,4032.94,81799
2026.07.16 08:00,4032.95,4036.51,4022.76,4035.09,75009
2026.07.16 12:00,4035.16,4043.17,3990.11,3992.13,71026
2026.07.16 16:00,3991.83,4016.64,3973.54,3991.84,110479
2026.07.16 20:00,3992.01,3992.77,3969.06,3976.24,68450
2026.07.17 00:00,3977.87,3991.82,3973.05,3991.82,42143
2026.07.17 04:00,3991.83,4008.66,3970.59,3981.49,93756
2026.07.17 08:00,3981.36,4006.95,3974.85,3993.98,93731
2026.07.17 12:00,3993.91,4002.22,3963.84,3965.98,78508
2026.07.17 16:00,3966.03,4023.7,3959.38,4014.79,111368
2026.07.17 20:00,4015.14,4019.02,4002.13,4016.98,57342
2026.07.20 00:00,3998.94,4009.92,3982.47,4008.37,46162
2026.07.20 04:00,4008.44,4028.49,3995.56,4018.64,84474
2026.07.20 08:00,4018.63,4030.55,4001.86,4018.77,72996
2026.07.20 12:00,4018.76,4040.49,4006.38,4008.0,63183
2026.07.20 16:00,4007.93,4019.32,3998.06,4009.59,95580
2026.07.20 20:00,4009.57,4017.81,4003.12,4007.41,55042
2026.07.21 00:00,4009.69,4026.99,3999.56,4024.72,45035
2026.07.21 04:00,4024.73,4051.56,4018.17,4049.39,71502
2026.07.21 08:00,4049.41,4083.87,4046.15,4062.67,57158
2026.07.21 12:00,4062.76,4069.99,4050.82,4053.66,53821
2026.07.21 16:00,4053.86,4083.28,4044.27,4071.39,76300
2026.07.21 20:00,4071.48,4086.96,4066.63,4077.56,34874
2026.07.22 00:00,4078.77,4102.45,4076.54,4097.34,37925
2026.07.22 04:00,4097.31,4141.45,4096.55,4126.83,77368
2026.07.22 08:00,4126.85,4135.07,4109.02,4118.15,67032
2026.07.22 12:00,4118.18,4134.26,4106.54,4112.65,63601
2026.07.22 16:00,4112.68,4165.87,4112.48,4146.68,84915
2026.07.22 20:00,4146.78,4147.69,4128.15,4129.75,50921
2026.07.23 00:00,4113.21,4134.57,4113.21,4131.98,44775
2026.07.23 04:00,4131.91,4140.79,4111.86,4121.06,76598
2026.07.23 08:00,4121.07,4130.4,4086.82,4093.17,69993
2026.07.23 12:00,4093.08,4099.14,4060.75,4061.62,69764
2026.07.23 16:00,4061.55,4067.3,4040.0,4051.18,99262
2026.07.23 20:00,4051.29,4054.35,4040.5,4049.24,54512
2026.07.24 00:00,4048.75,4050.63,4041.07,4049.67,33394
2026.07.24 04:00,4049.78,4050.3,4022.97,4026.91,75628
2026.07.24 08:00,4026.91,4058.54,4021.81,4057.34,64485
2026.07.24 12:00,4057.46,4063.68,4051.25,4055.89,50087
2026.07.24 16:00,4055.83,4081.94,4044.44,4066.86,84238
2026.07.24 20:00,4066.89,4069.65,4049.09,4052.66,40908
2026.07.27 00:00,4088.93,4115.83,4083.03,4100.58,39985
2026.07.27 04:00,4100.57,4112.32,4085.0,4090.19,65637
2026.07.27 08:00,4090.18,4105.91,4084.24,4095.01,60205
2026.07.27 12:00,4094.83,4104.0,4081.54,4083.53,55553
2026.07.27 16:00,4083.68,4093.76,4065.17,4082.15,90423
2026.07.27 20:00,4082.21,4089.14,4070.37,4076.43,44498
2026.07.28 00:00,4079.06,4081.98,4057.41,4057.74,40715
2026.07.28 04:00,4057.63,4060.2,4040.13,4041.93,80574
2026.07.28 08:00,4041.84,4055.0,4034.75,4045.28,67278
2026.07.28 12:00,4045.26,4045.74,4016.82,4029.18,66667
2026.07.28 16:00,4029.22,4046.9,4011.28,4037.34,97011
2026.07.28 20:00,4037.36,4041.35,4021.47,4028.32,56617
2026.07.29 00:00,4028.59,4030.33,4013.76,4021.6,44518
2026.07.29 04:00,4021.52,4037.67,4010.07,4027.13,92883
2026.07.29 08:00,4027.23,4047.62,4026.48,4037.47,70761
2026.07.29 12:00,4037.75,4038.19,4008.98,4022.41,53162
2026.07.29 16:00,4022.75,4032.73,3995.75,4027.19,91080
2026.07.29 20:00,4027.14,4116.22,4027.14,4066.07,103529
2026.07.30 00:00,4064.75,4100.12,4063.95,4071.94,53850
2026.07.30 04:00,4072.0,4092.76,4044.27,4045.86,82269
2026.07.30 08:00,4045.91,4072.73,4028.33,4061.17,80608
2026.07.30 12:00,4061.16,4086.56,4060.12,4068.68,75926
2026.07.30 16:00,4068.66,4120.09,4064.88,4110.53,103007
2026.07.30 20:00,4110.49,4117.3,4098.33,4103.53,61985
2026.07.31 00:00,4103.76,4111.58,4090.29,4094.54,37661
2026.07.31 04:00,4094.48,4101.45,4071.79,4079.74,60869
2026.07.31 08:00,4079.85,4087.3,4053.99,4060.71,55104
2026.07.31 12:00,4060.56,4063.74,4040.29,4040.54,59044
2026.07.31 16:00,4040.48,4052.38,4020.68,4043.09,93633
2026.07.31 20:00,4043.06,4055.47,4041.31,4043.35,46236
2026.08.03 00:00,4081.14,4081.95,4055.52,4056.96,44727
2026.08.03 04:00,4056.94,4071.67,4047.18,4063.73,62697
2026.08.03 08:00,4063.65,4071.9,4051.87,4059.27,55261
2026.08.03 12:00,4059.28,4064.4,4041.99,4047.41,49723
2026.08.03 16:00,4047.44,4053.47,4018.85,4036.7,71143
2026.08.03 20:00,4036.72,4057.95,4029.44,4055.17,33508
2026.08.04 00:00,4053.69,4069.2,4048.4,4048.93,30608
2026.08.04 04:00,4048.6,4066.19,4042.27,4063.66,49934
2026.08.04 08:00,4063.66,4072.75,4054.32,4054.83,44356
2026.08.04 12:00,4054.82,4084.19,4045.41,4070.69,58715
2026.08.04 16:00,4070.7,4093.81,4060.99,4093.19,78739
2026.08.04 20:00,4093.16,4106.13,4074.44,4077.09,43560
2026.08.05 00:00,4079.79,4085.66,4065.24,4082.32,36236
2026.08.05 04:00,4082.41,4141.26,4077.42,4135.4,61675
2026.08.05 08:00,4135.36,4179.34,4134.55,4160.38,65960
2026.08.05 12:00,4160.47,4213.25,4149.97,4183.77,58852
2026.08.05 16:00,4183.57,4265.0,4183.57,4242.13,102380
2026.08.05 20:00,4242.19,4267.43,4236.7,4246.61,55049
2026.08.06 00:00,4247.36,4300.09,4245.5,4294.65,41419
2026.08.06 04:00,4294.6,4303.88,4252.84,4262.02,70467
2026.08.06 08:00,4261.78,4278.67,4246.94,4278.06,53924
2026.08.06 12:00,4278.02,4284.57,4248.86,4249.98,53184
2026.08.06 16:00,4249.96,4275.19,4223.22,4241.19,87890
2026.08.06 20:00,4241.25,4251.15,4232.91,4240.52,42345
2026.08.07 00:00,4240.99,4252.98,4229.51,4232.61,29624
2026.08.07 04:00,4232.58,4268.87,4231.25,4264.92,55414
2026.08.07 08:00,4264.9,4316.55,4261.74,4305.87,53839
2026.08.07 12:00,4305.95,4371.63,4300.93,4361.12,60513
2026.08.07 16:00,4361.21,4367.86,4327.28,4329.03,99854
2026.08.07 20:00,4328.86,4350.22,4327.51,4341.88,50784
2026.08.10 00:00,4341.3,4350.85,4330.57,4331.96,33080
2026.08.10 04:00,4332.02,4340.64,4313.27,4339.32,57331
2026.08.10 08:00,4339.26,4361.79,4331.42,4346.4,46417
2026.08.10 12:00,4346.45,4349.85,4323.97,4332.36,39533
2026.08.10 16:00,4332.38,4364.63,4316.53,4356.61,74444
2026.08.10 20:00,4356.98,4395.05,4351.5,4390.2,49009
2026.08.11 00:00,4389.96,4419.13,4388.15,4409.19,27907
2026.08.11 04:00,4409.21,4434.95,4393.57,4408.57,59340
2026.08.11 08:00,4408.6,4408.76,4356.49,4368.91,57490
2026.08.11 12:00,4368.88,4399.97,4367.35,4392.35,48536
2026.08.11 16:00,4392.36,4403.99,4368.98,4383.3,73672
2026.08.11 20:00,4383.39,4385.58,4360.11,4368.02,39885
2026.08.12 00:00,4370.69,4383.5,4362.25,4380.37,29751
2026.08.12 04:00,4380.38,4415.81,4378.21,4400.87,47874
2026.08.12 08:00,4400.86,4410.25,4383.81,4401.54,41123
2026.08.12 12:00,4401.58,4438.04,4381.57,4437.1,52259
2026.08.12 16:00,4436.91,4440.96,4396.35,4401.48,89895
2026.08.12 20:00,4401.47,4418.13,4396.12,4408.33,39513
2026.08.13 00:00,4410.83,4449.59,4397.96,4427.77,27273
2026.08.13 04:00,4427.46,4435.17,4391.43,4397.52,55764
2026.08.13 08:00,4397.5,4407.05,4363.81,4375.69,54939
2026.08.13 12:00,4375.72,4401.76,4372.22,4401.67,43706
2026.08.13 16:00,4401.66,4401.88,4351.04,4366.88,81222
2026.08.13 20:00,4367.06,4373.16,4343.58,4350.96,41891
2026.08.14 00:00,4353.96,4363.95,4329.12,4340.78,33879
2026.08.14 04:00,4340.65,4341.23,4310.84,4326.76,51099
2026.08.14 08:00,4326.78,4349.52,4310.85,4348.49,45169
2026.08.14 12:00,4348.47,4386.77,4345.89,4373.49,42817
2026.08.14 16:00,4373.49,4396.91,4370.04,4385.66,70240
2026.08.14 20:00,4385.69,4386.24,4370.61,4375.2,31567
2026.08.17 00:00,4377.35,4401.91,4367.0,4400.65,29663
2026.08.17 04:00,4400.69,4416.33,4387.82,4390.46,46499
2026.08.17 08:00,4390.52,4411.15,4386.8,4394.73,42347
2026.08.17 12:00,4395.04,4405.67,4377.18,4384.8,40145
2026.08.17 16:00,4385.04,4428.73,4381.64,4423.98,63533
2026.08.17 20:00,4424.01,4425.93,4397.77,4416.37,38142
2026.08.18 00:00,4418.37,4434.82,4409.64,4434.44,25055
2026.08.18 04:00,4434.59,4435.99,4388.71,4393.34,54670
2026.08.18 08:00,4393.32,4403.43,4385.94,4393.08,45112
2026.08.18 12:00,4392.99,4400.66,4386.8,4394.05,38925
2026.08.18 16:00,4393.91,4406.51,4351.32,4363.74,87796
2026.08.18 20:00,4363.63,4368.14,4328.94,4334.07,41560
2026.08.19 00:00,4335.2,4347.06,4326.92,4337.77,32973
2026.08.19 04:00,4337.64,4361.82,4324.46,4348.25,49706
2026.08.19 08:00,4348.26,4362.99,4334.92,4355.53,49284
2026.08.19 12:00,4355.51,4442.32,4353.19,4438.57,50242
2026.08.19 16:00,4438.5,4499.03,4424.17,4493.11,96625
2026.08.19 20:00,4493.51,4524.03,4471.87,4522.7,57946
2026.08.20 00:00,4522.41,4527.72,4503.75,4504.48,32698
2026.08.20 04:00,4504.44,4509.97,4484.4,4488.44,56544
2026.08.20 08:00,4488.43,4498.42,4477.67,4489.1,49385
2026.08.20 12:00,4489.14,4494.53,4450.42,4474.59,57237
2026.08.20 16:00,4474.65,4540.8,4469.17,4509.77,92950
2026.08.20 20:00,4509.91,4531.95,4507.5,4519.03,44413
2026.08.21 00:00,4517.09,4532.67,4509.7,4510.3,29133
2026.08.21 04:00,4510.25,4547.71,4508.61,4540.38,52915
2026.08.21 08:00,4540.35,4584.67,4528.97,4583.84,52915
2026.08.21 12:00,4583.83,4604.31,4563.3,4577.69,56443
2026.08.21 16:00,4577.68,4628.95,4573.19,4628.73,85389
2026.08.21 20:00,4628.72,4632.07,4602.17,4603.92,48031
2026.08.24 00:00,4616.44,4640.67,4594.44,4621.68,34119
2026.08.24 04:00,4621.64,4656.57,4607.79,4638.7,66916
2026.08.24 08:00,4638.74,4659.7,4628.65,4637.72,63518
2026.08.24 12:00,4637.73,4669.92,4632.68,4662.55,56193
2026.08.24 16:00,4662.88,4680.61,4639.72,4644.65,87517
2026.08.24 20:00,4644.67,4655.79,4624.92,4651.61,52622
