time,open,high,low,close,sar,ema9,ema21,atr14
2025.01.02 08:00,2634.02,2639.79,2630.98,2635.96,1.7976931348623157e+308,2635.96,2635.96,1.7976931348623157e+308
2025.01.02 12:00,2635.93,2647.15,2632.59,2642.94,2630.98,2637.356,2636.594545454546,1.7976931348623157e+308
2025.01.02 16:00,2642.87,2660.42,2640.29,2656.49,2630.98,2641.1828,2638.403223140496,1.7976931348623157e+308
2025.01.02 20:00,2656.48,2660.37,2653.66,2657.85,2632.1576,2644.5162400000004,2640.1711119459055,1.7976931348623157e+308
2025.01.03 00:00,2657.86,2662.45,2656.57,2659.33,2633.288096,2647.4789920000003,2641.912829041732,1.7976931348623157e+308
2025.01.03 04:00,2659.29,2665.09,2655.76,2658.4,2635.03781024,2649.6631936000003,2643.4116627652106,1.7976931348623157e+308
2025.01.03 08:00,2658.44,2660.24,2649.77,2653.49,2637.4419854208,2650.4285548800003,2644.3278752411006,1.7976931348623157e+308
2025.01.03 12:00,2653.43,2659.19,2643.36,2649.68,2639.653826587136,2650.2788439040005,2644.8144320373644,1.7976931348623157e+308
2025.01.03 16:00,2649.69,2652.62,2639.02,2641.7,2665.09,2648.5630751232006,2644.531301852149,1.7976931348623157e+308
2025.01.03 20:00,2641.74,2642.85,2636.58,2640.17,2664.5686,2646.884460098561,2644.1348198655905,1.7976931348623157e+308
2025.01.06 00:00,2639.2,2647.25,2638.47,2641.22,2663.449056,2645.751568078849,2643.8698362414457,1.7976931348623157e+308
2025.01.06 04:00,2641.13,2645.23,2631.4,2633.74,2662.37429376,2643.349254463079,2642.948942037678,1.7976931348623157e+308
2025.01.06 08:00,2633.76,2635.59,2625.07,2632.56,2660.5158361344,2641.1914035704635,2642.0044927615254,1.7976931348623157e+308
2025.01.06 12:00,2632.56,2649.32,2621.68,2624.08,2657.6801692436484,2637.769122856371,2640.3749934195685,12.311428571428548
2025.01.06 16:00,2624.02,2641.22,2614.6,2636.6,2654.0801523192836,2637.535298285097,2640.0318121996074,13.583571428571402
2025.01.06 20:00,2636.59,2638.44,2632.78,2635.82,2649.3425340409694,2637.1922386280776,2639.648920181461,12.94785714285711
2025.01.07 00:00,2636.12,2641.08,2632.84,2638.87,2645.173429956053,2637.527790902462,2639.5781092558736,12.098571428571372
2025.01.07 04:00,2638.84,2645.6,2636.82,2644.32,2614.6,2638.88623272197,2640.0091902326126,12.246428571428494
2025.01.07 08:00,2644.28,2646.63,2637.93,2641.3,2615.22,2639.368986177576,2640.1265365751024,12.44785714285711
2025.01.07 12:00,2641.24,2664.14,2641.19,2662.42,2616.4764,2643.979188942061,2642.1532150682747,13.420714285714245
2025.01.07 16:00,2662.54,2662.89,2641.88,2652.41,2619.336216,2645.6653511536488,2643.085650062068,14.173571428571385
2025.01.07 20:00,2652.4,2652.55,2646.91,2648.54,2622.0244430400003,2646.2402809229193,2643.5815000564257,13.44571428571427
2025.01.08 00:00,2647.66,2651.42,2647.07,2648.66,2624.5513764576003,2646.7242247383356,2644.043181869478,12.784999999999984
2025.01.08 04:00,2648.66,2650.59,2645.12,2649.92,2626.9266938701444,2647.3633797906687,2644.5774380631615,12.727857142857147
2025.01.08 08:00,2649.91,2654.93,2648.81,2653.41,2629.159492237936,2648.572703832535,2645.380398239238,12.537857142857124
2025.01.08 12:00,2653.38,2660.21,2645.71,2660.07,2631.25832270366,2650.872163066028,2646.715816581125,12.585714285714273
2025.01.08 16:00,2660.03,2669.97,2649.31,2655.48,2633.23122334144,2651.7937304528223,2647.5125605282956,13.309999999999977
2025.01.08 20:00,2655.45,2663.98,2651.43,2661.42,2636.1703254741246,2653.718984362258,2648.7768732075415,12.232142857142824
2025.01.09 00:00,2660.6,2663.14,2657.25,2658.46,2638.8742994361946,2654.6671874898066,2649.6571574614013,10.751428571428537
2025.01.09 04:00,2658.45,2662.04,2655.35,2658.21,2641.361955481299,2655.375749991845,2650.434688601274,10.82499999999998
2025.01.09 08:00,2658.21,2666.81,2658.2,2664.9,2643.650599042795,2657.2805999934762,2651.7497169102494,10.851428571428576
2025.01.09 12:00,2664.86,2678.18,2664.39,2672.5,2645.756151119371,2660.324479994781,2653.6361062820447,11.209285714285734
2025.01.09 16:00,2672.46,2675.66,2662.64,2665.76,2648.9985360074343,2661.411583995825,2654.7382784382226,11.517857142857142
2025.01.09 20:00,2665.78,2672.51,2664.85,2670.15,2651.916682406691,2663.15926719666,2656.139344034748,10.42571428571432
2025.01.10 00:00,2670.02,2671.85,2668.28,2670.88,2654.5430141660217,2664.7034137573282,2657.4794036679527,9.180000000000032
2025.01.10 04:00,2670.88,2675.71,2670.35,2674.81,2656.9067127494195,2666.724731005863,2659.0549124254117,9.160000000000018
2025.01.10 08:00,2674.77,2682.38,2673.39,2678.43,2659.0340414744774,2669.0657848046903,2660.816284023101,9.491428571428612
2025.01.10 12:00,2678.41,2683.55,2663.63,2682.33,2661.83555649754,2671.718627843752,2662.7720763846373,10.523571428571456
2025.01.10 16:00,2682.41,2697.9,2680.61,2695.93,2663.63,2676.560902275002,2665.786433076943,11.321428571428605
2025.01.10 20:00,2695.92,2697.13,2684.29,2689.05,2663.63,2679.0587218200017,2667.9013027972205,11.202857142857187
2025.01.13 00:00,2689.83,2693.0,2679.14,2685.38,2669.1132000000002,2680.3229774560014,2669.4902752702,10.717142857142921
2025.01.13 04:00,2685.43,2690.73,2683.01,2686.69,2673.7190880000003,2681.5963819648014,2671.053886609273,10.372142857142894
2025.01.13 08:00,2686.73,2691.14,2682.86,2684.71,2677.5880339200003,2682.2191055718413,2672.2953514629753,10.542857142857171
2025.01.13 12:00,2684.6,2684.99,2663.68,2668.99,2697.9,2679.5732844574727,2671.994864966341,11.587142857142878
2025.01.13 16:00,2669.02,2674.02,2659.14,2660.73,2697.2156,2675.8046275659785,2670.9707863330373,12.03500000000002
2025.01.13 20:00,2660.74,2664.06,2656.65,2662.88,2695.692576,2673.219702052783,2670.235260302761,11.579285714285726
2025.01.14 00:00,2663.14,2671.98,2662.29,2670.57,2693.35002144,2672.6897616422266,2670.2656911843283,11.341428571428589
2025.01.14 04:00,2670.58,2675.13,2667.22,2668.41,2691.1480201536,2671.8338093137813,2670.096991985753,11.35928571428573
2025.01.14 08:00,2668.52,2674.3,2664.68,2667.2,2689.078138944384,2670.9070474510254,2669.833629077957,11.791428571428634
2025.01.14 12:00,2667.18,2674.29,2660.73,2662.83,2687.1324506077212,2669.29163796082,2669.1969355254155,12.377142857142907
2025.01.14 16:00,2662.74,2673.9,2659.72,2668.89,2685.303503571258,2669.211310368656,2669.1690322958325,12.747857142857196
2025.01.14 20:00,2668.9,2678.09,2666.58,2677.05,2683.5842933569825,2670.779048294925,2669.885483905302,12.14714285714292
2025.01.15 00:00,2678.31,2679.27,2669.72,2669.82,2681.9682357555635,2670.58723863594,2669.8795308230015,11.594285714285794
2025.01.15 04:00,2669.86,2679.15,2669.21,2679.11,2680.4491416102296,2672.2917909087523,2670.718664384547,11.38714285714293
2025.01.15 08:00,2679.14,2688.37,2678.99,2685.74,2656.65,2674.981432727002,2672.084240349588,11.067142857142928
2025.01.15 12:00,2685.76,2694.07,2681.99,2693.63,2657.2844,2678.7111461816016,2674.0429457723526,11.37857142857154
2025.01.15 16:00,2693.68,2695.92,2676.59,2692.51,2658.755824,2681.4709169452813,2675.721768883957,12.167857142857267
2025.01.15 20:00,2692.49,2697.31,2690.96,2696.56,2660.98567456,2684.488733556225,2677.6161535308697,11.099285714285836
2025.01.16 00:00,2695.15,2702.11,2692.64,2696.04,2663.8916205952,2686.79898684498,2679.291048664427,10.712857142857274
2025.01.16 04:00,2696.07,2698.3,2693.67,2694.57,2667.7134585356803,2688.3531894759844,2680.680044240388,10.514285714285863
2025.01.16 08:00,2694.6,2706.03,2689.83,2705.24,2671.1531126821124,2691.7305515807875,2682.9127674912615,10.97928571428588
2025.01.16 12:00,2705.23,2718.23,2700.1,2715.21,2675.338339160259,2696.42644126463,2685.84887953751,11.709285714285866
2025.01.16 16:00,2715.16,2724.54,2712.49,2721.63,2681.3431716778227,2701.467153011704,2689.1017086704637,11.882857142857283
2025.01.16 20:00,2721.74,2723.16,2712.26,2714.44,2688.254664209371,2704.061722409363,2691.4051897004215,11.69285714285726
2025.01.17 00:00,2713.82,2715.94,2709.72,2714.5,2694.060317935872,2706.1493779274906,2693.504717909474,11.12428571428583
2025.01.17 04:00,2714.58,2717.19,2711.08,2711.53,2698.9370670661324,2707.2255023419925,2695.143379917704,10.738571428571538
2025.01.17 08:00,2711.54,2714.46,2703.86,2704.57,2703.033536335551,2706.6944018735944,2696.000345379731,10.813571428571517
2025.01.17 12:00,2704.57,2711.97,2702.73,2704.89,2724.54,2706.3335214988756,2696.808495799755,10.763571428571497
2025.01.17 16:00,2704.78,2717.22,2702.58,2712.35,2724.1038,2707.5368171991004,2698.221359817959,11.139285714285766
2025.01.17 20:00,2712.36,2713.15,2698.91,2702.18,2723.242848,2706.4654537592805,2698.5812361981443,11.29357142857147
2025.01.20 00:00,2701.63,2702.8,2689.25,2693.48,2721.7828771199997,2703.8683630074243,2698.1174874528583,10.880714285714346
2025.01.20 04:00,2693.73,2707.39,2693.37,2707.2,2719.1802469503996,2704.5346904059397,2698.943170411689,11.428571428571495
2025.01.20 08:00,2707.22,2713.63,2702.67,2705.88,2716.785827194368,2704.8037523247517,2699.573791283354,11.53500000000005
2025.01.20 12:00,2705.91,2712.35,2701.75,2704.93,2714.5829610188184,2704.8290018598013,2700.0607193485034,11.961428571428607
2025.01.20 16:00,2704.93,2711.72,2703.22,2707.16,2713.63,2705.295201487841,2700.7061084986394,11.411428571428587
2025.01.20 20:00,2707.23,2710.86,2704.92,2708.13,2712.35,2705.862161190273,2701.381007726036,10.540714285714298
2025.01.21 00:00,2706.28,2719.08,2702.66,2717.86,2689.25,2708.2617289522186,2702.8790979327596,10.852857142857147
2025.01.21 04:00,2717.82,2729.01,2717.61,2725.86,2689.8466,2711.781383161775,2704.968270847963,10.888571428571465
2025.01.21 08:00,2725.99,2732.68,2717.64,2721.22,2691.4131359999997,2713.6691065294203,2706.4457007708756,11.518571428571445
2025.01.21 12:00,2721.15,2729.92,2716.37,2726.16,2693.8891478399996,2716.1672852235365,2708.237909791705,12.05000000000002
2025.01.21 16:00,2726.12,2745.63,2725.14,2740.12,2696.2165989695995,2720.957828178829,2711.1362816288224,12.756428571428614
2025.01.21 20:00,2740.08,2745.87,2739.78,2744.81,2700.1696710520314,2725.7282625430635,2714.197528753475,12.531428571428608
2025.01.22 00:00,2743.84,2749.87,2741.82,2747.9,2704.7397039468283,2730.1626100344506,2717.2613897758865,12.060714285714312
2025.01.22 04:00,2747.87,2758.49,2746.24,2757.92,2710.155339473209,2735.7140880275606,2720.9576270689877,11.918571428571438
2025.01.22 08:00,2757.92,2762.12,2745.44,2758.32,2716.9221919469596,2740.235270422049,2724.3542064263524,12.142142857142842
2025.01.22 12:00,2758.33,2763.24,2750.87,2757.68,2724.153841235446,2743.724216337639,2727.3838240239565,12.024285714285693
2025.01.22 16:00,2757.67,2760.2,2750.37,2756.36,2731.1893498130657,2746.251373070111,2730.0180218399605,11.9435714285714
2025.01.22 20:00,2756.36,2759.22,2754.71,2756.12,2736.9584668467137,2748.225098456089,2732.3909289454186,11.508571428571388
2025.01.23 00:00,2755.74,2756.37,2750.51,2752.6,2741.6891428143053,2749.1000787648713,2734.2281172231073,11.319999999999936
2025.01.23 04:00,2752.54,2754.78,2749.48,2751.89,2745.5682971077304,2749.6580630118974,2735.8337429300977,11.274285714285659
2025.01.23 08:00,2751.9,2755.38,2740.84,2745.78,2763.24,2748.882450409518,2736.7379481182707,11.139999999999937
2025.01.23 12:00,2745.69,2754.34,2735.67,2741.54,2762.792,2747.4139603276144,2737.1744982893365,11.65928571428565
2025.01.23 16:00,2741.54,2758.87,2740.21,2757.58,2761.70712,2749.4471682620915,2739.0295438993967,11.91785714285707
2025.01.23 20:00,2757.59,2758.09,2751.23,2754.55,2760.6656352,2750.4677346096732,2740.440494453997,11.439999999999923
2025.01.24 00:00,2754.0,2762.41,2753.31,2762.18,2735.67,2752.810187687739,2742.416813139997,10.626428571428471
2025.01.24 04:00,2762.19,2777.22,2762.19,2775.08,2736.2048,2757.264150150191,2745.386193763634,11.265714285714205
2025.01.24 08:00,2775.03,2778.17,2769.94,2772.67,2737.845408,2760.3453201201532,2747.866539785122,11.278571428571368
2025.01.24 12:00,2772.68,2784.51,2771.53,2782.25,2740.2648835200002,2764.7262560961226,2750.992308895565,11.330714285714226
2025.01.24 16:00,2782.34,2785.81,2769.73,2773.28,2743.8044928384,2766.4370048768983,2753.0184626323316,11.28785714285709
2025.01.24 20:00,2773.29,2775.17,2770.37,2770.95,2748.00504355456,2767.339603901519,2754.6486023930283,10.747142857142826
2025.01.27 00:00,2769.67,2772.4,2762.76,2762.88,2751.785539199104,2766.447683121215,2755.396911266389,10.733571428571393
2025.01.27 04:00,2762.88,2763.55,2752.73,2753.11,2785.81,2763.780146496972,2755.1890102421717,11.184285714285707
2025.01.27 08:00,2753.03,2764.84,2747.17,2763.18,2785.1484,2763.6601171975776,2755.9154638565196,12.027857142857163
2025.01.27 12:00,2763.16,2771.84,2752.16,2757.21,2783.629264,2762.370093758062,2756.0331489604723,13.055000000000028
2025.01.27 16:00,2757.14,2757.81,2730.29,2733.52,2782.1708934400003,2756.60007500645,2753.986499054975,13.982142857142886
2025.01.27 20:00,2733.46,2743.9,2732.88,2740.87,2779.0580398336,2753.45406000516,2752.794090049977,13.435714285714308
2025.01.28 00:00,2740.09,2745.18,2738.98,2741.36,2776.1319574435843,2751.035248004128,2751.7546273181606,12.545714285714306
2025.01.28 04:00,2741.3,2744.71,2737.74,2741.57,2773.381439996969,2749.1421984033022,2750.8287521074185,12.553571428571457
2025.01.28 08:00,2741.45,2744.97,2734.74,2743.31,2770.795953597151,2747.975758722642,2750.145229188562,12.63428571428575
2025.01.28 12:00,2743.31,2749.4,2740.88,2748.77,2768.3655963813217,2748.1346069781134,2750.020208353238,12.168571428571466
2025.01.28 16:00,2748.79,2759.9,2748.79,2759.59,2766.0810605984425,2750.425685582491,2750.8901894120345,12.37571428571433
2025.01.28 20:00,2759.7,2764.96,2759.21,2763.27,2730.29,2752.994548465993,2752.015626738213,11.859285714285758
2025.01.29 00:00,2762.86,2766.19,2762.08,2763.7,2730.9834,2755.135638772794,2753.077842489284,11.004285714285771
2025.01.29 04:00,2763.7,2765.55,2760.04,2760.57,2732.391664,2756.2225110182353,2753.7589477175306,11.05500000000006
2025.01.29 08:00,2760.72,2766.05,2757.29,2762.68,2733.74359744,2757.5140088145886,2754.5699524704823,10.992142857142943
2025.01.29 12:00,2762.65,2763.23,2752.01,2758.63,2735.0414535424,2757.7372070516712,2754.9390477004386,11.020714285714345
2025.01.29 16:00,2758.58,2761.05,2748.18,2752.75,2736.287395400704,2756.7397656413373,2754.740043364035,10.67785714285722
2025.01.29 20:00,2752.75,2759.75,2744.56,2759.69,2737.483499584676,2757.32981251307,2755.1900394218496,10.357142857142918
2025.01.30 00:00,2758.39,2762.57,2757.62,2760.1,2738.6317596012886,2757.883850010456,2755.636399474409,8.745000000000081
2025.01.30 04:00,2760.11,2763.32,2758.65,2760.45,2739.734089217237,2758.3970800083653,2756.0739995221898,8.291428571428659
2025.01.30 08:00,2760.43,2776.52,2760.12,2774.13,2740.7923256485474,2761.5436640066923,2757.7154541110817,9.020000000000106
2025.01.30 12:00,2774.06,2785.93,2773.77,2785.75,2742.9359861096345,2766.384931205354,2760.2640491918924,9.390714285714363
2025.01.30 16:00,2785.76,2798.4,2779.94,2795.55,2746.3755072208637,2772.2179449642836,2763.47186290172,9.978571428571508
2025.01.30 20:00,2795.59,2798.37,2789.65,2794.48,2751.5779564987774,2776.670355971427,2766.290784456109,9.99285714285721
2025.01.31 00:00,2794.73,2799.48,2791.6,2796.33,2756.2601608489,2780.602284777142,2769.0216222328263,9.760714285714352
2025.01.31 04:00,2796.32,2798.17,2793.8,2795.51,2761.4465415470318,2783.5838278217134,2771.4296565752966,9.662142857142916
2025.01.31 08:00,2795.48,2800.79,2791.54,2793.59,2766.010556561388,2785.5850622573707,2773.4442332502695,10.029285714285765
2025.01.31 12:00,2793.6,2808.34,2790.85,2806.24,2770.879678642794,2789.7160498058965,2776.425666591154,10.885000000000051
2025.01.31 16:00,2806.32,2817.11,2802.84,2808.59,2776.873330059947,2793.4908398447174,2779.349696901049,11.278571428571462
2025.01.31 20:00,2808.54,2808.82,2794.25,2798.63,2784.1159306491563,2794.518671875774,2781.1024517282262,11.517857142857203
2025.02.03 00:00,2803.59,2803.59,2778.1,2782.16,2817.11,2792.046937500619,2781.1985924802057,12.419285714285767
2025.02.03 04:00,2782.15,2784.96,2772.02,2783.05,2816.3298,2790.2475500004957,2781.3669022547324,12.25857142857148
2025.02.03 08:00,2783.05,2800.85,2782.86,2796.18,2814.557408,2791.4340400003966,2782.713547504302,13.190000000000017
2025.02.03 12:00,2796.17,2811.81,2792.88,2810.89,2812.85591168,2795.325232000317,2785.275043185729,14.208571428571428
2025.02.03 16:00,2810.88,2830.62,2809.85,2816.97,2772.02,2799.6541856002536,2788.1564028961175,14.520714285714277
2025.02.03 20:00,2816.93,2822.83,2812.36,2814.29,2773.192,2802.5813484802034,2790.532184451016,14.399999999999988
2025.02.04 00:00,2813.79,2824.06,2811.46,2823.25,2774.34056,2806.715078784163,2793.5065313191053,13.98142857142855
2025.02.04 04:00,2823.22,2824.44,2813.35,2815.78,2775.4661488,2808.5280630273305,2795.5313921082775,14.150714285714288
2025.02.04 08:00,2815.73,2821.66,2807.1,2820.29,2776.569225824,2810.8804504218647,2797.7821746438885,14.627857142857135
2025.02.04 12:00,2820.32,2836.88,2812.69,2831.41,2777.65024130752,2814.986360337492,2800.839249676262,16.043571428571433
2025.02.04 16:00,2831.41,2845.26,2828.77,2844.0,2780.0194316552193,2820.789088269994,2804.762954251147,16.560714285714308
2025.02.04 20:00,2843.96,2844.93,2840.83,2841.92,2783.933865755906,2825.015270615995,2808.140867501043,15.604285714285714
2025.02.05 00:00,2841.18,2848.86,2839.56,2844.31,2787.6134338105517,2828.874216492796,2811.4289704554935,15.249285714285728
2025.02.05 04:00,2844.37,2860.34,2843.84,2859.28,2792.5131591057075,2834.9553731942374,2815.7790640504486,15.387142857142859
2025.02.05 08:00,2859.26,2872.13,2854.79,2870.24,2799.295843195137,2842.01229855539,2820.7300582276807,14.804999999999994
2025.02.05 12:00,2870.26,2876.94,2858.53,2861.79,2808.0359420117206,2845.967838844312,2824.4627802069826,15.195714285714265
2025.02.05 16:00,2861.77,2882.34,2860.61,2872.91,2817.6825101300797,2851.3562710754495,2828.8670729154387,15.462857142857139
2025.02.05 20:00,2872.94,2873.43,2859.85,2867.3,2828.027708509267,2854.5450168603597,2832.3609753776714,15.080714285714288
2025.02.06 00:00,2865.49,2871.65,2863.56,2871.54,2836.7176751477846,2857.944013488288,2835.922704888792,14.175000000000015
2025.02.06 04:00,2871.48,2873.13,2864.23,2868.22,2844.017247124139,2859.99921079063,2838.858822626174,14.062857142857178
2025.02.06 08:00,2868.22,2871.18,2848.79,2859.27,2882.34,2859.853368632504,2840.7143842056125,14.762142857142889
2025.02.06 12:00,2859.28,2870.12,2855.45,2856.59,2881.6690000000003,2859.2006949060037,2842.1576220051024,15.017857142857169
2025.02.06 16:00,2856.59,2859.6,2834.02,2852.23,2881.0114200000003,2857.806555924803,2843.0732927319114,15.805000000000025
2025.02.06 20:00,2852.22,2857.24,2849.69,2855.79,2879.1317632000005,2857.403244739842,2844.2293570290103,14.616428571428573
2025.02.07 00:00,2856.25,2868.05,2855.36,2866.09,2877.3272926720006,2859.1405957918737,2846.2166882081915,14.344999999999988
2025.02.07 04:00,2866.1,2870.49,2861.92,2861.92,2875.5950009651206,2859.696476633499,2847.6442620074467,14.664285714285688
2025.02.07 08:00,2861.88,2870.76,2858.88,2868.79,2873.9320009265157,2861.515181306799,2849.5666018249512,14.848571428571397
2025.02.07 12:00,2868.82,2870.55,2852.41,2862.5,2872.335520889455,2861.7121450454392,2850.74236529541,14.965714285714277
2025.02.07 16:00,2862.5,2886.66,2853.2,2859.88,2834.02,2861.3457160363514,2851.5730593594635,16.11714285714284
2025.02.07 20:00,2859.85,2865.06,2858.94,2860.91,2835.0728,2861.258572829081,2852.421872144967,15.239285714285701
2025.02.10 00:00,2857.59,2876.42,2853.76,2871.73,2836.104544,2863.352858263265,2854.1771564954247,15.305714285714261
2025.02.10 04:00,2871.74,2879.9,2871.18,2879.1,2837.11565312,2866.502286610612,2856.442869541295,14.958571428571428
2025.02.10 08:00,2879.2,2903.09,2878.84,2902.79,2838.1065400576,2873.7598292884895,2860.6562450375404,16.11285714285713
2025.02.10 12:00,2902.83,2910.87,2898.19,2900.98,2840.705878455296,2879.2038634307914,2864.3220409432183,16.382857142857112
2025.02.10 16:00,2900.96,2911.78,2896.2,2903.17,2844.9157257479783,2883.997090744633,2867.853673584744,15.896428571428578
2025.02.10 20:00,2903.18,2908.23,2900.83,2907.87,2850.26486768814,2888.7716725957066,2871.491521440676,15.377142857142864
2025.02.11 00:00,2907.14,2935.94,2906.87,2933.83,2855.1860782730887,2897.7833380765655,2877.15865585516,15.626428571428596
2025.02.11 04:00,2933.86,2942.46,2905.13,2922.78,2863.2614704457797,2902.7826704612526,2881.3060507774176,17.75357142857147
2025.02.11 08:00,2922.77,2929.19,2902.83,2903.06,2872.765293992286,2902.8381363690023,2883.283682524925,18.730000000000047
2025.02.11 12:00,2903.03,2906.94,2881.55,2896.42,2881.1286587132117,2901.554509095202,2884.4778932044774,19.93142857142863
2025.02.11 16:00,2896.41,2908.54,2890.73,2905.55,2881.55,2902.3536072761617,2886.3935392767976,20.355000000000047
2025.02.11 20:00,2905.5,2907.13,2893.95,2897.26,2881.55,2901.3348858209297,2887.3813993425433,20.00071428571433
2025.02.12 00:00,2896.47,2900.6,2883.63,2893.18,2942.46,2899.703908656744,2887.9085448568576,18.82285714285717
2025.02.12 04:00,2893.21,2897.74,2883.61,2886.15,2941.2834000000003,2896.9931269253952,2887.7486771425974,19.39500000000001
2025.02.12 08:00,2886.13,2895.58,2885.51,2886.68,2938.9764640000003,2894.930501540316,2887.6515246750887,18.495714285714286
2025.02.12 12:00,2886.68,2889.9,2863.72,2884.66,2936.7618054400004,2892.8764012322526,2887.379567886444,19.742857142857144
2025.02.12 16:00,2884.67,2909.01,2881.84,2902.74,2932.3792971136004,2894.849120985802,2888.7759708058584,19.95142857142858
2025.02.12 20:00,2902.72,2904.29,2893.39,2904.18,2928.259739286784,2896.7152967886414,2890.176337096235,19.82428571428574
2025.02.13 00:00,2903.44,2908.93,2900.45,2906.06,2924.387354929577,2898.584237430913,2891.6203064511224,19.317142857142855
2025.02.13 04:00,2906.05,2922.61,2905.13,2917.91,2863.72,2902.4493899447307,2894.0102785919294,20.03714285714285
2025.02.13 08:00,2917.9,2920.29,2909.42,2915.15,2864.8977999999997,2904.989511955785,2895.9320714472087,18.737142857142832
2025.02.13 12:00,2915.13,2921.19,2905.71,2908.39,2866.0520439999996,2905.669609564628,2897.064610406553,17.176428571428552
2025.02.13 16:00,2908.38,2920.87,2906.32,2918.9,2867.1832031199997,2908.315687651703,2899.049645824139,16.332857142857094
2025.02.13 20:00,2918.8,2929.48,2914.17,2928.21,2868.2917390576,2912.294550121362,2901.7005871128536,15.612857142857099
2025.02.14 00:00,2927.24,2933.71,2926.71,2929.67,2870.739269495296,2915.76964009709,2904.243261011685,14.840714285714245
2025.02.14 04:00,2929.68,2932.23,2923.19,2930.85,2874.5175133255784,2918.785712077672,2906.6620554651677,14.544999999999936
2025.02.14 08:00,2930.92,2938.62,2929.81,2935.16,2878.0690625260436,2922.060569662138,2909.252777695607,13.962142857142803
2025.02.14 12:00,2935.2,2939.86,2917.48,2920.44,2882.91313752396,2921.7364557297105,2910.269797905097,14.55142857142855
2025.02.14 16:00,2920.42,2928.33,2885.25,2886.89,2939.86,2914.7671645837686,2908.1443617319064,16.90928571428571
2025.02.14 20:00,2886.86,2887.74,2876.88,2882.41,2939.86,2908.295731667015,2905.8048743017334,15.81499999999995
2025.02.17 00:00,2882.86,2896.58,2878.1,2895.41,2937.3408,2905.718585333612,2904.8598857288484,15.19428571428566
2025.02.17 04:00,2895.39,2905.15,2893.84,2896.21,2934.922368,2903.8168682668897,2904.073532480771,15.223571428571365
2025.02.17 08:00,2896.24,2906.31,2888.17,2902.4,2932.60067328,2903.5334946135117,2903.9213931643376,15.913571428571354
2025.02.17 12:00,2902.4,2903.77,2895.35,2896.67,2930.3718463488003,2902.160795690809,2903.262175603943,15.2664285714285
2025.02.17 16:00,2896.67,2904.05,2896.39,2898.31,2928.2321724948483,2901.3906365526473,2902.811977821766,15.037142857142817
2025.02.17 20:00,2898.32,2898.97,2896.69,2897.81,2926.178085595054,2900.674509242118,2902.3572525652417,14.094285714285654
2025.02.18 00:00,2898.4,2900.21,2891.93,2895.55,2924.206162171252,2899.6496073936946,2901.7384114229467,13.646428571428546
2025.02.18 04:00,2895.66,2915.51,2895.15,2910.73,2922.313115684402,2901.865685914956,2902.555828566315,14.007142857142844
2025.02.18 08:00,2910.59,2915.25,2908.1,2912.51,2920.495791057026,2903.9945487319646,2903.4607532421046,14.017857142857135
2025.02.18 12:00,2912.5,2921.25,2907.01,2918.65,2876.88,2906.925638985572,2904.8415938564585,14.389285714285693
2025.02.18 16:00,2918.64,2933.59,2917.7,2931.06,2877.7674,2911.7525111884574,2907.225085324053,14.895000000000007
2025.02.18 20:00,2931.03,2936.89,2928.21,2935.14,2880.000304,2916.430008950766,2909.7628048400484,13.91642857142856
2025.02.19 00:00,2935.29,2939.47,2927.96,2938.25,2883.41368576,2920.794007160613,2912.3525498545896,11.661428571428548
2025.02.19 04:00,2938.27,2939.4,2923.99,2932.75,2887.8981908992,2923.185205728491,2914.2068635041724,11.986428571428593
2025.02.19 08:00,2932.73,2946.52,2930.43,2945.31,2892.023935627264,2927.6101645827925,2917.0344213674293,11.815714285714316
2025.02.19 12:00,2945.32,2946.84,2931.16,2936.15,2897.473542064538,2929.318131666234,2918.7722012431173,12.127857142857199
2025.02.19 16:00,2936.14,2940.54,2921.41,2923.73,2903.3975170167932,2928.200505332987,2919.2229102210154,12.198571428571501
2025.02.19 20:00,2923.73,2937.43,2918.47,2933.1,2908.610614974778,2929.18040426639,2920.4844638372865,12.951428571428641
2025.02.20 00:00,2932.96,2942.3,2932.69,2936.89,2913.1981411778047,2930.722323413112,2921.975876215715,13.090714285714343
2025.02.20 04:00,2936.89,2946.71,2933.84,2946.7,2917.2351642364683,2933.91785873049,2924.223523832468,13.847142857142925
2025.02.20 08:00,2946.8,2954.8,2943.78,2951.4,2920.787744528092,2937.414286984392,2926.694112574971,14.042857142857196
2025.02.20 12:00,2951.46,2954.66,2933.79,2933.89,2925.549460294159,2936.7094295875136,2927.3482841590644,14.079285714285751
2025.02.20 16:00,2933.88,2946.91,2923.95,2940.4,2954.8,2937.447543670011,2928.5348037809676,15.208571428571462
2025.02.20 20:00,2940.4,2942.31,2933.55,2939.09,2954.66,2937.776034936009,2929.494367073607,14.817142857142889
2025.02.21 00:00,2937.96,2949.59,2926.44,2928.36,2954.0458,2935.8928279488073,2929.3912427941877,15.3357142857143
2025.02.21 04:00,2928.36,2940.91,2924.09,2930.18,2953.443884,2934.750262359046,2929.462947994716,15.917142857142862
2025.02.21 08:00,2930.18,2932.94,2916.71,2929.26,2952.85400632,2933.6522098872365,2929.444498177015,16.254285714285736
2025.02.21 12:00,2929.25,2935.96,2926.9,2930.75,2951.4082460672,2933.0717679097893,2929.5631801609225,15.800714285714282
2025.02.21 16:00,2930.79,2941.61,2921.46,2939.76,2950.0203162245116,2934.4094143278317,2930.490163782657,16.090714285714277
2025.02.21 20:00,2939.77,2942.73,2931.96,2935.72,2948.687903575531,2934.671531462265,2930.965603438779,15.73999999999997
2025.02.24 00:00,2934.75,2940.25,2921.05,2927.89,2947.4087874325096,2933.315225169812,2930.6860031261626,15.74499999999995
2025.02.24 04:00,2927.78,2944.61,2925.01,2936.22,2946.1808359352094,2933.89618013585,2931.189093751057,15.790714285714227
2025.02.24 08:00,2936.19,2948.69,2935.2,2944.16,2916.71,2935.94894410868,2932.3682670464154,16.067857142857093
2025.02.24 12:00,2944.18,2954.44,2934.81,2954.26,2917.3496,2939.611155286944,2934.3584245876505,16.550714285714253
2025.02.24 16:00,2954.25,2956.07,2930.68,2943.29,2918.833216,2940.346924229555,2935.1703859887734,17.57714285714285
2025.02.24 20:00,2943.23,2952.86,2942.71,2952.47,2921.06742304,2942.7715393836443,2936.743078171612,16.81142857142858
2025.02.25 00:00,2952.62,2953.54,2945.09,2949.41,2923.1675776576,2944.0992315069157,2937.8946165196476,15.774999999999991
2025.02.25 04:00,2949.38,2952.15,2934.97,2937.85,2925.141722998144,2942.8493852055326,2937.890560472407,16.3764285714286
2025.02.25 08:00,2937.74,2942.24,2929.46,2938.92,2926.997419618255,2942.0635081644264,2937.984145884006,15.635714285714291
2025.02.25 12:00,2938.91,2941.44,2923.92,2937.3,2956.07,2941.110806531541,2937.9219508036417,15.685714285714312
2025.02.25 16:00,2937.33,2944.79,2888.11,2907.58,2955.427,2934.4046452252333,2935.1635916396745,18.575000000000014
2025.02.25 20:00,2907.59,2917.24,2905.33,2914.75,2952.73432,2930.4737161801863,2933.307810581522,18.778571428571436
2025.02.26 00:00,2914.42,2930.05,2913.39,2917.52,2950.1493472,2927.882972944149,2931.8725550741106,18.529285714285738
2025.02.26 04:00,2917.53,2922.86,2912.43,2915.35,2947.667773312,2925.3763783553195,2930.370504612828,18.505000000000045
2025.02.26 08:00,2915.24,2918.87,2905.7,2913.02,2945.28546237952,2922.9051026842553,2928.793186011662,18.07428571428578
2025.02.26 12:00,2913.03,2916.63,2905.36,2905.8,2942.9984438843394,2919.484082147404,2926.7028963742378,17.479285714285783
2025.02.26 16:00,2905.83,2916.61,2890.71,2913.6,2940.802906128966,2918.307265717923,2925.51172397658,18.365714285714343
2025.02.26 20:00,2913.61,2918.65,2911.97,2916.14,2938.695189883807,2917.873812574339,2924.659749069618,17.440714285714357
2025.02.27 00:00,2916.12,2920.65,2911.01,2912.52,2936.671782288455,2916.803050059471,2923.5561355178347,16.315714285714325
2025.02.27 04:00,2912.53,2914.69,2888.45,2890.79,2934.7293109969164,2911.6004400475767,2920.5773959253042,17.46500000000005
2025.02.27 08:00,2890.83,2898.26,2877.02,2887.1,2932.86453855704,2906.7003520380617,2917.533996295731,18.378571428571508
2025.02.27 12:00,2887.15,2894.87,2881.0,2888.8,2929.5138662436175,2903.12028163045,2914.921814814301,18.142142857142908
2025.02.27 16:00,2888.8,2892.3,2867.63,2883.19,2926.3642342690005,2899.13422530436,2912.037104376637,18.991428571428646
2025.02.27 20:00,2883.18,2887.57,2871.15,2876.91,2921.6654955274803,2894.689380243488,2908.8437312514884,18.912857142857224
2025.02.28 00:00,2876.79,2884.9,2873.78,2874.69,2917.342655885282,2890.6895041947905,2905.7388465922622,15.658571428571513
2025.02.28 04:00,2874.66,2877.73,2856.84,2864.01,2913.3656434144596,2885.3536033558325,2901.9453150838744,16.300000000000086
2025.02.28 08:00,2864.07,2866.49,2850.93,2862.28,2907.7130790730134,2880.7388826846664,2898.3393773489765,16.221428571428632
2025.02.28 12:00,2862.27,2864.8,2848.19,2848.4,2900.8991095842516,2874.271106147733,2893.799433953615,16.66285714285719
2025.02.28 16:00,2848.48,2853.8,2832.55,2844.95,2893.5198342424565,2868.4068849181863,2889.3585763214683,17.240000000000045
2025.02.28 20:00,2844.96,2859.21,2837.82,2857.82,2883.7646607636634,2866.289507934549,2886.4914330195165,17.962857142857178
2025.03.03 00:00,2855.41,2876.82,2854.93,2870.71,2832.55,2867.173606347639,2885.0567572904692,17.676428571428623
2025.03.03 04:00,2870.72,2871.84,2859.22,2863.77,2833.4354000000003,2866.492885078111,2883.12159753679,18.100714285714343
2025.03.03 08:00,2863.76,2871.38,2858.84,2867.34,2834.303092,2866.662308062489,2881.686906851627,18.307857142857205
2025.03.03 12:00,2867.39,2877.53,2867.15,2872.46,2835.15343016,2867.8218464499914,2880.8480971378426,17.175000000000054
2025.03.03 16:00,2872.4,2893.12,2871.19,2890.69,2836.8484929536,2872.3954771599933,2881.7428155798566,17.224285714285738
2025.03.03 20:00,2890.7,2895.08,2878.25,2893.32,2840.224783376384,2876.580381727995,2882.7952868907787,17.43571428571431
2025.03.04 00:00,2892.78,2893.6,2881.73,2888.25,2844.6132007062733,2878.914305382396,2883.291169900708,16.521428571428583
2025.03.04 04:00,2888.25,2894.26,2884.68,2889.55,2848.6505446497713,2881.0414443059167,2883.8601544551893,16.032857142857175
2025.03.04 08:00,2889.54,2921.16,2884.24,2917.86,2852.3649010777895,2888.4051554447337,2886.9510495047175,17.87571428571433
2025.03.04 12:00,2917.85,2927.74,2911.98,2922.44,2859.2444109700104,2895.2121243557867,2890.1773177315613,17.509285714285753
2025.03.04 16:00,2922.56,2922.88,2899.96,2911.46,2867.463881653609,2898.461699484629,2892.1121070286918,18.035000000000046
2025.03.04 20:00,2911.51,2920.41,2908.11,2917.52,2874.697015855176,2902.2733595877035,2894.4219154806287,17.727142857142876
2025.03.05 00:00,2917.3,2918.23,2903.34,2907.08,2881.0621739525545,2903.234687670163,2895.5726504369354,17.272857142857152
2025.03.05 04:00,2907.1,2918.68,2901.94,2918.57,2886.663513078248,2906.3017501361305,2897.663318579032,16.94071428571429
2025.03.05 08:00,2918.56,2922.48,2912.93,2918.69,2891.592691508858,2908.779400108904,2899.5748350718472,16.059285714285707
2025.03.05 12:00,2918.77,2919.08,2894.18,2899.87,2927.74,2906.9975200871236,2899.601668247134,16.936428571428547
2025.03.05 16:00,2899.87,2929.79,2897.6,2915.89,2894.18,2908.776016069699,2901.082425679213,18.339999999999982
2025.03.05 20:00,2915.96,2923.0,2911.33,2918.89,2894.18,2910.798812855759,2902.7012960720117,18.432142857142836
2025.03.06 00:00,2918.97,2925.53,2915.85,2924.48,2894.8922,2913.5350502846077,2904.6811782472832,17.557142857142868
2025.03.06 04:00,2924.49,2926.45,2914.41,2919.76,2895.5901559999998,2914.7800402276866,2906.0519802248027,17.215000000000014
2025.03.06 08:00,2919.77,2922.85,2891.22,2894.12,2929.79,2910.6480321821496,2904.9672547498203,18.6264285714286
2025.03.06 12:00,2894.05,2909.43,2891.89,2904.45,2929.0186,2909.40842574572,2904.920231590746,19.195
2025.03.06 16:00,2904.36,2922.65,2903.35,2915.5,2928.262628,2910.626740596576,2905.88202871886,17.93642857142858
2025.03.06 20:00,2915.57,2920.56,2908.3,2910.87,2927.52177544,2910.6753924772606,2906.335480653509,17.68642857142858
2025.03.07 00:00,2910.39,2913.38,2896.19,2906.77,2926.7957399312,2909.8943139818084,2906.3749824122806,17.277142857142863
2025.03.07 04:00,2906.75,2912.4,2901.21,2909.47,2926.0842251325757,2909.8094511854465,2906.6563476475276,17.19785714285717
2025.03.07 08:00,2909.47,2922.9,2907.67,2921.41,2925.386940629924,2912.1295609483573,2907.9975887704795,17.222142857142895
2025.03.07 12:00,2921.39,2926.25,2910.07,2913.63,2891.22,2912.429648758686,2908.509626154981,17.1821428571429
2025.03.07 16:00,2913.6,2930.24,2903.73,2908.16,2891.9206,2911.575719006949,2908.477841959074,18.39357142857144
2025.03.07 20:00,2908.02,2912.55,2901.95,2911.09,2893.453376,2911.478575205559,2908.7153108718853,17.37214285714289
2025.03.10 00:00,2910.96,2918.17,2909.4,2911.98,2894.92484096,2911.5788601644476,2909.0121007926227,15.699285714285741
2025.03.10 04:00,2911.98,2914.45,2906.79,2909.76,2896.3374473216,2911.2150881315583,2909.080091629657,15.412857142857154
2025.03.10 08:00,2909.76,2915.42,2896.6,2911.08,2930.24,2911.1880705052467,2909.2619014815064,16.06571428571429
2025.03.10 12:00,2911.08,2911.16,2895.46,2903.58,2929.5672,2909.6664564041976,2908.7453649831878,16.32714285714285
2025.03.10 16:00,2903.54,2910.45,2882.7,2885.99,2928.2029119999997,2904.931165123358,2906.6766954392615,16.049999999999983
2025.03.10 20:00,2886.06,2890.81,2880.16,2889.15,2925.47273728,2901.7749320986863,2905.083359490238,15.557857142857134
2025.03.11 00:00,2888.52,2890.88,2879.74,2890.52,2921.8477182976,2899.523945678949,2903.7594177183983,14.975000000000001
2025.03.11 04:00,2890.43,2900.35,2889.78,2895.73,2917.6369464678396,2898.7651565431597,2903.0294706530894,14.854285714285712
2025.03.11 08:00,2895.73,2912.45,2893.4,2911.66,2913.8472518210556,2901.344125234528,2903.814064230081,14.987142857142832
2025.03.11 12:00,2911.64,2922.18,2906.71,2917.6,2879.74,2904.5953001876223,2905.067331118255,15.2928571428571
2025.03.11 16:00,2917.6,2920.83,2911.72,2917.67,2880.5888,2907.210240150098,2906.2130282893227,14.855714285714251
2025.03.11 20:00,2917.67,2921.26,2915.04,2915.55,2881.420624,2908.8781921200784,2907.0618438993843,14.14428571428571
2025.03.12 00:00,2915.77,2919.61,2910.74,2914.7,2882.23581152,2910.042553696063,2907.7562217267127,12.88428571428575
2025.03.12 04:00,2914.58,2919.94,2912.0,2915.93,2883.0346952895998,2911.2200429568506,2908.49929247883,12.694285714285728
2025.03.12 08:00,2915.99,2925.23,2908.84,2914.61,2883.817601383808,2911.8980343654807,2909.0548113443906,13.238571428571435
2025.03.12 12:00,2914.44,2923.07,2905.97,2915.51,2885.4740973284556,2912.6204274923844,2909.6416466767187,13.912857142857185
2025.03.12 16:00,2915.42,2940.4,2914.22,2936.01,2887.0643334353176,2917.298341993908,2912.038769706108,14.43857142857148
2025.03.12 20:00,2936.01,2937.25,2930.66,2933.13,2890.2644734291985,2920.4646735951264,2913.95615427828,13.787857142857218
2025.03.13 00:00,2933.53,2941.33,2932.3,2937.72,2893.2726050234464,2923.915738876101,2916.116503889345,12.450714285714342
2025.03.13 04:00,2937.77,2947.02,2937.35,2939.99,2897.1171966215707,2927.130591100881,2918.2868217175865,12.38071428571434
2025.03.13 08:00,2939.99,2948.74,2932.83,2947.72,2902.107476959414,2931.2484728807044,2920.962565197806,12.721428571428593
2025.03.13 12:00,2947.72,2952.28,2938.97,2950.34,2907.7033797242843,2935.0667783045637,2923.633241088914,12.917142857142927
2025.03.13 16:00,2950.34,2985.12,2949.78,2979.34,2913.9441065628844,2943.921422643651,2928.6974918990127,14.080714285714354
2025.03.13 20:00,2979.35,2989.08,2978.91,2988.5,2925.3322495128227,2952.837138114921,2934.1340835445567,13.702142857142945
2025.03.14 00:00,2988.44,2990.0,2981.61,2987.82,2936.8068446005145,2959.8337104919365,2939.0146214041424,13.650714285714356
2025.03.14 04:00,2987.81,2993.77,2981.73,2986.27,2947.4454756804116,2965.120968393549,2943.3105649128565,14.06642857142862
2025.03.14 08:00,2986.28,2999.36,2980.76,2998.65,2956.7103805443294,2971.8267747148393,2948.3414226480513,14.761428571428588
2025.03.14 12:00,2998.66,3004.8,2983.1,2985.11,2965.2403044354637,2974.4834197718715,2951.684020589137,15.744285714285747
2025.03.14 16:00,2984.48,2993.21,2978.34,2986.48,2973.152243548371,2976.882735817497,2954.84729144467,15.63571428571432
2025.03.14 20:00,2986.54,2988.61,2981.49,2985.76,2978.34,2978.658188653998,2957.657537676973,14.922857142857175
2025.03.17 00:00,2983.56,2994.02,2982.98,2990.73,2978.34,2981.072550923199,2960.6641251608844,13.841428571428581
2025.03.17 04:00,2990.77,2991.93,2982.2,2985.97,2981.49,2982.0520407385593,2962.9646592371673,14.065714285714286
2025.03.17 08:00,2985.98,2996.84,2983.02,2995.59,2982.2,2984.7596325908476,2965.9305993065154,14.407857142857173
2025.03.17 12:00,2995.61,3001.07,2984.66,2988.37,2982.2,2985.481706072678,2967.9705448241048,14.889285714285762
2025.03.17 16:00,2988.29,3000.45,2987.01,2997.81,2983.02,2987.9473648581425,2970.683222567368,14.712857142857173
2025.03.17 20:00,2997.79,3001.8,2996.69,3000.78,2984.66,2990.513891886514,2973.419293243062,14.127142857142868
2025.03.18 00:00,3000.95,3008.4,2999.29,3005.65,2987.01,2993.5411135092113,2976.3493574936924,12.25357142857147
2025.03.18 04:00,3005.65,3017.07,3002.69,3012.0,2991.288,2997.232890807369,2979.5903249942658,12.55428571428576
2025.03.18 08:00,3011.96,3028.38,3010.42,3020.14,2996.4444,3001.8143126458954,2983.276659085696,13.2378571428572
2025.03.18 12:00,3019.94,3038.12,3019.55,3033.14,3002.69,3008.0794501167165,2987.809690077905,13.704285714285753
2025.03.18 16:00,3033.13,3036.86,3024.52,3032.45,3009.776,3012.953560093373,2991.867900070823,13.257142857142913
2025.03.18 20:00,3032.43,3037.91,3032.25,3033.74,3015.4447999999998,3017.110848074699,2995.6744546098394,12.111428571428597
2025.03.19 00:00,3033.77,3034.96,3027.29,3029.3,3019.97984,3019.5486784597592,2998.7313223725814,11.597142857142895
2025.03.19 04:00,3029.22,3045.23,3028.86,3044.41,3023.607872,3024.5209427678074,3002.8839294296195,12.257857142857148
2025.03.19 08:00,3044.42,3044.68,3022.49,3030.42,3045.23,3025.700754214246,3005.387208572381,13.054285714285726
2025.03.19 12:00,3030.37,3040.94,3027.54,3033.22,3045.23,3027.204603371397,3007.917462338528,13.316428571428588
2025.03.19 16:00,3033.2,3038.27,3025.82,3030.21,3044.7752,3027.8056826971174,3009.944056671389,13.21857142857142
2025.03.19 20:00,3029.64,3051.8,3029.27,3047.17,3022.49,3031.678546157694,3013.3282333376264,13.65571428571427
2025.03.20 00:00,3047.1,3056.12,3047.03,3049.47,3023.0762,3035.2368369261553,3016.613848488751,13.34499999999999
2025.03.20 04:00,3049.49,3057.33,3044.82,3046.78,3024.397952,3037.5454695409244,3019.3562258988645,13.873571428571392
2025.03.20 08:00,3046.84,3051.36,3038.6,3041.28,3026.3738748799997,3038.2923756327395,3021.349296271695,14.134285714285683
2025.03.20 12:00,3041.27,3042.14,3025.53,3032.69,3057.33,3037.171900506192,3022.3802693379043,14.293571428571367
2025.03.20 16:00,3032.66,3043.09,3030.49,3041.55,3056.694,3038.0475204049535,3024.1229721253676,13.910714285714247
2025.03.20 20:00,3041.52,3046.0,3040.74,3044.3,3056.07072,3039.298016323963,3025.957247386698,12.959999999999997
2025.03.21 00:00,3044.1,3047.35,3035.87,3035.89,3055.4599056,3038.6164130591706,3026.860224896998,12.898571428571417
2025.03.21 04:00,3035.78,3036.88,3021.55,3027.98,3054.861307488,3036.4891304473367,3026.9620226336347,13.589285714285708
2025.03.21 08:00,3027.99,3034.74,3026.96,3029.45,3053.52885518848,3035.081304357869,3027.188202394213,13.597142857142828
2025.03.21 12:00,3029.45,3038.07,3004.1,3006.53,3052.249700980941,3029.3710434862955,3025.310183994739,14.85428571428571
2025.03.21 16:00,3006.36,3018.09,2999.26,3013.52,3049.3607189220843,3026.200834789037,3024.238349086126,14.614285714285701
2025.03.21 20:00,3013.58,3024.03,3013.34,3023.03,3045.3526614083175,3025.56666783123,3024.1284991692055,14.42071428571427
2025.03.24 00:00,3021.64,3026.19,3016.96,3020.79,3041.665248495652,3024.611334264984,3023.824999244732,14.190714285714284
2025.03.24 04:00,3020.88,3024.26,3013.68,3021.98,3038.272828616,3024.0850674119874,3023.6572720406652,13.337142857142869
2025.03.24 08:00,3021.86,3030.89,3017.17,3023.39,3035.15180232672,3023.94605392959,3023.632974582423,13.667857142857162
2025.03.24 12:00,3023.49,3033.14,3018.88,3022.49,2999.26,3023.654843143672,3023.5290678022025,13.792857142857162
2025.03.24 16:00,3022.44,3023.92,3005.69,3006.94,2999.9376,3020.3118745149377,3022.020970729275,14.183571428571433
2025.03.24 20:00,3006.93,3014.38,3002.34,3011.95,3000.6016480000003,3018.63949961195,3021.1054279357045,13.857142857142883
2025.03.25 00:00,3010.92,3014.77,3008.84,3011.7,3001.2524150400004,3017.2515996895604,3020.2503890324588,13.380714285714273
2025.03.25 04:00,3011.68,3020.87,3007.44,3018.17,3001.8901667392006,3017.4352797516485,3020.0612627567807,13.964285714285674
2025.03.25 08:00,3018.15,3023.44,3010.43,3023.2,3002.5151634044164,3018.5882238013187,3020.3466025061643,14.073571428571404
2025.03.25 12:00,3023.21,3030.54,3014.06,3028.3,3003.127660136328,3020.530579041055,3021.0696386419677,14.155714285714268
2025.03.25 16:00,3028.3,3035.92,3017.88,3022.55,3003.7279069336014,3020.9344632328443,3021.2042169472434,14.888571428571426
2025.03.25 20:00,3022.55,3022.74,3017.66,3019.85,3005.0155906562572,3020.7175705862755,3021.0811063156757,12.824999999999974
2025.03.26 00:00,3019.15,3025.36,3016.27,3024.68,3006.251767030007,3021.5100564690206,3021.408278468796,12.129285714285704
2025.03.26 04:00,3024.68,3026.82,3013.19,3022.65,3007.438496348807,3021.738045175217,3021.52116224436,12.339285714285708
2025.03.26 08:00,3022.62,3031.97,3017.38,3018.58,3008.577756494855,3021.1064361401736,3021.253783858509,12.722142857142828
2025.03.26 12:00,3018.3,3030.27,3015.78,3016.54,3009.6714462350606,3020.193148912139,3020.82525805319,13.0014285714285
2025.03.26 16:00,3016.5,3021.55,3012.16,3018.58,3010.721388385658,3019.8705191297113,3020.621143684718,12.692142857142823
2025.03.26 20:00,3018.6,3021.65,3015.61,3018.93,3011.7293328502315,3019.682415303769,3020.467403349743,12.10499999999998
2025.03.27 00:00,3018.58,3028.27,3017.49,3023.48,3012.16,3020.4419322430153,3020.7412757724937,11.572857142857137
2025.03.27 04:00,3023.49,3038.45,3023.15,3029.66,3013.1104,3022.285545794412,3021.552068884085,11.805714285714263
2025.03.27 08:00,3029.6,3040.9,3026.53,3039.87,3014.630776,3025.80243663553,3023.217335349168,12.40857142857141
2025.03.27 12:00,3039.91,3055.82,3033.35,3040.59,3016.73231392,3028.759949308424,3024.7966684992434,13.054285714285726
2025.03.27 16:00,3040.66,3059.54,3040.66,3052.76,3020.641082528,3033.5599594467394,3027.3387895447668,13.478571428571412
2025.03.27 20:00,3052.76,3057.77,3052.6,3056.67,3025.30895262464,3038.1819675573915,3030.005263222515,12.670714285714272
2025.03.28 00:00,3056.23,3073.99,3054.08,3073.88,3029.416678309683,3045.321574045913,3033.9938756568317,12.804285714285692
2025.03.28 04:00,3073.88,3081.92,3069.6,3077.73,3035.6569433463274,3051.8032592367304,3037.969886960756,13.321428571428566
2025.03.28 08:00,3077.58,3085.83,3065.83,3072.76,3043.059032410915,3055.9946073893843,3041.132624509778,14.10071428571427
2025.03.28 12:00,3072.72,3083.92,3067.24,3082.92,3050.7578065769503,3061.3796859115073,3044.931476827071,14.318571428571426
2025.03.28 16:00,3083.08,3086.7,3067.19,3077.27,3057.0708013930994,3064.557748729206,3047.8713425700644,14.670000000000002
2025.03.28 20:00,3077.34,3085.68,3073.4,3085.01,3062.9966411144796,3068.648198983365,3051.247584154604,14.512142857142857
2025.03.31 00:00,3086.49,3097.5,3077.36,3078.98,3067.19,3070.714559186692,3053.7687128678217,15.279999999999967
2025.03.31 04:00,3078.99,3115.78,3076.71,3113.3,3073.252,3079.2316473493534,3059.180648061656,17.639285714285695
2025.03.31 08:00,3113.32,3127.72,3107.46,3122.16,3076.71,3087.8173178794827,3064.9060436924146,18.31642857142852
2025.03.31 12:00,3122.19,3126.56,3111.72,3124.39,3076.71,3095.1318543035864,3070.3136760840134,18.283571428571406
2025.03.31 16:00,3124.15,3127.11,3099.72,3117.42,3086.912,3099.589483442869,3074.596069167285,19.213571428571438
2025.03.31 20:00,3117.38,3124.62,3115.81,3123.74,3095.0735999999997,3104.4195867542953,3079.0636992429863,18.23785714285713
2025.04.01 00:00,3122.68,3127.9,3119.93,3127.12,3099.72,3108.9596694034362,3083.4324538572605,17.453571428571447
2025.04.01 04:00,3127.06,3147.77,3126.43,3144.57,3105.3559999999998,3116.0817355227496,3088.9904125975095,18.60857142857145
2025.04.01 08:00,3144.59,3148.82,3123.93,3130.6,3113.8388,3118.9853884182,3092.773102361372,18.964285714285772
2025.04.01 12:00,3130.64,3138.88,3127.59,3133.17,3120.83504,3121.8223107345602,3096.445547601247,18.890714285714328
2025.04.01 16:00,3133.18,3136.98,3100.74,3106.48,3148.82,3118.753848587648,3097.357770546588,20.050714285714346
2025.04.01 20:00,3106.49,3120.56,3105.55,3113.98,3147.8584,3117.7990788701186,3098.86888231508,19.931428571428594
2025.04.02 00:00,3113.67,3123.58,3107.44,3122.73,3146.916032,3118.7852630960947,3101.0380748318908,19.690714285714314
2025.04.02 04:00,3123.18,3135.61,3115.42,3116.05,3145.99251136,3118.238210476876,3102.402795301719,20.255714285714337
2025.04.02 08:00,3116.11,3133.64,3109.67,3131.2,3145.0874611328004,3120.8305683815006,3105.0207230015626,20.52928571428576
2025.04.02 12:00,3131.27,3131.42,3110.04,3122.41,3144.2005119101445,3121.1464547052005,3106.601566365057,19.265714285714328
2025.04.02 16:00,3122.39,3134.12,3116.51,3131.23,3143.3313016719417,3123.163163764161,3108.8405148773245,19.076428571428607
2025.04.02 20:00,3131.22,3142.83,3104.72,3132.07,3100.74,3124.944531011329,3110.952286252113,20.738571428571465
2025.04.03 00:00,3141.02,3167.7,3123.06,3151.2,3101.5818,3130.1956248090632,3114.611169320103,21.97071428571429
2025.04.03 04:00,3151.41,3162.85,3139.0,3140.32,3104.226528,3132.2204998472507,3116.948335745548,23.045
2025.04.03 08:00,3140.44,3140.85,3116.33,3128.97,3106.76546688,3131.570399877801,3118.0412143141343,24.22714285714284
2025.04.03 12:00,3128.95,3129.39,3061.72,3076.16,3167.7,3120.4883199022406,3114.2338311946673,27.53642857142855
2025.04.03 16:00,3076.15,3135.51,3053.97,3107.38,3165.5804,3117.8666559217927,3113.6107556315155,31.58285714285713
2025.04.03 20:00,3107.4,3119.93,3099.95,3114.11,3161.115984,3117.1153247374345,3113.656141483196,32.20357142857142
2025.04.04 00:00,3114.32,3116.51,3105.86,3110.5,3156.83014464,3115.792259789948,3113.3692195301783,30.37571428571427
2025.04.04 04:00,3110.42,3115.63,3086.94,3100.0,3152.7157388544,3112.6338078319586,3112.153835936526,31.352857142857147
2025.04.04 08:00,3099.86,3109.81,3078.38,3084.11,3148.765909300224,3106.929046265567,3109.6043963059324,32.445
2025.04.04 12:00,3084.06,3136.57,3069.5,3071.07,3144.974072928215,3099.757237012454,3106.1012693690295,35.79357142857144
2025.04.04 16:00,3071.06,3087.36,3016.7,3030.81,3141.333910011086,3085.9677896099633,3099.2566085173,39.128571428571476
2025.04.04 20:00,3030.88,3040.83,3015.56,3038.45,3136.57,3076.464231687971,3093.728735015727,39.40642857142861
2025.04.07 00:00,3007.97,3031.86,2970.32,2978.62,3126.8892,3056.895385350377,3083.264304559752,43.01500000000004
2025.04.07 04:00,2978.83,3055.45,2971.75,3035.32,3111.23228,3052.580308280302,3078.9057314179563,46.271428571428594
2025.04.07 08:00,3035.28,3044.47,3013.23,3031.06,3097.141052,3048.2762466242416,3074.5561194708694,45.31428571428573
2025.04.07 12:00,3031.28,3045.96,3014.72,3031.12,3084.4589468,3044.8449972993935,3070.607381337154,45.842142857142896
2025.04.07 16:00,3031.11,3037.92,2969.91,2970.46,3073.04505212,3029.967997839515,3061.503073942867,48.94857142857148
2025.04.07 20:00,2970.79,2986.01,2956.16,2981.87,3060.6688458656,3020.348398271612,3054.2637035844245,46.24714285714293
2025.04.08 00:00,2981.1,2992.47,2978.43,2985.24,3046.0376074444157,3013.3267186172893,3047.988821440386,41.42571428571433
2025.04.08 04:00,2985.23,3004.66,2983.44,3002.03,3033.4547424021976,3011.0673748938316,3043.810746763987,41.51428571428574
2025.04.08 08:00,3001.84,3015.53,2999.38,3007.27,3022.6334784658898,3010.3078999150657,3040.4888606945333,41.90714285714289
2025.04.08 12:00,3007.26,3019.46,2994.7,3002.5,2956.16,3008.7463199320528,3037.035327904121,41.62642857142861
2025.04.08 16:00,3002.49,3022.56,2984.26,2985.89,2957.426,3004.1750559456423,3032.38575264011,42.11714285714289
2025.04.08 20:00,2985.96,2992.36,2974.59,2981.97,2960.03136,2999.734044756514,3027.8025024001,38.5957142857143
2025.04.09 00:00,2983.01,2990.83,2969.94,2980.25,2962.5325056,2995.8372358052115,3023.4795476364543,35.04071428571427
2025.04.09 04:00,2980.24,3014.05,2972.34,3012.24,2964.9336053760003,2999.117788644169,3022.457770578595,36.21499999999999
2025.04.09 08:00,3012.23,3052.27,3005.35,3043.94,2967.2386611609604,3008.0822309153355,3024.4107005259953,34.70000000000002
2025.04.09 12:00,3043.93,3072.9,3035.73,3047.24,2972.34,3015.913784732268,3026.4860913872685,31.376428571428608
2025.04.09 16:00,3047.29,3094.76,3047.24,3092.23,2980.3848000000003,3031.1770277858145,3032.462810352062,32.539285714285796
2025.04.09 20:00,3092.27,3099.58,3048.55,3082.81,2991.82232,3041.5036222286517,3037.0398275927837,33.95285714285719
2025.04.10 00:00,3082.71,3101.18,3070.98,3097.09,3004.7532416000004,3052.6208977829215,3042.498934175258,31.252142857142875
2025.04.10 04:00,3097.06,3131.78,3078.39,3125.16,3018.2529877760003,3067.1287182263372,3050.0135765229616,32.93357142857144
2025.04.10 08:00,3125.17,3132.41,3104.58,3104.9,3036.4173097318403,3074.68297458107,3055.003251384511,33.91857142857144
2025.04.10 12:00,3104.92,3133.54,3103.23,3122.88,3053.695993980109,3084.3223796648563,3061.17386489501,34.567857142857164
2025.04.10 16:00,3123.11,3174.94,3116.08,3158.34,3069.6647951840873,3099.1259037318855,3070.0071499045544,37.61857142857145
2025.04.10 20:00,3158.33,3176.33,3151.43,3175.27,3090.7198361472697,3114.3547229855085,3079.576499913231,37.62857142857144
2025.04.11 00:00,3175.57,3217.85,3175.39,3205.39,3107.8418689178156,3132.5617783884068,3091.01409083021,37.93428571428574
2025.04.11 04:00,3205.37,3219.93,3200.99,3208.39,3129.8434951342524,3147.7274227107255,3101.6846280274635,38.017857142857174
2025.04.11 08:00,3208.36,3227.29,3187.06,3215.87,3147.8607961074017,3161.3559381685805,3112.065116388603,39.39928571428575
2025.04.11 12:00,3215.86,3237.69,3210.09,3233.45,3163.7466368859214,3175.774750534865,3123.100105807821,38.3914285714286
2025.04.11 16:00,3233.47,3245.23,3219.51,3223.16,3178.535309508737,3185.2518004278922,3132.1964598252916,36.877142857142864
2025.04.11 20:00,3223.26,3238.97,3223.26,3237.64,3191.8742476069897,3195.729440342314,3141.7822362048105,35.35142857142857
2025.04.14 00:00,3226.87,3228.7,3209.1,3220.83,3202.545398085592,3200.7495522738514,3148.9683965498275,33.99571428571425
2025.04.14 04:00,3220.91,3245.53,3215.26,3227.29,3209.1,3206.0576418190813,3156.088542318025,32.51285714285712
2025.04.14 08:00,3227.27,3238.02,3216.38,3226.88,3209.1,3210.2221134552656,3162.5241293800227,31.901428571428553
2025.04.14 12:00,3226.87,3231.64,3200.5,3206.71,3245.53,3209.5196907642126,3166.5410267091115,30.312142857142806
2025.04.14 16:00,3206.67,3215.64,3193.56,3207.4,3244.6294000000003,3209.0957526113702,3170.2554788264647,29.90142857142852
2025.04.14 20:00,3207.46,3216.34,3201.3,3210.34,3242.586624,3209.3446020890965,3173.899526205877,28.810714285714237
2025.04.15 00:00,3211.4,3215.11,3209.94,3211.8,3240.62555904,3209.8356816712776,3177.3450238235246,24.975714285714233
2025.04.15 04:00,3211.78,3232.55,3209.95,3231.75,3238.7429366784,3214.218545337022,3182.2909307486584,24.81142857142854
2025.04.15 08:00,3231.74,3232.04,3217.21,3227.48,3236.935619211264,3216.870836269618,3186.399027953326,22.82928571428568
2025.04.15 12:00,3227.52,3229.97,3214.2,3221.39,3235.2005944428133,3217.774669015694,3189.580025412114,22.602857142857104
2025.04.15 16:00,3221.38,3226.84,3211.51,3221.37,3233.534970665101,3218.4937352125553,3192.470023101922,20.82428571428567
2025.04.15 20:00,3221.37,3233.54,3220.36,3229.26,3193.56,3220.646988170044,3195.8145664562926,19.794285714285664
2025.04.16 00:00,3230.6,3267.87,3229.75,3264.37,3194.3596,3229.3915905360354,3202.0468785966295,20.71499999999994
2025.04.16 04:00,3264.37,3287.41,3255.86,3283.62,3197.3000159999997,3240.237272428829,3209.4626169060266,21.839285714285637
2025.04.16 08:00,3283.61,3317.66,3283.58,3306.88,3202.7066150399996,3253.5658179430634,3218.318742641842,22.23499999999992
2025.04.16 12:00,3306.9,3313.52,3293.08,3307.22,3211.9028858367997,3264.2966543544508,3226.400675128947,21.53285714285707
2025.04.16 16:00,3307.23,3332.87,3296.73,3327.19,3220.363454969856,3276.875323483561,3235.5633410263154,22.568571428571353
2025.04.16 20:00,3327.22,3343.01,3324.33,3342.9,3231.6141094728705,3290.080258786849,3245.3212191148323,21.678571428571384
2025.04.17 00:00,3342.29,3357.45,3341.85,3345.24,3244.981616336126,3301.112207029479,3254.4047446498475,21.215714285714242
2025.04.17 04:00,3345.21,3356.11,3320.69,3341.35,3260.727190049068,3309.1597656235836,3262.308858772589,22.671428571428535
2025.04.17 08:00,3341.36,3345.29,3312.59,3324.1,3274.2683834421987,3312.147812498867,3267.9262352478077,24.63785714285709
2025.04.17 12:00,3324.07,3342.08,3320.55,3328.09,3285.913809760291,3315.336249999094,3273.395668407098,24.561428571428475
2025.04.17 16:00,3328.33,3332.0,3283.81,3316.04,3357.45,3315.4769999992754,3277.2724258246344,26.944285714285627
2025.04.17 20:00,3316.14,3328.57,3310.88,3326.21,3355.9772,3317.6235999994205,3281.721296204213,27.08142857142849
2025.04.21 00:00,3331.55,3370.45,3327.9,3368.63,3283.81,3327.8248799995367,3289.6220874583755,29.14642857142848
2025.04.21 04:00,3368.64,3385.13,3367.13,3376.19,3285.5428,3337.497903999629,3297.491897689432,29.490714285714205
2025.04.21 08:00,3376.19,3395.87,3375.56,3392.61,3289.526288,3348.5203231997034,3306.1389978994835,28.183571428571366
2025.04.21 12:00,3392.65,3415.65,3386.36,3414.82,3295.90691072,3361.780258559763,3316.0190889995306,28.02214285714281
2025.04.21 16:00,3414.82,3430.14,3405.1,3414.47,3305.4863578624,3372.3182068478104,3324.969171817755,27.376428571428526
2025.04.21 20:00,3414.49,3430.45,3405.97,3424.19,3317.95172207616,3382.6925654782485,3333.98924710705,27.664999999999953
2025.04.22 00:00,3423.79,3444.23,3411.8,3425.28,3331.4515154270207,3391.210052382599,3342.2884064609543,27.39999999999995
2025.04.22 04:00,3425.3,3494.66,3421.52,3484.01,3347.2405032672377,3409.7700419060793,3355.172187691777,31.289999999999917
2025.04.22 08:00,3484.25,3499.9,3443.11,3443.93,3370.82762274448,3416.6020335248636,3363.241079719797,34.232142857142776
2025.04.22 12:00,3443.93,3468.2,3424.17,3431.42,3394.0606506504737,3419.5656268198913,3369.439163381634,34.84714285714275
2025.04.22 16:00,3431.22,3449.43,3371.96,3393.1,3499.9,3414.2725014559132,3371.590148528758,38.04499999999989
2025.04.22 20:00,3393.13,3410.24,3366.68,3380.9,3497.3412000000003,3407.5980011647307,3372.4364986625073,39.61857142857133
2025.04.23 00:00,3350.3,3370.81,3312.61,3367.77,3492.1147520000004,3399.632400931785,3372.0122715113703,41.054285714285605
2025.04.23 04:00,3367.75,3386.4,3328.88,3346.51,3481.3444668800003,3389.0079207454282,3369.6938831921548,43.8992857142856
2025.04.23 08:00,3346.42,3349.22,3291.56,3321.4,3471.2203988672004,3375.486336596343,3365.3035301746863,44.85785714285703
2025.04.23 12:00,3321.45,3340.49,3310.5,3310.65,3456.8475669578243,3362.519069277075,3360.3350274315326,45.71428571428559
2025.04.23 16:00,3310.64,3313.62,3260.04,3294.98,3443.6245616011984,3349.0112554216603,3354.393661301393,48.09071428571416
2025.04.23 20:00,3294.97,3301.41,3277.72,3288.19,3425.2661054410787,3336.847004337328,3348.3751466376298,47.690714285714165
2025.04.24 00:00,3288.11,3338.92,3287.86,3331.63,3408.743494896971,3335.8036034698625,3346.8528605796632,49.549285714285595
2025.04.24 04:00,3331.55,3367.24,3320.55,3326.03,3393.8731454072736,3333.84888277589,3344.959873254239,51.13571428571414
2025.04.24 08:00,3326.08,3341.58,3314.66,3336.0,3380.489830866546,3334.279106220712,3344.1453393220354,50.742142857142724
2025.04.24 12:00,3336.06,3344.62,3325.44,3335.79,3368.4448477798915,3334.58128497657,3343.3857630200323,46.88785714285701
2025.04.24 16:00,3335.77,3336.14,3306.57,3331.43,3357.604363001902,3333.951027981256,3342.2988754727567,44.943571428571275
2025.04.24 20:00,3331.5,3349.78,3329.85,3348.5,3260.04,3336.860822385005,3342.862614066142,43.22214285714274
2025.04.25 00:00,3351.22,3370.76,3346.79,3357.57,3261.8348,3341.0026579080045,3344.199649151038,39.4007142857142
2025.04.25 04:00,3357.35,3363.0,3316.26,3324.69,3266.191808,3337.7401263264037,3342.426044682762,39.627857142857046
2025.04.25 08:00,3324.7,3327.0,3286.55,3303.64,3270.37453568,3330.920101061123,3338.900040620693,37.639285714285606
2025.04.25 12:00,3303.79,3308.68,3287.9,3292.6,3274.3899542528,3323.256080848899,3334.6909460188117,35.01499999999987
2025.04.25 16:00,3292.56,3292.77,3265.06,3285.42,3370.76,3315.688864679119,3330.2117691080102,32.875714285714174
2025.04.25 20:00,3285.44,3319.02,3281.87,3318.87,3368.646,3316.325091743295,3329.1806991891003,33.38714285714277
2025.04.28 00:00,3324.94,3336.53,3298.55,3313.94,3366.5742800000003,3315.8480733946362,3327.7951810810005,32.27285714285706
2025.04.28 04:00,3313.9,3315.11,3267.85,3298.77,3364.5439944000004,3312.432458715709,3325.1565282554548,33.9564285714285
2025.04.28 08:00,3298.89,3300.85,3277.49,3282.48,3362.5543145120005,3306.4419669725676,3321.2768438685953,31.977857142857086
2025.04.28 12:00,3282.6,3302.19,3273.05,3296.12,3360.6044282217604,3304.3775735780546,3318.989858062359,30.724285714285678
2025.04.28 16:00,3295.89,3339.13,3286.86,3336.44,3358.6935396573253,3310.790058862444,3320.5762346021447,32.534999999999954
2025.04.28 20:00,3336.55,3352.84,3332.97,3343.92,3356.820868864179,3317.4160470899556,3322.698395092859,32.584285714285706
2025.04.29 00:00,3344.61,3348.43,3327.68,3329.85,3354.985651486895,3319.9028376719643,3323.348540993508,31.954285714285728
2025.04.29 04:00,3329.73,3339.94,3306.56,3309.12,3353.1871384571573,3317.7462701375716,3322.0550372668254,32.915
2025.04.29 08:00,3309.11,3324.76,3304.96,3311.76,3351.424595688014,3316.5490161100574,3321.119124788023,32.61714285714285
2025.04.29 12:00,3311.68,3315.93,3300.43,3312.78,3349.6973037742537,3315.795212888046,3320.361022534566,30.385714285714297
2025.04.29 16:00,3312.66,3329.91,3299.55,3328.66,3348.0045576987686,3318.368170310437,3321.1154750314236,29.665
2025.04.29 20:00,3328.69,3329.59,3313.19,3317.01,3346.3456665447934,3318.09653624835,3320.742250028567,29.35214285714288
2025.04.30 00:00,3314.21,3327.95,3310.89,3312.99,3344.7199532138975,3317.07522899868,3320.03750002597,28.591428571428587
2025.04.30 04:00,3312.98,3322.61,3301.25,3307.89,3343.1267541496195,3315.238183198944,3318.933181841791,27.463571428571445
2025.04.30 08:00,3307.86,3314.53,3280.19,3284.3,3341.5654190666273,3309.0505465591555,3315.784710765264,27.203571428571454
2025.04.30 12:00,3284.3,3304.66,3266.76,3298.63,3340.035310685295,3306.966437247325,3314.2251916047853,26.534999999999982
2025.04.30 16:00,3298.56,3319.67,3292.83,3310.7,3338.535804471589,3307.71314979786,3313.9047196407137,26.783571428571413
2025.04.30 20:00,3310.67,3313.41,3282.89,3288.34,3337.0662883821574,3303.838519838288,3311.5806542188307,26.88214285714285
2025.05.01 00:00,3286.69,3289.78,3240.92,3246.17,3335.626162614514,3292.3048158706306,3305.634231108028,26.63857142857143
2025.05.01 04:00,3246.17,3251.52,3221.19,3226.61,3331.8379161099338,3279.1658526965048,3298.450210098207,27.385714285714258
2025.05.01 08:00,3226.48,3243.11,3223.32,3235.01,3325.1990411433376,3270.334682157204,3292.6829182710976,27.317142857142827
2025.05.01 12:00,3235.01,3236.09,3201.76,3226.71,3318.9584986747373,3261.6097457257633,3286.685380246452,27.384999999999955
2025.05.01 16:00,3226.58,3233.16,3204.85,3219.47,3309.5826187807584,3253.181796580611,3280.5748911331384,27.99285714285708
2025.05.01 20:00,3219.49,3239.73,3209.74,3237.87,3300.956809278298,3250.119437264489,3276.692628302853,29.027857142857098
2025.05.02 00:00,3238.78,3244.25,3227.35,3231.0,3293.021064536034,3246.295549811591,3272.5387530025932,28.066428571428556
2025.05.02 04:00,3231.26,3258.57,3231.24,3251.7,3285.720179373151,3247.376439849273,3270.644320911448,28.864285714285703
2025.05.02 08:00,3251.52,3263.22,3246.33,3258.04,3279.003365023299,3249.509151879419,3269.498473555862,28.85214285714284
2025.05.02 12:00,3258.06,3269.14,3250.15,3250.21,3272.823895821435,3249.6493215035352,3267.744975959874,28.682857142857102
2025.05.02 16:00,3250.24,3264.43,3222.67,3224.89,3269.14,3244.6974572028284,3263.849069054431,29.212857142857075
2025.05.02 20:00,3224.86,3241.11,3223.46,3240.84,3269.14,3243.925965762263,3261.7573355040277,27.766428571428538
2025.05.05 00:00,3239.08,3252.27,3237.35,3246.6,3264.43,3244.4607726098106,3260.379395912752,26.91499999999996
2025.05.05 04:00,3246.61,3272.29,3246.45,3256.39,3201.76,3246.8466180878486,3260.0167235570475,26.580714285714258
2025.05.05 08:00,3256.37,3282.8,3253.95,3282.55,3203.1706000000004,3253.9872944702793,3262.0652032336793,25.15142857142856
2025.05.05 12:00,3282.56,3322.42,3282.09,3319.44,3206.3557760000003,3267.0778355762236,3267.2810938487996,25.865714285714276
2025.05.05 16:00,3319.43,3328.65,3305.47,3309.63,3213.3196294400004,3275.588268460979,3271.1309944079994,26.107857142857156
2025.05.05 20:00,3309.61,3337.49,3309.0,3333.73,3222.5460590848006,3287.2166147687835,3276.8218130981813,25.69071428571429
2025.05.06 00:00,3335.63,3337.78,3322.68,3329.51,3234.0404531763206,3295.675291815027,3281.611648271074,24.74714285714289
2025.05.06 04:00,3329.52,3386.95,3329.52,3363.04,3246.4891987951623,3309.148233452022,3289.014225700976,26.70785714285713
2025.05.06 08:00,3363.06,3383.05,3350.11,3377.09,3266.15371096384,3322.7365867616177,3297.021114273615,27.853571428571414
2025.05.06 12:00,3377.09,3392.23,3371.29,3390.92,3283.0651914289024,3336.3732694092946,3305.557376612377,27.379999999999978
2025.05.06 16:00,3391.13,3411.5,3378.13,3408.79,3300.531560800278,3350.8566155274357,3314.9421605567063,28.557142857142836
2025.05.06 20:00,3408.79,3434.91,3407.32,3430.36,3320.5058798562277,3366.757292421949,3325.4346914151874,29.171428571428542
2025.05.07 00:00,3437.46,3437.76,3360.52,3379.55,3343.386703884982,3369.315833937559,3330.3542649228975,31.70571428571429
2025.05.07 04:00,3378.98,3393.74,3360.1,3381.97,3437.76,3371.8466671500473,3335.046604475361,32.84785714285713
2025.05.07 08:00,3382.02,3397.23,3378.12,3382.62,3437.76,3374.001333720038,3339.3714586139645,33.147142857142846
2025.05.07 12:00,3382.67,3393.67,3369.16,3390.74,3436.2068000000004,3377.349066976031,3344.0413260126948,33.052142857142854
2025.05.07 16:00,3390.77,3398.0,3375.71,3386.84,3434.6846640000003,3379.2472535808247,3347.932114556995,32.583571428571396
2025.05.07 20:00,3386.84,3397.88,3363.59,3364.33,3433.19297072,3376.2638028646597,3349.42283141545,32.15214285714283
2025.05.08 00:00,3365.66,3386.78,3364.06,3380.38,3431.7311113056003,3377.087042291728,3352.237119468591,32.11928571428568
2025.05.08 04:00,3380.37,3414.64,3379.0,3381.96,3430.2984890794883,3378.061633833382,3354.9391995169008,32.629999999999974
2025.05.08 08:00,3381.97,3384.15,3320.17,3339.19,3428.8945192978986,3370.287307066706,3353.5074541062736,36.121428571428524
2025.05.08 12:00,3339.22,3358.47,3330.23,3355.96,3424.5455385259825,3367.421845653365,3353.7304128238848,34.03571428571425
2025.05.08 16:00,3356.04,3369.49,3304.33,3310.15,3420.370516984943,3355.9674765226923,3349.768557112622,36.33714285714281
2025.05.08 20:00,3310.07,3311.02,3288.68,3305.72,3413.4080859658466,3345.9179812181537,3345.7641428296565,36.43714285714282
2025.05.09 00:00,3306.59,3323.88,3306.15,3322.09,3403.429839088579,3341.152384974523,3343.611948026961,35.350714285714275
2025.05.09 04:00,3322.09,3327.4,3274.6,3324.6,3394.2498519614924,3337.8419079796186,3341.8835891154185,37.151428571428596
2025.05.09 08:00,3324.61,3332.07,3312.8,3328.46,3382.284866765343,3335.965526383695,3340.6632628321986,33.01071428571429
2025.05.09 12:00,3328.48,3338.26,3321.92,3333.44,3371.5163800888085,3335.4604211069563,3340.006602574726,31.775000000000027
2025.05.09 16:00,3333.43,3347.4,3320.18,3336.74,3361.8247420799275,3335.7163368855654,3339.7096387042966,32.35428571428575
2025.05.09 20:00,3336.64,3342.79,3324.81,3326.49,3353.1022678719346,3333.8710695084524,3338.5078533675423,31.887857142857165
2025.05.12 00:00,3295.89,3295.89,3265.83,3278.98,3347.4,3322.8928556067617,3333.0962303341294,34.62857142857144
2025.05.12 04:00,3278.62,3284.67,3258.7,3278.75,3342.79,3314.0642844854096,3328.155663940118,34.034285714285744
2025.05.12 08:00,3278.76,3281.49,3215.99,3231.29,3331.0173999999997,3297.5094275883275,3319.349694491016,37.09000000000001
2025.05.12 12:00,3231.2,3234.27,3207.64,3233.45,3312.613016,3284.697542070662,3311.540631355469,36.4464285714286
2025.05.12 16:00,3233.67,3248.54,3223.1,3224.05,3293.7178731199997,3272.5680336565297,3303.586937595881,33.69357142857146
2025.05.12 20:00,3224.11,3238.72,3220.25,3234.8,3278.2238559584,3265.014426925224,3297.3335796326187,32.99571428571432
2025.05.13 00:00,3237.64,3243.16,3229.61,3239.81,3265.5187618858877,3259.9735415401797,3292.1041633023806,29.30928571428574
2025.05.13 04:00,3239.8,3253.46,3215.68,3252.43,3255.100584746428,3258.464833232144,3288.497421183982,30.412142857142886
2025.05.13 08:00,3252.56,3265.44,3247.2,3255.47,3207.64,3257.8658665857156,3285.4949283490746,30.417857142857166
2025.05.13 12:00,3255.47,3258.47,3237.2,3241.66,3208.796,3254.6246932685726,3281.509934862795,28.165714285714294
2025.05.13 16:00,3241.49,3257.68,3225.4,3250.9,3209.92888,3253.879754614858,3278.727213511632,29.09499999999999
2025.05.13 20:00,3250.81,3254.69,3241.97,3250.14,3211.0391024,3253.1318036918865,3276.1283759196654,28.83642857142857
2025.05.14 00:00,3248.97,3256.95,3240.46,3243.68,3212.127120352,3251.2414429535092,3273.178523563332,28.069999999999965
2025.05.14 04:00,3243.71,3251.7,3222.44,3223.86,3213.19337794496,3245.7651543628076,3268.6950214212106,28.87571428571423
2025.05.14 08:00,3223.9,3243.69,3221.52,3232.48,3214.2383103860607,3243.1081234902463,3265.4027467465553,26.126428571428534
2025.05.14 12:00,3232.4,3239.07,3184.03,3184.68,3265.44,3231.4224987921975,3258.064315224141,28.202857142857084
2025.05.14 16:00,3184.71,3198.15,3173.66,3188.39,3263.8118,3222.815999033758,3251.7302865674005,25.273571428571387
2025.05.14 20:00,3188.34,3190.36,3167.76,3177.33,3260.205728,3213.7187992270065,3244.9666241521822,24.98571428571423
2025.05.15 00:00,3176.51,3187.8,3176.51,3187.65,3254.65898432,3208.5050393816055,3239.7560219565294,23.974999999999937
2025.05.15 04:00,3187.65,3192.56,3135.44,3138.43,3249.4450452608,3194.4900315052846,3230.5445654150267,26.73571428571423
2025.05.15 08:00,3138.43,3164.11,3120.61,3162.48,3240.3246416399356,3188.088025204228,3224.356877650024,28.874999999999964
2025.05.15 12:00,3162.47,3189.74,3159.23,3188.72,3228.353177475942,3188.214420163383,3221.117161500022,28.355714285714217
2025.05.15 16:00,3188.72,3222.64,3185.07,3222.49,3120.61,3195.0695361307066,3221.2419650000197,29.736428571428466
2025.05.15 20:00,3222.49,3240.54,3216.31,3239.76,3122.6506,3204.0076289045655,3222.9254227272904,29.94785714285704
2025.05.16 00:00,3240.19,3251.95,3231.88,3243.0,3127.366176,3211.8061031236525,3224.750384297537,29.07571428571418
2025.05.16 04:00,3243.0,3244.48,3206.43,3219.51,3134.84120544,3213.3468824989222,3224.2739857250335,30.88499999999989
2025.05.16 08:00,3219.46,3231.14,3195.49,3207.33,3141.8677331136,3212.1435059991377,3222.7336233863944,32.25357142857134
2025.05.16 12:00,3207.29,3212.81,3154.08,3177.41,3148.472669126784,3205.1968047993105,3218.613293987631,34.35857142857136
2025.05.16 16:00,3177.38,3189.66,3165.77,3189.28,3154.08,3202.013443839449,3215.9466308978463,34.48142857142849
2025.05.16 20:00,3189.29,3202.81,3183.42,3202.02,3154.08,3202.014755071559,3214.6805735434964,31.93499999999991
2025.05.19 00:00,3218.63,3249.71,3205.44,3246.37,3159.9521999999997,3210.8858040572472,3217.5614304940877,33.592142857142754
2025.05.19 04:00,3246.29,3246.62,3206.58,3215.8,3165.4720679999996,3211.868643245798,3217.401300449171,34.83785714285705
2025.05.19 08:00,3215.82,3244.81,3214.87,3244.32,3170.6607439199997,3218.3589145966384,3219.8484549537916,36.16999999999991
2025.05.19 12:00,3244.41,3248.41,3228.75,3229.15,3175.5380992848,3220.5171316773108,3220.6940499579923,33.494285714285624
2025.05.19 16:00,3229.31,3241.54,3217.09,3231.65,3180.122813327712,3222.743705341849,3221.6900454163565,32.13357142857132
2025.05.19 20:00,3231.65,3235.77,3225.24,3230.07,3184.432444528049,3224.2089642734795,3222.451859469415,30.706428571428496
2025.05.20 00:00,3230.7,3230.7,3214.02,3222.62,3188.4834978563663,3223.891171418784,3222.4671449721955,29.214285714285648
2025.05.20 04:00,3222.61,3232.62,3204.45,3217.19,3192.291487984984,3222.550937135027,3221.9874045201773,29.49571428571422
2025.05.20 08:00,3217.18,3235.97,3207.84,3235.69,3195.870998705885,3225.1787497080218,3223.233095018343,30.071428571428502
2025.05.20 12:00,3235.72,3250.64,3230.45,3242.76,3199.235738783532,3228.694999766418,3225.008268198494,28.795714285714208
2025.05.20 16:00,3242.76,3285.63,3232.69,3278.8,3202.3985944565197,3238.7159998131347,3229.8984256349945,30.030714285714204
2025.05.20 20:00,3278.8,3295.59,3278.19,3289.74,3209.057106899998,3248.9207998505076,3235.338568759086,27.07857142857135
2025.05.21 00:00,3290.81,3304.12,3288.41,3303.42,3217.710396209998,3259.8206398804064,3241.527789780987,26.49428571428565
2025.05.21 04:00,3303.42,3314.61,3285.25,3301.99,3228.0795486647985,3268.254511904325,3247.0243543463516,27.206428571428525
2025.05.21 08:00,3301.99,3320.44,3298.35,3308.37,3240.193811851727,3276.2776095234603,3252.601231223956,25.377857142857103
2025.05.21 12:00,3308.38,3318.18,3290.41,3302.47,3253.0332019554507,3281.516087618769,3257.134755658142,24.501428571428534
2025.05.21 16:00,3302.47,3315.1,3295.21,3303.08,3263.8182896425787,3285.828870095015,3261.311596052856,23.783571428571378
2025.05.21 20:00,3302.93,3324.79,3302.79,3315.24,3272.8777632997662,3291.711096076012,3266.2141782298695,23.950714285714245
2025.05.22 00:00,3318.14,3326.07,3315.23,3323.67,3282.2219659058082,3298.10287686081,3271.4374347544267,22.97857142857141
2025.05.22 04:00,3323.66,3345.34,3320.25,3338.43,3290.9915727246466,3306.168301488648,3277.5276679585695,24.018571428571406
2025.05.22 08:00,3338.43,3339.42,3310.09,3311.16,3301.8612581797174,3307.1666411909187,3280.5851526896085,24.92214285714284
2025.05.22 12:00,3311.15,3314.63,3282.8,3303.95,3345.34,3306.523312952735,3282.7092297178256,25.1835714285714
2025.05.22 16:00,3303.99,3315.62,3279.04,3301.48,3344.0892000000003,3305.514650362188,3284.415663379841,25.78714285714285
2025.05.22 20:00,3301.49,3301.76,3288.95,3294.62,3341.4872320000004,3303.3357202897505,3285.34333034531,25.26000000000002
2025.05.23 00:00,3293.85,3308.78,3286.99,3300.87,3338.9893427200004,3302.8425762318006,3286.7548457684634,23.035000000000046
2025.05.23 04:00,3300.81,3316.08,3290.85,3313.52,3336.5913690112,3304.978060985441,3289.188041607694,23.594285714285757
2025.05.23 08:00,3313.52,3334.35,3312.44,3326.25,3279.04,3309.232448788353,3292.5573105524486,24.037142857142886
2025.05.23 12:00,3326.26,3360.37,3323.38,3356.8,3280.1462,3318.7459590306826,3298.3975550476803,24.582142857142863
2025.05.23 16:00,3357.07,3364.66,3336.54,3358.74,3283.355152,3326.744767224546,3303.8832318615277,25.01285714285713
2025.05.23 20:00,3358.78,3365.84,3356.03,3356.12,3288.23344288,3332.6198137796373,3308.6320289650253,23.729999999999983
2025.05.26 00:00,3353.13,3355.91,3331.43,3341.83,3294.4419674496,3334.46185102371,3311.650026331841,24.07285714285714
2025.05.26 04:00,3341.95,3356.72,3335.48,3349.7,3300.153810053632,3337.5094808189683,3315.1091148471282,24.01857142857141
2025.05.26 08:00,3349.66,3351.72,3330.98,3334.57,3305.4087052493414,3336.921584655175,3316.878286224662,24.72571428571424
2025.05.26 12:00,3334.59,3336.03,3323.58,3334.28,3310.243208829394,3336.3932677241405,3318.4602602042382,23.822857142857107
2025.05.26 16:00,3334.31,3343.53,3331.31,3341.92,3314.6909521230423,3337.4986141793124,3320.592963822035,22.60071428571427
2025.05.26 20:00,3341.95,3343.12,3340.39,3341.43,3318.782875953199,3338.28489134345,3322.4872398382136,20.52214285714285
2025.05.27 00:00,3343.06,3349.88,3342.34,3344.99,3322.547445876943,3339.6259130747603,3324.532945307467,18.51285714285716
2025.05.27 04:00,3345.12,3347.26,3330.59,3330.77,3326.010850206788,3337.8547304598083,3325.0999502795153,18.788571428571423
2025.05.27 08:00,3330.8,3332.53,3292.46,3298.43,3365.84,3329.969784367847,3322.6754093450136,20.09428571428569
2025.05.27 12:00,3298.47,3309.72,3287.61,3293.58,3364.3724,3322.6918274942777,3320.0303721318305,19.87142857142852
2025.05.27 16:00,3293.61,3304.77,3284.86,3297.67,3361.3019040000004,3317.6874619954224,3317.9976110289367,19.728571428571378
2025.05.27 20:00,3297.69,3307.93,3296.74,3300.47,3356.7153897600006,3314.243969596338,3316.404191844488,17.885714285714254
2025.05.28 00:00,3300.41,3315.64,3297.08,3308.47,3352.4040663744004,3313.0891756770707,3315.6829016768074,17.202857142857116
2025.05.28 04:00,3308.42,3313.63,3291.54,3296.3,3348.3514223919365,3309.731340541657,3313.9208197061885,18.079999999999988
2025.05.28 08:00,3296.28,3323.69,3295.89,3321.46,3344.54193704842,3312.0770724333256,3314.6061997328984,18.302142857142854
2025.05.28 12:00,3321.55,3325.42,3305.26,3312.19,3340.961020825515,3312.099657946661,3314.3865452117257,18.225
2025.05.28 16:00,3312.19,3316.26,3288.55,3293.37,3337.594959575984,3308.353726357329,3312.4759501924777,18.722857142857162
2025.05.28 20:00,3293.36,3302.94,3276.15,3288.24,3334.430862001425,3304.3309810858636,3310.2726819931618,19.747142857142855
2025.05.29 00:00,3286.96,3294.44,3250.12,3264.97,3329.768393041311,3296.458784868691,3306.15425635742,22.039999999999992
2025.05.29 04:00,3264.97,3280.05,3245.32,3269.02,3321.8035537371798,3290.9710278949533,3302.7784148703813,24.325714285714277
2025.05.29 08:00,3269.08,3289.2,3265.86,3281.58,3312.6255272887183,3289.0928223159626,3300.8512862458015,25.389285714285663
2025.05.29 12:00,3281.59,3317.35,3276.08,3316.36,3245.32,3294.5462578527704,3302.261169314365,27.146428571428512
2025.05.29 16:00,3316.32,3331.05,3304.71,3322.15,3246.7606,3300.0670062822164,3304.069244831241,26.165714285714223
2025.05.29 20:00,3322.07,3325.69,3315.23,3317.61,3250.132176,3303.5756050257733,3305.3002225738555,25.333571428571393
2025.05.30 00:00,3318.51,3320.86,3309.49,3312.47,3253.3688889600003,3305.354484020619,3305.952020521687,24.72357142857143
2025.05.30 04:00,3312.47,3322.6,3291.17,3296.18,3256.4761334016002,3303.5195872164954,3305.063655019715,26.1692857142857
2025.05.30 08:00,3296.19,3304.92,3287.28,3295.58,3259.4590880655364,3301.9316697731965,3304.201504563377,26.10357142857141
2025.05.30 12:00,3295.62,3306.73,3282.79,3303.92,3262.322724542915,3302.3293358185574,3304.1759132394336,26.23571428571426
2025.05.30 16:00,3303.88,3308.12,3271.39,3293.26,3265.071815561198,3300.5154686548462,3303.1835574903944,26.873571428571392
2025.05.30 20:00,3293.21,3295.71,3288.6,3289.49,3267.71094293875,3298.310374923877,3301.9386886276316,25.941428571428553
2025.06.02 00:00,3299.11,3316.61,3295.37,3311.22,3270.2445052212,3300.892299939102,3302.7824442069377,25.899285714285718
2025.06.02 04:00,3311.23,3318.12,3301.29,3313.75,3272.676725012352,3303.463839951282,3303.7794947335797,25.187857142857144
2025.06.02 08:00,3313.79,3358.91,3313.74,3351.92,3275.011656011858,3313.155071961026,3308.155904303254,25.248571428571424
2025.06.02 12:00,3351.96,3363.52,3344.31,3355.34,3280.0455566511464,3321.592057568821,3312.4453675484124,24.139999999999997
2025.06.02 16:00,3355.38,3379.19,3350.22,3371.63,3286.7235121190547,3331.599646055057,3317.825788680375,24.542142857142895
2025.06.02 20:00,3371.51,3382.82,3370.63,3381.49,3295.9701609071494,3341.5777168440454,3323.613444254886,22.465000000000042
2025.06.03 00:00,3382.71,3392.02,3373.73,3375.68,3306.3921415982913,3348.3981734752365,3328.3467675044417,21.89000000000003
2025.06.03 04:00,3375.71,3377.92,3359.12,3362.54,3318.3800417745306,3351.226538780189,3331.455243185856,22.485714285714327
2025.06.03 08:00,3362.54,3367.58,3350.97,3361.04,3328.6896359260963,3353.1892310241515,3334.1447665325963,22.860000000000024
2025.06.03 12:00,3361.05,3362.92,3348.89,3359.32,3337.5558868964426,3354.4153848193214,3336.433424120542,21.61714285714291
2025.06.03 16:00,3359.29,3362.99,3332.99,3348.35,3392.02,3353.2023078554575,3337.5167492004925,22.50000000000006
2025.06.03 20:00,3348.33,3355.39,3347.24,3353.33,3390.8394,3353.2278462843665,3338.954317454993,21.37214285714292
2025.06.04 00:00,3354.16,3361.51,3349.75,3350.16,3389.6824119999997,3352.6142770274937,3339.9730158681755,19.588571428571505
2025.06.04 04:00,3350.17,3372.53,3346.36,3354.64,3388.5485637599995,3353.019421621995,3341.3063780619777,20.950000000000074
2025.06.04 08:00,3354.73,3365.05,3347.84,3362.63,3387.4373924847996,3354.9415372975964,3343.2448891472523,20.24214285714291
2025.06.04 12:00,3362.66,3364.87,3343.67,3358.74,3386.3484446351035,3355.7012298380773,3344.653535588411,20.554285714285758
2025.06.04 16:00,3358.75,3384.59,3350.71,3374.95,3385.2812757424012,3359.550983870462,3347.407759625828,19.74785714285719
2025.06.04 20:00,3374.87,3382.08,3370.58,3372.18,3384.59,3362.07678709637,3349.6597814780253,19.1971428571429
2025.06.05 00:00,3374.66,3381.61,3372.17,3380.18,3384.59,3365.6974296770964,3352.434346798205,17.802142857142886
2025.06.05 04:00,3380.16,3384.02,3363.82,3368.35,3332.99,3366.2279437416773,3353.8812243620046,18.374285714285726
2025.06.05 08:00,3368.43,3376.82,3361.05,3375.08,3334.0105999999996,3367.998354993342,3355.8083857836405,18.194285714285726
2025.06.05 12:00,3375.17,3403.23,3373.91,3382.89,3335.0107879999996,3370.9766839946737,3358.2703507124006,18.945714285714295
2025.06.05 16:00,3382.97,3388.35,3339.23,3353.96,3337.7395564799995,3367.573347195739,3357.878500647637,21.267857142857135
2025.06.05 20:00,3353.96,3361.23,3348.84,3352.65,3339.23,3364.5886777565916,3357.4031824069425,21.150714285714255
2025.06.06 00:00,3353.17,3363.97,3352.88,3359.26,3339.23,3363.5229422052735,3357.5719840063116,19.81642857142852
2025.06.06 04:00,3359.29,3374.44,3355.94,3373.55,3341.79,3365.528353764219,3359.0245309148286,20.555714285714227
2025.06.06 08:00,3373.52,3375.5,3352.76,3365.28,3344.2476,3365.4786830113753,3359.5932099225715,21.33999999999991
2025.06.06 12:00,3365.29,3365.3,3343.41,3353.22,3403.23,3363.0269464091,3359.013827202338,21.034285714285645
2025.06.06 16:00,3353.16,3360.86,3316.26,3322.6,3402.0336,3354.9415571272802,3355.7034792748523,22.99071428571421
2025.06.06 20:00,3322.65,3326.71,3306.93,3311.56,3398.602656,3346.2652457018244,3351.690435704411,22.889285714285663
2025.06.09 00:00,3311.26,3321.13,3298.14,3305.33,3393.10229664,3338.0781965614597,3347.475850640373,22.11142857142853
2025.06.09 04:00,3305.34,3313.34,3293.39,3311.61,3385.5053129088,3332.784557249168,3344.2153187639756,22.71499999999998
2025.06.09 08:00,3311.6,3328.46,3309.47,3319.65,3376.29378161792,3330.157645799334,3341.9821079672506,23.39714285714285
2025.06.09 12:00,3319.75,3323.34,3312.04,3319.91,3368.003403456128,3328.1081166394674,3339.9755526975005,22.76142857142859
2025.06.09 16:00,3319.96,3337.74,3310.6,3337.57,3360.5420631105153,3330.0004933115742,3339.7568660886363,23.573571428571437
2025.06.09 20:00,3337.78,3338.07,3324.81,3325.52,3353.8268567994637,3329.1043946492596,3338.462605535124,22.426428571428584
2025.06.10 00:00,3325.39,3327.79,3314.45,3316.52,3347.783171119517,3326.5875157194077,3336.467823213749,19.870714285714318
2025.06.10 04:00,3316.53,3319.82,3301.76,3307.21,3342.3438540075654,3322.7120125755264,3333.808021103408,20.275714285714322
2025.06.10 08:00,3307.16,3334.79,3306.66,3329.23,3337.448468606809,3324.0156100604213,3333.3918373667348,21.476428571428638
2025.06.10 12:00,3329.18,3342.47,3327.03,3337.03,3293.39,3326.618488048337,3333.722579424304,21.25785714285718
2025.06.10 16:00,3337.12,3349.06,3319.81,3321.12,3294.3716,3325.51879043867,3332.576890385731,21.722857142857194
2025.06.10 20:00,3321.1,3334.47,3319.3,3322.42,3296.559136,3324.899032350936,3331.653536714301,21.242857142857144
2025.06.11 00:00,3322.37,3335.1,3315.38,3332.38,3298.65917056,3326.395225880749,3331.719578831183,19.465714285714277
2025.06.11 04:00,3332.32,3342.82,3327.02,3341.72,3300.6752037376,3329.460180704599,3332.6287080283482,19.18142857142856
2025.06.11 08:00,3341.72,3348.49,3332.34,3344.42,3302.610595588096,3332.4521445636797,3333.7006436621346,18.69285714285709
2025.06.11 12:00,3344.42,3360.55,3326.0,3336.69,3304.4685717645725,3333.299715650944,3333.972403329213,19.735714285714227
2025.06.11 16:00,3336.68,3344.56,3327.92,3330.14,3307.8334574586984,3332.667772520755,3333.624003026557,19.567857142857058
2025.06.11 20:00,3330.14,3355.48,3319.2,3354.87,3310.9964500111764,3337.1082180166045,3335.55545729687,21.352142857142773
2025.06.12 00:00,3356.87,3373.33,3355.78,3365.66,3313.969663010506,3342.818574413284,3338.292233906245,20.732142857142787
2025.06.12 04:00,3365.67,3377.7,3362.34,3370.34,3318.7184899696654,3348.3228595306273,3341.2056671874957,20.882142857142746
2025.06.12 08:00,3370.3,3375.64,3338.55,3356.71,3324.616640972699,3350.000287624502,3342.6151519886325,22.578571428571284
2025.06.12 12:00,3356.7,3390.31,3355.3,3387.96,3329.924976875429,3357.592230099602,3346.737410898757,23.789285714285555
2025.06.12 16:00,3388.27,3398.76,3377.7,3383.56,3337.1711796503773,3362.785784079682,3350.08491899887,23.284285714285577
2025.06.12 20:00,3383.56,3389.27,3378.03,3386.74,3345.7936144993246,3367.5766272637456,3353.4171990898817,22.98428571428559
2025.06.13 00:00,3386.07,3419.84,3379.33,3416.47,3353.2089084694194,3377.3553018109965,3359.1492718998925,23.78857142857132
2025.06.13 04:00,3414.83,3444.31,3413.84,3425.2,3363.8698831143124,3386.924241448797,3365.1538835453566,24.881428571428476
2025.06.13 08:00,3425.21,3428.7,3407.78,3424.32,3378.3491041537363,3394.403393159038,3370.5326214048696,24.967142857142747
2025.06.13 12:00,3424.27,3438.0,3411.44,3436.55,3390.222065406064,3402.8327145272306,3376.534201277154,25.73571428571416
2025.06.13 16:00,3436.37,3446.7,3419.18,3429.95,3399.957893632972,3408.2561716217842,3381.3901829792308,26.54785714285704
2025.06.13 20:00,3429.95,3439.36,3427.26,3433.37,3409.306314906378,3413.2789372974275,3386.11562089021,24.94428571428559
2025.06.16 00:00,3443.56,3451.4,3431.45,3436.19,3416.7850519251024,3417.861149837942,3390.6678371729176,25.180714285714192
2025.06.16 04:00,3436.2,3446.23,3426.74,3427.42,3423.708041540082,3419.7729198703537,3394.0089428844703,23.98142857142848
2025.06.16 08:00,3427.44,3430.29,3409.38,3413.74,3451.4,3418.5663358962834,3395.8026753495187,24.156428571428467
2025.06.16 12:00,3413.82,3422.56,3410.69,3415.48,3450.5596,3417.949068717027,3397.591523045017,23.90714285714277
2025.06.16 16:00,3415.44,3417.91,3382.49,3399.34,3449.736008,3414.2272549736217,3397.75047549547,23.78785714285708
2025.06.16 20:00,3399.33,3400.15,3382.81,3385.25,3447.04616768,3408.4318039788977,3396.614068632245,22.52571428571425
2025.06.17 00:00,3386.79,3403.11,3385.69,3394.24,3444.4639209728,3405.5934431831183,3396.398244211132,22.297142857142802
2025.06.17 04:00,3394.25,3402.42,3373.58,3393.89,3441.9849641338883,3403.2527545464945,3396.17022201012,23.554285714285687
2025.06.17 08:00,3393.88,3395.31,3377.74,3378.75,3437.880666285855,3398.352203637196,3394.5865654637455,21.915714285714255
2025.06.17 12:00,3378.75,3400.04,3375.66,3386.59,3434.022626308704,3395.999762909757,3393.8596049670414,21.480714285714278
2025.06.17 16:00,3386.69,3397.33,3366.11,3382.82,3430.3960687301815,3393.363810327806,3392.8560045154923,22.216428571428576
2025.06.17 20:00,3382.76,3392.36,3381.23,3388.38,3425.253183231767,3392.3670482622447,3392.449095014084,21.11428571428573
2025.06.18 00:00,3390.35,3395.95,3382.82,3385.61,3420.5217285732256,3391.0156386097956,3391.8273591037128,20.086428571428566
2025.06.18 04:00,3385.56,3399.89,3370.52,3395.06,3416.1687902873678,3391.824510887837,3392.1212355488296,21.319999999999993
2025.06.18 08:00,3395.05,3395.54,3376.98,3383.44,3412.1640870643782,3390.1476087102697,3391.332032317118,21.220714285714255
2025.06.18 12:00,3383.44,3389.71,3375.38,3386.5,3408.479760099228,3389.418086968216,3390.8927566519255,20.852142857142805
2025.06.18 16:00,3386.54,3396.67,3373.73,3390.88,3405.0901792912896,3389.710469574573,3390.891596956296,20.99714285714282
2025.06.18 20:00,3390.86,3395.65,3362.4,3369.2,3401.9717649479862,3385.6083756596586,3388.9196335966326,22.524285714285686
2025.06.19 00:00,3369.91,3383.18,3369.19,3379.35,3398.0145884531876,3384.356700527727,3388.0496669060294,20.99357142857138
2025.06.19 04:00,3379.33,3387.82,3369.61,3374.43,3395.65,3382.3713604221816,3386.8115153691174,21.055714285714227
2025.06.19 08:00,3374.41,3375.18,3347.39,3368.59,3392.3250000000003,3379.6150883377454,3385.1550139719247,21.76499999999993
2025.06.19 12:00,3368.59,3378.88,3363.42,3367.83,3387.82,3377.2580706701965,3383.5800127017496,20.809285714285636
2025.06.19 16:00,3368.0,3372.83,3361.36,3370.97,3382.9684,3376.0004565361573,3382.4336479106814,20.373571428571324
2025.06.19 20:00,3370.98,3375.31,3365.74,3370.37,3378.88,3374.8743652289263,3381.3369526460738,19.315714285714186
2025.06.20 00:00,3369.85,3370.31,3361.79,3368.01,3375.31,3373.501492183141,3380.125411496431,17.698571428571338
2025.06.20 04:00,3368.02,3368.22,3344.63,3354.13,3375.31,3369.627193746513,3377.7621922694825,18.588571428571306
2025.06.20 08:00,3354.13,3355.15,3340.24,3350.87,3371.0148,3365.8757549972106,3375.3174475177116,18.71571428571421
2025.06.20 12:00,3350.86,3359.04,3341.81,3344.3,3368.22,3361.560603997769,3372.4976795615557,17.84857142857136
2025.06.20 16:00,3344.5,3374.39,3342.92,3371.35,3340.24,3363.518483198215,3372.3933450559593,18.77071428571421
2025.06.20 20:00,3371.35,3371.63,3364.5,3368.4,3340.923,3364.4947865585723,3372.0303136872353,18.256428571428508
2025.06.23 00:00,3389.44,3396.58,3358.3,3365.56,3341.5923399999997,3364.707829246858,3371.442103352032,19.35214285714277
2025.06.23 04:00,3365.62,3367.94,3351.83,3358.37,3343.7918463999995,3363.440263397487,3370.253730320029,18.127857142857064
2025.06.23 08:00,3358.36,3362.17,3346.83,3361.69,3345.9033725439995,3363.09021071799,3369.4752093818443,18.22428571428566
2025.06.23 12:00,3361.67,3381.89,3355.77,3360.32,3346.83,3362.536168574392,3368.6429176198585,18.78928571428565
2025.06.23 16:00,3360.3,3393.35,3359.66,3389.75,3346.83,3367.9789348595136,3370.5617432907807,19.21071428571423
2025.06.23 20:00,3389.72,3391.48,3367.07,3368.98,3348.8199999999997,3368.1791478876107,3370.4179484461642,19.84999999999993
2025.06.24 00:00,3366.61,3369.38,3333.04,3350.96,3396.58,3364.7353183100886,3368.6490440419675,21.626428571428526
2025.06.24 04:00,3350.98,3357.78,3342.1,3348.44,3395.3092,3361.476254648071,3366.8118582199704,22.06285714285711
2025.06.24 08:00,3348.41,3348.66,3315.99,3327.15,3394.0638160000003,3354.6110037184567,3363.2062347454275,23.783571428571406
2025.06.24 12:00,3327.17,3328.78,3304.37,3314.6,3390.94086336,3346.6088029747657,3358.787486132207,23.84214285714288
2025.06.24 16:00,3314.58,3320.29,3295.23,3318.29,3385.7466115584,3340.9450423798125,3355.1058964838244,24.56714285714285
2025.06.24 20:00,3318.38,3325.15,3315.54,3322.93,3378.5052826337283,3337.34203390385,3352.180814985295,24.022857142857145
2025.06.25 00:00,3323.74,3329.94,3320.68,3326.83,3371.84326002303,3335.23962712308,3349.876195441177,22.436428571428603
2025.06.25 04:00,3326.85,3335.1,3325.68,3327.36,3365.7141992211873,3333.6637016984646,3347.8292685828883,22.60000000000003
2025.06.25 08:00,3327.34,3336.94,3326.39,3327.2,3360.0754632834924,3332.370961358772,3345.9538805298985,20.619285714285777
2025.06.25 12:00,3327.22,3329.41,3318.02,3320.52,3354.887826220813,3330.0007690870175,3343.641709572635,20.2821428571429
2025.06.25 16:00,3320.53,3335.04,3311.84,3334.62,3350.115200123148,3330.924615269614,3342.8215541569407,20.843571428571448
2025.06.25 20:00,3334.64,3335.9,3324.62,3332.12,3345.7243841132963,3331.1636922156913,3341.8486855972187,19.78357142857147
2025.06.26 00:00,3334.18,3339.91,3331.1,3333.82,3341.6848333842327,3331.694953772553,3341.1188050883807,18.006428571428604
2025.06.26 04:00,3333.82,3343.05,3329.15,3333.84,3295.23,3332.1239630180426,3340.4570955348913,17.255714285714333
2025.06.26 08:00,3333.83,3350.21,3330.88,3348.04,3296.1864,3335.3071704144345,3341.1464504862647,16.04071428571432
2025.06.26 12:00,3348.01,3348.66,3321.48,3321.89,3298.3473440000002,3332.623736331548,3339.395864078422,16.862142857142857
2025.06.26 16:00,3321.89,3333.16,3309.87,3331.22,3300.4218502400004,3332.3429890652387,3338.6526037076565,16.192142857142848
2025.06.26 20:00,3331.18,3336.29,3327.63,3327.66,3302.4133762304004,3331.4063912521915,3337.6532760978694,15.067142857142816
2025.06.27 00:00,3327.32,3327.87,3313.17,3318.74,3304.3252411811845,3328.8731130017536,3335.9338873616994,14.327142857142807
2025.06.27 04:00,3318.68,3321.86,3290.94,3293.86,3350.21,3321.870490401403,3332.1089885106358,15.84928571428566
2025.06.27 08:00,3293.94,3300.88,3281.78,3289.3,3349.0246,3315.3563923211227,3328.217262282396,16.55214285714278
2025.06.27 12:00,3289.32,3290.85,3269.36,3269.94,3346.334816,3306.2731138568984,3322.919329347633,17.414285714285615
2025.06.27 16:00,3270.0,3278.45,3255.84,3277.47,3341.71632704,3300.512491085519,3318.7875721342116,18.27571428571415
2025.06.27 20:00,3277.5,3282.71,3268.28,3274.5,3334.8462208768,3295.3099928684155,3314.761429212919,18.492857142857005
2025.06.30 00:00,3273.52,3281.39,3246.66,3264.42,3328.525723206656,3289.1319942947325,3310.1849356481084,19.31642857142845
2025.06.30 04:00,3264.41,3286.17,3259.41,3285.49,3320.3391508859904,3288.403595435786,3307.9399414982804,20.422142857142738
2025.06.30 08:00,3285.44,3296.65,3284.5,3289.04,3312.9712357973913,3288.530876348629,3306.221764998437,20.660714285714178
2025.06.30 12:00,3289.01,3289.01,3274.45,3281.93,3306.340112217652,3287.2107010789036,3304.0134227258513,20.709999999999898
2025.06.30 16:00,3281.94,3297.37,3277.83,3297.18,3300.3721009958867,3289.2045608631233,3303.3922024780463,20.724999999999902
2025.06.30 20:00,3297.19,3309.37,3291.9,3302.88,3246.66,3291.939648690499,3303.3456386164057,20.03142857142847
2025.07.01 00:00,3303.01,3314.73,3302.1,3314.63,3247.9141999999997,3296.4777189523993,3304.371489651278,19.26999999999991
2025.07.01 04:00,3314.62,3322.91,3313.8,3322.82,3250.5868319999995,3301.7461751619194,3306.048626955707,19.302142857142755
2025.07.01 08:00,3322.82,3342.3,3322.79,3339.42,3254.9262220799997,3309.280940129536,3309.0823881415513,19.645714285714213
2025.07.01 12:00,3339.43,3357.82,3338.1,3354.49,3261.9161243135995,3318.3227521036288,3313.2103528559555,18.845714285714227
2025.07.01 16:00,3354.45,3355.41,3336.92,3341.66,3271.5065118822395,3322.9902016829033,3315.7966844145053,18.80214285714279
2025.07.01 20:00,3341.6,3342.06,3336.74,3338.87,3280.1378606940157,3326.1661613463225,3317.8942585586415,17.647142857142818
2025.07.02 00:00,3337.96,3344.89,3334.5,3338.87,3287.906074624614,3328.7069290770582,3319.8011441442195,16.77428571428569
2025.07.02 04:00,3338.86,3342.74,3328.48,3339.97,3294.8974671621527,3330.959543261647,3321.6346764947452,16.762142857142827
2025.07.02 08:00,3339.95,3343.79,3327.4,3333.42,3301.1897204459374,3331.451634609318,3322.706069540677,15.452142857142816
2025.07.02 12:00,3333.39,3350.97,3332.94,3346.57,3306.852748401344,3334.4753076874545,3324.875517764252,14.828571428571353
2025.07.02 16:00,3346.57,3349.06,3333.81,3348.59,3311.9494735612097,3337.2982461499637,3327.0313797856834,15.049999999999917
2025.07.02 20:00,3348.58,3360.03,3347.28,3356.93,3316.5365262050886,3341.224596919971,3329.749436168803,14.918571428571335
2025.07.03 00:00,3357.6,3365.77,3343.42,3344.62,3321.755743060478,3341.9036775359773,3331.101305608003,15.119285714285617
2025.07.03 04:00,3344.66,3351.75,3341.77,3350.64,3327.917739032011,3343.650942028782,3332.8775505527296,14.584285714285633
2025.07.03 08:00,3350.66,3363.57,3350.05,3356.05,3333.2170555675293,3346.130753623026,3334.9841368661178,14.647857142857053
2025.07.03 12:00,3356.06,3356.18,3311.47,3324.38,3365.77,3341.7806028984214,3334.0201244237433,17.190714285714222
2025.07.03 16:00,3324.45,3338.38,3322.02,3333.81,3364.684,3340.1864823187375,3334.001022203403,16.965714285714217
2025.07.03 20:00,3333.79,3334.75,3325.22,3325.85,3363.61972,3337.3191858549903,3333.260020184912,16.23785714285707
2025.07.04 00:00,3325.5,3331.88,3323.41,3328.87,3362.5767256,3335.6293486839922,3332.860927440829,15.522142857142818
2025.07.04 04:00,3328.86,3342.11,3326.04,3340.75,3361.554591088,3336.653478947194,3333.578115855299,16.28999999999996
2025.07.04 08:00,3340.76,3344.92,3336.33,3342.74,3360.55289926624,3337.870783157755,3334.411014413908,16.16142857142855
2025.07.04 12:00,3342.73,3342.98,3331.33,3333.8,3359.571241280915,3337.056626526204,3334.355467649007,15.975000000000003
2025.07.04 16:00,3333.84,3337.9,3330.64,3336.77,3358.6092164552965,3336.9993012209634,3334.574970590006,15.32285714285717
2025.07.07 00:00,3334.37,3342.39,3321.58,3326.44,3357.6664321261906,3334.887440976771,3333.8354278090965,15.521428571428613
2025.07.07 04:00,3326.44,3327.59,3305.18,3307.6,3356.742503483667,3329.429952781417,3331.45038891736,16.032857142857207
2025.07.07 08:00,3307.65,3315.15,3300.51,3310.02,3354.68000334432,3325.5479622251337,3329.5021717430545,16.167857142857198
2025.07.07 12:00,3310.0,3312.66,3296.27,3309.48,3351.429803143661,3322.3343697801074,3327.6819743118676,15.742142857142909
2025.07.07 16:00,3309.46,3327.92,3306.01,3327.26,3347.0170188921684,3323.3194958240865,3327.6436130107886,16.594285714285753
2025.07.07 20:00,3327.23,3340.24,3327.17,3336.18,3342.957257380795,3325.8915966592695,3328.419648191626,16.562142857142877
2025.07.08 00:00,3338.79,3345.65,3330.98,3334.13,3296.27,3327.5392773274157,3328.9387710832966,14.416428571428593
2025.07.08 04:00,3334.15,3337.84,3327.28,3329.51,3297.2576,3327.933421861933,3328.9907009848152,14.002142857142866
2025.07.08 08:00,3329.5,3339.29,3323.16,3323.57,3298.225448,3327.060737489546,3328.4979099861957,14.47357142857143
2025.07.08 12:00,3323.58,3329.73,3319.79,3328.02,3299.1739390400003,3327.252589991637,3328.4544636238143,14.578571428571417
2025.07.08 16:00,3328.04,3328.58,3286.98,3300.42,3345.65,3321.8860719933095,3325.9058760216494,16.402142857142827
2025.07.08 20:00,3300.41,3310.25,3299.2,3301.54,3344.4766,3317.816857594648,3323.6907963833173,16.577857142857116
2025.07.09 00:00,3301.56,3307.87,3297.13,3307.0,3343.326668,3315.653486075719,3322.173451257561,16.512857142857094
2025.07.09 04:00,3307.01,3307.1,3284.87,3293.77,3342.1997346400003,3311.276788860575,3319.591319325055,17.582142857142795
2025.07.09 08:00,3293.8,3297.65,3282.56,3284.88,3339.9065452544005,3305.9974310884604,3316.4357448409587,17.173571428571382
2025.07.09 12:00,3284.82,3297.44,3283.11,3296.29,3336.4657525391362,3304.055944870768,3314.6043134917804,16.596428571428497
2025.07.09 16:00,3296.32,3313.15,3291.77,3311.73,3333.231407386788,3305.5907558966146,3314.343012265255,17.077857142857084
2025.07.09 20:00,3311.71,3316.72,3307.97,3313.49,3330.1911229435805,3307.1706047172916,3314.265465695686,16.53214285714281
2025.07.10 00:00,3313.43,3321.74,3312.49,3317.57,3327.333255566966,3309.2504837738334,3314.565877905169,15.627857142857104
2025.07.10 04:00,3317.49,3326.18,3314.75,3322.1,3282.56,3311.820387019067,3315.2507980956084,15.510714285714256
2025.07.10 08:00,3322.11,3330.03,3319.71,3328.57,3283.4324,3315.1703096152537,3316.4616346323714,15.199999999999976
2025.07.10 12:00,3328.57,3330.18,3317.7,3323.62,3285.296304,3316.8602476922033,3317.1123951203376,15.337142857142839
2025.07.10 16:00,3323.67,3329.28,3309.92,3314.95,3287.98932576,3316.4781981537626,3316.915813745761,15.567857142857125
2025.07.10 20:00,3314.96,3325.85,3314.54,3323.86,3290.5207662144003,3317.9545585230103,3317.547103405237,15.66571428571426
2025.07.11 00:00,3324.14,3336.01,3321.67,3330.42,3292.900320241536,3320.4476468184084,3318.717366732034,13.71857142857142
2025.07.11 04:00,3330.38,3335.88,3325.04,3331.82,3296.349094622213,3322.722117454727,3319.90851521094,13.703571428571419
2025.07.11 08:00,3331.79,3343.69,3331.02,3332.92,3299.521967052436,3324.761693963782,3321.091377464491,13.841428571428581
2025.07.11 12:00,3332.94,3356.98,3332.69,3354.95,3303.9387703471925,3330.7993551710256,3324.1694340586278,13.988571428571435
2025.07.11 16:00,3354.96,3368.52,3349.97,3353.76,3310.3037179055295,3335.3914841368205,3326.8594855078436,14.235714285714295
2025.07.11 20:00,3353.57,3359.62,3349.16,3354.89,3318.4539973987553,3339.2911873094567,3329.4077140980394,13.95928571428573
2025.07.14 00:00,3363.88,3373.87,3358.97,3367.39,3325.4632377629296,3344.9109498475655,3332.860649180036,13.787857142857153
2025.07.14 04:00,3367.43,3370.01,3353.73,3359.55,3333.208319720861,3347.8387598780523,3335.2869538000327,14.32571428571431
2025.07.14 08:00,3359.52,3374.9,3353.69,3365.86,3339.7141885655233,3351.443007902442,3338.0663216363932,15.180000000000028
2025.07.14 12:00,3365.96,3374.49,3349.23,3349.95,3346.047634623729,3351.1444063219533,3339.146656033085,16.167857142857166
2025.07.14 16:00,3349.96,3358.85,3340.89,3347.68,3374.9,3350.451525057563,3339.922414575532,16.71357142857144
2025.07.14 20:00,3347.67,3351.56,3341.12,3343.3,3374.49,3349.02122004605,3340.229467795938,16.567857142857157
2025.07.15 00:00,3343.96,3349.26,3341.27,3347.48,3373.8179999999998,3348.7129760368402,3340.8886070872163,15.755714285714308
2025.07.15 04:00,3347.5,3361.24,3345.69,3360.07,3373.15944,3350.9843808294727,3342.6323700792873,16.058571428571437
2025.07.15 08:00,3360.05,3365.5,3356.48,3360.96,3372.5140512,3352.979504663578,3344.2985182538973,15.678571428571425
2025.07.15 12:00,3360.95,3366.2,3346.31,3348.75,3371.881570176,3352.133603730863,3344.703198412634,16.324999999999978
2025.07.15 16:00,3348.8,3352.3,3320.11,3329.15,3371.26173877248,3347.5368829846902,3343.2892712842126,17.71928571428569
2025.07.15 20:00,3329.16,3331.81,3324.75,3324.76,3369.215669221581,3342.9815063877527,3341.6047920765573,16.4885714285714
2025.07.16 00:00,3324.03,3332.48,3323.64,3330.37,3367.2514424527176,3340.459205110202,3340.5834473423247,15.79499999999997
2025.07.16 04:00,3330.37,3338.46,3324.95,3338.17,3365.3657847546087,3340.001364088162,3340.3640430384767,16.012857142857126
2025.07.16 08:00,3338.11,3342.52,3335.58,3341.96,3363.555553364424,3340.3930912705296,3340.509130034979,15.152857142857128
2025.07.16 12:00,3341.91,3342.91,3330.79,3334.44,3361.817731229847,3339.202473016424,3339.95739094089,14.85571428571425
2025.07.16 16:00,3334.48,3377.15,3319.56,3349.01,3320.11,3341.1639784131394,3340.7803554008087,17.454285714285685
2025.07.16 20:00,3349.0,3357.38,3345.92,3347.37,3319.56,3342.405182730512,3341.379414000735,16.46857142857142
2025.07.17 00:00,3347.88,3352.08,3339.6,3340.65,3319.56,3342.05414618441,3341.313103637032,16.077142857142846
2025.07.17 04:00,3340.69,3344.6,3336.21,3342.61,3320.7118,3342.165316947528,3341.4310033063925,15.930714285714261
2025.07.17 08:00,3342.57,3342.79,3325.05,3328.65,3321.840564,3339.4622535580224,3340.2690939149024,16.6271428571428
2025.07.17 12:00,3328.65,3332.43,3309.73,3312.99,3377.15,3334.167802846418,3337.789176286275,17.137857142857094
2025.07.17 16:00,3312.97,3339.83,3311.09,3338.71,3375.8016000000002,3335.076242277135,3337.8728875329775,18.546428571428507
2025.07.17 20:00,3338.68,3340.98,3335.56,3339.03,3374.480168,3335.866993821708,3337.978079575434,17.512857142857094
2025.07.18 00:00,3341.77,3343.96,3337.87,3339.74,3373.18516464,3336.6415950573664,3338.1382541594853,15.648571428571385
2025.07.18 04:00,3339.75,3344.07,3333.71,3336.95,3371.9160613472,3336.7032760458933,3338.0302310540774,15.884285714285683
2025.07.18 08:00,3336.96,3350.24,3331.72,3347.34,3370.6723401202557,3338.830620836715,3338.876573685525,16.57571428571424
2025.07.18 12:00,3347.46,3361.12,3347.34,3359.8,3369.4534933178506,3343.024496669372,3340.778703350477,16.59499999999992
2025.07.18 16:00,3359.82,3360.17,3351.06,3353.53,3368.2590234514937,3345.1255973354982,3341.937912136797,16.749999999999925
2025.07.18 20:00,3353.54,3353.62,3347.52,3350.34,3367.0884429824637,3346.168477868399,3342.701738306179,16.319999999999926
2025.07.21 00:00,3349.69,3354.42,3344.85,3352.15,3365.9412741228143,3347.364782294719,3343.560671187435,12.889999999999926
2025.07.21 04:00,3352.13,3358.63,3350.54,3357.7,3364.817048640358,3349.4318258357753,3344.84606471585,12.649285714285648
2025.07.21 08:00,3357.67,3370.61,3357.53,3365.86,3309.73,3352.7174606686203,3346.7564224689545,12.692142857142784
2025.07.21 12:00,3365.9,3388.5,3362.62,3387.12,3310.9476,3359.5979685348966,3350.4258386081406,13.941428571428515
2025.07.21 16:00,3387.2,3401.43,3383.48,3395.48,3314.049696,3366.7743748279177,3354.5216714619455,13.956428571428518
2025.07.21 20:00,3395.49,3399.62,3391.35,3396.92,3319.29251424,3372.8034998623343,3358.376064965405,12.925714285714244
2025.07.22 00:00,3396.7,3402.58,3390.4,3394.36,3324.2207633856,3377.1147998898673,3361.6473317867317,11.742857142857105
2025.07.22 04:00,3394.37,3395.76,3385.0,3390.95,3330.489502314752,3379.881839911894,3364.3112107152106,12.124285714285687
2025.07.22 08:00,3391.1,3391.77,3383.18,3388.89,3336.2567421295716,3381.6834719295152,3366.545646104737,12.302857142857116
2025.07.22 12:00,3388.82,3407.67,3384.46,3407.39,3341.562602759206,3386.8247775436125,3370.2587691861245,13.220714285714251
2025.07.22 16:00,3407.4,3432.74,3404.85,3432.02,3348.1733424832855,3395.8638220348903,3375.8734265328403,13.889999999999958
2025.07.22 20:00,3432.04,3433.36,3426.4,3431.58,3358.3213413852914,3403.007057627912,3380.9376604844,13.40285714285712
2025.07.23 00:00,3431.75,3438.9,3426.1,3428.62,3368.8267535913506,3408.1296461023303,3385.2724186221817,13.666428571428554
2025.07.23 04:00,3428.67,3430.62,3419.02,3423.44,3380.0384730167343,3411.1917168818645,3388.7421987474377,14.059285714285696
2025.07.23 08:00,3423.43,3429.54,3416.25,3428.3,3389.4563173340566,3414.613373505492,3392.3383624976705,14.324999999999967
2025.07.23 12:00,3428.36,3433.64,3419.84,3419.88,3397.3673065606076,3415.666698804394,3394.842147725155,14.73285714285708
2025.07.23 16:00,3419.86,3420.47,3381.36,3387.31,3438.9,3409.9953590435152,3394.157407022868,16.592142857142775
2025.07.23 20:00,3387.3,3395.88,3385.65,3387.05,3437.7492,3405.406287234812,3393.511279111698,15.474285714285626
2025.07.24 00:00,3387.85,3393.18,3386.41,3391.34,3436.6214160000004,3402.59302978785,3393.3138901015436,14.675714285714209
2025.07.24 04:00,3391.35,3393.23,3374.63,3382.42,3435.5161876800003,3398.55842383028,3392.3235364559487,15.413571428571347
2025.07.24 08:00,3382.42,3382.76,3365.75,3369.57,3433.0807401728002,3392.7607390642243,3390.2550331417715,15.758571428571374
2025.07.24 12:00,3369.46,3369.97,3352.5,3353.34,3429.0408957624322,3384.8765912513795,3386.899121037974,16.23785714285706
2025.07.24 16:00,3353.3,3377.28,3351.24,3366.84,3422.9176241014375,3381.2692730011036,3385.0755645799763,17.48428571428565
2025.07.24 20:00,3366.81,3373.31,3366.19,3368.43,3415.7498616912935,3378.701418400883,3383.562331436342,16.334999999999926
2025.07.25 00:00,3367.78,3373.34,3364.94,3372.06,3409.298875522164,3377.3731347207063,3382.516664942129,14.942857142857084
2025.07.25 04:00,3372.08,3372.53,3357.81,3360.78,3403.4929879699475,3374.054507776565,3380.5406044928445,15.497142857142814
2025.07.25 08:00,3360.87,3362.15,3344.44,3345.31,3398.267689172953,3368.305606221252,3377.3378222662222,15.84785714285709
2025.07.25 12:00,3345.33,3348.79,3336.3,3340.66,3391.8083664721985,3362.776484977002,3374.0034747874747,15.911428571428509
2025.07.25 16:00,3340.68,3347.42,3324.95,3329.64,3384.037195166091,3356.1491879816017,3369.9704316249768,16.567142857142816
2025.07.25 20:00,3329.73,3340.15,3329.46,3336.63,3374.5832439395163,3352.2453503852817,3366.939483295433,16.34499999999998
2025.07.28 00:00,3319.2,3337.16,3319.2,3333.24,3366.6419249091937,3348.4442803082256,3363.875893904939,14.834285714285722
2025.07.28 04:00,3333.25,3343.89,3329.8,3339.5,3358.102378425539,3346.655424246581,3361.6599035499444,15.109999999999983
2025.07.28 08:00,3339.48,3345.23,3332.24,3335.9,3351.099950308942,3344.5043393972646,3359.318094136313,15.554285714285715
2025.07.28 12:00,3335.91,3340.56,3325.43,3328.28,3345.3579592533324,3341.259471517812,3356.4964492148297,15.306428571428587
2025.07.28 16:00,3328.26,3330.56,3301.62,3312.07,3345.23,3335.42157721425,3352.4576811043908,16.15857142857143
2025.07.28 20:00,3312.04,3318.68,3308.68,3314.43,3340.56,3331.2232617714003,3349.0006191858097,15.625000000000016
2025.07.29 00:00,3315.18,3315.75,3307.94,3311.47,3332.772,3327.2726094171203,3345.5887447143728,14.322857142857124
2025.07.29 04:00,3311.45,3320.71,3308.39,3316.37,3326.5416,3325.0920875336965,3342.932495194884,14.694285714285716
2025.07.29 08:00,3316.36,3329.88,3311.12,3326.24,3301.62,3325.3216700269572,3341.4149956317124,15.434285714285725
2025.07.29 12:00,3326.11,3328.1,3314.85,3323.16,3302.1852,3324.889336021566,3339.7554505742837,15.329285714285707
2025.07.29 16:00,3323.18,3333.95,3311.91,3323.05,3302.739096,3324.521468817253,3338.236773249349,15.638571428571415
2025.07.29 20:00,3323.02,3330.74,3322.53,3326.44,3303.98753216,3324.905175053803,3337.16433931759,15.332857142857115
2025.07.30 00:00,3326.54,3333.58,3325.87,3330.15,3305.1860308736,3325.9541400430426,3336.5266721069,14.278571428571386
2025.07.30 04:00,3330.13,3333.13,3321.67,3327.01,3306.336589638656,3326.1653120344345,3335.661520097182,14.333571428571384
2025.07.30 08:00,3327.05,3333.28,3322.96,3332.13,3307.4411260531097,3327.3582496275476,3335.3404728156197,13.787857142857106
2025.07.30 12:00,3331.91,3333.88,3310.52,3313.17,3308.501481010985,3324.5205997020385,3333.324975286927,14.449999999999994
2025.07.30 16:00,3313.2,3315.97,3288.54,3297.97,3333.95,3319.210479761631,3330.110886624479,15.481428571428538
2025.07.30 20:00,3298.02,3304.83,3267.91,3274.88,3333.88,3310.3443838093053,3325.0898969313444,17.037857142857106
2025.07.31 00:00,3277.17,3288.31,3273.27,3286.38,3331.2412,3305.5515070474444,3321.5708153921314,16.044999999999956
2025.07.31 04:00,3286.34,3298.46,3284.94,3297.99,3328.7079519999998,3304.0392056379555,3319.4271049019376,16.296428571428525
2025.07.31 08:00,3298.02,3314.7,3294.6,3309.75,3326.27603392,3305.1813645103643,3318.5473680926702,17.174285714285666
2025.07.31 12:00,3309.74,3312.98,3293.63,3307.48,3323.9413925631998,3305.641091608292,3317.541243720609,17.676428571428506
2025.07.31 16:00,3307.49,3310.23,3289.58,3294.88,3321.7001368606716,3303.488873286634,3315.481130655099,17.811428571428497
2025.07.31 20:00,3294.9,3298.31,3289.73,3289.94,3319.5485313862446,3300.779098629307,3313.159209686454,17.47785714285706
2025.08.01 00:00,3290.26,3295.05,3286.32,3290.12,3317.482990130795,3298.6472789034456,3311.0647360785943,16.52714285714278
2025.08.01 04:00,3290.11,3296.98,3281.51,3291.99,3315.500070525563,3297.3158231227567,3309.3306691623584,17.045714285714226
2025.08.01 08:00,3291.97,3300.38,3285.11,3294.16,3313.5964677045404,3296.6846584982054,3307.9515174203257,17.58571428571422
2025.08.01 12:00,3294.18,3345.04,3292.64,3341.1,3267.91,3305.5677267985643,3310.9650158366594,20.50999999999994
2025.08.01 16:00,3341.11,3354.99,3338.71,3347.17,3269.4526,3313.888181438852,3314.2563780333267,20.935714285714198
2025.08.01 20:00,3347.12,3363.33,3345.47,3362.68,3272.874096,3323.6465451510817,3318.6585254848424,20.542857142857056
2025.08.04 00:00,3366.46,3368.68,3350.07,3352.07,3278.30145024,3329.331236120866,3321.6959322589473,19.912857142857042
2025.08.04 04:00,3351.96,3362.01,3344.93,3358.84,3285.5317342208,3335.232988896693,3325.0726656899524,18.495714285714207
2025.08.04 08:00,3358.92,3362.53,3351.57,3358.34,3292.183595483136,3339.8543911173547,3328.0969688090477,18.204285714285643
2025.08.04 12:00,3358.36,3371.41,3352.84,3367.65,3298.303307844485,3345.413512893884,3331.692698917316,18.56499999999991
2025.08.04 16:00,3367.69,3385.22,3366.93,3370.85,3305.6139770600366,3350.5008103151076,3335.2524535611965,18.435714285714198
2025.08.04 20:00,3370.84,3376.99,3370.58,3373.52,3315.166699812832,3355.1046482520865,3338.731321419269,17.51142857142848
2025.08.05 00:00,3374.05,3381.2,3373.64,3379.68,3323.5730958352924,3360.0197186016694,3342.4539285629717,16.584999999999887
2025.08.05 04:00,3379.69,3382.25,3370.88,3371.01,3330.970724335057,3362.217774881336,3345.049935057247,16.7842857142856
2025.08.05 08:00,3371.0,3375.38,3365.6,3366.0,3337.48063741485,3362.974219905069,3346.9544864156787,16.859285714285612
2025.08.05 12:00,3365.99,3366.85,3349.66,3366.06,3343.2093609250683,3363.5913759240552,3348.6913512869805,16.982142857142772
2025.08.05 16:00,3366.1,3390.29,3365.76,3381.94,3348.25063761406,3367.2611007392443,3351.713955715437,17.643571428571327
2025.08.05 20:00,3381.96,3382.68,3378.03,3380.67,3349.66,3369.942880591396,3354.3463233776697,14.232857142857009
2025.08.06 00:00,3381.16,3385.18,3378.02,3383.32,3355.3482,3372.618304473117,3356.9802939796996,13.581428571428445
2025.08.06 04:00,3383.3,3383.47,3372.08,3372.29,3360.240052,3372.5526435784936,3358.3720854360904,13.119285714285569
2025.08.06 08:00,3372.29,3378.54,3364.66,3365.02,3364.44704472,3371.046114862795,3358.976441305537,12.781428571428457
2025.08.06 12:00,3365.03,3369.11,3358.03,3367.39,3390.29,3370.314891890236,3359.741310277761,12.352857142856996
2025.08.06 16:00,3367.37,3379.85,3365.08,3375.98,3389.6448,3371.447913512189,3361.2175547979646,12.624999999999849
2025.08.06 20:00,3376.01,3377.49,3367.05,3369.18,3389.012504,3370.9943308097513,3361.941413452695,12.044285714285555
2025.08.07 00:00,3368.47,3374.87,3365.08,3372.11,3388.3928539199997,3371.217464647801,3362.865830411541,11.437142857142698
2025.08.07 04:00,3372.09,3384.01,3370.0,3377.42,3387.7855968415997,3372.457971718241,3364.1889367377644,11.979999999999867
2025.08.07 08:00,3377.54,3397.26,3371.52,3378.01,3358.03,3373.5683773745927,3365.445397034331,13.269999999999897
2025.08.07 12:00,3377.97,3389.65,3371.65,3380.71,3358.8146,3374.996701899674,3366.833088213028,13.743571428571332
2025.08.07 16:00,3380.65,3393.7,3375.11,3388.81,3359.583508,3377.7593615197397,3368.830989284571,14.37285714285701
2025.08.07 20:00,3388.78,3401.77,3384.23,3395.24,3360.33703784,3381.255489215792,3371.2318084405188,14.397857142857003
2025.08.08 00:00,3403.3,3408.48,3387.04,3389.54,3361.9943563264,3382.9123913726335,3372.8961894913805,14.177142857142739
2025.08.08 04:00,3389.59,3399.15,3381.11,3394.22,3364.783494946816,3385.173913098107,3374.834717719437,15.133571428571333
2025.08.08 08:00,3394.26,3404.09,3388.62,3394.3,3367.405285250007,3386.9991304784858,3376.6042888358515,15.72714285714279
2025.08.08 12:00,3394.28,3401.8,3380.38,3391.43,3369.869768135007,3387.885304382789,3377.952080759865,16.443571428571374
2025.08.08 16:00,3391.33,3401.52,3381.06,3397.33,3372.186382046906,3389.7742435062314,3379.7137097816953,16.91357142857137
2025.08.08 20:00,3397.32,3404.02,3376.59,3398.33,3374.3639991240916,3391.4853948049854,3381.406099801541,18.081428571428507
2025.08.11 00:00,3397.6,3404.72,3381.33,3381.5,3376.410959176646,3389.488315843989,3381.414636183219,18.697142857142786
2025.08.11 04:00,3381.51,3383.74,3367.57,3375.73,3408.48,3386.7366526751916,3380.8978510756533,19.106428571428502
2025.08.11 08:00,3375.69,3379.96,3356.8,3361.79,3407.6618,3381.7473221401538,3379.1607737051395,20.061428571428493
2025.08.11 12:00,3361.48,3363.82,3344.31,3356.72,3405.627328,3376.7418577121234,3377.1207033683086,20.454285714285636
2025.08.11 16:00,3356.68,3362.7,3341.38,3343.98,3401.94828832,3370.1894861696987,3374.107912153008,20.13857142857131
2025.08.11 20:00,3344.0,3358.67,3341.14,3342.6,3397.1028252543997,3364.6715889357592,3371.2435565027345,20.104999999999897
2025.08.12 00:00,3342.83,3355.63,3342.24,3354.41,3391.5065427289596,3362.619271148608,3369.7132331843036,19.73357142857137
2025.08.12 04:00,3354.43,3357.35,3346.04,3354.31,3386.4698884560635,3360.9574169188863,3368.3129392584574,19.28857142857137
2025.08.12 08:00,3354.34,3357.99,3342.16,3347.75,3381.936899610457,3358.3159335351093,3366.443581144052,18.887857142857076
2025.08.12 12:00,3347.8,3357.95,3335.99,3349.78,3377.8572096494113,3356.6087468280875,3364.9287101309565,19.16785714285708
2025.08.12 16:00,3349.66,3358.96,3330.98,3349.32,3372.833144491482,3355.15099746247,3363.5097364826875,20.061428571428493
2025.08.12 20:00,3349.34,3350.74,3345.42,3347.97,3366.9737042626743,3353.714797969976,3362.097033166079,18.911428571428466
2025.08.13 00:00,3348.29,3353.65,3342.49,3343.45,3361.9345856659,3351.661838375981,3360.401848332799,18.247142857142773
2025.08.13 04:00,3343.45,3354.22,3342.57,3351.72,3357.600943672674,3351.673470700785,3359.6125893934536,17.1199999999999
2025.08.13 08:00,3351.7,3363.36,3345.53,3360.15,3330.98,3353.3687765606282,3359.6614449031395,16.72285714285705
2025.08.13 12:00,3360.11,3366.91,3355.32,3358.01,3331.6276,3354.2970212485025,3359.5113135483084,16.395714285714195
2025.08.13 16:00,3357.92,3370.65,3353.98,3357.72,3333.038896,3354.981616998802,3359.348466862098,15.932142857142782
2025.08.13 20:00,3357.75,3359.2,3349.8,3355.91,3335.29556224,3355.167293599042,3359.035878965544,15.209999999999884
2025.08.14 00:00,3356.76,3374.68,3356.4,3369.38,3337.4168285056,3358.009834879234,3359.97625360504,15.027857142857046
2025.08.14 04:00,3369.36,3370.77,3355.37,3360.34,3340.397882225152,3358.4758679033876,3360.009321459127,14.875714285714182
2025.08.14 08:00,3360.19,3366.3,3341.36,3346.01,3374.68,3355.9826943227104,3358.7366558719336,15.700714285714161
2025.08.14 12:00,3346.07,3359.08,3341.84,3350.41,3374.0135999999998,3354.8681554581685,3357.9796871563035,16.124285714285577
2025.08.14 16:00,3350.34,3355.96,3329.7,3334.24,3373.3605279999997,3350.742524366535,3355.8215337784577,16.8692857142856
2025.08.14 20:00,3334.24,3340.92,3331.76,3335.3,3371.61410688,3347.654019493228,3353.9559397985977,15.954999999999872
2025.08.15 00:00,3336.44,3338.71,3332.08,3336.96,3369.9375426048,3345.5152155945825,3352.4108543623615,14.429999999999879
2025.08.15 04:00,3336.97,3346.59,3333.15,3345.38,3368.328040900608,3345.488172475666,3351.771685783965,15.009999999999904
2025.08.15 08:00,3345.32,3348.66,3338.23,3341.21,3366.7829192645836,3344.632537980533,3350.8115325308772,14.957857142857012
2025.08.15 12:00,3341.19,3344.85,3333.42,3342.52,3365.2996024940003,3344.2100303844263,3350.0577568462522,14.942142857142741
2025.08.15 16:00,3342.55,3345.86,3332.77,3338.06,3363.87561839424,3342.9800243075415,3348.9670516784113,14.603571428571328
2025.08.15 20:00,3338.07,3339.45,3334.26,3335.19,3362.5085936584705,3341.4220194460336,3347.7145924349193,14.146428571428464
2025.08.18 00:00,3336.17,3342.68,3323.38,3340.48,3361.196249912132,3341.233615556827,3347.056902213563,14.334285714285581
2025.08.18 04:00,3340.45,3358.05,3339.47,3357.39,3358.927274917404,3344.464892445462,3347.9962747396025,14.98999999999992
2025.08.18 08:00,3357.38,3358.26,3344.4,3348.51,3323.38,3345.27391395637,3348.042977036002,14.639285714285645
2025.08.18 12:00,3348.49,3351.56,3342.98,3344.68,3324.0776,3345.1551311650965,3347.7372518509105,14.152142857142776
2025.08.18 16:00,3344.67,3344.87,3331.63,3334.15,3324.7612480000003,3342.9541049320774,3346.5020471371913,13.316428571428471
2025.08.18 20:00,3334.17,3334.78,3330.1,3332.7,3325.43122304,3340.903283945662,3345.247315579265,12.41928571428565
2025.08.19 00:00,3332.17,3339.07,3325.99,3335.06,3358.26,3339.73462715653,3344.3211959811497,11.47785714285709
2025.08.19 04:00,3335.03,3341.49,3329.38,3337.56,3357.6146000000003,3339.2997017252246,3343.706541801045,11.688571428571363
2025.08.19 08:00,3337.46,3341.71,3334.3,3337.87,3356.982108,3339.01376138018,3343.175947091859,11.744285714285631
2025.08.19 12:00,3337.88,3345.23,3334.07,3334.62,3356.36226584,3338.135009104144,3342.3981337198716,11.581428571428473
2025.08.19 16:00,3334.61,3339.16,3316.93,3317.31,3355.7548205232,3333.970007283315,3340.1173942907926,12.42428571428563
2025.08.19 20:00,3317.32,3320.06,3314.82,3315.5,3354.201827702272,3330.276005826652,3337.879449355266,11.982142857142769
2025.08.20 00:00,3315.91,3317.31,3312.7,3315.85,3351.838918040136,3327.390804661322,3335.8767721411505,11.376428571428482
2025.08.20 04:00,3315.86,3320.78,3311.35,3318.57,3348.707804596925,3325.626643729058,3334.303429219228,11.679285714285674
2025.08.20 08:00,3318.56,3327.4,3318.03,3324.89,3344.9720241372324,3325.4793149832467,3333.4476629265705,10.969999999999972
2025.08.20 12:00,3324.71,3344.72,3323.43,3342.78,3311.35,3328.9394519865978,3334.2960572059733,11.163571428571371
2025.08.20 16:00,3342.75,3350.13,3338.76,3345.07,3312.0173999999997,3332.1655615892787,3335.275506550885,10.985714285714211
2025.08.20 20:00,3345.08,3349.13,3343.87,3348.28,3313.5419039999997,3335.3884492714233,3336.4577332280774,10.748571428571374
2025.08.21 00:00,3349.87,3351.95,3341.35,3342.23,3315.00542784,3336.7567594171387,3336.9824847527975,10.559999999999954
2025.08.21 04:00,3342.24,3346.3,3337.8,3338.14,3317.2221021696,3337.0334075337114,3337.087713411634,10.832857142857076
2025.08.21 08:00,3338.15,3341.34,3334.13,3339.44,3319.305776039424,3337.514726026969,3337.3015576469397,10.413571428571338
2025.08.21 12:00,3339.43,3344.94,3325.03,3341.79,3321.2644294770585,3338.3697808215757,3337.709597860854,10.970714285714207
2025.08.21 16:00,3341.84,3347.99,3335.89,3339.61,3323.105563708435,3338.617824657261,3337.8823616916857,11.305714285714211
2025.08.21 20:00,3339.62,3341.93,3336.48,3338.46,3324.836229885929,3338.5862597258088,3337.9348742651687,10.897857142857067
2025.08.22 00:00,3338.77,3340.41,3334.96,3339.48,3326.463056092773,3338.7650077806475,3338.0753402410623,9.699285714285624
2025.08.22 04:00,3339.5,3340.12,3327.91,3328.28,3351.95,3336.668006224518,3337.184854764602,10.197142857142785
2025.08.22 08:00,3328.26,3334.98,3325.25,3328.65,3351.4692,3335.0644049796147,3336.4089588769107,10.562857142857062
2025.08.22 12:00,3328.66,3331.68,3321.33,3323.37,3350.420432,3332.725523983692,3335.2235989790097,10.628571428571322
2025.08.22 16:00,3323.33,3378.65,3323.07,3370.39,3321.33,3340.2584191869537,3338.4205445263724,13.92928571428561
2025.08.22 20:00,3370.41,3375.41,3368.71,3372.2,3321.33,3346.646735349563,3341.491404114884,12.887142857142743
2025.08.25 00:00,3370.63,3371.65,3363.15,3364.76,3322.4764,3350.269388279651,3343.606731013531,12.721428571428445
2025.08.25 04:00,3364.79,3367.94,3359.66,3365.98,3323.5998720000002,3353.411510623721,3345.6406645577554,12.93714285714273
2025.08.25 08:00,3365.93,3369.73,3362.96,3363.86,3324.70087456,3355.5012084989767,3347.296967779778,12.663571428571306
2025.08.25 12:00,3363.78,3371.46,3361.85,3364.35,3325.7798570688,3357.270966799181,3348.8472434361615,12.742857142857028
2025.08.25 16:00,3364.36,3376.18,3362.05,3373.71,3326.837259927424,3360.5587734393453,3351.107494032874,13.237142857142715
2025.08.25 20:00,3373.75,3374.69,3364.14,3365.56,3327.8735147288753,3361.5590187514763,3352.4213582117036,12.568571428571309
2025.08.26 00:00,3365.53,3386.37,3351.19,3383.0,3328.889044434298,3365.847215001181,3355.2012347379123,14.217142857142733
2025.08.26 04:00,3383.01,3384.84,3369.73,3377.24,3331.188282656926,3368.125772000945,3357.2047588526475,14.907142857142755
2025.08.26 08:00,3377.23,3379.73,3367.08,3376.54,3333.395551350649,3369.808617600756,3358.9625080478613,15.421428571428489
2025.08.26 12:00,3376.58,3380.19,3367.05,3371.84,3335.514529296623,3370.214894080605,3360.1331891344194,15.487857142857049
2025.08.26 16:00,3371.89,3389.31,3370.2,3382.85,3337.5487481247583,3372.7419152644843,3362.1983537585634,16.157857142857058
2025.08.26 20:00,3382.88,3393.5,3380.12,3393.48,3340.6544232372726,3376.8895322115877,3365.042139780512,16.374285714285644
2025.08.27 00:00,3393.41,3394.14,3388.6,3389.52,3344.882069378291,3379.4156257692703,3367.2673998004652,12.799999999999933
2025.08.27 04:00,3389.49,3389.95,3373.81,3374.8,3349.807862440462,3378.4925006154162,3367.9521816367865,13.474285714285651
2025.08.27 08:00,3374.81,3384.89,3373.69,3384.35,3354.2410761964156,3379.664000492333,3369.4428923970786,13.627857142857087
2025.08.27 12:00,3384.35,3385.3,3373.59,3381.01,3358.230968576774,3379.9332003938666,3370.4944476337078,13.872857142857075
2025.08.27 16:00,3381.03,3398.67,3375.43,3395.36,3361.8218717190966,3383.0185603150935,3372.7549523942794,15.049285714285665
2025.08.27 20:00,3395.3,3398.06,3392.15,3397.32,3366.243647112805,3385.878848252075,3374.988138540254,14.78499999999993
2025.08.28 00:00,3398.82,3399.17,3391.18,3391.9,3370.134809459268,3387.0830786016604,3376.5255804911403,14.346428571428543
2025.08.28 04:00,3391.88,3392.76,3384.47,3390.16,3374.1997361349704,3387.698462881329,3377.7650731737635,14.184999999999988
2025.08.28 08:00,3390.14,3400.95,3387.54,3400.57,3377.6955730760747,3390.272770305063,3379.838248339785,12.62999999999999
2025.08.28 12:00,3400.58,3408.57,3393.67,3397.05,3381.4162813839025,3391.6282162440507,3381.402953036168,12.614999999999988
2025.08.28 16:00,3397.08,3417.63,3394.01,3415.41,3386.3039507348003,3396.3845729952404,3384.4945027601525,13.398571428571403
2025.08.28 20:00,3415.4,3422.95,3414.45,3416.8,3392.56916058784,3400.4676583961927,3387.431366145593,13.06714285714284
2025.08.29 00:00,3417.12,3417.95,3412.89,3413.33,3394.01,3403.0401267169545,3389.7857874050846,12.063571428571398
2025.08.29 04:00,3413.31,3413.87,3407.34,3408.68,3399.7980000000002,3404.168101373564,3391.5034430955316,11.574285714285658
2025.08.29 08:00,3408.7,3414.7,3406.35,3410.25,3404.4284000000002,3405.384481098851,3393.2076755413923,11.77499999999994
2025.08.29 12:00,3410.27,3416.74,3404.22,3416.32,3422.95,3407.5715848790815,3395.3087959467202,11.51642857142852
2025.08.29 16:00,3416.29,3449.26,3413.49,3449.0,3404.22,3415.8572679032654,3400.1898144970182,13.271428571428563
2025.08.29 20:00,3448.95,3453.83,3440.87,3448.42,3404.22,3422.369814322613,3404.574376815471,13.360714285714277
2025.09.01 00:00,3448.01,3452.19,3441.95,3443.67,3406.2043999999996,3426.6298514580903,3408.128524377701,12.432142857142848
2025.09.01 04:00,3443.93,3485.77,3436.7,3474.92,3408.1094239999998,3436.2878811664723,3414.200476707001,15.515000000000013
2025.09.01 08:00,3474.9,3489.68,3467.61,3476.79,3412.76905856,3444.388304933178,3419.890433370001,16.520714285714263
2025.09.01 12:00,3476.8,3476.94,3466.24,3469.34,3418.9219338752,3449.3786439465425,3424.3858485181827,16.69285714285711
2025.09.01 16:00,3469.36,3481.19,3468.62,3477.23,3424.582579165184,3454.9489151572343,3429.189862289257,16.632857142857134
2025.09.01 20:00,3477.22,3478.88,3476.02,3476.77,3429.7903728319693,3459.3131321257874,3433.5153293538697,15.772857142857136
2025.09.02 00:00,3476.25,3484.92,3474.12,3479.04,3434.5815430054117,3463.25850570063,3437.6539357762454,14.857142857142872
2025.09.02 04:00,3479.05,3508.51,3476.76,3496.54,3438.9894195649786,3469.9148045605043,3443.007214342041,16.517857142857157
2025.09.02 08:00,3496.56,3497.76,3470.09,3477.51,3445.941477608481,3471.4338436484036,3446.1438312200376,18.132857142857166
2025.09.02 12:00,3477.52,3493.96,3474.24,3481.93,3452.198329847633,3473.533074918723,3449.3971192909435,19.07500000000006
2025.09.02 16:00,3481.98,3528.6,3478.16,3527.56,3457.8294968628697,3484.338459934979,3456.502835719039,22.081428571428642
2025.09.02 20:00,3527.57,3539.9,3521.8,3533.41,3466.3219572393255,3494.152767947983,3463.494396108217,22.480000000000064
2025.09.03 00:00,3532.73,3546.72,3525.8,3535.94,3476.62288322582,3502.5102143583867,3470.080360098379,21.41928571428572
2025.09.03 04:00,3535.93,3545.94,3529.19,3536.76,3487.838421909689,3509.3601714867095,3476.142145543981,21.690000000000005
2025.09.03 08:00,3536.75,3541.14,3526.62,3539.92,3497.2594744041385,3515.472137189368,3481.94013231271,21.99571428571427
2025.09.03 12:00,3539.92,3551.41,3532.13,3550.48,3505.1731584994764,3522.4737097514944,3488.1710293751908,19.867857142857098
2025.09.03 16:00,3550.44,3572.47,3549.19,3572.38,3513.4957899695705,3532.454967801196,3495.8263903410825,19.95428571428567
2025.09.03 20:00,3572.39,3578.29,3558.81,3558.95,3525.290631975656,3537.7539742409567,3501.5649003100752,20.58142857142851
2025.09.04 00:00,3561.34,3564.09,3551.68,3561.4,3535.890505580525,3542.4831793927656,3507.0044548273413,20.56999999999995
2025.09.04 04:00,3561.41,3563.27,3510.52,3532.87,3578.29,3540.560543514213,3509.3558680248557,24.13357142857137
2025.09.04 08:00,3532.89,3545.48,3523.98,3541.08,3576.9346,3540.6644348113705,3512.239880022596,24.89785714285707
2025.09.04 12:00,3541.07,3552.85,3536.5,3548.21,3575.606308,3542.1735478490964,3515.509890929633,23.797857142857065
2025.09.04 16:00,3548.2,3558.61,3534.97,3552.34,3574.30458184,3544.2068382792772,3518.858082663303,23.50999999999994
2025.09.04 20:00,3552.33,3555.34,3542.49,3545.7,3573.0288902032003,3544.505470623422,3521.298256966639,23.01928571428566
2025.09.05 00:00,3546.12,3556.29,3539.94,3552.03,3571.778712399136,3546.0103764987375,3524.0920517878535,20.584285714285652
2025.09.05 04:00,3552.04,3558.94,3545.85,3558.31,3570.5535381511536,3548.47030119899,3527.2027743525937,20.226428571428528
2025.09.05 08:00,3558.32,3560.97,3544.68,3545.85,3569.3528673881306,3547.9462409591924,3528.897976684176,19.895714285714266
2025.09.05 12:00,3545.86,3586.77,3545.78,3580.2,3510.52,3554.3969927673543,3533.5617969856144,21.62714285714282
2025.09.05 16:00,3580.26,3599.95,3573.15,3595.05,3512.045,3562.5275942138837,3539.1516336232858,22.50428571428566
2025.09.05 20:00,3595.08,3597.35,3586.12,3586.51,3515.5612,3567.3240753711075,3543.4569396575325,21.92928571428568
2025.09.08 00:00,3580.46,3596.7,3577.45,3594.29,3518.936752,3572.7172602968863,3548.078126961393,21.641428571428555
2025.09.08 04:00,3594.31,3596.97,3579.48,3581.48,3522.17728192,3574.469808237509,3551.1146608739937,21.49928571428568
2025.09.08 08:00,3581.47,3617.21,3581.01,3611.11,3525.2881906432,3581.7978465900073,3556.5687826127214,23.19857142857136
2025.09.08 12:00,3611.09,3625.83,3608.56,3624.12,3530.8034992046078,3590.262277272006,3562.709802375201,20.664285714285644
2025.09.08 16:00,3624.4,3646.26,3620.1,3640.56,3538.405619268239,3600.3218218176053,3569.7870930683644,20.99714285714281
2025.09.08 20:00,3640.52,3641.02,3631.74,3635.7,3549.191057341415,3607.3974574540844,3575.7791755166945,20.49214285714283
2025.09.09 00:00,3635.98,3640.78,3628.01,3638.38,3558.8979516072736,3613.5939659632677,3581.4701595606316,19.715714285714235
2025.09.09 04:00,3638.4,3656.92,3635.88,3654.76,3567.6341564465465,3621.8271727706147,3588.132872327847,20.300714285714207
2025.09.09 08:00,3654.71,3659.14,3636.57,3647.98,3578.348457672961,3627.057738216492,3593.5735202980427,20.74499999999991
2025.09.09 12:00,3648.05,3656.52,3643.59,3647.33,3589.6592735987465,3631.112190573194,3598.4604729982207,20.733571428571317
2025.09.09 16:00,3647.34,3674.52,3626.77,3644.9,3599.386575294922,3633.8697524585555,3602.6822481802005,22.980714285714175
2025.09.09 20:00,3644.9,3646.39,3626.0,3626.19,3611.4079232477343,3632.3338019668445,3604.819316527455,21.50928571428561
2025.09.10 00:00,3621.59,3640.68,3621.26,3623.84,3674.52,3630.635041573476,3606.5484695704135,20.982142857142744
2025.09.10 04:00,3623.85,3643.16,3620.11,3642.78,3673.4548,3633.064033258781,3609.842245064012,21.826428571428437
2025.09.10 08:00,3642.77,3648.3,3639.78,3645.68,3671.321008,3635.587226607025,3613.100222785465,21.059999999999864
2025.09.10 12:00,3645.55,3657.41,3640.27,3643.89,3669.27256768,3637.24778128562,3615.899293441332,21.03499999999987
2025.09.10 16:00,3643.9,3655.23,3638.49,3642.63,3667.3060649728,3638.324225028496,3618.329357673938,19.6449999999999
2025.09.10 20:00,3642.6,3649.56,3635.11,3640.43,3665.418222373888,3638.745380022797,3620.3385069763067,19.443571428571317
2025.09.11 00:00,3642.07,3647.04,3637.77,3643.75,3663.6058934789326,3639.7463040182374,3622.466824523915,18.23714285714272
2025.09.11 04:00,3643.71,3649.03,3629.69,3630.5,3661.8660577397754,3637.89704321459,3623.1971132035587,18.955714285714148
2025.09.11 08:00,3630.49,3637.87,3622.66,3626.09,3660.195815430184,3635.5356345716723,3623.460102912326,19.129999999999868
2025.09.11 12:00,3626.01,3643.81,3612.64,3628.89,3658.5923828129767,3634.2065076573376,3623.953729920296,19.853571428571303
2025.09.11 16:00,3629.21,3641.81,3618.21,3636.04,3655.835239844198,3634.5732061258705,3625.0524817457235,19.927142857142748
2025.09.11 20:00,3636.14,3637.54,3630.33,3633.77,3653.243525453546,3634.4125649006965,3625.844983405203,19.518571428571335
2025.09.12 00:00,3633.8,3638.01,3630.31,3636.45,3650.8073139263333,3634.8200519205575,3626.809075822912,16.65785714285707
2025.09.12 04:00,3636.5,3656.07,3636.44,3654.77,3612.64,3638.8100415364465,3629.3509780208287,16.60357142857137
2025.09.12 08:00,3654.79,3656.51,3639.5,3640.83,3613.5085999999997,3639.2140332291574,3630.3945254734804,16.431428571428558
2025.09.12 12:00,3640.81,3652.01,3637.46,3645.28,3615.228656,3640.427226583326,3631.7477504304366,15.824285714285734
2025.09.12 16:00,3645.35,3654.27,3641.67,3649.05,3616.87990976,3642.151781266661,3633.3206822094876,16.1157142857143
2025.09.12 20:00,3649.05,3650.57,3641.18,3643.44,3618.4651133695997,3642.4094250133294,3634.2406201904428,15.562142857142904
2025.09.15 00:00,3644.27,3646.17,3632.01,3633.32,3619.986908834816,3640.5915400106637,3634.156927445857,15.377857142857163
2025.09.15 04:00,3633.32,3646.72,3626.52,3645.52,3621.447832481423,3641.577232008531,3635.189934041688,15.78857142857145
2025.09.15 08:00,3645.53,3646.15,3633.59,3645.34,3622.850319182166,3642.329785606825,3636.1126673106255,16.023571428571447
2025.09.15 12:00,3645.34,3650.82,3635.58,3650.25,3624.1967064148794,3643.9138284854607,3637.397879373296,15.730714285714312
2025.09.15 16:00,3650.26,3685.4,3646.78,3679.08,3625.489238158284,3650.9470627883684,3641.1871630666324,17.402857142857158
2025.09.15 20:00,3679.09,3682.63,3675.73,3678.68,3629.083883868787,3656.4936502306946,3644.5956027878474,15.669285714285731
2025.09.16 00:00,3679.99,3686.79,3675.94,3686.27,3632.4628508366595,3662.448920184556,3648.3841843525884,14.758571428571445
2025.09.16 04:00,3686.3,3689.37,3674.61,3684.16,3636.8090227697267,3666.791136147645,3651.6365312296257,15.29785714285714
2025.09.16 08:00,3684.15,3697.11,3680.11,3694.13,3642.065120492754,3672.258908918116,3655.499573845114,15.962142857142835
2025.09.16 12:00,3694.16,3699.38,3686.29,3689.12,3648.6705060336235,3675.631127134493,3658.555976222831,15.49499999999998
2025.09.16 16:00,3689.09,3702.86,3678.71,3689.66,3655.769835188916,3678.436901707594,3661.383614748028,16.00499999999997
2025.09.16 20:00,3689.64,3693.68,3686.15,3689.59,3663.3042615586896,3680.6675213660756,3663.947831589116,15.503571428571368
2025.09.17 00:00,3689.52,3695.23,3688.99,3691.08,3669.6331797092994,3682.7500170928606,3666.4143923537417,15.049285714285677
2025.09.17 04:00,3691.06,3691.83,3674.16,3680.59,3702.86,3682.3180136742885,3667.703083957947,15.64071428571423
2025.09.17 08:00,3680.63,3685.76,3662.39,3664.72,3702.286,3678.798410939431,3667.431894507224,16.298571428571407
2025.09.17 12:00,3664.71,3679.28,3659.91,3678.61,3700.69016,3678.7607287515452,3668.448085915658,16.23928571428573
2025.09.17 16:00,3678.63,3688.35,3672.66,3684.6,3698.2433504,3679.9285830012363,3669.9164417415072,16.462857142857168
2025.09.17 20:00,3684.62,3707.32,3645.98,3659.82,3659.91,3675.906866400989,3668.99858340137,19.755714285714305
2025.09.18 00:00,3659.5,3671.86,3654.69,3665.05,3707.32,3673.735493120792,3668.639621273973,18.22357142857146
2025.09.18 04:00,3665.11,3668.64,3651.72,3653.39,3707.32,3669.6663944966335,3667.253292067248,18.939285714285745
2025.09.18 08:00,3653.43,3665.69,3633.79,3665.39,3705.096,3668.811115597307,3667.0839018793163,20.442857142857186
2025.09.18 12:00,3665.34,3672.82,3662.86,3663.19,3700.81764,3667.6868924778455,3666.7299107993786,20.100000000000062
2025.09.18 16:00,3663.19,3664.12,3627.79,3646.2,3696.7959816000002,3663.389513982276,3664.863555272162,21.480714285714342
2025.09.18 20:00,3646.21,3647.1,3640.51,3644.23,3691.275503072,3659.5576111858213,3662.987777520147,21.016428571428595
2025.09.19 00:00,3643.31,3643.95,3636.13,3640.01,3686.19666282624,3655.648088948657,3660.898888654679,19.87000000000001
2025.09.19 04:00,3639.9,3659.86,3632.23,3658.7,3681.5241298001406,3656.2584711589257,3660.6989896860714,21.305714285714323
2025.09.19 08:00,3658.71,3661.11,3643.19,3655.52,3677.225399416129,3656.1107769271407,3660.228172441883,22.140000000000025
2025.09.19 12:00,3655.52,3659.07,3644.43,3649.2,3673.2705674628387,3654.728621541713,3659.2256113108024,21.92357142857147
2025.09.19 16:00,3649.16,3675.76,3643.61,3668.15,3627.79,3657.4128972333706,3660.0369193734564,22.55071428571431
2025.09.19 20:00,3668.08,3685.24,3667.96,3685.1,3628.7494,3662.950317786697,3662.3153812485966,22.401428571428553
2025.09.22 00:00,3687.01,3691.97,3683.53,3690.73,3631.009024,3668.5062542293576,3664.8985284078153,21.88357142857138
2025.09.22 04:00,3690.72,3697.41,3685.35,3692.04,3634.66668256,3673.213003383486,3667.3659349161953,18.363571428571365
2025.09.22 08:00,3692.02,3722.32,3691.69,3720.24,3639.6861479552,3682.618402706789,3672.1726681056316,19.32499999999994
2025.09.22 12:00,3720.22,3728.23,3712.06,3721.47,3647.94953315968,3690.3887221654313,3676.6542437323924,19.271428571428512
2025.09.22 16:00,3721.54,3739.42,3713.66,3736.93,3657.5831891805183,3699.696977732345,3682.1338579385383,18.832857142857094
2025.09.22 20:00,3736.96,3748.64,3736.96,3746.7,3669.0403426952457,3709.0975821858765,3688.003507216853,18.957857142857094
2025.09.23 00:00,3745.78,3750.49,3738.05,3747.01,3681.7762878640065,3716.6800657487015,3693.367733833503,17.251428571428498
2025.09.23 04:00,3746.99,3759.12,3736.64,3744.63,3694.1447560484853,3722.2700525989612,3698.0279398486387,18.38642857142852
2025.09.23 08:00,3744.59,3775.07,3743.17,3774.21,3707.139804838788,3732.6580420791693,3704.9535816805806,20.086428571428534
2025.09.23 12:00,3774.25,3790.98,3774.08,3784.22,3720.7258438710305,3742.970433663336,3712.1596197096187,19.31999999999996
2025.09.23 16:00,3784.18,3788.65,3764.92,3779.15,3734.7766750968244,3750.2063469306686,3718.2496542814715,19.734999999999957
2025.09.23 20:00,3779.24,3785.58,3751.91,3763.96,3746.0173400774597,3752.957077544535,3722.405140255883,21.094285714285654
2025.09.24 00:00,3765.18,3769.99,3758.81,3765.03,3751.91,3755.371662035628,3726.280127505348,19.596428571428493
2025.09.24 04:00,3765.05,3771.64,3750.49,3768.11,3790.98,3757.9193296285025,3730.08284318668,19.87285714285709
2025.09.24 08:00,3768.12,3779.06,3766.94,3769.94,3790.1702,3760.323463702802,3733.7062210787994,20.135714285714254
2025.09.24 12:00,3769.93,3771.58,3759.54,3767.96,3789.376596,3761.850770962242,3736.8202009807264,20.134285714285685
2025.09.24 16:00,3767.94,3772.8,3732.17,3735.61,3788.59886408,3756.6026167697937,3736.7101827097513,20.8485714285714
2025.09.24 20:00,3735.63,3738.71,3717.39,3735.95,3786.3417095168,3752.4720934158354,3736.641075190683,21.21642857142855
2025.09.25 00:00,3736.35,3751.34,3736.31,3748.87,3782.204606945792,3751.7516747326686,3737.752795627893,20.47571428571427
2025.09.25 04:00,3748.66,3750.31,3729.43,3738.03,3778.3157305290442,3749.007339786135,3737.7779960253574,21.130714285714276
2025.09.25 08:00,3738.03,3761.54,3733.95,3756.33,3774.6601866973015,3750.471871828908,3739.4645418412338,22.21285714285717
2025.09.25 12:00,3756.37,3761.09,3730.5,3738.66,3771.2239754954635,3748.109497463127,3739.391401673849,22.792142857142895
2025.09.25 16:00,3738.63,3745.48,3722.03,3733.59,3767.993936965736,3745.2055979705015,3738.8640015216806,22.188571428571446
2025.09.25 20:00,3733.59,3758.11,3732.23,3749.21,3764.957700747792,3746.0064783764014,3739.8045468378914,22.83000000000002
2025.09.26 00:00,3750.39,3751.44,3737.91,3749.46,3762.1036387029244,3746.697182701121,3740.682315307174,22.101428571428603
2025.09.26 04:00,3749.51,3753.17,3734.3,3747.57,3759.420820380749,3746.871746160897,3741.308468461067,21.04428571428573
2025.09.26 08:00,3747.57,3755.03,3739.09,3752.83,3756.898971157904,3748.063396928718,3742.355880419152,21.384285714285745
2025.09.26 12:00,3752.77,3757.24,3742.81,3751.93,3717.39,3748.8367175429744,3743.226254926502,20.904285714285727
2025.09.26 16:00,3751.94,3783.66,3751.09,3774.12,3718.187,3753.8933740343796,3746.034777205911,22.365
2025.09.26 20:00,3774.14,3783.06,3759.95,3760.85,3720.80592,3755.284699227504,3747.381615641737,23.155714285714296
2025.09.29 00:00,3759.31,3787.36,3756.12,3786.98,3723.3200831999998,3761.6237593820038,3750.9814687652156,22.48500000000002
2025.09.29 04:00,3787.0,3808.84,3767.71,3804.91,3727.162478208,3770.281007505603,3755.8840625138323,23.900000000000016
2025.09.29 08:00,3804.9,3819.68,3801.04,3818.59,3733.69667995136,3779.9428060044825,3761.584602285302,24.132142857142842
2025.09.29 12:00,3818.61,3831.24,3806.32,3813.57,3742.295011956224,3786.6682448035863,3766.3105475320926,24.420714285714237
2025.09.29 16:00,3813.69,3833.39,3809.2,3830.21,3752.968410521477,3795.376595842869,3772.1195886655387,24.177857142857086
2025.09.29 20:00,3830.26,3834.07,3822.44,3833.74,3764.22743304847,3803.0492766742955,3777.721444241399,22.82357142857137
2025.09.30 00:00,3834.36,3840.58,3825.53,3838.9,3775.402243760715,3810.219421339437,3783.283131128544,22.223571428571365
2025.09.30 04:00,3838.87,3867.09,3837.87,3866.91,3787.1342398837864,3821.5575370715496,3790.8855737532217,22.462142857142805
2025.09.30 08:00,3866.9,3871.64,3807.58,3816.13,3803.125391907029,3820.47202965724,3793.1805215938375,26.071428571428502
2025.09.30 12:00,3816.07,3821.54,3793.0,3819.15,3871.64,3820.207623725792,3795.5413832671247,26.76214285714279
2025.09.30 16:00,3819.19,3854.34,3811.54,3845.82,3871.64,3825.330098980634,3800.112166606477,28.680714285714227
2025.09.30 20:00,3845.87,3860.65,3839.58,3858.27,3870.0672,3831.9180791845074,3805.3992423695245,29.154999999999966
2025.10.01 00:00,3859.4,3865.17,3854.57,3860.4,3868.5258559999997,3837.614463347606,3810.399311245022,27.585714285714264
2025.10.01 04:00,3860.14,3875.33,3855.48,3864.75,3793.0,3843.041570678085,3815.34028295002,27.352857142857104
2025.10.01 08:00,3864.79,3895.23,3853.25,3892.91,3794.6466,3853.0152565424683,3822.392075409109,28.119999999999944
2025.10.01 12:00,3892.92,3894.96,3864.47,3870.38,3798.6699360000002,3856.488205233975,3826.754614008281,27.359999999999953
2025.10.01 16:00,3870.35,3878.58,3856.28,3870.76,3802.5323385600004,3859.34256418718,3830.7551036438917,27.621428571428513
2025.10.01 20:00,3870.78,3871.72,3854.93,3865.47,3806.2402450176005,3860.568051349744,3833.9110033126285,27.04071428571425
2025.10.02 00:00,3866.61,3870.49,3855.86,3855.96,3809.7998352168966,3859.6464410797953,3835.915457556935,26.357857142857082
2025.10.02 04:00,3855.9,3869.9,3852.73,3864.09,3813.2170418082205,3860.5351528638366,3838.4767795972134,26.753571428571366
2025.10.02 08:00,3864.07,3878.6,3861.58,3874.42,3816.4975601358915,3863.3121222910695,3841.7443450883757,26.89428571428567
2025.10.02 12:00,3874.4,3891.99,3873.26,3884.34,3819.646857730456,3867.517697832856,3845.6166773530686,26.144999999999904
2025.10.02 16:00,3884.32,3896.7,3819.2,3844.73,3895.23,3862.960158266285,3845.5360703209717,27.104999999999908
2025.10.02 20:00,3844.74,3859.25,3840.44,3856.38,3896.7,3861.6441266130278,3846.5218821099743,26.409999999999908
2025.10.03 00:00,3856.23,3863.57,3851.9,3856.78,3896.7,3860.6713012904224,3847.4544382817944,24.186428571428472
2025.10.03 04:00,3856.68,3862.55,3837.93,3843.88,3895.1499999999996,3857.313041032338,3847.129489347086,24.439999999999912
2025.10.03 08:00,3844.08,3865.52,3843.81,3864.73,3893.631,3858.7964328258704,3848.7295357700777,25.23357142857135
2025.10.03 12:00,3864.58,3874.88,3854.62,3873.73,3892.14238,3861.7831462606964,3851.0023052455253,25.262857142857087
2025.10.03 16:00,3874.04,3891.56,3866.28,3883.57,3819.2,3866.1405170085573,3853.9630047686596,24.069999999999926
2025.10.03 20:00,3883.6,3889.09,3876.81,3886.78,3820.6472,3870.268413606846,3856.9463679715086,22.769285714285637
2025.10.06 00:00,3888.6,3920.56,3883.96,3900.2,3822.065456,3876.254730885477,3860.8785163377347,23.79071428571422
2025.10.06 04:00,3900.22,3940.23,3899.6,3938.55,3826.00523776,3888.713784708382,3867.9395603070316,25.49357142857137
2025.10.06 08:00,3938.52,3949.55,3922.19,3942.34,3832.8587234944,3899.4390277667053,3874.703236642756,26.40285714285712
2025.10.06 12:00,3942.45,3946.46,3926.43,3934.01,3842.1940256148478,3906.3532222133645,3880.094760584324,26.607142857142843
2025.10.06 16:00,3934.16,3969.98,3927.16,3953.98,3850.78250356566,3915.8785777706917,3886.8116005312036,28.45
2025.10.06 20:00,3954.07,3964.86,3951.04,3960.85,3862.702253209094,3924.8728622165536,3893.542364119276,28.099285714285756
2025.10.07 00:00,3960.08,3977.25,3958.23,3962.57,3873.4300278881847,3932.412289773243,3899.817603744796,23.922142857142898
2025.10.07 04:00,3962.6,3976.87,3955.76,3975.82,3885.8884245416025,3941.093831818595,3906.726912495269,24.08642857142859
2025.10.07 08:00,3975.68,3976.75,3940.76,3951.2,3896.85181359661,3943.115065454876,3910.769920450244,25.823571428571427
2025.10.07 12:00,3951.19,3979.87,3950.98,3979.3,3906.499595965017,3950.3520523639013,3916.9999276820404,26.128571428571394
2025.10.07 16:00,3979.19,3990.9,3961.67,3976.58,3916.7714525299143,3955.597641891121,3922.416297892764,26.66571428571425
2025.10.07 20:00,3976.66,3987.58,3974.07,3984.35,3928.632020125128,3961.348113512897,3928.046634447967,26.183571428571362
2025.10.08 00:00,3984.66,3999.14,3982.93,3992.18,3938.5948969051074,3967.514490810318,3933.8769404072427,25.53571428571424
2025.10.08 04:00,3992.17,4027.11,3984.31,4026.62,3949.493015462188,3979.3355926482545,3942.308127642948,27.71571428571424
2025.10.08 08:00,4026.48,4040.36,4021.11,4036.25,3965.0164123697505,3990.718474118604,3950.848297857225,26.47642857142853
2025.10.08 12:00,4036.26,4049.47,4030.63,4039.94,3980.0851298958005,4000.562779294883,3958.9475435065683,24.91999999999993
2025.10.08 16:00,4039.93,4059.08,4026.15,4056.5,3993.9621039166404,4011.7502234359067,3967.815948642335,25.317857142857054
2025.10.08 20:00,4056.48,4057.94,4031.95,4041.45,4006.9856831333122,4017.6901787487254,3974.5099533112134,25.743571428571343
2025.10.09 00:00,4042.62,4045.12,4001.15,4022.83,4059.08,4018.7181429989805,3978.9026848283756,25.825714285714174
2025.10.09 04:00,4022.78,4040.99,4002.47,4038.81,4057.94,4022.7365143991847,3984.348804389432,27.589999999999876
2025.10.09 08:00,4038.79,4043.57,4022.53,4038.06,4056.8042,4025.801211519348,3989.231640354029,27.734285714285587
2025.10.09 12:00,4038.07,4053.6,4033.43,4053.35,4055.691116,4031.3109692154785,3995.060582140026,27.667142857142757
2025.10.09 16:00,4053.41,4057.83,3963.89,3968.92,4001.15,4018.832775372383,3992.6841655818416,31.80642857142849
2025.10.09 20:00,3969.02,3981.89,3944.45,3976.05,4057.83,4010.2762202979065,3991.1719687107648,32.41714285714279
2025.10.10 00:00,3975.21,3994.31,3958.53,3990.95,4057.83,4006.4109762383255,3991.1517897370586,32.88499999999991
2025.10.10 04:00,3990.88,3992.24,3946.88,3966.11,4055.5624,3998.350780990661,3988.875263397326,35.159999999999904
2025.10.10 08:00,3966.09,3994.5,3952.52,3991.91,4053.3401519999998,3997.062624792529,3989.1511485430233,37.00071428571419
2025.10.10 12:00,3991.92,4006.6,3980.0,3985.61,4051.1623489599997,3994.7720998340233,3988.8292259482027,35.84357142857131
2025.10.10 16:00,3985.57,4022.62,3970.6,3983.3,4049.0281019808,3992.4776798672187,3988.3265690438207,38.18428571428559
2025.10.10 20:00,3983.51,4021.15,3975.07,4010.28,4046.936539941184,3996.038143893775,3990.322335494382,40.129999999999896
2025.10.13 00:00,4008.1,4059.84,4000.36,4043.71,3944.45,4005.5725151150205,3995.1757595403474,42.02642857142848
2025.10.13 04:00,4043.83,4059.28,4035.7,4056.08,3946.7578,4015.6740120920163,4000.7125086730425,41.85428571428564
2025.10.13 08:00,4056.06,4079.01,4055.38,4077.65,3949.019444,4028.0692096736134,4007.7068260664023,40.40142857142852
2025.10.13 12:00,4077.64,4085.89,4070.16,4079.57,3954.21906624,4038.369367738891,4014.2398418785474,38.77357142857138
2025.10.13 16:00,4079.74,4116.97,4078.1,4105.56,3962.1193222655997,4051.807494191113,4022.541674435043,40.04714285714284
2025.10.13 20:00,4105.58,4115.29,4090.65,4110.49,3974.507376484352,4063.5439953528908,4030.53697675913,40.366428571428536
2025.10.14 00:00,4111.05,4131.79,4106.43,4124.34,3985.904386365604,4075.7031962823125,4039.0645243264817,35.46785714285708
2025.10.14 04:00,4124.32,4169.88,4123.26,4167.92,4000.4929477290434,4094.1465570258506,4050.7786584786195,36.12357142857135
2025.10.14 08:00,4167.9,4179.61,4090.22,4143.75,4020.819394001558,4104.067245620681,4059.2305986169267,39.95285714285708
2025.10.14 12:00,4143.72,4144.24,4103.27,4106.49,4043.05007884134,4104.551796496545,4063.5269078335696,39.63928571428563
2025.10.14 16:00,4106.46,4155.2,4097.66,4140.21,4062.1684678035526,4111.683437197236,4070.4980980305177,40.750714285714196
2025.10.14 20:00,4140.22,4152.84,4134.4,4141.93,4078.610282311055,4117.73274975779,4076.9919073004708,40.167857142857095
2025.10.15 00:00,4142.6,4169.52,4140.39,4162.37,4092.7502427875074,4126.660199806232,4084.7535520913366,38.532857142857104
2025.10.15 04:00,4162.32,4190.83,4161.97,4179.67,4104.910608797256,4137.262159844986,4093.382320083033,37.302857142857086
2025.10.15 08:00,4179.62,4218.18,4176.6,4208.09,4118.657711389695,4151.427727875989,4103.810290984576,36.024285714285654
2025.10.15 12:00,4208.21,4212.01,4164.2,4190.5,4136.57172333955,4159.242182300792,4111.691173622341,37.75499999999994
2025.10.15 16:00,4190.45,4212.24,4179.7,4198.85,4151.261213138431,4167.163745840634,4119.614703293038,38.3914285714285
2025.10.15 20:00,4198.87,4213.34,4182.5,4208.12,4163.306594773514,4175.354996672508,4127.6606393573065,39.47071428571422
2025.10.16 00:00,4209.61,4227.22,4199.47,4210.45,4173.183807714281,4182.373997338006,4135.186944870279,38.67642857142848
2025.10.16 04:00,4210.45,4242.2,4210.45,4233.52,4182.5,4192.603197870405,4144.126313518435,39.184285714285636
2025.10.16 08:00,4233.34,4235.89,4203.43,4232.77,4194.44,4200.636558296324,4152.184830471305,39.69142857142852
2025.10.16 12:00,4232.85,4250.88,4221.91,4235.89,4203.43,4207.68724663706,4159.794391337549,38.43071428571426
2025.10.16 16:00,4235.85,4291.92,4234.79,4282.53,4203.43,4222.655797309648,4170.952173943227,36.12642857142856
2025.10.16 20:00,4282.51,4330.56,4273.2,4325.93,4221.128000000001,4243.310637847719,4185.041067221116,37.29714285714294
2025.10.17 00:00,4332.74,4379.96,4326.94,4357.96,4234.79,4266.240510278175,4200.760970201014,37.046428571428635
2025.10.17 04:00,4357.68,4377.04,4278.6,4376.19,4263.824,4288.23040822254,4216.709063819104,42.760714285714286
2025.10.17 08:00,4376.18,4378.58,4312.8,4347.62,4278.6,4300.108326578033,4228.610058017367,45.378571428571405
2025.10.17 12:00,4347.45,4348.2,4283.43,4314.31,4278.6,4302.948661262427,4236.4009618339705,47.943571428571396
2025.10.17 16:00,4314.43,4317.68,4200.4,4204.64,4379.96,4283.286929009942,4233.513601667246,53.350714285714304
2025.10.17 20:00,4204.69,4252.4,4186.19,4250.44,4376.3688,4276.717543207953,4235.052365152042,54.66499999999999
2025.10.20 00:00,4252.44,4274.49,4218.93,4249.29,4368.761648000001,4271.232034566363,4236.346695592765,56.30928571428567
2025.10.20 04:00,4249.37,4271.06,4229.24,4266.06,4361.458782080001,4270.19762765309,4239.047905084331,57.09357142857142
2025.10.20 08:00,4265.6,4266.48,4221.2,4258.5,4354.448030796801,4267.858102122473,4240.816277349392,58.34571428571426
2025.10.20 12:00,4258.54,4327.13,4245.6,4323.47,4347.717709564929,4278.980481697979,4248.330252135811,61.901428571428525
2025.10.20 16:00,4323.79,4355.44,4292.68,4347.65,4186.19,4292.714385358383,4257.359320123464,64.0657142857142
2025.10.20 20:00,4347.59,4381.35,4337.16,4356.31,4189.575,4305.4335082867065,4266.354836475876,65.15285714285707
2025.10.21 00:00,4355.51,4375.21,4352.96,4368.61,4197.246,4318.068806629365,4275.650760432614,62.661428571428495
2025.10.21 04:00,4368.62,4372.16,4332.76,4341.93,4204.61016,4322.841045303492,4281.676145847831,61.378571428571284
2025.10.21 08:00,4341.89,4344.11,4244.82,4273.89,4211.6797536,4313.050836242794,4280.96831440712,64.61142857142845
2025.10.21 12:00,4274.04,4277.89,4205.64,4210.94,4381.35,4292.628668994235,4274.6021040064725,62.74071428571419
2025.10.21 16:00,4211.08,4225.28,4081.95,4113.32,4377.835800000001,4256.766935195388,4259.940094551338,68.27999999999992
2025.10.21 20:00,4113.28,4130.81,4093.8,4125.03,4366.000368000001,4230.419548156311,4247.675540501216,66.29714285714282
2025.10.22 00:00,4124.73,4132.28,4004.09,4074.93,4354.638353280001,4199.321638525049,4231.971400455651,67.07642857142845
2025.10.22 04:00,4074.92,4143.24,4064.27,4127.98,4333.605452083201,4185.053310820039,4222.517636777864,67.98785714285701
2025.10.22 08:00,4127.99,4161.3,4056.25,4070.31,4313.834524958209,4162.104648656032,4208.680578888967,71.52285714285706
2025.10.22 12:00,4070.35,4101.43,4014.89,4033.59,4295.249853460717,4136.401718924825,4192.763253535424,74.71714285714276
2025.10.22 16:00,4033.65,4085.2,4010.84,4059.04,4277.7802622530735,4120.929375139861,4180.606594123113,76.7942857142856
2025.10.22 20:00,4058.78,4113.5,4043.96,4098.37,4261.358846517889,4116.417500111889,4173.130540111921,75.93785714285706
2025.10.23 00:00,4095.35,4115.82,4066.06,4081.72,4245.922715726816,4109.478000089512,4164.820491010837,75.00928571428565
2025.10.23 04:00,4081.87,4100.54,4071.68,4089.61,4231.412752783207,4105.50440007161,4157.983173646216,73.91428571428563
2025.10.23 08:00,4089.6,4137.52,4083.92,4116.22,4217.773387616215,4107.647520057288,4154.186521496559,76.15357142857137
2025.10.23 12:00,4116.32,4129.13,4100.0,4126.9,4204.9523843592415,4111.49801604583,4151.705928633236,75.41999999999997
2025.10.23 16:00,4127.07,4154.59,4125.29,4132.79,4192.900641297687,4115.756412836664,4149.986298757487,70.42071428571427
2025.10.23 20:00,4132.5,4143.39,4107.4,4125.81,4181.572002819826,4117.767130269332,4147.7884534158975,67.83071428571432
2025.10.24 00:00,4126.89,4133.58,4105.95,4132.51,4170.923082650636,4120.715704215466,4146.399503105361,59.56642857142862
2025.10.24 04:00,4132.59,4144.36,4102.64,4111.53,4160.9130976915985,4118.878563372373,4143.229548277601,59.90285714285712
2025.10.24 08:00,4111.78,4117.87,4047.29,4065.23,4151.5037118301025,4108.1488506978985,4136.138680252364,55.78785714285715
2025.10.24 12:00,4065.09,4092.91,4044.23,4082.1,4144.36,4102.939080558319,4131.226072956694,53.624285714285726
2025.10.24 16:00,4082.07,4138.53,4078.94,4129.18,4004.09,4108.187264446656,4131.040066324267,50.377142857142836
2025.10.24 20:00,4129.42,4134.06,4096.52,4112.99,4006.7788,4109.1478115573245,4129.399151203879,46.8771428571428
2025.10.27 00:00,4102.38,4108.79,4058.22,4081.78,4009.413824,4103.67424924586,4125.070137458072,45.47785714285711
2025.10.27 04:00,4081.68,4084.46,4053.52,4079.56,4011.9961475200002,4098.851399396688,4120.93285223461,42.72071428571426
2025.10.27 08:00,4079.5,4084.67,4024.76,4039.67,4014.5268245696,4087.0151195173507,4113.545320213282,43.44571428571427
2025.10.27 12:00,4039.6,4050.26,4013.17,4021.86,4138.53,4073.9840956138805,4105.210291102983,44.03357142857141
2025.10.27 16:00,4021.93,4023.3,3971.19,4006.46,4136.0228,4060.4792764911044,4096.232991911803,43.927142857142826
2025.10.27 20:00,4006.45,4010.03,3979.13,3981.42,4129.429488,4044.667421192884,4085.795447192548,44.053571428571395
2025.10.28 00:00,3986.65,4019.69,3972.91,4010.85,4123.09990848,4037.9039369543075,4078.9822247204984,45.302142857142826
2025.10.28 04:00,4010.87,4013.73,3959.04,3966.28,4117.0235121407995,4023.579149563446,4068.7365679277254,46.637857142857065
2025.10.28 08:00,3966.26,3968.25,3886.29,3904.58,4107.544501412352,3999.7793196507573,4053.8132435706593,50.51857142857135
2025.10.28 12:00,3904.55,3940.23,3899.88,3938.63,4089.8441412993634,3987.549455720606,4043.3420396096903,50.42071428571425
2025.10.28 16:00,3938.62,3970.17,3934.71,3962.21,4073.5598099954145,3982.481564576485,4035.966399645173,47.912142857142825
2025.10.28 20:00,3962.16,3963.93,3945.07,3952.63,4058.578225195781,3976.511251661188,4028.3903633137934,45.782142857142816
2025.10.29 00:00,3953.22,3982.12,3916.45,3973.57,4044.795167180119,3975.9230013289507,4023.4066939216304,46.21642857142856
2025.10.29 04:00,3973.46,3974.17,3943.87,3962.54,4032.1147538057094,3973.2464010631606,4017.873358110573,45.699285714285715
2025.10.29 08:00,3962.53,4029.54,3959.83,4023.75,3886.29,3983.347120850529,4018.4075982823388,46.76642857142858
2025.10.29 12:00,4023.78,4029.99,4002.3,4012.33,3889.1549999999997,3989.143696680423,4017.8550893475804,46.53428571428569
2025.10.29 16:00,4012.36,4022.07,3985.59,3994.56,3894.7884,3990.2269573443386,4015.7373539523455,44.86071428571427
2025.10.29 20:00,3994.53,4007.32,3927.65,3930.26,3900.196464,3978.2335658754714,4007.9666854112234,47.90214285714284
2025.10.30 00:00,3931.13,3966.47,3915.96,3947.86,3905.38820544,3972.1588527003773,4002.5024412829302,47.7878571428571
2025.10.30 04:00,3947.88,3982.37,3915.33,3963.73,3910.3722772224,3970.473082160302,3998.977673893573,50.36928571428566
2025.10.30 08:00,3963.77,4011.6,3955.8,3998.38,3915.1569861335042,3976.0544657282417,3998.9233399032482,51.01357142857134
2025.10.30 12:00,3998.42,4000.7,3960.45,3995.11,3915.33,3979.8655725825934,3998.5766726393167,49.98214285714276
2025.10.30 16:00,3995.12,4017.79,3986.65,4004.31,3919.9164,3984.754458066075,3999.097884217561,46.35214285714275
2025.10.30 20:00,4004.33,4026.95,3999.95,4024.2,3924.319344,3992.6435664528603,4001.3798947432374,45.39857142857133
2025.10.31 00:00,4023.31,4046.23,4012.52,4018.78,3928.54617024,3997.8708531622883,4002.961722493852,45.27357142857133
2025.10.31 04:00,4018.35,4019.13,3988.87,4004.88,3935.6072000256,3999.272682529831,4003.136111358047,46.08785714285708
2025.10.31 08:00,4004.91,4026.49,3998.68,4008.22,3942.244568024064,4001.062146023865,4003.59828305277,43.38357142857136
2025.10.31 12:00,4008.32,4036.13,4001.59,4016.34,3948.48369394262,4004.117716819092,4004.7566209570637,43.686428571428486
2025.10.31 16:00,4016.5,4027.11,3972.35,3997.4,3954.348472306063,4002.7741734552737,4004.0878372336942,42.61857142857136
2025.10.31 20:00,3997.41,4009.81,3990.98,4001.5,3959.861363967699,4002.5193387642194,4003.8525793033587,41.98571428571424
2025.11.03 00:00,3983.44,4001.73,3962.51,3995.83,4046.23,4001.181471011376,4003.1232539121443,42.181428571428505
2025.11.03 04:00,3995.81,4018.19,3990.16,4013.79,4044.5556,4003.7031768091006,4004.092958101949,38.49285714285708
2025.11.03 08:00,4013.77,4027.97,3993.02,4000.36,4042.9146880000003,4003.034541447281,4003.753598274499,37.381428571428515
2025.11.03 12:00,4000.52,4020.22,3994.29,4015.97,4041.3065942400003,4005.621633157825,4004.8641802495445,34.444999999999936
2025.11.03 16:00,4015.98,4030.36,3995.21,4006.01,4039.7306623552004,4005.6993065262604,4004.968345681404,32.96999999999996
2025.11.03 20:00,4006.0,4014.82,3995.17,4001.21,4038.1862491080965,4004.8014452210086,4004.6266778921854,31.4985714285714
2025.11.04 00:00,4003.29,4005.64,3978.39,3987.31,4036.6727241259346,4001.303156176807,4003.052434447441,31.220714285714266
2025.11.04 04:00,3987.3,3999.21,3972.56,3973.14,4035.189469643416,3995.670524941446,4000.3331222249462,31.19571428571427
2025.11.04 08:00,3973.16,4000.5,3966.45,3991.07,4033.735880250548,3994.750419953157,3999.491020204496,31.219999999999995
2025.11.04 12:00,3991.02,3999.9,3971.68,3975.64,4032.311362645537,3990.9283359625256,3997.322745640451,31.07428571428571
2025.11.04 16:00,3975.62,3977.61,3928.64,3954.94,4030.9153353926263,3983.7306687700207,3993.4697687640464,32.5857142857143
2025.11.04 20:00,3954.95,3956.71,3930.29,3931.84,4026.824321976921,3973.3525350160166,3987.8670625127693,32.00571428571431
2025.11.05 00:00,3932.61,3949.33,3929.58,3936.92,4022.8969490978443,3966.0660280128136,3983.2355113752446,29.50500000000001
2025.11.05 04:00,3936.85,3978.38,3935.49,3964.88,4019.1266711339304,3965.828822410251,3981.5668285229494,31.223571428571468
2025.11.05 08:00,3964.91,3986.92,3961.72,3971.71,4015.507204288573,3967.005057928201,3980.670753202681,30.22214285714293
2025.11.05 12:00,3971.69,3979.29,3956.07,3975.71,4012.0325161170304,3968.746046342561,3980.219775638801,29.878571428571473
2025.11.05 16:00,3975.69,3990.25,3964.03,3981.91,4008.696815472349,3971.378837074049,3980.3734323989097,29.25500000000004
2025.11.05 20:00,3981.89,3990.03,3977.82,3978.95,4005.494542853455,3972.8930696592392,3980.244029453554,28.275000000000055
2025.11.06 00:00,3972.26,3980.75,3964.41,3976.48,4002.420361139317,3973.6104557273916,3979.901844957776,26.93142857142863
2025.11.06 04:00,3976.5,3990.56,3974.1,3987.5,3999.4691466937443,3976.3883645819133,3980.592586325251,26.703571428571482
2025.11.06 08:00,3987.56,4016.7,3982.19,4010.93,3928.64,3983.296691665531,3983.3505330229555,27.222142857142895
2025.11.06 12:00,4010.96,4019.48,4002.6,4012.08,3930.4012,3989.053353332425,3985.962302748141,26.524285714285753
2025.11.06 16:00,4012.25,4013.79,3965.54,3986.12,3933.964352,3988.4666826659404,3985.9766388619464,27.538571428571455
2025.11.06 20:00,3986.08,3995.06,3976.65,3976.98,3937.38497792,3986.1693461327527,3985.1587626017695,26.83785714285714
2025.11.07 00:00,3977.43,4002.58,3974.53,4001.63,3940.6687788032,3989.2614769062025,3986.6561478197905,25.343571428571387
2025.11.07 04:00,4001.61,4003.17,3985.48,3994.86,3943.821227651072,3990.3811815249624,3987.401952563446,24.719999999999956
2025.11.07 08:00,3994.88,4014.08,3992.1,4006.53,3946.847578545029,3993.6109452199703,3989.1408659667686,24.879285714285672
2025.11.07 12:00,4006.56,4011.73,3991.61,3997.61,3949.752875403228,3994.4107561759765,3989.9107872425166,23.25285714285707
2025.11.07 16:00,3997.6,4027.31,3984.05,4005.32,3952.5419603870987,3996.5926049407813,3991.311624765924,24.542857142857034
2025.11.07 20:00,4005.43,4009.01,3994.4,4001.22,3957.0280427638727,3997.518083952625,3992.21238615084,23.927857142857057
2025.11.10 00:00,4000.93,4053.24,3997.83,4043.88,3961.24496019804,4006.7904671621,3996.909441955309,26.01285714285706
2025.11.10 04:00,4043.86,4069.8,4037.56,4069.34,3968.604563382197,4019.30037372968,4003.49403814119,27.44357142857136
2025.11.10 08:00,4069.37,4086.15,4066.89,4076.47,3978.7241070439773,4030.734298983744,4010.1282164919908,27.652142857142795
2025.11.10 12:00,4076.46,4105.77,4075.66,4091.48,3991.6152141987,4042.883439186995,4017.523833174537,28.627142857142836
2025.11.10 16:00,4091.5,4102.57,4074.22,4102.45,4007.596884210882,4054.7967513495964,4025.244393795033,28.187142857142845
2025.11.10 20:00,4102.39,4116.44,4101.44,4115.75,4021.3411204213585,4066.9874010796775,4033.4721761773026,28.052857142857125
2025.11.11 00:00,4116.12,4141.11,4114.06,4136.16,4036.556941153941,4080.821920863742,4042.807432888457,26.53857142857136
2025.11.11 04:00,4136.14,4148.94,4124.62,4130.89,4055.3764917462313,4090.835536690994,4050.814938989506,26.960714285714207
2025.11.11 08:00,4130.88,4145.93,4124.85,4141.71,4074.089193396985,4101.010429352796,4059.0781263540966,26.46285714285708
2025.11.11 12:00,4141.7,4146.53,4133.06,4142.46,4089.059354717588,4109.300343482237,4066.658296685542,26.161428571428456
2025.11.11 16:00,4142.49,4143.14,4096.95,4114.23,4148.94,4110.286274785789,4070.982996986856,27.890714285714203
2025.11.11 20:00,4114.25,4131.68,4106.45,4126.6,4147.9002,4113.549019828632,4076.039088169869,28.255714285714244
2025.11.12 00:00,4126.79,4145.38,4126.21,4131.34,4146.881196,4117.107215862906,4081.06644379079,26.534999999999982
2025.11.12 04:00,4131.29,4135.25,4098.72,4104.51,4145.8825720800005,4114.587772690325,4083.1976761734454,28.10071428571424
2025.11.12 08:00,4104.5,4133.43,4103.08,4124.52,4145.38,4116.574218152261,4086.9542510667684,26.310714285714276
2025.11.12 12:00,4124.54,4139.23,4117.78,4127.02,4144.4114,4118.66337452181,4090.59659187888,25.53999999999996
2025.11.12 16:00,4127.03,4206.36,4124.91,4199.2,4096.95,4134.7706996174475,4100.4696289808,29.98214285714279
2025.11.12 20:00,4199.21,4211.67,4190.37,4195.47,4099.138199999999,4146.910559693958,4109.106026346181,29.352857142857047
2025.11.13 00:00,4196.19,4209.11,4179.74,4192.16,4103.639472,4155.960447755167,4116.656387587437,29.42571428571419
2025.11.13 04:00,4192.11,4219.28,4183.3,4211.87,4107.96069312,4167.142358204133,4125.312170534034,30.92428571428559
2025.11.13 08:00,4211.78,4239.35,4203.1,4233.07,4114.639851532799,4180.3278865633065,4135.108336849122,31.581428571428496
2025.11.13 12:00,4233.06,4245.04,4218.97,4231.54,4124.6166634101755,4190.570309250646,4143.87485168102,31.706428571428496
2025.11.13 16:00,4231.57,4232.19,4184.25,4201.6,4136.658997069158,4192.776247400517,4149.122592437291,33.6249999999999
2025.11.13 20:00,4201.7,4203.09,4145.18,4171.3,4245.04,4188.480997920414,4151.138720397537,36.79928571428565
2025.11.14 00:00,4171.49,4193.79,4169.97,4189.77,4243.0428,4188.7387983363315,4154.650654906852,35.20142857142845
2025.11.14 04:00,4189.76,4211.18,4183.77,4189.77,4241.0855440000005,4188.945038669065,4157.843322642592,35.35714285714269
2025.11.14 08:00,4189.81,4193.23,4158.64,4169.29,4239.16743312,4185.014030935252,4158.883929675084,36.458571428571204
2025.11.14 12:00,4169.28,4170.94,4041.12,4055.73,4237.2876844576,4159.157224748202,4149.506299704622,43.12214285714263
2025.11.14 16:00,4055.56,4111.0,4031.93,4099.76,4229.440977079296,4147.277779798562,4144.9839088223835,46.60214285714261
2025.11.14 20:00,4099.76,4103.5,4075.38,4084.77,4217.590318454539,4134.77622383885,4139.509917111258,47.07857142857119
2025.11.17 00:00,4086.77,4106.43,4072.85,4091.11,4206.450699347266,4126.04297907108,4135.109924646598,43.65928571428552
2025.11.17 04:00,4090.99,4093.62,4049.56,4058.18,4195.97945738643,4112.470383256864,4128.116295133271,45.28499999999978
2025.11.17 08:00,4058.21,4095.78,4054.6,4081.98,4186.136489943245,4106.372306605491,4123.922086484792,46.12857142857124
2025.11.17 12:00,4082.01,4092.13,4060.23,4065.24,4176.88410054665,4098.145845284393,4118.587351349811,45.83714285714271
2025.11.17 16:00,4065.05,4081.79,4052.11,4073.24,4168.186854513851,4093.1646762275145,4114.464864863464,45.367857142856984
2025.11.17 20:00,4073.25,4076.01,4006.78,4045.49,4160.01144324302,4083.6297409820118,4108.194422603149,48.45071428571415
2025.11.18 00:00,4044.66,4054.94,4022.23,4024.87,4147.752927783578,4071.87779278561,4100.619475093772,47.36285714285704
2025.11.18 04:00,4024.86,4035.68,4004.6,4018.79,4136.475093560892,4061.260234228488,4093.180431903429,45.44642857142847
2025.11.18 08:00,4018.88,4047.07,3997.76,4040.09,4123.287584204802,4057.026187382791,4088.3540290031174,47.26714285714277
2025.11.18 12:00,4040.07,4070.12,4029.06,4065.06,4108.2242741002265,4058.632949906233,4086.236390002834,48.24214285714278
2025.11.18 16:00,4065.16,4081.68,4040.32,4071.4,4094.9685612081994,4061.186359924987,4084.887627275303,48.72571428571424
2025.11.18 20:00,4071.3,4082.18,4062.99,4067.36,4083.3035338632153,4062.42108793999,4083.294206613912,40.823571428571405
2025.11.19 00:00,4068.23,4078.4,4056.19,4058.94,4082.18,4061.724870351992,4081.080187830829,36.76214285714283
2025.11.19 04:00,4059.0,4097.27,4055.35,4095.37,3997.76,4068.453896281594,4082.3792616643896,37.74785714285716
2025.11.19 08:00,4095.38,4116.15,4078.15,4113.15,3999.7502000000004,4077.3931170252754,4085.176601513081,38.063571428571386
2025.11.19 12:00,4113.22,4119.74,4100.67,4110.52,4004.4061920000004,4084.018493620221,4087.4805468300733,36.27857142857137
2025.11.19 16:00,4110.58,4132.73,4055.44,4078.7,4011.3262204800003,4082.9547948961767,4086.682315300067,38.85785714285703
2025.11.19 20:00,4078.66,4091.16,4065.46,4077.72,4021.0385228416003,4081.9078359169416,4085.8675593636967,38.414999999999864
2025.11.20 00:00,4078.96,4110.01,4078.8,4081.34,4029.9738410142722,4081.7942687335535,4085.455963057906,38.60142857142848
2025.11.20 04:00,4081.17,4085.42,4041.22,4066.52,4038.1943337331304,4078.7394149868433,4083.7345118708236,36.81357142857135
2025.11.20 08:00,4066.43,4077.63,4038.66,4064.02,4132.73,4075.795531989475,4081.9422835189303,37.26071428571422
2025.11.20 12:00,4064.03,4095.96,4050.91,4080.01,4130.848599999999,4076.63842559158,4081.766621380845,38.258571428571386
2025.11.20 16:00,4080.0,4107.0,4043.62,4065.88,4129.004827999999,4074.486740473264,4080.3223830734955,39.263571428571396
2025.11.20 20:00,4065.79,4086.98,4056.18,4077.14,4127.19793144,4075.0173923786115,4080.0330755213595,38.53071428571427
2025.11.21 00:00,4074.34,4088.82,4060.31,4068.42,4125.4271728112,4073.6979139028895,4078.977341383054,37.612857142857166
2025.11.21 04:00,4068.39,4079.85,4039.56,4058.37,4123.691829354976,4070.632331122312,4077.103946711867,39.12000000000002
2025.11.21 08:00,4058.4,4064.61,4022.17,4050.39,4121.991192767877,4066.5838648978497,4074.6754061016973,40.56500000000002
2025.11.21 12:00,4050.3,4080.92,4030.91,4079.51,4117.998345057162,4069.16909191828,4075.114914637906,41.14285714285714
2025.11.21 16:00,4079.6,4100.99,4055.01,4085.45,4114.165211254875,4072.4252735346245,4076.0544678526417,41.71285714285714
2025.11.21 20:00,4085.35,4092.04,4054.48,4065.8,4110.48540280468,4071.1002188277,4075.1222435024015,43.03357142857144
2025.11.24 00:00,4071.72,4077.45,4042.56,4044.08,4106.952786692493,4065.69617506216,4072.300221365819,40.00500000000004
2025.11.24 04:00,4044.07,4061.1,4039.89,4046.25,4103.561475224793,4061.806940049728,4069.932019423472,39.68428571428577
2025.11.24 08:00,4046.26,4074.06,4045.33,4071.79,4100.305816215801,4063.8035520397825,4070.1009267486106,39.43000000000003
2025.11.24 12:00,4071.8,4085.66,4063.07,4077.54,4097.180383567169,4066.550841631826,4070.7772061351,37.88642857142856
2025.11.24 16:00,4077.53,4100.34,4068.07,4092.79,4022.17,4071.7986733054613,4072.7783692137273,37.40785714285711
2025.11.24 20:00,4092.81,4139.81,4087.82,4134.54,4023.7334,4084.346938644369,4078.39306292157,37.903571428571404
2025.11.25 00:00,4133.53,4144.37,4122.41,4134.6,4028.376464,4094.3975509154952,4083.502784474155,34.94499999999997
2025.11.25 04:00,4134.56,4155.81,4132.58,4150.81,4035.3360761599997,4105.680040732396,4089.6216222492317,34.404285714285706
2025.11.25 08:00,4150.83,4151.98,4109.44,4128.25,4044.9739900672,4110.194032585917,4093.1332929538466,35.40642857142854
2025.11.25 12:00,4128.26,4150.59,4115.88,4147.5,4053.840870861824,4117.655226068734,4098.075720867133,35.00785714285712
2025.11.25 16:00,4147.47,4159.11,4110.76,4145.95,4061.998401192878,4123.314180854987,4102.42792806103,35.429999999999936
2025.11.25 20:00,4145.99,4150.78,4127.54,4130.54,4071.7095610735905,4124.75934468399,4104.983570964573,33.517857142857046
2025.11.26 00:00,4132.14,4152.68,4129.7,4148.24,4080.4496049662316,4129.455475747192,4108.915973604157,31.874999999999968
2025.11.26 04:00,4148.25,4169.14,4147.15,4162.1,4088.3156444696083,4135.984380597754,4113.750885094689,30.762857142857165
2025.11.26 08:00,4162.0,4168.33,4146.53,4162.6,4098.014567133256,4141.307504478204,4118.191713722444,29.827857142857187
2025.11.26 12:00,4162.68,4173.3,4148.64,4153.18,4106.549619077265,4143.682003582563,4121.372467020404,30.074285714285747
2025.11.26 16:00,4153.21,4169.71,4136.98,4167.1,4115.894672406448,4148.365602866051,4125.529515473094,30.360000000000063
2025.11.26 20:00,4167.1,4171.42,4157.91,4163.72,4123.931418269545,4151.436482292841,4129.0013777028125,29.711428571428673
2025.11.27 00:00,4164.96,4168.39,4148.4,4154.09,4130.843019711809,4151.967185834273,4131.282161548012,28.834285714285866
2025.11.27 04:00,4154.17,4156.04,4142.59,4146.85,4136.786996952155,4150.943748667419,4132.697419589102,26.08142857142869
2025.11.27 08:00,4146.86,4167.25,4146.7,4158.48,4141.898817378854,4152.450998933935,4135.041290535547,25.980714285714416
2025.11.27 12:00,4158.49,4162.27,4149.03,4154.84,4142.59,4152.928799147148,4136.841173214134,25.267142857143003
2025.11.27 16:00,4154.88,4161.66,4151.28,4157.66,4146.7,4153.875039317719,4138.73379383103,22.970000000000155
2025.11.27 20:00,4157.65,4160.18,4155.6,4157.76,4149.03,4154.652031454175,4140.4634489373,20.81785714285729
2025.11.28 00:00,4157.64,4193.08,4157.41,4190.95,4151.28,4161.9116251633395,4145.053135397546,19.912142857143046
2025.11.28 04:00,4190.93,4191.77,4174.1,4182.33,4155.6,4165.995300130672,4148.441941270496,19.514285714285922
2025.11.28 08:00,4182.26,4188.65,4152.02,4166.7,4193.08,4166.136240104538,4150.1017647913595,20.48928571428583
2025.11.28 12:00,4166.69,4182.64,4160.45,4182.28,4192.2588,4169.364992083631,4153.027058901236,20.503571428571533
2025.11.28 16:00,4182.45,4216.9,4182.45,4216.79,4152.02,4178.849993666905,4158.823689910215,21.4192857142858
2025.11.28 20:00,4216.83,4226.54,4210.9,4219.97,4153.3176,4187.073994933524,4164.382445372922,20.77500000000012
2025.12.01 00:00,4222.03,4256.05,4205.63,4255.29,4156.246496000001,4200.71719594682,4172.646768520838,22.03857142857152
2025.12.01 04:00,4255.3,4256.47,4215.38,4229.45,4162.23470624,4206.463756757456,4177.8106986553075,24.008571428571514
2025.12.01 08:00,4229.44,4253.48,4226.2,4249.81,4169.773529740801,4215.133005405965,4184.356089686643,24.52928571428573
2025.12.01 12:00,4249.8,4264.36,4244.09,4247.16,4176.709247361537,4221.538404324772,4190.065536078766,25.016428571428566
2025.12.01 16:00,4247.14,4249.2,4219.51,4232.16,4185.474322625383,4223.662723459818,4193.892305526151,25.669285714285667
2025.12.01 20:00,4232.41,4244.51,4229.06,4232.1,4193.362890362845,4225.350178767855,4197.365732296501,25.827142857142746
2025.12.02 00:00,4231.92,4235.84,4191.16,4219.29,4264.36,4224.138143014285,4199.358847542273,28.27714285714276
2025.12.02 04:00,4219.3,4226.3,4213.77,4224.83,4262.896,4224.276514411428,4201.674406856611,28.84499999999989
2025.12.02 08:00,4224.8,4226.1,4180.99,4191.92,4261.4612799999995,4217.805211529143,4200.78764259692,29.51928571428564
2025.12.02 12:00,4191.88,4215.11,4182.24,4212.3,4258.242428799999,4216.704169223315,4201.834220542654,30.60499999999991
2025.12.02 16:00,4212.26,4230.64,4163.81,4193.71,4255.152331648,4212.105335378652,4201.095655038776,32.76214285714282
2025.12.02 20:00,4193.67,4212.25,4183.16,4205.5,4249.67179174912,4210.784268302922,4201.496050035251,33.25499999999994
2025.12.03 00:00,4208.31,4220.83,4202.39,4214.36,4244.520084244173,4211.499414642338,4202.665500032046,32.099285714285635
2025.12.03 04:00,4214.34,4228.76,4203.22,4207.64,4239.677479189522,4210.72753171387,4203.11772730186,32.80642857142847
2025.12.03 08:00,4207.65,4211.71,4196.9,4202.04,4235.125430438151,4208.990025371097,4203.0197520926,30.262857142857065
2025.12.03 12:00,4202.01,4238.21,4194.53,4237.01,4163.81,4214.594020296878,4206.109774629636,30.447857142857075
2025.12.03 16:00,4236.95,4241.31,4195.75,4210.94,4165.298000000001,4213.8632162375025,4206.548886026942,31.75357142857141
2025.12.03 20:00,4210.99,4212.76,4194.96,4203.05,4168.33848,4211.700572990002,4206.230805479037,31.577142857142885
2025.12.04 00:00,4203.73,4216.71,4202.63,4209.1,4171.257340800001,4211.180458392002,4206.491641344579,30.462142857142908
2025.12.04 04:00,4209.11,4209.15,4174.76,4180.83,4174.059447168001,4205.110366713602,4204.158764858708,31.815000000000023
2025.12.04 08:00,4180.88,4202.16,4178.55,4199.69,4174.76,4204.026293370882,4203.752513507917,30.309999999999977
2025.12.04 12:00,4199.68,4206.42,4185.29,4198.21,4174.76,4202.863034696706,4203.24864864356,30.924285714285716
2025.12.04 16:00,4198.21,4219.24,4191.29,4216.39,4177.4220000000005,4205.568427757365,4204.443316948691,29.698571428571377
2025.12.04 20:00,4216.31,4217.29,4199.43,4208.68,4179.97752,4206.190742205892,4204.828469953355,28.626428571428505
2025.12.05 00:00,4208.12,4210.3,4194.57,4203.0,4182.430819200001,4205.552593764714,4204.662245412141,24.976428571428546
2025.12.05 04:00,4202.97,4221.17,4196.54,4220.35,4184.785986432001,4208.512075011771,4206.088404920128,24.657857142857114
2025.12.05 08:00,4220.34,4230.61,4215.69,4223.16,4187.04694697472,4211.441660009417,4207.640368109207,24.406428571428577
2025.12.05 12:00,4223.17,4238.71,4219.89,4234.34,4189.217469095732,4216.021328007534,4210.067607372006,23.92642857142856
2025.12.05 16:00,4234.33,4259.11,4198.47,4217.35,4191.3011703319025,4216.287062406028,4210.72964306546,27.199999999999918
2025.12.05 20:00,4217.29,4219.06,4191.86,4198.57,4259.11,4212.743649924822,4209.6242209686,26.02285714285709
2025.12.08 00:00,4199.55,4211.66,4195.47,4201.09,4259.11,4210.4129199398585,4208.848382698727,23.92499999999989
2025.12.08 04:00,4201.11,4217.07,4198.4,4216.92,4257.764999999999,4211.714335951887,4209.582166089751,23.98714285714274
2025.12.08 08:00,4216.91,4218.91,4202.97,4207.81,4256.446899999999,4210.93346876151,4209.421060081591,24.11999999999986
2025.12.08 12:00,4207.8,4215.32,4197.82,4201.6,4255.155161999999,4209.066775009208,4208.710054619629,22.91357142857133
2025.12.08 16:00,4201.68,4211.56,4176.03,4194.73,4253.889258759999,4206.199420007367,4207.439140563299,23.764999999999972
2025.12.08 20:00,4194.79,4195.55,4184.12,4190.46,4250.774888409599,4203.0515360058935,4205.895582330271,23.072142857142843
2025.12.09 00:00,4191.28,4197.19,4188.66,4196.09,4247.785092873215,4201.659228804715,4205.004165754792,21.68499999999998
2025.12.09 04:00,4196.08,4198.62,4177.92,4179.55,4244.914889158286,4197.237383043772,4202.690150686174,21.887857142857133
2025.12.09 08:00,4179.57,4212.71,4169.86,4202.67,4242.159493591955,4198.323906435017,4202.688318805613,23.82499999999998
2025.12.09 12:00,4202.92,4208.17,4195.58,4201.19,4237.821523976438,4198.897125148014,4202.552108005102,22.964999999999986
2025.12.09 16:00,4201.39,4221.17,4189.37,4202.96,4233.743832537852,4199.709700118411,4202.589189095547,24.17071428571428
2025.12.09 20:00,4202.9,4215.94,4201.17,4208.12,4229.91080258558,4201.391760094729,4203.091990086861,23.88142857142855
2025.12.10 00:00,4208.37,4217.89,4206.74,4213.64,4226.307754430445,4203.841408075784,4204.050900078964,20.346428571428632
2025.12.10 04:00,4213.51,4218.6,4201.63,4211.2,4222.9208891646185,4205.313126460627,4204.700818253604,19.61571428571431
2025.12.10 08:00,4211.15,4211.55,4192.48,4194.3,4219.737235814741,4203.110501168502,4203.755289321458,19.82142857142867
2025.12.10 12:00,4194.29,4204.99,4187.73,4200.49,4218.6,4202.586400934802,4203.458444837689,19.720714285714394
2025.12.10 16:00,4200.54,4206.92,4188.81,4199.52,4215.6756000000005,4201.973120747843,4203.100404397899,19.8757142857144
2025.12.10 20:00,4199.56,4238.51,4181.87,4228.5,4169.86,4207.278496598275,4205.409458543544,22.671428571428706
2025.12.11 00:00,4228.37,4247.4,4223.94,4238.23,4171.232999999999,4213.46879727862,4208.393144130495,21.809285714285803
2025.12.11 04:00,4238.19,4240.72,4205.96,4207.3,4174.27968,4212.235037822896,4208.293767391359,23.475714285714368
2025.12.11 08:00,4207.31,4221.39,4204.14,4218.3,4177.2044928,4213.448030258317,4209.203424901236,24.09857142857153
2025.12.11 12:00,4218.31,4225.73,4205.19,4220.73,4180.012313087999,4214.904424206654,4210.251295364759,24.087142857142968
2025.12.11 16:00,4220.75,4281.6,4217.75,4278.55,4182.707820564479,4227.6335393653235,4216.460268513418,25.587142857142968
2025.12.11 20:00,4278.54,4285.77,4262.92,4279.48,4188.641351330611,4238.002831492259,4222.189335012198,26.320000000000128
2025.12.12 00:00,4279.96,4283.27,4264.41,4270.88,4196.411643224162,4244.578265193808,4226.615759101998,25.395714285714444
2025.12.12 04:00,4270.8,4280.38,4265.82,4278.76,4203.560311766229,4251.414612155047,4231.35614463818,25.380714285714507
2025.12.12 08:00,4278.93,4320.09,4276.48,4318.15,4210.1370868249305,4264.761689724038,4239.246495125618,27.69928571428594
2025.12.12 12:00,4318.13,4346.02,4314.53,4340.88,4221.132378142437,4279.985351779231,4248.485904659653,28.736428571428828
2025.12.12 16:00,4340.87,4353.3,4257.0,4294.25,4236.118892765345,4282.838281423385,4252.646276963321,34.252857142857366
2025.12.12 20:00,4294.25,4304.04,4288.41,4300.81,4252.524247778197,4286.432625138708,4257.024797239383,34.13642857142879
2025.12.15 00:00,4300.59,4325.54,4294.51,4322.43,4257.0,4293.632100110967,4262.970724763075,35.059285714285934
2025.12.15 04:00,4322.37,4344.25,4319.18,4343.46,4270.482,4303.597680088774,4270.287931602795,32.80428571428589
2025.12.15 08:00,4343.45,4350.0,4333.26,4342.3,4282.07652,4311.338144071019,4276.834483275268,32.32428571428587
2025.12.15 12:00,4342.39,4348.26,4330.58,4332.01,4292.0478072,4315.472515256815,4281.850439341153,31.104285714285876
2025.12.15 16:00,4332.02,4336.57,4285.18,4304.39,4353.3,4313.256012205452,4283.899490310139,33.542857142857265
2025.12.15 20:00,4304.44,4317.53,4299.41,4304.9,4351.9376,4311.584809764361,4285.808627554672,33.37000000000012
2025.12.16 00:00,4306.19,4317.78,4299.04,4308.72,4350.602448000001,4311.011847811489,4287.891479595156,30.14785714285722
2025.12.16 04:00,4308.7,4312.09,4271.14,4283.91,4349.293999040001,4305.591478249192,4287.529526904687,31.440714285714325
2025.12.16 08:00,4283.92,4291.97,4275.26,4280.31,4346.167839078401,4300.535182599354,4286.873206276989,31.287142857142857
2025.12.16 12:00,4280.35,4313.25,4273.68,4312.95,4343.166725515265,4303.018146079483,4289.243823888171,33.07357142857138
2025.12.16 16:00,4313.0,4334.93,4291.2,4303.44,4340.285656494654,4303.102516863586,4290.534385352883,33.0821428571428
2025.12.16 20:00,4303.36,4315.72,4296.74,4302.14,4337.519830234868,4302.9100134908695,4291.589441229894,32.18857142857136
2025.12.17 00:00,4303.08,4326.57,4301.08,4326.5,4334.93,4307.628010792696,4294.763128390812,27.130714285714184
2025.12.17 04:00,4326.49,4342.3,4311.02,4333.78,4271.14,4312.858408634157,4298.31011671892,28.2485714285713
2025.12.17 08:00,4333.79,4337.49,4308.61,4316.75,4272.5632000000005,4313.636726907326,4299.986469744473,28.094999999999896
2025.12.17 12:00,4316.67,4343.96,4306.58,4341.97,4273.957936000001,4319.303381525861,4303.803154313157,28.97428571428564
2025.12.17 16:00,4341.95,4348.6,4319.98,4342.39,4276.758018560001,4323.920705220689,4307.311049375598,29.82285714285714
2025.12.17 20:00,4342.43,4346.37,4328.7,4338.08,4281.068537446401,4326.7525641765515,4310.108226705089,29.822142857142836
2025.12.18 00:00,4340.28,4342.99,4324.3,4331.45,4285.120425199617,4327.6920513412415,4312.048387913717,27.486428571428565
2025.12.18 04:00,4331.42,4337.65,4328.38,4333.19,4288.92919968764,4328.791641072993,4313.970352648834,26.85428571428568
2025.12.18 08:00,4333.21,4337.59,4320.69,4323.45,4292.509447706381,4327.723312858395,4314.832138771667,26.722857142857162
2025.12.18 12:00,4323.4,4342.9,4314.57,4336.39,4295.874880843999,4329.4566502867165,4316.791944337879,25.821428571428598
2025.12.18 16:00,4336.4,4374.44,4308.64,4333.29,4299.038387993359,4330.223320229374,4318.29176757989,29.327857142857116
2025.12.18 20:00,4333.33,4341.11,4322.52,4332.58,4305.07051695389,4330.694656183499,4319.590697799899,27.829285714285653
2025.12.19 00:00,4333.31,4336.8,4308.98,4323.11,4308.64,4329.1777249468,4319.910634363545,26.692857142857093
2025.12.19 04:00,4323.19,4328.8,4312.54,4325.83,4308.98,4328.50817995744,4320.448758512313,26.49857142857136
2025.12.19 08:00,4325.86,4333.5,4320.93,4329.31,4308.98,4328.668543965952,4321.254325920285,25.575714285714213
2025.12.19 12:00,4329.28,4335.22,4320.58,4328.19,4312.54,4328.572835172762,4321.884841745713,24.387142857142827
2025.12.19 16:00,4328.2,4355.84,4319.62,4353.23,4317.492,4333.50426813821,4324.734401587011,24.91142857142855
2025.12.19 20:00,4353.17,4356.35,4336.42,4339.22,4319.62,4334.6474145105685,4326.05127417001,23.664999999999992
2025.12.22 00:00,4339.7,4384.77,4337.87,4382.91,4319.62,4344.299931608455,4331.2202492454635,24.97071428571426
2025.12.22 04:00,4382.86,4409.34,4378.4,4400.02,4326.135,4355.443945286765,4337.474772041331,25.918571428571433
2025.12.22 08:00,4399.99,4420.44,4398.72,4410.96,4336.1196,4366.547156229412,4344.155247310301,26.134999999999987
2025.12.22 12:00,4411.02,4427.28,4405.94,4423.68,4347.924456,4377.97372498353,4351.384770282092,26.99714285714289
2025.12.22 16:00,4423.68,4442.03,4411.86,4438.33,4360.621343039999,4390.044979986824,4359.288882074629,27.945
2025.12.22 20:00,4438.59,4448.84,4428.64,4443.65,4375.2749012928,4400.765983989459,4366.9580746133,27.364285714285707
2025.12.23 00:00,4447.58,4490.59,4445.21,4486.55,4389.98792103424,4417.922787191567,4377.830067830272,26.01714285714294
2025.12.23 04:00,4486.52,4497.51,4474.67,4474.99,4410.108336827392,4429.336229753254,4386.662788936611,26.320714285714434
2025.12.23 08:00,4474.91,4492.99,4469.19,4480.31,4427.588669461914,4439.530983802603,4395.176171760555,26.033571428571545
2025.12.23 12:00,4480.34,4497.22,4473.18,4479.0,4441.572935569531,4447.424787042083,4402.796519782322,26.58928571428581
2025.12.23 16:00,4479.09,4479.74,4430.32,4472.61,4497.51,4452.461829633667,4409.143199802111,29.221428571428696
2025.12.23 20:00,4472.85,4499.67,4472.51,4484.62,4430.32,4458.893463706933,4416.004727092828,30.115714285714375
2025.12.24 00:00,4487.01,4525.75,4484.16,4518.54,4430.32,4470.822770965547,4425.326115538935,30.499285714285797
2025.12.24 04:00,4518.57,4518.97,4469.37,4488.24,4434.1372,4474.306216772437,4431.04555958085,32.618571428571514
2025.12.24 08:00,4488.25,4498.26,4478.17,4494.48,4437.801712,4478.34097341795,4436.812326891682,30.703571428571486
2025.12.24 12:00,4494.44,4499.64,4474.47,4487.76,4441.319643520001,4480.22477873436,4441.443933537892,30.291428571428597
2025.12.24 16:00,4487.82,4489.3,4448.18,4480.5,4444.6968577792,4480.279822987489,4444.994485034447,31.677142857142922
2025.12.26 08:00,4509.87,4520.38,4507.02,4512.56,4447.938983468032,4486.735858389991,4451.13680457677,33.00142857142863
2025.12.26 12:00,4512.52,4528.68,4502.77,4525.02,4448.18,4494.3926867119935,4457.853458706155,32.6971428571429
2025.12.26 16:00,4525.0,4549.94,4509.74,4518.94,4453.01,4499.302149369595,4463.406780641959,34.12571428571433
2025.12.26 20:00,4518.91,4535.65,4514.46,4532.33,4460.7644,4505.907719495676,4469.672527856326,32.28642857142855
2025.12.29 00:00,4539.6,4549.57,4472.06,4497.01,4467.898448,4504.128175596541,4472.15775259666,36.19142857142849
2025.12.29 04:00,4496.99,4520.22,4496.2,4506.52,4472.06,4504.6065404772335,4475.281593269691,36.20714285714279
2025.12.29 08:00,4506.32,4510.44,4444.79,4471.89,4549.94,4498.063232381787,4474.97326660881,39.179285714285626
2025.12.29 12:00,4471.88,4474.41,4407.03,4421.65,4547.8369999999995,4482.78058590543,4470.1256969171,40.46214285714277
2025.12.29 16:00,4420.99,4421.06,4302.89,4327.98,4542.20472,4451.820468724343,4457.203360833727,47.004999999999875
2025.12.29 20:00,4327.99,4344.47,4322.83,4331.68,4527.8458368,4427.7923749794745,4445.792146212479,45.579999999999885
2025.12.30 00:00,4333.32,4360.05,4323.07,4360.03,4514.348486592,4414.23989998358,4437.99558746589,44.678571428571324
2025.12.30 04:00,4360.09,4380.25,4348.59,4377.62,4501.66097739648,4406.915919986864,4432.506897696263,45.504999999999875
2025.12.30 08:00,4377.62,4383.33,4350.13,4371.88,4489.734718752691,4399.908735989491,4426.995361542057,46.07857142857129
2025.12.30 12:00,4371.82,4404.34,4367.48,4388.21,4478.52403562753,4397.568988791593,4423.469419583688,45.774285714285625
2025.12.30 16:00,4388.23,4392.0,4354.64,4370.17,4467.985993489878,4392.089191033275,4418.624017803353,45.5942857142856
2025.12.30 20:00,4370.19,4378.47,4334.51,4338.48,4458.080233880485,4381.36735282662,4411.338198003048,46.88357142857132
2025.12.31 00:00,4340.65,4373.18,4328.68,4365.93,4448.768819847656,4378.279882261296,4407.210180002771,47.19071428571419
2025.12.31 04:00,4365.95,4371.07,4276.26,4285.57,4440.016090656797,4359.737905809036,4396.151981820701,52.449285714285615
2025.12.31 08:00,4285.59,4337.2,4274.15,4325.54,4426.9156034042535,4352.898324647229,4389.7327107460915,51.41642857142853
2025.12.31 12:00,4325.52,4348.04,4302.9,4345.68,4411.6390430638285,4351.454659717783,4385.727918860083,52.924999999999955
2025.12.31 16:00,4345.68,4353.14,4316.93,4321.74,4397.890138757445,4345.5117277742265,4379.910835327348,50.82214285714284
2026.01.02 08:00,4380.64,4397.33,4371.98,4385.34,4274.15,4353.477382219381,4380.404395752134,51.40857142857142
2026.01.02 12:00,4385.32,4402.23,4361.88,4365.86,4276.6136,4355.953905775505,4379.082177956486,45.807857142857145
2026.01.02 16:00,4365.96,4373.57,4314.98,4322.95,4281.638255999999,4349.353124620404,4373.9792526877145,48.44714285714284
2026.01.02 20:00,4322.92,4333.16,4309.86,4331.54,4286.461925759999,4345.790499696323,4370.121138807013,47.46999999999996
2026.01.05 00:00,4350.7,4420.84,4344.99,4401.69,4291.092648729599,4356.970399757059,4372.991035279103,51.587142857142844
2026.01.05 04:00,4401.73,4414.24,4388.55,4412.58,4298.877489805824,4368.092319805647,4376.590032071912,51.05071428571426
2026.01.05 08:00,4412.5,4437.87,4411.32,4434.66,4306.195240417474,4381.405855844518,4381.869120065375,50.31428571428566
2026.01.05 12:00,4434.64,4439.81,4396.08,4416.76,4316.729221184077,4388.476684675615,4385.04101824125,50.769285714285715
2026.01.05 16:00,4416.76,4455.67,4416.76,4443.34,4329.037299065669,4399.449347740492,4390.340925673863,50.40857142857141
2026.01.05 20:00,4443.38,4449.32,4434.71,4448.87,4344.233223177788,4409.333478192394,4395.661750612603,48.27357142857139
2026.01.06 00:00,4449.59,4459.95,4427.79,4450.46,4357.6056363964535,4417.558782553915,4400.643409647821,43.798571428571414
2026.01.06 04:00,4450.51,4474.05,4448.59,4452.45,4371.93384730095,4424.537026043132,4405.353099679837,41.113571428571404
2026.01.06 08:00,4452.52,4475.76,4444.7,4446.27,4388.272431732798,4428.883620834506,4409.072817890761,40.10785714285712
2026.01.06 12:00,4446.29,4470.22,4442.39,4467.86,4404.020194020894,4436.678896667605,4414.417107173419,39.50928571428568
2026.01.06 16:00,4467.85,4491.41,4463.03,4489.33,4416.933359097134,4447.209117334084,4421.227370157653,36.13714285714282
2026.01.06 20:00,4489.03,4497.15,4477.13,4494.64,4431.828687277707,4456.6952938672675,4427.901245597866,34.68499999999997
2026.01.07 00:00,4495.34,4500.31,4460.98,4465.45,4444.892949822166,4458.446235093814,4431.314768725333,33.30928571428573
2026.01.07 04:00,4465.45,4480.16,4443.2,4454.32,4500.31,4457.620988075051,4433.406153386666,34.285000000000004
2026.01.07 08:00,4454.31,4474.9,4441.3,4463.24,4500.31,4458.744790460041,4436.118321260606,30.306428571428523
2026.01.07 12:00,4463.23,4467.6,4427.64,4452.81,4497.949600000001,4457.557832368033,4437.63574660055,31.32571428571427
2026.01.07 16:00,4452.71,4468.22,4423.39,4451.75,4493.731024000001,4456.3962658944265,4438.918860545954,32.631428571428536
2026.01.07 20:00,4451.56,4461.48,4445.23,4456.35,4488.10374208,4456.3870127155415,4440.503509587231,30.668571428571358
2026.01.08 00:00,4459.42,4466.21,4441.65,4448.36,4482.9266427136,4454.781610172433,4441.217735988392,29.6435714285714
2026.01.08 04:00,4448.33,4449.5,4415.54,4425.41,4478.163711296512,4448.907288137947,4439.780669080356,31.025714285714283
2026.01.08 08:00,4425.39,4439.53,4415.77,4432.51,4471.901340166861,4445.627830510358,4439.11969916396,30.425714285714243
2026.01.08 12:00,4432.51,4435.86,4407.52,4423.64,4466.265206150175,4441.2302644082865,4437.712453785418,30.631428571428472
2026.01.08 16:00,4423.63,4465.37,4418.81,4463.32,4407.52,4445.648211526629,4440.040412532198,31.738571428571266
2026.01.08 20:00,4463.11,4479.45,4444.53,4477.26,4407.52,4451.970569221304,4443.424011392908,32.24499999999985
2026.01.09 00:00,4480.28,4483.71,4452.76,4468.77,4410.3972,4455.330455377043,4445.728192175371,32.42857142857125
2026.01.09 04:00,4468.68,4476.27,4458.12,4467.96,4414.795968,4457.856364301634,4447.749265613974,32.294999999999895
2026.01.09 08:00,4467.98,4477.38,4463.93,4471.11,4418.930809920001,4460.507091441307,4449.872968739976,30.446428571428395
2026.01.09 12:00,4471.07,4491.67,4459.0,4482.58,4422.8175613248,4464.921673153046,4452.846335218161,30.139999999999826
2026.01.09 16:00,4482.66,4516.94,4478.89,4484.49,4428.325756418816,4468.835338522437,4455.723032016509,30.457857142856955
2026.01.09 20:00,4483.8,4511.28,4482.88,4509.06,4437.187180776935,4476.88027081795,4460.571847287735,29.63214285714264
2026.01.12 00:00,4511.39,4600.89,4511.39,4569.91,4445.162462699242,4495.486216654361,4470.511679352487,32.989285714285494
2026.01.12 04:00,4569.9,4584.82,4561.47,4580.63,4463.849767175333,4512.514973323488,4480.522435774988,33.49642857142831
2026.01.12 08:00,4580.62,4599.21,4569.69,4588.93,4480.294595114293,4527.797978658791,4490.377668886352,33.85071428571403
2026.01.12 12:00,4588.99,4620.14,4578.31,4615.65,4494.766043700578,4545.368382927033,4501.766062623956,34.41285714285688
2026.01.12 16:00,4615.68,4629.99,4584.95,4616.22,4512.318397582497,4559.5387063416265,4512.1709660217775,35.932857142856925
2026.01.12 20:00,4616.27,4618.75,4589.19,4597.37,4531.145853969298,4567.104965073301,4519.916332747071,36.01999999999987
2026.01.13 00:00,4600.88,4607.75,4575.35,4577.8,4546.96091733421,4569.243972058642,4525.178484315518,35.00857142857131
2026.01.13 04:00,4577.49,4601.88,4576.58,4591.98,4560.245570560736,4573.791177646914,4531.251349377744,34.321428571428456
2026.01.13 08:00,4591.97,4597.11,4573.6,4585.97,4571.404679271019,4576.2269421175315,4536.225772161585,33.78999999999985
2026.01.13 12:00,4586.01,4620.72,4577.67,4611.41,4573.6,4583.263553694025,4543.060701965077,35.56857142857125
2026.01.13 16:00,4611.25,4634.41,4586.62,4590.29,4573.6,4584.6688429552205,4547.3542745137065,38.02142857142841
2026.01.13 20:00,4590.2,4601.79,4569.74,4586.33,4634.41,4585.001074364176,4550.897522285188,37.9771428571427
2026.01.14 00:00,4588.31,4619.91,4588.14,4619.06,4634.41,4591.812859491341,4557.094111168352,37.65785714285703
2026.01.14 04:00,4619.15,4639.55,4613.25,4619.41,4569.74,4597.3322875930735,4562.7591919712295,37.50785714285707
2026.01.14 08:00,4619.46,4639.47,4618.18,4630.31,4571.1362,4603.927830074459,4568.9001745193,32.46928571428565
2026.01.14 12:00,4630.33,4641.63,4624.27,4635.6,4572.504476,4610.262264059567,4574.963795017545,32.04142857142852
2026.01.14 16:00,4635.71,4638.81,4599.35,4614.16,4575.26949696,4611.041811247655,4578.527086379586,32.75142857142849
2026.01.14 20:00,4613.7,4642.77,4612.68,4626.44,4577.9239170816,4614.121448998124,4582.882805799623,31.912857142857078
2026.01.15 00:00,4630.28,4632.63,4583.49,4599.89,4581.8146820567035,4611.2751591985,4584.428914363293,32.205714285714244
2026.01.15 04:00,4599.86,4614.5,4580.96,4595.08,4642.77,4608.0361273588,4585.397194875721,32.489999999999924
2026.01.15 08:00,4595.15,4613.38,4593.51,4612.48,4641.5338,4608.92490188704,4587.859268068836,31.594999999999942
2026.01.15 12:00,4612.43,4623.01,4582.21,4588.13,4640.322324,4604.765921509632,4587.883880062578,32.702142857142796
2026.01.15 16:00,4588.14,4624.7,4583.13,4616.39,4639.13507752,4607.090737207705,4590.475345511434,33.992142857142824
2026.01.15 20:00,4616.36,4621.33,4600.58,4615.78,4637.9715759696,4608.828589766164,4592.7757686467585,32.39928571428567
2026.01.16 00:00,4616.58,4620.68,4593.68,4600.49,4636.831344450208,4607.160871812932,4593.477062406144,30.914285714285672
2026.01.16 04:00,4600.49,4616.11,4591.06,4611.3,4635.713917561204,4607.988697450346,4595.097329460131,30.414285714285608
2026.01.16 08:00,4611.28,4612.14,4594.02,4600.65,4634.618839209979,4606.520957960277,4595.602117691027,29.309999999999892
2026.01.16 12:00,4600.57,4615.87,4582.25,4601.76,4633.5456624257795,4605.568766368222,4596.16192517366,29.832857142857016
2026.01.16 16:00,4601.79,4620.03,4536.41,4581.23,4632.493949177264,4600.701013094577,4594.8044774306,34.28499999999987
2026.01.16 20:00,4580.94,4598.2,4579.86,4596.51,4628.650591210173,4599.862810475662,4594.9595249369095,34.354999999999905
2026.01.19 00:00,4628.59,4690.42,4620.04,4657.03,4536.41,4611.2962483805295,4600.602295397191,38.2442857142856
2026.01.19 04:00,4657.01,4674.32,4653.06,4669.83,4539.4902,4623.002998704424,4606.895723088354,37.613571428571255
2026.01.19 08:00,4669.84,4679.05,4661.5,4668.32,4542.508796,4632.066398963539,4612.47974826214,35.35714285714268
2026.01.19 12:00,4668.28,4673.68,4659.6,4665.99,4545.46702008,4638.851119170831,4617.344316601945,33.967142857142676
2026.01.19 16:00,4665.98,4678.68,4661.41,4676.06,4548.3660796784,4646.292895336665,4622.682106001768,33.78142857142843
2026.01.19 20:00,4676.05,4680.12,4667.97,4669.99,4551.2071580848315,4651.032316269332,4626.982823637971,31.73499999999982
2026.01.20 00:00,4672.16,4676.78,4659.37,4669.59,4553.9914149231345,4654.743853015466,4630.856203307246,30.009285714285543
2026.01.20 04:00,4669.58,4716.52,4665.35,4714.34,4556.719986624672,4666.663082412373,4638.445639370223,32.18214285714269
2026.01.20 08:00,4714.38,4737.28,4705.38,4732.32,4563.111987159685,4679.794465929899,4646.979672154748,32.53214285714267
2026.01.20 12:00,4732.34,4738.25,4714.79,4737.03,4573.562067930104,4691.241572743919,4655.1660655952255,32.41857142857129
2026.01.20 16:00,4737.05,4762.47,4722.25,4758.92,4586.737102495696,4704.777258195136,4664.598241450205,33.99714285714275
2026.01.20 20:00,4758.9,4766.28,4747.25,4763.46,4604.310392246126,4716.513806556109,4673.585674045641,32.95499999999988
2026.01.21 00:00,4762.9,4844.17,4757.63,4835.19,4623.746745176591,4740.2490452448865,4688.276976405128,33.16357142857131
2026.01.21 04:00,4835.32,4878.11,4817.08,4869.81,4654.606000851868,4766.16123619591,4704.7799785501165,36.212857142857
2026.01.21 08:00,4869.87,4888.52,4832.42,4860.31,4690.366640715569,4784.990988956728,4718.919071409197,33.51214285714275
2026.01.21 12:00,4860.23,4880.1,4855.09,4879.19,4726.034245386766,4803.830791165383,4733.489155826543,33.77999999999996
2026.01.21 16:00,4879.21,4880.76,4802.4,4826.2,4755.281681217149,4808.304632932306,4741.917414387766,38.12357142857142
2026.01.21 20:00,4825.98,4853.77,4755.57,4831.16,4888.52,4812.875706345845,4750.03037671615,44.1321428571429
2026.01.22 00:00,4835.34,4835.34,4772.37,4797.8,4885.861000000001,4809.860565076677,4754.373069741954,47.3964285714286
2026.01.22 04:00,4797.63,4821.39,4774.67,4821.21,4883.255180000001,4812.130452061341,4760.449154310868,49.86571428571436
2026.01.22 08:00,4821.19,4838.06,4813.85,4822.96,4880.701476400001,4814.296361649073,4766.131958464425,50.35142857142866
2026.01.22 12:00,4822.99,4836.12,4810.6,4822.11,4878.198846872001,4815.859089319259,4771.220871331296,48.519285714285765
2026.01.22 16:00,4821.82,4906.09,4820.31,4904.36,4755.57,4833.559271455407,4783.324428482996,52.367857142857204
2026.01.22 20:00,4904.33,4940.51,4901.04,4936.24,4758.5804,4854.095417164325,4797.225844075451,53.511428571428645
2026.01.23 00:00,4937.01,4967.15,4930.64,4953.35,4765.857583999999,4873.946333731461,4811.418949159501,53.24642857142858
2026.01.23 04:00,4953.29,4967.28,4938.08,4960.61,4777.935128959999,4891.279066985169,4824.981771963182,53.97285714285716
2026.01.23 08:00,4960.58,4963.06,4899.57,4918.58,4793.082718643199,4896.739253588135,4833.490701784711,52.326428571428636
2026.01.23 12:00,4918.65,4947.85,4911.87,4938.91,4807.018501151743,4905.173402870509,4843.074274349738,50.537142857142975
2026.01.23 16:00,4938.87,4987.91,4932.65,4965.42,4819.839421059603,4917.2227222964075,4854.196613045216,50.477142857142965
2026.01.23 20:00,4965.43,4989.78,4958.22,4987.96,4836.646478953643,4931.370177837126,4866.356920950196,50.94500000000006
2026.01.26 00:00,5009.67,5085.37,5001.57,5070.77,4855.022501479206,4959.250142269701,4884.939928136541,52.30571428571429
2026.01.26 04:00,5070.77,5092.85,5052.17,5074.37,4887.271151272117,4982.274113815762,4902.160843760493,48.19714285714283
2026.01.26 08:00,5074.26,5111.1,5065.18,5083.94,4920.163767068579,5002.607291052609,4918.686221600448,46.97928571428567
2026.01.26 12:00,5084.49,5096.83,5054.46,5068.58,4954.5322889962345,5015.801832842088,4932.31292872768,46.66857142857136
2026.01.26 16:00,5068.62,5104.82,5058.35,5100.79,4982.714476976912,5032.79946627367,4947.629026116072,48.258571428571315
2026.01.26 20:00,5100.91,5103.06,4989.78,5008.08,5111.1,5027.855573018936,4953.124569196429,54.52714285714283
2026.01.27 00:00,5013.25,5075.66,5012.8,5059.99,5108.6736,5034.282458415149,4962.839608360389,53.22714285714284
2026.01.27 04:00,5059.93,5085.24,5049.33,5082.76,5106.295728,5043.97796673212,4973.741462145808,52.972857142857094
2026.01.27 08:00,5082.82,5100.49,5073.28,5098.45,5103.96541344,5054.872373385696,4985.078601950735,52.30857142857143
2026.01.27 12:00,5098.1,5098.17,5066.92,5077.5,5101.6817051712,5059.3978987085575,4993.48054722794,52.475
2026.01.27 16:00,5077.46,5103.07,5046.71,5081.1,4989.78,5063.738318966846,5001.4459520253995,51.96571428571421
2026.01.27 20:00,5081.14,5190.36,5076.27,5181.0,4992.0458,5087.190655173477,5017.7690472958175,57.54499999999984
2026.01.28 00:00,5180.58,5224.96,5157.24,5204.61,4999.978368,5110.674524138782,5034.754588450743,58.43499999999984
2026.01.28 04:00,5204.71,5266.11,5201.64,5261.05,5013.47726592,5140.7496193110255,5055.326898591585,60.785714285714114
2026.01.28 08:00,5261.11,5311.3,5251.86,5278.04,5033.6878846464,5168.207695448821,5075.573544174168,58.073571428571306
2026.01.28 12:00,5278.06,5289.39,5238.72,5266.34,5061.44909618176,5187.8341563590575,5092.915949249244,58.78714285714272
2026.01.28 16:00,5266.72,5306.83,5235.69,5297.89,5086.434186563584,5209.845325087246,5111.549953862948,60.588571428571306
2026.01.28 20:00,5297.85,5419.01,5268.64,5417.68,5108.920767907226,5251.412260069797,5139.379958057226,68.30285714285702
2026.01.29 00:00,5420.4,5597.84,5419.3,5545.48,5146.131475758359,5310.225808055838,5176.2981436883865,77.85214285714277
2026.01.29 04:00,5545.46,5564.35,5504.05,5562.3,5209.370669152188,5360.64064644467,5211.389221534897,74.06785714285702
2026.01.29 08:00,5562.43,5595.3,5473.94,5513.94,5263.756375470882,5391.300517155736,5238.8938377589975,77.90928571428564
2026.01.29 12:00,5513.96,5542.82,5470.75,5510.35,5310.528082904958,5415.110413724588,5263.5716706899975,80.49214285714278
2026.01.29 16:00,5510.41,5549.54,5104.45,5334.99,5597.84,5399.0863309796705,5270.064246081816,110.34071428571421
2026.01.29 20:00,5335.04,5425.54,5283.13,5370.76,5587.9722,5393.421064783736,5279.2184055289235,118.26071428571422
2026.01.30 00:00,5385.13,5450.76,5290.34,5301.09,5578.301756,5374.954851826989,5281.2067322990215,125.69357142857139
2026.01.30 04:00,5301.0,5312.24,5112.07,5184.92,5568.824720879999,5336.947881461592,5272.45339299911,131.84214285714287
2026.01.30 08:00,5185.2,5205.44,4942.33,5013.67,5559.537226462399,5272.292305169274,5248.927629999192,145.7985714285714
2026.01.30 12:00,5012.69,5145.54,4992.04,5019.29,5534.848937403904,5221.69184413542,5228.051481817447,152.15785714285715
2026.01.30 16:00,5019.31,5113.03,4800.78,4849.38,5511.148179907747,5147.229475308336,5193.6268016522245,170.21571428571426
2026.01.30 20:00,4849.41,4947.58,4684.92,4890.34,5468.526089113282,5095.851580246669,5166.055274229295,185.35785714285709
2026.02.02 00:00,4805.03,4884.67,4583.67,4737.5,5405.83760198422,5024.181264197336,5127.095703844813,202.18142857142848
2026.02.02 04:00,4737.25,4772.18,4499.06,4549.2,5323.620841785798,4929.1850113578685,5074.559730768012,210.94928571428562
2026.02.02 08:00,4548.94,4731.63,4402.99,4719.68,5224.673540771502,4887.284009086295,5042.297937061829,221.55499999999995
2026.02.02 12:00,4719.61,4812.34,4657.2,4705.96,5109.637845063492,4851.019207269036,5011.721760965299,228.32928571428567
2026.02.02 16:00,4706.06,4793.93,4596.61,4673.86,5010.707146754603,4815.5873658152295,4981.007055422999,233.75499999999997
2026.02.02 20:00,4673.92,4712.57,4618.41,4660.72,4925.626746208958,4784.6138926521835,4951.890050384544,235.3328571428571
2026.02.03 00:00,4668.26,4855.93,4665.67,4841.27,4402.99,4795.945114121747,4941.833682167768,217.48428571428568
2026.02.03 04:00,4840.91,4841.66,4745.49,4824.91,4412.0488,4801.738091297398,4931.204256516152,214.18142857142854
2026.02.03 08:00,4824.95,4947.94,4816.39,4916.0,4420.926423999999,4824.590473037918,4929.82205137832,212.11928571428564
2026.02.03 12:00,4916.08,4950.83,4883.7,4932.6,4442.006967039999,4846.192378430334,4930.074592162108,202.6164285714285
2026.02.03 16:00,4932.63,4993.53,4893.7,4929.0,4472.536349017599,4862.753902744268,4929.976901965552,190.95357142857137
2026.02.03 20:00,4928.98,4963.99,4880.35,4946.89,4514.215841096191,4879.5811221954145,4931.51445633232,185.96357142857133
2026.02.04 00:00,4947.11,5053.4,4909.83,5046.61,4552.560973808496,4912.986897756332,4941.977687574837,173.91499999999988
2026.02.04 04:00,5046.58,5090.28,5035.28,5079.3,4602.6448764276465,4946.249518205065,4954.461534158942,159.08214285714274
2026.02.04 08:00,5079.34,5091.58,5042.98,5059.88,4661.161091256329,4968.975614564052,4964.045031053583,140.64857142857133
2026.02.04 12:00,5060.03,5064.2,5013.28,5053.8,4721.419738480443,4985.940491651242,4972.204573685075,124.77714285714278
2026.02.04 16:00,5054.09,5058.79,4855.07,4897.88,4773.242175093181,4968.328393320994,4965.447794259158,115.85428571428562
2026.02.04 20:00,4897.76,4970.72,4873.09,4964.75,4817.809470580136,4967.612714656795,4965.3843584174165,111.74642857142847
2026.02.05 00:00,4977.44,5023.73,4935.79,4958.49,4855.07,4965.788171725437,4964.7575985612875,103.93357142857126
2026.02.05 04:00,4958.52,4961.37,4788.72,4896.08,5091.58,4951.84653738035,4958.514180510261,109.53999999999981
2026.02.05 08:00,4896.06,4943.56,4849.62,4855.05,5085.5228,4932.48722990428,4949.108345918419,102.30642857142841
2026.02.05 12:00,4855.02,4894.31,4801.91,4835.22,5079.586744,4913.033783923424,4938.754859925835,102.03714285714273
2026.02.05 16:00,4835.26,4906.28,4800.45,4868.94,5073.76940912,4904.215027138739,4932.408054478032,100.19999999999992
2026.02.05 20:00,4868.7,4875.09,4760.05,4779.55,5068.0684209376,4879.282021710991,4918.5118677073015,103.62214285714276
2026.02.06 00:00,4790.02,4796.0,4654.7,4774.26,5055.747684100096,4858.2776173687935,4905.398061552092,106.58428571428564
2026.02.06 04:00,4774.06,4897.78,4761.12,4897.51,5031.68482305409,4866.124093895035,4904.680965047356,110.37142857142852
2026.02.06 08:00,4897.48,4903.13,4825.27,4866.59,5009.065733670845,4866.217275116028,4901.218150043051,105.67785714285709
2026.02.06 12:00,4866.69,4938.11,4851.61,4928.73,4987.803789650594,4878.719820092822,4903.7192273118635,107.92785714285709
2026.02.06 16:00,4929.22,4968.36,4894.22,4960.22,4654.7,4895.019856074258,4908.855661192602,109.75214285714274
2026.02.06 20:00,4960.23,4971.09,4936.45,4967.36,4660.973199999999,4909.487884859407,4914.174237447821,108.58928571428562
2026.02.09 00:00,4981.28,5047.18,4964.46,4982.25,4673.377871999999,4924.040307887526,4920.3629431343825,99.94642857142848
2026.02.09 04:00,4982.26,5041.35,4969.05,5036.5,4695.805999679999,4946.532246310021,4930.920857394893,98.13714285714278
2026.02.09 08:00,5035.98,5045.54,4997.01,5007.57,4716.8884396992,4958.739797048017,4937.888961268083,95.3221428571428
2026.02.09 12:00,5007.68,5024.52,4982.16,5006.9,4736.705933317247,4968.371837638414,4944.162692061894,86.0157142857143
2026.02.09 16:00,5006.86,5080.28,5002.15,5046.3,4755.334377318212,4983.957470110731,4953.447901874449,84.88642857142855
2026.02.09 20:00,5046.17,5086.22,5044.21,5058.41,4781.330027132755,4998.847976088585,4962.989910794953,81.28714285714281
2026.02.10 00:00,5059.97,5076.07,4987.69,5032.76,4811.81902441948,5005.630380870868,4969.33264617723,80.04071428571426
2026.02.10 04:00,5032.74,5056.07,5011.3,5039.08,4839.259121977532,5012.320304696695,4975.6733147065725,75.02142857142852
2026.02.10 08:00,5039.0,5063.17,5018.55,5046.79,4863.955209779779,5019.214243757356,4982.138467915066,68.1157142857142
2026.02.10 12:00,5046.81,5058.41,5019.68,5050.86,4886.181688801801,5025.543395005884,4988.385879922787,61.120714285714186
2026.02.10 16:00,5050.9,5078.47,4998.83,5026.17,4906.185519921621,5025.668716004708,4991.8207999298065,61.24785714285709
2026.02.10 20:00,5026.19,5045.27,5004.64,5025.21,4924.188967929459,5025.576972803767,4994.85618175437,57.97142857142853
2026.02.11 00:00,5026.24,5054.6,5025.34,5052.5,4940.392071136514,5030.961578243014,5000.096528867609,54.77500000000003
2026.02.11 04:00,5052.49,5063.84,5032.5,5052.75,4954.974864022863,5035.319262594411,5004.883208061462,54.539285714285725
2026.02.11 08:00,5052.76,5071.85,5045.7,5062.6,4968.099377620577,5040.775410075529,5010.130189146783,50.49857142857146
2026.02.11 12:00,5062.68,5118.96,5018.56,5065.64,4979.911439858519,5045.748328060424,5015.176535587984,52.50571428571428
2026.02.11 16:00,5065.71,5098.89,5035.66,5091.53,4996.597267075496,5054.904662448339,5022.11775962544,53.55571428571433
2026.02.11 20:00,5091.38,5094.13,5066.62,5084.25,5011.280795026437,5060.7737299586715,5027.766145114036,52.49500000000002
2026.02.12 00:00,5085.08,5099.92,5045.01,5063.45,5024.2022996232645,5061.308983966937,5031.010131921851,50.83642857142857
2026.02.12 04:00,5063.6,5078.28,5050.91,5075.46,5035.573223668473,5064.1391871735495,5035.0510290198645,49.79071428571426
2026.02.12 08:00,5075.48,5080.53,5046.97,5073.12,5045.01,5065.93534973884,5038.511844563513,45.87499999999993
2026.02.12 12:00,5073.11,5083.64,5048.63,5075.26,5046.97,5067.800279791072,5041.85258596683,45.17785714285712
2026.02.12 16:00,5075.25,5077.65,4878.5,4940.82,5118.96,5042.4042238328575,5032.667805424391,56.21571428571424
2026.02.12 20:00,4940.72,4957.9,4906.33,4921.49,5114.1508,5018.221379066286,5022.560732203992,57.13285714285711
2026.02.13 00:00,4923.54,4988.53,4887.33,4980.66,5109.437784000001,5010.709103253029,5018.751574730902,58.672857142857076
2026.02.13 04:00,4980.63,4997.21,4944.78,4946.23,5104.819028320001,4997.813282602423,5012.158704300819,59.51571428571423
2026.02.13 08:00,4946.32,4989.33,4945.85,4970.14,5100.292647753601,4992.2786260819385,5008.338822091653,60.52214285714275
2026.02.13 12:00,4970.13,4999.45,4933.68,4986.85,5095.856794798529,4991.192900865551,5006.385292810594,62.98142857142842
2026.02.13 16:00,4986.89,5033.74,4964.09,5020.87,5091.509658902559,4997.128320692441,5007.702084373267,66.08857142857121
2026.02.13 20:00,5020.88,5045.91,5015.44,5041.88,5087.249465724508,5006.078656553953,5010.80916761206,61.09357142857126
2026.02.16 00:00,5029.04,5052.14,4999.95,5028.81,5083.074476410018,5010.624925243163,5012.445606920054,60.304999999999836
2026.02.16 04:00,5028.84,5031.18,4965.17,4990.57,5078.982986881818,5006.61394019453,5010.4569153818675,63.054999999999836
2026.02.16 08:00,4990.62,5017.1,4984.89,5013.34,5074.973327144182,5007.959152155624,5010.719013983516,61.43357142857128
2026.02.16 12:00,5013.28,5017.11,4989.54,4997.1,5071.043860601299,5005.7873217245,5009.480921803196,61.447857142856975
2026.02.16 16:00,4997.11,4999.39,4968.91,4991.53,5067.192983389273,5002.9358573796,5007.8490198210875,61.22785714285705
2026.02.16 20:00,4991.57,4997.57,4988.59,4991.64,5063.419123721487,5000.676685903681,5006.375472564625,59.368571428571286
2026.02.17 00:00,4995.58,5000.87,4922.82,4957.73,5059.720741247058,4992.087348722945,5001.953156876932,50.71857142857132
2026.02.17 04:00,4957.68,4970.95,4858.98,4888.62,5056.096326422116,4971.393878978356,4991.650142615393,55.032857142857075
2026.02.17 08:00,4888.64,4932.45,4886.39,4925.83,5048.211673365232,4962.281103182685,4985.666493286721,51.094285714285625
2026.02.17 12:00,4925.82,4944.21,4870.0,4870.68,5040.642406430623,4943.960882546148,4975.213175715201,52.64999999999989
2026.02.17 16:00,4870.54,4906.95,4841.63,4864.99,5033.375910173398,4928.166706036918,4965.192887013819,54.2099999999999
2026.02.17 20:00,4865.05,4910.2,4862.4,4877.12,5021.871155562993,4917.9573648295345,4957.186260921653,52.92642857142852
2026.02.18 00:00,4865.96,4892.9,4854.1,4889.89,5011.0566862292135,4912.343891863628,4951.068419019684,50.72285714285706
2026.02.18 04:00,4889.8,4940.2,4886.41,4933.23,5000.89108505546,4916.521113490903,4949.446744563349,52.388571428571325
2026.02.18 08:00,4933.22,4942.09,4912.87,4917.17,4991.335419952133,4916.650890792723,4946.51249505759,50.74785714285702
2026.02.18 12:00,4917.18,4969.03,4906.27,4954.25,4982.353094755004,4924.170712634179,4947.21590459781,50.5157142857141
2026.02.18 16:00,4954.32,5010.75,4952.21,4999.1,4841.63,4939.156570107343,4951.932640543463,52.39642857142838
2026.02.18 20:00,4999.09,5003.1,4972.83,4977.07,4845.0124000000005,4946.739256085874,4954.217855039512,52.58928571428557
2026.02.19 00:00,4975.34,4988.67,4958.62,4972.96,4848.327152000001,4951.9834048687,4955.921686399556,52.55857142857127
2026.02.19 04:00,4972.94,4998.46,4965.62,4996.8,4851.575608960001,4960.94672389496,4959.637896726869,54.26285714285702
2026.02.19 08:00,4996.75,5021.83,4993.03,4995.55,4854.759096780801,4967.867379115968,4962.902633388063,50.74499999999988
2026.02.19 12:00,4995.54,4998.28,4973.62,4996.89,4861.441932909569,4973.671903292775,4965.992393989149,44.50857142857128
2026.02.19 16:00,4996.76,5022.14,4963.3,4984.71,4867.857455593186,4975.87952263422,4967.69399453559,45.42142857142847
2026.02.19 20:00,4984.93,5004.01,4975.19,4995.98,4877.114408257596,4979.899618107376,4970.265449577809,42.179285714285655
2026.02.20 00:00,4996.51,5014.63,4985.25,4996.83,4885.81594376214,4983.285694485901,4972.680408707099,39.61214285714283
2026.02.20 04:00,4996.97,5011.81,4981.61,5011.8,4893.995387136411,4988.988555588721,4976.236735188271,38.35500000000001
2026.02.20 08:00,5012.04,5042.44,5004.91,5027.54,4901.684063908227,4996.698844470977,4980.900668352974,38.26428571428576
2026.02.20 12:00,5027.59,5048.78,5006.92,5043.44,4912.944538795568,5006.047075576782,4986.586062139067,37.41214285714288
2026.02.20 16:00,5043.45,5076.19,4989.07,5072.85,4926.528084916012,5019.407660461426,4994.428238308242,41.54785714285714
2026.02.20 20:00,5072.86,5107.3,5054.04,5105.25,4944.48751472609,5036.576128369141,5004.502943916583,40.86928571428577
2026.02.23 00:00,5106.34,5171.78,5098.42,5157.24,4967.281262664437,5060.708902695313,5018.3881308332575,41.92785714285718
2026.02.23 04:00,5157.11,5176.46,5151.81,5158.08,5000.0010606381275,5080.183122156251,5031.087391666598,41.526428571428546
2026.02.23 08:00,5158.09,5161.37,5122.07,5149.39,5031.763669723265,5094.024497725,5041.842174242362,42.18714285714283
2026.02.23 12:00,5149.44,5165.31,5143.55,5146.15,5057.809009173077,5104.44959818,5051.324703856692,41.39571428571426
2026.02.23 16:00,5146.14,5219.05,5141.41,5207.79,5079.166187521923,5125.117678544,5065.548821687902,44.8842857142857
2026.02.23 20:00,5207.85,5237.7,5200.9,5227.61,5107.142950017539,5145.616142835201,5080.28165607991,45.75142857142858
2026.02.24 00:00,5226.82,5249.5,5145.02,5177.12,5133.254360014032,5151.91691426816,5089.085141890828,49.01142857142854
2026.02.24 04:00,5177.32,5191.86,5161.07,5182.57,5145.02,5158.047531414529,5097.583765355297,49.15214285714278
2026.02.24 08:00,5182.61,5184.69,5156.37,5171.27,5145.02,5160.692025131623,5104.282513959361,49.076428571428465
2026.02.24 12:00,5171.26,5181.26,5110.96,5114.82,5249.5,5151.517620105299,5105.240467235782,51.940714285714144
2026.02.24 16:00,5114.79,5163.65,5093.37,5163.6,5246.7292,5153.93409608424,5110.545879305256,54.27999999999986
2026.02.24 20:00,5163.6,5173.1,5140.12,5143.79,5240.594832,5151.905276867392,5113.568072095686,53.6457142857142
2026.02.25 00:00,5143.11,5189.81,5121.9,5176.61,5234.7058387199995,5156.846221493914,5119.299156450624,52.2735714285714
2026.02.25 04:00,5176.63,5210.46,5166.35,5201.66,5229.052405171199,5165.808977195132,5126.786505864203,51.61999999999993
2026.02.25 08:00,5201.68,5201.72,5176.42,5193.12,5223.625108964351,5171.271181756106,5132.8168235129115,48.187142857142824
2026.02.25 12:00,5193.23,5195.13,5155.04,5184.99,5218.414904605777,5174.014945404884,5137.559839557192,49.290000000000006
2026.02.25 16:00,5184.75,5217.45,5158.75,5206.76,5093.37,5180.563956323907,5143.8507632338105,50.675714285714264
2026.02.25 20:00,5206.75,5208.27,5146.02,5164.65,5095.8516,5177.381165059126,5145.741602939828,53.56785714285711
2026.02.26 00:00,5159.45,5198.19,5155.34,5191.33,5098.283568,5180.170932047301,5149.886002672571,51.082857142857044
2026.02.26 04:00,5191.34,5205.43,5174.06,5198.14,5100.66689664,5183.764745637841,5154.272729702337,50.69499999999988
2026.02.26 08:00,5198.2,5199.48,5167.73,5186.18,5103.0025587072005,5184.247796510273,5157.173390638488,45.49999999999991
2026.02.26 12:00,5186.2,5189.95,5157.64,5166.17,5105.291507533057,5180.632237208219,5157.991264216807,45.6085714285713
2026.02.26 16:00,5165.92,5192.66,5130.15,5167.12,5107.534677382396,5177.929789766575,5158.821149288006,48.05071428571419
2026.02.26 20:00,5167.19,5200.9,5160.26,5185.01,5109.732983834748,5179.345831813261,5161.201953898188,45.93214285714271
2026.02.27 00:00,5183.93,5194.86,5166.75,5193.87,5111.887324158053,5182.250665450609,5164.17177627108,42.919999999999845
2026.02.27 04:00,5193.86,5200.35,5173.38,5197.72,5113.998577674892,5185.344532360487,5167.221614791891,42.49071428571411
2026.02.27 08:00,5197.73,5199.04,5172.09,5175.81,5116.0676061213935,5183.43762588839,5168.002377083537,39.564999999999756
2026.02.27 12:00,5175.86,5240.47,5168.61,5222.94,5118.095253998966,5191.338100710712,5172.996706439579,41.54714285714268
2026.02.27 16:00,5222.67,5257.65,5213.75,5234.56,5122.990243839007,5199.98248056857,5178.593369490526,42.87571428571407
2026.02.27 20:00,5234.5,5280.63,5222.46,5278.53,5131.069829208667,5215.6919844548565,5187.67851771866,44.167142857142636
2026.03.02 00:00,5300.13,5393.28,5300.13,5324.86,5143.034642871974,5237.525587563885,5200.149561562419,48.17071428571408
2026.03.02 04:00,5324.8,5366.97,5316.85,5366.05,5168.059178584776,5263.230470051109,5215.231419602199,47.3042857142855
2026.03.02 08:00,5366.01,5419.09,5363.56,5391.9,5190.581260726299,5288.964376040887,5231.292199638363,48.2099999999998
2026.03.02 12:00,5392.0,5416.65,5375.1,5393.78,5218.002309439143,5309.92750083271,5246.063817853057,48.93714285714262
2026.03.02 16:00,5393.77,5395.03,5260.28,5306.55,5242.132832306445,5309.252000666169,5251.562561684597,56.29428571428547
2026.03.02 20:00,5306.63,5346.31,5289.49,5321.73,5260.28,5311.7476005329345,5257.94141971327,58.04499999999984
2026.03.03 00:00,5322.98,5379.73,5322.49,5339.1,5260.28,5317.218080426347,5265.319472466609,57.72285714285697
2026.03.03 04:00,5339.32,5375.53,5305.08,5318.92,5279.3372,5317.5584643410775,5270.192247696918,59.85214285714271
2026.03.03 08:00,5319.02,5335.75,5226.16,5274.91,5419.09,5309.028771472862,5270.621134269924,65.67214285714275
2026.03.03 12:00,5274.81,5288.02,5074.44,5156.69,5415.231400000001,5278.561017178289,5260.263758427203,79.0014285714285
2026.03.03 16:00,5156.61,5175.34,4995.97,5079.04,5401.599744,5238.656813742631,5243.788871297457,89.88857142857137
2026.03.03 20:00,5079.03,5148.79,5078.92,5088.22,5377.26195936,5208.569450994105,5229.646246634052,89.74642857142847
2026.03.04 00:00,5101.53,5178.27,5083.76,5174.75,5354.3844417984,5201.805560795284,5224.6556787582285,93.3614285714285
2026.03.04 04:00,5174.77,5190.65,5141.14,5159.76,5332.879575290496,5193.396448636227,5218.756071598389,92.74285714285702
2026.03.04 08:00,5159.75,5184.89,5121.26,5182.09,5312.665000773067,5191.135158908982,5215.422792362171,89.09142857142845
2026.03.04 12:00,5182.14,5205.87,5156.21,5167.76,5293.663300726683,5186.460127127185,5211.0898112383375,89.05857142857131
2026.03.04 16:00,5167.77,5184.95,5120.09,5140.93,5275.801702683082,5177.354101701748,5204.711646580307,89.72499999999988
2026.03.04 20:00,5140.82,5146.56,5108.94,5141.16,5259.0118005220975,5170.115281361398,5198.934224163915,89.4442857142857
2026.03.05 00:00,5146.15,5186.16,5144.51,5172.48,5243.2292924907715,5170.588225089119,5196.529294694468,83.0335714285714
2026.03.05 04:00,5172.49,5194.83,5148.21,5148.44,5228.393734941325,5166.158580071296,5192.157540631335,82.30499999999992
2026.03.05 08:00,5148.47,5180.32,5120.7,5160.8,5214.448310844846,5165.086864057036,5189.306855119396,82.4207142857142
2026.03.05 12:00,5160.79,5171.3,5083.72,5117.88,5201.339612194155,5155.645491245629,5182.813504653996,83.64428571428563
2026.03.05 16:00,5117.9,5129.73,5054.08,5062.78,5189.017435462506,5137.072392996503,5171.901367867269,81.21999999999989
2026.03.05 20:00,5062.62,5094.51,5050.74,5080.82,5177.434589334755,5125.821914397203,5163.621243515699,69.09071428571414
2026.03.06 00:00,5082.76,5143.6,5066.16,5134.51,5166.54671397467,5127.5595315177625,5160.9747668324535,61.8099999999999
2026.03.06 04:00,5134.34,5141.36,5113.91,5117.09,5156.31211113619,5125.4656252142095,5156.985242574957,58.779999999999895
2026.03.06 08:00,5117.25,5122.89,5083.3,5085.56,5146.691584468018,5117.4845001713675,5150.492038704506,54.85714285714275
2026.03.06 12:00,5085.57,5130.61,5062.66,5085.01,5141.36,5110.989600137094,5144.5391260950055,56.17428571428564
2026.03.06 16:00,5084.99,5171.49,5080.85,5140.56,4995.97,5116.903680109676,5144.1773873590955,58.1035714285713
2026.03.06 20:00,5140.58,5175.57,5138.52,5173.16,4999.4804,5128.154944087741,5146.81217032645,57.20285714285697
2026.03.09 00:00,5179.08,5198.81,5014.65,5069.97,5006.523984,5116.517955270192,5139.8265184785905,65.72428571428561
2026.03.09 04:00,5070.07,5140.28,5055.43,5124.11,5014.65,5118.036364216154,5138.397744071446,69.09785714285695
2026.03.09 08:00,5123.96,5133.82,5086.82,5105.07,5014.65,5115.443091372923,5135.3679491558605,69.24071428571409
2026.03.09 12:00,5105.05,5111.98,5067.18,5074.0,5025.6996,5107.154473098339,5129.789044687145,69.11071428571405
2026.03.09 16:00,5073.72,5115.92,5061.0,5095.92,5036.086224,5104.907578478671,5126.710040624677,68.77499999999978
2026.03.09 20:00,5095.91,5147.89,5092.34,5136.55,5045.84965056,5111.236062782938,5127.60458238607,66.48714285714266
2026.03.10 00:00,5140.37,5186.08,5117.52,5184.18,5055.0272715264,5125.8248502263505,5132.747802169155,65.98071428571407
2026.03.10 04:00,5184.17,5186.88,5154.25,5177.89,5063.654235234816,5136.237880181081,5136.851638335595,65.18499999999976
2026.03.10 08:00,5177.98,5195.02,5158.39,5182.33,5071.763581120727,5145.4563041448655,5140.986034850541,62.26999999999973
2026.03.10 12:00,5182.3,5228.55,5156.35,5205.26,5079.386366253484,5157.417043315892,5146.829122591401,65.46642857142831
2026.03.10 16:00,5205.25,5238.41,5185.28,5227.51,5091.319456953205,5171.435634652715,5154.163747810364,66.43357142857117
2026.03.10 20:00,5227.53,5227.88,5160.33,5192.67,5106.028511257885,5175.682507722172,5157.66431619124,66.40499999999977
2026.03.11 00:00,5186.89,5222.93,5183.08,5208.4,5119.266660132096,5182.226006177738,5162.276651082944,62.7771428571427
2026.03.11 04:00,5208.39,5220.42,5190.4,5199.5,5131.180994118887,5185.68080494219,5165.660591893586,62.27499999999993
2026.03.11 08:00,5199.51,5210.74,5175.44,5187.57,5141.9038947069985,5186.058643953752,5167.652356266896,51.642142857142744
2026.03.11 12:00,5187.56,5196.74,5149.09,5176.74,5238.41,5184.1949151630015,5168.478505697178,48.9849999999999
2026.03.11 16:00,5176.71,5196.22,5154.69,5169.65,5236.6236,5181.285932130401,5168.585005179252,48.59428571428566
2026.03.11 20:00,5169.63,5183.42,5169.06,5175.9,5234.872928,5180.208745704322,5169.250004708411,46.41999999999997
2026.03.12 00:00,5178.84,5183.38,5125.6,5168.44,5233.15726944,5177.8549965634575,5169.176367916738,46.62428571428566
2026.03.12 04:00,5168.36,5175.0,5137.07,5154.4,5228.8549786624,5173.163997250766,5167.833061742489,45.36571428571424
2026.03.12 08:00,5154.41,5190.18,5147.12,5188.08,5224.724779515904,5176.147197800613,5169.673692493172,43.544285714285735
2026.03.12 12:00,5188.07,5191.57,5145.95,5151.04,5220.759788335267,5171.1257582404905,5167.9797204483375,44.47214285714286
2026.03.12 16:00,5151.01,5163.5,5102.39,5105.13,5216.953396801857,5157.926606592392,5162.266109498488,46.22071428571426
2026.03.12 20:00,5105.08,5112.41,5054.93,5078.93,5210.079592993746,5142.127285273914,5154.69009954408,45.16928571428567
2026.03.13 00:00,5080.2,5124.17,5072.34,5124.11,5197.667625554246,5138.523828219131,5151.910090494618,45.076428571428515
2026.03.13 04:00,5124.06,5128.38,5098.24,5102.93,5186.248615509907,5131.405062575305,5147.457354995107,42.40428571428567
2026.03.13 08:00,5103.0,5107.6,5061.3,5089.45,5175.743126269114,5123.014050060245,5142.183959086461,42.864999999999945
2026.03.13 12:00,5089.48,5121.56,5079.84,5101.37,5166.078076167585,5118.685240048197,5138.47359916951,43.70071428571422
2026.03.13 16:00,5101.38,5107.73,5018.86,5046.23,5157.186230074179,5104.194192038557,5130.087817426826,47.52714285714277
2026.03.13 20:00,5046.27,5051.54,5009.49,5020.22,5143.353607066761,5087.399353630846,5120.099834024388,47.12714285714281
2026.03.16 00:00,5005.77,5030.79,4967.14,5015.82,5127.289974218749,5073.083482904677,5110.619849113079,48.707142857142735
2026.03.16 04:00,5015.81,5025.98,4997.66,5017.3,5104.868977828124,5061.926786323742,5102.136226466436,49.7042857142856
2026.03.16 08:00,5017.25,5035.85,4972.64,4975.18,5085.586920932186,5044.577429058994,5090.594751333124,50.09214285714276
2026.03.16 12:00,4975.17,5034.22,4969.94,5029.6,5069.004352001681,5041.581943247196,5085.049773939203,51.97428571428564
2026.03.16 16:00,5029.61,5037.82,4973.89,4991.12,5054.7433427214455,5031.489554597757,5076.510703581093,53.464999999999854
2026.03.16 20:00,4991.11,5021.43,4989.86,5006.15,5042.478874740443,5026.421643678205,5070.114275982812,52.46142857142848
2026.03.17 00:00,5007.63,5027.67,4994.64,5027.67,5037.82,5026.671314942564,5066.25570543892,50.455714285714194
2026.03.17 04:00,5027.61,5044.26,5019.76,5020.54,4967.14,5025.445051954051,5062.0997322172,48.09999999999994
2026.03.17 08:00,5020.59,5029.45,5005.04,5010.31,4968.682400000001,5022.418041563242,5057.391574742908,46.141428571428506
2026.03.17 12:00,5010.22,5031.29,4991.71,5016.42,4970.1939520000005,5021.218433250593,5053.666886129917,46.81571428571419
2026.03.17 16:00,5016.4,5020.36,4973.39,5002.32,4971.67527296,5017.438746600475,5048.9989873908335,46.86357142857128
2026.03.17 20:00,5002.33,5008.9,4996.28,5005.41,4973.126967500801,5015.03299728038,5045.036352173484,44.78499999999982
2026.03.18 00:00,5005.77,5015.77,4991.18,4998.5,4973.39,5011.7263978243045,5040.805774703167,40.19357142857127
2026.03.18 04:00,4998.53,5006.82,4981.56,4997.56,4974.807400000001,5008.893118259443,5036.874340639242,38.99428571428549
2026.03.18 08:00,4997.53,5016.06,4977.13,4991.97,4976.196452000001,5005.508494607555,5032.792127853856,37.22857142857125
2026.03.18 12:00,4992.0,4992.05,4834.05,4878.0,5044.26,4980.006795686044,5018.720116230777,46.491428571428415
2026.03.18 16:00,4877.97,4898.74,4856.43,4890.58,5040.0558,4962.121436548836,5007.071014755252,44.99857142857123
2026.03.18 20:00,4890.07,4899.15,4806.63,4818.68,5035.935684,4933.433149239069,4989.94455886841,47.01571428571401
2026.03.19 00:00,4824.26,4866.9,4804.1,4849.8,5026.76345664,4916.706519391256,4977.2041444258275,46.93499999999972
2026.03.19 04:00,4849.78,4865.86,4826.83,4827.33,5013.4036492416,4898.831215513005,4963.579222205298,47.4678571428568
2026.03.19 08:00,4827.32,4841.93,4686.63,4698.77,5000.845430287104,4858.818972410404,4939.50565655027,56.20142857142826
2026.03.19 12:00,4698.78,4719.57,4502.46,4620.73,4975.708195864136,4811.201177928323,4910.526051409336,69.95928571428539
2026.03.19 16:00,4620.75,4649.06,4566.16,4615.95,4928.383376277722,4772.150942342659,4883.746410372123,74.13714285714258
2026.03.19 20:00,4615.96,4663.24,4596.14,4650.19,4885.79103864995,4747.758753874127,4862.514009429202,76.10285714285683
2026.03.20 00:00,4650.89,4699.21,4633.97,4677.23,4847.457934784955,4733.653003099302,4845.670008572001,77.40785714285687
2026.03.20 04:00,4677.15,4735.57,4670.17,4688.22,4812.95814130646,4724.566402479441,4831.356371429092,81.17785714285685
2026.03.20 08:00,4688.24,4734.68,4659.8,4667.48,4781.908327175814,4713.149121983553,4816.458519480992,84.76999999999971
2026.03.20 12:00,4667.49,4695.35,4612.64,4616.25,4753.963494458232,4693.769297586843,4798.25774498272,88.8735714285712
2026.03.20 16:00,4616.23,4622.29,4540.43,4573.27,4734.68,4669.669438069475,4777.804313620655,91.93999999999973
2026.03.20 20:00,4573.34,4578.26,4477.13,4497.39,4711.4580000000005,4635.213550455581,4752.312103291505,87.87785714285688
2026.03.23 00:00,4448.11,4535.46,4319.51,4387.42,4683.338640000001,4585.654840364465,4719.140093901367,100.28071428571405
2026.03.23 04:00,4388.01,4421.86,4302.34,4310.07,4632.402630400001,4530.537872291572,4681.951903546698,102.20928571428549
2026.03.23 08:00,4309.91,4310.08,4098.6,4253.44,4579.592609536001,4475.118297833258,4642.996275951544,112.8292857142855
2026.03.23 12:00,4253.78,4492.26,4240.85,4453.94,4493.013939819521,4470.882638266607,4625.80934177413,127.9992857142855
2026.03.23 16:00,4453.88,4512.73,4351.04,4426.07,4098.6,4461.920110613286,4607.651219794663,128.45571428571404
2026.03.23 20:00,4426.04,4466.81,4382.74,4406.65,4106.8826,4450.866088490629,4589.378381631512,118.95285714285696
2026.03.24 00:00,4413.78,4448.15,4308.04,4321.94,4114.999548,4425.080870792503,4565.0658014831915,123.03928571428547
2026.03.24 04:00,4321.95,4379.09,4305.8,4347.18,4122.95415704,4409.500696634002,4545.258001348356,123.48142857142837
2026.03.24 08:00,4347.09,4432.41,4342.71,4426.16,4130.7496738991995,4412.8325573072025,4534.430910316686,125.22857142857123
2026.03.24 12:00,4426.2,4441.89,4351.26,4381.32,4138.3892804212155,4406.530045845762,4520.511736651532,127.03071428571413
2026.03.24 16:00,4381.3,4433.52,4372.11,4388.34,4145.876094812791,4402.89203667661,4508.496124228665,126.06857142857132
2026.03.24 20:00,4388.41,4484.09,4383.86,4474.3,4153.213172916535,4417.173629341288,4505.387385662422,127.31999999999992
2026.03.25 00:00,4471.88,4600.92,4455.77,4594.82,4160.403509458204,4452.70290347303,4513.517623329475,131.8407142857142
2026.03.25 04:00,4594.87,4602.2,4549.37,4555.55,4178.024169079876,4473.2723227784245,4517.338748481341,128.39071428571418
2026.03.25 08:00,4555.51,4567.64,4527.67,4551.65,4203.474718935083,4488.94785822274,4520.457953164855,115.82071428571422
2026.03.25 12:00,4551.64,4585.81,4521.61,4544.64,4227.398235798978,4500.086286578193,4522.656321058959,111.86928571428574
2026.03.25 16:00,4544.74,4579.05,4524.88,4550.58,4249.886341651039,4510.185029262555,4525.194837326327,100.6328571428572
2026.03.25 20:00,4550.51,4568.72,4486.99,4506.31,4271.025161151977,4509.410023410044,4523.478033933024,88.51285714285724
2026.03.26 00:00,4510.74,4543.86,4488.88,4535.2,4290.895651482859,4514.568018728036,4524.543667211839,80.89071428571438
2026.03.26 04:00,4535.29,4535.58,4438.5,4438.71,4309.573912393887,4499.396414982429,4516.740606556217,81.82000000000005
2026.03.26 08:00,4438.76,4463.6,4412.32,4423.61,4327.131477650254,4484.2391319859435,4508.274187778379,75.47500000000012
2026.03.26 12:00,4423.6,4460.43,4416.42,4452.46,4343.635588991238,4477.883305588755,4503.200170707617,73.38357142857157
2026.03.26 16:00,4452.5,4479.18,4366.67,4381.43,4359.149453651764,4458.592644471005,4492.130155188743,75.01285714285731
2026.03.26 20:00,4381.35,4420.55,4350.91,4377.98,4602.2,4442.470115576803,4481.752868353402,73.51357142857161
2026.03.27 00:00,4378.21,4420.47,4375.15,4417.03,4597.1741999999995,4437.382092461443,4475.868971230365,72.36428571428588
2026.03.27 04:00,4417.08,4475.23,4416.77,4454.28,4592.248916,4440.761673969155,4473.90633748215,69.38071428571436
2026.03.27 08:00,4454.22,4472.76,4420.67,4428.79,4587.42213768,4438.367339175324,4469.8048522564995,62.733571428571544
2026.03.27 12:00,4428.78,4445.02,4404.23,4431.32,4582.6918949264,4436.957871340259,4466.30622932409,61.87357142857161
2026.03.27 16:00,4430.95,4555.22,4430.33,4486.31,4578.056257027872,4446.8282970722075,4468.124753930991,67.9392857142859
2026.03.27 20:00,4486.5,4528.52,4486.39,4495.1,4573.513331887314,4456.482637657767,4470.577049028173,66.36857142857157
2026.03.30 00:00,4492.98,4513.76,4419.53,4432.09,4569.061265249567,4451.6041101262135,4467.078226389248,69.23000000000017
2026.03.30 04:00,4432.05,4517.23,4431.6,4496.57,4564.698239944576,4460.597288100971,4469.759296717498,69.50857142857151
2026.03.30 08:00,4496.6,4550.5,4496.6,4538.1,4560.422475145684,4476.097830480777,4475.972087924998,69.43357142857157
2026.03.30 12:00,4538.16,4580.53,4523.47,4569.29,4350.91,4494.736264384622,4484.455534477271,66.5750000000001
2026.03.30 16:00,4569.31,4578.62,4512.35,4539.61,4355.5024,4503.711011507698,4489.469576797518,67.6457142857143
2026.03.30 20:00,4539.48,4542.09,4492.84,4510.86,4360.002952000001,4505.140809206158,4491.414160725017,68.02000000000001
2026.03.31 00:00,4513.91,4548.11,4482.57,4547.62,4364.41349296,4513.636647364927,4496.523782477288,64.66499999999999
2026.03.31 04:00,4547.22,4619.29,4531.78,4564.53,4368.7358231008,4523.815317891942,4502.706165888443,65.94142857142856
2026.03.31 08:00,4564.27,4581.51,4543.56,4568.37,4378.7579901767685,4532.726254313554,4508.67560535313,65.41499999999994
2026.03.31 12:00,4568.39,4597.43,4529.31,4574.62,4388.379270569698,4541.1050034508435,4514.670550321027,66.10499999999999
2026.03.31 16:00,4574.64,4651.52,4567.61,4638.05,4397.61569974691,4560.494002760674,4525.886863928206,68.37785714285718
2026.03.31 20:00,4638.04,4686.93,4636.23,4667.1,4412.849957762095,4581.81520220854,4538.724421752915,69.08571428571432
2026.04.01 00:00,4671.3,4722.36,4661.52,4710.69,4434.776361141127,4607.590161766832,4554.357656139013,64.51071428571424
2026.04.01 04:00,4710.69,4724.07,4666.93,4676.21,4463.534725027014,4621.314129413466,4565.435141944557,65.57714285714277
2026.04.01 08:00,4676.22,4747.63,4674.7,4728.46,4494.798958023773,4642.743303530773,4580.25558358596,64.05571428571419
2026.04.01 12:00,4728.48,4762.85,4712.98,4724.51,4530.195303900445,4659.096642824619,4593.369621441781,61.50142857142859
2026.04.01 16:00,4724.6,4790.55,4716.12,4787.09,4567.420055276373,4684.695314259696,4610.980564947074,62.965714285714306
2026.04.01 20:00,4786.9,4792.83,4741.88,4758.03,4607.583445326626,4699.362251407757,4624.34869540643,62.529285714285756
2026.04.02 00:00,4758.02,4800.13,4752.68,4784.43,4644.6327562613005,4716.375801126206,4638.901541278573,61.18500000000006
2026.04.02 04:00,4784.44,4786.38,4650.94,4672.44,4800.13,4707.588640900965,4641.95049207143,67.34142857142866
2026.04.02 08:00,4672.45,4680.44,4553.59,4620.66,4800.13,4690.2029127207725,4640.014992792209,71.72071428571434
2026.04.02 12:00,4620.64,4634.89,4592.56,4601.73,4790.2684,4672.508330176618,4636.5345389020085,68.49357142857146
2026.04.02 16:00,4601.79,4699.23,4580.69,4658.88,4780.801264,4669.782664141295,4638.565944456372,74.25000000000004
2026.04.02 20:00,4658.93,4681.61,4645.65,4675.94,4771.71281344,4671.014131313036,4641.963585869429,71.9528571428572
2026.04.06 00:00,4648.57,4665.62,4600.72,4622.2,4762.9879009024,4661.2513050504285,4640.166896244935,71.33214285714281
2026.04.06 04:00,4622.42,4671.78,4620.37,4658.85,4754.611984866304,4660.771044040343,4641.865360222668,71.38285714285703
2026.04.06 08:00,4658.86,4698.0,4643.6,4695.63,4746.571105471652,4667.742835232275,4646.75305474788,70.92285714285707
2026.04.06 12:00,4695.83,4706.46,4659.64,4675.71,4738.851861252786,4669.33626818582,4649.385504316255,70.18571428571423
2026.04.06 16:00,4675.71,4697.47,4651.94,4660.22,4731.441386802675,4667.513014548656,4650.370458469322,68.2285714285714
2026.04.06 20:00,4660.24,4666.42,4645.39,4650.31,4724.327331330568,4664.072411638926,4650.364962244838,66.16857142857133
2026.04.07 00:00,4651.18,4668.0,4648.88,4654.76,4717.4978380773455,4662.2099293111405,4650.764511131671,62.217857142857014
2026.04.07 04:00,4654.74,4664.31,4616.34,4659.52,4710.941524554251,4661.671943448913,4651.560464665155,62.0049999999999
2026.04.07 08:00,4660.27,4690.68,4622.96,4682.67,4704.6474635720815,4665.871554759131,4654.3886042410495,63.45285714285708
2026.04.07 12:00,4682.66,4694.4,4628.67,4651.48,4698.605165029198,4662.993243807305,4654.1241856736815,58.4735714285713
2026.04.07 16:00,4651.52,4668.56,4607.31,4656.93,4694.4,4661.780595045844,4654.379259703347,53.78785714285705
2026.04.07 20:00,4656.91,4718.44,4653.74,4705.48,4553.59,4670.520476036675,4659.024781548497,55.38571428571419
2026.04.08 00:00,4719.9,4857.5,4712.92,4817.69,4556.887,4699.95438082934,4673.4488923168155,57.77714285714279
2026.04.08 04:00,4817.68,4825.18,4787.88,4803.42,4568.91152,4720.647504663472,4685.264447560741,57.872857142857086
2026.04.08 08:00,4803.4,4843.65,4790.14,4793.68,4580.4550592,4735.254003730778,4695.120406873401,56.3221428571428
2026.04.08 12:00,4793.64,4807.04,4769.05,4799.49,4591.536856832,4748.101202984622,4704.608551703092,55.36357142857137
2026.04.08 16:00,4799.5,4806.54,4732.12,4760.37,4602.17538255872,4750.554962387698,4709.6777742755385,56.7935714285714
2026.04.08 20:00,4760.31,4764.25,4699.53,4719.13,4612.388367256372,4744.269969910159,4710.537067523216,58.072142857142865
2026.04.09 00:00,4719.67,4733.95,4698.58,4706.65,4622.1928325661165,4736.745975928127,4710.183697748378,57.346428571428525
2026.04.09 04:00,4706.36,4732.82,4699.42,4720.77,4631.605119263472,4733.550780742502,4711.146088862161,58.22999999999995
2026.04.09 08:00,4720.83,4732.98,4703.44,4726.11,4640.640914492933,4732.062624594002,4712.506444420146,58.974285714285664
2026.04.09 12:00,4726.06,4759.51,4722.8,4745.85,4649.315277913216,4734.820099675202,4715.537676745587,58.16999999999993
2026.04.09 16:00,4745.88,4800.94,4738.57,4788.69,4657.642666796687,4745.594079740162,4722.187887950534,57.78785714285705
2026.04.09 20:00,4788.74,4801.14,4760.82,4765.48,4665.63696012482,4749.57126379213,4726.123534500485,55.97285714285712
2026.04.10 00:00,4766.5,4780.33,4750.62,4762.62,4673.311481719827,4752.181011033704,4729.441395000441,53.719999999999985
2026.04.10 04:00,4762.64,4776.92,4737.89,4758.46,4680.679022451033,4753.436808826963,4732.0794500004,51.88642857142855
2026.04.10 08:00,4758.5,4769.04,4730.49,4740.57,4687.751861552992,4750.863447061571,4732.851318182182,43.781428571428535
2026.04.10 12:00,4740.62,4782.14,4740.52,4771.62,4694.541787090872,4755.014757649256,4736.375743801983,44.08999999999994
2026.04.10 16:00,4771.65,4794.98,4747.47,4763.67,4701.060115607237,4756.745806119406,4738.8570398199845,43.66142857142851
2026.04.10 20:00,4763.75,4773.12,4741.03,4749.21,4707.317710982948,4755.238644895525,4739.798218018168,43.23999999999997
2026.04.13 00:00,4690.26,4698.31,4643.71,4695.46,4857.5,4743.28291591642,4735.767470925607,45.45999999999996
2026.04.13 04:00,4694.66,4727.94,4693.62,4722.98,4853.2242,4739.222332733136,4734.604973568734,43.288571428571345
2026.04.13 08:00,4723.04,4739.88,4716.27,4723.18,4849.033915999999,4736.013866186509,4733.56633960794,42.44857142857133
2026.04.13 12:00,4723.17,4728.99,4703.51,4723.34,4844.9274376799995,4733.479092949207,4732.636672370854,41.882857142857034
2026.04.13 16:00,4723.26,4746.04,4700.19,4732.94,4840.9030889263995,4733.371274359366,4732.664247609868,43.04785714285706
2026.04.13 20:00,4732.95,4750.02,4723.15,4740.04,4836.959227147871,4734.705019487493,4733.334770554425,42.34499999999997
2026.04.14 00:00,4744.11,4775.61,4744.11,4769.81,4833.094242604914,4741.726015589995,4736.650700504022,40.430714285714245
2026.04.14 04:00,4769.79,4777.16,4761.64,4774.04,4829.306557752816,4748.188812471996,4740.049727730929,38.659285714285595
2026.04.14 08:00,4774.05,4796.17,4757.85,4786.74,4825.59462659776,4755.899049977597,4744.294297937208,39.27428571428557
2026.04.14 12:00,4786.86,4789.15,4752.23,4771.19,4821.9569340658045,4758.957239982078,4746.739361761098,39.1235714285713
2026.04.14 16:00,4771.21,4820.16,4770.94,4810.07,4643.71,4769.179791985663,4752.496692510089,39.885714285714165
2026.04.14 20:00,4810.04,4846.16,4809.36,4841.53,4647.2390000000005,4783.64983358853,4760.590629554626,39.54142857142847
2026.04.15 00:00,4840.29,4850.74,4827.15,4835.28,4655.19584,4793.975866870824,4767.380572322387,37.8328571428571
2026.04.15 04:00,4835.27,4871.17,4816.83,4824.88,4666.9284896,4800.156693496659,4772.607793020352,39.422142857142816
2026.04.15 08:00,4824.95,4830.19,4803.94,4818.35,4683.267810432,4803.7953547973275,4776.766175473047,33.76142857142853
2026.04.15 12:00,4818.32,4819.4,4786.08,4811.49,4698.29998559744,4805.334283837862,4779.922886793679,33.68999999999996
2026.04.15 16:00,4811.4,4830.38,4786.88,4803.76,4712.129586749646,4805.0194270702905,4782.089897085163,35.11071428571427
2026.04.15 20:00,4803.74,4808.61,4787.62,4790.56,4724.852819809674,4802.127541656233,4782.859906441057,34.790000000000006
2026.04.16 00:00,4792.78,4837.52,4790.76,4832.97,4736.5581942249,4808.296033324987,4787.4153694918705,34.869285714285695
2026.04.16 04:00,4832.89,4836.22,4811.17,4832.93,4747.327138686908,4813.22282665999,4791.553063174428,34.73928571428565
2026.04.16 08:00,4833.02,4838.2,4806.54,4813.73,4757.234567591956,4813.324261327992,4793.569148340389,34.459999999999944
2026.04.16 12:00,4813.71,4822.98,4804.98,4816.07,4766.349402184599,4813.873409062394,4795.614680309444,34.637142857142834
2026.04.16 16:00,4816.09,4823.86,4773.02,4791.77,4871.17,4809.452727249915,4795.265163917677,35.53142857142851
2026.04.16 20:00,4791.9,4798.44,4781.16,4790.57,4869.207,4805.676181799932,4794.838330834252,34.12857142857135
2026.04.17 00:00,4792.27,4801.06,4785.76,4794.75,4867.28326,4803.490945439946,4794.830300758411,31.7057142857142
2026.04.17 04:00,4794.74,4804.41,4767.56,4802.86,4865.397994800001,4803.364756351957,4795.560273416737,31.709285714285578
2026.04.17 08:00,4802.78,4806.11,4778.51,4795.71,4861.484475008,4801.8338050815655,4795.573884924306,31.9957142857141
2026.04.17 12:00,4795.7,4847.57,4782.12,4846.16,4857.72749600768,4810.699044065253,4800.172622658461,32.789285714285505
2026.04.17 16:00,4846.15,4889.24,4834.75,4866.82,4767.56,4821.923235252202,4806.231475144055,34.80642857142835
2026.04.17 20:00,4866.84,4869.45,4829.82,4832.88,4769.993600000001,4824.114588201762,4808.654068312777,35.25714285714266
2026.04.20 00:00,4792.25,4794.37,4736.73,4772.27,4889.24,4813.7456705614095,4805.346425738889,39.01785714285698
2026.04.20 04:00,4772.18,4814.22,4771.14,4788.79,4886.1898,4808.754536449128,4803.841296126262,40.59571428571414
2026.04.20 08:00,4788.73,4805.57,4779.55,4796.06,4883.200604,4806.215629159303,4803.13390556933,39.09999999999982
2026.04.20 12:00,4796.09,4822.01,4783.29,4803.24,4880.27119192,4805.620503327443,4803.143550517572,40.076428571428394
2026.04.20 16:00,4803.25,4827.47,4792.54,4805.45,4877.4003680816,4805.586402661955,4803.353227743247,40.30999999999985
2026.04.20 20:00,4805.59,4821.8,4803.72,4820.51,4874.586960719968,4808.571122129564,4804.912934312042,40.31571428571414
2026.04.21 00:00,4822.22,4833.08,4816.75,4823.9,4871.829821505569,4811.636897703652,4806.639031192765,37.85071428571418
2026.04.21 04:00,4823.84,4824.36,4788.61,4789.04,4869.127825075458,4807.117518162921,4805.03911926615,39.169999999999916
2026.04.21 08:00,4789.16,4796.93,4772.6,4785.82,4866.479868573949,4802.858014530338,4803.2919266055915,39.8149999999999
2026.04.21 12:00,4785.81,4797.87,4766.28,4778.64,4863.88487120247,4798.014411624271,4801.050842368719,39.43928571428566
2026.04.21 16:00,4778.59,4794.21,4708.12,4710.91,4861.34177377842,4780.593529299417,4792.8562203351985,43.61714285714285
2026.04.21 20:00,4710.98,4722.01,4668.29,4719.88,4855.212902827284,4768.450823439533,4786.222018486544,42.77928571428574
2026.04.22 00:00,4720.87,4747.32,4715.48,4739.77,4843.997528657646,4762.714658751627,4781.99910771504,41.16142857142862
2026.04.22 04:00,4739.76,4764.94,4735.88,4754.45,4833.455076938188,4761.061727001302,4779.494643377308,40.40642857142858
2026.04.22 08:00,4754.44,4772.12,4751.66,4756.84,4823.545172321897,4760.217381601042,4777.435130343007,34.99999999999997
2026.04.22 12:00,4756.86,4762.32,4742.77,4744.09,4814.229861982582,4756.991905280834,4774.403754857279,33.31928571428564
2026.04.22 16:00,4744.13,4760.78,4723.72,4728.5,4805.473470263628,4751.293524224667,4770.230686233889,34.107857142857064
2026.04.22 20:00,4728.51,4749.27,4728.38,4739.96,4797.2424620478105,4749.026819379734,4767.478805667172,32.83428571428564
2026.04.23 00:00,4741.69,4753.37,4693.89,4747.95,4789.5053143249415,4748.811455503787,4765.703459697429,34.58785714285702
2026.04.23 04:00,4747.62,4749.74,4698.04,4704.21,4782.232395465445,4739.8911644030295,4760.113145179481,36.98928571428558
2026.04.23 08:00,4704.15,4724.76,4692.46,4703.19,4775.395851737519,4732.5509315224235,4754.938313799527,38.12999999999988
2026.04.23 12:00,4703.16,4742.97,4684.13,4739.93,4768.969500633268,4734.026745217939,4753.573921635933,39.779285714285606
2026.04.23 16:00,4740.06,4741.11,4715.42,4732.86,4762.928730595271,4733.793396174351,4751.690837850849,39.87642857142844
2026.04.23 20:00,4732.92,4734.4,4664.08,4694.3,4757.250406759555,4725.8947169394805,4746.4734889553165,42.64285714285698
2026.04.24 00:00,4700.85,4707.71,4686.73,4704.45,4749.79677421879,4721.605773551585,4742.653171777561,37.99214285714272
2026.04.24 04:00,4704.46,4710.92,4657.5,4674.35,4742.939432281287,4712.1546188412685,4736.443792525055,37.97071428571413
2026.04.24 08:00,4674.39,4697.25,4666.68,4690.68,4734.395489053158,4707.859695073015,4732.283447750049,37.87999999999981
2026.04.24 12:00,4690.74,4717.29,4674.41,4700.54,4726.705940147842,4706.395756058412,4729.397679772772,38.86714285714271
2026.04.24 16:00,4700.88,4740.21,4689.62,4726.6,4657.5,4710.43660484673,4729.143345247974,41.01928571428557
2026.04.24 20:00,4726.6,4729.84,4704.79,4708.08,4659.1542,4709.9652838773845,4727.228495679977,41.41214285714278
2026.04.27 00:00,4697.46,4703.28,4671.94,4697.66,4660.775316,4707.504227101907,4724.540450618161,41.346428571428554
2026.04.27 04:00,4697.72,4729.8,4690.7,4724.79,4662.36400968,4710.961381681526,4724.563136925601,42.64714285714284
2026.04.27 08:00,4724.85,4725.3,4705.24,4706.65,4663.9209294864,4710.099105345222,4722.934669932364,39.83142857142861
2026.04.27 12:00,4706.67,4712.49,4696.67,4699.02,4665.446710896673,4707.883284276178,4720.760609029422,37.26857142857146
2026.04.27 16:00,4699.0,4703.28,4667.05,4676.48,4666.94197667874,4701.602627420943,4716.735099117656,37.5492857142857
2026.04.27 20:00,4676.54,4686.01,4668.11,4681.67,4667.05,4697.616101936755,4713.547362834232,34.625000000000014
2026.04.28 00:00,4683.58,4701.08,4682.23,4690.44,4667.05,4696.180881549404,4711.4466934856655,34.1764285714286
2026.04.28 04:00,4690.36,4691.3,4666.13,4667.49,4740.21,4690.442705239523,4707.4506304415145,30.95142857142863
2026.04.28 08:00,4667.53,4667.84,4614.72,4629.49,4738.7284,4678.252164191618,4700.363300401376,33.247142857142876
2026.04.28 12:00,4629.46,4629.84,4554.75,4593.63,4733.768064,4661.327731353294,4690.6602730921595,34.79500000000002
2026.04.28 16:00,4593.59,4594.74,4557.18,4592.1,4723.02698016,4647.482185082636,4681.7002482656,35.29428571428572
2026.04.28 20:00,4592.06,4601.3,4587.13,4596.93,4712.9303613504,4637.371748066109,4673.993862059636,33.243571428571435
2026.04.29 00:00,4597.78,4610.26,4587.83,4600.09,4703.439539669376,4629.9153984528875,4667.275329145123,31.232142857142875
2026.04.29 04:00,4600.1,4605.51,4575.55,4604.64,4694.518167289214,4624.86031876231,4661.581208313748,31.58285714285715
2026.04.29 08:00,4604.61,4607.55,4557.1,4573.01,4686.132077251861,4614.490255009849,4653.5292802852255,32.60499999999997
2026.04.29 12:00,4573.05,4580.71,4542.05,4544.78,4678.24915261675,4600.548204007879,4643.642982077477,32.57357142857136
2026.04.29 16:00,4544.94,4564.71,4510.0,4545.38,4667.35322040741,4589.514563206303,4634.709983706798,35.048571428571336
2026.04.29 20:00,4545.42,4554.37,4518.06,4543.4,4651.617898366669,4580.291650565043,4626.409076097089,36.51214285714275
2026.04.30 00:00,4545.38,4574.07,4539.22,4569.76,4637.456108530002,4578.185320452035,4621.259160088262,36.41357142857131
2026.04.30 04:00,4569.72,4582.38,4540.86,4541.87,4624.7104976770015,4570.922256361628,4614.041963716602,38.10071428571416
2026.04.30 08:00,4541.85,4629.48,4541.71,4616.13,4510.0,4579.963805089302,4614.231785196911,42.98357142857128
2026.04.30 12:00,4616.25,4646.91,4614.26,4639.41,4512.3896,4591.853044071441,4616.520713815374,43.51785714285696
2026.04.30 16:00,4639.43,4645.77,4605.24,4607.33,4517.770416,4594.9484352571535,4615.685194377612,42.6185714285713
2026.04.30 20:00,4607.5,4627.23,4607.46,4621.61,4522.93599936,4600.280748205723,4616.2238130705555,38.67642857142841
2026.05.01 00:00,4625.5,4636.03,4618.28,4619.48,4527.8949593856005,4604.120598564578,4616.519830064141,37.261428571428446
2026.05.01 04:00,4619.53,4635.85,4608.98,4609.01,4532.655561010177,4605.098478851663,4615.837118240128,38.168571428571354
2026.05.01 08:00,4608.99,4616.01,4564.98,4568.69,4537.225738569769,4597.81678308133,4611.551016581935,40.21142857142852
2026.05.01 12:00,4568.89,4607.38,4560.02,4590.97,4541.613109026978,4596.447426465064,4609.680015074487,41.45428571428564
2026.05.01 16:00,4590.95,4660.14,4586.41,4638.69,4545.824984665899,4604.895941172052,4612.317286431351,43.11714285714283
2026.05.01 20:00,4638.72,4642.54,4606.84,4613.55,4552.683885585945,4606.626752937642,4612.429351301228,42.905714285714254
2026.05.04 00:00,4631.5,4636.36,4601.44,4612.82,4559.131252450788,4607.865402350114,4612.464864819298,41.49214285714283
2026.05.04 04:00,4612.76,4618.39,4591.0,4605.97,4565.191777303741,4607.486321880092,4611.874422562998,40.85500000000003
2026.05.04 08:00,4605.99,4613.0,4573.66,4576.86,4570.888670665517,4601.361057504074,4608.69129323909,41.17571428571437
2026.05.04 12:00,4576.77,4584.33,4525.86,4568.2,4660.14,4594.72884600326,4605.01026658099,42.386428571428645
2026.05.04 16:00,4568.18,4583.05,4500.55,4510.54,4657.4544000000005,4577.891076802608,4596.422060528173,42.010000000000105
2026.05.04 20:00,4510.51,4531.47,4509.67,4523.63,4651.178224,4567.038861442086,4589.804600480156,41.23500000000014
2026.05.05 00:00,4523.62,4530.13,4513.43,4529.77,4645.15309504,4559.585089153669,4584.346909527415,39.532857142857225
2026.05.05 04:00,4529.54,4546.7,4525.37,4533.38,4639.3689712384,4554.344071322936,4579.713554115832,39.635000000000105
2026.05.05 08:00,4533.3,4559.5,4531.13,4558.33,4633.816212388864,4555.141257058349,4577.7695946507565,40.393571428571526
2026.05.05 12:00,4558.57,4574.42,4539.83,4564.46,4628.4855638933095,4557.005005646679,4576.559631500687,40.94500000000005
2026.05.05 16:00,4564.19,4586.47,4553.66,4561.07,4623.368141337577,4557.818004517343,4575.1514831824425,39.64357142857146
2026.05.05 20:00,4561.08,4565.71,4551.47,4557.35,4618.455415684074,4557.7244036138745,4573.5331665294925,37.27785714285719
2026.05.06 00:00,4560.08,4619.95,4546.13,4618.6,4500.55,4569.8995228911,4577.630151390447,37.2842857142857
2026.05.06 04:00,4618.59,4653.45,4609.26,4648.64,4502.938,4585.647618312881,4584.0855921731345,37.89071428571426
2026.05.06 08:00,4648.75,4702.61,4644.47,4700.0,4508.95848,4608.518094650305,4594.62326561194,39.549285714285645
2026.05.06 12:00,4700.34,4722.85,4660.17,4683.14,4520.5775712,4623.442475720244,4602.6702414654,42.06999999999993
2026.05.06 16:00,4683.11,4717.33,4668.49,4682.99,4536.759365504,4635.351980576195,4609.972037695818,42.74857142857136
2026.05.06 20:00,4682.98,4699.93,4678.7,4690.83,4551.64661626368,4646.447584460956,4617.322761541652,40.08857142857138
2026.05.07 00:00,4692.97,4701.07,4685.37,4688.37,4565.342886962585,4654.8320675687655,4623.781601401501,35.31714285714279
2026.05.07 04:00,4688.38,4721.35,4684.98,4696.23,4577.943456005578,4663.111654055013,4630.36781945591,36.35785714285712
2026.05.07 08:00,4696.19,4753.25,4694.55,4730.87,4589.535979525132,4676.663323244011,4639.504381323554,39.35785714285712
2026.05.07 12:00,4730.91,4752.44,4721.55,4749.89,4605.907381572619,4691.308658595209,4649.5394375668675,40.04071428571423
2026.05.07 16:00,4749.92,4764.62,4704.46,4714.9,4620.641643415357,4696.026926876167,4655.48130687897,42.311428571428515
2026.05.07 20:00,4714.94,4719.46,4686.17,4687.01,4637.919046205514,4694.223541500934,4658.347551708154,42.21857142857136
2026.05.08 00:00,4680.23,4709.35,4676.87,4701.13,4653.123160660853,4695.604833200747,4662.236865189231,42.194999999999936
2026.05.08 04:00,4701.03,4732.63,4700.32,4710.87,4666.50278138155,4698.6578665605975,4666.658059262937,43.485714285714266
2026.05.08 08:00,4710.85,4734.55,4697.01,4715.47,4676.87,4702.020293248478,4671.095508420852,40.894285714285715
2026.05.08 12:00,4715.48,4731.87,4702.76,4724.25,4687.4,4706.466234598783,4675.927734928047,39.81714285714286
2026.05.08 16:00,4723.92,4749.37,4701.73,4712.23,4696.6664,4707.618987679027,4679.227940843679,39.067142857142926
2026.05.08 20:00,4712.26,4728.83,4712.0,4714.91,4701.73,4709.077190143222,4682.4717644033435,35.7921428571429
2026.05.11 00:00,4681.25,4700.59,4670.12,4683.33,4764.62,4703.927752114578,4682.549785821221,35.502857142857174
2026.05.11 04:00,4683.42,4705.43,4668.33,4671.93,4762.73,4697.528201691663,4681.584350746564,36.636428571428596
2026.05.11 08:00,4671.92,4680.52,4647.99,4667.41,4758.954,4691.50456135333,4680.295773405967,37.83857142857151
2026.05.11 12:00,4667.42,4700.8,4650.35,4699.78,4752.29616,4693.159649082664,4682.067066732698,38.844285714285725
2026.05.11 16:00,4700.1,4748.42,4698.56,4716.33,4647.99,4697.793719266131,4685.181878847907,38.212857142857146
2026.05.11 20:00,4716.32,4738.41,4715.79,4734.61,4649.9986,4705.156975412905,4689.675344407188,37.6221428571429
2026.05.12 00:00,4737.49,4773.33,4737.08,4749.1,4651.967028,4713.945580330324,4695.077585824716,36.090714285714355
2026.05.12 04:00,4749.14,4755.31,4711.02,4713.98,4656.82154688,4713.95246426426,4696.795987113378,36.87642857142864
2026.05.12 08:00,4713.88,4722.04,4687.25,4703.31,4661.4818850048,4711.823971411408,4697.3881701030705,37.041428571428604
2026.05.12 12:00,4703.29,4711.49,4685.03,4705.59,4665.955809604608,4710.5771771291265,4698.133791002791,36.62357142857144
2026.05.12 16:00,4705.51,4708.82,4638.14,4671.01,4773.33,4702.663741703302,4695.667991820719,38.990714285714255
2026.05.12 20:00,4671.26,4719.15,4671.15,4715.05,4770.6262,4705.140993362642,4697.42999256429,40.34999999999995
2026.05.13 00:00,4715.49,4726.79,4711.66,4714.32,4767.976476,4706.976794690114,4698.965447785718,38.02785714285708
2026.05.13 04:00,4714.63,4716.92,4687.43,4699.43,4765.37974648,4705.467435752092,4699.007679805199,38.932142857142786
2026.05.13 08:00,4699.44,4715.24,4693.43,4700.48,4762.8349515504,4704.469948601673,4699.141527095635,37.29071428571418
2026.05.13 12:00,4700.51,4710.16,4675.95,4683.61,4760.341052519391,4700.297958881339,4697.729570086941,37.084285714285585
2026.05.13 16:00,4683.42,4709.73,4669.25,4695.46,4757.897031469003,4699.330367105071,4697.523245533582,37.65214285714265
2026.05.13 20:00,4695.51,4701.15,4677.4,4688.65,4755.501890839623,4697.194293684057,4696.71658684871,35.744999999999806
2026.05.14 00:00,4692.19,4706.59,4688.76,4704.8,4753.154653022831,4698.715434947246,4697.451442589737,33.46499999999987
2026.05.14 04:00,4704.82,4712.54,4668.48,4702.24,4750.8543599623745,4699.420347957797,4697.886765990669,34.996428571428474
2026.05.14 08:00,4702.27,4718.61,4686.08,4693.14,4748.600072763127,4698.164278366238,4697.455241809699,34.554285714285584
2026.05.14 12:00,4693.22,4709.88,4688.32,4704.68,4746.3908713078645,4699.467422692991,4698.112038008818,32.93071428571419
2026.05.14 16:00,4704.64,4707.52,4666.49,4678.34,4744.225853881707,4695.241938154393,4696.3145800080165,33.37642857142853
2026.05.14 20:00,4678.33,4682.93,4644.25,4652.2,4742.104136804072,4686.633550523515,4692.304163643651,34.24928571428569
2026.05.15 00:00,4652.57,4665.11,4613.39,4629.96,4740.024854067991,4675.298840418812,4686.636512403319,32.894999999999975
2026.05.15 04:00,4630.13,4631.35,4604.18,4605.68,4734.959459905272,4661.3750723350495,4679.276829457563,31.397142857142878
2026.05.15 08:00,4605.99,4606.26,4549.99,4554.18,4727.112692310955,4639.93605786804,4667.904390415966,34.33571428571433
2026.05.15 12:00,4554.1,4572.33,4531.8,4545.82,4712.9428769260785,4621.112846294432,4656.8058094690605,35.124285714285755
2026.05.15 16:00,4545.77,4566.38,4511.57,4544.2,4694.828589233471,4605.730277035545,4646.5689176991455,37.48142857142868
2026.05.15 20:00,4544.23,4564.33,4533.0,4539.56,4672.837558525454,4592.496221628437,4636.84083427195,37.275714285714386
2026.05.18 00:00,4529.44,4554.36,4480.17,4515.82,4653.4854515024,4577.160977302749,4625.838940247228,39.68357142857153
2026.05.18 04:00,4514.66,4549.73,4489.33,4540.56,4629.221288292064,4569.8407818422,4618.086309315661,42.30142857142865
2026.05.18 08:00,4540.55,4559.77,4529.59,4549.82,4608.354107931175,4565.83662547376,4611.880281196056,43.17571428571435
2026.05.18 12:00,4549.68,4574.64,4529.81,4571.15,4590.408332820811,4566.899300379008,4608.17752836005,43.23071428571431
2026.05.18 16:00,4571.17,4584.05,4531.57,4550.05,4480.17,4563.529440303207,4602.893207600046,44.65571428571437
2026.05.18 20:00,4549.76,4566.5,4534.09,4565.97,4482.2476,4564.017552242566,4599.536552363677,45.43071428571433
2026.05.19 00:00,4568.23,4589.03,4561.12,4563.03,4484.283648,4563.820041794053,4596.2177748760705,44.493571428571414
2026.05.19 04:00,4562.76,4572.24,4537.83,4542.32,4488.47350208,4559.520033435243,4591.317977160064,44.188571428571386
2026.05.19 08:00,4542.35,4559.17,4530.77,4542.62,4492.4957619968,4556.140026748195,4586.890888327331,42.52285714285712
2026.05.19 12:00,4542.55,4547.8,4525.36,4536.97,4496.357131516928,4552.306021398556,4582.352625752119,42.18500000000001
2026.05.19 16:00,4537.03,4537.23,4464.39,4507.5,4589.03,4543.344817118846,4575.547841592835,43.36857142857135
2026.05.19 20:00,4507.42,4510.88,4480.76,4481.88,4586.5372,4531.051853695077,4567.032583266213,42.62499999999993
2026.05.20 00:00,4481.99,4508.68,4477.16,4500.78,4584.094255999999,4524.9974829560615,4561.009621151103,40.961428571428506
2026.05.20 04:00,4500.85,4506.13,4453.46,4461.91,4581.70017088,4512.379986364849,4552.00056468282,42.48571428571423
2026.05.20 08:00,4461.83,4489.95,4461.34,4483.95,4576.5705640447995,4506.693989091879,4545.814149711654,39.22999999999995
2026.05.20 12:00,4483.94,4505.18,4472.6,4496.04,4571.646141483007,4504.563191273503,4541.289227010595,37.24285714285711
2026.05.20 16:00,4496.03,4552.64,4466.91,4534.13,4566.918695823687,4510.476553018803,4540.638388191449,41.21071428571427
2026.05.20 20:00,4534.29,4550.19,4529.33,4543.49,4562.380347990739,4517.079242415043,4540.89762562859,39.498571428571395
2026.05.21 00:00,4544.77,4553.08,4534.44,4545.11,4558.02353407111,4522.6853939320345,4541.280568753263,37.081428571428525
2026.05.21 04:00,4545.09,4570.65,4527.1,4538.27,4453.46,4525.802315145628,4541.006880684784,37.87714285714277
2026.05.21 08:00,4538.28,4540.12,4511.84,4532.32,4455.8038,4527.105852116503,4540.217164258895,37.90357142857133
2026.05.21 12:00,4532.28,4542.61,4502.34,4503.89,4458.100724,4522.462681693203,4536.914694780813,38.32214285714274
2026.05.21 16:00,4503.94,4520.92,4488.42,4519.28,4460.3517095199995,4521.826145354563,4535.31154070983,38.6149999999999
2026.05.21 20:00,4519.43,4559.17,4513.98,4543.0,4462.5576753296,4526.060916283651,4536.010491554391,40.2399999999999
2026.05.22 00:00,4544.77,4545.85,4525.46,4526.57,4464.719521823008,4526.162733026921,4535.152265049446,36.49357142857141
2026.05.22 04:00,4526.53,4536.1,4518.31,4527.1,4466.8381313865475,4526.350186421538,4534.420240954042,35.61285714285712
2026.05.22 08:00,4527.06,4534.08,4507.15,4521.73,4468.914368758817,4525.42614913723,4533.266582685493,35.28499999999997
2026.05.22 12:00,4521.68,4536.68,4510.04,4528.0,4470.94908138364,4525.9409193097845,4532.787802441358,33.42571428571427
2026.05.22 16:00,4528.32,4534.21,4491.73,4514.77,4472.9430997559675,4523.706735447828,4531.149820401234,34.41642857142861
2026.05.22 20:00,4514.88,4527.68,4503.75,4507.29,4474.897237760848,4520.423388358262,4528.980745819304,33.79857142857149
2026.05.25 00:00,4534.6,4579.76,4533.39,4569.22,4476.812293005631,4530.18271068661,4532.638859835731,32.85142857142862
2026.05.25 04:00,4569.21,4576.23,4556.51,4564.67,4480.930201285405,4537.080168549289,4535.550781668846,32.770000000000024
2026.05.25 08:00,4564.65,4565.84,4550.33,4555.85,4484.8833932339885,4540.8341348394315,4537.3961651534955,32.546428571428585
2026.05.25 12:00,4555.91,4576.8,4552.68,4567.49,4488.678457504629,4546.165307871545,4540.131968321359,31.158571428571488
2026.05.25 16:00,4567.5,4574.5,4559.87,4573.43,4492.321719204443,4551.6182462972365,4543.159062110326,30.183571428571515
2026.05.25 20:00,4573.3,4577.65,4563.14,4567.58,4495.819250436265,4554.810597037789,4545.379147373023,28.3435714285715
2026.05.26 00:00,4569.68,4580.05,4539.44,4549.36,4499.176880418814,4553.7204776302315,4545.741043066385,28.922857142857257
2026.05.26 04:00,4549.4,4549.8,4523.26,4525.32,4504.029267593685,4548.0403821041855,4543.884584605804,27.590714285714363
2026.05.26 08:00,4525.3,4538.81,4519.94,4523.55,4508.590511538064,4543.142305683349,4542.035986005276,27.482142857142968
2026.05.26 12:00,4523.68,4540.35,4500.38,4520.23,4580.05,4538.559844546679,4540.05362364116,29.066428571428702
2026.05.26 16:00,4520.21,4531.2,4499.72,4504.73,4578.4566,4531.793875637344,4536.842385128327,29.39142857142865
2026.05.26 20:00,4504.76,4510.51,4482.42,4507.29,4575.307136,4526.893100509876,4534.155804662115,29.49500000000007
2026.05.27 00:00,4510.12,4538.88,4495.94,4514.98,4569.73390784,4524.510480407901,4532.412549692832,29.527857142857215
2026.05.27 04:00,4514.97,4520.99,4495.63,4510.03,4564.4950733696,4521.614384326321,4530.377772448029,29.630000000000027
2026.05.27 08:00,4510.01,4513.75,4475.61,4497.72,4559.570568967423,4516.835507461057,4527.4088840436625,27.177857142857174
2026.05.27 12:00,4497.63,4497.63,4424.8,4438.68,4552.853723450029,4501.204405968846,4519.342621857875,30.977857142857225
2026.05.27 16:00,4438.66,4455.36,4401.14,4450.64,4540.048351105026,4491.091524775077,4513.096928961705,33.74285714285716
2026.05.27 20:00,4450.68,4458.64,4441.31,4456.13,4523.379348972423,4484.099219820062,4507.918117237913,33.25785714285716
2026.05.28 00:00,4456.65,4465.58,4443.72,4456.89,4508.710627095732,4478.65737585605,4503.2791974890115,33.7742857142857
2026.05.28 04:00,4456.9,4458.56,4366.27,4372.82,4495.802151844244,4457.48990068484,4491.419270444556,39.330000000000034
2026.05.28 08:00,4372.84,4395.93,4367.07,4386.76,4477.66765058605,4443.343920547873,4481.904791313233,38.49071428571432
2026.05.28 12:00,4386.63,4433.52,4375.13,4431.95,4462.071979504003,4441.065136438298,4477.363446648394,40.765714285714346
2026.05.28 16:00,4432.45,4510.86,4417.95,4510.84,4366.27,4455.020109150639,4480.406769680358,46.054285714285705
2026.05.28 20:00,4510.93,4516.36,4494.72,4495.55,4369.161800000001,4463.126087320511,4481.783426982143,44.74499999999993
2026.05.29 00:00,4495.81,4500.37,4488.9,4495.94,4375.049728000001,4469.688869856409,4483.0703881655845,43.31571428571427
2026.05.29 04:00,4495.97,4520.5,4492.29,4513.91,4380.702138880001,4478.533095885127,4485.8739892414405,43.32428571428569
2026.05.29 08:00,4513.92,4525.93,4502.51,4514.69,4389.090010547201,4485.764476708102,4488.4936265831275,41.92999999999995
2026.05.29 12:00,4514.74,4543.1,4512.58,4522.8,4400.037209703425,4493.171581366482,4491.612387802843,42.298571428571435
2026.05.29 16:00,4522.95,4595.04,4516.9,4566.78,4414.343488733082,4507.893265093186,4498.445807093493,45.15571428571429
2026.05.29 20:00,4566.81,4568.36,4539.12,4540.24,4436.027070085112,4514.362612074548,4502.245279175903,42.03571428571427
2026.06.01 00:00,4524.12,4545.69,4516.54,4540.66,4455.108621674899,4519.622089659639,4505.737526523549,40.245000000000005
2026.06.01 04:00,4540.61,4541.31,4508.52,4514.25,4471.900387073912,4518.5476717277115,4506.511387748681,41.34928571428572
2026.06.01 08:00,4514.28,4525.04,4490.54,4497.85,4486.677140625042,4514.408137382169,4505.723988862437,42.252142857142886
2026.06.01 12:00,4497.91,4512.75,4489.0,4502.05,4595.04,4511.936509905736,4505.389989874943,37.3564285714286
2026.06.01 16:00,4502.63,4503.67,4447.5,4479.89,4592.9192,4505.527207924589,4503.071808977221,39.30714285714285
2026.06.01 20:00,4479.84,4495.33,4471.29,4484.61,4587.102432000001,4501.343766339671,4501.393462706564,36.85357142857139
2026.06.02 00:00,4486.25,4496.96,4476.53,4481.22,4581.518334720001,4497.319013071737,4499.559511551422,31.676428571428566
2026.06.02 04:00,4481.1,4518.04,4462.83,4517.22,4576.157601331201,4501.29921045739,4501.165010501292,34.07428571428575
2026.06.02 08:00,4517.2,4541.29,4515.03,4526.56,4571.0112972779525,4506.351368365912,4503.473645910266,35.13071428571432
2026.06.02 12:00,4526.57,4535.62,4513.3,4514.56,4566.070845386835,4507.99309469273,4504.48149628206,34.71000000000001
2026.06.02 16:00,4514.83,4524.59,4486.2,4491.73,4561.3280115713615,4504.7404757541835,4503.322269347327,35.77928571428574
2026.06.02 20:00,4491.74,4492.85,4478.57,4487.73,4556.774891108507,4501.338380603347,4501.904790315752,34.61928571428576
2026.06.03 00:00,4490.16,4496.62,4462.04,4486.0,4552.403895464167,4498.2707044826775,4500.458900287047,31.50785714285716
2026.06.03 04:00,4485.78,4487.94,4463.15,4469.16,4548.207739645601,4492.448563586142,4497.613545715497,31.19000000000003
2026.06.03 08:00,4469.21,4474.05,4440.05,4443.81,4544.179430059777,4482.720850868914,4492.722314286815,31.536428571428626
2026.06.03 12:00,4443.62,4467.86,4438.81,4460.12,4537.93166425619,4478.200680695131,4489.758467533468,31.26928571428572
2026.06.03 16:00,4460.1,4465.58,4425.93,4441.68,4530.001931115695,4470.896544556105,4485.387697757698,31.637142857142834
2026.06.03 20:00,4441.91,4452.06,4430.15,4434.18,4519.594738004125,4463.553235644885,4480.732452506999,31.505714285714316
2026.06.04 00:00,4438.44,4465.26,4423.83,4448.22,4510.228264203713,4460.486588515908,4477.776775006362,30.452857142857187
2026.06.04 04:00,4448.25,4483.89,4442.91,4480.86,4499.860472499267,4464.561270812726,4478.0570681876015,31.662857142857224
2026.06.04 08:00,4480.87,4482.23,4458.36,4463.16,4490.736815799355,4464.281016650181,4476.702789261456,31.90857142857148
2026.06.04 12:00,4463.18,4514.5,4460.8,4503.95,4423.83,4472.214813320145,4479.179808419505,31.80071428571432
2026.06.04 16:00,4503.88,4515.2,4457.14,4482.59,4425.6434,4474.289850656117,4479.4898258359135,34.07214285714284
2026.06.04 20:00,4482.54,4483.22,4472.63,4475.17,4429.225664,4474.465880524894,4479.097114396285,33.23428571428573
2026.06.05 00:00,4475.46,4481.39,4450.47,4459.08,4432.66463744,4471.3887044199155,4477.277376723895,32.700714285714284
2026.06.05 04:00,4459.13,4469.87,4435.07,4444.83,4515.2,4466.076963535933,4474.3276152035405,34.16642857142853
2026.06.05 08:00,4444.79,4468.04,4428.5,4462.58,4513.5974,4465.377570828747,4473.259650185037,34.52071428571425
2026.06.05 12:00,4462.48,4475.7,4404.64,4405.93,4510.193504,4453.488056662997,4467.138772895488,37.82571428571421
2026.06.05 16:00,4406.32,4420.89,4323.34,4344.45,4503.86029376,4431.6804453303985,4455.985248086807,42.36499999999994
2026.06.05 20:00,4344.51,4347.17,4311.58,4328.58,4489.4186702592,4411.060356264319,4444.402952806188,42.832142857142856
2026.06.08 00:00,4325.16,4353.16,4308.96,4342.03,4471.63480323328,4397.254285011456,4435.096320732898,43.157142857142865
2026.06.08 04:00,4342.18,4345.76,4299.91,4312.48,4452.113826845286,4380.299428009165,4423.949382484452,44.86714285714284
2026.06.08 08:00,4312.45,4316.69,4268.45,4288.61,4430.8052910869455,4361.961542407333,4411.645802258593,45.35357142857137
2026.06.08 12:00,4288.61,4339.25,4272.82,4332.96,4404.828444513034,4356.161233925866,4404.492547507812,47.1714285714285
2026.06.08 16:00,4332.79,4346.45,4314.67,4340.53,4383.007893390948,4353.034987140693,4398.677770461647,47.73642857142849
2026.06.08 20:00,4340.54,4345.73,4323.13,4329.76,4364.678630448397,4348.379989712555,4392.412518601497,45.514999999999894
2026.06.09 00:00,4332.66,4333.04,4312.63,4319.59,4349.282049576653,4342.621991770044,4385.792289637724,42.825714285714206
2026.06.09 04:00,4319.59,4342.04,4318.45,4332.14,4345.73,4340.525593416035,4380.914808761567,43.754285714285636
2026.06.09 08:00,4332.16,4351.33,4321.06,4326.41,4268.45,4337.702474732828,4375.959826146879,43.70785714285702
2026.06.09 12:00,4326.47,4343.98,4324.05,4341.21,4270.1076,4338.403979786262,4372.800751042617,42.64571428571411
2026.06.09 16:00,4341.39,4363.18,4236.51,4251.87,4351.33,4321.09718382901,4361.807046402379,48.869285714285546
2026.06.09 20:00,4252.15,4274.08,4249.76,4259.26,4363.18,4308.729747063208,4352.484587638526,45.53071428571413
2026.06.10 00:00,4254.02,4257.5,4198.85,4217.96,4363.18,4290.5757976505665,4340.255079671387,42.87785714285697
2026.06.10 04:00,4217.97,4218.72,4172.31,4174.68,4356.6068000000005,4267.396638120454,4325.202799701261,43.65071428571409
2026.06.10 08:00,4174.73,4221.89,4161.25,4168.79,4345.548992000001,4247.675310496363,4310.983454273874,44.82499999999984
2026.06.10 12:00,4168.84,4179.32,4130.5,4146.77,4330.805072640001,4227.494248397091,4296.054958430794,45.03714285714265
2026.06.10 16:00,4146.85,4186.07,4106.72,4121.88,4310.774565376,4206.3713987176725,4280.220871300721,47.25928571428548
2026.06.10 20:00,4121.87,4134.82,4067.02,4071.08,4286.28801753088,4179.313118974138,4261.208064818838,47.357142857142584
2026.06.11 00:00,4071.49,4077.88,4023.73,4075.61,4255.590495076557,4158.572495179311,4244.33551347167,48.95499999999975
2026.06.11 04:00,4075.63,4117.84,4052.32,4082.45,4218.492815864308,4143.347996143449,4229.618648610609,52.02071428571407
2026.06.11 08:00,4082.53,4112.39,4072.44,4084.34,4187.330765326019,4131.5463969147595,4216.411498736917,53.41642857142838
2026.06.11 12:00,4084.37,4096.24,4057.41,4081.67,4161.154642873856,4121.571117531807,4204.162271579015,54.5049999999998
2026.06.11 16:00,4081.87,4107.46,4052.7,4080.07,4139.166700014039,4113.270894025446,4192.881155980923,56.25428571428556
2026.06.11 20:00,4080.03,4219.99,4071.81,4210.52,4023.73,4132.720715220357,4194.484687255384,65.41499999999988
2026.06.12 00:00,4214.47,4246.13,4200.53,4208.06,4027.6552,4147.788572176286,4195.718806595804,59.62428571428561
2026.06.12 04:00,4208.11,4210.84,4171.18,4189.78,4036.394192,4156.186857741029,4195.1789150870945,60.71999999999991
2026.06.12 08:00,4189.77,4225.77,4170.02,4219.49,4044.7836243200004,4168.847486192823,4197.38901371554,60.38714285714278
2026.06.12 12:00,4219.52,4227.84,4188.36,4191.56,4052.8374793472003,4173.389988954259,4196.859103377764,59.89214285714282
2026.06.12 16:00,4191.55,4235.36,4176.96,4215.86,4060.5691801733124,4181.883991163407,4198.586457616148,59.732142857142776
2026.06.12 20:00,4215.85,4235.27,4201.64,4218.74,4067.9916129663798,4189.255192930726,4200.418597832862,58.6471428571428
2026.06.15 00:00,4273.27,4308.81,4261.75,4292.41,4075.1171484477245,4209.886154344581,4208.781452575329,59.41285714285717
2026.06.15 04:00,4292.42,4335.24,4285.33,4328.09,4089.138719540861,4233.526923475665,4219.62768415939,58.13500000000003
2026.06.15 08:00,4328.08,4345.27,4300.71,4334.04,4108.826821977592,4253.629538780532,4230.028803781263,57.45000000000005
2026.06.15 12:00,4334.06,4349.21,4324.37,4348.84,4132.471139779833,4272.6716310244265,4240.82982161933,54.54428571428578
2026.06.15 16:00,4348.87,4369.14,4334.42,4339.09,4158.479803006253,4285.955304819541,4249.762565108482,54.17071428571435
2026.06.15 20:00,4339.03,4339.03,4306.25,4308.92,4187.9722305853775,4290.548243855633,4255.140513734983,53.74285714285722
2026.06.16 00:00,4308.88,4320.56,4305.82,4319.02,4213.335718303425,4296.242595084506,4260.947739759075,50.884285714285824
2026.06.16 04:00,4319.05,4332.95,4307.42,4322.29,4235.1483177409455,4301.452076067605,4266.524308871886,42.12357142857153
2026.06.16 08:00,4322.28,4347.79,4313.33,4346.78,4253.907153257213,4310.517660854084,4273.820280792624,41.32785714285722
2026.06.16 12:00,4346.81,4354.88,4334.95,4354.51,4270.039751801203,4319.316128683267,4281.155709811476,39.91857142857154
2026.06.16 16:00,4354.48,4354.7,4313.11,4340.43,4283.913786549035,4323.538902946614,4286.544281646797,38.90714285714298
2026.06.16 20:00,4340.39,4342.73,4325.09,4330.97,4295.84545643217,4325.025122357291,4290.58298331527,37.347142857142906
2026.06.17 00:00,4332.54,4341.4,4328.37,4336.89,4306.106692531666,4327.3980978858335,4294.7927121047915,34.10642857142863
2026.06.17 04:00,4336.9,4349.56,4317.26,4326.59,4314.931355577233,4327.236478308667,4297.683374640719,34.01142857142864
2026.06.17 08:00,4326.69,4333.85,4316.76,4324.62,4369.14,4326.713182646934,4300.132158764291,28.798571428571464
2026.06.17 12:00,4324.54,4335.46,4319.59,4333.46,4368.0924,4328.062546117548,4303.1619625129915,26.367142857142895
2026.06.17 16:00,4333.43,4366.28,4323.92,4359.28,4367.065752,4334.306036894039,4308.263602284537,26.209999999999987
2026.06.17 20:00,4359.31,4382.08,4218.82,4257.56,4316.76,4318.956829515231,4303.654183895034,36.09714285714285
2026.06.18 00:00,4256.6,4315.17,4254.19,4308.25,4382.08,4316.815463612185,4304.071985359122,37.97285714285715
2026.06.18 04:00,4308.27,4329.62,4306.74,4315.73,4382.08,4316.598370889748,4305.131804871929,37.261428571428574
2026.06.18 08:00,4315.57,4324.4,4265.43,4266.57,4379.5222,4306.592696711799,4301.626186247207,40.42071428571419
2026.06.18 12:00,4266.76,4273.1,4239.68,4246.46,4377.015556,4294.56615736944,4296.611078406552,40.98428571428564
2026.06.18 16:00,4246.43,4276.5,4213.8,4219.24,4371.5221337600005,4279.500925895552,4289.577344005957,43.001428571428484
2026.06.18 20:00,4219.32,4232.99,4201.28,4208.84,4362.0588057344,4265.3687407164425,4282.23758545996,43.842857142857035
2026.06.19 00:00,4210.95,4213.05,4184.01,4190.16,4349.196501275648,4250.326992573154,4273.866895872691,42.94642857142845
2026.06.19 04:00,4190.23,4194.37,4124.98,4125.62,4332.677851148083,4225.385594058524,4260.38990533881,46.64285714285708
2026.06.19 08:00,4125.51,4178.41,4121.48,4168.92,4307.754109010313,4214.092475246819,4252.074459398918,49.778571428571404
2026.06.19 12:00,4168.91,4179.7,4141.71,4178.87,4281.675733748869,4207.047980197455,4245.419508544472,50.184999999999945
2026.06.19 16:00,4178.9,4182.72,4142.44,4151.32,4259.248331024027,4195.902384157965,4236.865007767701,51.84142857142855
2026.06.22 00:00,4140.48,4200.84,4136.34,4200.65,4239.960764680663,4196.8519073263715,4233.572734334274,55.31499999999999
2026.06.22 04:00,4200.83,4220.95,4170.47,4181.59,4223.37345762537,4193.799525861097,4228.847031212977,55.89499999999998
2026.06.22 08:00,4181.6,4207.14,4179.21,4197.24,4220.95,4194.487620688878,4225.97366473907,46.22857142857141
2026.06.22 12:00,4197.12,4215.01,4192.08,4193.2,4220.95,4194.230096551103,4222.994240671882,43.51071428571426
2026.06.22 16:00,4193.27,4210.57,4169.58,4189.69,4215.01,4193.322077240882,4219.966582428983,44.80428571428566
2026.06.22 20:00,4189.75,4193.49,4176.94,4191.16,4215.01,4192.889661792706,4217.347802208166,41.774285714285725
2026.06.23 00:00,4192.23,4195.13,4178.2,4193.17,4210.57,4192.945729434165,4215.149820189242,40.596428571428596
2026.06.23 04:00,4193.13,4198.22,4114.66,4117.94,4121.48,4177.944583547332,4206.312563808401,42.08642857142864
2026.06.23 08:00,4118.22,4137.22,4090.74,4105.14,4198.22,4163.383666837865,4197.115058007637,43.14142857142867
2026.06.23 12:00,4105.16,4133.12,4103.7,4113.1,4198.22,4153.326933470293,4189.477325461488,43.16857142857153
2026.06.23 16:00,4113.09,4144.85,4105.19,4134.09,4196.0704000000005,4149.479546776234,4184.442114055899,41.04500000000014
2026.06.23 20:00,4134.01,4139.56,4107.25,4109.9,4193.9637920000005,4141.563637420987,4177.665558232636,39.286428571428715
2026.06.24 00:00,4112.31,4114.88,4080.62,4097.06,4191.89931616,4132.66290993679,4170.337780211487,39.020000000000174
2026.06.24 04:00,4097.09,4102.03,4050.23,4064.35,4187.4481435136,4119.000327949432,4160.702527464989,39.84285714285725
2026.06.24 08:00,4064.3,4097.35,4060.59,4076.05,4179.215054902785,4110.410262359546,4153.006843149989,37.86142857142869
2026.06.24 12:00,4076.03,4078.91,3987.43,3987.59,4171.475951608618,4085.846209887637,4137.968948318172,40.79000000000015
2026.06.24 16:00,3987.88,4041.98,3964.34,4006.5,4156.752275479928,4069.97696791011,4126.017225743793,44.340714285714405
2026.06.24 20:00,4006.51,4011.1,3959.02,3998.99,4137.5110479319355,4055.779574328088,4114.46929613072,46.42285714285724
2026.06.25 00:00,4004.54,4018.49,3978.33,3991.24,4116.092122180104,4042.8716594624707,4103.266632846109,46.36357142857153
2026.06.25 04:00,3991.23,4005.71,3963.01,3995.89,4097.243467518491,4033.475327569977,4093.50512076919,48.23142857142865
2026.06.25 08:00,3995.88,4001.86,3971.2,3989.03,4080.6566514162723,4024.5862620559815,4084.0073825174454,49.212142857142936
2026.06.25 12:00,3989.02,4018.87,3973.53,4012.16,4066.0602532463195,4022.1010096447853,4077.4758022885862,46.48214285714288
2026.06.25 16:00,4012.38,4043.88,3999.0,4028.55,4053.215422856761,4023.3908077158285,4073.028002080533,46.36785714285714
2026.06.25 20:00,4028.56,4044.06,4021.67,4026.47,3959.02,4024.006646172663,4068.7954564368483,45.86571428571427
2026.06.26 00:00,4030.64,4036.44,4011.16,4020.06,3960.7208,4023.217316938131,4064.364960397135,44.83857142857137
2026.06.26 04:00,4020.08,4029.26,3982.83,4011.19,3962.387584,4020.8118535505046,4059.5308730883044,45.84714285714279
2026.06.26 08:00,4011.49,4039.54,4005.44,4030.77,3964.02103232,4022.803482840404,4056.9162482620945,45.8357142857142
2026.06.26 12:00,4030.78,4061.32,4029.43,4058.84,3965.6218116736,4030.0107862723235,4057.0911347837223,44.41357142857138
2026.06.26 16:00,4058.9,4095.81,4043.17,4084.88,3969.449739206656,4040.984629017859,4059.6173952579293,45.54785714285707
2026.06.26 20:00,4084.99,4089.66,4064.29,4088.36,3977.0313548542567,4050.4597032142874,4062.23035932539,40.825714285714206
2026.06.29 00:00,4084.0,4085.31,4048.07,4069.41,3984.1580735630014,4054.24976257143,4062.8830539321725,38.15785714285707
2026.06.29 04:00,4069.48,4075.4,4049.48,4052.09,3990.857189149221,4053.8178100571445,4061.9018672110656,36.28928571428565
2026.06.29 08:00,4051.96,4068.41,4039.18,4046.8,3997.154357800268,4052.414248045716,4060.5289701918778,35.50857142857137
2026.06.29 12:00,4046.75,4055.08,4024.34,4043.41,4003.073696332252,4050.6133984365724,4058.9727001744345,34.654285714285656
2026.06.29 16:00,4043.56,4051.57,3999.93,4023.69,4095.81,4045.228718749258,4055.7651819767584,36.15285714285709
2026.06.29 20:00,4023.71,4031.95,4005.09,4016.39,4093.8923999999997,4039.4609749994065,4052.1856199788713,34.83285714285709
2026.06.30 00:00,4018.21,4022.27,3979.35,3986.88,4092.0131519999995,4028.9447799995255,4046.2487454353372,34.692857142857086
2026.06.30 04:00,3986.93,3997.87,3942.15,3985.33,4087.5066259199994,4020.2218239996205,4040.710677668488,37.07357142857137
2026.06.30 08:00,3985.32,4037.48,3974.99,4015.4,4078.7852283647994,4019.2574591996963,4038.4097069713525,39.731428571428516
2026.06.30 12:00,4015.19,4037.18,4008.52,4009.73,4070.5871146629115,4017.351967359757,4035.802460883048,38.46214285714277
2026.06.30 16:00,4009.72,4063.16,4009.19,4025.97,3942.15,4019.0755738878056,4034.9086008027703,39.88142857142848
2026.06.30 20:00,4025.91,4033.61,4006.28,4007.3,3944.5702,4016.7204591102445,4032.3987280025185,39.55571428571417
2026.07.01 00:00,4011.16,4018.23,3992.94,3996.52,3946.941996,4012.680367288196,4029.137025456835,37.602142857142745
2026.07.01 04:00,3996.55,3999.6,3969.95,3976.4,3949.26635608,4005.4242938305574,4024.3427504153046,37.90785714285705
2026.07.01 08:00,3976.38,3984.22,3960.02,3974.25,3951.5442289584003,3999.189435064446,4019.788864013913,36.75857142857132
2026.07.01 12:00,3974.25,4035.28,3972.59,4022.63,3953.7765443792323,4003.877548051557,4020.0471491035573,39.38499999999989
2026.07.01 16:00,4022.58,4115.43,4012.59,4071.1,3955.9642134916476,4017.3220384412457,4024.6883173668703,44.642857142857046
2026.07.01 20:00,4071.01,4073.51,4028.37,4030.9,3962.3428449519815,4020.0376307529964,4025.2530157880637,45.671428571428514
2026.07.02 00:00,4036.42,4052.37,4030.56,4051.76,3968.4663311539025,4026.3821046023972,4027.6627416255124,43.5407142857142
2026.07.02 04:00,4051.75,4073.91,4041.11,4060.57,3974.344877907746,4033.219683681918,4030.6543105686474,43.96499999999992
2026.07.02 08:00,4060.56,4079.85,4053.04,4075.9,3979.988282791436,4041.7557469455346,4034.7675550624067,42.814285714285624
2026.07.02 12:00,4075.91,4140.34,4057.3,4117.4,3985.4059514797787,4056.8845975564277,4042.279595511279,44.76571428571421
2026.07.02 16:00,4117.59,4143.84,4100.15,4117.95,3994.701994390992,4069.0976780451424,4049.158723192071,43.42285714285709
2026.07.02 20:00,4117.84,4126.86,4105.53,4123.65,4006.6330348397123,4080.008142436114,4055.930657447337,42.89928571428567
2026.07.03 00:00,4125.41,4150.86,4120.87,4147.0,4017.6095920525354,4093.4065139488916,4064.209688588488,41.18642857142852
2026.07.03 04:00,4146.99,4195.25,4146.42,4178.64,4030.934632847282,4110.453211159113,4074.6124441713528,42.722142857142806
2026.07.03 08:00,4178.63,4186.38,4160.26,4180.9,4050.652476905608,4124.542568927291,4084.274949246684,42.78142857142851
2026.07.03 12:00,4180.91,4186.18,4168.27,4176.67,4068.004179676935,4134.968055141832,4092.6744993151674,41.942857142857065
2026.07.03 16:00,4176.75,4179.13,4155.24,4174.95,4083.2736781157028,4142.964444113466,4100.154090286515,41.92071428571425
2026.07.06 00:00,4183.8,4201.57,4170.14,4179.37,4096.710836741819,4150.245555290773,4107.355536624104,39.687857142857055
2026.07.06 04:00,4179.19,4202.87,4157.25,4159.51,4111.391119597964,4152.098444232619,4112.096851476458,35.60071428571418
2026.07.06 08:00,4159.26,4166.1,4144.69,4150.31,4126.027740462289,4151.740755386096,4115.570774069507,33.90571428571421
2026.07.06 12:00,4150.32,4159.34,4131.3,4139.43,4202.87,4149.278604308877,4117.739794608643,34.35071428571421
2026.07.06 16:00,4139.57,4156.03,4128.24,4154.89,4201.4385999999995,4150.400883447102,4121.117086007857,33.99285714285708
2026.07.06 20:00,4154.85,4167.28,4150.17,4164.88,4198.5106559999995,4153.296706757682,4125.095532734415,33.29999999999992
2026.07.07 00:00,4164.15,4168.37,4145.0,4145.76,4195.699829759999,4151.789365406146,4126.97412066765,29.037857142857057
2026.07.07 04:00,4145.75,4147.8,4124.19,4126.43,4193.0014365696,4146.717492324918,4126.924655152408,27.603571428571346
2026.07.07 08:00,4126.49,4139.2,4116.54,4125.81,4188.8727503754235,4142.535993859934,4126.8233228658255,27.69857142857134
2026.07.07 12:00,4125.82,4174.87,4119.61,4172.19,4183.086130345389,4148.4667950879475,4130.94756624166,29.503571428571373
2026.07.07 16:00,4172.34,4180.27,4135.73,4144.91,4116.54,4147.755436070358,4132.216878401509,29.197142857142868
2026.07.07 20:00,4144.88,4148.02,4092.08,4105.73,4180.27,4139.3503488562865,4129.808980365008,31.327142857142913
2026.07.08 00:00,4097.65,4126.59,4093.75,4111.33,4180.27,4133.7462790850295,4128.129073059098,32.393571428571505
2026.07.08 04:00,4111.28,4130.98,4096.23,4124.99,4178.506200000001,4131.995023268024,4127.843702780998,33.16928571428577
2026.07.08 08:00,4125.02,4133.72,4052.12,4056.62,4176.777676000001,4116.920018614419,4121.368820709998,36.752857142857266
2026.07.08 12:00,4056.57,4086.37,4040.27,4071.91,4171.791368960001,4107.918014891535,4116.872564281815,36.78714285714298
2026.07.08 16:00,4072.05,4082.77,4021.58,4063.57,4163.900086822401,4099.048411913228,4112.026876619832,39.628571428571504
2026.07.08 20:00,4063.72,4091.3,4059.5,4077.27,4152.514479876609,4094.6927295305827,4108.867160563484,39.897142857142946
2026.07.09 00:00,4076.04,4089.59,4070.12,4073.81,4142.03972148648,4090.5161836244665,4105.680145966803,39.30285714285725
2026.07.09 04:00,4073.93,4082.41,4054.05,4064.25,4132.402943767562,4085.2629468995733,4101.91376906073,40.10642857142868
2026.07.09 08:00,4064.25,4117.54,4063.54,4108.23,4123.537108266157,4089.856357519659,4102.487971873391,42.29428571428583
2026.07.09 12:00,4108.25,4122.47,4093.56,4107.51,4021.58,4093.387086015727,4102.944519884901,42.67285714285724
2026.07.09 16:00,4107.46,4137.84,4106.67,4127.96,4023.5978,4100.301668812582,4105.218654440819,43.280714285714396
2026.07.09 20:00,4127.94,4137.88,4118.67,4123.45,4028.167488,4104.931335050065,4106.876049491653,40.705714285714386
2026.07.10 00:00,4125.64,4128.05,4114.23,4126.05,4034.75023872,4109.155068040052,4108.619135901503,38.51142857142865
2026.07.10 04:00,4126.06,4134.66,4108.4,4115.13,4040.9380243968003,4110.350054432042,4109.21103263773,36.391428571428634
2026.07.10 08:00,4115.1,4119.88,4094.71,4097.82,4046.754542932992,4107.844043545634,4108.175484216118,35.84357142857149
2026.07.10 12:00,4097.79,4117.45,4094.34,4100.59,4052.2220703570124,4106.393234836508,4107.485894741925,35.01214285714289
2026.07.10 16:00,4100.56,4115.32,4072.74,4104.21,4057.3615461355917,4105.9565878692065,4107.188086129023,32.225
2026.07.10 20:00,4104.22,4120.65,4097.67,4119.52,4062.192653367456,4108.669270295366,4108.309169208203,30.573571428571405
2026.07.13 00:00,4091.85,4102.13,4060.91,4073.79,4137.88,4101.693416236293,4105.171062916548,30.38928571428573
2026.07.13 04:00,4074.01,4089.61,4050.07,4058.7,4136.3406,4093.0947329890346,4100.946420833226,30.94214285714286
2026.07.13 08:00,4058.7,4080.57,4043.7,4074.39,4132.889776,4089.353786391228,4098.532200757478,32.18500000000001
2026.07.13 12:00,4074.23,4076.43,4046.6,4067.18,4127.53838944,4084.9190291129826,4095.682000688616,32.29000000000003
2026.07.13 16:00,4067.2,4067.4,3986.26,3993.18,4122.5080860736,4066.571223290386,4086.363636989651,34.22857142857145
2026.07.13 20:00,3993.5,4005.88,3986.63,4000.79,4111.608239187712,4053.414978632309,4078.584215445137,33.53857142857143
2026.07.14 00:00,4005.55,4007.05,3983.34,4004.12,4101.580380052695,4043.5559829058475,4071.814741313761,33.005714285714284
2026.07.14 04:00,4004.13,4023.23,3991.95,4020.09,4089.7563420474253,4038.8627863246784,4067.1124921034184,33.867857142857154
2026.07.14 08:00,4020.18,4033.9,4014.28,4015.82,4079.114707842683,4034.254229059743,4062.4495382758346,34.282142857142816
2026.07.14 12:00,4015.84,4103.86,4013.51,4075.96,3983.34,4042.5953832477944,4063.6777620689404,38.85999999999991
2026.07.14 16:00,4075.97,4100.23,4057.52,4061.32,3985.7504000000004,4046.3403065982357,4063.463420062673,40.11285714285702
2026.07.14 20:00,4061.38,4064.95,4042.74,4052.58,3988.1125920000004,4047.5882452785886,4062.4740182387936,40.04857142857133
2026.07.15 00:00,4053.4,4060.42,4046.54,4058.84,3990.4275401600003,4049.8385962228713,4062.1436529443577,37.99857142857134
2026.07.15 04:00,4058.86,4061.92,4027.91,4033.04,3992.6961893568005,4046.478876978297,4059.4978663130523,38.78642857142853
2026.07.15 08:00,4033.09,4036.58,4017.21,4030.97,3994.919465569664,4043.377101582638,4056.9044239209566,35.98357142857134
2026.07.15 12:00,4031.01,4071.33,4025.28,4067.6,3997.0982762582707,4048.2216812661104,4057.8767490190517,36.44857142857132
2026.07.15 16:00,4068.06,4073.95,4026.62,4033.53,3999.2335107331055,4045.2833450128887,4055.663408199138,37.195714285714146
2026.07.15 20:00,4033.63,4080.99,4032.77,4060.25,4001.3260405184433,4048.2766760103113,4056.0803710901255,38.50928571428557
2026.07.16 00:00,4064.85,4066.35,4043.46,4044.39,4003.3767197080742,4047.4993408082496,4055.017610081932,34.34857142857128
2026.07.16 04:00,4044.38,4050.29,4023.91,4032.94,4005.386385313913,4044.5874726466,4053.010554619938,34.85785714285701
2026.07.16 08:00,4032.95,4036.51,4022.76,4035.09,4007.3558576076343,4042.68797811728,4051.3814132908524,34.14642857142843
2026.07.16 12:00,4035.16,4043.17,3990.11,3992.13,4103.86,4032.5763824938244,4045.994921173502,35.7021428571427
2026.07.16 16:00,3991.83,4016.64,3973.54,3991.84,4101.585,4024.4291059950597,4041.0717465213656,37.37928571428556
2026.07.16 20:00,3992.01,3992.77,3969.06,3976.24,4096.4632,4014.791284796048,4035.1779513830597,32.6192857142856
2026.07.17 00:00,3977.87,3991.82,3973.05,3991.82,4088.819008,4010.1970278368385,4031.236319439145,30.90928571428563
2026.07.17 04:00,3991.83,4008.66,3970.59,3981.49,4081.63346752,4004.455622269471,4026.713926762859,32.04214285714275
2026.07.17 08:00,3981.36,4006.95,3974.85,3993.98,4074.8790594688003,4002.3604978155768,4023.7381152389626,33.34357142857131
2026.07.17 12:00,3993.91,4002.22,3963.84,3965.98,4068.529915900672,3995.0843982524616,4018.4873774899656,33.655714285714126
2026.07.17 16:00,3966.03,4023.7,3959.38,4014.79,4060.1547226286184,3999.0255186019695,4018.151252263605,36.8664285714284
2026.07.17 20:00,4015.14,4019.02,4002.13,4016.98,4050.0772503657568,4002.616414881576,4018.044774785095,34.78357142857127
2026.07.20 00:00,3998.94,4009.92,3982.47,4008.37,4041.007525329181,4003.767131905261,4017.1652498046315,33.867857142857005
2026.07.20 04:00,4008.44,4028.49,3995.56,4018.64,4032.844772796263,4006.741705524209,4017.2993180042104,32.77571428571415
2026.07.20 08:00,4018.63,4030.55,4001.86,4018.77,3959.38,4009.1473644193675,4017.4330163674636,33.18999999999988
2026.07.20 12:00,4018.76,4040.49,4006.38,4008.0,3960.8034000000002,4008.917891535494,4016.5754694249667,33.7421428571427
2026.07.20 16:00,4007.93,4019.32,3998.06,4009.59,3963.9908640000003,4009.0523132283956,4015.94042674997,34.27857142857129
2026.07.20 20:00,4009.57,4017.81,4003.12,4007.41,3967.05082944,4008.7238505827168,4015.1649334090635,31.53785714285701
2026.07.21 00:00,4009.69,4026.99,3999.56,4024.72,3969.9883962624003,4011.9230804661734,4016.0335758264214,30.41857142857129
2026.07.21 04:00,4024.73,4051.56,4018.17,4049.39,3972.8084604119044,4019.416464372939,4019.0659780240194,31.10999999999985
2026.07.21 08:00,4049.41,4083.87,4046.15,4062.67,3977.5335527871903,4028.0671714983514,4023.0299800218354,32.463571428571264
2026.07.21 12:00,4062.76,4069.99,4050.82,4053.66,3986.040468564215,4033.185737198681,4025.8145272925776,31.11357142857126
2026.07.21 16:00,4053.86,4083.28,4044.27,4071.39,3993.866831079078,4040.826589758945,4029.9577520841613,31.60714285714271
2026.07.21 20:00,4071.48,4086.96,4066.63,4077.56,4001.067084592752,4048.173271807156,4034.285229167419,30.317857142857015
2026.07.22 00:00,4078.77,4102.45,4076.54,4097.34,4009.656376133477,4058.0066174457256,4040.01748106129,27.574285714285597
2026.07.22 04:00,4097.31,4141.45,4096.55,4126.83,4020.7916109974594,4071.771293956581,4047.909528237536,29.574999999999868
2026.07.22 08:00,4126.85,4135.07,4109.02,4118.15,4037.6837854578152,4081.047035165265,4054.295025670487,28.970714285714084
2026.07.22 12:00,4118.18,4134.26,4106.54,4112.65,4052.2110554937212,4087.3676281322123,4059.6000233368063,28.59857142857126
2026.07.22 16:00,4112.68,4165.87,4112.48,4146.68,4064.7045077246003,4099.23010250577,4067.516384851642,30.362857142856992
2026.07.22 20:00,4146.78,4147.69,4128.15,4129.75,4080.890986488664,4105.334082004617,4073.1739862287654,29.322142857142726
2026.07.23 00:00,4113.21,4134.57,4113.21,4131.98,4094.4876286504777,4110.663265603694,4078.519987480696,29.329285714285543
2026.07.23 04:00,4131.91,4140.79,4111.86,4121.06,4105.908808066401,4112.742612482955,4082.3872613460867,30.34642857142842
2026.07.23 08:00,4121.07,4130.4,4086.82,4093.17,4165.87,4108.828089986365,4083.3675103146243,31.499999999999822
2026.07.23 12:00,4093.08,4099.14,4060.75,4061.62,4164.289,4099.386471989092,4081.390463922385,31.857142857142712
2026.07.23 16:00,4061.55,4067.3,4040.0,4051.18,4160.14744,4089.745177591273,4078.6440581112593,31.112857142857024
2026.07.23 20:00,4051.29,4054.35,4040.5,4049.24,4152.9385936,4081.644142073019,4075.9709619193263,30.732857142857046
2026.07.24 00:00,4048.75,4050.63,4041.07,4049.67,4146.162277984,4075.2493136584153,4073.5799653812055,28.629285714285597
2026.07.24 04:00,4049.78,4050.3,4022.97,4026.91,4139.79254130496,4065.5814509267325,4069.3372412556414,29.12928571428563
2026.07.24 08:00,4026.91,4058.54,4021.81,4057.34,4130.446738000563,4063.933160741386,4068.246582959674,29.902142857142785
2026.07.24 12:00,4057.46,4063.68,4051.25,4055.89,4119.583064200507,4062.324528593109,4067.1232572360673,27.582857142857083
2026.07.24 16:00,4055.83,4081.94,4044.44,4066.86,4109.805757780456,4063.231622874487,4067.099324760061,28.40071428571428
2026.07.24 20:00,4066.89,4069.65,4049.09,4052.66,4101.00618200241,4061.11729829959,4065.7866588727825,27.889285714285688
2026.07.27 00:00,4088.93,4115.83,4083.03,4100.58,4021.81,4069.009838639672,4068.9496898843477,28.587857142857096
2026.07.27 04:00,4100.57,4112.32,4085.0,4090.19,4023.6904,4073.2458709117377,4070.8806271675885,29.143571428571363
2026.07.27 08:00,4090.18,4105.91,4084.24,4095.01,4025.533192,4077.59869672939,4073.0742065159893,29.165714285714248
2026.07.27 12:00,4094.83,4104.0,4081.54,4083.53,4027.3391281599997,4078.7849573835124,4074.0247331963537,28.703571428571372
2026.07.27 16:00,4083.68,4093.76,4065.17,4082.15,4029.1089455968,4079.45796590681,4074.763393814867,27.632857142857134
2026.07.27 20:00,4082.21,4089.14,4070.37,4076.43,4030.843366684864,4078.8523727254483,4074.914903468061,26.231428571428538
2026.07.28 00:00,4079.06,4081.98,4057.41,4057.74,4032.543099351167,4074.6298981803584,4073.353548607328,26.036428571428537
2026.07.28 04:00,4057.63,4060.2,4040.13,4041.93,4034.2088373641436,4068.089918544287,4070.4968623702975,26.48071428571424
2026.07.28 08:00,4041.84,4055.0,4034.75,4045.28,4115.83,4063.5279348354297,4068.204420336634,27.24428571428567
2026.07.28 12:00,4045.26,4045.74,4016.82,4029.18,4114.2083999999995,4056.6583478683438,4064.6567457605765,27.357857142857043
2026.07.28 16:00,4029.22,4046.9,4011.28,4037.34,4110.3128639999995,4052.794678294675,4062.1734052368874,27.27857142857132
2026.07.28 20:00,4037.36,4041.35,4021.47,4028.32,4104.370892159999,4047.8997426357405,4059.0958229426246,27.810714285714194
2026.07.29 00:00,4028.59,4030.33,4013.76,4021.6,4098.785438630399,4042.639794108593,4055.687111766022,26.315714285714172
2026.07.29 04:00,4021.52,4037.67,4010.07,4027.13,4093.535112312575,4039.5378352868743,4053.091010696384,26.818571428571314
2026.07.29 08:00,4027.23,4047.62,4026.48,4037.47,4086.857903327569,4039.1242682294996,4051.6709188148943,23.816428571428442
2026.07.29 12:00,4037.75,4038.19,4008.98,4022.41,4080.7148710613637,4035.7814145836,4049.0108352862676,23.951428571428465
2026.07.29 16:00,4022.75,4032.73,3995.75,4027.19,4073.5413839552275,4034.0631316668805,4047.027122987516,25.04499999999989
2026.07.29 20:00,4027.14,4116.22,4027.14,4066.07,3995.75,4040.4645053335043,4048.7582936250146,29.803571428571345
2026.07.30 00:00,4064.75,4100.12,4063.95,4071.94,3995.75,4046.7596042668038,4050.8657214772857,30.34499999999991
2026.07.30 04:00,4072.0,4092.76,4044.27,4045.86,3998.1594,4046.579683413443,4050.4106558884414,32.46785714285707
2026.07.30 08:00,4045.91,4072.73,4028.33,4061.17,4000.520612,4049.4977467307544,4051.388778080401,33.88428571428564
2026.07.30 12:00,4061.16,4086.56,4060.12,4068.68,4002.83459976,4053.3341973846036,4052.960707345819,34.339285714285666
2026.07.30 16:00,4068.66,4120.09,4064.88,4110.53,4005.1023077648,4064.7733579076835,4058.19427940529,36.83642857142853
2026.07.30 20:00,4110.49,4117.3,4098.33,4103.53,4009.701815454208,4072.5246863261473,4062.315708550264,36.12571428571429
2026.07.31 00:00,4103.76,4111.58,4090.29,4094.54,4014.11734283604,4076.927749060918,4065.2451895911486,35.102142857142866
2026.07.31 04:00,4094.48,4101.45,4071.79,4079.74,4018.3562491225985,4077.4901992487344,4066.5628996283167,35.80071428571428
2026.07.31 08:00,4079.85,4087.3,4053.99,4060.71,4022.4255991576947,4074.1341593989873,4066.030817843924,36.996428571428616
2026.07.31 12:00,4060.56,4063.74,4040.29,4040.54,4026.332175191387,4067.41532751919,4063.713470767204,36.70000000000004
2026.07.31 16:00,4040.48,4052.38,4020.68,4043.09,4120.09,4062.5502620153525,4061.838609788367,37.45428571428578
2026.07.31 20:00,4043.06,4055.47,4041.31,4043.35,4118.1018,4058.710209612282,4060.157827080334,36.37928571428577
2026.08.03 00:00,4081.14,4081.95,4055.52,4056.96,4116.153364000001,4058.3601676898256,4059.867115527576,36.49500000000005
2026.08.03 04:00,4056.94,4071.67,4047.18,4063.73,4114.2438967200005,4059.4341341518607,4060.2182868432506,31.881428571428607
2026.08.03 08:00,4063.65,4071.9,4051.87,4059.27,4112.372618785601,4059.4013073214887,4060.13207894841,30.728571428571474
2026.08.03 12:00,4059.28,4064.4,4041.99,4047.41,4110.538766409889,4057.003045857191,4058.975526316736,28.865714285714336
2026.08.03 16:00,4047.44,4053.47,4018.85,4036.7,4108.741591081691,4052.942436685753,4056.9504784697597,28.167142857142892
2026.08.03 20:00,4036.72,4057.95,4029.44,4055.17,4105.145927438423,4053.3879493486024,4056.7886167906904,28.315000000000015
2026.08.04 00:00,4053.69,4069.2,4048.4,4048.93,4101.694090340887,4052.4963594788824,4056.074197082446,25.85714285714285
2026.08.04 04:00,4048.6,4066.19,4042.27,4063.66,4098.3803267272515,4054.729087583106,4056.7638155294962,26.210714285714268
2026.08.04 08:00,4063.66,4072.75,4054.32,4054.83,4095.1991136581614,4054.7492700664848,4056.588014117724,26.006428571428543
2026.08.04 12:00,4054.82,4084.19,4045.41,4070.69,4092.145149111835,4057.937416053188,4057.870012834295,26.65785714285714
2026.08.04 16:00,4070.7,4093.81,4060.99,4093.19,4018.85,4064.9879328425504,4061.08092075845,26.62285714285712
2026.08.04 20:00,4093.16,4106.13,4074.44,4077.09,4020.3492,4067.4083462740405,4062.5362915985907,27.211428571428566
2026.08.05 00:00,4079.79,4085.66,4065.24,4082.32,4023.780432,4070.3906770192325,4064.3348105441733,26.405714285714268
2026.08.05 04:00,4082.41,4141.26,4077.42,4135.4,4027.07441472,4083.392541615386,4070.795282312885,29.954285714285717
2026.08.05 08:00,4135.36,4179.34,4134.55,4160.38,4033.9255498367997,4098.790033292309,4078.939347557168,30.39642857142858
2026.08.05 12:00,4160.47,4213.25,4149.97,4183.77,4045.558705849856,4115.7860266338475,4088.4694068701524,33.16714285714283
2026.08.05 16:00,4183.57,4265.0,4183.57,4242.13,4062.3278352648704,4141.054821307079,4102.438551700138,37.55285714285712
2026.08.05 20:00,4242.19,4267.43,4236.7,4246.61,4086.648495033086,4162.165857045663,4115.545047000125,38.147142857142846
2026.08.06 00:00,4247.36,4300.09,4245.5,4294.65,4111.957905728454,4188.662685636531,4131.82731545466,39.573571428571434
2026.08.06 04:00,4294.6,4303.88,4252.84,4262.02,4142.0590408119015,4203.334148509225,4143.663014049691,41.18285714285716
2026.08.06 08:00,4261.78,4278.67,4246.94,4278.06,4171.186813465759,4218.27931880738,4155.880921863355,41.9635714285715
2026.08.06 12:00,4278.02,4284.57,4248.86,4249.98,4195.071587041923,4224.619455045904,4164.435383512141,42.80571428571435
2026.08.06 16:00,4249.96,4275.19,4223.22,4241.19,4214.657101374377,4227.9335640367235,4171.413075920128,45.2014285714286
2026.08.06 20:00,4241.25,4251.15,4232.91,4240.52,4223.22,4230.450851229379,4177.695523563752,43.73428571428571
2026.08.07 00:00,4240.99,4252.98,4229.51,4232.61,4223.22,4230.882680983504,4182.68774869432,43.06642857142851
2026.08.07 04:00,4232.58,4268.87,4231.25,4264.92,4229.51,4237.690144786803,4190.163407903928,43.489999999999924
2026.08.07 08:00,4264.9,4316.55,4261.74,4305.87,4229.51,4251.326115829443,4200.682189003571,45.94642857142852
2026.08.07 12:00,4305.95,4371.63,4300.93,4361.12,4231.25,4273.284892663554,4215.2674445487,46.43642857142849
2026.08.07 16:00,4361.21,4367.86,4327.28,4329.03,4259.326,4284.433914130844,4225.609495044273,46.13571428571421
2026.08.07 20:00,4328.86,4350.22,4327.51,4341.88,4281.7868,4295.923131304675,4236.179540949339,43.23785714285709
2026.08.10 00:00,4341.3,4350.85,4330.57,4331.96,4299.75544,4303.13050504374,4244.886855408489,38.86999999999997
2026.08.10 04:00,4332.02,4340.64,4313.27,4339.32,4371.63,4310.368404034993,4253.47168673499,38.629999999999924
2026.08.10 08:00,4339.26,4361.79,4331.42,4346.4,4370.4628,4317.574723227995,4261.919715213627,36.899999999999906
2026.08.10 12:00,4346.45,4349.85,4323.97,4332.36,4369.318944000001,4320.531778582395,4268.323377466933,35.10285714285706
2026.08.10 16:00,4332.38,4364.63,4316.53,4356.61,4368.197965120001,4327.747422865917,4276.349434060849,36.27214285714277
2026.08.10 20:00,4356.98,4395.05,4351.5,4390.2,4313.27,4340.237938292734,4286.699485509862,36.83214285714278
2026.08.11 00:00,4389.96,4419.13,4388.15,4409.19,4314.9056,4354.0283506341875,4297.834986827147,35.332857142857144
2026.08.11 04:00,4409.21,4434.95,4393.57,4408.57,4319.074576,4364.9366805073505,4307.901806206497,36.98571428571431
2026.08.11 08:00,4408.6,4408.76,4356.49,4368.91,4326.02710144,4365.731344405881,4313.44800564227,39.042857142857244
2026.08.11 12:00,4368.88,4399.97,4367.35,4392.35,4332.562475353599,4371.055075524705,4320.620914220245,38.68571428571439
2026.08.11 16:00,4392.36,4403.99,4368.98,4383.3,4338.705726832383,4373.504060419764,4326.319012927495,37.271428571428665
2026.08.11 20:00,4383.39,4385.58,4360.11,4368.02,4344.480383222441,4372.407248335811,4330.110011752268,34.04071428571441
2026.08.12 00:00,4370.69,4383.5,4362.25,4380.37,4349.908560229094,4373.999798668649,4334.679101592971,32.660000000000124
2026.08.12 04:00,4380.38,4415.81,4378.21,4400.87,4355.011046615348,4379.37383893492,4340.69645599361,33.723571428571574
2026.08.12 08:00,4400.86,4410.25,4383.81,4401.54,4359.807383818427,4383.807071147937,4346.227687266918,34.1635714285715
2026.08.12 12:00,4401.58,4438.04,4381.57,4437.1,4364.315940789322,4394.46565691835,4354.488806606289,36.24214285714296
2026.08.12 16:00,4436.91,4440.96,4396.35,4401.48,4370.213865526176,4395.86852553468,4358.760733278444,37.2592857142858
2026.08.12 20:00,4401.47,4418.13,4396.12,4408.33,4377.288478973558,4398.360820427744,4363.2670302531305,36.98285714285724
2026.08.13 00:00,4410.83,4449.59,4397.96,4427.77,4383.655631076203,4404.242656342196,4369.130936593755,37.23500000000008
2026.08.13 04:00,4427.46,4435.17,4391.43,4397.52,4449.59,4402.898125073757,4371.711760539777,37.24857142857148
2026.08.13 08:00,4397.5,4407.05,4363.81,4375.69,4449.59,4397.4565000590055,4372.073418672525,38.12428571428572
2026.08.13 12:00,4375.72,4401.76,4372.22,4401.67,4446.1588,4398.299200047205,4374.764016975022,37.278571428571425
2026.08.13 16:00,4401.66,4401.88,4351.04,4366.88,4442.864848,4392.015360037764,4374.047288159111,37.176428571428545
2026.08.13 20:00,4367.06,4373.16,4343.58,4350.96,4437.35535712,4383.804288030212,4371.948443781011,36.95928571428569
2026.08.14 00:00,4353.96,4363.95,4329.12,4340.78,4429.8533285504,4375.19943042417,4369.114948891828,36.94642857142853
2026.08.14 04:00,4340.65,4341.23,4310.84,4326.76,4419.7799956953595,4365.511544339336,4365.264498992571,37.29785714285704
2026.08.14 08:00,4326.78,4349.52,4310.85,4348.49,4406.707196211916,4362.107235471469,4363.739544538701,38.54214285714276
2026.08.14 12:00,4348.47,4386.77,4345.89,4373.49,4395.203132666486,4364.383788377176,4364.625949580637,38.776428571428454
2026.08.14 16:00,4373.49,4396.91,4370.04,4385.66,4310.84,4368.639030701741,4366.538135982397,38.80714285714276
2026.08.14 20:00,4385.69,4386.24,4370.61,4375.2,4312.5614000000005,4369.951224561393,4367.325578165815,35.88999999999989
2026.08.17 00:00,4377.35,4401.91,4367.0,4400.65,4314.248372000001,4376.090979649115,4370.355071059832,35.19714285714276
2026.08.17 04:00,4400.69,4416.33,4387.82,4390.46,4317.754837120001,4378.964783719292,4372.182791872575,35.66142857142847
2026.08.17 08:00,4390.52,4411.15,4386.8,4394.73,4323.669346892801,4382.117826975435,4374.232538065977,33.712857142857
2026.08.17 12:00,4395.04,4405.67,4377.18,4384.8,4329.2289860792325,4382.654261580348,4375.193216423615,32.62357142857128
2026.08.17 16:00,4385.04,4428.73,4381.64,4423.98,4334.455046914479,4390.919409264279,4379.628378566923,32.898571428571245
2026.08.17 20:00,4424.01,4425.93,4397.77,4416.37,4341.99704316132,4396.009527411424,4382.96852596993,32.799999999999805
2026.08.18 00:00,4418.37,4434.82,4409.64,4434.44,4348.935679708415,4403.69562192914,4387.647750881754,30.96714285714261
2026.08.18 04:00,4434.59,4435.99,4388.71,4393.34,4357.524111737574,4401.624497543312,4388.165228074322,32.23142857142831
2026.08.18 08:00,4393.32,4403.43,4385.94,4393.08,4366.9400183290645,4399.9155980346495,4388.61202552211,30.992857142856938
2026.08.18 12:00,4392.99,4400.66,4386.8,4394.05,4375.226016129577,4398.74247842772,4389.106386838282,29.81214285714267
2026.08.18 16:00,4393.91,4406.51,4351.32,4363.74,4435.99,4391.741982742176,4386.800351671165,30.992142857142703
2026.08.18 20:00,4363.63,4368.14,4328.94,4334.07,4434.2966,4380.207586193741,4382.006683337423,30.872142857142748
2026.08.19 00:00,4335.2,4347.06,4326.92,4337.77,4430.0823359999995,4371.720068954994,4377.985166670384,30.391428571428495
2026.08.19 04:00,4337.64,4361.82,4324.46,4348.25,4423.89259584,4367.026055163995,4375.28196970035,31.94357142857132
2026.08.19 08:00,4348.26,4362.99,4334.92,4355.53,4415.9379881728,4364.726844131196,4373.486336091227,31.45499999999988
2026.08.19 12:00,4355.51,4442.32,4353.19,4438.57,4324.46,4379.495475304957,4379.403032810206,35.784999999999876
2026.08.19 16:00,4438.5,4499.03,4424.17,4493.11,4326.8172,4402.218380243966,4389.74002982746,39.39285714285703
2026.08.19 20:00,4493.51,4524.03,4471.87,4522.7,4333.705712,4426.314704195173,4401.827299843145,41.083571428571325
2026.08.20 00:00,4522.41,4527.72,4503.75,4504.48,4345.12516928,4441.947763356139,4411.159363493768,39.43214285714283
2026.08.20 04:00,4504.44,4509.97,4484.4,4488.44,4359.732755737599,4451.246210684912,4418.184875903426,39.24714285714288
2026.08.20 08:00,4488.43,4498.42,4477.67,4489.1,4373.171735278592,4458.81696854793,4424.631705366751,38.93071428571436
2026.08.20 12:00,4489.14,4494.53,4450.42,4474.59,4385.535596456304,4461.971574838344,4429.1733685152285,38.70428571428578
2026.08.20 16:00,4474.65,4540.8,4469.17,4509.77,4396.9103487398,4471.531259870675,4436.500335013844,42.5714285714286
2026.08.20 20:00,4509.91,4531.95,4507.5,4519.03,4411.299313865819,4481.03100789654,4444.003031830767,43.32785714285718
2026.08.21 00:00,4517.09,4532.67,4509.7,4510.3,4424.249382479237,4486.884806317233,4450.030028937062,41.02642857142859
2026.08.21 04:00,4510.25,4547.71,4508.61,4540.38,4435.904444231313,4497.583845053787,4458.2436626700555,41.01928571428571
2026.08.21 08:00,4540.35,4584.67,4528.97,4583.84,4449.321110923555,4514.835076043029,4469.661511518232,43.55928571428567
2026.08.21 12:00,4583.83,4604.31,4563.3,4577.69,4468.2699553942575,4527.406060834423,4479.482283198393,43.81999999999999
2026.08.21 16:00,4577.68,4628.95,4573.19,4628.73,4490.036362531177,4547.670848667539,4493.050257453085,45.797857142857175
2026.08.21 20:00,4628.72,4632.07,4602.17,4603.92,4515.040817275565,4558.9206789340315,4503.12932495735,41.567142857142855
2026.08.24 00:00,4616.44,4640.67,4594.44,4621.68,4538.446653820452,4571.472543147225,4513.906659052136,39.52214285714291
2026.08.24 04:00,4621.64,4656.57,4607.79,4638.7,4558.891323056362,4584.91803451778,4525.251508229214,39.28071428571433
2026.08.24 08:00,4638.74,4659.7,4628.65,4637.72,4578.42705844509,4595.4784276142245,4535.4759165720125,39.786428571428615
2026.08.24 12:00,4637.73,4669.92,4632.68,4662.55,4594.681646756072,4608.89274209138,4547.028105974557,40.61999999999998
2026.08.24 16:00,4662.88,4680.61,4639.72,4644.65,4609.729317404857,4616.044193673104,4555.902823613233,42.05857142857137
2026.08.24 20:00,4644.67,4655.79,4624.92,4651.61,4623.905453923886,4623.157354938483,4564.603476012029,41.1128571428571
