level_id,level_price,direction,source,source_tf,created_at,touch_number,age_at_trigger_hours,trigger_time,trigger_price,penetration_at_trigger_pips,max_additional_penetration_after_trigger_pips,time_to_max_penetration_hours,time_to_first_reclaim_level_hours,time_to_reclaim_trigger_price_hours,time_to_reversal_0_25ATR_hours,time_to_reversal_0_5ATR_hours,time_to_reversal_1ATR_hours,atr_h4_at_trigger_pips,level_replaced_before_horizon,IMMEDIATE_FADE_available,IMMEDIATE_FADE_entry_price,IMMEDIATE_FADE_entry_delay_hours,IMMEDIATE_FADE_outcome,RECLAIM_LEVEL_available,RECLAIM_LEVEL_entry_price,RECLAIM_LEVEL_entry_delay_hours,RECLAIM_LEVEL_outcome,RECLAIM_TRIGGER_available,RECLAIM_TRIGGER_entry_price,RECLAIM_TRIGGER_entry_delay_hours,RECLAIM_TRIGGER_outcome,REACTION_CANDLE_available,REACTION_CANDLE_entry_price,REACTION_CANDLE_entry_delay_hours,REACTION_CANDLE_outcome,MICRO_STRUCTURE_SHIFT_available,MICRO_STRUCTURE_SHIFT_entry_price,MICRO_STRUCTURE_SHIFT_entry_delay_hours,MICRO_STRUCTURE_SHIFT_outcome,LIMIT_RETEST_available,LIMIT_RETEST_entry_price,LIMIT_RETEST_entry_delay_hours,LIMIT_RETEST_outcome,IMMEDIATE_FADE_MFE_4h,IMMEDIATE_FADE_MAE_4h,RECLAIM_LEVEL_MFE_4h,RECLAIM_LEVEL_MAE_4h,RECLAIM_TRIGGER_MFE_4h,RECLAIM_TRIGGER_MAE_4h,REACTION_CANDLE_MFE_4h,REACTION_CANDLE_MAE_4h,MICRO_STRUCTURE_SHIFT_MFE_4h,MICRO_STRUCTURE_SHIFT_MAE_4h,LIMIT_RETEST_MFE_4h,LIMIT_RETEST_MAE_4h
16,1824.9,SELL,WICK_H4,H4,2023-10-04 04:00:00,1,11.25,2023-10-04 15:15:00,1828.4,35.0,20.4,0.0,,0.0,0.0,,,78.0,True,True,1828.4,0.0,TP,False,,,NO_ENTRY,True,1828.4,0.0,TP,False,,,NO_ENTRY,False,,,NO_ENTRY,False,,,NO_ENTRY,114.5,20.4,,,114.5,20.4,,,,,,
22,1823.54,SELL,WICK_H4,H4,2023-10-05 00:00:00,2,4.0,2023-10-05 04:00:00,1827.04,35.0,20.0,3.0,,0.0,,,,73.88,True,True,1827.04,0.0,TP,False,,,NO_ENTRY,True,1827.04,0.0,TP,False,,,NO_ENTRY,False,,,NO_ENTRY,False,,,NO_ENTRY,15.6,20.0,,,15.6,20.0,,,,,,
33,1824.98,SELL,WICK_H4,H4,2023-10-06 16:00:00,2,1.25,2023-10-06 17:15:00,1828.48,35.0,62.5,1.5,0.5,0.25,0.0,0.0,,83.71,True,True,1828.48,0.0,SL,True,1824.98,0.5,SL,True,1828.48,0.25,SL,False,,,NO_ENTRY,False,,,NO_ENTRY,False,,,NO_ENTRY,59.0,62.5,24.0,97.5,59.0,62.5,,,,,,
36,1833.85,SELL,WICK_H4,H4,2023-10-07 00:00:00,1,49.25,2023-10-09 01:15:00,1837.35,35.0,150.0,2.5,,,,,,92.36,True,True,1837.35,0.0,SL,False,,,NO_ENTRY,False,,,NO_ENTRY,False,,,NO_ENTRY,False,,,NO_ENTRY,False,,,NO_ENTRY,-79.8,153.0,,,,,,,,,,
44,1853.07,SELL,WICK_H4,H4,2023-10-09 20:00:00,1,1.75,2023-10-09 21:45:00,1856.57,35.0,68.0,0.75,,,,,,90.74,True,True,1856.57,0.0,SL,False,,,NO_ENTRY,False,,,NO_ENTRY,False,,,NO_ENTRY,False,,,NO_ENTRY,False,,,NO_ENTRY,20.9,68.0,,,,,,,,,,
46,1863.37,SELL,WICK_H4,H4,2023-10-10 00:00:00,3,34.5,2023-10-11 10:30:00,1866.87,35.0,77.8,3.0,,0.0,0.0,,,76.01,True,True,1866.87,0.0,SL,False,,,NO_ENTRY,True,1866.87,0.0,SL,False,,,NO_ENTRY,True,1870.6,4.75,SL,False,,,NO_ENTRY,34.6,77.8,,,34.6,77.8,,,42.7,64.9,,
52,1877.09,SELL,WICK_H4,H4,2023-10-11 20:00:00,3,13.5,2023-10-12 09:30:00,1880.59,35.0,19.1,0.0,,1.25,1.25,,,68.18,True,True,1880.59,0.0,SL,False,,,NO_ENTRY,True,1880.59,1.25,SL,False,,,NO_ENTRY,False,,,NO_ENTRY,False,,,NO_ENTRY,20.8,20.2,,,20.8,37.6,,,,,,
56,1884.85,SELL,WICK_H4,H4,2023-10-12 16:00:00,1,21.0,2023-10-13 13:00:00,1888.35,35.0,306.6,2.5,,0.0,,,,89.84,True,True,1888.35,0.0,SL,False,,,NO_ENTRY,True,1888.35,0.0,SL,False,,,NO_ENTRY,False,,,NO_ENTRY,False,,,NO_ENTRY,18.2,306.6,,,18.2,306.6,,,,,,
58,1919.01,SELL,WICK_H4,H4,2023-10-13 16:00:00,1,2.75,2023-10-13 18:45:00,1922.51,35.0,100.2,5.0,59.25,54.25,58.25,,,99.08,True,True,1922.51,0.0,SL,True,1919.01,59.25,TP,True,1922.51,54.25,SL,True,1921.54,57.25,TP,True,1922.06,54.25,SL,True,1919.01,59.5,TP,15.5,81.0,109.8,13.3,28.1,55.7,36.3,18.3,23.6,60.2,109.8,12.7
69,1921.24,SELL,WICK_H4,H4,2023-10-17 12:00:00,1,1.0,2023-10-17 13:00:00,1924.74,35.0,41.8,2.25,,0.25,0.0,2.5,,89.22,True,True,1924.74,0.0,SL,False,,,NO_ENTRY,True,1924.74,0.25,SL,False,,,NO_ENTRY,False,,,NO_ENTRY,False,,,NO_ENTRY,58.7,67.1,,,58.7,67.1,,,,,,
71,1931.45,SELL,WICK_H4,H4,2023-10-17 20:00:00,1,8.5,2023-10-18 04:30:00,1934.95,35.0,77.0,0.5,,,,,,91.02,True,True,1934.95,0.0,SL,False,,,NO_ENTRY,False,,,NO_ENTRY,False,,,NO_ENTRY,False,,,NO_ENTRY,False,,,NO_ENTRY,-1.2,77.0,,,,,,,,,,
75,1939.96,SELL,WICK_H4,H4,2023-10-18 12:00:00,1,0.5,2023-10-18 12:30:00,1943.46,35.0,190.3,4.25,,5.5,0.0,5.5,,90.17,True,True,1943.46,0.0,SL,False,,,NO_ENTRY,True,1943.46,5.5,SL,False,,,NO_ENTRY,True,1941.03,5.5,SL,False,,,NO_ENTRY,29.9,162.0,,,53.9,130.7,,,29.6,155.0,,
85,1956.96,SELL,WICK_H4,H4,2023-10-19 16:00:00,1,3.0,2023-10-19 19:00:00,1960.46,35.0,171.2,3.25,0.25,0.0,0.0,0.0,,96.96,True,True,1960.46,0.0,SL,True,1956.96,0.25,SL,True,1960.46,0.0,SL,False,,,NO_ENTRY,False,,,NO_ENTRY,True,1956.96,0.5,SL,84.6,171.2,49.6,206.2,84.6,171.2,,,,,49.6,206.2
91,1981.87,SELL,WICK_H4,H4,2023-10-20 08:00:00,2,6.0,2023-10-20 14:00:00,1985.37,35.0,4.3,0.0,0.5,0.0,0.25,0.75,1.25,104.11,True,True,1985.37,0.0,TP,True,1981.87,0.5,SL,True,1985.37,0.0,TP,False,,,NO_ENTRY,True,1977.19,0.75,SL,False,,,NO_ENTRY,122.4,83.6,87.4,151.4,122.4,83.6,,,40.6,198.2,,
94,1985.8,SELL,WICK_H4,H4,2023-10-20 16:00:00,1,1.0,2023-10-20 17:00:00,1989.3,35.0,77.1,1.25,2.75,0.25,0.25,2.75,,111.36,True,True,1989.3,0.0,SL,True,1985.8,2.75,SL,True,1989.3,0.25,SL,False,,,NO_ENTRY,False,,,NO_ENTRY,False,,,NO_ENTRY,151.2,77.1,116.2,38.3,151.2,77.1,,,,,,
100,1978.43,SELL,WICK_H4,H4,2023-10-23 04:00:00,1,8.0,2023-10-23 12:00:00,1981.93,35.0,7.5,0.0,0.75,0.0,0.5,1.25,4.5,111.86,True,True,1981.93,0.0,TP,True,1978.43,0.75,SL,True,1981.93,0.0,TP,True,1974.35,8.0,SL,True,1970.08,4.5,SL,True,1978.43,1.0,SL,67.5,7.5,84.8,34.2,67.5,7.5,33.4,36.5,1.3,91.8,84.8,34.2
107,1975.75,SELL,WICK_H4,H4,2023-10-24 04:00:00,1,1.25,2023-10-24 05:15:00,1979.25,35.0,14.8,0.0,0.75,0.25,0.75,,,101.18,True,True,1979.25,0.0,TP,True,1975.75,0.75,SL,True,1979.25,0.25,TP,False,,,NO_ENTRY,False,,,NO_ENTRY,True,1975.75,2.0,SL,49.3,14.8,14.3,33.1,49.3,8.1,,,,,24.7,33.1
119,1976.78,SELL,WICK_H4,H4,2023-10-25 16:00:00,1,0.75,2023-10-25 16:45:00,1980.28,35.0,67.9,0.0,0.25,0.25,0.25,0.25,1.25,108.62,True,True,1980.28,0.0,SL,True,1976.78,0.25,SL,True,1980.28,0.25,SL,False,,,NO_ENTRY,False,,,NO_ENTRY,True,1976.78,1.5,SL,182.1,67.9,147.1,90.2,182.1,55.2,,,,,45.7,87.1
123,1985.49,SELL,WICK_H4,H4,2023-10-26 00:00:00,2,7.75,2023-10-26 07:45:00,1988.99,35.0,43.2,4.0,1.25,0.0,0.75,1.25,8.0,100.52,True,True,1988.99,0.0,SL,True,1985.49,1.25,SL,True,1988.99,0.0,SL,True,1979.43,8.25,SL,True,1988.99,5.5,TP,False,,,NO_ENTRY,52.0,43.2,17.0,78.2,52.0,43.2,77.8,76.6,173.4,21.0,,
127,1985.73,SELL,WICK_H4,H4,2023-10-26 20:00:00,1,0.25,2023-10-26 20:15:00,1989.23,35.0,0.3,0.0,0.75,0.0,0.0,1.75,,105.38,True,True,1989.23,0.0,TP,True,1985.73,0.75,SL,True,1989.23,0.0,TP,False,,,NO_ENTRY,True,1982.85,1.75,SL,True,1985.73,1.0,SL,70.4,0.3,35.4,12.4,70.4,0.3,,,6.6,39.0,35.4,11.5
133,1985.58,SELL,WICK_H4,H4,2023-10-27 20:00:00,1,0.5,2023-10-27 20:30:00,1989.08,35.0,202.4,1.5,,,,,,106.95,True,True,1989.08,0.0,SL,False,,,NO_ENTRY,False,,,NO_ENTRY,False,,,NO_ENTRY,False,,,NO_ENTRY,False,,,NO_ENTRY,13.5,202.4,,,,,,,,,,
146,2003.95,SELL,WICK_H4,H4,2023-10-31 16:00:00,1,0.25,2023-10-31 16:15:00,2007.45,35.0,3.9,0.0,0.25,0.0,0.0,0.25,0.75,101.74,True,True,2007.45,0.0,TP,True,2003.95,0.25,TP,True,2007.45,0.0,TP,False,,,NO_ENTRY,True,1988.95,1.75,SL,False,,,NO_ENTRY,274.3,3.9,253.0,4.6,274.3,3.9,,,103.0,57.0,,
153,1980.85,SELL,WICK_H4,H4,2023-11-01 08:00:00,2,5.5,2023-11-01 13:30:00,1984.35,35.0,40.2,1.0,,0.25,2.0,,,92.85,True,True,1984.35,0.0,SL,False,,,NO_ENTRY,True,1984.35,0.25,SL,False,,,NO_ENTRY,False,,,NO_ENTRY,False,,,NO_ENTRY,61.7,75.9,,,61.7,75.9,,,,,,
156,1988.37,SELL,WICK_H4,H4,2023-11-01 16:00:00,1,0.5,2023-11-01 16:30:00,1991.87,35.0,0.7,0.0,0.25,0.0,0.0,0.25,0.75,98.74,True,True,1991.87,0.0,TP,True,1988.37,0.25,SL,True,1991.87,0.0,TP,False,,,NO_ENTRY,True,1978.64,1.0,SL,False,,,NO_ENTRY,211.5,0.7,186.6,27.7,211.5,0.7,,,89.3,43.1,,
167,1986.56,SELL,WICK_H4,H4,2023-11-02 20:00:00,3,15.25,2023-11-03 11:15:00,1990.06,35.0,139.0,3.5,,0.0,1.0,3.0,,77.75,True,True,1990.06,0.0,SL,False,,,NO_ENTRY,True,1990.06,0.0,SL,False,,,NO_ENTRY,False,,,NO_ENTRY,False,,,NO_ENTRY,45.7,139.0,,,45.7,139.0,,,,,,
207,1939.57,SELL,WICK_H4,H4,2023-11-13 16:00:00,1,2.5,2023-11-13 18:30:00,1943.07,35.0,60.0,0.75,,,,,,78.92,True,True,1943.07,0.0,SL,False,,,NO_ENTRY,False,,,NO_ENTRY,False,,,NO_ENTRY,False,,,NO_ENTRY,False,,,NO_ENTRY,4.6,60.0,,,,,,,,,,
212,1948.27,SELL,WICK_H4,H4,2023-11-14 04:00:00,1,11.75,2023-11-14 15:45:00,1951.77,35.0,55.4,0.0,,,,,,72.94,True,True,1951.77,0.0,SL,False,,,NO_ENTRY,False,,,NO_ENTRY,False,,,NO_ENTRY,False,,,NO_ENTRY,False,,,NO_ENTRY,-13.0,189.0,,,,,,,,,,
213,1959.11,SELL,WICK_H4,H4,2023-11-14 16:00:00,1,0.5,2023-11-14 16:30:00,1962.61,35.0,80.6,0.0,,2.5,0.0,,,79.97,True,True,1962.61,0.0,SL,False,,,NO_ENTRY,True,1962.61,2.5,SL,False,,,NO_ENTRY,False,,,NO_ENTRY,False,,,NO_ENTRY,38.0,80.6,,,10.5,23.8,,,,,,
215,1970.67,SELL,WICK_H4,H4,2023-11-14 20:00:00,2,19.5,2023-11-15 15:30:00,1974.17,35.0,9.2,0.0,0.0,0.0,0.0,0.0,0.0,73.65,True,True,1974.17,0.0,TP,True,1970.67,0.0,SL,True,1974.17,0.0,TP,False,,,NO_ENTRY,True,1963.9,0.0,SL,False,,,NO_ENTRY,188.9,9.2,153.9,44.2,188.9,9.2,,,86.2,111.9,,
219,1961.24,SELL,WICK_H4,H4,2023-11-16 04:00:00,1,4.25,2023-11-16 08:15:00,1964.74,35.0,37.1,2.75,,0.0,,,,69.97,True,True,1964.74,0.0,SL,False,,,NO_ENTRY,True,1964.74,0.0,SL,False,,,NO_ENTRY,False,,,NO_ENTRY,False,,,NO_ENTRY,8.5,37.1,,,8.5,37.1,,,,,,
221,1968.45,SELL,WICK_H4,H4,2023-11-16 12:00:00,1,3.75,2023-11-16 15:45:00,1971.95,35.0,159.0,2.5,,0.5,,,,72.68,True,True,1971.95,0.0,SL,False,,,NO_ENTRY,True,1971.95,0.5,SL,False,,,NO_ENTRY,True,1981.93,3.0,SL,False,,,NO_ENTRY,15.6,159.0,,,4.9,159.0,,,19.3,31.7,,
226,1986.93,SELL,WICK_H4,H4,2023-11-17 08:00:00,2,3.0,2023-11-17 11:00:00,1990.43,35.0,28.1,1.25,4.5,2.0,0.0,4.5,,75.01,True,True,1990.43,0.0,SL,True,1986.93,4.5,SL,True,1990.43,2.0,TP,True,1984.68,5.0,TP,True,1985.0,4.5,TP,False,,,NO_ENTRY,31.7,28.1,84.4,35.3,111.7,12.6,61.9,19.1,65.1,54.6,,
238,1976.11,SELL,WICK_H4,H4,2023-11-20 20:00:00,1,5.0,2023-11-21 01:00:00,1979.61,35.0,145.2,4.75,,,0.0,,,82.14,True,True,1979.61,0.0,SL,False,,,NO_ENTRY,False,,,NO_ENTRY,False,,,NO_ENTRY,False,,,NO_ENTRY,False,,,NO_ENTRY,24.4,129.6,,,,,,,,,,
241,1994.17,SELL,WICK_H4,H4,2023-11-21 12:00:00,1,3.5,2023-11-21 15:30:00,1997.67,35.0,25.4,0.0,,0.0,0.0,,,86.46,True,True,1997.67,0.0,SL,False,,,NO_ENTRY,True,1997.67,0.0,SL,False,,,NO_ENTRY,False,,,NO_ENTRY,False,,,NO_ENTRY,41.5,97.4,,,41.5,97.4,,,,,,
242,2000.21,SELL,WICK_H4,H4,2023-11-21 16:00:00,1,0.5,2023-11-21 16:30:00,2003.71,35.0,37.0,0.5,1.75,1.5,0.0,1.75,,87.55,True,True,2003.71,0.0,SL,True,2000.21,1.75,SL,True,2003.71,1.5,SL,False,,,NO_ENTRY,False,,,NO_ENTRY,True,2000.21,2.75,SL,60.2,37.0,41.3,34.0,76.3,14.8,,,,,41.3,15.4
255,1994.84,SELL,WICK_H4,H4,2023-11-24 04:00:00,1,11.5,2023-11-24 15:30:00,1998.34,35.0,35.6,0.0,,,0.0,,,61.43,True,True,1998.34,0.0,SL,False,,,NO_ENTRY,False,,,NO_ENTRY,False,,,NO_ENTRY,False,,,NO_ENTRY,False,,,NO_ENTRY,21.3,51.0,,,,,,,,,,
258,2003.44,SELL,WICK_H4,H4,2023-11-24 20:00:00,3,55.25,2023-11-27 03:15:00,2006.94,35.0,109.7,0.0,,,,,,67.36,True,True,2006.94,0.0,SL,False,,,NO_ENTRY,False,,,NO_ENTRY,False,,,NO_ENTRY,False,,,NO_ENTRY,False,,,NO_ENTRY,12.7,109.7,,,,,,,,,,
271,2017.55,SELL,WICK_H4,H4,2023-11-28 08:00:00,1,7.75,2023-11-28 15:45:00,2021.05,35.0,218.1,3.5,,,0.0,,,65.61,True,True,2021.05,0.0,SL,False,,,NO_ENTRY,False,,,NO_ENTRY,False,,,NO_ENTRY,False,,,NO_ENTRY,False,,,NO_ENTRY,31.7,218.1,,,,,,,,,,
274,2042.86,SELL,WICK_H4,H4,2023-11-28 20:00:00,1,6.75,2023-11-29 02:45:00,2046.36,35.0,54.7,0.25,,,,,,77.85,True,True,2046.36,0.0,SL,False,,,NO_ENTRY,False,,,NO_ENTRY,False,,,NO_ENTRY,False,,,NO_ENTRY,False,,,NO_ENTRY,35.1,54.7,,,,,,,,,,
279,2042.83,SELL,WICK_H4,H4,2023-11-29 16:00:00,1,1.0,2023-11-29 17:00:00,2046.33,35.0,4.6,0.0,0.0,0.0,0.0,0.0,,79.24,True,True,2046.33,0.0,SL,True,2042.83,0.0,SL,True,2046.33,0.0,SL,False,,,NO_ENTRY,False,,,NO_ENTRY,True,2042.83,1.0,SL,73.5,31.3,38.5,66.3,73.5,31.3,,,,,34.2,66.3
291,2038.6,SELL,WICK_H4,H4,2023-12-01 00:00:00,1,2.5,2023-12-01 02:30:00,2042.1,35.0,11.9,0.5,,0.0,,,,76.17,True,True,2042.1,0.0,SL,False,,,NO_ENTRY,True,2042.1,0.0,SL,False,,,NO_ENTRY,False,,,NO_ENTRY,False,,,NO_ENTRY,35.1,11.9,,,35.1,11.9,,,,,,
293,2043.29,SELL,WICK_H4,H4,2023-12-01 04:00:00,1,7.25,2023-12-01 11:15:00,2046.79,35.0,29.3,0.25,,0.5,,,,75.93,True,True,2046.79,0.0,SL,False,,,NO_ENTRY,True,2046.79,0.5,TP,False,,,NO_ENTRY,False,,,NO_ENTRY,False,,,NO_ENTRY,129.9,29.3,,,129.9,16.4,,,,,,
295,2049.72,SELL,WICK_H4,H4,2023-12-01 12:00:00,2,6.0,2023-12-01 18:00:00,2053.22,35.0,219.9,2.5,,,0.0,0.0,,97.44,True,True,2053.22,0.0,SL,False,,,NO_ENTRY,False,,,NO_ENTRY,False,,,NO_ENTRY,False,,,NO_ENTRY,False,,,NO_ENTRY,87.9,219.9,,,,,,,,,,
299,2075.21,SELL,WICK_H4,H4,2023-12-02 00:00:00,1,49.25,2023-12-04 01:15:00,2078.71,35.0,659.2,0.25,,,0.0,,,142.88,True,True,2078.71,0.0,SL,False,,,NO_ENTRY,False,,,NO_ENTRY,False,,,NO_ENTRY,False,,,NO_ENTRY,False,,,NO_ENTRY,39.7,659.2,,,,,,,,,,
309,2032.17,SELL,WICK_H4,H4,2023-12-05 00:00:00,1,2.25,2023-12-05 02:15:00,2035.67,35.0,53.9,0.25,,1.25,,,,160.26,True,True,2035.67,0.0,SL,False,,,NO_ENTRY,True,2035.67,1.25,SL,False,,,NO_ENTRY,False,,,NO_ENTRY,False,,,NO_ENTRY,23.2,53.9,,,53.8,25.9,,,,,,
318,2022.56,SELL,WICK_H4,H4,2023-12-06 04:00:00,3,4.25,2023-12-06 08:15:00,2026.06,35.0,96.6,1.5,3.5,0.0,3.0,,,133.17,True,True,2026.06,0.0,SL,True,2022.56,3.5,SL,True,2026.06,0.0,SL,False,,,NO_ENTRY,False,,,NO_ENTRY,False,,,NO_ENTRY,60.0,96.6,25.0,91.8,60.0,96.6,,,,,,
326,2029.87,SELL,WICK_H4,H4,2023-12-07 08:00:00,2,2.5,2023-12-07 10:30:00,2033.37,35.0,64.2,5.25,,0.25,3.0,,,112.63,True,True,2033.37,0.0,SL,False,,,NO_ENTRY,True,2033.37,0.25,SL,False,,,NO_ENTRY,True,2031.4,2.75,SL,False,,,NO_ENTRY,39.6,16.0,,,39.6,16.0,,,63.2,83.9,,
345,1988.94,SELL,WICK_H4,H4,2023-12-12 12:00:00,2,3.5,2023-12-12 15:30:00,1992.44,35.0,41.8,0.0,0.0,0.0,0.0,0.0,,101.6,True,True,1992.44,0.0,SL,True,1988.94,0.0,SL,True,1992.44,0.0,SL,False,,,NO_ENTRY,True,1985.19,0.0,SL,False,,,NO_ENTRY,149.9,41.8,114.9,76.8,149.9,41.8,,,77.4,114.3,,
355,1986.04,SELL,WICK_H4,H4,2023-12-13 20:00:00,1,1.25,2023-12-13 21:15:00,1989.54,35.0,496.2,5.5,,,,,,115.63,True,True,1989.54,0.0,SL,False,,,NO_ENTRY,False,,,NO_ENTRY,False,,,NO_ENTRY,False,,,NO_ENTRY,False,,,NO_ENTRY,-122.5,455.7,,,,,,,,,,
363,2039.09,SELL,WICK_H4,H4,2023-12-14 16:00:00,2,0.75,2023-12-14 16:45:00,2042.59,35.0,51.8,0.0,0.75,0.5,0.75,0.75,,115.54,True,True,2042.59,0.0,SL,True,2039.09,0.75,SL,True,2042.59,0.5,SL,False,,,NO_ENTRY,True,2035.93,2.75,SL,True,2039.09,2.25,TP,136.1,51.8,101.1,35.2,136.1,40.4,,,69.5,21.9,101.1,4.0
368,2037.37,SELL,WICK_H4,H4,2023-12-15 08:00:00,1,3.0,2023-12-15 11:00:00,2040.87,35.0,38.9,3.5,4.5,0.5,4.5,4.5,4.5,105.5,True,True,2040.87,0.0,SL,True,2037.37,4.5,SL,True,2040.87,0.5,SL,True,2031.31,5.0,SL,True,2028.47,4.5,SL,False,,,NO_ENTRY,9.8,38.9,105.4,65.7,140.1,38.9,0.6,71.9,16.4,154.7,,
373,2023.34,SELL,WICK_H4,H4,2023-12-18 04:00:00,4,7.25,2023-12-18 11:15:00,2026.84,35.0,3.4,0.0,0.5,0.0,0.0,,,103.14,True,True,2026.84,0.0,SL,True,2023.34,0.5,SL,True,2026.84,0.0,SL,False,,,NO_ENTRY,False,,,NO_ENTRY,False,,,NO_ENTRY,81.7,3.4,46.7,27.2,81.7,3.4,,,,,,
375,2027.18,SELL,WICK_H4,H4,2023-12-18 12:00:00,1,8.0,2023-12-18 20:00:00,2030.68,35.0,28.8,0.0,0.25,0.0,0.0,0.5,,102.14,True,True,2030.68,0.0,SL,True,2027.18,0.25,SL,True,2030.68,0.0,SL,True,2025.95,8.0,SL,False,,,NO_ENTRY,True,2027.18,0.5,SL,58.6,28.8,23.6,9.6,58.6,28.8,43.6,4.5,,,23.6,6.0
381,2028.31,SELL,WICK_H4,H4,2023-12-19 12:00:00,1,3.25,2023-12-19 15:15:00,2031.81,35.0,6.8,0.0,,0.0,0.25,,,90.62,True,True,2031.81,0.0,SL,False,,,NO_ENTRY,True,2031.81,0.0,SL,False,,,NO_ENTRY,False,,,NO_ENTRY,False,,,NO_ENTRY,34.4,150.4,,,34.4,150.4,,,,,,
382,2032.49,SELL,WICK_H4,H4,2023-12-19 16:00:00,1,0.75,2023-12-19 16:45:00,2035.99,35.0,108.6,1.75,,,,,,97.04,True,True,2035.99,0.0,SL,False,,,NO_ENTRY,False,,,NO_ENTRY,False,,,NO_ENTRY,False,,,NO_ENTRY,False,,,NO_ENTRY,-6.0,108.6,,,,,,,,,,
393,2038.08,SELL,WICK_H4,H4,2023-12-21 08:00:00,2,7.75,2023-12-21 15:45:00,2041.58,35.0,16.2,0.0,,0.0,,,,80.96,True,True,2041.58,0.0,SL,False,,,NO_ENTRY,True,2041.58,0.0,SL,False,,,NO_ENTRY,False,,,NO_ENTRY,False,,,NO_ENTRY,50.2,43.1,,,50.2,43.1,,,,,,
396,2045.89,SELL,WICK_H4,H4,2023-12-21 20:00:00,1,5.25,2023-12-22 01:15:00,2049.3900000000003,35.0,54.7,0.5,,0.0,1.0,,,82.98,True,True,2049.3900000000003,0.0,SL,False,,,NO_ENTRY,True,2049.3900000000003,0.0,SL,False,,,NO_ENTRY,False,,,NO_ENTRY,False,,,NO_ENTRY,26.9,54.7,,,26.9,54.7,,,,,,
400,2051.11,SELL,WICK_H4,H4,2023-12-22 08:00:00,1,4.0,2023-12-22 12:00:00,2054.61,35.0,145.3,3.75,,,,,,85.28,True,True,2054.61,0.0,SL,False,,,NO_ENTRY,False,,,NO_ENTRY,False,,,NO_ENTRY,False,,,NO_ENTRY,False,,,NO_ENTRY,13.3,148.1,,,,,,,,,,
404,2057.93,SELL,WICK_H4,H4,2023-12-23 00:00:00,2,75.75,2023-12-26 03:45:00,2061.43,35.0,35.6,0.5,,3.75,0.0,,,92.77,True,True,2061.43,0.0,SL,False,,,NO_ENTRY,True,2061.43,3.75,SL,True,2062.63,4.25,SL,True,2061.36,3.75,SL,False,,,NO_ENTRY,26.4,35.6,,,10.2,35.1,22.2,23.1,9.5,35.8,,
408,2061.77,SELL,WICK_H4,H4,2023-12-26 20:00:00,1,2.5,2023-12-26 22:30:00,2065.27,35.0,49.0,16.0,,3.5,14.0,,,85.18,True,True,2065.27,0.0,SL,False,,,NO_ENTRY,True,2065.27,3.5,SL,True,2066.62,5.5,SL,True,2064.6,3.5,SL,False,,,NO_ENTRY,19.2,36.4,,,14.3,24.7,26.7,5.0,7.6,31.4,,
411,2070.17,SELL,WICK_H4,H4,2023-12-27 16:00:00,1,1.25,2023-12-27 17:15:00,2073.67,35.0,106.6,2.75,,,0.0,,,83.24,True,True,2073.67,0.0,SL,False,,,NO_ENTRY,False,,,NO_ENTRY,True,2077.25,6.75,SL,True,2076.27,3.25,SL,False,,,NO_ENTRY,21.5,106.6,,,,,5.9,110.6,4.9,55.3,,
414,2084.33,SELL,WICK_H4,H4,2023-12-28 00:00:00,1,4.75,2023-12-28 04:45:00,2087.83,35.0,4.8,0.25,5.25,0.25,0.0,5.25,5.5,81.9,True,True,2087.83,0.0,TP,True,2084.33,5.25,TP,True,2087.83,0.25,TP,True,2076.86,7.25,SL,True,2084.73,3.25,SL,False,,,NO_ENTRY,36.8,4.8,131.5,19.9,36.8,4.8,56.8,22.9,121.5,26.8,,
426,2069.69,SELL,WICK_H4,H4,2024-01-02 04:00:00,1,3.75,2024-01-02 07:45:00,2073.19,35.0,56.3,3.75,,2.0,,,,86.09,True,True,2073.19,0.0,SL,False,,,NO_ENTRY,True,2073.19,2.0,SL,False,,,NO_ENTRY,True,2073.07,2.0,SL,False,,,NO_ENTRY,15.0,56.3,,,50.3,56.3,,,49.1,57.5,,
440,2046.85,SELL,WICK_H4,H4,2024-01-04 08:00:00,1,3.5,2024-01-04 11:30:00,2050.35,35.0,4.5,0.0,,0.0,0.0,,,91.31,True,True,2050.35,0.0,TP,False,,,NO_ENTRY,True,2050.35,0.0,TP,False,,,NO_ENTRY,False,,,NO_ENTRY,False,,,NO_ENTRY,116.8,4.5,,,116.8,4.5,,,,,,
450,2041.83,SELL,WICK_H4,H4,2024-01-05 16:00:00,1,0.25,2024-01-05 16:15:00,2045.33,35.0,185.6,1.0,3.0,0.25,0.0,0.0,,103.06,True,True,2045.33,0.0,SL,True,2041.83,3.0,SL,True,2045.33,0.25,SL,False,,,NO_ENTRY,False,,,NO_ENTRY,False,,,NO_ENTRY,58.7,185.6,14.9,84.2,49.9,185.6,,,,,,
456,2033.17,SELL,WICK_H4,H4,2024-01-08 12:00:00,1,6.0,2024-01-08 18:00:00,2036.67,35.0,1.0,0.0,0.5,0.0,0.0,1.0,,108.2,True,True,2036.67,0.0,TP,True,2033.17,0.5,SL,True,2036.67,0.0,TP,False,,,NO_ENTRY,False,,,NO_ENTRY,True,2033.17,0.75,SL,106.3,1.0,71.3,10.1,106.3,1.0,,,,,71.8,2.8
460,2029.72,SELL,WICK_H4,H4,2024-01-09 00:00:00,1,2.25,2024-01-09 02:15:00,2033.22,35.0,22.8,0.75,,1.0,,,,101.64,True,True,2033.22,0.0,SL,False,,,NO_ENTRY,True,2033.22,1.0,SL,False,,,NO_ENTRY,False,,,NO_ENTRY,False,,,NO_ENTRY,21.6,25.3,,,21.6,25.3,,,,,,
477,2035.52,SELL,WICK_H4,H4,2024-01-11 12:00:00,1,3.5,2024-01-11 15:30:00,2039.02,35.0,48.1,0.0,0.0,0.0,0.0,0.0,0.0,93.32,True,True,2039.02,0.0,SL,True,2035.52,0.0,SL,True,2039.02,0.0,SL,False,,,NO_ENTRY,True,2030.38,0.0,SL,False,,,NO_ENTRY,255.4,48.1,220.4,83.1,255.4,48.1,,,169.0,134.5,,
481,2035.42,SELL,WICK_H4,H4,2024-01-12 04:00:00,2,5.5,2024-01-12 09:30:00,2038.92,35.0,10.4,1.5,,0.0,0.0,,,96.43,True,True,2038.92,0.0,SL,False,,,NO_ENTRY,True,2038.92,0.0,SL,False,,,NO_ENTRY,False,,,NO_ENTRY,False,,,NO_ENTRY,33.8,83.4,,,33.8,83.4,,,,,,
482,2039.96,SELL,WICK_H4,H4,2024-01-12 12:00:00,1,0.75,2024-01-12 12:45:00,2043.46,35.0,186.2,3.75,,6.75,,,,102.84,True,True,2043.46,0.0,SL,False,,,NO_ENTRY,True,2043.46,6.75,SL,True,2043.8,7.25,SL,True,2048.17,6.0,SL,False,,,NO_ENTRY,12.1,186.2,,,21.4,55.8,9.2,52.7,68.5,36.0,,
508,2017.13,SELL,WICK_H4,H4,2024-01-18 16:00:00,2,4.5,2024-01-18 20:30:00,2020.63,35.0,47.5,7.0,,0.0,0.0,,,89.81,True,True,2020.63,0.0,SL,False,,,NO_ENTRY,True,2020.63,0.0,SL,False,,,NO_ENTRY,False,,,NO_ENTRY,False,,,NO_ENTRY,24.1,38.5,,,24.1,38.5,,,,,,
510,2025.38,SELL,WICK_H4,H4,2024-01-19 04:00:00,1,5.75,2024-01-19 09:45:00,2028.88,35.0,103.4,5.75,,0.0,0.25,,,84.9,True,True,2028.88,0.0,SL,False,,,NO_ENTRY,True,2028.88,0.0,SL,False,,,NO_ENTRY,False,,,NO_ENTRY,False,,,NO_ENTRY,28.3,29.4,,,28.3,29.4,,,,,,
517,2026.19,SELL,WICK_H4,H4,2024-01-22 12:00:00,1,2.5,2024-01-22 14:30:00,2029.69,35.0,3.4,0.25,0.5,0.0,0.0,0.75,1.25,83.65,True,True,2029.69,0.0,TP,True,2026.19,0.5,SL,True,2029.69,0.0,TP,False,,,NO_ENTRY,False,,,NO_ENTRY,False,,,NO_ENTRY,133.6,3.4,98.6,34.4,133.6,3.4,,,,,,
520,2026.42,SELL,WICK_H4,H4,2024-01-22 20:00:00,1,11.5,2024-01-23 07:30:00,2029.92,35.0,78.1,1.5,,0.5,1.75,,,79.84,True,True,2029.92,0.0,SL,False,,,NO_ENTRY,True,2029.92,0.5,SL,True,2028.48,4.5,SL,False,,,NO_ENTRY,False,,,NO_ENTRY,24.0,78.1,,,40.6,78.1,62.1,16.9,,,,
528,2027.61,SELL,WICK_H4,H4,2024-01-23 20:00:00,3,13.5,2024-01-24 09:30:00,2031.11,35.0,28.3,2.0,,0.0,0.0,,,76.62,True,True,2031.11,0.0,SL,False,,,NO_ENTRY,True,2031.11,0.0,SL,False,,,NO_ENTRY,False,,,NO_ENTRY,False,,,NO_ENTRY,38.1,28.3,,,38.1,28.3,,,,,,
549,2027.49,SELL,WICK_H4,H4,2024-01-29 08:00:00,1,1.0,2024-01-29 09:00:00,2030.99,35.0,26.9,0.5,,0.0,0.0,,,77.37,True,True,2030.99,0.0,SL,False,,,NO_ENTRY,True,2030.99,0.0,SL,False,,,NO_ENTRY,False,,,NO_ENTRY,False,,,NO_ENTRY,55.4,26.9,,,55.4,26.9,,,,,,
551,2033.68,SELL,WICK_H4,H4,2024-01-29 12:00:00,1,3.75,2024-01-29 15:45:00,2037.18,35.0,2.5,0.0,0.5,0.0,0.0,0.5,0.75,80.49,True,True,2037.18,0.0,TP,True,2033.68,0.5,TP,True,2037.18,0.0,TP,True,2029.2,4.25,SL,True,2024.33,0.75,SL,False,,,NO_ENTRY,167.5,2.5,132.5,21.2,167.5,2.5,42.5,59.5,39.0,84.9,,
554,2035.15,SELL,WICK_H4,H4,2024-01-30 00:00:00,2,9.5,2024-01-30 09:30:00,2038.65,35.0,15.6,0.0,,0.0,0.0,,,81.47,True,True,2038.65,0.0,SL,False,,,NO_ENTRY,True,2038.65,0.0,SL,False,,,NO_ENTRY,False,,,NO_ENTRY,False,,,NO_ENTRY,75.1,15.6,,,75.1,15.6,,,,,,
557,2040.21,SELL,WICK_H4,H4,2024-01-30 12:00:00,1,4.25,2024-01-30 16:15:00,2043.71,35.0,47.7,0.0,0.75,0.75,0.75,0.75,1.0,88.64,True,True,2043.71,0.0,SL,True,2040.21,0.75,SL,True,2043.71,0.75,SL,False,,,NO_ENTRY,True,2031.92,1.0,SL,False,,,NO_ENTRY,147.6,47.7,112.6,77.7,147.6,42.7,,,29.7,41.3,,
564,2040.33,SELL,WICK_H4,H4,2024-01-31 12:00:00,1,4.0,2024-01-31 16:00:00,2043.83,35.0,120.6,1.0,,,0.0,,,82.98,True,True,2043.83,0.0,SL,False,,,NO_ENTRY,False,,,NO_ENTRY,False,,,NO_ENTRY,False,,,NO_ENTRY,False,,,NO_ENTRY,32.0,120.6,,,,,,,,,,
569,2049.53,SELL,WICK_H4,H4,2024-02-01 08:00:00,2,10.0,2024-02-01 18:00:00,2053.03,35.0,122.5,0.75,,1.5,,,,100.05,True,True,2053.03,0.0,SL,False,,,NO_ENTRY,True,2053.03,1.5,SL,False,,,NO_ENTRY,False,,,NO_ENTRY,False,,,NO_ENTRY,18.6,122.5,,,18.6,90.3,,,,,,
580,2037.39,SELL,WICK_H4,H4,2024-02-02 20:00:00,2,53.0,2024-02-05 01:00:00,2040.89,35.0,11.3,0.0,1.25,0.0,1.0,1.25,,96.05,True,True,2040.89,0.0,TP,True,2037.39,1.25,TP,True,2040.89,0.0,TP,False,,,NO_ENTRY,True,2034.92,1.25,SL,False,,,NO_ENTRY,87.9,11.3,72.5,12.1,87.9,11.3,,,47.8,36.8,,
589,2030.83,SELL,WICK_H4,H4,2024-02-06 16:00:00,2,1.0,2024-02-06 17:00:00,2034.33,35.0,44.4,1.75,,0.0,0.0,0.0,,90.63,True,True,2034.33,0.0,SL,False,,,NO_ENTRY,True,2034.33,0.0,SL,False,,,NO_ENTRY,False,,,NO_ENTRY,False,,,NO_ENTRY,48.2,44.4,,,48.2,44.4,,,,,,
593,2036.02,SELL,WICK_H4,H4,2024-02-07 12:00:00,1,4.5,2024-02-07 16:30:00,2039.52,35.0,48.8,0.25,2.5,0.75,0.0,0.0,,78.1,True,True,2039.52,0.0,SL,True,2036.02,2.5,SL,True,2039.52,0.75,TP,False,,,NO_ENTRY,True,2034.37,2.75,SL,True,2036.02,3.0,SL,69.6,48.8,21.3,23.0,56.3,15.1,,,7.9,27.4,24.4,10.9
614,2021.45,SELL,WICK_H4,H4,2024-02-13 00:00:00,2,9.75,2024-02-13 09:45:00,2024.95,35.0,78.8,5.75,5.75,0.25,5.75,5.75,5.75,64.14,True,True,2024.95,0.0,SL,True,2021.45,5.75,SL,True,2024.95,0.25,SL,True,2004.24,6.25,TP,True,2011.5,5.75,TP,False,,,NO_ENTRY,5.6,42.3,314.3,113.8,5.6,42.3,142.2,15.4,214.8,213.3,,
630,1994.25,SELL,WICK_H4,H4,2024-02-15 04:00:00,2,8.75,2024-02-15 12:45:00,1997.75,35.0,104.8,3.75,,0.0,0.0,,,69.58,True,True,1997.75,0.0,SL,False,,,NO_ENTRY,True,1997.75,0.0,SL,True,2003.53,7.25,SL,True,2001.34,4.75,SL,False,,,NO_ENTRY,21.8,104.8,,,21.8,104.8,8.9,28.1,30.2,54.6,,
637,2007.92,SELL,WICK_H4,H4,2024-02-16 16:00:00,1,3.5,2024-02-16 19:30:00,2011.42,35.0,36.0,1.75,,,,,,75.5,True,True,2011.42,0.0,SL,False,,,NO_ENTRY,False,,,NO_ENTRY,False,,,NO_ENTRY,False,,,NO_ENTRY,False,,,NO_ENTRY,14.7,36.0,,,,,,,,,,
640,2015.02,SELL,WICK_H4,H4,2024-02-17 00:00:00,2,50.75,2024-02-19 02:45:00,2018.52,35.0,42.4,2.0,,0.5,0.0,,,74.74,True,True,2018.52,0.0,SL,False,,,NO_ENTRY,True,2018.52,0.5,SL,False,,,NO_ENTRY,False,,,NO_ENTRY,False,,,NO_ENTRY,22.9,42.4,,,17.8,42.4,,,,,,
645,2022.84,SELL,WICK_H4,H4,2024-02-19 12:00:00,1,24.25,2024-02-20 12:15:00,2026.34,35.0,57.7,19.5,,0.5,0.0,13.75,,61.74,True,True,2026.34,0.0,SL,False,,,NO_ENTRY,True,2026.34,0.5,SL,True,2028.62,7.75,SL,True,2025.91,4.25,SL,False,,,NO_ENTRY,21.3,44.8,,,12.0,44.8,52.2,2.1,5.5,40.1,,
655,2029.88,SELL,WICK_H4,H4,2024-02-22 08:00:00,2,2.0,2024-02-22 10:00:00,2033.38,35.0,14.1,0.0,1.25,0.5,0.0,1.25,,58.34,True,True,2033.38,0.0,TP,True,2029.88,1.25,TP,True,2033.38,0.5,TP,False,,,NO_ENTRY,True,2029.6,1.25,TP,False,,,NO_ENTRY,62.3,14.1,50.5,21.2,62.3,8.9,,,47.7,24.0,,
660,2029.09,SELL,WICK_H4,H4,2024-02-23 16:00:00,1,2.0,2024-02-23 18:00:00,2032.59,35.0,71.2,1.0,,,0.0,,,70.72,True,True,2032.59,0.0,SL,False,,,NO_ENTRY,False,,,NO_ENTRY,False,,,NO_ENTRY,False,,,NO_ENTRY,False,,,NO_ENTRY,25.1,86.3,,,,,,,,,,
667,2033.55,SELL,WICK_H4,H4,2024-02-27 00:00:00,4,10.25,2024-02-27 10:15:00,2037.05,35.0,22.8,0.5,,1.0,0.0,,,59.63,True,True,2037.05,0.0,TP,False,,,NO_ENTRY,True,2037.05,1.0,TP,False,,,NO_ENTRY,False,,,NO_ENTRY,False,,,NO_ENTRY,25.9,22.8,,,25.9,19.8,,,,,,
676,2037.73,SELL,WICK_H4,H4,2024-02-29 12:00:00,1,3.75,2024-02-29 15:45:00,2041.23,35.0,93.4,1.25,,,,,,67.25,True,True,2041.23,0.0,SL,False,,,NO_ENTRY,False,,,NO_ENTRY,True,2045.53,4.25,SL,True,2045.54,2.25,SL,False,,,NO_ENTRY,-19.3,93.4,,,,,27.8,12.4,23.8,27.1,,
681,2048.69,SELL,WICK_H4,H4,2024-03-01 12:00:00,1,0.5,2024-03-01 12:30:00,2052.19,35.0,51.7,1.0,,2.5,0.0,,,66.83,True,True,2052.19,0.0,SL,False,,,NO_ENTRY,True,2052.19,2.5,SL,False,,,NO_ENTRY,False,,,NO_ENTRY,False,,,NO_ENTRY,22.6,51.7,,,66.9,328.1,,,,,,
683,2057.36,SELL,WICK_H4,H4,2024-03-01 16:00:00,1,1.5,2024-03-01 17:30:00,2060.86,35.0,273.0,3.0,,,,,,90.66,True,True,2060.86,0.0,SL,False,,,NO_ENTRY,False,,,NO_ENTRY,True,2082.37,54.5,SL,True,2083.77,4.5,SL,False,,,NO_ENTRY,-7.8,273.0,,,,,30.3,36.6,29.0,22.6,,
687,2083.36,SELL,WICK_H4,H4,2024-03-04 08:00:00,1,1.75,2024-03-04 09:45:00,2086.86,35.0,13.0,0.0,,0.25,0.5,,,82.57,True,True,2086.86,0.0,SL,False,,,NO_ENTRY,True,2086.86,0.25,SL,False,,,NO_ENTRY,False,,,NO_ENTRY,False,,,NO_ENTRY,51.4,13.0,,,51.4,5.0,,,,,,
689,2093.08,SELL,WICK_H4,H4,2024-03-04 16:00:00,1,0.5,2024-03-04 16:30:00,2096.58,35.0,232.0,2.25,,,0.0,,,100.25,True,True,2096.58,0.0,SL,False,,,NO_ENTRY,False,,,NO_ENTRY,False,,,NO_ENTRY,False,,,NO_ENTRY,False,,,NO_ENTRY,31.5,232.0,,,,,,,,,,
693,2116.71,SELL,WICK_H4,H4,2024-03-05 04:00:00,3,6.25,2024-03-05 10:15:00,2120.21,35.0,214.1,5.25,,,,,,95.07,True,True,2120.21,0.0,SL,False,,,NO_ENTRY,False,,,NO_ENTRY,False,,,NO_ENTRY,True,2121.91,4.0,SL,False,,,NO_ENTRY,21.5,69.8,,,,,,,8.8,197.1,,
701,2127.85,SELL,WICK_H4,H4,2024-03-06 08:00:00,1,1.5,2024-03-06 09:30:00,2131.35,35.0,0.3,0.0,0.75,0.0,0.0,0.5,,94.0,True,True,2131.35,0.0,SL,True,2127.85,0.75,SL,True,2131.35,0.0,SL,False,,,NO_ENTRY,False,,,NO_ENTRY,True,2127.85,1.0,SL,71.4,4.8,36.4,52.5,71.4,4.8,,,,,36.4,58.2
703,2131.38,SELL,WICK_H4,H4,2024-03-06 12:00:00,1,2.75,2024-03-06 14:45:00,2134.88,35.0,150.4,4.25,,0.0,0.0,,,97.98,True,True,2134.88,0.0,SL,False,,,NO_ENTRY,True,2134.88,0.0,SL,False,,,NO_ENTRY,False,,,NO_ENTRY,False,,,NO_ENTRY,35.6,148.6,,,35.6,148.6,,,,,,
709,2151.37,SELL,WICK_H4,H4,2024-03-07 04:00:00,2,2.0,2024-03-07 06:00:00,2154.87,35.0,64.5,0.0,,1.75,0.0,,,107.19,True,True,2154.87,0.0,SL,False,,,NO_ENTRY,True,2154.87,1.75,SL,False,,,NO_ENTRY,False,,,NO_ENTRY,False,,,NO_ENTRY,34.3,64.5,,,34.3,47.8,,,,,,
712,2159.65,SELL,WICK_H4,H4,2024-03-07 12:00:00,1,3.5,2024-03-07 15:30:00,2163.15,35.0,7.4,0.0,0.25,0.0,0.0,0.25,,106.09,True,True,2163.15,0.0,TP,True,2159.65,0.25,SL,True,2163.15,0.0,TP,False,,,NO_ENTRY,False,,,NO_ENTRY,False,,,NO_ENTRY,153.2,7.4,118.2,27.4,153.2,7.4,,,,,,
718,2163.4,SELL,WICK_H4,H4,2024-03-08 04:00:00,1,6.5,2024-03-08 10:30:00,2166.9,35.0,40.3,1.25,,0.0,0.0,,,99.72,True,True,2166.9,0.0,SL,False,,,NO_ENTRY,True,2166.9,0.0,SL,False,,,NO_ENTRY,False,,,NO_ENTRY,False,,,NO_ENTRY,36.2,40.3,,,36.2,40.3,,,,,,
720,2170.93,SELL,WICK_H4,H4,2024-03-08 12:00:00,1,3.75,2024-03-08 15:45:00,2174.43,35.0,69.9,0.0,,0.0,0.0,,,113.64,True,True,2174.43,0.0,SL,False,,,NO_ENTRY,True,2174.43,0.0,SL,False,,,NO_ENTRY,False,,,NO_ENTRY,False,,,NO_ENTRY,108.2,205.8,,,108.2,205.8,,,,,,
721,2185.28,SELL,WICK_H4,H4,2024-03-08 16:00:00,1,3.25,2024-03-08 19:15:00,2188.78,35.0,62.3,0.25,0.5,0.25,0.5,0.5,,127.96,True,True,2188.78,0.0,SL,True,2185.28,0.5,TP,True,2188.78,0.25,SL,False,,,NO_ENTRY,False,,,NO_ENTRY,False,,,NO_ENTRY,205.8,62.3,170.8,13.3,205.8,62.3,,,,,,
745,2161.32,SELL,WICK_H4,H4,2024-03-13 04:00:00,3,10.0,2024-03-13 14:00:00,2164.82,35.0,66.5,1.5,,0.0,0.0,,,103.39,True,True,2164.82,0.0,SL,False,,,NO_ENTRY,True,2164.82,0.0,SL,False,,,NO_ENTRY,False,,,NO_ENTRY,False,,,NO_ENTRY,34.8,96.3,,,34.8,96.3,,,,,,
747,2171.47,SELL,WICK_H4,H4,2024-03-13 16:00:00,1,3.0,2024-03-13 19:00:00,2174.97,35.0,47.6,0.25,,0.75,,,,107.69,True,True,2174.97,0.0,SL,False,,,NO_ENTRY,True,2174.97,0.75,TP,False,,,NO_ENTRY,False,,,NO_ENTRY,False,,,NO_ENTRY,33.5,47.6,,,33.5,19.6,,,,,,
758,2165.81,SELL,WICK_H4,H4,2024-03-15 04:00:00,1,4.25,2024-03-15 08:15:00,2169.31,35.0,32.8,3.5,5.75,0.0,0.25,5.75,6.25,87.91,True,True,2169.31,0.0,SL,True,2165.81,5.75,TP,True,2169.31,0.0,SL,True,2159.97,7.75,SL,True,2166.86,1.5,SL,True,2165.81,6.0,TP,41.2,32.8,94.4,14.5,41.2,32.8,49.2,65.9,16.7,57.3,94.4,7.5
765,2157.44,SELL,WICK_H4,H4,2024-03-18 04:00:00,1,9.5,2024-03-18 13:30:00,2160.94,35.0,25.0,1.0,1.75,0.0,1.25,1.75,,89.3,True,True,2160.94,0.0,SL,True,2157.44,1.75,SL,True,2160.94,0.0,SL,False,,,NO_ENTRY,False,,,NO_ENTRY,True,2157.44,2.25,SL,55.5,25.0,29.8,37.7,55.5,25.0,,,,,29.8,37.7
776,2159.38,SELL,WICK_H4,H4,2024-03-20 12:00:00,1,4.25,2024-03-20 16:15:00,2162.88,35.0,10.4,0.0,0.25,0.0,0.0,0.25,1.25,75.38,True,True,2162.88,0.0,SL,True,2159.38,0.25,SL,True,2162.88,0.0,SL,False,,,NO_ENTRY,True,2155.35,1.25,SL,True,2159.38,3.5,SL,83.6,121.8,48.6,170.4,83.6,121.8,,,8.3,333.6,29.6,632.3
779,2164.74,SELL,WICK_H4,H4,2024-03-20 20:00:00,1,0.25,2024-03-20 20:15:00,2168.24,35.0,204.7,1.0,,,0.0,0.25,,92.94,True,True,2168.24,0.0,SL,False,,,NO_ENTRY,False,,,NO_ENTRY,False,,,NO_ENTRY,False,,,NO_ENTRY,False,,,NO_ENTRY,60.7,543.7,,,,,,,,,,
781,2188.71,SELL,WICK_H4,H4,2024-03-21 00:00:00,1,0.25,2024-03-21 00:15:00,2192.21,35.0,304.0,0.0,,,,,,112.39,True,True,2192.21,0.0,SL,False,,,NO_ENTRY,False,,,NO_ENTRY,False,,,NO_ENTRY,False,,,NO_ENTRY,False,,,NO_ENTRY,-1.2,304.0,,,,,,,,,,
792,2176.16,SELL,WICK_H4,H4,2024-03-22 12:00:00,1,3.75,2024-03-22 15:45:00,2179.66,35.0,3.2,0.0,,0.0,0.0,,,119.62,True,True,2179.66,0.0,TP,False,,,NO_ENTRY,True,2179.66,0.0,TP,False,,,NO_ENTRY,False,,,NO_ENTRY,False,,,NO_ENTRY,226.6,3.2,,,226.6,3.2,,,,,,
797,2167.05,SELL,WICK_H4,H4,2024-03-23 00:00:00,3,51.5,2024-03-25 03:30:00,2170.55,35.0,62.6,0.0,,,,,,124.64,True,True,2170.55,0.0,SL,False,,,NO_ENTRY,False,,,NO_ENTRY,False,,,NO_ENTRY,False,,,NO_ENTRY,False,,,NO_ENTRY,29.4,76.1,,,,,,,,,,
804,2174.37,SELL,WICK_H4,H4,2024-03-26 04:00:00,1,6.5,2024-03-26 10:30:00,2177.87,35.0,171.9,1.0,,,,,,114.27,True,True,2177.87,0.0,SL,False,,,NO_ENTRY,False,,,NO_ENTRY,False,,,NO_ENTRY,False,,,NO_ENTRY,False,,,NO_ENTRY,11.1,220.6,,,,,,,,,,
806,2195.06,SELL,WICK_H4,H4,2024-03-26 12:00:00,1,1.0,2024-03-26 13:00:00,2198.56,35.0,4.7,0.0,1.25,0.0,0.25,1.5,2.0,121.65,True,True,2198.56,0.0,TP,True,2195.06,1.25,TP,True,2198.56,0.0,TP,False,,,NO_ENTRY,False,,,NO_ENTRY,False,,,NO_ENTRY,240.4,4.7,235.1,21.8,240.4,4.7,,,,,,
815,2181.6,SELL,WICK_H4,H4,2024-03-27 08:00:00,2,3.75,2024-03-27 11:45:00,2185.1,35.0,66.0,0.0,,,,,,115.43,True,True,2185.1,0.0,SL,False,,,NO_ENTRY,False,,,NO_ENTRY,False,,,NO_ENTRY,False,,,NO_ENTRY,False,,,NO_ENTRY,16.7,123.8,,,,,,,,,,
816,2193.76,SELL,WICK_H4,H4,2024-03-27 12:00:00,2,1.5,2024-03-27 13:30:00,2197.26,35.0,2.2,0.0,0.0,0.0,0.0,0.0,0.5,117.22,True,True,2197.26,0.0,TP,True,2193.76,0.0,SL,True,2197.26,0.0,TP,False,,,NO_ENTRY,False,,,NO_ENTRY,True,2193.76,2.25,SL,138.3,2.2,103.3,37.2,138.3,2.2,,,,,55.1,13.5
819,2195.11,SELL,WICK_H4,H4,2024-03-27 20:00:00,1,11.75,2024-03-28 07:45:00,2198.61,35.0,19.2,0.0,,0.0,,,,108.06,True,True,2198.61,0.0,SL,False,,,NO_ENTRY,True,2198.61,0.0,SL,False,,,NO_ENTRY,False,,,NO_ENTRY,False,,,NO_ENTRY,78.6,19.2,,,78.6,19.2,,,,,,
822,2200.53,SELL,WICK_H4,H4,2024-03-28 08:00:00,1,4.5,2024-03-28 12:30:00,2204.03,35.0,129.9,2.5,,,,,,112.8,True,True,2204.03,0.0,SL,False,,,NO_ENTRY,False,,,NO_ENTRY,False,,,NO_ENTRY,False,,,NO_ENTRY,False,,,NO_ENTRY,19.2,129.9,,,,,,,,,,
824,2217.02,SELL,WICK_H4,H4,2024-03-28 16:00:00,1,2.5,2024-03-28 18:30:00,2220.52,35.0,49.0,0.0,,0.25,0.75,,,119.93,True,True,2220.52,0.0,SL,False,,,NO_ENTRY,True,2220.52,0.25,SL,False,,,NO_ENTRY,False,,,NO_ENTRY,False,,,NO_ENTRY,39.5,49.0,,,39.5,155.6,,,,,,
827,2236.08,SELL,WICK_H4,H4,2024-03-29 00:00:00,1,73.25,2024-04-01 01:15:00,2239.58,35.0,165.9,2.25,,0.25,0.25,,,132.28,True,True,2239.58,0.0,SL,False,,,NO_ENTRY,True,2239.58,0.25,SL,False,,,NO_ENTRY,False,,,NO_ENTRY,False,,,NO_ENTRY,40.5,199.2,,,40.5,199.2,,,,,,
829,2256.17,SELL,WICK_H4,H4,2024-04-01 04:00:00,1,2.5,2024-04-01 06:30:00,2259.67,35.0,58.6,0.5,,1.0,,,,133.96,True,True,2259.67,0.0,SL,False,,,NO_ENTRY,True,2259.67,1.0,SL,False,,,NO_ENTRY,False,,,NO_ENTRY,False,,,NO_ENTRY,18.4,58.6,,,32.8,35.8,,,,,,
837,2255.74,SELL,WICK_H4,H4,2024-04-02 04:00:00,1,3.75,2024-04-02 07:45:00,2259.24,35.0,5.1,0.0,,0.0,,,,139.31,True,True,2259.24,0.0,SL,False,,,NO_ENTRY,True,2259.24,0.0,SL,False,,,NO_ENTRY,False,,,NO_ENTRY,False,,,NO_ENTRY,71.3,34.4,,,71.3,34.4,,,,,,
841,2262.68,SELL,WICK_H4,H4,2024-04-02 12:00:00,1,0.5,2024-04-02 12:30:00,2266.18,35.0,5.3,0.0,0.25,0.0,0.0,0.5,,136.76,True,True,2266.18,0.0,TP,True,2262.68,0.25,SL,True,2266.18,0.0,TP,False,,,NO_ENTRY,True,2254.32,3.0,SL,False,,,NO_ENTRY,129.6,5.3,94.6,40.2,129.6,5.3,,,37.4,225.6,,
843,2266.71,SELL,WICK_H4,H4,2024-04-02 16:00:00,1,1.25,2024-04-02 17:15:00,2270.21,35.0,66.7,0.0,0.25,0.25,0.25,0.5,1.0,145.78,True,True,2270.21,0.0,SL,True,2266.71,0.25,SL,True,2270.21,0.25,SL,False,,,NO_ENTRY,False,,,NO_ENTRY,True,2266.71,0.5,TP,196.3,66.7,161.3,97.9,196.3,62.9,,,,,161.3,58.7
845,2276.88,SELL,WICK_H4,H4,2024-04-02 20:00:00,1,3.75,2024-04-02 23:45:00,2280.38,35.0,78.5,1.5,,0.0,,,,150.77,True,True,2280.38,0.0,SL,False,,,NO_ENTRY,True,2280.38,0.0,SL,False,,,NO_ENTRY,False,,,NO_ENTRY,False,,,NO_ENTRY,37.3,78.5,,,37.3,78.5,,,,,,
851,2285.87,SELL,WICK_H4,H4,2024-04-03 12:00:00,1,7.25,2024-04-03 19:15:00,2289.37,35.0,153.9,8.75,,,0.0,,,150.61,True,True,2289.37,0.0,SL,False,,,NO_ENTRY,False,,,NO_ENTRY,True,2298.75,12.75,TP,False,,,NO_ENTRY,False,,,NO_ENTRY,64.0,96.8,,,,,80.6,18.7,,,,
859,2295.09,SELL,WICK_H4,H4,2024-04-04 16:00:00,1,1.5,2024-04-04 17:30:00,2298.59,35.0,7.3,0.0,0.25,0.0,0.0,1.0,,134.74,True,True,2298.59,0.0,TP,True,2295.09,0.25,SL,True,2298.59,0.0,TP,False,,,NO_ENTRY,False,,,NO_ENTRY,True,2295.09,0.5,SL,123.4,38.8,88.4,103.5,123.4,38.8,,,,,88.4,103.5
861,2299.32,SELL,WICK_H4,H4,2024-04-04 20:00:00,1,1.75,2024-04-04 21:45:00,2302.82,35.0,26.2,0.0,0.25,0.25,0.25,0.25,0.75,143.61,True,True,2302.82,0.0,SL,True,2299.32,0.25,SL,True,2302.82,0.25,TP,False,,,NO_ENTRY,True,2284.76,1.0,SL,True,2299.32,0.5,TP,232.6,26.2,197.6,51.8,232.6,16.8,,,52.0,84.4,197.6,-2.7
867,2291.65,SELL,WICK_H4,H4,2024-04-05 12:00:00,1,1.0,2024-04-05 13:00:00,2295.15,35.0,7.8,0.0,1.75,0.0,0.0,2.5,2.5,144.19,True,True,2295.15,0.0,TP,True,2291.65,1.75,SL,True,2295.15,0.0,TP,False,,,NO_ENTRY,True,2291.06,1.75,SL,False,,,NO_ENTRY,149.5,92.6,114.5,366.9,149.5,92.6,,,108.6,372.8,,
868,2295.93,SELL,WICK_H4,H4,2024-04-05 16:00:00,1,0.75,2024-04-05 16:45:00,2299.43,35.0,299.5,2.25,,,0.0,,,164.25,True,True,2299.43,0.0,SL,False,,,NO_ENTRY,False,,,NO_ENTRY,False,,,NO_ENTRY,False,,,NO_ENTRY,False,,,NO_ENTRY,54.9,308.8,,,,,,,,,,
873,2328.04,SELL,WICK_H4,H4,2024-04-08 04:00:00,1,1.25,2024-04-08 05:15:00,2331.54,35.0,222.8,0.25,0.0,0.0,0.0,,,190.95,True,True,2331.54,0.0,SL,True,2328.04,0.0,SL,True,2331.54,0.0,SL,False,,,NO_ENTRY,False,,,NO_ENTRY,False,,,NO_ENTRY,52.2,222.8,17.2,257.8,52.2,222.8,,,,,,
881,2335.6,SELL,WICK_H4,H4,2024-04-08 20:00:00,1,1.0,2024-04-08 21:00:00,2339.1,35.0,27.9,0.5,,0.0,,,,183.28,True,True,2339.1,0.0,SL,False,,,NO_ENTRY,True,2339.1,0.0,SL,False,,,NO_ENTRY,False,,,NO_ENTRY,False,,,NO_ENTRY,24.8,27.9,,,24.8,27.9,,,,,,
883,2341.89,SELL,WICK_H4,H4,2024-04-09 00:00:00,1,4.5,2024-04-09 04:30:00,2345.39,35.0,29.4,0.0,0.25,0.0,0.25,,,168.93,True,True,2345.39,0.0,SL,True,2341.89,0.25,SL,True,2345.39,0.0,SL,False,,,NO_ENTRY,False,,,NO_ENTRY,False,,,NO_ENTRY,71.0,29.4,36.0,59.8,71.0,29.4,,,,,,
885,2348.33,SELL,WICK_H4,H4,2024-04-09 08:00:00,1,2.25,2024-04-09 10:15:00,2351.83,35.0,73.3,1.25,,,,,,168.4,True,True,2351.83,0.0,SL,False,,,NO_ENTRY,False,,,NO_ENTRY,False,,,NO_ENTRY,False,,,NO_ENTRY,False,,,NO_ENTRY,9.9,133.5,,,,,,,,,,
887,2359.16,SELL,WICK_H4,H4,2024-04-09 12:00:00,1,0.25,2024-04-09 12:15:00,2362.66,35.0,25.2,0.0,1.0,0.75,0.75,1.75,,170.29,True,True,2362.66,0.0,SL,True,2359.16,1.0,TP,True,2362.66,0.75,TP,False,,,NO_ENTRY,True,2347.68,3.0,SL,True,2359.16,1.25,TP,169.7,25.2,134.7,41.2,169.7,14.4,,,95.8,165.2,141.9,50.4
894,2355.47,SELL,WICK_H4,H4,2024-04-10 04:00:00,1,4.25,2024-04-10 08:15:00,2358.97,35.0,9.7,0.25,1.25,0.0,1.25,,,155.4,True,True,2358.97,0.0,TP,True,2355.47,1.25,SL,True,2358.97,0.0,TP,False,,,NO_ENTRY,True,2355.41,1.25,TP,True,2355.47,3.25,TP,97.1,9.7,106.6,36.6,97.1,9.7,,,106.0,37.2,278.0,2.9
903,2337.1,SELL,WICK_H4,H4,2024-04-11 04:00:00,1,0.25,2024-04-11 04:15:00,2340.6,35.0,61.4,1.75,,0.25,,,,164.83,True,True,2340.6,0.0,SL,False,,,NO_ENTRY,True,2340.6,0.25,SL,False,,,NO_ENTRY,False,,,NO_ENTRY,False,,,NO_ENTRY,24.0,61.4,,,20.4,61.4,,,,,,
907,2344.23,SELL,WICK_H4,H4,2024-04-11 16:00:00,2,3.5,2024-04-11 19:30:00,2347.73,35.0,298.8,4.25,,0.0,0.0,,,167.63,True,True,2347.73,0.0,SL,False,,,NO_ENTRY,True,2347.73,0.0,SL,False,,,NO_ENTRY,False,,,NO_ENTRY,False,,,NO_ENTRY,46.4,297.3,,,46.4,297.3,,,,,,
909,2377.61,SELL,WICK_H4,H4,2024-04-12 00:00:00,2,4.0,2024-04-12 04:00:00,2381.11,35.0,141.8,1.0,,,,,,170.3,True,True,2381.11,0.0,SL,False,,,NO_ENTRY,False,,,NO_ENTRY,False,,,NO_ENTRY,False,,,NO_ENTRY,False,,,NO_ENTRY,25.2,141.8,,,,,,,,,,
911,2395.29,SELL,WICK_H4,H4,2024-04-12 08:00:00,1,2.25,2024-04-12 10:15:00,2398.79,35.0,16.6,0.75,0.0,0.0,0.25,,,170.39,True,True,2398.79,0.0,SL,True,2395.29,0.0,SL,True,2398.79,0.0,SL,False,,,NO_ENTRY,False,,,NO_ENTRY,False,,,NO_ENTRY,68.7,16.6,33.7,51.6,68.7,16.6,,,,,,
913,2400.24,SELL,WICK_H4,H4,2024-04-12 16:00:00,1,0.75,2024-04-12 16:45:00,2403.74,35.0,276.5,1.25,1.5,1.5,1.5,1.75,1.75,204.03,True,True,2403.74,0.0,SL,True,2400.24,1.5,SL,True,2403.74,1.5,SL,False,,,NO_ENTRY,True,2374.23,2.5,TP,True,2400.24,1.75,TP,575.0,276.5,664.8,117.6,699.8,82.6,,,404.7,150.5,664.8,-3.3
927,2360.98,SELL,WICK_H4,H4,2024-04-15 20:00:00,1,0.5,2024-04-15 20:30:00,2364.48,35.0,229.9,1.75,,,,,,229.93,True,True,2364.48,0.0,SL,False,,,NO_ENTRY,False,,,NO_ENTRY,False,,,NO_ENTRY,False,,,NO_ENTRY,False,,,NO_ENTRY,23.4,275.0,,,,,,,,,,
929,2387.47,SELL,WICK_H4,H4,2024-04-16 00:00:00,1,1.25,2024-04-16 01:15:00,2390.97,35.0,10.1,0.0,0.0,0.0,0.25,,,222.03,True,True,2390.97,0.0,TP,True,2387.47,0.0,SL,True,2390.97,0.0,TP,False,,,NO_ENTRY,True,2381.94,1.5,SL,True,2387.47,0.75,TP,118.7,10.1,83.7,45.1,118.7,10.1,,,28.4,73.5,83.7,3.3
937,2378.11,SELL,WICK_H4,H4,2024-04-16 16:00:00,2,2.0,2024-04-16 18:00:00,2381.61,35.0,166.2,1.75,,0.25,,,,218.9,True,True,2381.61,0.0,SL,False,,,NO_ENTRY,True,2381.61,0.25,SL,True,2380.86,6.0,SL,True,2381.47,9.0,SL,False,,,NO_ENTRY,38.0,166.2,,,38.0,166.2,1.7,59.7,9.1,46.8,,
942,2386.15,SELL,WICK_H4,H4,2024-04-17 08:00:00,1,3.5,2024-04-17 11:30:00,2389.65,35.0,58.5,6.25,3.5,1.5,3.5,4.0,8.0,196.46,True,True,2389.65,0.0,SL,True,2386.15,3.5,SL,True,2389.65,1.5,SL,True,2383.2,4.5,SL,True,2384.31,3.75,SL,False,,,NO_ENTRY,114.2,45.5,79.2,93.5,114.2,54.1,222.5,123.0,60.8,111.9,,
948,2378.98,SELL,WICK_H4,H4,2024-04-18 00:00:00,2,13.5,2024-04-18 13:30:00,2382.48,35.0,49.2,1.5,,0.5,,,,179.31,True,True,2382.48,0.0,SL,False,,,NO_ENTRY,True,2382.48,0.5,SL,False,,,NO_ENTRY,False,,,NO_ENTRY,False,,,NO_ENTRY,129.9,102.2,,,129.9,102.2,,,,,,
951,2387.4,SELL,WICK_H4,H4,2024-04-18 16:00:00,1,0.25,2024-04-18 16:15:00,2390.9,35.0,18.0,0.25,0.25,0.0,0.0,0.25,1.25,183.08,True,True,2390.9,0.0,TP,True,2387.4,0.25,SL,True,2390.9,0.0,TP,False,,,NO_ENTRY,True,2376.56,0.25,SL,False,,,NO_ENTRY,214.1,18.0,179.1,53.0,214.1,18.0,,,70.7,161.4,,
956,2381.39,SELL,WICK_H4,H4,2024-04-19 04:00:00,1,0.25,2024-04-19 04:15:00,2384.89,35.0,328.0,0.5,3.25,3.25,3.25,,,187.3,True,True,2384.89,0.0,SL,True,2381.39,3.25,SL,True,2384.89,3.25,SL,False,,,NO_ENTRY,True,2381.17,3.25,SL,False,,,NO_ENTRY,57.3,328.0,34.8,123.7,69.8,88.7,,,32.6,125.9,,
961,2386.03,SELL,WICK_H4,H4,2024-04-19 16:00:00,2,1.5,2024-04-19 17:30:00,2389.53,35.0,122.7,2.5,,5.25,,,,187.64,True,True,2389.53,0.0,SL,False,,,NO_ENTRY,True,2389.53,5.25,TP,True,2388.13,54.5,TP,True,2391.87,5.0,TP,False,,,NO_ENTRY,36.7,122.7,,,85.0,24.0,135.9,1.4,107.5,24.4,,
978,2313.48,SELL,WICK_H4,H4,2024-04-23 16:00:00,1,0.5,2024-04-23 16:30:00,2316.98,35.0,150.7,0.5,,0.0,0.0,,,192.63,True,True,2316.98,0.0,SL,False,,,NO_ENTRY,True,2316.98,0.0,SL,False,,,NO_ENTRY,False,,,NO_ENTRY,False,,,NO_ENTRY,64.6,150.7,,,64.6,150.7,,,,,,
982,2324.2,SELL,WICK_H4,H4,2024-04-24 04:00:00,1,2.75,2024-04-24 06:45:00,2327.7,35.0,22.6,0.25,,0.25,,,,173.05,True,True,2327.7,0.0,SL,False,,,NO_ENTRY,True,2327.7,0.25,SL,False,,,NO_ENTRY,False,,,NO_ENTRY,False,,,NO_ENTRY,71.7,34.4,,,102.2,34.4,,,,,,
992,2322.0,SELL,WICK_H4,H4,2024-04-25 08:00:00,1,2.75,2024-04-25 10:45:00,2325.5,35.0,32.7,0.25,,0.0,,,,161.06,True,True,2325.5,0.0,SL,False,,,NO_ENTRY,True,2325.5,0.0,SL,False,,,NO_ENTRY,False,,,NO_ENTRY,False,,,NO_ENTRY,31.0,50.3,,,31.0,50.3,,,,,,
994,2328.77,SELL,WICK_H4,H4,2024-04-25 12:00:00,2,3.75,2024-04-25 15:45:00,2332.27,35.0,23.2,0.0,,0.0,0.0,,,157.79,True,True,2332.27,0.0,TP,False,,,NO_ENTRY,True,2332.27,0.0,TP,False,,,NO_ENTRY,False,,,NO_ENTRY,False,,,NO_ENTRY,196.8,124.6,,,196.8,124.6,,,,,,
995,2334.59,SELL,WICK_H4,H4,2024-04-25 16:00:00,1,1.75,2024-04-25 17:45:00,2338.09,35.0,48.9,0.0,0.0,0.0,0.0,0.25,,169.47,True,True,2338.09,0.0,SL,True,2334.59,0.0,SL,True,2338.09,0.0,SL,False,,,NO_ENTRY,False,,,NO_ENTRY,True,2334.59,0.5,TP,152.1,48.9,117.1,83.9,152.1,48.9,,,,,117.1,13.4
1001,2338.04,SELL,WICK_H4,H4,2024-04-26 08:00:00,1,1.75,2024-04-26 09:45:00,2341.54,35.0,86.4,1.25,,0.0,,,,154.32,True,True,2341.54,0.0,SL,False,,,NO_ENTRY,True,2341.54,0.0,SL,False,,,NO_ENTRY,False,,,NO_ENTRY,False,,,NO_ENTRY,35.1,108.6,,,35.1,108.6,,,,,,
1030,2289.6,SELL,WICK_H4,H4,2024-05-01 12:00:00,1,1.75,2024-05-01 13:45:00,2293.1,35.0,67.9,2.0,,0.0,,,,131.06,True,True,2293.1,0.0,SL,False,,,NO_ENTRY,True,2293.1,0.0,SL,False,,,NO_ENTRY,False,,,NO_ENTRY,False,,,NO_ENTRY,24.3,172.2,,,24.3,172.2,,,,,,
1031,2299.89,SELL,WICK_H4,H4,2024-05-01 16:00:00,1,1.0,2024-05-01 17:00:00,2303.39,35.0,70.3,1.5,,0.5,0.5,,,132.67,True,True,2303.39,0.0,SL,False,,,NO_ENTRY,True,2303.39,0.5,SL,False,,,NO_ENTRY,False,,,NO_ENTRY,False,,,NO_ENTRY,79.5,70.3,,,79.5,214.2,,,,,,
1032,2310.42,SELL,WICK_H4,H4,2024-05-01 20:00:00,1,1.5,2024-05-01 21:30:00,2313.92,35.0,142.6,0.25,1.25,1.25,0.0,,,146.58,True,True,2313.92,0.0,SL,True,2310.42,1.25,SL,True,2313.92,1.25,SL,False,,,NO_ENTRY,False,,,NO_ENTRY,False,,,NO_ENTRY,70.5,142.6,35.5,154.1,70.5,119.1,,,,,,
1052,2305.77,SELL,WICK_H4,H4,2024-05-06 04:00:00,1,1.0,2024-05-06 05:00:00,2309.27,35.0,59.6,0.0,,1.75,,,,149.26,True,True,2309.27,0.0,SL,False,,,NO_ENTRY,True,2309.27,1.75,SL,False,,,NO_ENTRY,False,,,NO_ENTRY,False,,,NO_ENTRY,18.7,59.6,,,11.9,148.9,,,,,,
1054,2315.23,SELL,WICK_H4,H4,2024-05-06 08:00:00,1,2.5,2024-05-06 10:30:00,2318.73,35.0,54.3,0.0,,1.0,,,,149.75,True,True,2318.73,0.0,SL,False,,,NO_ENTRY,True,2318.73,1.0,SL,False,,,NO_ENTRY,False,,,NO_ENTRY,False,,,NO_ENTRY,32.7,54.3,,,42.9,62.0,,,,,,
1055,2324.16,SELL,WICK_H4,H4,2024-05-06 12:00:00,1,3.75,2024-05-06 15:45:00,2327.66,35.0,25.2,0.0,0.0,0.0,0.0,,,150.3,True,True,2327.66,0.0,SL,True,2324.16,0.0,SL,True,2327.66,0.0,SL,False,,,NO_ENTRY,False,,,NO_ENTRY,False,,,NO_ENTRY,101.7,43.2,66.7,78.2,101.7,43.2,,,,,,
1067,2316.66,SELL,WICK_H4,H4,2024-05-08 04:00:00,1,4.5,2024-05-08 08:30:00,2320.16,35.0,11.0,0.0,0.75,0.0,0.5,1.25,2.25,123.36,True,True,2320.16,0.0,TP,True,2316.66,0.75,TP,True,2320.16,0.0,TP,False,,,NO_ENTRY,True,2305.58,2.25,SL,True,2316.66,1.0,TP,166.4,11.0,131.4,15.5,166.4,11.0,,,20.6,124.2,131.4,2.8
1074,2310.77,SELL,WICK_H4,H4,2024-05-09 04:00:00,2,3.5,2024-05-09 07:30:00,2314.27,35.0,54.4,1.0,3.0,0.0,2.75,3.0,,112.88,True,True,2314.27,0.0,SL,True,2310.77,3.0,SL,True,2314.27,0.0,SL,True,2310.25,4.5,SL,False,,,NO_ENTRY,False,,,NO_ENTRY,68.3,54.4,42.4,34.0,68.3,54.4,37.2,189.3,,,,
1075,2319.71,SELL,WICK_H4,H4,2024-05-09 12:00:00,1,3.75,2024-05-09 15:45:00,2323.21,35.0,59.7,0.0,,,,,,121.65,True,True,2323.21,0.0,SL,False,,,NO_ENTRY,False,,,NO_ENTRY,False,,,NO_ENTRY,False,,,NO_ENTRY,False,,,NO_ENTRY,111.3,154.8,,,,,,,,,,
1077,2329.18,SELL,WICK_H4,H4,2024-05-09 16:00:00,1,1.25,2024-05-09 17:15:00,2332.68,35.0,60.1,0.0,,0.25,0.25,,,131.97,True,True,2332.68,0.0,SL,False,,,NO_ENTRY,True,2332.68,0.25,SL,False,,,NO_ENTRY,False,,,NO_ENTRY,False,,,NO_ENTRY,45.9,60.1,,,45.9,49.2,,,,,,
1079,2338.69,SELL,WICK_H4,H4,2024-05-09 20:00:00,1,2.75,2024-05-09 22:45:00,2342.19,35.0,135.8,5.5,,,,,,135.38,True,True,2342.19,0.0,SL,False,,,NO_ENTRY,False,,,NO_ENTRY,False,,,NO_ENTRY,False,,,NO_ENTRY,False,,,NO_ENTRY,21.7,67.2,,,,,,,,,,
1081,2355.77,SELL,WICK_H4,H4,2024-05-10 08:00:00,1,1.0,2024-05-10 09:00:00,2359.27,35.0,127.4,2.75,,,0.0,,,129.65,True,True,2359.27,0.0,SL,False,,,NO_ENTRY,False,,,NO_ENTRY,False,,,NO_ENTRY,False,,,NO_ENTRY,False,,,NO_ENTRY,34.4,159.3,,,,,,,,,,
1082,2372.01,SELL,WICK_H4,H4,2024-05-10 12:00:00,1,1.25,2024-05-10 13:15:00,2375.51,35.0,27.1,0.25,1.25,0.0,0.75,2.0,2.5,132.26,True,True,2375.51,0.0,SL,True,2372.01,1.25,SL,True,2375.51,0.0,SL,False,,,NO_ENTRY,True,2367.9,2.0,SL,False,,,NO_ENTRY,154.4,27.1,155.6,35.9,154.4,27.1,,,114.5,64.9,,
1096,2339.57,SELL,WICK_H4,H4,2024-05-14 04:00:00,1,1.0,2024-05-14 05:00:00,2343.07,35.0,27.6,3.5,4.5,0.25,0.75,4.5,,114.57,True,True,2343.07,0.0,SL,True,2339.57,4.5,SL,True,2343.07,0.25,SL,True,2343.62,7.0,SL,True,2342.43,4.0,SL,True,2339.57,5.0,SL,33.0,27.6,36.5,85.6,33.0,27.6,72.9,88.4,65.1,57.0,36.5,85.6
1097,2345.83,SELL,WICK_H4,H4,2024-05-14 12:00:00,3,3.75,2024-05-14 15:45:00,2349.33,35.0,7.9,0.0,,0.0,0.0,,,115.21,True,True,2349.33,0.0,SL,False,,,NO_ENTRY,True,2349.33,0.0,SL,False,,,NO_ENTRY,False,,,NO_ENTRY,False,,,NO_ENTRY,54.6,76.5,,,54.6,76.5,,,,,,
1099,2350.12,SELL,WICK_H4,H4,2024-05-14 16:00:00,2,1.0,2024-05-14 17:00:00,2353.62,35.0,33.6,0.0,1.75,0.0,0.0,1.75,,115.67,True,True,2353.62,0.0,SL,True,2350.12,1.75,SL,True,2353.62,0.0,SL,False,,,NO_ENTRY,False,,,NO_ENTRY,True,2350.12,2.25,SL,74.5,48.5,39.5,94.5,74.5,48.5,,,,,26.0,94.5
1105,2360.89,SELL,WICK_H4,H4,2024-05-15 08:00:00,1,2.5,2024-05-15 10:30:00,2364.39,35.0,142.5,5.0,4.75,0.0,0.0,4.75,,109.57,True,True,2364.39,0.0,SL,True,2360.89,4.75,SL,True,2364.39,0.0,SL,True,2372.4,5.5,SL,True,2367.52,3.0,SL,False,,,NO_ENTRY,31.2,98.0,91.6,249.8,31.2,98.0,206.7,161.9,157.9,111.2,,
1106,2378.64,SELL,WICK_H4,H4,2024-05-15 16:00:00,1,2.25,2024-05-15 18:15:00,2382.14,35.0,44.6,1.5,0.5,0.25,0.5,,,133.02,True,True,2382.14,0.0,SL,True,2378.64,0.5,SL,True,2382.14,0.25,SL,False,,,NO_ENTRY,False,,,NO_ENTRY,False,,,NO_ENTRY,51.7,79.7,16.7,114.7,51.7,79.7,,,,,,
1108,2386.6,SELL,WICK_H4,H4,2024-05-15 20:00:00,1,0.5,2024-05-15 20:30:00,2390.1,35.0,0.1,0.0,0.5,0.0,0.5,1.25,,128.23,True,True,2390.1,0.0,SL,True,2386.6,0.5,SL,True,2390.1,0.0,SL,False,,,NO_ENTRY,False,,,NO_ENTRY,True,2386.6,1.25,SL,65.9,0.1,30.9,33.6,65.9,0.1,,,,,30.9,51.7
1110,2390.11,SELL,WICK_H4,H4,2024-05-16 00:00:00,1,3.25,2024-05-16 03:15:00,2393.61,35.0,35.8,1.0,1.75,0.25,1.5,1.75,,126.24,True,True,2393.61,0.0,SL,True,2390.11,1.75,SL,True,2393.61,0.25,SL,True,2391.22,4.75,SL,True,2388.62,1.75,SL,True,2390.11,2.5,SL,72.7,35.8,37.7,42.5,72.7,35.8,65.0,31.4,22.8,57.4,37.9,42.5
1118,2381.16,SELL,WICK_H4,H4,2024-05-17 08:00:00,1,1.25,2024-05-17 09:15:00,2384.66,35.0,30.2,1.0,,0.0,1.75,,,107.59,True,True,2384.66,0.0,SL,False,,,NO_ENTRY,True,2384.66,0.0,SL,False,,,NO_ENTRY,False,,,NO_ENTRY,False,,,NO_ENTRY,34.3,30.2,,,34.3,30.2,,,,,,
1120,2387.68,SELL,WICK_H4,H4,2024-05-17 12:00:00,1,3.5,2024-05-17 15:30:00,2391.18,35.0,278.8,2.5,,0.0,0.0,,,108.75,True,True,2391.18,0.0,SL,False,,,NO_ENTRY,True,2391.18,0.0,SL,False,,,NO_ENTRY,False,,,NO_ENTRY,False,,,NO_ENTRY,44.1,278.8,,,44.1,278.8,,,,,,
1123,2422.55,SELL,WICK_H4,H4,2024-05-18 00:00:00,2,51.75,2024-05-20 03:45:00,2426.05,35.0,144.8,0.25,,0.0,,,,123.28,True,True,2426.05,0.0,SL,False,,,NO_ENTRY,True,2426.05,0.0,SL,False,,,NO_ENTRY,False,,,NO_ENTRY,False,,,NO_ENTRY,30.7,144.8,,,30.7,144.8,,,,,,
1126,2440.53,SELL,WICK_H4,H4,2024-05-20 08:00:00,1,0.5,2024-05-20 08:30:00,2444.03,35.0,59.0,0.25,0.75,0.75,0.0,1.0,,129.37,True,True,2444.03,0.0,SL,True,2440.53,0.75,SL,True,2444.03,0.75,SL,False,,,NO_ENTRY,False,,,NO_ENTRY,True,2440.53,2.0,SL,122.5,59.0,87.5,89.8,122.5,54.8,,,,,129.6,65.5
1131,2427.96,SELL,WICK_H4,H4,2024-05-20 20:00:00,1,0.25,2024-05-20 20:15:00,2431.46,35.0,58.3,1.0,2.5,2.0,2.5,2.75,,149.91,True,True,2431.46,0.0,SL,True,2427.96,2.5,SL,True,2431.46,2.0,SL,False,,,NO_ENTRY,True,2429.13,2.0,SL,True,2427.96,2.75,SL,82.8,58.3,47.8,24.8,82.8,26.2,,,59.5,49.5,47.8,40.4
1139,2422.04,SELL,WICK_H4,H4,2024-05-21 12:00:00,2,3.25,2024-05-21 15:15:00,2425.54,35.0,43.3,0.25,,,,,,153.36,True,True,2425.54,0.0,SL,False,,,NO_ENTRY,False,,,NO_ENTRY,False,,,NO_ENTRY,False,,,NO_ENTRY,False,,,NO_ENTRY,76.5,83.0,,,,,,,,,,
1141,2429.87,SELL,WICK_H4,H4,2024-05-21 16:00:00,3,2.0,2024-05-21 18:00:00,2433.37,35.0,4.7,0.0,0.25,0.0,0.0,0.5,1.0,153.8,True,True,2433.37,0.0,TP,True,2429.87,0.25,TP,True,2433.37,0.0,TP,False,,,NO_ENTRY,True,2423.72,0.5,SL,True,2429.87,0.5,TP,161.0,4.7,126.0,21.9,161.0,4.7,,,64.5,64.3,126.0,2.8
1165,2333.43,SELL,WICK_H4,H4,2024-05-24 04:00:00,2,4.5,2024-05-24 08:30:00,2336.93,35.0,68.7,4.75,,0.75,,,,141.52,True,True,2336.93,0.0,SL,False,,,NO_ENTRY,True,2336.93,0.75,SL,True,2339.18,7.5,SL,False,,,NO_ENTRY,False,,,NO_ENTRY,30.3,61.8,,,18.5,68.7,69.5,81.1,,,,
1172,2336.65,SELL,WICK_H4,H4,2024-05-25 00:00:00,1,49.5,2024-05-27 01:30:00,2340.15,35.0,4.8,0.75,1.5,0.0,0.0,,,129.21,True,True,2340.15,0.0,SL,True,2336.65,1.5,SL,True,2340.15,0.0,SL,False,,,NO_ENTRY,False,,,NO_ENTRY,True,2336.65,1.75,SL,58.6,8.9,23.6,108.0,58.6,8.9,,,,,23.6,108.0
1174,2340.63,SELL,WICK_H4,H4,2024-05-27 04:00:00,1,1.75,2024-05-27 05:45:00,2344.13,35.0,33.2,0.5,,1.25,0.0,,,129.28,True,True,2344.13,0.0,SL,False,,,NO_ENTRY,True,2344.13,1.25,SL,False,,,NO_ENTRY,False,,,NO_ENTRY,False,,,NO_ENTRY,39.8,33.2,,,61.5,18.1,,,,,,
1180,2349.52,SELL,WICK_H4,H4,2024-05-27 16:00:00,1,0.75,2024-05-27 16:45:00,2353.02,35.0,53.2,0.5,,2.0,,,,123.22,True,True,2353.02,0.0,SL,False,,,NO_ENTRY,True,2353.02,2.0,SL,False,,,NO_ENTRY,True,2352.22,2.0,SL,False,,,NO_ENTRY,11.9,53.2,,,23.6,24.5,,,15.6,32.5,,
1189,2356.96,SELL,WICK_H4,H4,2024-05-28 16:00:00,1,0.5,2024-05-28 16:30:00,2360.46,35.0,21.3,0.0,0.25,0.0,0.0,0.25,0.5,116.04,True,True,2360.46,0.0,TP,True,2356.96,0.25,SL,True,2360.46,0.0,TP,False,,,NO_ENTRY,True,2350.48,0.5,SL,True,2356.96,1.25,SL,126.7,21.3,91.7,51.3,126.7,21.3,,,26.9,116.1,43.0,51.3
1207,2337.59,SELL,WICK_H4,H4,2024-05-30 12:00:00,3,3.5,2024-05-30 15:30:00,2341.09,35.0,40.0,0.0,,,0.0,,,112.19,True,True,2341.09,0.0,SL,False,,,NO_ENTRY,False,,,NO_ENTRY,False,,,NO_ENTRY,False,,,NO_ENTRY,False,,,NO_ENTRY,50.0,105.8,,,,,,,,,,
1209,2345.09,SELL,WICK_H4,H4,2024-05-30 16:00:00,1,1.0,2024-05-30 17:00:00,2348.59,35.0,30.8,0.25,0.75,0.0,0.75,0.75,,112.77,True,True,2348.59,0.0,SL,True,2345.09,0.75,SL,True,2348.59,0.0,SL,False,,,NO_ENTRY,True,2341.18,2.0,SL,True,2345.09,1.25,SL,78.6,30.8,43.6,36.1,78.6,30.8,,,13.6,75.2,43.9,36.1
1216,2346.95,SELL,WICK_H4,H4,2024-05-31 12:00:00,1,3.75,2024-05-31 15:45:00,2350.45,35.0,61.9,0.0,,,,,,108.49,True,True,2350.45,0.0,SL,False,,,NO_ENTRY,False,,,NO_ENTRY,False,,,NO_ENTRY,False,,,NO_ENTRY,False,,,NO_ENTRY,228.6,91.7,,,,,,,,,,
1225,2328.7,SELL,WICK_H4,H4,2024-06-03 12:00:00,1,1.5,2024-06-03 13:30:00,2332.2,35.0,224.4,6.5,1.5,0.0,0.0,1.5,,119.18,True,True,2332.2,0.0,SL,True,2328.7,1.5,SL,True,2332.2,0.0,SL,False,,,NO_ENTRY,True,2345.55,8.75,SL,False,,,NO_ENTRY,66.4,134.0,31.4,169.0,66.4,134.0,,,9.2,64.1,,
1236,2330.15,SELL,WICK_H4,H4,2024-06-05 00:00:00,1,6.0,2024-06-05 06:00:00,2333.65,35.0,79.0,2.0,4.25,3.0,3.25,,,116.89,True,True,2333.65,0.0,SL,True,2330.15,4.25,SL,True,2333.65,3.0,SL,True,2332.53,6.0,SL,True,2333.34,3.0,SL,False,,,NO_ENTRY,57.6,79.0,11.1,52.7,57.6,46.5,32.0,113.6,54.5,49.6,,
1240,2343.89,SELL,WICK_H4,H4,2024-06-05 16:00:00,2,1.5,2024-06-05 17:30:00,2347.39,35.0,98.9,1.25,,,,,,128.31,True,True,2347.39,0.0,SL,False,,,NO_ENTRY,False,,,NO_ENTRY,False,,,NO_ENTRY,False,,,NO_ENTRY,False,,,NO_ENTRY,25.1,98.9,,,,,,,,,,
1244,2356.69,SELL,WICK_H4,H4,2024-06-06 00:00:00,3,4.25,2024-06-06 04:15:00,2360.19,35.0,146.7,1.75,,,,,,121.87,True,True,2360.19,0.0,SL,False,,,NO_ENTRY,False,,,NO_ENTRY,False,,,NO_ENTRY,False,,,NO_ENTRY,False,,,NO_ENTRY,-5.9,146.7,,,,,,,,,,
1248,2365.03,SELL,WICK_H4,H4,2024-06-06 16:00:00,2,2.0,2024-06-06 18:00:00,2368.53,35.0,98.5,0.75,,,0.0,,,129.24,True,True,2368.53,0.0,SL,False,,,NO_ENTRY,False,,,NO_ENTRY,False,,,NO_ENTRY,False,,,NO_ENTRY,False,,,NO_ENTRY,45.8,98.5,,,,,,,,,,
1250,2378.38,SELL,WICK_H4,H4,2024-06-06 20:00:00,2,11.0,2024-06-07 07:00:00,2381.88,35.0,57.1,1.0,1.75,0.0,1.75,1.75,4.0,123.37,True,True,2381.88,0.0,SL,True,2378.38,1.75,TP,True,2381.88,0.0,SL,True,2347.2,5.0,TP,True,2351.08,4.0,SL,False,,,NO_ENTRY,311.0,57.1,410.3,17.2,311.0,57.1,340.2,6.6,202.9,227.1,,
1263,2297.38,SELL,WICK_H4,H4,2024-06-10 12:00:00,2,2.25,2024-06-10 14:15:00,2300.88,35.0,76.7,1.0,,0.0,,,,159.35,True,True,2300.88,0.0,SL,False,,,NO_ENTRY,True,2300.88,0.0,SL,False,,,NO_ENTRY,False,,,NO_ENTRY,False,,,NO_ENTRY,23.5,76.7,,,23.5,76.7,,,,,,
1265,2308.55,SELL,WICK_H4,H4,2024-06-10 16:00:00,2,3.25,2024-06-10 19:15:00,2312.05,35.0,16.8,0.25,8.75,0.25,8.75,8.75,,157.57,True,True,2312.05,0.0,TP,True,2308.55,8.75,TP,True,2312.05,0.25,TP,True,2312.27,4.75,TP,True,2308.68,3.5,SL,False,,,NO_ENTRY,36.7,16.8,98.9,21.5,36.7,16.8,128.2,0.0,3.0,35.9,,
1270,2307.66,SELL,WICK_H4,H4,2024-06-11 12:00:00,2,3.25,2024-06-11 15:15:00,2311.16,35.0,86.9,0.5,,,,,,140.71,True,True,2311.16,0.0,SL,False,,,NO_ENTRY,False,,,NO_ENTRY,False,,,NO_ENTRY,False,,,NO_ENTRY,False,,,NO_ENTRY,45.4,86.9,,,,,,,,,,
1278,2317.63,SELL,WICK_H4,H4,2024-06-12 12:00:00,1,3.75,2024-06-12 15:45:00,2321.13,35.0,163.9,0.0,,,,,,131.07,True,True,2321.13,0.0,SL,False,,,NO_ENTRY,False,,,NO_ENTRY,False,,,NO_ENTRY,False,,,NO_ENTRY,False,,,NO_ENTRY,12.0,204.4,,,,,,,,,,
1287,2318.52,SELL,WICK_H4,H4,2024-06-13 12:00:00,2,3.75,2024-06-13 15:45:00,2322.02,35.0,24.7,0.0,,,0.0,,,142.67,True,True,2322.02,0.0,SL,False,,,NO_ENTRY,False,,,NO_ENTRY,False,,,NO_ENTRY,False,,,NO_ENTRY,False,,,NO_ENTRY,266.2,25.9,,,,,,,,,,
1293,2308.57,SELL,WICK_H4,H4,2024-06-14 08:00:00,1,1.25,2024-06-14 09:15:00,2312.07,35.0,94.8,1.75,,0.0,,,,135.14,True,True,2312.07,0.0,SL,False,,,NO_ENTRY,True,2312.07,0.0,SL,False,,,NO_ENTRY,False,,,NO_ENTRY,False,,,NO_ENTRY,28.1,175.6,,,28.1,175.6,,,,,,
1295,2321.55,SELL,WICK_H4,H4,2024-06-14 12:00:00,1,1.25,2024-06-14 13:15:00,2325.05,35.0,114.3,1.5,,,,,,140.74,True,True,2325.05,0.0,SL,False,,,NO_ENTRY,False,,,NO_ENTRY,False,,,NO_ENTRY,False,,,NO_ENTRY,False,,,NO_ENTRY,16.0,114.3,,,,,,,,,,
1307,2320.5,SELL,WICK_H4,H4,2024-06-18 00:00:00,3,3.5,2024-06-18 03:30:00,2324.0,35.0,15.2,2.25,,0.25,0.75,,,115.29,True,True,2324.0,0.0,TP,False,,,NO_ENTRY,True,2324.0,0.25,TP,True,2322.44,4.5,TP,False,,,NO_ENTRY,False,,,NO_ENTRY,48.7,15.2,,,48.7,15.2,118.3,12.6,,,,
1311,2324.11,SELL,WICK_H4,H4,2024-06-18 16:00:00,2,2.5,2024-06-18 18:30:00,2327.61,35.0,53.8,2.0,,0.25,0.0,,,121.35,True,True,2327.61,0.0,SL,False,,,NO_ENTRY,True,2327.61,0.25,SL,True,2329.34,5.5,SL,False,,,NO_ENTRY,False,,,NO_ENTRY,39.7,53.8,,,14.4,53.8,30.1,14.8,,,,
1322,2330.87,SELL,WICK_H4,H4,2024-06-20 00:00:00,1,4.5,2024-06-20 04:30:00,2334.37,35.0,111.6,5.25,,1.0,,,,92.11,True,True,2334.37,0.0,SL,False,,,NO_ENTRY,True,2334.37,1.0,SL,True,2333.22,7.5,SL,True,2338.52,6.25,SL,False,,,NO_ENTRY,21.8,104.3,,,21.3,105.2,17.2,102.9,70.2,35.0,,
1324,2343.51,SELL,WICK_H4,H4,2024-06-20 16:00:00,1,0.75,2024-06-20 16:45:00,2347.01,35.0,183.2,1.25,,,0.0,,,110.3,True,True,2347.01,0.0,SL,False,,,NO_ENTRY,False,,,NO_ENTRY,False,,,NO_ENTRY,False,,,NO_ENTRY,False,,,NO_ENTRY,38.9,183.2,,,,,,,,,,
1337,2326.52,SELL,WICK_H4,H4,2024-06-24 08:00:00,2,2.5,2024-06-24 10:30:00,2330.02,35.0,26.7,0.5,,0.75,0.0,,,113.26,True,True,2330.02,0.0,SL,False,,,NO_ENTRY,True,2330.02,0.75,SL,False,,,NO_ENTRY,False,,,NO_ENTRY,False,,,NO_ENTRY,94.2,26.7,,,94.2,15.9,,,,,,
1358,2302.89,SELL,WICK_H4,H4,2024-06-27 00:00:00,2,11.75,2024-06-27 11:45:00,2306.39,35.0,191.1,3.75,,,,,,95.08,True,True,2306.39,0.0,SL,False,,,NO_ENTRY,False,,,NO_ENTRY,False,,,NO_ENTRY,False,,,NO_ENTRY,False,,,NO_ENTRY,7.1,191.1,,,,,,,,,,
1361,2325.5,SELL,WICK_H4,H4,2024-06-27 16:00:00,1,1.75,2024-06-27 17:45:00,2329.0,35.0,17.7,0.5,1.5,0.0,0.5,2.0,,102.22,True,True,2329.0,0.0,TP,True,2325.5,1.5,SL,True,2329.0,0.0,TP,False,,,NO_ENTRY,False,,,NO_ENTRY,True,2325.5,2.0,SL,67.1,17.7,32.1,24.0,67.1,17.7,,,,,32.1,29.1
1365,2324.87,SELL,WICK_H4,H4,2024-06-28 08:00:00,1,2.75,2024-06-28 10:45:00,2328.37,35.0,34.2,0.5,,0.0,,,,95.56,True,True,2328.37,0.0,SL,False,,,NO_ENTRY,True,2328.37,0.0,SL,False,,,NO_ENTRY,False,,,NO_ENTRY,False,,,NO_ENTRY,20.4,86.7,,,20.4,86.7,,,,,,
1367,2331.79,SELL,WICK_H4,H4,2024-06-28 12:00:00,1,1.5,2024-06-28 13:30:00,2335.29,35.0,39.3,2.0,,0.5,1.75,,,97.36,True,True,2335.29,0.0,SL,False,,,NO_ENTRY,True,2335.29,0.5,SL,False,,,NO_ENTRY,False,,,NO_ENTRY,False,,,NO_ENTRY,125.6,42.7,,,125.6,42.7,,,,,,
1376,2328.86,SELL,WICK_H4,H4,2024-07-01 12:00:00,2,1.75,2024-07-01 13:45:00,2332.36,35.0,60.1,1.25,2.0,1.75,0.0,2.0,,99.3,True,True,2332.36,0.0,SL,True,2328.86,2.0,SL,True,2332.36,1.75,SL,False,,,NO_ENTRY,False,,,NO_ENTRY,False,,,NO_ENTRY,132.3,60.1,97.3,53.0,132.3,26.8,,,,,,
1387,2332.06,SELL,WICK_H4,H4,2024-07-03 04:00:00,1,4.25,2024-07-03 08:15:00,2335.56,35.0,119.0,2.75,,0.0,0.25,,,99.15,True,True,2335.56,0.0,SL,False,,,NO_ENTRY,True,2335.56,0.0,SL,False,,,NO_ENTRY,False,,,NO_ENTRY,False,,,NO_ENTRY,37.0,119.0,,,37.0,119.0,,,,,,
1389,2347.46,SELL,WICK_H4,H4,2024-07-03 12:00:00,3,3.5,2024-07-03 15:30:00,2350.96,35.0,50.7,0.0,,0.25,0.0,,,102.04,True,True,2350.96,0.0,SL,False,,,NO_ENTRY,True,2350.96,0.25,SL,False,,,NO_ENTRY,False,,,NO_ENTRY,False,,,NO_ENTRY,34.7,138.4,,,34.7,138.4,,,,,,
1391,2356.03,SELL,WICK_H4,H4,2024-07-03 16:00:00,1,1.0,2024-07-03 17:00:00,2359.53,35.0,52.7,0.75,,0.25,0.0,,,107.12,True,True,2359.53,0.0,SL,False,,,NO_ENTRY,True,2359.53,0.25,SL,False,,,NO_ENTRY,False,,,NO_ENTRY,False,,,NO_ENTRY,57.9,52.7,,,57.9,52.7,,,,,,
1400,2361.76,SELL,WICK_H4,H4,2024-07-04 20:00:00,2,13.0,2024-07-05 09:00:00,2365.26,35.0,25.4,2.25,,0.25,1.0,,,80.76,True,True,2365.26,0.0,SL,False,,,NO_ENTRY,True,2365.26,0.25,SL,False,,,NO_ENTRY,False,,,NO_ENTRY,False,,,NO_ENTRY,35.2,25.4,,,35.2,25.4,,,,,,
1404,2367.8,SELL,WICK_H4,H4,2024-07-05 12:00:00,1,3.5,2024-07-05 15:30:00,2371.3,35.0,46.8,0.0,,,0.0,0.0,0.0,92.51,True,True,2371.3,0.0,SL,False,,,NO_ENTRY,False,,,NO_ENTRY,False,,,NO_ENTRY,False,,,NO_ENTRY,False,,,NO_ENTRY,198.5,169.5,,,,,,,,,,
1406,2375.98,SELL,WICK_H4,H4,2024-07-05 16:00:00,1,0.5,2024-07-05 16:30:00,2379.48,35.0,87.7,2.0,,0.5,0.0,0.0,,98.54,True,True,2379.48,0.0,SL,False,,,NO_ENTRY,True,2379.48,0.5,SL,False,,,NO_ENTRY,False,,,NO_ENTRY,False,,,NO_ENTRY,52.9,103.0,,,51.7,103.0,,,,,,
1408,2388.25,SELL,WICK_H4,H4,2024-07-05 20:00:00,2,1.5,2024-07-05 21:30:00,2391.75,35.0,10.8,0.5,,0.25,0.0,,,97.45,True,True,2391.75,0.0,TP,False,,,NO_ENTRY,True,2391.75,0.25,TP,False,,,NO_ENTRY,False,,,NO_ENTRY,False,,,NO_ENTRY,70.7,10.8,,,70.7,10.8,,,,,,
1421,2363.55,SELL,WICK_H4,H4,2024-07-09 04:00:00,2,2.75,2024-07-09 06:45:00,2367.05,35.0,15.8,0.5,2.75,0.75,2.0,3.25,8.5,102.39,True,True,2367.05,0.0,TP,True,2363.55,2.75,SL,True,2367.05,0.75,TP,True,2361.54,5.25,SL,True,2363.15,2.75,SL,True,2363.55,5.25,SL,88.3,15.8,54.4,19.4,89.4,11.7,55.7,39.5,50.4,23.4,75.8,19.4
1423,2365.49,SELL,WICK_H4,H4,2024-07-09 16:00:00,1,1.0,2024-07-09 17:00:00,2368.99,35.0,24.6,0.0,0.0,0.0,0.0,0.0,0.0,110.36,True,True,2368.99,0.0,TP,True,2365.49,0.0,SL,True,2368.99,0.0,TP,False,,,NO_ENTRY,True,2354.8,0.75,SL,True,2365.49,0.5,TP,197.2,24.6,162.2,59.6,197.2,24.6,,,55.3,103.8,162.2,-4.6
1428,2366.41,SELL,WICK_H4,H4,2024-07-10 04:00:00,1,1.75,2024-07-10 05:45:00,2369.91,35.0,2.3,0.0,,0.0,0.25,,,100.61,True,True,2369.91,0.0,SL,False,,,NO_ENTRY,True,2369.91,0.0,SL,False,,,NO_ENTRY,False,,,NO_ENTRY,False,,,NO_ENTRY,35.9,27.4,,,35.9,27.4,,,,,,
1429,2370.14,SELL,WICK_H4,H4,2024-07-10 08:00:00,2,2.0,2024-07-10 10:00:00,2373.64,35.0,12.1,0.25,,0.0,,,,98.99,True,True,2373.64,0.0,SL,False,,,NO_ENTRY,True,2373.64,0.0,SL,False,,,NO_ENTRY,False,,,NO_ENTRY,False,,,NO_ENTRY,23.6,15.5,,,23.6,15.5,,,,,,
1430,2374.85,SELL,WICK_H4,H4,2024-07-10 12:00:00,2,3.0,2024-07-10 15:00:00,2378.35,35.0,33.7,0.5,,0.0,,,,99.19,True,True,2378.35,0.0,SL,False,,,NO_ENTRY,True,2378.35,0.0,SL,False,,,NO_ENTRY,False,,,NO_ENTRY,False,,,NO_ENTRY,45.7,81.7,,,45.7,81.7,,,,,,
1434,2383.94,SELL,WICK_H4,H4,2024-07-11 12:00:00,3,3.75,2024-07-11 15:45:00,2387.44,35.0,221.5,0.0,,,,,,108.86,True,True,2387.44,0.0,SL,False,,,NO_ENTRY,False,,,NO_ENTRY,False,,,NO_ENTRY,False,,,NO_ENTRY,False,,,NO_ENTRY,-82.4,369.5,,,,,,,,,,
1436,2409.59,SELL,WICK_H4,H4,2024-07-11 16:00:00,2,1.75,2024-07-11 17:45:00,2413.09,35.0,113.0,0.75,,2.0,0.0,,,121.59,True,True,2413.09,0.0,SL,False,,,NO_ENTRY,True,2413.09,2.0,SL,False,,,NO_ENTRY,False,,,NO_ENTRY,False,,,NO_ENTRY,36.2,113.0,,,32.3,54.5,,,,,,
1442,2414.11,SELL,WICK_H4,H4,2024-07-12 08:00:00,1,12.75,2024-07-12 20:45:00,2417.61,35.0,5.1,0.0,0.75,0.25,0.5,2.25,,117.42,True,True,2417.61,0.0,TP,True,2414.11,0.75,TP,True,2417.61,0.25,TP,False,,,NO_ENTRY,True,2414.11,0.75,TP,True,2414.11,1.25,TP,108.2,5.1,86.1,12.2,110.9,2.5,,,86.1,12.2,86.1,7.5
1451,2413.83,SELL,WICK_H4,H4,2024-07-15 12:00:00,2,2.0,2024-07-15 14:00:00,2417.33,35.0,33.3,1.0,,0.0,0.0,,,115.56,True,True,2417.33,0.0,SL,False,,,NO_ENTRY,True,2417.33,0.0,SL,False,,,NO_ENTRY,False,,,NO_ENTRY,False,,,NO_ENTRY,59.5,185.1,,,59.5,185.1,,,,,,
1453,2420.66,SELL,WICK_H4,H4,2024-07-15 16:00:00,1,1.75,2024-07-15 17:45:00,2424.16,35.0,154.0,1.75,,,,,,127.44,True,True,2424.16,0.0,SL,False,,,NO_ENTRY,False,,,NO_ENTRY,False,,,NO_ENTRY,False,,,NO_ENTRY,False,,,NO_ENTRY,45.4,154.0,,,,,,,,,,
1458,2431.34,SELL,WICK_H4,H4,2024-07-16 08:00:00,1,2.0,2024-07-16 10:00:00,2434.84,35.0,43.6,0.75,,0.0,,,,117.31,True,True,2434.84,0.0,SL,False,,,NO_ENTRY,True,2434.84,0.0,SL,False,,,NO_ENTRY,False,,,NO_ENTRY,False,,,NO_ENTRY,23.9,83.8,,,23.9,83.8,,,,,,
1459,2439.2,SELL,WICK_H4,H4,2024-07-16 12:00:00,1,0.5,2024-07-16 12:30:00,2442.7,35.0,11.8,2.75,1.5,0.0,0.0,3.0,3.25,119.4,True,True,2442.7,0.0,TP,True,2439.2,1.5,SL,True,2442.7,0.0,TP,False,,,NO_ENTRY,True,2434.27,3.0,SL,False,,,NO_ENTRY,134.7,39.6,99.7,183.6,134.7,39.6,,,50.4,308.4,,
1460,2443.88,SELL,WICK_H4,H4,2024-07-16 16:00:00,1,0.75,2024-07-16 16:45:00,2447.38,35.0,177.3,2.0,0.0,0.0,0.0,0.25,,135.35,True,True,2447.38,0.0,SL,True,2443.88,0.0,SL,True,2447.38,0.0,SL,False,,,NO_ENTRY,False,,,NO_ENTRY,False,,,NO_ENTRY,69.5,188.0,34.5,223.0,69.5,188.0,,,,,,
1462,2465.11,SELL,WICK_H4,H4,2024-07-16 20:00:00,1,3.0,2024-07-16 23:00:00,2468.61,35.0,45.3,4.5,,0.0,,,,133.56,True,True,2468.61,0.0,SL,False,,,NO_ENTRY,True,2468.61,0.0,SL,False,,,NO_ENTRY,False,,,NO_ENTRY,False,,,NO_ENTRY,25.7,72.0,,,25.7,72.0,,,,,,
1464,2473.14,SELL,WICK_H4,H4,2024-07-17 04:00:00,1,0.25,2024-07-17 04:15:00,2476.64,35.0,56.1,0.75,1.25,0.0,0.0,1.25,,133.02,True,True,2476.64,0.0,SL,True,2473.14,1.25,SL,True,2476.64,0.0,SL,False,,,NO_ENTRY,True,2465.04,2.0,SL,False,,,NO_ENTRY,128.0,56.1,114.8,62.7,128.0,56.1,,,33.8,75.6,,
1468,2478.73,SELL,WICK_H4,H4,2024-07-17 12:00:00,2,4.75,2024-07-17 16:45:00,2482.23,35.0,13.0,0.25,0.25,0.25,0.0,0.25,0.25,145.43,True,True,2482.23,0.0,TP,True,2478.73,0.25,SL,True,2482.23,0.25,TP,False,,,NO_ENTRY,True,2467.46,0.25,SL,False,,,NO_ENTRY,304.9,13.0,273.5,48.0,308.5,13.0,,,160.8,160.7,,
1475,2461.76,SELL,WICK_H4,H4,2024-07-18 04:00:00,1,1.75,2024-07-18 05:45:00,2465.26,35.0,35.2,0.75,,2.0,,,,133.01,True,True,2465.26,0.0,SL,False,,,NO_ENTRY,True,2465.26,2.0,SL,False,,,NO_ENTRY,True,2465.09,2.0,SL,False,,,NO_ENTRY,21.8,67.4,,,8.1,95.4,,,6.4,97.1,,
1476,2468.78,SELL,WICK_H4,H4,2024-07-18 08:00:00,2,2.0,2024-07-18 10:00:00,2472.28,35.0,25.2,0.0,1.5,0.25,1.5,1.75,,130.9,True,True,2472.28,0.0,SL,True,2468.78,1.5,TP,True,2472.28,0.25,TP,False,,,NO_ENTRY,False,,,NO_ENTRY,True,2468.78,1.75,TP,109.2,25.2,74.2,11.2,109.2,12.9,,,,,74.2,-0.2
1486,2408.28,SELL,WICK_H4,H4,2024-07-19 20:00:00,1,54.75,2024-07-22 02:45:00,2411.78,35.0,0.5,0.0,1.0,0.0,0.25,,,132.85,True,True,2411.78,0.0,TP,True,2408.28,1.0,SL,True,2411.78,0.0,TP,False,,,NO_ENTRY,False,,,NO_ENTRY,False,,,NO_ENTRY,85.7,2.7,52.1,37.7,85.7,2.7,,,,,,
1498,2399.91,SELL,WICK_H4,H4,2024-07-23 00:00:00,1,4.25,2024-07-23 04:15:00,2403.41,35.0,4.6,0.25,1.5,0.0,0.0,1.75,,121.65,True,True,2403.41,0.0,TP,True,2399.91,1.5,TP,True,2403.41,0.0,TP,False,,,NO_ENTRY,True,2399.52,1.5,TP,True,2399.91,1.75,TP,99.3,4.6,117.6,14.5,99.3,4.6,,,113.7,18.4,117.6,7.4
1501,2407.03,SELL,WICK_H4,H4,2024-07-23 12:00:00,2,2.25,2024-07-23 14:15:00,2410.53,35.0,13.8,0.0,1.0,0.0,0.25,1.25,,123.74,True,True,2410.53,0.0,TP,True,2407.03,1.0,SL,True,2410.53,0.0,TP,False,,,NO_ENTRY,False,,,NO_ENTRY,False,,,NO_ENTRY,111.3,13.8,76.3,21.2,111.3,13.8,,,,,,
1504,2407.55,SELL,WICK_H4,H4,2024-07-23 20:00:00,3,8.0,2024-07-24 04:00:00,2411.05,35.0,208.4,13.75,0.25,0.25,0.0,0.5,,112.34,True,True,2411.05,0.0,SL,True,2407.55,0.25,SL,True,2411.05,0.25,SL,True,2411.74,8.0,SL,True,2405.76,0.25,SL,False,,,NO_ENTRY,62.2,72.2,27.2,107.2,62.2,72.2,20.4,112.2,9.3,125.1,,
1523,2375.18,SELL,WICK_H4,H4,2024-07-26 12:00:00,2,3.75,2024-07-26 15:45:00,2378.68,35.0,2.4,0.0,,0.0,0.0,,,135.07,True,True,2378.68,0.0,SL,False,,,NO_ENTRY,True,2378.68,0.0,SL,False,,,NO_ENTRY,False,,,NO_ENTRY,False,,,NO_ENTRY,48.2,119.7,,,48.2,119.7,,,,,,
1525,2378.92,SELL,WICK_H4,H4,2024-07-26 16:00:00,1,0.5,2024-07-26 16:30:00,2382.42,35.0,82.3,0.75,,0.0,0.0,,,137.41,True,True,2382.42,0.0,SL,False,,,NO_ENTRY,True,2382.42,0.0,SL,False,,,NO_ENTRY,False,,,NO_ENTRY,False,,,NO_ENTRY,60.5,82.3,,,60.5,82.3,,,,,,
1527,2390.65,SELL,WICK_H4,H4,2024-07-26 20:00:00,1,53.25,2024-07-29 01:15:00,2394.15,35.0,88.4,0.0,,,,,,135.67,True,True,2394.15,0.0,SL,False,,,NO_ENTRY,False,,,NO_ENTRY,False,,,NO_ENTRY,False,,,NO_ENTRY,False,,,NO_ENTRY,56.2,88.4,,,,,,,,,,
1541,2388.19,SELL,WICK_H4,H4,2024-07-30 08:00:00,1,2.0,2024-07-30 10:00:00,2391.69,35.0,2.3,0.0,,0.0,1.25,,,124.4,True,True,2391.69,0.0,SL,False,,,NO_ENTRY,True,2391.69,0.0,SL,False,,,NO_ENTRY,False,,,NO_ENTRY,False,,,NO_ENTRY,40.2,5.9,,,40.2,5.9,,,,,,
1544,2392.28,SELL,WICK_H4,H4,2024-07-30 16:00:00,1,0.5,2024-07-30 16:30:00,2395.78,35.0,168.8,6.75,0.5,0.0,0.0,0.5,2.25,123.77,True,True,2395.78,0.0,TP,True,2392.28,0.5,SL,True,2395.78,0.0,TP,False,,,NO_ENTRY,True,2386.14,1.75,SL,True,2392.28,1.5,SL,124.9,149.9,89.9,184.9,124.9,149.9,,,28.5,246.3,89.9,184.9
1546,2412.66,SELL,WICK_H4,H4,2024-07-31 00:00:00,1,6.25,2024-07-31 06:15:00,2416.16,35.0,92.4,3.25,,0.75,,,,121.53,True,True,2416.16,0.0,SL,False,,,NO_ENTRY,True,2416.16,0.75,SL,False,,,NO_ENTRY,False,,,NO_ENTRY,False,,,NO_ENTRY,25.6,92.4,,,19.0,92.4,,,,,,
1550,2423.13,SELL,WICK_H4,H4,2024-07-31 16:00:00,1,0.75,2024-07-31 16:45:00,2426.63,35.0,23.1,0.5,0.5,0.0,0.0,1.0,,115.42,True,True,2426.63,0.0,SL,True,2423.13,0.5,SL,True,2426.63,0.0,SL,False,,,NO_ENTRY,False,,,NO_ENTRY,True,2423.13,1.5,SL,75.5,23.1,40.5,58.1,75.5,23.1,,,,,31.7,208.0
1552,2428.94,SELL,WICK_H4,H4,2024-07-31 20:00:00,2,1.75,2024-07-31 21:45:00,2432.44,35.0,183.5,1.25,,0.25,,,,128.19,True,True,2432.44,0.0,SL,False,,,NO_ENTRY,True,2432.44,0.25,SL,False,,,NO_ENTRY,False,,,NO_ENTRY,False,,,NO_ENTRY,24.3,183.5,,,14.6,183.5,,,,,,
1554,2450.79,SELL,WICK_H4,H4,2024-08-01 00:00:00,1,4.25,2024-08-01 04:15:00,2454.29,35.0,39.5,0.0,0.75,0.25,0.0,1.25,1.5,129.01,True,True,2454.29,0.0,SL,True,2450.79,0.75,TP,True,2454.29,0.25,SL,False,,,NO_ENTRY,True,2443.84,1.25,SL,True,2450.79,1.0,TP,170.9,39.5,135.9,4.6,170.9,36.2,,,66.4,60.1,135.9,2.1
1559,2448.75,SELL,WICK_H4,H4,2024-08-01 12:00:00,1,3.75,2024-08-01 15:45:00,2452.25,35.0,14.2,0.0,,0.0,0.0,,,139.26,True,True,2452.25,0.0,SL,False,,,NO_ENTRY,True,2452.25,0.0,SL,False,,,NO_ENTRY,False,,,NO_ENTRY,False,,,NO_ENTRY,102.9,99.1,,,102.9,99.1,,,,,,
1565,2452.2,SELL,WICK_H4,H4,2024-08-02 04:00:00,1,2.0,2024-08-02 06:00:00,2455.7,35.0,45.5,1.75,,0.25,0.5,,,146.8,True,True,2455.7,0.0,SL,False,,,NO_ENTRY,True,2455.7,0.25,SL,False,,,NO_ENTRY,False,,,NO_ENTRY,False,,,NO_ENTRY,41.5,126.2,,,41.5,126.2,,,,,,
1567,2460.25,SELL,WICK_H4,H4,2024-08-02 08:00:00,1,0.75,2024-08-02 08:45:00,2463.75,35.0,45.7,0.25,,0.75,0.0,,,144.01,True,True,2463.75,0.0,SL,False,,,NO_ENTRY,True,2463.75,0.75,SL,False,,,NO_ENTRY,False,,,NO_ENTRY,False,,,NO_ENTRY,48.2,45.7,,,36.6,38.9,,,,,,
1569,2468.32,SELL,WICK_H4,H4,2024-08-02 12:00:00,1,3.75,2024-08-02 15:45:00,2471.82,35.0,55.1,0.0,,,,,,149.3,True,True,2471.82,0.0,SL,False,,,NO_ENTRY,False,,,NO_ENTRY,False,,,NO_ENTRY,False,,,NO_ENTRY,False,,,NO_ENTRY,611.9,55.1,,,,,,,,,,
1575,2447.17,SELL,WICK_H4,H4,2024-08-05 04:00:00,2,3.0,2024-08-05 07:00:00,2450.67,35.0,79.5,0.25,,,,,,209.16,True,True,2450.67,0.0,SL,False,,,NO_ENTRY,False,,,NO_ENTRY,False,,,NO_ENTRY,False,,,NO_ENTRY,False,,,NO_ENTRY,286.5,79.5,,,,,,,,,,
1583,2412.91,SELL,WICK_H4,H4,2024-08-06 00:00:00,1,3.75,2024-08-06 03:45:00,2416.41,35.0,17.7,0.0,,0.0,,,,239.15,True,True,2416.41,0.0,TP,False,,,NO_ENTRY,True,2416.41,0.0,TP,False,,,NO_ENTRY,False,,,NO_ENTRY,False,,,NO_ENTRY,106.8,17.7,,,106.8,17.7,,,,,,
1599,2397.46,SELL,WICK_H4,H4,2024-08-07 12:00:00,1,2.75,2024-08-07 14:45:00,2400.96,35.0,59.5,1.0,,0.0,0.0,,,195.33,True,True,2400.96,0.0,SL,False,,,NO_ENTRY,True,2400.96,0.0,SL,False,,,NO_ENTRY,False,,,NO_ENTRY,False,,,NO_ENTRY,91.0,59.5,,,91.0,59.5,,,,,,
1603,2388.69,SELL,WICK_H4,H4,2024-08-08 04:00:00,2,2.75,2024-08-08 06:45:00,2392.19,35.0,40.6,0.75,,,,,,177.45,True,True,2392.19,0.0,SL,False,,,NO_ENTRY,False,,,NO_ENTRY,False,,,NO_ENTRY,False,,,NO_ENTRY,False,,,NO_ENTRY,6.6,84.2,,,,,,,,,,
1605,2396.25,SELL,WICK_H4,H4,2024-08-08 08:00:00,1,1.5,2024-08-08 09:30:00,2399.75,35.0,7.9,0.0,0.5,0.0,0.75,,,170.69,True,True,2399.75,0.0,SL,True,2396.25,0.5,SL,True,2399.75,0.0,SL,False,,,NO_ENTRY,True,2394.53,1.75,SL,False,,,NO_ENTRY,70.3,48.0,35.3,154.5,70.3,48.0,,,18.1,208.4,,
1606,2400.61,SELL,WICK_H4,H4,2024-08-08 12:00:00,1,1.75,2024-08-08 13:45:00,2404.11,35.0,112.6,1.5,,,,,,173.96,True,True,2404.11,0.0,SL,False,,,NO_ENTRY,False,,,NO_ENTRY,False,,,NO_ENTRY,False,,,NO_ENTRY,False,,,NO_ENTRY,42.1,201.1,,,,,,,,,,
1608,2415.37,SELL,WICK_H4,H4,2024-08-08 16:00:00,1,1.25,2024-08-08 17:15:00,2418.87,35.0,53.5,0.25,0.5,0.5,0.5,,,177.25,True,True,2418.87,0.0,SL,True,2415.37,0.5,SL,True,2418.87,0.5,SL,False,,,NO_ENTRY,False,,,NO_ENTRY,False,,,NO_ENTRY,71.1,73.5,36.1,108.5,71.1,73.5,,,,,,
1609,2424.22,SELL,WICK_H4,H4,2024-08-08 20:00:00,2,5.0,2024-08-09 01:00:00,2427.72,35.0,10.9,4.0,1.25,0.0,1.25,5.75,,164.52,True,True,2427.72,0.0,TP,True,2424.22,1.25,SL,True,2427.72,0.0,TP,True,2423.81,7.0,SL,True,2423.26,1.25,SL,True,2424.22,2.75,SL,77.7,10.9,42.7,45.9,77.7,10.9,70.4,30.8,33.1,55.5,50.1,45.9
1614,2426.89,SELL,WICK_H4,H4,2024-08-09 12:00:00,1,1.75,2024-08-09 13:45:00,2430.39,35.0,21.1,0.25,0.75,0.0,0.75,,,151.45,True,True,2430.39,0.0,SL,True,2426.89,0.75,SL,True,2430.39,0.0,SL,False,,,NO_ENTRY,False,,,NO_ENTRY,True,2426.89,1.0,SL,94.8,54.4,59.8,89.4,94.8,54.4,,,,,59.8,89.4
1616,2432.5,SELL,WICK_H4,H4,2024-08-09 16:00:00,4,4.0,2024-08-09 20:00:00,2436.0,35.0,8.8,0.0,0.5,0.0,0.5,1.0,,147.48,True,True,2436.0,0.0,TP,True,2432.5,0.5,SL,True,2436.0,0.0,TP,False,,,NO_ENTRY,False,,,NO_ENTRY,True,2432.5,0.75,SL,92.0,8.8,57.0,19.8,92.0,8.8,,,,,57.0,7.5
1621,2433.25,SELL,WICK_H4,H4,2024-08-12 04:00:00,1,5.75,2024-08-12 09:45:00,2436.75,35.0,69.5,2.0,,0.0,,,,139.19,True,True,2436.75,0.0,SL,False,,,NO_ENTRY,True,2436.75,0.0,SL,False,,,NO_ENTRY,False,,,NO_ENTRY,False,,,NO_ENTRY,20.2,82.5,,,20.2,82.5,,,,,,
1624,2443.7,SELL,WICK_H4,H4,2024-08-12 12:00:00,3,4.5,2024-08-12 16:30:00,2447.2,35.0,187.9,2.5,,,,,,141.0,True,True,2447.2,0.0,SL,False,,,NO_ENTRY,False,,,NO_ENTRY,False,,,NO_ENTRY,False,,,NO_ENTRY,False,,,NO_ENTRY,28.3,206.5,,,,,,,,,,
1627,2465.99,SELL,WICK_H4,H4,2024-08-12 20:00:00,1,1.0,2024-08-12 21:00:00,2469.49,35.0,73.8,6.0,,0.0,,,,139.12,True,True,2469.49,0.0,SL,False,,,NO_ENTRY,True,2469.49,0.0,SL,False,,,NO_ENTRY,True,2469.75,6.5,SL,False,,,NO_ENTRY,31.9,45.1,,,31.9,45.1,,,90.8,45.6,,
1633,2466.05,SELL,WICK_H4,H4,2024-08-13 12:00:00,2,3.5,2024-08-13 15:30:00,2469.55,35.0,28.2,0.0,,0.25,0.0,,,131.44,True,True,2469.55,0.0,SL,False,,,NO_ENTRY,True,2469.55,0.25,TP,False,,,NO_ENTRY,False,,,NO_ENTRY,False,,,NO_ENTRY,107.9,59.3,,,107.9,59.3,,,,,,
1641,2472.42,SELL,WICK_H4,H4,2024-08-14 08:00:00,1,3.75,2024-08-14 11:45:00,2475.92,35.0,17.0,0.0,,0.0,,,,132.36,True,True,2475.92,0.0,SL,False,,,NO_ENTRY,True,2475.92,0.0,SL,False,,,NO_ENTRY,False,,,NO_ENTRY,False,,,NO_ENTRY,137.8,37.3,,,137.8,37.3,,,,,,
1652,2458.69,SELL,WICK_H4,H4,2024-08-15 12:00:00,1,2.5,2024-08-15 14:30:00,2462.19,35.0,77.9,0.75,1.0,0.0,1.0,1.0,1.25,142.06,True,True,2462.19,0.0,SL,True,2458.69,1.0,SL,True,2462.19,0.0,SL,False,,,NO_ENTRY,True,2453.17,1.0,SL,False,,,NO_ENTRY,301.6,77.9,266.6,80.9,301.6,77.9,,,211.4,136.1,,
1659,2459.98,SELL,WICK_H4,H4,2024-08-16 08:00:00,1,3.5,2024-08-16 11:30:00,2463.48,35.0,4.7,0.0,,0.0,,,,136.56,True,True,2463.48,0.0,SL,False,,,NO_ENTRY,True,2463.48,0.0,SL,False,,,NO_ENTRY,False,,,NO_ENTRY,False,,,NO_ENTRY,26.1,129.9,,,26.1,129.9,,,,,,
1661,2464.38,SELL,WICK_H4,H4,2024-08-16 12:00:00,1,1.25,2024-08-16 13:15:00,2467.88,35.0,321.3,3.5,,0.0,0.5,,,149.07,True,True,2467.88,0.0,SL,False,,,NO_ENTRY,True,2467.88,0.0,SL,False,,,NO_ENTRY,False,,,NO_ENTRY,False,,,NO_ENTRY,43.4,321.3,,,43.4,321.3,,,,,,
1663,2500.01,SELL,WICK_H4,H4,2024-08-16 20:00:00,2,1.5,2024-08-16 21:30:00,2503.51,35.0,60.6,1.5,,0.25,0.0,,,155.4,True,True,2503.51,0.0,SL,False,,,NO_ENTRY,True,2503.51,0.25,SL,False,,,NO_ENTRY,False,,,NO_ENTRY,False,,,NO_ENTRY,43.5,64.7,,,19.1,64.7,,,,,,
1677,2508.18,SELL,WICK_H4,H4,2024-08-20 08:00:00,1,2.75,2024-08-20 10:45:00,2511.68,35.0,112.8,1.0,,,,,,142.97,True,True,2511.68,0.0,SL,False,,,NO_ENTRY,False,,,NO_ENTRY,False,,,NO_ENTRY,False,,,NO_ENTRY,False,,,NO_ENTRY,15.1,152.9,,,,,,,,,,
1679,2522.96,SELL,WICK_H4,H4,2024-08-20 12:00:00,3,2.75,2024-08-20 14:45:00,2526.46,35.0,26.4,1.0,,0.0,0.75,,,139.5,True,True,2526.46,0.0,SL,False,,,NO_ENTRY,True,2526.46,0.0,SL,False,,,NO_ENTRY,False,,,NO_ENTRY,False,,,NO_ENTRY,207.8,51.5,,,207.8,51.5,,,,,,
1686,2515.94,SELL,WICK_H4,H4,2024-08-21 04:00:00,2,1.0,2024-08-21 05:00:00,2519.44,35.0,3.5,0.25,1.0,0.25,0.5,,,136.51,True,True,2519.44,0.0,TP,True,2515.94,1.0,SL,True,2519.44,0.25,TP,False,,,NO_ENTRY,False,,,NO_ENTRY,True,2515.94,2.75,SL,77.8,3.5,42.8,35.6,77.8,3.5,,,,,91.5,35.6
1692,2512.83,SELL,WICK_H4,H4,2024-08-21 20:00:00,1,1.25,2024-08-21 21:15:00,2516.33,35.0,27.0,0.0,0.75,0.25,0.75,,,136.12,True,True,2516.33,0.0,SL,True,2512.83,0.75,SL,True,2516.33,0.25,TP,False,,,NO_ENTRY,True,2510.65,1.75,SL,True,2512.83,1.0,SL,66.7,27.0,31.7,34.1,66.7,24.2,,,9.9,39.0,31.7,26.9
1701,2492.15,SELL,WICK_H4,H4,2024-08-23 04:00:00,1,4.5,2024-08-23 08:30:00,2495.65,35.0,225.4,9.75,0.25,0.0,0.0,,,125.74,True,True,2495.65,0.0,SL,True,2492.15,0.25,SL,True,2495.65,0.0,SL,False,,,NO_ENTRY,True,2491.76,0.25,SL,False,,,NO_ENTRY,51.6,60.6,16.6,95.6,51.6,60.6,,,12.7,99.5,,
1709,2515.38,SELL,WICK_H4,H4,2024-08-26 08:00:00,1,2.5,2024-08-26 10:30:00,2518.88,35.0,68.0,1.25,,,,,,120.06,True,True,2518.88,0.0,SL,False,,,NO_ENTRY,False,,,NO_ENTRY,False,,,NO_ENTRY,False,,,NO_ENTRY,False,,,NO_ENTRY,10.4,76.2,,,,,,,,,,
1720,2514.25,SELL,WICK_H4,H4,2024-08-27 16:00:00,1,1.25,2024-08-27 17:15:00,2517.75,35.0,24.2,1.0,1.25,0.0,0.25,1.25,,113.12,True,True,2517.75,0.0,SL,True,2514.25,1.25,SL,True,2517.75,0.0,SL,False,,,NO_ENTRY,False,,,NO_ENTRY,True,2514.25,2.25,SL,79.6,67.3,44.6,115.8,79.6,67.3,,,,,20.0,115.8
1722,2520.17,SELL,WICK_H4,H4,2024-08-27 20:00:00,1,1.25,2024-08-27 21:15:00,2523.67,35.0,52.5,4.75,,1.0,0.0,,,113.5,True,True,2523.67,0.0,SL,False,,,NO_ENTRY,True,2523.67,1.0,SL,True,2524.35,6.75,TP,False,,,NO_ENTRY,False,,,NO_ENTRY,31.0,52.5,,,7.6,52.5,159.6,0.0,,,,
1730,2509.52,SELL,WICK_H4,H4,2024-08-29 00:00:00,1,3.25,2024-08-29 03:15:00,2513.02,35.0,21.2,0.25,,0.5,,,,114.28,True,True,2513.02,0.0,SL,False,,,NO_ENTRY,True,2513.02,0.5,SL,False,,,NO_ENTRY,False,,,NO_ENTRY,False,,,NO_ENTRY,27.7,49.4,,,15.3,50.2,,,,,,
1735,2524.31,SELL,WICK_H4,H4,2024-08-29 16:00:00,2,4.25,2024-08-29 20:15:00,2527.81,35.0,7.3,0.0,1.25,0.0,0.5,1.5,,117.42,True,True,2527.81,0.0,TP,True,2524.31,1.25,TP,True,2527.81,0.0,TP,False,,,NO_ENTRY,True,2523.3,1.25,TP,True,2524.31,1.75,TP,74.9,7.3,55.4,19.4,74.9,7.3,,,45.3,29.5,63.2,4.3
1738,2519.99,SELL,WICK_H4,H4,2024-08-30 08:00:00,1,3.0,2024-08-30 11:00:00,2523.49,35.0,30.8,0.5,,0.75,0.0,,,112.52,True,True,2523.49,0.0,SL,False,,,NO_ENTRY,True,2523.49,0.75,SL,False,,,NO_ENTRY,False,,,NO_ENTRY,False,,,NO_ENTRY,86.1,32.9,,,86.1,32.9,,,,,,
1757,2491.19,SELL,WICK_H4,H4,2024-09-04 16:00:00,1,1.5,2024-09-04 17:30:00,2494.69,35.0,54.2,0.25,,1.25,,,,125.73,True,True,2494.69,0.0,SL,False,,,NO_ENTRY,True,2494.69,1.25,SL,False,,,NO_ENTRY,False,,,NO_ENTRY,False,,,NO_ENTRY,26.8,54.2,,,33.4,32.1,,,,,,
1762,2499.22,SELL,WICK_H4,H4,2024-09-05 08:00:00,1,1.0,2024-09-05 09:00:00,2502.72,35.0,138.0,2.5,,,,,,118.18,True,True,2502.72,0.0,SL,False,,,NO_ENTRY,False,,,NO_ENTRY,False,,,NO_ENTRY,False,,,NO_ENTRY,False,,,NO_ENTRY,20.3,144.1,,,,,,,,,,
1763,2516.52,SELL,WICK_H4,H4,2024-09-05 12:00:00,5,3.5,2024-09-05 15:30:00,2520.02,35.0,33.4,0.0,,0.25,0.0,,,116.98,True,True,2520.02,0.0,SL,False,,,NO_ENTRY,True,2520.02,0.25,TP,False,,,NO_ENTRY,False,,,NO_ENTRY,False,,,NO_ENTRY,161.9,33.4,,,161.9,17.5,,,,,,
1768,2521.74,SELL,WICK_H4,H4,2024-09-06 12:00:00,1,3.75,2024-09-06 15:45:00,2525.24,35.0,17.6,0.0,,0.0,0.0,,,112.31,True,True,2525.24,0.0,TP,False,,,NO_ENTRY,True,2525.24,0.0,TP,False,,,NO_ENTRY,False,,,NO_ENTRY,False,,,NO_ENTRY,402.9,17.6,,,402.9,17.6,,,,,,
1775,2500.33,SELL,WICK_H4,H4,2024-09-09 08:00:00,1,7.5,2024-09-09 15:30:00,2503.83,35.0,1.8,0.25,,0.0,0.25,,,119.19,True,True,2503.83,0.0,TP,False,,,NO_ENTRY,True,2503.83,0.0,TP,False,,,NO_ENTRY,False,,,NO_ENTRY,False,,,NO_ENTRY,107.2,12.9,,,107.2,12.9,,,,,,
1777,2504.01,SELL,WICK_H4,H4,2024-09-09 16:00:00,7,18.5,2024-09-10 10:30:00,2507.51,35.0,1.3,0.0,0.25,0.0,0.0,0.25,,104.31,True,True,2507.51,0.0,SL,True,2504.01,0.25,SL,True,2507.51,0.0,SL,False,,,NO_ENTRY,True,2502.63,0.25,SL,False,,,NO_ENTRY,75.4,20.3,40.4,55.3,75.4,20.3,,,26.6,69.1,,
1780,2507.64,SELL,WICK_H4,H4,2024-09-10 12:00:00,2,3.75,2024-09-10 15:45:00,2511.14,35.0,72.2,2.75,1.0,0.75,0.75,1.25,,106.79,True,True,2511.14,0.0,SL,True,2507.64,1.0,SL,True,2511.14,0.75,SL,False,,,NO_ENTRY,True,2503.54,1.25,SL,True,2507.64,1.25,SL,103.6,72.2,68.6,107.2,103.6,72.2,,,27.6,148.2,68.6,107.2
1787,2522.43,SELL,WICK_H4,H4,2024-09-11 08:00:00,1,1.5,2024-09-11 09:30:00,2525.93,35.0,29.6,0.0,1.25,0.0,1.0,1.25,,99.91,True,True,2525.93,0.0,SL,True,2522.43,1.25,SL,True,2525.93,0.0,SL,False,,,NO_ENTRY,False,,,NO_ENTRY,False,,,NO_ENTRY,62.8,29.6,27.8,46.9,62.8,29.6,,,,,,
1795,2513.72,SELL,WICK_H4,H4,2024-09-12 04:00:00,3,3.5,2024-09-12 07:30:00,2517.22,35.0,49.4,1.5,,0.0,2.75,,,103.02,True,True,2517.22,0.0,SL,False,,,NO_ENTRY,True,2517.22,0.0,SL,False,,,NO_ENTRY,False,,,NO_ENTRY,False,,,NO_ENTRY,28.2,49.4,,,28.2,49.4,,,,,,
1796,2522.16,SELL,WICK_H4,H4,2024-09-12 12:00:00,1,3.5,2024-09-12 15:30:00,2525.66,35.0,96.0,0.25,,,0.0,0.0,,109.95,True,True,2525.66,0.0,SL,False,,,NO_ENTRY,False,,,NO_ENTRY,False,,,NO_ENTRY,False,,,NO_ENTRY,False,,,NO_ENTRY,70.2,294.3,,,,,,,,,,
1798,2535.26,SELL,WICK_H4,H4,2024-09-12 16:00:00,1,0.25,2024-09-12 16:15:00,2538.76,35.0,163.3,1.75,,,0.0,0.0,,125.84,True,True,2538.76,0.0,SL,False,,,NO_ENTRY,False,,,NO_ENTRY,False,,,NO_ENTRY,True,2546.74,2.75,SL,False,,,NO_ENTRY,78.8,163.3,,,,,,,20.1,122.7,,
1800,2555.09,SELL,WICK_H4,H4,2024-09-12 20:00:00,1,1.75,2024-09-12 21:45:00,2558.59,35.0,273.5,22.25,0.5,0.0,0.0,,,123.95,True,True,2558.59,0.0,SL,True,2555.09,0.5,SL,True,2558.59,0.0,SL,True,2578.64,74.25,SL,True,2566.44,11.0,SL,False,,,NO_ENTRY,41.5,13.6,6.5,48.6,41.5,13.6,12.5,46.2,34.2,63.9,,
1829,2571.86,SELL,WICK_H4,H4,2024-09-18 12:00:00,1,1.5,2024-09-18 13:30:00,2575.36,35.0,52.7,1.25,,2.0,,,,105.82,True,True,2575.36,0.0,SL,False,,,NO_ENTRY,True,2575.36,2.0,SL,False,,,NO_ENTRY,False,,,NO_ENTRY,False,,,NO_ENTRY,74.7,52.7,,,74.7,31.0,,,,,,
1833,2578.46,SELL,WICK_H4,H4,2024-09-18 20:00:00,1,1.25,2024-09-18 21:15:00,2581.96,35.0,180.5,0.25,0.5,0.25,0.5,0.5,0.75,136.36,True,True,2581.96,0.0,SL,True,2578.46,0.5,SL,True,2581.96,0.25,SL,False,,,NO_ENTRY,True,2565.82,0.75,TP,False,,,NO_ENTRY,353.0,180.5,318.0,89.2,353.0,180.5,,,191.6,101.2,,
1837,2561.46,SELL,WICK_H4,H4,2024-09-19 04:00:00,1,1.75,2024-09-19 05:45:00,2564.96,35.0,16.4,0.0,,0.0,0.25,,,132.85,True,True,2564.96,0.0,SL,False,,,NO_ENTRY,True,2564.96,0.0,SL,False,,,NO_ENTRY,False,,,NO_ENTRY,False,,,NO_ENTRY,55.1,136.9,,,55.1,136.9,,,,,,
1839,2566.6,SELL,WICK_H4,H4,2024-09-19 08:00:00,1,0.5,2024-09-19 08:30:00,2570.1,35.0,163.8,3.25,,,,,,139.5,True,True,2570.1,0.0,SL,False,,,NO_ENTRY,False,,,NO_ENTRY,False,,,NO_ENTRY,False,,,NO_ENTRY,False,,,NO_ENTRY,26.6,246.8,,,,,,,,,,
1841,2586.48,SELL,WICK_H4,H4,2024-09-19 12:00:00,1,0.5,2024-09-19 12:30:00,2589.98,35.0,48.0,0.0,1.5,0.75,1.0,3.0,3.25,145.07,True,True,2589.98,0.0,SL,True,2586.48,1.5,SL,True,2589.98,0.75,TP,False,,,NO_ENTRY,True,2579.26,3.0,SL,True,2586.48,1.75,SL,169.5,48.0,169.3,46.7,204.3,11.7,,,97.1,128.3,169.3,46.7
1842,2594.78,SELL,WICK_H4,H4,2024-09-19 16:00:00,1,17.25,2024-09-20 09:15:00,2598.28,35.0,143.1,2.25,,,,,,138.59,True,True,2598.28,0.0,SL,False,,,NO_ENTRY,False,,,NO_ENTRY,False,,,NO_ENTRY,False,,,NO_ENTRY,False,,,NO_ENTRY,19.1,143.1,,,,,,,,,,
1846,2612.59,SELL,WICK_H4,H4,2024-09-20 12:00:00,1,3.0,2024-09-20 15:00:00,2616.09,35.0,31.4,0.25,,0.0,,,,140.71,True,True,2616.09,0.0,SL,False,,,NO_ENTRY,True,2616.09,0.0,SL,False,,,NO_ENTRY,False,,,NO_ENTRY,False,,,NO_ENTRY,136.3,83.4,,,136.3,83.4,,,,,,
1847,2619.23,SELL,WICK_H4,H4,2024-09-20 16:00:00,1,2.75,2024-09-20 18:45:00,2622.73,35.0,82.8,59.75,56.25,0.0,2.25,,,147.18,True,True,2622.73,0.0,SL,True,2619.23,56.25,SL,True,2622.73,0.0,SL,True,2621.3,53.25,SL,True,2619.01,56.25,SL,True,2619.23,57.0,SL,50.2,28.7,32.7,117.8,50.2,28.7,53.4,5.7,30.5,120.0,32.7,117.8
1853,2631.21,SELL,WICK_H4,H4,2024-09-23 12:00:00,1,5.25,2024-09-23 17:15:00,2634.71,35.0,0.4,0.0,0.5,0.0,0.0,0.75,,134.72,True,True,2634.71,0.0,TP,True,2631.21,0.5,SL,True,2634.71,0.0,TP,False,,,NO_ENTRY,False,,,NO_ENTRY,True,2631.21,0.75,SL,90.2,0.4,55.2,16.7,90.2,0.4,,,,,55.2,6.3
1855,2634.75,SELL,WICK_H4,H4,2024-09-23 20:00:00,2,12.0,2024-09-24 08:00:00,2638.25,35.0,17.0,0.25,0.5,0.0,0.5,0.75,0.75,126.35,True,True,2638.25,0.0,TP,True,2634.75,0.5,SL,True,2638.25,0.0,TP,False,,,NO_ENTRY,True,2625.3,0.75,SL,False,,,NO_ENTRY,157.8,17.0,122.8,50.0,157.8,17.0,,,28.3,79.5,,
1859,2636.01,SELL,WICK_H4,H4,2024-09-24 16:00:00,2,1.5,2024-09-24 17:30:00,2639.51,35.0,156.0,2.0,,,,,,134.7,True,True,2639.51,0.0,SL,False,,,NO_ENTRY,False,,,NO_ENTRY,False,,,NO_ENTRY,False,,,NO_ENTRY,False,,,NO_ENTRY,30.1,179.6,,,,,,,,,,
1861,2655.11,SELL,WICK_H4,H4,2024-09-24 20:00:00,1,2.25,2024-09-24 22:15:00,2658.61,35.0,56.3,0.25,,1.5,,,,135.49,True,True,2658.61,0.0,SL,False,,,NO_ENTRY,True,2658.61,1.5,SL,False,,,NO_ENTRY,False,,,NO_ENTRY,False,,,NO_ENTRY,22.5,56.3,,,32.6,41.5,,,,,,
1863,2664.24,SELL,WICK_H4,H4,2024-09-25 00:00:00,1,5.75,2024-09-25 05:45:00,2667.74,35.0,26.8,0.0,0.25,0.25,0.0,0.5,,130.4,True,True,2667.74,0.0,SL,True,2664.24,0.25,SL,True,2667.74,0.25,TP,False,,,NO_ENTRY,True,2658.89,1.5,SL,True,2664.24,0.5,TP,143.3,26.8,132.2,58.3,167.2,23.3,,,78.7,17.7,132.2,3.3
1872,2662.77,SELL,WICK_H4,H4,2024-09-26 08:00:00,3,2.75,2024-09-26 10:45:00,2666.27,35.0,191.6,3.75,,0.0,,,,116.5,True,True,2666.27,0.0,SL,False,,,NO_ENTRY,True,2666.27,0.0,SL,False,,,NO_ENTRY,False,,,NO_ENTRY,False,,,NO_ENTRY,28.9,191.6,,,28.9,191.6,,,,,,
1886,2659.84,SELL,WICK_H4,H4,2024-09-28 00:00:00,1,49.75,2024-09-30 01:45:00,2663.34,35.0,25.5,1.25,,0.0,,,,130.58,True,True,2663.34,0.0,SL,False,,,NO_ENTRY,True,2663.34,0.0,SL,False,,,NO_ENTRY,False,,,NO_ENTRY,False,,,NO_ENTRY,161.1,25.5,,,161.1,25.5,,,,,,
1896,2641.72,SELL,WICK_H4,H4,2024-10-01 00:00:00,1,9.25,2024-10-01 09:15:00,2645.22,35.0,113.0,6.0,,0.0,1.0,,,123.04,True,True,2645.22,0.0,SL,False,,,NO_ENTRY,True,2645.22,0.0,SL,False,,,NO_ENTRY,True,2648.03,5.0,SL,False,,,NO_ENTRY,36.4,52.4,,,36.4,52.4,,,12.6,235.6,,
1900,2656.52,SELL,WICK_H4,H4,2024-10-01 16:00:00,1,0.75,2024-10-01 16:45:00,2660.02,35.0,129.4,3.0,,1.0,1.25,,,131.46,True,True,2660.02,0.0,SL,False,,,NO_ENTRY,True,2660.02,1.0,SL,False,,,NO_ENTRY,False,,,NO_ENTRY,False,,,NO_ENTRY,63.1,129.4,,,63.1,129.4,,,,,,
1909,2655.44,SELL,WICK_H4,H4,2024-10-02 16:00:00,1,0.5,2024-10-02 16:30:00,2658.94,35.0,43.4,0.5,0.0,0.0,0.0,1.25,1.5,131.07,True,True,2658.94,0.0,SL,True,2655.44,0.0,SL,True,2658.94,0.0,SL,False,,,NO_ENTRY,True,2641.56,1.5,SL,False,,,NO_ENTRY,179.4,43.4,144.4,78.4,179.4,43.4,,,5.6,151.3,,
1918,2653.84,SELL,WICK_H4,H4,2024-10-03 16:00:00,3,3.75,2024-10-03 19:45:00,2657.34,35.0,46.9,0.5,,0.75,,,,131.81,True,True,2657.34,0.0,SL,False,,,NO_ENTRY,True,2657.34,0.75,SL,True,2656.36,4.25,SL,True,2656.45,3.75,SL,False,,,NO_ENTRY,23.2,46.9,,,31.3,31.3,21.5,27.5,22.4,21.7,,
1920,2662.03,SELL,WICK_H4,H4,2024-10-04 00:00:00,2,7.5,2024-10-04 07:30:00,2665.53,35.0,2.1,0.0,,0.0,,,,118.49,True,True,2665.53,0.0,TP,False,,,NO_ENTRY,True,2665.53,0.0,TP,False,,,NO_ENTRY,False,,,NO_ENTRY,False,,,NO_ENTRY,69.1,21.8,,,69.1,21.8,,,,,,
1924,2662.45,SELL,WICK_H4,H4,2024-10-04 16:00:00,1,2.25,2024-10-04 18:15:00,2665.95,35.0,40.3,0.0,0.0,0.0,0.0,0.0,0.25,144.07,True,True,2665.95,0.0,SL,True,2662.45,0.0,SL,True,2665.95,0.0,SL,False,,,NO_ENTRY,True,2642.98,1.25,SL,False,,,NO_ENTRY,242.1,40.3,207.1,75.3,242.1,40.3,,,12.4,92.6,,
1930,2651.81,SELL,WICK_H4,H4,2024-10-07 08:00:00,1,3.0,2024-10-07 11:00:00,2655.31,35.0,9.7,0.0,,0.0,0.0,,,134.35,True,True,2655.31,0.0,SL,False,,,NO_ENTRY,True,2655.31,0.0,SL,False,,,NO_ENTRY,False,,,NO_ENTRY,False,,,NO_ENTRY,47.7,41.3,,,47.7,41.3,,,,,,
1942,2646.33,SELL,WICK_H4,H4,2024-10-08 12:00:00,1,2.25,2024-10-08 14:15:00,2649.83,35.0,30.8,1.0,1.5,0.0,0.0,1.25,,139.35,True,True,2649.83,0.0,SL,True,2646.33,1.5,SL,True,2649.83,0.0,SL,False,,,NO_ENTRY,False,,,NO_ENTRY,False,,,NO_ENTRY,405.4,30.8,417.0,26.9,405.4,30.8,,,,,,
1958,2610.96,SELL,WICK_H4,H4,2024-10-10 00:00:00,2,5.75,2024-10-10 05:45:00,2614.46,35.0,23.2,0.25,,0.75,,,,129.19,True,True,2614.46,0.0,SL,False,,,NO_ENTRY,True,2614.46,0.75,SL,False,,,NO_ENTRY,False,,,NO_ENTRY,False,,,NO_ENTRY,39.5,23.2,,,43.2,23.9,,,,,,
1962,2617.18,SELL,WICK_H4,H4,2024-10-10 12:00:00,3,3.75,2024-10-10 15:45:00,2620.68,35.0,65.2,0.0,,,,,,133.89,True,True,2620.68,0.0,SL,False,,,NO_ENTRY,False,,,NO_ENTRY,False,,,NO_ENTRY,False,,,NO_ENTRY,False,,,NO_ENTRY,53.1,89.3,,,,,,,,,,
1966,2629.61,SELL,WICK_H4,H4,2024-10-10 20:00:00,2,6.5,2024-10-11 02:30:00,2633.11,35.0,27.4,0.0,,0.25,,,,131.61,True,True,2633.11,0.0,SL,False,,,NO_ENTRY,True,2633.11,0.25,SL,False,,,NO_ENTRY,False,,,NO_ENTRY,False,,,NO_ENTRY,12.2,108.9,,,12.2,128.8,,,,,,
1969,2635.85,SELL,WICK_H4,H4,2024-10-11 04:00:00,1,1.25,2024-10-11 05:15:00,2639.35,35.0,77.3,4.0,,4.5,0.0,,,131.63,True,True,2639.35,0.0,SL,False,,,NO_ENTRY,True,2639.35,4.5,SL,True,2639.1,6.75,SL,True,2642.59,4.0,SL,False,,,NO_ENTRY,40.9,77.3,,,32.6,67.6,30.1,109.0,65.0,44.9,,
1972,2650.0,SELL,WICK_H4,H4,2024-10-11 16:00:00,1,1.5,2024-10-11 17:30:00,2653.5,35.0,131.9,63.75,55.5,0.0,55.5,55.5,,133.69,True,True,2653.5,0.0,SL,True,2650.0,55.5,SL,True,2653.5,0.0,SL,True,2655.64,54.5,TP,True,2655.64,5.0,TP,True,2650.0,56.25,SL,24.9,78.0,69.8,61.4,24.9,78.0,126.2,5.0,107.3,15.0,69.8,53.5
1989,2657.31,SELL,WICK_H4,H4,2024-10-15 16:00:00,1,1.5,2024-10-15 17:30:00,2660.81,35.0,79.8,1.75,,0.0,0.0,,,131.32,True,True,2660.81,0.0,SL,False,,,NO_ENTRY,True,2660.81,0.0,SL,False,,,NO_ENTRY,False,,,NO_ENTRY,False,,,NO_ENTRY,37.0,79.8,,,37.0,79.8,,,,,,
1993,2666.36,SELL,WICK_H4,H4,2024-10-16 00:00:00,1,5.0,2024-10-16 05:00:00,2669.86,35.0,1.0,0.0,1.25,0.0,0.0,,,119.54,True,True,2669.86,0.0,SL,True,2666.36,1.25,SL,True,2669.86,0.0,SL,False,,,NO_ENTRY,False,,,NO_ENTRY,False,,,NO_ENTRY,46.8,50.2,11.8,112.4,46.8,50.2,,,,,,
1996,2669.96,SELL,WICK_H4,H4,2024-10-16 08:00:00,1,1.0,2024-10-16 09:00:00,2673.46,35.0,118.5,7.5,9.75,0.0,0.0,0.0,,121.0,True,True,2673.46,0.0,SL,True,2669.96,9.75,SL,True,2673.46,0.0,SL,True,2674.06,11.0,SL,True,2674.93,7.75,SL,True,2669.96,10.0,SL,65.6,91.9,33.5,65.8,65.6,91.9,14.3,24.8,83.2,91.2,33.5,65.8
2000,2676.54,SELL,WICK_H4,H4,2024-10-17 00:00:00,1,4.5,2024-10-17 04:30:00,2680.04,35.0,47.7,0.5,2.0,1.5,0.0,2.25,,112.39,True,True,2680.04,0.0,SL,True,2676.54,2.0,SL,True,2680.04,1.5,SL,False,,,NO_ENTRY,True,2678.56,1.75,SL,False,,,NO_ENTRY,56.4,47.7,21.4,90.7,56.4,55.7,,,41.6,70.5,,
2004,2688.68,SELL,WICK_H4,H4,2024-10-17 16:00:00,1,1.5,2024-10-17 17:30:00,2692.18,35.0,44.3,0.5,1.75,0.5,0.0,2.0,,118.7,True,True,2692.18,0.0,SL,True,2688.68,1.75,SL,True,2692.18,0.5,SL,False,,,NO_ENTRY,True,2687.32,1.75,SL,False,,,NO_ENTRY,83.5,44.3,48.5,54.3,83.5,44.3,,,34.9,67.9,,
2009,2695.66,SELL,WICK_H4,H4,2024-10-18 04:00:00,1,0.25,2024-10-18 04:15:00,2699.16,35.0,126.9,1.25,,,0.0,,,114.39,True,True,2699.16,0.0,SL,False,,,NO_ENTRY,False,,,NO_ENTRY,False,,,NO_ENTRY,False,,,NO_ENTRY,False,,,NO_ENTRY,31.8,132.2,,,,,,,,,,
2014,2719.99,SELL,WICK_H4,H4,2024-10-18 20:00:00,1,53.75,2024-10-21 01:45:00,2723.49,35.0,22.1,1.75,,0.0,,,,111.5,True,True,2723.49,0.0,SL,False,,,NO_ENTRY,True,2723.49,0.0,SL,False,,,NO_ENTRY,False,,,NO_ENTRY,False,,,NO_ENTRY,26.3,77.6,,,26.3,77.6,,,,,,
2017,2725.7,SELL,WICK_H4,H4,2024-10-21 04:00:00,1,1.25,2024-10-21 05:15:00,2729.2,35.0,35.1,1.25,,0.0,0.0,,,112.0,True,True,2729.2,0.0,SL,False,,,NO_ENTRY,True,2729.2,0.0,SL,False,,,NO_ENTRY,False,,,NO_ENTRY,False,,,NO_ENTRY,57.7,35.1,,,57.7,35.1,,,,,,
2019,2733.0,SELL,WICK_H4,H4,2024-10-21 12:00:00,1,0.5,2024-10-21 12:30:00,2736.5,35.0,39.4,4.25,0.5,0.0,0.5,0.5,5.0,111.53,True,True,2736.5,0.0,SL,True,2733.0,0.5,SL,True,2736.5,0.0,SL,True,2723.41,7.5,SL,True,2728.66,0.75,SL,True,2733.0,1.25,SL,88.8,39.2,53.8,74.4,88.8,39.2,93.5,21.0,10.4,117.8,108.0,74.4
2024,2725.51,SELL,WICK_H4,H4,2024-10-22 00:00:00,1,4.5,2024-10-22 04:30:00,2729.01,35.0,92.6,6.75,,0.25,,,,116.28,True,True,2729.01,0.0,SL,False,,,NO_ENTRY,True,2729.01,0.25,SL,False,,,NO_ENTRY,False,,,NO_ENTRY,False,,,NO_ENTRY,13.7,68.2,,,13.7,68.2,,,,,,
2028,2739.25,SELL,WICK_H4,H4,2024-10-22 16:00:00,2,1.75,2024-10-22 17:45:00,2742.75,35.0,156.0,17.75,0.75,0.0,0.0,1.0,,113.84,True,True,2742.75,0.0,SL,True,2739.25,0.75,SL,True,2742.75,0.0,SL,True,2745.13,10.25,SL,True,2746.29,8.75,SL,True,2739.25,1.0,SL,60.3,54.6,25.3,89.6,60.3,54.6,73.3,56.3,84.9,16.6,25.3,95.0
2045,2732.43,SELL,WICK_H4,H4,2024-10-25 12:00:00,1,5.25,2024-10-25 17:15:00,2735.93,35.0,60.1,1.0,,0.0,,,,119.69,True,True,2735.93,0.0,SL,False,,,NO_ENTRY,True,2735.93,0.0,SL,False,,,NO_ENTRY,False,,,NO_ENTRY,False,,,NO_ENTRY,20.9,89.9,,,20.9,89.9,,,,,,
2047,2741.94,SELL,WICK_H4,H4,2024-10-25 20:00:00,2,3.5,2024-10-25 23:30:00,2745.44,35.0,21.5,0.25,48.5,0.0,48.5,48.5,48.5,117.5,True,True,2745.44,0.0,TP,True,2741.94,48.5,TP,True,2745.44,0.0,TP,True,2732.17,52.5,SL,True,2735.46,48.5,SL,False,,,NO_ENTRY,209.4,21.5,174.4,-18.9,209.4,21.5,30.9,97.4,109.6,45.9,,
2049,2740.05,SELL,WICK_H4,H4,2024-10-28 04:00:00,1,4.25,2024-10-28 08:15:00,2743.55,35.0,9.3,0.5,1.0,0.0,0.5,1.0,2.75,125.73,True,True,2743.55,0.0,TP,True,2740.05,1.0,SL,True,2743.55,0.0,TP,False,,,NO_ENTRY,True,2732.81,2.25,SL,True,2740.05,1.25,TP,158.1,9.3,123.1,25.7,158.1,9.3,,,50.7,47.2,123.1,13.9
2054,2745.84,SELL,WICK_H4,H4,2024-10-28 20:00:00,1,7.0,2024-10-29 03:00:00,2749.34,35.0,82.6,1.0,,0.0,0.0,,,118.07,True,True,2749.34,0.0,SL,False,,,NO_ENTRY,True,2749.34,0.0,SL,True,2749.82,5.0,SL,False,,,NO_ENTRY,False,,,NO_ENTRY,38.7,82.6,,,38.7,82.6,35.9,66.6,,,,
2059,2756.48,SELL,WICK_H4,H4,2024-10-29 12:00:00,1,3.5,2024-10-29 15:30:00,2759.98,35.0,39.4,0.25,,,0.0,0.0,,119.78,True,True,2759.98,0.0,SL,False,,,NO_ENTRY,False,,,NO_ENTRY,False,,,NO_ENTRY,False,,,NO_ENTRY,False,,,NO_ENTRY,76.0,124.7,,,,,,,,,,
2061,2763.92,SELL,WICK_H4,H4,2024-10-29 16:00:00,1,0.25,2024-10-29 16:15:00,2767.42,35.0,50.3,2.75,1.0,0.75,1.0,1.0,,119.84,True,True,2767.42,0.0,SL,True,2763.92,1.0,SL,True,2767.42,0.75,SL,False,,,NO_ENTRY,False,,,NO_ENTRY,False,,,NO_ENTRY,66.3,52.4,31.3,107.3,66.3,72.3,,,,,,
2063,2772.45,SELL,WICK_H4,H4,2024-10-29 20:00:00,2,6.0,2024-10-30 02:00:00,2775.95,35.0,88.4,5.75,,,,,,114.29,True,True,2775.95,0.0,SL,False,,,NO_ENTRY,False,,,NO_ENTRY,False,,,NO_ENTRY,False,,,NO_ENTRY,False,,,NO_ENTRY,12.4,60.5,,,,,,,,,,
2065,2784.79,SELL,WICK_H4,H4,2024-10-30 08:00:00,1,0.5,2024-10-30 08:30:00,2788.29,35.0,14.0,0.25,0.75,0.0,0.5,1.0,,111.76,True,True,2788.29,0.0,TP,True,2784.79,0.75,TP,True,2788.29,0.0,TP,False,,,NO_ENTRY,False,,,NO_ENTRY,True,2784.79,1.0,TP,88.7,14.0,60.6,20.9,88.7,14.0,,,,,60.6,15.9
2079,2749.55,SELL,WICK_H4,H4,2024-11-01 00:00:00,3,7.5,2024-11-01 07:30:00,2753.05,35.0,44.7,0.5,2.0,0.0,1.5,,,120.81,True,True,2753.05,0.0,SL,True,2749.55,2.0,SL,True,2753.05,0.0,SL,True,2751.23,4.5,SL,True,2750.97,4.0,SL,True,2749.55,2.25,SL,60.4,44.7,48.6,58.1,60.4,44.7,65.4,109.2,62.8,111.8,48.6,58.1
2081,2757.52,SELL,WICK_H4,H4,2024-11-01 12:00:00,1,3.0,2024-11-01 15:00:00,2761.02,35.0,11.3,0.25,0.25,0.0,0.0,0.0,,123.61,True,True,2761.02,0.0,TP,True,2757.52,0.25,SL,True,2761.02,0.0,TP,False,,,NO_ENTRY,False,,,NO_ENTRY,False,,,NO_ENTRY,213.9,11.3,185.2,46.3,213.9,11.3,,,,,,
2086,2737.9,SELL,WICK_H4,H4,2024-11-02 00:00:00,1,53.0,2024-11-04 05:00:00,2741.4,35.0,21.9,2.25,,0.5,2.5,,,120.9,True,True,2741.4,0.0,SL,False,,,NO_ENTRY,True,2741.4,0.5,SL,False,,,NO_ENTRY,True,2739.18,2.5,SL,False,,,NO_ENTRY,58.0,32.5,,,58.0,32.5,,,73.9,54.7,,
2089,2743.59,SELL,WICK_H4,H4,2024-11-04 08:00:00,3,8.0,2024-11-04 16:00:00,2747.09,35.0,9.9,0.0,0.25,0.0,0.25,0.5,2.25,123.24,True,True,2747.09,0.0,TP,True,2743.59,0.25,TP,True,2747.09,0.0,TP,True,2736.73,8.0,TP,True,2735.38,2.0,SL,False,,,NO_ENTRY,154.3,9.9,119.3,24.6,154.3,9.9,121.5,9.8,37.2,41.6,,
2094,2737.1,SELL,WICK_H4,H4,2024-11-05 08:00:00,1,1.0,2024-11-05 09:00:00,2740.6,35.0,43.3,2.25,0.5,0.0,0.0,1.0,,114.81,True,True,2740.6,0.0,SL,True,2737.1,0.5,SL,True,2740.6,0.0,SL,False,,,NO_ENTRY,False,,,NO_ENTRY,True,2737.1,0.75,SL,86.0,43.3,51.0,78.3,86.0,43.3,,,,,51.0,78.3
2113,2661.12,SELL,WICK_H4,H4,2024-11-07 08:00:00,1,1.5,2024-11-07 09:30:00,2664.62,35.0,25.4,0.0,1.0,0.0,1.25,,,174.96,True,True,2664.62,0.0,SL,True,2661.12,1.0,SL,True,2664.62,0.0,SL,False,,,NO_ENTRY,False,,,NO_ENTRY,True,2661.12,1.25,SL,73.4,36.5,38.4,94.6,73.4,36.5,,,,,38.4,127.8
2114,2667.46,SELL,WICK_H4,H4,2024-11-07 12:00:00,3,2.75,2024-11-07 14:45:00,2670.96,35.0,391.6,7.5,,,,,,180.48,True,True,2670.96,0.0,SL,False,,,NO_ENTRY,False,,,NO_ENTRY,False,,,NO_ENTRY,True,2690.36,6.5,SL,False,,,NO_ENTRY,13.8,290.6,,,,,,,30.3,198.6,,
2136,2609.99,SELL,WICK_H4,H4,2024-11-12 12:00:00,1,3.5,2024-11-12 15:30:00,2613.49,35.0,11.9,0.0,0.0,0.0,0.0,,,180.22,True,True,2613.49,0.0,SL,True,2609.99,0.0,SL,True,2613.49,0.0,SL,False,,,NO_ENTRY,False,,,NO_ENTRY,False,,,NO_ENTRY,211.4,34.5,176.4,69.5,211.4,34.5,,,,,,
2142,2601.97,SELL,WICK_H4,H4,2024-11-13 00:00:00,1,3.25,2024-11-13 03:15:00,2605.47,35.0,55.8,0.5,,,,,,173.83,True,True,2605.47,0.0,SL,False,,,NO_ENTRY,False,,,NO_ENTRY,False,,,NO_ENTRY,False,,,NO_ENTRY,False,,,NO_ENTRY,27.0,77.2,,,,,,,,,,
2159,2560.1,SELL,WICK_H4,H4,2024-11-14 16:00:00,1,0.5,2024-11-14 16:30:00,2563.6,35.0,137.3,2.0,0.25,0.0,0.25,,,181.58,True,True,2563.6,0.0,SL,True,2560.1,0.25,SL,True,2563.6,0.0,SL,False,,,NO_ENTRY,False,,,NO_ENTRY,False,,,NO_ENTRY,60.3,137.3,25.3,172.3,60.3,137.3,,,,,,
2167,2568.88,SELL,WICK_H4,H4,2024-11-15 12:00:00,2,1.5,2024-11-15 13:30:00,2572.38,35.0,32.2,1.5,0.5,0.0,0.5,2.0,,164.24,True,True,2572.38,0.0,SL,True,2568.88,0.5,SL,True,2572.38,0.0,SL,False,,,NO_ENTRY,True,2565.2,2.25,SL,False,,,NO_ENTRY,113.9,35.6,78.9,70.6,113.9,35.6,,,52.0,107.4,,
2173,2567.91,SELL,WICK_H4,H4,2024-11-16 00:00:00,1,49.25,2024-11-18 01:15:00,2571.41,35.0,257.5,2.25,,0.5,,,,171.55,True,True,2571.41,0.0,SL,False,,,NO_ENTRY,True,2571.41,0.5,SL,False,,,NO_ENTRY,False,,,NO_ENTRY,False,,,NO_ENTRY,17.0,257.5,,,17.0,257.5,,,,,,
2177,2597.16,SELL,WICK_H4,H4,2024-11-18 12:00:00,1,3.5,2024-11-18 15:30:00,2600.66,35.0,142.9,2.5,,,,,,165.76,True,True,2600.66,0.0,SL,False,,,NO_ENTRY,False,,,NO_ENTRY,False,,,NO_ENTRY,False,,,NO_ENTRY,False,,,NO_ENTRY,17.6,142.9,,,,,,,,,,
2182,2617.73,SELL,WICK_H4,H4,2024-11-19 04:00:00,1,0.5,2024-11-19 04:30:00,2621.23,35.0,42.2,0.75,,,,,,145.37,True,True,2621.23,0.0,SL,False,,,NO_ENTRY,False,,,NO_ENTRY,False,,,NO_ENTRY,False,,,NO_ENTRY,False,,,NO_ENTRY,20.9,42.2,,,,,,,,,,
2184,2625.45,SELL,WICK_H4,H4,2024-11-19 08:00:00,2,3.25,2024-11-19 11:15:00,2628.95,35.0,54.0,0.25,,,0.0,,,146.93,True,True,2628.95,0.0,SL,False,,,NO_ENTRY,False,,,NO_ENTRY,False,,,NO_ENTRY,False,,,NO_ENTRY,False,,,NO_ENTRY,37.8,103.8,,,,,,,,,,
2185,2634.35,SELL,WICK_H4,H4,2024-11-19 12:00:00,2,2.75,2024-11-19 14:45:00,2637.85,35.0,14.8,0.25,0.5,0.25,0.0,0.5,,144.07,True,True,2637.85,0.0,TP,True,2634.35,0.5,SL,True,2637.85,0.25,TP,False,,,NO_ENTRY,False,,,NO_ENTRY,False,,,NO_ENTRY,170.4,14.8,135.4,37.8,170.4,14.8,,,,,,
2190,2634.48,SELL,WICK_H4,H4,2024-11-20 00:00:00,1,2.5,2024-11-20 02:30:00,2637.98,35.0,33.9,0.5,,0.0,,,,137.67,True,True,2637.98,0.0,SL,False,,,NO_ENTRY,True,2637.98,0.0,SL,False,,,NO_ENTRY,False,,,NO_ENTRY,False,,,NO_ENTRY,23.4,37.3,,,23.4,37.3,,,,,,
2196,2640.32,SELL,WICK_H4,H4,2024-11-20 16:00:00,1,0.5,2024-11-20 16:30:00,2643.82,35.0,114.6,2.5,,0.25,0.0,,,145.59,True,True,2643.82,0.0,SL,False,,,NO_ENTRY,True,2643.82,0.25,SL,False,,,NO_ENTRY,False,,,NO_ENTRY,False,,,NO_ENTRY,70.6,114.6,,,32.7,114.6,,,,,,
2197,2655.28,SELL,WICK_H4,H4,2024-11-20 20:00:00,1,7.0,2024-11-21 03:00:00,2658.78,35.0,15.6,0.0,0.0,0.0,0.0,0.75,,138.93,True,True,2658.78,0.0,SL,True,2655.28,0.0,SL,True,2658.78,0.0,SL,False,,,NO_ENTRY,False,,,NO_ENTRY,True,2655.28,0.75,SL,85.0,15.6,50.0,50.6,85.0,15.6,,,,,50.0,35.3
2201,2658.81,SELL,WICK_H4,H4,2024-11-21 08:00:00,1,1.25,2024-11-21 09:15:00,2662.31,35.0,92.2,1.75,,,,,,136.24,True,True,2662.31,0.0,SL,False,,,NO_ENTRY,False,,,NO_ENTRY,False,,,NO_ENTRY,False,,,NO_ENTRY,False,,,NO_ENTRY,24.1,110.4,,,,,,,,,,
2207,2673.36,SELL,WICK_H4,H4,2024-11-22 00:00:00,2,3.25,2024-11-22 03:15:00,2676.86,35.0,24.7,0.5,,0.0,,,,127.68,True,True,2676.86,0.0,SL,False,,,NO_ENTRY,True,2676.86,0.0,SL,False,,,NO_ENTRY,False,,,NO_ENTRY,False,,,NO_ENTRY,16.4,153.4,,,16.4,153.4,,,,,,
2209,2679.33,SELL,WICK_H4,H4,2024-11-22 04:00:00,1,0.5,2024-11-22 04:30:00,2682.83,35.0,93.7,2.25,,1.0,,,,129.28,True,True,2682.83,0.0,SL,False,,,NO_ENTRY,True,2682.83,1.0,SL,False,,,NO_ENTRY,False,,,NO_ENTRY,False,,,NO_ENTRY,16.4,93.7,,,14.9,125.6,,,,,,
2210,2692.2,SELL,WICK_H4,H4,2024-11-22 08:00:00,1,1.75,2024-11-22 09:45:00,2695.7,35.0,116.3,1.75,,1.25,,,,135.45,True,True,2695.7,0.0,SL,False,,,NO_ENTRY,True,2695.7,1.25,SL,False,,,NO_ENTRY,False,,,NO_ENTRY,False,,,NO_ENTRY,22.8,143.3,,,22.8,143.3,,,,,,
2212,2710.03,SELL,WICK_H4,H4,2024-11-22 16:00:00,2,7.75,2024-11-22 23:45:00,2713.53,35.0,77.0,49.75,51.25,49.25,49.25,49.25,49.25,143.93,True,True,2713.53,0.0,TP,True,2710.03,51.25,TP,True,2713.53,49.25,TP,True,2701.1,52.25,SL,False,,,NO_ENTRY,False,,,NO_ENTRY,239.0,77.0,510.0,10.0,239.0,77.0,430.3,32.0,,,,
2227,2631.33,SELL,WICK_H4,H4,2024-11-26 08:00:00,2,7.0,2024-11-26 15:00:00,2634.83,35.0,69.7,0.0,0.5,0.25,0.0,0.75,,194.32,True,True,2634.83,0.0,SL,True,2631.33,0.5,SL,True,2634.83,0.25,SL,False,,,NO_ENTRY,False,,,NO_ENTRY,False,,,NO_ENTRY,182.2,69.7,147.2,28.3,182.2,69.6,,,,,,
2235,2633.94,SELL,WICK_H4,H4,2024-11-27 04:00:00,1,0.25,2024-11-27 04:15:00,2637.44,35.0,82.1,3.25,,0.0,,,,177.94,True,True,2637.44,0.0,SL,False,,,NO_ENTRY,True,2637.44,0.0,SL,False,,,NO_ENTRY,False,,,NO_ENTRY,False,,,NO_ENTRY,33.8,82.1,,,33.8,82.1,,,,,,
2237,2645.65,SELL,WICK_H4,H4,2024-11-27 08:00:00,1,2.25,2024-11-27 10:15:00,2649.15,35.0,45.4,0.75,,0.0,,,,175.81,True,True,2649.15,0.0,SL,False,,,NO_ENTRY,True,2649.15,0.0,SL,False,,,NO_ENTRY,False,,,NO_ENTRY,False,,,NO_ENTRY,62.0,53.4,,,62.0,53.4,,,,,,
2245,2638.3,SELL,WICK_H4,H4,2024-11-28 04:00:00,3,6.75,2024-11-28 10:45:00,2641.8,35.0,60.9,0.75,,,,,,163.49,True,True,2641.8,0.0,SL,False,,,NO_ENTRY,False,,,NO_ENTRY,False,,,NO_ENTRY,False,,,NO_ENTRY,False,,,NO_ENTRY,18.6,77.7,,,,,,,,,,
2253,2647.08,SELL,WICK_H4,H4,2024-11-29 04:00:00,1,0.25,2024-11-29 04:15:00,2650.58,35.0,136.1,2.25,,,,,,148.38,True,True,2650.58,0.0,SL,False,,,NO_ENTRY,False,,,NO_ENTRY,False,,,NO_ENTRY,False,,,NO_ENTRY,False,,,NO_ENTRY,-41.0,156.3,,,,,,,,,,
2264,2636.73,SELL,WICK_H4,H4,2024-12-02 12:00:00,2,1.25,2024-12-02 13:15:00,2640.23,35.0,84.9,2.25,,0.0,,,,151.9,True,True,2640.23,0.0,SL,False,,,NO_ENTRY,True,2640.23,0.0,SL,False,,,NO_ENTRY,False,,,NO_ENTRY,False,,,NO_ENTRY,32.8,114.2,,,32.8,114.2,,,,,,
2272,2642.84,SELL,WICK_H4,H4,2024-12-03 08:00:00,1,0.25,2024-12-03 08:15:00,2646.34,35.0,36.4,0.0,1.75,1.0,1.75,2.0,,138.84,True,True,2646.34,0.0,SL,True,2642.84,1.75,SL,True,2646.34,1.0,SL,False,,,NO_ENTRY,False,,,NO_ENTRY,False,,,NO_ENTRY,72.2,36.4,37.2,51.3,72.2,16.3,,,,,,
2274,2649.98,SELL,WICK_H4,H4,2024-12-03 12:00:00,1,4.0,2024-12-03 16:00:00,2653.48,35.0,20.1,0.5,0.75,0.0,0.0,0.75,1.0,144.86,True,True,2653.48,0.0,TP,True,2649.98,0.75,TP,True,2653.48,0.0,TP,False,,,NO_ENTRY,False,,,NO_ENTRY,False,,,NO_ENTRY,183.4,20.1,148.4,10.0,183.4,20.1,,,,,,
2282,2651.29,SELL,WICK_H4,H4,2024-12-04 12:00:00,1,5.25,2024-12-04 17:15:00,2654.79,35.0,23.1,0.25,1.25,0.0,0.0,1.5,,134.6,True,True,2654.79,0.0,TP,True,2651.29,1.25,SL,True,2654.79,0.0,TP,False,,,NO_ENTRY,False,,,NO_ENTRY,True,2651.29,1.75,SL,79.7,23.1,44.7,39.9,79.7,23.1,,,,,44.7,39.9
2289,2651.46,SELL,WICK_H4,H4,2024-12-05 04:00:00,1,3.75,2024-12-05 07:45:00,2654.96,35.0,4.2,0.0,,0.0,,,,124.27,True,True,2654.96,0.0,TP,False,,,NO_ENTRY,True,2654.96,0.0,TP,False,,,NO_ENTRY,False,,,NO_ENTRY,False,,,NO_ENTRY,131.6,4.2,,,131.6,4.2,,,,,,
2296,2633.68,SELL,WICK_H4,H4,2024-12-06 04:00:00,1,1.5,2024-12-06 05:30:00,2637.18,35.0,72.3,0.75,,2.0,,,,145.04,True,True,2637.18,0.0,SL,False,,,NO_ENTRY,True,2637.18,2.0,SL,False,,,NO_ENTRY,False,,,NO_ENTRY,False,,,NO_ENTRY,29.9,72.3,,,19.6,83.4,,,,,,
2305,2638.85,SELL,WICK_H4,H4,2024-12-07 00:00:00,1,49.25,2024-12-09 01:15:00,2642.35,35.0,81.5,2.0,0.0,0.0,0.0,0.75,1.25,144.74,True,True,2642.35,0.0,TP,True,2638.85,0.0,SL,True,2642.35,0.0,TP,False,,,NO_ENTRY,True,2628.39,1.25,SL,False,,,NO_ENTRY,149.3,81.5,114.3,116.5,149.3,81.5,,,9.7,221.1,,
2309,2648.54,SELL,WICK_H4,H4,2024-12-09 08:00:00,1,3.0,2024-12-09 11:00:00,2652.04,35.0,54.2,0.75,,,,,,147.98,True,True,2652.04,0.0,SL,False,,,NO_ENTRY,False,,,NO_ENTRY,False,,,NO_ENTRY,False,,,NO_ENTRY,False,,,NO_ENTRY,33.6,83.5,,,,,,,,,,
2311,2657.46,SELL,WICK_H4,H4,2024-12-09 12:00:00,3,3.5,2024-12-09 15:30:00,2660.96,35.0,153.8,1.75,,,0.0,,,146.67,True,True,2660.96,0.0,SL,False,,,NO_ENTRY,False,,,NO_ENTRY,True,2664.51,4.5,SL,True,2665.47,4.0,SL,False,,,NO_ENTRY,46.9,153.8,,,,,78.8,0.6,88.4,22.8,,
2319,2670.78,SELL,WICK_H4,H4,2024-12-10 12:00:00,1,0.75,2024-12-10 12:45:00,2674.28,35.0,75.8,3.0,,0.25,0.5,,,135.2,True,True,2674.28,0.0,SL,False,,,NO_ENTRY,True,2674.28,0.25,SL,False,,,NO_ENTRY,False,,,NO_ENTRY,False,,,NO_ENTRY,46.2,174.7,,,46.2,174.7,,,,,,
2321,2681.86,SELL,WICK_H4,H4,2024-12-10 16:00:00,1,0.5,2024-12-10 16:30:00,2685.36,35.0,181.6,10.75,,,,,,137.01,True,True,2685.36,0.0,SL,False,,,NO_ENTRY,False,,,NO_ENTRY,True,2693.47,7.5,SL,False,,,NO_ENTRY,False,,,NO_ENTRY,10.0,101.0,,,,,2.8,107.0,,,,
2326,2697.98,SELL,WICK_H4,H4,2024-12-11 12:00:00,3,3.75,2024-12-11 15:45:00,2701.48,35.0,184.3,3.25,,0.0,0.0,,,136.56,True,True,2701.48,0.0,SL,False,,,NO_ENTRY,True,2701.48,0.0,SL,False,,,NO_ENTRY,False,,,NO_ENTRY,False,,,NO_ENTRY,50.9,184.3,,,50.9,184.3,,,,,,
2330,2721.06,SELL,WICK_H4,H4,2024-12-12 00:00:00,1,3.0,2024-12-12 03:00:00,2724.56,35.0,14.1,0.0,0.0,0.0,0.0,0.25,0.5,148.41,True,True,2724.56,0.0,TP,True,2721.06,0.0,SL,True,2724.56,0.0,TP,False,,,NO_ENTRY,True,2714.08,0.25,TP,False,,,NO_ENTRY,256.5,14.1,221.5,49.1,256.5,14.1,,,151.7,40.2,,
2334,2716.42,SELL,WICK_H4,H4,2024-12-12 08:00:00,1,1.0,2024-12-12 09:00:00,2719.92,35.0,3.2,0.25,0.75,0.0,0.75,,,143.77,True,True,2719.92,0.0,TP,True,2716.42,0.75,SL,True,2719.92,0.0,TP,False,,,NO_ENTRY,False,,,NO_ENTRY,False,,,NO_ENTRY,127.8,3.2,92.8,29.2,127.8,3.2,,,,,,
2351,2655.45,SELL,WICK_H4,H4,2024-12-16 08:00:00,2,2.5,2024-12-16 10:30:00,2658.95,35.0,29.4,0.0,,0.0,1.25,,,131.89,True,True,2658.95,0.0,SL,False,,,NO_ENTRY,True,2658.95,0.0,SL,False,,,NO_ENTRY,False,,,NO_ENTRY,False,,,NO_ENTRY,33.0,53.3,,,33.0,53.3,,,,,,
2375,2613.84,SELL,WICK_H4,H4,2024-12-19 08:00:00,1,1.25,2024-12-19 09:15:00,2617.34,35.0,54.4,2.25,,0.25,0.75,,,154.0,True,True,2617.34,0.0,SL,False,,,NO_ENTRY,True,2617.34,0.25,SL,False,,,NO_ENTRY,False,,,NO_ENTRY,False,,,NO_ENTRY,42.5,89.9,,,42.5,89.9,,,,,,
2381,2600.89,SELL,WICK_H4,H4,2024-12-20 00:00:00,3,8.5,2024-12-20 08:30:00,2604.39,35.0,32.1,1.75,,2.75,,,,147.35,True,True,2604.39,0.0,SL,False,,,NO_ENTRY,True,2604.39,2.75,SL,False,,,NO_ENTRY,False,,,NO_ENTRY,False,,,NO_ENTRY,24.7,32.1,,,44.6,23.9,,,,,,
2384,2607.6,SELL,WICK_H4,H4,2024-12-20 12:00:00,1,3.75,2024-12-20 15:45:00,2611.1,35.0,29.6,0.0,,0.0,,,,147.03,True,True,2611.1,0.0,SL,False,,,NO_ENTRY,True,2611.1,0.0,SL,False,,,NO_ENTRY,False,,,NO_ENTRY,False,,,NO_ENTRY,31.8,205.7,,,31.8,205.7,,,,,,
2385,2614.06,SELL,WICK_H4,H4,2024-12-20 16:00:00,1,0.5,2024-12-20 16:30:00,2617.56,35.0,141.1,1.5,0.0,0.0,0.0,,,153.18,True,True,2617.56,0.0,SL,True,2614.06,0.0,SL,True,2617.56,0.0,SL,False,,,NO_ENTRY,False,,,NO_ENTRY,False,,,NO_ENTRY,48.1,141.1,13.1,176.1,48.1,141.1,,,,,,
2391,2629.09,SELL,WICK_H4,H4,2024-12-23 08:00:00,1,0.75,2024-12-23 08:45:00,2632.59,35.0,5.4,0.25,1.25,0.0,1.25,,,136.55,True,True,2632.59,0.0,TP,True,2629.09,1.25,SL,True,2632.59,0.0,TP,False,,,NO_ENTRY,False,,,NO_ENTRY,True,2629.09,3.0,TP,136.8,5.4,161.7,28.8,136.8,5.4,,,,,161.7,-0.5
2404,2619.24,SELL,WICK_H4,H4,2024-12-24 20:00:00,1,36.25,2024-12-26 08:15:00,2622.74,35.0,67.7,0.75,,,,,,105.29,True,True,2622.74,0.0,SL,False,,,NO_ENTRY,False,,,NO_ENTRY,False,,,NO_ENTRY,False,,,NO_ENTRY,False,,,NO_ENTRY,-7.0,67.7,,,,,,,,,,
2408,2631.06,SELL,WICK_H4,H4,2024-12-26 16:00:00,1,1.25,2024-12-26 17:15:00,2634.56,35.0,43.8,0.5,1.75,1.0,1.25,2.0,,108.87,True,True,2634.56,0.0,SL,True,2631.06,1.75,SL,True,2634.56,1.0,SL,False,,,NO_ENTRY,False,,,NO_ENTRY,True,2631.06,2.0,SL,67.1,43.8,32.1,49.3,67.1,14.3,,,,,32.1,49.3
2428,2611.51,SELL,WICK_H4,H4,2024-12-31 04:00:00,1,6.5,2024-12-31 10:30:00,2615.01,35.0,25.4,0.25,,0.5,,,,107.35,True,True,2615.01,0.0,SL,False,,,NO_ENTRY,True,2615.01,0.5,SL,False,,,NO_ENTRY,False,,,NO_ENTRY,False,,,NO_ENTRY,58.1,25.4,,,75.0,16.7,,,,,,
2431,2617.55,SELL,WICK_H4,H4,2024-12-31 12:00:00,2,5.5,2024-12-31 17:30:00,2621.05,35.0,63.4,1.75,,,0.0,,,111.35,True,True,2621.05,0.0,SL,False,,,NO_ENTRY,False,,,NO_ENTRY,False,,,NO_ENTRY,False,,,NO_ENTRY,False,,,NO_ENTRY,36.9,147.6,,,,,,,,,,
2433,2627.39,SELL,WICK_H4,H4,2024-12-31 20:00:00,1,36.25,2025-01-02 08:15:00,2630.89,35.0,89.0,3.0,,,,,,108.59,True,True,2630.89,0.0,SL,False,,,NO_ENTRY,False,,,NO_ENTRY,False,,,NO_ENTRY,False,,,NO_ENTRY,False,,,NO_ENTRY,-0.9,152.9,,,,,,,,,,
2435,2639.79,SELL,WICK_H4,H4,2025-01-02 12:00:00,1,0.5,2025-01-02 12:30:00,2643.29,35.0,38.6,3.25,2.5,0.25,0.25,2.75,,111.23,True,True,2643.29,0.0,SL,True,2639.79,2.5,SL,True,2643.29,0.25,SL,False,,,NO_ENTRY,True,2638.49,2.5,SL,False,,,NO_ENTRY,73.9,67.2,38.9,206.3,73.9,76.2,,,25.9,219.3,,
2437,2647.15,SELL,WICK_H4,H4,2025-01-02 16:00:00,1,0.75,2025-01-02 16:45:00,2650.65,35.0,97.7,2.25,,0.0,0.0,,,117.66,True,True,2650.65,0.0,SL,False,,,NO_ENTRY,True,2650.65,0.0,SL,False,,,NO_ENTRY,False,,,NO_ENTRY,False,,,NO_ENTRY,55.6,97.7,,,55.6,97.7,,,,,,
2456,2635.59,SELL,WICK_H4,H4,2025-01-06 12:00:00,1,1.25,2025-01-06 13:15:00,2639.09,35.0,102.3,0.25,2.25,2.25,2.25,2.25,2.25,122.19,True,True,2639.09,0.0,SL,True,2635.59,2.25,SL,True,2639.09,2.25,SL,False,,,NO_ENTRY,True,2624.62,2.25,SL,False,,,NO_ENTRY,244.9,102.3,209.9,68.5,244.9,33.5,,,100.2,178.2,,
2464,2641.08,SELL,WICK_H4,H4,2025-01-07 04:00:00,1,3.5,2025-01-07 07:30:00,2644.58,35.0,20.5,0.5,1.25,0.0,1.25,2.25,,121.29,True,True,2644.58,0.0,SL,True,2641.08,1.25,SL,True,2644.58,0.0,SL,True,2641.24,4.5,SL,False,,,NO_ENTRY,True,2641.08,1.75,SL,66.5,20.5,31.5,36.1,66.5,20.5,0.5,229.0,,,31.5,57.9
2467,2646.63,SELL,WICK_H4,H4,2025-01-07 12:00:00,2,2.0,2025-01-07 14:00:00,2650.13,35.0,140.1,1.75,,0.0,,,,126.75,True,True,2650.13,0.0,SL,False,,,NO_ENTRY,True,2650.13,0.0,SL,False,,,NO_ENTRY,False,,,NO_ENTRY,False,,,NO_ENTRY,82.5,140.1,,,82.5,140.1,,,,,,
2472,2651.42,SELL,WICK_H4,H4,2025-01-08 04:00:00,1,7.0,2025-01-08 11:00:00,2654.92,35.0,0.1,0.0,,0.0,0.0,,,112.56,True,True,2654.92,0.0,SL,False,,,NO_ENTRY,True,2654.92,0.0,SL,False,,,NO_ENTRY,False,,,NO_ENTRY,False,,,NO_ENTRY,92.1,28.8,,,92.1,28.8,,,,,,
2474,2654.93,SELL,WICK_H4,H4,2025-01-08 12:00:00,2,3.25,2025-01-08 15:15:00,2658.43,35.0,115.4,3.5,0.0,0.0,0.0,0.0,,114.88,True,True,2658.43,0.0,SL,True,2654.93,0.0,SL,True,2658.43,0.0,SL,True,2655.45,4.75,SL,True,2653.34,4.25,SL,False,,,NO_ENTRY,59.3,115.4,24.3,150.4,59.3,115.4,40.2,85.3,40.3,106.4,,
2481,2662.04,SELL,WICK_H4,H4,2025-01-09 08:00:00,1,0.75,2025-01-09 08:45:00,2665.54,35.0,12.7,1.75,1.25,0.25,1.0,,,111.67,True,True,2665.54,0.0,SL,True,2662.04,1.25,SL,True,2665.54,0.25,SL,False,,,NO_ENTRY,False,,,NO_ENTRY,False,,,NO_ENTRY,51.7,28.8,16.7,110.1,51.7,34.3,,,,,,
2483,2666.81,SELL,WICK_H4,H4,2025-01-09 12:00:00,1,1.25,2025-01-09 13:15:00,2670.31,35.0,78.7,2.25,,0.25,0.0,,,113.55,True,True,2670.31,0.0,SL,False,,,NO_ENTRY,True,2670.31,0.25,SL,False,,,NO_ENTRY,False,,,NO_ENTRY,False,,,NO_ENTRY,34.8,78.7,,,31.5,78.7,,,,,,
2487,2672.51,SELL,WICK_H4,H4,2025-01-10 00:00:00,1,8.5,2025-01-10 08:30:00,2676.01,35.0,63.7,2.75,,0.5,1.25,,,101.86,True,True,2676.01,0.0,SL,False,,,NO_ENTRY,True,2676.01,0.5,SL,False,,,NO_ENTRY,False,,,NO_ENTRY,False,,,NO_ENTRY,26.2,65.4,,,26.2,65.4,,,,,,
2489,2682.38,SELL,WICK_H4,H4,2025-01-10 12:00:00,4,4.0,2025-01-10 16:00:00,2685.88,35.0,120.2,3.75,,0.0,0.0,,,113.39,True,True,2685.88,0.0,SL,False,,,NO_ENTRY,True,2685.88,0.0,SL,False,,,NO_ENTRY,False,,,NO_ENTRY,False,,,NO_ENTRY,52.7,120.2,,,52.7,120.2,,,,,,
2509,2673.9,SELL,WICK_H4,H4,2025-01-14 20:00:00,1,3.25,2025-01-14 23:15:00,2677.4,35.0,109.7,12.5,3.0,0.0,2.25,4.5,,115.67,True,True,2677.4,0.0,SL,True,2673.9,3.0,SL,True,2677.4,0.0,SL,True,2669.86,4.75,SL,True,2671.64,4.25,SL,True,2673.9,3.25,SL,81.9,18.7,46.9,26.8,81.9,18.7,6.5,119.3,24.3,59.1,46.9,26.8
2512,2688.37,SELL,WICK_H4,H4,2025-01-15 12:00:00,2,3.75,2025-01-15 15:45:00,2691.87,35.0,40.5,0.25,0.75,0.25,0.0,0.0,0.75,112.43,True,True,2691.87,0.0,SL,True,2688.37,0.75,TP,True,2691.87,0.25,SL,True,2692.49,4.25,SL,True,2681.1,0.75,SL,False,,,NO_ENTRY,152.8,40.5,117.8,64.6,152.8,40.5,15.3,49.4,45.1,137.3,,
2514,2695.92,SELL,WICK_H4,H4,2025-01-15 20:00:00,3,7.0,2025-01-16 03:00:00,2699.42,35.0,26.9,0.5,,0.0,0.0,,,112.9,True,True,2699.42,0.0,SL,False,,,NO_ENTRY,True,2699.42,0.0,SL,False,,,NO_ENTRY,False,,,NO_ENTRY,False,,,NO_ENTRY,50.3,26.9,,,50.3,26.9,,,,,,
2519,2698.3,SELL,WICK_H4,H4,2025-01-16 08:00:00,1,2.25,2025-01-16 10:15:00,2701.8,35.0,164.3,5.5,,0.0,0.25,,,111.99,True,True,2701.8,0.0,SL,False,,,NO_ENTRY,True,2701.8,0.0,SL,False,,,NO_ENTRY,False,,,NO_ENTRY,False,,,NO_ENTRY,44.3,91.9,,,44.3,91.9,,,,,,
2521,2718.23,SELL,WICK_H4,H4,2025-01-16 16:00:00,2,2.75,2025-01-16 18:45:00,2721.73,35.0,28.1,0.75,,0.0,,,,117.2,True,True,2721.73,0.0,SL,False,,,NO_ENTRY,True,2721.73,0.0,SL,False,,,NO_ENTRY,False,,,NO_ENTRY,False,,,NO_ENTRY,75.1,28.1,,,75.1,28.1,,,,,,
2529,2711.97,SELL,WICK_H4,H4,2025-01-17 16:00:00,1,2.0,2025-01-17 18:00:00,2715.47,35.0,17.5,0.75,1.25,0.25,1.0,,,110.41,True,True,2715.47,0.0,TP,True,2711.97,1.25,TP,True,2715.47,0.25,TP,False,,,NO_ENTRY,False,,,NO_ENTRY,False,,,NO_ENTRY,157.3,17.5,130.6,13.9,157.3,17.5,,,,,,
2541,2710.86,SELL,WICK_H4,H4,2025-01-21 00:00:00,2,3.5,2025-01-21 03:30:00,2714.36,35.0,146.5,3.5,,,0.0,,,112.99,True,True,2714.36,0.0,SL,False,,,NO_ENTRY,False,,,NO_ENTRY,False,,,NO_ENTRY,False,,,NO_ENTRY,False,,,NO_ENTRY,33.6,146.5,,,,,,,,,,
2547,2729.92,SELL,WICK_H4,H4,2025-01-21 16:00:00,1,0.5,2025-01-21 16:30:00,2733.42,35.0,122.1,2.75,,,0.0,,,123.41,True,True,2733.42,0.0,SL,False,,,NO_ENTRY,False,,,NO_ENTRY,False,,,NO_ENTRY,False,,,NO_ENTRY,False,,,NO_ENTRY,42.7,124.5,,,,,,,,,,
2549,2745.63,SELL,WICK_H4,H4,2025-01-21 20:00:00,3,7.0,2025-01-22 03:00:00,2749.13,35.0,7.4,0.25,,0.0,,,,116.2,True,True,2749.13,0.0,SL,False,,,NO_ENTRY,True,2749.13,0.0,SL,False,,,NO_ENTRY,False,,,NO_ENTRY,False,,,NO_ENTRY,28.9,36.3,,,28.9,36.3,,,,,,
2550,2749.87,SELL,WICK_H4,H4,2025-01-22 04:00:00,1,3.25,2025-01-22 07:15:00,2753.37,35.0,87.5,4.25,1.0,0.75,1.0,1.0,,116.65,True,True,2753.37,0.0,SL,True,2749.87,1.0,SL,True,2753.37,0.75,SL,False,,,NO_ENTRY,True,2746.89,1.0,SL,True,2749.87,1.75,SL,79.3,84.9,44.3,124.1,79.3,87.5,,,14.5,153.9,35.1,133.7
2565,2754.34,SELL,WICK_H4,H4,2025-01-23 16:00:00,1,3.5,2025-01-23 19:30:00,2757.84,35.0,193.8,9.5,2.25,0.25,2.25,2.5,,119.25,True,True,2757.84,0.0,SL,True,2754.34,2.25,SL,True,2757.84,0.25,SL,True,2754.0,4.5,SL,True,2754.0,2.25,SL,True,2754.34,2.5,SL,66.1,10.3,31.1,65.8,66.1,10.3,6.9,232.2,27.7,69.2,31.1,75.1
2569,2778.17,SELL,WICK_H4,H4,2025-01-24 12:00:00,2,3.0,2025-01-24 15:00:00,2781.67,35.0,28.4,0.75,,,0.0,,,115.17,True,True,2781.67,0.0,SL,False,,,NO_ENTRY,False,,,NO_ENTRY,False,,,NO_ENTRY,False,,,NO_ENTRY,False,,,NO_ENTRY,119.4,41.4,,,,,,,,,,
2576,2764.84,SELL,WICK_H4,H4,2025-01-27 12:00:00,1,0.75,2025-01-27 12:45:00,2768.34,35.0,35.0,1.0,1.5,0.0,0.25,1.5,2.75,122.26,True,True,2768.34,0.0,SL,True,2764.84,1.5,TP,True,2768.34,0.0,SL,False,,,NO_ENTRY,True,2762.43,1.5,TP,False,,,NO_ENTRY,234.2,35.0,266.5,10.3,234.2,35.0,,,242.4,34.4,,
2585,2744.97,SELL,WICK_H4,H4,2025-01-28 12:00:00,2,3.5,2025-01-28 15:30:00,2748.47,35.0,164.9,6.5,,0.0,,,,118.51,True,True,2748.47,0.0,SL,False,,,NO_ENTRY,True,2748.47,0.0,SL,False,,,NO_ENTRY,False,,,NO_ENTRY,False,,,NO_ENTRY,26.3,110.5,,,26.3,110.5,,,,,,
2598,2763.32,SELL,WICK_H4,H4,2025-01-30 08:00:00,1,1.0,2025-01-30 09:00:00,2766.82,35.0,97.0,1.75,,0.0,,,,105.23,True,True,2766.82,0.0,SL,False,,,NO_ENTRY,True,2766.82,0.0,SL,False,,,NO_ENTRY,False,,,NO_ENTRY,False,,,NO_ENTRY,19.1,123.9,,,19.1,123.9,,,,,,
2599,2776.52,SELL,WICK_H4,H4,2025-01-30 12:00:00,1,2.5,2025-01-30 14:30:00,2780.02,35.0,183.8,3.5,,,,,,106.4,True,True,2780.02,0.0,SL,False,,,NO_ENTRY,False,,,NO_ENTRY,False,,,NO_ENTRY,False,,,NO_ENTRY,False,,,NO_ENTRY,21.3,183.8,,,,,,,,,,
2608,2800.79,SELL,WICK_H4,H4,2025-01-31 12:00:00,1,2.25,2025-01-31 14:15:00,2804.29,35.0,40.5,1.25,,,0.0,,,107.77,True,True,2804.29,0.0,SL,False,,,NO_ENTRY,False,,,NO_ENTRY,False,,,NO_ENTRY,False,,,NO_ENTRY,False,,,NO_ENTRY,29.5,128.2,,,,,,,,,,
2610,2808.34,SELL,WICK_H4,H4,2025-01-31 16:00:00,1,0.75,2025-01-31 16:45:00,2811.84,35.0,52.7,0.25,1.5,0.5,0.0,0.0,,110.26,True,True,2811.84,0.0,SL,True,2808.34,1.5,SL,True,2811.84,0.5,SL,False,,,NO_ENTRY,False,,,NO_ENTRY,True,2808.34,2.0,SL,165.8,52.7,140.9,78.3,165.8,43.3,,,,,140.9,78.3
2616,2784.96,SELL,WICK_H4,H4,2025-02-03 08:00:00,1,1.0,2025-02-03 09:00:00,2788.46,35.0,123.9,2.5,,0.0,0.5,,,127.44,True,True,2788.46,0.0,SL,False,,,NO_ENTRY,True,2788.46,0.0,SL,False,,,NO_ENTRY,False,,,NO_ENTRY,False,,,NO_ENTRY,32.1,155.4,,,32.1,155.4,,,,,,
2618,2800.85,SELL,WICK_H4,H4,2025-02-03 12:00:00,2,2.5,2025-02-03 14:30:00,2804.35,35.0,262.7,2.25,,,,,,131.86,True,True,2804.35,0.0,SL,False,,,NO_ENTRY,False,,,NO_ENTRY,False,,,NO_ENTRY,False,,,NO_ENTRY,False,,,NO_ENTRY,24.5,262.7,,,,,,,,,,
2621,2822.83,SELL,WICK_H4,H4,2025-02-04 00:00:00,3,15.25,2025-02-04 15:15:00,2826.33,35.0,105.5,0.25,,,,,,141.3,True,True,2826.33,0.0,SL,False,,,NO_ENTRY,False,,,NO_ENTRY,False,,,NO_ENTRY,False,,,NO_ENTRY,False,,,NO_ENTRY,33.9,189.3,,,,,,,,,,
2626,2836.88,SELL,WICK_H4,H4,2025-02-04 16:00:00,1,0.5,2025-02-04 16:30:00,2840.38,35.0,84.8,10.5,1.0,0.0,0.0,1.5,,142.99,True,True,2840.38,0.0,SL,True,2836.88,1.0,SL,True,2840.38,0.0,SL,True,2841.18,7.5,SL,True,2840.61,8.75,SL,False,,,NO_ENTRY,79.4,48.8,44.4,83.8,79.4,48.8,16.2,125.0,10.5,133.0,,
2629,2848.86,SELL,WICK_H4,H4,2025-02-05 04:00:00,1,0.25,2025-02-05 04:15:00,2852.36,35.0,197.7,7.25,,0.0,0.25,,,134.96,True,True,2852.36,0.0,SL,False,,,NO_ENTRY,True,2852.36,0.0,SL,False,,,NO_ENTRY,False,,,NO_ENTRY,False,,,NO_ENTRY,45.3,93.2,,,45.3,93.2,,,,,,
2633,2876.94,SELL,WICK_H4,H4,2025-02-05 16:00:00,1,1.75,2025-02-05 17:45:00,2880.44,35.0,19.0,0.0,0.25,0.0,0.25,0.25,0.5,146.47,True,True,2880.44,0.0,TP,True,2876.94,0.25,SL,True,2880.44,0.0,TP,False,,,NO_ENTRY,False,,,NO_ENTRY,True,2876.94,1.25,TP,178.3,19.0,147.9,41.7,178.3,19.0,,,,,170.9,-3.4
2643,2859.6,SELL,WICK_H4,H4,2025-02-06 20:00:00,1,7.25,2025-02-07 03:15:00,2863.1,35.0,49.5,0.5,,0.0,0.0,,,144.93,True,True,2863.1,0.0,SL,False,,,NO_ENTRY,True,2863.1,0.0,SL,False,,,NO_ENTRY,False,,,NO_ENTRY,False,,,NO_ENTRY,47.2,73.9,,,47.2,73.9,,,,,,
2650,2870.55,SELL,WICK_H4,H4,2025-02-07 16:00:00,1,0.5,2025-02-07 16:30:00,2874.05,35.0,126.1,1.25,1.75,1.5,1.75,1.75,2.5,155.9,True,True,2874.05,0.0,SL,True,2870.55,1.75,TP,True,2874.05,1.5,SL,False,,,NO_ENTRY,False,,,NO_ENTRY,True,2870.55,2.0,TP,208.5,126.1,173.5,16.3,208.5,73.9,,,,,173.5,-2.8
2654,2865.06,SELL,WICK_H4,H4,2025-02-08 00:00:00,1,49.5,2025-02-10 01:30:00,2868.56,35.0,78.6,1.5,,0.25,,,,154.67,True,True,2868.56,0.0,SL,False,,,NO_ENTRY,True,2868.56,0.25,SL,False,,,NO_ENTRY,False,,,NO_ENTRY,False,,,NO_ENTRY,29.1,78.6,,,29.1,78.6,,,,,,
2655,2876.42,SELL,WICK_H4,H4,2025-02-10 04:00:00,1,4.0,2025-02-10 08:00:00,2879.92,35.0,309.5,7.25,,,,,,156.47,True,True,2879.92,0.0,SL,False,,,NO_ENTRY,False,,,NO_ENTRY,True,2900.96,8.0,SL,False,,,NO_ENTRY,False,,,NO_ENTRY,10.8,262.1,,,,,47.6,108.2,,,,
2659,2911.78,SELL,WICK_H4,H4,2025-02-10 20:00:00,1,5.5,2025-02-11 01:30:00,2915.28,35.0,206.6,2.25,,,0.0,,,158.85,True,True,2915.28,0.0,SL,False,,,NO_ENTRY,False,,,NO_ENTRY,False,,,NO_ENTRY,False,,,NO_ENTRY,False,,,NO_ENTRY,101.5,271.8,,,,,,,,,,
2662,2935.94,SELL,WICK_H4,H4,2025-02-11 04:00:00,1,0.25,2025-02-11 04:15:00,2939.44,35.0,30.2,0.0,0.25,0.25,0.25,0.25,0.25,174.17,True,True,2939.44,0.0,SL,True,2935.94,0.25,SL,True,2939.44,0.25,TP,False,,,NO_ENTRY,False,,,NO_ENTRY,False,,,NO_ENTRY,343.1,30.2,308.1,53.9,343.1,18.9,,,,,,
2677,2889.9,SELL,WICK_H4,H4,2025-02-12 16:00:00,1,0.25,2025-02-12 16:15:00,2893.4,35.0,156.1,2.75,0.75,0.25,0.75,,,185.32,True,True,2893.4,0.0,SL,True,2889.9,0.75,SL,True,2893.4,0.25,SL,False,,,NO_ENTRY,False,,,NO_ENTRY,False,,,NO_ENTRY,66.0,156.1,31.0,191.1,66.0,156.1,,,,,,
2682,2908.93,SELL,WICK_H4,H4,2025-02-13 04:00:00,1,1.25,2025-02-13 05:15:00,2912.43,35.0,101.8,2.0,,,,,,173.2,True,True,2912.43,0.0,SL,False,,,NO_ENTRY,False,,,NO_ENTRY,False,,,NO_ENTRY,False,,,NO_ENTRY,False,,,NO_ENTRY,40.3,101.8,,,,,,,,,,
2689,2920.87,SELL,WICK_H4,H4,2025-02-13 20:00:00,1,1.0,2025-02-13 21:00:00,2924.37,35.0,93.4,6.25,,,,,,165.1,True,True,2924.37,0.0,SL,False,,,NO_ENTRY,False,,,NO_ENTRY,False,,,NO_ENTRY,False,,,NO_ENTRY,False,,,NO_ENTRY,5.5,78.4,,,,,,,,,,
2692,2933.71,SELL,WICK_H4,H4,2025-02-14 04:00:00,1,6.25,2025-02-14 10:15:00,2937.21,35.0,14.1,1.25,,0.0,0.5,,,148.79,True,True,2937.21,0.0,SL,False,,,NO_ENTRY,True,2937.21,0.0,SL,False,,,NO_ENTRY,False,,,NO_ENTRY,False,,,NO_ENTRY,80.4,26.5,,,80.4,26.5,,,,,,
2706,2900.21,SELL,WICK_H4,H4,2025-02-18 04:00:00,1,0.75,2025-02-18 04:45:00,2903.71,35.0,118.0,2.75,,0.0,,,,145.82,True,True,2903.71,0.0,SL,False,,,NO_ENTRY,True,2903.71,0.0,SL,False,,,NO_ENTRY,False,,,NO_ENTRY,False,,,NO_ENTRY,17.3,118.0,,,17.3,118.0,,,,,,
2709,2915.25,SELL,WICK_H4,H4,2025-02-18 12:00:00,1,3.5,2025-02-18 15:30:00,2918.75,35.0,25.0,0.25,,0.25,,,,140.65,True,True,2918.75,0.0,SL,False,,,NO_ENTRY,True,2918.75,0.25,SL,False,,,NO_ENTRY,False,,,NO_ENTRY,False,,,NO_ENTRY,28.5,148.4,,,11.6,148.4,,,,,,
2711,2921.25,SELL,WICK_H4,H4,2025-02-18 16:00:00,1,0.5,2025-02-18 16:30:00,2924.75,35.0,88.4,2.25,,0.0,,,,141.95,True,True,2924.75,0.0,SL,False,,,NO_ENTRY,True,2924.75,0.0,SL,False,,,NO_ENTRY,False,,,NO_ENTRY,False,,,NO_ENTRY,25.1,88.4,,,25.1,88.4,,,,,,
2714,2936.89,SELL,WICK_H4,H4,2025-02-19 00:00:00,2,11.25,2025-02-19 11:15:00,2940.39,35.0,64.5,0.75,2.5,2.5,2.5,2.75,,139.3,True,True,2940.39,0.0,SL,True,2936.89,2.5,SL,True,2940.39,2.5,TP,True,2936.14,4.75,SL,True,2941.13,2.25,TP,True,2936.89,3.25,SL,92.3,64.5,114.5,47.8,149.5,12.8,156.0,44.0,110.1,34.0,140.1,46.2
2723,2937.43,SELL,WICK_H4,H4,2025-02-20 00:00:00,1,2.5,2025-02-20 02:30:00,2940.93,35.0,13.7,0.75,0.75,0.0,0.75,,,143.76,True,True,2940.93,0.0,SL,True,2937.43,0.75,SL,True,2940.93,0.0,SL,False,,,NO_ENTRY,False,,,NO_ENTRY,True,2937.43,1.0,SL,70.9,29.8,35.9,74.9,70.9,29.8,,,,,35.9,78.0
2725,2942.3,SELL,WICK_H4,H4,2025-02-20 04:00:00,2,3.75,2025-02-20 07:45:00,2945.8,35.0,90.0,3.25,,0.25,,,,142.68,True,True,2945.8,0.0,SL,False,,,NO_ENTRY,True,2945.8,0.25,SL,False,,,NO_ENTRY,True,2950.59,3.75,SL,False,,,NO_ENTRY,20.5,90.0,,,20.2,90.0,,,119.5,40.7,,
2732,2942.31,SELL,WICK_H4,H4,2025-02-21 00:00:00,2,3.25,2025-02-21 03:15:00,2945.81,35.0,37.8,0.0,0.25,0.0,0.25,0.25,0.5,152.78,True,True,2945.81,0.0,SL,True,2942.31,0.25,SL,True,2945.81,0.0,SL,False,,,NO_ENTRY,True,2936.36,0.25,TP,False,,,NO_ENTRY,206.3,37.8,182.2,34.4,206.3,37.8,,,122.7,93.9,,
2740,2935.96,SELL,WICK_H4,H4,2025-02-21 16:00:00,2,3.25,2025-02-21 19:15:00,2939.46,35.0,21.5,0.5,,0.0,,,,153.6,True,True,2939.46,0.0,SL,False,,,NO_ENTRY,True,2939.46,0.0,SL,False,,,NO_ENTRY,False,,,NO_ENTRY,False,,,NO_ENTRY,75.0,32.7,,,75.0,32.7,,,,,,
2746,2940.25,SELL,WICK_H4,H4,2025-02-24 04:00:00,1,1.25,2025-02-24 05:15:00,2943.75,35.0,8.6,0.25,1.25,0.0,0.5,2.5,,156.35,True,True,2943.75,0.0,SL,True,2940.25,1.25,SL,True,2943.75,0.0,SL,False,,,NO_ENTRY,True,2936.22,2.5,SL,True,2940.25,2.5,SL,85.5,8.6,50.5,46.0,85.5,8.6,,,10.2,124.7,50.5,84.4
2748,2944.61,SELL,WICK_H4,H4,2025-02-24 08:00:00,2,3.0,2025-02-24 11:00:00,2948.11,35.0,0.4,0.0,0.75,0.0,0.25,,,154.82,True,True,2948.11,0.0,TP,True,2944.61,0.75,SL,True,2948.11,0.0,TP,False,,,NO_ENTRY,False,,,NO_ENTRY,False,,,NO_ENTRY,133.0,29.0,98.0,98.3,133.0,29.0,,,,,,
2750,2948.69,SELL,WICK_H4,H4,2025-02-24 12:00:00,2,3.5,2025-02-24 15:30:00,2952.19,35.0,38.8,0.5,0.75,0.0,0.75,0.75,1.0,157.78,True,True,2952.19,0.0,SL,True,2948.69,0.75,TP,True,2952.19,0.0,SL,True,2943.23,4.5,SL,True,2942.45,0.75,TP,False,,,NO_ENTRY,215.1,38.8,180.1,20.2,215.1,38.8,5.2,103.1,117.7,82.6,,
2763,2917.24,SELL,WICK_H4,H4,2025-02-26 00:00:00,1,2.0,2025-02-26 02:00:00,2920.74,35.0,93.1,1.25,,1.75,1.75,,,179.18,True,True,2920.74,0.0,SL,False,,,NO_ENTRY,True,2920.74,1.75,SL,False,,,NO_ENTRY,True,2917.52,1.75,SL,False,,,NO_ENTRY,60.1,93.1,,,83.1,46.1,,,50.9,78.3,,
2793,2853.8,SELL,WICK_H4,H4,2025-02-28 20:00:00,2,3.25,2025-02-28 23:15:00,2857.3,35.0,195.2,49.75,,0.0,,,,176.41,True,True,2857.3,0.0,SL,False,,,NO_ENTRY,True,2857.3,0.0,SL,False,,,NO_ENTRY,False,,,NO_ENTRY,False,,,NO_ENTRY,26.6,195.2,,,26.6,195.2,,,,,,
2798,2871.38,SELL,WICK_H4,H4,2025-03-03 12:00:00,1,1.0,2025-03-03 13:00:00,2874.88,35.0,26.5,1.5,2.25,0.0,2.0,,,167.18,True,True,2874.88,0.0,SL,True,2871.38,2.25,SL,True,2874.88,0.0,SL,False,,,NO_ENTRY,False,,,NO_ENTRY,False,,,NO_ENTRY,60.2,80.2,21.4,217.4,60.2,80.2,,,,,,
2800,2877.53,SELL,WICK_H4,H4,2025-03-03 16:00:00,1,1.0,2025-03-03 17:00:00,2881.03,35.0,120.9,1.75,,0.0,0.0,,,170.9,True,True,2881.03,0.0,SL,False,,,NO_ENTRY,True,2881.03,0.0,SL,False,,,NO_ENTRY,False,,,NO_ENTRY,False,,,NO_ENTRY,73.5,120.9,,,73.5,120.9,,,,,,
2805,2894.26,SELL,WICK_H4,H4,2025-03-04 08:00:00,1,1.5,2025-03-04 09:30:00,2897.76,35.0,234.0,2.0,,,,,,176.72,True,True,2897.76,0.0,SL,False,,,NO_ENTRY,False,,,NO_ENTRY,False,,,NO_ENTRY,False,,,NO_ENTRY,False,,,NO_ENTRY,16.3,234.0,,,,,,,,,,
2807,2921.16,SELL,WICK_H4,H4,2025-03-04 12:00:00,2,2.75,2025-03-04 14:45:00,2924.66,35.0,30.8,0.25,,0.5,0.75,,,175.35,True,True,2924.66,0.0,SL,False,,,NO_ENTRY,True,2924.66,0.5,TP,False,,,NO_ENTRY,False,,,NO_ENTRY,False,,,NO_ENTRY,247.0,30.8,,,247.0,23.2,,,,,,
2816,2922.48,SELL,WICK_H4,H4,2025-03-05 12:00:00,2,6.25,2025-03-05 18:15:00,2925.98,35.0,38.1,0.25,0.75,0.5,0.75,1.25,,183.81,True,True,2925.98,0.0,SL,True,2922.48,0.75,SL,True,2925.98,0.5,SL,False,,,NO_ENTRY,False,,,NO_ENTRY,False,,,NO_ENTRY,146.5,38.1,111.5,26.1,146.5,30.2,,,,,,
2828,2909.43,SELL,WICK_H4,H4,2025-03-06 16:00:00,1,0.5,2025-03-06 16:30:00,2912.93,35.0,97.2,0.5,,0.0,,,,180.51,True,True,2912.93,0.0,SL,False,,,NO_ENTRY,True,2912.93,0.0,SL,False,,,NO_ENTRY,False,,,NO_ENTRY,False,,,NO_ENTRY,43.4,97.2,,,43.4,97.2,,,,,,
2835,2912.4,SELL,WICK_H4,H4,2025-03-07 08:00:00,1,1.75,2025-03-07 09:45:00,2915.9,35.0,103.5,5.75,5.5,5.5,5.5,,,170.1,True,True,2915.9,0.0,SL,True,2912.4,5.5,SL,True,2915.9,5.5,SL,True,2913.6,6.25,SL,True,2911.95,5.5,SL,False,,,NO_ENTRY,11.4,70.0,86.7,178.4,121.7,143.4,98.7,166.4,82.2,182.9,,
2838,2926.25,SELL,WICK_H4,H4,2025-03-07 16:00:00,1,1.0,2025-03-07 17:00:00,2929.75,35.0,4.9,0.0,0.25,0.0,0.25,0.5,0.75,176.34,True,True,2929.75,0.0,TP,True,2926.25,0.25,TP,True,2929.75,0.0,TP,False,,,NO_ENTRY,True,2907.33,2.5,SL,True,2926.25,0.5,TP,278.0,4.9,243.0,24.0,278.0,4.9,,,53.8,43.8,243.0,-0.6
2852,2890.81,SELL,WICK_H4,H4,2025-03-11 00:00:00,1,4.25,2025-03-11 04:15:00,2894.31,35.0,60.4,0.5,,,,,,156.92,True,True,2894.31,0.0,SL,False,,,NO_ENTRY,False,,,NO_ENTRY,False,,,NO_ENTRY,False,,,NO_ENTRY,False,,,NO_ENTRY,16.8,60.4,,,,,,,,,,
2855,2900.35,SELL,WICK_H4,H4,2025-03-11 08:00:00,1,2.0,2025-03-11 10:00:00,2903.85,35.0,183.3,5.75,,,,,,159.31,True,True,2903.85,0.0,SL,False,,,NO_ENTRY,False,,,NO_ENTRY,False,,,NO_ENTRY,True,2907.73,5.0,SL,False,,,NO_ENTRY,34.8,115.1,,,,,,,10.2,144.5,,
2864,2919.94,SELL,WICK_H4,H4,2025-03-12 08:00:00,2,3.0,2025-03-12 11:00:00,2923.44,35.0,17.9,0.0,0.0,0.0,0.0,0.5,,140.59,True,True,2923.44,0.0,TP,True,2919.94,0.0,SL,True,2923.44,0.0,TP,False,,,NO_ENTRY,False,,,NO_ENTRY,True,2919.94,0.5,SL,114.9,17.9,79.9,52.9,114.9,17.9,,,,,139.7,31.3
2868,2923.07,SELL,WICK_H4,H4,2025-03-12 16:00:00,1,1.25,2025-03-12 17:15:00,2926.57,35.0,138.3,2.5,,0.0,,,,151.26,True,True,2926.57,0.0,SL,False,,,NO_ENTRY,True,2926.57,0.0,SL,False,,,NO_ENTRY,False,,,NO_ENTRY,False,,,NO_ENTRY,36.3,138.3,,,36.3,138.3,,,,,,
2872,2941.33,SELL,WICK_H4,H4,2025-03-13 04:00:00,1,0.75,2025-03-13 04:45:00,2944.83,35.0,21.9,1.0,2.5,0.0,0.0,,,138.07,True,True,2944.83,0.0,TP,True,2941.33,2.5,SL,True,2944.83,0.0,TP,False,,,NO_ENTRY,False,,,NO_ENTRY,True,2941.33,2.75,SL,95.8,21.9,85.0,62.6,95.8,21.9,,,,,85.0,66.1
2873,2947.02,SELL,WICK_H4,H4,2025-03-13 08:00:00,4,7.75,2025-03-13 15:45:00,2950.52,35.0,17.6,0.0,,0.0,,,,139.11,True,True,2950.52,0.0,SL,False,,,NO_ENTRY,True,2950.52,0.0,SL,False,,,NO_ENTRY,False,,,NO_ENTRY,False,,,NO_ENTRY,29.1,346.0,,,29.1,346.0,,,,,,
2875,2952.28,SELL,WICK_H4,H4,2025-03-13 16:00:00,1,0.5,2025-03-13 16:30:00,2955.78,35.0,293.4,2.0,,,,,,154.41,True,True,2955.78,0.0,SL,False,,,NO_ENTRY,False,,,NO_ENTRY,False,,,NO_ENTRY,False,,,NO_ENTRY,False,,,NO_ENTRY,33.7,293.4,,,,,,,,,,
2877,2985.12,SELL,WICK_H4,H4,2025-03-13 20:00:00,2,2.75,2025-03-13 22:45:00,2988.62,35.0,13.8,4.25,1.25,0.0,1.25,,,150.65,True,True,2988.62,0.0,SL,True,2985.12,1.25,SL,True,2988.62,0.0,SL,True,2987.81,5.25,SL,True,2984.13,4.5,SL,False,,,NO_ENTRY,70.1,13.8,35.1,48.8,70.1,13.8,60.8,59.6,25.2,96.4,,
2878,2990.0,SELL,WICK_H4,H4,2025-03-14 04:00:00,1,2.0,2025-03-14 06:00:00,2993.5,35.0,2.7,0.0,0.5,0.0,0.5,0.75,,144.06,True,True,2993.5,0.0,TP,True,2990.0,0.5,SL,True,2993.5,0.0,TP,False,,,NO_ENTRY,False,,,NO_ENTRY,False,,,NO_ENTRY,127.4,2.7,92.4,29.0,127.4,2.7,,,,,,
2880,2993.77,SELL,WICK_H4,H4,2025-03-14 08:00:00,1,3.5,2025-03-14 11:30:00,2997.27,35.0,75.3,0.75,1.0,1.0,1.0,1.0,,147.06,True,True,2997.27,0.0,SL,True,2993.77,1.0,SL,True,2997.27,1.0,SL,True,2984.48,4.5,SL,True,2992.96,3.5,SL,False,,,NO_ENTRY,141.7,75.3,118.5,89.7,153.5,54.7,61.4,87.3,146.2,30.7,,
2887,2988.61,SELL,WICK_H4,H4,2025-03-15 00:00:00,1,49.25,2025-03-17 01:15:00,2992.11,35.0,19.1,0.25,0.75,0.25,0.75,,,143.51,True,True,2992.11,0.0,SL,True,2988.61,0.75,SL,True,2992.11,0.25,SL,False,,,NO_ENTRY,False,,,NO_ENTRY,False,,,NO_ENTRY,61.9,19.1,35.0,44.1,70.0,19.1,,,,,,
2889,2994.02,SELL,WICK_H4,H4,2025-03-17 04:00:00,1,8.5,2025-03-17 12:30:00,2997.52,35.0,35.5,0.75,1.5,0.0,1.5,1.5,,141.78,True,True,2997.52,0.0,SL,True,2994.02,1.5,SL,True,2997.52,0.0,SL,False,,,NO_ENTRY,True,2990.49,1.5,SL,True,2994.02,1.75,SL,128.6,35.5,93.6,64.3,128.6,35.5,,,58.3,99.6,93.6,64.3
2894,3000.45,SELL,WICK_H4,H4,2025-03-17 20:00:00,1,7.25,2025-03-18 03:15:00,3003.95,35.0,44.5,0.5,,,0.0,,,131.69,True,True,3003.95,0.0,SL,False,,,NO_ENTRY,False,,,NO_ENTRY,False,,,NO_ENTRY,False,,,NO_ENTRY,False,,,NO_ENTRY,34.6,131.2,,,,,,,,,,
2895,3008.4,SELL,WICK_H4,H4,2025-03-18 04:00:00,1,1.0,2025-03-18 05:00:00,3011.9,35.0,51.7,1.75,2.25,0.5,2.25,,,132.56,True,True,3011.9,0.0,SL,True,3008.4,2.25,SL,True,3011.9,0.5,SL,False,,,NO_ENTRY,False,,,NO_ENTRY,False,,,NO_ENTRY,59.2,66.2,24.2,199.8,59.2,69.2,,,,,,
2897,3017.07,SELL,WICK_H4,H4,2025-03-18 08:00:00,2,2.25,2025-03-18 10:15:00,3020.57,35.0,78.1,0.75,,1.5,,,,135.92,True,True,3020.57,0.0,SL,False,,,NO_ENTRY,True,3020.57,1.5,SL,False,,,NO_ENTRY,False,,,NO_ENTRY,False,,,NO_ENTRY,25.2,106.9,,,25.2,175.5,,,,,,
2899,3028.38,SELL,WICK_H4,H4,2025-03-18 12:00:00,2,2.5,2025-03-18 14:30:00,3031.88,35.0,62.4,1.0,1.0,1.0,0.0,,,139.47,True,True,3031.88,0.0,SL,True,3028.38,1.0,SL,True,3031.88,1.0,SL,False,,,NO_ENTRY,False,,,NO_ENTRY,False,,,NO_ENTRY,73.6,62.4,38.6,97.4,73.6,62.4,,,,,,
2904,3037.91,SELL,WICK_H4,H4,2025-03-19 00:00:00,2,7.5,2025-03-19 07:30:00,3041.41,35.0,38.2,0.25,0.75,0.0,0.0,0.75,3.0,131.02,True,True,3041.41,0.0,SL,True,3037.91,0.75,SL,True,3041.41,0.0,SL,True,3030.37,4.5,SL,True,3032.45,2.5,SL,True,3037.91,5.0,SL,189.2,38.2,154.2,60.9,189.2,38.2,34.5,105.7,99.6,74.1,120.9,30.3
2909,3038.27,SELL,WICK_H4,H4,2025-03-19 20:00:00,1,0.5,2025-03-19 20:30:00,3041.77,35.0,100.3,0.5,,,0.0,,,142.7,True,True,3041.77,0.0,SL,False,,,NO_ENTRY,False,,,NO_ENTRY,False,,,NO_ENTRY,False,,,NO_ENTRY,False,,,NO_ENTRY,43.2,100.3,,,,,,,,,,
2911,3051.8,SELL,WICK_H4,H4,2025-03-20 00:00:00,1,2.25,2025-03-20 02:15:00,3055.3,35.0,8.2,1.0,1.5,0.0,0.0,,,139.0,True,True,3055.3,0.0,TP,True,3051.8,1.5,SL,True,3055.3,0.0,TP,False,,,NO_ENTRY,True,3049.47,1.5,SL,False,,,NO_ENTRY,103.4,8.2,69.8,55.3,103.4,8.2,,,46.5,78.6,,
2926,3018.09,SELL,WICK_H4,H4,2025-03-21 20:00:00,1,1.25,2025-03-21 21:15:00,3021.59,35.0,46.0,52.0,,0.0,53.5,,,144.07,True,True,3021.59,0.0,SL,False,,,NO_ENTRY,True,3021.59,0.0,SL,True,3020.88,54.75,SL,True,3021.26,53.25,SL,False,,,NO_ENTRY,21.4,46.0,,,21.4,46.0,72.0,33.8,75.8,41.7,,
2930,3024.26,SELL,WICK_H4,H4,2025-03-24 08:00:00,1,1.25,2025-03-24 09:15:00,3027.76,35.0,31.3,1.75,0.25,0.0,0.25,0.5,,137.86,True,True,3027.76,0.0,SL,True,3024.26,0.25,SL,True,3027.76,0.0,SL,False,,,NO_ENTRY,False,,,NO_ENTRY,False,,,NO_ENTRY,69.4,53.8,34.4,88.8,69.4,53.8,,,,,,
2938,3014.77,SELL,WICK_H4,H4,2025-03-25 04:00:00,1,3.0,2025-03-25 07:00:00,3018.27,35.0,26.0,0.25,,0.75,0.0,,,134.11,True,True,3018.27,0.0,SL,False,,,NO_ENTRY,True,3018.27,0.75,SL,False,,,NO_ENTRY,False,,,NO_ENTRY,False,,,NO_ENTRY,78.4,35.2,,,78.4,51.7,,,,,,
2940,3020.87,SELL,WICK_H4,H4,2025-03-25 08:00:00,1,4.0,2025-03-25 12:00:00,3024.37,35.0,61.7,3.5,1.75,0.0,0.5,2.0,,136.04,True,True,3024.37,0.0,TP,True,3020.87,1.75,SL,True,3024.37,0.0,TP,False,,,NO_ENTRY,True,3017.91,2.0,SL,False,,,NO_ENTRY,103.1,115.5,68.1,150.5,103.1,115.5,,,38.5,180.1,,
2949,3026.82,SELL,WICK_H4,H4,2025-03-26 08:00:00,1,1.75,2025-03-26 09:45:00,3030.32,35.0,16.5,0.25,0.75,0.25,0.5,1.0,,131.46,True,True,3030.32,0.0,TP,True,3026.82,0.75,TP,True,3030.32,0.25,TP,False,,,NO_ENTRY,False,,,NO_ENTRY,True,3026.82,1.0,TP,135.0,16.5,100.0,34.5,135.0,16.5,,,,,100.0,34.5
2955,3021.65,SELL,WICK_H4,H4,2025-03-27 00:00:00,1,2.75,2025-03-27 02:45:00,3025.15,35.0,31.2,0.5,,0.75,,,,123.51,True,True,3025.15,0.0,SL,False,,,NO_ENTRY,True,3025.15,0.75,SL,False,,,NO_ENTRY,False,,,NO_ENTRY,False,,,NO_ENTRY,22.9,133.0,,,22.9,133.0,,,,,,
2957,3028.27,SELL,WICK_H4,H4,2025-03-27 04:00:00,1,0.75,2025-03-27 04:45:00,3031.77,35.0,66.8,1.75,,0.0,,,,125.62,True,True,3031.77,0.0,SL,False,,,NO_ENTRY,True,3031.77,0.0,SL,False,,,NO_ENTRY,True,3029.66,3.0,SL,False,,,NO_ENTRY,52.4,66.8,,,52.4,66.8,,,31.3,112.4,,
2958,3038.45,SELL,WICK_H4,H4,2025-03-27 08:00:00,1,4.0,2025-03-27 12:00:00,3041.95,35.0,138.7,2.0,3.5,3.5,3.25,3.5,,133.89,True,True,3041.95,0.0,SL,True,3038.45,3.5,SL,True,3041.95,3.5,SL,False,,,NO_ENTRY,True,3045.96,3.0,TP,False,,,NO_ENTRY,86.0,138.7,51.0,210.9,86.0,175.9,,,126.1,135.8,,
2960,3055.82,SELL,WICK_H4,H4,2025-03-27 16:00:00,1,0.75,2025-03-27 16:45:00,3059.32,35.0,2.2,0.0,0.5,0.0,0.0,1.0,,137.87,True,True,3059.32,0.0,TP,True,3055.82,0.5,SL,True,3059.32,0.0,TP,False,,,NO_ENTRY,False,,,NO_ENTRY,False,,,NO_ENTRY,115.8,2.2,80.8,32.6,115.8,2.2,,,,,,
2962,3059.54,SELL,WICK_H4,H4,2025-03-27 20:00:00,1,6.25,2025-03-28 02:15:00,3063.04,35.0,188.8,5.5,,0.0,0.0,,,136.53,True,True,3063.04,0.0,SL,False,,,NO_ENTRY,True,3063.04,0.0,SL,False,,,NO_ENTRY,False,,,NO_ENTRY,False,,,NO_ENTRY,50.3,143.9,,,50.3,143.9,,,,,,
2964,3081.92,SELL,WICK_H4,H4,2025-03-28 08:00:00,2,1.0,2025-03-28 09:00:00,3085.42,35.0,4.1,0.0,0.75,0.0,0.5,0.75,1.25,140.18,True,True,3085.42,0.0,TP,True,3081.92,0.75,TP,True,3085.42,0.0,TP,False,,,NO_ENTRY,True,3066.01,1.25,SL,False,,,NO_ENTRY,195.9,4.1,160.9,5.5,195.9,4.1,,,1.8,137.8,,
2969,3086.7,SELL,WICK_H4,H4,2025-03-28 20:00:00,1,53.25,2025-03-31 01:15:00,3090.2,35.0,12.4,0.0,2.0,0.0,1.75,2.0,,148.3,True,True,3090.2,0.0,TP,True,3086.7,2.0,SL,True,3090.2,0.0,TP,False,,,NO_ENTRY,False,,,NO_ENTRY,False,,,NO_ENTRY,134.9,163.9,99.9,248.7,134.9,163.9,,,,,,
2972,3097.5,SELL,WICK_H4,H4,2025-03-31 04:00:00,1,1.25,2025-03-31 05:15:00,3101.0,35.0,147.8,2.5,,0.0,0.0,,,165.62,True,True,3101.0,0.0,SL,False,,,NO_ENTRY,True,3101.0,0.0,SL,False,,,NO_ENTRY,False,,,NO_ENTRY,False,,,NO_ENTRY,48.9,267.2,,,48.9,267.2,,,,,,
2974,3115.78,SELL,WICK_H4,H4,2025-03-31 08:00:00,1,1.0,2025-03-31 09:00:00,3119.28,35.0,84.4,0.0,0.5,0.5,0.0,,,168.26,True,True,3119.28,0.0,SL,True,3115.78,0.5,SL,True,3119.28,0.5,SL,False,,,NO_ENTRY,False,,,NO_ENTRY,False,,,NO_ENTRY,75.6,84.4,40.6,112.6,75.6,77.6,,,,,,
2980,3127.11,SELL,WICK_H4,H4,2025-03-31 20:00:00,1,8.0,2025-04-01 04:00:00,3130.61,35.0,171.6,3.0,,,0.0,,,165.66,True,True,3130.61,0.0,SL,False,,,NO_ENTRY,False,,,NO_ENTRY,False,,,NO_ENTRY,False,,,NO_ENTRY,False,,,NO_ENTRY,41.8,171.6,,,,,,,,,,
2991,3120.56,SELL,WICK_H4,H4,2025-04-02 00:00:00,1,4.0,2025-04-02 04:00:00,3124.06,35.0,115.5,1.0,3.5,3.25,3.5,,,179.56,True,True,3124.06,0.0,SL,True,3120.56,3.5,SL,True,3124.06,3.25,TP,False,,,NO_ENTRY,False,,,NO_ENTRY,True,3120.56,3.75,TP,99.4,115.5,108.9,130.0,143.9,61.2,,,,,108.9,130.8
2999,3142.83,SELL,WICK_H4,H4,2025-04-03 00:00:00,1,1.25,2025-04-03 01:15:00,3146.33,35.0,213.7,1.5,0.0,0.0,0.0,0.0,,216.93,True,True,3146.33,0.0,TP,True,3142.83,0.0,SL,True,3146.33,0.0,TP,False,,,NO_ENTRY,False,,,NO_ENTRY,False,,,NO_ENTRY,147.5,213.7,112.5,248.7,147.5,213.7,,,,,,
3014,3109.81,SELL,WICK_H4,H4,2025-04-04 12:00:00,1,1.75,2025-04-04 13:45:00,3113.31,35.0,232.6,0.25,0.75,0.0,0.0,1.0,1.75,305.5,True,True,3113.31,0.0,SL,True,3109.81,0.75,SL,True,3113.31,0.0,SL,False,,,NO_ENTRY,True,3071.07,2.0,SL,False,,,NO_ENTRY,863.9,232.6,925.1,193.5,863.9,232.6,,,543.7,190.4,,
3022,3031.86,SELL,WICK_H4,H4,2025-04-07 04:00:00,1,0.75,2025-04-07 04:45:00,3035.36,35.0,200.9,0.25,1.0,0.75,1.0,,,388.08,True,True,3035.36,0.0,SL,True,3031.86,1.0,SL,True,3035.36,0.75,SL,False,,,NO_ENTRY,True,3018.81,2.0,SL,True,3031.86,2.25,TP,185.3,200.9,153.6,126.1,188.6,94.7,,,55.8,256.6,186.3,126.1
3031,2986.01,SELL,WICK_H4,H4,2025-04-08 00:00:00,3,3.5,2025-04-08 03:30:00,2989.51,35.0,29.6,0.0,0.25,0.25,,,,374.08,True,True,2989.51,0.0,SL,True,2986.01,0.25,SL,True,2989.51,0.25,SL,False,,,NO_ENTRY,False,,,NO_ENTRY,False,,,NO_ENTRY,66.5,151.5,31.5,186.5,66.5,151.5,,,,,,
3033,2992.47,SELL,WICK_H4,H4,2025-04-08 04:00:00,1,0.25,2025-04-08 04:15:00,2995.97,35.0,86.9,0.75,,1.75,,,,362.52,True,True,2995.97,0.0,SL,False,,,NO_ENTRY,True,2995.97,1.75,SL,False,,,NO_ENTRY,False,,,NO_ENTRY,False,,,NO_ENTRY,65.0,91.7,,,51.8,195.6,,,,,,
3035,3004.66,SELL,WICK_H4,H4,2025-04-08 08:00:00,1,0.75,2025-04-08 08:45:00,3008.16,35.0,73.7,0.75,0.25,0.0,,,,348.16,True,True,3008.16,0.0,SL,True,3004.66,0.25,SL,True,3008.16,0.0,SL,False,,,NO_ENTRY,False,,,NO_ENTRY,False,,,NO_ENTRY,134.6,73.7,99.6,108.7,134.6,73.7,,,,,,
3037,3015.53,SELL,WICK_H4,H4,2025-04-08 12:00:00,1,3.0,2025-04-08 15:00:00,3019.03,35.0,2.4,0.0,0.25,0.0,0.25,,,340.98,True,True,3019.03,0.0,TP,True,3015.53,0.25,TP,True,3019.03,0.0,TP,False,,,NO_ENTRY,False,,,NO_ENTRY,False,,,NO_ENTRY,246.9,35.3,232.3,70.3,246.9,35.3,,,,,,
3045,2990.83,SELL,WICK_H4,H4,2025-04-09 04:00:00,1,0.5,2025-04-09 04:30:00,2994.33,35.0,197.2,3.25,,,,,,330.0,True,True,2994.33,0.0,SL,False,,,NO_ENTRY,False,,,NO_ENTRY,False,,,NO_ENTRY,False,,,NO_ENTRY,False,,,NO_ENTRY,59.6,260.5,,,,,,,,,,
3047,3014.05,SELL,WICK_H4,H4,2025-04-09 08:00:00,1,0.25,2025-04-09 08:15:00,3017.55,35.0,347.2,1.75,,0.0,,,,339.95,True,True,3017.55,0.0,SL,False,,,NO_ENTRY,True,3017.55,0.0,SL,False,,,NO_ENTRY,False,,,NO_ENTRY,False,,,NO_ENTRY,56.1,347.2,,,56.1,347.2,,,,,,
3049,3052.27,SELL,WICK_H4,H4,2025-04-09 12:00:00,1,2.5,2025-04-09 14:30:00,3055.77,35.0,171.3,0.5,1.0,0.75,1.0,,,342.21,True,True,3055.77,0.0,SL,True,3052.27,1.0,SL,True,3055.77,0.75,SL,False,,,NO_ENTRY,False,,,NO_ENTRY,False,,,NO_ENTRY,132.6,319.1,97.6,384.8,132.6,349.8,,,,,,
3051,3072.9,SELL,WICK_H4,H4,2025-04-09 16:00:00,1,0.75,2025-04-09 16:45:00,3076.4,35.0,183.6,3.0,1.0,0.0,0.0,,,351.71,True,True,3076.4,0.0,SL,True,3072.9,1.0,SL,True,3076.4,0.0,SL,False,,,NO_ENTRY,False,,,NO_ENTRY,False,,,NO_ENTRY,256.3,226.2,243.5,261.2,256.3,226.2,,,,,,
3053,3094.76,SELL,WICK_H4,H4,2025-04-09 20:00:00,1,0.25,2025-04-09 20:15:00,3098.26,35.0,13.2,2.5,0.0,0.0,0.0,0.0,0.0,363.04,True,True,3098.26,0.0,TP,True,3094.76,0.0,SL,True,3098.26,0.0,TP,False,,,NO_ENTRY,True,3059.94,0.0,SL,False,,,NO_ENTRY,497.1,13.2,462.1,48.2,497.1,13.2,,,113.9,396.4,,
3056,3101.18,SELL,WICK_H4,H4,2025-04-10 04:00:00,1,1.25,2025-04-10 05:15:00,3104.68,35.0,271.0,1.0,,,,,,371.2,True,True,3104.68,0.0,SL,False,,,NO_ENTRY,False,,,NO_ENTRY,False,,,NO_ENTRY,False,,,NO_ENTRY,False,,,NO_ENTRY,-2.4,277.3,,,,,,,,,,
3061,3133.54,SELL,WICK_H4,H4,2025-04-10 16:00:00,2,1.25,2025-04-10 17:15:00,3137.04,35.0,379.0,1.25,,,,,,376.49,True,True,3137.04,0.0,SL,False,,,NO_ENTRY,False,,,NO_ENTRY,False,,,NO_ENTRY,False,,,NO_ENTRY,False,,,NO_ENTRY,-40.3,379.0,,,,,,,,,,
3063,3174.94,SELL,WICK_H4,H4,2025-04-10 20:00:00,3,5.0,2025-04-11 01:00:00,3178.44,35.0,394.1,2.5,,,,,,371.55,True,True,3178.44,0.0,SL,False,,,NO_ENTRY,False,,,NO_ENTRY,False,,,NO_ENTRY,False,,,NO_ENTRY,False,,,NO_ENTRY,30.5,409.7,,,,,,,,,,
3069,3227.29,SELL,WICK_H4,H4,2025-04-11 12:00:00,1,1.0,2025-04-11 13:00:00,3230.79,35.0,69.0,0.0,0.5,0.25,0.5,0.75,,355.55,True,True,3230.79,0.0,SL,True,3227.29,0.5,TP,True,3230.79,0.25,SL,False,,,NO_ENTRY,False,,,NO_ENTRY,False,,,NO_ENTRY,207.0,132.6,172.0,167.6,207.0,132.6,,,,,,
3071,3237.69,SELL,WICK_H4,H4,2025-04-11 16:00:00,3,2.75,2025-04-11 18:45:00,3241.19,35.0,40.4,0.25,0.5,0.0,0.75,1.0,,348.52,True,True,3241.19,0.0,SL,True,3237.69,0.5,SL,True,3241.19,0.0,SL,False,,,NO_ENTRY,False,,,NO_ENTRY,False,,,NO_ENTRY,215.0,40.4,180.0,64.1,215.0,40.4,,,,,,
3075,3228.7,SELL,WICK_H4,H4,2025-04-14 04:00:00,1,0.5,2025-04-14 04:30:00,3232.2,35.0,133.3,0.5,3.25,1.25,,,,329.34,True,True,3232.2,0.0,SL,True,3228.7,3.25,SL,True,3232.2,1.25,SL,False,,,NO_ENTRY,False,,,NO_ENTRY,False,,,NO_ENTRY,109.3,133.3,123.2,93.2,109.3,58.2,,,,,,
3087,3215.11,SELL,WICK_H4,H4,2025-04-15 04:00:00,1,0.25,2025-04-15 04:15:00,3218.61,35.0,139.4,3.5,,,,,,279.79,True,True,3218.61,0.0,SL,False,,,NO_ENTRY,False,,,NO_ENTRY,True,3227.52,7.75,TP,True,3222.18,4.25,SL,False,,,NO_ENTRY,17.9,139.4,,,,,133.2,24.5,49.7,98.5,,
3092,3226.84,SELL,WICK_H4,H4,2025-04-15 20:00:00,1,0.75,2025-04-15 20:45:00,3230.34,35.0,32.0,2.25,0.25,0.0,,,,245.79,True,True,3230.34,0.0,SL,True,3226.84,0.25,SL,True,3230.34,0.0,SL,False,,,NO_ENTRY,False,,,NO_ENTRY,False,,,NO_ENTRY,48.1,116.4,13.1,151.4,48.1,116.4,,,,,,
3094,3233.54,SELL,WICK_H4,H4,2025-04-16 00:00:00,1,1.5,2025-04-16 01:30:00,3237.04,35.0,308.3,2.25,,,,,,255.81,True,True,3237.04,0.0,SL,False,,,NO_ENTRY,False,,,NO_ENTRY,False,,,NO_ENTRY,False,,,NO_ENTRY,False,,,NO_ENTRY,29.0,382.1,,,,,,,,,,
3095,3267.87,SELL,WICK_H4,H4,2025-04-16 04:00:00,1,0.25,2025-04-16 04:15:00,3271.37,35.0,160.4,3.5,0.0,0.0,0.0,0.25,,260.08,True,True,3271.37,0.0,TP,True,3267.87,0.0,SL,True,3271.37,0.0,TP,False,,,NO_ENTRY,False,,,NO_ENTRY,False,,,NO_ENTRY,155.1,191.5,120.1,226.5,155.1,191.5,,,,,,
3096,3287.41,SELL,WICK_H4,H4,2025-04-16 08:00:00,1,0.5,2025-04-16 08:30:00,3290.91,35.0,267.5,2.75,,0.0,,,,265.84,True,True,3290.91,0.0,SL,False,,,NO_ENTRY,True,3290.91,0.0,SL,False,,,NO_ENTRY,False,,,NO_ENTRY,False,,,NO_ENTRY,50.1,267.5,,,50.1,267.5,,,,,,
3099,3313.52,SELL,WICK_H4,H4,2025-04-16 16:00:00,1,1.0,2025-04-16 17:00:00,3317.02,35.0,158.5,2.25,0.0,0.0,0.0,,,268.59,True,True,3317.02,0.0,TP,True,3313.52,0.0,SL,True,3317.02,0.0,TP,False,,,NO_ENTRY,False,,,NO_ENTRY,True,3313.52,1.25,SL,118.8,158.5,83.8,193.5,118.8,158.5,,,,,49.2,288.7
3101,3332.87,SELL,WICK_H4,H4,2025-04-16 20:00:00,1,1.5,2025-04-16 21:30:00,3336.37,35.0,210.8,3.75,,1.5,,,,262.75,True,True,3336.37,0.0,SL,False,,,NO_ENTRY,True,3336.37,1.5,SL,False,,,NO_ENTRY,True,3345.27,5.5,SL,False,,,NO_ENTRY,19.8,210.8,,,19.8,210.8,,,245.8,108.4,,
3113,3328.57,SELL,WICK_H4,H4,2025-04-18 00:00:00,1,73.25,2025-04-21 01:15:00,3332.07,35.0,383.8,2.25,,,,,,283.71,True,True,3332.07,0.0,SL,False,,,NO_ENTRY,False,,,NO_ENTRY,False,,,NO_ENTRY,False,,,NO_ENTRY,False,,,NO_ENTRY,-57.6,503.5,,,,,,,,,,
3115,3370.45,SELL,WICK_H4,H4,2025-04-21 04:00:00,1,0.25,2025-04-21 04:15:00,3373.95,35.0,111.8,1.75,,0.0,,,,276.3,True,True,3373.95,0.0,SL,False,,,NO_ENTRY,True,3373.95,0.0,SL,False,,,NO_ENTRY,True,3373.83,2.75,SL,False,,,NO_ENTRY,68.2,117.0,,,68.2,117.0,,,44.1,220.4,,
3117,3385.13,SELL,WICK_H4,H4,2025-04-21 08:00:00,2,1.0,2025-04-21 09:00:00,3388.63,35.0,72.4,1.25,1.75,0.0,1.75,,,271.07,True,True,3388.63,0.0,SL,True,3385.13,1.75,SL,True,3388.63,0.0,SL,False,,,NO_ENTRY,False,,,NO_ENTRY,False,,,NO_ENTRY,69.7,83.1,34.7,206.7,69.7,83.1,,,,,,
3119,3395.87,SELL,WICK_H4,H4,2025-04-21 12:00:00,3,2.75,2025-04-21 14:45:00,3399.37,35.0,307.7,2.25,,0.5,,,,272.63,True,True,3399.37,0.0,SL,False,,,NO_ENTRY,True,3399.37,0.5,SL,True,3414.49,5.25,SL,False,,,NO_ENTRY,False,,,NO_ENTRY,15.3,307.7,,,15.3,307.7,85.2,187.5,,,,
3123,3430.45,SELL,WICK_H4,H4,2025-04-22 00:00:00,1,1.25,2025-04-22 01:15:00,3433.95,35.0,102.8,1.25,0.25,0.0,1.75,1.75,,273.1,True,True,3433.95,0.0,SL,True,3430.45,0.25,SL,True,3433.95,0.0,SL,False,,,NO_ENTRY,True,3417.33,1.75,SL,False,,,NO_ENTRY,221.5,237.3,186.5,382.9,221.5,237.3,,,55.3,773.3,,
3125,3444.23,SELL,WICK_H4,H4,2025-04-22 04:00:00,1,0.75,2025-04-22 04:45:00,3447.73,35.0,469.3,1.75,,,,,,305.84,True,True,3447.73,0.0,SL,False,,,NO_ENTRY,False,,,NO_ENTRY,False,,,NO_ENTRY,False,,,NO_ENTRY,False,,,NO_ENTRY,54.9,477.3,,,,,,,,,,
3127,3494.66,SELL,WICK_H4,H4,2025-04-22 08:00:00,1,1.0,2025-04-22 09:00:00,3498.16,35.0,17.4,0.25,0.25,0.0,0.0,0.5,1.0,324.56,True,True,3498.16,0.0,TP,True,3494.66,0.25,SL,True,3498.16,0.0,TP,False,,,NO_ENTRY,True,3461.93,1.0,SL,False,,,NO_ENTRY,550.5,17.4,515.5,52.4,550.5,17.4,,,188.2,185.9,,
3136,3370.81,SELL,WICK_H4,H4,2025-04-23 04:00:00,1,0.25,2025-04-23 04:15:00,3374.31,35.0,120.9,0.5,0.0,0.0,0.25,1.5,1.75,404.96,True,True,3374.31,0.0,SL,True,3370.81,0.0,SL,True,3374.31,0.0,SL,False,,,NO_ENTRY,True,3354.02,1.5,TP,False,,,NO_ENTRY,454.3,120.9,419.3,155.9,454.3,120.9,,,624.6,95.8,,
3145,3301.41,SELL,WICK_H4,H4,2025-04-24 00:00:00,1,1.25,2025-04-24 01:15:00,3304.91,35.0,340.1,2.25,,,,,,412.52,True,True,3304.91,0.0,SL,False,,,NO_ENTRY,False,,,NO_ENTRY,False,,,NO_ENTRY,False,,,NO_ENTRY,False,,,NO_ENTRY,-2.8,623.3,,,,,,,,,,
3147,3338.92,SELL,WICK_H4,H4,2025-04-24 04:00:00,1,0.25,2025-04-24 04:15:00,3342.42,35.0,248.2,0.25,1.75,1.25,1.75,2.25,,416.41,True,True,3342.42,0.0,SL,True,3338.92,1.75,SL,True,3342.42,1.25,SL,False,,,NO_ENTRY,False,,,NO_ENTRY,False,,,NO_ENTRY,218.7,248.2,242.6,36.2,277.6,131.3,,,,,,
3152,3344.62,SELL,WICK_H4,H4,2025-04-24 16:00:00,2,7.75,2025-04-24 23:45:00,3348.12,35.0,226.4,1.75,,,,,,370.64,True,True,3348.12,0.0,SL,False,,,NO_ENTRY,False,,,NO_ENTRY,False,,,NO_ENTRY,False,,,NO_ENTRY,False,,,NO_ENTRY,54.1,226.4,,,,,,,,,,
3162,3308.68,SELL,WICK_H4,H4,2025-04-25 16:00:00,2,7.5,2025-04-25 23:30:00,3312.18,35.0,243.5,49.5,50.75,50.0,50.75,,,355.09,True,True,3312.18,0.0,SL,True,3308.68,50.75,SL,True,3312.18,50.0,SL,True,3313.9,52.5,TP,False,,,NO_ENTRY,True,3308.68,51.0,TP,333.0,243.5,408.3,71.0,443.3,58.6,460.5,12.1,,,408.3,71.0
3171,3302.19,SELL,WICK_H4,H4,2025-04-28 16:00:00,1,1.5,2025-04-28 17:30:00,3305.69,35.0,334.4,2.0,,,,,,363.39,True,True,3305.69,0.0,SL,False,,,NO_ENTRY,False,,,NO_ENTRY,False,,,NO_ENTRY,False,,,NO_ENTRY,False,,,NO_ENTRY,-49.0,440.4,,,,,,,,,,
3173,3339.13,SELL,WICK_H4,H4,2025-04-28 20:00:00,2,1.25,2025-04-28 21:15:00,3342.63,35.0,102.1,1.5,,,,,,351.62,True,True,3342.63,0.0,SL,False,,,NO_ENTRY,False,,,NO_ENTRY,False,,,NO_ENTRY,True,3343.92,2.5,SL,False,,,NO_ENTRY,106.7,102.1,,,,,,,212.1,45.1,,
3183,3315.93,SELL,WICK_H4,H4,2025-04-29 16:00:00,1,0.5,2025-04-29 16:30:00,3319.43,35.0,104.8,3.25,0.0,0.0,0.0,0.25,,317.02,True,True,3319.43,0.0,TP,True,3315.93,0.0,SL,True,3319.43,0.0,TP,True,3314.21,7.5,SL,True,3317.01,7.25,SL,True,3315.93,1.5,TP,198.8,104.8,163.8,139.8,198.8,104.8,83.7,137.4,93.2,109.4,107.8,139.8
3193,3304.66,SELL,WICK_H4,H4,2025-04-30 16:00:00,1,0.25,2025-04-30 16:15:00,3308.16,35.0,115.1,0.25,0.0,0.0,0.0,1.25,,298.04,True,True,3308.16,0.0,SL,True,3304.66,0.0,SL,True,3308.16,0.0,SL,False,,,NO_ENTRY,False,,,NO_ENTRY,False,,,NO_ENTRY,153.3,115.1,118.3,150.1,153.3,115.1,,,,,,
3206,3233.16,SELL,WICK_H4,H4,2025-05-01 20:00:00,1,3.25,2025-05-01 23:15:00,3236.66,35.0,30.7,0.5,0.0,0.0,,,,304.25,True,True,3236.66,0.0,SL,True,3233.16,0.0,SL,True,3236.66,0.0,SL,False,,,NO_ENTRY,False,,,NO_ENTRY,False,,,NO_ENTRY,93.1,75.9,58.1,110.9,93.1,75.9,,,,,,
3208,3239.73,SELL,WICK_H4,H4,2025-05-02 00:00:00,3,3.25,2025-05-02 03:15:00,3243.23,35.0,10.2,0.25,0.5,0.25,0.5,0.5,,294.59,True,True,3243.23,0.0,TP,True,3239.73,0.5,TP,True,3243.23,0.25,TP,False,,,NO_ENTRY,True,3231.0,0.5,SL,False,,,NO_ENTRY,158.8,153.4,123.8,188.4,158.8,153.4,,,36.5,275.7,,
3210,3244.25,SELL,WICK_H4,H4,2025-05-02 04:00:00,1,1.5,2025-05-02 05:30:00,3247.75,35.0,108.2,1.25,,0.0,,,,293.24,True,True,3247.75,0.0,SL,False,,,NO_ENTRY,True,3247.75,0.0,SL,False,,,NO_ENTRY,False,,,NO_ENTRY,False,,,NO_ENTRY,44.1,145.0,,,44.1,145.0,,,,,,
3213,3263.22,SELL,WICK_H4,H4,2025-05-02 12:00:00,1,0.75,2025-05-02 12:45:00,3266.72,35.0,24.2,2.0,0.25,0.0,0.25,2.75,,277.61,True,True,3266.72,0.0,TP,True,3263.22,0.25,SL,True,3266.72,0.0,TP,False,,,NO_ENTRY,True,3255.96,2.75,SL,True,3263.22,0.5,SL,273.7,24.2,238.7,59.2,273.7,24.2,,,314.2,84.7,238.7,59.2
3218,3252.27,SELL,WICK_H4,H4,2025-05-05 04:00:00,1,0.25,2025-05-05 04:15:00,3255.77,35.0,165.2,1.5,,2.25,,,,269.5,True,True,3255.77,0.0,SL,False,,,NO_ENTRY,True,3255.77,2.25,SL,False,,,NO_ENTRY,True,3259.42,2.0,SL,False,,,NO_ENTRY,29.3,165.2,,,29.3,101.9,,,65.8,62.2,,
3220,3272.29,SELL,WICK_H4,H4,2025-05-05 08:00:00,1,3.5,2025-05-05 11:30:00,3275.79,35.0,466.3,4.25,,,,,,270.86,True,True,3275.79,0.0,SL,False,,,NO_ENTRY,False,,,NO_ENTRY,False,,,NO_ENTRY,False,,,NO_ENTRY,False,,,NO_ENTRY,58.6,451.1,,,,,,,,,,
3223,3328.65,SELL,WICK_H4,H4,2025-05-05 20:00:00,1,2.5,2025-05-05 22:30:00,3332.15,35.0,53.4,0.0,,0.25,,,,277.43,True,True,3332.15,0.0,SL,False,,,NO_ENTRY,True,3332.15,0.25,SL,False,,,NO_ENTRY,False,,,NO_ENTRY,False,,,NO_ENTRY,85.6,56.3,,,94.7,56.3,,,,,,
3226,3337.78,SELL,WICK_H4,H4,2025-05-06 04:00:00,1,0.25,2025-05-06 04:15:00,3341.28,35.0,456.7,1.0,,,,,,290.25,True,True,3341.28,0.0,SL,False,,,NO_ENTRY,False,,,NO_ENTRY,False,,,NO_ENTRY,False,,,NO_ENTRY,False,,,NO_ENTRY,-110.1,456.7,,,,,,,,,,
3229,3383.05,SELL,WICK_H4,H4,2025-05-06 12:00:00,3,3.75,2025-05-06 15:45:00,3386.55,35.0,249.5,4.0,1.75,1.5,1.75,,,287.08,True,True,3386.55,0.0,SL,True,3383.05,1.75,SL,True,3386.55,1.5,SL,False,,,NO_ENTRY,True,3383.86,1.5,SL,False,,,NO_ENTRY,84.2,249.5,49.2,346.6,84.2,311.6,,,57.3,338.5,,
3232,3411.5,SELL,WICK_H4,H4,2025-05-06 20:00:00,1,0.25,2025-05-06 20:15:00,3415.0,35.0,199.1,3.5,,0.0,,,,289.37,True,True,3415.0,0.0,SL,False,,,NO_ENTRY,True,3415.0,0.0,SL,False,,,NO_ENTRY,False,,,NO_ENTRY,False,,,NO_ENTRY,309.9,227.6,,,309.9,227.6,,,,,,
3245,3386.78,SELL,WICK_H4,H4,2025-05-08 04:00:00,1,0.25,2025-05-08 04:15:00,3390.28,35.0,243.6,0.75,3.5,0.0,3.5,,,305.02,True,True,3390.28,0.0,SL,True,3386.78,3.5,SL,True,3390.28,0.0,SL,False,,,NO_ENTRY,False,,,NO_ENTRY,False,,,NO_ENTRY,196.3,243.6,666.1,27.8,196.3,243.6,,,,,,
3250,3358.47,SELL,WICK_H4,H4,2025-05-08 16:00:00,1,0.25,2025-05-08 16:15:00,3361.97,35.0,75.2,0.25,0.5,0.0,0.75,2.0,2.5,348.9,True,True,3361.97,0.0,SL,True,3358.47,0.5,SL,True,3361.97,0.0,SL,False,,,NO_ENTRY,True,3346.84,2.0,SL,False,,,NO_ENTRY,637.3,75.2,606.9,65.6,637.3,75.2,,,581.6,131.8,,
3260,3338.26,SELL,WICK_H4,H4,2025-05-09 16:00:00,2,2.0,2025-05-09 18:00:00,3341.76,35.0,56.4,1.25,1.75,0.0,,,,316.67,True,True,3341.76,0.0,SL,True,3338.26,1.75,SL,True,3341.76,0.0,SL,False,,,NO_ENTRY,False,,,NO_ENTRY,False,,,NO_ENTRY,82.3,56.4,134.5,45.3,82.3,56.4,,,,,,
3273,3238.72,SELL,WICK_H4,H4,2025-05-13 00:00:00,2,3.0,2025-05-13 03:00:00,3242.22,35.0,9.4,0.0,0.25,0.0,0.5,,,310.87,True,True,3242.22,0.0,TP,True,3238.72,0.25,SL,True,3242.22,0.0,TP,False,,,NO_ENTRY,False,,,NO_ENTRY,False,,,NO_ENTRY,265.4,10.6,230.4,45.6,265.4,10.6,,,,,,
3275,3243.16,SELL,WICK_H4,H4,2025-05-13 04:00:00,2,3.75,2025-05-13 07:45:00,3246.66,35.0,187.8,2.0,,,,,,315.65,True,True,3246.66,0.0,SL,False,,,NO_ENTRY,False,,,NO_ENTRY,False,,,NO_ENTRY,True,3253.99,3.5,SL,False,,,NO_ENTRY,5.9,187.8,,,,,,,167.9,55.1,,
3298,3164.11,SELL,WICK_H4,H4,2025-05-15 12:00:00,1,0.25,2025-05-15 12:15:00,3167.61,35.0,843.4,13.5,,0.0,,,,306.18,True,True,3167.61,0.0,SL,False,,,NO_ENTRY,True,3167.61,0.0,SL,False,,,NO_ENTRY,False,,,NO_ENTRY,False,,,NO_ENTRY,35.5,321.8,,,35.5,321.8,,,,,,
3308,3212.81,SELL,WICK_H4,H4,2025-05-16 16:00:00,1,57.25,2025-05-19 01:15:00,3216.31,35.0,334.0,2.0,,,,,,324.4,True,True,3216.31,0.0,SL,False,,,NO_ENTRY,False,,,NO_ENTRY,False,,,NO_ENTRY,False,,,NO_ENTRY,False,,,NO_ENTRY,17.8,334.0,,,,,,,,,,
3321,3232.62,SELL,WICK_H4,H4,2025-05-20 08:00:00,1,4.0,2025-05-20 12:00:00,3236.12,35.0,145.2,3.5,,0.0,,,,281.66,True,True,3236.12,0.0,SL,False,,,NO_ENTRY,True,3236.12,0.0,SL,False,,,NO_ENTRY,False,,,NO_ENTRY,False,,,NO_ENTRY,56.7,145.2,,,56.7,145.2,,,,,,
3324,3250.64,SELL,WICK_H4,H4,2025-05-20 16:00:00,1,1.0,2025-05-20 17:00:00,3254.14,35.0,314.9,0.25,,,,,,299.35,True,True,3254.14,0.0,SL,False,,,NO_ENTRY,False,,,NO_ENTRY,False,,,NO_ENTRY,False,,,NO_ENTRY,False,,,NO_ENTRY,-64.9,335.9,,,,,,,,,,
3326,3285.63,SELL,WICK_H4,H4,2025-05-20 20:00:00,1,1.25,2025-05-20 21:15:00,3289.13,35.0,64.6,1.75,,0.0,,,,290.4,True,True,3289.13,0.0,SL,False,,,NO_ENTRY,True,3289.13,0.0,SL,False,,,NO_ENTRY,False,,,NO_ENTRY,False,,,NO_ENTRY,51.0,147.9,,,51.0,147.9,,,,,,
3328,3295.59,SELL,WICK_H4,H4,2025-05-21 00:00:00,1,1.25,2025-05-21 01:15:00,3299.09,35.0,155.2,2.75,0.25,0.0,0.75,,,280.88,True,True,3299.09,0.0,TP,True,3295.59,0.25,SL,True,3299.09,0.0,TP,True,3301.99,6.75,SL,False,,,NO_ENTRY,True,3295.59,3.25,SL,138.4,155.2,103.4,190.2,138.4,155.2,36.4,184.5,,,91.0,175.5
3330,3314.61,SELL,WICK_H4,H4,2025-05-21 08:00:00,1,1.25,2025-05-21 09:15:00,3318.11,35.0,23.3,0.5,0.75,0.75,0.75,1.75,,277.44,True,True,3318.11,0.0,TP,True,3314.61,0.75,SL,True,3318.11,0.75,TP,False,,,NO_ENTRY,False,,,NO_ENTRY,True,3314.61,1.5,TP,142.7,23.3,107.7,53.6,142.7,18.6,,,,,107.7,35.7
3336,3315.1,SELL,WICK_H4,H4,2025-05-21 20:00:00,3,2.0,2025-05-21 22:00:00,3318.6,35.0,61.9,0.25,,0.75,,,,268.14,True,True,3318.6,0.0,SL,False,,,NO_ENTRY,True,3318.6,0.75,SL,False,,,NO_ENTRY,False,,,NO_ENTRY,False,,,NO_ENTRY,55.0,74.7,,,55.0,74.7,,,,,,
3339,3326.07,SELL,WICK_H4,H4,2025-05-22 04:00:00,1,0.25,2025-05-22 04:15:00,3329.57,35.0,157.7,2.0,,,,,,256.32,True,True,3329.57,0.0,SL,False,,,NO_ENTRY,False,,,NO_ENTRY,False,,,NO_ENTRY,False,,,NO_ENTRY,False,,,NO_ENTRY,40.0,157.7,,,,,,,,,,
3348,3308.78,SELL,WICK_H4,H4,2025-05-23 04:00:00,1,3.5,2025-05-23 07:30:00,3312.28,35.0,38.0,0.25,,,,,,256.96,True,True,3312.28,0.0,SL,False,,,NO_ENTRY,False,,,NO_ENTRY,False,,,NO_ENTRY,False,,,NO_ENTRY,False,,,NO_ENTRY,5.0,220.7,,,,,,,,,,
3350,3316.08,SELL,WICK_H4,H4,2025-05-23 08:00:00,1,0.25,2025-05-23 08:15:00,3319.58,35.0,147.7,2.5,,0.25,,,,254.26,True,True,3319.58,0.0,SL,False,,,NO_ENTRY,True,3319.58,0.25,SL,False,,,NO_ENTRY,False,,,NO_ENTRY,False,,,NO_ENTRY,31.7,147.7,,,31.7,147.7,,,,,,
3352,3334.35,SELL,WICK_H4,H4,2025-05-23 12:00:00,1,2.75,2025-05-23 14:45:00,3337.85,35.0,225.2,0.75,,,0.0,,,262.52,True,True,3337.85,0.0,SL,False,,,NO_ENTRY,False,,,NO_ENTRY,False,,,NO_ENTRY,False,,,NO_ENTRY,False,,,NO_ENTRY,75.1,268.1,,,,,,,,,,
3353,3360.37,SELL,WICK_H4,H4,2025-05-23 16:00:00,2,3.75,2025-05-23 19:45:00,3363.87,35.0,5.4,0.0,0.0,0.0,,,,263.85,True,True,3363.87,0.0,TP,True,3360.37,0.0,SL,True,3363.87,0.0,TP,False,,,NO_ENTRY,False,,,NO_ENTRY,False,,,NO_ENTRY,78.4,19.7,43.4,54.7,78.4,19.7,,,,,,
3365,3343.53,SELL,WICK_H4,H4,2025-05-26 20:00:00,1,5.5,2025-05-27 01:30:00,3347.03,35.0,28.5,1.75,,0.5,,,,205.3,True,True,3347.03,0.0,SL,False,,,NO_ENTRY,True,3347.03,0.5,SL,False,,,NO_ENTRY,False,,,NO_ENTRY,False,,,NO_ENTRY,152.8,28.5,,,152.8,28.5,,,,,,
3375,3307.93,SELL,WICK_H4,H4,2025-05-28 00:00:00,1,3.0,2025-05-28 03:00:00,3311.43,35.0,42.1,0.5,,0.0,,,,206.69,True,True,3311.43,0.0,SL,False,,,NO_ENTRY,True,3311.43,0.0,SL,False,,,NO_ENTRY,False,,,NO_ENTRY,False,,,NO_ENTRY,198.9,42.1,,,198.9,42.1,,,,,,
3378,3313.63,SELL,WICK_H4,H4,2025-05-28 08:00:00,1,2.75,2025-05-28 10:45:00,3317.13,35.0,65.6,0.5,,,,,,212.73,True,True,3317.13,0.0,SL,False,,,NO_ENTRY,False,,,NO_ENTRY,False,,,NO_ENTRY,False,,,NO_ENTRY,False,,,NO_ENTRY,98.9,82.9,,,,,,,,,,
3389,3280.05,SELL,WICK_H4,H4,2025-05-29 08:00:00,1,2.75,2025-05-29 10:45:00,3283.55,35.0,56.5,0.25,,0.5,,,,243.35,True,True,3283.55,0.0,SL,False,,,NO_ENTRY,True,3283.55,0.5,SL,False,,,NO_ENTRY,False,,,NO_ENTRY,False,,,NO_ENTRY,74.7,218.7,,,74.7,278.0,,,,,,
3391,3289.2,SELL,WICK_H4,H4,2025-05-29 12:00:00,1,1.5,2025-05-29 13:30:00,3292.7,35.0,383.5,5.75,,,,,,255.45,True,True,3292.7,0.0,SL,False,,,NO_ENTRY,False,,,NO_ENTRY,False,,,NO_ENTRY,False,,,NO_ENTRY,False,,,NO_ENTRY,-26.3,291.8,,,,,,,,,,
3408,3295.71,SELL,WICK_H4,H4,2025-05-31 00:00:00,1,49.25,2025-06-02 01:15:00,3299.21,35.0,174.0,0.75,,,,,,236.43,True,True,3299.21,0.0,SL,False,,,NO_ENTRY,False,,,NO_ENTRY,False,,,NO_ENTRY,True,3307.32,2.25,SL,False,,,NO_ENTRY,-6.0,174.0,,,,,,,60.3,82.6,,
3411,3318.12,SELL,WICK_H4,H4,2025-06-02 08:00:00,1,0.5,2025-06-02 08:30:00,3321.62,35.0,372.9,2.0,,,,,,247.29,True,True,3321.62,0.0,SL,False,,,NO_ENTRY,False,,,NO_ENTRY,False,,,NO_ENTRY,False,,,NO_ENTRY,False,,,NO_ENTRY,51.3,372.9,,,,,,,,,,
3413,3358.91,SELL,WICK_H4,H4,2025-06-02 12:00:00,2,3.25,2025-06-02 15:15:00,3362.41,35.0,11.1,0.25,0.5,0.0,0.5,,,243.35,True,True,3362.41,0.0,TP,True,3358.91,0.5,SL,True,3362.41,0.0,TP,False,,,NO_ENTRY,False,,,NO_ENTRY,False,,,NO_ENTRY,121.9,167.8,86.9,202.8,121.9,167.8,,,,,,
3414,3363.52,SELL,WICK_H4,H4,2025-06-02 16:00:00,1,0.75,2025-06-02 16:45:00,3367.02,35.0,121.7,2.25,,,,,,246.66,True,True,3367.02,0.0,SL,False,,,NO_ENTRY,False,,,NO_ENTRY,False,,,NO_ENTRY,False,,,NO_ENTRY,False,,,NO_ENTRY,21.8,121.7,,,,,,,,,,
3416,3379.19,SELL,WICK_H4,H4,2025-06-02 20:00:00,1,3.75,2025-06-02 23:45:00,3382.69,35.0,93.3,2.5,3.75,0.0,3.5,,,237.75,True,True,3382.69,0.0,SL,True,3379.19,3.75,TP,True,3382.69,0.0,SL,True,3375.71,4.25,TP,True,3376.97,3.75,TP,True,3379.19,4.0,TP,195.7,93.3,200.7,22.4,195.7,93.3,165.9,22.1,178.5,44.6,200.7,-3.5
3428,3355.39,SELL,WICK_H4,H4,2025-06-04 00:00:00,1,2.0,2025-06-04 02:00:00,3358.89,35.0,26.2,0.25,1.0,0.25,1.0,,,208.29,True,True,3358.89,0.0,SL,True,3355.39,1.0,SL,True,3358.89,0.25,SL,False,,,NO_ENTRY,True,3350.16,1.75,SL,True,3355.39,1.75,SL,125.3,136.4,90.3,171.4,125.3,136.4,,,38.0,223.7,90.3,171.4
3429,3361.51,SELL,WICK_H4,H4,2025-06-04 04:00:00,1,0.5,2025-06-04 04:30:00,3365.01,35.0,75.2,0.5,2.0,1.5,2.25,3.0,,212.11,True,True,3365.01,0.0,SL,True,3361.51,2.0,SL,True,3365.01,1.5,TP,False,,,NO_ENTRY,True,3360.28,2.0,TP,True,3361.51,2.25,TP,171.7,75.2,136.7,43.8,171.7,23.6,,,124.4,56.1,136.7,35.4
3434,3364.87,SELL,WICK_H4,H4,2025-06-04 16:00:00,1,1.25,2025-06-04 17:15:00,3368.37,35.0,162.2,0.25,,,,,,218.69,True,True,3368.37,0.0,SL,False,,,NO_ENTRY,False,,,NO_ENTRY,False,,,NO_ENTRY,False,,,NO_ENTRY,False,,,NO_ENTRY,45.5,162.2,,,,,,,,,,
3443,3376.82,SELL,WICK_H4,H4,2025-06-05 12:00:00,1,0.25,2025-06-05 12:15:00,3380.32,35.0,229.1,2.0,,,,,,206.32,True,True,3380.32,0.0,SL,False,,,NO_ENTRY,False,,,NO_ENTRY,False,,,NO_ENTRY,False,,,NO_ENTRY,False,,,NO_ENTRY,92.0,229.1,,,,,,,,,,
3450,3363.97,SELL,WICK_H4,H4,2025-06-06 04:00:00,1,0.5,2025-06-06 04:30:00,3367.47,35.0,80.3,3.5,0.0,0.0,0.0,5.25,,209.84,True,True,3367.47,0.0,SL,True,3363.97,0.0,SL,True,3367.47,0.0,SL,True,3365.29,7.5,TP,True,3358.31,5.0,SL,True,3363.97,1.5,SL,81.5,80.3,46.5,115.3,81.5,80.3,218.8,0.1,55.5,93.3,80.4,115.3
3461,3313.34,SELL,WICK_H4,H4,2025-06-09 08:00:00,1,1.0,2025-06-09 09:00:00,3316.84,35.0,116.2,1.25,,0.0,,,,222.07,True,True,3316.84,0.0,SL,False,,,NO_ENTRY,True,3316.84,0.0,SL,False,,,NO_ENTRY,False,,,NO_ENTRY,False,,,NO_ENTRY,45.0,116.2,,,45.0,116.2,,,,,,
3465,3323.34,SELL,WICK_H4,H4,2025-06-09 16:00:00,2,2.25,2025-06-09 18:15:00,3326.84,35.0,112.3,1.75,7.25,4.75,7.5,9.25,,218.36,True,True,3326.84,0.0,SL,True,3323.34,7.25,SL,True,3326.84,4.75,SL,True,3325.39,5.75,TP,True,3331.25,4.0,TP,False,,,NO_ENTRY,36.9,112.3,215.8,44.5,149.5,25.4,226.4,24.0,121.2,30.3,,
3470,3319.82,SELL,WICK_H4,H4,2025-06-10 08:00:00,1,1.25,2025-06-10 09:15:00,3323.32,35.0,114.7,2.0,,,,,,210.21,True,True,3323.32,0.0,SL,False,,,NO_ENTRY,False,,,NO_ENTRY,False,,,NO_ENTRY,False,,,NO_ENTRY,False,,,NO_ENTRY,25.8,119.7,,,,,,,,,,
3472,3334.79,SELL,WICK_H4,H4,2025-06-10 12:00:00,1,2.0,2025-06-10 14:00:00,3338.29,35.0,41.8,0.5,0.75,0.5,0.75,,,206.23,True,True,3338.29,0.0,SL,True,3334.79,0.75,SL,True,3338.29,0.5,SL,False,,,NO_ENTRY,False,,,NO_ENTRY,False,,,NO_ENTRY,138.5,107.7,116.6,142.7,151.6,107.7,,,,,,
3473,3342.47,SELL,WICK_H4,H4,2025-06-10 16:00:00,1,0.5,2025-06-10 16:30:00,3345.97,35.0,30.9,0.25,0.5,0.25,0.5,0.5,1.5,212.39,True,True,3345.97,0.0,SL,True,3342.47,0.5,TP,True,3345.97,0.25,SL,False,,,NO_ENTRY,True,3325.67,1.5,SL,False,,,NO_ENTRY,261.6,30.9,226.6,11.3,261.6,30.9,,,63.7,34.6,,
3478,3335.1,SELL,WICK_H4,H4,2025-06-11 04:00:00,2,1.75,2025-06-11 05:45:00,3338.6,35.0,98.9,5.0,3.5,0.0,3.5,,,203.76,True,True,3338.6,0.0,SL,True,3335.1,3.5,SL,True,3338.6,0.0,SL,False,,,NO_ENTRY,True,3333.31,3.5,SL,False,,,NO_ENTRY,62.6,44.5,39.1,133.9,62.6,44.5,,,21.2,151.8,,
3481,3348.49,SELL,WICK_H4,H4,2025-06-11 12:00:00,1,3.75,2025-06-11 15:45:00,3351.99,35.0,36.3,0.0,0.0,0.0,0.0,0.0,,211.08,True,True,3351.99,0.0,SL,True,3348.49,0.0,SL,True,3351.99,0.0,SL,False,,,NO_ENTRY,False,,,NO_ENTRY,False,,,NO_ENTRY,240.7,36.3,205.7,71.3,240.7,36.3,,,,,,
3485,3344.56,SELL,WICK_H4,H4,2025-06-11 20:00:00,2,2.5,2025-06-11 22:30:00,3348.06,35.0,252.7,3.5,,0.25,,,,218.95,True,True,3348.06,0.0,SL,False,,,NO_ENTRY,True,3348.06,0.25,SL,False,,,NO_ENTRY,False,,,NO_ENTRY,False,,,NO_ENTRY,34.4,252.7,,,18.3,252.7,,,,,,
3488,3373.33,SELL,WICK_H4,H4,2025-06-12 04:00:00,2,1.5,2025-06-12 05:30:00,3376.83,35.0,8.7,0.25,1.25,0.25,1.5,,,212.01,True,True,3376.83,0.0,TP,True,3373.33,1.25,TP,True,3376.83,0.25,TP,False,,,NO_ENTRY,False,,,NO_ENTRY,True,3373.33,1.5,TP,117.0,8.7,347.8,23.1,117.0,8.7,,,,,347.8,23.1
3491,3375.64,SELL,WICK_H4,H4,2025-06-12 12:00:00,1,1.5,2025-06-12 13:30:00,3379.14,35.0,111.7,2.0,,1.0,1.0,,,232.41,True,True,3379.14,0.0,SL,False,,,NO_ENTRY,True,3379.14,1.0,SL,False,,,NO_ENTRY,False,,,NO_ENTRY,False,,,NO_ENTRY,60.4,196.2,,,60.4,196.2,,,,,,
3493,3390.31,SELL,WICK_H4,H4,2025-06-12 16:00:00,2,0.75,2025-06-12 16:45:00,3393.81,35.0,49.5,0.0,0.25,0.0,0.0,1.25,,230.85,True,True,3393.81,0.0,SL,True,3390.31,0.25,SL,True,3393.81,0.0,SL,False,,,NO_ENTRY,True,3383.56,3.0,SL,True,3390.31,0.75,TP,161.1,49.5,126.1,28.1,161.1,49.5,,,55.3,57.1,126.1,9.3
3496,3389.27,SELL,WICK_H4,H4,2025-06-13 00:00:00,1,3.0,2025-06-13 03:00:00,3392.77,35.0,270.7,0.75,,,,,,235.44,True,True,3392.77,0.0,SL,False,,,NO_ENTRY,False,,,NO_ENTRY,False,,,NO_ENTRY,False,,,NO_ENTRY,False,,,NO_ENTRY,11.1,515.4,,,,,,,,,,
3498,3419.84,SELL,WICK_H4,H4,2025-06-13 04:00:00,1,0.25,2025-06-13 04:15:00,3423.34,35.0,209.7,1.75,,,,,,240.39,True,True,3423.34,0.0,SL,False,,,NO_ENTRY,False,,,NO_ENTRY,False,,,NO_ENTRY,False,,,NO_ENTRY,False,,,NO_ENTRY,51.3,209.7,,,,,,,,,,
3501,3428.7,SELL,WICK_H4,H4,2025-06-13 12:00:00,1,3.75,2025-06-13 15:45:00,3432.2,35.0,145.0,0.75,2.0,1.25,1.5,3.25,,240.12,True,True,3432.2,0.0,SL,True,3428.7,2.0,SL,True,3432.2,1.25,SL,True,3429.95,4.25,SL,False,,,NO_ENTRY,False,,,NO_ENTRY,130.2,145.0,95.2,110.6,130.2,75.6,26.9,214.5,,,,
3506,3439.36,SELL,WICK_H4,H4,2025-06-14 00:00:00,1,49.25,2025-06-16 01:15:00,3442.86,35.0,82.4,2.0,2.5,2.25,1.75,,,231.48,True,True,3442.86,0.0,SL,True,3439.36,2.5,SL,True,3442.86,2.25,SL,False,,,NO_ENTRY,True,3436.19,2.5,SL,False,,,NO_ENTRY,97.8,82.4,126.2,68.7,139.2,69.9,,,94.5,100.4,,
3527,3395.95,SELL,WICK_H4,H4,2025-06-18 04:00:00,1,3.75,2025-06-18 07:45:00,3399.45,35.0,4.4,0.0,0.0,0.0,,,,221.34,True,True,3399.45,0.0,TP,True,3395.95,0.0,SL,True,3399.45,0.0,TP,False,,,NO_ENTRY,False,,,NO_ENTRY,False,,,NO_ENTRY,224.7,4.4,189.7,39.4,224.7,4.4,,,,,,
3532,3389.71,SELL,WICK_H4,H4,2025-06-18 16:00:00,1,0.25,2025-06-18 16:15:00,3393.21,35.0,34.6,0.25,0.75,0.25,0.75,1.0,,214.54,True,True,3393.21,0.0,SL,True,3389.71,0.75,SL,True,3393.21,0.25,SL,False,,,NO_ENTRY,False,,,NO_ENTRY,True,3389.71,1.5,SL,194.8,34.6,159.8,59.4,194.8,34.6,,,,,114.8,59.4
3551,3359.04,SELL,WICK_H4,H4,2025-06-20 16:00:00,1,0.75,2025-06-20 16:45:00,3362.54,35.0,118.5,0.25,,,,,,198.77,True,True,3362.54,0.0,SL,False,,,NO_ENTRY,False,,,NO_ENTRY,False,,,NO_ENTRY,False,,,NO_ENTRY,False,,,NO_ENTRY,-14.4,118.5,,,,,,,,,,
3553,3374.39,SELL,WICK_H4,H4,2025-06-20 20:00:00,1,53.25,2025-06-23 01:15:00,3377.89,35.0,78.5,0.0,1.5,0.0,0.25,1.75,,203.46,True,True,3377.89,0.0,SL,True,3374.39,1.5,TP,True,3377.89,0.0,SL,False,,,NO_ENTRY,True,3368.14,1.75,TP,False,,,NO_ENTRY,260.6,78.5,225.6,23.9,260.6,78.5,,,163.1,53.5,,
3558,3367.94,SELL,WICK_H4,H4,2025-06-23 08:00:00,4,6.25,2025-06-23 14:15:00,3371.44,35.0,104.5,0.0,1.0,0.75,1.0,1.0,,201.65,True,True,3371.44,0.0,SL,True,3367.94,1.0,TP,True,3371.44,0.75,SL,False,,,NO_ENTRY,True,3362.38,1.0,SL,False,,,NO_ENTRY,156.7,174.4,121.7,254.1,156.7,182.5,,,66.1,309.7,,
3561,3381.89,SELL,WICK_H4,H4,2025-06-23 16:00:00,1,0.75,2025-06-23 16:45:00,3385.39,35.0,79.6,2.5,0.0,0.0,0.0,0.25,,211.31,True,True,3385.39,0.0,TP,True,3381.89,0.0,SL,True,3385.39,0.0,TP,False,,,NO_ENTRY,False,,,NO_ENTRY,False,,,NO_ENTRY,155.3,79.6,120.3,114.6,155.3,79.6,,,,,,
3573,3320.29,SELL,WICK_H4,H4,2025-06-24 20:00:00,2,2.75,2025-06-24 22:45:00,3323.79,35.0,11.7,0.0,,0.0,,,,220.41,True,True,3323.79,0.0,SL,False,,,NO_ENTRY,True,3323.79,0.0,SL,False,,,NO_ENTRY,False,,,NO_ENTRY,False,,,NO_ENTRY,31.1,61.5,,,31.1,61.5,,,,,,
3575,3325.15,SELL,WICK_H4,H4,2025-06-25 00:00:00,2,3.5,2025-06-25 03:30:00,3328.65,35.0,12.9,0.0,0.0,0.0,,,,211.28,True,True,3328.65,0.0,SL,True,3325.15,0.0,SL,True,3328.65,0.0,SL,False,,,NO_ENTRY,False,,,NO_ENTRY,False,,,NO_ENTRY,45.7,64.5,10.7,99.5,45.7,64.5,,,,,,
3577,3329.94,SELL,WICK_H4,H4,2025-06-25 04:00:00,1,0.75,2025-06-25 04:45:00,3333.44,35.0,16.6,0.25,0.75,0.25,1.0,,,202.92,True,True,3333.44,0.0,SL,True,3329.94,0.75,SL,True,3333.44,0.25,SL,False,,,NO_ENTRY,True,3326.83,2.25,SL,True,3329.94,1.0,SL,77.6,16.6,42.6,36.4,77.6,16.6,,,11.5,101.1,42.6,36.4
3581,3329.41,SELL,WICK_H4,H4,2025-06-25 16:00:00,1,3.75,2025-06-25 19:45:00,3332.91,35.0,70.0,7.0,0.5,0.5,0.75,,,193.09,True,True,3332.91,0.0,SL,True,3329.41,0.5,SL,True,3332.91,0.5,SL,True,3334.18,4.25,SL,False,,,NO_ENTRY,True,3329.41,1.25,SL,82.9,29.9,47.9,64.9,82.9,29.9,50.3,57.3,,,32.4,78.0
3587,3343.05,SELL,WICK_H4,H4,2025-06-26 08:00:00,1,2.5,2025-06-26 10:30:00,3346.55,35.0,36.6,1.25,,0.0,,,,178.46,True,True,3346.55,0.0,SL,False,,,NO_ENTRY,True,3346.55,0.0,SL,False,,,NO_ENTRY,False,,,NO_ENTRY,False,,,NO_ENTRY,139.3,36.6,,,139.3,36.6,,,,,,
3603,3281.39,SELL,WICK_H4,H4,2025-06-30 04:00:00,3,4.0,2025-06-30 08:00:00,3284.89,35.0,117.6,2.25,,,,,,199.4,True,True,3284.89,0.0,SL,False,,,NO_ENTRY,False,,,NO_ENTRY,False,,,NO_ENTRY,True,3289.47,3.5,TP,False,,,NO_ENTRY,36.3,117.6,,,,,,,150.2,38.9,,
3606,3296.65,SELL,WICK_H4,H4,2025-06-30 12:00:00,2,10.0,2025-06-30 22:00:00,3300.15,35.0,92.2,0.75,,,,,,194.08,True,True,3300.15,0.0,SL,False,,,NO_ENTRY,False,,,NO_ENTRY,False,,,NO_ENTRY,False,,,NO_ENTRY,False,,,NO_ENTRY,22.4,143.2,,,,,,,,,,
3609,3309.37,SELL,WICK_H4,H4,2025-07-01 00:00:00,1,3.0,2025-07-01 03:00:00,3312.87,35.0,294.3,8.5,,0.0,,,,189.24,True,True,3312.87,0.0,SL,False,,,NO_ENTRY,True,3312.87,0.0,SL,False,,,NO_ENTRY,False,,,NO_ENTRY,False,,,NO_ENTRY,30.4,96.1,,,30.4,96.1,,,,,,
3611,3342.3,SELL,WICK_H4,H4,2025-07-01 12:00:00,1,0.5,2025-07-01 12:30:00,3345.8,35.0,120.2,3.0,,0.0,,,,184.15,True,True,3345.8,0.0,SL,False,,,NO_ENTRY,True,3345.8,0.0,SL,False,,,NO_ENTRY,False,,,NO_ENTRY,False,,,NO_ENTRY,31.8,120.2,,,31.8,120.2,,,,,,
3619,3343.79,SELL,WICK_H4,H4,2025-07-02 12:00:00,2,2.0,2025-07-02 14:00:00,3347.29,35.0,36.8,1.75,0.5,0.0,0.25,1.0,,168.47,True,True,3347.29,0.0,SL,True,3343.79,0.5,SL,True,3347.29,0.0,SL,False,,,NO_ENTRY,False,,,NO_ENTRY,False,,,NO_ENTRY,134.8,36.8,99.8,71.8,134.8,36.8,,,,,,
3621,3350.97,SELL,WICK_H4,H4,2025-07-02 16:00:00,1,5.75,2025-07-02 21:45:00,3354.47,35.0,55.6,1.25,,,,,,164.48,True,True,3354.47,0.0,SL,False,,,NO_ENTRY,False,,,NO_ENTRY,False,,,NO_ENTRY,False,,,NO_ENTRY,False,,,NO_ENTRY,58.5,113.0,,,,,,,,,,
3623,3360.03,SELL,WICK_H4,H4,2025-07-03 00:00:00,1,1.25,2025-07-03 01:15:00,3363.53,35.0,22.4,0.0,0.75,0.25,0.75,1.0,1.75,168.7,True,True,3363.53,0.0,TP,True,3360.03,0.75,TP,True,3363.53,0.25,TP,False,,,NO_ENTRY,True,3355.34,0.75,TP,False,,,NO_ENTRY,217.6,22.4,182.6,20.7,217.6,15.3,,,135.7,67.6,,
3630,3331.88,SELL,WICK_H4,H4,2025-07-04 04:00:00,3,2.5,2025-07-04 06:30:00,3335.38,35.0,95.4,2.75,,,,,,167.72,True,True,3335.38,0.0,SL,False,,,NO_ENTRY,False,,,NO_ENTRY,False,,,NO_ENTRY,True,3339.11,2.0,SL,False,,,NO_ENTRY,27.0,95.4,,,,,,,63.1,58.1,,
3642,3312.66,SELL,WICK_H4,H4,2025-07-07 16:00:00,1,1.0,2025-07-07 17:00:00,3316.16,35.0,240.8,5.75,,0.25,,,,164.68,True,True,3316.16,0.0,SL,False,,,NO_ENTRY,True,3316.16,0.25,SL,False,,,NO_ENTRY,False,,,NO_ENTRY,False,,,NO_ENTRY,30.2,195.5,,,20.2,195.5,,,,,,
3645,3340.24,SELL,WICK_H4,H4,2025-07-08 00:00:00,1,1.25,2025-07-08 01:15:00,3343.74,35.0,19.1,0.0,0.25,0.0,0.25,0.75,,161.14,True,True,3343.74,0.0,TP,True,3340.24,0.25,SL,True,3343.74,0.0,TP,False,,,NO_ENTRY,True,3334.5,1.5,SL,True,3340.24,0.75,TP,141.7,19.1,106.7,27.1,141.7,19.1,,,51.0,33.4,106.7,-2.5
3657,3297.65,SELL,WICK_H4,H4,2025-07-09 12:00:00,1,4.75,2025-07-09 16:45:00,3301.15,35.0,155.7,5.5,,0.0,0.0,,,168.25,True,True,3301.15,0.0,SL,False,,,NO_ENTRY,True,3301.15,0.0,SL,False,,,NO_ENTRY,True,3309.42,4.0,SL,False,,,NO_ENTRY,80.4,133.5,,,80.4,133.5,,,14.5,116.0,,
3661,3316.72,SELL,WICK_H4,H4,2025-07-10 00:00:00,1,1.25,2025-07-10 01:15:00,3320.22,35.0,15.2,2.25,,0.0,0.75,,,157.48,True,True,3320.22,0.0,SL,False,,,NO_ENTRY,True,3320.22,0.0,SL,False,,,NO_ENTRY,False,,,NO_ENTRY,False,,,NO_ENTRY,46.2,59.6,,,46.2,59.6,,,,,,
3663,3321.74,SELL,WICK_H4,H4,2025-07-10 04:00:00,1,0.5,2025-07-10 04:30:00,3325.24,35.0,9.4,0.0,0.5,0.0,0.5,1.75,,154.4,True,True,3325.24,0.0,TP,True,3321.74,0.5,SL,True,3325.24,0.0,TP,False,,,NO_ENTRY,True,3315.58,2.25,SL,False,,,NO_ENTRY,104.9,9.4,69.9,35.9,104.9,9.4,,,8.3,137.4,,
3664,3326.18,SELL,WICK_H4,H4,2025-07-10 08:00:00,3,4.0,2025-07-10 12:00:00,3329.68,35.0,5.0,0.0,0.5,0.0,0.5,1.25,,148.89,True,True,3329.68,0.0,TP,True,3326.18,0.5,SL,True,3329.68,0.0,TP,False,,,NO_ENTRY,True,3320.33,2.75,SL,True,3326.18,0.75,SL,119.8,5.0,84.8,39.5,119.8,5.0,,,104.1,89.5,143.9,39.5
3671,3325.85,SELL,WICK_H4,H4,2025-07-11 00:00:00,2,3.5,2025-07-11 03:30:00,3329.35,35.0,66.6,0.25,,,,,,148.88,True,True,3329.35,0.0,SL,False,,,NO_ENTRY,False,,,NO_ENTRY,False,,,NO_ENTRY,False,,,NO_ENTRY,False,,,NO_ENTRY,43.1,66.6,,,,,,,,,,
3674,3335.88,SELL,WICK_H4,H4,2025-07-11 08:00:00,1,0.5,2025-07-11 08:30:00,3339.38,35.0,43.1,0.75,0.0,0.0,0.0,1.25,,144.61,True,True,3339.38,0.0,SL,True,3335.88,0.0,SL,True,3339.38,0.0,SL,False,,,NO_ENTRY,False,,,NO_ENTRY,False,,,NO_ENTRY,83.6,43.1,48.6,78.1,83.6,43.1,,,,,,
3676,3343.69,SELL,WICK_H4,H4,2025-07-11 12:00:00,1,1.5,2025-07-11 13:30:00,3347.19,35.0,97.9,2.25,,0.0,0.75,,,151.63,True,True,3347.19,0.0,SL,False,,,NO_ENTRY,True,3347.19,0.0,SL,False,,,NO_ENTRY,False,,,NO_ENTRY,False,,,NO_ENTRY,52.5,128.8,,,52.5,128.8,,,,,,
3677,3356.98,SELL,WICK_H4,H4,2025-07-11 16:00:00,2,1.75,2025-07-11 17:45:00,3360.48,35.0,80.4,0.5,1.25,0.75,1.25,2.0,,154.05,True,True,3360.48,0.0,SL,True,3356.98,1.25,SL,True,3360.48,0.75,SL,False,,,NO_ENTRY,False,,,NO_ENTRY,False,,,NO_ENTRY,113.2,80.4,78.2,26.4,113.2,57.4,,,,,,
3680,3359.62,SELL,WICK_H4,H4,2025-07-12 00:00:00,1,49.25,2025-07-14 01:15:00,3363.12,35.0,107.5,1.0,,,,,,153.32,True,True,3363.12,0.0,SL,False,,,NO_ENTRY,False,,,NO_ENTRY,False,,,NO_ENTRY,False,,,NO_ENTRY,False,,,NO_ENTRY,84.9,107.5,,,,,,,,,,
3684,3370.01,SELL,WICK_H4,H4,2025-07-14 08:00:00,1,2.25,2025-07-14 10:15:00,3373.51,35.0,13.9,0.25,1.0,0.25,0.0,1.25,,158.15,True,True,3373.51,0.0,TP,True,3370.01,1.0,SL,True,3373.51,0.25,TP,False,,,NO_ENTRY,False,,,NO_ENTRY,False,,,NO_ENTRY,96.4,13.9,129.0,44.8,96.4,13.9,,,,,,
3693,3349.26,SELL,WICK_H4,H4,2025-07-15 04:00:00,2,2.0,2025-07-15 06:00:00,3352.76,35.0,127.4,5.0,,,,,,155.7,True,True,3352.76,0.0,SL,False,,,NO_ENTRY,False,,,NO_ENTRY,False,,,NO_ENTRY,False,,,NO_ENTRY,False,,,NO_ENTRY,20.9,122.9,,,,,,,,,,
3703,3332.48,SELL,WICK_H4,H4,2025-07-16 04:00:00,2,3.5,2025-07-16 07:30:00,3335.98,35.0,411.7,11.0,9.0,6.25,8.0,9.0,10.0,153.09,True,True,3335.98,0.0,SL,True,3332.48,9.0,TP,True,3335.98,6.25,SL,True,3334.48,8.5,SL,True,3337.95,5.5,SL,False,,,NO_ENTRY,11.6,62.9,129.2,446.7,164.2,63.9,149.2,426.7,160.6,28.6,,
3714,3332.43,SELL,WICK_H4,H4,2025-07-17 16:00:00,1,2.0,2025-07-17 18:00:00,3335.93,35.0,50.5,2.25,,0.0,0.25,,,176.43,True,True,3335.93,0.0,SL,False,,,NO_ENTRY,True,3335.93,0.0,SL,False,,,NO_ENTRY,False,,,NO_ENTRY,False,,,NO_ENTRY,47.1,50.5,,,47.1,50.5,,,,,,
3721,3344.07,SELL,WICK_H4,H4,2025-07-18 08:00:00,1,2.5,2025-07-18 10:30:00,3347.57,35.0,26.7,0.5,,0.5,,,,158.12,True,True,3347.57,0.0,SL,False,,,NO_ENTRY,True,3347.57,0.5,SL,False,,,NO_ENTRY,False,,,NO_ENTRY,False,,,NO_ENTRY,35.1,82.7,,,14.7,119.5,,,,,,
3723,3350.24,SELL,WICK_H4,H4,2025-07-18 12:00:00,1,0.5,2025-07-18 12:30:00,3353.74,35.0,73.8,3.25,10.0,0.0,0.5,60.75,,156.67,True,True,3353.74,0.0,SL,True,3350.24,10.0,SL,True,3353.74,0.0,SL,True,3353.54,7.5,SL,True,3349.19,10.0,SL,True,3350.24,10.5,SL,59.7,73.8,53.9,35.7,59.7,73.8,74.6,0.8,43.4,46.2,53.9,71.4
3727,3354.42,SELL,WICK_H4,H4,2025-07-21 04:00:00,1,0.25,2025-07-21 04:15:00,3357.92,35.0,126.9,5.25,0.75,0.25,0.5,2.5,,137.57,True,True,3357.92,0.0,SL,True,3354.42,0.75,SL,True,3357.92,0.25,SL,False,,,NO_ENTRY,True,3351.16,2.5,SL,True,3354.42,1.5,SL,73.8,105.9,38.8,151.0,73.8,116.0,,,6.2,194.5,38.8,161.9
3730,3370.61,SELL,WICK_H4,H4,2025-07-21 12:00:00,1,2.75,2025-07-21 14:45:00,3374.11,35.0,273.2,2.75,,,,,,145.78,True,True,3374.11,0.0,SL,False,,,NO_ENTRY,False,,,NO_ENTRY,False,,,NO_ENTRY,False,,,NO_ENTRY,False,,,NO_ENTRY,10.4,273.2,,,,,,,,,,
3736,3402.58,SELL,WICK_H4,H4,2025-07-22 04:00:00,1,11.75,2025-07-22 15:45:00,3406.08,35.0,328.2,11.5,,,0.0,,,142.56,True,True,3406.08,0.0,SL,False,,,NO_ENTRY,False,,,NO_ENTRY,True,3431.75,8.25,SL,True,3427.32,11.0,SL,False,,,NO_ENTRY,53.6,266.6,,,,,110.2,71.5,83.0,115.8,,
3765,3337.16,SELL,WICK_H4,H4,2025-07-28 04:00:00,2,2.75,2025-07-28 06:45:00,3340.66,35.0,32.3,0.25,,0.5,,,,153.23,True,True,3340.66,0.0,SL,False,,,NO_ENTRY,True,3340.66,0.5,SL,False,,,NO_ENTRY,False,,,NO_ENTRY,False,,,NO_ENTRY,68.9,45.7,,,68.9,45.7,,,,,,
3777,3320.71,SELL,WICK_H4,H4,2025-07-29 08:00:00,2,3.25,2025-07-29 11:15:00,3324.21,35.0,56.7,0.0,,,,,,152.09,True,True,3324.21,0.0,SL,False,,,NO_ENTRY,False,,,NO_ENTRY,False,,,NO_ENTRY,False,,,NO_ENTRY,False,,,NO_ENTRY,93.6,56.7,,,,,,,,,,
3781,3328.1,SELL,WICK_H4,H4,2025-07-29 16:00:00,1,2.0,2025-07-29 18:00:00,3331.6,35.0,23.5,0.0,0.25,0.0,0.0,0.5,,155.67,True,True,3331.6,0.0,TP,True,3328.1,0.25,SL,True,3331.6,0.0,TP,False,,,NO_ENTRY,False,,,NO_ENTRY,False,,,NO_ENTRY,126.3,23.5,91.3,26.4,126.3,23.5,,,,,,
3796,3288.31,SELL,WICK_H4,H4,2025-07-31 04:00:00,1,0.75,2025-07-31 04:45:00,3291.81,35.0,228.9,6.5,,,0.0,,,167.22,True,True,3291.81,0.0,SL,False,,,NO_ENTRY,False,,,NO_ENTRY,False,,,NO_ENTRY,False,,,NO_ENTRY,False,,,NO_ENTRY,43.1,97.1,,,,,,,,,,
3809,3300.38,SELL,WICK_H4,H4,2025-08-01 12:00:00,2,3.25,2025-08-01 15:15:00,3303.88,35.0,411.6,0.5,,0.0,,,,186.65,True,True,3303.88,0.0,SL,False,,,NO_ENTRY,True,3303.88,0.0,SL,False,,,NO_ENTRY,False,,,NO_ENTRY,False,,,NO_ENTRY,35.4,511.1,,,35.4,511.1,,,,,,
3811,3345.04,SELL,WICK_H4,H4,2025-08-01 16:00:00,1,0.25,2025-08-01 16:15:00,3348.54,35.0,64.5,1.0,0.5,0.25,0.25,0.5,,184.95,True,True,3348.54,0.0,SL,True,3345.04,0.5,SL,True,3348.54,0.25,SL,False,,,NO_ENTRY,True,3341.04,3.0,SL,False,,,NO_ENTRY,98.3,64.5,63.3,99.5,98.3,64.5,,,6.2,201.1,,
3813,3354.99,SELL,WICK_H4,H4,2025-08-01 20:00:00,1,2.75,2025-08-01 22:45:00,3358.49,35.0,101.9,50.25,52.75,0.0,52.75,,,184.49,True,True,3358.49,0.0,SL,True,3354.99,52.75,TP,True,3358.49,0.0,SL,True,3351.96,53.25,SL,True,3355.89,51.5,SL,False,,,NO_ENTRY,84.2,101.9,100.6,70.2,84.2,101.9,70.3,100.5,109.6,63.1,,
3820,3362.53,SELL,WICK_H4,H4,2025-08-04 12:00:00,1,2.25,2025-08-04 14:15:00,3366.03,35.0,53.8,0.75,,1.0,1.25,,,178.86,True,True,3366.03,0.0,SL,False,,,NO_ENTRY,True,3366.03,1.0,SL,False,,,NO_ENTRY,False,,,NO_ENTRY,False,,,NO_ENTRY,50.8,191.9,,,50.8,191.9,,,,,,
3822,3371.41,SELL,WICK_H4,H4,2025-08-04 16:00:00,1,0.25,2025-08-04 16:15:00,3374.91,35.0,103.1,0.5,3.5,1.5,,,,179.15,True,True,3374.91,0.0,SL,True,3371.41,3.5,SL,True,3374.91,1.5,SL,False,,,NO_ENTRY,False,,,NO_ENTRY,False,,,NO_ENTRY,44.6,103.1,9.6,55.8,44.6,31.2,,,,,,
3825,3376.99,SELL,WICK_H4,H4,2025-08-05 00:00:00,1,3.75,2025-08-05 03:45:00,3380.49,35.0,7.1,0.0,,0.0,,,,164.21,True,True,3380.49,0.0,TP,False,,,NO_ENTRY,True,3380.49,0.0,TP,False,,,NO_ENTRY,False,,,NO_ENTRY,False,,,NO_ENTRY,96.1,17.6,,,96.1,17.6,,,,,,
3828,3375.38,SELL,WICK_H4,H4,2025-08-05 12:00:00,1,5.0,2025-08-05 17:00:00,3378.88,35.0,114.1,2.0,0.0,0.0,0.0,0.0,,163.53,True,True,3378.88,0.0,SL,True,3375.38,0.0,SL,True,3378.88,0.0,SL,False,,,NO_ENTRY,True,3380.3,2.5,SL,False,,,NO_ENTRY,84.5,114.1,49.5,149.1,84.5,114.1,,,34.9,26.1,,
3835,3369.11,SELL,WICK_H4,H4,2025-08-06 16:00:00,1,0.75,2025-08-06 16:45:00,3372.61,35.0,72.4,1.25,,0.0,0.0,,,143.89,True,True,3372.61,0.0,SL,False,,,NO_ENTRY,True,3372.61,0.0,SL,False,,,NO_ENTRY,False,,,NO_ENTRY,False,,,NO_ENTRY,70.6,72.4,,,70.6,72.4,,,,,,
3840,3374.87,SELL,WICK_H4,H4,2025-08-07 04:00:00,1,0.5,2025-08-07 04:30:00,3378.37,35.0,56.4,0.5,,1.5,,,,138.14,True,True,3378.37,0.0,SL,False,,,NO_ENTRY,True,3378.37,1.5,SL,False,,,NO_ENTRY,False,,,NO_ENTRY,False,,,NO_ENTRY,62.5,56.4,,,68.5,99.4,,,,,,
3842,3384.01,SELL,WICK_H4,H4,2025-08-07 08:00:00,1,1.75,2025-08-07 09:45:00,3387.51,35.0,97.5,1.0,1.25,1.25,1.25,1.25,1.75,146.65,True,True,3387.51,0.0,SL,True,3384.01,1.25,SL,True,3387.51,1.25,SL,False,,,NO_ENTRY,False,,,NO_ENTRY,False,,,NO_ENTRY,158.6,97.5,123.6,123.4,158.6,88.4,,,,,,
3846,3389.65,SELL,WICK_H4,H4,2025-08-07 16:00:00,1,0.75,2025-08-07 16:45:00,3393.15,35.0,5.5,0.0,0.0,0.0,0.0,0.0,0.25,151.67,True,True,3393.15,0.0,TP,True,3389.65,0.0,SL,True,3393.15,0.0,TP,False,,,NO_ENTRY,False,,,NO_ENTRY,True,3389.65,0.25,TP,180.4,5.5,145.4,40.5,180.4,5.5,,,,,145.4,42.6
3848,3393.7,SELL,WICK_H4,H4,2025-08-07 20:00:00,2,2.75,2025-08-07 22:45:00,3397.2,35.0,45.7,0.75,,1.0,1.0,,,153.36,True,True,3397.2,0.0,SL,False,,,NO_ENTRY,True,3397.2,1.0,SL,False,,,NO_ENTRY,False,,,NO_ENTRY,False,,,NO_ENTRY,101.6,112.8,,,160.9,112.8,,,,,,
3850,3401.77,SELL,WICK_H4,H4,2025-08-08 00:00:00,2,1.75,2025-08-08 01:45:00,3405.27,35.0,14.6,0.25,0.25,0.25,0.0,0.0,1.75,157.72,True,True,3405.27,0.0,TP,True,3401.77,0.25,SL,True,3405.27,0.25,TP,False,,,NO_ENTRY,True,3391.23,1.5,SL,True,3401.77,0.75,TP,241.6,14.6,206.6,49.6,241.6,14.6,,,101.2,88.6,206.6,5.1
3854,3399.15,SELL,WICK_H4,H4,2025-08-08 08:00:00,2,2.75,2025-08-08 10:45:00,3402.65,35.0,14.4,0.0,0.75,0.0,0.0,1.0,,159.01,True,True,3402.65,0.0,TP,True,3399.15,0.75,TP,True,3402.65,0.0,TP,False,,,NO_ENTRY,False,,,NO_ENTRY,True,3399.15,1.0,TP,222.7,14.4,187.7,26.5,222.7,14.4,,,,,187.7,26.5
3884,3354.22,SELL,WICK_H4,H4,2025-08-13 08:00:00,1,2.0,2025-08-13 10:00:00,3357.72,35.0,56.4,1.75,1.0,0.5,1.0,,,167.53,True,True,3357.72,0.0,SL,True,3354.22,1.0,SL,True,3357.72,0.5,SL,False,,,NO_ENTRY,False,,,NO_ENTRY,False,,,NO_ENTRY,50.6,91.9,15.6,126.9,50.6,91.9,,,,,,
3885,3363.36,SELL,WICK_H4,H4,2025-08-13 12:00:00,1,1.75,2025-08-13 13:45:00,3366.86,35.0,0.5,0.25,0.25,0.0,0.25,1.25,,163.84,True,True,3366.86,0.0,TP,True,3363.36,0.25,SL,True,3366.86,0.0,TP,False,,,NO_ENTRY,False,,,NO_ENTRY,True,3363.36,0.5,SL,128.8,37.9,93.8,72.9,128.8,37.9,,,,,93.8,72.9
3889,3370.65,SELL,WICK_H4,H4,2025-08-13 20:00:00,1,7.5,2025-08-14 03:30:00,3374.15,35.0,5.3,0.0,0.25,0.0,0.0,,,161.09,True,True,3374.15,0.0,TP,True,3370.65,0.25,TP,True,3374.15,0.0,TP,False,,,NO_ENTRY,False,,,NO_ENTRY,False,,,NO_ENTRY,187.8,5.3,152.8,12.5,187.8,5.3,,,,,,
3902,3338.71,SELL,WICK_H4,H4,2025-08-15 04:00:00,1,2.5,2025-08-15 06:30:00,3342.21,35.0,64.5,1.5,,0.0,5.0,,,159.05,True,True,3342.21,0.0,SL,False,,,NO_ENTRY,True,3342.21,0.0,SL,True,3341.19,5.5,SL,True,3339.35,4.75,SL,False,,,NO_ENTRY,22.1,64.5,,,22.1,64.5,77.7,46.7,32.7,55.0,,
3911,3342.68,SELL,WICK_H4,H4,2025-08-18 04:00:00,1,0.75,2025-08-18 04:45:00,3346.18,35.0,120.8,3.25,0.5,0.25,0.5,,,149.93,True,True,3346.18,0.0,SL,True,3342.68,0.5,SL,True,3346.18,0.25,SL,True,3348.49,7.25,SL,True,3345.38,6.25,SL,False,,,NO_ENTRY,39.0,120.8,4.0,155.8,39.0,120.8,75.5,30.7,9.8,61.8,,
3922,3341.71,SELL,WICK_H4,H4,2025-08-19 12:00:00,1,1.25,2025-08-19 13:15:00,3345.21,35.0,0.2,0.0,1.0,0.0,0.5,1.75,,129.53,True,True,3345.21,0.0,TP,True,3341.71,1.0,TP,True,3345.21,0.0,TP,False,,,NO_ENTRY,True,3336.69,1.75,SL,True,3341.71,1.25,TP,196.0,0.2,209.6,14.8,196.0,0.2,,,163.0,37.3,209.6,3.6
3928,3320.78,SELL,WICK_H4,H4,2025-08-20 08:00:00,1,1.0,2025-08-20 09:00:00,3324.28,35.0,31.2,1.25,,0.25,2.5,,,120.01,True,True,3324.28,0.0,SL,False,,,NO_ENTRY,True,3324.28,0.25,SL,False,,,NO_ENTRY,False,,,NO_ENTRY,False,,,NO_ENTRY,35.0,31.2,,,35.0,31.2,,,,,,
3930,3327.4,SELL,WICK_H4,H4,2025-08-20 12:00:00,1,2.25,2025-08-20 14:15:00,3330.9,35.0,138.2,1.5,,0.0,,,,126.65,True,True,3330.9,0.0,SL,False,,,NO_ENTRY,True,3330.9,0.0,SL,False,,,NO_ENTRY,False,,,NO_ENTRY,False,,,NO_ENTRY,24.6,192.3,,,24.6,192.3,,,,,,
3931,3344.72,SELL,WICK_H4,H4,2025-08-20 16:00:00,2,1.75,2025-08-20 17:45:00,3348.22,35.0,19.1,0.0,0.25,0.0,0.25,0.5,,125.72,True,True,3348.22,0.0,SL,True,3344.72,0.25,SL,True,3348.22,0.0,SL,False,,,NO_ENTRY,False,,,NO_ENTRY,False,,,NO_ENTRY,94.6,19.1,59.6,32.6,94.6,19.1,,,,,,
3936,3341.34,SELL,WICK_H4,H4,2025-08-21 12:00:00,2,3.5,2025-08-21 15:30:00,3344.84,35.0,1.0,0.0,0.0,0.0,0.0,0.0,,119.89,True,True,3344.84,0.0,SL,True,3341.34,0.0,SL,True,3344.84,0.0,SL,False,,,NO_ENTRY,False,,,NO_ENTRY,False,,,NO_ENTRY,89.5,31.5,54.5,66.5,89.5,31.5,,,,,,
3947,3331.68,SELL,WICK_H4,H4,2025-08-22 16:00:00,1,0.75,2025-08-22 16:45:00,3335.18,35.0,434.7,1.75,,0.0,,,,142.03,True,True,3335.18,0.0,SL,False,,,NO_ENTRY,True,3335.18,0.0,SL,False,,,NO_ENTRY,False,,,NO_ENTRY,False,,,NO_ENTRY,34.1,434.7,,,34.1,434.7,,,,,,
3956,3371.46,SELL,WICK_H4,H4,2025-08-25 16:00:00,1,1.75,2025-08-25 17:45:00,3374.96,35.0,12.2,0.5,,0.0,0.75,,,124.53,True,True,3374.96,0.0,TP,False,,,NO_ENTRY,True,3374.96,0.0,TP,False,,,NO_ENTRY,False,,,NO_ENTRY,False,,,NO_ENTRY,52.1,12.2,,,52.1,12.2,,,,,,
3958,3376.18,SELL,WICK_H4,H4,2025-08-25 20:00:00,1,7.5,2025-08-26 03:30:00,3379.68,35.0,66.9,0.25,,,,,,139.5,True,True,3379.68,0.0,SL,False,,,NO_ENTRY,False,,,NO_ENTRY,False,,,NO_ENTRY,False,,,NO_ENTRY,False,,,NO_ENTRY,99.5,66.9,,,,,,,,,,
3966,3380.19,SELL,WICK_H4,H4,2025-08-26 16:00:00,1,2.5,2025-08-26 18:30:00,3383.69,35.0,56.2,0.25,,1.0,,,,142.51,True,True,3383.69,0.0,SL,False,,,NO_ENTRY,True,3383.69,1.0,SL,False,,,NO_ENTRY,False,,,NO_ENTRY,False,,,NO_ENTRY,35.7,56.2,,,35.7,73.7,,,,,,
3968,3389.31,SELL,WICK_H4,H4,2025-08-26 20:00:00,1,3.75,2025-08-26 23:45:00,3392.81,35.0,58.6,20.0,1.25,1.25,1.25,4.5,7.5,141.89,True,True,3392.81,0.0,TP,True,3389.31,1.25,SL,True,3392.81,1.25,TP,True,3389.49,4.25,TP,True,3386.15,4.25,TP,False,,,NO_ENTRY,97.0,13.3,62.0,48.3,97.0,13.3,156.8,4.6,123.4,38.0,,
3972,3398.67,SELL,WICK_H4,H4,2025-08-27 20:00:00,5,18.5,2025-08-28 14:30:00,3402.17,35.0,64.0,0.5,1.25,1.25,1.25,,,129.96,True,True,3402.17,0.0,SL,True,3398.67,1.25,SL,True,3402.17,1.25,SL,False,,,NO_ENTRY,False,,,NO_ENTRY,False,,,NO_ENTRY,81.6,112.3,46.6,189.6,81.6,154.6,,,,,,
3977,3408.57,SELL,WICK_H4,H4,2025-08-28 16:00:00,1,1.5,2025-08-28 17:30:00,3412.07,35.0,55.6,2.25,0.75,0.0,0.75,1.0,,137.55,True,True,3412.07,0.0,SL,True,3408.57,0.75,SL,True,3412.07,0.0,SL,False,,,NO_ENTRY,False,,,NO_ENTRY,False,,,NO_ENTRY,77.7,66.7,42.7,116.4,77.7,66.7,,,,,,
3979,3417.63,SELL,WICK_H4,H4,2025-08-28 20:00:00,1,2.75,2025-08-28 22:45:00,3421.13,35.0,18.2,0.0,0.5,0.25,0.5,,,133.8,True,True,3421.13,0.0,TP,True,3417.63,0.5,TP,True,3421.13,0.25,TP,False,,,NO_ENTRY,True,3416.95,0.5,TP,True,3417.63,0.75,TP,82.4,18.2,78.5,19.4,101.3,10.9,,,71.7,26.2,98.8,3.2
3982,3414.7,SELL,WICK_H4,H4,2025-08-29 12:00:00,1,4.0,2025-08-29 16:00:00,3418.2,35.0,356.3,6.75,,0.25,0.0,,,137.79,True,True,3418.2,0.0,SL,False,,,NO_ENTRY,True,3418.2,0.25,SL,True,3448.01,56.0,SL,False,,,NO_ENTRY,False,,,NO_ENTRY,47.1,317.7,,,18.9,318.7,113.1,229.8,,,,
3988,3452.19,SELL,WICK_H4,H4,2025-09-01 04:00:00,1,1.0,2025-09-01 05:00:00,3455.69,35.0,300.8,1.0,,,,,,160.14,True,True,3455.69,0.0,SL,False,,,NO_ENTRY,False,,,NO_ENTRY,False,,,NO_ENTRY,False,,,NO_ENTRY,False,,,NO_ENTRY,9.2,300.8,,,,,,,,,,
3990,3485.77,SELL,WICK_H4,H4,2025-09-01 08:00:00,1,1.5,2025-09-01 09:30:00,3489.27,35.0,4.1,0.0,0.25,0.0,0.0,0.25,0.75,164.47,True,True,3489.27,0.0,TP,True,3485.77,0.25,TP,True,3489.27,0.0,TP,False,,,NO_ENTRY,True,3471.96,0.75,SL,False,,,NO_ENTRY,230.3,4.1,195.3,22.9,230.3,4.1,,,57.2,77.0,,
3996,3478.88,SELL,WICK_H4,H4,2025-09-02 00:00:00,3,3.0,2025-09-02 03:00:00,3482.38,35.0,25.4,0.5,,0.0,0.0,,,145.75,True,True,3482.38,0.0,SL,False,,,NO_ENTRY,True,3482.38,0.0,SL,False,,,NO_ENTRY,False,,,NO_ENTRY,False,,,NO_ENTRY,56.2,261.3,,,56.2,261.3,,,,,,
3997,3484.92,SELL,WICK_H4,H4,2025-09-02 04:00:00,1,0.25,2025-09-02 04:15:00,3488.42,35.0,200.9,0.5,,,,,,158.02,True,True,3488.42,0.0,SL,False,,,NO_ENTRY,False,,,NO_ENTRY,False,,,NO_ENTRY,False,,,NO_ENTRY,False,,,NO_ENTRY,4.1,200.9,,,,,,,,,,
4002,3493.96,SELL,WICK_H4,H4,2025-09-02 16:00:00,1,1.25,2025-09-02 17:15:00,3497.46,35.0,424.4,5.5,,,,,,192.67,True,True,3497.46,0.0,SL,False,,,NO_ENTRY,False,,,NO_ENTRY,False,,,NO_ENTRY,False,,,NO_ENTRY,False,,,NO_ENTRY,23.1,330.1,,,,,,,,,,
4009,3545.94,SELL,WICK_H4,H4,2025-09-03 08:00:00,1,7.75,2025-09-03 15:45:00,3549.44,35.0,288.5,5.5,,,,,,188.3,True,True,3549.44,0.0,SL,False,,,NO_ENTRY,False,,,NO_ENTRY,True,3561.34,8.25,SL,True,3563.8,6.5,TP,False,,,NO_ENTRY,44.7,230.3,,,,,205.5,27.5,121.2,61.0,,
4018,3545.48,SELL,WICK_H4,H4,2025-09-04 12:00:00,2,3.0,2025-09-04 15:00:00,3548.98,35.0,38.7,0.25,,0.0,0.5,,,208.06,True,True,3548.98,0.0,SL,False,,,NO_ENTRY,True,3548.98,0.0,SL,False,,,NO_ENTRY,False,,,NO_ENTRY,False,,,NO_ENTRY,140.1,96.3,,,140.1,96.3,,,,,,
4020,3552.85,SELL,WICK_H4,H4,2025-09-04 16:00:00,1,0.5,2025-09-04 16:30:00,3556.35,35.0,22.6,0.0,0.0,0.0,0.0,0.25,0.5,210.09,True,True,3556.35,0.0,TP,True,3552.85,0.0,SL,True,3556.35,0.0,TP,False,,,NO_ENTRY,False,,,NO_ENTRY,True,3552.85,2.25,SL,213.8,22.6,178.8,57.6,213.8,22.6,,,,,103.6,32.1
4026,3556.29,SELL,WICK_H4,H4,2025-09-05 04:00:00,2,4.0,2025-09-05 08:00:00,3559.79,35.0,11.8,0.0,0.5,0.0,1.0,1.25,,193.93,True,True,3559.79,0.0,TP,True,3556.29,0.5,SL,True,3559.79,0.0,TP,False,,,NO_ENTRY,True,3556.06,0.5,SL,False,,,NO_ENTRY,151.1,11.8,116.1,37.2,151.1,11.8,,,113.8,39.5,,
4029,3560.97,SELL,WICK_H4,H4,2025-09-05 12:00:00,1,3.75,2025-09-05 15:45:00,3564.47,35.0,191.5,0.0,,,,,,209.35,True,True,3564.47,0.0,SL,False,,,NO_ENTRY,False,,,NO_ENTRY,False,,,NO_ENTRY,False,,,NO_ENTRY,False,,,NO_ENTRY,-76.0,354.8,,,,,,,,,,
4030,3586.77,SELL,WICK_H4,H4,2025-09-05 16:00:00,1,1.0,2025-09-05 17:00:00,3590.27,35.0,96.8,2.5,0.25,0.25,0.25,0.25,,213.54,True,True,3590.27,0.0,SL,True,3586.77,0.25,SL,True,3590.27,0.25,SL,False,,,NO_ENTRY,False,,,NO_ENTRY,True,3586.77,0.5,TP,171.2,96.8,136.2,131.8,171.2,96.8,,,,,136.2,131.8
4036,3596.97,SELL,WICK_H4,H4,2025-09-08 08:00:00,1,2.0,2025-09-08 10:00:00,3600.47,35.0,167.4,1.25,,,,,,214.5,True,True,3600.47,0.0,SL,False,,,NO_ENTRY,False,,,NO_ENTRY,False,,,NO_ENTRY,False,,,NO_ENTRY,False,,,NO_ENTRY,41.2,219.4,,,,,,,,,,
4038,3617.21,SELL,WICK_H4,H4,2025-09-08 12:00:00,1,1.25,2025-09-08 13:15:00,3620.71,35.0,51.2,2.5,0.5,0.0,0.25,,,211.51,True,True,3620.71,0.0,SL,True,3617.21,0.5,SL,True,3620.71,0.0,SL,False,,,NO_ENTRY,False,,,NO_ENTRY,True,3617.21,0.75,SL,81.4,167.7,46.4,235.2,81.4,167.7,,,,,46.4,290.5
4039,3625.83,SELL,WICK_H4,H4,2025-09-08 16:00:00,1,0.25,2025-09-08 16:15:00,3629.33,35.0,169.3,1.75,0.0,0.0,0.0,,,215.09,True,True,3629.33,0.0,SL,True,3625.83,0.0,SL,True,3629.33,0.0,SL,False,,,NO_ENTRY,False,,,NO_ENTRY,False,,,NO_ENTRY,92.3,169.3,57.3,204.3,92.3,169.3,,,,,,
4044,3640.78,SELL,WICK_H4,H4,2025-09-09 04:00:00,1,0.25,2025-09-09 04:15:00,3644.28,35.0,126.4,3.5,,0.25,0.0,,,201.43,True,True,3644.28,0.0,SL,False,,,NO_ENTRY,True,3644.28,0.25,SL,False,,,NO_ENTRY,False,,,NO_ENTRY,False,,,NO_ENTRY,62.7,126.4,,,19.0,142.5,,,,,,
4050,3656.52,SELL,WICK_H4,H4,2025-09-09 16:00:00,1,0.5,2025-09-09 16:30:00,3660.02,35.0,145.0,0.5,0.5,0.5,0.5,0.5,1.0,217.86,True,True,3660.02,0.0,SL,True,3656.52,0.5,SL,True,3660.02,0.5,SL,False,,,NO_ENTRY,True,3634.93,1.5,SL,False,,,NO_ENTRY,332.5,145.0,297.5,180.0,332.5,145.0,,,81.6,143.5,,
4054,3640.68,SELL,WICK_H4,H4,2025-09-10 04:00:00,1,4.0,2025-09-10 08:00:00,3644.18,35.0,41.2,2.75,,0.0,,,,206.97,True,True,3644.18,0.0,SL,False,,,NO_ENTRY,True,3644.18,0.0,SL,False,,,NO_ENTRY,False,,,NO_ENTRY,False,,,NO_ENTRY,44.0,41.2,,,44.0,41.2,,,,,,
4056,3648.3,SELL,WICK_H4,H4,2025-09-10 12:00:00,1,0.75,2025-09-10 12:45:00,3651.8,35.0,56.1,1.0,2.25,1.75,2.75,3.0,,204.43,True,True,3651.8,0.0,SL,True,3648.3,2.25,SL,True,3651.8,1.75,SL,False,,,NO_ENTRY,False,,,NO_ENTRY,False,,,NO_ENTRY,115.3,56.1,98.1,89.6,133.1,54.6,,,,,,
4074,3638.01,SELL,WICK_H4,H4,2025-09-12 04:00:00,1,0.25,2025-09-12 04:15:00,3641.51,35.0,150.0,4.0,,7.5,,,,183.19,True,True,3641.51,0.0,SL,False,,,NO_ENTRY,True,3641.51,7.5,SL,True,3640.81,7.75,SL,True,3643.54,6.75,SL,False,,,NO_ENTRY,28.1,150.0,,,40.5,105.0,33.5,112.0,60.8,84.7,,
4083,3646.17,SELL,WICK_H4,H4,2025-09-15 04:00:00,4,12.0,2025-09-15 16:00:00,3649.67,35.0,357.3,3.5,,0.0,,,,181.83,True,True,3649.67,0.0,SL,False,,,NO_ENTRY,True,3649.67,0.0,SL,False,,,NO_ENTRY,False,,,NO_ENTRY,False,,,NO_ENTRY,28.9,357.3,,,28.9,357.3,,,,,,
4089,3682.63,SELL,WICK_H4,H4,2025-09-16 00:00:00,1,3.75,2025-09-16 03:45:00,3686.13,35.0,32.4,0.25,0.25,0.25,0.25,0.5,,169.11,True,True,3686.13,0.0,SL,True,3682.63,0.25,SL,True,3686.13,0.25,SL,True,3684.15,4.25,SL,False,,,NO_ENTRY,True,3682.63,1.25,SL,115.2,32.4,80.2,67.4,115.2,32.4,40.4,129.6,,,80.2,25.6
4092,3689.37,SELL,WICK_H4,H4,2025-09-16 08:00:00,1,1.75,2025-09-16 09:45:00,3692.87,35.0,42.4,1.5,0.75,0.25,0.0,,,167.74,True,True,3692.87,0.0,SL,True,3689.37,0.75,SL,True,3692.87,0.25,SL,False,,,NO_ENTRY,False,,,NO_ENTRY,True,3689.37,1.0,SL,68.7,59.3,33.7,94.3,68.7,59.3,,,,,33.7,100.1
4107,3688.35,SELL,WICK_H4,H4,2025-09-17 20:00:00,1,1.25,2025-09-17 21:15:00,3691.85,35.0,4.7,0.0,0.0,0.0,0.0,0.0,0.25,196.96,True,True,3691.85,0.0,TP,True,3688.35,0.0,SL,True,3691.85,0.0,TP,False,,,NO_ENTRY,True,3650.18,0.5,SL,False,,,NO_ENTRY,458.7,4.7,423.7,39.7,458.7,4.7,,,42.0,216.8,,
4113,3668.64,SELL,WICK_H4,H4,2025-09-18 08:00:00,1,4.5,2025-09-18 12:30:00,3672.14,35.0,6.8,0.0,0.5,0.0,0.75,,,194.94,True,True,3672.14,0.0,TP,True,3668.64,0.5,SL,True,3672.14,0.0,TP,False,,,NO_ENTRY,True,3663.19,3.25,TP,True,3668.64,1.5,SL,423.6,6.8,408.5,37.8,423.6,6.8,,,354.0,66.2,408.5,35.9
4123,3659.07,SELL,WICK_H4,H4,2025-09-19 16:00:00,1,1.0,2025-09-19 17:00:00,3662.57,35.0,131.9,1.25,,0.0,0.25,,,199.74,True,True,3662.57,0.0,SL,False,,,NO_ENTRY,True,3662.57,0.0,SL,False,,,NO_ENTRY,False,,,NO_ENTRY,False,,,NO_ENTRY,63.4,175.1,,,63.4,175.1,,,,,,
4125,3675.76,SELL,WICK_H4,H4,2025-09-19 20:00:00,1,1.0,2025-09-19 21:00:00,3679.26,35.0,181.5,57.75,,,,,,197.82,True,True,3679.26,0.0,SL,False,,,NO_ENTRY,False,,,NO_ENTRY,False,,,NO_ENTRY,True,3686.16,53.75,SL,False,,,NO_ENTRY,12.1,127.1,,,,,,,8.1,112.5,,
4128,3697.41,SELL,WICK_H4,H4,2025-09-22 08:00:00,1,1.25,2025-09-22 09:15:00,3700.91,35.0,214.1,2.5,,,,,,193.46,True,True,3700.91,0.0,SL,False,,,NO_ENTRY,False,,,NO_ENTRY,False,,,NO_ENTRY,False,,,NO_ENTRY,False,,,NO_ENTRY,9.8,262.3,,,,,,,,,,
4130,3722.32,SELL,WICK_H4,H4,2025-09-22 12:00:00,1,1.25,2025-09-22 13:15:00,3725.82,35.0,24.1,0.5,1.25,0.0,1.75,2.0,,191.19,True,True,3725.82,0.0,TP,True,3722.32,1.25,SL,True,3725.82,0.0,TP,False,,,NO_ENTRY,False,,,NO_ENTRY,True,3722.32,2.0,TP,137.6,24.1,102.6,117.5,137.6,24.1,,,,,102.6,167.1
4131,3728.23,SELL,WICK_H4,H4,2025-09-22 16:00:00,1,2.5,2025-09-22 18:30:00,3731.73,35.0,76.9,1.25,,,,,,195.93,True,True,3731.73,0.0,SL,False,,,NO_ENTRY,False,,,NO_ENTRY,False,,,NO_ENTRY,False,,,NO_ENTRY,False,,,NO_ENTRY,12.1,169.1,,,,,,,,,,
4133,3739.42,SELL,WICK_H4,H4,2025-09-22 20:00:00,1,0.5,2025-09-22 20:30:00,3742.92,35.0,57.2,1.5,,,,,,190.3,True,True,3742.92,0.0,SL,False,,,NO_ENTRY,False,,,NO_ENTRY,False,,,NO_ENTRY,True,3743.73,1.75,SL,False,,,NO_ENTRY,26.2,57.2,,,,,,,56.8,52.7,,
4136,3750.49,SELL,WICK_H4,H4,2025-09-23 04:00:00,1,0.25,2025-09-23 04:15:00,3753.99,35.0,51.3,0.5,0.0,0.0,0.0,0.75,,188.4,True,True,3753.99,0.0,SL,True,3750.49,0.0,SL,True,3753.99,0.0,SL,False,,,NO_ENTRY,True,3743.51,0.75,SL,False,,,NO_ENTRY,173.5,51.3,138.5,86.3,173.5,51.3,,,68.7,151.4,,
4138,3759.12,SELL,WICK_H4,H4,2025-09-23 08:00:00,1,3.5,2025-09-23 11:30:00,3762.62,35.0,283.6,0.75,,,,,,197.72,True,True,3762.62,0.0,SL,False,,,NO_ENTRY,False,,,NO_ENTRY,False,,,NO_ENTRY,True,3779.26,3.5,SL,False,,,NO_ENTRY,35.6,283.6,,,,,,,116.8,93.9,,
4147,3771.64,SELL,WICK_H4,H4,2025-09-24 08:00:00,1,0.5,2025-09-24 08:30:00,3775.14,35.0,39.2,2.0,0.75,0.0,0.75,,,196.51,True,True,3775.14,0.0,SL,True,3771.64,0.75,SL,True,3775.14,0.0,SL,False,,,NO_ENTRY,False,,,NO_ENTRY,True,3771.64,3.0,TP,122.6,39.2,119.6,74.2,122.6,39.2,,,,,121.0,-0.6
4154,3738.71,SELL,WICK_H4,H4,2025-09-25 00:00:00,1,1.25,2025-09-25 01:15:00,3742.21,35.0,91.3,2.25,,0.25,,,,203.14,True,True,3742.21,0.0,SL,False,,,NO_ENTRY,True,3742.21,0.25,SL,False,,,NO_ENTRY,False,,,NO_ENTRY,False,,,NO_ENTRY,127.8,91.3,,,127.8,91.3,,,,,,
4157,3750.31,SELL,WICK_H4,H4,2025-09-25 08:00:00,1,2.75,2025-09-25 10:45:00,3753.81,35.0,77.3,0.5,,0.0,,,,208.72,True,True,3753.81,0.0,SL,False,,,NO_ENTRY,True,3753.81,0.0,SL,False,,,NO_ENTRY,False,,,NO_ENTRY,False,,,NO_ENTRY,127.9,77.3,,,127.9,77.3,,,,,,
4163,3745.48,SELL,WICK_H4,H4,2025-09-25 20:00:00,1,1.5,2025-09-25 21:30:00,3748.98,35.0,91.3,0.25,,1.0,,,,219.99,True,True,3748.98,0.0,SL,False,,,NO_ENTRY,True,3748.98,1.0,SL,False,,,NO_ENTRY,False,,,NO_ENTRY,False,,,NO_ENTRY,110.7,91.3,,,110.7,34.1,,,,,,
4171,3757.24,SELL,WICK_H4,H4,2025-09-26 16:00:00,1,0.25,2025-09-26 16:15:00,3760.74,35.0,229.2,1.0,,0.0,0.0,,,212.5,True,True,3760.74,0.0,SL,False,,,NO_ENTRY,True,3760.74,0.0,SL,False,,,NO_ENTRY,False,,,NO_ENTRY,False,,,NO_ENTRY,86.0,229.2,,,86.0,229.2,,,,,,
4174,3783.06,SELL,WICK_H4,H4,2025-09-27 00:00:00,1,51.75,2025-09-29 03:45:00,3786.56,35.0,222.8,4.0,0.25,0.25,0.25,0.25,,220.87,True,True,3786.56,0.0,TP,True,3783.06,0.25,SL,True,3786.56,0.25,TP,False,,,NO_ENTRY,False,,,NO_ENTRY,False,,,NO_ENTRY,188.5,222.8,153.5,289.2,188.5,254.2,,,,,,
4176,3808.84,SELL,WICK_H4,H4,2025-09-29 08:00:00,2,0.75,2025-09-29 08:45:00,3812.34,35.0,189.0,6.0,2.0,1.75,0.0,,,231.04,True,True,3812.34,0.0,SL,True,3808.84,2.0,SL,True,3812.34,1.75,SL,True,3813.69,7.25,SL,False,,,NO_ENTRY,False,,,NO_ENTRY,93.1,73.4,39.9,224.0,74.9,169.2,44.9,197.0,,,,
4181,3833.39,SELL,WICK_H4,H4,2025-09-29 20:00:00,2,7.25,2025-09-30 03:15:00,3836.89,35.0,36.9,0.0,,,,,,219.38,True,True,3836.89,0.0,SL,False,,,NO_ENTRY,False,,,NO_ENTRY,False,,,NO_ENTRY,False,,,NO_ENTRY,False,,,NO_ENTRY,24.1,302.0,,,,,,,,,,
4184,3840.58,SELL,WICK_H4,H4,2025-09-30 04:00:00,1,0.25,2025-09-30 04:15:00,3844.08,35.0,275.6,4.75,6.75,6.5,6.75,6.75,7.0,224.58,True,True,3844.08,0.0,SL,True,3840.58,6.75,SL,True,3844.08,6.5,SL,True,3816.07,7.75,SL,True,3855.51,5.5,SL,False,,,NO_ENTRY,31.6,258.1,475.8,65.2,510.8,62.9,230.7,54.7,625.1,141.0,,
4188,3821.54,SELL,WICK_H4,H4,2025-09-30 16:00:00,1,0.75,2025-09-30 16:45:00,3825.04,35.0,293.0,1.0,,0.0,,,,268.77,True,True,3825.04,0.0,SL,False,,,NO_ENTRY,True,3825.04,0.0,SL,False,,,NO_ENTRY,False,,,NO_ENTRY,False,,,NO_ENTRY,48.3,293.0,,,48.3,293.0,,,,,,
4190,3854.34,SELL,WICK_H4,H4,2025-09-30 20:00:00,1,2.75,2025-09-30 22:45:00,3857.84,35.0,28.1,0.0,0.25,0.25,0.25,,,264.62,True,True,3857.84,0.0,SL,True,3854.34,0.25,SL,True,3857.84,0.25,SL,False,,,NO_ENTRY,False,,,NO_ENTRY,False,,,NO_ENTRY,72.7,73.3,37.7,108.3,72.7,73.3,,,,,,
4192,3860.65,SELL,WICK_H4,H4,2025-10-01 00:00:00,2,3.0,2025-10-01 03:00:00,3864.15,35.0,10.2,0.25,0.75,0.25,,,,253.29,True,True,3864.15,0.0,SL,True,3860.65,0.75,SL,True,3864.15,0.25,SL,False,,,NO_ENTRY,False,,,NO_ENTRY,False,,,NO_ENTRY,86.7,111.8,51.7,146.8,86.7,111.8,,,,,,
4194,3865.17,SELL,WICK_H4,H4,2025-10-01 04:00:00,1,0.75,2025-10-01 04:45:00,3868.67,35.0,66.6,0.25,1.0,0.25,1.0,1.75,,249.38,True,True,3868.67,0.0,SL,True,3865.17,1.0,SL,True,3868.67,0.25,SL,False,,,NO_ENTRY,False,,,NO_ENTRY,True,3865.17,3.0,SL,131.9,66.6,119.2,45.9,131.9,66.6,,,,,119.2,300.6
4196,3875.33,SELL,WICK_H4,H4,2025-10-01 08:00:00,1,3.0,2025-10-01 11:00:00,3878.83,35.0,164.0,0.25,,,,,,261.55,True,True,3878.83,0.0,SL,False,,,NO_ENTRY,False,,,NO_ENTRY,False,,,NO_ENTRY,False,,,NO_ENTRY,False,,,NO_ENTRY,9.1,164.0,,,,,,,,,,
4206,3869.9,SELL,WICK_H4,H4,2025-10-02 08:00:00,2,1.25,2025-10-02 09:15:00,3873.4,35.0,52.0,2.5,0.5,0.0,0.5,,,236.7,True,True,3873.4,0.0,TP,True,3869.9,0.5,SL,True,3873.4,0.0,TP,False,,,NO_ENTRY,False,,,NO_ENTRY,False,,,NO_ENTRY,118.2,103.1,83.2,138.1,118.2,103.1,,,,,,
4208,3878.6,SELL,WICK_H4,H4,2025-10-02 12:00:00,1,1.25,2025-10-02 13:15:00,3882.1,35.0,98.9,1.75,,0.25,0.0,,,233.17,True,True,3882.1,0.0,SL,False,,,NO_ENTRY,True,3882.1,0.25,SL,False,,,NO_ENTRY,False,,,NO_ENTRY,False,,,NO_ENTRY,245.7,146.0,,,458.8,146.0,,,,,,
4210,3891.99,SELL,WICK_H4,H4,2025-10-02 16:00:00,1,0.5,2025-10-02 16:30:00,3895.49,35.0,12.1,0.0,0.0,0.0,0.0,0.0,0.75,271.88,True,True,3895.49,0.0,TP,True,3891.99,0.0,SL,True,3895.49,0.0,TP,False,,,NO_ENTRY,True,3875.03,0.25,TP,False,,,NO_ENTRY,762.9,12.1,727.9,47.1,762.9,12.1,,,558.3,122.6,,
4213,3859.25,SELL,WICK_H4,H4,2025-10-03 00:00:00,1,2.75,2025-10-03 02:45:00,3862.75,35.0,8.2,0.0,0.5,0.0,0.75,,,255.24,True,True,3862.75,0.0,TP,True,3859.25,0.5,SL,True,3862.75,0.0,TP,False,,,NO_ENTRY,False,,,NO_ENTRY,True,3859.25,0.75,SL,248.2,8.2,213.2,33.0,248.2,8.2,,,,,213.2,33.0
4217,3862.55,SELL,WICK_H4,H4,2025-10-03 08:00:00,2,5.25,2025-10-03 13:15:00,3866.05,35.0,255.1,5.5,0.75,0.0,1.0,,,248.39,True,True,3866.05,0.0,TP,True,3862.55,0.75,SL,True,3866.05,0.0,TP,False,,,NO_ENTRY,True,3858.61,1.0,SL,True,3862.55,1.0,SL,114.3,245.6,79.3,280.6,114.3,245.6,,,39.9,320.0,79.3,280.6
4222,3889.09,SELL,WICK_H4,H4,2025-10-04 00:00:00,1,49.25,2025-10-06 01:15:00,3892.59,35.0,279.7,0.75,,,,,,248.73,True,True,3892.59,0.0,SL,False,,,NO_ENTRY,False,,,NO_ENTRY,False,,,NO_ENTRY,False,,,NO_ENTRY,False,,,NO_ENTRY,43.9,319.9,,,,,,,,,,
4224,3920.56,SELL,WICK_H4,H4,2025-10-06 04:00:00,1,2.0,2025-10-06 06:00:00,3924.06,35.0,161.7,1.75,,0.0,,,,259.99,True,True,3924.06,0.0,SL,False,,,NO_ENTRY,True,3924.06,0.0,SL,False,,,NO_ENTRY,False,,,NO_ENTRY,False,,,NO_ENTRY,42.4,209.8,,,42.4,209.8,,,,,,
4226,3940.23,SELL,WICK_H4,H4,2025-10-06 08:00:00,2,3.0,2025-10-06 11:00:00,3943.73,35.0,58.2,0.0,0.5,0.25,0.5,,,260.96,True,True,3943.73,0.0,SL,True,3940.23,0.5,SL,True,3943.73,0.25,SL,False,,,NO_ENTRY,False,,,NO_ENTRY,False,,,NO_ENTRY,127.6,58.2,138.0,68.1,150.3,53.3,,,,,,
4229,3946.46,SELL,WICK_H4,H4,2025-10-06 16:00:00,1,1.0,2025-10-06 17:00:00,3949.96,35.0,200.2,2.0,,0.0,0.0,,,268.88,True,True,3949.96,0.0,SL,False,,,NO_ENTRY,True,3949.96,0.0,SL,False,,,NO_ENTRY,False,,,NO_ENTRY,False,,,NO_ENTRY,97.8,200.2,,,97.8,200.2,,,,,,
4233,3964.86,SELL,WICK_H4,H4,2025-10-07 00:00:00,1,1.25,2025-10-07 01:15:00,3968.36,35.0,88.9,2.25,0.25,0.25,0.25,,,254.59,True,True,3968.36,0.0,SL,True,3964.86,0.25,SL,True,3968.36,0.25,SL,False,,,NO_ENTRY,False,,,NO_ENTRY,False,,,NO_ENTRY,126.0,88.9,91.0,123.9,126.0,88.9,,,,,,
4235,3977.25,SELL,WICK_H4,H4,2025-10-07 04:00:00,1,12.0,2025-10-07 16:00:00,3980.75,35.0,101.5,2.25,0.5,0.5,0.5,2.75,,263.56,True,True,3980.75,0.0,SL,True,3977.25,0.5,SL,True,3980.75,0.5,TP,False,,,NO_ENTRY,True,3966.0,2.75,SL,False,,,NO_ENTRY,190.8,101.5,155.8,136.5,190.8,101.5,,,43.3,215.8,,
4241,3987.58,SELL,WICK_H4,H4,2025-10-08 00:00:00,1,2.0,2025-10-08 02:00:00,3991.08,35.0,80.6,1.25,,0.0,,,,247.79,True,True,3991.08,0.0,SL,False,,,NO_ENTRY,True,3991.08,0.0,SL,False,,,NO_ENTRY,False,,,NO_ENTRY,False,,,NO_ENTRY,67.7,233.4,,,67.7,233.4,,,,,,
4243,3999.14,SELL,WICK_H4,H4,2025-10-08 04:00:00,1,1.0,2025-10-08 05:00:00,4002.64,35.0,377.2,6.75,,,0.0,,,260.67,True,True,4002.64,0.0,SL,False,,,NO_ENTRY,False,,,NO_ENTRY,False,,,NO_ENTRY,False,,,NO_ENTRY,False,,,NO_ENTRY,71.8,342.9,,,,,,,,,,
4246,4040.36,SELL,WICK_H4,H4,2025-10-08 12:00:00,1,1.0,2025-10-08 13:00:00,4043.86,35.0,56.1,0.0,0.25,0.25,0.5,2.5,,250.98,True,True,4043.86,0.0,SL,True,4040.36,0.25,SL,True,4043.86,0.25,SL,False,,,NO_ENTRY,False,,,NO_ENTRY,True,4040.36,2.75,SL,177.1,56.1,142.1,89.9,177.1,54.9,,,,,142.1,187.2
4248,4049.47,SELL,WICK_H4,H4,2025-10-08 16:00:00,2,3.25,2025-10-08 19:15:00,4052.97,35.0,61.1,0.25,,,,,,256.58,True,True,4052.97,0.0,SL,False,,,NO_ENTRY,False,,,NO_ENTRY,False,,,NO_ENTRY,False,,,NO_ENTRY,False,,,NO_ENTRY,210.2,61.1,,,,,,,,,,
4257,4043.57,SELL,WICK_H4,H4,2025-10-09 12:00:00,3,3.75,2025-10-09 15:45:00,4047.07,35.0,107.6,0.25,0.75,0.75,0.75,0.75,1.0,268.17,True,True,4047.07,0.0,SL,True,4043.57,0.75,SL,True,4047.07,0.75,SL,True,3969.02,4.25,SL,True,4031.08,0.75,SL,False,,,NO_ENTRY,831.8,107.6,991.2,129.4,1026.2,94.4,245.7,128.7,866.3,254.3,,
4262,3981.89,SELL,WICK_H4,H4,2025-10-10 00:00:00,1,2.5,2025-10-10 02:30:00,3985.39,35.0,89.2,1.25,,,,,,322.95,True,True,3985.39,0.0,SL,False,,,NO_ENTRY,False,,,NO_ENTRY,False,,,NO_ENTRY,False,,,NO_ENTRY,False,,,NO_ENTRY,236.9,89.2,,,,,,,,,,
4267,3994.5,SELL,WICK_H4,H4,2025-10-10 12:00:00,1,0.25,2025-10-10 12:15:00,3998.0,35.0,86.0,0.5,0.75,0.0,2.5,3.5,,333.36,True,True,3998.0,0.0,SL,True,3994.5,0.75,SL,True,3998.0,0.0,SL,False,,,NO_ENTRY,True,3986.97,2.5,SL,False,,,NO_ENTRY,186.5,86.0,239.0,55.3,186.5,86.0,,,163.7,356.5,,
4269,4006.6,SELL,WICK_H4,H4,2025-10-10 16:00:00,1,2.25,2025-10-10 18:15:00,4010.1,35.0,125.2,0.25,0.5,0.25,0.5,0.75,,346.7,True,True,4010.1,0.0,SL,True,4006.6,0.5,TP,True,4010.1,0.25,SL,False,,,NO_ENTRY,False,,,NO_ENTRY,False,,,NO_ENTRY,350.3,125.2,315.3,145.5,350.3,125.2,,,,,,
4273,4021.15,SELL,WICK_H4,H4,2025-10-11 00:00:00,1,49.25,2025-10-13 01:15:00,4024.65,35.0,351.9,0.75,,,,,,371.99,True,True,4024.65,0.0,SL,False,,,NO_ENTRY,False,,,NO_ENTRY,False,,,NO_ENTRY,False,,,NO_ENTRY,False,,,NO_ENTRY,51.9,351.9,,,,,,,,,,
4277,4059.28,SELL,WICK_H4,H4,2025-10-13 08:00:00,1,0.25,2025-10-13 08:15:00,4062.78,35.0,231.1,7.25,,,,,,353.27,True,True,4062.78,0.0,SL,False,,,NO_ENTRY,False,,,NO_ENTRY,False,,,NO_ENTRY,False,,,NO_ENTRY,False,,,NO_ENTRY,33.1,168.6,,,,,,,,,,
4279,4085.89,SELL,WICK_H4,H4,2025-10-13 16:00:00,1,0.25,2025-10-13 16:15:00,4089.39,35.0,275.8,3.0,,0.25,,,,342.8,True,True,4089.39,0.0,SL,False,,,NO_ENTRY,True,4089.39,0.25,SL,False,,,NO_ENTRY,False,,,NO_ENTRY,False,,,NO_ENTRY,78.0,275.8,,,78.0,275.8,,,,,,
4283,4115.29,SELL,WICK_H4,H4,2025-10-14 00:00:00,1,2.5,2025-10-14 02:30:00,4118.79,35.0,130.0,0.25,,,,,,330.03,True,True,4118.79,0.0,SL,False,,,NO_ENTRY,False,,,NO_ENTRY,False,,,NO_ENTRY,False,,,NO_ENTRY,False,,,NO_ENTRY,37.5,439.1,,,,,,,,,,
4285,4131.79,SELL,WICK_H4,H4,2025-10-14 04:00:00,1,0.25,2025-10-14 04:15:00,4135.29,35.0,345.9,3.5,,,,,,339.76,True,True,4135.29,0.0,SL,False,,,NO_ENTRY,False,,,NO_ENTRY,False,,,NO_ENTRY,False,,,NO_ENTRY,False,,,NO_ENTRY,33.0,442.1,,,,,,,,,,
4287,4169.88,SELL,WICK_H4,H4,2025-10-14 08:00:00,1,0.25,2025-10-14 08:15:00,4173.38,35.0,62.3,0.25,0.25,0.25,0.25,0.25,0.25,379.34,True,True,4173.38,0.0,SL,True,4169.88,0.25,SL,True,4173.38,0.25,SL,False,,,NO_ENTRY,True,4119.67,0.25,SL,False,,,NO_ENTRY,831.6,62.3,796.6,97.3,831.6,62.3,,,294.5,599.4,,
4293,4152.84,SELL,WICK_H4,H4,2025-10-15 00:00:00,1,1.25,2025-10-15 01:15:00,4156.34,35.0,131.8,1.75,0.0,0.0,,,,373.93,True,True,4156.34,0.0,SL,True,4152.84,0.0,SL,True,4156.34,0.0,SL,False,,,NO_ENTRY,False,,,NO_ENTRY,False,,,NO_ENTRY,64.4,302.5,29.4,337.5,64.4,302.5,,,,,,
4295,4169.52,SELL,WICK_H4,H4,2025-10-15 04:00:00,1,0.25,2025-10-15 04:15:00,4173.02,35.0,178.1,2.5,,1.25,,,,367.84,True,True,4173.02,0.0,SL,False,,,NO_ENTRY,True,4173.02,1.25,SL,False,,,NO_ENTRY,False,,,NO_ENTRY,False,,,NO_ENTRY,60.7,199.7,,,60.7,212.1,,,,,,
4297,4190.83,SELL,WICK_H4,H4,2025-10-15 08:00:00,1,1.75,2025-10-15 09:45:00,4194.33,35.0,238.5,1.5,,,,,,371.26,True,True,4194.33,0.0,SL,False,,,NO_ENTRY,False,,,NO_ENTRY,False,,,NO_ENTRY,False,,,NO_ENTRY,False,,,NO_ENTRY,301.3,238.5,,,,,,,,,,
4304,4213.34,SELL,WICK_H4,H4,2025-10-16 00:00:00,2,3.25,2025-10-16 03:15:00,4216.84,35.0,103.8,0.25,0.5,0.5,,,,363.68,True,True,4216.84,0.0,SL,True,4213.34,0.5,SL,True,4216.84,0.5,SL,False,,,NO_ENTRY,False,,,NO_ENTRY,False,,,NO_ENTRY,66.9,253.6,31.9,288.6,66.9,253.6,,,,,,
4306,4227.22,SELL,WICK_H4,H4,2025-10-16 04:00:00,1,0.5,2025-10-16 04:30:00,4230.72,35.0,114.8,1.5,,0.25,,,,360.38,True,True,4230.72,0.0,SL,False,,,NO_ENTRY,True,4230.72,0.25,SL,False,,,NO_ENTRY,False,,,NO_ENTRY,False,,,NO_ENTRY,262.2,114.8,,,272.9,114.8,,,,,,
4309,4235.89,SELL,WICK_H4,H4,2025-10-16 12:00:00,1,1.0,2025-10-16 13:00:00,4239.39,35.0,114.9,2.5,2.75,0.0,2.5,,,352.96,True,True,4239.39,0.0,SL,True,4235.89,2.75,SL,True,4239.39,0.0,SL,False,,,NO_ENTRY,False,,,NO_ENTRY,False,,,NO_ENTRY,118.7,264.3,27.3,560.3,118.7,264.3,,,,,,
4311,4250.88,SELL,WICK_H4,H4,2025-10-16 16:00:00,1,0.5,2025-10-16 16:30:00,4254.38,35.0,375.4,2.75,0.25,0.25,0.0,,,368.56,True,True,4254.38,0.0,SL,True,4250.88,0.25,SL,True,4254.38,0.25,TP,False,,,NO_ENTRY,False,,,NO_ENTRY,False,,,NO_ENTRY,110.7,441.0,75.7,476.0,110.7,441.0,,,,,,
4313,4291.92,SELL,WICK_H4,H4,2025-10-16 20:00:00,1,0.5,2025-10-16 20:30:00,4295.42,35.0,351.4,3.25,0.0,0.0,0.5,0.75,,383.2,True,True,4295.42,0.0,SL,True,4291.92,0.0,SL,True,4295.42,0.0,SL,False,,,NO_ENTRY,False,,,NO_ENTRY,True,4291.92,0.75,TP,222.2,845.4,187.2,880.4,222.2,845.4,,,,,187.2,880.4
4314,4330.56,SELL,WICK_H4,H4,2025-10-17 00:00:00,1,1.25,2025-10-17 01:15:00,4334.06,35.0,459.0,0.0,,,,,,394.42,True,True,4334.06,0.0,SL,False,,,NO_ENTRY,False,,,NO_ENTRY,False,,,NO_ENTRY,False,,,NO_ENTRY,False,,,NO_ENTRY,554.6,459.0,,,,,,,,,,
4324,4252.4,SELL,WICK_H4,H4,2025-10-18 00:00:00,1,49.25,2025-10-20 01:15:00,4255.9,35.0,121.8,0.0,0.75,0.5,1.0,1.75,,529.19,True,True,4255.9,0.0,SL,True,4252.4,0.75,SL,True,4255.9,0.5,SL,False,,,NO_ENTRY,True,4237.86,1.5,SL,False,,,NO_ENTRY,369.7,128.3,334.7,186.6,369.7,151.6,,,189.3,332.0,,
4328,4271.06,SELL,WICK_H4,H4,2025-10-20 08:00:00,1,7.0,2025-10-20 15:00:00,4274.56,35.0,525.7,0.75,,,,,,537.73,True,True,4274.56,0.0,SL,False,,,NO_ENTRY,False,,,NO_ENTRY,False,,,NO_ENTRY,False,,,NO_ENTRY,False,,,NO_ENTRY,19.9,808.8,,,,,,,,,,
4331,4327.13,SELL,WICK_H4,H4,2025-10-20 16:00:00,1,1.75,2025-10-20 17:45:00,4330.63,35.0,248.1,0.5,,,,,,544.15,True,True,4330.63,0.0,SL,False,,,NO_ENTRY,False,,,NO_ENTRY,False,,,NO_ENTRY,False,,,NO_ENTRY,False,,,NO_ENTRY,65.4,339.1,,,,,,,,,,
4333,4355.44,SELL,WICK_H4,H4,2025-10-20 20:00:00,1,1.5,2025-10-20 21:30:00,4358.94,35.0,224.1,1.25,1.75,1.75,,,,536.84,True,True,4358.94,0.0,SL,True,4355.44,1.75,SL,True,4358.94,1.75,TP,False,,,NO_ENTRY,False,,,NO_ENTRY,False,,,NO_ENTRY,128.9,224.1,93.9,197.7,128.9,162.7,,,,,,
4349,4132.28,SELL,WICK_H4,H4,2025-10-22 04:00:00,1,2.75,2025-10-22 06:45:00,4135.78,35.0,74.6,0.0,0.0,0.0,0.25,,,657.76,True,True,4135.78,0.0,SL,True,4132.28,0.0,SL,True,4135.78,0.0,SL,False,,,NO_ENTRY,False,,,NO_ENTRY,False,,,NO_ENTRY,288.4,255.2,253.4,290.2,288.4,255.2,,,,,,
4351,4143.24,SELL,WICK_H4,H4,2025-10-22 08:00:00,3,1.5,2025-10-22 09:30:00,4146.74,35.0,145.6,0.25,0.5,0.5,0.5,1.5,1.75,685.81,True,True,4146.74,0.0,SL,True,4143.24,0.5,SL,True,4146.74,0.5,SL,False,,,NO_ENTRY,True,4087.7,1.5,SL,True,4143.24,1.0,SL,1016.5,145.6,1283.5,131.0,1318.5,96.0,,,728.1,479.5,1283.5,45.3
4357,4085.2,SELL,WICK_H4,H4,2025-10-22 20:00:00,1,2.25,2025-10-22 22:15:00,4088.7,35.0,248.0,0.25,,,,,,701.39,True,True,4088.7,0.0,SL,False,,,NO_ENTRY,False,,,NO_ENTRY,False,,,NO_ENTRY,False,,,NO_ENTRY,False,,,NO_ENTRY,226.4,271.2,,,,,,,,,,
4363,4100.54,SELL,WICK_H4,H4,2025-10-23 08:00:00,1,1.0,2025-10-23 09:00:00,4104.04,35.0,334.8,0.0,1.75,1.5,,,,649.65,True,True,4104.04,0.0,SL,True,4100.54,1.75,SL,True,4104.04,1.5,SL,False,,,NO_ENTRY,True,4102.55,1.5,SL,False,,,NO_ENTRY,122.9,334.8,69.3,248.8,122.9,213.8,,,108.0,228.7,,
4367,4129.13,SELL,WICK_H4,H4,2025-10-23 16:00:00,1,0.25,2025-10-23 16:15:00,4132.63,35.0,219.6,0.75,3.25,3.25,,,,600.41,True,True,4132.63,0.0,SL,True,4129.13,3.25,SL,True,4132.63,3.25,SL,False,,,NO_ENTRY,True,4128.46,3.25,SL,False,,,NO_ENTRY,77.1,219.6,217.3,143.5,252.3,108.5,,,210.6,150.2,,
4378,4092.91,SELL,WICK_H4,H4,2025-10-24 16:00:00,1,0.25,2025-10-24 16:15:00,4096.41,35.0,421.2,3.0,,,,,,559.49,True,True,4096.41,0.0,SL,False,,,NO_ENTRY,False,,,NO_ENTRY,False,,,NO_ENTRY,False,,,NO_ENTRY,False,,,NO_ENTRY,-16.0,421.2,,,,,,,,,,
4393,4010.03,SELL,WICK_H4,H4,2025-10-28 00:00:00,1,3.25,2025-10-28 03:15:00,4013.53,35.0,61.6,0.0,0.0,0.0,,,,504.58,True,True,4013.53,0.0,SL,True,4010.03,0.0,SL,True,4013.53,0.0,SL,False,,,NO_ENTRY,False,,,NO_ENTRY,False,,,NO_ENTRY,501.8,61.6,466.8,96.6,501.8,61.6,,,,,,
4401,3940.23,SELL,WICK_H4,H4,2025-10-28 16:00:00,1,0.25,2025-10-28 16:15:00,3943.73,35.0,264.4,3.0,,,,,,508.99,True,True,3943.73,0.0,SL,False,,,NO_ENTRY,False,,,NO_ENTRY,False,,,NO_ENTRY,False,,,NO_ENTRY,False,,,NO_ENTRY,54.6,264.4,,,,,,,,,,
4405,3963.93,SELL,WICK_H4,H4,2025-10-29 00:00:00,1,2.0,2025-10-29 02:00:00,3967.43,35.0,146.9,0.5,0.0,0.0,,,,498.29,True,True,3967.43,0.0,SL,True,3963.93,0.0,SL,True,3967.43,0.0,SL,False,,,NO_ENTRY,False,,,NO_ENTRY,False,,,NO_ENTRY,235.6,146.9,200.6,181.9,235.6,146.9,,,,,,
4407,3982.12,SELL,WICK_H4,H4,2025-10-29 04:00:00,1,5.0,2025-10-29 09:00:00,3985.62,35.0,439.2,2.75,,,,,,499.54,True,True,3985.62,0.0,SL,False,,,NO_ENTRY,False,,,NO_ENTRY,False,,,NO_ENTRY,False,,,NO_ENTRY,False,,,NO_ENTRY,107.1,439.7,,,,,,,,,,
4418,3966.47,SELL,WICK_H4,H4,2025-10-30 04:00:00,1,2.75,2025-10-30 06:45:00,3969.97,35.0,116.9,0.0,0.25,0.25,0.5,,,510.88,True,True,3969.97,0.0,SL,True,3966.47,0.25,SL,True,3969.97,0.25,SL,False,,,NO_ENTRY,False,,,NO_ENTRY,False,,,NO_ENTRY,230.2,116.9,195.2,403.0,230.2,368.0,,,,,,
4420,3982.37,SELL,WICK_H4,H4,2025-10-30 08:00:00,1,3.25,2025-10-30 11:15:00,3985.87,35.0,257.3,0.0,,,,,,514.25,True,True,3985.87,0.0,SL,False,,,NO_ENTRY,False,,,NO_ENTRY,False,,,NO_ENTRY,False,,,NO_ENTRY,False,,,NO_ENTRY,254.2,257.3,,,,,,,,,,
4424,4000.7,SELL,WICK_H4,H4,2025-10-30 16:00:00,1,0.25,2025-10-30 16:15:00,4004.2,35.0,135.9,3.5,0.0,0.0,0.25,,,492.35,True,True,4004.2,0.0,SL,True,4000.7,0.0,SL,True,4004.2,0.0,SL,False,,,NO_ENTRY,False,,,NO_ENTRY,True,4000.7,0.25,TP,175.5,135.9,140.5,170.9,175.5,135.9,,,,,140.5,170.9
4426,4017.79,SELL,WICK_H4,H4,2025-10-30 20:00:00,1,1.25,2025-10-30 21:15:00,4021.29,35.0,56.6,1.5,,0.0,,,,476.47,True,True,4021.29,0.0,SL,False,,,NO_ENTRY,True,4021.29,0.0,SL,False,,,NO_ENTRY,False,,,NO_ENTRY,False,,,NO_ENTRY,51.4,249.4,,,51.4,249.4,,,,,,
4428,4026.95,SELL,WICK_H4,H4,2025-10-31 00:00:00,1,0.75,2025-10-31 00:45:00,4030.45,35.0,157.8,0.0,2.0,0.25,3.0,,,466.51,True,True,4030.45,0.0,SL,True,4026.95,2.0,SL,True,4030.45,0.25,SL,False,,,NO_ENTRY,True,4018.78,3.0,TP,False,,,NO_ENTRY,291.1,157.8,380.8,122.5,395.6,125.1,,,299.1,66.4,,
4433,4026.49,SELL,WICK_H4,H4,2025-10-31 12:00:00,1,2.75,2025-10-31 14:45:00,4029.99,35.0,61.4,0.0,0.0,0.0,0.75,,,435.27,True,True,4029.99,0.0,SL,True,4026.49,0.0,SL,True,4029.99,0.0,SL,False,,,NO_ENTRY,False,,,NO_ENTRY,False,,,NO_ENTRY,576.4,61.4,541.4,96.4,576.4,61.4,,,,,,
4441,4001.73,SELL,WICK_H4,H4,2025-11-03 04:00:00,1,0.5,2025-11-03 04:30:00,4005.23,35.0,129.6,3.0,0.0,0.0,,,,412.56,True,True,4005.23,0.0,TP,True,4001.73,0.0,SL,True,4005.23,0.0,TP,False,,,NO_ENTRY,False,,,NO_ENTRY,False,,,NO_ENTRY,102.4,131.4,67.4,166.4,102.4,131.4,,,,,,
4443,4018.19,SELL,WICK_H4,H4,2025-11-03 08:00:00,2,1.0,2025-11-03 09:00:00,4021.69,35.0,62.8,1.0,0.0,0.0,1.25,2.5,,408.05,True,True,4021.69,0.0,SL,True,4018.19,0.0,SL,True,4021.69,0.0,SL,False,,,NO_ENTRY,True,4006.98,2.25,TP,False,,,NO_ENTRY,286.7,62.8,251.7,97.8,286.7,62.8,,,139.6,149.0,,
4447,4020.22,SELL,WICK_H4,H4,2025-11-03 16:00:00,2,1.0,2025-11-03 17:00:00,4023.72,35.0,66.4,0.0,0.25,0.25,0.25,0.75,,394.15,True,True,4023.72,0.0,SL,True,4020.22,0.25,SL,True,4023.72,0.25,SL,False,,,NO_ENTRY,True,3997.98,1.25,SL,False,,,NO_ENTRY,285.5,66.4,250.5,84.4,285.5,49.4,,,28.1,168.4,,
4464,3949.33,SELL,WICK_H4,H4,2025-11-05 04:00:00,1,1.0,2025-11-05 05:00:00,3952.83,35.0,255.5,2.25,,0.0,,,,353.64,True,True,3952.83,0.0,SL,False,,,NO_ENTRY,True,3952.83,0.0,SL,False,,,NO_ENTRY,False,,,NO_ENTRY,False,,,NO_ENTRY,54.2,255.5,,,54.2,255.5,,,,,,
4466,3978.38,SELL,WICK_H4,H4,2025-11-05 08:00:00,1,2.25,2025-11-05 10:15:00,3981.88,35.0,40.1,0.25,0.75,0.0,1.0,1.0,,346.38,True,True,3981.88,0.0,SL,True,3978.38,0.75,SL,True,3981.88,0.0,SL,False,,,NO_ENTRY,False,,,NO_ENTRY,False,,,NO_ENTRY,258.1,40.1,223.1,28.4,258.1,40.1,,,,,,
4469,3979.29,SELL,WICK_H4,H4,2025-11-05 16:00:00,1,0.25,2025-11-05 16:15:00,3982.79,35.0,74.6,2.5,0.25,0.25,0.5,0.75,,332.79,True,True,3982.79,0.0,SL,True,3979.29,0.25,SL,True,3982.79,0.25,SL,False,,,NO_ENTRY,False,,,NO_ENTRY,False,,,NO_ENTRY,187.6,74.6,152.6,109.6,187.6,74.6,,,,,,
4474,3980.75,SELL,WICK_H4,H4,2025-11-06 04:00:00,1,1.0,2025-11-06 05:00:00,3984.25,35.0,63.1,2.25,,,,,,296.57,True,True,3984.25,0.0,SL,False,,,NO_ENTRY,False,,,NO_ENTRY,False,,,NO_ENTRY,False,,,NO_ENTRY,False,,,NO_ENTRY,49.0,143.8,,,,,,,,,,
4476,3990.56,SELL,WICK_H4,H4,2025-11-06 08:00:00,1,1.0,2025-11-06 09:00:00,3994.06,35.0,226.4,1.5,,,,,,300.03,True,True,3994.06,0.0,SL,False,,,NO_ENTRY,False,,,NO_ENTRY,False,,,NO_ENTRY,False,,,NO_ENTRY,False,,,NO_ENTRY,30.9,226.4,,,,,,,,,,
4484,3995.06,SELL,WICK_H4,H4,2025-11-07 00:00:00,1,3.25,2025-11-07 03:15:00,3998.56,35.0,46.1,0.75,1.25,0.0,1.75,,,294.68,True,True,3998.56,0.0,SL,True,3995.06,1.25,SL,True,3998.56,0.0,SL,True,3994.88,4.75,SL,False,,,NO_ENTRY,True,3995.06,2.25,SL,130.8,46.1,95.8,79.0,130.8,46.1,27.8,192.0,,,95.8,146.6
4486,4003.17,SELL,WICK_H4,H4,2025-11-07 08:00:00,1,1.0,2025-11-07 09:00:00,4006.67,35.0,74.1,2.25,,0.25,,,,281.52,True,True,4006.67,0.0,SL,False,,,NO_ENTRY,True,4006.67,0.25,SL,False,,,NO_ENTRY,False,,,NO_ENTRY,False,,,NO_ENTRY,41.6,74.1,,,86.9,74.1,,,,,,
4490,4011.73,SELL,WICK_H4,H4,2025-11-07 16:00:00,1,2.75,2025-11-07 18:45:00,4015.23,35.0,66.8,0.0,0.0,0.0,0.0,0.25,,286.98,True,True,4015.23,0.0,SL,True,4011.73,0.0,SL,True,4015.23,0.0,SL,False,,,NO_ENTRY,False,,,NO_ENTRY,False,,,NO_ENTRY,229.9,66.8,194.9,101.8,229.9,66.8,,,,,,
4494,4009.01,SELL,WICK_H4,H4,2025-11-08 00:00:00,1,50.0,2025-11-10 02:00:00,4012.51,35.0,407.3,1.5,,,,,,296.72,True,True,4012.51,0.0,SL,False,,,NO_ENTRY,False,,,NO_ENTRY,False,,,NO_ENTRY,False,,,NO_ENTRY,False,,,NO_ENTRY,15.5,441.7,,,,,,,,,,
4496,4053.24,SELL,WICK_H4,H4,2025-11-10 04:00:00,1,3.5,2025-11-10 07:30:00,4056.74,35.0,294.1,4.0,,,,,,298.55,True,True,4056.74,0.0,SL,False,,,NO_ENTRY,False,,,NO_ENTRY,False,,,NO_ENTRY,False,,,NO_ENTRY,False,,,NO_ENTRY,20.6,294.1,,,,,,,,,,
4499,4086.15,SELL,WICK_H4,H4,2025-11-10 12:00:00,1,2.25,2025-11-10 14:15:00,4089.65,35.0,161.2,0.75,,,,,,291.71,True,True,4089.65,0.0,SL,False,,,NO_ENTRY,False,,,NO_ENTRY,False,,,NO_ENTRY,False,,,NO_ENTRY,False,,,NO_ENTRY,154.3,161.2,,,,,,,,,,
4501,4105.77,SELL,WICK_H4,H4,2025-11-10 16:00:00,1,4.5,2025-11-10 20:30:00,4109.27,35.0,318.4,7.0,,0.0,,,,281.04,True,True,4109.27,0.0,SL,False,,,NO_ENTRY,True,4109.27,0.0,SL,False,,,NO_ENTRY,False,,,NO_ENTRY,False,,,NO_ENTRY,36.7,113.0,,,36.7,113.0,,,,,,
4503,4141.11,SELL,WICK_H4,H4,2025-11-11 04:00:00,1,1.25,2025-11-11 05:15:00,4144.61,35.0,43.3,0.75,1.75,0.0,1.75,2.25,,277.64,True,True,4144.61,0.0,SL,True,4141.11,1.75,SL,True,4144.61,0.0,SL,False,,,NO_ENTRY,False,,,NO_ENTRY,False,,,NO_ENTRY,199.9,43.3,164.9,32.4,199.9,43.3,,,,,,
4512,4131.68,SELL,WICK_H4,H4,2025-11-12 00:00:00,1,1.25,2025-11-12 01:15:00,4135.18,35.0,102.0,0.75,2.0,1.5,1.75,,,269.44,True,True,4135.18,0.0,SL,True,4131.68,2.0,SL,True,4135.18,1.5,SL,False,,,NO_ENTRY,False,,,NO_ENTRY,False,,,NO_ENTRY,186.1,102.0,281.4,39.0,316.4,74.5,,,,,,
4517,4133.43,SELL,WICK_H4,H4,2025-11-12 12:00:00,1,2.5,2025-11-12 14:30:00,4136.93,35.0,23.0,0.0,0.25,0.0,0.25,0.5,,273.68,True,True,4136.93,0.0,TP,True,4133.43,0.25,SL,True,4136.93,0.0,TP,False,,,NO_ENTRY,False,,,NO_ENTRY,False,,,NO_ENTRY,143.5,590.0,108.5,642.4,143.5,590.0,,,,,,
4518,4139.23,SELL,WICK_H4,H4,2025-11-12 16:00:00,1,1.0,2025-11-12 17:00:00,4142.73,35.0,636.3,2.5,,,0.0,,,312.31,True,True,4142.73,0.0,SL,False,,,NO_ENTRY,False,,,NO_ENTRY,False,,,NO_ENTRY,False,,,NO_ENTRY,False,,,NO_ENTRY,82.8,689.4,,,,,,,,,,
4520,4206.36,SELL,WICK_H4,H4,2025-11-12 20:00:00,1,0.5,2025-11-12 20:30:00,4209.86,35.0,5.1,0.0,0.5,0.0,0.5,0.5,,305.22,True,True,4209.86,0.0,TP,True,4206.36,0.5,SL,True,4209.86,0.0,TP,False,,,NO_ENTRY,False,,,NO_ENTRY,False,,,NO_ENTRY,225.2,5.1,202.3,37.0,225.2,5.1,,,,,,
4524,4209.11,SELL,WICK_H4,H4,2025-11-13 04:00:00,1,2.0,2025-11-13 06:00:00,4212.61,35.0,66.7,0.0,0.5,0.25,0.5,,,308.35,True,True,4212.61,0.0,SL,True,4209.11,0.5,SL,True,4212.61,0.25,SL,False,,,NO_ENTRY,False,,,NO_ENTRY,False,,,NO_ENTRY,95.1,177.7,60.1,302.0,95.1,253.6,,,,,,
4526,4219.28,SELL,WICK_H4,H4,2025-11-13 08:00:00,1,2.0,2025-11-13 10:00:00,4222.78,35.0,165.7,1.25,,,,,,312.22,True,True,4222.78,0.0,SL,False,,,NO_ENTRY,False,,,NO_ENTRY,False,,,NO_ENTRY,False,,,NO_ENTRY,False,,,NO_ENTRY,38.1,172.9,,,,,,,,,,
4528,4239.35,SELL,WICK_H4,H4,2025-11-13 12:00:00,2,3.0,2025-11-13 15:00:00,4242.85,35.0,9.1,0.0,0.0,0.0,0.0,0.0,,308.54,True,True,4242.85,0.0,TP,True,4239.35,0.0,SL,True,4242.85,0.0,TP,False,,,NO_ENTRY,False,,,NO_ENTRY,False,,,NO_ENTRY,586.0,9.1,551.0,44.1,586.0,9.1,,,,,,
4534,4193.79,SELL,WICK_H4,H4,2025-11-14 04:00:00,1,0.25,2025-11-14 04:15:00,4197.29,35.0,138.9,1.25,2.75,2.75,2.75,,,327.85,True,True,4197.29,0.0,SL,True,4193.79,2.75,SL,True,4197.29,2.75,SL,False,,,NO_ENTRY,True,4189.26,2.75,SL,False,,,NO_ENTRY,239.7,138.9,351.5,96.5,386.5,61.5,,,306.2,141.8,,
4560,4035.68,SELL,WICK_H4,H4,2025-11-18 08:00:00,1,2.75,2025-11-18 10:45:00,4039.18,35.0,78.9,1.0,0.25,0.0,,,,411.44,True,True,4039.18,0.0,SL,True,4035.68,0.25,SL,True,4039.18,0.0,SL,False,,,NO_ENTRY,False,,,NO_ENTRY,False,,,NO_ENTRY,101.2,110.5,66.2,145.5,101.2,110.5,,,,,,
4562,4047.07,SELL,WICK_H4,H4,2025-11-18 12:00:00,2,3.5,2025-11-18 15:30:00,4050.57,35.0,195.5,0.25,,,,,,411.38,True,True,4050.57,0.0,SL,False,,,NO_ENTRY,False,,,NO_ENTRY,False,,,NO_ENTRY,False,,,NO_ENTRY,False,,,NO_ENTRY,102.5,311.1,,,,,,,,,,
4564,4070.12,SELL,WICK_H4,H4,2025-11-18 16:00:00,1,0.25,2025-11-18 16:15:00,4073.62,35.0,80.6,0.25,0.5,0.25,0.5,1.5,,411.54,True,True,4073.62,0.0,SL,True,4070.12,0.5,SL,True,4073.62,0.25,SL,False,,,NO_ENTRY,True,4052.85,1.5,TP,True,4070.12,2.75,TP,333.0,80.6,298.0,73.5,333.0,80.6,,,125.3,289.6,107.9,120.6
4570,4078.4,SELL,WICK_H4,H4,2025-11-19 04:00:00,2,3.25,2025-11-19 07:15:00,4081.9,35.0,153.7,0.25,,,,,,385.99,True,True,4081.9,0.0,SL,False,,,NO_ENTRY,False,,,NO_ENTRY,False,,,NO_ENTRY,False,,,NO_ENTRY,False,,,NO_ENTRY,37.5,165.6,,,,,,,,,,
4572,4097.27,SELL,WICK_H4,H4,2025-11-19 08:00:00,2,3.75,2025-11-19 11:45:00,4100.77,35.0,153.8,0.0,,,,,,385.56,True,True,4100.77,0.0,SL,False,,,NO_ENTRY,False,,,NO_ENTRY,False,,,NO_ENTRY,False,,,NO_ENTRY,False,,,NO_ENTRY,25.7,189.7,,,,,,,,,,
4574,4116.15,SELL,WICK_H4,H4,2025-11-19 12:00:00,3,2.5,2025-11-19 14:30:00,4119.65,35.0,0.9,0.0,0.25,0.0,0.5,0.75,,371.64,True,True,4119.65,0.0,TP,True,4116.15,0.25,SL,True,4119.65,0.0,TP,False,,,NO_ENTRY,True,4103.0,0.5,SL,False,,,NO_ENTRY,518.7,130.8,483.7,165.8,518.7,130.8,,,475.6,297.3,,
4576,4119.74,SELL,WICK_H4,H4,2025-11-19 16:00:00,1,1.0,2025-11-19 17:00:00,4123.24,35.0,94.9,0.25,0.25,0.25,0.5,0.75,1.25,400.31,True,True,4123.24,0.0,SL,True,4119.74,0.25,SL,True,4123.24,0.25,SL,False,,,NO_ENTRY,True,4096.53,0.75,TP,False,,,NO_ENTRY,678.0,94.9,643.0,129.9,678.0,94.9,,,410.9,141.5,,
4580,4091.16,SELL,WICK_H4,H4,2025-11-20 00:00:00,1,1.75,2025-11-20 01:45:00,4094.66,35.0,153.5,0.25,2.0,1.5,2.0,,,385.27,True,True,4094.66,0.0,SL,True,4091.16,2.0,SL,True,4094.66,1.5,SL,False,,,NO_ENTRY,False,,,NO_ENTRY,False,,,NO_ENTRY,534.4,153.5,499.4,71.2,534.4,42.8,,,,,,
4585,4077.63,SELL,WICK_H4,H4,2025-11-20 12:00:00,1,2.75,2025-11-20 14:45:00,4081.13,35.0,148.3,0.75,,0.75,0.75,,,393.72,True,True,4081.13,0.0,SL,False,,,NO_ENTRY,True,4081.13,0.75,SL,False,,,NO_ENTRY,False,,,NO_ENTRY,False,,,NO_ENTRY,364.5,258.7,,,375.1,258.7,,,,,,
4597,4064.61,SELL,WICK_H4,H4,2025-11-21 12:00:00,1,3.25,2025-11-21 15:15:00,4068.11,35.0,328.8,3.75,1.25,0.0,2.25,,,404.99,True,True,4068.11,0.0,SL,True,4064.61,1.25,SL,True,4068.11,0.0,SL,False,,,NO_ENTRY,False,,,NO_ENTRY,False,,,NO_ENTRY,131.0,328.8,96.0,363.8,131.0,328.8,,,,,,
4606,4061.1,SELL,WICK_H4,H4,2025-11-24 08:00:00,1,1.75,2025-11-24 09:45:00,4064.6,35.0,94.6,1.25,0.0,0.0,,,,381.57,True,True,4064.6,0.0,SL,True,4061.1,0.0,SL,True,4064.6,0.0,SL,False,,,NO_ENTRY,False,,,NO_ENTRY,False,,,NO_ENTRY,63.4,125.4,28.4,160.4,63.4,125.4,,,,,,
4608,4074.06,SELL,WICK_H4,H4,2025-11-24 12:00:00,2,2.75,2025-11-24 14:45:00,4077.56,35.0,81.0,0.75,,0.75,,,,370.45,True,True,4077.56,0.0,SL,False,,,NO_ENTRY,True,4077.56,0.75,SL,False,,,NO_ENTRY,False,,,NO_ENTRY,False,,,NO_ENTRY,94.9,212.9,,,94.9,220.6,,,,,,
4609,4085.66,SELL,WICK_H4,H4,2025-11-24 16:00:00,1,1.0,2025-11-24 17:00:00,4089.16,35.0,111.8,2.75,,0.25,,,,367.04,True,True,4089.16,0.0,SL,False,,,NO_ENTRY,True,4089.16,0.25,SL,False,,,NO_ENTRY,False,,,NO_ENTRY,False,,,NO_ENTRY,80.1,365.6,,,21.2,365.6,,,,,,
4611,4100.34,SELL,WICK_H4,H4,2025-11-24 20:00:00,1,0.75,2025-11-24 20:45:00,4103.84,35.0,359.7,3.0,,,,,,377.96,True,True,4103.84,0.0,SL,False,,,NO_ENTRY,False,,,NO_ENTRY,False,,,NO_ENTRY,False,,,NO_ENTRY,False,,,NO_ENTRY,-63.2,402.2,,,,,,,,,,
4613,4139.81,SELL,WICK_H4,H4,2025-11-25 00:00:00,1,2.0,2025-11-25 02:00:00,4143.31,35.0,10.6,0.0,0.0,0.0,0.25,1.0,,366.64,True,True,4143.31,0.0,TP,True,4139.81,0.0,SL,True,4143.31,0.0,TP,False,,,NO_ENTRY,False,,,NO_ENTRY,False,,,NO_ENTRY,209.0,125.0,174.0,160.0,209.0,125.0,,,,,,
4615,4144.37,SELL,WICK_H4,H4,2025-11-25 04:00:00,1,0.5,2025-11-25 04:30:00,4147.87,35.0,79.4,0.25,1.25,0.5,,,,357.05,True,True,4147.87,0.0,SL,True,4144.37,1.25,SL,True,4147.87,0.5,SL,False,,,NO_ENTRY,False,,,NO_ENTRY,False,,,NO_ENTRY,95.5,79.4,144.3,76.1,95.5,41.1,,,,,,
4620,4150.59,SELL,WICK_H4,H4,2025-11-25 16:00:00,1,3.5,2025-11-25 19:30:00,4154.09,35.0,50.2,0.0,0.25,0.0,0.25,,,369.63,True,True,4154.09,0.0,SL,True,4150.59,0.25,SL,True,4154.09,0.0,SL,False,,,NO_ENTRY,False,,,NO_ENTRY,False,,,NO_ENTRY,265.5,50.2,230.5,27.4,265.5,50.2,,,,,,
4626,4152.68,SELL,WICK_H4,H4,2025-11-26 04:00:00,1,0.25,2025-11-26 04:15:00,4156.18,35.0,129.6,1.5,,,,,,341.21,True,True,4156.18,0.0,SL,False,,,NO_ENTRY,False,,,NO_ENTRY,False,,,NO_ENTRY,False,,,NO_ENTRY,False,,,NO_ENTRY,60.7,129.6,,,,,,,,,,
4629,4168.33,SELL,WICK_H4,H4,2025-11-26 12:00:00,1,1.75,2025-11-26 13:45:00,4171.83,35.0,14.7,0.25,0.5,0.0,0.5,1.0,,326.28,True,True,4171.83,0.0,TP,True,4168.33,0.5,SL,True,4171.83,0.0,TP,False,,,NO_ENTRY,True,4155.07,1.0,SL,False,,,NO_ENTRY,348.5,14.7,313.5,25.3,348.5,14.7,,,180.9,132.7,,
4639,4156.04,SELL,WICK_H4,H4,2025-11-27 08:00:00,1,1.0,2025-11-27 09:00:00,4159.54,35.0,77.1,1.75,2.0,0.25,2.25,,,286.27,True,True,4159.54,0.0,SL,True,4156.04,2.0,SL,True,4159.54,0.25,SL,False,,,NO_ENTRY,False,,,NO_ENTRY,False,,,NO_ENTRY,112.4,77.1,77.4,96.5,112.4,77.1,,,,,,
4646,4160.18,SELL,WICK_H4,H4,2025-11-28 00:00:00,1,2.0,2025-11-28 02:00:00,4163.68,35.0,294.0,1.5,,,,,,255.31,True,True,4163.68,0.0,SL,False,,,NO_ENTRY,False,,,NO_ENTRY,False,,,NO_ENTRY,False,,,NO_ENTRY,False,,,NO_ENTRY,8.7,294.0,,,,,,,,,,
4650,4188.65,SELL,WICK_H4,H4,2025-11-28 12:00:00,1,4.25,2025-11-28 16:15:00,4192.15,35.0,343.9,4.25,,0.75,,,,261.93,True,True,4192.15,0.0,SL,False,,,NO_ENTRY,True,4192.15,0.75,SL,False,,,NO_ENTRY,False,,,NO_ENTRY,False,,,NO_ENTRY,65.4,283.6,,,65.4,343.9,,,,,,
4653,4226.54,SELL,WICK_H4,H4,2025-11-29 00:00:00,2,50.5,2025-12-01 02:30:00,4230.04,35.0,264.3,1.5,4.75,0.5,0.5,4.75,,272.23,True,True,4230.04,0.0,SL,True,4226.54,4.75,SL,True,4230.04,0.5,SL,True,4229.44,5.5,SL,True,4220.06,4.75,SL,False,,,NO_ENTRY,104.0,264.3,111.6,269.4,104.0,264.3,32.4,327.6,46.8,334.2,,
4657,4253.48,SELL,WICK_H4,H4,2025-12-01 12:00:00,1,0.25,2025-12-01 12:15:00,4256.98,35.0,73.8,3.25,0.0,0.0,1.0,,,275.85,True,True,4256.98,0.0,TP,True,4253.48,0.0,SL,True,4256.98,0.0,TP,False,,,NO_ENTRY,True,4246.41,2.5,SL,False,,,NO_ENTRY,184.4,73.8,149.4,108.8,184.4,73.8,,,269.0,179.5,,
4669,4215.11,SELL,WICK_H4,H4,2025-12-02 16:00:00,1,0.25,2025-12-02 16:15:00,4218.61,35.0,120.3,0.0,0.75,0.25,0.75,1.0,1.0,313.63,True,True,4218.61,0.0,SL,True,4215.11,0.75,SL,True,4218.61,0.25,SL,False,,,NO_ENTRY,True,4169.47,1.5,SL,False,,,NO_ENTRY,548.0,120.3,513.0,43.0,548.0,106.0,,,56.6,307.6,,
4673,4212.25,SELL,WICK_H4,H4,2025-12-03 00:00:00,3,3.25,2025-12-03 03:15:00,4215.75,35.0,39.1,0.0,,0.5,,,,302.89,True,True,4215.75,0.0,SL,False,,,NO_ENTRY,True,4215.75,0.5,SL,False,,,NO_ENTRY,False,,,NO_ENTRY,False,,,NO_ENTRY,26.0,130.1,,,125.3,130.1,,,,,,
4675,4220.83,SELL,WICK_H4,H4,2025-12-03 04:00:00,1,0.25,2025-12-03 04:15:00,4224.33,35.0,44.3,0.25,1.75,0.0,3.25,3.25,,299.5,True,True,4224.33,0.0,SL,True,4220.83,1.75,SL,True,4224.33,0.0,SL,False,,,NO_ENTRY,True,4220.26,1.75,SL,True,4220.83,3.25,TP,211.1,44.3,208.0,43.9,211.1,44.3,,,202.3,49.6,239.3,-0.3
4679,4211.71,SELL,WICK_H4,H4,2025-12-03 12:00:00,1,3.0,2025-12-03 15:00:00,4215.21,35.0,261.0,1.5,0.0,0.0,1.75,3.75,,299.26,True,True,4215.21,0.0,SL,True,4211.71,0.0,SL,True,4215.21,0.0,SL,True,4210.99,5.0,TP,True,4200.77,3.75,SL,False,,,NO_ENTRY,194.6,261.0,159.6,296.0,194.6,261.0,160.3,17.7,58.1,200.8,,
4684,4212.76,SELL,WICK_H4,H4,2025-12-04 00:00:00,1,3.75,2025-12-04 03:45:00,4216.26,35.0,4.5,0.0,0.0,0.0,0.0,,,289.53,True,True,4216.26,0.0,TP,True,4212.76,0.0,SL,True,4216.26,0.0,TP,False,,,NO_ENTRY,False,,,NO_ENTRY,False,,,NO_ENTRY,415.0,4.5,380.0,39.5,415.0,4.5,,,,,,
4690,4206.42,SELL,WICK_H4,H4,2025-12-04 16:00:00,1,0.5,2025-12-04 16:30:00,4209.92,35.0,93.2,1.75,0.0,0.0,0.0,0.0,,283.44,True,True,4209.92,0.0,SL,True,4206.42,0.0,SL,True,4209.92,0.0,SL,False,,,NO_ENTRY,False,,,NO_ENTRY,True,4206.42,0.75,SL,186.3,93.2,151.3,128.2,186.3,93.2,,,,,69.9,128.2
4695,4210.3,SELL,WICK_H4,H4,2025-12-05 04:00:00,1,2.0,2025-12-05 06:00:00,4213.8,35.0,168.1,3.25,,0.0,,,,265.97,True,True,4213.8,0.0,SL,False,,,NO_ENTRY,True,4213.8,0.0,SL,False,,,NO_ENTRY,True,4222.88,4.0,SL,False,,,NO_ENTRY,60.1,168.1,,,60.1,168.1,,,71.9,66.6,,
4698,4230.61,SELL,WICK_H4,H4,2025-12-05 12:00:00,1,3.25,2025-12-05 15:15:00,4234.11,35.0,46.0,0.25,,0.0,0.0,,,252.67,True,True,4234.11,0.0,SL,False,,,NO_ENTRY,True,4234.11,0.0,SL,False,,,NO_ENTRY,False,,,NO_ENTRY,False,,,NO_ENTRY,356.4,250.0,,,356.4,250.0,,,,,,
4700,4238.71,SELL,WICK_H4,H4,2025-12-05 16:00:00,2,1.0,2025-12-05 17:00:00,4242.21,35.0,169.0,0.5,1.0,0.0,0.0,1.0,1.0,277.93,True,True,4242.21,0.0,SL,True,4238.71,1.0,SL,True,4242.21,0.0,SL,False,,,NO_ENTRY,True,4203.41,1.0,SL,False,,,NO_ENTRY,437.4,169.0,402.4,68.6,437.4,169.0,,,49.4,421.6,,
4706,4211.66,SELL,WICK_H4,H4,2025-12-08 04:00:00,4,3.75,2025-12-08 07:45:00,4215.16,35.0,37.5,0.75,1.75,1.25,2.0,,,263.36,True,True,4215.16,0.0,SL,True,4211.66,1.75,SL,True,4215.16,1.25,TP,True,4207.8,4.25,SL,False,,,NO_ENTRY,True,4211.66,3.0,TP,121.9,37.5,120.8,47.3,155.8,21.9,103.4,75.2,,,120.8,36.6
4717,4198.62,SELL,WICK_H4,H4,2025-12-09 08:00:00,1,3.25,2025-12-09 11:15:00,4202.12,35.0,105.9,0.0,,,,,,247.69,True,True,4202.12,0.0,SL,False,,,NO_ENTRY,False,,,NO_ENTRY,False,,,NO_ENTRY,False,,,NO_ENTRY,False,,,NO_ENTRY,38.4,105.9,,,,,,,,,,
4721,4208.17,SELL,WICK_H4,H4,2025-12-09 16:00:00,2,1.75,2025-12-09 17:45:00,4211.67,35.0,95.0,1.0,1.5,1.25,0.0,0.0,,244.63,True,True,4211.67,0.0,SL,True,4208.17,1.5,SL,True,4211.67,1.25,SL,False,,,NO_ENTRY,False,,,NO_ENTRY,False,,,NO_ENTRY,131.0,95.0,70.0,77.7,105.0,45.4,,,,,,
4734,4206.92,SELL,WICK_H4,H4,2025-12-10 20:00:00,1,1.25,2025-12-10 21:15:00,4210.42,35.0,280.9,1.0,0.0,0.0,0.0,0.0,0.25,240.9,True,True,4210.42,0.0,SL,True,4206.92,0.0,SL,True,4210.42,0.0,SL,False,,,NO_ENTRY,True,4187.49,0.25,SL,False,,,NO_ENTRY,285.5,346.0,250.5,381.0,285.5,346.0,,,56.2,575.3,,
4736,4238.51,SELL,WICK_H4,H4,2025-12-11 00:00:00,1,2.25,2025-12-11 02:15:00,4242.01,35.0,53.9,0.75,0.5,0.0,0.5,,,240.45,True,True,4242.01,0.0,SL,True,4238.51,0.5,SL,True,4242.01,0.0,SL,False,,,NO_ENTRY,False,,,NO_ENTRY,True,4238.51,1.25,TP,327.2,53.9,301.6,88.9,327.2,53.9,,,,,316.0,22.1
4743,4225.73,SELL,WICK_H4,H4,2025-12-11 16:00:00,1,0.25,2025-12-11 16:15:00,4229.23,35.0,523.7,3.0,,,,,,268.5,True,True,4229.23,0.0,SL,False,,,NO_ENTRY,False,,,NO_ENTRY,False,,,NO_ENTRY,False,,,NO_ENTRY,False,,,NO_ENTRY,59.1,565.4,,,,,,,,,,
4745,4281.6,SELL,WICK_H4,H4,2025-12-11 20:00:00,1,0.25,2025-12-11 20:15:00,4285.1,35.0,3.2,0.0,0.5,0.0,0.25,0.5,,265.64,True,True,4285.1,0.0,TP,True,4281.6,0.5,TP,True,4285.1,0.0,TP,False,,,NO_ENTRY,False,,,NO_ENTRY,False,,,NO_ENTRY,221.8,3.2,186.8,18.9,221.8,3.2,,,,,,
4751,4280.38,SELL,WICK_H4,H4,2025-12-12 08:00:00,1,1.0,2025-12-12 09:00:00,4283.88,35.0,362.1,2.75,,,,,,265.11,True,True,4283.88,0.0,SL,False,,,NO_ENTRY,False,,,NO_ENTRY,False,,,NO_ENTRY,False,,,NO_ENTRY,False,,,NO_ENTRY,25.8,546.6,,,,,,,,,,
4753,4320.09,SELL,WICK_H4,H4,2025-12-12 12:00:00,1,0.5,2025-12-12 12:30:00,4323.59,35.0,224.3,3.0,,,0.0,,,268.67,True,True,4323.59,0.0,SL,False,,,NO_ENTRY,False,,,NO_ENTRY,False,,,NO_ENTRY,False,,,NO_ENTRY,False,,,NO_ENTRY,72.5,224.3,,,,,,,,,,
4755,4346.02,SELL,WICK_H4,H4,2025-12-12 16:00:00,1,1.0,2025-12-12 17:00:00,4349.52,35.0,17.8,0.0,0.0,0.0,0.0,0.25,0.25,318.26,True,True,4349.52,0.0,TP,True,4346.02,0.0,SL,True,4349.52,0.0,TP,False,,,NO_ENTRY,True,4300.47,0.25,SL,False,,,NO_ENTRY,925.2,17.8,890.2,52.8,925.2,17.8,,,434.7,448.3,,
4759,4304.04,SELL,WICK_H4,H4,2025-12-13 00:00:00,1,49.5,2025-12-15 01:30:00,4307.54,35.0,180.0,2.25,0.25,0.0,,,,306.95,True,True,4307.54,0.0,SL,True,4304.04,0.25,SL,True,4307.54,0.0,SL,False,,,NO_ENTRY,False,,,NO_ENTRY,True,4304.04,0.75,SL,74.8,220.1,39.8,255.1,74.8,220.1,,,,,31.6,258.9
4761,4325.54,SELL,WICK_H4,H4,2025-12-15 04:00:00,2,1.0,2025-12-15 05:00:00,4329.04,35.0,209.6,6.25,0.0,0.0,0.25,,,302.93,True,True,4329.04,0.0,SL,True,4325.54,0.0,SL,True,4329.04,0.0,SL,True,4342.39,7.0,SL,True,4342.3,6.75,SL,False,,,NO_ENTRY,98.6,181.0,63.6,216.0,98.6,181.0,141.6,58.7,117.2,59.6,,
4775,4291.97,SELL,WICK_H4,H4,2025-12-16 12:00:00,1,3.0,2025-12-16 15:00:00,4295.47,35.0,394.6,2.0,,3.5,,,,292.91,True,True,4295.47,0.0,SL,False,,,NO_ENTRY,True,4295.47,3.5,SL,True,4303.36,5.0,SL,True,4307.54,3.25,TP,False,,,NO_ENTRY,46.9,394.6,,,42.7,202.5,66.2,123.6,163.4,81.8,,
4780,4315.72,SELL,WICK_H4,H4,2025-12-17 00:00:00,1,3.25,2025-12-17 03:15:00,4319.22,35.0,230.8,4.5,1.5,0.0,1.5,,,292.25,True,True,4319.22,0.0,SL,True,4315.72,1.5,SL,True,4319.22,0.0,SL,False,,,NO_ENTRY,False,,,NO_ENTRY,False,,,NO_ENTRY,82.0,183.6,47.0,265.8,82.0,183.6,,,,,,
4785,4337.49,SELL,WICK_H4,H4,2025-12-17 12:00:00,1,3.75,2025-12-17 15:45:00,4340.99,35.0,29.7,0.0,,,0.0,,,299.11,True,True,4340.99,0.0,SL,False,,,NO_ENTRY,False,,,NO_ENTRY,False,,,NO_ENTRY,False,,,NO_ENTRY,False,,,NO_ENTRY,210.1,76.1,,,,,,,,,,
4787,4343.96,SELL,WICK_H4,H4,2025-12-17 16:00:00,2,1.5,2025-12-17 17:30:00,4347.46,35.0,11.4,0.0,0.0,0.0,0.0,0.0,,298.19,True,True,4347.46,0.0,TP,True,4343.96,0.0,SL,True,4347.46,0.0,TP,False,,,NO_ENTRY,False,,,NO_ENTRY,False,,,NO_ENTRY,274.8,11.4,239.8,46.4,274.8,11.4,,,,,,
4797,4337.59,SELL,WICK_H4,H4,2025-12-18 12:00:00,1,3.75,2025-12-18 15:45:00,4341.09,35.0,18.1,0.0,0.0,0.0,,,,263.08,True,True,4341.09,0.0,TP,True,4337.59,0.0,SL,True,4341.09,0.0,TP,False,,,NO_ENTRY,False,,,NO_ENTRY,False,,,NO_ENTRY,324.5,333.5,289.5,368.5,324.5,333.5,,,,,,
4799,4342.9,SELL,WICK_H4,H4,2025-12-18 16:00:00,1,2.25,2025-12-18 18:15:00,4346.4,35.0,280.4,0.0,0.75,0.75,0.75,0.75,,291.29,True,True,4346.4,0.0,SL,True,4342.9,0.75,SL,True,4346.4,0.75,SL,False,,,NO_ENTRY,False,,,NO_ENTRY,False,,,NO_ENTRY,243.2,280.4,208.2,204.7,243.2,169.7,,,,,,
4807,4328.8,SELL,WICK_H4,H4,2025-12-19 08:00:00,4,3.75,2025-12-19 11:45:00,4332.3,35.0,12.0,0.0,,0.0,,,,264.09,True,True,4332.3,0.0,TP,False,,,NO_ENTRY,True,4332.3,0.0,TP,False,,,NO_ENTRY,False,,,NO_ENTRY,False,,,NO_ENTRY,117.2,29.2,,,117.2,29.2,,,,,,
4811,4335.22,SELL,WICK_H4,H4,2025-12-19 16:00:00,2,1.25,2025-12-19 17:15:00,4338.72,35.0,171.2,2.5,,0.0,,,,263.3,True,True,4338.72,0.0,SL,False,,,NO_ENTRY,True,4338.72,0.0,SL,False,,,NO_ENTRY,False,,,NO_ENTRY,False,,,NO_ENTRY,37.0,176.3,,,37.0,176.3,,,,,,
4815,4356.35,SELL,WICK_H4,H4,2025-12-20 00:00:00,1,50.25,2025-12-22 02:15:00,4359.85,35.0,249.2,1.5,,,,,,273.74,True,True,4359.85,0.0,SL,False,,,NO_ENTRY,False,,,NO_ENTRY,False,,,NO_ENTRY,False,,,NO_ENTRY,False,,,NO_ENTRY,10.6,374.0,,,,,,,,,,
4817,4384.77,SELL,WICK_H4,H4,2025-12-22 04:00:00,1,0.75,2025-12-22 04:45:00,4388.27,35.0,210.7,2.75,,0.0,,,,276.29,True,True,4388.27,0.0,SL,False,,,NO_ENTRY,True,4388.27,0.0,SL,False,,,NO_ENTRY,False,,,NO_ENTRY,False,,,NO_ENTRY,62.0,317.0,,,62.0,317.0,,,,,,
4819,4409.34,SELL,WICK_H4,H4,2025-12-22 08:00:00,1,1.0,2025-12-22 09:00:00,4412.84,35.0,76.0,0.0,1.75,0.0,1.75,,,272.07,True,True,4412.84,0.0,SL,True,4409.34,1.75,SL,True,4412.84,0.0,SL,False,,,NO_ENTRY,False,,,NO_ENTRY,False,,,NO_ENTRY,69.0,76.0,34.0,66.4,69.0,76.0,,,,,,
4821,4420.44,SELL,WICK_H4,H4,2025-12-22 12:00:00,1,3.25,2025-12-22 15:15:00,4423.94,35.0,33.4,0.0,0.0,0.0,0.0,,,267.88,True,True,4423.94,0.0,SL,True,4420.44,0.0,SL,True,4423.94,0.0,SL,False,,,NO_ENTRY,False,,,NO_ENTRY,False,,,NO_ENTRY,120.8,180.9,85.8,215.9,120.8,180.9,,,,,,
4822,4427.28,SELL,WICK_H4,H4,2025-12-22 16:00:00,3,1.75,2025-12-22 17:45:00,4430.78,35.0,112.5,0.75,,,,,,270.3,True,True,4430.78,0.0,SL,False,,,NO_ENTRY,False,,,NO_ENTRY,False,,,NO_ENTRY,False,,,NO_ENTRY,False,,,NO_ENTRY,30.6,112.5,,,,,,,,,,
4824,4442.03,SELL,WICK_H4,H4,2025-12-22 20:00:00,1,3.25,2025-12-22 23:15:00,4445.53,35.0,33.1,0.25,,0.25,,,,265.42,True,True,4445.53,0.0,SL,False,,,NO_ENTRY,True,4445.53,0.25,SL,False,,,NO_ENTRY,False,,,NO_ENTRY,False,,,NO_ENTRY,32.7,450.6,,,24.9,519.8,,,,,,
4826,4448.84,SELL,WICK_H4,H4,2025-12-23 00:00:00,1,1.25,2025-12-23 01:15:00,4452.34,35.0,382.5,2.5,,,,,,279.99,True,True,4452.34,0.0,SL,False,,,NO_ENTRY,False,,,NO_ENTRY,False,,,NO_ENTRY,False,,,NO_ENTRY,False,,,NO_ENTRY,-2.9,451.7,,,,,,,,,,
4828,4490.59,SELL,WICK_H4,H4,2025-12-23 04:00:00,1,0.75,2025-12-23 04:45:00,4494.09,35.0,23.7,0.25,0.25,0.0,0.25,2.0,,276.3,True,True,4494.09,0.0,TP,True,4490.59,0.25,SL,True,4494.09,0.0,TP,False,,,NO_ENTRY,True,4482.44,2.0,SL,False,,,NO_ENTRY,249.0,23.7,214.0,58.7,249.0,23.7,,,132.5,105.5,,
4831,4492.99,SELL,WICK_H4,H4,2025-12-23 12:00:00,2,3.25,2025-12-23 15:15:00,4496.49,35.0,7.3,0.0,0.0,0.0,0.0,0.5,,271.2,True,True,4496.49,0.0,TP,True,4492.99,0.0,SL,True,4496.49,0.0,TP,False,,,NO_ENTRY,True,4479.0,0.5,TP,False,,,NO_ENTRY,661.7,7.3,626.7,42.3,661.7,7.3,,,486.8,117.0,,
4836,4499.67,SELL,WICK_H4,H4,2025-12-24 00:00:00,1,1.75,2025-12-24 01:45:00,4503.17,35.0,225.8,1.5,,,,,,295.29,True,True,4503.17,0.0,SL,False,,,NO_ENTRY,False,,,NO_ENTRY,False,,,NO_ENTRY,False,,,NO_ENTRY,False,,,NO_ENTRY,338.0,225.8,,,,,,,,,,
4842,4499.64,SELL,WICK_H4,H4,2025-12-24 16:00:00,1,40.25,2025-12-26 08:15:00,4503.14,35.0,172.4,2.75,,,,,,312.95,True,True,4503.14,0.0,SL,False,,,NO_ENTRY,False,,,NO_ENTRY,False,,,NO_ENTRY,False,,,NO_ENTRY,False,,,NO_ENTRY,-38.8,203.4,,,,,,,,,,
4845,4520.38,SELL,WICK_H4,H4,2025-12-26 12:00:00,2,3.75,2025-12-26 15:45:00,4523.88,35.0,19.0,0.0,,,0.0,,,309.1,True,True,4523.88,0.0,SL,False,,,NO_ENTRY,False,,,NO_ENTRY,False,,,NO_ENTRY,False,,,NO_ENTRY,False,,,NO_ENTRY,141.4,260.6,,,,,,,,,,
4847,4528.68,SELL,WICK_H4,H4,2025-12-26 16:00:00,1,0.5,2025-12-26 16:30:00,4532.18,35.0,177.6,1.5,0.0,0.0,0.0,0.25,,315.74,True,True,4532.18,0.0,TP,True,4528.68,0.0,SL,True,4532.18,0.0,TP,False,,,NO_ENTRY,False,,,NO_ENTRY,False,,,NO_ENTRY,224.4,177.6,189.4,212.6,224.4,177.6,,,,,,
4851,4535.65,SELL,WICK_H4,H4,2025-12-27 00:00:00,1,49.25,2025-12-29 01:15:00,4539.15,35.0,33.1,0.0,0.25,0.0,0.25,0.75,1.0,341.66,True,True,4539.15,0.0,SL,True,4535.65,0.25,SL,True,4539.15,0.0,SL,False,,,NO_ENTRY,True,4486.77,1.0,SL,False,,,NO_ENTRY,670.9,33.1,635.9,44.2,670.9,33.1,,,147.1,370.3,,
4861,4344.47,SELL,WICK_H4,H4,2025-12-30 00:00:00,2,2.25,2025-12-30 02:15:00,4347.97,35.0,322.8,5.25,0.25,0.25,0.5,0.75,,418.18,True,True,4347.97,0.0,SL,True,4344.47,0.25,SL,True,4347.97,0.25,TP,False,,,NO_ENTRY,False,,,NO_ENTRY,False,,,NO_ENTRY,236.7,212.4,201.7,250.8,236.7,215.8,,,,,,
4866,4383.33,SELL,WICK_H4,H4,2025-12-30 12:00:00,1,1.0,2025-12-30 13:00:00,4386.83,35.0,175.1,2.0,2.5,0.0,2.5,,,402.66,True,True,4386.83,0.0,SL,True,4383.33,2.5,SL,True,4386.83,0.0,SL,False,,,NO_ENTRY,True,4379.28,2.5,SL,False,,,NO_ENTRY,311.8,175.1,286.9,102.5,311.8,175.1,,,246.4,143.0,,
4880,4348.04,SELL,WICK_H4,H4,2025-12-31 16:00:00,2,0.75,2025-12-31 16:45:00,4351.54,35.0,16.0,0.0,0.0,0.0,0.25,0.5,,450.96,True,True,4351.54,0.0,TP,True,4348.04,0.0,SL,True,4351.54,0.0,TP,False,,,NO_ENTRY,True,4323.83,1.25,SL,False,,,NO_ENTRY,346.1,293.6,311.1,328.6,346.1,293.6,,,69.0,625.3,,
4882,4353.14,SELL,WICK_H4,H4,2025-12-31 20:00:00,1,36.25,2026-01-02 08:15:00,4356.64,35.0,406.9,2.5,,,,,,472.74,True,True,4356.64,0.0,SL,False,,,NO_ENTRY,False,,,NO_ENTRY,False,,,NO_ENTRY,False,,,NO_ENTRY,False,,,NO_ENTRY,-153.4,406.9,,,,,,,,,,
4884,4397.33,SELL,WICK_H4,H4,2026-01-02 12:00:00,3,3.25,2026-01-02 15:15:00,4400.83,35.0,14.0,0.0,0.0,0.0,0.0,0.0,,467.8,True,True,4400.83,0.0,TP,True,4397.33,0.0,SL,True,4400.83,0.0,TP,False,,,NO_ENTRY,True,4374.31,0.0,SL,False,,,NO_ENTRY,858.5,14.0,823.5,49.0,858.5,14.0,,,593.3,279.2,,
4890,4333.16,SELL,WICK_H4,H4,2026-01-03 00:00:00,1,49.25,2026-01-05 01:15:00,4336.66,35.0,841.8,1.75,,,,,,489.87,True,True,4336.66,0.0,SL,False,,,NO_ENTRY,False,,,NO_ENTRY,False,,,NO_ENTRY,False,,,NO_ENTRY,False,,,NO_ENTRY,-176.0,841.8,,,,,,,,,,
4894,4414.24,SELL,WICK_H4,H4,2026-01-05 08:00:00,1,0.25,2026-01-05 08:15:00,4417.74,35.0,201.3,3.25,,,,,,458.39,True,True,4417.74,0.0,SL,False,,,NO_ENTRY,False,,,NO_ENTRY,False,,,NO_ENTRY,False,,,NO_ENTRY,False,,,NO_ENTRY,20.2,201.3,,,,,,,,,,
4897,4439.81,SELL,WICK_H4,H4,2026-01-05 16:00:00,1,1.0,2026-01-05 17:00:00,4443.31,35.0,123.6,0.0,2.5,1.25,,,,452.04,True,True,4443.31,0.0,SL,True,4439.81,2.5,SL,True,4443.31,1.25,SL,False,,,NO_ENTRY,False,,,NO_ENTRY,False,,,NO_ENTRY,111.1,123.6,51.0,95.1,111.1,109.5,,,,,,
4901,4459.95,SELL,WICK_H4,H4,2026-01-06 04:00:00,2,1.25,2026-01-06 05:15:00,4463.45,35.0,106.0,2.25,2.5,0.0,2.5,,,410.45,True,True,4463.45,0.0,SL,True,4459.95,2.5,SL,True,4463.45,0.0,SL,False,,,NO_ENTRY,True,4452.45,2.5,SL,False,,,NO_ENTRY,143.0,106.0,152.5,158.1,143.0,106.0,,,77.5,233.1,,
4907,4470.22,SELL,WICK_H4,H4,2026-01-06 16:00:00,1,0.5,2026-01-06 16:30:00,4473.72,35.0,176.9,3.25,,,1.0,,,386.49,True,True,4473.72,0.0,SL,False,,,NO_ENTRY,False,,,NO_ENTRY,False,,,NO_ENTRY,False,,,NO_ENTRY,False,,,NO_ENTRY,106.9,201.6,,,,,,,,,,
4909,4491.41,SELL,WICK_H4,H4,2026-01-06 20:00:00,2,3.5,2026-01-06 23:30:00,4494.91,35.0,22.4,0.25,,0.25,,,,373.18,True,True,4494.91,0.0,SL,False,,,NO_ENTRY,True,4494.91,0.25,SL,False,,,NO_ENTRY,False,,,NO_ENTRY,False,,,NO_ENTRY,353.3,54.0,,,353.3,54.0,,,,,,
4923,4461.48,SELL,WICK_H4,H4,2026-01-08 00:00:00,1,2.0,2026-01-08 02:00:00,4464.98,35.0,12.3,0.25,0.25,0.25,0.25,0.75,,355.0,True,True,4464.98,0.0,TP,True,4461.48,0.25,SL,True,4464.98,0.25,TP,False,,,NO_ENTRY,False,,,NO_ENTRY,False,,,NO_ENTRY,318.6,12.3,283.6,47.3,318.6,12.3,,,,,,
4930,4435.86,SELL,WICK_H4,H4,2026-01-08 16:00:00,1,1.0,2026-01-08 17:00:00,4439.36,35.0,260.1,2.0,,,0.0,,,350.04,True,True,4439.36,0.0,SL,False,,,NO_ENTRY,False,,,NO_ENTRY,False,,,NO_ENTRY,False,,,NO_ENTRY,False,,,NO_ENTRY,116.3,260.1,,,,,,,,,,
4932,4465.37,SELL,WICK_H4,H4,2026-01-08 20:00:00,1,2.5,2026-01-08 22:30:00,4468.87,35.0,105.8,0.5,,,,,,349.98,True,True,4468.87,0.0,SL,False,,,NO_ENTRY,False,,,NO_ENTRY,False,,,NO_ENTRY,False,,,NO_ENTRY,False,,,NO_ENTRY,161.1,148.4,,,,,,,,,,
4940,4477.38,SELL,WICK_H4,H4,2026-01-09 12:00:00,2,3.75,2026-01-09 15:45:00,4480.88,35.0,77.0,0.0,,,,,,321.33,True,True,4480.88,0.0,SL,False,,,NO_ENTRY,False,,,NO_ENTRY,False,,,NO_ENTRY,False,,,NO_ENTRY,False,,,NO_ENTRY,20.8,360.6,,,,,,,,,,
4942,4491.67,SELL,WICK_H4,H4,2026-01-09 16:00:00,1,0.25,2026-01-09 16:15:00,4495.17,35.0,217.7,1.25,0.25,0.0,0.0,0.5,,325.56,True,True,4495.17,0.0,TP,True,4491.67,0.25,SL,True,4495.17,0.0,TP,False,,,NO_ENTRY,True,4484.49,3.5,SL,False,,,NO_ENTRY,162.8,217.7,127.8,252.7,162.8,217.7,,,25.2,267.9,,
4946,4511.28,SELL,WICK_H4,H4,2026-01-10 00:00:00,1,49.25,2026-01-12 01:15:00,4514.78,35.0,861.1,1.5,,,,,,365.14,True,True,4514.78,0.0,SL,False,,,NO_ENTRY,False,,,NO_ENTRY,False,,,NO_ENTRY,False,,,NO_ENTRY,False,,,NO_ENTRY,-141.3,861.1,,,,,,,,,,
4948,4584.82,SELL,WICK_H4,H4,2026-01-12 08:00:00,1,1.75,2026-01-12 09:45:00,4588.32,35.0,108.9,1.5,0.25,0.0,0.5,,,351.41,True,True,4588.32,0.0,SL,True,4584.82,0.25,SL,True,4588.32,0.0,SL,False,,,NO_ENTRY,False,,,NO_ENTRY,True,4584.82,0.5,SL,91.0,108.9,56.0,143.9,91.0,108.9,,,,,65.1,143.9
4950,4599.21,SELL,WICK_H4,H4,2026-01-12 12:00:00,1,3.25,2026-01-12 15:15:00,4602.71,35.0,174.3,0.5,,,,,,356.19,True,True,4602.71,0.0,SL,False,,,NO_ENTRY,False,,,NO_ENTRY,False,,,NO_ENTRY,False,,,NO_ENTRY,False,,,NO_ENTRY,177.6,272.8,,,,,,,,,,
4952,4620.14,SELL,WICK_H4,H4,2026-01-12 16:00:00,1,1.5,2026-01-12 17:30:00,4623.64,35.0,63.5,0.75,0.75,0.0,1.0,,,362.92,True,True,4623.64,0.0,SL,True,4620.14,0.75,SL,True,4623.64,0.0,SL,False,,,NO_ENTRY,False,,,NO_ENTRY,True,4620.14,2.25,TP,231.0,63.5,205.5,98.5,231.0,63.5,,,,,309.5,2.7
4961,4597.11,SELL,WICK_H4,H4,2026-01-13 12:00:00,1,3.25,2026-01-13 15:15:00,4600.61,35.0,201.1,0.5,,,,,,346.7,True,True,4600.61,0.0,SL,False,,,NO_ENTRY,False,,,NO_ENTRY,False,,,NO_ENTRY,False,,,NO_ENTRY,False,,,NO_ENTRY,76.4,338.0,,,,,,,,,,
4963,4620.72,SELL,WICK_H4,H4,2026-01-13 16:00:00,1,0.5,2026-01-13 16:30:00,4624.22,35.0,101.9,0.25,0.75,0.5,0.0,0.75,3.25,356.07,True,True,4624.22,0.0,TP,True,4620.72,0.75,TP,True,4624.22,0.5,SL,False,,,NO_ENTRY,True,4598.49,1.75,SL,True,4620.72,1.25,TP,432.7,101.9,397.7,24.5,432.7,57.4,,,175.4,173.5,397.7,-1.3
4967,4601.79,SELL,WICK_H4,H4,2026-01-14 00:00:00,1,2.25,2026-01-14 02:15:00,4605.29,35.0,342.6,5.25,,,,,,352.26,True,True,4605.29,0.0,SL,False,,,NO_ENTRY,False,,,NO_ENTRY,False,,,NO_ENTRY,False,,,NO_ENTRY,False,,,NO_ENTRY,24.4,246.5,,,,,,,,,,
4979,4614.5,SELL,WICK_H4,H4,2026-01-15 08:00:00,1,4.5,2026-01-15 12:30:00,4618.0,35.0,50.1,1.0,2.25,0.0,2.5,3.0,3.25,334.71,True,True,4618.0,0.0,SL,True,4614.5,2.25,SL,True,4618.0,0.0,SL,False,,,NO_ENTRY,True,4589.88,3.0,SL,False,,,NO_ENTRY,357.9,50.1,322.9,102.0,357.9,50.1,,,76.7,348.2,,
4997,4598.2,SELL,WICK_H4,H4,2026-01-17 00:00:00,1,49.25,2026-01-19 01:15:00,4601.7,35.0,887.2,0.25,,,,,,381.34,True,True,4601.7,0.0,SL,False,,,NO_ENTRY,False,,,NO_ENTRY,False,,,NO_ENTRY,True,4657.03,2.5,SL,False,,,NO_ENTRY,-513.6,887.2,,,,,,,39.7,172.9,,
5000,4674.32,SELL,WICK_H4,H4,2026-01-19 08:00:00,1,0.75,2026-01-19 08:45:00,4677.82,35.0,12.3,0.0,0.25,0.0,0.25,,,355.44,True,True,4677.82,0.0,TP,True,4674.32,0.25,SL,True,4677.82,0.0,TP,False,,,NO_ENTRY,False,,,NO_ENTRY,False,,,NO_ENTRY,167.4,12.3,132.4,43.6,167.4,12.3,,,,,,
5004,4673.68,SELL,WICK_H4,H4,2026-01-19 16:00:00,2,3.75,2026-01-19 19:45:00,4677.18,35.0,15.0,0.0,,0.0,,,,328.15,True,True,4677.18,0.0,SL,False,,,NO_ENTRY,True,4677.18,0.0,SL,False,,,NO_ENTRY,False,,,NO_ENTRY,False,,,NO_ENTRY,178.1,29.4,,,178.1,29.4,,,,,,
5010,4676.78,SELL,WICK_H4,H4,2026-01-20 04:00:00,1,1.75,2026-01-20 05:45:00,4680.28,35.0,362.4,2.0,,0.0,,,,318.32,True,True,4680.28,0.0,SL,False,,,NO_ENTRY,True,4680.28,0.0,SL,False,,,NO_ENTRY,False,,,NO_ENTRY,False,,,NO_ENTRY,35.3,423.7,,,35.3,423.7,,,,,,
5012,4716.52,SELL,WICK_H4,H4,2026-01-20 08:00:00,2,1.25,2026-01-20 09:15:00,4720.02,35.0,172.6,2.5,0.5,0.0,,,,318.37,True,True,4720.02,0.0,SL,True,4716.52,0.5,SL,True,4720.02,0.0,SL,False,,,NO_ENTRY,False,,,NO_ENTRY,False,,,NO_ENTRY,55.6,172.6,20.6,207.6,55.6,172.6,,,,,,
5014,4737.28,SELL,WICK_H4,H4,2026-01-20 12:00:00,1,4.0,2026-01-20 16:00:00,4740.78,35.0,216.9,3.75,1.25,0.5,0.0,1.25,,318.8,True,True,4740.78,0.0,SL,True,4737.28,1.25,SL,True,4740.78,0.5,SL,False,,,NO_ENTRY,True,4724.09,1.25,SL,False,,,NO_ENTRY,185.3,241.8,150.3,290.0,185.3,252.3,,,18.4,421.9,,
5017,4762.47,SELL,WICK_H4,H4,2026-01-20 20:00:00,1,0.25,2026-01-20 20:15:00,4765.97,35.0,3.1,1.0,0.0,0.0,0.25,2.0,,309.62,True,True,4765.97,0.0,TP,True,4762.47,0.0,SL,True,4765.97,0.0,TP,False,,,NO_ENTRY,True,4750.29,2.0,SL,True,4762.47,0.25,SL,187.2,3.1,152.2,38.1,187.2,3.1,,,30.4,774.2,152.2,111.0
5019,4766.28,SELL,WICK_H4,H4,2026-01-21 00:00:00,1,1.75,2026-01-21 01:45:00,4769.78,35.0,743.9,2.0,,,,,,349.32,True,True,4769.78,0.0,SL,False,,,NO_ENTRY,False,,,NO_ENTRY,False,,,NO_ENTRY,False,,,NO_ENTRY,False,,,NO_ENTRY,-8.7,800.0,,,,,,,,,,
5021,4844.17,SELL,WICK_H4,H4,2026-01-21 04:00:00,2,2.25,2026-01-21 06:15:00,4847.67,35.0,304.4,1.25,,,,,,367.96,True,True,4847.67,0.0,SL,False,,,NO_ENTRY,False,,,NO_ENTRY,False,,,NO_ENTRY,False,,,NO_ENTRY,False,,,NO_ENTRY,152.5,408.5,,,,,,,,,,
5023,4878.11,SELL,WICK_H4,H4,2026-01-21 08:00:00,1,0.5,2026-01-21 08:30:00,4881.61,35.0,55.8,0.0,0.0,0.0,0.0,0.0,0.5,381.75,True,True,4881.61,0.0,SL,True,4878.11,0.0,SL,True,4881.61,0.0,SL,False,,,NO_ENTRY,False,,,NO_ENTRY,False,,,NO_ENTRY,491.9,55.8,456.9,90.8,491.9,55.8,,,,,,
5036,4836.12,SELL,WICK_H4,H4,2026-01-22 16:00:00,1,0.75,2026-01-22 16:45:00,4839.62,35.0,664.7,3.0,0.0,0.0,0.25,,,459.21,True,True,4839.62,0.0,SL,True,4836.12,0.0,SL,True,4839.62,0.0,SL,False,,,NO_ENTRY,False,,,NO_ENTRY,False,,,NO_ENTRY,127.6,796.9,92.6,831.9,127.6,796.9,,,,,,
5038,4906.09,SELL,WICK_H4,H4,2026-01-22 20:00:00,1,0.25,2026-01-22 20:15:00,4909.59,35.0,309.2,3.5,,,,,,454.61,True,True,4909.59,0.0,SL,False,,,NO_ENTRY,False,,,NO_ENTRY,False,,,NO_ENTRY,False,,,NO_ENTRY,False,,,NO_ENTRY,38.7,500.4,,,,,,,,,,
5040,4940.51,SELL,WICK_H4,H4,2026-01-23 00:00:00,1,1.25,2026-01-23 01:15:00,4944.01,35.0,231.4,1.75,0.0,0.0,0.25,,,448.21,True,True,4944.01,0.0,TP,True,4940.51,0.0,SL,True,4944.01,0.0,TP,False,,,NO_ENTRY,False,,,NO_ENTRY,True,4940.51,0.25,SL,133.7,231.4,98.7,266.4,133.7,231.4,,,,,98.7,266.4
5048,4947.85,SELL,WICK_H4,H4,2026-01-23 16:00:00,1,0.75,2026-01-23 16:45:00,4951.35,35.0,365.6,1.75,0.0,0.0,0.25,,,452.37,True,True,4951.35,0.0,SL,True,4947.85,0.0,SL,True,4951.35,0.0,SL,False,,,NO_ENTRY,False,,,NO_ENTRY,False,,,NO_ENTRY,133.4,365.6,98.4,400.6,133.4,365.6,,,,,,
5052,4989.78,SELL,WICK_H4,H4,2026-01-24 00:00:00,1,49.25,2026-01-26 01:15:00,4993.28,35.0,920.9,2.25,,,,,,480.56,True,True,4993.28,0.0,SL,False,,,NO_ENTRY,False,,,NO_ENTRY,False,,,NO_ENTRY,False,,,NO_ENTRY,False,,,NO_ENTRY,-183.1,995.7,,,,,,,,,,
5054,5085.37,SELL,WICK_H4,H4,2026-01-26 04:00:00,1,0.5,2026-01-26 04:30:00,5088.87,35.0,39.8,0.0,0.25,0.0,0.5,2.0,,475.3,True,True,5088.87,0.0,SL,True,5085.37,0.25,SL,True,5088.87,0.0,SL,False,,,NO_ENTRY,True,5066.89,2.0,SL,True,5085.37,0.5,TP,367.0,39.8,332.0,257.3,367.0,39.8,,,147.2,442.1,332.0,257.3
5056,5092.85,SELL,WICK_H4,H4,2026-01-26 08:00:00,2,2.0,2026-01-26 10:00:00,5096.35,35.0,20.1,1.5,0.75,0.0,0.75,,,474.15,True,True,5096.35,0.0,TP,True,5092.85,0.75,TP,True,5096.35,0.0,TP,False,,,NO_ENTRY,False,,,NO_ENTRY,True,5092.85,1.0,TP,211.0,20.1,176.0,55.1,211.0,20.1,,,,,269.2,55.1
5060,5096.83,SELL,WICK_H4,H4,2026-01-26 16:00:00,2,2.25,2026-01-26 18:15:00,5100.33,35.0,43.7,1.5,0.0,0.0,0.0,0.0,,470.13,True,True,5100.33,0.0,SL,True,5096.83,0.0,SL,True,5100.33,0.0,SL,False,,,NO_ENTRY,False,,,NO_ENTRY,True,5096.83,0.75,TP,920.9,43.7,885.9,78.7,920.9,43.7,,,,,885.9,78.7
5066,5075.66,SELL,WICK_H4,H4,2026-01-27 04:00:00,1,0.75,2026-01-27 04:45:00,5079.16,35.0,60.8,3.0,0.0,0.0,0.0,,,516.65,True,True,5079.16,0.0,TP,True,5075.66,0.0,SL,True,5079.16,0.0,TP,False,,,NO_ENTRY,False,,,NO_ENTRY,True,5075.66,1.5,TP,221.0,146.8,186.0,181.8,221.0,146.8,,,,,186.0,248.3
5067,5085.24,SELL,WICK_H4,H4,2026-01-27 08:00:00,1,0.75,2026-01-27 08:45:00,5088.74,35.0,117.5,0.75,1.5,0.0,1.5,,,499.18,True,True,5088.74,0.0,SL,True,5085.24,1.5,TP,True,5088.74,0.0,SL,False,,,NO_ENTRY,True,5077.46,1.5,SL,True,5085.24,2.0,SL,154.6,117.5,183.2,140.9,154.6,117.5,,,105.4,218.7,183.2,140.9
5072,5103.07,SELL,WICK_H4,H4,2026-01-27 20:00:00,1,2.25,2026-01-27 22:15:00,5106.57,35.0,837.9,1.5,,,,,,537.97,True,True,5106.57,0.0,SL,False,,,NO_ENTRY,False,,,NO_ENTRY,False,,,NO_ENTRY,False,,,NO_ENTRY,False,,,NO_ENTRY,-251.9,956.7,,,,,,,,,,
5074,5190.36,SELL,WICK_H4,H4,2026-01-28 00:00:00,1,3.25,2026-01-28 03:15:00,5193.86,35.0,311.0,0.5,,0.0,,,,547.91,True,True,5193.86,0.0,TP,False,,,NO_ENTRY,True,5193.86,0.0,TP,False,,,NO_ENTRY,False,,,NO_ENTRY,False,,,NO_ENTRY,122.0,678.5,,,122.0,678.5,,,,,,
5076,5224.96,SELL,WICK_H4,H4,2026-01-28 04:00:00,1,0.75,2026-01-28 04:45:00,5228.46,35.0,376.5,3.0,,,,,,554.83,True,True,5228.46,0.0,SL,False,,,NO_ENTRY,False,,,NO_ENTRY,False,,,NO_ENTRY,False,,,NO_ENTRY,False,,,NO_ENTRY,76.3,428.4,,,,,,,,,,
5078,5266.11,SELL,WICK_H4,H4,2026-01-28 08:00:00,1,1.0,2026-01-28 09:00:00,5269.61,35.0,416.9,1.5,,2.5,,,,557.65,True,True,5269.61,0.0,SL,False,,,NO_ENTRY,True,5269.61,2.5,SL,False,,,NO_ENTRY,False,,,NO_ENTRY,False,,,NO_ENTRY,308.9,416.9,,,308.9,197.8,,,,,,
5082,5289.39,SELL,WICK_H4,H4,2026-01-28 16:00:00,3,3.0,2026-01-28 19:00:00,5292.89,35.0,139.4,0.0,0.5,0.5,,,,565.25,True,True,5292.89,0.0,SL,True,5289.39,0.5,SL,True,5292.89,0.5,SL,False,,,NO_ENTRY,False,,,NO_ENTRY,False,,,NO_ENTRY,242.5,1029.1,207.5,1064.1,242.5,1029.1,,,,,,
5084,5306.83,SELL,WICK_H4,H4,2026-01-28 20:00:00,2,1.75,2026-01-28 21:45:00,5310.33,35.0,2875.1,3.75,,,,,,632.29,True,True,5310.33,0.0,SL,False,,,NO_ENTRY,False,,,NO_ENTRY,False,,,NO_ENTRY,False,,,NO_ENTRY,False,,,NO_ENTRY,59.2,2875.1,,,,,,,,,,
5088,5564.35,SELL,WICK_H4,H4,2026-01-29 08:00:00,1,0.25,2026-01-29 08:15:00,5567.85,35.0,274.5,0.0,0.5,0.5,1.0,1.75,2.25,743.88,True,True,5567.85,0.0,SL,True,5564.35,0.5,SL,True,5567.85,0.5,SL,False,,,NO_ENTRY,True,5530.12,2.0,TP,True,5564.35,1.0,TP,939.1,274.5,904.1,206.1,939.1,171.1,,,593.7,127.0,936.0,1.8
5096,5425.54,SELL,WICK_H4,H4,2026-01-30 00:00:00,1,1.5,2026-01-30 01:30:00,5429.04,35.0,217.2,0.5,1.0,0.75,1.25,1.5,1.5,1077.44,True,True,5429.04,0.0,SL,True,5425.54,1.0,SL,True,5429.04,0.75,SL,False,,,NO_ENTRY,True,5310.29,1.5,SL,False,,,NO_ENTRY,3169.7,217.2,3134.7,107.3,3169.7,215.2,,,1982.2,995.0,,
5114,4731.63,SELL,WICK_H4,H4,2026-02-02 12:00:00,2,1.25,2026-02-02 13:15:00,4735.13,35.0,772.1,1.5,2.25,2.25,2.25,,,1780.04,True,True,4735.13,0.0,SL,True,4731.63,2.25,SL,True,4735.13,2.25,SL,False,,,NO_ENTRY,True,4739.6,2.0,TP,False,,,NO_ENTRY,654.7,772.1,1350.2,623.0,1385.2,588.0,,,1429.9,546.9,,
5120,4712.57,SELL,WICK_H4,H4,2026-02-03 00:00:00,1,1.25,2026-02-03 01:15:00,4716.07,35.0,1398.6,2.25,,,,,,1748.61,True,True,4716.07,0.0,SL,False,,,NO_ENTRY,False,,,NO_ENTRY,False,,,NO_ENTRY,False,,,NO_ENTRY,False,,,NO_ENTRY,1.4,1398.6,,,,,,,,,,
5122,4855.93,SELL,WICK_H4,H4,2026-02-03 04:00:00,1,4.5,2026-02-03 08:30:00,4859.43,35.0,885.1,2.0,,,,,,1665.48,True,True,4859.43,0.0,SL,False,,,NO_ENTRY,False,,,NO_ENTRY,False,,,NO_ENTRY,True,4891.25,2.75,SL,False,,,NO_ENTRY,-53.5,885.1,,,,,,,75.5,477.2,,
5127,4950.83,SELL,WICK_H4,H4,2026-02-03 16:00:00,1,2.5,2026-02-03 18:30:00,4954.33,35.0,392.0,0.0,0.5,0.5,1.0,,,1551.89,True,True,4954.33,0.0,SL,True,4950.83,0.5,SL,True,4954.33,0.5,SL,False,,,NO_ENTRY,False,,,NO_ENTRY,False,,,NO_ENTRY,739.8,392.0,704.8,187.8,739.8,152.8,,,,,,
5131,4963.99,SELL,WICK_H4,H4,2026-02-04 00:00:00,2,2.25,2026-02-04 02:15:00,4967.49,35.0,859.1,1.0,,,,,,1496.13,True,True,4967.49,0.0,SL,False,,,NO_ENTRY,False,,,NO_ENTRY,False,,,NO_ENTRY,False,,,NO_ENTRY,False,,,NO_ENTRY,-7.3,1061.8,,,,,,,,,,
5133,5053.4,SELL,WICK_H4,H4,2026-02-04 04:00:00,1,0.25,2026-02-04 04:15:00,5056.9,35.0,333.8,3.5,0.5,0.5,,,,1428.55,True,True,5056.9,0.0,SL,True,5053.4,0.5,SL,True,5056.9,0.5,SL,False,,,NO_ENTRY,False,,,NO_ENTRY,False,,,NO_ENTRY,216.2,333.8,181.2,368.8,216.2,333.8,,,,,,
5143,4970.72,SELL,WICK_H4,H4,2026-02-05 00:00:00,1,1.25,2026-02-05 01:15:00,4974.22,35.0,495.1,0.5,1.75,1.75,2.0,,,1294.18,True,True,4974.22,0.0,SL,True,4970.72,1.75,SL,True,4974.22,1.75,SL,False,,,NO_ENTRY,True,4967.11,1.75,SL,False,,,NO_ENTRY,1855.0,495.1,1820.0,413.5,1855.0,378.5,,,1783.9,449.6,,
5157,4796.0,SELL,WICK_H4,H4,2026-02-06 04:00:00,1,0.25,2026-02-06 04:15:00,4799.5,35.0,1036.3,3.75,,,,,,1267.53,True,True,4799.5,0.0,SL,False,,,NO_ENTRY,False,,,NO_ENTRY,True,4866.69,7.75,SL,False,,,NO_ENTRY,False,,,NO_ENTRY,167.1,1036.3,,,,,150.8,714.2,,,,
5160,4903.13,SELL,WICK_H4,H4,2026-02-06 12:00:00,2,3.25,2026-02-06 15:15:00,4906.63,35.0,314.8,0.25,,,,,,1206.35,True,True,4906.63,0.0,SL,False,,,NO_ENTRY,False,,,NO_ENTRY,False,,,NO_ENTRY,False,,,NO_ENTRY,False,,,NO_ENTRY,124.1,579.6,,,,,,,,,,
5162,4938.11,SELL,WICK_H4,H4,2026-02-06 16:00:00,1,0.75,2026-02-06 16:45:00,4941.61,35.0,267.5,2.75,,1.25,,,,1173.14,True,True,4941.61,0.0,SL,False,,,NO_ENTRY,True,4941.61,1.25,SL,False,,,NO_ENTRY,False,,,NO_ENTRY,False,,,NO_ENTRY,196.8,294.8,,,196.8,294.8,,,,,,
5166,4971.09,SELL,WICK_H4,H4,2026-02-07 00:00:00,1,49.25,2026-02-09 01:15:00,4974.59,35.0,725.9,0.5,,,,,,1093.6,True,True,4974.59,0.0,SL,False,,,NO_ENTRY,False,,,NO_ENTRY,False,,,NO_ENTRY,False,,,NO_ENTRY,False,,,NO_ENTRY,55.4,725.9,,,,,,,,,,
5174,5024.52,SELL,WICK_H4,H4,2026-02-09 16:00:00,1,0.75,2026-02-09 16:45:00,5028.02,35.0,522.6,2.0,,,,,,968.19,True,True,5028.02,0.0,SL,False,,,NO_ENTRY,False,,,NO_ENTRY,False,,,NO_ENTRY,True,5046.3,3.0,SL,False,,,NO_ENTRY,44.7,522.6,,,,,,,55.0,399.2,,
5176,5080.28,SELL,WICK_H4,H4,2026-02-09 20:00:00,1,2.5,2026-02-09 22:30:00,5083.78,35.0,24.4,0.0,0.0,0.0,0.75,,,929.04,True,True,5083.78,0.0,TP,True,5080.28,0.0,SL,True,5083.78,0.0,TP,False,,,NO_ENTRY,False,,,NO_ENTRY,False,,,NO_ENTRY,960.9,24.4,925.9,59.4,960.9,24.4,,,,,,
5186,5058.41,SELL,WICK_H4,H4,2026-02-10 16:00:00,1,0.5,2026-02-10 16:30:00,5061.91,35.0,165.6,0.0,0.0,0.0,0.25,0.25,,823.97,True,True,5061.91,0.0,SL,True,5058.41,0.0,SL,True,5061.91,0.0,SL,False,,,NO_ENTRY,True,5014.01,1.0,SL,False,,,NO_ENTRY,630.8,165.6,595.8,200.6,630.8,165.6,,,151.8,258.9,,
5190,5045.27,SELL,WICK_H4,H4,2026-02-11 00:00:00,4,3.75,2026-02-11 03:45:00,5048.77,35.0,41.8,0.0,,,,,,758.4,True,True,5048.77,0.0,SL,False,,,NO_ENTRY,False,,,NO_ENTRY,False,,,NO_ENTRY,False,,,NO_ENTRY,False,,,NO_ENTRY,162.7,150.7,,,,,,,,,,
5192,5054.6,SELL,WICK_H4,H4,2026-02-11 04:00:00,2,1.25,2026-02-11 05:15:00,5058.1,35.0,57.4,2.25,0.5,0.0,,,,726.62,True,True,5058.1,0.0,TP,True,5054.6,0.5,SL,True,5058.1,0.0,TP,False,,,NO_ENTRY,False,,,NO_ENTRY,False,,,NO_ENTRY,146.6,109.3,111.6,144.3,146.6,109.3,,,,,,
5193,5063.84,SELL,WICK_H4,H4,2026-02-11 08:00:00,1,1.0,2026-02-11 09:00:00,5067.34,35.0,45.1,2.75,0.0,0.0,0.75,,,693.4,True,True,5067.34,0.0,TP,True,5063.84,0.0,SL,True,5067.34,0.0,TP,False,,,NO_ENTRY,False,,,NO_ENTRY,False,,,NO_ENTRY,216.4,338.6,181.4,373.6,216.4,338.6,,,,,,
5195,5071.85,SELL,WICK_H4,H4,2026-02-11 12:00:00,1,0.5,2026-02-11 12:30:00,5075.35,35.0,436.1,1.5,2.0,2.0,2.0,3.0,,715.58,True,True,5075.35,0.0,SL,True,5071.85,2.0,SL,True,5075.35,2.0,SL,False,,,NO_ENTRY,False,,,NO_ENTRY,False,,,NO_ENTRY,567.9,436.1,532.9,267.2,567.9,232.2,,,,,,
5213,4957.9,SELL,WICK_H4,H4,2026-02-13 00:00:00,1,3.25,2026-02-13 03:15:00,4961.4,35.0,271.3,0.5,,,,,,709.57,True,True,4961.4,0.0,SL,False,,,NO_ENTRY,False,,,NO_ENTRY,False,,,NO_ENTRY,False,,,NO_ENTRY,False,,,NO_ENTRY,-8.0,358.1,,,,,,,,,,
5219,4999.45,SELL,WICK_H4,H4,2026-02-13 16:00:00,1,0.25,2026-02-13 16:15:00,5002.95,35.0,307.9,2.0,0.25,0.0,0.25,0.25,,677.68,True,True,5002.95,0.0,SL,True,4999.45,0.25,SL,True,5002.95,0.0,SL,False,,,NO_ENTRY,False,,,NO_ENTRY,False,,,NO_ENTRY,388.6,307.9,353.6,342.9,388.6,307.9,,,,,,
5221,5033.74,SELL,WICK_H4,H4,2026-02-13 20:00:00,1,1.0,2026-02-13 21:00:00,5037.24,35.0,86.7,0.0,0.75,0.5,,,,651.04,True,True,5037.24,0.0,SL,True,5033.74,0.75,SL,True,5037.24,0.5,SL,False,,,NO_ENTRY,False,,,NO_ENTRY,True,5033.74,1.0,TP,372.9,149.0,337.9,184.0,372.9,149.0,,,,,337.9,184.0
5241,4932.45,SELL,WICK_H4,H4,2026-02-17 12:00:00,1,0.25,2026-02-17 12:15:00,4935.95,35.0,82.6,2.0,0.0,0.0,0.25,3.5,3.5,598.75,True,True,4935.95,0.0,TP,True,4932.45,0.0,SL,True,4935.95,0.0,TP,False,,,NO_ENTRY,True,4913.04,0.5,SL,False,,,NO_ENTRY,943.2,82.6,908.2,117.6,943.2,82.6,,,714.1,311.7,,
5248,4892.9,SELL,WICK_H4,H4,2026-02-18 04:00:00,1,0.25,2026-02-18 04:15:00,4896.4,35.0,438.0,2.5,,,,,,576.1,True,True,4896.4,0.0,SL,False,,,NO_ENTRY,False,,,NO_ENTRY,False,,,NO_ENTRY,False,,,NO_ENTRY,False,,,NO_ENTRY,11.5,438.0,,,,,,,,,,
5252,4942.09,SELL,WICK_H4,H4,2026-02-18 12:00:00,1,3.0,2026-02-18 15:00:00,4945.59,35.0,234.4,0.5,,,,,,560.95,True,True,4945.59,0.0,SL,False,,,NO_ENTRY,False,,,NO_ENTRY,False,,,NO_ENTRY,False,,,NO_ENTRY,False,,,NO_ENTRY,26.6,651.6,,,,,,,,,,
5254,4969.03,SELL,WICK_H4,H4,2026-02-18 16:00:00,1,0.75,2026-02-18 16:45:00,4972.53,35.0,382.2,2.0,,,,,,562.7,True,True,4972.53,0.0,SL,False,,,NO_ENTRY,False,,,NO_ENTRY,False,,,NO_ENTRY,False,,,NO_ENTRY,False,,,NO_ENTRY,-77.8,382.2,,,,,,,,,,
5260,4988.67,SELL,WICK_H4,H4,2026-02-19 04:00:00,1,3.5,2026-02-19 07:30:00,4992.17,35.0,62.9,0.25,,,,,,512.56,True,True,4992.17,0.0,SL,False,,,NO_ENTRY,False,,,NO_ENTRY,False,,,NO_ENTRY,False,,,NO_ENTRY,False,,,NO_ENTRY,33.9,296.6,,,,,,,,,,
5262,4998.46,SELL,WICK_H4,H4,2026-02-19 08:00:00,1,0.25,2026-02-19 08:15:00,5001.96,35.0,198.7,2.5,3.5,0.0,,,,496.52,True,True,5001.96,0.0,SL,True,4998.46,3.5,SL,True,5001.96,0.0,SL,False,,,NO_ENTRY,True,5000.46,3.0,SL,False,,,NO_ENTRY,188.2,198.7,248.4,66.5,188.2,198.7,,,260.4,198.0,,
5269,5004.01,SELL,WICK_H4,H4,2026-02-20 00:00:00,2,3.0,2026-02-20 03:00:00,5007.51,35.0,71.2,0.0,0.25,0.25,0.25,,,459.59,True,True,5007.51,0.0,SL,True,5004.01,0.25,SL,True,5007.51,0.25,SL,False,,,NO_ENTRY,False,,,NO_ENTRY,False,,,NO_ENTRY,259.0,71.2,224.0,93.1,259.0,58.1,,,,,,
5271,5014.63,SELL,WICK_H4,H4,2026-02-20 04:00:00,1,4.25,2026-02-20 08:15:00,5018.13,35.0,243.1,3.0,1.5,1.0,1.5,,,443.12,True,True,5018.13,0.0,SL,True,5014.63,1.5,SL,True,5018.13,1.0,SL,False,,,NO_ENTRY,False,,,NO_ENTRY,False,,,NO_ENTRY,132.2,243.1,97.2,278.1,132.2,243.1,,,,,,
5276,5048.78,SELL,WICK_H4,H4,2026-02-20 16:00:00,1,0.75,2026-02-20 16:45:00,5052.28,35.0,239.1,3.0,0.25,0.25,0.25,0.25,0.25,472.07,True,True,5052.28,0.0,SL,True,5048.78,0.25,SL,True,5052.28,0.25,SL,False,,,NO_ENTRY,False,,,NO_ENTRY,False,,,NO_ENTRY,632.1,239.1,597.1,274.1,632.1,239.1,,,,,,
5278,5076.19,SELL,WICK_H4,H4,2026-02-20 20:00:00,1,2.0,2026-02-20 22:00:00,5079.69,35.0,276.1,1.75,,0.0,,,,476.39,True,True,5079.69,0.0,SL,False,,,NO_ENTRY,True,5079.69,0.0,SL,False,,,NO_ENTRY,False,,,NO_ENTRY,False,,,NO_ENTRY,30.4,920.9,,,30.4,920.9,,,,,,
5280,5107.3,SELL,WICK_H4,H4,2026-02-21 00:00:00,1,49.25,2026-02-23 01:15:00,5110.8,35.0,609.8,0.5,,,,,,494.76,True,True,5110.8,0.0,SL,False,,,NO_ENTRY,False,,,NO_ENTRY,False,,,NO_ENTRY,False,,,NO_ENTRY,False,,,NO_ENTRY,-185.4,656.6,,,,,,,,,,
5282,5171.78,SELL,WICK_H4,H4,2026-02-23 04:00:00,1,0.75,2026-02-23 04:45:00,5175.28,35.0,11.8,0.0,0.25,0.0,0.25,,,477.03,True,True,5175.28,0.0,TP,True,5171.78,0.25,SL,True,5175.28,0.0,TP,False,,,NO_ENTRY,False,,,NO_ENTRY,False,,,NO_ENTRY,303.2,11.8,339.5,39.8,303.2,11.8,,,,,,
5286,5161.37,SELL,WICK_H4,H4,2026-02-23 12:00:00,2,2.75,2026-02-23 14:45:00,5164.87,35.0,4.4,0.0,0.25,0.0,0.25,,,452.93,True,True,5164.87,0.0,TP,True,5161.37,0.25,SL,True,5164.87,0.0,TP,False,,,NO_ENTRY,False,,,NO_ENTRY,False,,,NO_ENTRY,234.6,541.8,199.6,576.8,234.6,541.8,,,,,,
5288,5165.31,SELL,WICK_H4,H4,2026-02-23 16:00:00,1,0.5,2026-02-23 16:30:00,5168.81,35.0,502.4,1.75,,,,,,476.03,True,True,5168.81,0.0,SL,False,,,NO_ENTRY,False,,,NO_ENTRY,False,,,NO_ENTRY,False,,,NO_ENTRY,False,,,NO_ENTRY,40.6,502.4,,,,,,,,,,
5290,5219.05,SELL,WICK_H4,H4,2026-02-23 20:00:00,1,2.25,2026-02-23 22:15:00,5222.55,35.0,151.5,0.5,,,,,,468.31,True,True,5222.55,0.0,SL,False,,,NO_ENTRY,False,,,NO_ENTRY,False,,,NO_ENTRY,False,,,NO_ENTRY,False,,,NO_ENTRY,775.3,269.5,,,,,,,,,,
5292,5237.7,SELL,WICK_H4,H4,2026-02-24 00:00:00,1,1.25,2026-02-24 01:15:00,5241.2,35.0,83.0,0.0,0.0,0.0,0.75,1.75,1.75,509.49,True,True,5241.2,0.0,SL,True,5237.7,0.0,SL,True,5241.2,0.0,SL,False,,,NO_ENTRY,True,5185.5,1.75,SL,True,5237.7,1.0,TP,961.8,83.0,926.8,118.0,961.8,83.0,,,404.8,383.9,926.8,3.4
5303,5173.1,SELL,WICK_H4,H4,2026-02-25 00:00:00,1,3.25,2026-02-25 03:15:00,5176.6,35.0,132.1,0.25,,,,,,510.7,True,True,5176.6,0.0,SL,False,,,NO_ENTRY,False,,,NO_ENTRY,False,,,NO_ENTRY,False,,,NO_ENTRY,False,,,NO_ENTRY,102.5,194.5,,,,,,,,,,
5305,5189.81,SELL,WICK_H4,H4,2026-02-25 04:00:00,3,3.25,2026-02-25 07:15:00,5193.31,35.0,171.5,0.5,,,,,,505.73,True,True,5193.31,0.0,SL,False,,,NO_ENTRY,False,,,NO_ENTRY,False,,,NO_ENTRY,False,,,NO_ENTRY,False,,,NO_ENTRY,168.9,171.5,,,,,,,,,,
5310,5195.13,SELL,WICK_H4,H4,2026-02-25 16:00:00,2,2.25,2026-02-25 18:15:00,5198.63,35.0,188.2,0.75,,,,,,489.02,True,True,5198.63,0.0,SL,False,,,NO_ENTRY,False,,,NO_ENTRY,False,,,NO_ENTRY,False,,,NO_ENTRY,False,,,NO_ENTRY,157.1,188.2,,,,,,,,,,
5316,5198.19,SELL,WICK_H4,H4,2026-02-26 04:00:00,2,3.25,2026-02-26 07:15:00,5201.69,35.0,37.4,0.0,0.5,0.0,,,,480.7,True,True,5201.69,0.0,SL,True,5198.19,0.5,TP,True,5201.69,0.0,SL,False,,,NO_ENTRY,False,,,NO_ENTRY,False,,,NO_ENTRY,339.6,37.4,304.6,18.8,339.6,37.4,,,,,,
5323,5192.66,SELL,WICK_H4,H4,2026-02-26 20:00:00,1,2.0,2026-02-26 22:00:00,5196.16,35.0,47.4,0.75,1.25,0.25,1.5,,,465.93,True,True,5196.16,0.0,SL,True,5192.66,1.25,SL,True,5196.16,0.25,SL,False,,,NO_ENTRY,False,,,NO_ENTRY,False,,,NO_ENTRY,294.1,47.4,259.1,69.1,294.1,47.4,,,,,,
5328,5200.35,SELL,WICK_H4,H4,2026-02-27 08:00:00,1,7.25,2026-02-27 15:15:00,5203.85,35.0,366.2,0.0,,,,,,448.29,True,True,5203.85,0.0,SL,False,,,NO_ENTRY,False,,,NO_ENTRY,False,,,NO_ENTRY,False,,,NO_ENTRY,False,,,NO_ENTRY,-37.8,538.0,,,,,,,,,,
5331,5240.47,SELL,WICK_H4,H4,2026-02-27 16:00:00,1,2.0,2026-02-27 18:00:00,5243.97,35.0,136.8,0.25,0.25,0.25,0.25,1.5,,447.63,True,True,5243.97,0.0,SL,True,5240.47,0.25,SL,True,5243.97,0.25,SL,False,,,NO_ENTRY,False,,,NO_ENTRY,False,,,NO_ENTRY,229.4,136.8,194.4,216.4,229.4,181.4,,,,,,
5333,5257.65,SELL,WICK_H4,H4,2026-02-27 20:00:00,1,2.5,2026-02-27 22:30:00,5261.15,35.0,194.8,1.25,,0.0,,,,457.21,True,True,5261.15,0.0,SL,False,,,NO_ENTRY,True,5261.15,0.0,SL,False,,,NO_ENTRY,False,,,NO_ENTRY,False,,,NO_ENTRY,66.2,1321.3,,,66.2,1321.3,,,,,,
5335,5280.63,SELL,WICK_H4,H4,2026-02-28 00:00:00,1,49.25,2026-03-02 01:15:00,5284.13,35.0,1091.5,0.25,,,,,,506.51,True,True,5284.13,0.0,SL,False,,,NO_ENTRY,False,,,NO_ENTRY,False,,,NO_ENTRY,False,,,NO_ENTRY,False,,,NO_ENTRY,-189.3,1091.5,,,,,,,,,,
5337,5393.28,SELL,WICK_H4,H4,2026-03-02 04:00:00,1,5.25,2026-03-02 09:15:00,5396.78,35.0,223.1,0.0,2.5,1.5,,,,509.65,True,True,5396.78,0.0,SL,True,5393.28,2.5,SL,True,5396.78,1.5,SL,False,,,NO_ENTRY,False,,,NO_ENTRY,False,,,NO_ENTRY,178.1,223.1,181.8,233.7,216.8,141.7,,,,,,
5344,5346.31,SELL,WICK_H4,H4,2026-03-03 00:00:00,2,2.25,2026-03-03 02:15:00,5349.81,35.0,299.2,1.0,1.5,1.5,,,,564.77,True,True,5349.81,0.0,SL,True,5346.31,1.5,SL,True,5349.81,1.5,SL,False,,,NO_ENTRY,True,5339.1,1.5,SL,False,,,NO_ENTRY,170.7,299.2,412.3,292.2,447.3,257.2,,,340.2,364.3,,
5355,5148.79,SELL,WICK_H4,H4,2026-03-04 00:00:00,1,3.25,2026-03-04 03:15:00,5152.29,35.0,259.8,0.5,0.0,0.0,,,,801.45,True,True,5152.29,0.0,SL,True,5148.79,0.0,SL,True,5152.29,0.0,SL,False,,,NO_ENTRY,False,,,NO_ENTRY,False,,,NO_ENTRY,111.5,383.6,76.5,418.6,111.5,383.6,,,,,,
5356,5178.27,SELL,WICK_H4,H4,2026-03-04 04:00:00,1,0.25,2026-03-04 04:15:00,5181.77,35.0,81.0,0.0,0.0,0.0,0.5,0.75,,779.57,True,True,5181.77,0.0,SL,True,5178.27,0.0,SL,True,5181.77,0.0,SL,False,,,NO_ENTRY,False,,,NO_ENTRY,False,,,NO_ENTRY,605.1,81.0,570.1,116.0,605.1,81.0,,,,,,
5360,5184.89,SELL,WICK_H4,H4,2026-03-04 12:00:00,1,0.25,2026-03-04 12:15:00,5188.39,35.0,174.8,1.75,2.0,0.0,2.25,,,749.86,True,True,5188.39,0.0,SL,True,5184.89,2.0,SL,True,5188.39,0.0,SL,False,,,NO_ENTRY,True,5178.13,2.0,TP,False,,,NO_ENTRY,321.8,174.8,537.9,125.3,321.8,174.8,,,470.3,192.9,,
5366,5146.56,SELL,WICK_H4,H4,2026-03-05 00:00:00,1,1.25,2026-03-05 01:15:00,5150.06,35.0,361.0,1.75,,,,,,697.42,True,True,5150.06,0.0,SL,False,,,NO_ENTRY,False,,,NO_ENTRY,False,,,NO_ENTRY,False,,,NO_ENTRY,False,,,NO_ENTRY,39.1,447.7,,,,,,,,,,
5368,5186.16,SELL,WICK_H4,H4,2026-03-05 04:00:00,1,0.75,2026-03-05 04:45:00,5189.66,35.0,51.7,0.25,0.25,0.25,2.0,3.0,,680.9,True,True,5189.66,0.0,SL,True,5186.16,0.25,SL,True,5189.66,0.25,SL,False,,,NO_ENTRY,True,5171.48,2.0,SL,True,5186.16,1.25,TP,689.6,51.7,654.6,86.7,689.6,51.7,,,507.8,51.2,654.6,3.5
5377,5094.51,SELL,WICK_H4,H4,2026-03-06 00:00:00,1,1.5,2026-03-06 01:30:00,5098.01,35.0,455.9,2.25,0.25,0.25,0.5,,,682.75,True,True,5098.01,0.0,SL,True,5094.51,0.25,SL,True,5098.01,0.25,SL,False,,,NO_ENTRY,False,,,NO_ENTRY,False,,,NO_ENTRY,318.5,455.9,283.5,490.9,318.5,455.9,,,,,,
5385,5130.61,SELL,WICK_H4,H4,2026-03-06 16:00:00,1,1.0,2026-03-06 17:00:00,5134.11,35.0,373.8,0.25,,,,,,657.5,True,True,5134.11,0.0,SL,False,,,NO_ENTRY,False,,,NO_ENTRY,False,,,NO_ENTRY,False,,,NO_ENTRY,False,,,NO_ENTRY,82.5,373.8,,,,,,,,,,
5397,5111.98,SELL,WICK_H4,H4,2026-03-09 16:00:00,1,0.75,2026-03-09 16:45:00,5115.48,35.0,4.4,0.0,0.0,0.0,0.0,0.25,,683.97,True,True,5115.48,0.0,TP,True,5111.98,0.0,SL,True,5115.48,0.0,TP,False,,,NO_ENTRY,False,,,NO_ENTRY,False,,,NO_ENTRY,361.1,108.1,326.1,143.1,361.1,108.1,,,,,,
5399,5115.92,SELL,WICK_H4,H4,2026-03-09 20:00:00,1,0.75,2026-03-09 20:45:00,5119.42,35.0,284.7,1.25,,,,,,674.8,True,True,5119.42,0.0,SL,False,,,NO_ENTRY,False,,,NO_ENTRY,False,,,NO_ENTRY,False,,,NO_ENTRY,False,,,NO_ENTRY,40.6,364.8,,,,,,,,,,
5401,5147.89,SELL,WICK_H4,H4,2026-03-10 00:00:00,2,1.0,2026-03-10 01:00:00,5151.39,35.0,346.9,2.75,0.0,0.0,1.0,,,675.57,True,True,5151.39,0.0,SL,True,5147.89,0.0,SL,True,5151.39,0.0,SL,False,,,NO_ENTRY,False,,,NO_ENTRY,False,,,NO_ENTRY,269.2,354.9,234.2,389.9,269.2,354.9,,,,,,
5405,5186.88,SELL,WICK_H4,H4,2026-03-10 08:00:00,1,2.75,2026-03-10 10:45:00,5190.38,35.0,46.4,0.0,0.0,0.0,,,,630.31,True,True,5190.38,0.0,SL,True,5186.88,0.0,SL,True,5190.38,0.0,SL,False,,,NO_ENTRY,False,,,NO_ENTRY,False,,,NO_ENTRY,340.3,46.4,305.3,81.4,340.3,46.4,,,,,,
5407,5195.02,SELL,WICK_H4,H4,2026-03-10 12:00:00,1,3.25,2026-03-10 15:15:00,5198.52,35.0,300.3,0.0,,,,,,636.86,True,True,5198.52,0.0,SL,False,,,NO_ENTRY,False,,,NO_ENTRY,False,,,NO_ENTRY,False,,,NO_ENTRY,False,,,NO_ENTRY,132.4,398.9,,,,,,,,,,
5409,5228.55,SELL,WICK_H4,H4,2026-03-10 16:00:00,1,1.75,2026-03-10 17:45:00,5232.05,35.0,63.6,0.0,0.0,0.0,,,,629.32,True,True,5232.05,0.0,SL,True,5228.55,0.0,SL,True,5232.05,0.0,SL,False,,,NO_ENTRY,False,,,NO_ENTRY,False,,,NO_ENTRY,717.2,63.6,682.2,98.6,717.2,63.6,,,,,,
5427,5175.0,SELL,WICK_H4,H4,2026-03-12 08:00:00,1,1.75,2026-03-12 09:45:00,5178.5,35.0,116.8,2.0,,0.5,,,,514.62,True,True,5178.5,0.0,SL,False,,,NO_ENTRY,True,5178.5,0.5,SL,False,,,NO_ENTRY,False,,,NO_ENTRY,False,,,NO_ENTRY,58.8,130.7,,,147.9,130.7,,,,,,
5435,5112.41,SELL,WICK_H4,H4,2026-03-13 00:00:00,1,3.0,2026-03-13 03:00:00,5115.91,35.0,124.7,1.0,0.5,0.5,3.5,,,521.48,True,True,5115.91,0.0,SL,True,5112.41,0.5,SL,True,5115.91,0.5,SL,True,5103.0,5.0,SL,True,5105.45,3.25,SL,True,5112.41,2.5,SL,134.4,124.7,125.1,159.7,160.1,124.7,417.0,46.0,441.5,88.0,408.1,53.4
5440,5107.6,SELL,WICK_H4,H4,2026-03-13 12:00:00,1,2.0,2026-03-13 14:00:00,5111.1,35.0,104.6,0.75,1.75,0.0,1.5,,,496.6,True,True,5111.1,0.0,SL,True,5107.6,1.75,SL,True,5111.1,0.0,SL,False,,,NO_ENTRY,False,,,NO_ENTRY,False,,,NO_ENTRY,922.4,104.6,887.4,90.5,922.4,104.6,,,,,,
5450,5025.98,SELL,WICK_H4,H4,2026-03-16 08:00:00,1,0.25,2026-03-16 08:15:00,5029.48,35.0,63.7,0.0,0.25,0.0,0.5,1.0,3.5,517.21,True,True,5029.48,0.0,SL,True,5025.98,0.25,SL,True,5029.48,0.0,SL,False,,,NO_ENTRY,True,5002.18,1.0,SL,False,,,NO_ENTRY,595.4,63.7,560.4,32.2,595.4,63.7,,,322.4,202.3,,
5458,5021.43,SELL,WICK_H4,H4,2026-03-17 00:00:00,1,4.0,2026-03-17 04:00:00,5024.93,35.0,193.3,3.25,0.0,0.0,,,,486.61,True,True,5024.93,0.0,SL,True,5021.43,0.0,SL,True,5024.93,0.0,SL,False,,,NO_ENTRY,False,,,NO_ENTRY,False,,,NO_ENTRY,181.1,193.3,146.1,228.3,181.1,193.3,,,,,,
5467,5008.9,SELL,WICK_H4,H4,2026-03-18 00:00:00,2,3.25,2026-03-18 03:15:00,5012.4,35.0,33.7,0.0,0.0,0.0,0.25,,,426.4,True,True,5012.4,0.0,SL,True,5008.9,0.0,SL,True,5012.4,0.0,SL,False,,,NO_ENTRY,False,,,NO_ENTRY,True,5008.9,0.25,TP,308.4,33.7,273.4,68.7,308.4,33.7,,,,,273.4,3.8
5471,5006.82,SELL,WICK_H4,H4,2026-03-18 08:00:00,1,0.25,2026-03-18 08:15:00,5010.32,35.0,57.4,0.25,1.25,0.0,1.5,1.75,,412.22,True,True,5010.32,0.0,SL,True,5006.82,1.25,SL,True,5010.32,0.0,SL,False,,,NO_ENTRY,False,,,NO_ENTRY,False,,,NO_ENTRY,331.9,57.4,720.2,26.4,331.9,57.4,,,,,,
5487,4649.06,SELL,WICK_H4,H4,2026-03-19 20:00:00,1,1.25,2026-03-19 21:15:00,4652.56,35.0,92.6,1.5,0.0,0.0,0.0,,,711.45,True,True,4652.56,0.0,SL,True,4649.06,0.0,SL,True,4652.56,0.0,SL,False,,,NO_ENTRY,False,,,NO_ENTRY,True,4649.06,0.25,TP,208.5,244.7,173.5,279.7,208.5,244.7,,,,,173.5,279.7
5489,4663.24,SELL,WICK_H4,H4,2026-03-20 00:00:00,1,0.25,2026-03-20 00:15:00,4666.74,35.0,324.7,3.5,0.25,0.0,0.25,,,707.23,True,True,4666.74,0.0,SL,True,4663.24,0.25,SL,True,4666.74,0.0,SL,False,,,NO_ENTRY,True,4635.44,1.25,SL,False,,,NO_ENTRY,327.7,324.7,292.7,359.7,327.7,324.7,,,14.7,1001.3,,
5491,4699.21,SELL,WICK_H4,H4,2026-03-20 04:00:00,1,1.0,2026-03-20 05:00:00,4702.71,35.0,328.6,0.25,2.75,2.75,,,,703.43,True,True,4702.71,0.0,SL,True,4699.21,2.75,SL,True,4702.71,2.75,SL,False,,,NO_ENTRY,True,4709.3,2.5,TP,False,,,NO_ENTRY,413.9,328.6,394.1,354.7,429.1,319.7,,,479.8,253.8,,
5505,4421.86,SELL,WICK_H4,H4,2026-03-23 08:00:00,1,5.25,2026-03-23 13:15:00,4425.36,35.0,669.0,1.5,0.0,0.0,0.0,0.0,,1069.56,True,True,4425.36,0.0,SL,True,4421.86,0.0,SL,True,4425.36,0.0,SL,False,,,NO_ENTRY,False,,,NO_ENTRY,False,,,NO_ENTRY,885.5,873.7,850.5,908.7,885.5,873.7,,,,,,
5508,4492.26,SELL,WICK_H4,H4,2026-03-23 16:00:00,1,0.5,2026-03-23 16:30:00,4495.76,35.0,84.6,0.0,0.0,0.0,0.25,0.75,1.25,1108.65,True,True,4495.76,0.0,SL,True,4492.26,0.0,SL,True,4495.76,0.0,SL,False,,,NO_ENTRY,True,4363.61,1.25,SL,False,,,NO_ENTRY,1447.2,84.6,1412.2,119.6,1447.2,84.6,,,125.7,1032.0,,
5516,4379.09,SELL,WICK_H4,H4,2026-03-24 08:00:00,1,0.5,2026-03-24 08:30:00,4382.59,35.0,498.2,1.25,0.0,0.0,,,,1071.3,True,True,4382.59,0.0,SL,True,4379.09,0.0,SL,True,4382.59,0.0,SL,False,,,NO_ENTRY,False,,,NO_ENTRY,False,,,NO_ENTRY,95.3,500.6,60.3,535.6,95.3,500.6,,,,,,
5518,4432.41,SELL,WICK_H4,H4,2026-03-24 12:00:00,2,1.0,2026-03-24 13:00:00,4435.91,35.0,59.8,0.0,0.0,0.0,0.0,0.0,,1059.51,True,True,4435.91,0.0,SL,True,4432.41,0.0,SL,True,4435.91,0.0,SL,False,,,NO_ENTRY,True,4369.51,1.5,SL,False,,,NO_ENTRY,846.5,59.8,811.5,94.8,846.5,59.8,,,182.5,640.1,,
5522,4433.52,SELL,WICK_H4,H4,2026-03-24 20:00:00,1,2.5,2026-03-24 22:30:00,4437.02,35.0,446.4,0.25,,,,,,1025.88,True,True,4437.02,0.0,SL,False,,,NO_ENTRY,False,,,NO_ENTRY,False,,,NO_ENTRY,False,,,NO_ENTRY,False,,,NO_ENTRY,-100.9,1540.1,,,,,,,,,,
5524,4484.09,SELL,WICK_H4,H4,2026-03-25 00:00:00,2,1.25,2026-03-25 01:15:00,4487.59,35.0,1133.3,2.5,,,,,,1056.28,True,True,4487.59,0.0,SL,False,,,NO_ENTRY,False,,,NO_ENTRY,False,,,NO_ENTRY,False,,,NO_ENTRY,False,,,NO_ENTRY,45.0,1146.1,,,,,,,,,,
5530,4567.64,SELL,WICK_H4,H4,2026-03-25 12:00:00,1,1.25,2026-03-25 13:15:00,4571.14,35.0,146.7,0.25,1.0,1.0,1.0,1.25,,950.63,True,True,4571.14,0.0,SL,True,4567.64,1.0,SL,True,4571.14,1.0,SL,False,,,NO_ENTRY,True,4544.9,1.0,SL,False,,,NO_ENTRY,495.3,146.7,460.3,114.1,495.3,79.1,,,232.9,341.5,,
5542,4460.43,SELL,WICK_H4,H4,2026-03-26 16:00:00,1,0.5,2026-03-26 16:30:00,4463.93,35.0,152.5,0.0,0.0,0.0,1.0,1.75,2.0,856.83,True,True,4463.93,0.0,SL,True,4460.43,0.0,SL,True,4463.93,0.0,SL,False,,,NO_ENTRY,True,4396.49,1.75,TP,False,,,NO_ENTRY,972.6,152.5,937.6,187.5,972.6,152.5,,,455.8,432.8,,
5548,4420.47,SELL,WICK_H4,H4,2026-03-27 04:00:00,1,0.25,2026-03-27 04:15:00,4423.97,35.0,512.6,3.25,,,,,,800.73,True,True,4423.97,0.0,SL,False,,,NO_ENTRY,False,,,NO_ENTRY,False,,,NO_ENTRY,False,,,NO_ENTRY,False,,,NO_ENTRY,27.8,512.6,,,,,,,,,,
5553,4445.02,SELL,WICK_H4,H4,2026-03-27 16:00:00,1,0.25,2026-03-27 16:15:00,4448.52,35.0,1067.0,1.0,,,,,,789.46,True,True,4448.52,0.0,SL,False,,,NO_ENTRY,False,,,NO_ENTRY,False,,,NO_ENTRY,True,4493.95,3.0,SL,False,,,NO_ENTRY,-32.7,1067.0,,,,,,,260.6,345.7,,
5559,4517.23,SELL,WICK_H4,H4,2026-03-30 08:00:00,1,1.0,2026-03-30 09:00:00,4520.73,35.0,297.7,0.75,,,,,,764.43,True,True,4520.73,0.0,SL,False,,,NO_ENTRY,False,,,NO_ENTRY,False,,,NO_ENTRY,False,,,NO_ENTRY,False,,,NO_ENTRY,49.5,297.7,,,,,,,,,,
5560,4550.5,SELL,WICK_H4,H4,2026-03-30 12:00:00,1,2.75,2026-03-30 14:45:00,4554.0,35.0,265.3,0.0,,,,,,750.58,True,True,4554.0,0.0,SL,False,,,NO_ENTRY,False,,,NO_ENTRY,False,,,NO_ENTRY,False,,,NO_ENTRY,False,,,NO_ENTRY,416.5,265.3,,,,,,,,,,
5565,4542.09,SELL,WICK_H4,H4,2026-03-31 00:00:00,1,4.0,2026-03-31 04:00:00,4545.59,35.0,737.0,0.75,,0.0,,,,732.24,True,True,4545.59,0.0,SL,False,,,NO_ENTRY,True,4545.59,0.0,SL,False,,,NO_ENTRY,False,,,NO_ENTRY,False,,,NO_ENTRY,138.1,737.0,,,138.1,737.0,,,,,,
5570,4581.51,SELL,WICK_H4,H4,2026-03-31 12:00:00,1,2.5,2026-03-31 14:30:00,4585.01,35.0,124.2,0.5,0.5,0.25,,,,705.2,True,True,4585.01,0.0,SL,True,4581.51,0.5,SL,True,4585.01,0.25,SL,False,,,NO_ENTRY,False,,,NO_ENTRY,True,4581.51,1.25,TP,174.0,451.4,139.0,486.4,174.0,451.4,,,,,139.0,700.1
5572,4597.43,SELL,WICK_H4,H4,2026-03-31 16:00:00,1,1.0,2026-03-31 17:00:00,4600.93,35.0,505.9,2.5,,0.75,,,,714.76,True,True,4600.93,0.0,SL,False,,,NO_ENTRY,True,4600.93,0.75,SL,False,,,NO_ENTRY,False,,,NO_ENTRY,False,,,NO_ENTRY,60.9,678.5,,,60.9,700.0,,,,,,
5574,4651.52,SELL,WICK_H4,H4,2026-03-31 20:00:00,1,0.25,2026-03-31 20:15:00,4655.02,35.0,319.1,2.75,0.0,0.0,,,,699.92,True,True,4655.02,0.0,SL,True,4651.52,0.0,SL,True,4655.02,0.0,SL,False,,,NO_ENTRY,False,,,NO_ENTRY,False,,,NO_ENTRY,144.9,319.1,109.9,354.1,144.9,319.1,,,,,,
5576,4686.93,SELL,WICK_H4,H4,2026-04-01 00:00:00,2,2.75,2026-04-01 02:45:00,4690.43,35.0,319.3,0.75,,,,,,693.39,True,True,4690.43,0.0,SL,False,,,NO_ENTRY,False,,,NO_ENTRY,False,,,NO_ENTRY,False,,,NO_ENTRY,False,,,NO_ENTRY,124.4,336.4,,,,,,,,,,
5580,4724.07,SELL,WICK_H4,H4,2026-04-01 08:00:00,1,2.0,2026-04-01 10:00:00,4727.57,35.0,200.6,0.5,0.0,0.0,0.75,,,687.86,True,True,4727.57,0.0,SL,True,4724.07,0.0,SL,True,4727.57,0.0,SL,False,,,NO_ENTRY,False,,,NO_ENTRY,False,,,NO_ENTRY,181.2,200.6,146.2,235.6,181.2,200.6,,,,,,
5582,4747.63,SELL,WICK_H4,H4,2026-04-01 12:00:00,1,2.75,2026-04-01 14:45:00,4751.13,35.0,101.6,0.0,0.25,0.25,0.5,,,674.35,True,True,4751.13,0.0,SL,True,4747.63,0.25,SL,True,4751.13,0.25,TP,False,,,NO_ENTRY,False,,,NO_ENTRY,False,,,NO_ENTRY,350.1,368.7,315.1,429.2,350.1,394.2,,,,,,
5584,4762.85,SELL,WICK_H4,H4,2026-04-01 16:00:00,1,2.0,2026-04-01 18:00:00,4766.35,35.0,242.0,1.0,,0.0,,,,679.35,True,True,4766.35,0.0,SL,False,,,NO_ENTRY,True,4766.35,0.0,SL,False,,,NO_ENTRY,False,,,NO_ENTRY,False,,,NO_ENTRY,244.7,264.8,,,244.7,264.8,,,,,,
5588,4792.83,SELL,WICK_H4,H4,2026-04-02 00:00:00,1,2.5,2026-04-02 02:30:00,4796.33,35.0,38.0,0.0,0.0,0.0,0.25,,,653.45,True,True,4796.33,0.0,SL,True,4792.83,0.0,SL,True,4796.33,0.0,SL,False,,,NO_ENTRY,False,,,NO_ENTRY,True,4792.83,0.5,TP,1453.9,38.0,1418.9,73.0,1453.9,38.0,,,,,1418.9,57.6
5596,4634.89,SELL,WICK_H4,H4,2026-04-02 16:00:00,1,1.0,2026-04-02 17:00:00,4638.39,35.0,608.4,0.5,,,,,,754.15,True,True,4638.39,0.0,SL,False,,,NO_ENTRY,False,,,NO_ENTRY,False,,,NO_ENTRY,False,,,NO_ENTRY,False,,,NO_ENTRY,68.4,608.4,,,,,,,,,,
5604,4671.78,SELL,WICK_H4,H4,2026-04-06 08:00:00,1,0.25,2026-04-06 08:15:00,4675.28,35.0,227.2,3.5,0.0,0.0,0.5,,,700.53,True,True,4675.28,0.0,SL,True,4671.78,0.0,SL,True,4675.28,0.0,SL,False,,,NO_ENTRY,False,,,NO_ENTRY,False,,,NO_ENTRY,316.8,283.4,281.8,318.4,316.8,283.4,,,,,,
5606,4698.0,SELL,WICK_H4,H4,2026-04-06 12:00:00,1,0.25,2026-04-06 12:15:00,4701.5,35.0,49.6,0.25,0.5,0.5,2.5,3.0,,683.94,True,True,4701.5,0.0,SL,True,4698.0,0.5,SL,True,4701.5,0.5,SL,False,,,NO_ENTRY,True,4677.7,2.5,SL,False,,,NO_ENTRY,418.6,49.6,383.6,69.1,418.6,34.1,,,257.6,197.7,,
5616,4664.31,SELL,WICK_H4,H4,2026-04-07 08:00:00,1,3.25,2026-04-07 11:15:00,4667.81,35.0,228.7,0.0,,,,,,600.33,True,True,4667.81,0.0,SL,False,,,NO_ENTRY,False,,,NO_ENTRY,False,,,NO_ENTRY,False,,,NO_ENTRY,False,,,NO_ENTRY,391.4,265.9,,,,,,,,,,
5618,4690.68,SELL,WICK_H4,H4,2026-04-07 12:00:00,1,0.25,2026-04-07 12:15:00,4694.18,35.0,2.2,0.0,0.0,0.0,0.25,0.5,1.75,604.4,True,True,4694.18,0.0,TP,True,4690.68,0.0,SL,True,4694.18,0.0,TP,False,,,NO_ENTRY,True,4635.43,1.75,SL,False,,,NO_ENTRY,655.1,2.2,620.1,37.2,655.1,2.2,,,281.2,354.4,,
5622,4668.56,SELL,WICK_H4,H4,2026-04-07 20:00:00,2,0.75,2026-04-07 20:45:00,4672.06,35.0,463.8,2.0,1.0,1.0,,,,607.98,True,True,4672.06,0.0,SL,True,4668.56,1.0,SL,True,4672.06,1.0,SL,False,,,NO_ENTRY,False,,,NO_ENTRY,True,4668.56,1.25,SL,147.0,1474.5,112.0,1674.7,147.0,1639.7,,,,,79.7,1889.4
5624,4718.44,SELL,WICK_H4,H4,2026-04-08 00:00:00,1,1.25,2026-04-08 01:15:00,4721.94,35.0,1355.6,1.75,,,,,,673.14,True,True,4721.94,0.0,SL,False,,,NO_ENTRY,False,,,NO_ENTRY,False,,,NO_ENTRY,False,,,NO_ENTRY,False,,,NO_ENTRY,90.2,1355.6,,,,,,,,,,
5628,4825.18,SELL,WICK_H4,H4,2026-04-08 08:00:00,1,1.0,2026-04-08 09:00:00,4828.68,35.0,109.6,0.5,0.75,0.0,1.0,2.5,,643.37,True,True,4828.68,0.0,SL,True,4825.18,0.75,SL,True,4828.68,0.0,SL,False,,,NO_ENTRY,True,4793.33,2.5,SL,False,,,NO_ENTRY,523.5,109.6,541.0,142.1,523.5,109.6,,,242.8,150.4,,
5642,4732.98,SELL,WICK_H4,H4,2026-04-09 12:00:00,2,1.5,2026-04-09 13:30:00,4736.48,35.0,230.3,1.5,,,,,,558.05,True,True,4736.48,0.0,SL,False,,,NO_ENTRY,False,,,NO_ENTRY,False,,,NO_ENTRY,False,,,NO_ENTRY,False,,,NO_ENTRY,17.2,404.7,,,,,,,,,,
5644,4759.51,SELL,WICK_H4,H4,2026-04-09 16:00:00,1,0.75,2026-04-09 16:45:00,4763.01,35.0,379.3,2.25,0.75,0.75,0.75,,,562.74,True,True,4763.01,0.0,SL,True,4759.51,0.75,SL,True,4763.01,0.75,SL,False,,,NO_ENTRY,False,,,NO_ENTRY,False,,,NO_ENTRY,159.6,381.3,124.6,416.3,159.6,381.3,,,,,,
5654,4769.04,SELL,WICK_H4,H4,2026-04-10 12:00:00,1,3.5,2026-04-10 15:30:00,4772.54,35.0,96.0,0.0,,0.0,,,,506.23,True,True,4772.54,0.0,SL,False,,,NO_ENTRY,True,4772.54,0.0,SL,False,,,NO_ENTRY,False,,,NO_ENTRY,False,,,NO_ENTRY,250.7,224.4,,,250.7,224.4,,,,,,
5656,4782.14,SELL,WICK_H4,H4,2026-04-10 16:00:00,1,1.5,2026-04-10 17:30:00,4785.64,35.0,93.4,0.0,0.0,0.0,0.25,1.0,,504.01,True,True,4785.64,0.0,SL,True,4782.14,0.0,SL,True,4785.64,0.0,SL,False,,,NO_ENTRY,True,4762.15,1.25,TP,False,,,NO_ENTRY,381.7,93.4,346.7,128.4,381.7,93.4,,,146.8,109.7,,
5661,4698.31,SELL,WICK_H4,H4,2026-04-13 04:00:00,1,0.25,2026-04-13 04:15:00,4701.81,35.0,261.3,0.5,,,,,,517.79,True,True,4701.81,0.0,SL,False,,,NO_ENTRY,False,,,NO_ENTRY,False,,,NO_ENTRY,False,,,NO_ENTRY,False,,,NO_ENTRY,-67.0,261.3,,,,,,,,,,
5663,4727.94,SELL,WICK_H4,H4,2026-04-13 08:00:00,1,1.25,2026-04-13 09:15:00,4731.44,35.0,84.4,1.5,0.25,0.25,,,,497.67,True,True,4731.44,0.0,TP,True,4727.94,0.25,SL,True,4731.44,0.25,TP,False,,,NO_ENTRY,False,,,NO_ENTRY,False,,,NO_ENTRY,230.7,84.4,195.7,119.4,230.7,84.4,,,,,,
5666,4728.99,SELL,WICK_H4,H4,2026-04-13 16:00:00,1,0.25,2026-04-13 16:15:00,4732.49,35.0,135.5,3.5,0.25,0.25,0.75,1.75,,478.76,True,True,4732.49,0.0,SL,True,4728.99,0.25,SL,True,4732.49,0.25,SL,False,,,NO_ENTRY,False,,,NO_ENTRY,False,,,NO_ENTRY,323.0,175.3,288.0,210.3,323.0,175.3,,,,,,
5670,4750.02,SELL,WICK_H4,H4,2026-04-14 00:00:00,2,1.75,2026-04-14 01:45:00,4753.52,35.0,220.9,1.75,,,,,,456.04,True,True,4753.52,0.0,SL,False,,,NO_ENTRY,False,,,NO_ENTRY,False,,,NO_ENTRY,False,,,NO_ENTRY,False,,,NO_ENTRY,44.5,236.4,,,,,,,,,,
5673,4777.16,SELL,WICK_H4,H4,2026-04-14 08:00:00,1,2.0,2026-04-14 10:00:00,4780.66,35.0,155.1,0.0,0.25,0.25,0.25,,,430.88,True,True,4780.66,0.0,SL,True,4777.16,0.25,SL,True,4780.66,0.25,SL,False,,,NO_ENTRY,False,,,NO_ENTRY,False,,,NO_ENTRY,284.3,155.1,249.3,143.5,284.3,108.5,,,,,,
5677,4789.15,SELL,WICK_H4,H4,2026-04-14 16:00:00,1,0.5,2026-04-14 16:30:00,4792.65,35.0,275.1,3.0,,,0.0,,,431.17,True,True,4792.65,0.0,SL,False,,,NO_ENTRY,False,,,NO_ENTRY,False,,,NO_ENTRY,False,,,NO_ENTRY,False,,,NO_ENTRY,126.1,485.4,,,,,,,,,,
5679,4820.16,SELL,WICK_H4,H4,2026-04-14 20:00:00,1,0.25,2026-04-14 20:15:00,4823.66,35.0,225.0,2.5,,,,,,426.66,True,True,4823.66,0.0,SL,False,,,NO_ENTRY,False,,,NO_ENTRY,False,,,NO_ENTRY,False,,,NO_ENTRY,False,,,NO_ENTRY,-9.5,270.8,,,,,,,,,,
5681,4850.74,SELL,WICK_H4,H4,2026-04-15 04:00:00,1,0.25,2026-04-15 04:15:00,4854.24,35.0,169.3,0.0,0.0,0.0,0.0,1.0,,422.35,True,True,4854.24,0.0,SL,True,4850.74,0.0,SL,True,4854.24,0.0,SL,False,,,NO_ENTRY,True,4823.76,1.5,SL,False,,,NO_ENTRY,374.1,169.3,339.1,204.3,374.1,169.3,,,127.9,64.8,,
5690,4808.61,SELL,WICK_H4,H4,2026-04-16 00:00:00,1,2.0,2026-04-16 02:00:00,4812.11,35.0,254.1,1.5,,,,,,398.82,True,True,4812.11,0.0,SL,False,,,NO_ENTRY,False,,,NO_ENTRY,False,,,NO_ENTRY,False,,,NO_ENTRY,False,,,NO_ENTRY,47.4,254.1,,,,,,,,,,
5708,4806.11,SELL,WICK_H4,H4,2026-04-17 12:00:00,2,3.5,2026-04-17 15:30:00,4809.61,35.0,796.3,0.5,,,,,,367.04,True,True,4809.61,0.0,SL,False,,,NO_ENTRY,False,,,NO_ENTRY,False,,,NO_ENTRY,False,,,NO_ENTRY,False,,,NO_ENTRY,-55.8,796.3,,,,,,,,,,
5715,4794.37,SELL,WICK_H4,H4,2026-04-20 04:00:00,1,0.5,2026-04-20 04:30:00,4797.87,35.0,163.5,0.25,1.5,1.0,3.0,,,423.0,True,True,4797.87,0.0,SL,True,4794.37,1.5,SL,True,4797.87,1.0,SL,False,,,NO_ENTRY,True,4787.29,3.0,SL,True,4794.37,2.25,TP,183.2,163.5,148.2,71.4,183.2,39.6,,,77.4,182.8,148.2,112.0
5718,4805.57,SELL,WICK_H4,H4,2026-04-20 12:00:00,1,3.0,2026-04-20 15:00:00,4809.07,35.0,129.4,0.25,0.25,0.25,,,,409.64,True,True,4809.07,0.0,SL,True,4805.57,0.25,SL,True,4809.07,0.25,SL,False,,,NO_ENTRY,False,,,NO_ENTRY,False,,,NO_ENTRY,165.3,184.0,130.3,219.0,165.3,184.0,,,,,,
5720,4822.01,SELL,WICK_H4,H4,2026-04-20 16:00:00,1,0.5,2026-04-20 16:30:00,4825.51,35.0,19.6,1.0,0.25,0.0,0.5,1.25,,405.33,True,True,4825.51,0.0,TP,True,4822.01,0.25,TP,True,4825.51,0.0,TP,False,,,NO_ENTRY,True,4805.07,1.25,TP,False,,,NO_ENTRY,329.7,19.6,294.7,54.6,329.7,19.6,,,125.3,113.4,,
5722,4827.47,SELL,WICK_H4,H4,2026-04-20 20:00:00,1,5.25,2026-04-21 01:15:00,4830.97,35.0,21.1,0.0,0.75,0.0,1.5,,,373.15,True,True,4830.97,0.0,TP,True,4827.47,0.75,SL,True,4830.97,0.0,TP,False,,,NO_ENTRY,False,,,NO_ENTRY,False,,,NO_ENTRY,275.4,21.1,272.2,40.3,275.4,21.1,,,,,,
5733,4722.01,SELL,WICK_H4,H4,2026-04-22 00:00:00,2,2.25,2026-04-22 02:15:00,4725.51,35.0,218.1,0.75,,,,,,399.22,True,True,4725.51,0.0,SL,False,,,NO_ENTRY,False,,,NO_ENTRY,False,,,NO_ENTRY,False,,,NO_ENTRY,False,,,NO_ENTRY,-7.2,377.7,,,,,,,,,,
5735,4747.32,SELL,WICK_H4,H4,2026-04-22 04:00:00,1,0.5,2026-04-22 04:30:00,4750.82,35.0,141.2,2.0,,0.0,,,,391.46,True,True,4750.82,0.0,SL,False,,,NO_ENTRY,True,4750.82,0.0,SL,False,,,NO_ENTRY,False,,,NO_ENTRY,False,,,NO_ENTRY,47.4,207.4,,,47.4,207.4,,,,,,
5737,4764.94,SELL,WICK_H4,H4,2026-04-22 08:00:00,1,0.5,2026-04-22 08:30:00,4768.44,35.0,36.8,1.5,0.5,0.0,0.5,,,378.11,True,True,4768.44,0.0,SL,True,4764.94,0.5,SL,True,4768.44,0.0,SL,False,,,NO_ENTRY,True,4757.88,2.5,SL,False,,,NO_ENTRY,167.8,36.8,192.6,71.8,167.8,36.8,,,122.0,44.4,,
5744,4749.27,SELL,WICK_H4,H4,2026-04-23 00:00:00,1,3.75,2026-04-23 03:45:00,4752.77,35.0,6.0,0.0,0.0,0.0,0.0,,,371.46,True,True,4752.77,0.0,TP,True,4749.27,0.0,SL,True,4752.77,0.0,TP,False,,,NO_ENTRY,False,,,NO_ENTRY,False,,,NO_ENTRY,547.3,6.0,512.3,41.0,547.3,6.0,,,,,,
5749,4724.76,SELL,WICK_H4,H4,2026-04-23 12:00:00,1,3.25,2026-04-23 15:15:00,4728.26,35.0,147.1,0.5,,,,,,392.71,True,True,4728.26,0.0,SL,False,,,NO_ENTRY,False,,,NO_ENTRY,False,,,NO_ENTRY,False,,,NO_ENTRY,False,,,NO_ENTRY,128.4,147.1,,,,,,,,,,
5759,4697.25,SELL,WICK_H4,H4,2026-04-24 12:00:00,1,2.25,2026-04-24 14:15:00,4700.75,35.0,165.4,0.25,,1.25,1.5,,,397.56,True,True,4700.75,0.0,SL,False,,,NO_ENTRY,True,4700.75,1.25,SL,False,,,NO_ENTRY,False,,,NO_ENTRY,False,,,NO_ENTRY,111.3,394.6,,,111.3,394.6,,,,,,
5761,4717.29,SELL,WICK_H4,H4,2026-04-24 16:00:00,1,1.0,2026-04-24 17:00:00,4720.79,35.0,194.2,0.0,,2.0,0.0,,,405.3,True,True,4720.79,0.0,SL,False,,,NO_ENTRY,True,4720.79,2.0,SL,False,,,NO_ENTRY,False,,,NO_ENTRY,False,,,NO_ENTRY,140.1,194.2,,,156.9,90.5,,,,,,
5767,4703.28,SELL,WICK_H4,H4,2026-04-27 04:00:00,2,1.25,2026-04-27 05:15:00,4706.78,35.0,230.2,2.25,,0.0,,,,391.83,True,True,4706.78,0.0,SL,False,,,NO_ENTRY,True,4706.78,0.0,SL,False,,,NO_ENTRY,False,,,NO_ENTRY,False,,,NO_ENTRY,79.6,230.2,,,79.6,230.2,,,,,,
5775,4686.01,SELL,WICK_H4,H4,2026-04-28 00:00:00,1,1.25,2026-04-28 01:15:00,4689.51,35.0,115.7,1.75,,0.0,,,,338.26,True,True,4689.51,0.0,SL,False,,,NO_ENTRY,True,4689.51,0.0,SL,False,,,NO_ENTRY,False,,,NO_ENTRY,False,,,NO_ENTRY,233.8,115.7,,,233.8,115.7,,,,,,
5781,4601.3,SELL,WICK_H4,H4,2026-04-29 00:00:00,1,3.25,2026-04-29 03:15:00,4604.8,35.0,27.9,0.0,0.0,0.0,0.5,,,348.96,True,True,4604.8,0.0,SL,True,4601.3,0.0,SL,True,4604.8,0.0,SL,False,,,NO_ENTRY,False,,,NO_ENTRY,False,,,NO_ENTRY,292.5,27.9,257.5,62.9,292.5,27.9,,,,,,
5792,4554.37,SELL,WICK_H4,H4,2026-04-30 00:00:00,1,2.75,2026-04-30 02:45:00,4557.87,35.0,162.0,1.0,,,,,,370.04,True,True,4557.87,0.0,SL,False,,,NO_ENTRY,False,,,NO_ENTRY,False,,,NO_ENTRY,False,,,NO_ENTRY,False,,,NO_ENTRY,40.9,245.1,,,,,,,,,,
5794,4574.07,SELL,WICK_H4,H4,2026-04-30 04:00:00,1,0.5,2026-04-30 04:30:00,4577.57,35.0,48.1,0.25,0.75,0.0,1.0,2.0,,373.27,True,True,4577.57,0.0,SL,True,4574.07,0.75,SL,True,4577.57,0.0,SL,False,,,NO_ENTRY,True,4555.73,2.25,TP,True,4574.07,1.0,TP,367.1,48.1,332.1,64.6,367.1,48.1,,,148.7,495.7,332.1,42.0
5796,4582.38,SELL,WICK_H4,H4,2026-04-30 08:00:00,1,2.0,2026-04-30 10:00:00,4585.88,35.0,436.0,1.0,,,,,,409.3,True,True,4585.88,0.0,SL,False,,,NO_ENTRY,False,,,NO_ENTRY,False,,,NO_ENTRY,False,,,NO_ENTRY,False,,,NO_ENTRY,12.4,610.3,,,,,,,,,,
5797,4629.48,SELL,WICK_H4,H4,2026-04-30 12:00:00,2,1.5,2026-04-30 13:30:00,4632.98,35.0,139.3,0.0,1.75,1.0,,,,403.39,True,True,4632.98,0.0,SL,True,4629.48,1.75,SL,True,4632.98,1.0,SL,False,,,NO_ENTRY,True,4625.61,2.0,SL,False,,,NO_ENTRY,239.5,139.3,241.3,162.9,239.5,127.9,,,202.6,201.6,,
5802,4627.23,SELL,WICK_H4,H4,2026-05-01 00:00:00,1,1.25,2026-05-01 01:15:00,4630.73,35.0,31.7,1.25,1.5,0.5,1.75,,,373.81,True,True,4630.73,0.0,SL,True,4627.23,1.5,SL,True,4630.73,0.5,SL,False,,,NO_ENTRY,False,,,NO_ENTRY,False,,,NO_ENTRY,168.7,51.2,133.7,86.2,168.7,51.2,,,,,,
5807,4607.38,SELL,WICK_H4,H4,2026-05-01 16:00:00,1,0.75,2026-05-01 16:45:00,4610.88,35.0,492.6,0.5,,,0.0,,,408.79,True,True,4610.88,0.0,SL,False,,,NO_ENTRY,False,,,NO_ENTRY,False,,,NO_ENTRY,False,,,NO_ENTRY,False,,,NO_ENTRY,121.9,492.6,,,,,,,,,,
5823,4531.47,SELL,WICK_H4,H4,2026-05-05 00:00:00,1,4.25,2026-05-05 04:15:00,4534.97,35.0,117.3,1.5,3.0,2.5,,,,388.67,True,True,4534.97,0.0,SL,True,4531.47,3.0,SL,True,4534.97,2.5,SL,False,,,NO_ENTRY,True,4532.78,2.75,SL,False,,,NO_ENTRY,71.2,117.3,36.2,268.0,71.2,233.0,,,49.3,254.9,,
5825,4546.7,SELL,WICK_H4,H4,2026-05-05 08:00:00,1,1.0,2026-05-05 09:00:00,4550.2,35.0,242.2,6.5,0.0,0.0,0.25,,,381.17,True,True,4550.2,0.0,TP,True,4546.7,0.0,SL,True,4550.2,0.0,TP,False,,,NO_ENTRY,False,,,NO_ENTRY,False,,,NO_ENTRY,166.3,101.4,131.3,136.4,166.3,101.4,,,,,,
5828,4574.42,SELL,WICK_H4,H4,2026-05-05 16:00:00,1,0.25,2026-05-05 16:15:00,4577.92,35.0,85.5,1.0,0.25,0.0,1.0,3.0,,375.04,True,True,4577.92,0.0,SL,True,4574.42,0.25,SL,True,4577.92,0.0,SL,False,,,NO_ENTRY,True,4559.7,3.0,SL,False,,,NO_ENTRY,247.8,85.5,212.8,120.5,247.8,85.5,,,82.3,64.7,,
5832,4565.71,SELL,WICK_H4,H4,2026-05-06 00:00:00,1,2.0,2026-05-06 02:00:00,4569.21,35.0,842.4,5.25,,,,,,385.55,True,True,4569.21,0.0,SL,False,,,NO_ENTRY,False,,,NO_ENTRY,False,,,NO_ENTRY,False,,,NO_ENTRY,False,,,NO_ENTRY,-2.9,810.8,,,,,,,,,,
5835,4653.45,SELL,WICK_H4,H4,2026-05-06 08:00:00,2,1.0,2026-05-06 09:00:00,4656.95,35.0,456.6,2.75,,,,,,403.28,True,True,4656.95,0.0,SL,False,,,NO_ENTRY,False,,,NO_ENTRY,False,,,NO_ENTRY,False,,,NO_ENTRY,False,,,NO_ENTRY,0.5,513.7,,,,,,,,,,
5837,4702.61,SELL,WICK_H4,H4,2026-05-06 12:00:00,1,1.5,2026-05-06 13:30:00,4706.11,35.0,167.4,0.25,1.0,0.75,1.25,1.5,1.75,419.24,True,True,4706.11,0.0,SL,True,4702.61,1.0,SL,True,4706.11,0.75,SL,False,,,NO_ENTRY,False,,,NO_ENTRY,True,4702.61,1.25,TP,459.4,167.4,424.4,147.2,459.4,112.2,,,,,424.4,147.2
5845,4701.07,SELL,WICK_H4,H4,2026-05-07 04:00:00,1,0.25,2026-05-07 04:15:00,4704.57,35.0,167.8,0.5,2.5,0.0,3.25,,,389.09,True,True,4704.57,0.0,SL,True,4701.07,2.5,SL,True,4704.57,0.0,SL,False,,,NO_ENTRY,True,4698.98,2.5,SL,True,4701.07,2.75,SL,124.2,167.8,89.2,493.0,124.2,167.8,,,68.3,513.9,89.2,521.8
5847,4721.35,SELL,WICK_H4,H4,2026-05-07 08:00:00,1,1.75,2026-05-07 09:45:00,4724.85,35.0,284.0,1.25,,,,,,403.23,True,True,4724.85,0.0,SL,False,,,NO_ENTRY,False,,,NO_ENTRY,False,,,NO_ENTRY,False,,,NO_ENTRY,False,,,NO_ENTRY,33.0,284.0,,,,,,,,,,
5851,4752.44,SELL,WICK_H4,H4,2026-05-07 16:00:00,2,1.25,2026-05-07 17:15:00,4755.94,35.0,86.8,0.75,0.25,0.25,0.0,1.5,1.75,411.14,True,True,4755.94,0.0,SL,True,4752.44,0.25,SL,True,4755.94,0.25,SL,False,,,NO_ENTRY,True,4729.06,1.5,TP,False,,,NO_ENTRY,683.4,86.8,648.4,121.8,683.4,86.8,,,414.6,104.8,,
5856,4709.35,SELL,WICK_H4,H4,2026-05-08 04:00:00,1,0.25,2026-05-08 04:15:00,4712.85,35.0,197.8,0.75,,0.0,,,,394.31,True,True,4712.85,0.0,SL,False,,,NO_ENTRY,True,4712.85,0.0,SL,False,,,NO_ENTRY,False,,,NO_ENTRY,False,,,NO_ENTRY,78.7,197.8,,,78.7,197.8,,,,,,
5861,4731.87,SELL,WICK_H4,H4,2026-05-08 16:00:00,1,0.75,2026-05-08 16:45:00,4735.37,35.0,140.0,0.25,0.25,0.25,0.25,0.75,,392.16,True,True,4735.37,0.0,SL,True,4731.87,0.25,SL,True,4735.37,0.25,SL,False,,,NO_ENTRY,False,,,NO_ENTRY,False,,,NO_ENTRY,336.4,140.0,301.4,175.0,336.4,140.0,,,,,,
5870,4680.52,SELL,WICK_H4,H4,2026-05-11 12:00:00,1,3.5,2026-05-11 15:30:00,4684.02,35.0,644.0,1.25,,,,,,385.75,True,True,4684.02,0.0,SL,False,,,NO_ENTRY,False,,,NO_ENTRY,False,,,NO_ENTRY,True,4711.15,4.0,SL,False,,,NO_ENTRY,-20.1,644.0,,,,,,,33.3,272.6,,
5875,4738.41,SELL,WICK_H4,H4,2026-05-12 00:00:00,1,1.5,2026-05-12 01:30:00,4741.91,35.0,314.2,1.75,,,,,,382.22,True,True,4741.91,0.0,SL,False,,,NO_ENTRY,False,,,NO_ENTRY,False,,,NO_ENTRY,False,,,NO_ENTRY,False,,,NO_ENTRY,217.7,314.2,,,,,,,,,,
5883,4708.82,SELL,WICK_H4,H4,2026-05-12 20:00:00,1,2.75,2026-05-12 22:45:00,4712.32,35.0,68.3,0.25,,,,,,404.85,True,True,4712.32,0.0,SL,False,,,NO_ENTRY,False,,,NO_ENTRY,False,,,NO_ENTRY,False,,,NO_ENTRY,False,,,NO_ENTRY,32.7,144.7,,,,,,,,,,
5885,4719.15,SELL,WICK_H4,H4,2026-05-13 00:00:00,1,2.0,2026-05-13 02:00:00,4722.65,35.0,41.4,1.0,0.0,0.0,,,,386.74,True,True,4722.65,0.0,SL,True,4719.15,0.0,SL,True,4722.65,0.0,SL,False,,,NO_ENTRY,True,4714.32,1.75,SL,False,,,NO_ENTRY,352.2,41.4,317.2,76.4,352.2,41.4,,,268.9,59.3,,
5896,4701.15,SELL,WICK_H4,H4,2026-05-14 00:00:00,2,3.75,2026-05-14 03:45:00,4704.65,35.0,19.4,0.0,,,,,,347.1,True,True,4704.65,0.0,TP,False,,,NO_ENTRY,False,,,NO_ENTRY,False,,,NO_ENTRY,False,,,NO_ENTRY,False,,,NO_ENTRY,361.7,78.9,,,,,,,,,,
5898,4706.59,SELL,WICK_H4,H4,2026-05-14 04:00:00,2,3.5,2026-05-14 07:30:00,4710.09,35.0,24.5,0.0,0.0,0.0,,,,353.78,True,True,4710.09,0.0,TP,True,4706.59,0.0,SL,True,4710.09,0.0,TP,False,,,NO_ENTRY,False,,,NO_ENTRY,True,4706.59,0.25,TP,240.1,85.2,205.1,120.2,240.1,85.2,,,,,205.1,120.2
5922,4549.73,SELL,WICK_H4,H4,2026-05-18 08:00:00,2,2.5,2026-05-18 10:30:00,4553.23,35.0,65.4,0.0,0.0,0.0,0.25,,,411.57,True,True,4553.23,0.0,SL,True,4549.73,0.0,SL,True,4553.23,0.0,SL,False,,,NO_ENTRY,False,,,NO_ENTRY,False,,,NO_ENTRY,234.2,138.0,199.2,173.0,234.2,138.0,,,,,,
5924,4559.77,SELL,WICK_H4,H4,2026-05-18 12:00:00,1,2.75,2026-05-18 14:45:00,4563.27,35.0,113.7,1.0,0.0,0.0,0.0,,,414.2,True,True,4563.27,0.0,TP,True,4559.77,0.0,SL,True,4563.27,0.0,TP,False,,,NO_ENTRY,False,,,NO_ENTRY,False,,,NO_ENTRY,317.0,207.8,282.0,242.8,317.0,207.8,,,,,,
5926,4574.64,SELL,WICK_H4,H4,2026-05-18 16:00:00,1,0.5,2026-05-18 16:30:00,4578.14,35.0,59.1,0.25,0.0,0.0,0.0,0.75,1.5,422.1,True,True,4578.14,0.0,TP,True,4574.64,0.0,SL,True,4578.14,0.0,TP,False,,,NO_ENTRY,True,4540.36,1.5,SL,False,,,NO_ENTRY,465.7,59.1,430.7,94.1,465.7,59.1,,,87.9,244.2,,
5928,4584.05,SELL,WICK_H4,H4,2026-05-18 20:00:00,1,6.25,2026-05-19 02:15:00,4587.55,35.0,14.8,0.75,0.5,0.0,0.75,1.5,,405.38,True,True,4587.55,0.0,TP,True,4584.05,0.5,SL,True,4587.55,0.0,TP,False,,,NO_ENTRY,False,,,NO_ENTRY,False,,,NO_ENTRY,441.5,14.8,406.5,49.8,441.5,14.8,,,,,,
5945,4489.95,SELL,WICK_H4,H4,2026-05-20 12:00:00,1,1.5,2026-05-20 13:30:00,4493.45,35.0,117.3,2.25,,0.5,,,,388.63,True,True,4493.45,0.0,SL,False,,,NO_ENTRY,True,4493.45,0.5,SL,False,,,NO_ENTRY,False,,,NO_ENTRY,False,,,NO_ENTRY,265.4,350.3,,,265.4,435.5,,,,,,
5946,4505.18,SELL,WICK_H4,H4,2026-05-20 16:00:00,2,1.5,2026-05-20 17:30:00,4508.68,35.0,439.6,0.75,,,,,,422.11,True,True,4508.68,0.0,SL,False,,,NO_ENTRY,False,,,NO_ENTRY,False,,,NO_ENTRY,False,,,NO_ENTRY,False,,,NO_ENTRY,19.2,439.6,,,,,,,,,,
5952,4553.08,SELL,WICK_H4,H4,2026-05-21 04:00:00,1,0.25,2026-05-21 04:15:00,4556.58,35.0,140.7,0.25,0.75,0.75,1.0,1.25,,394.28,True,True,4556.58,0.0,SL,True,4553.08,0.75,SL,True,4556.58,0.75,SL,False,,,NO_ENTRY,True,4536.17,1.25,SL,True,4553.08,1.0,TP,352.2,140.7,348.6,116.2,383.6,81.2,,,179.5,59.8,348.6,-0.9
5960,4520.92,SELL,WICK_H4,H4,2026-05-21 20:00:00,1,0.25,2026-05-21 20:15:00,4524.42,35.0,347.5,0.5,,,,,,387.94,True,True,4524.42,0.0,SL,False,,,NO_ENTRY,False,,,NO_ENTRY,False,,,NO_ENTRY,False,,,NO_ENTRY,False,,,NO_ENTRY,-15.7,347.5,,,,,,,,,,
5972,4527.68,SELL,WICK_H4,H4,2026-05-23 00:00:00,1,49.25,2026-05-25 01:15:00,4531.18,35.0,485.8,1.25,,,,,,372.37,True,True,4531.18,0.0,SL,False,,,NO_ENTRY,False,,,NO_ENTRY,False,,,NO_ENTRY,False,,,NO_ENTRY,False,,,NO_ENTRY,-169.5,485.8,,,,,,,,,,
5992,4510.51,SELL,WICK_H4,H4,2026-05-27 00:00:00,2,2.5,2026-05-27 02:30:00,4514.01,35.0,138.0,0.25,,,,,,318.58,True,True,4514.01,0.0,SL,False,,,NO_ENTRY,False,,,NO_ENTRY,False,,,NO_ENTRY,False,,,NO_ENTRY,False,,,NO_ENTRY,160.8,138.0,,,,,,,,,,
6003,4458.64,SELL,WICK_H4,H4,2026-05-28 00:00:00,1,1.5,2026-05-28 01:30:00,4462.14,35.0,1.4,0.0,0.0,0.0,0.5,1.25,,339.19,True,True,4462.14,0.0,TP,True,4458.64,0.0,SL,True,4462.14,0.0,TP,False,,,NO_ENTRY,True,4446.96,1.25,SL,True,4458.64,0.25,TP,658.3,1.4,623.3,36.4,658.3,1.4,,,787.1,116.0,661.9,0.6
6009,4395.93,SELL,WICK_H4,H4,2026-05-28 12:00:00,1,1.0,2026-05-28 13:00:00,4399.43,35.0,340.9,2.75,0.5,0.0,0.5,0.75,,389.26,True,True,4399.43,0.0,SL,True,4395.93,0.5,SL,True,4399.43,0.0,SL,False,,,NO_ENTRY,True,4382.8,0.75,SL,False,,,NO_ENTRY,243.0,678.6,208.0,773.5,243.0,678.6,,,76.7,974.5,,
6011,4433.52,SELL,WICK_H4,H4,2026-05-28 16:00:00,2,1.0,2026-05-28 17:00:00,4437.02,35.0,793.4,4.0,,,0.0,,,427.82,True,True,4437.02,0.0,SL,False,,,NO_ENTRY,False,,,NO_ENTRY,True,4495.81,7.0,SL,True,4500.88,4.75,SL,False,,,NO_ENTRY,165.8,793.4,,,,,69.1,246.9,119.8,27.0,,
6015,4500.37,SELL,WICK_H4,H4,2026-05-29 04:00:00,1,0.25,2026-05-29 04:15:00,4503.87,35.0,166.3,0.0,1.75,1.0,,,,383.62,True,True,4503.87,0.0,SL,True,4500.37,1.75,SL,True,4503.87,1.0,SL,False,,,NO_ENTRY,True,4496.17,1.75,SL,False,,,NO_ENTRY,92.2,166.3,57.2,235.2,92.2,183.4,,,15.2,277.2,,
6017,4520.5,SELL,WICK_H4,H4,2026-05-29 08:00:00,2,2.75,2026-05-29 10:45:00,4524.0,35.0,19.3,0.0,0.25,0.25,0.25,,,372.95,True,True,4524.0,0.0,TP,True,4520.5,0.25,SL,True,4524.0,0.25,TP,False,,,NO_ENTRY,False,,,NO_ENTRY,False,,,NO_ENTRY,142.9,191.0,107.9,226.0,142.9,191.0,,,,,,
6019,4525.93,SELL,WICK_H4,H4,2026-05-29 12:00:00,1,0.25,2026-05-29 12:15:00,4529.43,35.0,136.7,1.25,3.0,0.0,3.0,,,368.11,True,True,4529.43,0.0,SL,True,4525.93,3.0,SL,True,4529.43,0.0,SL,False,,,NO_ENTRY,True,4522.16,3.0,SL,False,,,NO_ENTRY,168.5,136.7,133.5,691.1,168.5,136.7,,,95.8,728.8,,
6021,4543.1,SELL,WICK_H4,H4,2026-05-29 16:00:00,2,2.0,2026-05-29 18:00:00,4546.6,35.0,484.4,0.0,,,,,,397.63,True,True,4546.6,0.0,SL,False,,,NO_ENTRY,False,,,NO_ENTRY,False,,,NO_ENTRY,False,,,NO_ENTRY,False,,,NO_ENTRY,-40.7,484.4,,,,,,,,,,
6036,4496.96,SELL,WICK_H4,H4,2026-06-02 04:00:00,1,3.0,2026-06-02 07:00:00,4500.46,35.0,408.3,3.0,,,,,,372.58,True,True,4500.46,0.0,SL,False,,,NO_ENTRY,False,,,NO_ENTRY,False,,,NO_ENTRY,True,4526.56,4.75,SL,False,,,NO_ENTRY,28.2,408.3,,,,,,,132.6,90.6,,
6055,4452.06,SELL,WICK_H4,H4,2026-06-04 00:00:00,2,2.75,2026-06-04 02:45:00,4455.56,35.0,97.0,0.25,0.5,0.25,0.75,,,334.51,True,True,4455.56,0.0,SL,True,4452.06,0.5,SL,True,4455.56,0.25,SL,False,,,NO_ENTRY,False,,,NO_ENTRY,False,,,NO_ENTRY,126.5,214.9,91.5,249.9,126.5,214.9,,,,,,
6057,4465.26,SELL,WICK_H4,H4,2026-06-04 04:00:00,1,0.25,2026-06-04 04:15:00,4468.76,35.0,151.3,3.25,0.25,0.0,0.0,,,339.89,True,True,4468.76,0.0,SL,True,4465.26,0.25,SL,True,4468.76,0.0,SL,False,,,NO_ENTRY,False,,,NO_ENTRY,True,4465.26,2.5,SL,134.7,151.3,99.7,186.3,134.7,151.3,,,,,70.5,186.3
6059,4483.89,SELL,WICK_H4,H4,2026-06-04 08:00:00,1,6.5,2026-06-04 14:30:00,4487.39,35.0,271.1,0.25,,,,,,347.26,True,True,4487.39,0.0,SL,False,,,NO_ENTRY,False,,,NO_ENTRY,False,,,NO_ENTRY,False,,,NO_ENTRY,False,,,NO_ENTRY,302.5,278.1,,,,,,,,,,
6071,4468.04,SELL,WICK_H4,H4,2026-06-05 12:00:00,3,3.25,2026-06-05 15:15:00,4471.54,35.0,41.6,0.0,0.0,0.0,0.0,0.25,0.5,372.96,True,True,4471.54,0.0,SL,True,4468.04,0.0,SL,True,4471.54,0.0,SL,False,,,NO_ENTRY,True,4445.94,0.25,SL,False,,,NO_ENTRY,1463.3,41.6,1428.3,76.6,1463.3,41.6,,,1226.0,199.7,,
6076,4347.17,SELL,WICK_H4,H4,2026-06-06 00:00:00,1,51.5,2026-06-08 03:30:00,4350.67,35.0,15.3,0.0,0.0,0.0,0.25,,,413.87,True,True,4350.67,0.0,TP,True,4347.17,0.0,SL,True,4350.67,0.0,TP,False,,,NO_ENTRY,False,,,NO_ENTRY,False,,,NO_ENTRY,507.6,15.3,472.6,50.3,507.6,15.3,,,,,,
6082,4316.69,SELL,WICK_H4,H4,2026-06-08 12:00:00,1,2.25,2026-06-08 14:15:00,4320.19,35.0,190.6,1.25,,,,,,439.05,True,True,4320.19,0.0,SL,False,,,NO_ENTRY,False,,,NO_ENTRY,False,,,NO_ENTRY,False,,,NO_ENTRY,False,,,NO_ENTRY,77.1,262.6,,,,,,,,,,
6084,4339.25,SELL,WICK_H4,H4,2026-06-08 16:00:00,2,2.75,2026-06-08 18:45:00,4342.75,35.0,33.7,0.75,,0.0,,,,430.39,True,True,4342.75,0.0,SL,False,,,NO_ENTRY,True,4342.75,0.0,SL,False,,,NO_ENTRY,False,,,NO_ENTRY,False,,,NO_ENTRY,196.2,33.7,,,196.2,33.7,,,,,,
6091,4342.04,SELL,WICK_H4,H4,2026-06-09 08:00:00,1,0.75,2026-06-09 08:45:00,4345.54,35.0,33.6,0.0,0.25,0.0,0.75,1.5,,382.75,True,True,4345.54,0.0,SL,True,4342.04,0.25,SL,True,4345.54,0.0,SL,False,,,NO_ENTRY,False,,,NO_ENTRY,False,,,NO_ENTRY,244.8,33.6,209.8,64.9,244.8,33.6,,,,,,
6111,4077.88,SELL,WICK_H4,H4,2026-06-11 04:00:00,1,0.25,2026-06-11 04:15:00,4081.38,35.0,364.6,0.25,1.25,1.25,1.25,1.25,,504.83,True,True,4081.38,0.0,SL,True,4077.88,1.25,SL,True,4081.38,1.25,SL,False,,,NO_ENTRY,False,,,NO_ENTRY,True,4077.88,1.75,TP,290.6,364.6,255.6,281.6,290.6,246.6,,,,,210.3,281.6
6117,4096.24,SELL,WICK_H4,H4,2026-06-11 16:00:00,1,3.25,2026-06-11 19:15:00,4099.74,35.0,77.2,0.0,0.0,0.0,0.0,,,493.67,True,True,4099.74,0.0,SL,True,4096.24,0.0,SL,True,4099.74,0.0,SL,False,,,NO_ENTRY,False,,,NO_ENTRY,False,,,NO_ENTRY,279.3,1202.5,244.3,1237.5,279.3,1202.5,,,,,,
6119,4107.46,SELL,WICK_H4,H4,2026-06-11 20:00:00,1,0.75,2026-06-11 20:45:00,4110.96,35.0,1090.3,1.75,,,,,,564.25,True,True,4110.96,0.0,SL,False,,,NO_ENTRY,False,,,NO_ENTRY,False,,,NO_ENTRY,False,,,NO_ENTRY,False,,,NO_ENTRY,-201.7,1351.7,,,,,,,,,,
6121,4219.99,SELL,WICK_H4,H4,2026-06-12 00:00:00,2,1.75,2026-06-12 01:45:00,4223.49,35.0,226.4,0.0,0.5,0.25,1.5,,,556.52,True,True,4223.49,0.0,SL,True,4219.99,0.5,SL,True,4223.49,0.25,SL,False,,,NO_ENTRY,True,4203.75,1.75,SL,False,,,NO_ENTRY,523.1,226.4,488.1,103.0,523.1,221.8,,,325.7,248.4,,
6125,4210.84,SELL,WICK_H4,H4,2026-06-12 08:00:00,1,3.5,2026-06-12 11:30:00,4214.34,35.0,114.3,0.25,,,,,,545.98,True,True,4214.34,0.0,SL,False,,,NO_ENTRY,False,,,NO_ENTRY,False,,,NO_ENTRY,False,,,NO_ENTRY,False,,,NO_ENTRY,231.0,135.0,,,,,,,,,,
6133,4235.27,SELL,WICK_H4,H4,2026-06-13 00:00:00,1,49.25,2026-06-15 01:15:00,4238.77,35.0,690.9,2.0,,,,,,551.11,True,True,4238.77,0.0,SL,False,,,NO_ENTRY,False,,,NO_ENTRY,False,,,NO_ENTRY,False,,,NO_ENTRY,False,,,NO_ENTRY,-414.5,921.1,,,,,,,,,,
6135,4308.81,SELL,WICK_H4,H4,2026-06-15 04:00:00,1,0.75,2026-06-15 04:45:00,4312.31,35.0,229.3,1.0,,,,,,547.39,True,True,4312.31,0.0,SL,False,,,NO_ENTRY,False,,,NO_ENTRY,False,,,NO_ENTRY,False,,,NO_ENTRY,False,,,NO_ENTRY,49.2,229.3,,,,,,,,,,
6137,4335.24,SELL,WICK_H4,H4,2026-06-15 08:00:00,1,3.75,2026-06-15 11:45:00,4338.74,35.0,41.0,0.0,0.0,0.0,,,,540.12,True,True,4338.74,0.0,SL,True,4335.24,0.0,SL,True,4338.74,0.0,SL,False,,,NO_ENTRY,False,,,NO_ENTRY,False,,,NO_ENTRY,143.7,104.7,108.7,139.7,143.7,104.7,,,,,,
6139,4345.27,SELL,WICK_H4,H4,2026-06-15 12:00:00,2,3.75,2026-06-15 15:45:00,4348.77,35.0,203.7,1.25,3.5,3.5,4.0,,,519.28,True,True,4348.77,0.0,SL,True,4345.27,3.5,SL,True,4348.77,3.5,SL,True,4339.03,4.25,TP,True,4342.79,3.5,TP,False,,,NO_ENTRY,143.5,203.7,347.4,71.1,382.4,36.1,327.8,0.0,322.6,95.9,,
6145,4320.56,SELL,WICK_H4,H4,2026-06-16 04:00:00,2,2.5,2026-06-16 06:30:00,4324.06,35.0,88.9,0.25,,0.75,,,,454.16,True,True,4324.06,0.0,SL,False,,,NO_ENTRY,True,4324.06,0.75,SL,False,,,NO_ENTRY,False,,,NO_ENTRY,False,,,NO_ENTRY,107.3,88.9,,,107.3,193.8,,,,,,
6147,4332.95,SELL,WICK_H4,H4,2026-06-16 08:00:00,1,3.0,2026-06-16 11:00:00,4336.45,35.0,184.3,4.75,5.75,5.25,6.25,6.5,,446.34,True,True,4336.45,0.0,SL,True,4332.95,5.75,SL,True,4336.45,5.25,SL,True,4340.39,9.0,TP,True,4334.92,5.25,SL,False,,,NO_ENTRY,38.0,127.0,198.4,137.5,233.4,102.5,153.0,23.4,218.1,117.8,,
6154,4341.4,SELL,WICK_H4,H4,2026-06-17 04:00:00,1,0.25,2026-06-17 04:15:00,4344.9,35.0,26.4,0.0,0.25,0.0,1.5,3.0,,385.08,True,True,4344.9,0.0,SL,True,4341.4,0.25,SL,True,4344.9,0.0,SL,False,,,NO_ENTRY,True,4331.48,1.5,TP,False,,,NO_ENTRY,276.4,26.4,241.4,29.5,276.4,26.4,,,142.2,71.6,,
6160,4335.46,SELL,WICK_H4,H4,2026-06-17 16:00:00,1,0.5,2026-06-17 16:30:00,4338.96,35.0,273.2,2.75,,,,,,359.63,True,True,4338.96,0.0,SL,False,,,NO_ENTRY,False,,,NO_ENTRY,False,,,NO_ENTRY,False,,,NO_ENTRY,False,,,NO_ENTRY,82.7,431.2,,,,,,,,,,
6162,4366.28,SELL,WICK_H4,H4,2026-06-17 20:00:00,1,0.75,2026-06-17 20:45:00,4369.78,35.0,122.6,0.0,0.25,0.25,0.25,0.25,0.25,450.55,True,True,4369.78,0.0,SL,True,4366.28,0.25,SL,True,4369.78,0.25,SL,False,,,NO_ENTRY,True,4284.08,0.25,SL,False,,,NO_ENTRY,1509.6,122.6,1474.6,127.7,1509.6,92.7,,,652.6,949.7,,
6166,4315.17,SELL,WICK_H4,H4,2026-06-18 04:00:00,1,0.25,2026-06-18 04:15:00,4318.67,35.0,109.5,0.75,1.5,0.5,,,,445.28,True,True,4318.67,0.0,SL,True,4315.17,1.5,SL,True,4318.67,0.5,SL,False,,,NO_ENTRY,False,,,NO_ENTRY,False,,,NO_ENTRY,98.5,109.5,191.0,92.3,175.2,109.5,,,,,,
6180,4178.41,SELL,WICK_H4,H4,2026-06-19 12:00:00,1,4.0,2026-06-19 16:00:00,4181.91,35.0,8.1,0.0,0.0,0.0,0.0,0.5,,454.52,True,True,4181.91,0.0,TP,True,4178.41,0.0,SL,True,4181.91,0.0,TP,False,,,NO_ENTRY,True,4144.27,1.5,SL,False,,,NO_ENTRY,440.1,8.1,405.1,43.1,440.1,8.1,,,63.7,202.2,,
6183,4182.72,SELL,WICK_H4,H4,2026-06-19 20:00:00,1,56.0,2026-06-22 04:00:00,4186.22,35.0,347.3,0.0,2.0,1.0,2.25,,,470.74,True,True,4186.22,0.0,SL,True,4182.72,2.0,SL,True,4186.22,1.0,SL,False,,,NO_ENTRY,True,4178.18,2.0,SL,False,,,NO_ENTRY,157.5,347.3,122.5,244.2,157.5,138.8,,,77.1,289.6,,
6188,4207.14,SELL,WICK_H4,H4,2026-06-22 12:00:00,1,1.0,2026-06-22 13:00:00,4210.64,35.0,43.7,1.0,0.75,0.25,2.75,,,440.8,True,True,4210.64,0.0,SL,True,4207.14,0.75,SL,True,4210.64,0.25,SL,False,,,NO_ENTRY,True,4193.2,2.75,SL,True,4207.14,1.75,SL,278.9,43.7,243.9,78.7,278.9,43.7,,,236.2,173.7,375.6,44.4
6201,4133.12,SELL,WICK_H4,H4,2026-06-23 16:00:00,1,1.0,2026-06-23 17:00:00,4136.62,35.0,82.3,0.0,0.25,0.25,0.5,,,422.57,True,True,4136.62,0.0,SL,True,4133.12,0.25,SL,True,4136.62,0.25,SL,False,,,NO_ENTRY,False,,,NO_ENTRY,True,4133.12,0.5,TP,139.7,82.3,126.9,105.8,161.9,70.8,,,,,172.6,105.8
6215,4011.1,SELL,WICK_H4,H4,2026-06-25 00:00:00,1,2.75,2026-06-25 02:45:00,4014.6,35.0,29.1,0.0,0.25,0.0,0.5,0.75,,471.42,True,True,4014.6,0.0,SL,True,4011.1,0.25,SL,True,4014.6,0.0,SL,False,,,NO_ENTRY,True,3985.28,0.75,SL,False,,,NO_ENTRY,515.9,29.1,480.9,51.6,515.9,29.1,,,222.7,204.3,,
6221,4001.86,SELL,WICK_H4,H4,2026-06-25 12:00:00,1,3.75,2026-06-25 15:45:00,4005.36,35.0,135.1,0.0,,,,,,456.47,True,True,4005.36,0.0,SL,False,,,NO_ENTRY,False,,,NO_ENTRY,False,,,NO_ENTRY,False,,,NO_ENTRY,False,,,NO_ENTRY,63.6,385.2,,,,,,,,,,
6223,4018.87,SELL,WICK_H4,H4,2026-06-25 16:00:00,1,0.25,2026-06-25 16:15:00,4022.37,35.0,215.1,3.0,0.25,0.0,0.25,0.75,,455.92,True,True,4022.37,0.0,SL,True,4018.87,0.25,SL,True,4022.37,0.0,SL,False,,,NO_ENTRY,False,,,NO_ENTRY,True,4018.87,0.5,TP,233.7,215.1,198.7,250.1,233.7,215.1,,,,,198.7,250.1
6231,4029.26,SELL,WICK_H4,H4,2026-06-26 08:00:00,1,2.0,2026-06-26 10:00:00,4032.76,35.0,67.8,0.25,0.0,0.0,,,,422.49,True,True,4032.76,0.0,SL,True,4029.26,0.0,SL,True,4032.76,0.0,SL,False,,,NO_ENTRY,False,,,NO_ENTRY,False,,,NO_ENTRY,71.3,225.9,36.3,260.9,71.3,225.9,,,,,,
6233,4039.54,SELL,WICK_H4,H4,2026-06-26 12:00:00,1,0.25,2026-06-26 12:15:00,4043.04,35.0,182.8,3.5,,3.25,,,,415.09,True,True,4043.04,0.0,SL,False,,,NO_ENTRY,True,4043.04,3.25,SL,False,,,NO_ENTRY,True,4040.07,3.25,SL,False,,,NO_ENTRY,88.3,227.6,,,74.2,527.7,,,44.5,557.4,,
6235,4061.32,SELL,WICK_H4,H4,2026-06-26 16:00:00,2,0.75,2026-06-26 16:45:00,4064.82,35.0,309.9,2.0,,,,,,423.04,True,True,4064.82,0.0,SL,False,,,NO_ENTRY,False,,,NO_ENTRY,False,,,NO_ENTRY,False,,,NO_ENTRY,False,,,NO_ENTRY,63.6,309.9,,,,,,,,,,
6252,3997.87,SELL,WICK_H4,H4,2026-06-30 08:00:00,1,1.5,2026-06-30 09:30:00,4001.37,35.0,361.1,1.5,,,,,,417.2,True,True,4001.37,0.0,SL,False,,,NO_ENTRY,False,,,NO_ENTRY,False,,,NO_ENTRY,False,,,NO_ENTRY,False,,,NO_ENTRY,-94.0,361.1,,,,,,,,,,
6256,4037.18,SELL,WICK_H4,H4,2026-06-30 16:00:00,1,1.25,2026-06-30 17:15:00,4040.68,35.0,224.8,0.0,0.75,0.5,1.0,,,417.29,True,True,4040.68,0.0,SL,True,4037.18,0.75,TP,True,4040.68,0.5,SL,False,,,NO_ENTRY,False,,,NO_ENTRY,False,,,NO_ENTRY,200.8,224.8,165.8,21.0,200.8,103.3,,,,,,
6263,3984.22,SELL,WICK_H4,H4,2026-07-01 12:00:00,1,1.0,2026-07-01 13:00:00,3987.72,35.0,475.6,1.75,0.0,0.0,,,,396.15,True,True,3987.72,0.0,SL,True,3984.22,0.0,SL,True,3987.72,0.0,SL,False,,,NO_ENTRY,False,,,NO_ENTRY,False,,,NO_ENTRY,64.5,1202.0,29.5,1237.0,64.5,1202.0,,,,,,
6265,4035.28,SELL,WICK_H4,H4,2026-07-01 16:00:00,1,0.5,2026-07-01 16:30:00,4038.78,35.0,766.5,1.0,,,,,,441.31,True,True,4038.78,0.0,SL,False,,,NO_ENTRY,False,,,NO_ENTRY,False,,,NO_ENTRY,True,4074.24,3.0,TP,False,,,NO_ENTRY,-26.1,766.5,,,,,,,458.7,89.8,,
6272,4073.91,SELL,WICK_H4,H4,2026-07-02 08:00:00,1,1.25,2026-07-02 09:15:00,4077.41,35.0,24.4,2.5,0.25,0.0,0.0,,,408.25,True,True,4077.41,0.0,TP,True,4073.91,0.25,SL,True,4077.41,0.0,TP,False,,,NO_ENTRY,False,,,NO_ENTRY,True,4073.91,0.75,TP,167.7,24.4,132.7,59.4,167.7,24.4,,,,,166.1,59.4
6274,4079.85,SELL,WICK_H4,H4,2026-07-02 12:00:00,1,3.75,2026-07-02 15:45:00,4083.35,35.0,503.8,0.0,,,,,,438.41,True,True,4083.35,0.0,SL,False,,,NO_ENTRY,False,,,NO_ENTRY,False,,,NO_ENTRY,False,,,NO_ENTRY,False,,,NO_ENTRY,-168.0,604.9,,,,,,,,,,
6280,4126.86,SELL,WICK_H4,H4,2026-07-03 00:00:00,2,2.5,2026-07-03 02:30:00,4130.36,35.0,205.0,1.25,0.0,0.0,,,,413.49,True,True,4130.36,0.0,SL,True,4126.86,0.0,SL,True,4130.36,0.0,SL,False,,,NO_ENTRY,False,,,NO_ENTRY,False,,,NO_ENTRY,94.9,648.9,59.9,683.9,94.9,648.9,,,,,,
6282,4150.86,SELL,WICK_H4,H4,2026-07-03 04:00:00,1,0.25,2026-07-03 04:15:00,4154.36,35.0,408.9,0.25,,,,,,418.83,True,True,4154.36,0.0,SL,False,,,NO_ENTRY,False,,,NO_ENTRY,False,,,NO_ENTRY,False,,,NO_ENTRY,False,,,NO_ENTRY,-185.6,408.9,,,,,,,,,,
6289,4179.13,SELL,WICK_H4,H4,2026-07-03 20:00:00,1,53.25,2026-07-06 01:15:00,4182.63,35.0,189.4,1.0,1.75,1.75,1.75,,,375.65,True,True,4182.63,0.0,SL,True,4179.13,1.75,SL,True,4182.63,1.75,SL,False,,,NO_ENTRY,False,,,NO_ENTRY,False,,,NO_ENTRY,124.9,202.4,183.2,237.4,218.2,202.4,,,,,,
6297,4159.34,SELL,WICK_H4,H4,2026-07-06 16:00:00,2,5.25,2026-07-06 21:15:00,4162.84,35.0,44.4,0.25,0.75,0.0,,,,343.73,True,True,4162.84,0.0,SL,True,4159.34,0.75,SL,True,4162.84,0.0,SL,False,,,NO_ENTRY,False,,,NO_ENTRY,False,,,NO_ENTRY,47.6,55.3,68.5,90.3,47.6,55.3,,,,,,
6305,4139.2,SELL,WICK_H4,H4,2026-07-07 12:00:00,1,2.5,2026-07-07 14:30:00,4142.7,35.0,321.7,0.75,,,,,,337.96,True,True,4142.7,0.0,SL,False,,,NO_ENTRY,False,,,NO_ENTRY,False,,,NO_ENTRY,False,,,NO_ENTRY,False,,,NO_ENTRY,32.4,375.7,,,,,,,,,,
6307,4174.87,SELL,WICK_H4,H4,2026-07-07 16:00:00,2,0.75,2026-07-07 16:45:00,4178.37,35.0,14.6,0.0,0.0,0.0,0.0,0.0,0.75,345.63,True,True,4178.37,0.0,TP,True,4174.87,0.0,SL,True,4178.37,0.0,TP,False,,,NO_ENTRY,True,4158.4,0.0,SL,False,,,NO_ENTRY,426.4,14.6,391.4,49.6,426.4,14.6,,,226.7,214.3,,
6313,4126.59,SELL,WICK_H4,H4,2026-07-08 04:00:00,1,2.25,2026-07-08 06:15:00,4130.09,35.0,8.9,0.25,0.25,0.0,1.0,,,357.79,True,True,4130.09,0.0,SL,True,4126.59,0.25,SL,True,4130.09,0.0,SL,False,,,NO_ENTRY,False,,,NO_ENTRY,True,4126.59,1.5,SL,154.6,36.3,119.6,71.3,154.6,36.3,,,,,744.7,71.3
6321,4082.77,SELL,WICK_H4,H4,2026-07-08 20:00:00,1,2.0,2026-07-08 22:00:00,4086.27,35.0,48.3,0.5,0.75,0.5,1.0,,,404.36,True,True,4086.27,0.0,SL,True,4082.77,0.75,TP,True,4086.27,0.5,SL,False,,,NO_ENTRY,False,,,NO_ENTRY,False,,,NO_ENTRY,149.1,48.3,126.5,68.2,149.1,48.3,,,,,,
6327,4082.41,SELL,WICK_H4,H4,2026-07-09 08:00:00,1,1.0,2026-07-09 09:00:00,4085.91,35.0,316.3,2.25,,,,,,393.13,True,True,4085.91,0.0,SL,False,,,NO_ENTRY,False,,,NO_ENTRY,False,,,NO_ENTRY,False,,,NO_ENTRY,False,,,NO_ENTRY,47.7,316.3,,,,,,,,,,
6330,4122.47,SELL,WICK_H4,H4,2026-07-09 16:00:00,1,0.5,2026-07-09 16:30:00,4125.97,35.0,118.7,3.0,0.25,0.25,0.75,,,380.41,True,True,4125.97,0.0,SL,True,4122.47,0.25,SL,True,4125.97,0.25,SL,False,,,NO_ENTRY,False,,,NO_ENTRY,False,,,NO_ENTRY,119.9,118.7,84.9,154.1,119.9,119.1,,,,,,
6335,4128.05,SELL,WICK_H4,H4,2026-07-10 04:00:00,3,2.0,2026-07-10 06:00:00,4131.55,35.0,31.1,0.0,0.0,0.0,0.25,1.25,,344.33,True,True,4131.55,0.0,SL,True,4128.05,0.0,SL,True,4131.55,0.0,SL,False,,,NO_ENTRY,False,,,NO_ENTRY,True,4128.05,0.25,TP,236.4,31.1,201.4,66.1,236.4,31.1,,,,,201.4,1.4
6357,4007.05,SELL,WICK_H4,H4,2026-07-14 04:00:00,1,1.0,2026-07-14 05:00:00,4010.55,35.0,126.8,2.5,,,,,,355.39,True,True,4010.55,0.0,SL,False,,,NO_ENTRY,False,,,NO_ENTRY,False,,,NO_ENTRY,False,,,NO_ENTRY,False,,,NO_ENTRY,46.6,233.5,,,,,,,,,,
6359,4023.23,SELL,WICK_H4,H4,2026-07-14 08:00:00,1,0.5,2026-07-14 08:30:00,4026.73,35.0,71.7,0.0,0.75,0.75,2.5,,,344.02,True,True,4026.73,0.0,SL,True,4023.23,0.75,SL,True,4026.73,0.75,SL,False,,,NO_ENTRY,True,4020.52,2.25,SL,True,4023.23,2.75,SL,132.2,71.7,97.2,76.8,132.2,41.8,,,70.1,112.0,97.2,124.0
6361,4033.9,SELL,WICK_H4,H4,2026-07-14 12:00:00,2,3.75,2026-07-14 15:45:00,4037.4,35.0,577.2,0.0,,,,,,383.98,True,True,4037.4,0.0,SL,False,,,NO_ENTRY,False,,,NO_ENTRY,False,,,NO_ENTRY,False,,,NO_ENTRY,False,,,NO_ENTRY,-201.2,628.3,,,,,,,,,,
6373,4036.58,SELL,WICK_H4,H4,2026-07-15 12:00:00,1,3.0,2026-07-15 15:00:00,4040.08,35.0,312.5,0.75,,0.0,,,,353.63,True,True,4040.08,0.0,SL,False,,,NO_ENTRY,True,4040.08,0.0,SL,False,,,NO_ENTRY,False,,,NO_ENTRY,False,,,NO_ENTRY,43.8,338.7,,,43.8,338.7,,,,,,
6377,4073.95,SELL,WICK_H4,H4,2026-07-15 20:00:00,1,1.5,2026-07-15 21:30:00,4077.45,35.0,35.4,0.0,0.0,0.0,0.0,0.25,,370.75,True,True,4077.45,0.0,SL,True,4073.95,0.0,SL,True,4077.45,0.0,SL,False,,,NO_ENTRY,False,,,NO_ENTRY,False,,,NO_ENTRY,297.8,35.4,262.8,70.4,297.8,35.4,,,,,,
6394,4002.22,SELL,WICK_H4,H4,2026-07-17 16:00:00,3,2.25,2026-07-17 18:15:00,4005.72,35.0,179.8,1.0,,,,,,363.87,True,True,4005.72,0.0,SL,False,,,NO_ENTRY,False,,,NO_ENTRY,False,,,NO_ENTRY,False,,,NO_ENTRY,False,,,NO_ENTRY,35.9,179.8,,,,,,,,,,
6400,4009.92,SELL,WICK_H4,H4,2026-07-20 04:00:00,2,1.75,2026-07-20 05:45:00,4013.42,35.0,150.7,0.0,,,,,,348.15,True,True,4013.42,0.0,SL,False,,,NO_ENTRY,False,,,NO_ENTRY,False,,,NO_ENTRY,False,,,NO_ENTRY,False,,,NO_ENTRY,106.0,150.7,,,,,,,,,,
6410,4017.81,SELL,WICK_H4,H4,2026-07-21 00:00:00,1,3.5,2026-07-21 03:30:00,4021.31,35.0,56.8,0.25,,,,,,317.52,True,True,4021.31,0.0,SL,False,,,NO_ENTRY,False,,,NO_ENTRY,False,,,NO_ENTRY,False,,,NO_ENTRY,False,,,NO_ENTRY,73.0,302.5,,,,,,,,,,
6412,4026.99,SELL,WICK_H4,H4,2026-07-21 04:00:00,1,0.25,2026-07-21 04:15:00,4030.49,35.0,210.7,2.75,0.25,0.0,0.5,,,318.69,True,True,4030.49,0.0,SL,True,4026.99,0.25,SL,True,4030.49,0.0,SL,False,,,NO_ENTRY,False,,,NO_ENTRY,True,4026.99,0.75,SL,93.5,259.1,58.5,394.6,93.5,259.1,,,,,52.2,452.9
6414,4051.56,SELL,WICK_H4,H4,2026-07-21 08:00:00,1,0.25,2026-07-21 08:15:00,4055.06,35.0,288.1,1.5,,0.0,,,,322.87,True,True,4055.06,0.0,SL,False,,,NO_ENTRY,True,4055.06,0.0,SL,False,,,NO_ENTRY,False,,,NO_ENTRY,False,,,NO_ENTRY,71.9,288.1,,,71.9,288.1,,,,,,
6418,4069.99,SELL,WICK_H4,H4,2026-07-21 16:00:00,1,2.0,2026-07-21 18:00:00,4073.49,35.0,97.9,0.5,,0.0,0.0,,,318.97,True,True,4073.49,0.0,SL,False,,,NO_ENTRY,True,4073.49,0.0,SL,False,,,NO_ENTRY,True,4071.8,1.5,SL,False,,,NO_ENTRY,81.5,134.7,,,81.5,134.7,,,51.7,151.6,,
6422,4086.96,SELL,WICK_H4,H4,2026-07-22 00:00:00,1,3.25,2026-07-22 03:15:00,4090.46,35.0,119.9,0.25,,,,,,307.02,True,True,4090.46,0.0,SL,False,,,NO_ENTRY,False,,,NO_ENTRY,False,,,NO_ENTRY,False,,,NO_ENTRY,False,,,NO_ENTRY,11.0,509.9,,,,,,,,,,
6424,4102.45,SELL,WICK_H4,H4,2026-07-22 04:00:00,1,0.25,2026-07-22 04:15:00,4105.95,35.0,355.0,2.0,,,,,,317.16,True,True,4105.95,0.0,SL,False,,,NO_ENTRY,False,,,NO_ENTRY,False,,,NO_ENTRY,False,,,NO_ENTRY,False,,,NO_ENTRY,-55.6,355.0,,,,,,,,,,
6429,4134.26,SELL,WICK_H4,H4,2026-07-22 16:00:00,1,0.5,2026-07-22 16:30:00,4137.76,35.0,281.1,2.25,,,,,,326.5,True,True,4137.76,0.0,SL,False,,,NO_ENTRY,False,,,NO_ENTRY,False,,,NO_ENTRY,False,,,NO_ENTRY,False,,,NO_ENTRY,59.4,281.1,,,,,,,,,,
6433,4134.57,SELL,WICK_H4,H4,2026-07-23 04:00:00,1,0.25,2026-07-23 04:15:00,4138.07,35.0,27.2,0.0,0.25,0.0,0.25,0.25,,308.28,True,True,4138.07,0.0,SL,True,4134.57,0.25,SL,True,4138.07,0.0,SL,False,,,NO_ENTRY,True,4121.51,0.25,SL,False,,,NO_ENTRY,262.1,27.2,227.1,44.8,262.1,27.2,,,96.5,175.4,,
6441,4054.35,SELL,WICK_H4,H4,2026-07-24 00:00:00,1,11.75,2026-07-24 11:45:00,4057.85,35.0,58.3,1.75,0.25,0.0,,,,295.06,True,True,4057.85,0.0,SL,True,4054.35,0.25,SL,True,4057.85,0.0,SL,True,4055.83,4.25,TP,True,4055.14,2.75,SL,False,,,NO_ENTRY,66.0,58.3,99.1,93.3,66.0,58.3,113.9,261.1,107.0,268.0,,
6446,4063.68,SELL,WICK_H4,H4,2026-07-24 16:00:00,1,1.0,2026-07-24 17:00:00,4067.18,35.0,147.6,1.25,0.0,0.0,0.0,,,289.45,True,True,4067.18,0.0,SL,True,4063.68,0.0,SL,True,4067.18,0.0,SL,False,,,NO_ENTRY,True,4067.51,2.5,TP,False,,,NO_ENTRY,115.2,147.6,80.2,182.6,115.2,147.6,,,184.2,63.9,,
6450,4069.65,SELL,WICK_H4,H4,2026-07-25 00:00:00,1,49.25,2026-07-27 01:15:00,4073.15,35.0,426.8,1.75,,,,,,308.33,True,True,4073.15,0.0,SL,False,,,NO_ENTRY,False,,,NO_ENTRY,False,,,NO_ENTRY,False,,,NO_ENTRY,False,,,NO_ENTRY,-98.8,426.8,,,,,,,,,,
6474,4030.33,SELL,WICK_H4,H4,2026-07-29 04:00:00,2,1.5,2026-07-29 05:30:00,4033.83,35.0,38.4,0.0,0.25,0.25,0.5,1.75,,266.36,True,True,4033.83,0.0,SL,True,4030.33,0.25,SL,True,4033.83,0.25,TP,False,,,NO_ENTRY,False,,,NO_ENTRY,False,,,NO_ENTRY,134.8,107.7,99.8,142.7,134.8,107.7,,,,,,
6476,4037.67,SELL,WICK_H4,H4,2026-07-29 08:00:00,1,1.25,2026-07-29 09:15:00,4041.17,35.0,64.5,1.0,2.0,0.0,,,,262.44,True,True,4041.17,0.0,SL,True,4037.67,2.0,SL,True,4041.17,0.0,SL,False,,,NO_ENTRY,False,,,NO_ENTRY,False,,,NO_ENTRY,111.4,64.5,252.7,43.7,111.4,64.5,,,,,,
6480,4032.73,SELL,WICK_H4,H4,2026-07-29 20:00:00,1,0.25,2026-07-29 20:15:00,4036.23,35.0,799.9,1.75,,,,,,316.27,True,True,4036.23,0.0,SL,False,,,NO_ENTRY,False,,,NO_ENTRY,False,,,NO_ENTRY,False,,,NO_ENTRY,False,,,NO_ENTRY,2.5,799.9,,,,,,,,,,
6486,4072.73,SELL,WICK_H4,H4,2026-07-30 12:00:00,1,1.25,2026-07-30 13:15:00,4076.23,35.0,103.3,2.25,2.5,0.0,0.0,,,334.02,True,True,4076.23,0.0,SL,True,4072.73,2.5,SL,True,4076.23,0.0,SL,False,,,NO_ENTRY,False,,,NO_ENTRY,False,,,NO_ENTRY,113.5,438.6,78.5,473.6,113.5,438.6,,,,,,
6488,4086.56,SELL,WICK_H4,H4,2026-07-30 16:00:00,1,0.75,2026-07-30 16:45:00,4090.06,35.0,300.3,0.25,1.25,1.25,,,,349.6,True,True,4090.06,0.0,SL,True,4086.56,1.25,SL,True,4090.06,1.25,SL,False,,,NO_ENTRY,False,,,NO_ENTRY,False,,,NO_ENTRY,70.8,300.3,35.8,324.4,70.8,289.4,,,,,,
6502,4055.47,SELL,WICK_H4,H4,2026-08-01 00:00:00,1,49.25,2026-08-03 01:15:00,4058.97,35.0,198.7,1.75,2.75,2.25,3.0,,,313.26,True,True,4058.97,0.0,SL,True,4055.47,2.75,SL,True,4058.97,2.25,SL,False,,,NO_ENTRY,True,4058.07,2.25,SL,True,4055.47,3.0,SL,117.9,198.7,82.9,162.0,117.9,120.0,,,108.9,129.0,82.9,162.0
6510,4053.47,SELL,WICK_H4,H4,2026-08-03 20:00:00,2,3.5,2026-08-03 23:30:00,4056.97,35.0,9.8,0.0,,0.0,,,,297.85,True,True,4056.97,0.0,SL,False,,,NO_ENTRY,True,4056.97,0.0,SL,False,,,NO_ENTRY,False,,,NO_ENTRY,False,,,NO_ENTRY,147.0,122.3,,,147.0,122.3,,,,,,
6512,4057.95,SELL,WICK_H4,H4,2026-08-04 00:00:00,1,3.25,2026-08-04 03:15:00,4061.45,35.0,28.3,0.0,0.25,0.0,0.5,,,291.44,True,True,4061.45,0.0,SL,True,4057.95,0.25,SL,True,4061.45,0.0,SL,False,,,NO_ENTRY,True,4048.93,0.5,SL,True,4057.95,0.5,TP,191.8,34.4,156.8,69.4,191.8,34.4,,,66.6,172.6,156.8,82.4
6517,4072.75,SELL,WICK_H4,H4,2026-08-04 12:00:00,2,3.75,2026-08-04 15:45:00,4076.25,35.0,29.3,0.0,0.0,0.0,,,,288.0,True,True,4076.25,0.0,SL,True,4072.75,0.0,SL,True,4076.25,0.0,SL,False,,,NO_ENTRY,False,,,NO_ENTRY,False,,,NO_ENTRY,152.6,175.6,117.6,210.6,152.6,175.6,,,,,,
6518,4084.19,SELL,WICK_H4,H4,2026-08-04 16:00:00,1,0.5,2026-08-04 16:30:00,4087.69,35.0,184.4,3.5,0.0,0.0,0.0,,,290.87,True,True,4087.69,0.0,SL,True,4084.19,0.0,SL,True,4087.69,0.0,SL,True,4079.79,7.5,SL,False,,,NO_ENTRY,True,4084.19,1.25,SL,135.5,184.4,100.5,219.4,135.5,184.4,145.5,229.5,,,96.3,219.4
6523,4085.66,SELL,WICK_H4,H4,2026-08-05 04:00:00,1,0.5,2026-08-05 04:30:00,4089.16,35.0,521.0,2.5,,,0.0,,,311.55,True,True,4089.16,0.0,SL,False,,,NO_ENTRY,False,,,NO_ENTRY,False,,,NO_ENTRY,False,,,NO_ENTRY,False,,,NO_ENTRY,92.9,698.0,,,,,,,,,,
6525,4141.26,SELL,WICK_H4,H4,2026-08-05 08:00:00,1,0.5,2026-08-05 08:30:00,4144.76,35.0,345.8,1.5,,,,,,321.29,True,True,4144.76,0.0,SL,False,,,NO_ENTRY,False,,,NO_ENTRY,False,,,NO_ENTRY,True,4160.38,3.25,SL,False,,,NO_ENTRY,53.3,345.8,,,,,,,104.1,528.7,,
6527,4179.34,SELL,WICK_H4,H4,2026-08-05 12:00:00,1,2.5,2026-08-05 14:30:00,4182.84,35.0,304.1,0.75,,,0.0,,,343.54,True,True,4182.84,0.0,SL,False,,,NO_ENTRY,False,,,NO_ENTRY,False,,,NO_ENTRY,False,,,NO_ENTRY,False,,,NO_ENTRY,88.9,821.6,,,,,,,,,,
6528,4213.25,SELL,WICK_H4,H4,2026-08-05 16:00:00,1,1.25,2026-08-05 17:15:00,4216.75,35.0,482.5,1.0,,,,,,377.16,True,True,4216.75,0.0,SL,False,,,NO_ENTRY,False,,,NO_ENTRY,False,,,NO_ENTRY,False,,,NO_ENTRY,False,,,NO_ENTRY,-77.8,506.8,,,,,,,,,,
6531,4267.43,SELL,WICK_H4,H4,2026-08-06 00:00:00,1,2.75,2026-08-06 02:45:00,4270.93,35.0,291.6,1.0,,0.25,,,,384.58,True,True,4270.93,0.0,SL,False,,,NO_ENTRY,True,4270.93,0.25,SL,False,,,NO_ENTRY,False,,,NO_ENTRY,False,,,NO_ENTRY,106.9,329.5,,,106.9,329.5,,,,,,
6543,4252.98,SELL,WICK_H4,H4,2026-08-07 04:00:00,1,0.75,2026-08-07 04:45:00,4256.48,35.0,123.9,2.25,0.75,0.75,1.0,,,370.3,True,True,4256.48,0.0,SL,True,4252.98,0.75,SL,True,4256.48,0.75,SL,False,,,NO_ENTRY,False,,,NO_ENTRY,False,,,NO_ENTRY,94.6,238.3,59.6,418.8,94.6,383.8,,,,,,
6545,4268.87,SELL,WICK_H4,H4,2026-08-07 08:00:00,1,0.5,2026-08-07 08:30:00,4272.37,35.0,441.8,3.0,,0.0,,,,383.0,True,True,4272.37,0.0,SL,False,,,NO_ENTRY,True,4272.37,0.0,SL,False,,,NO_ENTRY,False,,,NO_ENTRY,False,,,NO_ENTRY,65.2,459.7,,,65.2,459.7,,,,,,
6546,4316.55,SELL,WICK_H4,H4,2026-08-07 12:00:00,1,0.75,2026-08-07 12:45:00,4320.05,35.0,515.8,3.0,0.0,0.0,0.25,,,406.14,True,True,4320.05,0.0,TP,True,4316.55,0.0,SL,True,4320.05,0.0,TP,False,,,NO_ENTRY,False,,,NO_ENTRY,True,4316.55,2.5,TP,191.2,515.8,156.2,550.8,191.2,515.8,,,,,156.2,550.8
6553,4350.85,SELL,WICK_H4,H4,2026-08-10 04:00:00,2,5.75,2026-08-10 09:45:00,4354.35,35.0,74.4,1.0,0.25,0.25,2.0,,,367.26,True,True,4354.35,0.0,SL,True,4350.85,0.25,SL,True,4354.35,0.25,SL,False,,,NO_ENTRY,False,,,NO_ENTRY,False,,,NO_ENTRY,190.7,74.4,217.0,109.4,252.0,74.4,,,,,,
6557,4349.85,SELL,WICK_H4,H4,2026-08-10 16:00:00,1,2.75,2026-08-10 18:45:00,4353.35,35.0,112.8,0.25,,0.75,,,,368.19,True,True,4353.35,0.0,SL,False,,,NO_ENTRY,True,4353.35,0.75,SL,False,,,NO_ENTRY,False,,,NO_ENTRY,False,,,NO_ENTRY,48.6,417.0,,,38.3,417.0,,,,,,
6559,4364.63,SELL,WICK_H4,H4,2026-08-10 20:00:00,2,1.5,2026-08-10 21:30:00,4368.13,35.0,269.2,1.25,,,,,,373.0,True,True,4368.13,0.0,SL,False,,,NO_ENTRY,False,,,NO_ENTRY,False,,,NO_ENTRY,False,,,NO_ENTRY,False,,,NO_ENTRY,31.5,336.8,,,,,,,,,,
6561,4395.05,SELL,WICK_H4,H4,2026-08-11 00:00:00,1,1.75,2026-08-11 01:45:00,4398.55,35.0,205.8,2.0,,0.25,,,,368.48,True,True,4398.55,0.0,SL,False,,,NO_ENTRY,True,4398.55,0.25,SL,False,,,NO_ENTRY,False,,,NO_ENTRY,False,,,NO_ENTRY,49.8,364.0,,,49.8,364.0,,,,,,
6563,4419.13,SELL,WICK_H4,H4,2026-08-11 04:00:00,1,0.75,2026-08-11 04:45:00,4422.63,35.0,123.2,0.5,0.75,0.75,1.0,3.0,,371.72,True,True,4422.63,0.0,SL,True,4419.13,0.75,SL,True,4422.63,0.75,SL,False,,,NO_ENTRY,False,,,NO_ENTRY,True,4419.13,1.0,TP,552.9,123.2,594.8,98.5,629.8,63.5,,,,,595.7,22.0
6568,4399.97,SELL,WICK_H4,H4,2026-08-11 16:00:00,1,0.75,2026-08-11 16:45:00,4403.47,35.0,5.2,0.0,0.0,0.0,0.0,0.0,,376.46,True,True,4403.47,0.0,TP,True,4399.97,0.0,SL,True,4403.47,0.0,TP,False,,,NO_ENTRY,True,4375.73,1.75,SL,False,,,NO_ENTRY,347.1,5.2,312.1,40.2,347.1,5.2,,,156.2,110.2,,
6574,4383.5,SELL,WICK_H4,H4,2026-08-12 04:00:00,1,0.25,2026-08-12 04:15:00,4387.0,35.0,288.1,1.75,,,,,,358.05,True,True,4387.0,0.0,SL,False,,,NO_ENTRY,False,,,NO_ENTRY,False,,,NO_ENTRY,False,,,NO_ENTRY,False,,,NO_ENTRY,19.4,288.1,,,,,,,,,,
6578,4410.25,SELL,WICK_H4,H4,2026-08-12 12:00:00,1,0.25,2026-08-12 12:15:00,4413.75,35.0,272.1,3.75,1.75,0.0,3.0,3.25,,366.6,True,True,4413.75,0.0,SL,True,4410.25,1.75,SL,True,4413.75,0.0,SL,True,4401.47,7.75,SL,True,4407.66,1.75,SL,False,,,NO_ENTRY,321.8,272.1,286.8,307.1,321.8,272.1,53.5,166.6,260.9,333.0,,
6583,4418.13,SELL,WICK_H4,H4,2026-08-13 00:00:00,1,3.25,2026-08-13 03:15:00,4421.63,35.0,279.6,0.25,,,,,,372.47,True,True,4421.63,0.0,SL,False,,,NO_ENTRY,False,,,NO_ENTRY,False,,,NO_ENTRY,False,,,NO_ENTRY,False,,,NO_ENTRY,302.0,279.6,,,,,,,,,,
6595,4363.95,SELL,WICK_H4,H4,2026-08-14 04:00:00,1,11.0,2026-08-14 15:00:00,4367.45,35.0,193.2,0.5,,,,,,374.62,True,True,4367.45,0.0,SL,False,,,NO_ENTRY,False,,,NO_ENTRY,False,,,NO_ENTRY,False,,,NO_ENTRY,False,,,NO_ENTRY,17.7,294.6,,,,,,,,,,
6599,4386.77,SELL,WICK_H4,H4,2026-08-14 16:00:00,1,0.75,2026-08-14 16:45:00,4390.27,35.0,61.9,2.25,0.0,0.0,1.0,,,367.05,True,True,4390.27,0.0,SL,True,4386.77,0.0,SL,True,4390.27,0.0,SL,False,,,NO_ENTRY,False,,,NO_ENTRY,True,4386.77,3.0,TP,141.2,61.9,106.2,96.9,141.2,61.9,,,,,161.6,4.9
6601,4396.91,SELL,WICK_H4,H4,2026-08-14 20:00:00,1,55.75,2026-08-17 03:45:00,4400.41,35.0,159.2,0.5,1.0,1.0,1.5,,,351.79,True,True,4400.41,0.0,SL,True,4396.91,1.0,SL,True,4400.41,1.0,SL,True,4390.52,4.25,SL,False,,,NO_ENTRY,True,4396.91,1.5,TP,125.9,159.2,101.1,68.5,136.1,33.5,37.2,206.3,,,101.1,40.3
6609,4405.67,SELL,WICK_H4,H4,2026-08-17 16:00:00,1,1.0,2026-08-17 17:00:00,4409.17,35.0,195.6,2.0,,,,,,345.38,True,True,4409.17,0.0,SL,False,,,NO_ENTRY,False,,,NO_ENTRY,False,,,NO_ENTRY,False,,,NO_ENTRY,False,,,NO_ENTRY,55.5,195.6,,,,,,,,,,
6613,4425.93,SELL,WICK_H4,H4,2026-08-18 00:00:00,1,3.25,2026-08-18 03:15:00,4429.43,35.0,65.6,0.75,1.0,0.25,0.0,1.25,2.25,334.46,True,True,4429.43,0.0,SL,True,4425.93,1.0,SL,True,4429.43,0.25,SL,True,4393.32,4.75,SL,True,4411.73,1.25,TP,True,4425.93,1.25,TP,397.7,65.6,372.2,46.7,407.2,65.6,73.8,101.1,257.9,143.1,399.9,1.1
6619,4400.66,SELL,WICK_H4,H4,2026-08-18 16:00:00,1,1.0,2026-08-18 17:00:00,4404.16,35.0,21.2,0.0,0.0,0.0,0.0,0.5,0.75,335.09,True,True,4404.16,0.0,TP,True,4400.66,0.0,SL,True,4404.16,0.0,TP,False,,,NO_ENTRY,True,4366.29,0.75,SL,False,,,NO_ENTRY,528.4,21.2,493.4,56.2,528.4,21.2,,,149.7,223.2,,
6625,4347.06,SELL,WICK_H4,H4,2026-08-19 04:00:00,1,0.75,2026-08-19 04:45:00,4350.56,35.0,112.6,0.5,2.75,2.75,,,,332.48,True,True,4350.56,0.0,SL,True,4347.06,2.75,SL,True,4350.56,2.75,TP,False,,,NO_ENTRY,True,4350.96,2.5,TP,False,,,NO_ENTRY,156.4,112.6,121.4,159.2,156.4,124.2,,,160.4,120.2,,
6629,4362.99,SELL,WICK_H4,H4,2026-08-19 12:00:00,1,1.25,2026-08-19 13:15:00,4366.49,35.0,758.3,2.5,,1.25,,,,368.96,True,True,4366.49,0.0,SL,False,,,NO_ENTRY,True,4366.49,1.25,SL,False,,,NO_ENTRY,False,,,NO_ENTRY,False,,,NO_ENTRY,46.2,1211.6,,,46.2,1320.3,,,,,,
6631,4442.32,SELL,WICK_H4,H4,2026-08-19 16:00:00,1,0.25,2026-08-19 16:15:00,4445.82,35.0,532.1,3.0,,,,,,396.08,True,True,4445.82,0.0,SL,False,,,NO_ENTRY,False,,,NO_ENTRY,False,,,NO_ENTRY,False,,,NO_ENTRY,False,,,NO_ENTRY,37.7,532.1,,,,,,,,,,
6633,4499.03,SELL,WICK_H4,H4,2026-08-19 20:00:00,1,2.25,2026-08-19 22:15:00,4502.53,35.0,251.9,2.75,,,,,,405.04,True,True,4502.53,0.0,SL,False,,,NO_ENTRY,False,,,NO_ENTRY,True,4504.44,5.75,SL,False,,,NO_ENTRY,False,,,NO_ENTRY,1.0,251.9,,,,,204.8,55.3,,,,
6641,4494.53,SELL,WICK_H4,H4,2026-08-20 16:00:00,1,1.75,2026-08-20 17:45:00,4498.03,35.0,427.7,0.5,,,,,,400.18,True,True,4498.03,0.0,SL,False,,,NO_ENTRY,False,,,NO_ENTRY,False,,,NO_ENTRY,True,4509.08,1.5,SL,False,,,NO_ENTRY,-5.9,427.7,,,,,,,64.7,228.7,,
6647,4532.67,SELL,WICK_H4,H4,2026-08-21 04:00:00,2,1.75,2026-08-21 05:45:00,4536.17,35.0,115.4,1.75,0.25,0.0,0.75,,,378.63,True,True,4536.17,0.0,SL,True,4532.67,0.25,SL,True,4536.17,0.0,SL,False,,,NO_ENTRY,False,,,NO_ENTRY,False,,,NO_ENTRY,96.1,313.4,61.1,348.4,96.1,313.4,,,,,,
6648,4547.71,SELL,WICK_H4,H4,2026-08-21 08:00:00,1,1.0,2026-08-21 09:00:00,4551.21,35.0,531.0,5.5,,0.0,,,,391.37,True,True,4551.21,0.0,SL,False,,,NO_ENTRY,True,4551.21,0.0,SL,True,4577.68,7.0,SL,True,4573.33,6.5,SL,False,,,NO_ENTRY,58.3,506.7,,,58.3,506.7,44.9,543.9,100.3,484.5,,
6651,4604.31,SELL,WICK_H4,H4,2026-08-21 16:00:00,1,2.5,2026-08-21 18:30:00,4607.81,35.0,242.6,1.5,5.25,5.0,,,,404.48,True,True,4607.81,0.0,SL,True,4604.31,5.25,SL,True,4607.81,5.0,SL,True,4616.44,53.5,SL,True,4610.57,4.75,SL,False,,,NO_ENTRY,82.9,242.6,98.7,363.6,133.7,328.6,220.0,355.4,161.3,301.0,,
6654,4632.07,SELL,WICK_H4,H4,2026-08-22 00:00:00,1,51.25,2026-08-24 03:15:00,4635.57,35.0,46.8,0.0,0.0,0.0,0.0,0.0,0.0,401.62,True,True,4635.57,0.0,SL,True,4632.07,0.0,SL,True,4635.57,0.0,SL,False,,,NO_ENTRY,False,,,NO_ENTRY,False,,,NO_ENTRY,411.3,210.0,376.3,245.0,411.3,210.0,,,,,,
6656,4640.67,SELL,WICK_H4,H4,2026-08-24 04:00:00,1,1.25,2026-08-24 05:15:00,4644.17,35.0,124.0,0.25,0.25,0.25,0.5,,,407.77,True,True,4644.17,0.0,SL,True,4640.67,0.25,SL,True,4644.17,0.25,SL,False,,,NO_ENTRY,False,,,NO_ENTRY,True,4640.67,2.25,SL,168.7,155.3,133.7,190.3,168.7,155.3,,,,,120.2,190.3
6660,4659.7,SELL,WICK_H4,H4,2026-08-24 12:00:00,1,3.5,2026-08-24 15:30:00,4663.2,35.0,55.4,0.0,0.0,0.0,0.0,,,398.8,True,True,4663.2,0.0,SL,True,4659.7,0.0,SL,True,4663.2,0.0,SL,False,,,NO_ENTRY,False,,,NO_ENTRY,False,,,NO_ENTRY,234.8,174.1,199.8,209.1,234.8,174.1,,,,,,
6662,4669.92,SELL,WICK_H4,H4,2026-08-24 16:00:00,1,0.25,2026-08-24 16:15:00,4673.42,35.0,71.9,0.25,0.25,0.0,0.25,2.5,,399.52,True,True,4673.42,0.0,SL,True,4669.92,0.25,SL,True,4673.42,0.0,SL,False,,,NO_ENTRY,True,4648.84,2.5,SL,False,,,NO_ENTRY,433.8,71.9,398.8,106.9,433.8,71.9,,,239.2,140.8,,
6666,4655.79,SELL,WICK_H4,H4,2026-08-25 00:00:00,1,1.25,2026-08-25 01:15:00,4659.29,35.0,372.4,2.25,,0.0,,,,397.04,True,True,4659.29,0.0,SL,False,,,NO_ENTRY,True,4659.29,0.0,SL,False,,,NO_ENTRY,False,,,NO_ENTRY,False,,,NO_ENTRY,213.1,372.4,,,213.1,372.4,,,,,,
6674,4647.24,SELL,WICK_H4,H4,2026-08-25 16:00:00,1,2.75,2026-08-25 18:45:00,4650.74,35.0,63.3,0.0,0.25,0.25,0.5,,,408.98,True,True,4650.74,0.0,SL,True,4647.24,0.25,SL,True,4650.74,0.25,TP,False,,,NO_ENTRY,False,,,NO_ENTRY,True,4647.24,0.5,TP,167.0,170.7,132.0,215.7,167.0,180.7,,,,,132.0,215.7
6676,4659.41,SELL,WICK_H4,H4,2026-08-25 20:00:00,1,2.25,2026-08-25 22:15:00,4662.91,35.0,59.0,0.75,,0.0,,,,404.6,False,True,4662.91,0.0,SL,False,,,NO_ENTRY,True,4662.91,0.0,SL,False,,,NO_ENTRY,False,,,NO_ENTRY,False,,,NO_ENTRY,52.3,59.0,,,52.3,59.0,,,,,,
1,1843.8,BUY,WICK_H4,H4,2023-10-02 04:00:00,1,4.75,2023-10-02 08:45:00,1840.3,35.0,94.1,3.75,0.75,0.25,,,,,True,True,1840.3,0.0,SL,True,1843.8,0.75,SL,True,1840.3,0.25,SL,False,,,NO_ENTRY,True,1837.75,5.75,SL,True,1843.8,1.0,SL,58.3,94.1,23.3,129.1,58.3,94.1,,,27.2,106.9,21.3,129.1
4,1830.89,BUY,WICK_H4,H4,2023-10-02 16:00:00,1,1.5,2023-10-02 17:30:00,1827.39,35.0,3.3,0.0,0.75,0.0,,,,,True,True,1827.39,0.0,SL,True,1830.89,0.75,SL,True,1827.39,0.0,SL,False,,,NO_ENTRY,False,,,NO_ENTRY,True,1830.89,1.25,SL,71.2,3.3,36.2,17.0,71.2,3.3,,,,,25.8,17.9
6,1827.06,BUY,WICK_H4,H4,2023-10-02 20:00:00,1,6.25,2023-10-03 02:15:00,1823.56,35.0,33.3,0.0,,0.25,,,,,True,True,1823.56,0.0,SL,False,,,NO_ENTRY,True,1823.56,0.25,SL,False,,,NO_ENTRY,False,,,NO_ENTRY,False,,,NO_ENTRY,32.6,85.0,,,32.6,85.0,,,,,,
8,1820.23,BUY,WICK_H4,H4,2023-10-03 04:00:00,1,1.5,2023-10-03 05:30:00,1816.73,35.0,16.7,0.0,1.25,0.0,,,,,True,True,1816.73,0.0,TP,True,1820.23,1.25,TP,True,1816.73,0.0,TP,False,,,NO_ENTRY,False,,,NO_ENTRY,True,1820.23,1.5,TP,71.9,16.7,42.9,21.9,71.9,16.7,,,,,78.0,21.9
20,1820.94,BUY,WICK_H4,H4,2023-10-04 16:00:00,1,1.0,2023-10-04 17:00:00,1817.44,35.0,4.9,0.0,1.0,0.0,0.0,0.0,1.25,79.84,True,True,1817.44,0.0,TP,True,1820.94,1.0,SL,True,1817.44,0.0,TP,False,,,NO_ENTRY,False,,,NO_ENTRY,True,1820.94,2.25,SL,87.9,4.9,52.9,44.8,87.9,4.9,,,,,26.0,44.8
32,1818.47,BUY,WICK_H4,H4,2023-10-06 12:00:00,1,3.75,2023-10-06 15:45:00,1814.97,35.0,46.6,0.0,,,,,,74.03,True,True,1814.97,0.0,SL,False,,,NO_ENTRY,False,,,NO_ENTRY,False,,,NO_ENTRY,False,,,NO_ENTRY,False,,,NO_ENTRY,197.6,46.6,,,,,,,,,,
57,1875.16,BUY,WICK_H4,H4,2023-10-12 16:00:00,1,1.5,2023-10-12 17:30:00,1871.66,35.0,38.8,3.5,13.75,0.0,0.0,13.75,16.75,71.91,True,True,1871.66,0.0,SL,True,1875.16,13.75,TP,True,1871.66,0.0,SL,True,1872.37,10.5,TP,True,1870.98,8.0,TP,True,1875.16,15.5,TP,29.4,38.8,96.7,11.3,29.4,38.8,44.8,11.9,25.1,16.6,137.9,-4.0
61,1917.91,BUY,WICK_H4,H4,2023-10-16 08:00:00,1,1.0,2023-10-16 09:00:00,1914.41,35.0,63.8,1.0,,0.0,,,,96.03,True,True,1914.41,0.0,SL,False,,,NO_ENTRY,True,1914.41,0.0,SL,False,,,NO_ENTRY,False,,,NO_ENTRY,False,,,NO_ENTRY,24.3,63.8,,,24.3,63.8,,,,,,
99,1974.18,BUY,WICK_H4,H4,2023-10-21 00:00:00,2,51.0,2023-10-23 03:00:00,1970.68,35.0,64.8,0.75,,0.0,2.75,,,117.38,True,True,1970.68,0.0,SL,False,,,NO_ENTRY,True,1970.68,0.0,SL,True,1973.5,5.0,SL,True,1973.15,3.0,SL,False,,,NO_ENTRY,39.4,64.8,,,39.4,64.8,91.8,9.1,42.8,15.4,,
102,1975.18,BUY,WICK_H4,H4,2023-10-23 16:00:00,1,0.75,2023-10-23 16:45:00,1971.68,35.0,17.3,0.0,0.5,0.0,0.0,0.75,,111.0,True,True,1971.68,0.0,SL,True,1975.18,0.5,SL,True,1971.68,0.0,SL,False,,,NO_ENTRY,False,,,NO_ENTRY,True,1975.18,0.75,SL,75.8,17.3,40.8,30.0,75.8,17.3,,,,,40.8,30.0
110,1969.86,BUY,WICK_H4,H4,2023-10-24 12:00:00,1,0.5,2023-10-24 12:30:00,1966.36,35.0,129.0,1.5,,0.0,,,,106.86,True,True,1966.36,0.0,SL,False,,,NO_ENTRY,True,1966.36,0.0,SL,False,,,NO_ENTRY,False,,,NO_ENTRY,False,,,NO_ENTRY,15.8,129.0,,,15.8,129.0,,,,,,
125,1983.79,BUY,WICK_H4,H4,2023-10-26 12:00:00,2,3.5,2023-10-26 15:30:00,1980.29,35.0,58.0,0.25,,0.0,0.0,0.0,,105.53,True,True,1980.29,0.0,SL,False,,,NO_ENTRY,True,1980.29,0.0,SL,False,,,NO_ENTRY,False,,,NO_ENTRY,False,,,NO_ENTRY,54.4,86.4,,,54.4,86.4,,,,,,
130,1982.19,BUY,WICK_H4,H4,2023-10-27 00:00:00,1,15.75,2023-10-27 15:45:00,1978.69,35.0,18.0,0.0,,0.0,0.0,0.0,,95.35,True,True,1978.69,0.0,TP,False,,,NO_ENTRY,True,1978.69,0.0,TP,False,,,NO_ENTRY,False,,,NO_ENTRY,False,,,NO_ENTRY,73.2,20.0,,,73.2,20.0,,,,,,
137,1996.72,BUY,WICK_H4,H4,2023-10-30 04:00:00,1,6.0,2023-10-30 10:00:00,1993.22,35.0,24.1,0.0,,0.0,1.25,,,102.22,True,True,1993.22,0.0,SL,False,,,NO_ENTRY,True,1993.22,0.0,SL,False,,,NO_ENTRY,False,,,NO_ENTRY,False,,,NO_ENTRY,40.6,24.1,,,40.6,24.1,,,,,,
147,1994.45,BUY,WICK_H4,H4,2023-10-31 16:00:00,1,2.0,2023-10-31 18:00:00,1990.95,35.0,123.0,2.5,,,0.0,,,101.74,True,True,1990.95,0.0,SL,False,,,NO_ENTRY,False,,,NO_ENTRY,False,,,NO_ENTRY,False,,,NO_ENTRY,False,,,NO_ENTRY,37.0,123.0,,,,,,,,,,
157,1980.96,BUY,WICK_H4,H4,2023-11-01 16:00:00,1,2.25,2023-11-01 18:15:00,1977.46,35.0,30.5,0.25,,0.0,,,,98.74,True,True,1977.46,0.0,SL,False,,,NO_ENTRY,True,1977.46,0.0,SL,False,,,NO_ENTRY,False,,,NO_ENTRY,False,,,NO_ENTRY,48.5,77.5,,,48.5,77.5,,,,,,
159,1974.41,BUY,WICK_H4,H4,2023-11-01 20:00:00,1,0.75,2023-11-01 20:45:00,1970.91,35.0,12.0,0.0,0.0,0.0,0.0,0.0,0.5,101.02,True,True,1970.91,0.0,TP,True,1974.41,0.0,SL,True,1970.91,0.0,TP,False,,,NO_ENTRY,True,1982.56,2.0,SL,True,1974.41,0.25,TP,146.6,12.0,111.6,47.0,146.6,12.0,,,55.0,37.9,113.4,-1.9
175,1986.84,BUY,WICK_H4,H4,2023-11-06 04:00:00,1,1.5,2023-11-06 05:30:00,1983.34,35.0,14.9,0.0,,0.25,0.0,,,83.6,True,True,1983.34,0.0,SL,False,,,NO_ENTRY,True,1983.34,0.25,SL,False,,,NO_ENTRY,False,,,NO_ENTRY,False,,,NO_ENTRY,22.7,14.9,,,20.7,11.8,,,,,,
179,1983.28,BUY,WICK_H4,H4,2023-11-06 16:00:00,1,2.0,2023-11-06 18:00:00,1979.78,35.0,0.0,0.0,0.75,0.0,0.0,0.75,,80.08,True,True,1979.78,0.0,SL,True,1983.28,0.75,SL,True,1979.78,0.0,SL,False,,,NO_ENTRY,False,,,NO_ENTRY,True,1983.28,1.0,SL,45.6,6.7,10.6,59.7,45.6,6.7,,,,,10.6,59.7
181,1979.78,BUY,WICK_H4,H4,2023-11-06 20:00:00,1,5.5,2023-11-07 01:30:00,1976.28,35.0,54.3,5.25,,0.0,,,,75.77,True,True,1976.28,0.0,SL,False,,,NO_ENTRY,True,1976.28,0.0,SL,False,,,NO_ENTRY,False,,,NO_ENTRY,False,,,NO_ENTRY,13.3,41.4,,,13.3,41.4,,,,,,
182,1970.85,BUY,WICK_H4,H4,2023-11-07 08:00:00,1,1.25,2023-11-07 09:15:00,1967.35,35.0,32.8,1.75,,0.0,0.0,,,75.7,True,True,1967.35,0.0,SL,False,,,NO_ENTRY,True,1967.35,0.0,SL,False,,,NO_ENTRY,False,,,NO_ENTRY,False,,,NO_ENTRY,27.7,32.8,,,27.7,32.8,,,,,,
183,1964.07,BUY,WICK_H4,H4,2023-11-07 12:00:00,1,2.5,2023-11-07 14:30:00,1960.57,35.0,40.2,0.75,1.25,1.0,1.0,1.25,,78.41,True,True,1960.57,0.0,SL,True,1964.07,1.25,SL,True,1960.57,1.0,TP,False,,,NO_ENTRY,False,,,NO_ENTRY,False,,,NO_ENTRY,65.6,40.2,30.6,40.4,65.6,11.7,,,,,,
188,1959.41,BUY,WICK_H4,H4,2023-11-08 16:00:00,1,1.25,2023-11-08 17:15:00,1955.91,35.0,50.8,0.25,,0.0,0.0,,,75.91,True,True,1955.91,0.0,SL,False,,,NO_ENTRY,True,1955.91,0.0,SL,False,,,NO_ENTRY,False,,,NO_ENTRY,False,,,NO_ENTRY,27.1,67.4,,,27.1,67.4,,,,,,
190,1950.83,BUY,WICK_H4,H4,2023-11-08 20:00:00,2,2.0,2023-11-08 22:00:00,1947.33,35.0,0.4,0.0,,0.0,0.25,,,75.73,True,True,1947.33,0.0,SL,False,,,NO_ENTRY,True,1947.33,0.0,SL,False,,,NO_ENTRY,False,,,NO_ENTRY,False,,,NO_ENTRY,53.2,0.4,,,53.2,0.4,,,,,,
198,1956.05,BUY,WICK_H4,H4,2023-11-10 00:00:00,2,12.0,2023-11-10 12:00:00,1952.55,35.0,95.8,3.25,,0.0,,,,74.4,True,True,1952.55,0.0,SL,False,,,NO_ENTRY,True,1952.55,0.0,SL,False,,,NO_ENTRY,False,,,NO_ENTRY,False,,,NO_ENTRY,17.5,95.8,,,17.5,95.8,,,,,,
200,1942.97,BUY,WICK_H4,H4,2023-11-10 16:00:00,1,2.25,2023-11-10 18:15:00,1939.47,35.0,66.1,2.0,,,0.0,,,76.99,True,True,1939.47,0.0,SL,False,,,NO_ENTRY,False,,,NO_ENTRY,True,1938.19,53.75,SL,True,1936.55,4.75,SL,False,,,NO_ENTRY,20.2,66.1,,,,,35.6,29.7,52.0,8.8,,
217,1963.32,BUY,WICK_H4,H4,2023-11-15 16:00:00,1,0.75,2023-11-15 16:45:00,1959.82,35.0,45.4,0.0,,0.5,0.0,1.0,,76.44,True,True,1959.82,0.0,SL,False,,,NO_ENTRY,True,1959.82,0.5,SL,False,,,NO_ENTRY,False,,,NO_ENTRY,False,,,NO_ENTRY,45.3,45.4,,,45.3,25.9,,,,,,
227,1982.57,BUY,WICK_H4,H4,2023-11-17 12:00:00,1,7.0,2023-11-17 19:00:00,1979.07,35.0,5.8,0.25,,0.0,0.0,,,76.98,True,True,1979.07,0.0,SL,False,,,NO_ENTRY,True,1979.07,0.0,SL,False,,,NO_ENTRY,False,,,NO_ENTRY,False,,,NO_ENTRY,36.1,5.8,,,36.1,5.8,,,,,,
232,1978.89,BUY,WICK_H4,H4,2023-11-18 00:00:00,1,49.75,2023-11-20 01:45:00,1975.39,35.0,22.0,0.25,1.25,0.75,0.0,1.25,,75.82,True,True,1975.39,0.0,SL,True,1978.89,1.25,SL,True,1975.39,0.75,SL,False,,,NO_ENTRY,True,1982.62,1.5,SL,False,,,NO_ENTRY,96.2,22.0,61.2,16.4,96.2,16.7,,,23.9,30.5,,
236,1975.75,BUY,WICK_H4,H4,2023-11-20 12:00:00,1,1.5,2023-11-20 13:30:00,1972.25,35.0,67.5,2.0,,0.0,0.0,,,78.07,True,True,1972.25,0.0,SL,False,,,NO_ENTRY,True,1972.25,0.0,SL,False,,,NO_ENTRY,False,,,NO_ENTRY,False,,,NO_ENTRY,26.1,69.7,,,26.1,69.7,,,,,,
246,1996.67,BUY,WICK_H4,H4,2023-11-22 16:00:00,1,1.25,2023-11-22 17:15:00,1993.17,35.0,46.3,1.75,,0.25,0.25,,,83.08,True,True,1993.17,0.0,SL,False,,,NO_ENTRY,True,1993.17,0.25,SL,False,,,NO_ENTRY,False,,,NO_ENTRY,False,,,NO_ENTRY,24.7,63.8,,,24.7,63.8,,,,,,
267,2009.63,BUY,WICK_H4,H4,2023-11-27 16:00:00,2,2.5,2023-11-27 18:30:00,2006.13,35.0,5.5,0.0,0.25,0.0,0.0,0.25,,68.75,True,True,2006.13,0.0,TP,True,2009.63,0.25,TP,True,2006.13,0.0,TP,False,,,NO_ENTRY,False,,,NO_ENTRY,True,2009.63,0.5,TP,73.4,5.5,49.1,22.6,73.4,5.5,,,,,49.1,10.3
277,2042.85,BUY,WICK_H4,H4,2023-11-29 08:00:00,1,3.25,2023-11-29 11:15:00,2039.35,35.0,41.2,0.25,,0.0,0.0,,,78.91,True,True,2039.35,0.0,SL,False,,,NO_ENTRY,True,2039.35,0.0,SL,False,,,NO_ENTRY,False,,,NO_ENTRY,False,,,NO_ENTRY,34.8,41.2,,,34.8,41.2,,,,,,
296,2039.14,BUY,WICK_H4,H4,2023-12-01 12:00:00,1,2.75,2023-12-01 14:45:00,2035.64,35.0,18.4,0.0,,0.0,0.5,,,79.99,True,True,2035.64,0.0,TP,False,,,NO_ENTRY,True,2035.64,0.0,TP,False,,,NO_ENTRY,False,,,NO_ENTRY,False,,,NO_ENTRY,248.7,18.4,,,248.7,18.4,,,,,,
304,2081.48,BUY,WICK_H4,H4,2023-12-04 08:00:00,1,1.0,2023-12-04 09:00:00,2077.98,35.0,202.6,1.0,,,,,,150.51,True,True,2077.98,0.0,SL,False,,,NO_ENTRY,False,,,NO_ENTRY,False,,,NO_ENTRY,False,,,NO_ENTRY,False,,,NO_ENTRY,6.2,202.6,,,,,,,,,,
307,2055.82,BUY,WICK_H4,H4,2023-12-04 16:00:00,1,0.25,2023-12-04 16:15:00,2052.32,35.0,324.2,1.25,,,,,,167.44,True,True,2052.32,0.0,SL,False,,,NO_ENTRY,False,,,NO_ENTRY,False,,,NO_ENTRY,False,,,NO_ENTRY,False,,,NO_ENTRY,9.5,324.2,,,,,,,,,,
313,2030.29,BUY,WICK_H4,H4,2023-12-05 08:00:00,1,4.0,2023-12-05 12:00:00,2026.79,35.0,53.6,1.5,,0.0,3.5,,,147.16,True,True,2026.79,0.0,SL,False,,,NO_ENTRY,True,2026.79,0.0,SL,False,,,NO_ENTRY,True,2027.53,3.0,SL,False,,,NO_ENTRY,39.4,53.6,,,39.4,53.6,,,32.0,178.3,,
315,2021.43,BUY,WICK_H4,H4,2023-12-05 16:00:00,1,1.0,2023-12-05 17:00:00,2017.93,35.0,82.3,0.75,,2.25,0.0,0.0,,151.18,True,True,2017.93,0.0,SL,False,,,NO_ENTRY,True,2017.93,2.25,TP,False,,,NO_ENTRY,False,,,NO_ENTRY,False,,,NO_ENTRY,87.5,82.3,,,28.9,13.8,,,,,,
328,2029.41,BUY,WICK_H4,H4,2023-12-07 16:00:00,1,0.75,2023-12-07 16:45:00,2025.91,35.0,58.2,2.25,1.25,0.0,0.0,,,116.33,True,True,2025.91,0.0,SL,True,2029.41,1.25,SL,True,2025.91,0.0,SL,False,,,NO_ENTRY,False,,,NO_ENTRY,False,,,NO_ENTRY,59.4,58.2,24.4,93.2,59.4,58.2,,,,,,
334,2026.37,BUY,WICK_H4,H4,2023-12-08 12:00:00,1,3.75,2023-12-08 15:45:00,2022.87,35.0,52.3,0.0,,,0.0,,,105.17,True,True,2022.87,0.0,SL,False,,,NO_ENTRY,False,,,NO_ENTRY,False,,,NO_ENTRY,False,,,NO_ENTRY,False,,,NO_ENTRY,30.5,283.7,,,,,,,,,,
336,2014.29,BUY,WICK_H4,H4,2023-12-08 16:00:00,1,0.25,2023-12-08 16:15:00,2010.79,35.0,162.9,3.0,,0.75,1.0,,,115.32,True,True,2010.79,0.0,SL,False,,,NO_ENTRY,True,2010.79,0.75,SL,False,,,NO_ENTRY,False,,,NO_ENTRY,False,,,NO_ENTRY,39.4,162.9,,,39.4,162.9,,,,,,
343,1990.05,BUY,WICK_H4,H4,2023-12-11 16:00:00,1,0.75,2023-12-11 16:45:00,1986.55,35.0,108.7,3.5,,0.0,0.0,,,109.06,True,True,1986.55,0.0,SL,False,,,NO_ENTRY,True,1986.55,0.0,SL,True,1981.47,7.25,TP,True,1980.48,3.75,TP,False,,,NO_ENTRY,30.3,108.7,,,30.3,108.7,79.5,0.0,36.5,22.1,,
348,1982.57,BUY,WICK_H4,H4,2023-12-12 16:00:00,1,3.0,2023-12-12 19:00:00,1979.07,35.0,61.7,13.75,,0.25,6.5,,,103.32,True,True,1979.07,0.0,SL,False,,,NO_ENTRY,True,1979.07,0.25,SL,True,1979.53,5.0,SL,True,1980.91,6.25,SL,False,,,NO_ENTRY,22.0,19.9,,,18.9,19.9,31.4,17.4,17.6,31.2,,
370,2026.83,BUY,WICK_H4,H4,2023-12-15 16:00:00,1,4.5,2023-12-15 20:30:00,2023.33,35.0,78.4,1.0,,,,,,113.29,True,True,2023.33,0.0,SL,False,,,NO_ENTRY,False,,,NO_ENTRY,False,,,NO_ENTRY,False,,,NO_ENTRY,False,,,NO_ENTRY,-1.3,78.4,,,,,,,,,,
385,2036.59,BUY,WICK_H4,H4,2023-12-20 00:00:00,1,13.25,2023-12-20 13:15:00,2033.09,35.0,36.2,2.25,,0.0,0.75,,,84.63,True,True,2033.09,0.0,SL,False,,,NO_ENTRY,True,2033.09,0.0,SL,False,,,NO_ENTRY,True,2036.3,2.5,SL,False,,,NO_ENTRY,66.1,36.2,,,66.1,36.2,,,34.0,59.7,,
419,2071.18,BUY,WICK_H4,H4,2023-12-28 16:00:00,1,5.5,2023-12-28 21:30:00,2067.68,35.0,31.8,2.0,10.25,0.25,6.0,10.25,,88.05,True,True,2067.68,0.0,SL,True,2071.18,10.25,SL,True,2067.68,0.25,SL,True,2070.53,6.5,SL,True,2067.37,4.75,SL,False,,,NO_ENTRY,18.4,31.8,34.6,58.7,11.2,31.8,25.1,29.2,38.9,14.4,,
421,2067.61,BUY,WICK_H4,H4,2023-12-29 08:00:00,2,4.25,2023-12-29 12:15:00,2064.11,35.0,60.3,3.5,1.25,0.5,0.75,2.0,,85.56,True,True,2064.11,0.0,SL,True,2067.61,1.25,SL,True,2064.11,0.5,SL,True,2066.42,7.75,SL,False,,,NO_ENTRY,False,,,NO_ENTRY,46.7,60.3,11.7,95.3,46.7,60.3,13.1,53.8,,,,
429,2071.69,BUY,WICK_H4,H4,2024-01-02 12:00:00,1,1.75,2024-01-02 13:45:00,2068.19,35.0,124.7,3.75,,0.0,1.75,,,88.2,True,True,2068.19,0.0,SL,False,,,NO_ENTRY,True,2068.19,0.0,SL,False,,,NO_ENTRY,False,,,NO_ENTRY,False,,,NO_ENTRY,27.6,124.7,,,27.6,124.7,,,,,,
434,2054.1,BUY,WICK_H4,H4,2024-01-03 12:00:00,2,1.5,2024-01-03 13:30:00,2050.6,35.0,119.9,2.25,,,,,,93.28,True,True,2050.6,0.0,SL,False,,,NO_ENTRY,False,,,NO_ENTRY,False,,,NO_ENTRY,False,,,NO_ENTRY,False,,,NO_ENTRY,16.2,189.5,,,,,,,,,,
435,2038.61,BUY,WICK_H4,H4,2024-01-03 16:00:00,1,0.25,2024-01-03 16:15:00,2035.11,35.0,45.5,3.25,0.75,0.0,0.5,0.75,0.75,99.53,True,True,2035.11,0.0,SL,True,2038.61,0.75,SL,True,2035.11,0.0,SL,False,,,NO_ENTRY,False,,,NO_ENTRY,False,,,NO_ENTRY,135.3,45.5,100.3,80.8,135.3,45.5,,,,,,
446,2041.44,BUY,WICK_H4,H4,2024-01-05 00:00:00,3,12.0,2024-01-05 12:00:00,2037.94,35.0,135.9,3.5,,0.0,1.0,,,91.56,True,True,2037.94,0.0,SL,False,,,NO_ENTRY,True,2037.94,0.0,SL,False,,,NO_ENTRY,True,2040.78,3.0,SL,False,,,NO_ENTRY,81.5,135.9,,,81.5,135.9,,,231.1,164.3,,
457,2026.42,BUY,WICK_H4,H4,2024-01-08 12:00:00,1,1.25,2024-01-08 13:15:00,2022.92,35.0,62.4,0.0,,1.5,0.0,,,102.39,True,True,2022.92,0.0,SL,False,,,NO_ENTRY,True,2022.92,1.5,SL,False,,,NO_ENTRY,False,,,NO_ENTRY,False,,,NO_ENTRY,75.1,62.4,,,138.5,46.0,,,,,,
468,2031.58,BUY,WICK_H4,H4,2024-01-09 16:00:00,1,2.0,2024-01-09 18:00:00,2028.08,35.0,21.8,0.0,,0.25,0.25,,,99.9,True,True,2028.08,0.0,SL,False,,,NO_ENTRY,True,2028.08,0.25,SL,False,,,NO_ENTRY,False,,,NO_ENTRY,False,,,NO_ENTRY,38.7,21.8,,,38.7,15.3,,,,,,
479,2024.99,BUY,WICK_H4,H4,2024-01-11 16:00:00,2,2.5,2024-01-11 18:30:00,2021.49,35.0,83.1,1.25,3.25,2.75,2.75,3.25,6.5,102.11,True,True,2021.49,0.0,SL,True,2024.99,3.25,TP,True,2021.49,2.75,TP,True,2028.21,5.5,TP,True,2027.41,4.25,TP,True,2024.99,4.0,TP,58.6,83.1,104.3,15.9,139.3,19.4,72.1,0.0,80.1,12.1,104.3,1.8
491,2049.12,BUY,WICK_H4,H4,2024-01-15 20:00:00,1,14.5,2024-01-16 10:30:00,2045.62,35.0,70.7,0.75,,,,,,84.74,True,True,2045.62,0.0,SL,False,,,NO_ENTRY,False,,,NO_ENTRY,False,,,NO_ENTRY,False,,,NO_ENTRY,False,,,NO_ENTRY,18.7,101.0,,,,,,,,,,
493,2038.55,BUY,WICK_H4,H4,2024-01-16 12:00:00,1,3.0,2024-01-16 15:00:00,2035.05,35.0,38.2,0.0,0.5,0.5,0.0,0.5,0.5,88.44,True,True,2035.05,0.0,SL,True,2038.55,0.5,SL,True,2035.05,0.5,SL,False,,,NO_ENTRY,True,2042.99,0.5,SL,False,,,NO_ENTRY,98.4,98.1,63.4,133.1,98.4,98.1,,,19.0,177.5,,
495,2031.23,BUY,WICK_H4,H4,2024-01-16 16:00:00,1,3.25,2024-01-16 19:15:00,2027.73,35.0,35.9,1.5,,2.5,8.25,,,94.83,True,True,2027.73,0.0,SL,False,,,NO_ENTRY,True,2027.73,2.5,SL,True,2027.52,4.75,SL,True,2029.17,2.5,SL,False,,,NO_ENTRY,23.1,35.9,,,23.1,21.8,53.2,19.7,8.7,36.2,,
498,2025.55,BUY,WICK_H4,H4,2024-01-17 04:00:00,1,3.0,2024-01-17 07:00:00,2022.05,35.0,45.1,1.25,2.75,2.5,0.0,,,92.64,True,True,2022.05,0.0,SL,True,2025.55,2.75,SL,True,2022.05,2.5,SL,True,2023.51,5.0,SL,False,,,NO_ENTRY,False,,,NO_ENTRY,43.8,45.1,26.5,66.6,61.5,31.6,53.8,79.2,,,,
503,2018.79,BUY,WICK_H4,H4,2024-01-17 16:00:00,2,1.0,2024-01-17 17:00:00,2015.29,35.0,120.4,2.5,,,,,,100.44,True,True,2015.29,0.0,SL,False,,,NO_ENTRY,False,,,NO_ENTRY,False,,,NO_ENTRY,False,,,NO_ENTRY,False,,,NO_ENTRY,-13.5,135.9,,,,,,,,,,
516,2025.35,BUY,WICK_H4,H4,2024-01-22 04:00:00,1,3.25,2024-01-22 07:15:00,2021.85,35.0,28.5,1.75,,0.0,0.0,3.0,,83.96,True,True,2021.85,0.0,SL,False,,,NO_ENTRY,True,2021.85,0.0,SL,False,,,NO_ENTRY,True,2025.07,3.0,SL,False,,,NO_ENTRY,43.4,28.5,,,43.4,28.5,,,38.8,47.9,,
525,2026.92,BUY,WICK_H4,H4,2024-01-23 12:00:00,1,1.25,2024-01-23 13:15:00,2023.42,35.0,11.5,0.0,2.0,0.5,0.0,2.0,,81.65,True,True,2023.42,0.0,TP,True,2026.92,2.0,SL,True,2023.42,0.5,TP,False,,,NO_ENTRY,False,,,NO_ENTRY,False,,,NO_ENTRY,67.5,21.7,32.5,56.7,67.5,21.7,,,,,,
533,2029.2,BUY,WICK_H4,H4,2024-01-24 16:00:00,1,0.75,2024-01-24 16:45:00,2025.7,35.0,139.7,1.25,,,0.0,,,87.22,True,True,2025.7,0.0,SL,False,,,NO_ENTRY,False,,,NO_ENTRY,False,,,NO_ENTRY,False,,,NO_ENTRY,False,,,NO_ENTRY,33.7,139.7,,,,,,,,,,
552,2025.33,BUY,WICK_H4,H4,2024-01-29 16:00:00,1,0.75,2024-01-29 16:45:00,2021.83,35.0,14.0,0.5,1.0,0.0,0.0,1.25,2.75,86.68,True,True,2021.83,0.0,TP,True,2025.33,1.0,TP,True,2021.83,0.0,TP,False,,,NO_ENTRY,False,,,NO_ENTRY,True,2025.33,1.25,TP,91.9,14.0,56.9,14.2,91.9,14.0,,,,,56.9,14.2
566,2035.9,BUY,WICK_H4,H4,2024-01-31 16:00:00,1,6.5,2024-01-31 22:30:00,2032.4,35.0,15.7,0.0,0.5,0.0,0.0,0.75,,91.28,True,True,2032.4,0.0,TP,True,2035.9,0.5,SL,True,2032.4,0.0,TP,False,,,NO_ENTRY,False,,,NO_ENTRY,True,2035.9,0.75,TP,102.0,15.7,101.0,26.8,102.0,15.7,,,,,136.3,-4.8
570,2038.9,BUY,WICK_H4,H4,2024-02-01 12:00:00,1,0.5,2024-02-01 12:30:00,2035.4,35.0,54.9,0.5,3.0,3.0,0.0,3.0,,88.18,True,True,2035.4,0.0,SL,True,2038.9,3.0,SL,True,2035.4,3.0,SL,False,,,NO_ENTRY,True,2041.1,3.0,TP,False,,,NO_ENTRY,144.1,54.9,263.8,72.3,298.8,37.3,,,241.8,94.3,,
577,2051.81,BUY,WICK_H4,H4,2024-02-02 08:00:00,1,7.5,2024-02-02 15:30:00,2048.31,35.0,188.1,0.25,,,0.0,,,100.52,True,True,2048.31,0.0,SL,False,,,NO_ENTRY,False,,,NO_ENTRY,False,,,NO_ENTRY,False,,,NO_ENTRY,False,,,NO_ENTRY,40.2,205.6,,,,,,,,,,
583,2033.41,BUY,WICK_H4,H4,2024-02-05 04:00:00,1,3.0,2024-02-05 07:00:00,2029.91,35.0,93.7,4.5,,0.0,,,,96.19,True,True,2029.91,0.0,SL,False,,,NO_ENTRY,True,2029.91,0.0,SL,False,,,NO_ENTRY,False,,,NO_ENTRY,False,,,NO_ENTRY,19.5,85.6,,,19.5,85.6,,,,,,
585,2020.54,BUY,WICK_H4,H4,2024-02-05 12:00:00,1,3.5,2024-02-05 15:30:00,2017.04,35.0,22.7,0.5,1.25,0.0,1.25,1.25,5.5,99.69,True,True,2017.04,0.0,TP,True,2020.54,1.25,SL,True,2017.04,0.0,TP,True,2025.56,4.5,SL,True,2025.4,4.0,SL,True,2020.54,3.0,TP,85.5,22.7,64.5,51.6,85.5,22.7,18.2,16.9,19.8,24.2,68.4,3.0
600,2028.8,BUY,WICK_H4,H4,2024-02-08 12:00:00,1,2.5,2024-02-08 14:30:00,2025.3,35.0,52.7,1.5,2.0,0.75,1.75,2.0,2.0,79.66,True,True,2025.3,0.0,SL,True,2028.8,2.0,SL,True,2025.3,0.75,SL,True,2031.6,5.5,SL,True,2028.26,1.75,SL,True,2028.8,3.0,SL,86.7,52.7,64.2,12.9,86.7,52.7,36.2,5.7,69.6,55.7,64.2,12.3
603,2031.85,BUY,WICK_H4,H4,2024-02-09 04:00:00,3,11.0,2024-02-09 15:00:00,2028.35,35.0,81.8,3.0,,0.5,0.5,0.5,0.5,74.99,True,True,2028.35,0.0,SL,False,,,NO_ENTRY,True,2028.35,0.5,SL,False,,,NO_ENTRY,True,2023.73,4.5,SL,False,,,NO_ENTRY,86.9,81.8,,,86.9,81.8,,,24.3,17.3,,
610,2021.7,BUY,WICK_H4,H4,2024-02-12 08:00:00,2,8.0,2024-02-12 16:00:00,2018.2,35.0,64.3,2.0,,0.0,0.0,,,70.74,True,True,2018.2,0.0,SL,False,,,NO_ENTRY,True,2018.2,0.0,SL,False,,,NO_ENTRY,False,,,NO_ENTRY,False,,,NO_ENTRY,21.1,64.3,,,21.1,64.3,,,,,,
617,2016.72,BUY,WICK_H4,H4,2024-02-13 08:00:00,1,7.75,2024-02-13 15:45:00,2013.22,35.0,232.0,1.25,,,,,,80.94,True,True,2013.22,0.0,SL,False,,,NO_ENTRY,False,,,NO_ENTRY,False,,,NO_ENTRY,False,,,NO_ENTRY,False,,,NO_ENTRY,-7.6,232.0,,,,,,,,,,
624,1991.02,BUY,WICK_H4,H4,2024-02-14 08:00:00,1,2.0,2024-02-14 10:00:00,1987.52,35.0,16.6,0.5,1.75,0.0,0.0,1.75,,76.18,True,True,1987.52,0.0,SL,True,1991.02,1.75,SL,True,1987.52,0.0,SL,False,,,NO_ENTRY,False,,,NO_ENTRY,False,,,NO_ENTRY,57.1,16.6,22.1,24.2,57.1,16.6,,,,,,
636,2002.59,BUY,WICK_H4,H4,2024-02-16 12:00:00,1,3.75,2024-02-16 15:45:00,1999.09,35.0,10.2,0.0,,0.0,0.0,0.0,,66.57,True,True,1999.09,0.0,SL,False,,,NO_ENTRY,True,1999.09,0.0,SL,False,,,NO_ENTRY,False,,,NO_ENTRY,False,,,NO_ENTRY,152.6,38.9,,,152.6,38.9,,,,,,
644,2018.12,BUY,WICK_H4,H4,2024-02-19 08:00:00,3,10.0,2024-02-19 18:00:00,2014.62,35.0,14.9,0.0,,0.25,0.5,1.5,,67.41,True,True,2014.62,0.0,TP,False,,,NO_ENTRY,True,2014.62,0.25,TP,False,,,NO_ENTRY,False,,,NO_ENTRY,False,,,NO_ENTRY,37.4,14.9,,,37.4,0.9,,,,,,
649,2025.85,BUY,WICK_H4,H4,2024-02-21 12:00:00,1,7.0,2024-02-21 19:00:00,2022.35,35.0,10.2,0.25,,0.0,0.0,,,59.88,True,True,2022.35,0.0,TP,False,,,NO_ENTRY,True,2022.35,0.0,TP,False,,,NO_ENTRY,False,,,NO_ENTRY,False,,,NO_ENTRY,45.5,24.3,,,45.5,24.3,,,,,,
659,2019.47,BUY,WICK_H4,H4,2024-02-23 00:00:00,3,11.75,2024-02-23 11:45:00,2015.97,35.0,0.2,0.0,0.75,0.0,0.25,0.5,1.0,59.33,True,True,2015.97,0.0,TP,True,2019.47,0.75,TP,True,2015.97,0.0,TP,True,2025.18,4.25,TP,True,2022.78,1.0,TP,False,,,NO_ENTRY,131.2,0.2,96.2,2.6,131.2,0.2,145.3,11.5,63.1,18.2,,
665,2030.61,BUY,WICK_H4,H4,2024-02-26 16:00:00,1,0.25,2024-02-26 16:15:00,2027.11,35.0,21.5,1.25,,0.0,0.0,,,65.33,True,True,2027.11,0.0,TP,False,,,NO_ENTRY,True,2027.11,0.0,TP,False,,,NO_ENTRY,True,2028.61,3.5,TP,False,,,NO_ENTRY,29.1,21.5,,,29.1,21.5,,,49.4,13.1,,
671,2029.57,BUY,WICK_H4,H4,2024-02-27 20:00:00,4,15.0,2024-02-28 11:00:00,2026.07,35.0,17.3,1.0,4.0,0.0,2.0,3.0,4.0,59.32,True,True,2026.07,0.0,TP,True,2029.57,4.0,TP,True,2026.07,0.0,TP,True,2035.71,5.0,SL,True,2026.87,1.5,TP,False,,,NO_ENTRY,63.5,17.3,82.5,5.9,63.5,17.3,21.1,54.1,109.5,18.5,,
679,2043.16,BUY,WICK_H4,H4,2024-02-29 20:00:00,5,14.5,2024-03-01 10:30:00,2039.66,35.0,7.3,0.25,0.5,0.0,0.0,0.5,1.0,63.09,True,True,2039.66,0.0,TP,True,2043.16,0.5,SL,True,2039.66,0.0,TP,False,,,NO_ENTRY,False,,,NO_ENTRY,True,2043.16,0.75,TP,177.0,7.3,142.0,38.9,177.0,7.3,,,,,142.0,3.3
715,2153.12,BUY,WICK_H4,H4,2024-03-07 16:00:00,1,0.75,2024-03-07 16:45:00,2149.62,35.0,11.7,0.0,0.0,0.0,0.0,0.0,,106.97,True,True,2149.62,0.0,TP,True,2153.12,0.0,SL,True,2149.62,0.0,TP,False,,,NO_ENTRY,True,2157.69,1.5,SL,True,2153.12,0.25,SL,95.3,11.7,60.3,46.7,95.3,11.7,,,30.6,64.9,60.3,39.5
736,2179.88,BUY,WICK_H4,H4,2024-03-12 04:00:00,1,3.5,2024-03-12 07:30:00,2176.38,35.0,23.3,0.0,,,,,,107.91,True,True,2176.38,0.0,SL,False,,,NO_ENTRY,False,,,NO_ENTRY,False,,,NO_ENTRY,False,,,NO_ENTRY,False,,,NO_ENTRY,25.9,29.2,,,,,,,,,,
739,2173.46,BUY,WICK_H4,H4,2024-03-12 12:00:00,1,2.25,2024-03-12 14:15:00,2169.96,35.0,138.9,1.25,0.25,0.25,0.25,0.25,0.25,115.2,True,True,2169.96,0.0,SL,True,2173.46,0.25,SL,True,2169.96,0.25,SL,False,,,NO_ENTRY,True,2179.56,0.25,SL,False,,,NO_ENTRY,120.1,174.6,85.1,209.6,120.1,174.6,,,24.1,270.6,,
751,2171.62,BUY,WICK_H4,H4,2024-03-14 00:00:00,2,8.0,2024-03-14 08:00:00,2168.12,35.0,97.1,7.75,,0.0,3.5,,,92.88,True,True,2168.12,0.0,SL,False,,,NO_ENTRY,True,2168.12,0.0,SL,False,,,NO_ENTRY,True,2169.58,2.25,SL,False,,,NO_ENTRY,37.6,8.1,,,37.6,8.1,,,23.0,41.5,,
754,2158.41,BUY,WICK_H4,H4,2024-03-14 16:00:00,2,1.5,2024-03-14 17:30:00,2154.91,35.0,22.8,0.0,0.75,0.25,0.0,0.75,1.75,97.07,True,True,2154.91,0.0,TP,True,2158.41,0.75,TP,True,2154.91,0.25,TP,False,,,NO_ENTRY,False,,,NO_ENTRY,True,2158.41,1.0,TP,100.1,22.8,65.1,7.0,100.1,10.2,,,,,65.1,6.7
760,2165.19,BUY,WICK_H4,H4,2024-03-15 12:00:00,1,2.5,2024-03-15 14:30:00,2161.69,35.0,53.2,1.0,,0.25,0.0,,,93.18,True,True,2161.69,0.0,SL,False,,,NO_ENTRY,True,2161.69,0.25,SL,False,,,NO_ENTRY,False,,,NO_ENTRY,False,,,NO_ENTRY,48.7,53.2,,,48.7,53.2,,,,,,
763,2155.05,BUY,WICK_H4,H4,2024-03-15 20:00:00,2,55.25,2024-03-18 03:15:00,2151.55,35.0,14.9,0.0,,0.25,,,,90.25,True,True,2151.55,0.0,SL,False,,,NO_ENTRY,True,2151.55,0.25,SL,False,,,NO_ENTRY,False,,,NO_ENTRY,False,,,NO_ENTRY,18.3,55.6,,,18.3,55.6,,,,,,
766,2150.06,BUY,WICK_H4,H4,2024-03-18 04:00:00,1,0.75,2024-03-18 04:45:00,2146.56,35.0,5.7,0.5,4.5,0.0,0.0,5.0,6.5,89.08,True,True,2146.56,0.0,TP,True,2150.06,4.5,TP,True,2146.56,0.0,TP,True,2154.78,7.25,SL,True,2148.8,4.25,TP,True,2150.06,5.25,TP,33.7,5.7,104.3,15.5,33.7,5.7,86.6,2.7,116.9,16.4,114.9,0.0
770,2158.48,BUY,WICK_H4,H4,2024-03-19 04:00:00,1,4.0,2024-03-19 08:00:00,2154.98,35.0,79.7,2.25,,0.25,0.0,,,80.34,True,True,2154.98,0.0,SL,False,,,NO_ENTRY,True,2154.98,0.25,SL,False,,,NO_ENTRY,False,,,NO_ENTRY,False,,,NO_ENTRY,26.8,79.7,,,22.4,79.7,,,,,,
783,2201.63,BUY,WICK_H4,H4,2024-03-21 08:00:00,1,2.75,2024-03-21 10:45:00,2198.13,35.0,8.1,0.0,0.25,0.0,0.0,0.5,,109.49,True,True,2198.13,0.0,TP,True,2201.63,0.25,TP,True,2198.13,0.0,TP,False,,,NO_ENTRY,False,,,NO_ENTRY,True,2201.63,0.5,TP,135.1,8.1,100.1,18.3,135.1,8.1,,,,,100.1,14.5
785,2196.71,BUY,WICK_H4,H4,2024-03-21 12:00:00,1,4.0,2024-03-21 16:00:00,2193.21,35.0,269.8,1.25,,,,,,126.0,True,True,2193.21,0.0,SL,False,,,NO_ENTRY,False,,,NO_ENTRY,False,,,NO_ENTRY,False,,,NO_ENTRY,False,,,NO_ENTRY,-14.1,269.8,,,,,,,,,,
791,2171.71,BUY,WICK_H4,H4,2024-03-22 08:00:00,1,1.0,2024-03-22 09:00:00,2168.21,35.0,57.4,0.25,,0.75,,,,117.36,True,True,2168.21,0.0,SL,False,,,NO_ENTRY,True,2168.21,0.75,SL,False,,,NO_ENTRY,False,,,NO_ENTRY,False,,,NO_ENTRY,21.2,57.4,,,18.7,34.2,,,,,,
793,2162.47,BUY,WICK_H4,H4,2024-03-22 12:00:00,2,7.5,2024-03-22 19:30:00,2158.97,35.0,11.6,0.0,,0.0,,,,127.34,True,True,2158.97,0.0,TP,False,,,NO_ENTRY,True,2158.97,0.0,TP,False,,,NO_ENTRY,False,,,NO_ENTRY,False,,,NO_ENTRY,86.6,11.6,,,86.6,11.6,,,,,,
800,2167.61,BUY,WICK_H4,H4,2024-03-25 08:00:00,1,1.0,2024-03-25 09:00:00,2164.11,35.0,7.7,0.0,1.0,0.0,0.25,,,119.53,True,True,2164.11,0.0,TP,True,2167.61,1.0,SL,True,2164.11,0.0,TP,False,,,NO_ENTRY,False,,,NO_ENTRY,True,2167.61,2.75,TP,69.6,7.7,66.1,38.9,69.6,7.7,,,,,135.6,3.9
809,2178.16,BUY,WICK_H4,H4,2024-03-26 16:00:00,1,1.5,2024-03-26 17:30:00,2174.66,35.0,31.1,0.0,,0.5,0.0,,,123.41,True,True,2174.66,0.0,SL,False,,,NO_ENTRY,True,2174.66,0.5,TP,False,,,NO_ENTRY,False,,,NO_ENTRY,False,,,NO_ENTRY,44.1,31.1,,,44.1,5.3,,,,,,
833,2243.44,BUY,WICK_H4,H4,2024-04-01 16:00:00,1,1.0,2024-04-01 17:00:00,2239.94,35.0,115.6,0.5,,2.25,0.0,,,142.74,True,True,2239.94,0.0,SL,False,,,NO_ENTRY,True,2239.94,2.25,SL,False,,,NO_ENTRY,False,,,NO_ENTRY,False,,,NO_ENTRY,62.1,115.6,,,87.3,53.7,,,,,,
850,2276.65,BUY,WICK_H4,H4,2024-04-03 08:00:00,1,2.25,2024-04-03 10:15:00,2273.15,35.0,55.7,0.75,,1.25,0.0,,,147.65,True,True,2273.15,0.0,SL,False,,,NO_ENTRY,True,2273.15,1.25,SL,False,,,NO_ENTRY,False,,,NO_ENTRY,False,,,NO_ENTRY,46.5,55.7,,,28.0,78.7,,,,,,
856,2296.2,BUY,WICK_H4,H4,2024-04-04 04:00:00,1,6.75,2024-04-04 10:45:00,2292.7,35.0,99.9,4.75,,0.0,,,,134.6,True,True,2292.7,0.0,SL,False,,,NO_ENTRY,True,2292.7,0.0,SL,False,,,NO_ENTRY,False,,,NO_ENTRY,False,,,NO_ENTRY,32.5,40.2,,,32.5,40.2,,,,,,
862,2284.66,BUY,WICK_H4,H4,2024-04-04 20:00:00,1,2.75,2024-04-04 22:45:00,2281.16,35.0,16.0,0.0,0.0,0.0,0.0,0.5,,143.61,True,True,2281.16,0.0,TP,True,2284.66,0.0,SL,True,2281.16,0.0,TP,False,,,NO_ENTRY,False,,,NO_ENTRY,True,2284.66,0.25,SL,120.4,16.0,85.4,51.0,120.4,16.0,,,,,85.4,72.3
864,2279.56,BUY,WICK_H4,H4,2024-04-05 00:00:00,1,4.25,2024-04-05 04:15:00,2276.06,35.0,84.4,0.25,,1.75,3.25,,,142.52,True,True,2276.06,0.0,SL,False,,,NO_ENTRY,True,2276.06,1.75,SL,False,,,NO_ENTRY,False,,,NO_ENTRY,False,,,NO_ENTRY,42.6,84.4,,,90.7,26.2,,,,,,
872,2320.5,BUY,WICK_H4,H4,2024-04-06 00:00:00,1,49.25,2024-04-08 01:15:00,2317.0,35.0,133.2,0.0,,,,,,166.38,True,True,2317.0,0.0,SL,False,,,NO_ENTRY,False,,,NO_ENTRY,False,,,NO_ENTRY,False,,,NO_ENTRY,False,,,NO_ENTRY,161.1,142.1,,,,,,,,,,
878,2331.62,BUY,WICK_H4,H4,2024-04-08 12:00:00,1,3.25,2024-04-08 15:15:00,2328.12,35.0,56.5,0.0,,0.5,0.0,0.0,,187.48,True,True,2328.12,0.0,SL,False,,,NO_ENTRY,True,2328.12,0.5,SL,False,,,NO_ENTRY,False,,,NO_ENTRY,False,,,NO_ENTRY,97.0,95.6,,,74.8,95.6,,,,,,
880,2322.47,BUY,WICK_H4,H4,2024-04-08 16:00:00,1,1.25,2024-04-08 17:15:00,2318.97,35.0,2.0,0.0,0.0,0.0,0.0,0.25,,186.26,True,True,2318.97,0.0,TP,True,2322.47,0.0,SL,True,2318.97,0.0,TP,False,,,NO_ENTRY,False,,,NO_ENTRY,False,,,NO_ENTRY,228.6,2.0,193.6,37.0,228.6,2.0,,,,,,
889,2345.69,BUY,WICK_H4,H4,2024-04-09 16:00:00,1,2.75,2024-04-09 18:45:00,2342.19,35.0,40.9,0.0,0.5,0.25,0.0,,,176.77,True,True,2342.19,0.0,SL,True,2345.69,0.5,SL,True,2342.19,0.25,TP,False,,,NO_ENTRY,False,,,NO_ENTRY,False,,,NO_ENTRY,92.5,40.9,78.6,42.3,112.6,22.7,,,,,,
897,2352.25,BUY,WICK_H4,H4,2024-04-10 12:00:00,1,0.5,2024-04-10 12:30:00,2348.75,35.0,210.8,3.0,,0.0,,,,163.55,True,True,2348.75,0.0,SL,False,,,NO_ENTRY,True,2348.75,0.0,SL,False,,,NO_ENTRY,False,,,NO_ENTRY,False,,,NO_ENTRY,19.0,295.0,,,19.0,295.0,,,,,,
898,2327.67,BUY,WICK_H4,H4,2024-04-10 16:00:00,1,0.25,2024-04-10 16:15:00,2324.17,35.0,49.2,0.25,0.25,0.0,0.0,0.25,0.75,175.42,True,True,2324.17,0.0,SL,True,2327.67,0.25,SL,True,2324.17,0.0,SL,False,,,NO_ENTRY,False,,,NO_ENTRY,False,,,NO_ENTRY,280.5,49.2,245.5,84.2,280.5,49.2,,,,,,
914,2390.32,BUY,WICK_H4,H4,2024-04-12 16:00:00,1,2.75,2024-04-12 18:45:00,2386.82,35.0,261.8,1.0,0.0,0.0,0.0,,,204.03,True,True,2386.82,0.0,SL,True,2390.32,0.0,SL,True,2386.82,0.0,SL,False,,,NO_ENTRY,False,,,NO_ENTRY,False,,,NO_ENTRY,87.3,530.6,52.3,565.6,87.3,530.6,,,,,,
916,2360.64,BUY,WICK_H4,H4,2024-04-12 20:00:00,1,0.25,2024-04-12 20:15:00,2357.14,35.0,233.8,1.75,,,0.0,,,217.51,True,True,2357.14,0.0,SL,False,,,NO_ENTRY,False,,,NO_ENTRY,False,,,NO_ENTRY,False,,,NO_ENTRY,False,,,NO_ENTRY,151.8,233.8,,,,,,,,,,
926,2346.14,BUY,WICK_H4,H4,2024-04-15 16:00:00,1,1.0,2024-04-15 17:00:00,2342.64,35.0,185.1,0.0,0.5,0.5,0.0,2.5,,221.82,True,True,2342.64,0.0,SL,True,2346.14,0.5,SL,True,2342.64,0.5,SL,False,,,NO_ENTRY,True,2356.02,2.5,TP,True,2346.14,2.5,TP,278.9,185.1,244.8,134.0,279.8,99.0,,,314.5,99.9,413.3,1.1
934,2379.1,BUY,WICK_H4,H4,2024-04-16 08:00:00,1,1.75,2024-04-16 09:45:00,2375.6,35.0,127.0,1.0,,,,,,216.79,True,True,2375.6,0.0,SL,False,,,NO_ENTRY,False,,,NO_ENTRY,False,,,NO_ENTRY,False,,,NO_ENTRY,False,,,NO_ENTRY,-3.9,127.0,,,,,,,,,,
938,2367.4,BUY,WICK_H4,H4,2024-04-16 16:00:00,1,1.25,2024-04-16 17:15:00,2363.9,35.0,4.8,0.0,0.25,0.0,0.0,0.5,0.75,218.9,True,True,2363.9,0.0,TP,True,2367.4,0.25,TP,True,2363.9,0.0,TP,False,,,NO_ENTRY,True,2382.92,0.5,SL,False,,,NO_ENTRY,343.3,4.8,308.3,11.8,343.3,4.8,,,153.1,99.2,,
943,2380.19,BUY,WICK_H4,H4,2024-04-17 08:00:00,1,0.5,2024-04-17 08:30:00,2376.69,35.0,40.9,0.75,1.25,0.0,2.25,2.75,,196.46,True,True,2376.69,0.0,SL,True,2380.19,1.25,SL,True,2376.69,0.0,SL,False,,,NO_ENTRY,True,2382.43,2.25,TP,False,,,NO_ENTRY,175.1,40.9,140.1,33.5,175.1,40.9,,,117.7,33.2,,
945,2378.23,BUY,WICK_H4,H4,2024-04-17 16:00:00,1,3.75,2024-04-17 19:45:00,2374.73,35.0,137.8,0.0,,,,,,204.67,True,True,2374.73,0.0,SL,False,,,NO_ENTRY,False,,,NO_ENTRY,False,,,NO_ENTRY,False,,,NO_ENTRY,False,,,NO_ENTRY,42.5,203.9,,,,,,,,,,
952,2377.12,BUY,WICK_H4,H4,2024-04-18 16:00:00,1,1.5,2024-04-18 17:30:00,2373.62,35.0,41.3,0.0,0.25,0.0,0.0,0.5,,183.08,True,True,2373.62,0.0,SL,True,2377.12,0.25,SL,True,2373.62,0.0,SL,False,,,NO_ENTRY,True,2387.88,2.25,SL,False,,,NO_ENTRY,156.1,41.3,121.1,26.4,156.1,41.3,,,13.5,110.9,,
960,2377.91,BUY,WICK_H4,H4,2024-04-19 12:00:00,1,2.25,2024-04-19 14:15:00,2374.41,35.0,16.4,0.0,0.25,0.0,0.25,1.25,,181.54,True,True,2374.41,0.0,TP,True,2377.91,0.25,SL,True,2374.41,0.0,TP,False,,,NO_ENTRY,False,,,NO_ENTRY,True,2377.91,1.0,SL,215.4,16.4,180.4,49.9,215.4,16.4,,,,,180.4,49.9
965,2386.5,BUY,WICK_H4,H4,2024-04-20 00:00:00,1,49.25,2024-04-22 01:15:00,2383.0,35.0,210.8,5.0,1.0,0.0,1.25,,,179.15,True,True,2383.0,0.0,SL,True,2386.5,1.0,SL,True,2383.0,0.0,SL,False,,,NO_ENTRY,False,,,NO_ENTRY,False,,,NO_ENTRY,47.2,101.0,12.2,245.8,47.2,101.0,,,,,,
967,2361.92,BUY,WICK_H4,H4,2024-04-22 08:00:00,2,1.75,2024-04-22 09:45:00,2358.42,35.0,70.5,0.0,,0.75,1.25,,,182.8,True,True,2358.42,0.0,SL,False,,,NO_ENTRY,True,2358.42,0.75,SL,False,,,NO_ENTRY,False,,,NO_ENTRY,False,,,NO_ENTRY,51.2,70.5,,,51.2,190.9,,,,,,
968,2351.37,BUY,WICK_H4,H4,2024-04-22 12:00:00,1,2.25,2024-04-22 14:15:00,2347.87,35.0,149.7,1.5,,,,,,191.63,True,True,2347.87,0.0,SL,False,,,NO_ENTRY,False,,,NO_ENTRY,False,,,NO_ENTRY,False,,,NO_ENTRY,False,,,NO_ENTRY,23.7,168.6,,,,,,,,,,
970,2332.9,BUY,WICK_H4,H4,2024-04-22 16:00:00,3,3.75,2024-04-22 19:45:00,2329.4,35.0,47.7,1.5,,0.0,0.25,,,188.58,True,True,2329.4,0.0,SL,False,,,NO_ENTRY,True,2329.4,0.0,SL,False,,,NO_ENTRY,False,,,NO_ENTRY,False,,,NO_ENTRY,53.8,47.7,,,53.8,47.7,,,,,,
973,2324.63,BUY,WICK_H4,H4,2024-04-23 00:00:00,1,4.75,2024-04-23 04:45:00,2321.13,35.0,257.8,0.0,,,,,,189.75,True,True,2321.13,0.0,SL,False,,,NO_ENTRY,False,,,NO_ENTRY,False,,,NO_ENTRY,False,,,NO_ENTRY,False,,,NO_ENTRY,-65.5,257.8,,,,,,,,,,
977,2298.75,BUY,WICK_H4,H4,2024-04-23 12:00:00,1,0.25,2024-04-23 12:15:00,2295.25,35.0,40.4,0.0,0.25,0.0,1.0,1.5,,190.02,True,True,2295.25,0.0,SL,True,2298.75,0.25,SL,True,2295.25,0.0,SL,False,,,NO_ENTRY,True,2308.16,3.0,SL,True,2298.75,1.0,TP,215.0,40.4,209.4,50.8,215.0,40.4,,,238.9,31.0,333.0,8.4
986,2316.0,BUY,WICK_H4,H4,2024-04-24 12:00:00,1,0.5,2024-04-24 12:30:00,2312.5,35.0,8.7,0.0,0.5,0.0,0.5,3.0,,167.68,True,True,2312.5,0.0,TP,True,2316.0,0.5,SL,True,2312.5,0.0,TP,False,,,NO_ENTRY,True,2320.32,3.0,SL,False,,,NO_ENTRY,134.2,8.7,99.2,40.1,134.2,8.7,,,168.6,60.7,,
991,2313.57,BUY,WICK_H4,H4,2024-04-25 00:00:00,1,6.25,2024-04-25 06:15:00,2310.07,35.0,34.3,0.0,0.75,0.0,0.5,,,162.34,True,True,2310.07,0.0,SL,True,2313.57,0.75,TP,True,2310.07,0.0,SL,False,,,NO_ENTRY,True,2315.19,1.5,TP,True,2313.57,1.5,TP,133.5,34.3,152.0,13.0,133.5,34.3,,,135.8,12.3,152.0,-3.9
996,2323.07,BUY,WICK_H4,H4,2024-04-25 16:00:00,1,0.25,2024-04-25 16:15:00,2319.57,35.0,69.8,0.0,0.25,0.25,0.25,1.25,1.25,169.47,True,True,2319.57,0.0,SL,True,2323.07,0.25,SL,True,2319.57,0.25,SL,False,,,NO_ENTRY,True,2340.7,1.25,SL,True,2323.07,3.0,TP,251.6,69.8,216.6,76.3,251.6,41.3,,,40.3,178.2,132.9,1.9
1006,2340.42,BUY,WICK_H4,H4,2024-04-26 16:00:00,1,0.75,2024-04-26 16:45:00,2336.92,35.0,83.7,1.0,0.0,0.0,0.0,0.25,,156.56,True,True,2336.92,0.0,SL,True,2340.42,0.0,SL,True,2336.92,0.0,SL,False,,,NO_ENTRY,False,,,NO_ENTRY,False,,,NO_ENTRY,82.3,83.7,47.3,118.7,82.3,83.7,,,,,,
1008,2328.55,BUY,WICK_H4,H4,2024-04-26 20:00:00,1,56.25,2024-04-29 04:15:00,2325.05,35.0,54.5,0.25,0.0,0.0,0.0,3.0,,145.03,True,True,2325.05,0.0,SL,True,2328.55,0.0,SL,True,2325.05,0.0,SL,False,,,NO_ENTRY,True,2332.11,3.25,SL,True,2328.55,3.0,TP,113.7,54.5,78.7,89.5,113.7,54.5,,,90.9,47.4,97.1,11.8
1019,2331.62,BUY,WICK_H4,H4,2024-04-30 04:00:00,1,1.5,2024-04-30 05:30:00,2328.12,35.0,175.6,6.25,,0.0,,,,139.82,True,True,2328.12,0.0,SL,False,,,NO_ENTRY,True,2328.12,0.0,SL,False,,,NO_ENTRY,False,,,NO_ENTRY,False,,,NO_ENTRY,34.8,94.6,,,34.8,94.6,,,,,,
1021,2310.56,BUY,WICK_H4,H4,2024-04-30 12:00:00,1,3.5,2024-04-30 15:30:00,2307.06,35.0,25.8,0.0,,0.0,,,,140.84,True,True,2307.06,0.0,SL,False,,,NO_ENTRY,True,2307.06,0.0,SL,False,,,NO_ENTRY,False,,,NO_ENTRY,False,,,NO_ENTRY,61.0,140.9,,,61.0,140.9,,,,,,
1023,2304.48,BUY,WICK_H4,H4,2024-04-30 16:00:00,2,1.25,2024-04-30 17:15:00,2300.98,35.0,80.1,0.5,,0.0,0.0,,,145.2,True,True,2300.98,0.0,SL,False,,,NO_ENTRY,True,2300.98,0.0,SL,False,,,NO_ENTRY,False,,,NO_ENTRY,False,,,NO_ENTRY,58.3,95.5,,,58.3,95.5,,,,,,
1025,2292.97,BUY,WICK_H4,H4,2024-04-30 20:00:00,2,2.75,2024-04-30 22:45:00,2289.47,35.0,79.5,8.5,,0.0,0.0,,,143.72,True,True,2289.47,0.0,SL,False,,,NO_ENTRY,True,2289.47,0.0,SL,True,2286.69,5.25,SL,False,,,NO_ENTRY,False,,,NO_ENTRY,52.6,45.2,,,52.6,45.2,26.7,51.7,,,,
1037,2317.07,BUY,WICK_H4,H4,2024-05-02 04:00:00,1,4.25,2024-05-02 08:15:00,2313.57,35.0,281.9,8.5,,0.0,1.0,,,140.24,True,True,2313.57,0.0,SL,False,,,NO_ENTRY,True,2313.57,0.0,SL,True,2299.48,11.75,SL,True,2296.21,9.0,TP,False,,,NO_ENTRY,54.0,117.4,,,54.0,117.4,98.8,3.1,131.5,80.6,,
1047,2294.52,BUY,WICK_H4,H4,2024-05-03 16:00:00,1,0.75,2024-05-03 16:45:00,2291.02,35.0,101.8,0.0,1.75,1.0,0.25,0.25,,151.54,True,True,2291.02,0.0,SL,True,2294.52,1.75,SL,True,2291.02,1.0,SL,False,,,NO_ENTRY,True,2299.12,3.0,SL,True,2294.52,2.5,TP,120.1,101.8,85.1,28.4,120.1,47.0,,,41.7,32.4,87.7,-1.0
1051,2295.88,BUY,WICK_H4,H4,2024-05-04 00:00:00,1,51.25,2024-05-06 03:15:00,2292.38,35.0,7.3,0.0,,0.25,0.5,,,145.67,True,True,2292.38,0.0,TP,False,,,NO_ENTRY,True,2292.38,0.25,TP,False,,,NO_ENTRY,False,,,NO_ENTRY,False,,,NO_ENTRY,228.5,7.3,,,228.5,2.3,,,,,,
1062,2319.52,BUY,WICK_H4,H4,2024-05-07 08:00:00,1,3.0,2024-05-07 11:00:00,2316.02,35.0,44.6,0.0,,,0.0,,,135.59,True,True,2316.02,0.0,SL,False,,,NO_ENTRY,False,,,NO_ENTRY,False,,,NO_ENTRY,False,,,NO_ENTRY,False,,,NO_ENTRY,37.8,61.7,,,,,,,,,,
1084,2361.6,BUY,WICK_H4,H4,2024-05-10 16:00:00,2,1.75,2024-05-10 17:45:00,2358.1,35.0,16.5,0.25,0.25,0.0,0.0,0.0,,134.6,True,True,2358.1,0.0,TP,True,2361.6,0.25,SL,True,2358.1,0.0,TP,False,,,NO_ENTRY,True,2368.18,2.0,SL,True,2361.6,0.5,SL,127.7,16.5,92.7,51.5,127.7,16.5,,,26.9,86.0,92.7,1.4
1088,2359.58,BUY,WICK_H4,H4,2024-05-13 04:00:00,1,0.25,2024-05-13 04:15:00,2356.08,35.0,145.4,7.5,,0.0,0.0,,,125.09,True,True,2356.08,0.0,SL,False,,,NO_ENTRY,True,2356.08,0.0,SL,False,,,NO_ENTRY,False,,,NO_ENTRY,False,,,NO_ENTRY,37.0,42.2,,,37.0,42.2,,,,,,
1091,2338.33,BUY,WICK_H4,H4,2024-05-13 16:00:00,1,2.25,2024-05-13 18:15:00,2334.83,35.0,28.7,0.25,,0.5,0.0,,,128.35,True,True,2334.83,0.0,SL,False,,,NO_ENTRY,True,2334.83,0.5,TP,False,,,NO_ENTRY,False,,,NO_ENTRY,False,,,NO_ENTRY,35.0,28.7,,,35.8,15.0,,,,,,
1107,2358.08,BUY,WICK_H4,H4,2024-05-15 16:00:00,1,1.0,2024-05-15 17:00:00,2354.58,35.0,8.5,0.0,0.0,0.0,0.0,0.0,0.5,133.02,True,True,2354.58,0.0,TP,True,2358.08,0.0,SL,True,2354.58,0.0,TP,False,,,NO_ENTRY,True,2380.57,1.0,SL,False,,,NO_ENTRY,355.3,8.5,320.3,43.5,355.3,8.5,,,95.4,76.0,,
1112,2386.34,BUY,WICK_H4,H4,2024-05-16 08:00:00,2,5.5,2024-05-16 13:30:00,2382.84,35.0,120.1,4.25,,0.25,0.5,,,121.19,True,True,2382.84,0.0,SL,False,,,NO_ENTRY,True,2382.84,0.25,SL,True,2381.87,6.5,SL,False,,,NO_ENTRY,False,,,NO_ENTRY,36.6,112.7,,,36.6,120.1,4.8,60.9,,,,
1128,2431.78,BUY,WICK_H4,H4,2024-05-20 12:00:00,1,2.5,2024-05-20 14:30:00,2428.28,35.0,210.4,1.0,,0.25,0.0,,,148.58,True,True,2428.28,0.0,SL,False,,,NO_ENTRY,True,2428.28,0.25,SL,False,,,NO_ENTRY,False,,,NO_ENTRY,False,,,NO_ENTRY,52.0,210.4,,,36.6,210.4,,,,,,
1136,2424.26,BUY,WICK_H4,H4,2024-05-21 04:00:00,1,0.75,2024-05-21 04:45:00,2420.76,35.0,148.0,1.5,,,0.0,0.0,,152.68,True,True,2420.76,0.0,SL,False,,,NO_ENTRY,False,,,NO_ENTRY,False,,,NO_ENTRY,False,,,NO_ENTRY,False,,,NO_ENTRY,85.1,148.0,,,,,,,,,,
1146,2417.27,BUY,WICK_H4,H4,2024-05-22 00:00:00,2,6.75,2024-05-22 06:45:00,2413.77,35.0,32.7,4.75,,0.0,2.0,,,140.0,True,True,2413.77,0.0,SL,False,,,NO_ENTRY,True,2413.77,0.0,SL,True,2416.77,5.25,SL,True,2417.01,2.0,SL,False,,,NO_ENTRY,46.2,23.3,,,46.2,23.3,24.4,121.4,13.8,65.1,,
1150,2410.5,BUY,WICK_H4,H4,2024-05-22 12:00:00,1,2.75,2024-05-22 14:45:00,2407.0,35.0,23.7,0.0,0.5,0.0,0.25,0.5,,136.37,True,True,2407.0,0.0,SL,True,2410.5,0.5,SL,True,2407.0,0.0,SL,False,,,NO_ENTRY,False,,,NO_ENTRY,True,2410.5,0.75,SL,79.6,249.5,44.6,284.5,79.6,249.5,,,,,44.6,284.5
1152,2404.63,BUY,WICK_H4,H4,2024-05-22 16:00:00,1,1.25,2024-05-22 17:15:00,2401.13,35.0,190.8,0.25,,,,,,148.87,True,True,2401.13,0.0,SL,False,,,NO_ENTRY,False,,,NO_ENTRY,False,,,NO_ENTRY,False,,,NO_ENTRY,False,,,NO_ENTRY,-57.3,227.0,,,,,,,,,,
1153,2382.05,BUY,WICK_H4,H4,2024-05-22 20:00:00,1,1.5,2024-05-22 21:30:00,2378.55,35.0,37.5,0.25,,0.75,,,,152.14,True,True,2378.55,0.0,SL,False,,,NO_ENTRY,True,2378.55,0.75,SL,False,,,NO_ENTRY,False,,,NO_ENTRY,False,,,NO_ENTRY,40.6,37.5,,,50.9,18.6,,,,,,
1155,2374.8,BUY,WICK_H4,H4,2024-05-23 00:00:00,1,4.5,2024-05-23 04:30:00,2371.3,35.0,46.9,0.0,,0.0,0.5,,,146.07,True,True,2371.3,0.0,SL,False,,,NO_ENTRY,True,2371.3,0.0,SL,False,,,NO_ENTRY,False,,,NO_ENTRY,False,,,NO_ENTRY,42.3,68.0,,,42.3,68.0,,,,,,
1158,2366.61,BUY,WICK_H4,H4,2024-05-23 08:00:00,1,0.75,2024-05-23 08:45:00,2363.11,35.0,83.0,0.25,0.5,0.5,0.0,,,148.69,True,True,2363.11,0.0,SL,True,2366.61,0.5,SL,True,2363.11,0.5,SL,False,,,NO_ENTRY,False,,,NO_ENTRY,False,,,NO_ENTRY,45.1,83.0,9.0,116.6,44.0,81.6,,,,,,
1161,2358.62,BUY,WICK_H4,H4,2024-05-23 16:00:00,1,1.0,2024-05-23 17:00:00,2355.12,35.0,282.8,6.5,,,0.0,0.0,,156.66,True,True,2355.12,0.0,SL,False,,,NO_ENTRY,False,,,NO_ENTRY,False,,,NO_ENTRY,False,,,NO_ENTRY,False,,,NO_ENTRY,87.6,234.4,,,,,,,,,,
1186,2348.99,BUY,WICK_H4,H4,2024-05-28 08:00:00,1,1.25,2024-05-28 09:15:00,2345.49,35.0,53.5,2.0,,,,,,109.85,True,True,2345.49,0.0,SL,False,,,NO_ENTRY,False,,,NO_ENTRY,False,,,NO_ENTRY,False,,,NO_ENTRY,False,,,NO_ENTRY,19.3,53.5,,,,,,,,,,
1196,2354.33,BUY,WICK_H4,H4,2024-05-29 08:00:00,1,2.75,2024-05-29 10:45:00,2350.83,35.0,165.4,5.0,,0.25,,,,110.18,True,True,2350.83,0.0,SL,False,,,NO_ENTRY,True,2350.83,0.25,SL,False,,,NO_ENTRY,True,2346.35,3.0,SL,False,,,NO_ENTRY,20.1,125.4,,,9.0,125.4,,,7.9,120.6,,
1204,2333.88,BUY,WICK_H4,H4,2024-05-30 04:00:00,1,1.5,2024-05-30 05:30:00,2330.38,35.0,24.7,0.0,1.0,0.25,0.0,1.5,,106.43,True,True,2330.38,0.0,SL,True,2333.88,1.0,SL,True,2330.38,0.25,SL,False,,,NO_ENTRY,False,,,NO_ENTRY,True,2333.88,1.5,SL,66.0,78.5,37.1,113.5,66.0,78.5,,,,,37.1,113.5
1206,2327.91,BUY,WICK_H4,H4,2024-05-30 08:00:00,1,0.75,2024-05-30 08:45:00,2324.41,35.0,18.8,0.0,0.5,0.0,0.0,0.75,1.25,109.59,True,True,2324.41,0.0,TP,True,2327.91,0.5,SL,True,2324.41,0.0,TP,False,,,NO_ENTRY,False,,,NO_ENTRY,True,2327.91,0.75,TP,135.0,18.8,100.0,31.9,135.0,18.8,,,,,100.0,-1.7
1214,2341.91,BUY,WICK_H4,H4,2024-05-31 04:00:00,1,2.25,2024-05-31 06:15:00,2338.41,35.0,15.3,0.0,0.5,0.0,0.5,0.75,,107.08,True,True,2338.41,0.0,TP,True,2341.91,0.5,TP,True,2338.41,0.0,TP,False,,,NO_ENTRY,False,,,NO_ENTRY,True,2341.91,1.0,TP,85.4,15.3,50.4,21.2,85.4,15.3,,,,,50.4,23.4
1219,2340.87,BUY,WICK_H4,H4,2024-05-31 16:00:00,1,1.25,2024-05-31 17:15:00,2337.37,35.0,97.8,1.0,0.0,0.0,0.0,0.0,,123.62,True,True,2337.37,0.0,SL,True,2340.87,0.0,SL,True,2337.37,0.0,SL,False,,,NO_ENTRY,False,,,NO_ENTRY,False,,,NO_ENTRY,65.0,135.6,30.0,170.6,65.0,135.6,,,,,,
1221,2327.59,BUY,WICK_H4,H4,2024-05-31 20:00:00,1,0.5,2024-05-31 20:30:00,2324.09,35.0,36.5,1.75,2.25,0.0,0.25,3.0,,124.27,True,True,2324.09,0.0,SL,True,2327.59,2.25,SL,True,2324.09,0.0,SL,False,,,NO_ENTRY,False,,,NO_ENTRY,True,2327.59,2.5,SL,63.2,36.5,28.2,44.4,63.2,36.5,,,,,28.2,44.4
1223,2323.15,BUY,WICK_H4,H4,2024-06-03 04:00:00,1,4.5,2024-06-03 08:30:00,2319.65,35.0,50.2,1.0,1.5,0.25,0.0,1.5,,120.65,True,True,2319.65,0.0,SL,True,2323.15,1.5,TP,True,2319.65,0.25,SL,False,,,NO_ENTRY,True,2325.36,1.5,TP,True,2323.15,2.0,TP,90.5,50.2,100.2,10.3,90.5,50.2,,,78.1,32.4,100.2,1.2
1231,2342.94,BUY,WICK_H4,H4,2024-06-04 08:00:00,1,2.75,2024-06-04 10:45:00,2339.44,35.0,142.4,3.75,,0.0,0.0,,,120.81,True,True,2339.44,0.0,SL,False,,,NO_ENTRY,True,2339.44,0.0,SL,True,2335.02,5.25,SL,True,2335.0,5.0,SL,False,,,NO_ENTRY,34.7,142.4,,,34.7,142.4,28.4,195.0,28.6,194.8,,
1233,2325.2,BUY,WICK_H4,H4,2024-06-04 16:00:00,1,1.0,2024-06-04 17:00:00,2321.7,35.0,61.8,0.25,1.0,1.0,0.0,0.0,,127.18,True,True,2321.7,0.0,TP,True,2325.2,1.0,SL,True,2321.7,1.0,SL,False,,,NO_ENTRY,False,,,NO_ENTRY,True,2325.2,1.5,SL,105.0,61.8,49.5,78.8,84.5,43.8,,,,,49.5,27.8
1247,2359.72,BUY,WICK_H4,H4,2024-06-06 12:00:00,4,3.75,2024-06-06 15:45:00,2356.22,35.0,11.4,0.0,,0.0,0.0,,,119.88,True,True,2356.22,0.0,SL,False,,,NO_ENTRY,True,2356.22,0.0,SL,False,,,NO_ENTRY,False,,,NO_ENTRY,False,,,NO_ENTRY,221.6,29.3,,,221.6,29.3,,,,,,
1253,2369.26,BUY,WICK_H4,H4,2024-06-07 08:00:00,1,3.25,2024-06-07 11:15:00,2365.76,35.0,232.1,0.25,,,,,,146.73,True,True,2365.76,0.0,SL,False,,,NO_ENTRY,False,,,NO_ENTRY,False,,,NO_ENTRY,False,,,NO_ENTRY,False,,,NO_ENTRY,-81.8,355.9,,,,,,,,,,
1254,2342.55,BUY,WICK_H4,H4,2024-06-07 12:00:00,1,0.25,2024-06-07 12:15:00,2339.05,35.0,258.7,3.25,,0.25,0.0,,,161.02,True,True,2339.05,0.0,SL,False,,,NO_ENTRY,True,2339.05,0.25,SL,False,,,NO_ENTRY,False,,,NO_ENTRY,False,,,NO_ENTRY,53.1,258.7,,,25.4,258.7,,,,,,
1255,2313.18,BUY,WICK_H4,H4,2024-06-07 16:00:00,1,1.0,2024-06-07 17:00:00,2309.68,35.0,67.7,2.0,0.25,0.0,0.0,0.25,,167.38,True,True,2309.68,0.0,TP,True,2313.18,0.25,SL,True,2309.68,0.0,TP,False,,,NO_ENTRY,False,,,NO_ENTRY,False,,,NO_ENTRY,112.4,67.7,77.4,102.7,112.4,67.7,,,,,,
1257,2302.91,BUY,WICK_H4,H4,2024-06-07 20:00:00,1,2.0,2024-06-07 22:00:00,2299.41,35.0,128.1,1.0,,,,,,173.76,True,True,2299.41,0.0,SL,False,,,NO_ENTRY,False,,,NO_ENTRY,False,,,NO_ENTRY,False,,,NO_ENTRY,False,,,NO_ENTRY,19.8,128.1,,,,,,,,,,
1262,2292.61,BUY,WICK_H4,H4,2024-06-10 08:00:00,2,1.5,2024-06-10 09:30:00,2289.11,35.0,14.8,0.25,0.75,0.25,0.0,1.25,,158.65,True,True,2289.11,0.0,TP,True,2292.61,0.75,TP,True,2289.11,0.25,TP,False,,,NO_ENTRY,False,,,NO_ENTRY,True,2292.61,2.25,TP,82.9,14.8,84.7,11.6,95.9,14.8,,,,,159.4,9.1
1268,2308.65,BUY,WICK_H4,H4,2024-06-11 04:00:00,1,0.75,2024-06-11 04:45:00,2305.15,35.0,64.9,0.5,,,,,,140.19,True,True,2305.15,0.0,SL,False,,,NO_ENTRY,False,,,NO_ENTRY,False,,,NO_ENTRY,False,,,NO_ENTRY,False,,,NO_ENTRY,17.1,75.8,,,,,,,,,,
1282,2319.93,BUY,WICK_H4,H4,2024-06-12 20:00:00,2,2.5,2024-06-12 22:30:00,2316.43,35.0,7.0,0.0,0.25,0.0,0.25,0.75,,144.32,True,True,2316.43,0.0,SL,True,2319.93,0.25,SL,True,2316.43,0.0,SL,False,,,NO_ENTRY,False,,,NO_ENTRY,True,2319.93,0.5,SL,89.4,7.0,54.4,24.9,89.4,7.0,,,,,54.4,63.1
1285,2317.54,BUY,WICK_H4,H4,2024-06-13 04:00:00,1,0.25,2024-06-13 04:15:00,2314.04,35.0,60.1,0.25,,0.75,,,,139.2,True,True,2314.04,0.0,SL,False,,,NO_ENTRY,True,2314.04,0.75,SL,False,,,NO_ENTRY,False,,,NO_ENTRY,False,,,NO_ENTRY,21.9,60.1,,,21.9,52.2,,,,,,
1288,2308.82,BUY,WICK_H4,H4,2024-06-13 12:00:00,1,2.75,2024-06-13 14:45:00,2305.32,35.0,14.8,0.0,0.75,0.0,0.25,0.75,0.75,142.67,True,True,2305.32,0.0,TP,True,2308.82,0.75,SL,True,2305.32,0.0,TP,False,,,NO_ENTRY,True,2323.17,1.0,SL,False,,,NO_ENTRY,212.1,76.9,177.1,134.2,212.1,76.9,,,14.4,277.7,,
1290,2303.84,BUY,WICK_H4,H4,2024-06-13 16:00:00,1,3.0,2024-06-13 19:00:00,2300.34,35.0,49.4,0.25,,,,,,153.34,True,True,2300.34,0.0,SL,False,,,NO_ENTRY,False,,,NO_ENTRY,False,,,NO_ENTRY,False,,,NO_ENTRY,False,,,NO_ENTRY,44.8,49.4,,,,,,,,,,
1302,2321.37,BUY,WICK_H4,H4,2024-06-17 08:00:00,1,0.75,2024-06-17 08:45:00,2317.87,35.0,24.9,0.75,,0.0,0.0,,,122.68,True,True,2317.87,0.0,SL,False,,,NO_ENTRY,True,2317.87,0.0,SL,False,,,NO_ENTRY,True,2320.72,2.5,SL,False,,,NO_ENTRY,46.6,24.9,,,46.6,24.9,,,18.1,34.2,,
1304,2316.72,BUY,WICK_H4,H4,2024-06-17 16:00:00,1,2.75,2024-06-17 18:45:00,2313.22,35.0,33.6,0.0,1.0,0.25,0.75,,,122.21,True,True,2313.22,0.0,SL,True,2316.72,1.0,SL,True,2313.22,0.25,TP,False,,,NO_ENTRY,False,,,NO_ENTRY,False,,,NO_ENTRY,72.1,33.6,37.8,35.4,72.8,8.3,,,,,,
1310,2319.13,BUY,WICK_H4,H4,2024-06-18 08:00:00,1,2.75,2024-06-18 10:45:00,2315.63,35.0,91.8,3.0,4.75,4.75,4.75,4.75,,113.0,True,True,2315.63,0.0,SL,True,2319.13,4.75,SL,True,2315.63,4.75,SL,True,2313.81,5.25,TP,True,2313.28,4.0,TP,False,,,NO_ENTRY,15.2,91.8,105.3,72.0,140.3,37.0,172.2,2.8,163.8,22.1,,
1332,2355.04,BUY,WICK_H4,H4,2024-06-21 12:00:00,1,4.5,2024-06-21 16:30:00,2351.54,35.0,349.6,4.25,,,0.0,,,123.92,True,True,2351.54,0.0,SL,False,,,NO_ENTRY,False,,,NO_ENTRY,False,,,NO_ENTRY,False,,,NO_ENTRY,False,,,NO_ENTRY,43.6,341.8,,,,,,,,,,
1344,2328.15,BUY,WICK_H4,H4,2024-06-25 04:00:00,1,0.5,2024-06-25 04:30:00,2324.65,35.0,20.7,2.5,,0.0,0.0,,,100.67,True,True,2324.65,0.0,TP,False,,,NO_ENTRY,True,2324.65,0.0,TP,False,,,NO_ENTRY,False,,,NO_ENTRY,False,,,NO_ENTRY,53.8,20.7,,,53.8,20.7,,,,,,
1346,2322.83,BUY,WICK_H4,H4,2024-06-25 12:00:00,1,5.0,2024-06-25 17:00:00,2319.33,35.0,39.9,2.75,0.0,0.0,0.0,0.0,,103.14,True,True,2319.33,0.0,SL,True,2322.83,0.0,SL,True,2319.33,0.0,SL,False,,,NO_ENTRY,False,,,NO_ENTRY,True,2322.83,0.25,SL,88.7,39.9,53.7,74.9,88.7,39.9,,,,,53.7,74.9
1349,2315.34,BUY,WICK_H4,H4,2024-06-25 20:00:00,1,8.75,2024-06-26 04:45:00,2311.84,35.0,14.0,0.0,0.5,0.0,0.0,0.5,0.75,96.92,True,True,2311.84,0.0,SL,True,2315.34,0.5,SL,True,2311.84,0.0,SL,False,,,NO_ENTRY,True,2321.28,0.5,SL,True,2315.34,2.75,SL,97.5,14.0,62.5,58.2,97.5,14.0,,,3.1,117.6,27.5,58.2
1353,2309.52,BUY,WICK_H4,H4,2024-06-26 12:00:00,1,2.0,2024-06-26 14:00:00,2306.02,35.0,17.2,0.25,0.5,0.0,0.0,0.5,1.0,99.26,True,True,2306.02,0.0,TP,True,2309.52,0.5,SL,True,2306.02,0.0,TP,False,,,NO_ENTRY,False,,,NO_ENTRY,False,,,NO_ENTRY,117.3,125.4,82.3,160.4,117.3,125.4,,,,,,
1355,2304.3,BUY,WICK_H4,H4,2024-06-26 16:00:00,1,0.25,2024-06-26 16:15:00,2300.8,35.0,73.2,0.5,,1.75,0.0,,,105.05,True,True,2300.8,0.0,SL,False,,,NO_ENTRY,True,2300.8,1.75,SL,False,,,NO_ENTRY,True,2301.48,1.75,SL,False,,,NO_ENTRY,34.6,73.2,,,32.1,50.1,,,25.3,56.9,,
1382,2323.2,BUY,WICK_H4,H4,2024-07-02 12:00:00,2,3.0,2024-07-02 15:00:00,2319.7,35.0,7.4,0.0,0.5,0.0,0.0,0.5,,96.9,True,True,2319.7,0.0,TP,True,2323.2,0.5,TP,True,2319.7,0.0,TP,False,,,NO_ENTRY,True,2327.37,0.75,SL,False,,,NO_ENTRY,170.0,7.4,135.0,23.6,170.0,7.4,,,93.3,65.3,,
1412,2384.41,BUY,WICK_H4,H4,2024-07-08 04:00:00,3,2.75,2024-07-08 06:45:00,2380.91,35.0,2.9,0.0,1.0,0.0,0.25,,,95.92,True,True,2380.91,0.0,SL,True,2384.41,1.0,SL,True,2380.91,0.0,SL,False,,,NO_ENTRY,False,,,NO_ENTRY,False,,,NO_ENTRY,57.2,43.7,22.2,126.1,57.2,43.7,,,,,,
1414,2380.62,BUY,WICK_H4,H4,2024-07-08 08:00:00,1,1.75,2024-07-08 09:45:00,2377.12,35.0,89.1,3.0,,0.25,0.0,,,99.66,True,True,2377.12,0.0,SL,False,,,NO_ENTRY,True,2377.12,0.25,SL,True,2372.65,6.25,SL,True,2374.02,4.0,SL,False,,,NO_ENTRY,38.8,89.1,,,38.8,89.1,67.7,217.2,54.0,38.8,,
1417,2368.21,BUY,WICK_H4,H4,2024-07-08 16:00:00,1,2.75,2024-07-08 18:45:00,2364.71,35.0,137.8,0.0,,,,,,112.35,True,True,2364.71,0.0,SL,False,,,NO_ENTRY,False,,,NO_ENTRY,False,,,NO_ENTRY,False,,,NO_ENTRY,False,,,NO_ENTRY,-8.8,137.8,,,,,,,,,,
1424,2355.97,BUY,WICK_H4,H4,2024-07-09 16:00:00,1,2.0,2024-07-09 18:00:00,2352.47,35.0,32.0,0.25,0.5,0.25,0.0,0.0,,110.36,True,True,2352.47,0.0,SL,True,2355.97,0.5,SL,True,2352.47,0.25,SL,False,,,NO_ENTRY,False,,,NO_ENTRY,True,2355.97,1.75,TP,130.4,32.0,95.4,34.9,130.4,32.0,,,,,95.4,-4.4
1433,2373.78,BUY,WICK_H4,H4,2024-07-10 20:00:00,1,1.25,2024-07-10 21:15:00,2370.28,35.0,5.2,0.0,6.5,0.0,0.5,7.25,10.0,100.15,True,True,2370.28,0.0,TP,True,2373.78,6.5,TP,True,2370.28,0.0,TP,True,2374.11,6.75,TP,True,2372.45,4.25,TP,True,2373.78,6.75,TP,27.3,5.2,85.8,9.7,27.3,5.2,87.5,12.1,47.7,11.0,90.8,8.8
1443,2406.49,BUY,WICK_H4,H4,2024-07-12 08:00:00,1,1.75,2024-07-12 09:45:00,2402.99,35.0,28.2,0.5,2.0,0.0,1.25,,,110.65,True,True,2402.99,0.0,SL,True,2406.49,2.0,SL,True,2402.99,0.0,SL,False,,,NO_ENTRY,True,2406.05,1.5,SL,False,,,NO_ENTRY,51.8,32.9,16.8,152.2,51.8,32.9,,,21.2,78.6,,
1444,2400.17,BUY,WICK_H4,H4,2024-07-12 12:00:00,3,3.75,2024-07-12 15:45:00,2396.67,35.0,45.6,0.0,,0.0,0.0,,,114.82,True,True,2396.67,0.0,SL,False,,,NO_ENTRY,True,2396.67,0.0,SL,False,,,NO_ENTRY,False,,,NO_ENTRY,False,,,NO_ENTRY,200.9,45.6,,,200.9,45.6,,,,,,
1450,2404.81,BUY,WICK_H4,H4,2024-07-15 08:00:00,1,2.0,2024-07-15 10:00:00,2401.31,35.0,1.0,0.0,0.5,0.0,0.5,0.75,,114.38,True,True,2401.31,0.0,TP,True,2404.81,0.5,TP,True,2401.31,0.0,TP,False,,,NO_ENTRY,False,,,NO_ENTRY,False,,,NO_ENTRY,174.3,1.0,153.7,18.0,174.3,1.0,,,,,,
1470,2466.55,BUY,WICK_H4,H4,2024-07-17 16:00:00,2,2.0,2024-07-17 18:00:00,2463.05,35.0,103.2,1.25,,0.25,,,,145.43,True,True,2463.05,0.0,SL,False,,,NO_ENTRY,True,2463.05,0.25,SL,False,,,NO_ENTRY,False,,,NO_ENTRY,False,,,NO_ENTRY,27.7,116.7,,,27.7,116.7,,,,,,
1479,2461.36,BUY,WICK_H4,H4,2024-07-18 16:00:00,1,0.5,2024-07-18 16:30:00,2457.86,35.0,176.5,6.0,0.25,0.0,0.0,0.25,,127.81,True,True,2457.86,0.0,TP,True,2461.36,0.25,SL,True,2457.86,0.0,TP,False,,,NO_ENTRY,False,,,NO_ENTRY,True,2461.36,0.75,SL,118.8,62.7,83.8,97.7,118.8,62.7,,,,,83.8,97.7
1481,2440.21,BUY,WICK_H4,H4,2024-07-19 00:00:00,1,3.25,2024-07-19 03:15:00,2436.71,35.0,107.5,0.0,,,,,,135.63,True,True,2436.71,0.0,SL,False,,,NO_ENTRY,False,,,NO_ENTRY,False,,,NO_ENTRY,False,,,NO_ENTRY,False,,,NO_ENTRY,-19.8,164.0,,,,,,,,,,
1482,2425.96,BUY,WICK_H4,H4,2024-07-19 04:00:00,1,0.25,2024-07-19 04:15:00,2422.46,35.0,21.5,0.0,0.5,0.25,0.0,2.5,,136.06,True,True,2422.46,0.0,SL,True,2425.96,0.5,SL,True,2422.46,0.25,SL,False,,,NO_ENTRY,False,,,NO_ENTRY,True,2425.96,0.75,SL,68.9,21.5,33.9,50.2,68.9,8.7,,,,,33.9,116.3
1483,2420.31,BUY,WICK_H4,H4,2024-07-19 08:00:00,1,1.25,2024-07-19 09:15:00,2416.81,35.0,40.6,1.25,2.0,0.0,0.25,,,135.77,True,True,2416.81,0.0,SL,True,2420.31,2.0,SL,True,2416.81,0.0,SL,False,,,NO_ENTRY,False,,,NO_ENTRY,False,,,NO_ENTRY,54.6,63.4,12.0,149.8,54.6,63.4,,,,,,
1484,2412.75,BUY,WICK_H4,H4,2024-07-19 12:00:00,1,2.75,2024-07-19 14:45:00,2409.25,35.0,78.2,1.0,,0.0,,,,140.03,True,True,2409.25,0.0,SL,False,,,NO_ENTRY,True,2409.25,0.0,SL,False,,,NO_ENTRY,False,,,NO_ENTRY,False,,,NO_ENTRY,34.9,155.5,,,34.9,155.5,,,,,,
1485,2401.43,BUY,WICK_H4,H4,2024-07-19 16:00:00,1,0.25,2024-07-19 16:15:00,2397.93,35.0,42.3,0.0,0.25,0.25,0.25,0.25,,140.45,True,True,2397.93,0.0,SL,True,2401.43,0.25,SL,True,2397.93,0.25,SL,False,,,NO_ENTRY,True,2407.05,1.75,SL,True,2401.43,0.5,SL,103.5,42.3,68.5,70.1,103.5,35.1,,,12.3,115.6,68.5,59.4
1491,2403.07,BUY,WICK_H4,H4,2024-07-22 08:00:00,1,1.25,2024-07-22 09:15:00,2399.57,35.0,7.7,0.0,0.25,0.0,0.0,,,126.5,True,True,2399.57,0.0,SL,True,2403.07,0.25,SL,True,2399.57,0.0,SL,False,,,NO_ENTRY,False,,,NO_ENTRY,False,,,NO_ENTRY,60.5,7.7,39.6,35.2,60.5,7.7,,,,,,
1493,2398.8,BUY,WICK_H4,H4,2024-07-22 12:00:00,1,3.0,2024-07-22 15:00:00,2395.3,35.0,66.2,0.5,,0.25,0.25,,,131.45,True,True,2395.3,0.0,SL,False,,,NO_ENTRY,True,2395.3,0.25,SL,False,,,NO_ENTRY,False,,,NO_ENTRY,False,,,NO_ENTRY,47.6,115.1,,,47.6,115.1,,,,,,
1495,2388.68,BUY,WICK_H4,H4,2024-07-22 16:00:00,1,1.5,2024-07-22 17:30:00,2385.18,35.0,13.9,0.0,0.0,0.0,0.0,2.0,,133.68,True,True,2385.18,0.0,TP,True,2388.68,0.0,SL,True,2385.18,0.0,TP,False,,,NO_ENTRY,True,2391.39,2.0,TP,False,,,NO_ENTRY,110.5,13.9,75.5,48.9,110.5,13.9,,,85.2,33.6,,
1499,2394.65,BUY,WICK_H4,H4,2024-07-23 04:00:00,1,4.75,2024-07-23 08:45:00,2391.15,35.0,30.0,0.75,1.75,0.0,1.5,2.0,2.75,126.45,True,True,2391.15,0.0,SL,True,2394.65,1.75,SL,True,2391.15,0.0,SL,False,,,NO_ENTRY,True,2395.36,1.75,TP,False,,,NO_ENTRY,168.1,30.0,172.6,29.6,168.1,30.0,,,165.5,36.7,,
1510,2413.49,BUY,WICK_H4,H4,2024-07-24 20:00:00,1,0.75,2024-07-24 20:45:00,2409.99,35.0,171.0,4.5,,,,,,124.34,True,True,2409.99,0.0,SL,False,,,NO_ENTRY,False,,,NO_ENTRY,True,2396.94,7.25,SL,True,2399.82,5.5,SL,False,,,NO_ENTRY,29.1,171.0,,,,,29.9,302.8,12.2,331.6,,
1512,2392.89,BUY,WICK_H4,H4,2024-07-25 04:00:00,1,0.5,2024-07-25 04:30:00,2389.39,35.0,227.3,1.75,,,,,,136.38,True,True,2389.39,0.0,SL,False,,,NO_ENTRY,False,,,NO_ENTRY,False,,,NO_ENTRY,False,,,NO_ENTRY,False,,,NO_ENTRY,-2.2,227.3,,,,,,,,,,
1517,2362.67,BUY,WICK_H4,H4,2024-07-25 16:00:00,1,1.25,2024-07-25 17:15:00,2359.17,35.0,17.7,2.0,0.0,0.0,0.0,0.0,,143.68,True,True,2359.17,0.0,SL,True,2362.67,0.0,SL,True,2359.17,0.0,SL,False,,,NO_ENTRY,False,,,NO_ENTRY,True,2362.67,1.0,SL,92.4,61.9,57.4,96.9,92.4,61.9,,,,,50.9,96.9
1519,2357.4,BUY,WICK_H4,H4,2024-07-25 20:00:00,1,0.5,2024-07-25 20:30:00,2353.9,35.0,8.3,0.25,0.75,0.0,0.5,1.75,,142.26,True,True,2353.9,0.0,TP,True,2357.4,0.75,TP,True,2353.9,0.0,TP,False,,,NO_ENTRY,True,2362.37,1.75,SL,True,2357.4,1.0,TP,113.7,8.3,78.7,24.0,113.7,8.3,,,29.0,50.9,78.7,13.8
1535,2385.33,BUY,WICK_H4,H4,2024-07-29 16:00:00,1,1.75,2024-07-29 17:45:00,2381.83,35.0,124.2,0.5,,,,,,140.58,True,True,2381.83,0.0,SL,False,,,NO_ENTRY,False,,,NO_ENTRY,False,,,NO_ENTRY,False,,,NO_ENTRY,False,,,NO_ENTRY,14.4,124.2,,,,,,,,,,
1540,2380.12,BUY,WICK_H4,H4,2024-07-30 04:00:00,1,0.5,2024-07-30 04:30:00,2376.62,35.0,2.9,0.0,1.0,0.0,0.0,1.25,,129.36,True,True,2376.62,0.0,TP,True,2380.12,1.0,TP,True,2376.62,0.0,TP,False,,,NO_ENTRY,True,2384.32,1.75,TP,False,,,NO_ENTRY,131.3,2.9,100.3,17.3,131.3,2.9,,,76.0,30.2,,
1556,2444.16,BUY,WICK_H4,H4,2024-08-01 04:00:00,1,1.75,2024-08-01 05:45:00,2440.66,35.0,34.6,0.0,1.5,0.0,0.0,,,129.01,True,True,2440.66,0.0,SL,True,2444.16,1.5,SL,True,2440.66,0.0,SL,False,,,NO_ENTRY,True,2445.68,1.5,SL,True,2444.16,1.75,SL,80.9,34.6,45.9,79.8,80.9,34.6,,,30.7,95.0,45.9,108.8
1558,2437.2,BUY,WICK_H4,H4,2024-08-01 08:00:00,1,3.5,2024-08-01 11:30:00,2433.7,35.0,36.3,1.25,2.75,0.0,0.0,3.25,4.0,130.97,True,True,2433.7,0.0,SL,True,2437.2,2.75,TP,True,2433.7,0.0,SL,True,2450.58,4.5,SL,True,2438.65,2.75,SL,False,,,NO_ENTRY,210.8,36.3,249.6,22.5,210.8,36.3,115.8,140.1,235.1,37.0,,
1563,2441.96,BUY,WICK_H4,H4,2024-08-01 20:00:00,1,0.25,2024-08-01 20:15:00,2438.46,35.0,36.3,1.0,2.0,0.5,2.0,3.5,,142.48,True,True,2438.46,0.0,SL,True,2441.96,2.0,TP,True,2438.46,0.5,SL,False,,,NO_ENTRY,True,2441.25,1.75,TP,True,2441.96,2.25,TP,89.7,36.3,74.0,20.1,89.7,36.3,,,61.8,31.4,102.4,2.9
1566,2443.55,BUY,WICK_H4,H4,2024-08-02 04:00:00,1,0.25,2024-08-02 04:15:00,2440.05,35.0,52.9,0.0,0.25,0.0,0.25,0.5,1.0,146.8,True,True,2440.05,0.0,SL,True,2443.55,0.25,SL,True,2440.05,0.0,SL,False,,,NO_ENTRY,True,2455.53,1.5,SL,False,,,NO_ENTRY,202.0,52.9,177.6,43.9,202.0,52.9,,,127.9,52.8,,
1571,2455.71,BUY,WICK_H4,H4,2024-08-02 16:00:00,2,1.75,2024-08-02 17:45:00,2452.21,35.0,415.8,0.5,,,,,,184.1,True,True,2452.21,0.0,SL,False,,,NO_ENTRY,False,,,NO_ENTRY,False,,,NO_ENTRY,False,,,NO_ENTRY,False,,,NO_ENTRY,-125.7,415.8,,,,,,,,,,
1579,2422.02,BUY,WICK_H4,H4,2024-08-05 12:00:00,2,1.5,2024-08-05 13:30:00,2418.52,35.0,543.7,2.0,,,,,,246.65,True,True,2418.52,0.0,SL,False,,,NO_ENTRY,False,,,NO_ENTRY,False,,,NO_ENTRY,False,,,NO_ENTRY,False,,,NO_ENTRY,44.1,543.7,,,,,,,,,,
1588,2405.73,BUY,WICK_H4,H4,2024-08-06 08:00:00,1,0.75,2024-08-06 08:45:00,2402.23,35.0,75.5,0.5,0.5,0.5,0.75,2.25,,228.81,True,True,2402.23,0.0,SL,True,2405.73,0.5,SL,True,2402.23,0.5,SL,False,,,NO_ENTRY,True,2408.49,1.75,SL,False,,,NO_ENTRY,131.4,75.5,104.6,110.5,139.6,75.5,,,77.0,42.2,,
1590,2394.68,BUY,WICK_H4,H4,2024-08-06 12:00:00,1,4.0,2024-08-06 16:00:00,2391.18,35.0,98.0,2.25,0.25,0.25,0.0,1.0,,229.03,True,True,2391.18,0.0,SL,True,2394.68,0.25,SL,True,2391.18,0.25,TP,False,,,NO_ENTRY,False,,,NO_ENTRY,True,2394.68,1.0,SL,118.7,98.0,83.7,133.0,118.7,98.0,,,,,83.7,133.0
1595,2386.35,BUY,WICK_H4,H4,2024-08-07 00:00:00,1,2.75,2024-08-07 02:45:00,2382.85,35.0,18.9,0.25,1.0,0.0,,,,210.97,True,True,2382.85,0.0,SL,True,2386.35,1.0,SL,True,2382.85,0.0,SL,False,,,NO_ENTRY,False,,,NO_ENTRY,False,,,NO_ENTRY,54.7,39.9,82.8,74.9,54.7,39.9,,,,,,
1602,2391.86,BUY,WICK_H4,H4,2024-08-07 20:00:00,1,1.0,2024-08-07 21:00:00,2388.36,35.0,82.6,4.0,,0.0,,,,189.77,True,True,2388.36,0.0,SL,False,,,NO_ENTRY,True,2388.36,0.0,SL,True,2385.42,7.0,TP,True,2386.45,6.25,TP,False,,,NO_ENTRY,32.5,82.6,,,32.5,82.6,108.3,5.4,95.3,26.6,,
1630,2468.35,BUY,WICK_H4,H4,2024-08-13 04:00:00,1,0.25,2024-08-13 04:15:00,2464.85,35.0,48.0,3.5,,0.5,,,,135.28,True,True,2464.85,0.0,SL,False,,,NO_ENTRY,True,2464.85,0.5,SL,False,,,NO_ENTRY,False,,,NO_ENTRY,False,,,NO_ENTRY,26.9,64.8,,,26.9,64.8,,,,,,
1640,2462.75,BUY,WICK_H4,H4,2024-08-14 04:00:00,1,1.5,2024-08-14 05:30:00,2459.25,35.0,41.1,0.0,,0.0,1.75,,,127.65,True,True,2459.25,0.0,SL,False,,,NO_ENTRY,True,2459.25,0.0,SL,False,,,NO_ENTRY,False,,,NO_ENTRY,False,,,NO_ENTRY,76.9,41.1,,,76.9,41.1,,,,,,
1646,2462.14,BUY,WICK_H4,H4,2024-08-14 16:00:00,1,0.5,2024-08-14 16:30:00,2458.64,35.0,206.9,3.0,,,,,,148.21,True,True,2458.64,0.0,SL,False,,,NO_ENTRY,False,,,NO_ENTRY,False,,,NO_ENTRY,False,,,NO_ENTRY,False,,,NO_ENTRY,22.7,206.9,,,,,,,,,,
1653,2450.19,BUY,WICK_H4,H4,2024-08-15 12:00:00,1,4.0,2024-08-15 16:00:00,2446.69,35.0,146.6,0.0,0.25,0.25,0.25,1.5,,151.77,True,True,2446.69,0.0,SL,True,2450.19,0.25,SL,True,2446.69,0.25,SL,False,,,NO_ENTRY,True,2452.19,1.25,TP,True,2450.19,1.5,TP,131.4,146.6,96.4,142.6,131.4,107.6,,,76.4,73.2,96.4,-1.2
1667,2500.12,BUY,WICK_H4,H4,2024-08-19 04:00:00,1,0.25,2024-08-19 04:15:00,2496.62,35.0,18.0,0.0,1.25,0.0,0.25,1.75,,148.39,True,True,2496.62,0.0,TP,True,2500.12,1.25,SL,True,2496.62,0.0,TP,False,,,NO_ENTRY,False,,,NO_ENTRY,True,2500.12,1.5,SL,91.0,18.0,56.0,29.2,91.0,18.0,,,,,56.0,14.4
1671,2498.98,BUY,WICK_H4,H4,2024-08-19 12:00:00,1,1.25,2024-08-19 13:15:00,2495.48,35.0,90.9,1.0,,0.0,,,,145.78,True,True,2495.48,0.0,SL,False,,,NO_ENTRY,True,2495.48,0.0,SL,False,,,NO_ENTRY,False,,,NO_ENTRY,False,,,NO_ENTRY,40.5,99.6,,,40.5,99.6,,,,,,
1688,2510.71,BUY,WICK_H4,H4,2024-08-21 08:00:00,1,3.75,2024-08-21 11:45:00,2507.21,35.0,28.6,1.25,2.75,0.0,2.75,,,135.83,True,True,2507.21,0.0,SL,True,2510.71,2.75,SL,True,2507.21,0.0,SL,True,2510.55,4.25,SL,False,,,NO_ENTRY,True,2510.71,3.0,SL,63.8,28.6,28.8,173.8,63.8,28.6,22.8,172.2,,,28.8,173.8
1691,2504.35,BUY,WICK_H4,H4,2024-08-21 16:00:00,1,0.75,2024-08-21 16:45:00,2500.85,35.0,75.2,0.25,0.25,0.0,0.25,1.5,,137.18,True,True,2500.85,0.0,SL,True,2504.35,0.25,SL,True,2500.85,0.0,SL,False,,,NO_ENTRY,True,2507.15,1.5,SL,True,2504.35,2.5,TP,103.6,75.2,115.0,110.2,103.6,75.2,,,118.8,40.9,146.8,2.7
1695,2499.18,BUY,WICK_H4,H4,2024-08-22 08:00:00,2,7.5,2024-08-22 15:30:00,2495.68,35.0,5.8,0.0,0.0,0.0,0.0,0.0,,129.03,True,True,2495.68,0.0,SL,True,2499.18,0.0,SL,True,2495.68,0.0,SL,False,,,NO_ENTRY,False,,,NO_ENTRY,True,2499.18,0.25,SL,83.5,249.6,48.5,284.6,83.5,249.6,,,,,39.7,284.6
1698,2495.1,BUY,WICK_H4,H4,2024-08-22 16:00:00,1,0.5,2024-08-22 16:30:00,2491.6,35.0,208.8,0.75,,,,,,141.73,True,True,2491.6,0.0,SL,False,,,NO_ENTRY,False,,,NO_ENTRY,False,,,NO_ENTRY,True,2484.47,3.0,SL,False,,,NO_ENTRY,12.8,208.8,,,,,,,14.3,60.4,,
1712,2520.79,BUY,WICK_H4,H4,2024-08-26 16:00:00,2,1.0,2024-08-26 17:00:00,2517.29,35.0,67.7,0.0,,0.5,2.75,,,118.76,True,True,2517.29,0.0,SL,False,,,NO_ENTRY,True,2517.29,0.5,SL,False,,,NO_ENTRY,True,2520.12,2.75,SL,False,,,NO_ENTRY,59.4,67.7,,,59.4,60.4,,,31.1,46.7,,
1716,2515.45,BUY,WICK_H4,H4,2024-08-27 00:00:00,1,4.0,2024-08-27 04:00:00,2511.95,35.0,62.7,2.75,,0.25,,,,109.28,True,True,2511.95,0.0,SL,False,,,NO_ENTRY,True,2511.95,0.25,SL,False,,,NO_ENTRY,False,,,NO_ENTRY,False,,,NO_ENTRY,20.5,62.7,,,14.4,62.7,,,,,,
1725,2503.28,BUY,WICK_H4,H4,2024-08-28 12:00:00,1,3.0,2024-08-28 15:00:00,2499.78,35.0,62.8,0.5,,0.75,,,,114.35,True,True,2499.78,0.0,SL,False,,,NO_ENTRY,True,2499.78,0.75,SL,False,,,NO_ENTRY,False,,,NO_ENTRY,False,,,NO_ENTRY,108.2,62.8,,,108.2,35.3,,,,,,
1734,2513.7,BUY,WICK_H4,H4,2024-08-29 12:00:00,1,3.75,2024-08-29 15:45:00,2510.2,35.0,67.5,0.0,,,,,,115.29,True,True,2510.2,0.0,SL,False,,,NO_ENTRY,False,,,NO_ENTRY,False,,,NO_ENTRY,False,,,NO_ENTRY,False,,,NO_ENTRY,164.1,67.5,,,,,,,,,,
1741,2514.88,BUY,WICK_H4,H4,2024-08-30 16:00:00,1,1.0,2024-08-30 17:00:00,2511.38,35.0,173.7,3.25,0.0,0.0,0.0,0.0,,121.53,True,True,2511.38,0.0,SL,True,2514.88,0.0,SL,True,2511.38,0.0,SL,True,2502.33,55.0,SL,False,,,NO_ENTRY,False,,,NO_ENTRY,69.5,173.7,34.5,208.7,69.5,173.7,26.0,92.5,,,,
1743,2494.01,BUY,WICK_H4,H4,2024-08-31 00:00:00,1,53.5,2024-09-02 05:30:00,2490.51,35.0,6.4,0.25,0.75,0.0,0.0,1.5,,116.94,True,True,2490.51,0.0,TP,True,2494.01,0.75,SL,True,2490.51,0.0,TP,False,,,NO_ENTRY,False,,,NO_ENTRY,True,2494.01,1.0,TP,107.5,6.4,72.5,25.3,107.5,6.4,,,,,72.5,2.7
1749,2497.56,BUY,WICK_H4,H4,2024-09-02 20:00:00,1,8.0,2024-09-03 04:00:00,2494.06,35.0,45.1,0.25,,1.0,3.25,,,98.76,True,True,2494.06,0.0,SL,False,,,NO_ENTRY,True,2494.06,1.0,TP,False,,,NO_ENTRY,False,,,NO_ENTRY,False,,,NO_ENTRY,28.2,45.1,,,28.2,17.7,,,,,,
1752,2492.61,BUY,WICK_H4,H4,2024-09-03 12:00:00,2,2.75,2024-09-03 14:45:00,2489.11,35.0,45.5,0.0,0.25,0.0,0.0,0.25,0.25,108.62,True,True,2489.11,0.0,SL,True,2492.61,0.25,SL,True,2489.11,0.0,SL,False,,,NO_ENTRY,False,,,NO_ENTRY,True,2492.61,0.5,SL,128.5,160.7,93.5,195.7,128.5,160.7,,,,,58.8,195.7
1753,2484.56,BUY,WICK_H4,H4,2024-09-03 16:00:00,1,0.75,2024-09-03 16:45:00,2481.06,35.0,80.2,0.5,2.0,0.75,0.0,2.0,,118.34,True,True,2481.06,0.0,SL,True,2484.56,2.0,TP,True,2481.06,0.75,SL,False,,,NO_ENTRY,False,,,NO_ENTRY,True,2484.56,2.75,TP,108.8,80.2,96.9,7.4,108.8,39.6,,,,,96.9,7.4
1769,2515.42,BUY,WICK_H4,H4,2024-09-06 12:00:00,1,3.5,2024-09-06 15:30:00,2511.92,35.0,46.0,0.0,0.0,0.0,0.0,0.0,0.0,112.31,True,True,2511.92,0.0,SL,True,2515.42,0.0,SL,True,2511.92,0.0,SL,False,,,NO_ENTRY,True,2524.67,0.0,SL,False,,,NO_ENTRY,171.2,268.7,136.2,303.7,171.2,268.7,,,43.7,396.2,,
1771,2507.32,BUY,WICK_H4,H4,2024-09-06 16:00:00,1,0.5,2024-09-06 16:30:00,2503.82,35.0,188.7,3.25,0.25,0.0,0.0,0.0,1.5,131.35,True,True,2503.82,0.0,SL,True,2507.32,0.25,SL,True,2503.82,0.0,SL,False,,,NO_ENTRY,False,,,NO_ENTRY,False,,,NO_ENTRY,145.4,188.7,110.4,223.7,145.4,188.7,,,,,,
1788,2514.84,BUY,WICK_H4,H4,2024-09-11 08:00:00,1,7.75,2024-09-11 15:45:00,2511.34,35.0,92.7,0.0,,,,,,108.83,True,True,2511.34,0.0,SL,False,,,NO_ENTRY,False,,,NO_ENTRY,False,,,NO_ENTRY,False,,,NO_ENTRY,False,,,NO_ENTRY,86.5,105.5,,,,,,,,,,
1811,2579.36,BUY,WICK_H4,H4,2024-09-16 12:00:00,1,1.75,2024-09-16 13:45:00,2575.86,35.0,8.2,0.0,0.0,0.0,0.0,0.5,,109.17,True,True,2575.86,0.0,TP,True,2579.36,0.0,SL,True,2575.86,0.0,TP,False,,,NO_ENTRY,True,2583.32,2.0,SL,True,2579.36,0.5,SL,133.5,8.2,98.5,43.2,133.5,8.2,,,58.9,73.4,98.5,33.8
1815,2579.52,BUY,WICK_H4,H4,2024-09-17 00:00:00,2,7.5,2024-09-17 07:30:00,2576.02,35.0,12.4,0.0,,0.0,0.0,,,102.46,True,True,2576.02,0.0,TP,False,,,NO_ENTRY,True,2576.02,0.0,TP,False,,,NO_ENTRY,False,,,NO_ENTRY,False,,,NO_ENTRY,108.1,15.9,,,108.1,15.9,,,,,,
1820,2574.43,BUY,WICK_H4,H4,2024-09-17 12:00:00,1,1.5,2024-09-17 13:30:00,2570.93,35.0,27.4,2.0,0.75,0.0,0.5,1.0,1.25,106.13,True,True,2570.93,0.0,TP,True,2574.43,0.75,SL,True,2570.93,0.0,TP,False,,,NO_ENTRY,False,,,NO_ENTRY,False,,,NO_ENTRY,112.0,27.4,77.0,74.0,112.0,27.4,,,,,,
1822,2568.19,BUY,WICK_H4,H4,2024-09-17 16:00:00,1,2.5,2024-09-17 18:30:00,2564.69,35.0,34.2,1.25,,0.0,0.0,,,113.45,True,True,2564.69,0.0,SL,False,,,NO_ENTRY,True,2564.69,0.0,SL,False,,,NO_ENTRY,False,,,NO_ENTRY,False,,,NO_ENTRY,68.1,40.6,,,68.1,40.6,,,,,,
1834,2567.89,BUY,WICK_H4,H4,2024-09-18 20:00:00,2,2.25,2024-09-18 22:15:00,2564.39,35.0,177.3,0.5,,0.0,,,,136.36,True,True,2564.39,0.0,SL,False,,,NO_ENTRY,True,2564.39,0.0,SL,False,,,NO_ENTRY,False,,,NO_ENTRY,False,,,NO_ENTRY,20.6,177.3,,,20.6,177.3,,,,,,
1838,2555.28,BUY,WICK_H4,H4,2024-09-19 04:00:00,1,0.5,2024-09-19 04:30:00,2551.78,35.0,8.3,0.0,0.5,0.0,0.0,0.5,1.0,132.85,True,True,2551.78,0.0,TP,True,2555.28,0.5,TP,True,2551.78,0.0,TP,False,,,NO_ENTRY,True,2561.27,0.75,TP,False,,,NO_ENTRY,203.9,8.3,220.2,1.5,203.9,8.3,,,173.8,23.3,,
1866,2655.35,BUY,WICK_H4,H4,2024-09-25 08:00:00,1,2.0,2024-09-25 10:00:00,2651.85,35.0,8.3,0.0,0.75,0.0,0.0,1.0,,127.29,True,True,2651.85,0.0,TP,True,2655.35,0.75,SL,True,2651.85,0.0,TP,False,,,NO_ENTRY,False,,,NO_ENTRY,True,2655.35,1.0,SL,65.7,8.3,30.7,27.2,65.7,8.3,,,,,52.6,27.2
1876,2666.79,BUY,WICK_H4,H4,2024-09-26 16:00:00,1,0.25,2024-09-26 16:15:00,2663.29,35.0,86.3,0.5,0.0,0.0,0.0,2.0,,130.59,True,True,2663.29,0.0,SL,True,2666.79,0.0,SL,True,2663.29,0.0,SL,False,,,NO_ENTRY,True,2669.51,2.0,SL,True,2666.79,3.25,TP,97.2,86.3,62.2,121.3,97.2,86.3,,,82.2,67.0,109.4,2.3
1881,2666.12,BUY,WICK_H4,H4,2024-09-27 08:00:00,1,0.75,2024-09-27 08:45:00,2662.62,35.0,17.5,1.75,0.25,0.0,0.25,0.5,,117.86,True,True,2662.62,0.0,SL,True,2666.12,0.25,SL,True,2662.62,0.0,SL,False,,,NO_ENTRY,False,,,NO_ENTRY,True,2666.12,0.5,SL,67.5,43.9,32.5,78.9,67.5,43.9,,,,,32.5,78.9
1884,2658.23,BUY,WICK_H4,H4,2024-09-27 16:00:00,2,2.0,2024-09-27 18:00:00,2654.73,35.0,100.9,0.0,,,,,,131.01,True,True,2654.73,0.0,SL,False,,,NO_ENTRY,False,,,NO_ENTRY,False,,,NO_ENTRY,False,,,NO_ENTRY,False,,,NO_ENTRY,14.2,117.5,,,,,,,,,,
1892,2650.51,BUY,WICK_H4,H4,2024-09-30 12:00:00,1,1.25,2024-09-30 13:15:00,2647.01,35.0,126.9,0.75,,,,,,135.34,True,True,2647.01,0.0,SL,False,,,NO_ENTRY,False,,,NO_ENTRY,False,,,NO_ENTRY,False,,,NO_ENTRY,False,,,NO_ENTRY,17.7,184.0,,,,,,,,,,
1893,2634.32,BUY,WICK_H4,H4,2024-09-30 16:00:00,1,0.75,2024-09-30 16:45:00,2630.82,35.0,22.1,0.5,0.0,0.0,0.0,0.0,,135.21,True,True,2630.82,0.0,TP,True,2634.32,0.0,SL,True,2630.82,0.0,TP,False,,,NO_ENTRY,True,2636.74,2.5,SL,False,,,NO_ENTRY,109.0,22.1,74.0,57.1,109.0,22.1,,,49.8,121.7,,
1895,2628.61,BUY,WICK_H4,H4,2024-09-30 20:00:00,1,1.25,2024-09-30 21:15:00,2625.11,35.0,5.4,0.0,0.25,0.0,0.0,0.5,,137.8,True,True,2625.11,0.0,TP,True,2628.61,0.25,TP,True,2625.11,0.0,TP,False,,,NO_ENTRY,True,2633.68,2.25,TP,False,,,NO_ENTRY,106.6,5.4,75.0,23.4,106.6,5.4,,,50.4,16.9,,
1904,2657.45,BUY,WICK_H4,H4,2024-10-02 00:00:00,2,7.25,2024-10-02 07:15:00,2653.95,35.0,14.8,0.0,,0.0,,,,124.99,True,True,2653.95,0.0,SL,False,,,NO_ENTRY,True,2653.95,0.0,SL,False,,,NO_ENTRY,False,,,NO_ENTRY,False,,,NO_ENTRY,21.1,95.6,,,21.1,95.6,,,,,,
1906,2652.47,BUY,WICK_H4,H4,2024-10-02 08:00:00,1,0.5,2024-10-02 08:30:00,2648.97,35.0,45.8,0.25,1.5,1.0,1.5,2.25,,124.39,True,True,2648.97,0.0,SL,True,2652.47,1.5,SL,True,2648.97,1.0,SL,False,,,NO_ENTRY,False,,,NO_ENTRY,True,2652.47,2.0,SL,67.3,45.8,32.3,46.1,67.3,12.2,,,,,32.3,46.1
1915,2653.15,BUY,WICK_H4,H4,2024-10-03 08:00:00,2,2.25,2024-10-03 10:15:00,2649.65,35.0,80.6,1.0,,,0.0,,,123.13,True,True,2649.65,0.0,SL,False,,,NO_ENTRY,False,,,NO_ENTRY,False,,,NO_ENTRY,False,,,NO_ENTRY,False,,,NO_ENTRY,40.8,87.7,,,,,,,,,,
1921,2654.21,BUY,WICK_H4,H4,2024-10-04 04:00:00,1,11.75,2024-10-04 15:45:00,2650.71,35.0,187.9,0.0,,,,,,130.0,True,True,2650.71,0.0,SL,False,,,NO_ENTRY,False,,,NO_ENTRY,False,,,NO_ENTRY,False,,,NO_ENTRY,False,,,NO_ENTRY,193.5,187.9,,,,,,,,,,
1929,2647.64,BUY,WICK_H4,H4,2024-10-07 04:00:00,1,2.75,2024-10-07 06:45:00,2644.14,35.0,4.0,0.0,0.75,0.0,0.25,,,131.84,True,True,2644.14,0.0,SL,True,2647.64,0.75,SL,True,2644.14,0.0,SL,False,,,NO_ENTRY,False,,,NO_ENTRY,False,,,NO_ENTRY,85.4,45.6,86.4,80.6,85.4,45.6,,,,,,
1931,2643.7,BUY,WICK_H4,H4,2024-10-07 08:00:00,1,0.75,2024-10-07 08:45:00,2640.2,35.0,6.2,0.25,1.5,0.0,1.0,1.75,2.25,134.35,True,True,2640.2,0.0,TP,True,2643.7,1.5,TP,True,2640.2,0.0,TP,False,,,NO_ENTRY,True,2648.92,1.75,TP,False,,,NO_ENTRY,169.4,6.2,154.1,1.1,169.4,6.2,,,102.3,37.6,,
1938,2639.5,BUY,WICK_H4,H4,2024-10-08 00:00:00,2,5.5,2024-10-08 05:30:00,2636.0,35.0,23.9,0.25,0.5,0.5,0.5,0.75,,133.55,True,True,2636.0,0.0,TP,True,2639.5,0.5,SL,True,2636.0,0.5,TP,False,,,NO_ENTRY,False,,,NO_ENTRY,False,,,NO_ENTRY,103.3,23.9,68.3,84.5,103.3,49.5,,,,,,
1941,2633.61,BUY,WICK_H4,H4,2024-10-08 08:00:00,2,3.25,2024-10-08 11:15:00,2630.11,35.0,16.7,0.0,0.0,0.0,0.0,0.25,,136.79,True,True,2630.11,0.0,TP,True,2633.61,0.0,SL,True,2630.11,0.0,TP,False,,,NO_ENTRY,False,,,NO_ENTRY,False,,,NO_ENTRY,228.0,16.7,193.0,51.7,228.0,16.7,,,,,,
1945,2635.65,BUY,WICK_H4,H4,2024-10-08 16:00:00,1,1.25,2024-10-08 17:15:00,2632.15,35.0,275.2,1.25,,,,,,160.05,True,True,2632.15,0.0,SL,False,,,NO_ENTRY,False,,,NO_ENTRY,False,,,NO_ENTRY,False,,,NO_ENTRY,False,,,NO_ENTRY,37.5,275.2,,,,,,,,,,
1955,2614.54,BUY,WICK_H4,H4,2024-10-09 16:00:00,1,0.5,2024-10-09 16:30:00,2611.04,35.0,59.3,1.0,1.5,1.5,1.5,,,144.24,True,True,2611.04,0.0,SL,True,2614.54,1.5,SL,True,2611.04,1.5,SL,False,,,NO_ENTRY,False,,,NO_ENTRY,False,,,NO_ENTRY,67.6,59.3,32.6,94.9,67.6,59.9,,,,,,
1974,2654.56,BUY,WICK_H4,H4,2024-10-12 00:00:00,1,49.25,2024-10-14 01:15:00,2651.06,35.0,61.3,1.75,,,,,,128.11,True,True,2651.06,0.0,SL,False,,,NO_ENTRY,False,,,NO_ENTRY,False,,,NO_ENTRY,False,,,NO_ENTRY,False,,,NO_ENTRY,13.1,80.4,,,,,,,,,,
1978,2656.96,BUY,WICK_H4,H4,2024-10-14 12:00:00,3,2.75,2024-10-14 14:45:00,2653.46,35.0,43.0,1.0,,0.5,,,,129.43,True,True,2653.46,0.0,SL,False,,,NO_ENTRY,True,2653.46,0.5,SL,False,,,NO_ENTRY,False,,,NO_ENTRY,False,,,NO_ENTRY,76.4,96.3,,,76.4,96.3,,,,,,
1980,2649.16,BUY,WICK_H4,H4,2024-10-14 16:00:00,2,1.75,2024-10-14 17:45:00,2645.66,35.0,18.3,1.0,,0.25,0.0,,,132.52,True,True,2645.66,0.0,SL,False,,,NO_ENTRY,True,2645.66,0.25,SL,False,,,NO_ENTRY,False,,,NO_ENTRY,False,,,NO_ENTRY,51.7,18.3,,,53.6,18.3,,,,,,
1984,2645.98,BUY,WICK_H4,H4,2024-10-15 00:00:00,2,8.0,2024-10-15 08:00:00,2642.48,35.0,45.0,0.5,1.5,1.0,1.5,1.75,3.25,124.27,True,True,2642.48,0.0,SL,True,2645.98,1.5,TP,True,2642.48,1.0,TP,False,,,NO_ENTRY,True,2654.47,3.0,SL,False,,,NO_ENTRY,131.9,45.0,107.0,12.2,131.9,12.6,,,22.1,89.8,,
1997,2672.85,BUY,WICK_H4,H4,2024-10-16 16:00:00,2,2.0,2024-10-16 18:00:00,2669.35,35.0,27.4,1.0,0.25,0.0,0.25,0.25,,124.19,True,True,2669.35,0.0,SL,True,2672.85,0.25,SL,True,2669.35,0.0,SL,False,,,NO_ENTRY,False,,,NO_ENTRY,False,,,NO_ENTRY,71.9,27.4,36.9,62.4,71.9,27.4,,,,,,
2021,2727.62,BUY,WICK_H4,H4,2024-10-21 16:00:00,1,1.75,2024-10-21 17:45:00,2724.12,35.0,73.4,0.5,,0.0,0.0,,,120.47,True,True,2724.12,0.0,SL,False,,,NO_ENTRY,True,2724.12,0.0,SL,False,,,NO_ENTRY,False,,,NO_ENTRY,False,,,NO_ENTRY,33.5,89.1,,,33.5,89.1,,,,,,
2031,2743.44,BUY,WICK_H4,H4,2024-10-23 00:00:00,1,4.5,2024-10-23 04:30:00,2739.94,35.0,21.4,0.5,2.0,2.0,0.0,2.25,,106.42,True,True,2739.94,0.0,TP,True,2743.44,2.0,SL,True,2739.94,2.0,TP,False,,,NO_ENTRY,True,2743.71,2.0,TP,True,2743.44,2.25,TP,127.4,21.4,119.2,40.4,154.2,5.4,,,116.5,43.1,120.6,-1.9
2034,2748.0,BUY,WICK_H4,H4,2024-10-23 12:00:00,1,3.25,2024-10-23 15:15:00,2744.5,35.0,38.0,0.5,,,0.0,,,110.64,True,True,2744.5,0.0,SL,False,,,NO_ENTRY,False,,,NO_ENTRY,False,,,NO_ENTRY,False,,,NO_ENTRY,False,,,NO_ENTRY,42.7,358.8,,,,,,,,,,
2035,2740.7,BUY,WICK_H4,H4,2024-10-23 16:00:00,1,0.25,2024-10-23 16:15:00,2737.2,35.0,285.8,2.0,,0.0,0.25,,,128.01,True,True,2737.2,0.0,SL,False,,,NO_ENTRY,True,2737.2,0.0,SL,False,,,NO_ENTRY,False,,,NO_ENTRY,False,,,NO_ENTRY,34.3,285.8,,,34.3,285.8,,,,,,
2039,2734.42,BUY,WICK_H4,H4,2024-10-24 16:00:00,1,1.25,2024-10-24 17:15:00,2730.92,35.0,86.0,0.25,,0.5,0.75,,,121.22,True,True,2730.92,0.0,SL,False,,,NO_ENTRY,True,2730.92,0.5,SL,False,,,NO_ENTRY,False,,,NO_ENTRY,False,,,NO_ENTRY,67.1,86.0,,,67.1,52.3,,,,,,
2044,2723.81,BUY,WICK_H4,H4,2024-10-25 08:00:00,1,3.5,2024-10-25 11:30:00,2720.31,35.0,33.9,1.0,2.75,0.0,2.5,3.0,4.25,113.01,True,True,2720.31,0.0,SL,True,2723.81,2.75,TP,True,2720.31,0.0,SL,True,2731.48,4.5,SL,True,2722.15,2.25,TP,True,2723.81,3.25,TP,89.7,33.9,181.3,15.2,89.7,33.9,104.6,63.7,183.3,23.0,181.3,6.9
2068,2779.42,BUY,WICK_H4,H4,2024-10-30 12:00:00,1,2.25,2024-10-30 14:15:00,2775.92,35.0,51.4,1.25,0.25,0.0,0.0,0.25,,115.63,True,True,2775.92,0.0,TP,True,2779.42,0.25,SL,True,2775.92,0.0,TP,False,,,NO_ENTRY,True,2782.41,0.5,SL,True,2779.42,1.0,SL,114.6,51.4,79.6,86.4,114.6,51.4,,,49.7,116.3,100.9,86.4
2075,2781.97,BUY,WICK_H4,H4,2024-10-31 08:00:00,1,1.0,2024-10-31 09:00:00,2778.47,35.0,470.1,8.0,0.25,0.0,0.0,0.5,,107.49,True,True,2778.47,0.0,SL,True,2781.97,0.25,SL,True,2778.47,0.0,SL,False,,,NO_ENTRY,True,2779.97,3.5,SL,True,2781.97,0.5,SL,54.9,52.1,19.9,87.1,54.9,52.1,,,25.6,395.9,19.9,87.1
2084,2744.69,BUY,WICK_H4,H4,2024-11-01 16:00:00,1,0.75,2024-11-01 16:45:00,2741.19,35.0,81.5,4.5,0.0,0.0,0.0,0.25,,131.82,True,True,2741.19,0.0,SL,True,2744.69,0.0,SL,True,2741.19,0.0,SL,True,2736.23,55.25,SL,False,,,NO_ENTRY,False,,,NO_ENTRY,90.5,78.1,55.5,113.1,90.5,78.1,57.2,63.9,,,,
2090,2736.84,BUY,WICK_H4,H4,2024-11-04 08:00:00,2,2.75,2024-11-04 10:45:00,2733.34,35.0,15.5,0.0,0.5,0.25,0.0,0.5,,121.45,True,True,2733.34,0.0,TP,True,2736.84,0.5,SL,True,2733.34,0.25,TP,False,,,NO_ENTRY,True,2741.04,0.5,SL,False,,,NO_ENTRY,117.9,15.5,82.9,30.8,117.9,9.0,,,40.9,72.8,,
2092,2736.41,BUY,WICK_H4,H4,2024-11-04 16:00:00,1,2.75,2024-11-04 18:45:00,2732.91,35.0,12.5,0.25,0.5,0.0,0.5,,,123.24,True,True,2732.91,0.0,SL,True,2736.41,0.5,SL,True,2732.91,0.0,SL,False,,,NO_ENTRY,False,,,NO_ENTRY,False,,,NO_ENTRY,66.3,12.5,31.3,24.7,66.3,12.5,,,,,,
2093,2731.66,BUY,WICK_H4,H4,2024-11-04 20:00:00,1,8.75,2024-11-05 04:45:00,2728.16,35.0,35.8,0.0,0.75,0.0,0.75,0.75,,113.37,True,True,2728.16,0.0,SL,True,2731.66,0.75,TP,True,2728.16,0.0,SL,False,,,NO_ENTRY,False,,,NO_ENTRY,True,2731.66,3.0,TP,105.6,35.8,95.5,17.4,105.6,35.8,,,,,132.7,0.8
2101,2739.26,BUY,WICK_H4,H4,2024-11-06 00:00:00,1,3.0,2024-11-06 03:00:00,2735.76,35.0,32.7,0.0,0.25,0.0,0.25,0.25,0.5,118.05,True,True,2735.76,0.0,SL,True,2739.26,0.25,TP,True,2735.76,0.0,SL,False,,,NO_ENTRY,True,2747.59,0.5,SL,False,,,NO_ENTRY,138.0,54.4,103.0,89.4,138.0,54.4,,,19.7,172.7,,
2104,2730.32,BUY,WICK_H4,H4,2024-11-06 08:00:00,1,0.5,2024-11-06 08:30:00,2726.82,35.0,254.7,0.0,,1.75,0.75,,,140.64,True,True,2726.82,0.0,SL,False,,,NO_ENTRY,True,2726.82,1.75,SL,False,,,NO_ENTRY,False,,,NO_ENTRY,False,,,NO_ENTRY,68.3,254.7,,,68.3,307.8,,,,,,
2105,2701.35,BUY,WICK_H4,H4,2024-11-06 12:00:00,1,2.5,2024-11-06 14:30:00,2697.85,35.0,389.1,1.0,,0.0,0.0,,,179.29,True,True,2697.85,0.0,SL,False,,,NO_ENTRY,True,2697.85,0.0,SL,False,,,NO_ENTRY,False,,,NO_ENTRY,False,,,NO_ENTRY,52.5,456.2,,,52.5,456.2,,,,,,
2107,2658.94,BUY,WICK_H4,H4,2024-11-06 16:00:00,2,0.75,2024-11-06 16:45:00,2655.44,35.0,30.5,0.0,0.0,0.0,0.0,0.25,0.75,184.97,True,True,2655.44,0.0,SL,True,2658.94,0.0,SL,True,2655.44,0.0,SL,False,,,NO_ENTRY,True,2671.0,0.75,SL,False,,,NO_ENTRY,226.7,30.5,191.7,65.5,226.7,30.5,,,71.1,95.2,,
2109,2652.23,BUY,WICK_H4,H4,2024-11-06 20:00:00,1,7.5,2024-11-07 03:30:00,2648.73,35.0,28.3,0.0,,0.25,,,,181.52,True,True,2648.73,0.0,SL,False,,,NO_ENTRY,True,2648.73,0.25,TP,False,,,NO_ENTRY,False,,,NO_ENTRY,False,,,NO_ENTRY,123.9,28.3,,,123.9,5.8,,,,,,
2121,2693.16,BUY,WICK_H4,H4,2024-11-08 08:00:00,1,0.25,2024-11-08 08:15:00,2689.66,35.0,94.3,1.0,,2.75,,,,170.27,True,True,2689.66,0.0,SL,False,,,NO_ENTRY,True,2689.66,2.75,SL,False,,,NO_ENTRY,False,,,NO_ENTRY,False,,,NO_ENTRY,21.2,94.3,,,52.2,77.8,,,,,,
2127,2682.64,BUY,WICK_H4,H4,2024-11-09 00:00:00,3,51.25,2024-11-11 03:15:00,2679.14,35.0,127.1,1.25,,,,,,164.77,True,True,2679.14,0.0,SL,False,,,NO_ENTRY,False,,,NO_ENTRY,False,,,NO_ENTRY,True,2672.02,3.5,SL,False,,,NO_ENTRY,-8.6,127.1,,,,,,,21.3,51.8,,
2131,2663.72,BUY,WICK_H4,H4,2024-11-11 12:00:00,1,1.0,2024-11-11 13:00:00,2660.22,35.0,497.3,7.25,0.25,0.0,0.25,,,173.41,True,True,2660.22,0.0,SL,True,2663.72,0.25,SL,True,2660.22,0.0,SL,True,2619.27,11.0,SL,True,2618.06,7.5,SL,False,,,NO_ENTRY,66.8,426.4,31.8,461.4,66.8,426.4,77.8,4.1,80.0,70.4,,
2134,2610.49,BUY,WICK_H4,H4,2024-11-12 00:00:00,1,7.75,2024-11-12 07:45:00,2606.99,35.0,162.6,3.25,,0.25,0.0,,,172.1,True,True,2606.99,0.0,SL,False,,,NO_ENTRY,True,2606.99,0.25,SL,False,,,NO_ENTRY,False,,,NO_ENTRY,False,,,NO_ENTRY,55.0,162.6,,,30.0,162.6,,,,,,
2150,2605.75,BUY,WICK_H4,H4,2024-11-13 16:00:00,1,1.0,2024-11-13 17:00:00,2602.25,35.0,247.7,2.25,,0.75,,,,177.59,True,True,2602.25,0.0,SL,False,,,NO_ENTRY,True,2602.25,0.75,SL,False,,,NO_ENTRY,False,,,NO_ENTRY,False,,,NO_ENTRY,44.1,247.7,,,44.1,247.7,,,,,,
2152,2577.48,BUY,WICK_H4,H4,2024-11-13 20:00:00,1,2.5,2024-11-13 22:30:00,2573.98,35.0,187.7,9.0,2.75,0.0,2.75,,,174.06,True,True,2573.98,0.0,SL,True,2577.48,2.75,SL,True,2573.98,0.0,SL,False,,,NO_ENTRY,True,2580.86,2.75,SL,False,,,NO_ENTRY,72.7,92.3,37.7,186.9,72.7,92.3,,,3.9,220.7,,
2156,2555.21,BUY,WICK_H4,H4,2024-11-14 08:00:00,1,1.0,2024-11-14 09:00:00,2551.71,35.0,150.5,2.75,0.5,0.25,0.0,,,175.08,True,True,2551.71,0.0,SL,True,2555.21,0.5,SL,True,2551.71,0.25,SL,False,,,NO_ENTRY,False,,,NO_ENTRY,True,2555.21,1.25,SL,80.0,150.5,45.0,185.5,80.0,150.5,,,,,34.8,185.5
2165,2562.99,BUY,WICK_H4,H4,2024-11-15 04:00:00,1,4.0,2024-11-15 08:00:00,2559.49,35.0,51.3,0.25,1.5,0.5,1.25,2.5,,165.63,True,True,2559.49,0.0,SL,True,2562.99,1.5,TP,True,2559.49,0.5,TP,False,,,NO_ENTRY,False,,,NO_ENTRY,False,,,NO_ENTRY,93.9,51.3,98.5,22.4,104.9,17.5,,,,,,
2194,2634.83,BUY,WICK_H4,H4,2024-11-20 08:00:00,1,0.25,2024-11-20 08:15:00,2631.33,35.0,126.1,1.75,,,,,,136.27,True,True,2631.33,0.0,SL,False,,,NO_ENTRY,False,,,NO_ENTRY,False,,,NO_ENTRY,False,,,NO_ENTRY,False,,,NO_ENTRY,8.0,126.1,,,,,,,,,,
2213,2689.22,BUY,WICK_H4,H4,2024-11-22 16:00:00,1,0.5,2024-11-22 16:30:00,2685.72,35.0,13.7,0.0,0.0,0.0,0.0,0.0,1.0,146.89,True,True,2685.72,0.0,TP,True,2689.22,0.0,SL,True,2685.72,0.0,TP,False,,,NO_ENTRY,True,2704.87,1.0,SL,True,2689.22,0.25,TP,255.6,13.7,220.6,48.7,255.6,13.7,,,64.2,72.6,220.6,-1.2
2215,2704.94,BUY,WICK_H4,H4,2024-11-23 00:00:00,2,51.25,2024-11-25 03:15:00,2701.44,35.0,66.9,0.25,,0.0,,,,156.22,True,True,2701.44,0.0,SL,False,,,NO_ENTRY,True,2701.44,0.0,SL,False,,,NO_ENTRY,False,,,NO_ENTRY,False,,,NO_ENTRY,38.7,424.1,,,38.7,424.1,,,,,,
2217,2689.63,BUY,WICK_H4,H4,2024-11-25 04:00:00,1,1.5,2024-11-25 05:30:00,2686.13,35.0,280.6,2.25,,,,,,178.08,True,True,2686.13,0.0,SL,False,,,NO_ENTRY,False,,,NO_ENTRY,False,,,NO_ENTRY,False,,,NO_ENTRY,False,,,NO_ENTRY,-98.8,280.6,,,,,,,,,,
2222,2668.71,BUY,WICK_H4,H4,2024-11-25 16:00:00,1,0.25,2024-11-25 16:15:00,2665.21,35.0,407.4,3.25,,,,,,202.8,True,True,2665.21,0.0,SL,False,,,NO_ENTRY,False,,,NO_ENTRY,False,,,NO_ENTRY,False,,,NO_ENTRY,False,,,NO_ENTRY,-46.5,497.4,,,,,,,,,,
2223,2624.47,BUY,WICK_H4,H4,2024-11-25 20:00:00,1,0.25,2024-11-25 20:15:00,2620.97,35.0,55.0,0.0,1.25,1.0,1.25,,,197.7,True,True,2620.97,0.0,SL,True,2624.47,1.25,SL,True,2620.97,1.0,SL,False,,,NO_ENTRY,False,,,NO_ENTRY,False,,,NO_ENTRY,76.4,55.0,41.4,193.5,76.4,158.5,,,,,,
2224,2615.47,BUY,WICK_H4,H4,2024-11-26 00:00:00,1,1.75,2024-11-26 01:45:00,2611.97,35.0,68.5,0.0,0.5,0.5,0.5,0.5,,202.81,True,True,2611.97,0.0,SL,True,2615.47,0.5,SL,True,2611.97,0.5,SL,False,,,NO_ENTRY,True,2629.74,1.75,SL,False,,,NO_ENTRY,200.7,68.5,165.7,65.8,200.7,30.8,,,23.0,119.6,,
2228,2617.78,BUY,WICK_H4,H4,2024-11-26 08:00:00,1,1.5,2024-11-26 09:30:00,2614.28,35.0,35.5,0.25,1.5,0.5,1.5,2.0,,195.51,True,True,2614.28,0.0,SL,True,2617.78,1.5,SL,True,2614.28,0.5,TP,False,,,NO_ENTRY,True,2620.63,1.5,TP,False,,,NO_ENTRY,187.3,35.5,240.2,50.4,191.2,19.4,,,211.7,78.9,,
2231,2623.91,BUY,WICK_H4,H4,2024-11-26 16:00:00,1,0.75,2024-11-26 16:45:00,2620.41,35.0,4.3,0.0,0.5,0.0,0.25,0.75,,192.67,True,True,2620.41,0.0,TP,True,2623.91,0.5,SL,True,2620.41,0.0,TP,False,,,NO_ENTRY,False,,,NO_ENTRY,False,,,NO_ENTRY,122.3,9.6,87.3,44.6,122.3,9.6,,,,,,
2241,2642.95,BUY,WICK_H4,H4,2024-11-27 16:00:00,1,1.25,2024-11-27 17:15:00,2639.45,35.0,42.4,1.75,1.25,0.0,0.0,,,177.05,True,True,2639.45,0.0,SL,True,2642.95,1.25,SL,True,2639.45,0.0,SL,False,,,NO_ENTRY,False,,,NO_ENTRY,False,,,NO_ENTRY,56.6,42.4,7.3,91.6,56.6,42.4,,,,,,
2244,2633.79,BUY,WICK_H4,H4,2024-11-28 00:00:00,1,3.25,2024-11-28 03:15:00,2630.29,35.0,94.3,0.25,,,,,,169.7,True,True,2630.29,0.0,SL,False,,,NO_ENTRY,False,,,NO_ENTRY,False,,,NO_ENTRY,False,,,NO_ENTRY,False,,,NO_ENTRY,36.6,94.3,,,,,,,,,,
2251,2642.66,BUY,WICK_H4,H4,2024-11-28 16:00:00,1,1.25,2024-11-28 17:15:00,2639.16,35.0,29.3,0.25,,0.75,,,,153.83,True,True,2639.16,0.0,SL,False,,,NO_ENTRY,True,2639.16,0.75,SL,False,,,NO_ENTRY,False,,,NO_ENTRY,False,,,NO_ENTRY,32.0,29.3,,,31.3,21.2,,,,,,
2259,2656.07,BUY,WICK_H4,H4,2024-11-29 16:00:00,1,0.75,2024-11-29 16:45:00,2652.57,35.0,21.0,0.25,1.0,0.0,0.0,1.25,,141.17,True,True,2652.57,0.0,SL,True,2656.07,1.0,SL,True,2652.57,0.0,SL,False,,,NO_ENTRY,False,,,NO_ENTRY,False,,,NO_ENTRY,96.0,21.0,61.0,83.8,96.0,21.0,,,,,,
2261,2650.47,BUY,WICK_H4,H4,2024-11-29 20:00:00,1,53.25,2024-12-02 01:15:00,2646.97,35.0,242.1,2.0,,,,,,151.12,True,True,2646.97,0.0,SL,False,,,NO_ENTRY,False,,,NO_ENTRY,False,,,NO_ENTRY,False,,,NO_ENTRY,False,,,NO_ENTRY,32.0,242.1,,,,,,,,,,
2267,2637.23,BUY,WICK_H4,H4,2024-12-02 20:00:00,1,0.25,2024-12-02 20:15:00,2633.73,35.0,2.9,0.0,0.75,0.0,0.5,2.0,,148.12,True,True,2633.73,0.0,TP,True,2637.23,0.75,SL,True,2633.73,0.0,TP,False,,,NO_ENTRY,True,2642.14,2.0,SL,True,2637.23,1.5,SL,103.3,2.9,68.3,20.7,103.3,2.9,,,30.2,67.8,69.9,20.7
2283,2636.53,BUY,WICK_H4,H4,2024-12-04 12:00:00,1,3.0,2024-12-04 15:00:00,2633.03,35.0,7.1,0.0,0.25,0.0,0.0,0.25,0.5,135.62,True,True,2633.03,0.0,TP,True,2636.53,0.25,TP,True,2633.03,0.0,TP,False,,,NO_ENTRY,True,2648.38,0.75,SL,False,,,NO_ENTRY,240.7,7.1,205.7,23.8,240.7,7.1,,,87.2,51.5,,
2292,2641.8,BUY,WICK_H4,H4,2024-12-05 12:00:00,1,5.0,2024-12-05 17:00:00,2638.3,35.0,146.6,2.5,,0.75,0.75,,,132.69,True,True,2638.3,0.0,SL,False,,,NO_ENTRY,True,2638.3,0.75,SL,False,,,NO_ENTRY,False,,,NO_ENTRY,False,,,NO_ENTRY,49.9,149.4,,,49.9,149.4,,,,,,
2295,2623.36,BUY,WICK_H4,H4,2024-12-06 00:00:00,1,3.25,2024-12-06 03:15:00,2619.86,35.0,55.7,0.0,,0.25,0.25,,,134.96,True,True,2619.86,0.0,SL,False,,,NO_ENTRY,True,2619.86,0.25,SL,False,,,NO_ENTRY,False,,,NO_ENTRY,False,,,NO_ENTRY,245.5,55.7,,,245.5,35.2,,,,,,
2300,2635.91,BUY,WICK_H4,H4,2024-12-06 12:00:00,1,1.0,2024-12-06 13:00:00,2632.41,35.0,13.0,2.5,0.0,0.0,0.0,1.0,,140.07,True,True,2632.41,0.0,TP,True,2635.91,0.0,SL,True,2632.41,0.0,TP,False,,,NO_ENTRY,False,,,NO_ENTRY,True,2635.91,0.25,SL,108.0,84.7,73.0,119.7,108.0,84.7,,,,,73.0,119.7
2302,2631.11,BUY,WICK_H4,H4,2024-12-06 16:00:00,1,0.25,2024-12-06 16:15:00,2627.61,35.0,18.5,0.25,0.5,0.0,0.0,0.5,,142.62,True,True,2627.61,0.0,TP,True,2631.11,0.5,TP,True,2627.61,0.0,TP,False,,,NO_ENTRY,False,,,NO_ENTRY,False,,,NO_ENTRY,139.0,18.5,104.0,19.2,139.0,18.5,,,,,,
2314,2662.62,BUY,WICK_H4,H4,2024-12-09 20:00:00,2,1.75,2024-12-09 21:45:00,2659.12,35.0,24.9,0.5,,0.0,,,,141.24,True,True,2659.12,0.0,TP,False,,,NO_ENTRY,True,2659.12,0.0,TP,False,,,NO_ENTRY,False,,,NO_ENTRY,False,,,NO_ENTRY,62.9,24.9,,,62.9,24.9,,,,,,
2318,2665.31,BUY,WICK_H4,H4,2024-12-10 08:00:00,1,2.25,2024-12-10 10:15:00,2661.81,35.0,7.5,0.0,,0.0,0.25,,,132.15,True,True,2661.81,0.0,TP,False,,,NO_ENTRY,True,2661.81,0.0,TP,False,,,NO_ENTRY,False,,,NO_ENTRY,False,,,NO_ENTRY,173.9,7.5,,,173.9,7.5,,,,,,
2322,2690.78,BUY,WICK_H4,H4,2024-12-11 00:00:00,1,6.75,2024-12-11 06:45:00,2687.28,35.0,122.4,0.25,,1.0,1.0,,,140.01,True,True,2687.28,0.0,SL,False,,,NO_ENTRY,True,2687.28,1.0,TP,False,,,NO_ENTRY,False,,,NO_ENTRY,False,,,NO_ENTRY,107.0,122.4,,,107.0,18.9,,,,,,
2331,2713.13,BUY,WICK_H4,H4,2024-12-12 00:00:00,1,3.75,2024-12-12 03:45:00,2709.63,35.0,13.5,0.0,,0.0,,,,148.41,True,True,2709.63,0.0,SL,False,,,NO_ENTRY,True,2709.63,0.0,SL,False,,,NO_ENTRY,False,,,NO_ENTRY,False,,,NO_ENTRY,67.9,60.1,,,67.9,60.1,,,,,,
2337,2710.01,BUY,WICK_H4,H4,2024-12-12 12:00:00,3,2.75,2024-12-12 14:45:00,2706.51,35.0,314.7,3.0,,0.0,0.75,,,146.66,True,True,2706.51,0.0,SL,False,,,NO_ENTRY,True,2706.51,0.0,SL,False,,,NO_ENTRY,False,,,NO_ENTRY,False,,,NO_ENTRY,48.9,314.7,,,48.9,314.7,,,,,,
2342,2684.13,BUY,WICK_H4,H4,2024-12-13 08:00:00,2,2.75,2024-12-13 10:45:00,2680.63,35.0,210.7,5.0,,,,,,148.13,True,True,2680.63,0.0,SL,False,,,NO_ENTRY,False,,,NO_ENTRY,False,,,NO_ENTRY,True,2670.17,3.5,SL,False,,,NO_ENTRY,21.7,178.2,,,,,,,26.2,156.2,,
2345,2659.56,BUY,WICK_H4,H4,2024-12-13 16:00:00,1,1.25,2024-12-13 17:15:00,2656.06,35.0,15.1,0.0,0.25,0.25,0.25,0.75,,143.55,True,True,2656.06,0.0,SL,True,2659.56,0.25,SL,True,2656.06,0.25,SL,False,,,NO_ENTRY,False,,,NO_ENTRY,True,2659.56,1.25,SL,83.6,40.0,48.6,75.0,83.6,40.0,,,,,48.6,107.0
2347,2654.55,BUY,WICK_H4,H4,2024-12-13 20:00:00,1,2.0,2024-12-13 22:00:00,2651.05,35.0,51.3,1.0,,0.0,,,,141.19,True,True,2651.05,0.0,SL,False,,,NO_ENTRY,True,2651.05,0.0,SL,False,,,NO_ENTRY,False,,,NO_ENTRY,False,,,NO_ENTRY,23.7,76.7,,,23.7,76.7,,,,,,
2357,2648.98,BUY,WICK_H4,H4,2024-12-17 08:00:00,2,2.75,2024-12-17 10:45:00,2645.48,35.0,75.2,1.0,,,0.0,,,122.65,True,True,2645.48,0.0,SL,False,,,NO_ENTRY,False,,,NO_ENTRY,False,,,NO_ENTRY,False,,,NO_ENTRY,False,,,NO_ENTRY,37.6,94.5,,,,,,,,,,
2369,2640.95,BUY,WICK_H4,H4,2024-12-18 16:00:00,1,0.5,2024-12-18 16:30:00,2637.45,35.0,44.9,2.25,,0.0,,,,109.29,True,True,2637.45,0.0,SL,False,,,NO_ENTRY,True,2637.45,0.0,SL,False,,,NO_ENTRY,True,2639.78,2.75,SL,False,,,NO_ENTRY,24.8,44.9,,,24.8,44.9,,,1.5,526.1,,
2370,2632.96,BUY,WICK_H4,H4,2024-12-18 20:00:00,1,1.25,2024-12-18 21:15:00,2629.46,35.0,458.3,2.5,,,,,,140.91,True,True,2629.46,0.0,SL,False,,,NO_ENTRY,False,,,NO_ENTRY,False,,,NO_ENTRY,False,,,NO_ENTRY,False,,,NO_ENTRY,-51.6,474.0,,,,,,,,,,
2377,2603.18,BUY,WICK_H4,H4,2024-12-19 12:00:00,1,3.5,2024-12-19 15:30:00,2599.68,35.0,127.7,2.0,,0.0,0.0,,,165.28,True,True,2599.68,0.0,SL,False,,,NO_ENTRY,True,2599.68,0.0,SL,False,,,NO_ENTRY,False,,,NO_ENTRY,False,,,NO_ENTRY,46.1,127.7,,,46.1,127.7,,,,,,
2393,2624.41,BUY,WICK_H4,H4,2024-12-23 12:00:00,1,0.5,2024-12-23 12:30:00,2620.91,35.0,79.9,1.25,,0.0,,,,136.64,True,True,2620.91,0.0,SL,False,,,NO_ENTRY,True,2620.91,0.0,SL,False,,,NO_ENTRY,True,2618.92,3.0,SL,False,,,NO_ENTRY,29.0,79.9,,,29.0,79.9,,,8.5,108.7,,
2394,2612.92,BUY,WICK_H4,H4,2024-12-23 16:00:00,1,1.75,2024-12-23 17:45:00,2609.42,35.0,13.7,0.25,0.75,0.0,0.0,1.25,,135.25,True,True,2609.42,0.0,TP,True,2612.92,0.75,SL,True,2609.42,0.0,TP,False,,,NO_ENTRY,False,,,NO_ENTRY,True,2612.92,1.5,SL,70.6,13.7,35.6,34.1,70.6,13.7,,,,,17.4,39.4
2400,2615.55,BUY,WICK_H4,H4,2024-12-24 08:00:00,2,7.5,2024-12-24 15:30:00,2612.05,35.0,7.9,0.0,,0.0,,,,113.04,True,True,2612.05,0.0,TP,False,,,NO_ENTRY,True,2612.05,0.0,TP,False,,,NO_ENTRY,False,,,NO_ENTRY,False,,,NO_ENTRY,71.9,21.2,,,71.9,21.2,,,,,,
2414,2628.74,BUY,WICK_H4,H4,2024-12-27 08:00:00,1,3.0,2024-12-27 11:00:00,2625.24,35.0,137.7,5.5,3.0,0.0,1.5,3.25,,104.75,True,True,2625.24,0.0,SL,True,2628.74,3.0,SL,True,2625.24,0.0,SL,False,,,NO_ENTRY,True,2628.53,2.75,SL,False,,,NO_ENTRY,62.5,39.1,27.5,172.7,62.5,39.1,,,29.6,170.6,,
2421,2620.38,BUY,WICK_H4,H4,2024-12-30 08:00:00,1,1.0,2024-12-30 09:00:00,2616.88,35.0,77.1,1.75,,0.0,0.0,,,104.63,True,True,2616.88,0.0,SL,False,,,NO_ENTRY,True,2616.88,0.0,SL,False,,,NO_ENTRY,False,,,NO_ENTRY,False,,,NO_ENTRY,29.9,79.6,,,29.9,79.6,,,,,,
2422,2609.17,BUY,WICK_H4,H4,2024-12-30 12:00:00,2,4.0,2024-12-30 16:00:00,2605.67,35.0,97.0,2.25,0.0,0.0,0.0,0.0,,113.53,True,True,2605.67,0.0,SL,True,2609.17,0.0,SL,True,2605.67,0.0,SL,False,,,NO_ENTRY,False,,,NO_ENTRY,False,,,NO_ENTRY,79.8,97.0,44.8,132.0,79.8,97.0,,,,,,
2445,2655.76,BUY,WICK_H4,H4,2025-01-03 08:00:00,1,1.25,2025-01-03 09:15:00,2652.26,35.0,24.9,1.5,,0.0,0.0,,,108.61,True,True,2652.26,0.0,SL,False,,,NO_ENTRY,True,2652.26,0.0,SL,False,,,NO_ENTRY,False,,,NO_ENTRY,False,,,NO_ENTRY,69.3,24.9,,,69.3,24.9,,,,,,
2447,2649.77,BUY,WICK_H4,H4,2025-01-03 12:00:00,1,3.5,2025-01-03 15:30:00,2646.27,35.0,29.1,0.0,,0.25,0.0,,,112.15,True,True,2646.27,0.0,SL,False,,,NO_ENTRY,True,2646.27,0.25,SL,False,,,NO_ENTRY,False,,,NO_ENTRY,False,,,NO_ENTRY,63.5,72.5,,,63.5,72.5,,,,,,
2449,2643.36,BUY,WICK_H4,H4,2025-01-03 16:00:00,1,2.75,2025-01-03 18:45:00,2639.86,35.0,8.4,0.75,,0.25,,,,113.86,True,True,2639.86,0.0,SL,False,,,NO_ENTRY,True,2639.86,0.25,SL,False,,,NO_ENTRY,False,,,NO_ENTRY,False,,,NO_ENTRY,29.9,31.0,,,29.9,31.0,,,,,,
2452,2636.58,BUY,WICK_H4,H4,2025-01-04 00:00:00,1,55.5,2025-01-06 07:30:00,2633.08,35.0,16.8,0.25,,0.25,,,,110.72,True,True,2633.08,0.0,SL,False,,,NO_ENTRY,True,2633.08,0.25,SL,False,,,NO_ENTRY,False,,,NO_ENTRY,False,,,NO_ENTRY,25.1,80.1,,,25.1,80.1,,,,,,
2455,2631.4,BUY,WICK_H4,H4,2025-01-06 08:00:00,1,1.5,2025-01-06 09:30:00,2627.9,35.0,28.3,0.0,1.5,0.5,0.0,1.5,,110.33,True,True,2627.9,0.0,SL,True,2631.4,1.5,TP,True,2627.9,0.5,TP,False,,,NO_ENTRY,True,2634.73,1.5,SL,True,2631.4,2.25,TP,214.2,28.3,179.2,5.8,214.2,22.4,,,145.9,39.1,179.2,97.2
2493,2684.29,BUY,WICK_H4,H4,2025-01-11 00:00:00,1,51.25,2025-01-13 03:15:00,2680.79,35.0,16.5,0.0,0.5,0.25,0.25,,,116.18,True,True,2680.79,0.0,TP,True,2684.29,0.5,SL,True,2680.79,0.25,TP,False,,,NO_ENTRY,False,,,NO_ENTRY,False,,,NO_ENTRY,99.4,16.5,64.4,14.6,99.4,13.8,,,,,,
2499,2682.86,BUY,WICK_H4,H4,2025-01-13 12:00:00,1,0.25,2025-01-13 12:15:00,2679.36,35.0,156.8,3.25,,0.25,0.25,,,118.49,True,True,2679.36,0.0,SL,False,,,NO_ENTRY,True,2679.36,0.25,SL,False,,,NO_ENTRY,False,,,NO_ENTRY,False,,,NO_ENTRY,33.1,156.8,,,33.1,156.8,,,,,,
2500,2663.68,BUY,WICK_H4,H4,2025-01-13 16:00:00,2,3.0,2025-01-13 19:00:00,2660.18,35.0,10.4,0.5,,0.0,0.25,,,120.66,True,True,2660.18,0.0,SL,False,,,NO_ENTRY,True,2660.18,0.0,SL,False,,,NO_ENTRY,False,,,NO_ENTRY,False,,,NO_ENTRY,38.5,35.3,,,38.5,35.3,,,,,,
2513,2681.99,BUY,WICK_H4,H4,2025-01-15 16:00:00,1,1.0,2025-01-15 17:00:00,2678.49,35.0,19.0,0.0,1.25,0.0,0.0,1.25,2.0,118.21,True,True,2678.49,0.0,TP,True,2681.99,1.25,TP,True,2678.49,0.0,TP,False,,,NO_ENTRY,False,,,NO_ENTRY,True,2681.99,1.5,TP,163.4,19.0,138.2,5.0,163.4,19.0,,,,,138.2,5.0
2526,2709.72,BUY,WICK_H4,H4,2025-01-17 04:00:00,2,7.5,2025-01-17 11:30:00,2706.22,35.0,34.9,1.0,2.75,0.0,2.5,3.75,,108.82,True,True,2706.22,0.0,SL,True,2709.72,2.75,SL,True,2706.22,0.0,SL,True,2704.78,4.5,TP,True,2707.94,2.25,SL,True,2709.72,3.25,SL,57.5,34.9,69.3,71.4,57.5,34.9,124.4,22.0,70.7,53.6,75.0,71.4
2532,2702.58,BUY,WICK_H4,H4,2025-01-17 20:00:00,1,3.0,2025-01-17 23:00:00,2699.08,35.0,1.7,0.0,,0.0,0.25,,,112.7,True,True,2699.08,0.0,SL,False,,,NO_ENTRY,True,2699.08,0.0,SL,False,,,NO_ENTRY,False,,,NO_ENTRY,False,,,NO_ENTRY,37.2,98.3,,,37.2,98.3,,,,,,
2533,2698.91,BUY,WICK_H4,H4,2025-01-18 00:00:00,1,49.5,2025-01-20 01:30:00,2695.41,35.0,61.6,1.5,,0.0,,,,114.33,True,True,2695.41,0.0,SL,False,,,NO_ENTRY,True,2695.41,0.0,SL,False,,,NO_ENTRY,False,,,NO_ENTRY,False,,,NO_ENTRY,80.3,61.6,,,80.3,61.6,,,,,,
2562,2749.48,BUY,WICK_H4,H4,2025-01-23 08:00:00,1,3.5,2025-01-23 11:30:00,2745.98,35.0,51.4,0.0,,,,,,108.48,True,True,2745.98,0.0,SL,False,,,NO_ENTRY,False,,,NO_ENTRY,False,,,NO_ENTRY,False,,,NO_ENTRY,False,,,NO_ENTRY,83.6,103.1,,,,,,,,,,
2564,2740.84,BUY,WICK_H4,H4,2025-01-23 12:00:00,1,3.25,2025-01-23 15:15:00,2737.34,35.0,16.7,0.25,0.5,0.0,0.0,0.0,,114.07,True,True,2737.34,0.0,TP,True,2740.84,0.5,SL,True,2737.34,0.0,TP,False,,,NO_ENTRY,False,,,NO_ENTRY,False,,,NO_ENTRY,199.2,16.7,180.3,31.9,199.2,16.7,,,,,,
2573,2769.73,BUY,WICK_H4,H4,2025-01-24 20:00:00,1,54.0,2025-01-27 02:00:00,2766.23,35.0,190.6,7.5,1.0,0.0,0.75,1.0,,112.18,True,True,2766.23,0.0,SL,True,2769.73,1.0,SL,True,2766.23,0.0,SL,True,2763.16,10.0,SL,True,2769.46,0.75,SL,False,,,NO_ENTRY,61.7,122.7,26.7,157.7,61.7,122.7,86.8,110.0,29.4,155.0,,
2579,2752.16,BUY,WICK_H4,H4,2025-01-27 16:00:00,1,0.5,2025-01-27 16:30:00,2748.66,35.0,183.7,2.5,0.0,0.0,0.0,,,133.18,True,True,2748.66,0.0,SL,True,2752.16,0.0,SL,True,2748.66,0.0,SL,False,,,NO_ENTRY,False,,,NO_ENTRY,False,,,NO_ENTRY,65.8,183.7,30.8,218.7,65.8,183.7,,,,,,
2592,2757.29,BUY,WICK_H4,H4,2025-01-29 12:00:00,2,3.25,2025-01-29 15:15:00,2753.79,35.0,17.8,0.0,0.25,0.0,0.0,0.5,,104.08,True,True,2753.79,0.0,SL,True,2757.29,0.25,SL,True,2753.79,0.0,SL,False,,,NO_ENTRY,False,,,NO_ENTRY,False,,,NO_ENTRY,72.6,56.1,37.6,91.1,72.6,56.1,,,,,,
2593,2752.01,BUY,WICK_H4,H4,2025-01-29 16:00:00,1,1.5,2025-01-29 17:30:00,2748.51,35.0,3.3,1.25,0.0,0.0,0.0,0.25,,105.84,True,True,2748.51,0.0,SL,True,2752.01,0.0,SL,True,2748.51,0.0,SL,False,,,NO_ENTRY,False,,,NO_ENTRY,True,2752.01,0.5,SL,91.3,39.5,56.3,74.5,91.3,39.5,,,,,61.5,74.5
2595,2748.18,BUY,WICK_H4,H4,2025-01-29 20:00:00,1,1.5,2025-01-29 21:30:00,2744.68,35.0,1.2,0.0,0.0,0.0,0.0,0.0,0.0,109.13,True,True,2744.68,0.0,TP,True,2748.18,0.0,SL,True,2744.68,0.0,TP,False,,,NO_ENTRY,True,2754.37,0.0,SL,False,,,NO_ENTRY,176.9,1.2,141.9,36.2,176.9,1.2,,,80.0,98.1,,
2613,2802.84,BUY,WICK_H4,H4,2025-01-31 20:00:00,1,0.5,2025-01-31 20:30:00,2799.34,35.0,50.9,1.5,,0.0,0.0,,,112.8,True,True,2799.34,0.0,SL,False,,,NO_ENTRY,True,2799.34,0.0,SL,False,,,NO_ENTRY,False,,,NO_ENTRY,False,,,NO_ENTRY,42.5,161.1,,,42.5,161.1,,,,,,
2614,2794.25,BUY,WICK_H4,H4,2025-02-01 00:00:00,1,49.25,2025-02-03 01:15:00,2790.75,35.0,126.5,2.5,1.25,0.0,0.0,0.0,,122.95,True,True,2790.75,0.0,SL,True,2794.25,1.25,SL,True,2790.75,0.0,SL,False,,,NO_ENTRY,False,,,NO_ENTRY,False,,,NO_ENTRY,117.3,171.1,17.1,222.3,117.3,171.1,,,,,,
2615,2778.1,BUY,WICK_H4,H4,2025-02-03 04:00:00,1,0.5,2025-02-03 04:30:00,2774.6,35.0,25.8,1.0,1.5,0.0,0.0,1.5,,123.41,True,True,2774.6,0.0,SL,True,2778.1,1.5,SL,True,2774.6,0.0,SL,False,,,NO_ENTRY,True,2784.65,2.75,TP,False,,,NO_ENTRY,133.9,25.8,158.2,40.3,133.9,25.8,,,158.0,35.3,,
2624,2813.35,BUY,WICK_H4,H4,2025-02-04 08:00:00,1,1.25,2025-02-04 09:15:00,2809.85,35.0,27.5,0.25,0.75,0.25,0.0,1.0,,133.56,True,True,2809.85,0.0,SL,True,2813.35,0.75,SL,True,2809.85,0.25,SL,False,,,NO_ENTRY,True,2816.79,1.0,SL,False,,,NO_ENTRY,118.1,27.5,83.1,33.7,118.1,27.5,,,48.7,50.2,,
2639,2864.23,BUY,WICK_H4,H4,2025-02-06 08:00:00,1,1.0,2025-02-06 09:00:00,2860.73,35.0,119.4,1.25,,0.25,,,,143.54,True,True,2860.73,0.0,SL,False,,,NO_ENTRY,True,2860.73,0.25,SL,False,,,NO_ENTRY,False,,,NO_ENTRY,False,,,NO_ENTRY,9.7,119.4,,,14.7,119.4,,,,,,
2641,2848.79,BUY,WICK_H4,H4,2025-02-06 12:00:00,1,5.0,2025-02-06 17:00:00,2845.29,35.0,112.7,0.0,0.75,0.5,0.5,0.75,,151.77,True,True,2845.29,0.0,SL,True,2848.79,0.75,TP,True,2845.29,0.5,TP,False,,,NO_ENTRY,False,,,NO_ENTRY,True,2848.79,1.0,TP,93.3,112.7,58.3,8.1,93.3,14.7,,,,,84.5,8.1
2664,2905.13,BUY,WICK_H4,H4,2025-02-11 08:00:00,2,6.0,2025-02-11 14:00:00,2901.63,35.0,200.8,1.25,,,,,,185.79,True,True,2901.63,0.0,SL,False,,,NO_ENTRY,False,,,NO_ENTRY,False,,,NO_ENTRY,False,,,NO_ENTRY,False,,,NO_ENTRY,48.4,200.8,,,,,,,,,,
2671,2893.95,BUY,WICK_H4,H4,2025-02-12 00:00:00,1,2.75,2025-02-12 02:45:00,2890.45,35.0,68.2,0.75,,0.0,0.25,,,180.59,True,True,2890.45,0.0,SL,False,,,NO_ENTRY,True,2890.45,0.0,SL,False,,,NO_ENTRY,False,,,NO_ENTRY,False,,,NO_ENTRY,72.9,68.2,,,72.9,68.2,,,,,,
2675,2883.61,BUY,WICK_H4,H4,2025-02-12 08:00:00,1,5.0,2025-02-12 13:00:00,2880.11,35.0,163.9,2.5,0.5,0.0,0.5,,,178.67,True,True,2880.11,0.0,SL,True,2883.61,0.5,SL,True,2880.11,0.0,SL,False,,,NO_ENTRY,False,,,NO_ENTRY,False,,,NO_ENTRY,178.0,163.9,143.0,198.9,178.0,163.9,,,,,,
2686,2909.42,BUY,WICK_H4,H4,2025-02-13 12:00:00,1,3.75,2025-02-13 15:45:00,2905.92,35.0,2.1,0.0,,0.0,0.0,,,167.61,True,True,2905.92,0.0,TP,False,,,NO_ENTRY,True,2905.92,0.0,TP,False,,,NO_ENTRY,False,,,NO_ENTRY,False,,,NO_ENTRY,149.5,2.1,,,149.5,2.1,,,,,,
2693,2923.19,BUY,WICK_H4,H4,2025-02-14 08:00:00,1,7.75,2025-02-14 15:45:00,2919.69,35.0,22.1,0.0,,0.0,,,,154.15,True,True,2919.69,0.0,SL,False,,,NO_ENTRY,True,2919.69,0.0,SL,False,,,NO_ENTRY,False,,,NO_ENTRY,False,,,NO_ENTRY,86.4,344.4,,,86.4,344.4,,,,,,
2696,2917.48,BUY,WICK_H4,H4,2025-02-14 16:00:00,2,1.25,2025-02-14 17:15:00,2913.98,35.0,287.3,2.5,,,,,,173.91,True,True,2913.98,0.0,SL,False,,,NO_ENTRY,False,,,NO_ENTRY,False,,,NO_ENTRY,False,,,NO_ENTRY,False,,,NO_ENTRY,17.6,320.7,,,,,,,,,,
2698,2885.25,BUY,WICK_H4,H4,2025-02-14 20:00:00,1,1.5,2025-02-14 21:30:00,2881.75,35.0,48.7,1.0,1.25,0.0,1.25,,,169.24,True,True,2881.75,0.0,SL,True,2885.25,1.25,SL,True,2881.75,0.0,SL,False,,,NO_ENTRY,False,,,NO_ENTRY,False,,,NO_ENTRY,121.4,48.7,113.3,71.8,121.4,48.7,,,,,,
2702,2893.84,BUY,WICK_H4,H4,2025-02-17 08:00:00,1,0.25,2025-02-17 08:15:00,2890.34,35.0,21.7,0.0,0.25,0.25,0.25,0.75,,167.35,True,True,2890.34,0.0,TP,True,2893.84,0.25,SL,True,2890.34,0.25,TP,False,,,NO_ENTRY,False,,,NO_ENTRY,False,,,NO_ENTRY,159.7,21.7,124.7,48.7,159.7,13.7,,,,,,
2720,2931.16,BUY,WICK_H4,H4,2025-02-19 16:00:00,2,2.0,2025-02-19 18:00:00,2927.66,35.0,62.5,1.75,,0.0,,,,144.18,True,True,2927.66,0.0,SL,False,,,NO_ENTRY,True,2927.66,0.0,SL,False,,,NO_ENTRY,False,,,NO_ENTRY,False,,,NO_ENTRY,56.6,91.9,,,56.6,91.9,,,,,,
2728,2943.78,BUY,WICK_H4,H4,2025-02-20 12:00:00,1,3.5,2025-02-20 15:30:00,2940.28,35.0,163.3,0.5,3.0,2.75,0.0,,,145.24,True,True,2940.28,0.0,SL,True,2943.78,3.0,SL,True,2940.28,2.75,SL,True,2940.4,4.5,SL,True,2942.84,2.75,SL,False,,,NO_ENTRY,72.5,163.3,31.3,102.3,66.3,67.3,19.1,68.5,40.7,92.9,,
2737,2924.09,BUY,WICK_H4,H4,2025-02-21 08:00:00,1,2.25,2025-02-21 10:15:00,2920.59,35.0,38.8,0.0,0.75,0.25,0.5,1.25,,154.48,True,True,2920.59,0.0,SL,True,2924.09,0.75,TP,True,2920.59,0.25,TP,False,,,NO_ENTRY,False,,,NO_ENTRY,True,2924.09,1.0,TP,153.7,38.8,118.7,12.3,153.7,18.3,,,,,118.7,4.8
2745,2931.96,BUY,WICK_H4,H4,2025-02-22 00:00:00,1,51.0,2025-02-24 03:00:00,2928.46,35.0,74.1,0.25,,0.5,,,,153.3,True,True,2928.46,0.0,SL,False,,,NO_ENTRY,True,2928.46,0.5,SL,False,,,NO_ENTRY,False,,,NO_ENTRY,False,,,NO_ENTRY,161.5,74.1,,,161.5,37.2,,,,,,
2754,2945.09,BUY,WICK_H4,H4,2025-02-25 04:00:00,1,1.75,2025-02-25 05:45:00,2941.59,35.0,66.2,0.5,,,,,,155.95,True,True,2941.59,0.0,SL,False,,,NO_ENTRY,False,,,NO_ENTRY,False,,,NO_ENTRY,False,,,NO_ENTRY,False,,,NO_ENTRY,13.6,110.4,,,,,,,,,,
2756,2934.97,BUY,WICK_H4,H4,2025-02-25 08:00:00,2,1.75,2025-02-25 09:45:00,2931.47,35.0,20.1,0.25,0.75,0.0,0.75,0.75,,153.94,True,True,2931.47,0.0,TP,True,2934.97,0.75,SL,True,2931.47,0.0,TP,False,,,NO_ENTRY,True,2940.63,0.75,SL,False,,,NO_ENTRY,107.7,20.1,72.7,110.5,107.7,20.1,,,16.1,167.1,,
2758,2929.46,BUY,WICK_H4,H4,2025-02-25 12:00:00,1,2.75,2025-02-25 14:45:00,2925.96,35.0,20.2,0.0,0.25,0.0,0.0,0.75,,155.46,True,True,2925.96,0.0,TP,True,2929.46,0.25,SL,True,2925.96,0.0,TP,False,,,NO_ENTRY,False,,,NO_ENTRY,False,,,NO_ENTRY,188.3,378.5,153.3,413.5,188.3,378.5,,,,,,
2760,2923.92,BUY,WICK_H4,H4,2025-02-25 16:00:00,1,1.5,2025-02-25 17:30:00,2920.42,35.0,323.1,0.5,,,,,,184.84,True,True,2920.42,0.0,SL,False,,,NO_ENTRY,False,,,NO_ENTRY,False,,,NO_ENTRY,False,,,NO_ENTRY,False,,,NO_ENTRY,-74.4,323.1,,,,,,,,,,
2767,2912.43,BUY,WICK_H4,H4,2025-02-26 08:00:00,1,0.5,2025-02-26 08:30:00,2908.93,35.0,32.3,0.5,1.0,0.5,1.0,2.25,,170.82,True,True,2908.93,0.0,SL,True,2912.43,1.0,SL,True,2908.93,0.5,SL,False,,,NO_ENTRY,True,2917.84,2.25,SL,True,2912.43,2.25,SL,99.4,32.3,64.4,29.7,99.4,32.3,,,10.3,78.3,64.4,24.2
2769,2905.7,BUY,WICK_H4,H4,2025-02-26 12:00:00,1,4.0,2025-02-26 16:00:00,2902.2,35.0,114.9,0.5,1.25,1.0,1.0,1.25,,173.26,True,True,2902.2,0.0,SL,True,2905.7,1.25,TP,True,2902.2,1.0,SL,False,,,NO_ENTRY,False,,,NO_ENTRY,False,,,NO_ENTRY,144.1,114.9,109.1,4.4,144.1,36.9,,,,,,
2776,2911.01,BUY,WICK_H4,H4,2025-02-27 04:00:00,2,1.0,2025-02-27 05:00:00,2907.51,35.0,190.6,2.5,,0.25,,,,167.98,True,True,2907.51,0.0,SL,False,,,NO_ENTRY,True,2907.51,0.25,SL,False,,,NO_ENTRY,False,,,NO_ENTRY,False,,,NO_ENTRY,14.7,190.6,,,14.7,190.6,,,,,,
2778,2888.45,BUY,WICK_H4,H4,2025-02-27 08:00:00,2,2.25,2025-02-27 10:15:00,2884.95,35.0,79.3,0.75,1.0,0.75,1.0,,,171.15,True,True,2884.95,0.0,SL,True,2888.45,1.0,SL,True,2884.95,0.75,SL,False,,,NO_ENTRY,False,,,NO_ENTRY,False,,,NO_ENTRY,99.2,79.3,64.2,54.2,99.2,79.3,,,,,,
2782,2881.0,BUY,WICK_H4,H4,2025-02-27 16:00:00,1,0.75,2025-02-27 16:45:00,2877.5,35.0,98.7,0.0,3.0,2.5,0.0,,,174.39,True,True,2877.5,0.0,SL,True,2881.0,3.0,SL,True,2877.5,2.5,TP,False,,,NO_ENTRY,False,,,NO_ENTRY,False,,,NO_ENTRY,97.8,98.7,65.7,98.5,100.7,63.5,,,,,,
2786,2871.15,BUY,WICK_H4,H4,2025-02-28 00:00:00,2,5.5,2025-02-28 05:30:00,2867.65,35.0,108.1,0.75,,,,,,172.04,True,True,2867.65,0.0,SL,False,,,NO_ENTRY,False,,,NO_ENTRY,False,,,NO_ENTRY,False,,,NO_ENTRY,False,,,NO_ENTRY,19.2,108.1,,,,,,,,,,
2789,2856.84,BUY,WICK_H4,H4,2025-02-28 08:00:00,1,2.5,2025-02-28 10:30:00,2853.34,35.0,24.1,0.25,0.5,0.25,0.5,0.75,,170.86,True,True,2853.34,0.0,TP,True,2856.84,0.5,SL,True,2853.34,0.25,TP,False,,,NO_ENTRY,False,,,NO_ENTRY,False,,,NO_ENTRY,114.6,24.1,79.6,24.5,114.6,24.1,,,,,,
2791,2850.93,BUY,WICK_H4,H4,2025-02-28 12:00:00,1,4.0,2025-02-28 16:00:00,2847.43,35.0,148.8,1.0,2.0,1.75,2.0,,,173.52,True,True,2847.43,0.0,SL,True,2850.93,2.0,SL,True,2847.43,1.75,SL,False,,,NO_ENTRY,False,,,NO_ENTRY,False,,,NO_ENTRY,63.7,148.8,30.3,131.1,63.7,96.1,,,,,,
2810,2911.98,BUY,WICK_H4,H4,2025-03-04 16:00:00,1,0.75,2025-03-04 16:45:00,2908.48,35.0,85.2,0.25,2.0,0.25,2.0,,,179.2,True,True,2908.48,0.0,SL,True,2911.98,2.0,SL,True,2908.48,0.25,SL,False,,,NO_ENTRY,False,,,NO_ENTRY,True,2911.98,2.75,SL,78.3,85.2,84.3,38.7,78.3,85.2,,,,,84.3,38.7
2813,2908.11,BUY,WICK_H4,H4,2025-03-05 00:00:00,1,3.25,2025-03-05 03:15:00,2904.61,35.0,12.7,0.0,0.0,0.0,0.0,,,173.31,True,True,2904.61,0.0,SL,True,2908.11,0.0,SL,True,2904.61,0.0,SL,False,,,NO_ENTRY,False,,,NO_ENTRY,True,2908.11,0.25,SL,98.6,26.7,63.6,61.7,98.6,26.7,,,,,63.6,61.7
2817,2912.93,BUY,WICK_H4,H4,2025-03-05 12:00:00,3,3.5,2025-03-05 15:30:00,2909.43,35.0,152.5,0.25,,,,,,173.19,True,True,2909.43,0.0,SL,False,,,NO_ENTRY,False,,,NO_ENTRY,False,,,NO_ENTRY,False,,,NO_ENTRY,False,,,NO_ENTRY,203.6,152.5,,,,,,,,,,
2825,2914.41,BUY,WICK_H4,H4,2025-03-06 08:00:00,1,1.75,2025-03-06 09:45:00,2910.91,35.0,196.9,2.0,,,0.0,,,179.87,True,True,2910.91,0.0,SL,False,,,NO_ENTRY,False,,,NO_ENTRY,False,,,NO_ENTRY,False,,,NO_ENTRY,False,,,NO_ENTRY,52.2,196.9,,,,,,,,,,
2832,2908.3,BUY,WICK_H4,H4,2025-03-07 00:00:00,1,2.25,2025-03-07 02:15:00,2904.8,35.0,66.0,0.0,1.25,0.25,1.25,,,176.06,True,True,2904.8,0.0,SL,True,2908.3,1.25,SL,True,2904.8,0.25,SL,False,,,NO_ENTRY,False,,,NO_ENTRY,False,,,NO_ENTRY,53.2,66.0,41.0,70.9,53.2,35.9,,,,,,
2839,2910.07,BUY,WICK_H4,H4,2025-03-07 16:00:00,3,3.25,2025-03-07 19:15:00,2906.57,35.0,16.2,0.0,,0.0,0.0,,,176.34,True,True,2906.57,0.0,SL,False,,,NO_ENTRY,True,2906.57,0.0,SL,False,,,NO_ENTRY,False,,,NO_ENTRY,False,,,NO_ENTRY,51.4,46.2,,,51.4,46.2,,,,,,
2846,2906.79,BUY,WICK_H4,H4,2025-03-10 08:00:00,1,2.25,2025-03-10 10:15:00,2903.29,35.0,66.9,0.75,0.75,0.0,0.75,1.0,,161.09,True,True,2903.29,0.0,SL,True,2906.79,0.75,SL,True,2903.29,0.0,SL,False,,,NO_ENTRY,False,,,NO_ENTRY,False,,,NO_ENTRY,120.7,78.3,85.7,113.3,120.7,78.3,,,,,,
2849,2895.46,BUY,WICK_H4,H4,2025-03-10 16:00:00,1,3.25,2025-03-10 19:15:00,2891.96,35.0,92.6,0.5,,0.0,,,,169.13,True,True,2891.96,0.0,SL,False,,,NO_ENTRY,True,2891.96,0.0,SL,False,,,NO_ENTRY,False,,,NO_ENTRY,False,,,NO_ENTRY,37.9,118.0,,,37.9,118.0,,,,,,
2884,2983.1,BUY,WICK_H4,H4,2025-03-14 16:00:00,1,1.25,2025-03-14 17:15:00,2979.6,35.0,12.6,0.0,0.25,0.0,0.25,0.75,,151.81,True,True,2979.6,0.0,TP,True,2983.1,0.25,SL,True,2979.6,0.0,TP,False,,,NO_ENTRY,False,,,NO_ENTRY,True,2983.1,0.75,TP,106.4,12.6,71.4,33.1,106.4,12.6,,,,,71.4,16.1
2905,3027.29,BUY,WICK_H4,H4,2025-03-19 04:00:00,1,7.0,2025-03-19 11:00:00,3023.79,35.0,13.0,0.0,0.25,0.0,0.0,0.75,,137.51,True,True,3023.79,0.0,TP,True,3027.29,0.25,TP,True,3023.79,0.0,TP,False,,,NO_ENTRY,False,,,NO_ENTRY,True,3027.29,0.5,TP,171.5,13.0,136.5,18.0,171.5,13.0,,,,,136.5,-0.1
2914,3044.82,BUY,WICK_H4,H4,2025-03-20 08:00:00,1,2.0,2025-03-20 10:00:00,3041.32,35.0,27.2,0.25,,0.0,1.25,,,137.26,True,True,3041.32,0.0,SL,False,,,NO_ENTRY,True,3041.32,0.0,SL,False,,,NO_ENTRY,False,,,NO_ENTRY,False,,,NO_ENTRY,48.6,157.9,,,48.6,157.9,,,,,,
2916,3038.6,BUY,WICK_H4,H4,2025-03-20 12:00:00,1,0.25,2025-03-20 12:15:00,3035.1,35.0,95.7,0.25,2.25,1.75,2.25,2.5,,139.32,True,True,3035.1,0.0,SL,True,3038.6,2.25,SL,True,3035.1,1.75,SL,False,,,NO_ENTRY,True,3036.09,1.75,SL,False,,,NO_ENTRY,70.4,95.7,44.9,87.4,70.4,52.4,,,60.5,62.3,,
2919,3030.49,BUY,WICK_H4,H4,2025-03-20 20:00:00,1,11.25,2025-03-21 07:15:00,3026.99,35.0,54.4,0.25,,0.5,,,,132.59,True,True,3026.99,0.0,SL,False,,,NO_ENTRY,True,3026.99,0.5,SL,False,,,NO_ENTRY,False,,,NO_ENTRY,False,,,NO_ENTRY,77.5,54.4,,,77.5,30.9,,,,,,
2922,3021.55,BUY,WICK_H4,H4,2025-03-21 08:00:00,1,7.75,2025-03-21 15:45:00,3018.05,35.0,139.5,0.0,,,,,,143.75,True,True,3018.05,0.0,SL,False,,,NO_ENTRY,False,,,NO_ENTRY,False,,,NO_ENTRY,False,,,NO_ENTRY,False,,,NO_ENTRY,0.4,187.9,,,,,,,,,,
2925,3004.1,BUY,WICK_H4,H4,2025-03-21 16:00:00,1,0.25,2025-03-21 16:15:00,3000.6,35.0,2.6,0.0,0.0,0.0,0.0,0.0,0.5,146.93,True,True,3000.6,0.0,TP,True,3004.1,0.0,SL,True,3000.6,0.0,TP,False,,,NO_ENTRY,False,,,NO_ENTRY,False,,,NO_ENTRY,188.2,2.6,153.2,37.6,188.2,2.6,,,,,,
2935,3018.88,BUY,WICK_H4,H4,2025-03-24 16:00:00,1,0.5,2025-03-24 16:30:00,3015.38,35.0,130.4,3.5,,,,,,141.34,True,True,3015.38,0.0,SL,False,,,NO_ENTRY,False,,,NO_ENTRY,True,3010.92,7.5,SL,True,3011.37,5.75,SL,False,,,NO_ENTRY,14.2,130.4,,,,,38.5,23.2,34.0,43.0,,
2965,3069.6,BUY,WICK_H4,H4,2025-03-28 08:00:00,1,2.5,2025-03-28 10:30:00,3066.1,35.0,2.5,0.0,0.0,0.0,0.0,0.25,,140.18,True,True,3066.1,0.0,TP,True,3069.6,0.0,SL,True,3066.1,0.0,TP,False,,,NO_ENTRY,False,,,NO_ENTRY,True,3069.6,0.5,TP,150.6,2.5,115.6,37.5,150.6,2.5,,,,,121.4,23.6
2979,3111.72,BUY,WICK_H4,H4,2025-03-31 16:00:00,1,0.75,2025-03-31 16:45:00,3108.22,35.0,85.0,0.0,0.0,0.0,0.0,0.75,1.25,174.49,True,True,3108.22,0.0,SL,True,3111.72,0.0,SL,True,3108.22,0.0,SL,False,,,NO_ENTRY,False,,,NO_ENTRY,True,3111.72,2.25,TP,188.9,85.0,153.9,120.0,188.9,85.0,,,,,129.0,2.4
2988,3127.59,BUY,WICK_H4,H4,2025-04-01 16:00:00,1,1.25,2025-04-01 17:15:00,3124.09,35.0,233.5,2.0,0.5,0.0,0.0,,,181.34,True,True,3124.09,0.0,SL,True,3127.59,0.5,SL,True,3124.09,0.0,SL,False,,,NO_ENTRY,False,,,NO_ENTRY,True,3127.59,0.75,SL,88.4,233.5,53.4,268.5,88.4,233.5,,,,,53.4,268.5
2998,3116.51,BUY,WICK_H4,H4,2025-04-02 20:00:00,1,3.25,2025-04-02 23:15:00,3113.01,35.0,70.4,0.0,0.0,0.0,0.0,0.0,0.0,199.28,True,True,3113.01,0.0,SL,True,3116.51,0.0,SL,True,3113.01,0.0,SL,False,,,NO_ENTRY,True,3135.82,0.0,SL,False,,,NO_ENTRY,546.9,70.4,511.9,105.4,546.9,70.4,,,318.8,298.5,,
3002,3123.06,BUY,WICK_H4,H4,2025-04-03 04:00:00,1,5.5,2025-04-03 09:30:00,3119.56,35.0,32.3,0.0,0.0,0.0,0.0,0.25,,220.38,True,True,3119.56,0.0,SL,True,3123.06,0.0,SL,True,3119.56,0.0,SL,False,,,NO_ENTRY,False,,,NO_ENTRY,False,,,NO_ENTRY,123.7,185.7,88.7,220.7,123.7,185.7,,,,,,
3004,3116.33,BUY,WICK_H4,H4,2025-04-03 12:00:00,1,1.25,2025-04-03 13:15:00,3112.83,35.0,511.1,2.25,,,0.0,,,252.97,True,True,3112.83,0.0,SL,False,,,NO_ENTRY,False,,,NO_ENTRY,False,,,NO_ENTRY,False,,,NO_ENTRY,False,,,NO_ENTRY,137.7,588.6,,,,,,,,,,
3005,3061.72,BUY,WICK_H4,H4,2025-04-03 16:00:00,1,0.25,2025-04-03 16:15:00,3058.22,35.0,21.1,0.0,0.0,0.0,0.0,0.25,0.25,293.15,True,True,3058.22,0.0,TP,True,3061.72,0.0,SL,True,3058.22,0.0,TP,False,,,NO_ENTRY,False,,,NO_ENTRY,False,,,NO_ENTRY,772.9,21.1,737.9,56.1,772.9,21.1,,,,,,
3011,3105.86,BUY,WICK_H4,H4,2025-04-04 04:00:00,1,1.5,2025-04-04 05:30:00,3102.36,35.0,154.2,0.5,,2.0,,,,274.57,True,True,3102.36,0.0,SL,False,,,NO_ENTRY,True,3102.36,2.0,SL,False,,,NO_ENTRY,False,,,NO_ENTRY,False,,,NO_ENTRY,74.5,154.2,,,74.5,239.8,,,,,,
3013,3086.94,BUY,WICK_H4,H4,2025-04-04 08:00:00,1,3.5,2025-04-04 11:30:00,3083.44,35.0,50.6,0.0,,0.25,,,,277.41,True,True,3083.44,0.0,SL,False,,,NO_ENTRY,True,3083.44,0.25,TP,False,,,NO_ENTRY,False,,,NO_ENTRY,False,,,NO_ENTRY,531.3,129.4,,,531.3,139.4,,,,,,
3015,3078.38,BUY,WICK_H4,H4,2025-04-04 12:00:00,1,3.75,2025-04-04 15:45:00,3074.88,35.0,53.8,0.0,,,0.0,,,305.5,True,True,3074.88,0.0,SL,False,,,NO_ENTRY,False,,,NO_ENTRY,False,,,NO_ENTRY,False,,,NO_ENTRY,False,,,NO_ENTRY,152.3,581.8,,,,,,,,,,
3017,3069.5,BUY,WICK_H4,H4,2025-04-04 16:00:00,1,0.75,2025-04-04 16:45:00,3066.0,35.0,493.0,2.0,,,0.0,,,334.15,True,True,3066.0,0.0,SL,False,,,NO_ENTRY,False,,,NO_ENTRY,False,,,NO_ENTRY,False,,,NO_ENTRY,False,,,NO_ENTRY,109.5,504.4,,,,,,,,,,
3021,3015.56,BUY,WICK_H4,H4,2025-04-05 00:00:00,1,49.25,2025-04-07 01:15:00,3012.06,35.0,417.4,1.75,0.25,0.0,0.0,0.0,,353.54,True,True,3012.06,0.0,SL,True,3015.56,0.25,SL,True,3012.06,0.0,SL,False,,,NO_ENTRY,False,,,NO_ENTRY,False,,,NO_ENTRY,433.9,417.4,398.9,452.4,433.9,417.4,,,,,,
3029,3014.72,BUY,WICK_H4,H4,2025-04-07 16:00:00,1,0.75,2025-04-07 16:45:00,3011.22,35.0,550.6,3.75,0.0,0.0,0.25,0.25,,399.26,True,True,3011.22,0.0,SL,True,3014.72,0.0,SL,True,3011.22,0.0,SL,True,2981.1,7.25,SL,True,2978.29,5.75,SL,False,,,NO_ENTRY,267.0,550.6,232.0,585.6,267.0,550.6,235.6,26.7,141.8,85.7,,
3038,2999.38,BUY,WICK_H4,H4,2025-04-08 12:00:00,1,0.5,2025-04-08 12:30:00,2995.88,35.0,1.8,0.0,0.0,0.0,0.0,1.75,,340.98,True,True,2995.88,0.0,TP,True,2999.38,0.0,SL,True,2995.88,0.0,TP,False,,,NO_ENTRY,True,3011.2,1.5,SL,False,,,NO_ENTRY,266.8,1.8,231.8,36.8,266.8,1.8,,,113.6,89.0,,
3040,2994.7,BUY,WICK_H4,H4,2025-04-08 16:00:00,1,3.5,2025-04-08 19:30:00,2991.2,35.0,69.4,0.25,,,,,,343.98,True,True,2991.2,0.0,SL,False,,,NO_ENTRY,False,,,NO_ENTRY,False,,,NO_ENTRY,False,,,NO_ENTRY,False,,,NO_ENTRY,47.4,166.1,,,,,,,,,,
3042,2984.26,BUY,WICK_H4,H4,2025-04-08 20:00:00,1,0.25,2025-04-08 20:15:00,2980.76,35.0,61.7,0.25,0.5,0.25,1.25,,,332.1,True,True,2980.76,0.0,SL,True,2984.26,0.5,SL,True,2980.76,0.25,SL,False,,,NO_ENTRY,False,,,NO_ENTRY,False,,,NO_ENTRY,116.0,61.7,81.0,76.7,116.0,61.7,,,,,,
3044,2974.59,BUY,WICK_H4,H4,2025-04-09 00:00:00,1,2.75,2025-04-09 02:45:00,2971.09,35.0,7.7,0.0,0.0,0.0,0.0,,,323.3,True,True,2971.09,0.0,TP,True,2974.59,0.0,SL,True,2971.09,0.0,TP,False,,,NO_ENTRY,False,,,NO_ENTRY,True,2974.59,0.25,TP,399.2,7.7,364.2,42.7,399.2,7.7,,,,,364.2,22.5
3068,3200.99,BUY,WICK_H4,H4,2025-04-11 08:00:00,1,0.75,2025-04-11 08:45:00,3197.49,35.0,104.3,0.0,0.5,0.5,0.75,2.25,,361.67,True,True,3197.49,0.0,SL,True,3200.99,0.5,SL,True,3197.49,0.5,SL,False,,,NO_ENTRY,True,3217.93,2.25,SL,False,,,NO_ENTRY,326.0,104.3,367.0,84.5,402.0,49.5,,,197.6,95.2,,
3074,3219.51,BUY,WICK_H4,H4,2025-04-11 20:00:00,1,53.25,2025-04-14 01:15:00,3216.01,35.0,31.1,0.0,0.25,0.0,1.5,,,331.38,True,True,3216.01,0.0,SL,True,3219.51,0.25,SL,True,3216.01,0.0,SL,False,,,NO_ENTRY,True,3223.92,2.0,SL,True,3219.51,2.5,SL,295.2,31.1,260.2,42.5,295.2,31.1,,,216.1,86.6,260.2,42.5
3080,3216.38,BUY,WICK_H4,H4,2025-04-14 12:00:00,1,1.5,2025-04-14 13:30:00,3212.88,35.0,123.8,2.0,0.5,0.25,0.5,,,320.56,True,True,3212.88,0.0,SL,True,3216.38,0.5,TP,True,3212.88,0.25,SL,False,,,NO_ENTRY,False,,,NO_ENTRY,False,,,NO_ENTRY,147.1,193.2,112.1,228.2,147.1,193.2,,,,,,
3082,3200.5,BUY,WICK_H4,H4,2025-04-14 16:00:00,1,0.25,2025-04-14 16:15:00,3197.0,35.0,34.4,0.0,0.0,0.0,0.0,1.5,,313.44,True,True,3197.0,0.0,SL,True,3200.5,0.0,SL,True,3197.0,0.0,SL,False,,,NO_ENTRY,True,3211.0,1.5,SL,False,,,NO_ENTRY,186.4,34.4,151.4,69.4,186.4,34.4,,,53.4,147.0,,
3106,3320.69,BUY,WICK_H4,H4,2025-04-17 08:00:00,1,2.25,2025-04-17 10:15:00,3317.19,35.0,46.0,1.25,0.25,0.25,0.25,,,266.83,True,True,3317.19,0.0,SL,True,3320.69,0.25,SL,True,3317.19,0.25,SL,False,,,NO_ENTRY,False,,,NO_ENTRY,True,3320.69,0.5,SL,164.7,46.0,129.7,81.0,164.7,46.0,,,,,129.7,81.0
3110,3320.55,BUY,WICK_H4,H4,2025-04-17 16:00:00,1,0.75,2025-04-17 16:45:00,3317.05,35.0,332.4,0.75,,,0.0,,,278.77,True,True,3317.05,0.0,SL,False,,,NO_ENTRY,False,,,NO_ENTRY,False,,,NO_ENTRY,True,3309.76,2.5,TP,False,,,NO_ENTRY,125.5,332.4,,,,,,,151.5,102.1,,
3131,3424.17,BUY,WICK_H4,H4,2025-04-22 16:00:00,2,0.75,2025-04-22 16:45:00,3420.67,35.0,487.1,2.75,0.25,0.25,0.0,,,364.39,True,True,3420.67,0.0,SL,True,3424.17,0.25,SL,True,3420.67,0.25,SL,False,,,NO_ENTRY,False,,,NO_ENTRY,True,3424.17,1.0,SL,180.9,487.1,145.9,522.1,180.9,487.1,,,,,89.5,522.1
3135,3366.68,BUY,WICK_H4,H4,2025-04-23 00:00:00,1,1.25,2025-04-23 01:15:00,3363.18,35.0,482.6,0.25,2.5,2.5,,,,391.86,True,True,3363.18,0.0,SL,True,3366.68,2.5,SL,True,3363.18,2.5,SL,False,,,NO_ENTRY,True,3350.69,2.0,TP,False,,,NO_ENTRY,232.2,482.6,197.2,378.0,232.2,343.0,,,357.1,218.1,,
3139,3328.88,BUY,WICK_H4,H4,2025-04-23 08:00:00,1,0.75,2025-04-23 08:45:00,3325.38,35.0,338.2,1.0,,,,,,417.22,True,True,3325.38,0.0,SL,False,,,NO_ENTRY,False,,,NO_ENTRY,False,,,NO_ENTRY,True,3321.4,3.0,TP,False,,,NO_ENTRY,151.1,338.2,,,,,,,190.9,109.0,,
3141,3291.56,BUY,WICK_H4,H4,2025-04-23 12:00:00,1,4.75,2025-04-23 16:45:00,3288.06,35.0,280.2,0.25,2.5,0.75,2.75,,,417.91,True,True,3288.06,0.0,SL,True,3291.56,2.5,SL,True,3288.06,0.75,SL,False,,,NO_ENTRY,True,3298.1,2.75,SL,False,,,NO_ENTRY,176.3,280.2,141.3,138.4,176.3,189.4,,,75.9,203.8,,
3149,3320.55,BUY,WICK_H4,H4,2025-04-24 08:00:00,2,1.25,2025-04-24 09:15:00,3317.05,35.0,23.9,0.0,0.5,0.0,0.5,0.75,,405.89,True,True,3317.05,0.0,TP,True,3320.55,0.5,TP,True,3317.05,0.0,TP,False,,,NO_ENTRY,True,3337.57,0.75,SL,False,,,NO_ENTRY,257.9,23.9,222.9,7.3,257.9,23.9,,,52.7,145.8,,
3153,3325.44,BUY,WICK_H4,H4,2025-04-24 16:00:00,1,0.5,2025-04-24 16:30:00,3321.94,35.0,153.7,0.5,1.0,1.0,0.0,,,383.82,True,True,3321.94,0.0,SL,True,3325.44,1.0,SL,True,3321.94,1.0,SL,False,,,NO_ENTRY,True,3334.98,2.5,SL,False,,,NO_ENTRY,166.6,153.7,147.9,86.2,182.9,51.2,,,119.0,126.1,,
3157,3346.79,BUY,WICK_H4,H4,2025-04-25 04:00:00,2,2.75,2025-04-25 06:45:00,3343.29,35.0,270.3,0.75,,,,,,368.87,True,True,3343.29,0.0,SL,False,,,NO_ENTRY,False,,,NO_ENTRY,False,,,NO_ENTRY,False,,,NO_ENTRY,False,,,NO_ENTRY,-8.2,567.4,,,,,,,,,,
3159,3316.26,BUY,WICK_H4,H4,2025-04-25 08:00:00,1,0.5,2025-04-25 08:30:00,3312.76,35.0,262.1,0.25,,,,,,371.41,True,True,3312.76,0.0,SL,False,,,NO_ENTRY,False,,,NO_ENTRY,False,,,NO_ENTRY,False,,,NO_ENTRY,False,,,NO_ENTRY,65.4,262.1,,,,,,,,,,
3163,3287.9,BUY,WICK_H4,H4,2025-04-25 16:00:00,1,0.25,2025-04-25 16:15:00,3284.4,35.0,193.4,0.25,,1.0,,,,353.82,True,True,3284.4,0.0,SL,False,,,NO_ENTRY,True,3284.4,1.0,SL,False,,,NO_ENTRY,False,,,NO_ENTRY,False,,,NO_ENTRY,68.0,193.4,,,124.8,144.2,,,,,,
3167,3298.55,BUY,WICK_H4,H4,2025-04-28 04:00:00,1,0.5,2025-04-28 04:30:00,3295.05,35.0,272.0,0.5,3.25,3.25,,,,365.12,True,True,3295.05,0.0,SL,True,3298.55,3.25,SL,True,3295.05,3.25,SL,False,,,NO_ENTRY,True,3298.77,3.25,SL,False,,,NO_ENTRY,58.0,272.0,23.0,210.6,58.0,175.6,,,20.8,212.8,,
3170,3277.49,BUY,WICK_H4,H4,2025-04-28 12:00:00,1,1.0,2025-04-28 13:00:00,3273.99,35.0,9.4,0.0,0.0,0.0,0.25,0.75,,351.13,True,True,3273.99,0.0,TP,True,3277.49,0.0,SL,True,3273.99,0.0,TP,False,,,NO_ENTRY,True,3289.14,0.5,SL,False,,,NO_ENTRY,282.0,9.4,247.0,44.4,282.0,9.4,,,413.1,57.5,,
3176,3332.97,BUY,WICK_H4,H4,2025-04-29 00:00:00,2,3.75,2025-04-29 03:45:00,3329.47,35.0,17.9,0.0,,0.0,,,,341.33,True,True,3329.47,0.0,SL,False,,,NO_ENTRY,True,3329.47,0.0,SL,False,,,NO_ENTRY,False,,,NO_ENTRY,False,,,NO_ENTRY,104.7,229.1,,,104.7,229.1,,,,,,
3178,3327.68,BUY,WICK_H4,H4,2025-04-29 04:00:00,1,0.75,2025-04-29 04:45:00,3324.18,35.0,176.2,3.0,0.25,0.0,0.5,,,340.79,True,True,3324.18,0.0,SL,True,3327.68,0.25,SL,True,3324.18,0.0,SL,False,,,NO_ENTRY,False,,,NO_ENTRY,True,3327.68,0.75,SL,95.3,192.2,60.3,227.2,95.3,192.2,,,,,49.7,227.2
3188,3310.89,BUY,WICK_H4,H4,2025-04-30 04:00:00,2,1.0,2025-04-30 05:00:00,3307.39,35.0,61.4,2.25,0.0,0.0,,,,290.49,True,True,3307.39,0.0,SL,True,3310.89,0.0,SL,True,3307.39,0.0,SL,False,,,NO_ENTRY,False,,,NO_ENTRY,False,,,NO_ENTRY,71.4,61.4,36.4,96.4,71.4,61.4,,,,,,
3190,3301.25,BUY,WICK_H4,H4,2025-04-30 08:00:00,1,3.25,2025-04-30 11:15:00,3297.75,35.0,175.6,0.0,,,,,,294.27,True,True,3297.75,0.0,SL,False,,,NO_ENTRY,False,,,NO_ENTRY,False,,,NO_ENTRY,False,,,NO_ENTRY,False,,,NO_ENTRY,-54.8,309.9,,,,,,,,,,
3192,3280.19,BUY,WICK_H4,H4,2025-04-30 12:00:00,2,1.0,2025-04-30 13:00:00,3276.69,35.0,99.3,2.0,1.25,0.25,2.25,2.25,,300.33,True,True,3276.69,0.0,SL,True,3280.19,1.25,SL,True,3276.69,0.25,SL,False,,,NO_ENTRY,True,3289.27,2.25,SL,False,,,NO_ENTRY,429.8,99.3,394.8,134.3,429.8,99.3,,,304.0,151.4,,
3196,3292.83,BUY,WICK_H4,H4,2025-04-30 20:00:00,1,3.25,2025-04-30 23:15:00,3289.33,35.0,64.4,0.25,,0.0,,,,298.56,True,True,3289.33,0.0,SL,False,,,NO_ENTRY,True,3289.33,0.0,SL,False,,,NO_ENTRY,False,,,NO_ENTRY,False,,,NO_ENTRY,55.9,541.3,,,55.9,541.3,,,,,,
3198,3282.89,BUY,WICK_H4,H4,2025-05-01 00:00:00,1,1.25,2025-05-01 01:15:00,3279.39,35.0,384.7,2.5,,0.75,,,,312.13,True,True,3279.39,0.0,SL,False,,,NO_ENTRY,True,3279.39,0.75,SL,False,,,NO_ENTRY,False,,,NO_ENTRY,False,,,NO_ENTRY,58.1,453.2,,,58.1,485.0,,,,,,
3200,3240.92,BUY,WICK_H4,H4,2025-05-01 04:00:00,2,1.0,2025-05-01 05:00:00,3237.42,35.0,162.3,2.5,0.25,0.0,0.25,,,311.5,True,True,3237.42,0.0,TP,True,3240.92,0.25,TP,True,3237.42,0.0,TP,False,,,NO_ENTRY,False,,,NO_ENTRY,False,,,NO_ENTRY,141.0,162.3,106.0,197.3,141.0,162.3,,,,,,
3204,3223.32,BUY,WICK_H4,H4,2025-05-01 12:00:00,1,0.75,2025-05-01 12:45:00,3219.82,35.0,180.6,2.25,0.75,0.75,2.75,,,306.24,True,True,3219.82,0.0,SL,True,3223.32,0.75,SL,True,3219.82,0.75,SL,False,,,NO_ENTRY,False,,,NO_ENTRY,False,,,NO_ENTRY,133.4,180.6,98.4,215.6,133.4,180.6,,,,,,
3214,3246.33,BUY,WICK_H4,H4,2025-05-02 12:00:00,2,5.0,2025-05-02 17:00:00,3242.83,35.0,201.6,2.75,0.0,0.0,0.0,0.25,,287.61,True,True,3242.83,0.0,TP,True,3246.33,0.0,SL,True,3242.83,0.0,TP,False,,,NO_ENTRY,True,3262.69,0.75,SL,False,,,NO_ENTRY,216.0,201.6,181.0,236.6,216.0,201.6,,,17.4,400.2,,
3233,3378.13,BUY,WICK_H4,H4,2025-05-06 20:00:00,2,7.75,2025-05-07 03:45:00,3374.63,35.0,141.1,0.0,0.0,0.0,,,,323.87,True,True,3374.63,0.0,SL,True,3378.13,0.0,SL,True,3374.63,0.0,SL,False,,,NO_ENTRY,False,,,NO_ENTRY,False,,,NO_ENTRY,191.1,145.3,156.1,180.3,191.1,145.3,,,,,,
3239,3378.12,BUY,WICK_H4,H4,2025-05-07 12:00:00,1,0.5,2025-05-07 12:30:00,3374.62,35.0,54.6,0.5,0.0,0.0,0.5,0.75,,310.21,True,True,3374.62,0.0,SL,True,3378.12,0.0,SL,True,3374.62,0.0,SL,False,,,NO_ENTRY,True,3390.3,0.75,SL,False,,,NO_ENTRY,190.5,54.6,155.5,89.6,190.5,54.6,,,77.0,145.9,,
3243,3375.71,BUY,WICK_H4,H4,2025-05-07 20:00:00,1,2.25,2025-05-07 22:15:00,3372.21,35.0,86.2,1.5,4.25,0.0,5.0,,,306.75,True,True,3372.21,0.0,SL,True,3375.71,4.25,SL,True,3372.21,0.0,SL,True,3380.37,5.75,TP,True,3375.85,4.25,TP,False,,,NO_ENTRY,145.7,86.2,389.3,30.1,145.7,86.2,342.7,61.7,387.9,31.5,,
3246,3364.06,BUY,WICK_H4,H4,2025-05-08 04:00:00,1,5.0,2025-05-08 09:00:00,3360.56,35.0,403.9,0.75,,,,,,328.94,True,True,3360.56,0.0,SL,False,,,NO_ENTRY,False,,,NO_ENTRY,False,,,NO_ENTRY,False,,,NO_ENTRY,False,,,NO_ENTRY,12.4,403.9,,,,,,,,,,
3251,3330.23,BUY,WICK_H4,H4,2025-05-08 16:00:00,1,3.0,2025-05-08 19:00:00,3326.73,35.0,224.0,0.25,,,,,,348.9,True,True,3326.73,0.0,SL,False,,,NO_ENTRY,False,,,NO_ENTRY,False,,,NO_ENTRY,False,,,NO_ENTRY,False,,,NO_ENTRY,33.7,380.5,,,,,,,,,,
3253,3304.33,BUY,WICK_H4,H4,2025-05-08 20:00:00,1,0.25,2025-05-08 20:15:00,3300.83,35.0,121.5,2.0,0.5,0.0,0.75,,,339.93,True,True,3300.83,0.0,SL,True,3304.33,0.5,SL,True,3300.83,0.0,SL,False,,,NO_ENTRY,False,,,NO_ENTRY,False,,,NO_ENTRY,150.5,121.5,193.5,156.5,150.5,121.5,,,,,,
3254,3288.68,BUY,WICK_H4,H4,2025-05-09 00:00:00,1,5.0,2025-05-09 05:00:00,3285.18,35.0,105.8,0.0,0.5,0.5,0.5,0.75,2.75,342.86,True,True,3285.18,0.0,SL,True,3288.68,0.5,SL,True,3285.18,0.5,SL,False,,,NO_ENTRY,True,3314.76,2.0,TP,False,,,NO_ENTRY,450.0,105.8,415.0,88.3,450.0,53.3,,,173.1,67.8,,
3265,3324.81,BUY,WICK_H4,H4,2025-05-10 00:00:00,1,49.25,2025-05-12 01:15:00,3321.31,35.0,554.8,0.75,,,,,,328.3,True,True,3321.31,0.0,SL,False,,,NO_ENTRY,False,,,NO_ENTRY,False,,,NO_ENTRY,False,,,NO_ENTRY,False,,,NO_ENTRY,-314.8,626.1,,,,,,,,,,
3266,3265.83,BUY,WICK_H4,H4,2025-05-12 04:00:00,1,0.25,2025-05-12 04:15:00,3262.33,35.0,36.3,0.0,0.25,0.0,0.25,0.75,,323.4,True,True,3262.33,0.0,SL,True,3265.83,0.25,TP,True,3262.33,0.0,SL,False,,,NO_ENTRY,True,3281.21,2.0,SL,False,,,NO_ENTRY,223.4,36.3,188.4,24.2,223.4,36.3,,,34.6,620.2,,
3268,3258.7,BUY,WICK_H4,H4,2025-05-12 08:00:00,1,2.25,2025-05-12 10:15:00,3255.2,35.0,392.1,0.5,,,,,,347.08,True,True,3255.2,0.0,SL,False,,,NO_ENTRY,False,,,NO_ENTRY,False,,,NO_ENTRY,False,,,NO_ENTRY,False,,,NO_ENTRY,-41.8,475.6,,,,,,,,,,
3270,3215.99,BUY,WICK_H4,H4,2025-05-12 12:00:00,1,1.25,2025-05-12 13:15:00,3212.49,35.0,48.5,0.5,0.75,0.0,0.75,2.0,,341.31,True,True,3212.49,0.0,SL,True,3215.99,0.75,SL,True,3212.49,0.0,SL,False,,,NO_ENTRY,True,3224.74,1.5,SL,False,,,NO_ENTRY,360.5,48.5,325.5,82.1,360.5,48.5,,,238.0,72.5,,
3276,3229.61,BUY,WICK_H4,H4,2025-05-13 04:00:00,1,0.75,2025-05-13 04:45:00,3226.11,35.0,104.3,0.0,0.75,0.25,0.75,2.75,,315.65,True,True,3226.11,0.0,SL,True,3229.61,0.75,SL,True,3226.11,0.25,SL,False,,,NO_ENTRY,True,3246.8,2.75,TP,False,,,NO_ENTRY,344.9,104.3,309.9,47.0,344.9,30.6,,,186.4,85.7,,
3279,3247.2,BUY,WICK_H4,H4,2025-05-13 12:00:00,1,3.25,2025-05-13 15:15:00,3243.7,35.0,65.0,0.0,0.25,0.25,,,,299.46,True,True,3243.7,0.0,SL,True,3247.2,0.25,SL,True,3243.7,0.25,SL,False,,,NO_ENTRY,False,,,NO_ENTRY,False,,,NO_ENTRY,139.8,183.0,104.8,218.0,139.8,183.0,,,,,,
3281,3237.2,BUY,WICK_H4,H4,2025-05-13 16:00:00,1,0.5,2025-05-13 16:30:00,3233.7,35.0,83.0,0.5,0.0,0.0,0.0,2.0,,301.13,True,True,3233.7,0.0,TP,True,3237.2,0.0,SL,True,3233.7,0.0,TP,False,,,NO_ENTRY,True,3250.55,2.0,SL,False,,,NO_ENTRY,239.8,83.0,204.8,118.0,239.8,83.0,,,71.3,85.8,,
3287,3240.46,BUY,WICK_H4,H4,2025-05-14 04:00:00,2,1.0,2025-05-14 05:00:00,3236.96,35.0,154.4,3.0,,0.0,,,,280.77,True,True,3236.96,0.0,SL,False,,,NO_ENTRY,True,3236.96,0.0,SL,True,3232.4,7.0,SL,True,3233.72,3.75,SL,False,,,NO_ENTRY,44.3,154.4,,,44.3,154.4,66.7,569.9,99.7,96.4,,
3290,3221.52,BUY,WICK_H4,H4,2025-05-14 12:00:00,1,3.0,2025-05-14 15:00:00,3218.02,35.0,443.6,4.5,,,,,,296.11,True,True,3218.02,0.0,SL,False,,,NO_ENTRY,False,,,NO_ENTRY,True,3188.34,5.0,SL,True,3188.39,4.75,SL,False,,,NO_ENTRY,44.0,431.6,,,,,20.2,205.8,24.1,206.3,,
3293,3173.66,BUY,WICK_H4,H4,2025-05-14 20:00:00,1,2.0,2025-05-14 22:00:00,3170.16,35.0,24.0,0.0,0.25,0.0,0.5,,,287.71,True,True,3170.16,0.0,TP,True,3173.66,0.25,SL,True,3170.16,0.0,TP,False,,,NO_ENTRY,False,,,NO_ENTRY,False,,,NO_ENTRY,170.4,24.0,135.4,41.2,170.4,24.0,,,,,,
3295,3167.76,BUY,WICK_H4,H4,2025-05-15 00:00:00,1,5.5,2025-05-15 05:30:00,3164.26,35.0,288.2,2.25,,,,,,296.36,True,True,3164.26,0.0,SL,False,,,NO_ENTRY,False,,,NO_ENTRY,False,,,NO_ENTRY,False,,,NO_ENTRY,False,,,NO_ENTRY,15.2,436.5,,,,,,,,,,
3297,3135.44,BUY,WICK_H4,H4,2025-05-15 08:00:00,1,0.75,2025-05-15 08:45:00,3131.94,35.0,113.3,0.25,0.5,0.5,0.5,0.75,3.0,306.27,True,True,3131.94,0.0,SL,True,3135.44,0.5,SL,True,3131.94,0.5,SL,False,,,NO_ENTRY,True,3158.52,2.75,TP,False,,,NO_ENTRY,395.7,113.3,423.4,104.1,458.4,69.1,,,285.8,91.7,,
3304,3231.88,BUY,WICK_H4,H4,2025-05-16 04:00:00,1,0.25,2025-05-16 04:15:00,3228.38,35.0,219.5,1.75,,,,,,304.54,True,True,3228.38,0.0,SL,False,,,NO_ENTRY,False,,,NO_ENTRY,False,,,NO_ENTRY,False,,,NO_ENTRY,False,,,NO_ENTRY,24.7,219.5,,,,,,,,,,
3305,3206.43,BUY,WICK_H4,H4,2025-05-16 08:00:00,2,3.25,2025-05-16 11:15:00,3202.93,35.0,74.4,0.0,0.25,0.0,,,,308.25,True,True,3202.93,0.0,SL,True,3206.43,0.25,SL,True,3202.93,0.0,SL,False,,,NO_ENTRY,False,,,NO_ENTRY,False,,,NO_ENTRY,98.8,488.5,63.8,523.5,98.8,488.5,,,,,,
3307,3195.49,BUY,WICK_H4,H4,2025-05-16 12:00:00,1,2.0,2025-05-16 14:00:00,3191.99,35.0,379.1,0.75,,,,,,328.18,True,True,3191.99,0.0,SL,False,,,NO_ENTRY,False,,,NO_ENTRY,False,,,NO_ENTRY,False,,,NO_ENTRY,False,,,NO_ENTRY,-39.8,379.1,,,,,,,,,,
3319,3225.24,BUY,WICK_H4,H4,2025-05-20 00:00:00,1,2.0,2025-05-20 02:00:00,3221.74,35.0,77.2,1.5,,0.25,,,,288.8,True,True,3221.74,0.0,SL,False,,,NO_ENTRY,True,3221.74,0.25,SL,False,,,NO_ENTRY,False,,,NO_ENTRY,False,,,NO_ENTRY,108.8,172.9,,,108.8,172.9,,,,,,
3320,3214.02,BUY,WICK_H4,H4,2025-05-20 04:00:00,1,1.5,2025-05-20 05:30:00,3210.52,35.0,60.7,0.5,2.25,0.5,2.25,,,288.29,True,True,3210.52,0.0,SL,True,3214.02,2.25,SL,True,3210.52,0.5,SL,False,,,NO_ENTRY,True,3217.19,2.25,SL,False,,,NO_ENTRY,91.5,60.7,219.5,61.8,91.5,60.7,,,187.8,93.5,,
3333,3298.35,BUY,WICK_H4,H4,2025-05-21 12:00:00,1,3.5,2025-05-21 15:30:00,3294.85,35.0,39.5,0.0,0.0,0.0,0.25,,,277.46,True,True,3294.85,0.0,SL,True,3298.35,0.0,SL,True,3294.85,0.0,SL,False,,,NO_ENTRY,False,,,NO_ENTRY,False,,,NO_ENTRY,202.5,39.5,167.5,74.5,202.5,39.5,,,,,,
3342,3320.25,BUY,WICK_H4,H4,2025-05-22 08:00:00,1,3.5,2025-05-22 11:30:00,3316.75,35.0,339.5,2.5,,,,,,258.96,True,True,3316.75,0.0,SL,False,,,NO_ENTRY,False,,,NO_ENTRY,False,,,NO_ENTRY,False,,,NO_ENTRY,False,,,NO_ENTRY,19.8,339.5,,,,,,,,,,
3356,3336.54,BUY,WICK_H4,H4,2025-05-23 20:00:00,1,55.25,2025-05-26 03:15:00,3333.04,35.0,16.1,0.0,0.5,0.0,0.5,,,251.65,True,True,3333.04,0.0,TP,True,3336.54,0.5,SL,True,3333.04,0.0,TP,False,,,NO_ENTRY,False,,,NO_ENTRY,False,,,NO_ENTRY,236.8,16.1,201.8,39.4,236.8,16.1,,,,,,
3361,3335.48,BUY,WICK_H4,H4,2025-05-26 08:00:00,1,3.5,2025-05-26 11:30:00,3331.98,35.0,10.0,0.0,,0.0,,,,245.88,True,True,3331.98,0.0,SL,False,,,NO_ENTRY,True,3331.98,0.0,SL,False,,,NO_ENTRY,False,,,NO_ENTRY,False,,,NO_ENTRY,45.6,84.0,,,45.6,84.0,,,,,,
3363,3330.98,BUY,WICK_H4,H4,2025-05-26 12:00:00,1,0.5,2025-05-26 12:30:00,3327.48,35.0,26.9,0.0,0.5,0.0,0.75,,,237.21,True,True,3327.48,0.0,SL,True,3330.98,0.5,SL,True,3327.48,0.0,SL,False,,,NO_ENTRY,True,3333.08,2.25,SL,True,3330.98,0.75,SL,109.7,26.9,105.1,47.3,109.7,26.9,,,84.1,68.3,105.1,47.3
3366,3331.31,BUY,WICK_H4,H4,2025-05-26 20:00:00,1,12.0,2025-05-27 08:00:00,3327.81,35.0,353.5,2.75,,0.0,,,,216.7,True,True,3327.81,0.0,SL,False,,,NO_ENTRY,True,3327.81,0.0,SL,False,,,NO_ENTRY,False,,,NO_ENTRY,False,,,NO_ENTRY,47.2,353.5,,,47.2,353.5,,,,,,
3370,3292.46,BUY,WICK_H4,H4,2025-05-27 12:00:00,2,2.75,2025-05-27 14:45:00,3288.96,35.0,13.5,0.0,0.25,0.25,0.5,,,217.01,True,True,3288.96,0.0,TP,True,3292.46,0.25,SL,True,3288.96,0.25,TP,False,,,NO_ENTRY,False,,,NO_ENTRY,True,3292.46,0.75,TP,158.1,41.0,123.1,76.0,158.1,41.0,,,,,123.1,76.0
3377,3297.08,BUY,WICK_H4,H4,2025-05-28 04:00:00,1,2.5,2025-05-28 06:30:00,3293.58,35.0,12.6,0.0,0.0,0.0,0.25,,,207.71,True,True,3293.58,0.0,TP,True,3297.08,0.0,SL,True,3293.58,0.0,TP,False,,,NO_ENTRY,False,,,NO_ENTRY,False,,,NO_ENTRY,239.2,12.6,204.2,47.6,239.2,12.6,,,,,,
3382,3305.26,BUY,WICK_H4,H4,2025-05-28 16:00:00,1,0.5,2025-05-28 16:30:00,3301.76,35.0,132.1,3.25,0.75,0.25,0.0,,,216.59,True,True,3301.76,0.0,SL,True,3305.26,0.75,SL,True,3301.76,0.25,SL,False,,,NO_ENTRY,False,,,NO_ENTRY,False,,,NO_ENTRY,76.8,132.1,30.6,167.1,71.7,132.1,,,,,,
3386,3276.15,BUY,WICK_H4,H4,2025-05-29 00:00:00,1,2.25,2025-05-29 02:15:00,3272.65,35.0,225.3,0.25,,,,,,236.18,True,True,3272.65,0.0,SL,False,,,NO_ENTRY,False,,,NO_ENTRY,False,,,NO_ENTRY,False,,,NO_ENTRY,False,,,NO_ENTRY,45.8,273.3,,,,,,,,,,
3388,3250.12,BUY,WICK_H4,H4,2025-05-29 04:00:00,1,0.25,2025-05-29 04:15:00,3246.62,35.0,13.0,0.0,0.0,0.0,0.0,0.5,1.5,244.12,True,True,3246.62,0.0,TP,True,3250.12,0.0,SL,True,3246.62,0.0,TP,False,,,NO_ENTRY,True,3269.42,1.25,TP,False,,,NO_ENTRY,334.3,13.0,299.3,48.0,334.3,13.0,,,106.3,71.3,,
3397,3315.23,BUY,WICK_H4,H4,2025-05-30 00:00:00,1,3.5,2025-05-30 03:30:00,3311.73,35.0,22.4,0.25,,0.0,,,,235.81,True,True,3311.73,0.0,TP,False,,,NO_ENTRY,True,3311.73,0.0,TP,False,,,NO_ENTRY,False,,,NO_ENTRY,False,,,NO_ENTRY,108.7,205.6,,,108.7,205.6,,,,,,
3399,3309.49,BUY,WICK_H4,H4,2025-05-30 04:00:00,1,1.0,2025-05-30 05:00:00,3305.99,35.0,148.2,1.75,,,0.0,,,241.41,True,True,3305.99,0.0,SL,False,,,NO_ENTRY,False,,,NO_ENTRY,False,,,NO_ENTRY,False,,,NO_ENTRY,False,,,NO_ENTRY,61.2,158.1,,,,,,,,,,
3405,3282.79,BUY,WICK_H4,H4,2025-05-30 16:00:00,1,1.0,2025-05-30 17:00:00,3279.29,35.0,79.0,0.0,0.25,0.0,0.0,1.5,,246.27,True,True,3279.29,0.0,SL,True,3282.79,0.25,SL,True,3279.29,0.0,SL,False,,,NO_ENTRY,True,3293.26,2.75,SL,True,3282.79,1.25,TP,163.3,79.0,128.3,95.0,163.3,79.0,,,24.5,73.9,128.3,0.5
3419,3373.73,BUY,WICK_H4,H4,2025-06-03 04:00:00,1,0.25,2025-06-03 04:15:00,3370.23,35.0,111.1,3.25,0.75,0.25,1.0,,,230.55,True,True,3370.23,0.0,SL,True,3373.73,0.75,SL,True,3370.23,0.25,SL,False,,,NO_ENTRY,False,,,NO_ENTRY,False,,,NO_ENTRY,76.9,114.3,41.9,175.1,76.9,140.1,,,,,,
3421,3359.12,BUY,WICK_H4,H4,2025-06-03 08:00:00,3,1.75,2025-06-03 09:45:00,3355.62,35.0,46.5,0.0,1.0,0.0,1.25,,,225.95,True,True,3355.62,0.0,SL,True,3359.12,1.0,SL,True,3355.62,0.0,SL,False,,,NO_ENTRY,False,,,NO_ENTRY,True,3359.12,1.25,SL,91.8,46.5,56.8,58.7,91.8,46.5,,,,,56.8,89.5
3425,3348.89,BUY,WICK_H4,H4,2025-06-03 16:00:00,1,1.0,2025-06-03 17:00:00,3345.39,35.0,124.0,0.0,0.5,0.25,1.5,,,225.56,True,True,3345.39,0.0,SL,True,3348.89,0.5,SL,True,3345.39,0.25,SL,False,,,NO_ENTRY,True,3350.3,1.5,SL,False,,,NO_ENTRY,90.6,124.0,55.6,50.0,90.6,84.8,,,50.9,57.8,,
3433,3347.84,BUY,WICK_H4,H4,2025-06-04 12:00:00,2,2.5,2025-06-04 14:30:00,3344.34,35.0,2.5,0.0,0.0,0.0,0.25,0.75,,209.45,True,True,3344.34,0.0,TP,True,3347.84,0.0,SL,True,3344.34,0.0,TP,False,,,NO_ENTRY,False,,,NO_ENTRY,False,,,NO_ENTRY,402.5,2.5,367.5,37.5,402.5,2.5,,,,,,
3440,3372.17,BUY,WICK_H4,H4,2025-06-05 04:00:00,1,1.25,2025-06-05 05:15:00,3368.67,35.0,48.5,2.0,1.0,0.0,1.0,,,202.86,True,True,3368.67,0.0,SL,True,3372.17,1.0,SL,True,3368.67,0.0,SL,False,,,NO_ENTRY,False,,,NO_ENTRY,False,,,NO_ENTRY,86.3,76.2,51.3,111.2,86.3,76.2,,,,,,
3444,3361.05,BUY,WICK_H4,H4,2025-06-05 12:00:00,1,6.5,2025-06-05 18:30:00,3357.55,35.0,183.2,0.25,,,,,,226.67,True,True,3357.55,0.0,SL,False,,,NO_ENTRY,False,,,NO_ENTRY,False,,,NO_ENTRY,False,,,NO_ENTRY,False,,,NO_ENTRY,54.1,183.2,,,,,,,,,,
3454,3343.41,BUY,WICK_H4,H4,2025-06-06 16:00:00,1,1.0,2025-06-06 17:00:00,3339.91,35.0,236.5,0.25,,,,,,228.39,True,True,3339.91,0.0,SL,False,,,NO_ENTRY,False,,,NO_ENTRY,False,,,NO_ENTRY,False,,,NO_ENTRY,False,,,NO_ENTRY,50.1,262.9,,,,,,,,,,
3456,3316.26,BUY,WICK_H4,H4,2025-06-06 20:00:00,2,2.5,2025-06-06 22:30:00,3312.76,35.0,58.3,0.5,,0.0,,,,226.2,True,True,3312.76,0.0,SL,False,,,NO_ENTRY,True,3312.76,0.0,SL,False,,,NO_ENTRY,False,,,NO_ENTRY,False,,,NO_ENTRY,83.7,111.7,,,83.7,111.7,,,,,,
3458,3306.93,BUY,WICK_H4,H4,2025-06-07 00:00:00,1,51.5,2025-06-09 03:30:00,3303.43,35.0,52.9,0.25,,0.25,0.0,,,226.47,True,True,3303.43,0.0,SL,False,,,NO_ENTRY,True,3303.43,0.25,SL,False,,,NO_ENTRY,False,,,NO_ENTRY,False,,,NO_ENTRY,99.1,100.4,,,99.1,100.4,,,,,,
3460,3298.14,BUY,WICK_H4,H4,2025-06-09 04:00:00,1,1.0,2025-06-09 05:00:00,3294.64,35.0,12.5,0.0,0.25,0.0,0.25,0.75,,224.54,True,True,3294.64,0.0,TP,True,3298.14,0.25,TP,True,3294.64,0.0,TP,False,,,NO_ENTRY,False,,,NO_ENTRY,False,,,NO_ENTRY,224.4,12.5,222.1,13.5,224.4,12.5,,,,,,
3469,3314.45,BUY,WICK_H4,H4,2025-06-10 04:00:00,1,0.25,2025-06-10 04:15:00,3310.95,35.0,91.9,1.25,,,,,,204.74,True,True,3310.95,0.0,SL,False,,,NO_ENTRY,False,,,NO_ENTRY,False,,,NO_ENTRY,False,,,NO_ENTRY,False,,,NO_ENTRY,47.0,91.9,,,,,,,,,,
3474,3327.03,BUY,WICK_H4,H4,2025-06-10 16:00:00,1,2.25,2025-06-10 18:15:00,3323.53,35.0,42.3,3.5,4.0,0.0,0.25,4.25,,212.39,True,True,3323.53,0.0,SL,True,3327.03,4.0,SL,True,3323.53,0.0,SL,True,3322.37,5.75,SL,True,3325.99,3.75,SL,False,,,NO_ENTRY,84.2,42.3,74.4,116.5,84.2,42.3,149.5,69.9,84.8,106.1,,
3482,3332.34,BUY,WICK_H4,H4,2025-06-11 12:00:00,2,1.75,2025-06-11 13:45:00,3328.84,35.0,28.4,0.25,0.75,0.0,0.75,1.5,1.75,211.08,True,True,3328.84,0.0,SL,True,3332.34,0.75,SL,True,3328.84,0.0,SL,False,,,NO_ENTRY,True,3354.23,1.75,SL,True,3332.34,2.0,TP,317.1,28.4,282.1,51.9,317.1,28.4,,,63.2,263.1,232.8,44.2
3486,3327.92,BUY,WICK_H4,H4,2025-06-11 20:00:00,1,0.25,2025-06-11 20:15:00,3324.42,35.0,52.2,0.25,0.75,0.75,0.75,0.75,1.25,218.95,True,True,3324.42,0.0,SL,True,3327.92,0.75,SL,True,3324.42,0.75,TP,False,,,NO_ENTRY,True,3341.94,0.75,SL,False,,,NO_ENTRY,405.6,52.2,454.1,41.4,489.1,6.4,,,313.9,181.6,,
3490,3362.34,BUY,WICK_H4,H4,2025-06-12 08:00:00,1,2.75,2025-06-12 10:45:00,3358.84,35.0,189.4,0.0,,0.5,,,,223.36,True,True,3358.84,0.0,SL,False,,,NO_ENTRY,True,3358.84,0.5,SL,False,,,NO_ENTRY,False,,,NO_ENTRY,False,,,NO_ENTRY,296.9,189.4,,,296.9,84.5,,,,,,
3509,3431.45,BUY,WICK_H4,H4,2025-06-16 04:00:00,1,3.75,2025-06-16 07:45:00,3427.95,35.0,185.7,2.25,,,,,,228.87,True,True,3427.95,0.0,SL,False,,,NO_ENTRY,False,,,NO_ENTRY,False,,,NO_ENTRY,False,,,NO_ENTRY,False,,,NO_ENTRY,23.4,185.7,,,,,,,,,,
3514,3410.69,BUY,WICK_H4,H4,2025-06-16 16:00:00,1,0.5,2025-06-16 16:30:00,3407.19,35.0,247.0,0.25,,0.0,0.0,,,229.29,True,True,3407.19,0.0,SL,False,,,NO_ENTRY,True,3407.19,0.0,SL,False,,,NO_ENTRY,False,,,NO_ENTRY,False,,,NO_ENTRY,100.1,247.0,,,100.1,247.0,,,,,,
3517,3382.81,BUY,WICK_H4,H4,2025-06-17 00:00:00,1,6.25,2025-06-17 06:15:00,3379.31,35.0,57.3,0.0,0.0,0.0,0.0,1.25,,226.71,True,True,3379.31,0.0,SL,True,3382.81,0.0,SL,True,3379.31,0.0,SL,False,,,NO_ENTRY,False,,,NO_ENTRY,True,3382.81,0.5,TP,167.8,57.3,132.8,92.3,167.8,57.3,,,,,132.8,17.7
3528,3382.82,BUY,WICK_H4,H4,2025-06-18 04:00:00,1,0.75,2025-06-18 04:45:00,3379.32,35.0,88.0,0.75,1.25,1.25,1.5,2.0,,221.34,True,True,3379.32,0.0,SL,True,3382.82,1.25,SL,True,3379.32,1.25,TP,False,,,NO_ENTRY,True,3389.05,1.75,TP,False,,,NO_ENTRY,205.7,88.0,170.7,36.2,205.7,1.2,,,108.4,120.7,,
3535,3373.73,BUY,WICK_H4,H4,2025-06-18 20:00:00,1,2.25,2025-06-18 22:15:00,3370.23,35.0,78.3,0.75,,,0.0,,,222.96,True,True,3370.23,0.0,SL,False,,,NO_ENTRY,False,,,NO_ENTRY,False,,,NO_ENTRY,False,,,NO_ENTRY,False,,,NO_ENTRY,100.3,78.3,,,,,,,,,,
3540,3369.61,BUY,WICK_H4,H4,2025-06-19 08:00:00,1,0.75,2025-06-19 08:45:00,3366.11,35.0,187.2,0.75,2.75,1.75,,,,219.06,True,True,3366.11,0.0,SL,True,3369.61,2.75,SL,True,3366.11,1.75,SL,False,,,NO_ENTRY,True,3370.13,2.75,SL,False,,,NO_ENTRY,74.5,187.2,92.7,61.9,127.7,132.3,,,87.5,67.1,,
3547,3365.74,BUY,WICK_H4,H4,2025-06-20 00:00:00,1,1.5,2025-06-20 01:30:00,3362.24,35.0,1.2,0.0,0.5,0.0,0.75,,,191.25,True,True,3362.24,0.0,SL,True,3365.74,0.5,SL,True,3362.24,0.0,SL,False,,,NO_ENTRY,False,,,NO_ENTRY,True,3365.74,1.0,SL,80.7,94.2,45.7,211.1,80.7,94.2,,,,,45.0,211.1
3548,3361.79,BUY,WICK_H4,H4,2025-06-20 04:00:00,1,0.25,2025-06-20 04:15:00,3358.29,35.0,136.6,1.75,,0.0,0.5,,,194.44,True,True,3358.29,0.0,SL,False,,,NO_ENTRY,True,3358.29,0.0,SL,False,,,NO_ENTRY,False,,,NO_ENTRY,False,,,NO_ENTRY,59.9,136.6,,,59.9,136.6,,,,,,
3549,3344.63,BUY,WICK_H4,H4,2025-06-20 08:00:00,1,1.5,2025-06-20 09:30:00,3341.13,35.0,8.9,0.0,0.25,0.25,0.25,0.5,,191.2,True,True,3341.13,0.0,TP,True,3344.63,0.25,SL,True,3341.13,0.25,TP,False,,,NO_ENTRY,False,,,NO_ENTRY,False,,,NO_ENTRY,179.1,8.9,144.1,39.7,179.1,4.7,,,,,,
3555,3364.5,BUY,WICK_H4,H4,2025-06-21 00:00:00,1,51.5,2025-06-23 03:30:00,3361.0,35.0,27.0,0.0,0.0,0.0,0.25,,,203.46,True,True,3361.0,0.0,SL,True,3364.5,0.0,SL,True,3361.0,0.0,SL,False,,,NO_ENTRY,False,,,NO_ENTRY,False,,,NO_ENTRY,69.4,91.7,34.4,126.7,69.4,91.7,,,,,,
3557,3358.3,BUY,WICK_H4,H4,2025-06-23 04:00:00,1,0.5,2025-06-23 04:30:00,3354.8,35.0,21.3,0.0,0.5,0.0,0.5,1.5,,200.43,True,True,3354.8,0.0,TP,True,3358.3,0.5,SL,True,3354.8,0.0,TP,False,,,NO_ENTRY,False,,,NO_ENTRY,True,3358.3,2.75,SL,114.2,79.7,79.2,114.7,114.2,79.7,,,,,38.7,114.7
3565,3367.07,BUY,WICK_H4,H4,2025-06-24 00:00:00,1,1.25,2025-06-24 01:15:00,3363.57,35.0,305.3,1.75,,,,,,224.35,True,True,3363.57,0.0,SL,False,,,NO_ENTRY,False,,,NO_ENTRY,False,,,NO_ENTRY,False,,,NO_ENTRY,False,,,NO_ENTRY,-25.4,305.3,,,,,,,,,,
3569,3342.1,BUY,WICK_H4,H4,2025-06-24 08:00:00,1,0.25,2025-06-24 08:15:00,3338.6,35.0,226.1,1.25,,,,,,227.18,True,True,3338.6,0.0,SL,False,,,NO_ENTRY,False,,,NO_ENTRY,False,,,NO_ENTRY,False,,,NO_ENTRY,False,,,NO_ENTRY,49.3,226.1,,,,,,,,,,
3570,3315.99,BUY,WICK_H4,H4,2025-06-24 12:00:00,1,3.25,2025-06-24 15:15:00,3312.49,35.0,81.2,0.25,,0.0,0.0,,,228.39,True,True,3312.49,0.0,SL,False,,,NO_ENTRY,True,3312.49,0.0,SL,False,,,NO_ENTRY,False,,,NO_ENTRY,False,,,NO_ENTRY,61.7,172.6,,,61.7,172.6,,,,,,
3572,3304.37,BUY,WICK_H4,H4,2025-06-24 16:00:00,1,0.75,2025-06-24 16:45:00,3300.87,35.0,56.4,0.0,0.25,0.0,0.25,1.5,,229.98,True,True,3300.87,0.0,SL,True,3304.37,0.25,SL,True,3300.87,0.0,SL,False,,,NO_ENTRY,True,3312.09,1.5,TP,False,,,NO_ENTRY,202.2,56.4,167.2,58.4,202.2,56.4,,,90.0,106.2,,
3582,3318.02,BUY,WICK_H4,H4,2025-06-25 16:00:00,1,0.25,2025-06-25 16:15:00,3314.52,35.0,26.8,0.25,0.75,0.25,0.75,1.5,3.5,193.09,True,True,3314.52,0.0,SL,True,3318.02,0.75,SL,True,3314.52,0.25,SL,False,,,NO_ENTRY,True,3327.58,2.75,SL,False,,,NO_ENTRY,207.0,26.8,172.0,59.6,207.0,26.8,,,83.2,35.6,,
3590,3330.88,BUY,WICK_H4,H4,2025-06-26 12:00:00,1,3.75,2025-06-26 15:45:00,3327.38,35.0,175.1,0.75,3.75,3.5,0.0,,,185.13,True,True,3327.38,0.0,SL,True,3330.88,3.75,SL,True,3327.38,3.5,SL,True,3331.18,4.25,SL,True,3329.62,3.5,SL,True,3330.88,4.0,SL,79.4,175.1,54.1,26.8,89.1,18.8,51.1,87.7,66.7,41.2,54.1,32.5
3594,3313.17,BUY,WICK_H4,H4,2025-06-27 04:00:00,1,1.75,2025-06-27 05:45:00,3309.67,35.0,187.3,1.25,,,,,,188.13,True,True,3309.67,0.0,SL,False,,,NO_ENTRY,False,,,NO_ENTRY,False,,,NO_ENTRY,False,,,NO_ENTRY,False,,,NO_ENTRY,24.6,229.2,,,,,,,,,,
3596,3290.94,BUY,WICK_H4,H4,2025-06-27 08:00:00,2,2.0,2025-06-27 10:00:00,3287.44,35.0,56.6,1.25,,0.25,0.0,,,188.33,True,True,3287.44,0.0,SL,False,,,NO_ENTRY,True,3287.44,0.25,SL,False,,,NO_ENTRY,False,,,NO_ENTRY,False,,,NO_ENTRY,77.3,78.6,,,36.4,78.6,,,,,,
3598,3281.78,BUY,WICK_H4,H4,2025-06-27 12:00:00,2,2.75,2025-06-27 14:45:00,3278.28,35.0,224.4,1.75,,0.0,0.0,,,190.23,True,True,3278.28,0.0,SL,False,,,NO_ENTRY,True,3278.28,0.0,SL,True,3277.5,5.25,SL,False,,,NO_ENTRY,False,,,NO_ENTRY,52.5,224.4,,,52.5,224.4,52.1,130.7,,,,
3602,3268.28,BUY,WICK_H4,H4,2025-06-28 00:00:00,1,49.25,2025-06-30 01:15:00,3264.78,35.0,181.2,0.0,2.0,0.75,0.75,,,200.61,True,True,3264.78,0.0,SL,True,3268.28,2.0,SL,True,3264.78,0.75,SL,False,,,NO_ENTRY,False,,,NO_ENTRY,False,,,NO_ENTRY,177.7,181.2,149.4,88.7,184.4,53.7,,,,,,
3616,3334.5,BUY,WICK_H4,H4,2025-07-02 04:00:00,1,0.5,2025-07-02 04:30:00,3331.0,35.0,25.2,0.5,1.25,0.0,0.0,1.75,,167.84,True,True,3331.0,0.0,SL,True,3334.5,1.25,SL,True,3331.0,0.0,SL,False,,,NO_ENTRY,False,,,NO_ENTRY,True,3334.5,1.5,SL,127.9,25.2,92.9,47.9,127.9,25.2,,,,,92.9,65.6
3625,3341.77,BUY,WICK_H4,H4,2025-07-03 08:00:00,1,7.75,2025-07-03 15:45:00,3338.27,35.0,266.5,0.0,,,,,,182.12,True,True,3338.27,0.0,SL,False,,,NO_ENTRY,False,,,NO_ENTRY,False,,,NO_ENTRY,False,,,NO_ENTRY,False,,,NO_ENTRY,1.1,266.5,,,,,,,,,,
3634,3336.33,BUY,WICK_H4,H4,2025-07-04 12:00:00,1,1.5,2025-07-04 13:30:00,3332.83,35.0,15.0,2.25,0.25,0.0,0.25,,,158.64,True,True,3332.83,0.0,SL,True,3336.33,0.25,SL,True,3332.83,0.0,SL,False,,,NO_ENTRY,False,,,NO_ENTRY,True,3336.33,1.0,SL,51.8,19.4,16.8,55.1,51.8,19.4,,,,,15.7,56.9
3636,3330.64,BUY,WICK_H4,H4,2025-07-04 20:00:00,1,54.5,2025-07-07 02:30:00,3327.14,35.0,55.6,1.0,,0.0,,,,156.46,True,True,3327.14,0.0,SL,False,,,NO_ENTRY,True,3327.14,0.0,SL,False,,,NO_ENTRY,False,,,NO_ENTRY,False,,,NO_ENTRY,33.6,212.9,,,33.6,212.9,,,,,,
3638,3321.58,BUY,WICK_H4,H4,2025-07-07 04:00:00,1,0.25,2025-07-07 04:15:00,3318.08,35.0,129.0,3.25,,,,,,161.29,True,True,3318.08,0.0,SL,False,,,NO_ENTRY,False,,,NO_ENTRY,False,,,NO_ENTRY,False,,,NO_ENTRY,False,,,NO_ENTRY,19.3,129.0,,,,,,,,,,
3639,3305.18,BUY,WICK_H4,H4,2025-07-07 08:00:00,1,3.0,2025-07-07 11:00:00,3301.68,35.0,5.5,0.0,0.0,0.0,0.0,0.25,,160.23,True,True,3301.68,0.0,TP,True,3305.18,0.0,SL,True,3301.68,0.0,TP,False,,,NO_ENTRY,False,,,NO_ENTRY,False,,,NO_ENTRY,110.3,54.1,75.3,89.1,110.3,54.1,,,,,,
3641,3300.51,BUY,WICK_H4,H4,2025-07-07 12:00:00,1,1.75,2025-07-07 13:45:00,3297.01,35.0,7.4,0.0,0.0,0.0,0.0,0.25,,160.49,True,True,3297.01,0.0,TP,True,3300.51,0.0,SL,True,3297.01,0.0,TP,False,,,NO_ENTRY,False,,,NO_ENTRY,True,3300.51,1.0,TP,242.2,7.4,207.2,42.4,242.2,7.4,,,,,213.8,2.5
3647,3330.98,BUY,WICK_H4,H4,2025-07-08 04:00:00,2,3.75,2025-07-08 07:45:00,3327.48,35.0,2.0,0.0,,0.0,,,,157.17,True,True,3327.48,0.0,TP,False,,,NO_ENTRY,True,3327.48,0.0,TP,False,,,NO_ENTRY,False,,,NO_ENTRY,False,,,NO_ENTRY,118.1,43.2,,,118.1,43.2,,,,,,
3649,3327.28,BUY,WICK_H4,H4,2025-07-08 08:00:00,1,3.75,2025-07-08 11:45:00,3323.78,35.0,39.9,2.75,3.25,0.25,3.25,,,157.47,True,True,3323.78,0.0,SL,True,3327.28,3.25,SL,True,3323.78,0.25,SL,True,3328.04,4.25,SL,True,3329.24,3.25,SL,False,,,NO_ENTRY,59.5,39.9,24.5,403.0,59.5,39.9,5.4,410.6,4.9,422.6,,
3652,3319.79,BUY,WICK_H4,H4,2025-07-08 16:00:00,2,1.0,2025-07-08 17:00:00,3316.29,35.0,293.1,1.0,,,,,,172.08,True,True,3316.29,0.0,SL,False,,,NO_ENTRY,False,,,NO_ENTRY,False,,,NO_ENTRY,False,,,NO_ENTRY,False,,,NO_ENTRY,-5.3,293.1,,,,,,,,,,
3655,3297.13,BUY,WICK_H4,H4,2025-07-09 04:00:00,1,1.75,2025-07-09 05:45:00,3293.63,35.0,87.6,0.25,,1.25,,,,167.59,True,True,3293.63,0.0,SL,False,,,NO_ENTRY,True,3293.63,1.25,SL,False,,,NO_ENTRY,False,,,NO_ENTRY,False,,,NO_ENTRY,40.2,87.6,,,40.2,82.0,,,,,,
3668,3317.7,BUY,WICK_H4,H4,2025-07-10 16:00:00,1,1.0,2025-07-10 17:00:00,3314.2,35.0,42.8,0.0,0.0,0.0,0.0,,,152.08,True,True,3314.2,0.0,SL,True,3317.7,0.0,SL,True,3314.2,0.0,SL,False,,,NO_ENTRY,False,,,NO_ENTRY,True,3317.7,1.25,SL,72.8,42.8,37.8,77.8,72.8,42.8,,,,,81.5,56.5
3683,3358.97,BUY,WICK_H4,H4,2025-07-14 04:00:00,1,1.0,2025-07-14 05:00:00,3355.47,35.0,17.4,2.25,2.5,0.0,0.5,,,154.0,True,True,3355.47,0.0,TP,True,3358.97,2.5,SL,True,3355.47,0.0,TP,False,,,NO_ENTRY,True,3359.53,2.5,SL,True,3358.97,2.75,SL,61.0,17.8,159.3,52.8,61.0,17.8,,,153.7,58.4,159.3,52.8
3687,3353.69,BUY,WICK_H4,H4,2025-07-14 12:00:00,1,3.75,2025-07-14 15:45:00,3350.19,35.0,93.0,2.0,0.5,0.25,0.5,1.0,,164.9,True,True,3350.19,0.0,SL,True,3353.69,0.5,SL,True,3350.19,0.25,SL,False,,,NO_ENTRY,False,,,NO_ENTRY,False,,,NO_ENTRY,86.6,93.0,51.6,128.0,86.6,93.0,,,,,,
3697,3356.48,BUY,WICK_H4,H4,2025-07-15 12:00:00,1,3.0,2025-07-15 15:00:00,3352.98,35.0,66.7,0.5,,0.25,0.5,,,154.44,True,True,3352.98,0.0,SL,False,,,NO_ENTRY,True,3352.98,0.25,SL,False,,,NO_ENTRY,False,,,NO_ENTRY,False,,,NO_ENTRY,73.1,315.3,,,73.1,328.7,,,,,,
3699,3346.31,BUY,WICK_H4,H4,2025-07-15 16:00:00,1,0.25,2025-07-15 16:15:00,3342.81,35.0,227.0,3.0,0.5,0.5,0.5,1.25,,166.4,True,True,3342.81,0.0,SL,True,3346.31,0.5,SL,True,3342.81,0.5,SL,False,,,NO_ENTRY,False,,,NO_ENTRY,True,3346.31,1.25,SL,91.5,227.0,56.5,262.0,91.5,227.0,,,,,56.5,262.0
3705,3335.58,BUY,WICK_H4,H4,2025-07-16 12:00:00,2,3.5,2025-07-16 15:30:00,3332.08,35.0,12.9,0.25,,0.0,0.0,,,145.26,True,True,3332.08,0.0,SL,False,,,NO_ENTRY,True,3332.08,0.0,SL,False,,,NO_ENTRY,False,,,NO_ENTRY,False,,,NO_ENTRY,450.7,125.2,,,450.7,125.2,,,,,,
3706,3330.79,BUY,WICK_H4,H4,2025-07-16 16:00:00,1,0.75,2025-07-16 16:45:00,3327.29,35.0,77.3,0.75,1.0,1.0,1.0,1.0,1.25,176.02,True,True,3327.29,0.0,SL,True,3330.79,1.0,SL,True,3327.29,1.0,SL,False,,,NO_ENTRY,True,3348.55,1.25,TP,False,,,NO_ENTRY,498.6,77.3,463.6,68.9,498.6,33.9,,,286.0,128.3,,
3712,3336.21,BUY,WICK_H4,H4,2025-07-17 08:00:00,1,1.0,2025-07-17 09:00:00,3332.71,35.0,76.6,1.75,,0.0,0.0,,,163.34,True,True,3332.71,0.0,SL,False,,,NO_ENTRY,True,3332.71,0.0,SL,False,,,NO_ENTRY,False,,,NO_ENTRY,False,,,NO_ENTRY,70.1,81.4,,,70.1,81.4,,,,,,
3713,3325.05,BUY,WICK_H4,H4,2025-07-17 12:00:00,2,3.5,2025-07-17 15:30:00,3321.55,35.0,118.2,0.25,,,0.0,,,167.89,True,True,3321.55,0.0,SL,False,,,NO_ENTRY,False,,,NO_ENTRY,False,,,NO_ENTRY,False,,,NO_ENTRY,False,,,NO_ENTRY,177.9,118.2,,,,,,,,,,
3720,3337.87,BUY,WICK_H4,H4,2025-07-18 04:00:00,2,2.5,2025-07-18 06:30:00,3334.37,35.0,6.6,1.25,,0.0,,,,156.04,True,True,3334.37,0.0,SL,False,,,NO_ENTRY,True,3334.37,0.0,SL,False,,,NO_ENTRY,False,,,NO_ENTRY,False,,,NO_ENTRY,152.1,26.5,,,152.1,26.5,,,,,,
3725,3351.06,BUY,WICK_H4,H4,2025-07-18 20:00:00,2,2.75,2025-07-18 22:45:00,3347.56,35.0,0.4,0.0,,0.0,0.75,,,145.49,True,True,3347.56,0.0,SL,False,,,NO_ENTRY,True,3347.56,0.0,SL,False,,,NO_ENTRY,False,,,NO_ENTRY,False,,,NO_ENTRY,68.6,27.1,,,68.6,27.1,,,,,,
3737,3390.4,BUY,WICK_H4,H4,2025-07-22 04:00:00,2,0.75,2025-07-22 04:45:00,3386.9,35.0,19.0,0.0,1.0,0.25,0.5,,,139.51,True,True,3386.9,0.0,SL,True,3390.4,1.0,SL,True,3386.9,0.25,SL,False,,,NO_ENTRY,False,,,NO_ENTRY,True,3390.4,1.75,SL,66.2,23.1,31.2,62.5,66.2,24.8,,,,,31.2,72.2
3744,3426.1,BUY,WICK_H4,H4,2025-07-23 04:00:00,1,0.25,2025-07-23 04:15:00,3422.6,35.0,35.8,1.25,2.0,0.0,0.0,,,143.0,True,True,3422.6,0.0,SL,True,3426.1,2.0,SL,True,3422.6,0.0,SL,False,,,NO_ENTRY,False,,,NO_ENTRY,False,,,NO_ENTRY,59.7,35.8,34.4,98.5,59.7,35.8,,,,,,
3747,3416.25,BUY,WICK_H4,H4,2025-07-23 12:00:00,1,4.25,2025-07-23 16:15:00,3412.75,35.0,313.9,3.0,0.75,0.5,0.0,,,159.77,True,True,3412.75,0.0,SL,True,3416.25,0.75,SL,True,3412.75,0.5,SL,False,,,NO_ENTRY,False,,,NO_ENTRY,False,,,NO_ENTRY,69.6,313.9,34.6,348.9,69.6,313.9,,,,,,
3749,3381.36,BUY,WICK_H4,H4,2025-07-23 20:00:00,2,10.25,2025-07-24 06:15:00,3377.86,35.0,6.5,0.0,0.25,0.0,0.25,0.5,,152.0,True,True,3377.86,0.0,SL,True,3381.36,0.25,SL,True,3377.86,0.0,SL,False,,,NO_ENTRY,False,,,NO_ENTRY,True,3381.36,1.5,SL,80.7,80.0,45.7,115.0,80.7,80.0,,,,,17.5,156.1
3753,3374.63,BUY,WICK_H4,H4,2025-07-24 08:00:00,2,1.5,2025-07-24 09:30:00,3371.13,35.0,53.8,1.5,0.0,0.0,0.0,,,153.29,True,True,3371.13,0.0,SL,True,3374.63,0.0,SL,True,3371.13,0.0,SL,False,,,NO_ENTRY,False,,,NO_ENTRY,True,3374.63,0.75,SL,63.2,92.6,28.2,127.6,63.2,92.6,,,,,27.5,127.6
3754,3365.75,BUY,WICK_H4,H4,2025-07-24 12:00:00,1,0.5,2025-07-24 12:30:00,3362.25,35.0,110.1,3.5,4.0,0.0,1.25,4.25,,154.82,True,True,3362.25,0.0,SL,True,3365.75,4.0,SL,True,3362.25,0.0,SL,True,3366.81,7.5,SL,True,3366.29,4.0,TP,True,3365.75,4.5,TP,56.2,110.1,115.3,93.3,56.2,110.1,65.0,6.2,109.9,98.7,115.3,1.2
3758,3364.94,BUY,WICK_H4,H4,2025-07-25 04:00:00,1,2.0,2025-07-25 06:00:00,3361.44,35.0,36.3,1.5,,1.0,,,,150.47,True,True,3361.44,0.0,SL,False,,,NO_ENTRY,True,3361.44,1.0,SL,False,,,NO_ENTRY,False,,,NO_ENTRY,False,,,NO_ENTRY,18.8,68.9,,,18.8,88.4,,,,,,
3759,3357.81,BUY,WICK_H4,H4,2025-07-25 08:00:00,1,2.5,2025-07-25 10:30:00,3354.31,35.0,180.1,5.0,,,0.0,,,152.37,True,True,3354.31,0.0,SL,False,,,NO_ENTRY,False,,,NO_ENTRY,False,,,NO_ENTRY,False,,,NO_ENTRY,False,,,NO_ENTRY,45.2,157.3,,,,,,,,,,
3761,3336.3,BUY,WICK_H4,H4,2025-07-25 16:00:00,1,1.5,2025-07-25 17:30:00,3332.8,35.0,78.5,1.0,,0.0,0.0,,,155.71,True,True,3332.8,0.0,SL,False,,,NO_ENTRY,True,3332.8,0.0,SL,False,,,NO_ENTRY,False,,,NO_ENTRY,False,,,NO_ENTRY,64.3,78.5,,,64.3,78.5,,,,,,
3769,3332.24,BUY,WICK_H4,H4,2025-07-28 12:00:00,1,3.5,2025-07-28 15:30:00,3328.74,35.0,33.1,0.25,,,,,,151.55,True,True,3328.74,0.0,SL,False,,,NO_ENTRY,False,,,NO_ENTRY,False,,,NO_ENTRY,False,,,NO_ENTRY,False,,,NO_ENTRY,25.5,271.2,,,,,,,,,,
3771,3325.43,BUY,WICK_H4,H4,2025-07-28 16:00:00,1,0.75,2025-07-28 16:45:00,3321.93,35.0,203.1,0.0,,,,,,161.39,True,True,3321.93,0.0,SL,False,,,NO_ENTRY,False,,,NO_ENTRY,False,,,NO_ENTRY,False,,,NO_ENTRY,False,,,NO_ENTRY,5.4,203.1,,,,,,,,,,
3789,3322.96,BUY,WICK_H4,H4,2025-07-30 12:00:00,1,3.75,2025-07-30 15:45:00,3319.46,35.0,89.4,0.0,,,0.0,,,146.83,True,True,3319.46,0.0,SL,False,,,NO_ENTRY,False,,,NO_ENTRY,False,,,NO_ENTRY,False,,,NO_ENTRY,False,,,NO_ENTRY,49.9,309.2,,,,,,,,,,
3791,3310.52,BUY,WICK_H4,H4,2025-07-30 16:00:00,1,0.25,2025-07-30 16:15:00,3307.02,35.0,184.8,2.25,,,0.0,,,155.93,True,True,3307.02,0.0,SL,False,,,NO_ENTRY,False,,,NO_ENTRY,False,,,NO_ENTRY,False,,,NO_ENTRY,False,,,NO_ENTRY,53.0,184.8,,,,,,,,,,
3793,3288.54,BUY,WICK_H4,H4,2025-07-30 20:00:00,1,1.75,2025-07-30 21:45:00,3285.04,35.0,171.3,0.75,,,0.0,,,171.17,True,True,3285.04,0.0,SL,False,,,NO_ENTRY,False,,,NO_ENTRY,False,,,NO_ENTRY,False,,,NO_ENTRY,False,,,NO_ENTRY,61.5,171.3,,,,,,,,,,
3801,3293.63,BUY,WICK_H4,H4,2025-07-31 16:00:00,2,3.0,2025-07-31 19:00:00,3290.13,35.0,5.5,0.25,0.5,0.0,0.0,,,173.85,True,True,3290.13,0.0,SL,True,3293.63,0.5,SL,True,3290.13,0.0,SL,False,,,NO_ENTRY,False,,,NO_ENTRY,False,,,NO_ENTRY,81.8,5.5,46.8,32.3,81.8,5.5,,,,,,
3806,3286.32,BUY,WICK_H4,H4,2025-08-01 04:00:00,1,0.75,2025-08-01 04:45:00,3282.82,35.0,13.1,0.0,0.25,0.0,0.0,0.25,,161.32,True,True,3282.82,0.0,TP,True,3286.32,0.25,SL,True,3282.82,0.0,TP,False,,,NO_ENTRY,True,3295.89,1.25,SL,False,,,NO_ENTRY,175.6,13.1,140.6,30.3,175.6,13.1,,,44.9,65.4,,
3817,3350.07,BUY,WICK_H4,H4,2025-08-04 04:00:00,1,0.25,2025-08-04 04:15:00,3346.57,35.0,16.4,0.0,0.5,0.0,0.0,1.75,,183.62,True,True,3346.57,0.0,TP,True,3350.07,0.5,TP,True,3346.57,0.0,TP,False,,,NO_ENTRY,True,3355.76,1.75,SL,True,3350.07,0.75,TP,154.4,16.4,119.4,12.8,154.4,16.4,,,67.7,23.7,119.4,-0.6
3833,3378.02,BUY,WICK_H4,H4,2025-08-06 04:00:00,1,0.75,2025-08-06 04:45:00,3374.52,35.0,164.9,8.25,,0.0,0.0,,,146.68,True,True,3374.52,0.0,SL,False,,,NO_ENTRY,True,3374.52,0.0,SL,True,3367.37,11.25,TP,True,3377.1,4.5,SL,False,,,NO_ENTRY,48.4,39.6,,,48.4,39.6,124.8,22.9,14.4,190.7,,
3853,3387.04,BUY,WICK_H4,H4,2025-08-08 04:00:00,1,0.25,2025-08-08 04:15:00,3383.54,35.0,24.3,0.25,0.75,0.0,0.75,2.25,,159.34,True,True,3383.54,0.0,TP,True,3387.04,0.75,SL,True,3383.54,0.0,TP,False,,,NO_ENTRY,True,3397.95,3.0,SL,False,,,NO_ENTRY,156.1,24.3,121.1,39.1,156.1,24.3,,,61.4,93.3,,
3857,3388.62,BUY,WICK_H4,H4,2025-08-08 12:00:00,1,1.75,2025-08-08 13:45:00,3385.12,35.0,47.4,0.5,1.5,0.25,0.0,1.5,1.75,162.95,True,True,3385.12,0.0,SL,True,3388.62,1.5,SL,True,3385.12,0.25,SL,False,,,NO_ENTRY,False,,,NO_ENTRY,True,3388.62,2.0,TP,166.8,47.4,131.8,75.6,166.8,47.4,,,,,129.0,75.6
3863,3376.59,BUY,WICK_H4,H4,2025-08-09 00:00:00,1,52.25,2025-08-11 04:15:00,3373.09,35.0,34.8,1.0,0.5,0.0,0.5,,,176.81,True,True,3373.09,0.0,SL,True,3376.59,0.5,SL,True,3373.09,0.0,SL,False,,,NO_ENTRY,False,,,NO_ENTRY,True,3376.59,3.0,SL,69.5,34.8,34.5,69.8,69.5,34.8,,,,,33.7,197.9
3866,3367.57,BUY,WICK_H4,H4,2025-08-11 08:00:00,1,1.5,2025-08-11 09:30:00,3364.07,35.0,72.7,1.25,,0.0,0.0,,,180.72,True,True,3364.07,0.0,SL,False,,,NO_ENTRY,True,3364.07,0.0,SL,False,,,NO_ENTRY,False,,,NO_ENTRY,False,,,NO_ENTRY,51.0,112.7,,,51.0,112.7,,,,,,
3868,3356.8,BUY,WICK_H4,H4,2025-08-11 12:00:00,2,1.0,2025-08-11 13:00:00,3353.3,35.0,89.9,2.5,0.0,0.0,0.0,0.25,,181.75,True,True,3353.3,0.0,TP,True,3356.8,0.0,SL,True,3353.3,0.0,TP,False,,,NO_ENTRY,False,,,NO_ENTRY,False,,,NO_ENTRY,105.2,89.9,70.2,124.9,105.2,89.9,,,,,,
3875,3346.04,BUY,WICK_H4,H4,2025-08-12 08:00:00,1,1.5,2025-08-12 09:30:00,3342.54,35.0,3.2,0.0,0.0,0.0,0.0,1.0,,173.88,True,True,3342.54,0.0,TP,True,3346.04,0.0,SL,True,3342.54,0.0,TP,False,,,NO_ENTRY,False,,,NO_ENTRY,True,3346.04,2.0,SL,154.5,3.2,119.5,38.2,154.5,3.2,,,,,83.6,100.5
3877,3342.16,BUY,WICK_H4,H4,2025-08-12 12:00:00,1,2.5,2025-08-12 14:30:00,3338.66,35.0,26.7,0.0,0.0,0.0,0.0,0.25,1.25,177.14,True,True,3338.66,0.0,SL,True,3342.16,0.0,SL,True,3338.66,0.0,SL,False,,,NO_ENTRY,False,,,NO_ENTRY,False,,,NO_ENTRY,203.0,76.8,168.0,111.8,203.0,76.8,,,,,,
3879,3335.99,BUY,WICK_H4,H4,2025-08-12 16:00:00,1,1.25,2025-08-12 17:15:00,3332.49,35.0,15.1,0.0,0.5,0.0,0.0,0.75,1.0,184.47,True,True,3332.49,0.0,TP,True,3335.99,0.5,SL,True,3332.49,0.0,TP,False,,,NO_ENTRY,False,,,NO_ENTRY,False,,,NO_ENTRY,264.7,15.1,229.7,37.5,264.7,15.1,,,,,,
3890,3353.98,BUY,WICK_H4,H4,2025-08-13 20:00:00,1,1.25,2025-08-13 21:15:00,3350.48,35.0,6.8,0.0,1.0,0.0,1.0,1.5,,159.04,True,True,3350.48,0.0,TP,True,3353.98,1.0,TP,True,3350.48,0.0,TP,False,,,NO_ENTRY,False,,,NO_ENTRY,False,,,NO_ENTRY,108.3,6.8,189.9,4.3,108.3,6.8,,,,,,
3893,3355.37,BUY,WICK_H4,H4,2025-08-14 08:00:00,1,2.75,2025-08-14 10:45:00,3351.87,35.0,105.1,0.25,,,,,,166.93,True,True,3351.87,0.0,SL,False,,,NO_ENTRY,False,,,NO_ENTRY,False,,,NO_ENTRY,False,,,NO_ENTRY,False,,,NO_ENTRY,72.1,105.1,,,,,,,,,,
3897,3341.84,BUY,WICK_H4,H4,2025-08-14 16:00:00,1,1.25,2025-08-14 17:15:00,3338.34,35.0,86.4,2.0,0.0,0.0,0.0,,,174.12,True,True,3338.34,0.0,SL,True,3341.84,0.0,SL,True,3338.34,0.0,SL,False,,,NO_ENTRY,False,,,NO_ENTRY,False,,,NO_ENTRY,82.0,86.4,47.0,121.4,82.0,86.4,,,,,,
3906,3338.23,BUY,WICK_H4,H4,2025-08-15 12:00:00,2,3.5,2025-08-15 15:30:00,3334.73,35.0,13.1,0.0,0.0,0.0,0.0,0.0,,152.22,True,True,3334.73,0.0,TP,True,3338.23,0.0,SL,True,3334.73,0.0,TP,False,,,NO_ENTRY,False,,,NO_ENTRY,False,,,NO_ENTRY,111.3,19.6,76.3,54.6,111.3,19.6,,,,,,
3910,3332.77,BUY,WICK_H4,H4,2025-08-15 20:00:00,2,54.25,2025-08-18 02:15:00,3329.27,35.0,58.9,0.0,0.75,0.75,0.75,1.0,,147.17,True,True,3329.27,0.0,SL,True,3332.77,0.75,SL,True,3329.27,0.75,SL,False,,,NO_ENTRY,True,3340.14,1.0,TP,False,,,NO_ENTRY,181.6,58.9,189.5,60.7,224.5,25.7,,,125.3,60.6,,
3915,3342.98,BUY,WICK_H4,H4,2025-08-18 16:00:00,1,0.5,2025-08-18 16:30:00,3339.48,35.0,78.5,3.0,,0.0,0.0,,,143.73,True,True,3339.48,0.0,SL,False,,,NO_ENTRY,True,3339.48,0.0,SL,False,,,NO_ENTRY,False,,,NO_ENTRY,False,,,NO_ENTRY,43.6,78.5,,,43.6,78.5,,,,,,
3923,3334.3,BUY,WICK_H4,H4,2025-08-19 12:00:00,1,4.0,2025-08-19 16:00:00,3330.8,35.0,181.0,11.5,0.5,0.25,0.0,0.5,,136.16,True,True,3330.8,0.0,SL,True,3334.3,0.5,SL,True,3330.8,0.25,SL,False,,,NO_ENTRY,False,,,NO_ENTRY,False,,,NO_ENTRY,83.6,140.6,48.6,194.8,83.6,159.8,,,,,,
3933,3338.76,BUY,WICK_H4,H4,2025-08-20 20:00:00,1,13.25,2025-08-21 09:15:00,3335.26,35.0,11.3,0.0,1.25,0.25,0.0,1.5,,113.8,True,True,3335.26,0.0,SL,True,3338.76,1.25,SL,True,3335.26,0.25,SL,False,,,NO_ENTRY,False,,,NO_ENTRY,True,3338.76,1.5,SL,68.1,11.3,33.1,137.3,68.1,64.1,,,,,33.1,137.3
3937,3334.13,BUY,WICK_H4,H4,2025-08-21 12:00:00,1,1.75,2025-08-21 13:45:00,3330.63,35.0,56.0,0.25,1.25,0.5,0.75,1.25,1.25,119.89,True,True,3330.63,0.0,SL,True,3334.13,1.25,TP,True,3330.63,0.5,TP,False,,,NO_ENTRY,False,,,NO_ENTRY,False,,,NO_ENTRY,173.6,56.0,138.6,6.0,173.6,18.6,,,,,,
3944,3334.96,BUY,WICK_H4,H4,2025-08-22 04:00:00,1,3.0,2025-08-22 07:00:00,3331.46,35.0,62.1,4.25,,0.0,3.25,,,111.75,True,True,3331.46,0.0,SL,False,,,NO_ENTRY,True,3331.46,0.0,SL,True,3328.66,5.0,SL,True,3333.07,3.0,SL,False,,,NO_ENTRY,35.2,58.3,,,35.2,58.3,30.2,73.3,19.1,78.2,,
3951,3368.71,BUY,WICK_H4,H4,2025-08-23 00:00:00,1,51.0,2025-08-25 03:00:00,3365.21,35.0,20.6,0.75,,,0.0,,,133.37,True,True,3365.21,0.0,SL,False,,,NO_ENTRY,False,,,NO_ENTRY,False,,,NO_ENTRY,False,,,NO_ENTRY,False,,,NO_ENTRY,43.1,55.5,,,,,,,,,,
3959,3362.05,BUY,WICK_H4,H4,2025-08-25 20:00:00,1,6.25,2025-08-26 02:15:00,3358.55,35.0,73.6,0.75,0.75,0.75,0.75,0.75,1.0,139.5,True,True,3358.55,0.0,SL,True,3362.05,0.75,SL,True,3358.55,0.75,SL,False,,,NO_ENTRY,True,3368.86,0.75,TP,False,,,NO_ENTRY,278.2,73.6,243.2,108.6,278.2,73.6,,,175.1,176.7,,
3970,3380.12,BUY,WICK_H4,H4,2025-08-27 00:00:00,1,7.5,2025-08-27 07:30:00,3376.62,35.0,30.3,7.0,1.75,1.0,1.75,3.5,,137.55,True,True,3376.62,0.0,SL,True,3380.12,1.75,SL,True,3376.62,1.0,SL,True,3384.35,4.5,SL,True,3382.0,3.5,SL,False,,,NO_ENTRY,82.7,29.3,51.8,64.3,86.8,29.3,9.5,107.6,33.0,84.1,,
3974,3392.15,BUY,WICK_H4,H4,2025-08-28 00:00:00,1,4.25,2025-08-28 04:15:00,3388.65,35.0,41.8,1.25,,1.5,1.75,,,128.07,True,True,3388.65,0.0,SL,False,,,NO_ENTRY,True,3388.65,1.5,TP,False,,,NO_ENTRY,False,,,NO_ENTRY,False,,,NO_ENTRY,36.7,41.8,,,69.7,11.1,,,,,,
3989,3441.95,BUY,WICK_H4,H4,2025-09-01 04:00:00,1,0.25,2025-09-01 04:15:00,3438.45,35.0,17.5,0.0,0.25,0.0,0.25,0.25,0.5,160.14,True,True,3438.45,0.0,TP,True,3441.95,0.25,SL,True,3438.45,0.0,TP,False,,,NO_ENTRY,True,3456.95,0.5,TP,False,,,NO_ENTRY,473.2,17.5,438.2,37.3,473.2,17.5,,,288.2,110.2,,
4000,3476.76,BUY,WICK_H4,H4,2025-09-02 08:00:00,1,3.0,2025-09-02 11:00:00,3473.26,35.0,31.7,0.0,0.0,0.0,0.0,,,166.49,True,True,3473.26,0.0,SL,True,3476.76,0.0,SL,True,3473.26,0.0,SL,False,,,NO_ENTRY,False,,,NO_ENTRY,True,3476.76,0.5,TP,207.0,31.7,172.0,66.7,207.0,31.7,,,,,172.0,25.2
4015,3551.68,BUY,WICK_H4,H4,2025-09-04 04:00:00,1,0.5,2025-09-04 04:30:00,3548.18,35.0,376.6,1.5,,,,,,211.22,True,True,3548.18,0.0,SL,False,,,NO_ENTRY,False,,,NO_ENTRY,False,,,NO_ENTRY,False,,,NO_ENTRY,False,,,NO_ENTRY,49.7,376.6,,,,,,,,,,
4043,3631.74,BUY,WICK_H4,H4,2025-09-09 00:00:00,1,2.25,2025-09-09 02:15:00,3628.24,35.0,2.3,0.0,0.5,0.0,0.5,1.0,,200.74,True,True,3628.24,0.0,TP,True,3631.74,0.5,TP,True,3628.24,0.0,TP,False,,,NO_ENTRY,False,,,NO_ENTRY,False,,,NO_ENTRY,262.2,2.3,227.2,11.6,262.2,2.3,,,,,,
4051,3643.59,BUY,WICK_H4,H4,2025-09-09 16:00:00,2,2.0,2025-09-09 18:00:00,3640.09,35.0,133.2,0.25,0.75,0.5,0.0,,,217.86,True,True,3640.09,0.0,SL,True,3643.59,0.75,SL,True,3640.09,0.5,SL,False,,,NO_ENTRY,False,,,NO_ENTRY,True,3643.59,1.0,SL,91.9,133.2,56.9,151.7,91.9,92.8,,,,,56.9,151.7
4053,3626.77,BUY,WICK_H4,H4,2025-09-09 20:00:00,1,5.0,2025-09-10 01:00:00,3623.27,35.0,31.6,3.25,0.0,0.0,0.0,0.75,,215.24,True,True,3623.27,0.0,TP,True,3626.77,0.0,SL,True,3623.27,0.0,TP,True,3642.77,7.0,SL,True,3641.01,6.0,TP,True,3626.77,2.25,SL,174.1,31.6,139.1,66.6,174.1,31.6,55.3,29.9,72.9,46.6,159.7,66.6
4065,3637.77,BUY,WICK_H4,H4,2025-09-11 04:00:00,1,1.75,2025-09-11 05:45:00,3634.27,35.0,116.1,3.25,,0.0,,,,190.42,True,True,3634.27,0.0,SL,False,,,NO_ENTRY,True,3634.27,0.0,SL,False,,,NO_ENTRY,True,3636.32,3.75,SL,False,,,NO_ENTRY,44.4,116.1,,,44.4,116.1,,,15.5,222.5,,
4068,3622.66,BUY,WICK_H4,H4,2025-09-11 12:00:00,1,0.25,2025-09-11 12:15:00,3619.16,35.0,65.2,3.25,3.0,0.25,1.25,3.25,3.25,196.54,True,True,3619.16,0.0,SL,True,3622.66,3.0,SL,True,3619.16,0.25,SL,False,,,NO_ENTRY,True,3637.1,3.25,SL,False,,,NO_ENTRY,246.5,65.2,211.5,100.2,246.5,65.2,,,67.1,244.6,,
4082,3641.18,BUY,WICK_H4,H4,2025-09-13 00:00:00,1,50.25,2025-09-15 02:15:00,3637.68,35.0,111.6,1.75,3.0,0.0,1.0,4.5,,167.92,True,True,3637.68,0.0,SL,True,3641.18,3.0,SL,True,3637.68,0.0,SL,True,3645.53,5.75,SL,True,3642.99,3.0,SL,True,3641.18,4.0,SL,76.1,111.6,55.4,14.2,76.1,111.6,6.2,119.4,37.3,32.3,55.4,75.9
4097,3686.29,BUY,WICK_H4,H4,2025-09-16 16:00:00,2,2.0,2025-09-16 18:00:00,3682.79,35.0,40.8,0.5,1.0,0.0,0.0,,,170.57,True,True,3682.79,0.0,SL,True,3686.29,1.0,SL,True,3682.79,0.0,SL,False,,,NO_ENTRY,False,,,NO_ENTRY,True,3686.29,1.25,SL,82.7,40.8,62.0,17.6,82.7,40.8,,,,,72.5,1.4
4101,3686.15,BUY,WICK_H4,H4,2025-09-17 00:00:00,1,4.5,2025-09-17 04:30:00,3682.65,35.0,84.9,1.0,,,,,,157.96,True,True,3682.65,0.0,SL,False,,,NO_ENTRY,False,,,NO_ENTRY,False,,,NO_ENTRY,False,,,NO_ENTRY,False,,,NO_ENTRY,32.3,84.9,,,,,,,,,,
4103,3674.16,BUY,WICK_H4,H4,2025-09-17 08:00:00,1,2.0,2025-09-17 10:00:00,3670.66,35.0,82.7,1.5,,0.0,0.0,,,163.37,True,True,3670.66,0.0,SL,False,,,NO_ENTRY,True,3670.66,0.0,SL,False,,,NO_ENTRY,False,,,NO_ENTRY,False,,,NO_ENTRY,66.1,107.5,,,66.1,107.5,,,,,,
4108,3672.66,BUY,WICK_H4,H4,2025-09-17 20:00:00,2,1.75,2025-09-17 21:45:00,3669.16,35.0,231.8,0.0,,,,,,196.96,True,True,3669.16,0.0,SL,False,,,NO_ENTRY,False,,,NO_ENTRY,False,,,NO_ENTRY,False,,,NO_ENTRY,False,,,NO_ENTRY,27.0,231.8,,,,,,,,,,
4114,3651.72,BUY,WICK_H4,H4,2025-09-18 08:00:00,2,1.0,2025-09-18 09:00:00,3648.22,35.0,144.3,0.0,1.5,1.25,1.5,1.5,,202.28,True,True,3648.22,0.0,SL,True,3651.72,1.5,SL,True,3648.22,1.25,SL,False,,,NO_ENTRY,True,3662.23,2.5,TP,False,,,NO_ENTRY,246.0,144.3,211.0,37.1,246.0,47.0,,,105.9,70.8,,
4115,3633.79,BUY,WICK_H4,H4,2025-09-18 12:00:00,1,4.75,2025-09-18 16:45:00,3630.29,35.0,25.0,0.0,0.0,0.0,0.0,0.0,,206.97,True,True,3630.29,0.0,SL,True,3633.79,0.0,SL,True,3630.29,0.0,SL,False,,,NO_ENTRY,False,,,NO_ENTRY,True,3633.79,0.5,TP,168.7,25.0,133.7,60.0,168.7,25.0,,,,,133.7,-4.9
4118,3640.51,BUY,WICK_H4,H4,2025-09-19 00:00:00,1,3.25,2025-09-19 03:15:00,3637.01,35.0,8.8,0.25,,0.0,,,,188.61,True,True,3637.01,0.0,TP,False,,,NO_ENTRY,True,3637.01,0.0,TP,False,,,NO_ENTRY,False,,,NO_ENTRY,False,,,NO_ENTRY,228.5,47.8,,,228.5,47.8,,,,,,
4142,3764.92,BUY,WICK_H4,H4,2025-09-23 20:00:00,1,2.0,2025-09-23 22:00:00,3761.42,35.0,95.1,0.25,0.5,0.5,0.75,,,208.51,True,True,3761.42,0.0,SL,True,3764.92,0.5,SL,True,3761.42,0.5,SL,False,,,NO_ENTRY,False,,,NO_ENTRY,False,,,NO_ENTRY,85.7,95.1,50.7,63.5,85.7,28.5,,,,,,
4146,3758.81,BUY,WICK_H4,H4,2025-09-24 04:00:00,1,0.75,2025-09-24 04:45:00,3755.31,35.0,48.2,0.75,1.5,0.0,0.0,2.0,,202.31,True,True,3755.31,0.0,SL,True,3758.81,1.5,TP,True,3755.31,0.0,SL,False,,,NO_ENTRY,False,,,NO_ENTRY,False,,,NO_ENTRY,215.6,48.2,180.6,19.0,215.6,48.2,,,,,,
4151,3759.54,BUY,WICK_H4,H4,2025-09-24 16:00:00,1,1.0,2025-09-24 17:00:00,3756.04,35.0,238.7,2.75,0.0,0.0,0.0,,,206.45,True,True,3756.04,0.0,SL,True,3759.54,0.0,SL,True,3756.04,0.0,SL,False,,,NO_ENTRY,False,,,NO_ENTRY,False,,,NO_ENTRY,90.2,282.7,55.2,317.7,90.2,282.7,,,,,,
4153,3732.17,BUY,WICK_H4,H4,2025-09-24 20:00:00,1,1.25,2025-09-24 21:15:00,3728.67,35.0,112.8,1.0,1.75,0.0,2.25,,,206.93,True,True,3728.67,0.0,SL,True,3732.17,1.75,TP,True,3728.67,0.0,SL,False,,,NO_ENTRY,False,,,NO_ENTRY,False,,,NO_ENTRY,163.4,112.8,191.7,23.3,163.4,112.8,,,,,,
4162,3730.5,BUY,WICK_H4,H4,2025-09-25 16:00:00,1,0.75,2025-09-25 16:45:00,3727.0,35.0,49.7,0.0,0.0,0.0,0.0,1.5,,217.0,True,True,3727.0,0.0,SL,True,3730.5,0.0,SL,True,3727.0,0.0,SL,False,,,NO_ENTRY,True,3742.18,2.25,SL,True,3730.5,1.5,TP,171.1,49.7,136.1,84.7,171.1,49.7,,,159.3,99.5,276.1,15.4
4166,3737.91,BUY,WICK_H4,H4,2025-09-26 04:00:00,3,2.25,2025-09-26 06:15:00,3734.41,35.0,1.1,0.0,0.0,0.0,0.0,0.25,,212.14,True,True,3734.41,0.0,TP,True,3737.91,0.0,SL,True,3734.41,0.0,TP,False,,,NO_ENTRY,True,3745.07,0.25,SL,False,,,NO_ENTRY,195.3,1.1,160.3,36.1,195.3,1.1,,,88.7,59.8,,
4185,3825.53,BUY,WICK_H4,H4,2025-09-30 04:00:00,1,7.5,2025-09-30 11:30:00,3822.03,35.0,144.5,0.0,,,,,,254.3,True,True,3822.03,0.0,SL,False,,,NO_ENTRY,False,,,NO_ENTRY,False,,,NO_ENTRY,False,,,NO_ENTRY,False,,,NO_ENTRY,16.7,290.3,,,,,,,,,,
4187,3807.58,BUY,WICK_H4,H4,2025-09-30 12:00:00,1,0.25,2025-09-30 12:15:00,3804.08,35.0,110.8,0.5,1.25,1.0,1.5,2.25,,256.52,True,True,3804.08,0.0,SL,True,3807.58,1.25,SL,True,3804.08,1.0,TP,False,,,NO_ENTRY,True,3814.81,2.25,SL,True,3807.58,2.25,TP,174.6,110.8,447.6,43.9,482.6,11.8,,,395.3,67.6,467.6,-4.7
4201,3864.47,BUY,WICK_H4,H4,2025-10-01 16:00:00,3,2.5,2025-10-01 18:30:00,3860.97,35.0,30.6,0.0,0.25,0.0,0.25,,,261.67,True,True,3860.97,0.0,SL,True,3864.47,0.25,SL,True,3860.97,0.0,SL,False,,,NO_ENTRY,False,,,NO_ENTRY,False,,,NO_ENTRY,107.5,60.4,72.5,95.4,107.5,60.4,,,,,,
4209,3861.58,BUY,WICK_H4,H4,2025-10-02 12:00:00,1,5.5,2025-10-02 17:30:00,3858.08,35.0,388.8,1.0,,,0.0,,,271.88,True,True,3858.08,0.0,SL,False,,,NO_ENTRY,False,,,NO_ENTRY,False,,,NO_ENTRY,False,,,NO_ENTRY,False,,,NO_ENTRY,78.8,388.8,,,,,,,,,,
4216,3851.9,BUY,WICK_H4,H4,2025-10-03 04:00:00,1,0.5,2025-10-03 04:30:00,3848.4,35.0,104.7,2.0,0.0,0.0,0.0,,,254.59,True,True,3848.4,0.0,TP,True,3851.9,0.0,SL,True,3848.4,0.0,TP,False,,,NO_ENTRY,False,,,NO_ENTRY,False,,,NO_ENTRY,113.1,104.7,78.1,139.7,113.1,104.7,,,,,,
4237,3955.76,BUY,WICK_H4,H4,2025-10-07 08:00:00,1,2.0,2025-10-07 10:00:00,3952.26,35.0,115.0,1.0,,1.5,,,,259.23,True,True,3952.26,0.0,SL,False,,,NO_ENTRY,True,3952.26,1.5,TP,False,,,NO_ENTRY,False,,,NO_ENTRY,False,,,NO_ENTRY,111.2,115.0,,,216.8,20.0,,,,,,
4252,4031.95,BUY,WICK_H4,H4,2025-10-09 00:00:00,1,1.25,2025-10-09 01:15:00,4028.45,35.0,273.0,1.5,,,,,,269.88,True,True,4028.45,0.0,SL,False,,,NO_ENTRY,False,,,NO_ENTRY,False,,,NO_ENTRY,False,,,NO_ENTRY,False,,,NO_ENTRY,78.0,273.0,,,,,,,,,,
4259,4033.43,BUY,WICK_H4,H4,2025-10-09 16:00:00,1,0.75,2025-10-09 16:45:00,4029.93,35.0,660.4,3.0,,,,,,316.11,True,True,4029.93,0.0,SL,False,,,NO_ENTRY,False,,,NO_ENTRY,False,,,NO_ENTRY,False,,,NO_ENTRY,False,,,NO_ENTRY,47.6,854.8,,,,,,,,,,
4261,3963.89,BUY,WICK_H4,H4,2025-10-09 20:00:00,1,0.25,2025-10-09 20:15:00,3960.39,35.0,159.4,0.0,1.75,0.75,1.0,2.0,,320.27,True,True,3960.39,0.0,SL,True,3963.89,1.75,SL,True,3960.39,0.75,SL,False,,,NO_ENTRY,True,3971.81,1.75,TP,False,,,NO_ENTRY,215.0,159.4,282.1,87.9,215.0,108.9,,,202.9,167.1,,
4265,3958.53,BUY,WICK_H4,H4,2025-10-10 04:00:00,1,3.25,2025-10-10 07:15:00,3955.03,35.0,71.5,0.0,0.0,0.0,0.25,,,332.29,True,True,3955.03,0.0,SL,True,3958.53,0.0,SL,True,3955.03,0.0,SL,False,,,NO_ENTRY,False,,,NO_ENTRY,False,,,NO_ENTRY,337.3,71.5,302.3,106.5,337.3,71.5,,,,,,
4270,3980.0,BUY,WICK_H4,H4,2025-10-10 16:00:00,2,1.0,2025-10-10 17:00:00,3976.5,35.0,59.0,0.0,0.0,0.0,0.25,0.75,1.0,346.7,True,True,3976.5,0.0,SL,True,3980.0,0.0,SL,True,3976.5,0.0,SL,False,,,NO_ENTRY,True,4009.12,1.0,SL,True,3980.0,0.5,TP,461.2,59.0,426.2,94.0,461.2,59.0,,,135.0,340.5,426.2,49.3
4286,4106.43,BUY,WICK_H4,H4,2025-10-14 04:00:00,1,5.25,2025-10-14 09:15:00,4102.93,35.0,127.1,0.5,0.0,0.0,0.0,1.0,2.0,379.34,True,True,4102.93,0.0,SL,True,4106.43,0.0,SL,True,4102.93,0.0,SL,False,,,NO_ENTRY,True,4140.56,1.75,SL,False,,,NO_ENTRY,420.5,127.1,385.5,162.1,420.5,127.1,,,44.2,190.4,,
4317,4326.94,BUY,WICK_H4,H4,2025-10-17 04:00:00,1,0.5,2025-10-17 04:30:00,4323.44,35.0,448.4,0.0,0.5,0.5,0.0,1.25,2.5,436.57,True,True,4323.44,0.0,SL,True,4326.94,0.5,SL,True,4323.44,0.5,SL,False,,,NO_ENTRY,False,,,NO_ENTRY,False,,,NO_ENTRY,551.4,448.4,516.4,141.6,551.4,106.6,,,,,,
4320,4312.8,BUY,WICK_H4,H4,2025-10-17 12:00:00,1,2.75,2025-10-17 14:45:00,4309.3,35.0,258.7,0.25,0.25,0.25,,,,466.32,True,True,4309.3,0.0,SL,True,4312.8,0.25,SL,True,4309.3,0.25,SL,False,,,NO_ENTRY,False,,,NO_ENTRY,False,,,NO_ENTRY,105.9,923.0,70.9,958.0,105.9,923.0,,,,,,
4321,4283.43,BUY,WICK_H4,H4,2025-10-17 16:00:00,1,0.75,2025-10-17 16:45:00,4279.93,35.0,795.3,3.0,,,0.0,,,516.78,True,True,4279.93,0.0,SL,False,,,NO_ENTRY,False,,,NO_ENTRY,False,,,NO_ENTRY,False,,,NO_ENTRY,False,,,NO_ENTRY,135.3,937.4,,,,,,,,,,
4323,4200.4,BUY,WICK_H4,H4,2025-10-17 20:00:00,1,0.5,2025-10-17 20:30:00,4196.9,35.0,5.0,0.0,0.0,0.0,0.0,0.0,3.25,527.16,True,True,4196.9,0.0,TP,True,4200.4,0.0,SL,True,4196.9,0.0,TP,False,,,NO_ENTRY,True,4245.63,2.75,SL,False,,,NO_ENTRY,775.9,5.0,740.9,40.0,775.9,5.0,,,288.6,267.0,,
4329,4229.24,BUY,WICK_H4,H4,2025-10-20 08:00:00,1,1.5,2025-10-20 09:30:00,4225.74,35.0,45.4,0.0,0.0,0.0,0.0,0.5,,516.38,True,True,4225.74,0.0,SL,True,4229.24,0.0,SL,True,4225.74,0.0,SL,False,,,NO_ENTRY,False,,,NO_ENTRY,False,,,NO_ENTRY,402.1,45.4,367.1,80.4,402.1,45.4,,,,,,
4338,4352.96,BUY,WICK_H4,H4,2025-10-21 04:00:00,1,0.5,2025-10-21 04:30:00,4349.46,35.0,167.0,0.0,,0.25,,,,505.79,True,True,4349.46,0.0,SL,False,,,NO_ENTRY,True,4349.46,0.25,SL,False,,,NO_ENTRY,False,,,NO_ENTRY,False,,,NO_ENTRY,57.1,321.6,,,57.1,321.6,,,,,,
4340,4332.76,BUY,WICK_H4,H4,2025-10-21 08:00:00,1,0.5,2025-10-21 08:30:00,4329.26,35.0,844.4,2.5,1.0,1.0,1.25,,,540.58,True,True,4329.26,0.0,SL,True,4332.76,1.0,SL,True,4329.26,1.0,SL,False,,,NO_ENTRY,False,,,NO_ENTRY,False,,,NO_ENTRY,147.9,844.4,112.9,879.4,147.9,844.4,,,,,,
4342,4244.82,BUY,WICK_H4,H4,2025-10-21 12:00:00,1,3.25,2025-10-21 15:15:00,4241.32,35.0,356.8,0.5,,,,,,553.58,True,True,4241.32,0.0,SL,False,,,NO_ENTRY,False,,,NO_ENTRY,False,,,NO_ENTRY,False,,,NO_ENTRY,False,,,NO_ENTRY,-83.6,1593.7,,,,,,,,,,
4344,4205.64,BUY,WICK_H4,H4,2025-10-21 16:00:00,1,0.25,2025-10-21 16:15:00,4202.14,35.0,1201.9,1.5,,0.25,0.25,,,616.42,True,True,4202.14,0.0,SL,False,,,NO_ENTRY,True,4202.14,0.25,SL,False,,,NO_ENTRY,False,,,NO_ENTRY,False,,,NO_ENTRY,231.4,1201.9,,,231.4,1201.9,,,,,,
4348,4093.8,BUY,WICK_H4,H4,2025-10-22 00:00:00,1,3.0,2025-10-22 03:00:00,4090.3,35.0,862.1,0.0,,,,,,647.61,True,True,4090.3,0.0,SL,False,,,NO_ENTRY,False,,,NO_ENTRY,False,,,NO_ENTRY,False,,,NO_ENTRY,False,,,NO_ENTRY,529.4,862.1,,,,,,,,,,
4354,4056.25,BUY,WICK_H4,H4,2025-10-22 12:00:00,1,1.75,2025-10-22 13:45:00,4052.75,35.0,378.6,0.25,,,,,,698.64,True,True,4052.75,0.0,SL,False,,,NO_ENTRY,False,,,NO_ENTRY,False,,,NO_ENTRY,False,,,NO_ENTRY,False,,,NO_ENTRY,324.5,419.1,,,,,,,,,,
4370,4125.29,BUY,WICK_H4,H4,2025-10-23 20:00:00,2,2.75,2025-10-23 22:45:00,4121.79,35.0,143.9,0.75,1.0,1.0,,,,583.23,True,True,4121.79,0.0,SL,True,4125.29,1.0,SL,True,4121.79,1.0,SL,False,,,NO_ENTRY,False,,,NO_ENTRY,False,,,NO_ENTRY,117.9,158.4,190.7,193.4,225.7,158.4,,,,,,
4375,4102.64,BUY,WICK_H4,H4,2025-10-24 08:00:00,1,1.25,2025-10-24 09:15:00,4099.14,35.0,518.5,2.0,,,,,,562.07,True,True,4099.14,0.0,SL,False,,,NO_ENTRY,False,,,NO_ENTRY,False,,,NO_ENTRY,False,,,NO_ENTRY,False,,,NO_ENTRY,-18.8,518.5,,,,,,,,,,
4383,4096.52,BUY,WICK_H4,H4,2025-10-25 00:00:00,1,48.25,2025-10-27 00:15:00,4093.02,35.0,348.0,1.75,,3.0,0.0,,,546.44,True,True,4093.02,0.0,TP,False,,,NO_ENTRY,True,4093.02,3.0,SL,False,,,NO_ENTRY,False,,,NO_ENTRY,False,,,NO_ENTRY,157.7,348.0,,,46.0,395.0,,,,,,
4385,4058.22,BUY,WICK_H4,H4,2025-10-27 04:00:00,1,2.25,2025-10-27 06:15:00,4054.72,35.0,1.8,0.0,0.0,0.0,0.5,1.0,,529.51,True,True,4054.72,0.0,TP,True,4058.22,0.0,SL,True,4054.72,0.0,TP,False,,,NO_ENTRY,False,,,NO_ENTRY,True,4058.22,0.25,TP,299.5,1.8,264.5,36.8,299.5,1.8,,,,,264.5,22.1
4387,4053.52,BUY,WICK_H4,H4,2025-10-27 08:00:00,1,3.0,2025-10-27 11:00:00,4050.02,35.0,201.4,0.0,,,,,,534.48,True,True,4050.02,0.0,SL,False,,,NO_ENTRY,False,,,NO_ENTRY,False,,,NO_ENTRY,False,,,NO_ENTRY,False,,,NO_ENTRY,2.4,347.7,,,,,,,,,,
4389,4024.76,BUY,WICK_H4,H4,2025-10-27 12:00:00,2,1.75,2025-10-27 13:45:00,4021.26,35.0,80.9,2.0,0.25,0.0,0.25,1.25,,522.79,True,True,4021.26,0.0,TP,True,4024.76,0.25,TP,True,4021.26,0.0,TP,False,,,NO_ENTRY,False,,,NO_ENTRY,False,,,NO_ENTRY,290.0,500.7,255.0,535.7,290.0,500.7,,,,,,
4391,4013.17,BUY,WICK_H4,H4,2025-10-27 16:00:00,1,0.25,2025-10-27 16:15:00,4009.67,35.0,384.8,0.75,,,,,,522.67,True,True,4009.67,0.0,SL,False,,,NO_ENTRY,False,,,NO_ENTRY,False,,,NO_ENTRY,False,,,NO_ENTRY,False,,,NO_ENTRY,3.6,384.8,,,,,,,,,,
4396,3972.91,BUY,WICK_H4,H4,2025-10-28 04:00:00,1,2.5,2025-10-28 06:30:00,3969.41,35.0,103.7,1.0,0.0,0.0,,,,507.6,True,True,3969.41,0.0,SL,True,3972.91,0.0,SL,True,3969.41,0.0,SL,False,,,NO_ENTRY,False,,,NO_ENTRY,False,,,NO_ENTRY,110.0,685.6,75.0,720.6,110.0,685.6,,,,,,
4398,3959.04,BUY,WICK_H4,H4,2025-10-28 08:00:00,1,0.25,2025-10-28 08:15:00,3955.54,35.0,692.5,2.75,,,,,,529.89,True,True,3955.54,0.0,SL,False,,,NO_ENTRY,False,,,NO_ENTRY,False,,,NO_ENTRY,False,,,NO_ENTRY,False,,,NO_ENTRY,37.4,692.5,,,,,,,,,,
4406,3945.07,BUY,WICK_H4,H4,2025-10-29 00:00:00,1,0.25,2025-10-29 00:15:00,3941.57,35.0,138.2,0.0,0.0,0.0,1.0,1.5,,498.29,True,True,3941.57,0.0,SL,True,3945.07,0.0,SL,True,3941.57,0.0,SL,False,,,NO_ENTRY,True,3964.7,1.5,SL,False,,,NO_ENTRY,405.5,138.2,370.5,173.2,405.5,138.2,,,174.2,208.3,,
4413,4002.3,BUY,WICK_H4,H4,2025-10-29 16:00:00,2,2.0,2025-10-29 18:00:00,3998.8,35.0,132.1,1.25,,,,,,475.14,True,True,3998.8,0.0,SL,False,,,NO_ENTRY,False,,,NO_ENTRY,False,,,NO_ENTRY,False,,,NO_ENTRY,False,,,NO_ENTRY,85.2,711.5,,,,,,,,,,
4415,3985.59,BUY,WICK_H4,H4,2025-10-29 20:00:00,1,0.25,2025-10-29 20:15:00,3982.09,35.0,544.4,1.25,,,,,,498.11,True,True,3982.09,0.0,SL,False,,,NO_ENTRY,False,,,NO_ENTRY,False,,,NO_ENTRY,False,,,NO_ENTRY,False,,,NO_ENTRY,73.0,661.3,,,,,,,,,,
4431,4012.52,BUY,WICK_H4,H4,2025-10-31 04:00:00,1,0.25,2025-10-31 04:15:00,4009.02,35.0,201.5,1.75,0.0,0.0,,,,454.8,True,True,4009.02,0.0,SL,True,4012.52,0.0,SL,True,4009.02,0.0,SL,False,,,NO_ENTRY,False,,,NO_ENTRY,False,,,NO_ENTRY,88.1,201.5,53.1,236.5,88.1,201.5,,,,,,
4436,4001.59,BUY,WICK_H4,H4,2025-10-31 16:00:00,1,2.25,2025-10-31 18:15:00,3998.09,35.0,257.4,0.0,,1.25,,,,443.29,True,True,3998.09,0.0,SL,False,,,NO_ENTRY,True,3998.09,1.25,SL,False,,,NO_ENTRY,False,,,NO_ENTRY,False,,,NO_ENTRY,117.2,257.4,,,117.2,200.7,,,,,,
4440,3990.98,BUY,WICK_H4,H4,2025-11-01 00:00:00,1,49.5,2025-11-03 01:30:00,3987.48,35.0,249.7,0.75,1.75,1.75,1.75,,,422.73,True,True,3987.48,0.0,SL,True,3990.98,1.75,SL,True,3987.48,1.75,TP,False,,,NO_ENTRY,False,,,NO_ENTRY,False,,,NO_ENTRY,256.0,249.7,241.6,46.2,276.6,11.2,,,,,,
4452,3995.17,BUY,WICK_H4,H4,2025-11-04 00:00:00,1,1.25,2025-11-04 01:15:00,3991.67,35.0,132.8,1.25,0.0,0.0,,,,372.35,True,True,3991.67,0.0,SL,True,3995.17,0.0,SL,True,3991.67,0.0,SL,False,,,NO_ENTRY,False,,,NO_ENTRY,False,,,NO_ENTRY,78.9,159.5,43.9,194.5,78.9,159.5,,,,,,
4454,3978.39,BUY,WICK_H4,H4,2025-11-04 04:00:00,2,3.75,2025-11-04 07:45:00,3974.89,35.0,84.4,0.25,0.75,0.5,1.0,1.5,,364.79,True,True,3974.89,0.0,SL,True,3978.39,0.75,SL,True,3974.89,0.5,SL,True,3991.02,4.25,SL,True,3999.7,2.5,SL,False,,,NO_ENTRY,256.1,84.4,221.1,46.8,256.1,65.5,88.8,266.8,8.0,138.4,,
4459,3971.68,BUY,WICK_H4,H4,2025-11-04 16:00:00,1,0.25,2025-11-04 16:15:00,3968.18,35.0,395.4,0.25,2.0,2.0,0.0,,,366.74,True,True,3968.18,0.0,SL,True,3971.68,2.0,SL,True,3968.18,2.0,SL,False,,,NO_ENTRY,True,3972.24,2.0,SL,False,,,NO_ENTRY,94.3,395.4,38.1,404.0,73.1,369.0,,,32.5,409.6,,
4468,3961.72,BUY,WICK_H4,H4,2025-11-05 12:00:00,2,1.25,2025-11-05 13:15:00,3958.22,35.0,7.7,0.25,0.25,0.25,0.5,2.0,,338.22,True,True,3958.22,0.0,TP,True,3961.72,0.25,SL,True,3958.22,0.25,TP,False,,,NO_ENTRY,True,3972.45,1.75,SL,True,3961.72,0.75,TP,273.5,7.7,238.5,42.7,273.5,7.7,,,178.0,84.2,238.5,-4.0
4481,4002.6,BUY,WICK_H4,H4,2025-11-06 16:00:00,1,0.5,2025-11-06 16:30:00,3999.1,35.0,335.6,2.75,,,,,,304.36,True,True,3999.1,0.0,SL,False,,,NO_ENTRY,False,,,NO_ENTRY,False,,,NO_ENTRY,True,3986.12,3.25,SL,False,,,NO_ENTRY,40.8,335.6,,,,,,,89.4,94.7,,
4491,3991.61,BUY,WICK_H4,H4,2025-11-07 16:00:00,1,0.75,2025-11-07 16:45:00,3988.11,35.0,40.6,1.0,0.0,0.0,0.0,1.5,1.75,286.98,True,True,3988.11,0.0,TP,True,3991.61,0.0,SL,True,3988.11,0.0,TP,False,,,NO_ENTRY,True,4007.75,1.5,TP,False,,,NO_ENTRY,392.0,40.6,357.0,75.6,392.0,40.6,,,195.6,155.1,,
4510,4133.06,BUY,WICK_H4,H4,2025-11-11 16:00:00,1,0.5,2025-11-11 16:30:00,4129.56,35.0,326.1,0.75,,0.0,,,,277.2,True,True,4129.56,0.0,SL,False,,,NO_ENTRY,True,4129.56,0.0,SL,False,,,NO_ENTRY,False,,,NO_ENTRY,False,,,NO_ENTRY,50.4,326.1,,,50.4,326.1,,,,,,
4513,4106.45,BUY,WICK_H4,H4,2025-11-12 00:00:00,2,7.5,2025-11-12 07:30:00,4102.95,35.0,42.3,0.0,,0.0,,,,276.29,True,True,4102.95,0.0,SL,False,,,NO_ENTRY,True,4102.95,0.0,SL,False,,,NO_ENTRY,False,,,NO_ENTRY,False,,,NO_ENTRY,304.8,42.3,,,304.8,42.3,,,,,,
4523,4190.37,BUY,WICK_H4,H4,2025-11-13 00:00:00,1,2.0,2025-11-13 02:00:00,4186.87,35.0,71.3,1.25,0.25,0.0,0.5,0.5,,304.4,True,True,4186.87,0.0,TP,True,4190.37,0.25,SL,True,4186.87,0.0,TP,False,,,NO_ENTRY,False,,,NO_ENTRY,True,4190.37,1.0,TP,324.1,71.3,289.1,106.3,324.1,71.3,,,,,289.1,106.3
4531,4218.97,BUY,WICK_H4,H4,2025-11-13 16:00:00,1,0.25,2025-11-13 16:15:00,4215.47,35.0,312.2,0.25,,,,,,320.75,True,True,4215.47,0.0,SL,False,,,NO_ENTRY,False,,,NO_ENTRY,False,,,NO_ENTRY,False,,,NO_ENTRY,False,,,NO_ENTRY,55.0,312.2,,,,,,,,,,
4532,4184.25,BUY,WICK_H4,H4,2025-11-13 20:00:00,1,0.75,2025-11-13 20:45:00,4180.75,35.0,350.7,0.25,,,,,,339.2,True,True,4180.75,0.0,SL,False,,,NO_ENTRY,False,,,NO_ENTRY,False,,,NO_ENTRY,True,4178.31,2.25,SL,False,,,NO_ENTRY,57.9,350.7,,,,,,,161.8,173.1,,
4537,4183.77,BUY,WICK_H4,H4,2025-11-14 08:00:00,1,0.5,2025-11-14 08:30:00,4180.27,35.0,216.3,0.75,,1.25,,,,329.14,True,True,4180.27,0.0,SL,False,,,NO_ENTRY,True,4180.27,1.25,SL,False,,,NO_ENTRY,False,,,NO_ENTRY,False,,,NO_ENTRY,66.0,216.3,,,66.0,494.9,,,,,,
4539,4158.64,BUY,WICK_H4,H4,2025-11-14 12:00:00,1,1.25,2025-11-14 13:15:00,4155.14,35.0,1140.2,2.5,,,,,,398.36,True,True,4155.14,0.0,SL,False,,,NO_ENTRY,False,,,NO_ENTRY,False,,,NO_ENTRY,False,,,NO_ENTRY,False,,,NO_ENTRY,25.9,1232.1,,,,,,,,,,
4547,4072.85,BUY,WICK_H4,H4,2025-11-17 04:00:00,2,3.25,2025-11-17 07:15:00,4069.35,35.0,197.9,0.25,,,,,,412.45,True,True,4069.35,0.0,SL,False,,,NO_ENTRY,False,,,NO_ENTRY,False,,,NO_ENTRY,False,,,NO_ENTRY,False,,,NO_ENTRY,264.3,197.9,,,,,,,,,,
4555,4052.11,BUY,WICK_H4,H4,2025-11-17 20:00:00,1,1.75,2025-11-17 21:45:00,4048.61,35.0,418.3,0.25,,,,,,418.97,True,True,4048.61,0.0,SL,False,,,NO_ENTRY,False,,,NO_ENTRY,False,,,NO_ENTRY,False,,,NO_ENTRY,False,,,NO_ENTRY,63.3,418.3,,,,,,,,,,
4559,4022.23,BUY,WICK_H4,H4,2025-11-18 04:00:00,2,1.0,2025-11-18 05:00:00,4018.73,35.0,141.3,1.25,2.5,0.5,,,,405.15,True,True,4018.73,0.0,SL,True,4022.23,2.5,SL,True,4018.73,0.5,SL,False,,,NO_ENTRY,False,,,NO_ENTRY,False,,,NO_ENTRY,75.4,163.0,203.3,244.7,75.4,209.7,,,,,,
4561,4004.6,BUY,WICK_H4,H4,2025-11-18 08:00:00,1,1.5,2025-11-18 09:30:00,4001.1,35.0,33.4,0.0,0.0,0.0,0.0,0.5,1.0,411.44,True,True,4001.1,0.0,SL,True,4004.6,0.0,SL,True,4001.1,0.0,SL,False,,,NO_ENTRY,True,4024.91,0.5,SL,False,,,NO_ENTRY,491.3,33.4,456.3,68.4,491.3,33.4,,,253.2,144.6,,
4569,4062.99,BUY,WICK_H4,H4,2025-11-19 00:00:00,1,3.75,2025-11-19 03:45:00,4059.49,35.0,33.0,0.0,,,,,,383.44,True,True,4059.49,0.0,SL,False,,,NO_ENTRY,False,,,NO_ENTRY,False,,,NO_ENTRY,False,,,NO_ENTRY,False,,,NO_ENTRY,377.8,41.4,,,,,,,,,,
4577,4100.67,BUY,WICK_H4,H4,2025-11-19 16:00:00,1,2.0,2025-11-19 18:00:00,4097.17,35.0,417.3,1.0,,,,,,400.31,True,True,4097.17,0.0,SL,False,,,NO_ENTRY,False,,,NO_ENTRY,False,,,NO_ENTRY,False,,,NO_ENTRY,False,,,NO_ENTRY,13.0,417.3,,,,,,,,,,
4581,4065.46,BUY,WICK_H4,H4,2025-11-20 00:00:00,1,4.25,2025-11-20 04:15:00,4061.96,35.0,207.4,0.0,0.5,0.5,0.75,0.75,,389.32,True,True,4061.96,0.0,SL,True,4065.46,0.5,SL,True,4061.96,0.5,TP,False,,,NO_ENTRY,False,,,NO_ENTRY,False,,,NO_ENTRY,234.6,207.4,199.6,71.2,234.6,36.2,,,,,,
4588,4050.91,BUY,WICK_H4,H4,2025-11-20 16:00:00,1,3.0,2025-11-20 19:00:00,4047.41,35.0,37.9,0.0,0.0,0.0,0.25,0.75,,410.87,True,True,4047.41,0.0,SL,True,4050.91,0.0,SL,True,4047.41,0.0,SL,False,,,NO_ENTRY,False,,,NO_ENTRY,False,,,NO_ENTRY,395.7,37.9,360.7,72.9,395.7,37.9,,,,,,
4594,4060.31,BUY,WICK_H4,H4,2025-11-21 04:00:00,1,1.0,2025-11-21 05:00:00,4056.81,35.0,172.5,2.75,,1.25,,,,395.62,True,True,4056.81,0.0,SL,False,,,NO_ENTRY,True,4056.81,1.25,SL,False,,,NO_ENTRY,False,,,NO_ENTRY,False,,,NO_ENTRY,78.0,321.9,,,78.0,346.4,,,,,,
4596,4039.56,BUY,WICK_H4,H4,2025-11-21 08:00:00,1,0.5,2025-11-21 08:30:00,4036.06,35.0,138.9,1.5,1.75,0.75,1.75,2.5,,397.68,True,True,4036.06,0.0,SL,True,4039.56,1.75,SL,True,4036.06,0.75,SL,False,,,NO_ENTRY,True,4042.56,1.75,SL,False,,,NO_ENTRY,272.1,138.9,237.1,86.5,272.1,138.9,,,207.1,116.5,,
4603,4054.48,BUY,WICK_H4,H4,2025-11-22 00:00:00,1,51.25,2025-11-24 03:15:00,4050.98,35.0,84.2,0.5,0.0,0.0,,,,402.41,True,True,4050.98,0.0,SL,True,4054.48,0.0,SL,True,4050.98,0.0,SL,False,,,NO_ENTRY,False,,,NO_ENTRY,False,,,NO_ENTRY,101.2,110.9,66.2,145.9,101.2,110.9,,,,,,
4618,4132.58,BUY,WICK_H4,H4,2025-11-25 08:00:00,2,2.75,2025-11-25 10:45:00,4129.08,35.0,196.4,0.0,,,,,,361.93,True,True,4129.08,0.0,SL,False,,,NO_ENTRY,False,,,NO_ENTRY,False,,,NO_ENTRY,False,,,NO_ENTRY,False,,,NO_ENTRY,96.1,196.4,,,,,,,,,,
4632,4148.64,BUY,WICK_H4,H4,2025-11-26 16:00:00,1,0.25,2025-11-26 16:15:00,4145.14,35.0,81.6,0.75,0.25,0.25,0.25,1.25,,326.35,True,True,4145.14,0.0,SL,True,4148.64,0.25,SL,True,4145.14,0.25,SL,False,,,NO_ENTRY,True,4167.19,2.25,SL,False,,,NO_ENTRY,262.8,81.6,227.8,116.6,262.8,81.6,,,42.3,92.8,,
4636,4157.91,BUY,WICK_H4,H4,2025-11-27 00:00:00,1,3.25,2025-11-27 03:15:00,4154.41,35.0,60.1,0.0,,,,,,304.63,True,True,4154.41,0.0,SL,False,,,NO_ENTRY,False,,,NO_ENTRY,False,,,NO_ENTRY,False,,,NO_ENTRY,False,,,NO_ENTRY,44.7,118.2,,,,,,,,,,
4638,4148.4,BUY,WICK_H4,H4,2025-11-27 04:00:00,1,1.0,2025-11-27 05:00:00,4144.9,35.0,23.1,1.0,1.25,0.0,1.5,,,292.48,True,True,4144.9,0.0,TP,True,4148.4,1.25,SL,True,4144.9,0.0,TP,False,,,NO_ENTRY,False,,,NO_ENTRY,False,,,NO_ENTRY,157.9,23.1,171.0,38.9,157.9,23.1,,,,,,
4649,4174.1,BUY,WICK_H4,H4,2025-11-28 08:00:00,1,2.25,2025-11-28 10:15:00,4170.6,35.0,185.8,0.0,,,,,,258.03,True,True,4170.6,0.0,SL,False,,,NO_ENTRY,False,,,NO_ENTRY,False,,,NO_ENTRY,False,,,NO_ENTRY,False,,,NO_ENTRY,94.7,185.8,,,,,,,,,,
4660,4244.09,BUY,WICK_H4,H4,2025-12-01 16:00:00,1,0.5,2025-12-01 16:30:00,4240.59,35.0,210.8,0.75,,,0.0,,,277.35,True,True,4240.59,0.0,SL,False,,,NO_ENTRY,False,,,NO_ENTRY,False,,,NO_ENTRY,False,,,NO_ENTRY,False,,,NO_ENTRY,73.8,210.8,,,,,,,,,,
4664,4229.06,BUY,WICK_H4,H4,2025-12-02 00:00:00,2,1.75,2025-12-02 01:45:00,4225.56,35.0,344.0,1.25,,0.0,,,,281.3,True,True,4225.56,0.0,SL,False,,,NO_ENTRY,True,4225.56,0.0,SL,False,,,NO_ENTRY,False,,,NO_ENTRY,False,,,NO_ENTRY,48.6,344.0,,,48.6,344.0,,,,,,
4667,4213.77,BUY,WICK_H4,H4,2025-12-02 08:00:00,1,0.5,2025-12-02 08:30:00,4210.27,35.0,292.8,3.0,0.75,0.25,0.75,,,283.09,True,True,4210.27,0.0,SL,True,4213.77,0.75,SL,True,4210.27,0.25,SL,False,,,NO_ENTRY,False,,,NO_ENTRY,False,,,NO_ENTRY,89.9,292.8,54.9,327.8,89.9,292.8,,,,,,
4670,4182.24,BUY,WICK_H4,H4,2025-12-02 16:00:00,1,1.75,2025-12-02 17:45:00,4178.74,35.0,149.3,0.0,0.75,0.75,0.0,1.75,,313.63,True,True,4178.74,0.0,SL,True,4182.24,0.75,SL,True,4178.74,0.75,TP,False,,,NO_ENTRY,False,,,NO_ENTRY,False,,,NO_ENTRY,214.9,149.3,300.1,54.2,335.1,19.2,,,,,,
4678,4203.22,BUY,WICK_H4,H4,2025-12-03 08:00:00,2,3.25,2025-12-03 11:15:00,4199.72,35.0,9.2,0.0,,0.0,,,,288.68,True,True,4199.72,0.0,SL,False,,,NO_ENTRY,True,4199.72,0.0,SL,False,,,NO_ENTRY,False,,,NO_ENTRY,False,,,NO_ENTRY,230.3,51.9,,,230.3,51.9,,,,,,
4685,4194.96,BUY,WICK_H4,H4,2025-12-04 00:00:00,1,5.5,2025-12-04 05:30:00,4191.46,35.0,167.0,2.25,0.0,0.0,0.75,,,293.41,True,True,4191.46,0.0,SL,True,4194.96,0.0,SL,True,4191.46,0.0,SL,False,,,NO_ENTRY,False,,,NO_ENTRY,True,4194.96,0.75,SL,76.0,167.0,41.0,202.0,76.0,167.0,,,,,41.0,202.0
4694,4199.43,BUY,WICK_H4,H4,2025-12-05 00:00:00,1,3.25,2025-12-05 03:15:00,4195.93,35.0,11.7,0.0,0.0,0.0,0.5,,,267.48,True,True,4195.93,0.0,TP,True,4199.43,0.0,SL,True,4195.93,0.0,TP,False,,,NO_ENTRY,False,,,NO_ENTRY,False,,,NO_ENTRY,238.8,11.7,203.8,46.7,238.8,11.7,,,,,,
4701,4219.89,BUY,WICK_H4,H4,2025-12-05 16:00:00,1,2.25,2025-12-05 18:15:00,4216.39,35.0,179.2,0.0,,1.0,,,,277.93,True,True,4216.39,0.0,SL,False,,,NO_ENTRY,True,4216.39,1.0,SL,False,,,NO_ENTRY,False,,,NO_ENTRY,False,,,NO_ENTRY,32.0,179.2,,,32.0,245.3,,,,,,
4703,4198.47,BUY,WICK_H4,H4,2025-12-05 20:00:00,1,3.5,2025-12-05 23:30:00,4194.97,35.0,13.3,0.0,0.25,0.25,,,,277.51,True,True,4194.97,0.0,TP,True,4198.47,0.25,SL,True,4194.97,0.25,TP,False,,,NO_ENTRY,False,,,NO_ENTRY,False,,,NO_ENTRY,166.9,13.3,137.9,44.5,172.9,9.5,,,,,,
4710,4202.97,BUY,WICK_H4,H4,2025-12-08 12:00:00,2,3.75,2025-12-08 15:45:00,4199.47,35.0,16.5,0.0,,0.0,0.0,,,250.15,True,True,4199.47,0.0,TP,False,,,NO_ENTRY,True,4199.47,0.0,TP,False,,,NO_ENTRY,False,,,NO_ENTRY,False,,,NO_ENTRY,120.9,234.4,,,120.9,234.4,,,,,,
4712,4197.82,BUY,WICK_H4,H4,2025-12-08 16:00:00,2,1.0,2025-12-08 17:00:00,4194.32,35.0,182.9,0.25,,1.25,,,,257.66,True,True,4194.32,0.0,SL,False,,,NO_ENTRY,True,4194.32,1.25,SL,False,,,NO_ENTRY,False,,,NO_ENTRY,False,,,NO_ENTRY,34.7,182.9,,,34.7,118.6,,,,,,
4716,4188.66,BUY,WICK_H4,H4,2025-12-09 04:00:00,2,2.75,2025-12-09 06:45:00,4185.16,35.0,72.4,1.0,,0.0,,,,233.78,True,True,4185.16,0.0,SL,False,,,NO_ENTRY,True,4185.16,0.0,SL,False,,,NO_ENTRY,False,,,NO_ENTRY,False,,,NO_ENTRY,65.5,153.0,,,65.5,153.0,,,,,,
4718,4177.92,BUY,WICK_H4,H4,2025-12-09 08:00:00,1,0.25,2025-12-09 08:15:00,4174.42,35.0,4.8,0.0,0.0,0.0,0.25,1.75,2.75,247.69,True,True,4174.42,0.0,TP,True,4177.92,0.0,SL,True,4174.42,0.0,TP,False,,,NO_ENTRY,True,4188.08,1.75,SL,True,4177.92,1.25,TP,382.9,4.8,347.9,39.8,382.9,4.8,,,246.3,57.5,347.9,-3.5
4722,4195.58,BUY,WICK_H4,H4,2025-12-09 16:00:00,1,0.25,2025-12-09 16:15:00,4192.08,35.0,27.1,0.0,0.25,0.0,0.25,0.25,1.75,244.63,True,True,4192.08,0.0,SL,True,4195.58,0.25,SL,True,4192.08,0.0,SL,False,,,NO_ENTRY,True,4212.31,1.5,SL,False,,,NO_ENTRY,290.9,27.1,255.9,57.2,290.9,27.1,,,88.6,137.4,,
4728,4206.74,BUY,WICK_H4,H4,2025-12-10 04:00:00,1,3.0,2025-12-10 07:00:00,4203.24,35.0,16.1,0.25,0.5,0.0,0.5,,,224.48,True,True,4203.24,0.0,TP,True,4206.74,0.5,SL,True,4203.24,0.0,TP,False,,,NO_ENTRY,True,4211.93,0.5,SL,False,,,NO_ENTRY,111.4,89.4,76.4,127.3,111.4,89.4,,,24.5,179.2,,
4730,4201.63,BUY,WICK_H4,H4,2025-12-10 08:00:00,2,2.75,2025-12-10 10:45:00,4198.13,35.0,56.5,1.0,,,,,,222.07,True,True,4198.13,0.0,SL,False,,,NO_ENTRY,False,,,NO_ENTRY,False,,,NO_ENTRY,False,,,NO_ENTRY,False,,,NO_ENTRY,39.0,104.0,,,,,,,,,,
4731,4192.48,BUY,WICK_H4,H4,2025-12-10 12:00:00,1,0.5,2025-12-10 12:30:00,4188.98,35.0,12.5,0.0,0.0,0.0,0.5,1.5,,218.53,True,True,4188.98,0.0,TP,True,4192.48,0.0,SL,True,4188.98,0.0,TP,False,,,NO_ENTRY,True,4202.44,3.0,SL,True,4192.48,0.5,TP,179.4,12.5,144.4,47.5,179.4,12.5,,,44.8,136.3,144.4,12.5
4739,4223.94,BUY,WICK_H4,H4,2025-12-11 04:00:00,1,1.0,2025-12-11 05:00:00,4220.44,35.0,163.0,3.0,,,,,,248.1,True,True,4220.44,0.0,SL,False,,,NO_ENTRY,False,,,NO_ENTRY,True,4218.31,7.0,SL,True,4217.63,4.5,SL,False,,,NO_ENTRY,44.5,163.0,,,,,112.2,131.2,81.0,74.0,,
4756,4314.53,BUY,WICK_H4,H4,2025-12-12 16:00:00,1,1.5,2025-12-12 17:30:00,4311.03,35.0,540.3,1.0,0.0,0.0,0.25,,,318.26,True,True,4311.03,0.0,SL,True,4314.53,0.0,SL,True,4311.03,0.0,SL,False,,,NO_ENTRY,False,,,NO_ENTRY,False,,,NO_ENTRY,108.4,540.3,73.4,575.3,108.4,540.3,,,,,,
4765,4333.26,BUY,WICK_H4,H4,2025-12-15 12:00:00,1,4.0,2025-12-15 16:00:00,4329.76,35.0,445.8,2.5,,,,,,301.29,True,True,4329.76,0.0,SL,False,,,NO_ENTRY,False,,,NO_ENTRY,False,,,NO_ENTRY,False,,,NO_ENTRY,False,,,NO_ENTRY,68.1,445.8,,,,,,,,,,
4772,4299.04,BUY,WICK_H4,H4,2025-12-16 04:00:00,1,1.0,2025-12-16 05:00:00,4295.54,35.0,244.0,2.5,,,,,,294.07,True,True,4295.54,0.0,SL,False,,,NO_ENTRY,False,,,NO_ENTRY,False,,,NO_ENTRY,False,,,NO_ENTRY,False,,,NO_ENTRY,-12.1,244.0,,,,,,,,,,
4792,4328.7,BUY,WICK_H4,H4,2025-12-18 00:00:00,1,3.25,2025-12-18 03:15:00,4325.2,35.0,9.0,0.25,0.5,0.25,,,,282.18,True,True,4325.2,0.0,TP,True,4328.7,0.5,SL,True,4325.2,0.25,TP,False,,,NO_ENTRY,False,,,NO_ENTRY,False,,,NO_ENTRY,124.5,9.0,89.5,41.5,124.5,9.0,,,,,,
4796,4328.38,BUY,WICK_H4,H4,2025-12-18 08:00:00,1,2.75,2025-12-18 10:45:00,4324.88,35.0,41.9,1.0,,0.0,,,,261.53,True,True,4324.88,0.0,SL,False,,,NO_ENTRY,True,4324.88,0.0,SL,False,,,NO_ENTRY,False,,,NO_ENTRY,False,,,NO_ENTRY,39.4,77.0,,,39.4,77.0,,,,,,
4798,4320.69,BUY,WICK_H4,H4,2025-12-18 12:00:00,1,3.0,2025-12-18 15:00:00,4317.19,35.0,26.2,0.0,0.25,0.25,0.0,0.5,,263.08,True,True,4317.19,0.0,SL,True,4320.69,0.25,SL,True,4317.19,0.25,TP,False,,,NO_ENTRY,True,4336.31,0.5,SL,True,4320.69,0.5,TP,572.5,85.5,537.5,120.5,572.5,85.5,,,381.3,276.7,537.5,120.5
4800,4314.57,BUY,WICK_H4,H4,2025-12-18 16:00:00,1,0.75,2025-12-18 16:45:00,4311.07,35.0,24.3,0.0,0.0,0.0,0.0,0.0,0.75,291.29,True,True,4311.07,0.0,TP,True,4314.57,0.0,SL,True,4311.07,0.0,TP,False,,,NO_ENTRY,True,4362.01,1.25,TP,False,,,NO_ENTRY,633.7,24.3,598.7,59.3,633.7,24.3,,,124.3,399.3,,
4804,4322.52,BUY,WICK_H4,H4,2025-12-19 00:00:00,1,3.25,2025-12-19 03:15:00,4319.02,35.0,100.4,0.25,0.5,0.5,0.0,,,283.37,True,True,4319.02,0.0,SL,True,4322.52,0.5,SL,True,4319.02,0.5,SL,False,,,NO_ENTRY,False,,,NO_ENTRY,False,,,NO_ENTRY,93.2,100.4,62.8,99.8,97.8,64.8,,,,,,
4834,4473.18,BUY,WICK_H4,H4,2025-12-23 16:00:00,1,0.25,2025-12-23 16:15:00,4469.68,35.0,393.6,0.75,2.5,2.5,2.75,,,287.13,True,True,4469.68,0.0,SL,True,4473.18,2.5,SL,True,4469.68,2.5,SL,False,,,NO_ENTRY,False,,,NO_ENTRY,False,,,NO_ENTRY,113.3,393.6,264.9,72.5,299.9,37.5,,,,,,
4838,4484.16,BUY,WICK_H4,H4,2025-12-24 04:00:00,1,1.0,2025-12-24 05:00:00,4480.66,35.0,112.9,0.0,0.0,0.0,0.25,0.5,,309.63,True,True,4480.66,0.0,SL,True,4484.16,0.0,SL,True,4480.66,0.0,SL,False,,,NO_ENTRY,True,4499.9,1.5,SL,False,,,NO_ENTRY,206.1,112.9,171.1,147.9,206.1,112.9,,,13.7,217.3,,
4843,4474.47,BUY,WICK_H4,H4,2025-12-24 16:00:00,1,0.75,2025-12-24 16:45:00,4470.97,35.0,227.9,1.0,0.25,0.25,0.0,2.25,,306.35,True,True,4470.97,0.0,SL,True,4474.47,0.25,SL,True,4470.97,0.25,SL,False,,,NO_ENTRY,False,,,NO_ENTRY,False,,,NO_ENTRY,484.6,227.9,449.6,262.9,484.6,227.9,,,,,,
4846,4507.02,BUY,WICK_H4,H4,2025-12-26 12:00:00,1,1.5,2025-12-26 13:30:00,4503.52,35.0,7.5,0.25,0.0,0.0,0.75,1.75,,309.1,True,True,4503.52,0.0,TP,True,4507.02,0.0,SL,True,4503.52,0.0,TP,False,,,NO_ENTRY,True,4525.02,2.25,SL,True,4507.02,0.5,SL,419.6,7.5,384.6,42.5,419.6,7.5,,,249.2,152.8,429.2,32.8
4852,4514.46,BUY,WICK_H4,H4,2025-12-27 00:00:00,1,50.25,2025-12-29 02:15:00,4510.96,35.0,389.0,0.25,,0.75,0.0,,,341.66,True,True,4510.96,0.0,SL,False,,,NO_ENTRY,True,4510.96,0.75,SL,False,,,NO_ENTRY,False,,,NO_ENTRY,False,,,NO_ENTRY,128.4,389.0,,,92.6,189.9,,,,,,
4854,4472.06,BUY,WICK_H4,H4,2025-12-29 04:00:00,1,5.0,2025-12-29 09:00:00,4468.56,35.0,237.7,0.0,0.0,0.0,0.25,1.25,,357.42,True,True,4468.56,0.0,SL,True,4472.06,0.0,SL,True,4468.56,0.0,SL,False,,,NO_ENTRY,False,,,NO_ENTRY,False,,,NO_ENTRY,196.3,237.7,161.3,272.7,196.3,237.7,,,,,,
4857,4444.79,BUY,WICK_H4,H4,2025-12-29 12:00:00,2,3.75,2025-12-29 15:45:00,4441.29,35.0,342.6,0.0,,,,,,380.02,True,True,4441.29,0.0,SL,False,,,NO_ENTRY,False,,,NO_ENTRY,False,,,NO_ENTRY,False,,,NO_ENTRY,False,,,NO_ENTRY,-116.6,1384.0,,,,,,,,,,
4859,4407.03,BUY,WICK_H4,H4,2025-12-29 16:00:00,1,0.25,2025-12-29 16:15:00,4403.53,35.0,1006.4,1.0,,,,,,437.7,True,True,4403.53,0.0,SL,False,,,NO_ENTRY,False,,,NO_ENTRY,False,,,NO_ENTRY,False,,,NO_ENTRY,False,,,NO_ENTRY,20.0,1006.4,,,,,,,,,,
4869,4367.48,BUY,WICK_H4,H4,2025-12-30 16:00:00,1,0.75,2025-12-30 16:45:00,4363.98,35.0,93.4,1.25,0.25,0.0,0.5,,,400.59,True,True,4363.98,0.0,SL,True,4367.48,0.25,SL,True,4363.98,0.0,SL,False,,,NO_ENTRY,True,4377.55,2.0,SL,False,,,NO_ENTRY,175.9,93.4,140.9,128.4,175.9,93.4,,,40.2,402.8,,
4871,4354.64,BUY,WICK_H4,H4,2025-12-30 20:00:00,1,2.0,2025-12-30 22:00:00,4351.14,35.0,166.3,1.75,,,,,,403.37,True,True,4351.14,0.0,SL,False,,,NO_ENTRY,False,,,NO_ENTRY,False,,,NO_ENTRY,False,,,NO_ENTRY,False,,,NO_ENTRY,43.6,224.6,,,,,,,,,,
4873,4334.51,BUY,WICK_H4,H4,2025-12-31 00:00:00,1,1.5,2025-12-31 01:30:00,4331.01,35.0,23.3,0.0,0.0,0.0,0.0,1.5,2.25,406.35,True,True,4331.01,0.0,TP,True,4334.51,0.0,SL,True,4331.01,0.0,TP,False,,,NO_ENTRY,True,4353.18,1.5,SL,False,,,NO_ENTRY,421.7,23.3,386.7,58.3,421.7,23.3,,,200.0,239.7,,
4875,4328.68,BUY,WICK_H4,H4,2025-12-31 04:00:00,1,3.75,2025-12-31 07:45:00,4325.18,35.0,489.2,0.0,,,,,,445.04,True,True,4325.18,0.0,SL,False,,,NO_ENTRY,False,,,NO_ENTRY,False,,,NO_ENTRY,False,,,NO_ENTRY,False,,,NO_ENTRY,120.2,510.3,,,,,,,,,,
4885,4371.98,BUY,WICK_H4,H4,2026-01-02 12:00:00,1,3.75,2026-01-02 15:45:00,4368.48,35.0,66.0,0.0,,,,,,467.8,True,True,4368.48,0.0,SL,False,,,NO_ENTRY,False,,,NO_ENTRY,False,,,NO_ENTRY,False,,,NO_ENTRY,False,,,NO_ENTRY,91.3,535.0,,,,,,,,,,
4887,4361.88,BUY,WICK_H4,H4,2026-01-02 16:00:00,1,0.75,2026-01-02 16:45:00,4358.38,35.0,434.0,1.5,,,,,,476.23,True,True,4358.38,0.0,SL,False,,,NO_ENTRY,False,,,NO_ENTRY,False,,,NO_ENTRY,False,,,NO_ENTRY,False,,,NO_ENTRY,46.3,485.2,,,,,,,,,,
4889,4314.98,BUY,WICK_H4,H4,2026-01-02 20:00:00,1,0.25,2026-01-02 20:15:00,4311.48,35.0,16.2,0.25,0.0,0.0,1.0,,,458.86,True,True,4311.48,0.0,TP,True,4314.98,0.0,SL,True,4311.48,0.0,TP,False,,,NO_ENTRY,True,4328.35,2.0,SL,False,,,NO_ENTRY,611.1,16.2,576.1,51.2,611.1,16.2,,,924.9,97.7,,
4900,4434.71,BUY,WICK_H4,H4,2026-01-06 00:00:00,1,3.0,2026-01-06 03:00:00,4431.21,35.0,34.2,0.0,0.0,0.0,0.0,,,422.43,True,True,4431.21,0.0,SL,True,4434.71,0.0,SL,True,4431.21,0.0,SL,False,,,NO_ENTRY,True,4450.46,0.75,TP,False,,,NO_ENTRY,382.7,34.2,347.7,69.2,382.7,34.2,,,235.9,121.9,,
4912,4477.13,BUY,WICK_H4,H4,2026-01-07 00:00:00,1,3.25,2026-01-07 03:15:00,4473.63,35.0,126.5,0.5,,0.0,,,,374.62,True,True,4473.63,0.0,SL,False,,,NO_ENTRY,True,4473.63,0.0,SL,False,,,NO_ENTRY,False,,,NO_ENTRY,False,,,NO_ENTRY,65.3,140.5,,,65.3,140.5,,,,,,
4914,4460.98,BUY,WICK_H4,H4,2026-01-07 04:00:00,2,3.75,2026-01-07 07:45:00,4457.48,35.0,142.8,0.0,,,,,,374.26,True,True,4457.48,0.0,SL,False,,,NO_ENTRY,False,,,NO_ENTRY,False,,,NO_ENTRY,False,,,NO_ENTRY,False,,,NO_ENTRY,174.2,161.8,,,,,,,,,,
4918,4441.3,BUY,WICK_H4,H4,2026-01-07 12:00:00,2,3.25,2026-01-07 15:15:00,4437.8,35.0,76.8,0.0,0.0,0.0,0.25,,,373.53,True,True,4437.8,0.0,SL,True,4441.3,0.0,SL,True,4437.8,0.0,SL,False,,,NO_ENTRY,False,,,NO_ENTRY,False,,,NO_ENTRY,304.2,144.1,269.2,179.1,304.2,144.1,,,,,,
4920,4427.64,BUY,WICK_H4,H4,2026-01-07 16:00:00,1,1.25,2026-01-07 17:15:00,4424.14,35.0,7.5,0.0,0.0,0.0,0.0,0.25,1.25,378.87,True,True,4424.14,0.0,TP,True,4427.64,0.0,SL,True,4424.14,0.0,TP,False,,,NO_ENTRY,True,4457.77,1.0,TP,False,,,NO_ENTRY,440.8,7.5,405.8,42.5,440.8,7.5,,,104.5,132.5,,
4926,4441.65,BUY,WICK_H4,H4,2026-01-08 04:00:00,1,0.5,2026-01-08 04:30:00,4438.15,35.0,226.1,3.0,0.0,0.0,,,,353.9,True,True,4438.15,0.0,SL,True,4441.65,0.0,SL,True,4438.15,0.0,SL,False,,,NO_ENTRY,False,,,NO_ENTRY,False,,,NO_ENTRY,81.0,226.1,46.0,261.1,81.0,226.1,,,,,,
4929,4415.77,BUY,WICK_H4,H4,2026-01-08 12:00:00,1,2.25,2026-01-08 14:15:00,4412.27,35.0,47.5,0.0,0.0,0.0,0.0,0.25,,341.15,True,True,4412.27,0.0,SL,True,4415.77,0.0,SL,True,4412.27,0.0,SL,False,,,NO_ENTRY,True,4434.1,1.0,SL,False,,,NO_ENTRY,455.3,47.5,420.3,82.5,455.3,47.5,,,312.7,152.9,,
4941,4463.93,BUY,WICK_H4,H4,2026-01-09 12:00:00,1,3.5,2026-01-09 15:30:00,4460.43,35.0,14.3,0.0,0.0,0.0,0.0,0.0,,321.33,True,True,4460.43,0.0,TP,True,4463.93,0.0,SL,True,4460.43,0.0,TP,False,,,NO_ENTRY,True,4486.65,0.0,SL,False,,,NO_ENTRY,565.1,14.3,530.1,49.3,565.1,14.3,,,302.9,276.5,,
4957,4589.19,BUY,WICK_H4,H4,2026-01-13 00:00:00,1,1.25,2026-01-13 01:15:00,4585.69,35.0,103.4,2.25,0.5,0.25,0.5,,,355.68,True,True,4585.69,0.0,SL,True,4589.19,0.5,SL,True,4585.69,0.25,TP,False,,,NO_ENTRY,False,,,NO_ENTRY,False,,,NO_ENTRY,141.8,103.4,106.8,138.4,141.8,103.4,,,,,,
4966,4586.62,BUY,WICK_H4,H4,2026-01-13 20:00:00,1,0.25,2026-01-13 20:15:00,4583.12,35.0,133.8,2.25,0.0,0.0,0.0,0.5,,353.53,True,True,4583.12,0.0,TP,True,4586.62,0.0,SL,True,4583.12,0.0,TP,False,,,NO_ENTRY,False,,,NO_ENTRY,False,,,NO_ENTRY,186.7,133.8,151.7,168.8,186.7,133.8,,,,,,
4973,4624.27,BUY,WICK_H4,H4,2026-01-14 16:00:00,1,0.75,2026-01-14 16:45:00,4620.77,35.0,214.2,0.25,,1.5,,,,329.75,True,True,4620.77,0.0,SL,False,,,NO_ENTRY,True,4620.77,1.5,SL,False,,,NO_ENTRY,False,,,NO_ENTRY,False,,,NO_ENTRY,163.7,214.2,,,220.0,197.2,,,,,,
4975,4599.35,BUY,WICK_H4,H4,2026-01-14 20:00:00,1,7.5,2026-01-15 03:30:00,4595.85,35.0,123.6,0.0,0.0,0.0,0.25,,,339.38,True,True,4595.85,0.0,SL,True,4599.35,0.0,SL,True,4595.85,0.0,SL,False,,,NO_ENTRY,False,,,NO_ENTRY,False,,,NO_ENTRY,186.5,148.9,151.5,183.9,186.5,148.9,,,,,,
4981,4593.51,BUY,WICK_H4,H4,2026-01-15 12:00:00,1,3.75,2026-01-15 15:45:00,4590.01,35.0,78.0,0.0,,,,,,334.71,True,True,4590.01,0.0,SL,False,,,NO_ENTRY,False,,,NO_ENTRY,False,,,NO_ENTRY,False,,,NO_ENTRY,False,,,NO_ENTRY,346.9,78.0,,,,,,,,,,
4987,4600.58,BUY,WICK_H4,H4,2026-01-16 00:00:00,1,3.0,2026-01-16 03:00:00,4597.08,35.0,34.0,0.0,0.0,0.0,0.25,,,326.64,True,True,4597.08,0.0,SL,True,4600.58,0.0,SL,True,4597.08,0.0,SL,False,,,NO_ENTRY,False,,,NO_ENTRY,False,,,NO_ENTRY,113.1,60.2,78.1,95.2,113.1,60.2,,,,,,
4992,4594.02,BUY,WICK_H4,H4,2026-01-16 12:00:00,1,3.5,2026-01-16 15:30:00,4590.52,35.0,50.9,0.0,0.0,0.0,0.0,,,312.98,True,True,4590.52,0.0,SL,True,4594.02,0.0,SL,True,4590.52,0.0,SL,False,,,NO_ENTRY,False,,,NO_ENTRY,False,,,NO_ENTRY,295.1,541.1,260.1,576.1,295.1,541.1,,,,,,
4994,4582.25,BUY,WICK_H4,H4,2026-01-16 16:00:00,1,1.5,2026-01-16 17:30:00,4578.75,35.0,423.4,0.0,0.5,0.5,0.5,0.75,,350.36,True,True,4578.75,0.0,SL,True,4582.25,0.5,SL,True,4578.75,0.5,SL,False,,,NO_ENTRY,False,,,NO_ENTRY,True,4582.25,1.25,TP,201.4,423.4,166.4,148.0,201.4,113.0,,,,,149.2,56.6
5009,4667.97,BUY,WICK_H4,H4,2026-01-20 00:00:00,1,1.5,2026-01-20 01:30:00,4664.47,35.0,51.0,0.75,1.5,0.0,1.5,,,303.44,True,True,4664.47,0.0,SL,True,4667.97,1.5,SL,True,4664.47,0.0,SL,False,,,NO_ENTRY,True,4670.14,1.5,SL,False,,,NO_ENTRY,143.2,51.0,333.2,82.3,143.2,51.0,,,311.5,104.0,,
5027,4855.09,BUY,WICK_H4,H4,2026-01-21 16:00:00,1,0.25,2026-01-21 16:15:00,4851.59,35.0,491.9,3.25,0.0,0.0,0.0,0.25,,401.72,True,True,4851.59,0.0,SL,True,4855.09,0.0,SL,True,4851.59,0.0,SL,False,,,NO_ENTRY,False,,,NO_ENTRY,False,,,NO_ENTRY,205.3,491.9,170.3,526.9,205.3,491.9,,,,,,
5029,4802.4,BUY,WICK_H4,H4,2026-01-21 20:00:00,1,1.75,2026-01-21 21:45:00,4798.9,35.0,433.3,0.0,0.75,0.75,0.75,0.75,,443.17,True,True,4798.9,0.0,SL,True,4802.4,0.75,SL,True,4798.9,0.75,SL,False,,,NO_ENTRY,False,,,NO_ENTRY,False,,,NO_ENTRY,408.0,433.3,373.0,300.3,408.0,265.3,,,,,,
5045,4938.08,BUY,WICK_H4,H4,2026-01-23 08:00:00,1,2.5,2026-01-23 10:30:00,4934.58,35.0,350.1,0.75,,,,,,451.19,True,True,4934.58,0.0,SL,False,,,NO_ENTRY,False,,,NO_ENTRY,False,,,NO_ENTRY,False,,,NO_ENTRY,False,,,NO_ENTRY,43.1,350.1,,,,,,,,,,
5063,5058.35,BUY,WICK_H4,H4,2026-01-26 20:00:00,2,1.25,2026-01-26 21:15:00,5054.85,35.0,650.7,2.25,,1.0,,,,517.46,True,True,5054.85,0.0,SL,False,,,NO_ENTRY,True,5054.85,1.0,SL,False,,,NO_ENTRY,False,,,NO_ENTRY,False,,,NO_ENTRY,72.2,650.7,,,208.1,650.7,,,,,,
5071,5066.92,BUY,WICK_H4,H4,2026-01-27 16:00:00,1,0.25,2026-01-27 16:15:00,5063.42,35.0,167.1,0.0,0.25,0.25,0.25,1.5,,491.59,True,True,5063.42,0.0,SL,True,5066.92,0.25,SL,True,5063.42,0.25,SL,False,,,NO_ENTRY,True,5090.67,1.5,SL,False,,,NO_ENTRY,396.5,167.1,361.5,194.3,396.5,159.3,,,124.0,144.0,,
5081,5251.86,BUY,WICK_H4,H4,2026-01-28 12:00:00,1,1.25,2026-01-28 13:15:00,5248.36,35.0,18.4,0.0,0.0,0.0,0.25,1.5,,554.01,True,True,5248.36,0.0,TP,True,5251.86,0.0,SL,True,5248.36,0.0,TP,False,,,NO_ENTRY,False,,,NO_ENTRY,True,5251.86,0.25,TP,497.3,126.7,462.3,161.7,497.3,126.7,,,,,462.3,161.7
5089,5504.05,BUY,WICK_H4,H4,2026-01-29 08:00:00,1,2.75,2026-01-29 10:45:00,5500.55,35.0,266.1,0.0,0.0,0.0,0.75,,,743.88,True,True,5500.55,0.0,SL,True,5504.05,0.0,SL,True,5500.55,0.0,SL,False,,,NO_ENTRY,False,,,NO_ENTRY,False,,,NO_ENTRY,422.7,298.0,387.7,333.0,422.7,298.0,,,,,,
5093,5470.75,BUY,WICK_H4,H4,2026-01-29 16:00:00,1,1.25,2026-01-29 17:15:00,5467.25,35.0,3628.0,0.0,,,,,,1007.13,True,True,5467.25,0.0,SL,False,,,NO_ENTRY,False,,,NO_ENTRY,False,,,NO_ENTRY,True,5362.54,2.0,SL,False,,,NO_ENTRY,-806.7,3628.0,,,,,,,630.0,794.1,,
5099,5290.34,BUY,WICK_H4,H4,2026-01-30 04:00:00,1,0.25,2026-01-30 04:15:00,5286.84,35.0,1747.7,0.0,,,,,,1143.45,True,True,5286.84,0.0,SL,False,,,NO_ENTRY,False,,,NO_ENTRY,False,,,NO_ENTRY,True,5232.03,3.25,SL,False,,,NO_ENTRY,-406.9,1747.7,,,,,,,73.3,2560.7,,
5101,5112.07,BUY,WICK_H4,H4,2026-01-30 08:00:00,1,2.75,2026-01-30 10:45:00,5108.57,35.0,1662.4,1.0,0.0,0.0,,,,1249.72,True,True,5108.57,0.0,SL,True,5112.07,0.0,SL,True,5108.57,0.0,SL,False,,,NO_ENTRY,False,,,NO_ENTRY,False,,,NO_ENTRY,369.7,1662.4,334.7,1697.4,369.7,1662.4,,,,,,
5105,4992.04,BUY,WICK_H4,H4,2026-01-30 16:00:00,2,2.5,2026-01-30 18:30:00,4988.54,35.0,1877.6,1.25,0.0,0.0,,,,1402.41,True,True,4988.54,0.0,SL,True,4992.04,0.0,SL,True,4988.54,0.0,SL,False,,,NO_ENTRY,False,,,NO_ENTRY,False,,,NO_ENTRY,283.8,3036.2,248.8,3071.2,283.8,3036.2,,,,,,
5107,4800.78,BUY,WICK_H4,H4,2026-01-30 20:00:00,1,0.25,2026-01-30 20:15:00,4797.28,35.0,1123.6,0.25,0.5,0.5,0.5,0.5,1.5,1489.85,True,True,4797.28,0.0,SL,True,4800.78,0.5,SL,True,4797.28,0.5,SL,False,,,NO_ENTRY,False,,,NO_ENTRY,False,,,NO_ENTRY,1503.0,1123.6,1468.0,1041.1,1503.0,1006.1,,,,,,
5109,4684.92,BUY,WICK_H4,H4,2026-01-31 00:00:00,1,51.25,2026-02-02 03:15:00,4681.42,35.0,384.1,0.0,0.0,0.0,0.25,,,1602.48,True,True,4681.42,0.0,SL,True,4684.92,0.0,SL,True,4681.42,0.0,SL,False,,,NO_ENTRY,False,,,NO_ENTRY,False,,,NO_ENTRY,907.6,777.9,872.6,812.9,907.6,777.9,,,,,,
5111,4583.67,BUY,WICK_H4,H4,2026-02-02 04:00:00,1,3.75,2026-02-02 07:45:00,4580.17,35.0,811.1,0.0,,,,,,1683.1,True,True,4580.17,0.0,SL,False,,,NO_ENTRY,False,,,NO_ENTRY,False,,,NO_ENTRY,False,,,NO_ENTRY,False,,,NO_ENTRY,1514.6,1771.8,,,,,,,,,,
5113,4499.06,BUY,WICK_H4,H4,2026-02-02 08:00:00,1,0.5,2026-02-02 08:30:00,4495.56,35.0,925.7,0.0,0.25,0.25,0.5,1.0,2.75,1797.63,True,True,4495.56,0.0,SL,True,4499.06,0.25,SL,True,4495.56,0.25,SL,False,,,NO_ENTRY,True,4719.68,3.25,SL,False,,,NO_ENTRY,2380.8,925.7,2345.8,686.8,2380.8,651.8,,,926.6,624.8,,
5117,4657.2,BUY,WICK_H4,H4,2026-02-02 16:00:00,1,1.75,2026-02-02 17:45:00,4653.7,35.0,570.9,0.25,0.25,0.25,0.25,,,1793.84,True,True,4653.7,0.0,SL,True,4657.2,0.25,SL,True,4653.7,0.25,SL,False,,,NO_ENTRY,False,,,NO_ENTRY,False,,,NO_ENTRY,599.7,570.9,564.7,605.9,599.7,570.9,,,,,,
5130,4893.7,BUY,WICK_H4,H4,2026-02-03 20:00:00,1,1.0,2026-02-03 21:00:00,4890.2,35.0,98.5,0.0,0.0,0.0,0.25,,,1500.78,True,True,4890.2,0.0,SL,True,4893.7,0.0,SL,True,4890.2,0.0,SL,False,,,NO_ENTRY,True,4951.41,1.5,SL,False,,,NO_ENTRY,974.3,98.5,939.3,133.5,974.3,98.5,,,1019.9,415.8,,
5138,5042.98,BUY,WICK_H4,H4,2026-02-04 12:00:00,2,1.25,2026-02-04 13:15:00,5039.48,35.0,262.0,0.0,0.5,0.5,,,,1300.37,True,True,5039.48,0.0,SL,True,5042.98,0.5,SL,True,5039.48,0.5,SL,False,,,NO_ENTRY,False,,,NO_ENTRY,False,,,NO_ENTRY,238.5,890.3,203.5,1557.0,238.5,1522.0,,,,,,
5140,5013.28,BUY,WICK_H4,H4,2026-02-04 16:00:00,1,0.75,2026-02-04 16:45:00,5009.78,35.0,1547.1,2.0,,,,,,1353.0,True,True,5009.78,0.0,SL,False,,,NO_ENTRY,False,,,NO_ENTRY,False,,,NO_ENTRY,False,,,NO_ENTRY,False,,,NO_ENTRY,80.1,1547.1,,,,,,,,,,
5146,4935.79,BUY,WICK_H4,H4,2026-02-05 04:00:00,1,0.25,2026-02-05 04:15:00,4932.29,35.0,1435.7,0.75,0.0,0.0,,,,1325.06,True,True,4932.29,0.0,SL,True,4935.79,0.0,SL,True,4932.29,0.0,SL,False,,,NO_ENTRY,True,4896.08,3.5,SL,False,,,NO_ENTRY,95.8,1435.7,60.8,1470.7,95.8,1435.7,,,474.8,464.6,,
5150,4849.62,BUY,WICK_H4,H4,2026-02-05 12:00:00,2,2.25,2026-02-05 14:15:00,4846.12,35.0,442.1,0.75,0.5,0.0,,,,1270.84,True,True,4846.12,0.0,SL,True,4849.62,0.5,SL,True,4846.12,0.0,SL,False,,,NO_ENTRY,False,,,NO_ENTRY,False,,,NO_ENTRY,245.1,456.7,566.6,491.7,245.1,456.7,,,,,,
5154,4800.45,BUY,WICK_H4,H4,2026-02-05 20:00:00,2,3.5,2026-02-05 23:30:00,4796.95,35.0,369.0,0.0,,,,,,1248.14,True,True,4796.95,0.0,SL,False,,,NO_ENTRY,False,,,NO_ENTRY,False,,,NO_ENTRY,False,,,NO_ENTRY,False,,,NO_ENTRY,491.8,1422.5,,,,,,,,,,
5156,4760.05,BUY,WICK_H4,H4,2026-02-06 00:00:00,1,1.25,2026-02-06 01:15:00,4756.55,35.0,1018.5,1.0,1.5,1.25,,,,1259.91,True,True,4756.55,0.0,SL,True,4760.05,1.5,SL,True,4756.55,1.25,SL,False,,,NO_ENTRY,True,4774.26,2.5,SL,False,,,NO_ENTRY,895.8,1018.5,860.8,668.8,895.8,633.8,,,1235.2,378.8,,
5173,4997.01,BUY,WICK_H4,H4,2026-02-09 12:00:00,1,0.25,2026-02-09 12:15:00,4993.51,35.0,113.5,0.25,1.0,1.0,2.25,,,982.57,True,True,4993.51,0.0,SL,True,4997.01,1.0,SL,True,4993.51,1.0,TP,False,,,NO_ENTRY,True,5021.89,2.75,SL,False,,,NO_ENTRY,310.1,113.5,449.8,55.8,484.8,20.8,,,583.9,268.1,,
5179,5044.21,BUY,WICK_H4,H4,2026-02-10 00:00:00,1,1.25,2026-02-10 01:15:00,5040.71,35.0,384.7,0.0,,,,,,925.81,True,True,5040.71,0.0,SL,False,,,NO_ENTRY,False,,,NO_ENTRY,False,,,NO_ENTRY,False,,,NO_ENTRY,False,,,NO_ENTRY,153.6,384.7,,,,,,,,,,
5187,5019.68,BUY,WICK_H4,H4,2026-02-10 16:00:00,1,1.75,2026-02-10 17:45:00,5016.18,35.0,104.8,0.5,0.25,0.0,1.5,,,823.97,True,True,5016.18,0.0,SL,True,5019.68,0.25,SL,True,5016.18,0.0,SL,False,,,NO_ENTRY,False,,,NO_ENTRY,False,,,NO_ENTRY,237.2,115.4,202.2,150.4,237.2,115.4,,,,,,
5202,5066.62,BUY,WICK_H4,H4,2026-02-12 00:00:00,1,1.25,2026-02-12 01:15:00,5063.12,35.0,181.1,1.75,0.0,0.0,,,,669.34,True,True,5063.12,0.0,SL,True,5066.62,0.0,SL,True,5063.12,0.0,SL,False,,,NO_ENTRY,False,,,NO_ENTRY,False,,,NO_ENTRY,113.9,181.1,78.9,216.1,113.9,181.1,,,,,,
5210,5048.63,BUY,WICK_H4,H4,2026-02-12 16:00:00,1,1.0,2026-02-12 17:00:00,5045.13,35.0,1666.3,1.25,0.0,0.0,0.0,,,699.43,True,True,5045.13,0.0,SL,True,5048.63,0.0,SL,True,5045.13,0.0,SL,False,,,NO_ENTRY,False,,,NO_ENTRY,False,,,NO_ENTRY,296.3,1666.3,261.3,1701.3,296.3,1666.3,,,,,,
5224,5015.44,BUY,WICK_H4,H4,2026-02-14 00:00:00,2,50.0,2026-02-16 02:00:00,5011.94,35.0,119.9,0.0,0.0,0.0,1.25,,,641.81,True,True,5011.94,0.0,SL,True,5015.44,0.0,SL,True,5011.94,0.0,SL,False,,,NO_ENTRY,False,,,NO_ENTRY,False,,,NO_ENTRY,192.4,383.5,157.4,418.5,192.4,383.5,,,,,,
5226,4999.95,BUY,WICK_H4,H4,2026-02-16 04:00:00,1,1.0,2026-02-16 05:00:00,4996.45,35.0,312.8,2.0,,0.0,,,,643.12,True,True,4996.45,0.0,SL,False,,,NO_ENTRY,True,4996.45,0.0,SL,False,,,NO_ENTRY,False,,,NO_ENTRY,False,,,NO_ENTRY,65.3,312.8,,,65.3,312.8,,,,,,
5232,4989.54,BUY,WICK_H4,H4,2026-02-16 16:00:00,1,0.75,2026-02-16 16:45:00,4986.04,35.0,171.3,0.25,2.25,0.0,,,,574.81,True,True,4986.04,0.0,SL,True,4989.54,2.25,SL,True,4986.04,0.0,SL,False,,,NO_ENTRY,False,,,NO_ENTRY,True,4989.54,3.0,SL,115.3,171.3,113.3,210.7,115.3,171.3,,,,,113.3,667.2
5236,4988.59,BUY,WICK_H4,H4,2026-02-17 00:00:00,2,2.25,2026-02-17 02:15:00,4985.09,35.0,622.7,0.75,,,,,,557.33,True,True,4985.09,0.0,SL,False,,,NO_ENTRY,False,,,NO_ENTRY,False,,,NO_ENTRY,False,,,NO_ENTRY,False,,,NO_ENTRY,-35.6,622.7,,,,,,,,,,
5238,4922.82,BUY,WICK_H4,H4,2026-02-17 04:00:00,1,3.5,2026-02-17 07:30:00,4919.32,35.0,603.4,0.0,,,,,,597.5,True,True,4919.32,0.0,SL,False,,,NO_ENTRY,False,,,NO_ENTRY,False,,,NO_ENTRY,False,,,NO_ENTRY,False,,,NO_ENTRY,109.3,603.4,,,,,,,,,,
5242,4886.39,BUY,WICK_H4,H4,2026-02-17 12:00:00,1,4.0,2026-02-17 16:00:00,4882.89,35.0,412.6,0.0,0.0,0.0,0.0,,,602.64,True,True,4882.89,0.0,SL,True,4886.39,0.0,SL,True,4882.89,0.0,SL,False,,,NO_ENTRY,False,,,NO_ENTRY,False,,,NO_ENTRY,240.6,412.6,205.6,447.6,240.6,412.6,,,,,,
5247,4862.4,BUY,WICK_H4,H4,2026-02-18 00:00:00,2,2.0,2026-02-18 02:00:00,4858.9,35.0,8.0,0.0,0.0,0.0,0.5,1.0,,579.04,True,True,4858.9,0.0,TP,True,4862.4,0.0,SL,True,4858.9,0.0,TP,False,,,NO_ENTRY,True,4886.61,1.0,SL,False,,,NO_ENTRY,720.7,8.0,685.7,43.0,720.7,8.0,,,535.9,123.4,,
5253,4912.87,BUY,WICK_H4,H4,2026-02-18 12:00:00,2,1.75,2026-02-18 13:45:00,4909.37,35.0,31.0,0.0,0.0,0.0,0.25,1.0,1.75,560.95,True,True,4909.37,0.0,SL,True,4912.87,0.0,SL,True,4909.37,0.0,SL,False,,,NO_ENTRY,True,4921.68,0.25,SL,False,,,NO_ENTRY,994.3,31.0,959.3,66.0,994.3,31.0,,,871.2,97.3,,
5259,4972.83,BUY,WICK_H4,H4,2026-02-19 00:00:00,2,2.0,2026-02-19 02:00:00,4969.33,35.0,88.0,0.75,1.75,1.5,,,,526.72,True,True,4969.33,0.0,SL,True,4972.83,1.75,SL,True,4969.33,1.5,SL,False,,,NO_ENTRY,False,,,NO_ENTRY,False,,,NO_ENTRY,153.5,88.0,256.3,72.1,269.0,75.9,,,,,,
5265,4993.03,BUY,WICK_H4,H4,2026-02-19 12:00:00,1,0.25,2026-02-19 12:15:00,4989.53,35.0,159.1,3.25,0.5,0.5,,,,478.67,True,True,4989.53,0.0,SL,True,4993.03,0.5,SL,True,4989.53,0.5,SL,False,,,NO_ENTRY,True,4993.46,3.25,SL,False,,,NO_ENTRY,87.5,176.9,173.3,297.3,208.3,262.3,,,286.8,301.6,,
5266,4973.62,BUY,WICK_H4,H4,2026-02-19 16:00:00,1,0.5,2026-02-19 16:30:00,4970.12,35.0,68.2,0.0,0.0,0.0,0.0,0.0,1.0,486.51,True,True,4970.12,0.0,SL,True,4973.62,0.0,SL,True,4970.12,0.0,SL,False,,,NO_ENTRY,True,5005.46,0.25,SL,False,,,NO_ENTRY,520.2,68.2,485.2,103.2,520.2,68.2,,,166.8,302.7,,
5285,5151.81,BUY,WICK_H4,H4,2026-02-23 08:00:00,1,0.75,2026-02-23 08:45:00,5148.31,35.0,262.4,1.75,,2.5,,,,471.03,True,True,5148.31,0.0,SL,False,,,NO_ENTRY,True,5148.31,2.5,SL,False,,,NO_ENTRY,False,,,NO_ENTRY,False,,,NO_ENTRY,150.2,262.4,,,170.0,54.2,,,,,,
5293,5200.9,BUY,WICK_H4,H4,2026-02-24 00:00:00,1,3.25,2026-02-24 03:15:00,5197.4,35.0,523.8,0.0,,,,,,509.49,True,True,5197.4,0.0,SL,False,,,NO_ENTRY,False,,,NO_ENTRY,False,,,NO_ENTRY,False,,,NO_ENTRY,False,,,NO_ENTRY,-55.4,523.8,,,,,,,,,,
5299,5156.37,BUY,WICK_H4,H4,2026-02-24 12:00:00,1,2.75,2026-02-24 14:45:00,5152.87,35.0,419.1,1.0,0.25,0.25,,,,495.89,True,True,5152.87,0.0,SL,True,5156.37,0.25,SL,True,5152.87,0.25,SL,False,,,NO_ENTRY,False,,,NO_ENTRY,False,,,NO_ENTRY,81.7,595.0,46.7,630.0,81.7,595.0,,,,,,
5301,5110.96,BUY,WICK_H4,H4,2026-02-24 16:00:00,1,0.25,2026-02-24 16:15:00,5107.46,35.0,70.6,0.0,0.0,0.0,0.25,0.25,3.0,510.67,True,True,5107.46,0.0,SL,True,5110.96,0.0,SL,True,5107.46,0.0,SL,False,,,NO_ENTRY,True,5156.24,2.75,TP,False,,,NO_ENTRY,624.0,70.6,589.0,105.6,624.0,70.6,,,168.6,145.7,,
5304,5140.12,BUY,WICK_H4,H4,2026-02-25 00:00:00,1,1.25,2026-02-25 01:15:00,5136.62,35.0,82.6,0.0,0.25,0.25,0.25,1.75,2.0,510.7,True,True,5136.62,0.0,SL,True,5140.12,0.25,SL,True,5136.62,0.25,SL,False,,,NO_ENTRY,True,5152.08,1.5,SL,True,5140.12,1.25,TP,571.8,82.6,536.8,107.4,571.8,72.4,,,417.2,101.9,536.8,-0.5
5309,5176.42,BUY,WICK_H4,H4,2026-02-25 12:00:00,1,0.5,2026-02-25 12:30:00,5172.92,35.0,178.8,0.75,0.0,0.0,1.75,,,481.48,True,True,5172.92,0.0,SL,True,5176.42,0.0,SL,True,5172.92,0.0,SL,False,,,NO_ENTRY,True,5187.8,2.75,SL,False,,,NO_ENTRY,183.8,178.8,148.8,213.8,183.8,178.8,,,296.5,290.5,,
5313,5158.75,BUY,WICK_H4,H4,2026-02-25 20:00:00,1,3.0,2026-02-25 23:00:00,5155.25,35.0,51.4,0.0,0.0,0.0,0.25,,,498.55,True,True,5155.25,0.0,SL,True,5158.75,0.0,SL,True,5155.25,0.0,SL,False,,,NO_ENTRY,False,,,NO_ENTRY,False,,,NO_ENTRY,429.4,51.4,394.4,86.4,429.4,51.4,,,,,,
5319,5174.06,BUY,WICK_H4,H4,2026-02-26 08:00:00,1,2.75,2026-02-26 10:45:00,5170.56,35.0,28.3,0.0,0.0,0.0,0.25,,,469.04,True,True,5170.56,0.0,SL,True,5174.06,0.0,SL,True,5170.56,0.0,SL,False,,,NO_ENTRY,False,,,NO_ENTRY,True,5174.06,0.25,TP,193.9,129.2,158.9,164.2,193.9,129.2,,,,,158.9,164.2
5320,5167.73,BUY,WICK_H4,H4,2026-02-26 12:00:00,2,2.0,2026-02-26 14:00:00,5164.23,35.0,65.9,0.0,0.0,0.0,0.25,0.5,,458.62,True,True,5164.23,0.0,SL,True,5167.73,0.0,SL,True,5164.23,0.0,SL,False,,,NO_ENTRY,False,,,NO_ENTRY,True,5167.73,1.0,TP,284.3,340.8,249.3,375.8,284.3,340.8,,,,,249.3,375.8
5322,5157.64,BUY,WICK_H4,H4,2026-02-26 16:00:00,2,1.5,2026-02-26 17:30:00,5154.14,35.0,137.6,0.0,0.0,0.0,0.0,0.25,,470.51,True,True,5154.14,0.0,SL,True,5157.64,0.0,SL,True,5154.14,0.0,SL,False,,,NO_ENTRY,True,5185.52,0.25,SL,False,,,NO_ENTRY,385.2,137.6,350.2,172.6,385.2,137.6,,,84.0,252.6,,
5342,5375.1,BUY,WICK_H4,H4,2026-03-02 16:00:00,1,0.25,2026-03-02 16:15:00,5371.6,35.0,1113.2,1.75,,,,,,563.25,True,True,5371.6,0.0,SL,False,,,NO_ENTRY,False,,,NO_ENTRY,False,,,NO_ENTRY,False,,,NO_ENTRY,False,,,NO_ENTRY,50.5,1113.2,,,,,,,,,,
5348,5305.08,BUY,WICK_H4,H4,2026-03-03 08:00:00,1,0.25,2026-03-03 08:15:00,5301.58,35.0,754.2,3.0,0.0,0.0,0.0,1.75,,611.98,True,True,5301.58,0.0,SL,True,5305.08,0.0,SL,True,5301.58,0.0,SL,False,,,NO_ENTRY,False,,,NO_ENTRY,False,,,NO_ENTRY,341.7,754.2,306.7,789.2,341.7,754.2,,,,,,
5350,5226.16,BUY,WICK_H4,H4,2026-03-03 12:00:00,1,1.25,2026-03-03 13:15:00,5222.66,35.0,1482.2,0.25,,1.5,,,,720.82,True,True,5222.66,0.0,SL,False,,,NO_ENTRY,True,5222.66,1.5,SL,False,,,NO_ENTRY,False,,,NO_ENTRY,False,,,NO_ENTRY,38.2,2266.9,,,38.2,2266.9,,,,,,
5352,5074.44,BUY,WICK_H4,H4,2026-03-03 16:00:00,1,0.75,2026-03-03 16:45:00,5070.94,35.0,749.7,0.5,1.0,1.0,1.0,1.25,,797.46,True,True,5070.94,0.0,SL,True,5074.44,1.0,SL,True,5070.94,1.0,SL,False,,,NO_ENTRY,False,,,NO_ENTRY,False,,,NO_ENTRY,670.9,749.7,743.5,202.1,778.5,167.1,,,,,,
5359,5141.14,BUY,WICK_H4,H4,2026-03-04 08:00:00,1,0.25,2026-03-04 08:15:00,5137.64,35.0,90.2,0.0,0.25,0.25,0.5,2.5,,769.34,True,True,5137.64,0.0,SL,True,5141.14,0.25,SL,True,5137.64,0.25,SL,False,,,NO_ENTRY,True,5182.39,3.25,SL,False,,,NO_ENTRY,647.1,90.2,612.1,86.4,647.1,51.4,,,234.8,261.8,,
5363,5156.21,BUY,WICK_H4,H4,2026-03-04 16:00:00,1,1.0,2026-03-04 17:00:00,5152.71,35.0,326.2,2.25,,0.25,,,,742.62,True,True,5152.71,0.0,SL,False,,,NO_ENTRY,True,5152.71,0.25,SL,False,,,NO_ENTRY,False,,,NO_ENTRY,False,,,NO_ENTRY,141.8,437.7,,,141.8,437.7,,,,,,
5365,5120.09,BUY,WICK_H4,H4,2026-03-04 20:00:00,1,0.25,2026-03-04 20:15:00,5116.59,35.0,76.5,0.25,0.0,0.0,0.5,,,716.45,True,True,5116.59,0.0,SL,True,5120.09,0.0,SL,True,5116.59,0.0,SL,False,,,NO_ENTRY,True,5137.73,1.5,SL,False,,,NO_ENTRY,397.9,76.5,362.9,111.5,397.9,76.5,,,418.3,142.0,,
5369,5144.51,BUY,WICK_H4,H4,2026-03-05 04:00:00,1,4.25,2026-03-05 08:15:00,5141.01,35.0,167.8,0.0,0.25,0.0,0.5,2.75,,674.85,True,True,5141.01,0.0,SL,True,5144.51,0.25,SL,True,5141.01,0.0,SL,False,,,NO_ENTRY,True,5179.3,2.75,SL,False,,,NO_ENTRY,393.1,167.8,358.1,70.4,393.1,167.8,,,10.2,331.4,,
5372,5120.7,BUY,WICK_H4,H4,2026-03-05 12:00:00,1,3.5,2026-03-05 15:30:00,5117.2,35.0,75.3,0.25,0.0,0.0,0.0,,,689.21,True,True,5117.2,0.0,TP,True,5120.7,0.0,SL,True,5117.2,0.0,TP,False,,,NO_ENTRY,False,,,NO_ENTRY,False,,,NO_ENTRY,204.8,631.2,169.8,666.2,204.8,631.2,,,,,,
5374,5083.72,BUY,WICK_H4,H4,2026-03-05 16:00:00,1,1.25,2026-03-05 17:15:00,5080.22,35.0,261.4,1.25,0.0,0.0,0.5,,,694.01,True,True,5080.22,0.0,SL,True,5083.72,0.0,SL,True,5080.22,0.0,SL,False,,,NO_ENTRY,False,,,NO_ENTRY,False,,,NO_ENTRY,240.5,294.8,205.5,329.8,240.5,294.8,,,,,,
5382,5113.91,BUY,WICK_H4,H4,2026-03-06 08:00:00,2,1.5,2026-03-06 09:30:00,5110.41,35.0,271.1,2.25,0.0,0.0,,,,635.19,True,True,5110.41,0.0,SL,True,5113.91,0.0,SL,True,5110.41,0.0,SL,False,,,NO_ENTRY,False,,,NO_ENTRY,False,,,NO_ENTRY,124.8,347.6,89.8,382.6,124.8,347.6,,,,,,
5384,5083.3,BUY,WICK_H4,H4,2026-03-06 12:00:00,1,0.25,2026-03-06 12:15:00,5079.8,35.0,171.4,1.5,0.0,0.0,1.0,3.25,,638.35,True,True,5079.8,0.0,TP,True,5083.3,0.0,SL,True,5079.8,0.0,TP,False,,,NO_ENTRY,True,5121.98,3.25,SL,True,5083.3,3.25,TP,508.1,171.4,473.1,206.4,508.1,171.4,,,495.1,483.8,881.9,97.0
5390,5138.52,BUY,WICK_H4,H4,2026-03-07 00:00:00,1,48.25,2026-03-09 00:15:00,5135.02,35.0,1203.7,2.75,0.0,0.0,0.0,,,723.04,True,True,5135.02,0.0,SL,True,5138.52,0.0,SL,True,5135.02,0.0,SL,False,,,NO_ENTRY,False,,,NO_ENTRY,False,,,NO_ENTRY,296.0,1203.7,261.0,1238.7,296.0,1203.7,,,,,,
5396,5086.82,BUY,WICK_H4,H4,2026-03-09 12:00:00,2,1.5,2026-03-09 13:30:00,5083.32,35.0,161.4,2.25,0.25,0.0,0.75,,,694.34,True,True,5083.32,0.0,TP,True,5086.82,0.25,SL,True,5083.32,0.0,TP,False,,,NO_ENTRY,False,,,NO_ENTRY,False,,,NO_ENTRY,326.0,223.2,291.0,258.2,326.0,223.2,,,,,,
5417,5190.4,BUY,WICK_H4,H4,2026-03-11 08:00:00,1,2.25,2026-03-11 10:15:00,5186.9,35.0,114.6,0.25,1.25,0.5,,,,576.18,True,True,5186.9,0.0,SL,True,5190.4,1.25,SL,True,5186.9,0.5,SL,False,,,NO_ENTRY,False,,,NO_ENTRY,False,,,NO_ENTRY,114.0,114.6,66.4,283.0,101.4,206.0,,,,,,
5419,5175.44,BUY,WICK_H4,H4,2026-03-11 12:00:00,1,2.75,2026-03-11 14:45:00,5171.94,35.0,228.5,1.0,0.25,0.25,,,,569.06,True,True,5171.94,0.0,SL,True,5175.44,0.25,SL,True,5171.94,0.25,SL,False,,,NO_ENTRY,False,,,NO_ENTRY,False,,,NO_ENTRY,242.8,228.5,207.8,263.5,242.8,228.5,,,,,,
5423,5154.69,BUY,WICK_H4,H4,2026-03-11 20:00:00,1,4.75,2026-03-12 00:45:00,5151.19,35.0,255.9,1.25,0.5,0.25,0.0,,,531.99,True,True,5151.19,0.0,SL,True,5154.69,0.5,SL,True,5151.19,0.25,SL,False,,,NO_ENTRY,True,5169.7,2.75,SL,True,5154.69,2.75,TP,238.1,255.9,203.1,290.9,238.1,255.9,,,53.0,326.3,203.1,176.2
5432,5145.95,BUY,WICK_H4,H4,2026-03-12 16:00:00,1,0.75,2026-03-12 16:45:00,5142.45,35.0,400.6,3.0,,0.0,,,,517.64,True,True,5142.45,0.0,SL,False,,,NO_ENTRY,True,5142.45,0.0,SL,False,,,NO_ENTRY,False,,,NO_ENTRY,False,,,NO_ENTRY,110.6,518.1,,,110.6,518.1,,,,,,
5434,5102.39,BUY,WICK_H4,H4,2026-03-12 20:00:00,1,0.5,2026-03-12 20:30:00,5098.89,35.0,439.6,2.0,,,,,,521.72,True,True,5098.89,0.0,SL,False,,,NO_ENTRY,False,,,NO_ENTRY,False,,,NO_ENTRY,False,,,NO_ENTRY,False,,,NO_ENTRY,54.7,439.6,,,,,,,,,,
5439,5098.24,BUY,WICK_H4,H4,2026-03-13 08:00:00,1,0.5,2026-03-13 08:30:00,5094.74,35.0,334.4,1.75,,,,,,502.7,True,True,5094.74,0.0,SL,False,,,NO_ENTRY,False,,,NO_ENTRY,False,,,NO_ENTRY,False,,,NO_ENTRY,False,,,NO_ENTRY,35.0,334.4,,,,,,,,,,
5443,5079.84,BUY,WICK_H4,H4,2026-03-13 16:00:00,1,0.75,2026-03-13 16:45:00,5076.34,35.0,574.8,1.25,,,,,,524.6,True,True,5076.34,0.0,SL,False,,,NO_ENTRY,False,,,NO_ENTRY,False,,,NO_ENTRY,False,,,NO_ENTRY,False,,,NO_ENTRY,28.4,574.8,,,,,,,,,,
5445,5018.86,BUY,WICK_H4,H4,2026-03-13 20:00:00,1,2.0,2026-03-13 22:00:00,5015.36,35.0,32.8,0.25,0.5,0.0,,,,517.17,True,True,5015.36,0.0,SL,True,5018.86,0.5,SL,True,5015.36,0.0,SL,False,,,NO_ENTRY,False,,,NO_ENTRY,False,,,NO_ENTRY,154.3,482.2,119.3,517.2,154.3,482.2,,,,,,
5447,5009.49,BUY,WICK_H4,H4,2026-03-14 00:00:00,1,48.25,2026-03-16 00:15:00,5005.99,35.0,388.5,1.0,0.0,0.0,0.0,,,525.69,True,True,5005.99,0.0,SL,True,5009.49,0.0,SL,True,5005.99,0.0,SL,False,,,NO_ENTRY,True,5027.6,2.25,SL,False,,,NO_ENTRY,248.0,388.5,213.0,423.5,248.0,388.5,,,31.9,450.7,,
5451,4997.66,BUY,WICK_H4,H4,2026-03-16 08:00:00,1,1.75,2026-03-16 09:45:00,4994.16,35.0,215.2,2.0,,0.0,,,,517.21,True,True,4994.16,0.0,SL,False,,,NO_ENTRY,True,4994.16,0.0,SL,False,,,NO_ENTRY,False,,,NO_ENTRY,False,,,NO_ENTRY,282.5,242.2,,,282.5,242.2,,,,,,
5462,5005.04,BUY,WICK_H4,H4,2026-03-17 12:00:00,1,0.25,2026-03-17 12:15:00,5001.54,35.0,98.3,0.25,1.0,0.0,2.0,3.25,,464.04,True,True,5001.54,0.0,SL,True,5005.04,1.0,SL,True,5001.54,0.0,SL,False,,,NO_ENTRY,True,5027.0,3.25,SL,True,5005.04,3.5,TP,297.5,98.3,262.5,114.4,297.5,98.3,,,42.9,536.1,224.4,316.5
5464,4991.71,BUY,WICK_H4,H4,2026-03-17 16:00:00,1,1.75,2026-03-17 17:45:00,4988.21,35.0,45.2,0.0,0.0,0.0,0.5,,,464.44,True,True,4988.21,0.0,SL,True,4991.71,0.0,SL,True,4988.21,0.0,SL,False,,,NO_ENTRY,False,,,NO_ENTRY,True,4991.71,0.25,TP,206.9,45.2,171.9,80.2,206.9,45.2,,,,,171.9,3.4
5470,4991.18,BUY,WICK_H4,H4,2026-03-18 04:00:00,1,1.0,2026-03-18 05:00:00,4987.68,35.0,61.2,1.5,0.0,0.0,2.5,,,413.98,True,True,4987.68,0.0,SL,True,4991.18,0.0,SL,True,4987.68,0.0,SL,False,,,NO_ENTRY,True,4999.04,2.5,SL,False,,,NO_ENTRY,283.8,61.2,248.8,96.2,283.8,61.2,,,170.2,219.1,,
5474,4977.13,BUY,WICK_H4,H4,2026-03-18 12:00:00,1,0.75,2026-03-18 12:45:00,4973.63,35.0,1395.8,2.5,,,,,,495.63,True,True,4973.63,0.0,SL,False,,,NO_ENTRY,False,,,NO_ENTRY,False,,,NO_ENTRY,False,,,NO_ENTRY,False,,,NO_ENTRY,64.3,1395.8,,,,,,,,,,
5477,4856.43,BUY,WICK_H4,H4,2026-03-18 20:00:00,1,1.0,2026-03-18 21:00:00,4852.93,35.0,463.0,1.5,0.0,0.0,,,,521.51,True,True,4852.93,0.0,SL,True,4856.43,0.0,SL,True,4852.93,0.0,SL,False,,,NO_ENTRY,False,,,NO_ENTRY,False,,,NO_ENTRY,121.7,488.3,86.7,523.3,121.7,488.3,,,,,,
5481,4804.1,BUY,WICK_H4,H4,2026-03-19 04:00:00,1,4.75,2026-03-19 08:45:00,4800.6,35.0,1139.7,1.75,,,,,,593.04,True,True,4800.6,0.0,SL,False,,,NO_ENTRY,False,,,NO_ENTRY,False,,,NO_ENTRY,False,,,NO_ENTRY,False,,,NO_ENTRY,-121.8,1342.6,,,,,,,,,,
5484,4686.63,BUY,WICK_H4,H4,2026-03-19 12:00:00,1,0.5,2026-03-19 12:30:00,4683.13,35.0,1806.7,2.5,,0.0,,,,705.76,True,True,4683.13,0.0,SL,False,,,NO_ENTRY,True,4683.13,0.0,SL,False,,,NO_ENTRY,False,,,NO_ENTRY,False,,,NO_ENTRY,172.5,1806.7,,,172.5,1806.7,,,,,,
5494,4670.17,BUY,WICK_H4,H4,2026-03-20 08:00:00,1,0.75,2026-03-20 08:45:00,4666.67,35.0,68.7,3.0,0.25,0.0,0.5,1.0,,706.67,True,True,4666.67,0.0,SL,True,4670.17,0.25,TP,True,4666.67,0.0,SL,False,,,NO_ENTRY,False,,,NO_ENTRY,False,,,NO_ENTRY,680.1,285.7,645.1,333.1,680.1,285.7,,,,,,
5496,4659.8,BUY,WICK_H4,H4,2026-03-20 12:00:00,1,0.25,2026-03-20 12:15:00,4656.3,35.0,436.6,3.5,0.75,0.0,1.75,1.75,,715.27,True,True,4656.3,0.0,SL,True,4659.8,0.75,SL,True,4656.3,0.0,SL,False,,,NO_ENTRY,False,,,NO_ENTRY,False,,,NO_ENTRY,390.5,1050.5,355.5,1119.3,390.5,1050.5,,,,,,
5498,4612.64,BUY,WICK_H4,H4,2026-03-20 16:00:00,1,0.25,2026-03-20 16:15:00,4609.14,35.0,687.1,1.0,,,,,,722.65,True,True,4609.14,0.0,SL,False,,,NO_ENTRY,False,,,NO_ENTRY,False,,,NO_ENTRY,False,,,NO_ENTRY,False,,,NO_ENTRY,44.3,726.1,,,,,,,,,,
5500,4540.43,BUY,WICK_H4,H4,2026-03-20 20:00:00,1,0.5,2026-03-20 20:30:00,4536.93,35.0,598.0,0.25,,,0.0,,,743.27,True,True,4536.93,0.0,SL,False,,,NO_ENTRY,False,,,NO_ENTRY,False,,,NO_ENTRY,False,,,NO_ENTRY,False,,,NO_ENTRY,199.8,892.8,,,,,,,,,,
5502,4477.13,BUY,WICK_H4,H4,2026-03-21 00:00:00,2,49.75,2026-03-23 01:45:00,4473.63,35.0,1541.2,1.0,,,,,,844.43,True,True,4473.63,0.0,SL,False,,,NO_ENTRY,False,,,NO_ENTRY,False,,,NO_ENTRY,False,,,NO_ENTRY,False,,,NO_ENTRY,197.8,1541.2,,,,,,,,,,
5506,4302.34,BUY,WICK_H4,H4,2026-03-23 08:00:00,1,0.25,2026-03-23 08:15:00,4298.84,35.0,2002.4,1.0,3.0,3.0,,,,958.44,True,True,4298.84,0.0,SL,True,4302.34,3.0,SL,True,4298.84,3.0,SL,False,,,NO_ENTRY,True,4303.74,3.0,SL,False,,,NO_ENTRY,111.2,2002.4,1899.2,788.0,1934.2,753.0,,,1885.2,802.0,,
5513,4382.74,BUY,WICK_H4,H4,2026-03-24 00:00:00,2,2.5,2026-03-24 02:30:00,4379.24,35.0,712.0,1.25,,,,,,1111.77,True,True,4379.24,0.0,SL,False,,,NO_ENTRY,False,,,NO_ENTRY,False,,,NO_ENTRY,False,,,NO_ENTRY,False,,,NO_ENTRY,80.4,734.4,,,,,,,,,,
5529,4549.37,BUY,WICK_H4,H4,2026-03-25 08:00:00,1,0.25,2026-03-25 08:15:00,4545.87,35.0,182.0,3.5,0.0,0.0,,,,974.37,True,True,4545.87,0.0,SL,True,4549.37,0.0,SL,True,4545.87,0.0,SL,False,,,NO_ENTRY,True,4565.42,2.0,SL,True,4549.37,3.25,TP,217.7,182.0,182.7,217.0,217.7,182.0,,,203.9,377.5,364.4,277.6
5535,4524.88,BUY,WICK_H4,H4,2026-03-25 20:00:00,1,1.25,2026-03-25 21:15:00,4521.38,35.0,267.0,1.25,0.5,0.25,,,,913.98,True,True,4521.38,0.0,SL,True,4524.88,0.5,SL,True,4521.38,0.25,SL,False,,,NO_ENTRY,False,,,NO_ENTRY,False,,,NO_ENTRY,205.4,325.0,170.4,360.0,205.4,325.0,,,,,,
5539,4488.88,BUY,WICK_H4,H4,2026-03-26 04:00:00,1,3.75,2026-03-26 07:45:00,4485.38,35.0,730.6,2.75,,,,,,893.88,True,True,4485.38,0.0,SL,False,,,NO_ENTRY,False,,,NO_ENTRY,False,,,NO_ENTRY,False,,,NO_ENTRY,False,,,NO_ENTRY,-12.2,730.6,,,,,,,,,,
5543,4416.42,BUY,WICK_H4,H4,2026-03-26 16:00:00,1,2.5,2026-03-26 18:30:00,4412.92,35.0,462.5,0.0,,,,,,856.83,True,True,4412.92,0.0,SL,False,,,NO_ENTRY,False,,,NO_ENTRY,False,,,NO_ENTRY,False,,,NO_ENTRY,False,,,NO_ENTRY,76.3,620.1,,,,,,,,,,
5545,4366.67,BUY,WICK_H4,H4,2026-03-26 20:00:00,1,2.0,2026-03-26 22:00:00,4363.17,35.0,122.6,0.0,0.0,0.0,0.0,0.0,,845.37,True,True,4363.17,0.0,SL,True,4366.67,0.0,SL,True,4363.17,0.0,SL,False,,,NO_ENTRY,True,4404.36,0.25,SL,False,,,NO_ENTRY,573.8,122.6,538.8,157.6,573.8,122.6,,,161.9,317.5,,
5552,4420.67,BUY,WICK_H4,H4,2026-03-27 12:00:00,1,0.75,2026-03-27 12:45:00,4417.17,35.0,129.4,0.25,0.75,0.75,1.75,,,754.11,True,True,4417.17,0.0,SL,True,4420.67,0.75,SL,True,4417.17,0.75,SL,False,,,NO_ENTRY,False,,,NO_ENTRY,True,4420.67,3.0,TP,972.9,129.4,1345.5,82.7,1380.5,47.7,,,,,1345.5,-4.1
5562,4523.47,BUY,WICK_H4,H4,2026-03-30 16:00:00,1,1.0,2026-03-30 17:00:00,4519.97,35.0,76.2,0.25,0.0,0.0,0.75,,,744.3,True,True,4519.97,0.0,TP,True,4523.47,0.0,SL,True,4519.97,0.0,TP,False,,,NO_ENTRY,False,,,NO_ENTRY,False,,,NO_ENTRY,366.6,88.1,331.6,123.1,366.6,88.1,,,,,,
5564,4512.35,BUY,WICK_H4,H4,2026-03-30 20:00:00,2,1.75,2026-03-30 21:45:00,4508.85,35.0,160.1,0.5,1.0,1.0,,,,726.32,True,True,4508.85,0.0,SL,True,4512.35,1.0,SL,True,4508.85,1.0,SL,False,,,NO_ENTRY,False,,,NO_ENTRY,False,,,NO_ENTRY,148.5,164.3,357.6,297.8,392.6,262.8,,,,,,
5571,4543.56,BUY,WICK_H4,H4,2026-03-31 12:00:00,1,1.75,2026-03-31 13:45:00,4540.06,35.0,0.3,0.0,0.0,0.0,0.25,0.5,,705.2,True,True,4540.06,0.0,TP,True,4543.56,0.0,SL,True,4540.06,0.0,TP,False,,,NO_ENTRY,True,4575.04,0.5,SL,False,,,NO_ENTRY,900.9,0.3,865.9,35.3,900.9,0.3,,,551.1,256.2,,
5591,4752.68,BUY,WICK_H4,H4,2026-04-02 04:00:00,1,0.25,2026-04-02 04:15:00,4749.18,35.0,982.4,0.25,,,,,,703.52,True,True,4749.18,0.0,SL,False,,,NO_ENTRY,False,,,NO_ENTRY,False,,,NO_ENTRY,False,,,NO_ENTRY,False,,,NO_ENTRY,35.4,982.4,,,,,,,,,,
5593,4650.94,BUY,WICK_H4,H4,2026-04-02 08:00:00,1,0.75,2026-04-02 08:45:00,4647.44,35.0,938.5,0.25,,,,,,743.87,True,True,4647.44,0.0,SL,False,,,NO_ENTRY,False,,,NO_ENTRY,False,,,NO_ENTRY,False,,,NO_ENTRY,False,,,NO_ENTRY,34.8,938.5,,,,,,,,,,
5597,4592.56,BUY,WICK_H4,H4,2026-04-02 16:00:00,1,0.25,2026-04-02 16:15:00,4589.06,35.0,83.7,0.0,0.0,0.0,0.5,0.5,1.0,754.15,True,True,4589.06,0.0,SL,True,4592.56,0.0,SL,True,4589.06,0.0,SL,False,,,NO_ENTRY,True,4645.97,0.5,SL,False,,,NO_ENTRY,1101.7,83.7,1066.7,118.7,1101.7,83.7,,,532.6,455.3,,
5601,4645.65,BUY,WICK_H4,H4,2026-04-03 00:00:00,1,73.25,2026-04-06 01:15:00,4642.15,35.0,414.3,2.0,,0.25,,,,727.84,True,True,4642.15,0.0,SL,False,,,NO_ENTRY,True,4642.15,0.25,SL,False,,,NO_ENTRY,False,,,NO_ENTRY,False,,,NO_ENTRY,296.3,414.3,,,296.3,414.3,,,,,,
5609,4659.64,BUY,WICK_H4,H4,2026-04-06 16:00:00,1,2.5,2026-04-06 18:30:00,4656.14,35.0,42.0,0.0,0.0,0.0,,,,667.61,True,True,4656.14,0.0,SL,True,4659.64,0.0,SL,True,4656.14,0.0,SL,False,,,NO_ENTRY,False,,,NO_ENTRY,True,4659.64,0.25,TP,163.3,107.5,128.3,142.5,163.3,107.5,,,,,128.3,142.5
5611,4651.94,BUY,WICK_H4,H4,2026-04-06 20:00:00,3,2.25,2026-04-06 22:15:00,4648.44,35.0,30.5,0.0,0.5,0.0,,,,634.94,True,True,4648.44,0.0,SL,True,4651.94,0.5,SL,True,4648.44,0.0,SL,False,,,NO_ENTRY,False,,,NO_ENTRY,True,4651.94,0.75,SL,195.6,30.5,160.6,30.6,195.6,30.5,,,,,160.6,246.4
5615,4648.88,BUY,WICK_H4,H4,2026-04-07 04:00:00,1,0.25,2026-04-07 04:15:00,4645.38,35.0,290.4,0.5,0.0,0.0,0.25,,,594.42,True,True,4645.38,0.0,SL,True,4648.88,0.0,SL,True,4645.38,0.0,SL,False,,,NO_ENTRY,True,4662.17,3.25,SL,False,,,NO_ENTRY,185.8,290.4,150.8,325.4,185.8,290.4,,,285.1,392.1,,
5621,4628.67,BUY,WICK_H4,H4,2026-04-07 16:00:00,1,1.25,2026-04-07 17:15:00,4625.17,35.0,155.7,0.0,0.0,0.0,0.0,0.25,,604.98,True,True,4625.17,0.0,SL,True,4628.67,0.0,SL,True,4625.17,0.0,SL,False,,,NO_ENTRY,True,4662.65,2.0,SL,False,,,NO_ENTRY,612.9,155.7,577.9,190.7,612.9,155.7,,,557.9,89.1,,
5631,4790.14,BUY,WICK_H4,H4,2026-04-08 12:00:00,1,0.75,2026-04-08 12:45:00,4786.64,35.0,175.9,2.5,0.75,0.75,2.0,,,624.55,True,True,4786.64,0.0,SL,True,4790.14,0.75,SL,True,4786.64,0.75,SL,False,,,NO_ENTRY,False,,,NO_ENTRY,False,,,NO_ENTRY,204.0,185.6,169.0,392.8,204.0,357.8,,,,,,
5633,4769.05,BUY,WICK_H4,H4,2026-04-08 16:00:00,2,1.5,2026-04-08 17:30:00,4765.55,35.0,334.3,0.25,,,,,,633.1,True,True,4765.55,0.0,SL,False,,,NO_ENTRY,False,,,NO_ENTRY,False,,,NO_ENTRY,False,,,NO_ENTRY,False,,,NO_ENTRY,45.8,575.0,,,,,,,,,,
5635,4732.12,BUY,WICK_H4,H4,2026-04-08 20:00:00,1,1.0,2026-04-08 21:00:00,4728.62,35.0,290.9,1.0,0.0,0.0,,,,634.11,True,True,4728.62,0.0,TP,True,4732.12,0.0,SL,True,4728.62,0.0,TP,False,,,NO_ENTRY,False,,,NO_ENTRY,False,,,NO_ENTRY,157.1,290.9,122.1,325.9,157.1,290.9,,,,,,
5649,4760.82,BUY,WICK_H4,H4,2026-04-10 00:00:00,1,2.0,2026-04-10 02:00:00,4757.32,35.0,67.0,1.0,0.75,0.0,,,,533.18,True,True,4757.32,0.0,SL,True,4760.82,0.75,SL,True,4757.32,0.0,SL,False,,,NO_ENTRY,False,,,NO_ENTRY,False,,,NO_ENTRY,196.0,194.3,161.0,229.3,196.0,194.3,,,,,,
5651,4750.62,BUY,WICK_H4,H4,2026-04-10 04:00:00,1,1.25,2026-04-10 05:15:00,4747.12,35.0,92.3,0.25,0.5,0.25,0.75,,,522.98,True,True,4747.12,0.0,SL,True,4750.62,0.5,SL,True,4747.12,0.25,SL,False,,,NO_ENTRY,False,,,NO_ENTRY,False,,,NO_ENTRY,235.5,92.3,200.5,78.2,235.5,92.3,,,,,,
5660,4741.03,BUY,WICK_H4,H4,2026-04-11 00:00:00,1,49.25,2026-04-13 01:15:00,4737.53,35.0,938.2,0.0,,,,,,531.22,True,True,4737.53,0.0,SL,False,,,NO_ENTRY,False,,,NO_ENTRY,False,,,NO_ENTRY,True,4671.15,1.5,SL,False,,,NO_ENTRY,-95.9,938.2,,,,,,,567.9,156.1,,
5665,4716.27,BUY,WICK_H4,H4,2026-04-13 12:00:00,1,0.5,2026-04-13 12:30:00,4712.77,35.0,92.6,2.5,0.5,0.0,1.5,,,480.32,True,True,4712.77,0.0,SL,True,4716.27,0.5,SL,True,4712.77,0.0,SL,False,,,NO_ENTRY,False,,,NO_ENTRY,False,,,NO_ENTRY,245.2,92.6,282.3,127.6,245.2,92.6,,,,,,
5674,4761.64,BUY,WICK_H4,H4,2026-04-14 08:00:00,1,0.5,2026-04-14 08:30:00,4758.14,35.0,2.9,0.0,0.5,0.0,0.5,1.25,,430.88,True,True,4758.14,0.0,TP,True,4761.64,0.5,TP,True,4758.14,0.0,TP,False,,,NO_ENTRY,True,4782.06,1.25,TP,False,,,NO_ENTRY,380.3,2.9,345.3,17.8,380.3,2.9,,,141.1,298.3,,
5682,4827.15,BUY,WICK_H4,H4,2026-04-15 04:00:00,1,1.75,2026-04-15 05:45:00,4823.65,35.0,68.2,0.25,0.75,0.0,,,,422.35,True,True,4823.65,0.0,SL,True,4827.15,0.75,SL,True,4823.65,0.0,SL,False,,,NO_ENTRY,False,,,NO_ENTRY,False,,,NO_ENTRY,65.9,126.8,30.4,232.1,65.9,126.8,,,,,,
5684,4816.83,BUY,WICK_H4,H4,2026-04-15 08:00:00,1,1.5,2026-04-15 09:30:00,4813.33,35.0,93.9,0.5,2.25,0.0,,,,410.93,True,True,4813.33,0.0,SL,True,4816.83,2.25,SL,True,4813.33,0.0,SL,False,,,NO_ENTRY,False,,,NO_ENTRY,False,,,NO_ENTRY,87.2,272.5,37.9,307.5,87.2,272.5,,,,,,
5686,4803.94,BUY,WICK_H4,H4,2026-04-15 12:00:00,1,0.25,2026-04-15 12:15:00,4800.44,35.0,143.6,0.5,2.0,0.75,2.5,,,405.38,True,True,4800.44,0.0,SL,True,4803.94,2.0,SL,True,4800.44,0.75,SL,False,,,NO_ENTRY,False,,,NO_ENTRY,True,4803.94,2.5,TP,213.5,143.6,264.4,64.4,296.2,101.7,,,,,264.4,170.6
5695,4811.17,BUY,WICK_H4,H4,2026-04-16 08:00:00,1,3.5,2026-04-16 11:30:00,4807.67,35.0,11.3,0.0,0.0,0.0,,,,383.11,True,True,4807.67,0.0,TP,True,4811.17,0.0,SL,True,4807.67,0.0,TP,False,,,NO_ENTRY,False,,,NO_ENTRY,False,,,NO_ENTRY,153.1,26.9,118.1,61.9,153.1,26.9,,,,,,
5699,4804.98,BUY,WICK_H4,H4,2026-04-16 16:00:00,1,1.0,2026-04-16 17:00:00,4801.48,35.0,284.6,0.5,1.0,1.0,1.0,,,378.59,True,True,4801.48,0.0,SL,True,4804.98,1.0,SL,True,4801.48,1.0,SL,False,,,NO_ENTRY,False,,,NO_ENTRY,False,,,NO_ENTRY,113.7,284.6,78.7,238.2,113.7,203.2,,,,,,
5705,4785.76,BUY,WICK_H4,H4,2026-04-17 04:00:00,1,0.25,2026-04-17 04:15:00,4782.26,35.0,147.0,0.25,0.5,0.5,0.5,3.25,,350.23,True,True,4782.26,0.0,SL,True,4785.76,0.5,SL,True,4782.26,0.5,SL,False,,,NO_ENTRY,True,4800.85,3.25,SL,False,,,NO_ENTRY,238.5,147.0,203.5,106.0,238.5,71.0,,,52.6,223.4,,
5712,4834.75,BUY,WICK_H4,H4,2026-04-17 20:00:00,1,3.75,2026-04-17 23:45:00,4831.25,35.0,14.3,0.0,,0.0,,,,380.93,True,True,4831.25,0.0,SL,False,,,NO_ENTRY,True,4831.25,0.0,SL,False,,,NO_ENTRY,False,,,NO_ENTRY,False,,,NO_ENTRY,59.7,945.2,,,59.7,945.2,,,,,,
5714,4829.82,BUY,WICK_H4,H4,2026-04-18 00:00:00,1,49.25,2026-04-20 01:15:00,4826.32,35.0,895.9,1.5,,,,,,422.4,True,True,4826.32,0.0,SL,False,,,NO_ENTRY,False,,,NO_ENTRY,False,,,NO_ENTRY,False,,,NO_ENTRY,False,,,NO_ENTRY,-121.0,895.9,,,,,,,,,,
5726,4816.75,BUY,WICK_H4,H4,2026-04-21 04:00:00,1,0.5,2026-04-21 04:30:00,4813.25,35.0,406.5,5.5,,0.0,,,,372.03,True,True,4813.25,0.0,SL,False,,,NO_ENTRY,True,4813.25,0.0,SL,False,,,NO_ENTRY,False,,,NO_ENTRY,False,,,NO_ENTRY,55.9,274.8,,,55.9,274.8,,,,,,
5730,4766.28,BUY,WICK_H4,H4,2026-04-21 16:00:00,1,0.25,2026-04-21 16:15:00,4762.78,35.0,546.6,3.5,0.0,0.0,0.0,0.25,,395.3,True,True,4762.78,0.0,TP,True,4766.28,0.0,SL,True,4762.78,0.0,TP,False,,,NO_ENTRY,False,,,NO_ENTRY,False,,,NO_ENTRY,314.3,654.9,279.3,689.9,314.3,654.9,,,,,,
5732,4708.12,BUY,WICK_H4,H4,2026-04-21 20:00:00,1,0.25,2026-04-21 20:15:00,4704.62,35.0,363.3,2.25,0.25,0.25,0.25,,,405.44,True,True,4704.62,0.0,SL,True,4708.12,0.25,SL,True,4704.62,0.25,SL,False,,,NO_ENTRY,True,4719.88,3.5,SL,False,,,NO_ENTRY,248.3,363.3,213.3,398.3,248.3,363.3,,,346.6,106.8,,
5740,4751.66,BUY,WICK_H4,H4,2026-04-22 12:00:00,2,2.75,2026-04-22 14:45:00,4748.16,35.0,244.4,4.75,0.25,0.0,0.25,,,365.07,True,True,4748.16,0.0,TP,True,4751.66,0.25,SL,True,4748.16,0.0,TP,False,,,NO_ENTRY,False,,,NO_ENTRY,False,,,NO_ENTRY,126.2,232.8,91.2,267.8,126.2,232.8,,,,,,
5743,4723.72,BUY,WICK_H4,H4,2026-04-22 20:00:00,3,7.25,2026-04-23 03:15:00,4720.22,35.0,263.3,0.0,0.0,0.0,0.0,0.0,,371.46,True,True,4720.22,0.0,SL,True,4723.72,0.0,SL,True,4720.22,0.0,SL,False,,,NO_ENTRY,True,4747.95,0.5,SL,False,,,NO_ENTRY,331.5,263.3,296.5,298.3,331.5,263.3,,,54.2,499.1,,
5750,4692.46,BUY,WICK_H4,H4,2026-04-23 12:00:00,1,1.25,2026-04-23 13:15:00,4688.96,35.0,48.3,0.25,0.5,0.25,0.75,1.5,1.75,392.71,True,True,4688.96,0.0,SL,True,4692.46,0.5,SL,True,4688.96,0.25,SL,False,,,NO_ENTRY,True,4729.02,1.75,SL,False,,,NO_ENTRY,540.1,48.3,505.1,31.8,540.1,48.3,,,139.5,136.0,,
5753,4715.42,BUY,WICK_H4,H4,2026-04-23 20:00:00,1,0.25,2026-04-23 20:15:00,4711.92,35.0,478.4,0.5,1.0,0.75,,,,405.88,True,True,4711.92,0.0,SL,True,4715.42,1.0,SL,True,4711.92,0.75,SL,False,,,NO_ENTRY,False,,,NO_ENTRY,False,,,NO_ENTRY,101.4,478.4,49.2,290.7,101.4,255.7,,,,,,
5756,4686.73,BUY,WICK_H4,H4,2026-04-24 04:00:00,1,1.5,2026-04-24 05:30:00,4683.23,35.0,257.3,2.0,,0.0,,,,402.04,True,True,4683.23,0.0,SL,False,,,NO_ENTRY,True,4683.23,0.0,SL,False,,,NO_ENTRY,False,,,NO_ENTRY,False,,,NO_ENTRY,75.2,257.3,,,75.2,257.3,,,,,,
5766,4704.79,BUY,WICK_H4,H4,2026-04-25 00:00:00,1,49.25,2026-04-27 01:15:00,4701.29,35.0,293.5,1.75,,,,,,391.9,True,True,4701.29,0.0,SL,False,,,NO_ENTRY,False,,,NO_ENTRY,False,,,NO_ENTRY,False,,,NO_ENTRY,False,,,NO_ENTRY,83.1,293.5,,,,,,,,,,
5772,4696.67,BUY,WICK_H4,H4,2026-04-27 16:00:00,1,0.5,2026-04-27 16:30:00,4693.17,35.0,261.2,1.5,,0.25,0.0,,,362.45,True,True,4693.17,0.0,SL,False,,,NO_ENTRY,True,4693.17,0.25,SL,False,,,NO_ENTRY,False,,,NO_ENTRY,False,,,NO_ENTRY,92.5,261.2,,,39.8,261.2,,,,,,
5776,4668.11,BUY,WICK_H4,H4,2026-04-28 00:00:00,3,8.0,2026-04-28 08:00:00,4664.61,35.0,498.9,3.0,,,,,,346.3,True,True,4664.61,0.0,SL,False,,,NO_ENTRY,False,,,NO_ENTRY,False,,,NO_ENTRY,False,,,NO_ENTRY,False,,,NO_ENTRY,32.3,498.9,,,,,,,,,,
5778,4614.72,BUY,WICK_H4,H4,2026-04-28 12:00:00,1,0.5,2026-04-28 12:30:00,4611.22,35.0,564.7,2.5,,0.0,,,,375.2,True,True,4611.22,0.0,SL,False,,,NO_ENTRY,True,4611.22,0.0,SL,False,,,NO_ENTRY,False,,,NO_ENTRY,False,,,NO_ENTRY,77.0,564.7,,,77.0,564.7,,,,,,
5784,4587.83,BUY,WICK_H4,H4,2026-04-29 04:00:00,1,0.25,2026-04-29 04:15:00,4584.33,35.0,53.7,0.25,0.25,0.25,0.75,0.75,,345.43,True,True,4584.33,0.0,SL,True,4587.83,0.25,SL,True,4584.33,0.25,SL,False,,,NO_ENTRY,True,4604.64,3.5,SL,False,,,NO_ENTRY,232.2,53.7,197.2,88.7,232.2,53.7,,,29.1,475.4,,
5785,4575.55,BUY,WICK_H4,H4,2026-04-29 08:00:00,1,2.5,2026-04-29 10:30:00,4572.05,35.0,149.5,1.0,,1.25,,,,356.79,True,True,4572.05,0.0,SL,False,,,NO_ENTRY,True,4572.05,1.25,SL,False,,,NO_ENTRY,False,,,NO_ENTRY,False,,,NO_ENTRY,86.6,205.5,,,86.6,300.0,,,,,,
5787,4557.1,BUY,WICK_H4,H4,2026-04-29 12:00:00,2,3.75,2026-04-29 15:45:00,4553.6,35.0,115.5,0.0,,,,,,358.92,True,True,4553.6,0.0,SL,False,,,NO_ENTRY,False,,,NO_ENTRY,False,,,NO_ENTRY,False,,,NO_ENTRY,False,,,NO_ENTRY,111.1,436.0,,,,,,,,,,
5789,4542.05,BUY,WICK_H4,H4,2026-04-29 16:00:00,1,0.5,2026-04-29 16:30:00,4538.55,35.0,285.5,0.25,1.75,1.0,2.0,2.25,,372.36,True,True,4538.55,0.0,SL,True,4542.05,1.75,SL,True,4538.55,1.0,SL,False,,,NO_ENTRY,False,,,NO_ENTRY,True,4542.05,2.25,TP,261.6,285.5,226.6,239.9,261.6,182.3,,,,,226.6,239.9
5799,4614.26,BUY,WICK_H4,H4,2026-04-30 16:00:00,1,1.0,2026-04-30 17:00:00,4610.76,35.0,55.2,2.75,0.0,0.0,0.0,,,403.52,True,True,4610.76,0.0,TP,True,4614.26,0.0,SL,True,4610.76,0.0,TP,False,,,NO_ENTRY,False,,,NO_ENTRY,False,,,NO_ENTRY,150.5,55.2,115.5,90.2,150.5,55.2,,,,,,
5801,4605.24,BUY,WICK_H4,H4,2026-04-30 20:00:00,1,13.0,2026-05-01 09:00:00,4601.74,35.0,367.6,2.75,,,,,,376.59,True,True,4601.74,0.0,SL,False,,,NO_ENTRY,False,,,NO_ENTRY,False,,,NO_ENTRY,False,,,NO_ENTRY,False,,,NO_ENTRY,59.6,417.2,,,,,,,,,,
5806,4564.98,BUY,WICK_H4,H4,2026-05-01 12:00:00,2,1.0,2026-05-01 13:00:00,4561.48,35.0,1.9,0.0,0.0,0.0,0.25,2.0,2.25,383.52,True,True,4561.48,0.0,TP,True,4564.98,0.0,SL,True,4561.48,0.0,TP,False,,,NO_ENTRY,True,4578.51,1.75,SL,True,4564.98,1.25,TP,983.6,1.9,948.6,36.9,983.6,1.9,,,816.3,58.6,951.6,5.0
5812,4606.84,BUY,WICK_H4,H4,2026-05-02 00:00:00,1,51.25,2026-05-04 03:15:00,4603.34,35.0,19.0,0.0,0.5,0.0,0.0,,,401.1,True,True,4603.34,0.0,TP,True,4606.84,0.5,SL,True,4603.34,0.0,TP,False,,,NO_ENTRY,False,,,NO_ENTRY,False,,,NO_ENTRY,150.5,123.4,115.5,158.4,150.5,123.4,,,,,,
5814,4601.44,BUY,WICK_H4,H4,2026-05-04 04:00:00,1,0.25,2026-05-04 04:15:00,4597.94,35.0,69.4,1.25,0.5,0.25,0.5,0.75,,392.01,True,True,4597.94,0.0,SL,True,4601.44,0.5,TP,True,4597.94,0.25,SL,False,,,NO_ENTRY,True,4614.84,2.5,SL,True,4601.44,1.5,TP,204.5,69.4,169.5,104.4,204.5,69.4,,,20.9,369.2,154.9,178.7
5816,4591.0,BUY,WICK_H4,H4,2026-05-04 08:00:00,1,1.5,2026-05-04 09:30:00,4587.5,35.0,138.4,2.0,0.5,0.25,,,,392.11,True,True,4587.5,0.0,SL,True,4591.0,0.5,SL,True,4587.5,0.25,SL,False,,,NO_ENTRY,False,,,NO_ENTRY,False,,,NO_ENTRY,79.6,616.4,22.4,651.4,57.4,616.4,,,,,,
5818,4573.66,BUY,WICK_H4,H4,2026-05-04 12:00:00,1,1.0,2026-05-04 13:00:00,4570.16,35.0,443.0,0.25,,,,,,405.87,True,True,4570.16,0.0,SL,False,,,NO_ENTRY,False,,,NO_ENTRY,False,,,NO_ENTRY,False,,,NO_ENTRY,False,,,NO_ENTRY,89.8,443.0,,,,,,,,,,
5820,4525.86,BUY,WICK_H4,H4,2026-05-04 16:00:00,2,3.0,2026-05-04 19:00:00,4522.36,35.0,218.1,0.0,,,,,,435.81,True,True,4522.36,0.0,SL,False,,,NO_ENTRY,False,,,NO_ENTRY,False,,,NO_ENTRY,False,,,NO_ENTRY,False,,,NO_ENTRY,91.1,218.1,,,,,,,,,,
5833,4551.47,BUY,WICK_H4,H4,2026-05-06 00:00:00,1,1.25,2026-05-06 01:15:00,4547.97,35.0,18.4,0.25,0.5,0.25,0.5,0.5,0.75,385.55,True,True,4547.97,0.0,TP,True,4551.47,0.5,SL,True,4547.97,0.25,TP,False,,,NO_ENTRY,True,4573.27,0.5,SL,False,,,NO_ENTRY,884.0,18.4,904.0,45.8,884.0,18.4,,,686.0,263.8,,
5852,4721.55,BUY,WICK_H4,H4,2026-05-07 16:00:00,1,3.25,2026-05-07 19:15:00,4718.05,35.0,135.9,0.0,,0.0,,,,411.14,True,True,4718.05,0.0,SL,False,,,NO_ENTRY,True,4718.05,0.0,SL,False,,,NO_ENTRY,False,,,NO_ENTRY,False,,,NO_ENTRY,47.5,304.5,,,47.5,304.5,,,,,,
5854,4704.46,BUY,WICK_H4,H4,2026-05-07 20:00:00,1,0.5,2026-05-07 20:30:00,4700.96,35.0,240.9,4.5,0.25,0.25,0.25,,,405.55,True,True,4700.96,0.0,SL,True,4704.46,0.25,SL,True,4700.96,0.25,SL,True,4701.03,7.5,TP,False,,,NO_ENTRY,True,4704.46,1.5,SL,180.3,240.9,145.3,275.9,180.3,240.9,316.0,7.1,,,145.3,275.9
5864,4701.73,BUY,WICK_H4,H4,2026-05-08 20:00:00,1,53.25,2026-05-11 01:15:00,4698.23,35.0,281.1,2.5,,,,,,381.29,True,True,4698.23,0.0,SL,False,,,NO_ENTRY,False,,,NO_ENTRY,False,,,NO_ENTRY,False,,,NO_ENTRY,False,,,NO_ENTRY,72.0,281.1,,,,,,,,,,
5869,4668.33,BUY,WICK_H4,H4,2026-05-11 08:00:00,1,0.75,2026-05-11 08:45:00,4664.83,35.0,168.4,0.0,0.75,0.25,0.75,,,376.61,True,True,4664.83,0.0,SL,True,4668.33,0.75,TP,True,4664.83,0.25,SL,False,,,NO_ENTRY,False,,,NO_ENTRY,False,,,NO_ENTRY,154.5,168.4,119.5,179.8,154.5,156.7,,,,,,
5878,4711.02,BUY,WICK_H4,H4,2026-05-12 08:00:00,2,1.0,2026-05-12 09:00:00,4707.52,35.0,202.7,1.0,,,,,,383.79,True,True,4707.52,0.0,SL,False,,,NO_ENTRY,False,,,NO_ENTRY,False,,,NO_ENTRY,False,,,NO_ENTRY,False,,,NO_ENTRY,67.5,202.7,,,,,,,,,,
5882,4685.03,BUY,WICK_H4,H4,2026-05-12 16:00:00,1,0.75,2026-05-12 16:45:00,4681.53,35.0,433.9,1.5,0.25,0.25,0.0,,,398.96,True,True,4681.53,0.0,SL,True,4685.03,0.25,SL,True,4681.53,0.25,SL,False,,,NO_ENTRY,False,,,NO_ENTRY,False,,,NO_ENTRY,197.3,433.9,98.9,468.9,133.9,433.9,,,,,,
5887,4711.66,BUY,WICK_H4,H4,2026-05-13 04:00:00,1,0.25,2026-05-13 04:15:00,4708.16,35.0,207.3,1.5,,0.25,,,,380.18,True,True,4708.16,0.0,SL,False,,,NO_ENTRY,True,4708.16,0.25,SL,False,,,NO_ENTRY,False,,,NO_ENTRY,False,,,NO_ENTRY,24.3,207.3,,,24.3,207.3,,,,,,
5891,4693.43,BUY,WICK_H4,H4,2026-05-13 12:00:00,1,0.5,2026-05-13 12:30:00,4689.93,35.0,139.8,3.0,0.0,0.0,0.25,0.5,,366.71,True,True,4689.93,0.0,SL,True,4693.43,0.0,SL,True,4689.93,0.0,SL,False,,,NO_ENTRY,False,,,NO_ENTRY,True,4693.43,0.25,TP,202.3,170.2,167.3,205.2,202.3,170.2,,,,,167.3,241.8
5893,4675.95,BUY,WICK_H4,H4,2026-05-13 16:00:00,1,0.75,2026-05-13 16:45:00,4672.45,35.0,32.0,0.0,0.0,0.0,0.0,1.5,2.5,369.43,True,True,4672.45,0.0,SL,True,4675.95,0.0,SL,True,4672.45,0.0,SL,False,,,NO_ENTRY,True,4691.15,1.5,SL,False,,,NO_ENTRY,372.8,32.0,337.8,67.0,372.8,32.0,,,185.8,137.5,,
5899,4688.76,BUY,WICK_H4,H4,2026-05-14 04:00:00,1,0.5,2026-05-14 04:30:00,4685.26,35.0,167.8,2.5,0.75,0.0,0.0,2.75,,353.78,True,True,4685.26,0.0,TP,True,4688.76,0.75,TP,True,4685.26,0.0,TP,False,,,NO_ENTRY,True,4702.05,2.75,TP,False,,,NO_ENTRY,272.8,167.8,237.8,202.8,272.8,167.8,,,165.6,203.4,,
5905,4688.32,BUY,WICK_H4,H4,2026-05-14 16:00:00,1,0.5,2026-05-14 16:30:00,4684.82,35.0,183.3,0.0,0.75,0.5,0.75,,,346.9,True,True,4684.82,0.0,SL,True,4688.32,0.75,TP,True,4684.82,0.5,SL,False,,,NO_ENTRY,False,,,NO_ENTRY,False,,,NO_ENTRY,160.0,183.3,125.0,197.5,160.0,162.5,,,,,,
5907,4666.49,BUY,WICK_H4,H4,2026-05-14 20:00:00,1,2.5,2026-05-14 22:30:00,4662.99,35.0,187.4,1.0,,,,,,349.75,True,True,4662.99,0.0,SL,False,,,NO_ENTRY,False,,,NO_ENTRY,False,,,NO_ENTRY,False,,,NO_ENTRY,False,,,NO_ENTRY,21.2,496.0,,,,,,,,,,
5909,4644.25,BUY,WICK_H4,H4,2026-05-15 00:00:00,1,3.25,2026-05-15 03:15:00,4640.75,35.0,273.6,0.25,,,0.0,,,361.71,True,True,4640.75,0.0,SL,False,,,NO_ENTRY,False,,,NO_ENTRY,False,,,NO_ENTRY,False,,,NO_ENTRY,False,,,NO_ENTRY,172.8,338.3,,,,,,,,,,
5911,4613.39,BUY,WICK_H4,H4,2026-05-15 04:00:00,1,0.25,2026-05-15 04:15:00,4609.89,35.0,57.1,3.25,0.25,0.25,0.0,,,355.28,True,True,4609.89,0.0,TP,True,4613.39,0.25,SL,True,4609.89,0.25,TP,False,,,NO_ENTRY,False,,,NO_ENTRY,False,,,NO_ENTRY,156.3,291.8,108.5,498.5,143.5,463.5,,,,,,
5912,4604.18,BUY,WICK_H4,H4,2026-05-15 08:00:00,1,0.25,2026-05-15 08:15:00,4600.68,35.0,506.9,3.25,,,,,,370.1,True,True,4600.68,0.0,SL,False,,,NO_ENTRY,False,,,NO_ENTRY,False,,,NO_ENTRY,False,,,NO_ENTRY,False,,,NO_ENTRY,-55.3,615.0,,,,,,,,,,
5913,4549.99,BUY,WICK_H4,H4,2026-05-15 12:00:00,1,0.25,2026-05-15 12:15:00,4546.49,35.0,146.9,0.5,0.0,0.0,0.75,1.5,,372.61,True,True,4546.49,0.0,SL,True,4549.99,0.0,SL,True,4546.49,0.0,SL,False,,,NO_ENTRY,True,4565.83,1.5,SL,True,4549.99,2.5,SL,258.4,146.9,223.4,181.9,258.4,146.9,,,65.0,542.6,163.9,384.2
5915,4531.8,BUY,WICK_H4,H4,2026-05-15 16:00:00,1,0.75,2026-05-15 16:45:00,4528.3,35.0,167.3,0.0,0.0,0.0,0.0,0.25,,385.15,True,True,4528.3,0.0,SL,True,4531.8,0.0,SL,True,4528.3,0.0,SL,False,,,NO_ENTRY,True,4562.58,1.0,SL,False,,,NO_ENTRY,380.8,167.3,345.8,202.3,380.8,167.3,,,38.0,333.9,,
5919,4533.0,BUY,WICK_H4,H4,2026-05-16 00:00:00,2,51.0,2026-05-18 03:00:00,4529.5,35.0,493.3,0.75,,,0.0,,,405.86,True,True,4529.5,0.0,SL,False,,,NO_ENTRY,False,,,NO_ENTRY,False,,,NO_ENTRY,False,,,NO_ENTRY,False,,,NO_ENTRY,202.3,493.3,,,,,,,,,,
5932,4561.12,BUY,WICK_H4,H4,2026-05-19 04:00:00,1,0.25,2026-05-19 04:15:00,4557.62,35.0,197.9,3.25,0.25,0.0,0.0,,,401.0,True,True,4557.62,0.0,SL,True,4561.12,0.25,SL,True,4557.62,0.0,SL,False,,,NO_ENTRY,False,,,NO_ENTRY,True,4561.12,0.5,TP,146.2,268.5,111.2,303.5,146.2,268.5,,,,,105.4,303.5
5934,4537.83,BUY,WICK_H4,H4,2026-05-19 08:00:00,1,0.5,2026-05-19 08:30:00,4534.33,35.0,15.0,0.25,0.0,0.0,0.5,1.5,,392.65,True,True,4534.33,0.0,TP,True,4537.83,0.0,SL,True,4534.33,0.0,TP,False,,,NO_ENTRY,True,4547.52,0.75,SL,True,4537.83,3.25,TP,248.4,15.0,213.4,50.0,248.4,15.0,,,116.5,116.5,107.1,124.7
5938,4525.36,BUY,WICK_H4,H4,2026-05-19 16:00:00,1,0.25,2026-05-19 16:15:00,4521.86,35.0,574.7,0.25,,,,,,405.47,True,True,4521.86,0.0,SL,False,,,NO_ENTRY,False,,,NO_ENTRY,False,,,NO_ENTRY,False,,,NO_ENTRY,False,,,NO_ENTRY,41.5,574.7,,,,,,,,,,
5942,4477.16,BUY,WICK_H4,H4,2026-05-20 04:00:00,1,0.5,2026-05-20 04:30:00,4473.66,35.0,202.0,1.5,0.25,0.25,0.25,,,401.72,True,True,4473.66,0.0,SL,True,4477.16,0.25,SL,True,4473.66,0.25,SL,False,,,NO_ENTRY,False,,,NO_ENTRY,False,,,NO_ENTRY,147.4,202.0,112.4,237.0,147.4,202.0,,,,,,
5953,4534.44,BUY,WICK_H4,H4,2026-05-21 04:00:00,1,2.75,2026-05-21 06:45:00,4530.94,35.0,38.4,0.0,0.25,0.25,,,,394.28,True,True,4530.94,0.0,SL,True,4534.44,0.25,SL,True,4530.94,0.25,SL,False,,,NO_ENTRY,False,,,NO_ENTRY,True,4534.44,0.5,SL,93.0,191.0,58.0,226.0,93.0,191.0,,,,,58.0,226.0
5955,4527.1,BUY,WICK_H4,H4,2026-05-21 08:00:00,1,0.5,2026-05-21 08:30:00,4523.6,35.0,117.6,1.75,0.25,0.0,0.5,,,386.32,True,True,4523.6,0.0,SL,True,4527.1,0.25,SL,True,4523.6,0.0,SL,False,,,NO_ENTRY,False,,,NO_ENTRY,False,,,NO_ENTRY,190.1,117.6,155.1,152.6,190.1,117.6,,,,,,
5957,4511.84,BUY,WICK_H4,H4,2026-05-21 12:00:00,1,1.5,2026-05-21 13:30:00,4508.34,35.0,60.0,2.25,0.0,0.0,0.0,,,387.49,True,True,4508.34,0.0,SL,True,4511.84,0.0,SL,True,4508.34,0.0,SL,False,,,NO_ENTRY,False,,,NO_ENTRY,False,,,NO_ENTRY,126.9,199.2,91.9,234.2,126.9,199.2,,,,,,
5959,4502.34,BUY,WICK_H4,H4,2026-05-21 16:00:00,1,0.25,2026-05-21 16:15:00,4498.84,35.0,104.2,0.25,0.5,0.0,0.5,0.5,,383.02,True,True,4498.84,0.0,SL,True,4502.34,0.5,SL,True,4498.84,0.0,SL,False,,,NO_ENTRY,True,4517.13,2.75,SL,True,4502.34,0.75,TP,473.3,104.2,568.3,75.2,473.3,104.2,,,420.4,53.9,568.3,58.4
5965,4518.31,BUY,WICK_H4,H4,2026-05-22 08:00:00,1,1.0,2026-05-22 09:00:00,4514.81,35.0,48.3,0.0,0.0,0.0,0.0,,,354.2,True,True,4514.81,0.0,SL,True,4518.31,0.0,SL,True,4514.81,0.0,SL,False,,,NO_ENTRY,False,,,NO_ENTRY,False,,,NO_ENTRY,218.7,48.3,183.7,83.3,218.7,48.3,,,,,,
5969,4510.04,BUY,WICK_H4,H4,2026-05-22 16:00:00,1,1.25,2026-05-22 17:15:00,4506.54,35.0,148.1,0.0,0.75,0.75,1.0,2.25,,353.42,True,True,4506.54,0.0,SL,True,4510.04,0.75,SL,True,4506.54,0.75,SL,False,,,NO_ENTRY,True,4523.52,2.0,SL,False,,,NO_ENTRY,211.4,148.1,176.4,99.1,211.4,64.1,,,41.6,193.7,,
5976,4556.51,BUY,WICK_H4,H4,2026-05-25 08:00:00,1,0.5,2026-05-25 08:30:00,4553.01,35.0,26.8,0.5,0.0,0.0,1.25,,,345.23,True,True,4553.01,0.0,SL,True,4556.51,0.0,SL,True,4553.01,0.0,SL,False,,,NO_ENTRY,True,4564.6,2.25,SL,False,,,NO_ENTRY,128.4,26.8,93.4,61.8,128.4,26.8,,,122.0,113.4,,
5982,4563.14,BUY,WICK_H4,H4,2026-05-26 00:00:00,1,2.75,2026-05-26 02:45:00,4559.64,35.0,202.0,1.0,,,,,,318.11,True,True,4559.64,0.0,SL,False,,,NO_ENTRY,False,,,NO_ENTRY,False,,,NO_ENTRY,False,,,NO_ENTRY,False,,,NO_ENTRY,30.5,320.2,,,,,,,,,,
5984,4539.44,BUY,WICK_H4,H4,2026-05-26 04:00:00,1,0.75,2026-05-26 04:45:00,4535.94,35.0,126.8,3.0,1.5,0.0,1.75,,,314.34,True,True,4535.94,0.0,SL,True,4539.44,1.5,SL,True,4535.94,0.0,SL,False,,,NO_ENTRY,False,,,NO_ENTRY,False,,,NO_ENTRY,93.1,131.0,58.1,174.6,93.1,131.0,,,,,,
5987,4519.94,BUY,WICK_H4,H4,2026-05-26 12:00:00,1,0.5,2026-05-26 12:30:00,4516.44,35.0,160.6,3.0,0.25,0.25,0.0,0.75,,312.1,True,True,4516.44,0.0,SL,True,4519.94,0.25,SL,True,4516.44,0.25,SL,False,,,NO_ENTRY,False,,,NO_ENTRY,False,,,NO_ENTRY,239.1,160.6,204.1,195.6,239.1,160.6,,,,,,
5991,4499.72,BUY,WICK_H4,H4,2026-05-26 20:00:00,1,0.75,2026-05-26 20:45:00,4496.22,35.0,138.0,0.25,1.5,1.0,1.5,,,310.05,True,True,4496.22,0.0,SL,True,4499.72,1.5,TP,True,4496.22,1.0,TP,False,,,NO_ENTRY,False,,,NO_ENTRY,False,,,NO_ENTRY,426.6,138.0,391.6,37.8,426.6,3.1,,,,,,
5997,4495.63,BUY,WICK_H4,H4,2026-05-27 08:00:00,1,0.75,2026-05-27 08:45:00,4492.13,35.0,165.2,2.0,0.0,0.0,0.0,,,318.76,True,True,4492.13,0.0,TP,True,4495.63,0.0,SL,True,4492.13,0.0,TP,False,,,NO_ENTRY,False,,,NO_ENTRY,False,,,NO_ENTRY,100.2,165.2,65.2,200.2,100.2,165.2,,,,,,
5999,4475.61,BUY,WICK_H4,H4,2026-05-27 12:00:00,1,1.75,2026-05-27 13:45:00,4472.11,35.0,473.1,1.0,,,,,,348.07,True,True,4472.11,0.0,SL,False,,,NO_ENTRY,False,,,NO_ENTRY,False,,,NO_ENTRY,False,,,NO_ENTRY,False,,,NO_ENTRY,-53.8,709.7,,,,,,,,,,
6000,4424.8,BUY,WICK_H4,H4,2026-05-27 16:00:00,1,0.25,2026-05-27 16:15:00,4421.3,35.0,201.6,0.0,0.5,0.5,0.5,0.75,,361.94,True,True,4421.3,0.0,SL,True,4424.8,0.5,SL,True,4421.3,0.5,SL,False,,,NO_ENTRY,False,,,NO_ENTRY,False,,,NO_ENTRY,340.6,201.6,305.6,65.9,340.6,30.9,,,,,,
6006,4443.72,BUY,WICK_H4,H4,2026-05-28 04:00:00,1,0.25,2026-05-28 04:15:00,4440.22,35.0,739.5,3.0,,,,,,380.88,True,True,4440.22,0.0,SL,False,,,NO_ENTRY,False,,,NO_ENTRY,False,,,NO_ENTRY,False,,,NO_ENTRY,False,,,NO_ENTRY,0.6,739.5,,,,,,,,,,
6027,4516.54,BUY,WICK_H4,H4,2026-06-01 04:00:00,1,2.5,2026-06-01 06:30:00,4513.04,35.0,45.2,1.25,,0.25,0.0,,,379.13,True,True,4513.04,0.0,SL,False,,,NO_ENTRY,True,4513.04,0.25,SL,False,,,NO_ENTRY,False,,,NO_ENTRY,False,,,NO_ENTRY,120.0,152.0,,,120.0,207.9,,,,,,
6028,4508.52,BUY,WICK_H4,H4,2026-06-01 08:00:00,1,1.5,2026-06-01 09:30:00,4505.02,35.0,144.8,1.75,,0.5,0.0,,,376.69,True,True,4505.02,0.0,SL,False,,,NO_ENTRY,True,4505.02,0.5,SL,False,,,NO_ENTRY,False,,,NO_ENTRY,False,,,NO_ENTRY,95.3,160.2,,,57.3,160.2,,,,,,
6032,4489.0,BUY,WICK_H4,H4,2026-06-01 16:00:00,1,0.25,2026-06-01 16:15:00,4485.5,35.0,380.0,0.75,,,,,,380.68,True,True,4485.5,0.0,SL,False,,,NO_ENTRY,False,,,NO_ENTRY,False,,,NO_ENTRY,True,4479.89,3.5,SL,False,,,NO_ENTRY,39.5,380.0,,,,,,,154.4,126.2,,
6037,4476.53,BUY,WICK_H4,H4,2026-06-02 04:00:00,2,1.0,2026-06-02 05:00:00,4473.03,35.0,9.6,0.0,0.0,0.0,0.25,1.0,2.5,372.58,True,True,4473.03,0.0,TP,True,4476.53,0.0,SL,True,4473.03,0.0,TP,False,,,NO_ENTRY,True,4495.07,1.25,TP,False,,,NO_ENTRY,549.8,9.6,514.8,44.6,549.8,9.6,,,462.2,95.1,,
6040,4515.03,BUY,WICK_H4,H4,2026-06-02 12:00:00,1,4.25,2026-06-02 16:15:00,4511.53,35.0,253.3,3.25,,,,,,356.71,True,True,4511.53,0.0,SL,False,,,NO_ENTRY,False,,,NO_ENTRY,False,,,NO_ENTRY,False,,,NO_ENTRY,False,,,NO_ENTRY,54.5,253.3,,,,,,,,,,
6043,4486.2,BUY,WICK_H4,H4,2026-06-02 20:00:00,1,0.75,2026-06-02 20:45:00,4482.7,35.0,41.3,0.75,0.5,0.0,,,,341.43,True,True,4482.7,0.0,SL,True,4486.2,0.5,SL,True,4482.7,0.0,SL,False,,,NO_ENTRY,False,,,NO_ENTRY,True,4486.2,2.25,SL,102.3,41.3,67.3,241.6,102.3,41.3,,,,,104.2,241.6
6044,4478.57,BUY,WICK_H4,H4,2026-06-03 00:00:00,1,2.25,2026-06-03 02:15:00,4475.07,35.0,130.3,0.0,1.0,0.75,1.25,1.25,,341.74,True,True,4475.07,0.0,SL,True,4478.57,1.0,SL,True,4475.07,0.75,TP,False,,,NO_ENTRY,True,4495.76,1.25,SL,False,,,NO_ENTRY,215.5,130.3,180.5,154.2,215.5,119.2,,,8.6,326.1,,
6048,4463.15,BUY,WICK_H4,H4,2026-06-03 08:00:00,1,0.75,2026-06-03 08:45:00,4459.65,35.0,196.0,3.0,0.25,0.25,0.0,,,335.39,True,True,4459.65,0.0,SL,True,4463.15,0.25,SL,True,4459.65,0.25,SL,False,,,NO_ENTRY,False,,,NO_ENTRY,False,,,NO_ENTRY,123.6,208.4,88.6,243.4,123.6,208.4,,,,,,
6052,4438.81,BUY,WICK_H4,H4,2026-06-03 16:00:00,1,0.75,2026-06-03 16:45:00,4435.31,35.0,93.8,0.0,0.0,0.0,0.0,0.25,,336.78,True,True,4435.31,0.0,SL,True,4438.81,0.0,SL,True,4435.31,0.0,SL,False,,,NO_ENTRY,False,,,NO_ENTRY,True,4438.81,1.5,TP,240.6,93.8,205.6,128.8,240.6,93.8,,,,,132.5,51.7
6056,4430.15,BUY,WICK_H4,H4,2026-06-04 00:00:00,1,1.25,2026-06-04 01:15:00,4426.65,35.0,28.2,0.0,0.0,0.0,0.0,0.5,1.5,334.51,True,True,4426.65,0.0,SL,True,4430.15,0.0,SL,True,4426.65,0.0,SL,False,,,NO_ENTRY,True,4453.4,1.25,TP,False,,,NO_ENTRY,466.5,28.2,431.5,63.2,466.5,28.2,,,236.5,104.9,,
6066,4472.63,BUY,WICK_H4,H4,2026-06-05 00:00:00,2,2.0,2026-06-05 02:00:00,4469.13,35.0,186.6,1.25,,0.0,,,,342.9,True,True,4469.13,0.0,SL,False,,,NO_ENTRY,True,4469.13,0.0,SL,False,,,NO_ENTRY,False,,,NO_ENTRY,False,,,NO_ENTRY,47.9,327.7,,,47.9,327.7,,,,,,
6068,4450.47,BUY,WICK_H4,H4,2026-06-05 04:00:00,1,0.5,2026-06-05 04:30:00,4446.97,35.0,119.0,1.75,0.75,0.5,0.0,,,343.27,True,True,4446.97,0.0,TP,True,4450.47,0.75,SL,True,4446.97,0.5,SL,False,,,NO_ENTRY,True,4444.83,3.25,SL,False,,,NO_ENTRY,126.0,119.0,43.9,219.7,78.9,119.0,,,232.1,163.3,,
6072,4428.5,BUY,WICK_H4,H4,2026-06-05 12:00:00,1,4.0,2026-06-05 16:00:00,4425.0,35.0,1016.6,3.5,,,,,,416.0,True,True,4425.0,0.0,SL,False,,,NO_ENTRY,False,,,NO_ENTRY,False,,,NO_ENTRY,False,,,NO_ENTRY,False,,,NO_ENTRY,-41.1,1016.6,,,,,,,,,,
6075,4323.34,BUY,WICK_H4,H4,2026-06-05 20:00:00,1,1.5,2026-06-05 21:30:00,4319.84,35.0,82.6,1.5,0.75,0.25,2.25,,,411.71,True,True,4319.84,0.0,SL,True,4323.34,0.75,SL,True,4319.84,0.25,SL,False,,,NO_ENTRY,True,4328.58,2.25,SL,True,4323.34,2.25,SL,205.0,108.8,298.2,143.8,269.1,108.8,,,245.8,286.7,298.2,234.3
6079,4308.96,BUY,WICK_H4,H4,2026-06-08 04:00:00,3,2.25,2026-06-08 06:15:00,4305.46,35.0,21.2,0.0,0.25,0.0,0.5,,,417.06,True,True,4305.46,0.0,TP,True,4308.96,0.25,SL,True,4305.46,0.0,TP,False,,,NO_ENTRY,False,,,NO_ENTRY,True,4308.96,0.5,TP,161.4,370.1,126.4,405.1,161.4,370.1,,,,,126.4,405.1
6081,4299.91,BUY,WICK_H4,H4,2026-06-08 08:00:00,1,0.75,2026-06-08 08:45:00,4296.41,35.0,115.4,0.0,0.25,0.25,0.25,,,421.73,True,True,4296.41,0.0,SL,True,4299.91,0.25,SL,True,4296.41,0.25,SL,False,,,NO_ENTRY,False,,,NO_ENTRY,True,4299.91,0.5,TP,202.8,235.9,167.8,270.9,202.8,235.9,,,,,167.8,270.9
6089,4323.13,BUY,WICK_H4,H4,2026-06-09 00:00:00,2,2.5,2026-06-09 02:30:00,4319.63,35.0,70.0,0.25,,0.5,,,,400.67,True,True,4319.63,0.0,SL,False,,,NO_ENTRY,True,4319.63,0.5,SL,False,,,NO_ENTRY,False,,,NO_ENTRY,False,,,NO_ENTRY,224.1,70.0,,,224.1,47.4,,,,,,
6095,4324.05,BUY,WICK_H4,H4,2026-06-09 16:00:00,1,1.25,2026-06-09 17:15:00,4320.55,35.0,840.4,2.25,,,,,,433.72,True,True,4320.55,0.0,SL,False,,,NO_ENTRY,False,,,NO_ENTRY,False,,,NO_ENTRY,False,,,NO_ENTRY,False,,,NO_ENTRY,30.4,840.4,,,,,,,,,,
6099,4249.76,BUY,WICK_H4,H4,2026-06-10 00:00:00,2,1.75,2026-06-10 01:45:00,4246.26,35.0,474.1,1.75,,,,,,433.25,True,True,4246.26,0.0,SL,False,,,NO_ENTRY,False,,,NO_ENTRY,False,,,NO_ENTRY,False,,,NO_ENTRY,False,,,NO_ENTRY,35.5,732.0,,,,,,,,,,
6101,4198.85,BUY,WICK_H4,H4,2026-06-10 04:00:00,1,0.5,2026-06-10 04:30:00,4195.35,35.0,230.4,3.25,,,0.0,,,435.45,True,True,4195.35,0.0,SL,False,,,NO_ENTRY,False,,,NO_ENTRY,False,,,NO_ENTRY,False,,,NO_ENTRY,False,,,NO_ENTRY,114.7,230.4,,,,,,,,,,
6102,4172.31,BUY,WICK_H4,H4,2026-06-10 08:00:00,1,3.25,2026-06-10 11:15:00,4168.81,35.0,29.1,0.0,,0.0,,,,447.67,True,True,4168.81,0.0,SL,False,,,NO_ENTRY,True,4168.81,0.0,SL,False,,,NO_ENTRY,False,,,NO_ENTRY,False,,,NO_ENTRY,105.1,383.1,,,105.1,383.1,,,,,,
6104,4161.25,BUY,WICK_H4,H4,2026-06-10 12:00:00,2,2.25,2026-06-10 14:15:00,4157.75,35.0,272.5,1.0,0.0,0.0,0.0,,,450.56,True,True,4157.75,0.0,TP,True,4161.25,0.0,SL,True,4157.75,0.0,TP,False,,,NO_ENTRY,False,,,NO_ENTRY,False,,,NO_ENTRY,283.2,444.8,248.2,479.8,283.2,444.8,,,,,,
6106,4130.5,BUY,WICK_H4,H4,2026-06-10 16:00:00,1,2.0,2026-06-10 18:00:00,4127.0,35.0,202.8,0.75,,0.25,,,,475.06,True,True,4127.0,0.0,SL,False,,,NO_ENTRY,True,4127.0,0.25,SL,False,,,NO_ENTRY,False,,,NO_ENTRY,False,,,NO_ENTRY,98.9,399.0,,,98.9,454.0,,,,,,
6108,4106.72,BUY,WICK_H4,H4,2026-06-10 20:00:00,1,0.75,2026-06-10 20:45:00,4103.22,35.0,362.0,3.0,0.0,0.0,0.25,,,489.55,True,True,4103.22,0.0,TP,True,4106.72,0.0,SL,True,4103.22,0.0,TP,False,,,NO_ENTRY,False,,,NO_ENTRY,False,,,NO_ENTRY,170.7,672.3,135.7,707.3,170.7,672.3,,,,,,
6110,4067.02,BUY,WICK_H4,H4,2026-06-11 00:00:00,1,1.25,2026-06-11 01:15:00,4063.52,35.0,397.9,0.75,2.0,2.0,2.25,,,493.26,True,True,4063.52,0.0,SL,True,4067.02,2.0,SL,True,4063.52,2.0,SL,False,,,NO_ENTRY,False,,,NO_ENTRY,False,,,NO_ENTRY,543.2,397.9,508.2,173.0,543.2,138.0,,,,,,
6116,4072.44,BUY,WICK_H4,H4,2026-06-11 12:00:00,1,3.5,2026-06-11 15:30:00,4068.94,35.0,115.3,0.0,0.0,0.0,0.25,,,489.52,True,True,4068.94,0.0,SL,True,4072.44,0.0,SL,True,4068.94,0.0,SL,False,,,NO_ENTRY,False,,,NO_ENTRY,False,,,NO_ENTRY,385.2,162.4,350.2,197.4,385.2,162.4,,,,,,
6124,4200.53,BUY,WICK_H4,H4,2026-06-12 04:00:00,1,0.25,2026-06-12 04:15:00,4197.03,35.0,258.5,0.25,2.0,2.0,,,,545.09,True,True,4197.03,0.0,SL,True,4200.53,2.0,SL,True,4197.03,2.0,SL,False,,,NO_ENTRY,True,4203.25,2.0,SL,False,,,NO_ENTRY,77.0,258.5,42.0,300.0,77.0,265.0,,,14.8,327.2,,
6130,4188.36,BUY,WICK_H4,H4,2026-06-12 16:00:00,2,0.75,2026-06-12 16:45:00,4184.86,35.0,79.0,1.0,0.25,0.0,0.5,1.25,,538.67,True,True,4184.86,0.0,TP,True,4188.36,0.25,SL,True,4184.86,0.0,TP,False,,,NO_ENTRY,True,4213.77,1.25,TP,False,,,NO_ENTRY,505.0,79.0,470.0,114.0,505.0,79.0,,,215.9,137.2,,
6143,4334.42,BUY,WICK_H4,H4,2026-06-15 20:00:00,1,0.25,2026-06-15 20:15:00,4330.92,35.0,246.7,3.5,,,,,,494.24,True,True,4330.92,0.0,SL,False,,,NO_ENTRY,False,,,NO_ENTRY,False,,,NO_ENTRY,False,,,NO_ENTRY,False,,,NO_ENTRY,37.5,251.0,,,,,,,,,,
6150,4334.95,BUY,WICK_H4,H4,2026-06-16 16:00:00,1,0.75,2026-06-16 16:45:00,4331.45,35.0,183.4,0.75,0.25,0.0,2.0,,,427.78,True,True,4331.45,0.0,SL,True,4334.95,0.25,SL,True,4331.45,0.0,SL,False,,,NO_ENTRY,False,,,NO_ENTRY,True,4334.95,2.25,TP,152.5,183.4,117.5,218.4,152.5,183.4,,,,,117.5,98.6
6155,4328.37,BUY,WICK_H4,H4,2026-06-17 04:00:00,2,3.25,2026-06-17 07:15:00,4324.87,35.0,76.1,0.25,,0.5,,,,385.08,True,True,4324.87,0.0,SL,False,,,NO_ENTRY,True,4324.87,0.5,SL,False,,,NO_ENTRY,False,,,NO_ENTRY,False,,,NO_ENTRY,90.9,76.1,,,89.8,81.1,,,,,,
6163,4323.92,BUY,WICK_H4,H4,2026-06-17 20:00:00,1,1.25,2026-06-17 21:15:00,4320.42,35.0,1016.0,1.25,,0.25,0.5,,,450.55,True,True,4320.42,0.0,SL,False,,,NO_ENTRY,True,4320.42,0.25,SL,False,,,NO_ENTRY,False,,,NO_ENTRY,False,,,NO_ENTRY,117.1,1016.0,,,117.1,1016.0,,,,,,
6169,4306.74,BUY,WICK_H4,H4,2026-06-18 08:00:00,1,1.0,2026-06-18 09:00:00,4303.24,35.0,635.6,5.75,1.0,0.25,,,,455.59,True,True,4303.24,0.0,SL,True,4306.74,1.0,SL,True,4303.24,0.25,SL,False,,,NO_ENTRY,False,,,NO_ENTRY,False,,,NO_ENTRY,66.1,438.1,24.9,663.1,59.9,438.1,,,,,,
6172,4239.68,BUY,WICK_H4,H4,2026-06-18 16:00:00,2,2.5,2026-06-18 18:30:00,4236.18,35.0,223.8,1.25,,,,,,459.78,True,True,4236.18,0.0,SL,False,,,NO_ENTRY,False,,,NO_ENTRY,False,,,NO_ENTRY,False,,,NO_ENTRY,False,,,NO_ENTRY,3.0,349.0,,,,,,,,,,
6174,4213.8,BUY,WICK_H4,H4,2026-06-18 20:00:00,1,2.25,2026-06-18 22:15:00,4210.3,35.0,90.2,0.25,0.25,0.25,,,,449.59,True,True,4210.3,0.0,SL,True,4213.8,0.25,SL,True,4210.3,0.25,SL,False,,,NO_ENTRY,False,,,NO_ENTRY,False,,,NO_ENTRY,91.0,262.9,56.0,297.9,91.0,262.9,,,,,,
6176,4201.28,BUY,WICK_H4,H4,2026-06-19 00:00:00,1,2.25,2026-06-19 02:15:00,4197.78,35.0,137.7,1.0,,,,,,438.22,True,True,4197.78,0.0,SL,False,,,NO_ENTRY,False,,,NO_ENTRY,False,,,NO_ENTRY,False,,,NO_ENTRY,False,,,NO_ENTRY,15.2,327.9,,,,,,,,,,
6178,4184.01,BUY,WICK_H4,H4,2026-06-19 04:00:00,2,1.0,2026-06-19 05:00:00,4180.51,35.0,590.3,3.0,,,,,,456.48,True,True,4180.51,0.0,SL,False,,,NO_ENTRY,False,,,NO_ENTRY,True,4168.91,7.0,SL,True,4156.94,5.0,SL,False,,,NO_ENTRY,55.7,590.3,,,,,138.1,272.0,214.7,145.1,,
6184,4142.44,BUY,WICK_H4,H4,2026-06-19 20:00:00,2,54.75,2026-06-22 02:45:00,4138.94,35.0,26.0,0.0,0.25,0.0,0.25,0.25,1.0,468.12,True,True,4138.94,0.0,SL,True,4142.44,0.25,SL,True,4138.94,0.0,SL,False,,,NO_ENTRY,True,4166.94,0.5,TP,False,,,NO_ENTRY,820.1,26.0,785.1,26.2,820.1,26.0,,,540.1,62.3,,
6189,4179.21,BUY,WICK_H4,H4,2026-06-22 12:00:00,1,7.0,2026-06-22 19:00:00,4175.71,35.0,14.7,0.0,0.25,0.0,0.75,,,438.59,True,True,4175.71,0.0,TP,True,4179.21,0.25,SL,True,4175.71,0.0,TP,False,,,NO_ENTRY,False,,,NO_ENTRY,False,,,NO_ENTRY,177.8,14.7,142.8,31.7,177.8,14.7,,,,,,
6196,4178.2,BUY,WICK_H4,H4,2026-06-23 04:00:00,1,0.5,2026-06-23 04:30:00,4174.7,35.0,600.4,3.25,,,,,,432.27,True,True,4174.7,0.0,SL,False,,,NO_ENTRY,False,,,NO_ENTRY,False,,,NO_ENTRY,False,,,NO_ENTRY,False,,,NO_ENTRY,38.9,600.4,,,,,,,,,,
6198,4114.66,BUY,WICK_H4,H4,2026-06-23 08:00:00,1,1.5,2026-06-23 09:30:00,4111.16,35.0,204.2,1.5,0.5,0.0,0.5,,,434.59,True,True,4111.16,0.0,TP,True,4114.66,0.5,SL,True,4111.16,0.0,TP,False,,,NO_ENTRY,False,,,NO_ENTRY,False,,,NO_ENTRY,219.6,204.2,184.6,239.2,219.6,204.2,,,,,,
6205,4107.25,BUY,WICK_H4,H4,2026-06-24 00:00:00,1,1.5,2026-06-24 01:30:00,4103.75,35.0,231.3,1.0,,0.0,,,,410.26,True,True,4103.75,0.0,SL,False,,,NO_ENTRY,True,4103.75,0.0,SL,False,,,NO_ENTRY,False,,,NO_ENTRY,False,,,NO_ENTRY,80.5,518.3,,,80.5,518.3,,,,,,
6207,4080.62,BUY,WICK_H4,H4,2026-06-24 04:00:00,2,1.25,2026-06-24 05:15:00,4077.12,35.0,268.9,1.0,,,,,,417.95,True,True,4077.12,0.0,SL,False,,,NO_ENTRY,False,,,NO_ENTRY,False,,,NO_ENTRY,False,,,NO_ENTRY,False,,,NO_ENTRY,202.3,268.9,,,,,,,,,,
6211,4060.59,BUY,WICK_H4,H4,2026-06-24 12:00:00,1,1.25,2026-06-24 13:15:00,4057.09,35.0,927.5,3.0,0.0,0.0,,,,450.1,True,True,4057.09,0.0,SL,True,4060.59,0.0,SL,True,4057.09,0.0,SL,True,4006.51,6.75,SL,False,,,NO_ENTRY,False,,,NO_ENTRY,95.7,927.5,60.7,962.5,95.7,927.5,45.9,474.9,,,,
6218,3978.33,BUY,WICK_H4,H4,2026-06-25 04:00:00,1,0.75,2026-06-25 04:45:00,3974.83,35.0,118.2,0.25,0.5,0.0,0.0,2.0,,468.25,True,True,3974.83,0.0,SL,True,3978.33,0.5,SL,True,3974.83,0.0,SL,False,,,NO_ENTRY,True,3995.29,2.0,SL,False,,,NO_ENTRY,261.0,118.2,226.0,123.1,261.0,118.2,,,56.4,240.9,,
6228,4021.67,BUY,WICK_H4,H4,2026-06-26 00:00:00,3,2.75,2026-06-26 02:45:00,4018.17,35.0,70.1,0.25,,0.25,,,,426.02,True,True,4018.17,0.0,SL,False,,,NO_ENTRY,True,4018.17,0.25,SL,False,,,NO_ENTRY,False,,,NO_ENTRY,False,,,NO_ENTRY,110.9,353.4,,,110.9,353.4,,,,,,
6230,4011.16,BUY,WICK_H4,H4,2026-06-26 04:00:00,1,1.5,2026-06-26 05:30:00,4007.66,35.0,248.3,0.25,2.25,1.5,,,,428.76,True,True,4007.66,0.0,SL,True,4011.16,2.25,SL,True,4007.66,1.5,SL,False,,,NO_ENTRY,False,,,NO_ENTRY,False,,,NO_ENTRY,198.4,248.3,283.8,57.2,318.8,90.9,,,,,,
6238,4064.29,BUY,WICK_H4,H4,2026-06-27 00:00:00,1,49.5,2026-06-29 01:30:00,4060.79,35.0,127.2,2.0,0.25,0.0,2.25,,,410.37,True,True,4060.79,0.0,SL,True,4064.29,0.25,SL,True,4060.79,0.0,SL,False,,,NO_ENTRY,True,4069.31,2.0,SL,False,,,NO_ENTRY,135.7,127.2,100.7,162.2,135.7,127.2,,,60.9,212.4,,
6241,4049.48,BUY,WICK_H4,H4,2026-06-29 08:00:00,1,0.5,2026-06-29 08:30:00,4045.98,35.0,68.0,0.0,0.0,0.0,0.25,1.75,,391.91,True,True,4045.98,0.0,SL,True,4049.48,0.0,SL,True,4045.98,0.0,SL,False,,,NO_ENTRY,True,4065.93,1.75,SL,False,,,NO_ENTRY,224.3,68.0,189.3,103.0,224.3,68.0,,,24.8,415.9,,
6243,4039.18,BUY,WICK_H4,H4,2026-06-29 12:00:00,1,1.0,2026-06-29 13:00:00,4035.68,35.0,84.5,1.25,2.0,0.0,2.0,,,385.87,True,True,4035.68,0.0,SL,True,4039.18,2.0,TP,True,4035.68,0.0,SL,False,,,NO_ENTRY,False,,,NO_ENTRY,False,,,NO_ENTRY,164.5,277.4,129.5,392.5,164.5,277.4,,,,,,
6245,4024.34,BUY,WICK_H4,H4,2026-06-29 16:00:00,1,1.25,2026-06-29 17:15:00,4020.84,35.0,209.1,0.0,0.0,0.0,,,,395.2,True,True,4020.84,0.0,SL,True,4024.34,0.0,SL,True,4020.84,0.0,SL,False,,,NO_ENTRY,False,,,NO_ENTRY,False,,,NO_ENTRY,111.1,209.1,76.1,244.1,111.1,209.1,,,,,,
6249,4005.09,BUY,WICK_H4,H4,2026-06-30 00:00:00,1,3.5,2026-06-30 03:30:00,4001.59,35.0,222.4,0.25,,,,,,389.23,True,True,4001.59,0.0,SL,False,,,NO_ENTRY,False,,,NO_ENTRY,False,,,NO_ENTRY,False,,,NO_ENTRY,False,,,NO_ENTRY,49.8,594.4,,,,,,,,,,
6251,3979.35,BUY,WICK_H4,H4,2026-06-30 04:00:00,1,0.25,2026-06-30 04:15:00,3975.85,35.0,260.2,0.0,3.0,0.0,3.25,3.25,,401.23,True,True,3975.85,0.0,SL,True,3979.35,3.0,SL,True,3975.85,0.0,SL,False,,,NO_ENTRY,False,,,NO_ENTRY,False,,,NO_ENTRY,220.2,260.2,581.3,75.5,220.2,260.2,,,,,,
6260,3992.94,BUY,WICK_H4,H4,2026-07-01 04:00:00,1,0.25,2026-07-01 04:15:00,3989.44,35.0,194.9,0.75,,,,,,388.89,True,True,3989.44,0.0,SL,False,,,NO_ENTRY,False,,,NO_ENTRY,False,,,NO_ENTRY,False,,,NO_ENTRY,False,,,NO_ENTRY,-10.0,197.6,,,,,,,,,,
6262,3969.95,BUY,WICK_H4,H4,2026-07-01 08:00:00,2,1.25,2026-07-01 09:15:00,3966.45,35.0,64.3,1.0,0.25,0.0,1.5,,,378.4,True,True,3966.45,0.0,SL,True,3969.95,0.25,SL,True,3966.45,0.0,SL,False,,,NO_ENTRY,True,3975.91,1.5,SL,False,,,NO_ENTRY,229.0,64.3,242.5,99.3,229.0,64.3,,,593.7,70.7,,
6288,4168.27,BUY,WICK_H4,H4,2026-07-03 16:00:00,1,0.75,2026-07-03 16:45:00,4164.77,35.0,95.3,0.25,1.0,0.5,3.0,,,380.37,True,True,4164.77,0.0,SL,True,4168.27,1.0,SL,True,4164.77,0.5,SL,False,,,NO_ENTRY,True,4174.95,3.0,SL,True,4168.27,1.25,SL,265.8,95.3,333.0,56.4,368.0,37.2,,,279.2,54.2,333.0,56.4
6292,4170.14,BUY,WICK_H4,H4,2026-07-06 04:00:00,1,2.0,2026-07-06 06:00:00,4166.64,35.0,93.9,1.5,,,0.0,,,381.41,True,True,4166.64,0.0,SL,False,,,NO_ENTRY,False,,,NO_ENTRY,False,,,NO_ENTRY,False,,,NO_ENTRY,False,,,NO_ENTRY,95.9,219.5,,,,,,,,,,
6294,4157.25,BUY,WICK_H4,H4,2026-07-06 08:00:00,1,0.25,2026-07-06 08:15:00,4153.75,35.0,90.6,0.5,2.25,0.25,2.25,,,369.45,True,True,4153.75,0.0,SL,True,4157.25,2.25,SL,True,4153.75,0.25,SL,False,,,NO_ENTRY,True,4163.35,2.25,SL,True,4157.25,2.75,SL,123.5,124.0,88.5,209.2,123.5,174.2,,,27.5,270.2,86.4,209.2
6296,4144.69,BUY,WICK_H4,H4,2026-07-06 12:00:00,1,0.5,2026-07-06 12:30:00,4141.19,35.0,98.9,3.0,0.5,0.25,0.75,,,363.09,True,True,4141.19,0.0,SL,True,4144.69,0.5,SL,True,4141.19,0.25,TP,False,,,NO_ENTRY,False,,,NO_ENTRY,True,4144.69,2.75,TP,181.5,98.9,146.5,133.9,181.5,98.9,,,,,127.8,164.5
6301,4150.17,BUY,WICK_H4,H4,2026-07-07 00:00:00,1,3.75,2026-07-07 03:45:00,4146.67,35.0,224.8,3.0,,,,,,335.87,True,True,4146.67,0.0,SL,False,,,NO_ENTRY,False,,,NO_ENTRY,False,,,NO_ENTRY,False,,,NO_ENTRY,False,,,NO_ENTRY,69.6,224.8,,,,,,,,,,
6304,4124.19,BUY,WICK_H4,H4,2026-07-07 08:00:00,1,0.5,2026-07-07 08:30:00,4120.69,35.0,41.5,0.0,0.75,0.0,0.5,2.5,,321.45,True,True,4120.69,0.0,SL,True,4124.19,0.75,TP,True,4120.69,0.0,SL,False,,,NO_ENTRY,True,4136.87,2.5,SL,True,4124.19,1.0,TP,185.1,41.5,150.1,45.8,185.1,41.5,,,376.1,172.6,150.1,45.8
6310,4135.73,BUY,WICK_H4,H4,2026-07-07 20:00:00,1,2.0,2026-07-07 22:00:00,4132.23,35.0,401.5,0.25,,,,,,360.9,True,True,4132.23,0.0,SL,False,,,NO_ENTRY,False,,,NO_ENTRY,False,,,NO_ENTRY,False,,,NO_ENTRY,False,,,NO_ENTRY,-46.4,401.5,,,,,,,,,,
6316,4096.23,BUY,WICK_H4,H4,2026-07-08 08:00:00,1,3.5,2026-07-08 11:30:00,4092.73,35.0,406.1,0.25,,,,,,390.52,True,True,4092.73,0.0,SL,False,,,NO_ENTRY,False,,,NO_ENTRY,False,,,NO_ENTRY,False,,,NO_ENTRY,False,,,NO_ENTRY,-8.6,524.6,,,,,,,,,,
6318,4052.12,BUY,WICK_H4,H4,2026-07-08 12:00:00,2,0.75,2026-07-08 12:45:00,4048.62,35.0,83.5,0.25,0.75,0.5,1.75,2.0,,395.55,True,True,4048.62,0.0,SL,True,4052.12,0.75,SL,True,4048.62,0.5,SL,False,,,NO_ENTRY,True,4064.2,1.75,SL,False,,,NO_ENTRY,377.5,83.5,342.5,170.4,377.5,73.8,,,221.7,426.2,,
6320,4040.27,BUY,WICK_H4,H4,2026-07-08 16:00:00,1,1.75,2026-07-08 17:45:00,4036.77,35.0,151.9,0.75,0.0,0.0,1.75,2.0,,411.01,True,True,4036.77,0.0,SL,True,4040.27,0.0,SL,True,4036.77,0.0,SL,False,,,NO_ENTRY,False,,,NO_ENTRY,False,,,NO_ENTRY,545.3,151.9,510.3,186.9,545.3,151.9,,,,,,
6326,4070.12,BUY,WICK_H4,H4,2026-07-09 04:00:00,1,0.25,2026-07-09 04:15:00,4066.62,35.0,125.7,2.0,0.25,0.25,0.0,,,381.83,True,True,4066.62,0.0,TP,True,4070.12,0.25,SL,True,4066.62,0.25,SL,False,,,NO_ENTRY,False,,,NO_ENTRY,True,4070.12,1.25,TP,157.9,125.7,122.9,160.7,157.9,125.7,,,,,367.3,160.7
6334,4118.67,BUY,WICK_H4,H4,2026-07-10 00:00:00,1,3.5,2026-07-10 03:30:00,4115.17,35.0,9.4,0.0,0.0,0.0,0.25,,,350.62,True,True,4115.17,0.0,TP,True,4118.67,0.0,SL,True,4115.17,0.0,TP,False,,,NO_ENTRY,True,4126.05,0.25,SL,False,,,NO_ENTRY,194.9,67.7,159.9,102.7,194.9,67.7,,,86.1,176.5,,
6336,4114.23,BUY,WICK_H4,H4,2026-07-10 04:00:00,1,0.75,2026-07-10 04:45:00,4110.73,35.0,23.3,0.0,0.0,0.0,0.0,0.25,,344.33,True,True,4110.73,0.0,TP,True,4114.23,0.0,SL,True,4110.73,0.0,TP,False,,,NO_ENTRY,False,,,NO_ENTRY,False,,,NO_ENTRY,239.3,28.2,204.3,63.2,239.3,28.2,,,,,,
6338,4108.4,BUY,WICK_H4,H4,2026-07-10 08:00:00,2,2.75,2026-07-10 10:45:00,4104.9,35.0,101.9,1.0,0.0,0.0,,,,337.72,True,True,4104.9,0.0,SL,True,4108.4,0.0,SL,True,4104.9,0.0,SL,False,,,NO_ENTRY,False,,,NO_ENTRY,False,,,NO_ENTRY,75.7,105.6,40.7,140.6,75.7,105.6,,,,,,
6342,4094.34,BUY,WICK_H4,H4,2026-07-10 16:00:00,1,0.5,2026-07-10 16:30:00,4090.84,35.0,181.0,1.0,0.0,0.0,0.0,0.75,,336.94,True,True,4090.84,0.0,SL,True,4094.34,0.0,SL,True,4090.84,0.0,SL,False,,,NO_ENTRY,True,4112.83,2.25,SL,False,,,NO_ENTRY,244.8,181.0,209.8,216.0,244.8,181.0,,,24.9,151.6,,
6345,4097.67,BUY,WICK_H4,H4,2026-07-11 00:00:00,1,49.25,2026-07-13 01:15:00,4094.17,35.0,332.6,2.25,,,,,,347.63,True,True,4094.17,0.0,SL,False,,,NO_ENTRY,False,,,NO_ENTRY,False,,,NO_ENTRY,False,,,NO_ENTRY,False,,,NO_ENTRY,-32.4,332.6,,,,,,,,,,
6347,4060.91,BUY,WICK_H4,H4,2026-07-13 04:00:00,1,2.5,2026-07-13 06:30:00,4057.41,35.0,73.4,0.75,,0.0,,,,351.04,True,True,4057.41,0.0,SL,False,,,NO_ENTRY,True,4057.41,0.0,SL,False,,,NO_ENTRY,False,,,NO_ENTRY,False,,,NO_ENTRY,154.5,137.1,,,154.5,137.1,,,,,,
6353,4046.6,BUY,WICK_H4,H4,2026-07-13 16:00:00,1,1.0,2026-07-13 17:00:00,4043.1,35.0,568.4,2.75,,,,,,381.51,True,True,4043.1,0.0,SL,False,,,NO_ENTRY,False,,,NO_ENTRY,False,,,NO_ENTRY,False,,,NO_ENTRY,False,,,NO_ENTRY,36.1,568.4,,,,,,,,,,
6366,4057.52,BUY,WICK_H4,H4,2026-07-14 20:00:00,2,1.5,2026-07-14 21:30:00,4054.02,35.0,112.8,0.0,,0.5,,,,375.28,True,True,4054.02,0.0,SL,False,,,NO_ENTRY,True,4054.02,0.5,SL,False,,,NO_ENTRY,False,,,NO_ENTRY,False,,,NO_ENTRY,53.6,112.8,,,30.6,74.8,,,,,,
6370,4046.54,BUY,WICK_H4,H4,2026-07-15 04:00:00,1,0.75,2026-07-15 04:45:00,4043.04,35.0,151.3,1.75,,,,,,357.08,True,True,4043.04,0.0,SL,False,,,NO_ENTRY,False,,,NO_ENTRY,False,,,NO_ENTRY,False,,,NO_ENTRY,False,,,NO_ENTRY,-5.8,211.7,,,,,,,,,,
6372,4027.91,BUY,WICK_H4,H4,2026-07-15 08:00:00,1,0.5,2026-07-15 08:30:00,4024.41,35.0,72.0,2.5,0.0,0.0,0.0,,,345.41,True,True,4024.41,0.0,SL,True,4027.91,0.0,SL,True,4024.41,0.0,SL,False,,,NO_ENTRY,False,,,NO_ENTRY,True,4027.91,1.5,SL,121.7,72.0,86.7,107.0,121.7,72.0,,,,,79.2,107.0
6383,4022.76,BUY,WICK_H4,H4,2026-07-16 12:00:00,2,3.5,2026-07-16 15:30:00,4019.26,35.0,291.5,0.25,,,0.0,,,352.0,True,True,4019.26,0.0,SL,False,,,NO_ENTRY,False,,,NO_ENTRY,False,,,NO_ENTRY,False,,,NO_ENTRY,False,,,NO_ENTRY,101.8,457.2,,,,,,,,,,
6385,3990.11,BUY,WICK_H4,H4,2026-07-16 16:00:00,2,0.75,2026-07-16 16:45:00,3986.61,35.0,44.3,2.5,0.5,0.0,0.0,0.75,,357.64,True,True,3986.61,0.0,TP,True,3990.11,0.5,SL,True,3986.61,0.0,TP,False,,,NO_ENTRY,True,4011.15,1.5,SL,False,,,NO_ENTRY,300.3,67.2,265.3,102.2,300.3,67.2,,,54.9,348.6,,
6393,3974.85,BUY,WICK_H4,H4,2026-07-17 12:00:00,1,3.75,2026-07-17 15:45:00,3971.35,35.0,75.1,0.0,,,,,,342.38,True,True,3971.35,0.0,SL,False,,,NO_ENTRY,False,,,NO_ENTRY,False,,,NO_ENTRY,False,,,NO_ENTRY,False,,,NO_ENTRY,523.5,119.7,,,,,,,,,,
6399,4002.13,BUY,WICK_H4,H4,2026-07-18 00:00:00,1,49.25,2026-07-20 01:15:00,3998.63,35.0,161.6,1.75,2.0,2.0,2.5,,,349.59,True,True,3998.63,0.0,SL,True,4002.13,2.0,SL,True,3998.63,2.0,SL,False,,,NO_ENTRY,False,,,NO_ENTRY,False,,,NO_ENTRY,220.3,161.6,263.6,87.0,298.6,52.0,,,,,,
6407,4006.38,BUY,WICK_H4,H4,2026-07-20 16:00:00,1,1.0,2026-07-20 17:00:00,4002.88,35.0,48.2,0.0,0.25,0.25,0.75,,,334.22,True,True,4002.88,0.0,SL,True,4006.38,0.25,SL,True,4002.88,0.25,SL,False,,,NO_ENTRY,False,,,NO_ENTRY,True,4006.38,2.75,SL,164.4,48.2,129.4,82.8,164.4,47.8,,,,,114.3,32.6
6411,4003.12,BUY,WICK_H4,H4,2026-07-21 00:00:00,1,1.75,2026-07-21 01:45:00,3999.62,35.0,0.6,0.0,0.5,0.0,0.0,1.5,,317.52,True,True,3999.62,0.0,TP,True,4003.12,0.5,TP,True,3999.62,0.0,TP,False,,,NO_ENTRY,True,4010.53,1.25,SL,True,4003.12,0.75,TP,453.9,0.6,479.1,2.1,453.9,0.6,,,410.3,69.8,479.1,-0.1
6419,4050.82,BUY,WICK_H4,H4,2026-07-21 16:00:00,1,0.5,2026-07-21 16:30:00,4047.32,35.0,30.5,0.25,0.25,0.25,0.0,0.5,2.0,318.97,True,True,4047.32,0.0,SL,True,4050.82,0.25,SL,True,4047.32,0.25,SL,False,,,NO_ENTRY,True,4065.7,0.5,SL,False,,,NO_ENTRY,359.6,30.5,324.6,65.5,359.6,30.5,,,175.8,140.6,,
6432,4128.15,BUY,WICK_H4,H4,2026-07-23 00:00:00,1,1.25,2026-07-23 01:15:00,4124.65,35.0,127.9,3.75,0.0,0.0,1.5,3.0,,309.74,True,True,4124.65,0.0,SL,True,4128.15,0.0,SL,True,4124.65,0.0,SL,False,,,NO_ENTRY,True,4137.12,3.0,SL,False,,,NO_ENTRY,161.4,127.9,126.4,162.9,161.4,127.9,,,36.7,252.6,,
6435,4111.86,BUY,WICK_H4,H4,2026-07-23 08:00:00,1,2.25,2026-07-23 10:15:00,4108.36,35.0,215.4,1.5,,,,,,317.39,True,True,4108.36,0.0,SL,False,,,NO_ENTRY,False,,,NO_ENTRY,False,,,NO_ENTRY,False,,,NO_ENTRY,False,,,NO_ENTRY,33.4,275.9,,,,,,,,,,
6437,4086.82,BUY,WICK_H4,H4,2026-07-23 12:00:00,2,2.25,2026-07-23 14:15:00,4083.32,35.0,433.2,2.75,,0.0,,,,322.14,True,True,4083.32,0.0,SL,False,,,NO_ENTRY,True,4083.32,0.0,SL,False,,,NO_ENTRY,False,,,NO_ENTRY,False,,,NO_ENTRY,57.4,433.2,,,57.4,433.2,,,,,,
6443,4041.07,BUY,WICK_H4,H4,2026-07-24 04:00:00,3,1.75,2026-07-24 05:45:00,4037.57,35.0,146.0,0.0,,,,,,289.51,True,True,4037.57,0.0,SL,False,,,NO_ENTRY,False,,,NO_ENTRY,False,,,NO_ENTRY,False,,,NO_ENTRY,False,,,NO_ENTRY,41.0,157.6,,,,,,,,,,
6447,4051.25,BUY,WICK_H4,H4,2026-07-24 16:00:00,1,0.25,2026-07-24 16:15:00,4047.75,35.0,33.0,0.25,0.25,0.25,0.25,0.5,2.0,289.45,True,True,4047.75,0.0,SL,True,4051.25,0.25,SL,True,4047.75,0.25,SL,False,,,NO_ENTRY,True,4067.23,0.5,SL,False,,,NO_ENTRY,341.9,33.0,306.9,68.0,341.9,33.0,,,147.1,189.8,,
6459,4081.54,BUY,WICK_H4,H4,2026-07-27 16:00:00,1,0.25,2026-07-27 16:15:00,4078.04,35.0,128.7,1.25,0.25,0.25,0.0,3.25,,293.52,True,True,4078.04,0.0,SL,True,4081.54,0.25,SL,True,4078.04,0.25,SL,False,,,NO_ENTRY,False,,,NO_ENTRY,False,,,NO_ENTRY,157.2,128.7,122.2,163.7,157.2,128.7,,,,,,
6463,4070.37,BUY,WICK_H4,H4,2026-07-28 00:00:00,1,3.0,2026-07-28 03:00:00,4066.87,35.0,267.4,3.0,,,0.0,,,283.09,True,True,4066.87,0.0,SL,False,,,NO_ENTRY,False,,,NO_ENTRY,False,,,NO_ENTRY,True,4049.17,3.75,SL,False,,,NO_ENTRY,70.8,267.4,,,,,,,30.9,144.2,,
6468,4034.75,BUY,WICK_H4,H4,2026-07-28 12:00:00,1,0.75,2026-07-28 12:45:00,4031.25,35.0,144.3,0.5,,2.5,,,,273.11,True,True,4031.25,0.0,SL,False,,,NO_ENTRY,True,4031.25,2.5,SL,False,,,NO_ENTRY,True,4034.17,2.5,SL,False,,,NO_ENTRY,66.5,144.3,,,156.5,199.7,,,127.3,228.9,,
6473,4021.47,BUY,WICK_H4,H4,2026-07-29 00:00:00,1,1.5,2026-07-29 01:30:00,4017.97,35.0,42.1,0.0,0.5,0.0,1.25,,,265.62,True,True,4017.97,0.0,SL,True,4021.47,0.5,SL,True,4017.97,0.0,SL,False,,,NO_ENTRY,False,,,NO_ENTRY,True,4021.47,2.0,SL,197.0,79.0,162.0,114.0,197.0,79.0,,,,,162.0,114.0
6479,4008.98,BUY,WICK_H4,H4,2026-07-29 16:00:00,1,1.0,2026-07-29 17:00:00,4005.48,35.0,97.3,0.0,1.25,1.0,1.5,2.75,2.75,272.07,True,True,4005.48,0.0,SL,True,4008.98,1.25,SL,True,4005.48,1.0,TP,False,,,NO_ENTRY,True,4027.19,2.75,TP,False,,,NO_ENTRY,804.7,97.3,1072.4,54.0,1107.4,23.8,,,890.3,122.3,,
6485,4044.27,BUY,WICK_H4,H4,2026-07-30 08:00:00,1,0.25,2026-07-30 08:15:00,4040.77,35.0,124.4,0.25,0.0,0.0,0.25,3.0,,339.38,True,True,4040.77,0.0,SL,True,4044.27,0.0,SL,True,4040.77,0.0,SL,False,,,NO_ENTRY,True,4053.15,2.75,TP,False,,,NO_ENTRY,319.6,124.4,284.6,159.4,319.6,124.4,,,296.4,165.8,,
6492,4098.33,BUY,WICK_H4,H4,2026-07-31 00:00:00,1,3.5,2026-07-31 03:30:00,4094.83,35.0,45.4,0.0,,,,,,329.23,True,True,4094.83,0.0,SL,False,,,NO_ENTRY,False,,,NO_ENTRY,False,,,NO_ENTRY,False,,,NO_ENTRY,False,,,NO_ENTRY,66.2,230.4,,,,,,,,,,
6494,4090.29,BUY,WICK_H4,H4,2026-07-31 04:00:00,1,0.25,2026-07-31 04:15:00,4086.79,35.0,150.0,1.75,0.0,0.0,,,,326.9,True,True,4086.79,0.0,SL,True,4090.29,0.0,SL,True,4086.79,0.0,SL,False,,,NO_ENTRY,True,4079.84,3.0,SL,False,,,NO_ENTRY,81.1,150.0,46.1,185.0,81.1,150.0,,,74.6,220.7,,
6496,4071.79,BUY,WICK_H4,H4,2026-07-31 08:00:00,1,2.75,2026-07-31 10:45:00,4068.29,35.0,143.0,0.75,,,,,,327.34,True,True,4068.29,0.0,SL,False,,,NO_ENTRY,False,,,NO_ENTRY,False,,,NO_ENTRY,False,,,NO_ENTRY,False,,,NO_ENTRY,58.6,182.1,,,,,,,,,,
6498,4053.99,BUY,WICK_H4,H4,2026-07-31 12:00:00,1,0.5,2026-07-31 12:30:00,4050.49,35.0,298.1,4.5,0.25,0.0,1.5,,,320.71,True,True,4050.49,0.0,TP,True,4053.99,0.25,SL,True,4050.49,0.0,TP,True,4043.06,7.5,TP,True,4058.63,1.75,SL,True,4053.99,1.25,SL,104.0,281.6,69.0,321.6,104.0,281.6,388.9,17.5,22.6,379.5,69.0,333.1
6507,4051.87,BUY,WICK_H4,H4,2026-08-03 12:00:00,2,1.75,2026-08-03 13:45:00,4048.37,35.0,63.8,1.75,0.75,0.0,1.0,1.25,,295.19,True,True,4048.37,0.0,SL,True,4051.87,0.75,SL,True,4048.37,0.0,SL,False,,,NO_ENTRY,True,4062.33,1.0,SL,False,,,NO_ENTRY,160.3,295.2,125.3,330.2,160.3,295.2,,,20.7,434.8,,
6509,4041.99,BUY,WICK_H4,H4,2026-08-03 16:00:00,1,0.25,2026-08-03 16:15:00,4038.49,35.0,196.4,0.25,,,,,,298.84,True,True,4038.49,0.0,SL,False,,,NO_ENTRY,False,,,NO_ENTRY,False,,,NO_ENTRY,False,,,NO_ENTRY,False,,,NO_ENTRY,22.7,196.4,,,,,,,,,,
6522,4074.44,BUY,WICK_H4,H4,2026-08-05 00:00:00,1,2.25,2026-08-05 02:15:00,4070.94,35.0,57.0,0.0,1.0,0.5,1.0,,,286.4,True,True,4070.94,0.0,SL,True,4074.44,1.0,SL,True,4070.94,0.5,TP,False,,,NO_ENTRY,False,,,NO_ENTRY,False,,,NO_ENTRY,653.9,57.0,668.2,32.8,653.9,20.6,,,,,,
6537,4246.94,BUY,WICK_H4,H4,2026-08-06 12:00:00,1,4.25,2026-08-06 16:15:00,4243.44,35.0,202.2,3.0,0.0,0.0,0.25,0.25,,395.46,True,True,4243.44,0.0,SL,True,4246.94,0.0,SL,True,4243.44,0.0,SL,False,,,NO_ENTRY,False,,,NO_ENTRY,False,,,NO_ENTRY,317.5,202.2,282.5,237.2,317.5,202.2,,,,,,
6551,4327.28,BUY,WICK_H4,H4,2026-08-07 20:00:00,1,56.25,2026-08-10 04:15:00,4323.78,35.0,105.1,0.25,1.0,0.75,3.0,,,372.15,True,True,4323.78,0.0,SL,True,4327.28,1.0,SL,True,4323.78,0.75,SL,False,,,NO_ENTRY,True,4334.53,3.0,SL,False,,,NO_ENTRY,157.9,105.1,246.6,97.7,281.6,62.7,,,272.6,49.4,,
6556,4331.42,BUY,WICK_H4,H4,2026-08-10 12:00:00,2,3.25,2026-08-10 15:15:00,4327.92,35.0,39.5,0.0,0.5,0.25,,,,359.51,True,True,4327.92,0.0,SL,True,4331.42,0.5,SL,True,4327.92,0.25,TP,False,,,NO_ENTRY,False,,,NO_ENTRY,False,,,NO_ENTRY,367.1,113.9,332.1,148.9,367.1,113.9,,,,,,
6558,4323.97,BUY,WICK_H4,H4,2026-08-10 16:00:00,1,1.0,2026-08-10 17:00:00,4320.47,35.0,27.3,0.0,0.0,0.0,0.0,0.25,1.75,368.19,True,True,4320.47,0.0,SL,True,4323.97,0.0,SL,True,4320.47,0.0,SL,False,,,NO_ENTRY,True,4345.38,0.25,SL,False,,,NO_ENTRY,448.7,27.3,413.7,62.3,448.7,27.3,,,216.2,170.3,,
6566,4393.57,BUY,WICK_H4,H4,2026-08-11 08:00:00,1,0.5,2026-08-11 08:30:00,4390.07,35.0,335.8,2.0,,,,,,382.51,True,True,4390.07,0.0,SL,False,,,NO_ENTRY,False,,,NO_ENTRY,False,,,NO_ENTRY,False,,,NO_ENTRY,False,,,NO_ENTRY,21.2,335.8,,,,,,,,,,
6571,4368.98,BUY,WICK_H4,H4,2026-08-11 20:00:00,1,1.0,2026-08-11 21:00:00,4365.48,35.0,53.7,0.0,0.5,0.5,,,,367.76,True,True,4365.48,0.0,SL,True,4368.98,0.5,SL,True,4365.48,0.5,SL,False,,,NO_ENTRY,False,,,NO_ENTRY,False,,,NO_ENTRY,127.8,53.7,92.8,79.9,127.8,44.9,,,,,,
6586,4397.96,BUY,WICK_H4,H4,2026-08-13 04:00:00,1,3.25,2026-08-13 07:15:00,4394.46,35.0,21.7,0.0,0.0,0.0,,,,377.11,True,True,4394.46,0.0,TP,True,4397.96,0.0,SL,True,4394.46,0.0,TP,False,,,NO_ENTRY,False,,,NO_ENTRY,False,,,NO_ENTRY,125.9,306.5,90.9,341.5,125.9,306.5,,,,,,
6588,4391.43,BUY,WICK_H4,H4,2026-08-13 08:00:00,1,0.75,2026-08-13 08:45:00,4387.93,35.0,241.2,2.25,,,,,,381.06,True,True,4387.93,0.0,SL,False,,,NO_ENTRY,False,,,NO_ENTRY,False,,,NO_ENTRY,False,,,NO_ENTRY,False,,,NO_ENTRY,11.3,241.2,,,,,,,,,,
6591,4372.22,BUY,WICK_H4,H4,2026-08-13 16:00:00,1,1.0,2026-08-13 17:00:00,4368.72,35.0,176.8,2.25,0.5,0.0,0.0,,,384.47,True,True,4368.72,0.0,SL,True,4372.22,0.5,SL,True,4368.72,0.0,SL,False,,,NO_ENTRY,False,,,NO_ENTRY,False,,,NO_ENTRY,180.9,176.8,145.9,211.8,180.9,176.8,,,,,,
6592,4351.04,BUY,WICK_H4,H4,2026-08-13 20:00:00,1,2.25,2026-08-13 22:15:00,4347.54,35.0,39.6,0.0,0.0,0.0,,,,378.14,True,True,4347.54,0.0,SL,True,4351.04,0.0,SL,True,4347.54,0.0,SL,False,,,NO_ENTRY,False,,,NO_ENTRY,False,,,NO_ENTRY,164.1,81.7,129.1,116.7,164.1,81.7,,,,,,
6594,4343.58,BUY,WICK_H4,H4,2026-08-14 00:00:00,1,3.5,2026-08-14 03:30:00,4340.08,35.0,109.6,0.25,,0.25,,,,376.01,True,True,4340.08,0.0,SL,False,,,NO_ENTRY,True,4340.08,0.25,SL,False,,,NO_ENTRY,False,,,NO_ENTRY,False,,,NO_ENTRY,66.7,292.4,,,23.9,292.4,,,,,,
6596,4329.12,BUY,WICK_H4,H4,2026-08-14 04:00:00,1,0.25,2026-08-14 04:15:00,4325.62,35.0,147.8,0.75,,2.75,,,,370.86,True,True,4325.62,0.0,SL,False,,,NO_ENTRY,True,4325.62,2.75,SL,False,,,NO_ENTRY,False,,,NO_ENTRY,False,,,NO_ENTRY,25.0,147.8,,,221.7,147.7,,,,,,
6608,4386.8,BUY,WICK_H4,H4,2026-08-17 12:00:00,1,3.5,2026-08-17 15:30:00,4383.3,35.0,61.2,0.25,,0.25,,,,335.72,True,True,4383.3,0.0,SL,False,,,NO_ENTRY,True,4383.3,0.25,SL,False,,,NO_ENTRY,False,,,NO_ENTRY,False,,,NO_ENTRY,454.3,61.2,,,454.3,61.2,,,,,,
6615,4409.64,BUY,WICK_H4,H4,2026-08-18 04:00:00,1,1.0,2026-08-18 05:00:00,4406.14,35.0,174.3,2.5,,,,,,344.35,True,True,4406.14,0.0,SL,False,,,NO_ENTRY,False,,,NO_ENTRY,False,,,NO_ENTRY,False,,,NO_ENTRY,False,,,NO_ENTRY,19.3,202.0,,,,,,,,,,
6620,4386.8,BUY,WICK_H4,H4,2026-08-18 16:00:00,2,1.75,2026-08-18 17:45:00,4383.3,35.0,319.8,0.5,,,,,,335.09,True,True,4383.3,0.0,SL,False,,,NO_ENTRY,False,,,NO_ENTRY,False,,,NO_ENTRY,False,,,NO_ENTRY,False,,,NO_ENTRY,53.1,319.8,,,,,,,,,,
6622,4351.32,BUY,WICK_H4,H4,2026-08-18 20:00:00,1,2.75,2026-08-18 22:45:00,4347.82,35.0,188.8,1.0,,,,,,339.15,True,True,4347.82,0.0,SL,False,,,NO_ENTRY,False,,,NO_ENTRY,False,,,NO_ENTRY,False,,,NO_ENTRY,False,,,NO_ENTRY,51.4,209.0,,,,,,,,,,
6638,4484.4,BUY,WICK_H4,H4,2026-08-20 08:00:00,1,0.5,2026-08-20 08:30:00,4480.9,35.0,32.3,0.25,0.5,0.25,0.5,,,370.84,True,True,4480.9,0.0,SL,True,4484.4,0.5,SL,True,4480.9,0.25,SL,False,,,NO_ENTRY,True,4493.97,0.75,SL,False,,,NO_ENTRY,175.2,32.3,140.2,46.6,175.2,32.3,,,44.5,135.1,,
6640,4477.67,BUY,WICK_H4,H4,2026-08-20 12:00:00,1,2.75,2026-08-20 14:45:00,4474.17,35.0,237.5,0.25,,1.0,,,,375.86,True,True,4474.17,0.0,SL,False,,,NO_ENTRY,True,4474.17,1.0,SL,False,,,NO_ENTRY,False,,,NO_ENTRY,False,,,NO_ENTRY,666.3,237.5,,,666.3,103.6,,,,,,
6665,4639.72,BUY,WICK_H4,H4,2026-08-24 20:00:00,1,0.5,2026-08-24 20:30:00,4636.22,35.0,113.0,0.5,0.75,0.0,2.0,,,393.03,True,True,4636.22,0.0,SL,True,4639.72,0.75,SL,True,4636.22,0.0,SL,False,,,NO_ENTRY,True,4649.79,2.0,SL,True,4639.72,2.0,TP,252.0,113.0,369.8,146.8,252.0,113.0,,,467.4,98.1,568.1,-2.6
6669,4651.85,BUY,WICK_H4,H4,2026-08-25 04:00:00,1,1.25,2026-08-25 05:15:00,4648.35,35.0,302.4,0.5,0.0,0.0,,,,417.46,True,True,4648.35,0.0,SL,True,4651.85,0.0,SL,True,4648.35,0.0,SL,False,,,NO_ENTRY,False,,,NO_ENTRY,False,,,NO_ENTRY,83.1,302.4,48.1,337.4,83.1,302.4,,,,,,
6675,4623.91,BUY,WICK_H4,H4,2026-08-25 16:00:00,1,0.25,2026-08-25 16:15:00,4620.41,35.0,152.7,0.5,1.25,0.75,1.25,2.0,,408.98,True,True,4620.41,0.0,SL,True,4623.91,1.25,SL,True,4620.41,0.75,SL,False,,,NO_ENTRY,True,4655.98,2.25,SL,False,,,NO_ENTRY,390.0,152.7,355.0,106.6,390.0,71.6,,,118.3,219.4,,
