timestamp,open,high,low,close,tick_volume,spread,real_volume
2023.12.20 00:00:00,2039.75,2041.46,2037.53,2038.05,8033,26,0
2023.12.20 04:00:00,2037.98,2041.29,2036.60,2041.14,7984,26,0
2023.12.20 08:00:00,2041.16,2043.36,2039.50,2039.84,14305,26,0
2023.12.20 12:00:00,2039.84,2040.27,2029.47,2036.30,17914,26,0
2023.12.20 16:00:00,2036.31,2039.70,2030.33,2034.60,29006,26,0
2023.12.20 20:00:00,2034.60,2036.99,2027.32,2031.18,16558,26,0
2023.12.21 00:00:00,2031.15,2035.86,2031.15,2035.36,7193,28,0
2023.12.21 04:00:00,2035.33,2038.08,2034.77,2035.99,9654,26,0
2023.12.21 08:00:00,2036.08,2037.23,2033.83,2035.30,12461,26,0
2023.12.21 12:00:00,2035.29,2045.87,2031.91,2041.22,20693,26,0
2023.12.21 16:00:00,2041.23,2045.89,2036.56,2040.91,35547,26,0
2023.12.21 20:00:00,2040.90,2045.87,2037.41,2045.62,13356,26,0
2023.12.22 00:00:00,2045.34,2054.86,2045.34,2048.57,12078,26,0
2023.12.22 04:00:00,2048.59,2051.11,2047.02,2048.22,12883,26,0
2023.12.22 08:00:00,2048.17,2054.45,2046.93,2053.32,15375,26,0
2023.12.22 12:00:00,2053.32,2069.14,2053.28,2067.14,24994,26,0
2023.12.22 16:00:00,2067.16,2070.46,2050.99,2055.32,32036,26,0
2023.12.22 20:00:00,2055.35,2057.93,2051.60,2052.94,12992,26,0
2023.12.26 00:00:00,2052.96,2063.96,2052.34,2063.29,6314,26,0
2023.12.26 04:00:00,2063.31,2064.99,2061.22,2062.65,7781,26,0
2023.12.26 08:00:00,2062.63,2064.94,2060.41,2061.76,8117,26,0
2023.12.26 12:00:00,2061.75,2064.00,2058.67,2058.67,9790,26,0
2023.12.26 16:00:00,2058.56,2061.77,2054.38,2057.60,17305,26,0
2023.12.26 20:00:00,2057.62,2068.91,2057.20,2067.61,10915,26,0
2023.12.27 00:00:00,2067.75,2068.31,2063.84,2066.60,7876,26,0
2023.12.27 04:00:00,2066.62,2067.12,2063.95,2064.54,8667,26,0
2023.12.27 08:00:00,2064.54,2069.16,2064.26,2068.21,12364,26,0
2023.12.27 12:00:00,2068.22,2070.17,2061.35,2068.16,15280,26,0
2023.12.27 16:00:00,2068.24,2082.39,2066.46,2081.76,23669,26,0
2023.12.27 20:00:00,2081.79,2084.33,2075.78,2077.47,11296,26,0
2023.12.28 00:00:00,2077.25,2087.64,2076.66,2086.87,8536,26,0
2023.12.28 04:00:00,2086.87,2088.31,2084.52,2085.71,11615,26,0
2023.12.28 08:00:00,2085.68,2087.41,2072.58,2076.90,18543,26,0
2023.12.28 12:00:00,2076.86,2079.15,2071.18,2072.83,17154,26,0
2023.12.28 16:00:00,2072.94,2081.04,2071.95,2074.66,27426,26,0
2023.12.28 20:00:00,2074.72,2075.34,2064.50,2065.24,12911,26,0
2023.12.29 00:00:00,2065.63,2071.26,2065.55,2070.60,8505,30,0
2023.12.29 04:00:00,2070.53,2072.19,2067.61,2072.12,9057,26,0
2023.12.29 08:00:00,2071.97,2074.64,2065.31,2065.47,13017,26,0
2023.12.29 12:00:00,2065.44,2068.78,2058.08,2059.04,18166,26,0
2023.12.29 16:00:00,2059.06,2068.03,2058.36,2066.51,32181,26,0
2023.12.29 20:00:00,2066.42,2067.73,2061.04,2062.71,12632,26,0
2024.01.02 00:00:00,2062.73,2069.69,2062.20,2066.43,9531,26,0
2024.01.02 04:00:00,2066.42,2074.86,2063.85,2074.41,9941,26,0
2024.01.02 08:00:00,2074.48,2078.82,2071.69,2076.95,19109,26,0
2024.01.02 12:00:00,2076.94,2077.67,2064.74,2066.19,23785,26,0
2024.01.02 16:00:00,2066.29,2070.62,2055.72,2062.57,36364,26,0
2024.01.02 20:00:00,2062.57,2064.82,2057.87,2058.86,10128,26,0
2024.01.03 00:00:00,2058.43,2062.46,2058.36,2062.34,7894,26,0
2024.01.03 04:00:00,2062.38,2065.87,2061.47,2064.02,8841,26,0
2024.01.03 08:00:00,2064.02,2065.34,2054.10,2056.69,17455,26,0
2024.01.03 12:00:00,2056.70,2057.08,2038.61,2040.93,26436,26,0
2024.01.03 16:00:00,2040.93,2048.64,2030.56,2033.24,44097,26,0
2024.01.03 20:00:00,2033.24,2042.23,2030.53,2041.29,21455,26,0
2024.01.04 00:00:00,2040.86,2043.68,2039.99,2042.12,8656,26,0
2024.01.04 04:00:00,2042.09,2046.85,2042.08,2043.68,11190,26,0
2024.01.04 08:00:00,2043.67,2050.80,2043.54,2047.94,20352,26,0
2024.01.04 12:00:00,2047.90,2050.69,2038.67,2040.13,21445,26,0
2024.01.04 16:00:00,2040.17,2047.66,2036.12,2043.17,30626,26,0
2024.01.04 20:00:00,2043.18,2044.74,2041.44,2043.21,8730,26,0
2024.01.05 00:00:00,2043.28,2048.12,2042.58,2046.01,8705,26,0
2024.01.05 04:00:00,2046.02,2047.75,2043.04,2044.37,8507,26,0
2024.01.05 08:00:00,2044.36,2046.88,2038.28,2038.79,17283,26,0
2024.01.05 12:00:00,2038.86,2041.83,2024.35,2039.79,25686,26,0
2024.01.05 16:00:00,2039.85,2063.89,2038.64,2041.89,54570,26,0
2024.01.05 20:00:00,2041.88,2050.25,2040.41,2045.41,15228,26,0
2024.01.08 00:00:00,2043.85,2046.45,2042.72,2043.62,7575,26,0
2024.01.08 04:00:00,2043.57,2043.66,2026.89,2030.66,14738,26,0
2024.01.08 08:00:00,2030.55,2033.17,2026.42,2029.00,21477,26,0
2024.01.08 12:00:00,2028.99,2029.39,2016.68,2018.84,24596,26,0
2024.01.08 16:00:00,2018.85,2036.77,2018.39,2027.52,32909,26,0
2024.01.08 20:00:00,2027.49,2029.72,2025.99,2027.86,10288,26,0
2024.01.09 00:00:00,2027.47,2035.50,2027.28,2032.13,9127,29,0
2024.01.09 04:00:00,2032.13,2035.75,2030.21,2032.68,10737,26,0
2024.01.09 08:00:00,2032.67,2038.11,2031.10,2035.34,18595,26,0
2024.01.09 12:00:00,2035.40,2041.81,2031.58,2038.58,20579,26,0
2024.01.09 16:00:00,2038.54,2039.99,2025.90,2027.61,34183,26,0
2024.01.09 20:00:00,2027.59,2031.01,2026.71,2030.08,11729,26,0
2024.01.10 00:00:00,2029.88,2032.34,2027.12,2031.69,9142,26,0
2024.01.10 04:00:00,2031.64,2032.75,2025.35,2026.47,11721,26,0
2024.01.10 08:00:00,2026.48,2036.03,2023.76,2035.61,20598,26,0
2024.01.10 12:00:00,2035.58,2040.10,2029.91,2030.19,19668,26,0
2024.01.10 16:00:00,2030.18,2033.50,2022.01,2023.94,31931,26,0
2024.01.10 20:00:00,2023.91,2024.94,2020.32,2024.21,15431,26,0
2024.01.11 00:00:00,2023.81,2030.25,2023.10,2029.58,8348,26,0
2024.01.11 04:00:00,2029.56,2034.55,2028.66,2032.82,10607,26,0
2024.01.11 08:00:00,2032.82,2035.52,2030.04,2031.21,16226,26,0
2024.01.11 12:00:00,2031.21,2046.62,2024.99,2029.31,25158,26,0
2024.01.11 16:00:00,2029.40,2034.81,2013.18,2014.28,57058,26,0
2024.01.11 20:00:00,2014.22,2029.58,2013.74,2028.51,20491,26,0
2024.01.12 00:00:00,2028.21,2035.42,2028.21,2033.70,14037,26,0
2024.01.12 04:00:00,2033.71,2036.97,2032.73,2035.86,14253,26,0
2024.01.12 08:00:00,2035.81,2039.96,2034.07,2037.99,17731,26,0
2024.01.12 12:00:00,2038.00,2056.51,2037.90,2056.06,31503,26,0
2024.01.12 16:00:00,2056.05,2062.08,2041.32,2043.79,48090,26,0
2024.01.12 20:00:00,2043.80,2049.07,2042.88,2048.86,13777,26,0
2024.01.15 00:00:00,2047.40,2051.26,2045.69,2050.91,9160,26,0
2024.01.15 04:00:00,2050.96,2057.99,2049.74,2054.99,13414,26,0
2024.01.15 08:00:00,2054.99,2058.49,2052.71,2054.88,15423,26,0
2024.01.15 12:00:00,2054.96,2055.00,2051.23,2054.11,13212,27,0
2024.01.15 16:00:00,2054.12,2056.24,2049.12,2055.22,13434,27,0
2024.01.15 20:00:00,2055.27,2055.33,2053.48,2053.96,617,27,0
2024.01.16 00:00:00,2054.50,2055.41,2049.81,2050.70,11220,27,0
2024.01.16 04:00:00,2050.64,2051.50,2047.46,2048.45,12674,27,0
2024.01.16 08:00:00,2048.44,2050.74,2038.55,2041.09,24358,27,0
2024.01.16 12:00:00,2041.07,2044.89,2031.23,2037.50,28755,27,0
2024.01.16 16:00:00,2037.44,2042.61,2024.82,2025.19,46938,27,0
2024.01.16 20:00:00,2025.22,2030.04,2024.14,2028.13,14734,27,0
2024.01.17 00:00:00,2027.52,2030.60,2025.55,2030.15,9875,27,0
2024.01.17 04:00:00,2030.14,2032.84,2019.21,2020.56,15983,27,0
2024.01.17 08:00:00,2020.57,2026.43,2017.54,2023.73,22454,27,0
2024.01.17 12:00:00,2023.51,2028.89,2018.79,2022.34,26376,27,0
2024.01.17 16:00:00,2022.27,2022.97,2003.25,2006.96,40270,27,0
2024.01.17 20:00:00,2007.00,2007.10,2001.70,2006.07,14864,27,0
2024.01.18 00:00:00,2004.94,2011.90,2004.94,2011.42,9942,27,0
2024.01.18 04:00:00,2011.40,2011.73,2005.62,2009.11,11097,27,0
2024.01.18 08:00:00,2009.14,2013.98,2008.04,2010.03,18356,27,0
2024.01.18 12:00:00,2010.03,2017.13,2007.15,2008.92,22142,27,0
2024.01.18 16:00:00,2008.98,2017.63,2008.91,2016.22,33318,27,0
2024.01.18 20:00:00,2016.31,2023.21,2015.44,2022.88,12923,27,0
2024.01.19 00:00:00,2023.30,2025.38,2020.98,2023.85,9567,27,0
2024.01.19 04:00:00,2023.80,2024.88,2020.22,2021.43,9672,27,0
2024.01.19 08:00:00,2021.41,2030.76,2020.69,2029.67,16496,27,0
2024.01.19 12:00:00,2029.71,2039.22,2028.64,2035.19,18305,27,0
2024.01.19 16:00:00,2035.19,2035.67,2023.02,2028.95,34822,27,0
2024.01.19 20:00:00,2028.97,2029.87,2026.32,2029.37,9894,27,0
2024.01.22 00:00:00,2028.68,2032.01,2025.35,2028.98,10306,27,0
2024.01.22 04:00:00,2029.07,2029.91,2021.67,2023.05,12042,27,0
2024.01.22 08:00:00,2023.04,2026.19,2019.00,2021.58,19625,27,0
2024.01.22 12:00:00,2021.50,2030.03,2020.95,2023.05,21086,27,0
2024.01.22 16:00:00,2023.06,2026.42,2016.33,2021.39,28957,27,0
2024.01.22 20:00:00,2021.39,2021.74,2018.96,2021.55,10570,27,0
2024.01.23 00:00:00,2021.59,2023.04,2019.45,2021.62,7516,28,0
2024.01.23 04:00:00,2021.57,2031.55,2020.65,2030.70,15859,27,0
2024.01.23 08:00:00,2030.71,2037.73,2026.92,2028.59,24126,27,0
2024.01.23 12:00:00,2028.48,2030.17,2022.27,2024.80,19865,27,0
2024.01.23 16:00:00,2024.79,2027.61,2021.25,2024.18,28095,27,0
2024.01.23 20:00:00,2024.19,2030.55,2022.84,2029.09,11058,27,0
2024.01.24 00:00:00,2028.61,2029.41,2026.29,2027.09,8132,32,0
2024.01.24 04:00:00,2027.09,2027.38,2022.66,2024.35,11109,27,0
2024.01.24 08:00:00,2024.37,2033.94,2023.56,2030.73,20977,27,0
2024.01.24 12:00:00,2030.70,2036.50,2029.20,2033.82,22267,27,0
2024.01.24 16:00:00,2033.81,2034.57,2011.73,2019.12,37420,27,0
2024.01.24 20:00:00,2019.11,2019.70,2011.05,2013.45,16594,27,0
2024.01.25 00:00:00,2014.15,2017.45,2014.05,2016.29,11409,27,0
2024.01.25 04:00:00,2016.30,2016.79,2014.43,2015.44,10674,27,0
2024.01.25 08:00:00,2015.49,2018.20,2012.51,2017.73,16780,27,0
2024.01.25 12:00:00,2017.72,2023.02,2009.03,2019.26,24011,27,0
2024.01.25 16:00:00,2019.26,2025.23,2012.35,2014.80,40885,27,0
2024.01.25 20:00:00,2014.80,2020.79,2013.24,2020.67,14938,27,0
2024.01.26 00:00:00,2019.83,2024.04,2017.96,2021.73,8111,27,0
2024.01.26 04:00:00,2021.75,2023.71,2020.91,2022.94,7429,30,0
2024.01.26 08:00:00,2022.96,2023.30,2018.07,2020.73,14515,27,0
2024.01.26 12:00:00,2020.70,2026.63,2018.57,2024.56,19829,27,0
2024.01.26 16:00:00,2024.50,2025.97,2015.84,2016.55,26408,27,0
2024.01.26 20:00:00,2016.51,2019.16,2015.96,2018.32,7948,27,0
2024.01.29 00:00:00,2023.60,2028.38,2019.18,2023.07,9679,27,0
2024.01.29 04:00:00,2023.13,2027.49,2021.41,2025.34,7745,27,0
2024.01.29 08:00:00,2025.30,2033.68,2024.73,2028.23,14979,27,0
2024.01.29 12:00:00,2028.23,2037.43,2025.33,2036.75,14889,27,0
2024.01.29 16:00:00,2036.77,2037.15,2020.43,2029.22,23455,27,0
2024.01.29 20:00:00,2029.20,2035.15,2024.95,2032.68,13429,27,0
2024.01.30 00:00:00,2032.83,2033.97,2029.17,2030.90,7256,29,0
2024.01.30 04:00:00,2030.72,2033.18,2029.67,2031.99,7526,27,0
2024.01.30 08:00:00,2032.00,2040.21,2031.94,2035.63,16613,27,0
2024.01.30 12:00:00,2035.69,2037.83,2031.14,2037.67,17066,27,0
2024.01.30 16:00:00,2037.61,2048.48,2028.95,2033.89,37737,27,0
2024.01.30 20:00:00,2033.81,2036.95,2031.42,2036.77,8842,27,0
2024.01.31 00:00:00,2036.87,2038.57,2034.43,2034.54,6471,27,0
2024.01.31 04:00:00,2034.54,2035.06,2032.68,2035.00,6981,27,0
2024.01.31 08:00:00,2035.07,2040.33,2033.47,2038.08,14998,27,0
2024.01.31 12:00:00,2038.08,2043.06,2035.90,2041.80,19009,27,0
2024.01.31 16:00:00,2041.80,2055.89,2040.63,2049.48,39921,27,0
2024.01.31 20:00:00,2049.39,2050.62,2030.70,2039.03,42576,27,0
2024.02.01 00:00:00,2039.36,2042.60,2038.18,2041.26,8936,27,0
2024.02.01 04:00:00,2041.22,2049.53,2041.11,2044.42,11501,27,0
2024.02.01 08:00:00,2044.41,2044.80,2038.90,2040.98,18926,27,0
2024.02.01 12:00:00,2041.00,2042.08,2029.91,2039.96,29547,27,0
2024.02.01 16:00:00,2039.98,2065.28,2039.85,2054.26,52223,27,0
2024.02.01 20:00:00,2054.27,2058.55,2052.04,2054.78,17078,27,0
2024.02.02 00:00:00,2054.48,2056.75,2052.73,2054.63,7039,27,0
2024.02.02 04:00:00,2054.64,2056.47,2051.81,2055.42,9542,27,0
2024.02.02 08:00:00,2055.45,2056.81,2052.59,2052.95,14552,27,0
2024.02.02 12:00:00,2052.95,2057.54,2029.50,2031.61,24566,27,0
2024.02.02 16:00:00,2031.60,2037.39,2027.75,2035.13,44478,27,0
2024.02.02 20:00:00,2035.04,2039.57,2034.32,2039.48,13590,27,0
2024.02.05 00:00:00,2039.51,2042.02,2033.41,2037.90,12617,27,0
2024.02.05 04:00:00,2037.87,2038.60,2028.80,2029.65,14712,27,0
2024.02.05 08:00:00,2029.63,2031.38,2020.54,2022.58,19603,27,0
2024.02.05 12:00:00,2022.56,2028.23,2014.85,2015.81,21340,27,0
2024.02.05 16:00:00,2015.82,2026.34,2014.77,2025.51,34198,27,0
2024.02.05 20:00:00,2025.56,2027.38,2023.87,2024.90,11284,27,0
2024.02.06 00:00:00,2024.85,2028.42,2023.55,2027.13,6280,29,0
2024.02.06 04:00:00,2027.13,2029.70,2023.35,2029.37,9839,27,0
2024.02.06 08:00:00,2029.35,2029.54,2022.75,2023.48,13811,27,0
2024.02.06 12:00:00,2023.47,2030.83,2022.83,2029.14,19630,27,0
2024.02.06 16:00:00,2029.04,2038.77,2026.80,2036.92,36167,27,0
2024.02.06 20:00:00,2036.86,2038.12,2033.71,2035.73,12330,27,0
2024.02.07 00:00:00,2035.62,2036.08,2034.12,2034.96,6301,29,0
2024.02.07 04:00:00,2034.94,2035.41,2033.15,2033.28,9210,27,0
2024.02.07 08:00:00,2033.20,2036.02,2031.11,2034.22,12793,27,0
2024.02.07 12:00:00,2034.22,2036.51,2030.46,2036.05,15841,27,0
2024.02.07 16:00:00,2036.03,2044.40,2032.56,2035.47,33812,27,0
2024.02.07 20:00:00,2035.49,2037.11,2033.58,2034.97,9723,27,0
2024.02.08 00:00:00,2034.98,2037.99,2034.53,2037.18,5374,27,0
2024.02.08 04:00:00,2037.18,2038.56,2031.01,2033.34,8587,27,0
2024.02.08 08:00:00,2033.37,2035.88,2028.80,2035.25,13331,27,0
2024.02.08 12:00:00,2035.43,2038.35,2020.78,2020.93,24688,27,0
2024.02.08 16:00:00,2020.75,2033.97,2020.03,2031.60,31108,27,0
2024.02.08 20:00:00,2031.60,2035.22,2031.03,2034.16,10547,27,0
2024.02.09 00:00:00,2034.38,2034.96,2031.85,2034.12,4886,27,0
2024.02.09 04:00:00,2034.18,2035.02,2032.03,2032.72,4887,27,0
2024.02.09 08:00:00,2032.77,2034.84,2030.42,2031.46,11301,27,0
2024.02.09 12:00:00,2031.44,2037.04,2025.46,2026.91,20442,27,0
2024.02.09 16:00:00,2026.97,2030.55,2020.17,2024.57,29939,27,0
2024.02.09 20:00:00,2024.54,2026.16,2022.68,2024.10,8810,27,0
2024.02.12 00:00:00,2023.06,2026.79,2023.06,2023.41,3996,27,0
2024.02.12 04:00:00,2023.40,2024.02,2021.70,2023.71,4408,28,0
2024.02.12 08:00:00,2023.72,2027.14,2020.26,2020.64,11824,27,0
2024.02.12 12:00:00,2020.63,2027.46,2018.44,2018.93,16697,27,0
2024.02.12 16:00:00,2018.94,2020.31,2011.77,2019.28,26214,27,0
2024.02.12 20:00:00,2019.27,2021.45,2017.67,2019.83,9065,27,0
2024.02.13 00:00:00,2019.78,2021.04,2018.13,2020.20,3691,28,0
2024.02.13 04:00:00,2020.21,2021.50,2016.72,2020.60,5256,27,0
2024.02.13 08:00:00,2020.63,2026.78,2020.59,2026.59,11082,27,0
2024.02.13 12:00:00,2026.58,2032.83,2002.89,2004.24,22545,27,0
2024.02.13 16:00:00,2004.24,2005.78,1990.02,1993.57,39161,27,0
2024.02.13 20:00:00,1993.65,1995.64,1991.15,1992.85,9296,27,0
2024.02.14 00:00:00,1993.12,1993.21,1988.76,1992.73,5750,27,0
2024.02.14 04:00:00,1992.72,1993.43,1991.02,1992.84,5653,27,0
2024.02.14 08:00:00,1992.85,1992.90,1985.86,1991.10,15101,27,0
2024.02.14 12:00:00,1991.08,1993.23,1988.60,1989.02,17370,27,0
2024.02.14 16:00:00,1989.00,1995.19,1984.08,1994.27,30688,27,0
2024.02.14 20:00:00,1994.28,1996.04,1989.52,1992.04,8557,27,0
2024.02.15 00:00:00,1991.76,1994.25,1991.66,1992.45,5292,27,0
2024.02.15 04:00:00,1992.39,1993.43,1990.15,1991.86,5459,27,0
2024.02.15 08:00:00,1991.89,1996.73,1991.39,1996.24,11218,27,0
2024.02.15 12:00:00,1996.21,2004.15,1995.57,2003.64,19428,27,0
2024.02.15 16:00:00,2003.65,2008.23,1998.32,2003.55,33659,27,0
2024.02.15 20:00:00,2003.53,2006.34,2002.64,2004.24,8556,27,0
2024.02.16 00:00:00,2004.07,2005.54,2002.24,2005.41,4254,27,0
2024.02.16 04:00:00,2005.35,2005.50,2003.12,2004.38,5892,28,0
2024.02.16 08:00:00,2004.37,2006.36,2002.59,2004.97,10429,27,0
2024.02.16 12:00:00,2004.95,2007.92,1994.95,2001.35,18932,27,0
2024.02.16 16:00:00,2001.36,2014.35,1995.20,2013.25,35135,27,0
2024.02.16 20:00:00,2013.29,2015.02,2011.01,2013.29,9447,27,0
2024.02.19 00:00:00,2013.96,2020.66,2010.88,2019.66,9867,27,0
2024.02.19 04:00:00,2019.65,2022.76,2018.12,2020.60,6909,27,0
2024.02.19 08:00:00,2020.61,2022.84,2018.90,2020.06,9636,27,0
2024.02.19 12:00:00,2020.04,2020.45,2015.89,2016.70,10154,27,0
2024.02.19 16:00:00,2016.70,2018.36,2013.13,2017.26,8063,27,0
2024.02.19 20:00:00,2017.22,2018.33,2016.74,2017.97,916,29,0
2024.02.20 00:00:00,2017.92,2019.11,2014.86,2016.83,6106,27,0
2024.02.20 04:00:00,2016.82,2019.60,2016.66,2018.41,6098,27,0
2024.02.20 08:00:00,2018.40,2025.03,2017.64,2023.87,12892,27,0
2024.02.20 12:00:00,2023.86,2030.74,2023.44,2029.93,19169,27,0
2024.02.20 16:00:00,2029.96,2030.82,2025.36,2028.62,21892,27,0
2024.02.20 20:00:00,2028.62,2028.83,2023.42,2024.07,7309,27,0
2024.02.21 00:00:00,2024.00,2025.96,2022.77,2025.28,4624,27,0
2024.02.21 04:00:00,2025.27,2032.09,2025.26,2030.82,7413,27,0
2024.02.21 08:00:00,2030.85,2031.12,2025.85,2027.98,11079,27,0
2024.02.21 12:00:00,2027.96,2031.43,2027.25,2028.65,13254,27,0
2024.02.21 16:00:00,2028.65,2030.21,2021.33,2024.11,22424,27,0
2024.02.21 20:00:00,2024.20,2026.90,2019.92,2025.83,14111,27,0
2024.02.22 00:00:00,2026.08,2028.43,2024.89,2026.88,5624,28,0
2024.02.22 04:00:00,2026.85,2029.88,2025.42,2028.33,6091,27,0
2024.02.22 08:00:00,2028.26,2034.79,2028.22,2030.19,14639,27,0
2024.02.22 12:00:00,2030.19,2031.08,2022.56,2025.50,17001,27,0
2024.02.22 16:00:00,2025.52,2026.61,2019.61,2022.81,27425,27,0
2024.02.22 20:00:00,2022.85,2024.85,2019.47,2024.24,7653,28,0
2024.02.23 00:00:00,2023.73,2027.08,2022.62,2026.71,5462,27,0
2024.02.23 04:00:00,2026.73,2027.28,2022.03,2022.23,5487,27,0
2024.02.23 08:00:00,2022.25,2022.53,2015.95,2016.63,12282,27,0
2024.02.23 12:00:00,2016.65,2029.09,2016.48,2025.22,17670,27,0
2024.02.23 16:00:00,2025.18,2039.71,2024.03,2037.77,26142,27,0
2024.02.23 20:00:00,2037.76,2041.22,2034.96,2035.30,7977,27,0
2024.02.26 00:00:00,2033.45,2034.77,2029.73,2031.15,7664,27,0
2024.02.26 04:00:00,2031.14,2034.17,2030.50,2032.96,6003,27,0
2024.02.26 08:00:00,2032.95,2036.85,2031.76,2032.98,14549,27,0
2024.02.26 12:00:00,2032.95,2035.34,2030.61,2032.51,19370,27,0
2024.02.26 16:00:00,2032.47,2032.77,2024.96,2028.61,22951,27,0
2024.02.26 20:00:00,2028.53,2033.55,2028.07,2030.95,8687,27,0
2024.02.27 00:00:00,2030.89,2033.69,2030.42,2033.53,5112,27,0
2024.02.27 04:00:00,2033.54,2034.49,2032.22,2033.48,5627,27,0
2024.02.27 08:00:00,2033.52,2039.33,2033.16,2036.51,13478,27,0
2024.02.27 12:00:00,2036.53,2039.03,2034.46,2035.37,18922,27,0
2024.02.27 16:00:00,2035.30,2037.15,2029.57,2032.16,24683,27,0
2024.02.27 20:00:00,2032.20,2035.96,2028.67,2030.12,9298,27,0
2024.02.28 00:00:00,2030.39,2033.65,2028.91,2033.32,5570,27,0
2024.02.28 04:00:00,2033.30,2033.50,2029.67,2030.86,6880,27,0
2024.02.28 08:00:00,2030.86,2031.95,2024.69,2024.70,13338,27,0
2024.02.28 12:00:00,2024.71,2035.99,2024.34,2035.68,20120,27,0
2024.02.28 16:00:00,2035.71,2037.82,2030.30,2033.68,23021,27,0
2024.02.28 20:00:00,2033.75,2035.13,2030.75,2034.30,7801,27,0
2024.02.29 00:00:00,2033.81,2036.43,2033.58,2036.28,5374,27,0
2024.02.29 04:00:00,2036.32,2036.98,2034.26,2035.48,7963,27,0
2024.02.29 08:00:00,2035.48,2037.73,2033.90,2034.46,13830,27,0
2024.02.29 12:00:00,2034.46,2048.57,2027.95,2047.53,25203,27,0
2024.02.29 16:00:00,2047.50,2050.57,2043.16,2045.58,34387,27,0
2024.02.29 20:00:00,2045.53,2046.77,2042.75,2043.95,10266,27,0
2024.03.01 00:00:00,2043.37,2044.60,2042.70,2044.21,6099,27,0
2024.03.01 04:00:00,2044.20,2046.72,2043.27,2044.94,6915,27,0
2024.03.01 08:00:00,2044.97,2048.69,2038.93,2046.29,18112,27,0
2024.03.01 12:00:00,2046.30,2057.36,2045.82,2051.44,26072,27,0
2024.03.01 16:00:00,2051.49,2085.54,2045.50,2084.68,49676,27,0
2024.03.01 20:00:00,2084.69,2088.16,2082.08,2082.85,17168,27,0
2024.03.04 00:00:00,2082.37,2086.03,2079.34,2080.10,10462,27,0
2024.03.04 04:00:00,2080.08,2083.36,2079.73,2081.42,6598,27,0
2024.03.04 08:00:00,2081.42,2088.16,2080.93,2085.05,16896,27,0
2024.03.04 12:00:00,2085.05,2093.08,2080.99,2091.48,20294,27,0
2024.03.04 16:00:00,2091.57,2119.78,2090.33,2116.35,48203,27,0
2024.03.04 20:00:00,2116.34,2118.40,2113.22,2114.20,14470,27,0
2024.03.05 00:00:00,2114.11,2116.71,2110.33,2112.52,9661,27,0
2024.03.05 04:00:00,2112.51,2119.59,2111.16,2119.14,10645,27,0
2024.03.05 08:00:00,2119.13,2125.16,2113.88,2124.42,21696,27,0
2024.03.05 12:00:00,2124.38,2141.62,2121.03,2127.61,32155,27,0
2024.03.05 16:00:00,2127.63,2139.45,2123.55,2130.80,50540,27,0
2024.03.05 20:00:00,2130.79,2134.60,2126.93,2127.71,15613,27,0
2024.03.06 00:00:00,2127.82,2128.32,2124.98,2125.39,8746,27,0
2024.03.06 04:00:00,2125.38,2127.85,2123.49,2125.17,9635,27,0
2024.03.06 08:00:00,2125.18,2131.38,2124.21,2128.51,17598,27,0
2024.03.06 12:00:00,2128.49,2139.51,2124.54,2139.29,27344,27,0
2024.03.06 16:00:00,2139.23,2149.92,2131.79,2144.66,54078,27,0
2024.03.06 20:00:00,2144.66,2152.08,2139.31,2148.01,24005,27,0
2024.03.07 00:00:00,2148.12,2151.37,2144.09,2146.11,12582,27,0
2024.03.07 04:00:00,2146.14,2161.32,2145.52,2154.35,19119,27,0
2024.03.07 08:00:00,2154.31,2159.65,2151.44,2157.52,24606,27,0
2024.03.07 12:00:00,2157.53,2164.63,2153.12,2159.42,28842,27,0
2024.03.07 16:00:00,2159.42,2159.67,2147.83,2158.11,44245,27,0
2024.03.07 20:00:00,2158.11,2160.75,2155.96,2159.78,11937,27,0
2024.03.08 00:00:00,2159.20,2163.40,2157.56,2157.69,9710,27,0
2024.03.08 04:00:00,2157.67,2159.05,2153.89,2157.64,12280,27,0
2024.03.08 08:00:00,2157.63,2170.93,2156.33,2168.92,23800,27,0
2024.03.08 12:00:00,2168.92,2185.28,2155.81,2170.98,32725,27,0
2024.03.08 16:00:00,2170.98,2195.01,2163.61,2184.83,54327,27,0
2024.03.08 20:00:00,2184.81,2184.87,2168.20,2178.45,20600,27,0
2024.03.11 00:00:00,2179.22,2188.86,2177.07,2180.08,16056,27,0
2024.03.11 04:00:00,2180.07,2181.53,2176.72,2177.84,12885,30,0
2024.03.11 08:00:00,2177.84,2183.00,2175.82,2180.36,21955,27,0
2024.03.11 12:00:00,2180.34,2184.96,2174.70,2181.62,28009,27,0
2024.03.11 16:00:00,2181.67,2185.56,2175.44,2179.52,34898,27,0
2024.03.11 20:00:00,2179.61,2184.03,2177.09,2182.65,9973,27,0
2024.03.12 00:00:00,2182.50,2184.66,2179.88,2182.65,11607,27,0
2024.03.12 04:00:00,2182.66,2182.76,2174.05,2176.03,12848,27,0
2024.03.12 08:00:00,2176.01,2178.97,2173.46,2176.85,19146,27,0
2024.03.12 12:00:00,2176.87,2181.97,2156.07,2160.33,49506,27,0
2024.03.12 16:00:00,2160.35,2166.46,2152.50,2154.88,39775,27,0
2024.03.12 20:00:00,2154.84,2158.90,2150.48,2158.17,11326,27,0
2024.03.13 00:00:00,2158.24,2161.32,2155.67,2158.48,12629,27,0
2024.03.13 04:00:00,2158.45,2161.43,2157.15,2160.03,11297,27,0
2024.03.13 08:00:00,2159.97,2161.43,2157.41,2158.40,16683,27,0
2024.03.13 12:00:00,2158.40,2171.47,2157.96,2165.91,29829,27,0
2024.03.13 16:00:00,2165.94,2179.73,2163.37,2174.40,38530,27,0
2024.03.13 20:00:00,2174.41,2176.43,2171.62,2174.13,10205,27,0
2024.03.14 00:00:00,2173.85,2176.86,2173.13,2174.63,10231,27,0
2024.03.14 04:00:00,2174.63,2175.29,2168.50,2168.70,11560,27,0
2024.03.14 08:00:00,2168.79,2171.88,2167.31,2169.91,17028,27,0
2024.03.14 12:00:00,2169.91,2170.78,2158.41,2162.36,37458,27,0
2024.03.14 16:00:00,2162.33,2164.92,2152.63,2160.09,38815,27,0
2024.03.14 20:00:00,2160.08,2163.79,2160.08,2162.04,6934,27,0
2024.03.15 00:00:00,2162.07,2165.81,2160.50,2162.56,9068,27,0
2024.03.15 04:00:00,2162.56,2169.10,2161.47,2169.02,12168,27,0
2024.03.15 08:00:00,2169.07,2172.59,2165.19,2171.73,20993,27,0
2024.03.15 12:00:00,2171.74,2172.55,2156.37,2159.93,30385,27,0
2024.03.15 16:00:00,2159.97,2166.56,2155.05,2156.67,34505,27,0
2024.03.15 20:00:00,2156.69,2160.21,2155.26,2155.94,6210,27,0
2024.03.18 00:00:00,2155.06,2157.44,2150.06,2152.20,14027,27,0
2024.03.18 04:00:00,2152.19,2153.38,2145.99,2146.92,12446,27,0
2024.03.18 08:00:00,2146.92,2155.80,2146.59,2154.73,17058,27,0
2024.03.18 12:00:00,2154.78,2163.44,2154.51,2156.60,28865,27,0
2024.03.18 16:00:00,2156.57,2161.21,2154.46,2159.87,28552,27,0
2024.03.18 20:00:00,2159.87,2160.87,2159.01,2160.18,7202,27,0
2024.03.19 00:00:00,2160.21,2162.71,2158.48,2160.41,9955,27,0
2024.03.19 04:00:00,2160.41,2162.72,2156.95,2157.55,15827,27,0
2024.03.19 08:00:00,2157.51,2157.66,2147.01,2153.15,25610,27,0
2024.03.19 12:00:00,2153.15,2158.58,2150.35,2151.08,29668,27,0
2024.03.19 16:00:00,2151.10,2157.25,2148.29,2156.75,28254,27,0
2024.03.19 20:00:00,2156.76,2158.40,2155.37,2157.46,7103,27,0
2024.03.20 00:00:00,2157.74,2159.91,2155.09,2158.59,8138,27,0
2024.03.20 04:00:00,2158.59,2160.07,2156.46,2157.32,9002,27,0
2024.03.20 08:00:00,2157.27,2159.38,2152.98,2154.63,14283,27,0
2024.03.20 12:00:00,2154.63,2158.55,2149.49,2157.81,24342,27,0
2024.03.20 16:00:00,2157.79,2164.74,2154.52,2156.96,27411,27,0
2024.03.20 20:00:00,2157.00,2188.71,2156.59,2186.08,43310,27,0
2024.03.21 00:00:00,2186.21,2222.61,2186.21,2204.72,33838,27,0
2024.03.21 04:00:00,2204.72,2206.19,2201.63,2204.80,15889,27,0
2024.03.21 08:00:00,2204.71,2210.09,2196.71,2205.28,31737,27,0
2024.03.21 12:00:00,2205.25,2211.64,2191.54,2191.74,35473,27,0
2024.03.21 16:00:00,2191.16,2191.80,2166.23,2180.75,46620,27,0
2024.03.21 20:00:00,2181.00,2183.94,2180.17,2181.11,7511,27,0
2024.03.22 00:00:00,2181.37,2185.96,2172.58,2173.34,13605,27,0
2024.03.22 04:00:00,2173.35,2177.00,2171.71,2174.11,20923,27,0
2024.03.22 08:00:00,2174.11,2176.16,2162.47,2166.53,28212,27,0
2024.03.22 12:00:00,2166.52,2179.98,2165.08,2177.97,30273,27,0
2024.03.22 16:00:00,2178.00,2179.77,2157.00,2159.03,33359,27,0
2024.03.22 20:00:00,2159.04,2167.05,2158.62,2165.04,11630,27,0
2024.03.25 00:00:00,2165.34,2176.81,2163.86,2175.05,21441,27,0
2024.03.25 04:00:00,2175.00,2178.16,2167.61,2169.66,18993,27,0
2024.03.25 08:00:00,2169.68,2170.42,2163.34,2168.31,21742,27,0
2024.03.25 12:00:00,2168.30,2181.17,2167.50,2177.02,26255,27,0
2024.03.25 16:00:00,2177.02,2180.38,2174.10,2174.61,22726,27,0
2024.03.25 20:00:00,2174.59,2174.59,2170.57,2171.51,7065,27,0
2024.03.26 00:00:00,2171.47,2174.37,2167.43,2169.32,13660,27,0
2024.03.26 04:00:00,2169.31,2173.28,2169.18,2172.82,11294,27,0
2024.03.26 08:00:00,2172.82,2195.06,2169.49,2190.78,23332,27,0
2024.03.26 12:00:00,2190.78,2199.93,2178.16,2182.90,33034,27,0
2024.03.26 16:00:00,2182.89,2186.20,2171.55,2176.67,30046,27,0
2024.03.26 20:00:00,2176.65,2178.52,2174.55,2178.52,6574,27,0
2024.03.27 00:00:00,2177.25,2180.21,2173.16,2175.01,10643,27,0
2024.03.27 04:00:00,2175.01,2181.60,2174.59,2176.88,11667,27,0
2024.03.27 08:00:00,2176.84,2193.76,2176.38,2189.10,19333,27,0
2024.03.27 12:00:00,2189.10,2197.48,2183.43,2193.22,33324,27,0
2024.03.27 16:00:00,2193.20,2195.11,2188.25,2190.24,27046,27,0
2024.03.27 20:00:00,2190.30,2195.09,2188.91,2194.66,8102,27,0
2024.03.28 00:00:00,2193.26,2193.74,2187.23,2189.23,12429,27,0
2024.03.28 04:00:00,2189.24,2200.53,2188.98,2197.12,13815,27,0
2024.03.28 08:00:00,2197.11,2198.81,2190.75,2197.69,19879,27,0
2024.03.28 12:00:00,2197.69,2217.02,2197.03,2206.48,46083,27,0
2024.03.28 16:00:00,2206.48,2225.42,2204.16,2221.80,40497,27,0
2024.03.28 20:00:00,2221.81,2236.08,2217.85,2232.67,11014,27,0
2024.04.01 00:00:00,2240.47,2256.17,2234.54,2249.98,17161,27,0
2024.04.01 04:00:00,2249.95,2265.53,2249.95,2260.23,25953,27,0
2024.04.01 08:00:00,2260.23,2263.25,2255.68,2257.09,17521,27,0
2024.04.01 12:00:00,2257.11,2258.21,2243.44,2252.41,23734,27,0
2024.04.01 16:00:00,2252.42,2257.81,2228.38,2237.96,51081,27,0
2024.04.01 20:00:00,2237.98,2251.23,2234.57,2251.17,13754,27,0
2024.04.02 00:00:00,2250.89,2255.74,2247.70,2250.27,9900,27,0
2024.04.02 04:00:00,2250.28,2259.75,2246.55,2256.55,21027,27,0
2024.04.02 08:00:00,2256.53,2262.68,2252.11,2260.92,23372,27,0
2024.04.02 12:00:00,2260.93,2266.71,2253.22,2257.47,30627,27,0
2024.04.02 16:00:00,2257.46,2276.88,2250.58,2260.18,56879,27,0
2024.04.02 20:00:00,2260.18,2280.95,2259.38,2280.30,24487,27,0
2024.04.03 00:00:00,2279.56,2288.23,2277.76,2283.17,14030,27,0
2024.04.03 04:00:00,2283.19,2287.83,2276.65,2283.59,21299,27,0
2024.04.03 08:00:00,2283.60,2285.87,2267.58,2273.09,26250,27,0
2024.04.03 12:00:00,2273.13,2275.06,2265.28,2274.72,29471,27,0
2024.04.03 16:00:00,2274.75,2295.06,2271.52,2293.73,55346,27,0
2024.04.03 20:00:00,2293.68,2300.98,2288.77,2299.52,18505,27,0
2024.04.04 00:00:00,2298.79,2302.47,2296.20,2302.12,12040,27,0
2024.04.04 04:00:00,2302.12,2304.76,2297.38,2298.76,13385,27,0
2024.04.04 08:00:00,2298.75,2300.62,2290.97,2291.48,18649,27,0
2024.04.04 12:00:00,2291.48,2295.09,2282.71,2288.02,24139,27,0
2024.04.04 16:00:00,2288.10,2299.32,2284.66,2286.71,42177,27,0
2024.04.04 20:00:00,2286.71,2305.44,2279.56,2290.73,37506,27,0
2024.04.05 00:00:00,2290.67,2293.20,2282.71,2283.00,11097,27,0
2024.04.05 04:00:00,2283.00,2284.05,2267.62,2277.84,24082,27,0
2024.04.05 08:00:00,2277.83,2291.65,2276.46,2287.92,25651,27,0
2024.04.05 12:00:00,2287.92,2295.93,2280.20,2290.76,31095,27,0
2024.04.05 16:00:00,2290.86,2329.38,2286.88,2327.05,66920,27,0
2024.04.05 20:00:00,2327.16,2330.31,2320.50,2329.23,23760,27,0
2024.04.08 00:00:00,2323.32,2328.04,2303.68,2306.07,18904,27,0
2024.04.08 04:00:00,2306.07,2353.82,2302.79,2342.02,48834,27,0
2024.04.08 08:00:00,2342.00,2343.52,2331.62,2336.12,37468,27,0
2024.04.08 12:00:00,2336.13,2343.39,2322.47,2328.83,34681,27,0
2024.04.08 16:00:00,2328.91,2335.60,2318.56,2328.40,51687,27,0
2024.04.08 20:00:00,2328.45,2341.89,2327.43,2338.70,20721,27,0
2024.04.09 00:00:00,2338.57,2341.56,2336.62,2340.71,6645,27,0
2024.04.09 04:00:00,2340.71,2348.33,2337.67,2344.03,27280,27,0
2024.04.09 08:00:00,2344.07,2359.16,2343.01,2357.43,29944,27,0
2024.04.09 12:00:00,2357.44,2365.18,2345.69,2349.22,38810,27,0
2024.04.09 16:00:00,2349.23,2364.20,2338.10,2344.91,63366,27,0
2024.04.09 20:00:00,2344.87,2354.46,2341.78,2352.06,21400,27,0
2024.04.10 00:00:00,2352.04,2355.47,2350.33,2351.54,6939,27,0
2024.04.10 04:00:00,2351.55,2356.76,2344.59,2356.10,21230,27,0
2024.04.10 08:00:00,2356.10,2359.94,2352.25,2354.36,25455,27,0
2024.04.10 12:00:00,2354.36,2354.62,2327.67,2338.28,35800,27,0
2024.04.10 16:00:00,2338.33,2352.22,2319.25,2337.10,71544,27,0
2024.04.10 20:00:00,2337.09,2345.06,2325.62,2333.42,33683,27,0
2024.04.11 00:00:00,2332.88,2337.10,2332.18,2335.12,8257,27,0
2024.04.11 04:00:00,2335.06,2346.74,2333.94,2342.82,21915,27,0
2024.04.11 08:00:00,2342.84,2344.52,2325.66,2327.90,31741,27,0
2024.04.11 12:00:00,2327.84,2344.23,2327.81,2341.25,36789,27,0
2024.04.11 16:00:00,2341.24,2350.68,2332.27,2349.75,53981,27,0
2024.04.11 20:00:00,2349.75,2377.61,2347.94,2372.27,30162,27,0
2024.04.12 00:00:00,2371.51,2379.36,2370.49,2378.59,10124,27,0
2024.04.12 04:00:00,2378.69,2395.29,2378.59,2384.04,33106,27,0
2024.04.12 08:00:00,2384.06,2400.45,2383.29,2396.60,31687,27,0
2024.04.12 12:00:00,2396.60,2400.24,2390.32,2395.76,36022,27,0
2024.04.12 16:00:00,2395.74,2431.39,2360.64,2369.16,90721,27,0
2024.04.12 20:00:00,2369.21,2373.03,2333.76,2343.72,42175,27,0
2024.04.15 00:00:00,2354.45,2372.32,2346.65,2353.09,21633,27,0
2024.04.15 04:00:00,2353.09,2364.50,2348.32,2356.61,31270,27,0
2024.04.15 08:00:00,2356.47,2362.38,2344.59,2351.51,38484,27,0
2024.04.15 12:00:00,2351.47,2361.13,2346.14,2357.18,32793,27,0
2024.04.15 16:00:00,2357.23,2360.98,2324.13,2357.04,63398,27,0
2024.04.15 20:00:00,2356.91,2387.47,2353.94,2382.95,36296,27,0
2024.04.16 00:00:00,2382.32,2391.98,2380.04,2383.35,11615,27,0
2024.04.16 04:00:00,2383.36,2389.29,2379.10,2386.02,26160,27,0
2024.04.16 08:00:00,2386.02,2388.92,2362.90,2369.31,37732,27,0
2024.04.16 12:00:00,2369.34,2378.11,2367.40,2376.13,36958,27,0
2024.04.16 16:00:00,2376.18,2398.23,2363.42,2397.47,74319,27,0
2024.04.16 20:00:00,2397.54,2397.63,2378.24,2382.48,39092,27,0
2024.04.17 00:00:00,2380.86,2386.83,2380.69,2384.30,10197,27,0
2024.04.17 04:00:00,2384.35,2386.15,2380.19,2381.82,19870,27,0
2024.04.17 08:00:00,2381.77,2393.46,2372.60,2392.82,31491,27,0
2024.04.17 12:00:00,2392.83,2394.20,2378.23,2383.21,31031,27,0
2024.04.17 16:00:00,2383.20,2395.50,2360.95,2372.27,64740,27,0
2024.04.17 20:00:00,2372.22,2378.98,2354.34,2361.00,32385,27,0
2024.04.18 00:00:00,2361.75,2369.97,2361.16,2369.68,8167,27,0
2024.04.18 04:00:00,2369.63,2376.40,2363.96,2374.98,26306,27,0
2024.04.18 08:00:00,2375.07,2380.86,2373.64,2379.86,31296,27,0
2024.04.18 12:00:00,2379.87,2387.40,2377.12,2385.41,33236,27,0
2024.04.18 16:00:00,2385.38,2392.70,2369.49,2387.88,66868,27,0
2024.04.18 20:00:00,2387.96,2389.23,2376.79,2378.60,24081,27,0
2024.04.19 00:00:00,2378.35,2381.39,2373.60,2379.44,8400,27,0
2024.04.19 04:00:00,2379.42,2417.69,2378.65,2383.36,66904,27,0
2024.04.19 08:00:00,2383.36,2393.76,2377.91,2384.16,36981,27,0
2024.04.19 12:00:00,2384.16,2386.03,2372.69,2381.38,32632,27,0
2024.04.19 16:00:00,2381.37,2399.62,2372.92,2399.56,49607,27,0
2024.04.19 20:00:00,2399.56,2401.80,2386.50,2391.12,20739,27,0
2024.04.22 00:00:00,2388.13,2388.27,2381.03,2382.06,11959,27,0
2024.04.22 04:00:00,2382.05,2384.20,2361.92,2369.56,29821,27,0
2024.04.22 08:00:00,2369.70,2370.34,2351.37,2359.48,37652,27,0
2024.04.22 12:00:00,2359.45,2363.54,2332.90,2336.67,36983,27,0
2024.04.22 16:00:00,2336.68,2343.73,2328.81,2329.78,47786,27,0
2024.04.22 20:00:00,2329.77,2334.78,2324.63,2327.00,15649,27,0
2024.04.23 00:00:00,2327.51,2333.78,2326.75,2332.55,9741,27,0
2024.04.23 04:00:00,2332.46,2334.34,2295.35,2305.38,41477,27,0
2024.04.23 08:00:00,2305.39,2314.58,2298.75,2303.18,33337,27,0
2024.04.23 12:00:00,2303.19,2313.48,2291.21,2311.74,40105,27,0
2024.04.23 16:00:00,2311.77,2332.05,2309.39,2330.21,60510,27,0
2024.04.23 20:00:00,2330.19,2331.27,2321.15,2321.98,17711,27,0
2024.04.24 00:00:00,2322.02,2324.20,2320.64,2320.86,6667,27,0
2024.04.24 04:00:00,2320.85,2329.96,2315.64,2326.54,23886,27,0
2024.04.24 08:00:00,2326.54,2331.14,2316.00,2319.07,25613,27,0
2024.04.24 12:00:00,2318.71,2323.42,2311.63,2323.19,26986,27,0
2024.04.24 16:00:00,2323.20,2337.18,2315.93,2325.04,52912,27,0
2024.04.24 20:00:00,2324.91,2330.39,2313.57,2315.82,21978,27,0
2024.04.25 00:00:00,2315.48,2319.30,2314.87,2319.08,6840,27,0
2024.04.25 04:00:00,2319.08,2322.00,2304.89,2315.19,19800,27,0
2024.04.25 08:00:00,2315.20,2328.77,2314.32,2326.80,23398,27,0
2024.04.25 12:00:00,2326.80,2334.59,2323.07,2330.59,31309,27,0
2024.04.25 16:00:00,2330.69,2344.73,2312.59,2328.62,67635,27,0
2024.04.25 20:00:00,2328.69,2336.36,2326.13,2332.26,20045,27,0
2024.04.26 00:00:00,2331.84,2333.27,2328.62,2329.78,4841,27,0
2024.04.26 04:00:00,2329.71,2338.04,2326.09,2335.72,16526,27,0
2024.04.26 08:00:00,2335.72,2350.18,2333.82,2346.93,27888,27,0
2024.04.26 12:00:00,2346.92,2352.40,2340.42,2344.70,29133,27,0
2024.04.26 16:00:00,2344.75,2350.32,2328.55,2333.51,56522,27,0
2024.04.26 20:00:00,2333.47,2341.32,2332.56,2337.52,15279,27,0
2024.04.29 00:00:00,2336.12,2337.17,2330.54,2331.92,8174,27,0
2024.04.29 04:00:00,2331.92,2333.11,2319.60,2332.46,33286,27,0
2024.04.29 08:00:00,2332.46,2341.20,2327.37,2338.02,38717,27,0
2024.04.29 12:00:00,2338.02,2344.26,2328.21,2331.84,27822,27,0
2024.04.29 16:00:00,2331.83,2346.62,2325.43,2342.73,45718,27,0
2024.04.29 20:00:00,2342.78,2346.53,2332.91,2335.31,20034,27,0
2024.04.30 00:00:00,2334.95,2336.15,2331.62,2333.91,7153,27,0
2024.04.30 04:00:00,2333.87,2336.08,2324.89,2326.36,19112,27,0
2024.04.30 08:00:00,2326.38,2326.74,2310.56,2312.77,27654,27,0
2024.04.30 12:00:00,2312.77,2317.85,2304.48,2305.98,31935,27,0
2024.04.30 16:00:00,2305.97,2313.16,2292.97,2294.61,60878,27,0
2024.04.30 20:00:00,2294.61,2297.40,2284.95,2285.97,23687,30,0
2024.05.01 00:00:00,2286.03,2293.06,2285.28,2286.77,8702,30,0
2024.05.01 04:00:00,2286.69,2289.36,2281.52,2283.12,12611,30,0
2024.05.01 08:00:00,2283.12,2289.60,2282.43,2286.21,16942,30,0
2024.05.01 12:00:00,2286.21,2299.89,2285.65,2298.16,26549,30,0
2024.05.01 16:00:00,2298.16,2310.42,2295.06,2303.68,50865,30,0
2024.05.01 20:00:00,2303.66,2328.18,2295.44,2319.17,56010,30,0
2024.05.02 00:00:00,2320.18,2325.83,2317.07,2324.32,10025,30,0
2024.05.02 04:00:00,2324.31,2326.32,2317.20,2318.09,13761,30,0
2024.05.02 08:00:00,2318.09,2318.97,2302.96,2304.02,28894,30,0
2024.05.02 12:00:00,2304.02,2305.28,2293.43,2294.38,38307,30,0
2024.05.02 16:00:00,2294.35,2306.82,2285.38,2299.48,58975,30,0
2024.05.02 20:00:00,2299.48,2309.36,2299.17,2303.41,20346,30,0
2024.05.03 00:00:00,2303.78,2305.47,2300.09,2303.88,6117,30,0
2024.05.03 04:00:00,2303.84,2307.93,2299.77,2307.32,13187,30,0
2024.05.03 08:00:00,2307.34,2308.64,2297.66,2301.24,20146,30,0
2024.05.03 12:00:00,2301.22,2320.52,2294.52,2304.64,30773,30,0
2024.05.03 16:00:00,2304.63,2308.83,2277.17,2299.12,59670,30,0
2024.05.03 20:00:00,2299.12,2303.29,2295.88,2301.60,14936,30,0
2024.05.06 00:00:00,2303.12,2305.77,2291.65,2295.84,9462,30,0
2024.05.06 04:00:00,2295.85,2315.23,2295.63,2309.07,23539,30,0
2024.05.06 08:00:00,2308.95,2324.16,2308.55,2318.13,23398,30,0
2024.05.06 12:00:00,2318.14,2330.18,2314.44,2323.19,23201,30,0
2024.05.06 16:00:00,2323.14,2331.98,2317.43,2325.52,40146,30,0
2024.05.06 20:00:00,2325.54,2328.72,2320.89,2323.77,15289,30,0
2024.05.07 00:00:00,2323.51,2329.37,2322.04,2329.18,7939,30,0
2024.05.07 04:00:00,2329.18,2329.84,2319.52,2322.56,18826,30,0
2024.05.07 08:00:00,2322.49,2323.18,2311.56,2315.60,20809,30,0
2024.05.07 12:00:00,2315.53,2317.26,2309.85,2315.95,20864,30,0
2024.05.07 16:00:00,2315.91,2323.59,2312.28,2312.36,35526,30,0
2024.05.07 20:00:00,2312.38,2317.34,2310.96,2313.86,13028,30,0
2024.05.08 00:00:00,2314.04,2316.66,2312.95,2314.09,5257,30,0
2024.05.08 04:00:00,2314.09,2319.17,2306.84,2319.11,18080,30,0
2024.05.08 08:00:00,2319.12,2321.26,2303.52,2307.21,21353,30,0
2024.05.08 12:00:00,2307.19,2318.87,2306.90,2314.44,23178,30,0
2024.05.08 16:00:00,2314.44,2320.94,2306.71,2316.88,37308,30,0
2024.05.08 20:00:00,2316.91,2317.41,2307.79,2308.69,14218,30,0
2024.05.09 00:00:00,2308.51,2310.77,2307.73,2309.17,5648,30,0
2024.05.09 04:00:00,2309.22,2315.17,2307.77,2314.38,14759,30,0
2024.05.09 08:00:00,2314.40,2319.71,2307.44,2310.29,19357,30,0
2024.05.09 12:00:00,2310.25,2329.18,2306.53,2326.64,23101,30,0
2024.05.09 16:00:00,2326.62,2338.69,2312.08,2329.58,46983,30,0
2024.05.09 20:00:00,2329.57,2347.12,2329.15,2345.85,18537,30,0
2024.05.10 00:00:00,2345.68,2348.91,2345.04,2347.47,6834,30,0
2024.05.10 04:00:00,2347.52,2355.77,2347.07,2353.88,22320,30,0
2024.05.10 08:00:00,2353.86,2372.01,2353.66,2369.50,25696,30,0
2024.05.10 12:00:00,2369.55,2378.22,2361.60,2364.68,26935,30,0
2024.05.10 16:00:00,2364.72,2372.95,2356.45,2368.18,42554,30,0
2024.05.10 20:00:00,2368.25,2370.87,2359.58,2360.32,13498,30,0
2024.05.13 00:00:00,2362.25,2364.39,2359.58,2363.88,6591,30,0
2024.05.13 04:00:00,2363.87,2364.03,2353.98,2354.17,20217,30,0
2024.05.13 08:00:00,2354.14,2354.98,2341.54,2343.17,21263,30,0
2024.05.13 12:00:00,2343.23,2349.73,2338.33,2346.96,25676,30,0
2024.05.13 16:00:00,2346.96,2349.26,2331.96,2336.67,40450,30,0
2024.05.13 20:00:00,2336.63,2338.41,2334.35,2336.19,12057,30,0
2024.05.14 00:00:00,2335.49,2339.57,2334.70,2336.30,4783,30,0
2024.05.14 04:00:00,2336.30,2344.76,2336.25,2343.95,15540,30,0
2024.05.14 08:00:00,2343.94,2345.83,2335.92,2343.67,18925,30,0
2024.05.14 12:00:00,2343.62,2350.12,2336.33,2348.11,26595,30,0
2024.05.14 16:00:00,2348.15,2356.98,2344.82,2354.10,45235,30,0
2024.05.14 20:00:00,2354.09,2359.57,2351.89,2357.80,14471,30,0
2024.05.15 00:00:00,2357.28,2357.74,2354.83,2355.73,5487,30,0
2024.05.15 04:00:00,2355.74,2360.89,2354.79,2356.92,16380,30,0
2024.05.15 08:00:00,2356.91,2374.19,2355.56,2373.02,21788,30,0
2024.05.15 12:00:00,2373.05,2378.64,2358.08,2372.45,30459,27,0
2024.05.15 16:00:00,2372.40,2386.60,2351.73,2383.59,57290,27,0
2024.05.15 20:00:00,2383.63,2390.11,2383.51,2385.73,19502,27,0
2024.05.16 00:00:00,2385.49,2395.04,2385.01,2394.84,9606,27,0
2024.05.16 04:00:00,2394.84,2397.19,2386.34,2391.18,26386,27,0
2024.05.16 08:00:00,2391.22,2394.36,2384.72,2385.95,21998,27,0
2024.05.16 12:00:00,2385.92,2387.66,2377.81,2379.04,23866,27,0
2024.05.16 16:00:00,2379.03,2383.66,2370.83,2381.86,41876,27,0
2024.05.16 20:00:00,2381.87,2382.35,2375.78,2376.54,13461,27,0
2024.05.17 00:00:00,2377.31,2379.59,2376.59,2377.88,4880,27,0
2024.05.17 04:00:00,2377.96,2381.16,2373.80,2378.70,15515,27,0
2024.05.17 08:00:00,2378.69,2387.68,2378.44,2384.12,20093,27,0
2024.05.17 12:00:00,2384.12,2393.96,2381.58,2393.17,18480,27,0
2024.05.17 16:00:00,2393.17,2419.06,2393.17,2407.72,49184,27,0
2024.05.17 20:00:00,2407.72,2422.55,2405.64,2413.75,21111,27,0
2024.05.20 00:00:00,2417.95,2426.42,2416.42,2425.30,13361,27,0
2024.05.20 04:00:00,2425.38,2440.53,2425.38,2437.17,30239,27,0
2024.05.20 08:00:00,2437.16,2449.93,2431.78,2439.97,34100,27,0
2024.05.20 12:00:00,2440.02,2447.08,2407.24,2413.78,36101,27,0
2024.05.20 16:00:00,2413.68,2427.96,2410.30,2426.45,49253,28,0
2024.05.20 20:00:00,2426.46,2437.29,2423.18,2425.99,23835,28,0
2024.05.21 00:00:00,2426.88,2430.44,2424.26,2428.78,7052,28,0
2024.05.21 04:00:00,2428.77,2433.01,2405.96,2412.35,34908,28,0
2024.05.21 08:00:00,2412.43,2422.04,2408.47,2418.66,30275,28,0
2024.05.21 12:00:00,2418.57,2429.87,2412.07,2426.14,26070,28,0
2024.05.21 16:00:00,2426.18,2433.84,2417.89,2422.80,55666,28,0
2024.05.21 20:00:00,2422.86,2424.97,2417.27,2420.67,17108,28,0
2024.05.22 00:00:00,2420.92,2423.07,2420.29,2420.41,5529,28,0
2024.05.22 04:00:00,2420.40,2426.44,2412.05,2412.82,22926,28,0
2024.05.22 08:00:00,2412.76,2418.39,2410.50,2416.76,26983,28,0
2024.05.22 12:00:00,2416.77,2419.21,2404.63,2412.29,30737,31,0
2024.05.22 16:00:00,2412.27,2413.19,2382.05,2391.77,55146,31,0
2024.05.22 20:00:00,2391.78,2394.27,2374.80,2378.46,28135,31,0
2024.05.23 00:00:00,2377.83,2383.64,2377.53,2380.24,8389,31,0
2024.05.23 04:00:00,2380.24,2381.78,2366.61,2372.63,26709,31,0
2024.05.23 08:00:00,2372.65,2373.09,2354.81,2360.38,34332,31,0
2024.05.23 12:00:00,2360.38,2369.29,2358.62,2362.58,26770,31,0
2024.05.23 16:00:00,2362.61,2369.78,2339.86,2340.84,61047,31,0
2024.05.23 20:00:00,2340.89,2342.91,2326.84,2328.46,25011,31,0
2024.05.24 00:00:00,2328.63,2333.43,2327.39,2328.98,7830,31,0
2024.05.24 04:00:00,2328.96,2335.07,2325.27,2334.96,23754,31,0
2024.05.24 08:00:00,2334.96,2340.92,2333.03,2340.02,23183,31,0
2024.05.24 12:00:00,2340.02,2343.80,2334.57,2339.17,22659,31,0
2024.05.24 16:00:00,2339.18,2347.29,2332.23,2334.13,35686,31,0
2024.05.24 20:00:00,2334.11,2336.65,2331.72,2333.56,12204,31,0
2024.05.27 00:00:00,2336.56,2340.63,2331.99,2336.02,7164,31,0
2024.05.27 04:00:00,2335.99,2347.45,2334.43,2342.88,18263,31,0
2024.05.27 08:00:00,2342.81,2346.07,2337.98,2344.08,17210,31,0
2024.05.27 12:00:00,2344.08,2349.52,2342.28,2347.06,17336,31,0
2024.05.27 16:00:00,2347.07,2358.34,2344.44,2354.81,33948,31,0
2024.05.27 20:00:00,2354.81,2354.98,2351.48,2352.26,2264,37,0
2024.05.28 00:00:00,2351.12,2353.68,2350.66,2351.65,5356,31,0
2024.05.28 04:00:00,2351.61,2356.23,2348.99,2350.86,22055,31,0
2024.05.28 08:00:00,2350.88,2353.55,2340.14,2344.80,25660,31,0
2024.05.28 12:00:00,2344.81,2356.96,2342.15,2353.09,21086,31,0
2024.05.28 16:00:00,2353.10,2363.88,2347.79,2356.53,52507,31,0
2024.05.28 20:00:00,2356.55,2361.18,2352.66,2361.02,18499,31,0
2024.05.29 00:00:00,2360.11,2362.20,2357.26,2357.71,6802,31,0
2024.05.29 04:00:00,2357.72,2360.76,2354.33,2358.09,21825,31,0
2024.05.29 08:00:00,2358.10,2361.22,2344.79,2345.37,30429,31,0
2024.05.29 12:00:00,2345.40,2347.14,2334.29,2337.65,24668,31,0
2024.05.29 16:00:00,2337.53,2347.06,2335.80,2341.85,37490,31,0
2024.05.29 20:00:00,2341.79,2344.16,2335.75,2337.91,13654,31,0
2024.05.30 00:00:00,2337.90,2339.06,2333.88,2336.77,8309,31,0
2024.05.30 04:00:00,2336.78,2339.79,2327.91,2335.11,29421,31,0
2024.05.30 08:00:00,2335.11,2337.59,2322.51,2334.91,32072,31,0
2024.05.30 12:00:00,2334.92,2345.09,2330.48,2341.25,33357,31,0
2024.05.30 16:00:00,2341.25,2351.67,2339.64,2347.72,46801,31,0
2024.05.30 20:00:00,2347.75,2348.70,2339.82,2342.83,14448,31,0
2024.05.31 00:00:00,2344.68,2347.44,2341.91,2346.18,8592,31,0
2024.05.31 04:00:00,2346.19,2347.59,2336.88,2343.97,26588,31,0
2024.05.31 08:00:00,2343.98,2346.95,2339.57,2343.12,24100,31,0
2024.05.31 12:00:00,2343.11,2356.64,2340.87,2354.68,27206,31,0
2024.05.31 16:00:00,2354.67,2359.62,2327.59,2332.74,63375,31,0
2024.05.31 20:00:00,2332.73,2333.71,2320.44,2326.98,22751,31,0
2024.06.03 00:00:00,2328.17,2329.21,2323.15,2326.96,8885,31,0
2024.06.03 04:00:00,2326.96,2331.00,2319.88,2321.20,24421,31,0
2024.06.03 08:00:00,2321.19,2328.70,2314.63,2325.32,33231,31,0
2024.06.03 12:00:00,2325.32,2334.23,2324.23,2333.94,25491,31,0
2024.06.03 16:00:00,2333.88,2350.03,2329.70,2349.05,51401,31,0
2024.06.03 20:00:00,2348.95,2354.64,2344.63,2350.54,18831,31,0
2024.06.04 00:00:00,2351.36,2352.70,2349.60,2350.48,6177,31,0
2024.06.04 04:00:00,2350.48,2352.20,2342.94,2349.18,21422,31,0
2024.06.04 08:00:00,2349.16,2351.69,2332.14,2333.19,29067,31,0
2024.06.04 12:00:00,2333.22,2335.83,2325.20,2335.00,37185,31,0
2024.06.04 16:00:00,2335.02,2337.86,2315.52,2323.75,58183,31,0
2024.06.04 20:00:00,2323.87,2330.15,2323.64,2326.71,16240,31,0
2024.06.05 00:00:00,2326.88,2329.52,2326.10,2328.06,5767,31,0
2024.06.05 04:00:00,2328.05,2338.06,2325.76,2337.84,19643,31,0
2024.06.05 08:00:00,2337.83,2341.55,2327.89,2332.51,26009,30,0
2024.06.05 12:00:00,2332.53,2343.89,2329.33,2342.05,26797,30,0
2024.06.05 16:00:00,2342.04,2357.28,2333.97,2352.56,55106,30,0
2024.06.05 20:00:00,2352.62,2356.69,2351.61,2355.05,13675,30,0
2024.06.06 00:00:00,2357.02,2357.69,2354.45,2355.58,6098,30,0
2024.06.06 04:00:00,2355.56,2374.86,2355.45,2369.32,30009,30,0
2024.06.06 08:00:00,2369.31,2371.31,2359.72,2362.76,22940,30,0
2024.06.06 12:00:00,2362.82,2365.03,2355.08,2357.48,25325,30,0
2024.06.06 16:00:00,2357.50,2378.38,2353.29,2372.75,55464,30,0
2024.06.06 20:00:00,2372.74,2376.03,2368.88,2375.56,17756,30,0
2024.06.07 00:00:00,2375.40,2379.10,2375.17,2378.25,6918,30,0
2024.06.07 04:00:00,2378.32,2387.30,2369.26,2386.53,29642,30,0
2024.06.07 08:00:00,2386.48,2387.59,2342.55,2347.22,38036,30,0
2024.06.07 12:00:00,2347.20,2347.86,2313.18,2319.17,43101,30,0
2024.06.07 16:00:00,2319.15,2327.92,2302.91,2311.54,59290,30,0
2024.06.07 20:00:00,2311.59,2312.26,2286.60,2293.64,25832,30,0
2024.06.10 00:00:00,2293.83,2299.95,2288.87,2296.91,10125,30,0
2024.06.10 04:00:00,2296.87,2301.27,2292.61,2294.68,14971,30,0
2024.06.10 08:00:00,2294.69,2297.38,2287.63,2292.51,25012,30,0
2024.06.10 12:00:00,2292.51,2308.55,2291.70,2306.06,26241,30,0
2024.06.10 16:00:00,2306.05,2313.73,2300.29,2312.80,37656,30,0
2024.06.10 20:00:00,2312.80,2313.27,2308.38,2310.76,13323,30,0
2024.06.11 00:00:00,2312.27,2312.27,2308.65,2310.72,5776,30,0
2024.06.11 04:00:00,2310.70,2310.70,2298.66,2303.51,28325,30,0
2024.06.11 08:00:00,2303.46,2307.66,2297.57,2305.88,24192,30,0
2024.06.11 12:00:00,2305.92,2319.85,2301.45,2317.84,27795,30,0
2024.06.11 16:00:00,2317.83,2319.49,2305.80,2308.43,43888,30,0
2024.06.11 20:00:00,2308.55,2316.81,2307.73,2316.72,14358,30,0
2024.06.12 00:00:00,2316.63,2317.49,2313.33,2313.64,6041,30,0
2024.06.12 04:00:00,2313.65,2316.59,2310.55,2312.57,17031,30,0
2024.06.12 08:00:00,2312.57,2317.63,2310.69,2312.71,18824,30,0
2024.06.12 12:00:00,2312.69,2337.52,2311.49,2335.84,28452,30,0
2024.06.12 16:00:00,2335.85,2341.57,2319.93,2337.56,57467,30,0
2024.06.12 20:00:00,2337.60,2339.46,2315.73,2324.72,42079,30,0
2024.06.13 00:00:00,2324.72,2325.37,2317.54,2320.66,7374,30,0
2024.06.13 04:00:00,2320.66,2321.43,2308.03,2311.70,27916,30,0
2024.06.13 08:00:00,2311.71,2318.52,2308.82,2315.45,24070,30,0
2024.06.13 12:00:00,2315.44,2326.53,2303.84,2323.17,34610,30,0
2024.06.13 16:00:00,2323.21,2324.61,2295.40,2299.14,55500,30,0
2024.06.13 20:00:00,2299.21,2304.82,2298.97,2303.79,16700,30,0
2024.06.14 00:00:00,2303.22,2305.59,2301.41,2304.82,5921,30,0
2024.06.14 04:00:00,2304.84,2308.57,2302.97,2305.82,23148,30,0
2024.06.14 08:00:00,2305.82,2321.55,2305.45,2317.20,31314,30,0
2024.06.14 12:00:00,2317.24,2336.48,2315.12,2330.21,41875,30,0
2024.06.14 16:00:00,2330.21,2335.36,2323.95,2328.69,49353,30,0
2024.06.14 20:00:00,2328.72,2335.44,2328.37,2332.57,16237,30,0
2024.06.17 00:00:00,2331.63,2332.46,2325.10,2326.30,7578,30,0
2024.06.17 04:00:00,2326.44,2328.90,2321.37,2323.53,21400,30,0
2024.06.17 08:00:00,2323.51,2323.53,2315.38,2321.20,26015,30,0
2024.06.17 12:00:00,2321.20,2322.53,2316.72,2319.50,26310,30,0
2024.06.17 16:00:00,2319.48,2327.46,2309.86,2316.79,41738,30,0
2024.06.17 20:00:00,2316.78,2320.50,2313.18,2318.99,16220,30,0
2024.06.18 00:00:00,2319.05,2325.41,2318.32,2324.00,6571,30,0
2024.06.18 04:00:00,2324.01,2325.52,2319.13,2322.45,20265,30,0
2024.06.18 08:00:00,2322.44,2323.70,2310.61,2311.16,24877,30,0
2024.06.18 12:00:00,2311.14,2324.11,2306.45,2313.80,31070,30,0
2024.06.18 16:00:00,2313.81,2330.61,2313.53,2330.11,48596,30,0
2024.06.18 20:00:00,2330.17,2332.99,2327.32,2329.20,15531,30,0
2024.06.19 00:00:00,2329.34,2330.10,2327.38,2329.34,4805,30,0
2024.06.19 04:00:00,2329.34,2331.63,2326.33,2327.85,14518,30,0
2024.06.19 08:00:00,2327.84,2334.87,2326.70,2332.43,19325,29,0
2024.06.19 12:00:00,2332.43,2332.78,2325.14,2328.19,20920,29,0
2024.06.19 16:00:00,2328.19,2331.31,2323.57,2329.28,24435,29,0
2024.06.19 20:00:00,2329.25,2330.87,2328.13,2328.31,2267,29,0
2024.06.20 00:00:00,2328.30,2330.33,2327.63,2329.60,4823,29,0
2024.06.20 04:00:00,2329.60,2340.82,2329.60,2340.33,25388,29,0
2024.06.20 08:00:00,2340.32,2345.53,2332.52,2333.22,30376,29,0
2024.06.20 12:00:00,2333.22,2343.51,2331.50,2338.44,28411,29,0
2024.06.20 16:00:00,2338.46,2365.33,2336.52,2356.19,50900,29,0
2024.06.20 20:00:00,2356.19,2360.91,2354.47,2359.87,15520,29,0
2024.06.21 00:00:00,2360.47,2364.72,2358.00,2364.00,8150,29,0
2024.06.21 04:00:00,2364.00,2364.09,2356.96,2362.79,22024,29,0
2024.06.21 08:00:00,2362.78,2368.00,2355.04,2365.23,24719,29,0
2024.06.21 12:00:00,2365.21,2368.63,2360.35,2360.55,20767,29,0
2024.06.21 16:00:00,2360.55,2363.65,2323.17,2324.64,51153,29,0
2024.06.21 20:00:00,2324.61,2325.03,2316.58,2321.17,18474,29,0
2024.06.24 00:00:00,2321.27,2322.48,2317.52,2320.80,7310,29,0
2024.06.24 04:00:00,2320.84,2326.52,2318.93,2324.38,21733,29,0
2024.06.24 08:00:00,2324.40,2332.69,2321.20,2330.47,21232,29,0
2024.06.24 12:00:00,2330.47,2330.86,2320.60,2327.53,23357,29,0
2024.06.24 16:00:00,2327.54,2333.79,2325.81,2331.62,31300,29,0
2024.06.24 20:00:00,2331.59,2334.61,2330.52,2334.08,11165,29,0
2024.06.25 00:00:00,2333.63,2334.28,2328.15,2329.98,4423,29,0
2024.06.25 04:00:00,2329.97,2330.82,2322.58,2327.33,19322,29,0
2024.06.25 08:00:00,2327.34,2330.44,2322.83,2329.50,20548,29,0
2024.06.25 12:00:00,2329.46,2337.01,2323.95,2324.07,21908,29,0
2024.06.25 16:00:00,2324.15,2328.20,2315.34,2317.70,37815,29,0
2024.06.25 20:00:00,2317.68,2320.52,2316.73,2319.36,11271,29,0
2024.06.26 00:00:00,2319.15,2323.68,2317.59,2318.31,8075,29,0
2024.06.26 04:00:00,2318.31,2321.59,2310.44,2316.70,25828,29,0
2024.06.26 08:00:00,2316.70,2318.09,2309.52,2315.54,25095,29,0
2024.06.26 12:00:00,2315.62,2318.31,2304.30,2310.08,31790,31,0
2024.06.26 16:00:00,2309.97,2311.52,2293.48,2299.62,44596,31,0
2024.06.26 20:00:00,2299.62,2302.89,2296.81,2298.02,13694,31,0
2024.06.27 00:00:00,2297.92,2300.05,2296.64,2298.90,6197,31,0
2024.06.27 04:00:00,2298.98,2301.04,2296.64,2300.36,15912,31,0
2024.06.27 08:00:00,2300.38,2308.28,2296.40,2307.49,24506,31,0
2024.06.27 12:00:00,2307.47,2325.50,2307.24,2322.74,31204,31,0
2024.06.27 16:00:00,2322.72,2330.77,2319.40,2325.30,44309,31,0
2024.06.27 20:00:00,2325.29,2328.41,2322.29,2327.45,13225,31,0
2024.06.28 00:00:00,2327.52,2328.17,2321.29,2321.49,6033,31,0
2024.06.28 04:00:00,2321.47,2324.87,2318.87,2321.07,23917,31,0
2024.06.28 08:00:00,2321.06,2331.79,2320.80,2328.59,23888,31,0
2024.06.28 12:00:00,2328.56,2339.22,2327.15,2335.38,28404,31,0
2024.06.28 16:00:00,2335.31,2339.56,2322.73,2329.88,42814,31,0
2024.06.28 20:00:00,2329.95,2332.62,2322.70,2326.37,15471,31,0
2024.07.01 00:00:00,2326.21,2326.59,2322.03,2324.68,8300,31,0
2024.07.01 04:00:00,2324.68,2328.48,2321.31,2323.52,17409,31,0
2024.07.01 08:00:00,2323.52,2328.86,2318.34,2325.71,25414,31,0
2024.07.01 12:00:00,2325.71,2338.37,2325.32,2327.25,28918,31,0
2024.07.01 16:00:00,2327.32,2334.16,2319.13,2328.05,43291,31,0
2024.07.01 20:00:00,2328.04,2332.28,2326.64,2331.58,10768,31,0
2024.07.02 00:00:00,2331.04,2333.80,2330.81,2332.96,4734,31,0
2024.07.02 04:00:00,2332.96,2334.24,2324.74,2327.15,16782,31,0
2024.07.02 08:00:00,2327.00,2332.37,2323.20,2331.05,20468,31,0
2024.07.02 12:00:00,2331.04,2331.83,2318.96,2327.37,23979,31,0
2024.07.02 16:00:00,2327.32,2336.70,2320.84,2322.74,39423,31,0
2024.07.02 20:00:00,2322.73,2331.26,2321.97,2329.18,10613,31,0
2024.07.03 00:00:00,2329.27,2332.06,2329.27,2330.13,4167,31,0
2024.07.03 04:00:00,2330.13,2335.18,2326.74,2334.33,14025,31,0
2024.07.03 08:00:00,2334.30,2347.46,2331.86,2344.50,25642,31,0
2024.07.03 12:00:00,2344.59,2356.03,2342.06,2350.37,27947,32,0
2024.07.03 16:00:00,2350.27,2364.80,2347.49,2356.48,45604,32,0
2024.07.03 20:00:00,2356.43,2360.76,2353.55,2355.82,11104,32,0
2024.07.04 00:00:00,2356.79,2359.53,2355.90,2358.48,3955,32,0
2024.07.04 04:00:00,2358.48,2362.42,2357.06,2358.41,13509,32,0
2024.07.04 08:00:00,2358.41,2359.53,2350.40,2358.74,14993,32,0
2024.07.04 12:00:00,2358.76,2360.24,2355.48,2357.65,11148,32,0
2024.07.04 16:00:00,2357.65,2361.76,2355.33,2357.70,17555,32,0
2024.07.04 20:00:00,2357.72,2357.89,2355.93,2356.32,1100,37,0
2024.07.05 00:00:00,2356.38,2358.95,2354.06,2358.76,6698,32,0
2024.07.05 04:00:00,2358.77,2364.56,2356.74,2363.82,18344,32,0
2024.07.05 08:00:00,2363.83,2367.80,2362.12,2366.29,20689,32,0
2024.07.05 12:00:00,2366.29,2375.98,2351.45,2371.99,27221,32,0
2024.07.05 16:00:00,2371.98,2388.25,2370.56,2386.35,49389,32,0
2024.07.05 20:00:00,2386.34,2392.83,2384.50,2391.18,17521,32,0
2024.07.08 00:00:00,2386.56,2390.04,2384.41,2386.60,7450,32,0
2024.07.08 04:00:00,2386.53,2390.99,2380.62,2384.79,19380,32,0
2024.07.08 08:00:00,2384.81,2386.63,2371.80,2372.70,25458,32,0
2024.07.08 12:00:00,2372.58,2377.35,2368.21,2372.65,23764,32,0
2024.07.08 16:00:00,2372.65,2379.42,2350.93,2358.55,45686,32,0
2024.07.08 20:00:00,2358.59,2359.71,2354.74,2359.01,13769,32,0
2024.07.09 00:00:00,2358.76,2363.55,2358.33,2361.73,7119,32,0
2024.07.09 04:00:00,2361.78,2368.63,2360.35,2367.25,21520,32,0
2024.07.09 08:00:00,2367.24,2368.22,2358.11,2361.53,22601,32,0
2024.07.09 12:00:00,2361.54,2365.49,2355.97,2360.08,23178,32,0
2024.07.09 16:00:00,2360.04,2371.45,2349.27,2357.40,54734,32,0
2024.07.09 20:00:00,2357.41,2365.51,2357.39,2363.56,15601,32,0
2024.07.10 00:00:00,2363.16,2366.41,2363.00,2364.59,4610,32,0
2024.07.10 04:00:00,2364.59,2370.14,2363.16,2367.61,17355,32,0
2024.07.10 08:00:00,2367.58,2374.85,2367.06,2372.72,21129,31,0
2024.07.10 12:00:00,2372.75,2381.72,2371.54,2377.67,21678,31,0
2024.07.10 16:00:00,2377.66,2386.52,2373.78,2377.74,41067,31,0
2024.07.10 20:00:00,2377.75,2378.40,2369.76,2371.12,15109,31,0
2024.07.11 00:00:00,2370.49,2374.32,2370.37,2374.10,4467,31,0
2024.07.11 04:00:00,2374.11,2382.36,2372.90,2381.85,18283,31,0
2024.07.11 08:00:00,2381.84,2383.94,2378.38,2381.25,24181,31,0
2024.07.11 12:00:00,2381.26,2409.59,2377.91,2406.20,31865,31,0
2024.07.11 16:00:00,2406.13,2424.39,2395.68,2411.50,70292,31,0
2024.07.11 20:00:00,2411.50,2418.54,2409.86,2415.20,20282,31,0
2024.07.12 00:00:00,2415.48,2416.18,2410.91,2411.88,13556,31,0
2024.07.12 04:00:00,2411.89,2414.11,2406.49,2408.47,23354,31,0
2024.07.12 08:00:00,2408.46,2409.95,2400.17,2407.30,30512,31,0
2024.07.12 12:00:00,2407.31,2408.17,2391.27,2397.81,35371,31,0
2024.07.12 16:00:00,2397.81,2416.76,2396.62,2415.75,52242,31,0
2024.07.12 20:00:00,2415.74,2418.12,2411.03,2411.22,15078,31,0
2024.07.15 00:00:00,2411.82,2414.86,2405.50,2408.32,9453,31,0
2024.07.15 04:00:00,2408.32,2413.24,2404.81,2411.35,20007,31,0
2024.07.15 08:00:00,2411.36,2413.83,2401.21,2411.85,31442,31,0
2024.07.15 12:00:00,2411.87,2420.66,2407.57,2414.69,35290,31,0
2024.07.15 16:00:00,2414.61,2439.56,2411.38,2430.06,51476,31,0
2024.07.15 20:00:00,2430.11,2430.14,2419.62,2422.07,19465,31,0
2024.07.16 00:00:00,2422.34,2422.66,2419.82,2421.11,5655,31,0
2024.07.16 04:00:00,2421.11,2431.34,2421.10,2429.14,21310,31,0
2024.07.16 08:00:00,2429.15,2439.20,2427.99,2436.46,28911,31,0
2024.07.16 12:00:00,2436.48,2443.88,2429.23,2432.44,34664,31,0
2024.07.16 16:00:00,2432.46,2465.11,2430.83,2459.00,55968,31,0
2024.07.16 20:00:00,2459.05,2469.55,2458.52,2468.57,21483,31,0
2024.07.17 00:00:00,2467.72,2473.14,2466.04,2468.60,9505,31,0
2024.07.17 04:00:00,2468.58,2482.25,2463.84,2467.67,32410,31,0
2024.07.17 08:00:00,2467.64,2478.73,2461.66,2474.84,38173,29,0
2024.07.17 12:00:00,2474.84,2476.22,2466.55,2473.30,38876,29,0
2024.07.17 16:00:00,2473.31,2483.53,2452.73,2455.47,57877,29,0
2024.07.17 20:00:00,2455.48,2460.29,2451.38,2458.46,15418,29,0
2024.07.18 00:00:00,2458.15,2461.76,2457.22,2458.70,10686,29,0
2024.07.18 04:00:00,2458.70,2468.78,2457.48,2465.09,24415,29,0
2024.07.18 08:00:00,2465.10,2474.80,2464.45,2465.83,33632,29,0
2024.07.18 12:00:00,2465.84,2468.76,2461.36,2463.83,34316,29,0
2024.07.18 16:00:00,2463.83,2469.74,2455.70,2456.04,55044,29,0
2024.07.18 20:00:00,2456.05,2457.43,2440.21,2445.02,21207,29,0
2024.07.19 00:00:00,2445.47,2445.57,2425.96,2434.27,12287,29,0
2024.07.19 04:00:00,2434.25,2434.47,2420.31,2425.33,31760,29,0
2024.07.19 08:00:00,2425.35,2425.96,2412.75,2420.30,38187,29,0
2024.07.19 12:00:00,2420.29,2420.97,2401.43,2403.60,36900,29,0
2024.07.19 16:00:00,2403.60,2408.28,2393.70,2399.53,55727,29,0
2024.07.19 20:00:00,2399.60,2400.68,2395.49,2400.19,15226,29,0
2024.07.22 00:00:00,2401.63,2411.83,2400.27,2407.72,10020,29,0
2024.07.22 04:00:00,2407.68,2412.05,2403.07,2405.43,25683,29,0
2024.07.22 08:00:00,2405.42,2407.19,2398.80,2400.70,34815,29,0
2024.07.22 12:00:00,2400.72,2408.26,2388.68,2394.19,32651,29,0
2024.07.22 16:00:00,2394.18,2400.06,2383.79,2392.90,46691,29,0
2024.07.22 20:00:00,2392.97,2399.91,2391.67,2396.25,14765,29,0
2024.07.23 00:00:00,2396.43,2400.13,2394.65,2399.81,6562,29,0
2024.07.23 04:00:00,2399.81,2403.87,2395.60,2396.40,26041,29,0
2024.07.23 08:00:00,2396.43,2407.03,2388.15,2403.87,35727,29,0
2024.07.23 12:00:00,2403.88,2411.91,2403.05,2405.32,33155,29,0
2024.07.23 16:00:00,2405.32,2407.55,2399.40,2405.18,41523,29,0
2024.07.23 20:00:00,2405.18,2409.90,2402.52,2409.34,15364,29,0
2024.07.24 00:00:00,2408.78,2410.06,2407.75,2408.21,5321,29,0
2024.07.24 04:00:00,2408.21,2418.27,2404.83,2417.73,31511,29,0
2024.07.24 08:00:00,2417.71,2419.08,2410.62,2411.73,30844,29,0
2024.07.24 12:00:00,2411.74,2421.87,2409.70,2421.32,32249,29,0
2024.07.24 16:00:00,2421.33,2431.89,2413.49,2418.89,52156,29,0
2024.07.24 20:00:00,2418.88,2419.50,2396.70,2397.04,22896,29,0
2024.07.25 00:00:00,2396.69,2401.04,2392.89,2396.95,13754,29,0
2024.07.25 04:00:00,2396.94,2399.93,2366.66,2377.45,49368,29,0
2024.07.25 08:00:00,2377.49,2378.58,2365.70,2374.53,43750,29,0
2024.07.25 12:00:00,2374.50,2382.46,2362.67,2371.03,47413,29,0
2024.07.25 16:00:00,2371.04,2376.19,2357.40,2362.48,63409,29,0
2024.07.25 20:00:00,2362.66,2365.37,2352.98,2364.35,22436,29,0
2024.07.26 00:00:00,2364.02,2365.27,2361.95,2362.58,9398,29,0
2024.07.26 04:00:00,2362.57,2379.23,2355.69,2369.68,33641,29,0
2024.07.26 08:00:00,2369.66,2375.18,2365.14,2372.83,34345,29,0
2024.07.26 12:00:00,2372.83,2378.92,2370.18,2377.37,33373,29,0
2024.07.26 16:00:00,2377.39,2390.65,2373.86,2389.02,51692,29,0
2024.07.26 20:00:00,2389.02,2389.04,2381.03,2387.00,17093,29,0
2024.07.29 00:00:00,2387.72,2402.99,2386.37,2399.86,14038,29,0
2024.07.29 04:00:00,2399.87,2402.39,2388.53,2394.70,30178,29,0
2024.07.29 08:00:00,2394.71,2396.17,2386.84,2390.25,35024,29,0
2024.07.29 12:00:00,2390.23,2395.32,2385.33,2393.69,31145,29,0
2024.07.29 16:00:00,2393.70,2396.59,2369.41,2378.02,50795,29,0
2024.07.29 20:00:00,2378.02,2385.29,2376.78,2383.41,19094,29,0
2024.07.30 00:00:00,2383.07,2384.79,2380.12,2381.72,6351,29,0
2024.07.30 04:00:00,2381.72,2388.19,2376.33,2386.26,28932,29,0
2024.07.30 08:00:00,2386.25,2391.92,2385.94,2389.30,34892,29,0
2024.07.30 12:00:00,2389.31,2392.28,2385.58,2386.39,26013,29,0
2024.07.30 16:00:00,2386.40,2400.18,2383.29,2399.72,57706,29,0
2024.07.30 20:00:00,2399.76,2412.66,2399.71,2410.62,25983,29,0
2024.07.31 00:00:00,2410.33,2410.75,2407.78,2408.90,10576,29,0
2024.07.31 04:00:00,2408.83,2421.23,2403.74,2421.01,39994,29,0
2024.07.31 08:00:00,2421.01,2425.40,2415.34,2421.32,38790,28,0
2024.07.31 12:00:00,2421.33,2423.13,2417.25,2420.35,29744,28,0
2024.07.31 16:00:00,2420.35,2428.94,2417.71,2426.91,48550,28,0
2024.07.31 20:00:00,2427.01,2450.79,2421.38,2447.07,39886,28,0
2024.08.01 00:00:00,2448.01,2449.36,2444.16,2447.46,12505,28,0
2024.08.01 04:00:00,2447.33,2458.24,2437.20,2444.10,39565,28,0
2024.08.01 08:00:00,2444.12,2448.75,2433.10,2433.71,41377,28,0
2024.08.01 12:00:00,2433.68,2454.78,2430.07,2450.58,39479,28,0
2024.08.01 16:00:00,2450.58,2462.16,2441.96,2444.36,65411,29,0
2024.08.01 20:00:00,2444.38,2447.43,2434.83,2446.26,29558,29,0
2024.08.02 00:00:00,2446.18,2452.20,2443.55,2448.95,14158,29,0
2024.08.02 04:00:00,2448.95,2460.25,2434.76,2457.81,39478,29,0
2024.08.02 08:00:00,2457.82,2468.32,2457.54,2461.88,41761,29,0
2024.08.02 12:00:00,2461.88,2477.52,2455.71,2472.78,42662,29,0
2024.08.02 16:00:00,2472.71,2474.28,2410.63,2430.33,84145,29,0
2024.08.02 20:00:00,2430.33,2442.34,2422.81,2441.52,25548,29,0
2024.08.05 00:00:00,2443.94,2447.17,2413.83,2421.99,28696,29,0
2024.08.05 04:00:00,2421.98,2458.62,2419.96,2452.54,46798,29,0
2024.08.05 08:00:00,2452.56,2452.56,2422.02,2424.81,63898,29,0
2024.08.05 12:00:00,2424.82,2428.62,2364.15,2374.35,65105,29,0
2024.08.05 16:00:00,2374.46,2412.00,2374.44,2402.91,74062,29,0
2024.08.05 20:00:00,2402.90,2412.91,2400.03,2409.73,34442,29,0
2024.08.06 00:00:00,2409.48,2418.18,2404.27,2415.76,19346,29,0
2024.08.06 04:00:00,2415.77,2417.63,2405.73,2407.91,38450,29,0
2024.08.06 08:00:00,2407.90,2415.28,2394.68,2410.93,53538,29,0
2024.08.06 12:00:00,2410.99,2416.19,2391.67,2392.90,45637,29,0
2024.08.06 16:00:00,2392.91,2403.05,2381.38,2389.86,58116,29,0
2024.08.06 20:00:00,2389.82,2395.89,2386.35,2389.67,25247,29,0
2024.08.07 00:00:00,2390.58,2390.98,2380.96,2386.36,13981,29,0
2024.08.07 04:00:00,2386.38,2394.63,2378.86,2392.69,42420,29,0
2024.08.07 08:00:00,2392.62,2397.46,2387.96,2393.20,38323,27,0
2024.08.07 12:00:00,2393.22,2406.91,2392.34,2403.67,32349,27,0
2024.08.07 16:00:00,2403.76,2404.74,2391.86,2399.61,50680,27,0
2024.08.07 20:00:00,2399.60,2399.62,2381.70,2382.81,28301,27,0
2024.08.08 00:00:00,2381.96,2388.69,2380.10,2385.43,15538,27,0
2024.08.08 04:00:00,2385.42,2396.25,2384.88,2394.21,34634,27,0
2024.08.08 08:00:00,2394.21,2400.61,2392.32,2394.40,35603,27,0
2024.08.08 12:00:00,2394.43,2415.37,2393.73,2407.93,41578,27,0
2024.08.08 16:00:00,2407.93,2424.22,2402.21,2417.95,56603,27,0
2024.08.08 20:00:00,2417.96,2427.53,2415.66,2427.03,23725,27,0
2024.08.09 00:00:00,2426.55,2427.83,2422.49,2423.86,11277,27,0
2024.08.09 04:00:00,2423.87,2428.81,2419.21,2423.81,30062,27,0
2024.08.09 08:00:00,2423.81,2426.89,2416.77,2424.40,33463,27,0
2024.08.09 12:00:00,2424.37,2432.50,2422.56,2429.55,31911,27,0
2024.08.09 16:00:00,2429.40,2435.83,2420.91,2434.35,51530,27,0
2024.08.09 20:00:00,2434.33,2436.88,2427.09,2430.58,18784,27,0
2024.08.12 00:00:00,2429.68,2433.25,2426.61,2428.38,6865,27,0
2024.08.12 04:00:00,2428.27,2433.49,2423.67,2433.31,20549,27,0
2024.08.12 08:00:00,2433.31,2443.70,2428.99,2441.91,29699,27,0
2024.08.12 12:00:00,2441.92,2445.35,2439.55,2444.34,26226,27,0
2024.08.12 16:00:00,2444.34,2465.99,2442.00,2463.04,52494,27,0
2024.08.12 20:00:00,2463.03,2473.06,2461.59,2471.81,19223,27,0
2024.08.13 00:00:00,2470.29,2476.87,2468.35,2472.00,9593,27,0
2024.08.13 04:00:00,2472.02,2473.59,2460.05,2461.89,29950,27,0
2024.08.13 08:00:00,2461.89,2466.05,2458.37,2460.47,30183,27,0
2024.08.13 12:00:00,2460.49,2472.37,2458.78,2467.51,33142,27,0
2024.08.13 16:00:00,2467.52,2475.48,2458.76,2469.37,46609,27,0
2024.08.13 20:00:00,2469.37,2470.23,2462.08,2464.80,15925,27,0
2024.08.14 00:00:00,2465.87,2467.28,2462.75,2465.53,7898,27,0
2024.08.14 04:00:00,2465.52,2472.42,2455.14,2461.73,32439,27,0
2024.08.14 08:00:00,2461.68,2478.46,2459.11,2474.30,32150,27,0
2024.08.14 12:00:00,2474.25,2479.65,2462.14,2468.68,33370,27,0
2024.08.14 16:00:00,2468.66,2469.41,2437.95,2444.05,61277,27,0
2024.08.14 20:00:00,2444.06,2448.31,2440.19,2447.78,19360,27,0
2024.08.15 00:00:00,2447.11,2454.18,2446.33,2450.09,8561,27,0
2024.08.15 04:00:00,2450.02,2455.42,2448.09,2453.26,24107,27,0
2024.08.15 08:00:00,2453.26,2458.69,2450.19,2455.36,29005,27,0
2024.08.15 12:00:00,2455.36,2469.98,2440.88,2440.95,33135,27,0
2024.08.15 16:00:00,2441.08,2459.83,2432.03,2455.63,57437,27,0
2024.08.15 20:00:00,2455.64,2461.51,2453.34,2456.39,20657,27,0
2024.08.16 00:00:00,2455.57,2459.65,2454.26,2458.29,6691,27,0
2024.08.16 04:00:00,2458.47,2459.98,2450.63,2452.59,25911,27,0
2024.08.16 08:00:00,2452.61,2464.38,2451.03,2462.29,30137,27,0
2024.08.16 12:00:00,2462.28,2492.29,2461.13,2491.51,34517,27,0
2024.08.16 16:00:00,2491.51,2500.01,2477.36,2495.79,58462,27,0
2024.08.16 20:00:00,2495.78,2509.57,2492.99,2507.43,24646,27,0
2024.08.19 00:00:00,2509.19,2509.98,2500.12,2501.88,10878,27,0
2024.08.19 04:00:00,2501.94,2505.82,2494.82,2500.53,32641,27,0
2024.08.19 08:00:00,2500.55,2507.05,2498.98,2503.00,33664,27,0
2024.08.19 12:00:00,2503.01,2503.87,2486.39,2491.09,32302,27,0
2024.08.19 16:00:00,2491.09,2507.34,2485.52,2505.38,47799,27,0
2024.08.19 20:00:00,2505.36,2505.79,2500.60,2504.05,16113,27,0
2024.08.20 00:00:00,2503.39,2506.82,2501.92,2504.88,7175,27,0
2024.08.20 04:00:00,2504.83,2508.18,2498.59,2500.70,25828,27,0
2024.08.20 08:00:00,2500.70,2522.96,2497.21,2519.70,36574,27,0
2024.08.20 12:00:00,2519.75,2529.10,2519.66,2526.61,32509,27,0
2024.08.20 16:00:00,2526.57,2531.61,2500.66,2508.95,55238,27,0
2024.08.20 20:00:00,2508.96,2516.78,2506.62,2513.86,17095,27,0
2024.08.21 00:00:00,2513.03,2515.94,2512.40,2513.36,7818,27,0
2024.08.21 04:00:00,2513.39,2519.79,2510.71,2516.05,27306,27,0
2024.08.21 08:00:00,2516.01,2519.50,2506.79,2507.21,29711,27,0
2024.08.21 12:00:00,2507.07,2513.59,2504.35,2510.45,29723,27,0
2024.08.21 16:00:00,2510.55,2512.83,2493.33,2506.98,53666,27,0
2024.08.21 20:00:00,2506.97,2519.03,2506.80,2512.22,22171,27,0
2024.08.22 00:00:00,2511.37,2514.55,2510.79,2513.63,6856,27,0
2024.08.22 04:00:00,2513.62,2514.05,2499.18,2501.78,27606,27,0
2024.08.22 08:00:00,2501.78,2510.49,2500.56,2503.53,32380,27,0
2024.08.22 12:00:00,2503.54,2509.01,2495.10,2500.55,33431,27,0
2024.08.22 16:00:00,2500.55,2501.41,2470.72,2484.19,55052,27,0
2024.08.22 20:00:00,2484.19,2484.74,2478.43,2484.52,17222,27,0
2024.08.23 00:00:00,2484.95,2492.15,2484.22,2489.89,7306,27,0
2024.08.23 04:00:00,2489.90,2494.43,2486.59,2493.28,25720,27,0
2024.08.23 08:00:00,2493.27,2499.83,2490.49,2498.87,27825,27,0
2024.08.23 12:00:00,2498.87,2502.33,2495.50,2501.15,27142,27,0
2024.08.23 16:00:00,2501.15,2518.19,2494.30,2510.19,65838,27,0
2024.08.23 20:00:00,2510.19,2513.07,2507.78,2512.28,19755,27,0
2024.08.26 00:00:00,2511.25,2516.83,2510.68,2513.59,13082,27,0
2024.08.26 04:00:00,2513.47,2515.38,2508.79,2509.52,26757,27,0
2024.08.26 08:00:00,2509.48,2525.68,2508.57,2524.12,30611,27,0
2024.08.26 12:00:00,2524.12,2526.77,2520.79,2523.73,30019,27,0
2024.08.26 16:00:00,2523.71,2526.30,2510.52,2520.12,49329,27,0
2024.08.26 20:00:00,2520.08,2523.23,2515.45,2517.82,15643,27,0
2024.08.27 00:00:00,2518.05,2518.05,2512.83,2513.06,6623,27,0
2024.08.27 04:00:00,2513.09,2514.00,2505.68,2507.21,25313,27,0
2024.08.27 08:00:00,2507.12,2517.45,2503.38,2510.96,36486,27,0
2024.08.27 12:00:00,2510.90,2514.25,2506.78,2509.79,31978,27,0
2024.08.27 16:00:00,2509.74,2520.17,2503.37,2514.30,46884,27,0
2024.08.27 20:00:00,2514.30,2525.83,2513.99,2524.57,19387,27,0
2024.08.28 00:00:00,2524.67,2528.92,2523.77,2524.35,7997,27,0
2024.08.28 04:00:00,2524.35,2524.35,2510.07,2511.45,24214,27,0
2024.08.28 08:00:00,2511.42,2511.61,2503.28,2508.04,33957,27,0
2024.08.28 12:00:00,2507.97,2511.28,2493.50,2500.48,30951,29,0
2024.08.28 16:00:00,2500.49,2510.60,2496.25,2501.80,43312,29,0
2024.08.28 20:00:00,2501.79,2509.52,2500.44,2504.45,20303,29,0
2024.08.29 00:00:00,2504.17,2515.14,2504.13,2512.18,9599,29,0
2024.08.29 04:00:00,2512.23,2518.04,2511.49,2515.69,22648,29,0
2024.08.29 08:00:00,2515.67,2521.03,2513.70,2517.08,29793,29,0
2024.08.29 12:00:00,2517.10,2524.31,2503.45,2509.08,32908,29,0
2024.08.29 16:00:00,2509.10,2526.61,2508.04,2525.17,44338,29,0
2024.08.29 20:00:00,2525.18,2528.54,2520.57,2521.01,19294,29,0
2024.08.30 00:00:00,2520.52,2521.63,2516.58,2517.63,6302,29,0
2024.08.30 04:00:00,2517.62,2519.99,2512.03,2513.23,23782,29,0
2024.08.30 08:00:00,2513.23,2526.57,2512.40,2522.77,30003,29,0
2024.08.30 12:00:00,2522.78,2526.78,2514.88,2519.49,29371,29,0
2024.08.30 16:00:00,2519.50,2519.70,2496.44,2497.64,51373,29,0
2024.08.30 20:00:00,2497.65,2504.64,2494.01,2503.12,22734,29,0
2024.09.02 00:00:00,2502.33,2504.93,2501.02,2501.43,7719,29,0
2024.09.02 04:00:00,2501.44,2504.57,2489.87,2496.82,26026,29,0
2024.09.02 08:00:00,2496.91,2507.14,2495.16,2506.22,27231,29,0
2024.09.02 12:00:00,2506.09,2506.47,2496.93,2501.12,19469,29,0
2024.09.02 16:00:00,2501.16,2502.32,2497.56,2500.43,17209,29,0
2024.09.02 20:00:00,2500.43,2501.18,2498.59,2498.90,1882,29,0
2024.09.03 00:00:00,2499.48,2499.80,2494.88,2495.70,5946,29,0
2024.09.03 04:00:00,2495.63,2496.88,2489.55,2495.88,27480,29,0
2024.09.03 08:00:00,2495.88,2506.11,2492.61,2503.85,29420,29,0
2024.09.03 12:00:00,2503.86,2504.88,2484.56,2493.09,38167,29,0
2024.09.03 16:00:00,2493.09,2497.51,2473.04,2485.95,53795,29,0
2024.09.03 20:00:00,2485.83,2494.25,2485.40,2492.93,16035,29,0
2024.09.04 00:00:00,2492.62,2494.88,2491.93,2492.26,8490,29,0
2024.09.04 04:00:00,2492.24,2496.78,2491.17,2495.77,20861,29,0
2024.09.04 08:00:00,2495.77,2496.48,2472.39,2473.16,32044,29,0
2024.09.04 12:00:00,2473.25,2491.19,2471.76,2486.47,32501,29,0
2024.09.04 16:00:00,2486.45,2500.11,2481.91,2496.61,47154,29,0
2024.09.04 20:00:00,2496.63,2497.17,2491.35,2495.46,13483,29,0
2024.09.05 00:00:00,2494.38,2496.77,2494.35,2495.02,6652,29,0
2024.09.05 04:00:00,2495.02,2499.22,2493.68,2494.13,18438,29,0
2024.09.05 08:00:00,2494.07,2516.52,2493.82,2514.56,30852,29,0
2024.09.05 12:00:00,2514.55,2523.36,2513.22,2517.58,34362,29,0
2024.09.05 16:00:00,2517.60,2520.47,2503.83,2510.28,56168,29,0
2024.09.05 20:00:00,2510.27,2516.79,2509.14,2516.52,16046,29,0
2024.09.06 00:00:00,2516.37,2517.81,2515.50,2515.83,6003,29,0
2024.09.06 04:00:00,2515.84,2519.44,2512.91,2518.34,18110,29,0
2024.09.06 08:00:00,2518.29,2521.74,2515.42,2517.68,25832,29,0
2024.09.06 12:00:00,2517.70,2529.04,2507.32,2522.11,31663,29,0
2024.09.06 16:00:00,2522.12,2522.84,2484.95,2488.91,78621,29,0
2024.09.06 20:00:00,2488.87,2497.71,2485.78,2497.18,26941,29,0
2024.09.09 00:00:00,2496.63,2498.15,2495.37,2495.89,9199,29,0
2024.09.09 04:00:00,2495.91,2500.33,2494.60,2498.09,23615,29,0
2024.09.09 08:00:00,2498.06,2498.18,2485.41,2492.06,38839,29,0
2024.09.09 12:00:00,2492.07,2504.01,2491.99,2500.79,29301,29,0
2024.09.09 16:00:00,2500.78,2505.17,2493.11,2504.26,44418,29,0
2024.09.09 20:00:00,2504.36,2507.13,2499.30,2506.25,18735,29,0
2024.09.10 00:00:00,2506.29,2507.50,2504.64,2505.29,6491,29,0
2024.09.10 04:00:00,2505.34,2506.75,2500.86,2501.64,19599,29,0
2024.09.10 08:00:00,2501.49,2507.64,2499.97,2502.15,29214,29,0
2024.09.10 12:00:00,2502.14,2513.95,2500.05,2513.72,29079,29,0
2024.09.10 16:00:00,2513.73,2518.36,2500.78,2514.30,49135,29,0
2024.09.10 20:00:00,2514.28,2517.36,2511.96,2516.51,17105,29,0
2024.09.11 00:00:00,2516.27,2518.99,2516.03,2516.44,6402,29,0
2024.09.11 04:00:00,2516.47,2522.43,2514.84,2519.49,28338,29,0
2024.09.11 08:00:00,2519.45,2528.89,2519.23,2524.13,34362,29,0
2024.09.11 12:00:00,2524.12,2524.55,2502.07,2508.01,36228,28,0
2024.09.11 16:00:00,2508.02,2519.99,2500.79,2515.12,59410,28,0
2024.09.11 20:00:00,2515.05,2516.73,2509.68,2511.28,21128,28,0
2024.09.12 00:00:00,2510.77,2513.72,2510.77,2512.04,5421,28,0
2024.09.12 04:00:00,2511.99,2517.66,2510.90,2516.94,19646,28,0
2024.09.12 08:00:00,2516.99,2522.16,2514.40,2517.26,27116,28,0
2024.09.12 12:00:00,2517.23,2535.26,2512.89,2528.46,34275,28,0
2024.09.12 16:00:00,2528.47,2555.09,2521.85,2550.60,62675,28,0
2024.09.12 20:00:00,2550.64,2559.95,2550.01,2558.52,26170,28,0
2024.09.13 00:00:00,2558.11,2562.56,2556.49,2561.45,9326,28,0
2024.09.13 04:00:00,2561.46,2570.00,2559.83,2568.75,28210,28,0
2024.09.13 08:00:00,2568.71,2570.92,2563.02,2569.83,33618,28,0
2024.09.13 12:00:00,2569.84,2575.82,2563.60,2575.76,31026,28,0
2024.09.13 16:00:00,2575.74,2585.05,2572.96,2584.21,51270,28,0
2024.09.13 20:00:00,2584.18,2585.94,2577.55,2578.91,21127,28,0
2024.09.16 00:00:00,2578.64,2582.27,2577.39,2581.27,8694,28,0
2024.09.16 04:00:00,2581.25,2588.83,2579.75,2585.67,15376,28,0
2024.09.16 08:00:00,2585.67,2589.51,2579.36,2586.73,27648,28,0
2024.09.16 12:00:00,2586.72,2588.15,2575.04,2583.32,31519,28,0
2024.09.16 16:00:00,2583.31,2589.21,2575.98,2583.57,42424,28,0
2024.09.16 20:00:00,2583.52,2584.02,2579.52,2582.24,12821,28,0
2024.09.17 00:00:00,2581.92,2584.32,2580.09,2580.18,5777,28,0
2024.09.17 04:00:00,2580.20,2586.20,2574.78,2576.78,18997,28,0
2024.09.17 08:00:00,2576.79,2586.83,2574.43,2580.01,25792,28,0
2024.09.17 12:00:00,2580.00,2581.57,2568.19,2577.65,36784,28,0
2024.09.17 16:00:00,2577.87,2582.13,2561.27,2562.96,46863,28,0
2024.09.17 20:00:00,2562.98,2571.50,2560.63,2569.33,19933,28,0
2024.09.18 00:00:00,2569.26,2574.72,2569.09,2572.95,7448,28,0
2024.09.18 04:00:00,2572.98,2576.36,2567.82,2568.52,25665,28,0
2024.09.18 08:00:00,2568.48,2571.86,2565.63,2569.65,25784,28,0
2024.09.18 12:00:00,2569.66,2580.63,2567.87,2576.15,24828,28,0
2024.09.18 16:00:00,2576.16,2578.46,2567.89,2574.76,39916,28,0
2024.09.18 20:00:00,2574.77,2600.01,2546.66,2558.98,64274,28,0
2024.09.19 00:00:00,2558.50,2561.46,2555.28,2558.70,12877,28,0
2024.09.19 04:00:00,2558.71,2566.60,2550.95,2563.98,36593,28,0
2024.09.19 08:00:00,2563.98,2586.48,2563.89,2584.83,39866,28,0
2024.09.19 12:00:00,2584.83,2594.78,2573.03,2576.71,44239,28,0
2024.09.19 16:00:00,2576.62,2592.46,2569.55,2591.60,55067,28,0
2024.09.19 20:00:00,2591.68,2592.58,2585.84,2586.64,19472,28,0
2024.09.20 00:00:00,2586.08,2588.42,2585.90,2588.01,6934,28,0
2024.09.20 04:00:00,2588.02,2594.30,2584.70,2593.62,25786,28,0
2024.09.20 08:00:00,2593.62,2612.59,2592.29,2609.64,35045,28,0
2024.09.20 12:00:00,2609.66,2619.23,2602.41,2615.45,33204,28,0
2024.09.20 16:00:00,2615.43,2625.60,2602.46,2624.77,63098,28,0
2024.09.20 20:00:00,2624.79,2625.29,2617.71,2622.04,25888,28,0
2024.09.23 00:00:00,2621.30,2621.87,2617.93,2618.20,7564,28,0
2024.09.23 04:00:00,2618.14,2631.01,2615.96,2629.29,25124,28,0
2024.09.23 08:00:00,2629.29,2631.21,2613.68,2616.73,37992,28,0
2024.09.23 12:00:00,2616.73,2627.99,2615.27,2626.95,29002,28,0
2024.09.23 16:00:00,2626.95,2634.75,2625.50,2628.03,50737,28,0
2024.09.23 20:00:00,2628.02,2628.97,2625.56,2628.26,17216,28,0
2024.09.24 00:00:00,2627.48,2628.34,2623.68,2625.04,7286,28,0
2024.09.24 04:00:00,2625.05,2638.18,2624.79,2637.99,31370,28,0
2024.09.24 08:00:00,2638.06,2639.95,2622.47,2628.89,40273,28,0
2024.09.24 12:00:00,2628.89,2636.01,2623.29,2633.07,34756,28,0
2024.09.24 16:00:00,2633.08,2655.11,2630.86,2653.41,60749,28,0
2024.09.24 20:00:00,2653.39,2664.24,2649.66,2656.98,26603,28,0
2024.09.25 00:00:00,2657.73,2660.76,2656.52,2660.67,10867,28,0
2024.09.25 04:00:00,2660.76,2670.42,2655.35,2658.82,36380,28,0
2024.09.25 08:00:00,2658.81,2659.70,2651.02,2655.77,36621,28,0
2024.09.25 12:00:00,2655.78,2660.70,2652.63,2659.34,31068,28,0
2024.09.25 16:00:00,2659.34,2667.34,2649.65,2653.57,55408,28,0
2024.09.25 20:00:00,2653.46,2662.84,2652.98,2656.84,21703,28,0
2024.09.26 00:00:00,2656.47,2660.23,2655.26,2658.96,8181,28,0
2024.09.26 04:00:00,2658.97,2662.77,2656.88,2660.54,22967,28,0
2024.09.26 08:00:00,2660.53,2670.36,2657.87,2668.93,34070,28,0
2024.09.26 12:00:00,2668.93,2685.43,2666.79,2677.14,45421,28,0
2024.09.26 16:00:00,2677.14,2679.54,2654.66,2668.04,66561,28,0
2024.09.26 20:00:00,2667.93,2677.73,2667.46,2672.18,21084,28,0
2024.09.27 00:00:00,2671.97,2673.09,2669.21,2669.66,9069,28,0
2024.09.27 04:00:00,2669.67,2673.85,2666.12,2670.34,31098,28,0
2024.09.27 08:00:00,2670.35,2671.20,2660.87,2662.46,47905,28,0
2024.09.27 12:00:00,2662.46,2674.20,2658.23,2669.87,37562,28,0
2024.09.27 16:00:00,2669.86,2670.96,2644.64,2651.68,63632,28,0
2024.09.27 20:00:00,2651.80,2659.84,2642.98,2657.99,24464,28,0
2024.09.30 00:00:00,2656.92,2665.89,2656.88,2661.49,16048,28,0
2024.09.30 04:00:00,2661.51,2664.20,2647.23,2655.77,31230,28,0
2024.09.30 08:00:00,2655.78,2660.47,2650.51,2653.39,33161,28,0
2024.09.30 12:00:00,2653.46,2653.54,2634.32,2638.81,36868,28,0
2024.09.30 16:00:00,2638.86,2641.96,2628.61,2638.98,53318,28,0
2024.09.30 20:00:00,2639.00,2641.72,2624.57,2634.37,28866,28,0
2024.10.01 00:00:00,2633.94,2637.10,2631.99,2636.33,6639,28,0
2024.10.01 04:00:00,2636.34,2640.29,2634.38,2639.53,14815,28,0
2024.10.01 08:00:00,2639.53,2647.36,2639.46,2646.44,28603,28,0
2024.10.01 12:00:00,2646.44,2656.52,2645.32,2651.38,31390,28,0
2024.10.01 16:00:00,2651.42,2672.96,2647.85,2666.30,64103,28,0
2024.10.01 20:00:00,2666.39,2671.61,2657.45,2663.29,26507,28,0
2024.10.02 00:00:00,2662.68,2662.78,2656.87,2657.31,9383,28,0
2024.10.02 04:00:00,2657.36,2661.93,2652.47,2654.01,21611,28,0
2024.10.02 08:00:00,2654.00,2656.06,2644.39,2652.32,33143,28,0
2024.10.02 12:00:00,2652.34,2655.44,2643.53,2649.46,29867,28,0
2024.10.02 16:00:00,2649.47,2663.28,2641.00,2649.61,53795,28,0
2024.10.02 20:00:00,2649.61,2659.77,2647.06,2658.50,18489,28,0
2024.10.03 00:00:00,2657.93,2662.78,2657.27,2657.66,10401,28,0
2024.10.03 04:00:00,2657.66,2658.80,2653.15,2654.89,20672,28,0
2024.10.03 08:00:00,2654.87,2657.37,2641.59,2645.05,39893,28,0
2024.10.03 12:00:00,2645.01,2653.84,2640.88,2642.24,36495,28,0
2024.10.03 16:00:00,2642.18,2661.07,2637.21,2659.92,53605,28,0
2024.10.03 20:00:00,2659.92,2662.03,2655.02,2655.92,19230,28,0
2024.10.04 00:00:00,2656.36,2657.42,2654.21,2657.16,7136,28,0
2024.10.04 04:00:00,2657.14,2665.74,2656.63,2664.00,17687,28,0
2024.10.04 08:00:00,2663.96,2667.71,2658.62,2658.90,28553,28,0
2024.10.04 12:00:00,2658.91,2662.45,2631.92,2638.71,34707,28,0
2024.10.04 16:00:00,2638.70,2670.06,2637.36,2645.19,66653,28,0
2024.10.04 20:00:00,2645.26,2653.78,2642.63,2653.41,23908,28,0
2024.10.07 00:00:00,2650.82,2652.51,2647.64,2649.16,9671,28,0
2024.10.07 04:00:00,2649.21,2651.81,2643.70,2646.65,24782,28,0
2024.10.07 08:00:00,2646.66,2656.28,2639.58,2652.23,35511,28,0
2024.10.07 12:00:00,2652.22,2659.44,2637.64,2639.96,34308,28,0
2024.10.07 16:00:00,2639.88,2653.58,2638.97,2646.72,49371,28,0
2024.10.07 20:00:00,2646.72,2648.65,2639.50,2642.56,18100,28,0
2024.10.08 00:00:00,2642.38,2648.95,2641.59,2643.45,10953,28,0
2024.10.08 04:00:00,2643.46,2648.10,2633.61,2642.96,44040,28,0
2024.10.08 08:00:00,2642.98,2646.33,2628.44,2637.79,45009,28,0
2024.10.08 12:00:00,2637.79,2652.91,2635.65,2645.77,39543,28,0
2024.10.08 16:00:00,2645.74,2647.55,2604.63,2608.84,67477,28,0
2024.10.08 20:00:00,2608.85,2623.52,2605.34,2621.71,24778,28,0
2024.10.09 00:00:00,2621.25,2623.66,2620.47,2621.00,7768,28,0
2024.10.09 04:00:00,2621.00,2624.12,2614.72,2615.85,30760,28,0
2024.10.09 08:00:00,2615.84,2624.20,2609.03,2616.19,41707,28,0
2024.10.09 12:00:00,2616.19,2622.33,2614.54,2618.75,32378,27,0
2024.10.09 16:00:00,2618.76,2620.64,2605.11,2608.59,52455,27,0
2024.10.09 20:00:00,2608.59,2610.96,2605.05,2607.62,19465,27,0
2024.10.10 00:00:00,2606.97,2610.05,2605.76,2609.19,7298,27,0
2024.10.10 04:00:00,2609.20,2616.78,2606.67,2613.75,31451,27,0
2024.10.10 08:00:00,2613.80,2617.18,2610.14,2615.37,34742,27,0
2024.10.10 12:00:00,2615.38,2627.20,2602.24,2624.90,35178,27,0
2024.10.10 16:00:00,2624.91,2629.61,2615.37,2619.11,63541,27,0
2024.10.10 20:00:00,2619.12,2631.39,2616.33,2629.96,23134,27,0
2024.10.11 00:00:00,2629.72,2635.85,2627.94,2633.70,10080,27,0
2024.10.11 04:00:00,2633.73,2645.99,2632.80,2645.49,28127,27,0
2024.10.11 08:00:00,2645.40,2647.08,2637.92,2639.09,27626,27,0
2024.10.11 12:00:00,2639.10,2650.00,2636.09,2642.89,34108,27,0
2024.10.11 16:00:00,2643.05,2661.30,2642.50,2660.38,47461,27,0
2024.10.11 20:00:00,2660.38,2661.09,2654.56,2656.82,14966,27,0
2024.10.14 00:00:00,2655.64,2656.14,2644.91,2646.60,10581,27,0
2024.10.14 04:00:00,2646.60,2660.21,2643.02,2659.07,27042,27,0
2024.10.14 08:00:00,2659.00,2666.69,2656.96,2659.31,26189,27,0
2024.10.14 12:00:00,2659.33,2662.91,2649.16,2651.31,29889,27,0
2024.10.14 16:00:00,2651.29,2661.10,2643.83,2648.47,46531,27,0
2024.10.14 20:00:00,2648.46,2653.20,2645.98,2648.46,14514,27,0
2024.10.15 00:00:00,2647.16,2650.83,2646.85,2648.05,7376,27,0
2024.10.15 04:00:00,2648.03,2652.65,2642.81,2644.24,31341,27,0
2024.10.15 08:00:00,2644.25,2655.67,2637.98,2653.83,44615,27,0
2024.10.15 12:00:00,2653.82,2657.31,2645.49,2648.17,39921,27,0
2024.10.15 16:00:00,2648.16,2668.79,2645.93,2661.76,59054,27,0
2024.10.15 20:00:00,2661.77,2666.36,2658.89,2662.57,21829,27,0
2024.10.16 00:00:00,2662.52,2662.70,2658.59,2660.09,5549,27,0
2024.10.16 04:00:00,2660.09,2669.96,2660.06,2666.58,32442,27,0
2024.10.16 08:00:00,2666.60,2679.98,2665.98,2679.36,42082,27,0
2024.10.16 12:00:00,2679.38,2682.65,2672.85,2681.65,38177,27,0
2024.10.16 16:00:00,2681.68,2685.31,2666.61,2674.05,58857,27,0
2024.10.16 20:00:00,2674.06,2676.54,2672.63,2673.59,16359,27,0
2024.10.17 00:00:00,2673.29,2677.82,2673.12,2677.72,6306,27,0
2024.10.17 04:00:00,2677.73,2684.81,2674.40,2678.93,37924,27,0
2024.10.17 08:00:00,2678.96,2685.61,2677.91,2681.74,43788,27,0
2024.10.17 12:00:00,2681.71,2688.68,2672.98,2680.47,40904,27,0
2024.10.17 16:00:00,2680.49,2696.61,2677.64,2692.14,63316,27,0
2024.10.17 20:00:00,2692.15,2694.11,2688.76,2692.74,16361,27,0
2024.10.18 00:00:00,2692.41,2695.66,2692.08,2692.90,7156,27,0
2024.10.18 04:00:00,2692.90,2711.85,2692.69,2710.05,40854,27,0
2024.10.18 08:00:00,2710.07,2713.95,2701.62,2706.14,43697,27,0
2024.10.18 12:00:00,2706.12,2716.92,2706.09,2709.45,38662,27,0
2024.10.18 16:00:00,2709.45,2719.99,2704.84,2717.51,56400,27,0
2024.10.18 20:00:00,2717.52,2722.37,2713.47,2721.34,21562,27,0
2024.10.21 00:00:00,2720.29,2725.70,2719.32,2721.48,11414,27,0
2024.10.21 04:00:00,2721.54,2732.71,2720.86,2730.23,38796,27,0
2024.10.21 08:00:00,2730.22,2733.00,2723.43,2731.26,43741,27,0
2024.10.21 12:00:00,2731.27,2739.68,2727.62,2738.51,46356,27,0
2024.10.21 16:00:00,2738.56,2740.44,2716.78,2723.40,64300,27,0
2024.10.21 20:00:00,2723.41,2725.51,2714.06,2719.39,23036,27,0
2024.10.22 00:00:00,2719.87,2725.03,2718.58,2724.59,9007,27,0
2024.10.22 04:00:00,2724.58,2735.83,2723.94,2734.60,31991,27,0
2024.10.22 08:00:00,2734.59,2738.27,2728.90,2734.81,33704,27,0
2024.10.22 12:00:00,2734.77,2739.25,2729.39,2736.11,41483,27,0
2024.10.22 16:00:00,2736.10,2745.47,2733.67,2745.24,58356,27,0
2024.10.22 20:00:00,2745.26,2748.90,2743.44,2748.89,23953,27,0
2024.10.23 00:00:00,2748.47,2748.67,2744.66,2745.07,7428,27,0
2024.10.23 04:00:00,2745.13,2750.55,2737.80,2749.87,40168,27,0
2024.10.23 08:00:00,2749.86,2758.35,2748.00,2756.85,37375,27,0
2024.10.23 12:00:00,2756.94,2757.52,2740.70,2743.20,42310,27,0
2024.10.23 16:00:00,2743.23,2744.00,2708.62,2719.24,68670,27,0
2024.10.23 20:00:00,2719.24,2720.57,2711.85,2715.23,27880,27,0
2024.10.24 00:00:00,2714.34,2721.73,2714.26,2721.09,11606,27,0
2024.10.24 04:00:00,2721.11,2726.95,2720.07,2726.41,34146,27,0
2024.10.24 08:00:00,2726.39,2737.80,2725.71,2736.80,40036,27,0
2024.10.24 12:00:00,2736.76,2741.44,2734.42,2738.94,36371,27,0
2024.10.24 16:00:00,2739.02,2743.12,2722.32,2733.47,62504,27,0
2024.10.24 20:00:00,2733.47,2737.63,2732.82,2735.79,22220,27,0
2024.10.25 00:00:00,2735.67,2735.86,2731.14,2732.29,7687,27,0
2024.10.25 04:00:00,2732.30,2735.07,2723.81,2725.82,32037,27,0
2024.10.25 08:00:00,2725.83,2732.43,2718.76,2719.35,36858,27,0
2024.10.25 12:00:00,2719.38,2732.33,2716.92,2731.41,36984,27,0
2024.10.25 16:00:00,2731.48,2741.94,2725.11,2739.13,55691,27,0
2024.10.25 20:00:00,2739.14,2747.59,2738.69,2746.84,17882,27,0
2024.10.28 00:00:00,2736.07,2740.05,2724.50,2732.18,26670,27,0
2024.10.28 04:00:00,2732.17,2738.68,2729.08,2738.32,25326,27,0
2024.10.28 08:00:00,2738.31,2744.48,2728.34,2729.17,34199,27,0
2024.10.28 12:00:00,2729.17,2743.30,2727.74,2740.81,40647,27,0
2024.10.28 16:00:00,2740.67,2745.84,2738.74,2743.21,39452,27,0
2024.10.28 20:00:00,2743.22,2743.46,2740.03,2742.08,10102,27,0
2024.10.29 00:00:00,2742.02,2752.26,2739.59,2751.99,18852,27,0
2024.10.29 04:00:00,2752.01,2757.60,2748.52,2749.81,32593,27,0
2024.10.29 08:00:00,2749.82,2756.48,2746.23,2752.36,36558,27,0
2024.10.29 12:00:00,2752.36,2763.92,2745.93,2760.38,46897,27,0
2024.10.29 16:00:00,2760.38,2772.45,2760.38,2769.71,55496,27,0
2024.10.29 20:00:00,2769.68,2774.65,2768.12,2774.30,13334,27,0
2024.10.30 00:00:00,2774.11,2782.00,2772.72,2781.55,19983,27,0
2024.10.30 04:00:00,2781.55,2784.79,2775.93,2783.03,29971,27,0
2024.10.30 08:00:00,2783.04,2789.69,2779.42,2784.46,35583,27,0
2024.10.30 12:00:00,2784.47,2787.38,2770.78,2777.37,51078,27,0
2024.10.30 16:00:00,2777.40,2789.51,2771.84,2788.50,55213,27,0
2024.10.30 20:00:00,2788.50,2789.95,2784.35,2787.22,14454,27,0
2024.10.31 00:00:00,2787.22,2789.94,2783.44,2784.54,15886,27,0
2024.10.31 04:00:00,2784.51,2788.93,2781.97,2785.02,24384,27,0
2024.10.31 08:00:00,2785.01,2785.92,2776.84,2778.12,33851,27,0
2024.10.31 12:00:00,2778.12,2782.53,2754.50,2755.20,51927,27,0
2024.10.31 16:00:00,2755.18,2756.81,2731.44,2739.45,65836,27,0
2024.10.31 20:00:00,2739.42,2749.55,2739.39,2743.75,21262,27,0
2024.11.01 00:00:00,2744.05,2749.89,2743.48,2749.63,22018,27,0
2024.11.01 04:00:00,2749.62,2755.11,2745.68,2754.87,34115,27,0
2024.11.01 08:00:00,2754.88,2757.52,2747.01,2751.21,42438,27,0
2024.11.01 12:00:00,2751.24,2762.14,2744.71,2755.69,55691,27,0
2024.11.01 16:00:00,2756.51,2758.76,2734.95,2736.16,61251,27,0
2024.11.01 20:00:00,2736.16,2737.90,2733.04,2736.24,17489,27,0
2024.11.04 00:00:00,2736.23,2741.21,2729.84,2739.76,17970,27,0
2024.11.04 04:00:00,2739.75,2743.59,2736.84,2741.39,34769,27,0
2024.11.04 08:00:00,2741.43,2744.65,2731.79,2743.17,44150,27,0
2024.11.04 12:00:00,2743.20,2746.65,2736.41,2746.64,40913,27,0
2024.11.04 16:00:00,2746.63,2748.08,2731.66,2738.28,54644,27,0
2024.11.04 20:00:00,2738.30,2739.54,2735.48,2736.47,21253,27,0
2024.11.05 00:00:00,2736.73,2737.71,2732.80,2734.15,15895,27,0
2024.11.05 04:00:00,2734.16,2737.10,2724.58,2732.45,34358,27,0
2024.11.05 08:00:00,2732.45,2744.93,2731.58,2739.80,37420,27,0
2024.11.05 12:00:00,2739.79,2746.63,2735.50,2744.61,38139,27,0
2024.11.05 16:00:00,2744.58,2749.86,2732.89,2741.88,53077,27,0
2024.11.05 20:00:00,2741.89,2744.81,2739.26,2743.75,18643,27,0
2024.11.06 00:00:00,2742.76,2749.56,2732.49,2746.91,28044,27,0
2024.11.06 04:00:00,2746.92,2748.20,2730.32,2738.86,60428,27,0
2024.11.06 08:00:00,2738.86,2739.15,2701.35,2724.53,64438,27,0
2024.11.06 12:00:00,2724.54,2727.11,2658.94,2664.05,63960,27,0
2024.11.06 16:00:00,2663.87,2678.11,2652.23,2663.17,71759,27,0
2024.11.06 20:00:00,2663.20,2669.48,2658.80,2658.82,28368,27,0
2024.11.07 00:00:00,2658.46,2664.19,2643.26,2649.28,25789,27,0
2024.11.07 04:00:00,2649.29,2661.12,2649.28,2659.06,37760,27,0
2024.11.07 08:00:00,2659.08,2667.46,2652.64,2661.47,44772,27,0
2024.11.07 12:00:00,2661.51,2684.96,2659.73,2684.42,44245,27,0
2024.11.07 16:00:00,2684.42,2700.25,2682.25,2699.26,58984,27,0
2024.11.07 20:00:00,2699.24,2710.12,2687.33,2706.39,36687,27,0
2024.11.08 00:00:00,2705.57,2710.22,2698.97,2699.69,18192,27,0
2024.11.08 04:00:00,2699.69,2700.88,2693.16,2695.07,27810,27,0
2024.11.08 08:00:00,2695.08,2695.68,2680.23,2689.15,49415,27,0
2024.11.08 12:00:00,2689.17,2700.99,2681.88,2697.44,46757,27,0
2024.11.08 16:00:00,2697.43,2704.00,2682.85,2687.81,56460,27,0
2024.11.08 20:00:00,2687.82,2688.68,2682.64,2684.45,18748,27,0
2024.11.11 00:00:00,2684.67,2686.03,2671.73,2672.86,23128,27,0
2024.11.11 04:00:00,2672.89,2675.12,2666.43,2669.10,33129,27,0
2024.11.11 08:00:00,2669.12,2673.98,2663.72,2666.73,43293,27,0
2024.11.11 12:00:00,2666.72,2675.24,2634.18,2635.48,52202,27,0
2024.11.11 16:00:00,2635.44,2635.62,2611.43,2612.44,59924,27,0
2024.11.11 20:00:00,2612.43,2626.06,2610.49,2619.30,19181,27,0
2024.11.12 00:00:00,2619.27,2627.05,2618.86,2624.05,18652,27,0
2024.11.12 04:00:00,2624.03,2625.34,2605.29,2606.77,37100,27,0
2024.11.12 08:00:00,2606.76,2609.99,2590.73,2593.14,51017,27,0
2024.11.12 12:00:00,2593.14,2616.25,2589.57,2611.44,49563,27,0
2024.11.12 16:00:00,2611.55,2616.94,2592.35,2597.29,58676,27,0
2024.11.12 20:00:00,2597.40,2601.97,2595.05,2598.00,19365,27,0
2024.11.13 00:00:00,2598.49,2611.05,2597.34,2608.00,20596,27,0
2024.11.13 04:00:00,2608.01,2613.19,2603.44,2605.66,33564,27,0
2024.11.13 08:00:00,2605.61,2611.54,2600.92,2608.49,37825,27,0
2024.11.13 12:00:00,2608.48,2618.63,2605.75,2612.15,42272,27,0
2024.11.13 16:00:00,2612.10,2616.26,2577.48,2583.23,76393,27,0
2024.11.13 20:00:00,2583.20,2585.33,2572.51,2572.70,25292,27,0
2024.11.14 00:00:00,2571.82,2581.25,2561.43,2562.46,26028,27,0
2024.11.14 04:00:00,2562.43,2565.16,2555.21,2558.52,37071,27,0
2024.11.14 08:00:00,2558.57,2560.33,2536.66,2543.41,52867,27,0
2024.11.14 12:00:00,2543.43,2560.10,2538.88,2557.02,58488,27,0
2024.11.14 16:00:00,2556.97,2577.33,2554.17,2572.83,62106,27,0
2024.11.14 20:00:00,2572.90,2576.74,2563.79,2564.52,32147,27,0
2024.11.15 00:00:00,2565.08,2571.59,2562.99,2564.91,18233,27,0
2024.11.15 04:00:00,2564.90,2571.01,2559.61,2559.80,32361,27,0
2024.11.15 08:00:00,2559.79,2568.88,2554.36,2563.86,46845,27,0
2024.11.15 12:00:00,2563.88,2575.60,2560.99,2565.20,57154,27,0
2024.11.15 16:00:00,2565.20,2575.94,2560.00,2562.83,72798,27,0
2024.11.15 20:00:00,2562.91,2567.91,2559.34,2562.79,23988,27,0
2024.11.18 00:00:00,2564.84,2597.16,2563.48,2586.90,27242,27,0
2024.11.18 04:00:00,2586.86,2594.98,2584.91,2585.43,34819,27,0
2024.11.18 08:00:00,2585.40,2597.16,2580.31,2595.62,48466,27,0
2024.11.18 12:00:00,2595.61,2604.92,2589.48,2603.82,48604,27,0
2024.11.18 16:00:00,2603.83,2614.95,2602.66,2610.31,51501,27,0
2024.11.18 20:00:00,2610.33,2612.50,2607.61,2611.63,20278,27,0
2024.11.19 00:00:00,2611.78,2617.73,2610.19,2615.57,17443,27,0
2024.11.19 04:00:00,2615.56,2625.45,2615.52,2622.45,33084,27,0
2024.11.19 08:00:00,2622.46,2634.35,2617.63,2630.12,50995,27,0
2024.11.19 12:00:00,2630.13,2639.33,2628.64,2635.15,52341,27,0
2024.11.19 16:00:00,2635.05,2636.79,2620.81,2627.96,62945,27,0
2024.11.19 20:00:00,2627.98,2634.48,2626.15,2632.04,21298,27,0
2024.11.20 00:00:00,2631.87,2641.37,2631.64,2639.49,19433,27,0
2024.11.20 04:00:00,2639.49,2641.71,2634.83,2636.75,27908,27,0
2024.11.20 08:00:00,2636.47,2636.92,2618.72,2621.80,46421,27,0
2024.11.20 12:00:00,2621.78,2640.32,2620.82,2635.98,44505,27,0
2024.11.20 16:00:00,2635.98,2655.28,2634.05,2651.72,49421,27,0
2024.11.20 20:00:00,2651.77,2653.02,2645.35,2650.02,24680,27,0
2024.11.21 00:00:00,2649.53,2660.34,2648.71,2653.31,18793,27,0
2024.11.21 04:00:00,2653.25,2658.81,2650.28,2656.76,27565,27,0
2024.11.21 08:00:00,2656.77,2671.53,2656.42,2668.71,42597,27,0
2024.11.21 12:00:00,2668.71,2673.38,2660.36,2665.38,42688,27,0
2024.11.21 16:00:00,2665.46,2672.72,2661.21,2671.70,61800,27,0
2024.11.21 20:00:00,2671.71,2673.36,2667.64,2669.40,22527,27,0
2024.11.22 00:00:00,2669.54,2679.33,2668.05,2677.71,18887,27,0
2024.11.22 04:00:00,2677.69,2692.20,2677.19,2686.53,40052,27,0
2024.11.22 08:00:00,2686.53,2707.33,2685.76,2703.21,51999,27,0
2024.11.22 12:00:00,2703.22,2710.03,2689.22,2692.79,56193,27,0
2024.11.22 16:00:00,2692.78,2707.16,2684.35,2706.73,61321,27,0
2024.11.22 20:00:00,2706.77,2715.48,2704.94,2715.34,25646,27,0
2024.11.25 00:00:00,2714.07,2721.23,2689.63,2701.12,31352,27,0
2024.11.25 04:00:00,2701.10,2704.30,2658.07,2664.57,46035,27,0
2024.11.25 08:00:00,2664.54,2675.08,2661.52,2673.77,51301,27,0
2024.11.25 12:00:00,2673.76,2688.61,2668.71,2678.17,41875,27,0
2024.11.25 16:00:00,2678.16,2678.61,2624.47,2627.68,63753,27,0
2024.11.25 20:00:00,2627.68,2628.61,2615.47,2625.38,24718,27,0
2024.11.26 00:00:00,2625.37,2632.04,2605.12,2628.00,31643,27,0
2024.11.26 04:00:00,2628.00,2631.33,2617.78,2624.23,35925,27,0
2024.11.26 08:00:00,2624.21,2627.04,2610.73,2625.90,40221,27,0
2024.11.26 12:00:00,2625.90,2641.80,2623.91,2629.75,45686,27,0
2024.11.26 16:00:00,2629.76,2633.73,2616.61,2624.86,42772,27,0
2024.11.26 20:00:00,2624.84,2633.40,2619.45,2632.98,23539,27,0
2024.11.27 00:00:00,2632.19,2633.94,2626.97,2631.28,17390,27,0
2024.11.27 04:00:00,2631.27,2645.65,2631.00,2641.91,27248,27,0
2024.11.27 08:00:00,2641.89,2653.69,2638.88,2648.27,35608,27,0
2024.11.27 12:00:00,2648.26,2658.14,2642.95,2656.14,33148,27,0
2024.11.27 16:00:00,2656.18,2656.75,2635.21,2637.18,56910,27,0
2024.11.27 20:00:00,2637.16,2640.69,2633.79,2635.79,21007,27,0
2024.11.28 00:00:00,2635.66,2638.30,2620.86,2628.67,21099,27,0
2024.11.28 04:00:00,2628.66,2633.95,2625.46,2633.29,23839,27,0
2024.11.28 08:00:00,2633.33,2647.89,2631.74,2646.06,27202,27,0
2024.11.28 12:00:00,2646.22,2649.57,2642.66,2646.96,27632,27,0
2024.11.28 16:00:00,2646.94,2647.83,2636.23,2640.82,21726,27,0
2024.11.28 20:00:00,2640.81,2641.25,2637.23,2637.28,1922,27,0
2024.11.29 00:00:00,2637.52,2647.08,2633.89,2644.78,20585,27,0
2024.11.29 04:00:00,2644.77,2664.19,2644.61,2662.20,33160,27,0
2024.11.29 08:00:00,2662.14,2666.21,2654.42,2663.99,34653,27,0
2024.11.29 12:00:00,2664.00,2665.78,2656.07,2657.88,36673,27,0
2024.11.29 16:00:00,2657.90,2662.61,2650.47,2660.48,51875,27,0
2024.11.29 20:00:00,2660.50,2660.59,2648.54,2649.11,10578,27,0
2024.12.02 00:00:00,2652.13,2652.72,2622.76,2635.76,29201,27,0
2024.12.02 04:00:00,2635.75,2637.92,2621.77,2623.06,42104,27,0
2024.12.02 08:00:00,2623.05,2636.73,2621.78,2633.49,45530,27,0
2024.12.02 12:00:00,2633.47,2648.72,2633.26,2646.93,47475,27,0
2024.12.02 16:00:00,2646.89,2651.65,2637.23,2638.74,52971,27,0
2024.12.02 20:00:00,2638.68,2644.06,2633.44,2638.67,19334,27,0
2024.12.03 00:00:00,2638.78,2645.16,2634.01,2636.43,20676,27,0
2024.12.03 04:00:00,2636.42,2642.84,2634.37,2641.06,31738,27,0
2024.12.03 08:00:00,2641.25,2649.98,2639.12,2643.88,40280,27,0
2024.12.03 12:00:00,2643.88,2653.63,2637.63,2652.76,32149,27,0
2024.12.03 16:00:00,2652.81,2655.49,2635.14,2646.88,49927,27,0
2024.12.03 20:00:00,2646.89,2649.05,2640.05,2643.52,13104,27,0
2024.12.04 00:00:00,2643.06,2643.42,2637.59,2642.11,13370,27,0
2024.12.04 04:00:00,2641.99,2651.05,2641.84,2649.63,21780,27,0
2024.12.04 08:00:00,2649.65,2651.29,2636.53,2640.79,28976,27,0
2024.12.04 12:00:00,2640.80,2649.09,2632.32,2648.38,43153,27,0
2024.12.04 16:00:00,2648.39,2657.10,2644.96,2651.31,52507,27,0
2024.12.04 20:00:00,2651.29,2655.28,2646.82,2649.69,23666,27,0
2024.12.05 00:00:00,2649.40,2651.46,2646.16,2646.94,17619,27,0
2024.12.05 04:00:00,2646.93,2655.38,2644.50,2653.03,28240,27,0
2024.12.05 08:00:00,2653.02,2653.99,2641.80,2644.75,34064,27,0
2024.12.05 12:00:00,2644.67,2654.41,2644.20,2648.84,35860,27,0
2024.12.05 16:00:00,2648.88,2650.12,2623.64,2627.88,55269,27,0
2024.12.05 20:00:00,2627.89,2632.41,2623.36,2631.80,19773,27,0
2024.12.06 00:00:00,2631.77,2633.68,2613.31,2617.50,20229,27,0
2024.12.06 04:00:00,2617.49,2644.41,2616.81,2637.82,32689,27,0
2024.12.06 08:00:00,2637.81,2645.52,2635.91,2640.62,32338,27,0
2024.12.06 12:00:00,2640.63,2643.21,2631.11,2635.64,40741,27,0
2024.12.06 16:00:00,2635.64,2641.51,2623.94,2634.81,57981,27,0
2024.12.06 20:00:00,2634.80,2638.85,2630.89,2632.70,18421,27,0
2024.12.09 00:00:00,2645.48,2650.50,2627.42,2646.60,25079,27,0
2024.12.09 04:00:00,2646.58,2648.54,2634.51,2638.26,34969,27,0
2024.12.09 08:00:00,2638.25,2657.46,2638.04,2655.50,38272,27,0
2024.12.09 12:00:00,2655.51,2666.19,2653.22,2665.43,43592,27,0
2024.12.09 16:00:00,2665.45,2676.34,2662.62,2664.42,59619,27,0
2024.12.09 20:00:00,2664.51,2664.57,2656.63,2660.16,22442,27,0
2024.12.10 00:00:00,2661.08,2668.51,2657.81,2667.34,21009,27,0
2024.12.10 04:00:00,2667.38,2673.66,2665.31,2668.73,38440,27,0
2024.12.10 08:00:00,2668.62,2670.78,2661.06,2664.98,36906,27,0
2024.12.10 12:00:00,2664.99,2681.86,2664.38,2680.33,45044,27,0
2024.12.10 16:00:00,2680.46,2695.46,2679.41,2694.24,51896,27,0
2024.12.10 20:00:00,2694.23,2695.09,2690.78,2693.85,19704,27,0
2024.12.11 00:00:00,2693.47,2703.52,2693.19,2699.84,23096,27,0
2024.12.11 04:00:00,2699.83,2704.17,2675.04,2687.83,38929,27,0
2024.12.11 08:00:00,2687.91,2697.98,2686.59,2695.63,41458,27,0
2024.12.11 12:00:00,2695.64,2701.99,2690.39,2700.98,53555,27,0
2024.12.11 16:00:00,2701.02,2719.91,2696.39,2717.94,66534,27,0
2024.12.11 20:00:00,2717.94,2721.06,2713.13,2717.87,29998,27,0
2024.12.12 00:00:00,2717.13,2725.97,2698.91,2710.93,19351,27,0
2024.12.12 04:00:00,2710.88,2716.42,2703.62,2713.29,22417,27,0
2024.12.12 08:00:00,2713.35,2720.24,2710.01,2714.83,37596,27,0
2024.12.12 12:00:00,2714.76,2715.58,2697.15,2697.39,53166,27,0
2024.12.12 16:00:00,2697.40,2699.49,2675.04,2686.25,71811,27,0
2024.12.12 20:00:00,2686.23,2686.94,2679.33,2680.72,31532,27,0
2024.12.13 00:00:00,2680.81,2692.60,2678.79,2689.82,14970,27,0
2024.12.13 04:00:00,2689.81,2691.11,2684.13,2688.08,24462,27,0
2024.12.13 08:00:00,2688.09,2690.34,2667.36,2668.74,37139,27,0
2024.12.13 12:00:00,2668.74,2672.79,2659.56,2661.98,47029,27,0
2024.12.13 16:00:00,2661.99,2664.42,2654.55,2656.16,56630,27,0
2024.12.13 20:00:00,2656.17,2656.97,2645.92,2648.25,28759,27,0
2024.12.16 00:00:00,2649.62,2655.49,2643.38,2653.34,18614,27,0
2024.12.16 04:00:00,2653.37,2655.45,2649.42,2652.75,24465,27,0
2024.12.16 08:00:00,2652.64,2661.89,2651.55,2657.97,28539,27,0
2024.12.16 12:00:00,2658.01,2664.28,2657.35,2661.79,33229,27,0
2024.12.16 16:00:00,2662.00,2662.95,2648.45,2651.96,44392,27,0
2024.12.16 20:00:00,2651.95,2655.62,2651.22,2652.48,18052,27,0
2024.12.17 00:00:00,2652.37,2658.51,2651.03,2657.94,14720,27,0
2024.12.17 04:00:00,2657.68,2658.49,2648.98,2653.58,25736,27,0
2024.12.17 08:00:00,2653.61,2656.94,2637.96,2639.51,36225,27,0
2024.12.17 12:00:00,2639.50,2646.76,2634.62,2636.94,38250,27,0
2024.12.17 16:00:00,2636.99,2646.94,2633.00,2645.87,50172,27,0
2024.12.17 20:00:00,2645.91,2648.93,2642.96,2646.25,21630,27,0
2024.12.18 00:00:00,2645.84,2651.59,2644.67,2650.81,14847,27,0
2024.12.18 04:00:00,2650.86,2650.90,2642.56,2647.32,28010,27,0
2024.12.18 08:00:00,2647.29,2649.52,2642.11,2646.73,28701,27,0
2024.12.18 12:00:00,2646.76,2649.36,2640.95,2643.85,26923,27,0
2024.12.18 16:00:00,2643.82,2644.75,2632.96,2635.94,45668,27,0
2024.12.18 20:00:00,2635.95,2638.83,2583.63,2585.49,52856,27,0
2024.12.19 00:00:00,2584.79,2617.95,2582.06,2611.85,24431,27,0
2024.12.19 04:00:00,2611.84,2613.84,2606.19,2607.13,22995,27,0
2024.12.19 08:00:00,2607.13,2622.78,2603.18,2620.28,32571,27,0
2024.12.19 12:00:00,2620.26,2626.33,2595.14,2596.20,41264,27,0
2024.12.19 16:00:00,2596.19,2600.68,2586.91,2592.50,48939,27,0
2024.12.19 20:00:00,2592.50,2600.89,2591.74,2594.23,24743,27,0
2024.12.20 00:00:00,2594.29,2603.77,2589.50,2603.74,16067,27,0
2024.12.20 04:00:00,2603.70,2603.88,2595.46,2600.15,21195,27,0
2024.12.20 08:00:00,2600.15,2607.60,2598.74,2604.84,24675,27,0
2024.12.20 12:00:00,2604.90,2614.06,2599.78,2609.36,31945,27,0
2024.12.20 16:00:00,2609.22,2631.67,2608.35,2625.49,49426,27,0
2024.12.20 20:00:00,2625.52,2629.20,2618.83,2622.37,27884,27,0
2024.12.23 00:00:00,2623.66,2624.99,2617.23,2620.70,14186,27,0
2024.12.23 04:00:00,2620.71,2629.09,2620.46,2626.52,16200,27,0
2024.12.23 08:00:00,2626.51,2633.13,2624.41,2626.36,19460,27,0
2024.12.23 12:00:00,2626.29,2626.70,2612.92,2617.21,24183,27,0
2024.12.23 16:00:00,2617.23,2619.77,2608.05,2611.03,37720,27,0
2024.12.23 20:00:00,2611.04,2613.66,2608.98,2612.90,16665,27,0
2024.12.24 00:00:00,2613.26,2617.82,2611.34,2617.46,10010,27,0
2024.12.24 04:00:00,2617.40,2621.31,2615.55,2619.13,16267,28,0
2024.12.24 08:00:00,2619.11,2621.27,2613.26,2613.47,15024,27,0
2024.12.24 12:00:00,2613.35,2617.72,2611.26,2614.14,15877,27,0
2024.12.24 16:00:00,2614.18,2619.24,2609.93,2616.85,35374,27,0
2024.12.24 20:00:00,2616.92,2617.49,2616.89,2617.43,139,36,0
2024.12.26 08:00:00,2626.22,2629.51,2623.44,2627.22,13416,30,0
2024.12.26 12:00:00,2627.26,2631.06,2621.60,2623.00,20121,27,0
2024.12.26 16:00:00,2623.03,2638.94,2622.41,2629.17,34912,27,0
2024.12.26 20:00:00,2629.15,2635.99,2629.07,2633.66,18069,27,0
2024.12.27 00:00:00,2628.58,2634.41,2626.21,2632.09,10358,27,0
2024.12.27 04:00:00,2632.08,2635.37,2628.74,2631.24,14969,27,0
2024.12.27 08:00:00,2631.23,2638.13,2623.56,2623.87,18538,27,0
2024.12.27 12:00:00,2623.89,2631.49,2617.94,2618.69,26070,27,0
2024.12.27 16:00:00,2618.64,2619.65,2611.47,2615.74,49893,27,0
2024.12.27 20:00:00,2615.74,2621.65,2612.65,2621.54,23099,27,0
2024.12.30 00:00:00,2619.38,2626.64,2618.06,2624.22,12051,27,0
2024.12.30 04:00:00,2624.23,2627.98,2620.38,2623.59,18416,27,0
2024.12.30 08:00:00,2623.60,2624.55,2609.17,2612.67,27035,27,0
2024.12.30 12:00:00,2612.62,2622.43,2606.33,2606.57,31477,27,0
2024.12.30 16:00:00,2606.57,2613.65,2595.97,2605.05,52143,27,0
2024.12.30 20:00:00,2605.05,2609.39,2603.36,2605.58,20826,27,0
2024.12.31 00:00:00,2606.24,2611.51,2603.75,2608.82,11543,27,0
2024.12.31 04:00:00,2608.80,2609.50,2602.48,2604.24,21135,27,0
2024.12.31 08:00:00,2604.20,2617.55,2603.47,2615.15,23210,27,0
2024.12.31 12:00:00,2615.24,2616.08,2605.24,2613.17,27261,27,0
2024.12.31 16:00:00,2613.16,2627.39,2611.15,2624.17,43552,27,0
2024.12.31 20:00:00,2624.06,2624.27,2623.14,2623.23,249,36,0
2025.01.02 08:00:00,2634.02,2639.79,2630.98,2635.96,26900,27,0
2025.01.02 12:00:00,2635.93,2647.15,2632.59,2642.94,40271,27,0
2025.01.02 16:00:00,2642.87,2660.42,2640.29,2656.49,58784,27,0
2025.01.02 20:00:00,2656.48,2660.37,2653.66,2657.85,26790,27,0
2025.01.03 00:00:00,2657.86,2662.45,2656.57,2659.33,12170,27,0
2025.01.03 04:00:00,2659.29,2665.09,2655.76,2658.40,25114,27,0
2025.01.03 08:00:00,2658.44,2660.24,2649.77,2653.49,26444,27,0
2025.01.03 12:00:00,2653.43,2659.19,2643.36,2649.68,28701,27,0
2025.01.03 16:00:00,2649.69,2652.62,2639.02,2641.70,51648,27,0
2025.01.03 20:00:00,2641.74,2642.85,2636.58,2640.17,21806,27,0
2025.01.06 00:00:00,2639.20,2647.25,2638.47,2641.22,18108,27,0
2025.01.06 04:00:00,2641.13,2645.23,2631.40,2633.74,28893,27,0
2025.01.06 08:00:00,2633.76,2635.59,2625.07,2632.56,28311,27,0
2025.01.06 12:00:00,2632.56,2649.32,2621.68,2624.08,48698,27,0
2025.01.06 16:00:00,2624.02,2641.22,2614.60,2636.60,60573,27,0
2025.01.06 20:00:00,2636.59,2638.44,2632.78,2635.82,23924,27,0
2025.01.07 00:00:00,2636.12,2641.08,2632.84,2638.87,14493,27,0
2025.01.07 04:00:00,2638.84,2645.60,2636.82,2644.32,20010,27,0
2025.01.07 08:00:00,2644.28,2646.63,2637.93,2641.30,28846,27,0
2025.01.07 12:00:00,2641.24,2664.14,2641.19,2662.42,35217,27,0
2025.01.07 16:00:00,2662.54,2662.89,2641.88,2652.41,58651,27,0
2025.01.07 20:00:00,2652.40,2652.55,2646.91,2648.54,26895,27,0
2025.01.08 00:00:00,2647.66,2651.42,2647.07,2648.66,14099,27,0
2025.01.08 04:00:00,2648.66,2650.59,2645.12,2649.92,21512,27,0
2025.01.08 08:00:00,2649.91,2654.93,2648.81,2653.41,26623,27,0
2025.01.08 12:00:00,2653.38,2660.21,2645.71,2660.07,34061,27,0
2025.01.08 16:00:00,2660.03,2669.97,2649.31,2655.48,54746,27,0
2025.01.08 20:00:00,2655.45,2663.98,2651.43,2661.42,28760,27,0
2025.01.09 00:00:00,2660.60,2663.14,2657.25,2658.46,11258,27,0
2025.01.09 04:00:00,2658.45,2662.04,2655.35,2658.21,18130,27,0
2025.01.09 08:00:00,2658.21,2666.81,2658.20,2664.90,26791,27,0
2025.01.09 12:00:00,2664.86,2678.18,2664.39,2672.50,32481,27,0
2025.01.09 16:00:00,2672.46,2675.66,2662.64,2665.76,35273,27,0
2025.01.09 20:00:00,2665.78,2672.51,2664.85,2670.15,16715,27,0
2025.01.10 00:00:00,2670.02,2671.85,2668.28,2670.88,12087,27,0
2025.01.10 04:00:00,2670.88,2675.71,2670.35,2674.81,19272,27,0
2025.01.10 08:00:00,2674.77,2682.38,2673.39,2678.43,33123,27,0
2025.01.10 12:00:00,2678.41,2683.55,2663.63,2682.33,44109,27,0
2025.01.10 16:00:00,2682.41,2697.90,2680.61,2695.93,75103,27,0
2025.01.10 20:00:00,2695.92,2697.13,2684.29,2689.05,32114,27,0
2025.01.13 00:00:00,2689.83,2693.00,2679.14,2685.38,18662,29,0
2025.01.13 04:00:00,2685.43,2690.73,2683.01,2686.69,26618,27,0
2025.01.13 08:00:00,2686.73,2691.14,2682.86,2684.71,35076,27,0
2025.01.13 12:00:00,2684.60,2684.99,2663.68,2668.99,48944,27,0
2025.01.13 16:00:00,2669.02,2674.02,2659.14,2660.73,52689,27,0
2025.01.13 20:00:00,2660.74,2664.06,2656.65,2662.88,22117,27,0
2025.01.14 00:00:00,2663.14,2671.98,2662.29,2670.57,17578,27,0
2025.01.14 04:00:00,2670.58,2675.13,2667.22,2668.41,20876,27,0
2025.01.14 08:00:00,2668.52,2674.30,2664.68,2667.20,22749,27,0
2025.01.14 12:00:00,2667.18,2674.29,2660.73,2662.83,37502,27,0
2025.01.14 16:00:00,2662.74,2673.90,2659.72,2668.89,52963,27,0
2025.01.14 20:00:00,2668.90,2678.09,2666.58,2677.05,22728,27,0
2025.01.15 00:00:00,2678.31,2679.27,2669.72,2669.82,9926,27,0
2025.01.15 04:00:00,2669.86,2679.15,2669.21,2679.11,20892,27,0
2025.01.15 08:00:00,2679.14,2688.37,2678.99,2685.74,27454,27,0
2025.01.15 12:00:00,2685.76,2694.07,2681.99,2693.63,42442,27,0
2025.01.15 16:00:00,2693.68,2695.92,2676.59,2692.51,62306,27,0
2025.01.15 20:00:00,2692.49,2697.31,2690.96,2696.56,21359,27,0
2025.01.16 00:00:00,2695.15,2702.11,2692.64,2696.04,20929,27,0
2025.01.16 04:00:00,2696.07,2698.30,2693.67,2694.57,23729,27,0
2025.01.16 08:00:00,2694.60,2706.03,2689.83,2705.24,33617,27,0
2025.01.16 12:00:00,2705.23,2718.23,2700.10,2715.21,39284,27,0
2025.01.16 16:00:00,2715.16,2724.54,2712.49,2721.63,55686,27,0
2025.01.16 20:00:00,2721.74,2723.16,2712.26,2714.44,21309,27,0
2025.01.17 00:00:00,2713.82,2715.94,2709.72,2714.50,16159,27,0
2025.01.17 04:00:00,2714.58,2717.19,2711.08,2711.53,22009,27,0
2025.01.17 08:00:00,2711.54,2714.46,2703.86,2704.57,29519,27,0
2025.01.17 12:00:00,2704.57,2711.97,2702.73,2704.89,39124,27,0
2025.01.17 16:00:00,2704.78,2717.22,2702.58,2712.35,50002,27,0
2025.01.17 20:00:00,2712.36,2713.15,2698.91,2702.18,27255,27,0
2025.01.20 00:00:00,2701.63,2702.80,2689.25,2693.48,21299,27,0
2025.01.20 04:00:00,2693.73,2707.39,2693.37,2707.20,27949,27,0
2025.01.20 08:00:00,2707.22,2713.63,2702.67,2705.88,29973,27,0
2025.01.20 12:00:00,2705.91,2712.35,2701.19,2704.93,39595,27,0
2025.01.20 16:00:00,2704.93,2711.72,2703.22,2707.16,42008,27,0
2025.01.20 20:00:00,2707.23,2710.86,2704.92,2708.13,5040,27,0
2025.01.21 00:00:00,2706.28,2719.08,2702.66,2717.86,26133,27,0
2025.01.21 04:00:00,2717.82,2729.01,2717.61,2725.86,33784,27,0
2025.01.21 08:00:00,2725.99,2732.68,2717.64,2721.22,39000,27,0
2025.01.21 12:00:00,2721.15,2729.92,2716.37,2726.16,42643,27,0
2025.01.21 16:00:00,2726.12,2745.63,2725.14,2740.12,49587,27,0
2025.01.21 20:00:00,2740.08,2745.87,2739.78,2744.81,17874,27,0
2025.01.22 00:00:00,2743.84,2749.87,2741.82,2747.90,17683,27,0
2025.01.22 04:00:00,2747.87,2758.49,2746.24,2757.92,24593,27,0
2025.01.22 08:00:00,2757.92,2762.12,2745.44,2758.32,39534,27,0
2025.01.22 12:00:00,2758.33,2763.24,2750.87,2757.68,33673,27,0
2025.01.22 16:00:00,2757.67,2760.20,2750.37,2756.36,37496,27,0
2025.01.22 20:00:00,2756.36,2759.22,2754.71,2756.12,15613,27,0
2025.01.23 00:00:00,2755.74,2756.37,2750.51,2752.60,13896,27,0
2025.01.23 04:00:00,2752.54,2754.78,2749.48,2751.89,20405,27,0
2025.01.23 08:00:00,2751.90,2755.38,2740.84,2745.78,22132,27,0
2025.01.23 12:00:00,2745.69,2754.34,2735.67,2741.54,39974,27,0
2025.01.23 16:00:00,2741.54,2758.87,2740.21,2757.58,43544,27,0
2025.01.23 20:00:00,2757.59,2758.09,2751.23,2754.55,22151,27,0
2025.01.24 00:00:00,2754.00,2762.41,2753.31,2762.18,12609,27,0
2025.01.24 04:00:00,2762.19,2777.22,2762.19,2775.08,39465,27,0
2025.01.24 08:00:00,2775.03,2778.17,2769.94,2772.67,34213,27,0
2025.01.24 12:00:00,2772.68,2784.51,2771.53,2782.25,25016,27,0
2025.01.24 16:00:00,2782.34,2785.81,2769.73,2773.28,45361,27,0
2025.01.24 20:00:00,2773.29,2775.17,2770.37,2770.95,17342,27,0
2025.01.27 00:00:00,2769.67,2772.40,2762.76,2762.88,20060,27,0
2025.01.27 04:00:00,2762.88,2763.55,2752.73,2753.11,34651,27,0
2025.01.27 08:00:00,2753.03,2764.84,2747.17,2763.18,36664,27,0
2025.01.27 12:00:00,2763.16,2771.84,2752.16,2757.21,41585,27,0
2025.01.27 16:00:00,2757.14,2757.81,2730.29,2733.52,54543,27,0
2025.01.27 20:00:00,2733.46,2743.90,2732.88,2740.87,25096,27,0
2025.01.28 00:00:00,2740.09,2745.18,2738.98,2741.36,18112,27,0
2025.01.28 04:00:00,2741.30,2744.71,2737.74,2741.57,24842,27,0
2025.01.28 08:00:00,2741.45,2744.97,2734.74,2743.31,24710,27,0
2025.01.28 12:00:00,2743.31,2749.40,2740.88,2748.77,26330,27,0
2025.01.28 16:00:00,2748.79,2759.90,2748.79,2759.59,41250,27,0
2025.01.28 20:00:00,2759.70,2764.96,2759.21,2763.27,20888,27,0
2025.01.29 00:00:00,2762.86,2766.19,2762.08,2763.70,7864,27,0
2025.01.29 04:00:00,2763.70,2765.55,2760.04,2760.57,21486,27,0
2025.01.29 08:00:00,2760.72,2766.05,2757.29,2762.68,26863,27,0
2025.01.29 12:00:00,2762.65,2763.23,2752.01,2758.63,32903,27,0
2025.01.29 16:00:00,2758.58,2761.05,2748.18,2752.75,45816,27,0
2025.01.29 20:00:00,2752.75,2759.75,2744.56,2759.69,38863,27,0
2025.01.30 00:00:00,2758.39,2762.57,2757.62,2760.10,9990,27,0
2025.01.30 04:00:00,2760.11,2763.32,2758.65,2760.45,14122,27,0
2025.01.30 08:00:00,2760.43,2776.52,2760.12,2774.13,26980,27,0
2025.01.30 12:00:00,2774.06,2785.93,2773.77,2785.75,32491,27,0
2025.01.30 16:00:00,2785.76,2798.40,2779.94,2795.55,62457,27,0
2025.01.30 20:00:00,2795.59,2798.37,2789.65,2794.48,32411,27,0
2025.01.31 00:00:00,2794.73,2799.48,2791.60,2796.33,15535,27,0
2025.01.31 04:00:00,2796.32,2798.17,2793.80,2795.51,24527,27,0
2025.01.31 08:00:00,2795.48,2800.79,2791.54,2793.59,27898,27,0
2025.01.31 12:00:00,2793.60,2808.34,2790.85,2806.24,34268,27,0
2025.01.31 16:00:00,2806.32,2817.11,2802.84,2808.59,53585,27,0
2025.01.31 20:00:00,2808.54,2808.82,2794.25,2798.63,46967,27,0
2025.02.03 00:00:00,2803.59,2803.59,2778.10,2782.16,32219,27,0
2025.02.03 04:00:00,2782.15,2784.96,2772.02,2783.05,46120,27,0
2025.02.03 08:00:00,2783.05,2800.85,2782.86,2796.18,36774,27,0
2025.02.03 12:00:00,2796.17,2811.81,2792.88,2810.89,34738,27,0
2025.02.03 16:00:00,2810.88,2830.62,2809.85,2816.97,56249,27,0
2025.02.03 20:00:00,2816.93,2822.83,2812.36,2814.29,26184,27,0
2025.02.04 00:00:00,2813.79,2824.06,2811.46,2823.25,12247,27,0
2025.02.04 04:00:00,2823.22,2824.44,2813.35,2815.78,29565,27,0
2025.02.04 08:00:00,2815.73,2821.66,2807.10,2820.29,34437,27,0
2025.02.04 12:00:00,2820.32,2836.88,2812.69,2831.41,34846,27,0
2025.02.04 16:00:00,2831.41,2845.26,2828.77,2844.00,50153,27,0
2025.02.04 20:00:00,2843.96,2844.93,2840.83,2841.92,20359,27,0
2025.02.05 00:00:00,2841.18,2848.86,2839.56,2844.31,21529,27,0
2025.02.05 04:00:00,2844.37,2860.34,2843.84,2859.28,24291,27,0
2025.02.05 08:00:00,2859.26,2872.13,2854.79,2870.24,29876,27,0
2025.02.05 12:00:00,2870.26,2876.94,2858.53,2861.79,39162,27,0
2025.02.05 16:00:00,2861.77,2882.34,2860.61,2872.91,57188,27,0
2025.02.05 20:00:00,2872.94,2873.43,2859.85,2867.30,30563,27,0
2025.02.06 00:00:00,2865.49,2871.65,2863.56,2871.54,16250,27,0
2025.02.06 04:00:00,2871.48,2873.13,2864.23,2868.22,25142,27,0
2025.02.06 08:00:00,2868.22,2871.18,2848.79,2859.27,39078,27,0
2025.02.06 12:00:00,2859.28,2870.12,2855.45,2856.59,42098,27,0
2025.02.06 16:00:00,2856.59,2859.60,2834.02,2852.23,46967,27,0
2025.02.06 20:00:00,2852.22,2857.24,2849.69,2855.79,21655,27,0
2025.02.07 00:00:00,2856.25,2868.05,2855.36,2866.09,15711,27,0
2025.02.07 04:00:00,2866.10,2870.49,2861.92,2861.92,20529,27,0
2025.02.07 08:00:00,2861.88,2870.76,2858.88,2868.79,27609,27,0
2025.02.07 12:00:00,2868.82,2870.55,2852.41,2862.50,36291,27,0
2025.02.07 16:00:00,2862.50,2886.66,2853.20,2859.88,65739,27,0
2025.02.07 20:00:00,2859.85,2865.06,2858.94,2860.91,23937,27,0
2025.02.10 00:00:00,2857.59,2876.42,2853.76,2871.73,21949,27,0
2025.02.10 04:00:00,2871.74,2879.90,2871.18,2879.10,24919,27,0
2025.02.10 08:00:00,2879.20,2903.09,2878.84,2902.79,36457,27,0
2025.02.10 12:00:00,2902.83,2910.87,2898.19,2900.98,42074,27,0
2025.02.10 16:00:00,2900.96,2911.78,2896.20,2903.17,42029,27,0
2025.02.10 20:00:00,2903.18,2908.23,2900.83,2907.87,19512,27,0
2025.02.11 00:00:00,2907.14,2935.94,2906.87,2933.83,23681,27,0
2025.02.11 04:00:00,2933.86,2942.46,2905.13,2922.78,48669,27,0
2025.02.11 08:00:00,2922.77,2929.19,2902.83,2903.06,47621,27,0
2025.02.11 12:00:00,2903.03,2906.94,2881.55,2896.42,55128,27,0
2025.02.11 16:00:00,2896.41,2908.54,2890.73,2905.55,51605,27,0
2025.02.11 20:00:00,2905.50,2907.13,2893.95,2897.26,23161,27,0
2025.02.12 00:00:00,2896.47,2900.60,2883.63,2893.18,20004,27,0
2025.02.12 04:00:00,2893.21,2897.74,2883.61,2886.15,29583,27,0
2025.02.12 08:00:00,2886.13,2895.58,2885.51,2886.68,31640,27,0
2025.02.12 12:00:00,2886.68,2889.90,2863.72,2884.66,44161,27,0
2025.02.12 16:00:00,2884.67,2909.01,2881.84,2902.74,52601,27,0
2025.02.12 20:00:00,2902.72,2904.29,2893.39,2904.18,23598,27,0
2025.02.13 00:00:00,2903.44,2908.93,2900.45,2906.06,15984,27,0
2025.02.13 04:00:00,2906.05,2922.61,2905.13,2917.91,27199,27,0
2025.02.13 08:00:00,2917.90,2920.29,2909.42,2915.15,35803,27,0
2025.02.13 12:00:00,2915.13,2921.19,2905.71,2908.39,38330,27,0
2025.02.13 16:00:00,2908.38,2920.87,2906.32,2918.90,38605,27,0
2025.02.13 20:00:00,2918.80,2929.48,2914.17,2928.21,25693,27,0
2025.02.14 00:00:00,2927.24,2933.71,2926.71,2929.67,16316,27,0
2025.02.14 04:00:00,2929.68,2932.23,2923.19,2930.85,24300,27,0
2025.02.14 08:00:00,2930.92,2938.62,2929.81,2935.16,29094,27,0
2025.02.14 12:00:00,2935.20,2939.86,2917.48,2920.44,34815,27,0
2025.02.14 16:00:00,2920.42,2928.33,2885.25,2886.89,61757,27,0
2025.02.14 20:00:00,2886.86,2887.74,2876.88,2882.41,24982,27,0
2025.02.17 00:00:00,2882.86,2896.58,2878.10,2895.41,19935,27,0
2025.02.17 04:00:00,2895.39,2905.15,2893.84,2896.21,19072,27,0
2025.02.17 08:00:00,2896.24,2906.31,2888.17,2902.40,22926,27,0
2025.02.17 12:00:00,2902.40,2903.77,2895.35,2896.67,20143,27,0
2025.02.17 16:00:00,2896.67,2904.05,2896.39,2898.31,20673,27,0
2025.02.17 20:00:00,2898.32,2898.97,2896.69,2897.81,4103,27,0
2025.02.18 00:00:00,2898.40,2900.21,2891.93,2895.55,9616,27,0
2025.02.18 04:00:00,2895.66,2915.51,2895.15,2910.73,20662,27,0
2025.02.18 08:00:00,2910.59,2915.25,2908.10,2912.51,18626,27,0
2025.02.18 12:00:00,2912.50,2921.25,2907.01,2918.65,21154,27,0
2025.02.18 16:00:00,2918.64,2933.59,2917.70,2931.06,32196,27,0
2025.02.18 20:00:00,2931.03,2936.89,2928.21,2935.14,16249,27,0
2025.02.19 00:00:00,2935.29,2939.47,2927.96,2938.25,11132,27,0
2025.02.19 04:00:00,2938.27,2939.40,2923.99,2932.75,23323,27,0
2025.02.19 08:00:00,2932.73,2946.52,2930.43,2945.31,23387,27,0
2025.02.19 12:00:00,2945.32,2946.84,2931.16,2936.15,32693,27,0
2025.02.19 16:00:00,2936.14,2940.54,2921.41,2923.73,45893,27,0
2025.02.19 20:00:00,2923.73,2937.43,2918.47,2933.10,24597,27,0
2025.02.20 00:00:00,2932.96,2942.30,2932.69,2936.89,11766,27,0
2025.02.20 04:00:00,2936.89,2946.71,2933.84,2946.70,17327,27,0
2025.02.20 08:00:00,2946.80,2954.80,2943.78,2951.40,23853,27,0
2025.02.20 12:00:00,2951.46,2954.66,2933.79,2933.89,35948,27,0
2025.02.20 16:00:00,2933.88,2946.91,2923.95,2940.40,46467,27,0
2025.02.20 20:00:00,2940.40,2942.31,2933.55,2939.09,22432,27,0
2025.02.21 00:00:00,2937.96,2949.59,2926.44,2928.36,14457,27,0
2025.02.21 04:00:00,2928.36,2940.91,2924.09,2930.18,25240,27,0
2025.02.21 08:00:00,2930.18,2932.94,2916.71,2929.26,22949,27,0
2025.02.21 12:00:00,2929.25,2935.96,2926.90,2930.75,22229,27,0
2025.02.21 16:00:00,2930.79,2941.61,2921.46,2939.76,41595,27,0
2025.02.21 20:00:00,2939.77,2942.73,2931.96,2935.72,22442,27,0
2025.02.24 00:00:00,2934.75,2940.25,2921.05,2927.89,19592,27,0
2025.02.24 04:00:00,2927.78,2944.61,2925.01,2936.22,27507,27,0
2025.02.24 08:00:00,2936.19,2948.69,2935.20,2944.16,22933,27,0
2025.02.24 12:00:00,2944.18,2954.44,2934.81,2954.26,22858,27,0
2025.02.24 16:00:00,2954.25,2956.07,2930.68,2943.29,44500,27,0
2025.02.24 20:00:00,2943.23,2952.86,2942.71,2952.47,16126,27,0
2025.02.25 00:00:00,2952.62,2953.54,2945.09,2949.41,17150,27,0
2025.02.25 04:00:00,2949.38,2952.15,2934.97,2937.85,21581,27,0
2025.02.25 08:00:00,2937.74,2942.24,2929.46,2938.92,25413,27,0
2025.02.25 12:00:00,2938.91,2941.44,2923.92,2937.30,33991,27,0
2025.02.25 16:00:00,2937.33,2944.79,2888.11,2907.58,60611,27,0
2025.02.25 20:00:00,2907.59,2917.24,2905.33,2914.75,23194,27,0
2025.02.26 00:00:00,2914.42,2930.05,2913.39,2917.52,18117,27,0
2025.02.26 04:00:00,2917.53,2922.86,2912.43,2915.35,15124,27,0
2025.02.26 08:00:00,2915.24,2918.87,2905.70,2913.02,20851,27,0
2025.02.26 12:00:00,2913.03,2916.63,2905.36,2905.80,22762,27,0
2025.02.26 16:00:00,2905.83,2916.61,2890.71,2913.60,46944,27,0
2025.02.26 20:00:00,2913.61,2918.65,2911.97,2916.14,16162,27,0
2025.02.27 00:00:00,2916.12,2920.65,2911.01,2912.52,14307,27,0
2025.02.27 04:00:00,2912.53,2914.69,2888.45,2890.79,32682,27,0
2025.02.27 08:00:00,2890.83,2898.26,2877.02,2887.10,40036,27,0
2025.02.27 12:00:00,2887.15,2894.87,2881.00,2888.80,35669,27,0
2025.02.27 16:00:00,2888.80,2892.30,2867.63,2883.19,53717,27,0
2025.02.27 20:00:00,2883.18,2887.57,2871.15,2876.91,30349,27,0
2025.02.28 00:00:00,2876.79,2884.90,2873.78,2874.69,21745,27,0
2025.02.28 04:00:00,2874.66,2877.73,2856.84,2864.01,42269,27,0
2025.02.28 08:00:00,2864.07,2866.49,2850.93,2862.28,36719,27,0
2025.02.28 12:00:00,2862.27,2864.80,2848.19,2848.40,32129,27,0
2025.02.28 16:00:00,2848.48,2853.80,2832.55,2844.95,53208,27,0
2025.02.28 20:00:00,2844.96,2859.21,2837.82,2857.82,23925,27,0
2025.03.03 00:00:00,2855.41,2876.82,2854.93,2870.71,23009,27,0
2025.03.03 04:00:00,2870.72,2871.84,2859.22,2863.77,30642,27,0
2025.03.03 08:00:00,2863.76,2871.38,2858.84,2867.34,31067,27,0
2025.03.03 12:00:00,2867.39,2877.53,2867.15,2872.46,26725,27,0
2025.03.03 16:00:00,2872.40,2893.12,2871.19,2890.69,43300,27,0
2025.03.03 20:00:00,2890.70,2895.08,2878.25,2893.32,28374,27,0
2025.03.04 00:00:00,2892.78,2893.60,2881.73,2888.25,17496,27,0
2025.03.04 04:00:00,2888.25,2894.26,2884.68,2889.55,27937,27,0
2025.03.04 08:00:00,2889.54,2921.16,2884.24,2917.86,31553,27,0
2025.03.04 12:00:00,2917.85,2927.74,2911.98,2922.44,31984,27,0
2025.03.04 16:00:00,2922.56,2922.88,2899.96,2911.46,52443,27,0
2025.03.04 20:00:00,2911.51,2920.41,2908.11,2917.52,24331,27,0
2025.03.05 00:00:00,2917.30,2918.23,2903.34,2907.08,16811,27,0
2025.03.05 04:00:00,2907.10,2918.68,2901.94,2918.57,30949,27,0
2025.03.05 08:00:00,2918.56,2922.48,2912.93,2918.69,37715,27,0
2025.03.05 12:00:00,2918.77,2919.08,2894.18,2899.87,41154,27,0
2025.03.05 16:00:00,2899.87,2929.79,2897.60,2915.89,57284,27,0
2025.03.05 20:00:00,2915.96,2923.00,2911.33,2918.89,23773,27,0
2025.03.06 00:00:00,2918.97,2925.53,2915.85,2924.48,11079,27,0
2025.03.06 04:00:00,2924.49,2926.45,2914.41,2919.76,17890,27,0
2025.03.06 08:00:00,2919.77,2922.85,2891.22,2894.12,37182,27,0
2025.03.06 12:00:00,2894.05,2909.43,2891.89,2904.45,41576,27,0
2025.03.06 16:00:00,2904.36,2922.65,2903.35,2915.50,51329,27,0
2025.03.06 20:00:00,2915.57,2920.56,2908.30,2910.87,21372,27,0
2025.03.07 00:00:00,2910.39,2913.38,2896.19,2906.77,17902,27,0
2025.03.07 04:00:00,2906.75,2912.40,2901.21,2909.47,24550,27,0
2025.03.07 08:00:00,2909.47,2922.90,2907.67,2921.41,24299,27,0
2025.03.07 12:00:00,2921.39,2926.25,2910.07,2913.63,36363,27,0
2025.03.07 16:00:00,2913.60,2930.24,2903.73,2908.16,56855,27,0
2025.03.07 20:00:00,2908.02,2912.55,2901.95,2911.09,23799,27,0
2025.03.10 00:00:00,2910.96,2918.17,2909.40,2911.98,22825,27,0
2025.03.10 04:00:00,2911.98,2914.45,2906.79,2909.76,21612,27,0
2025.03.10 08:00:00,2909.76,2915.42,2896.60,2911.08,32073,27,0
2025.03.10 12:00:00,2911.08,2911.16,2895.46,2903.58,43567,27,0
2025.03.10 16:00:00,2903.54,2910.45,2882.70,2885.99,53443,27,0
2025.03.10 20:00:00,2886.06,2890.81,2880.16,2889.15,23441,27,0
2025.03.11 00:00:00,2888.52,2890.88,2879.74,2890.52,22227,27,0
2025.03.11 04:00:00,2890.43,2900.35,2889.78,2895.73,23126,27,0
2025.03.11 08:00:00,2895.73,2912.45,2893.40,2911.66,29649,27,0
2025.03.11 12:00:00,2911.64,2922.18,2906.71,2917.60,31863,27,0
2025.03.11 16:00:00,2917.60,2920.83,2911.72,2917.67,38704,27,0
2025.03.11 20:00:00,2917.67,2921.26,2915.04,2915.55,14729,27,0
2025.03.12 00:00:00,2915.77,2919.61,2910.74,2914.70,15349,27,0
2025.03.12 04:00:00,2914.58,2919.94,2912.00,2915.93,18060,27,0
2025.03.12 08:00:00,2915.99,2925.23,2908.84,2914.61,30831,27,0
2025.03.12 12:00:00,2914.44,2923.07,2905.97,2915.51,40949,27,0
2025.03.12 16:00:00,2915.42,2940.40,2914.22,2936.01,45243,27,0
2025.03.12 20:00:00,2936.01,2937.25,2930.66,2933.13,16349,27,0
2025.03.13 00:00:00,2933.53,2941.33,2932.30,2937.72,14851,27,0
2025.03.13 04:00:00,2937.77,2947.02,2937.35,2939.99,19791,27,0
2025.03.13 08:00:00,2939.95,2948.74,2932.83,2947.72,25745,27,0
2025.03.13 12:00:00,2947.72,2952.28,2938.97,2950.34,38853,27,0
2025.03.13 16:00:00,2950.34,2985.12,2949.78,2979.34,55512,27,0
2025.03.13 20:00:00,2979.35,2989.08,2978.91,2988.50,16672,27,0
2025.03.14 00:00:00,2988.44,2990.00,2981.61,2987.82,21355,27,0
2025.03.14 04:00:00,2987.81,2993.77,2981.73,2986.27,23670,27,0
2025.03.14 08:00:00,2986.28,2999.36,2980.76,2998.65,27106,27,0
2025.03.14 12:00:00,2998.66,3004.80,2983.10,2985.11,42303,27,0
2025.03.14 16:00:00,2984.48,2993.21,2978.34,2986.48,41641,27,0
2025.03.14 20:00:00,2986.54,2988.61,2981.49,2985.76,12096,27,0
2025.03.17 00:00:00,2983.56,2994.02,2982.98,2990.73,16531,27,0
2025.03.17 04:00:00,2990.77,2991.93,2982.20,2985.97,14884,27,0
2025.03.17 08:00:00,2985.98,2996.84,2983.02,2995.59,19744,27,0
2025.03.17 12:00:00,2995.61,3001.07,2984.66,2988.37,32941,27,0
2025.03.17 16:00:00,2988.29,3000.45,2987.01,2997.81,30894,27,0
2025.03.17 20:00:00,2997.79,3001.80,2996.69,3000.78,10573,27,0
2025.03.18 00:00:00,3000.95,3008.40,2999.29,3005.65,14356,27,0
2025.03.18 04:00:00,3005.65,3017.07,3002.69,3012.00,20336,27,0
2025.03.18 08:00:00,3012.00,3028.38,3010.42,3020.14,27683,27,0
2025.03.18 12:00:00,3019.94,3038.12,3019.55,3033.14,37119,27,0
2025.03.18 16:00:00,3033.13,3036.86,3024.52,3032.45,38682,27,0
2025.03.18 20:00:00,3032.43,3037.91,3032.25,3033.74,11535,27,0
2025.03.19 00:00:00,3033.77,3034.96,3027.29,3029.30,10463,27,0
2025.03.19 04:00:00,3029.22,3045.23,3028.86,3044.41,16368,27,0
2025.03.19 08:00:00,3044.42,3044.68,3022.49,3030.42,30598,27,0
2025.03.19 12:00:00,3030.37,3040.94,3027.54,3033.22,29078,27,0
2025.03.19 16:00:00,3033.20,3038.27,3025.82,3030.21,30697,27,0
2025.03.19 20:00:00,3029.64,3051.80,3029.27,3047.17,26233,27,0
2025.03.20 00:00:00,3047.10,3056.12,3047.03,3049.47,19539,27,0
2025.03.20 04:00:00,3049.49,3057.33,3044.82,3046.78,25447,27,0
2025.03.20 08:00:00,3046.84,3051.36,3038.60,3041.28,29985,27,0
2025.03.20 12:00:00,3041.27,3042.14,3025.53,3032.69,48007,27,0
2025.03.20 16:00:00,3032.66,3043.09,3030.49,3041.55,40257,27,0
2025.03.20 20:00:00,3041.52,3046.00,3040.74,3044.30,12365,27,0
2025.03.21 00:00:00,3044.10,3047.35,3035.87,3035.89,13042,27,0
2025.03.21 04:00:00,3035.78,3036.88,3021.55,3027.98,20279,27,0
2025.03.21 08:00:00,3027.99,3034.74,3026.96,3029.45,27950,27,0
2025.03.21 12:00:00,3029.45,3038.07,3004.10,3006.53,37029,27,0
2025.03.21 16:00:00,3006.36,3018.09,2999.26,3013.52,48157,27,0
2025.03.21 20:00:00,3013.58,3024.03,3013.34,3023.03,14174,27,0
2025.03.24 00:00:00,3021.64,3026.19,3016.96,3020.79,19866,27,0
2025.03.24 04:00:00,3020.88,3024.26,3013.68,3021.98,22442,27,0
2025.03.24 08:00:00,3021.89,3030.89,3017.17,3023.39,34069,27,0
2025.03.24 12:00:00,3023.49,3033.14,3018.88,3022.49,39057,27,0
2025.03.24 16:00:00,3022.44,3023.92,3005.69,3006.94,44896,27,0
2025.03.24 20:00:00,3006.93,3014.38,3002.34,3011.95,15456,27,0
2025.03.25 00:00:00,3010.92,3014.77,3008.84,3011.70,13332,27,0
2025.03.25 04:00:00,3011.68,3020.87,3007.44,3018.17,19012,27,0
2025.03.25 08:00:00,3018.15,3023.44,3010.43,3023.20,23518,27,0
2025.03.25 12:00:00,3023.21,3030.54,3014.06,3028.30,32624,27,0
2025.03.25 16:00:00,3028.30,3035.92,3017.88,3022.55,36043,27,0
2025.03.25 20:00:00,3022.55,3022.74,3017.66,3019.85,10277,27,0
2025.03.26 00:00:00,3019.15,3025.36,3016.27,3024.68,14880,27,0
2025.03.26 04:00:00,3024.68,3026.82,3013.19,3022.65,23238,27,0
2025.03.26 08:00:00,3022.62,3031.97,3017.38,3018.58,27488,27,0
2025.03.26 12:00:00,3018.30,3030.27,3015.78,3016.54,32249,27,0
2025.03.26 16:00:00,3016.50,3021.55,3012.16,3018.58,34145,27,0
2025.03.26 20:00:00,3018.60,3021.65,3015.61,3018.93,11611,27,0
2025.03.27 00:00:00,3018.58,3028.27,3017.49,3023.48,18450,27,0
2025.03.27 04:00:00,3023.49,3038.45,3023.15,3029.66,21324,27,0
2025.03.27 08:00:00,3029.56,3040.90,3026.53,3039.87,28967,27,0
2025.03.27 12:00:00,3039.91,3055.82,3033.35,3040.59,43387,27,0
2025.03.27 16:00:00,3040.66,3059.54,3040.66,3052.76,48858,27,0
2025.03.27 20:00:00,3052.76,3057.77,3052.60,3056.67,12775,27,0
2025.03.28 00:00:00,3056.23,3073.99,3054.08,3073.88,18601,27,0
2025.03.28 04:00:00,3073.88,3081.92,3069.60,3077.73,23911,27,0
2025.03.28 08:00:00,3077.58,3085.83,3065.83,3072.76,29585,27,0
2025.03.28 12:00:00,3072.72,3083.92,3067.24,3082.92,39006,27,0
2025.03.28 16:00:00,3083.08,3086.70,3067.19,3077.27,47702,27,0
2025.03.28 20:00:00,3077.34,3085.68,3073.40,3085.01,15030,27,0
2025.03.31 00:00:00,3086.49,3097.50,3077.36,3078.98,14965,27,0
2025.03.31 04:00:00,3078.99,3115.78,3076.71,3113.30,36468,27,0
2025.03.31 08:00:00,3113.32,3127.72,3107.46,3122.16,34510,27,0
2025.03.31 12:00:00,3122.19,3126.56,3111.72,3124.39,31106,27,0
2025.03.31 16:00:00,3124.15,3127.11,3099.72,3117.42,57169,27,0
2025.03.31 20:00:00,3117.38,3124.62,3115.81,3123.74,21377,27,0
2025.04.01 00:00:00,3122.68,3127.90,3119.93,3127.12,9588,27,0
2025.04.01 04:00:00,3127.06,3147.77,3126.43,3144.57,33611,27,0
2025.04.01 08:00:00,3144.59,3148.82,3123.93,3130.60,44124,27,0
2025.04.01 12:00:00,3130.64,3138.88,3127.59,3133.17,31665,27,0
2025.04.01 16:00:00,3133.18,3136.98,3100.74,3106.48,59324,27,0
2025.04.01 20:00:00,3106.49,3120.56,3105.55,3113.98,20669,27,0
2025.04.02 00:00:00,3113.67,3123.58,3107.44,3122.73,12428,27,0
2025.04.02 04:00:00,3123.18,3135.61,3115.42,3116.05,26246,27,0
2025.04.02 08:00:00,3116.11,3133.64,3109.67,3131.20,30893,27,0
2025.04.02 12:00:00,3131.27,3131.42,3110.04,3122.41,32464,27,0
2025.04.02 16:00:00,3122.39,3134.12,3116.51,3131.23,47179,27,0
2025.04.02 20:00:00,3131.22,3142.83,3104.72,3132.07,34761,27,0
2025.04.03 00:00:00,3141.02,3167.70,3123.06,3151.20,42553,27,0
2025.04.03 04:00:00,3151.41,3162.85,3139.00,3140.32,44650,27,0
2025.04.03 08:00:00,3140.44,3140.85,3116.33,3128.97,51378,27,0
2025.04.03 12:00:00,3128.95,3129.39,3061.72,3076.16,67122,27,0
2025.04.03 16:00:00,3076.15,3135.51,3053.97,3107.38,77673,27,0
2025.04.03 20:00:00,3107.40,3119.93,3099.95,3114.11,29471,27,0
2025.04.04 00:00:00,3114.32,3116.51,3105.86,3110.50,13270,27,0
2025.04.04 04:00:00,3110.42,3115.63,3086.94,3100.00,32802,27,0
2025.04.04 08:00:00,3099.86,3109.81,3078.38,3084.11,40036,27,0
2025.04.04 12:00:00,3084.06,3136.56,3069.50,3071.07,71299,27,0
2025.04.04 16:00:00,3071.06,3087.36,3016.70,3030.81,76620,27,0
2025.04.04 20:00:00,3030.88,3040.83,3015.56,3038.45,43187,27,0
2025.04.07 00:00:00,3007.97,3031.86,2970.32,2978.62,28962,27,0
2025.04.07 04:00:00,2978.83,3055.45,2971.75,3035.32,54539,27,0
2025.04.07 08:00:00,3035.28,3044.47,3013.23,3031.06,59217,27,0
2025.04.07 12:00:00,3031.28,3045.96,3014.72,3031.12,59637,27,0
2025.04.07 16:00:00,3031.11,3037.92,2969.91,2970.46,82463,27,0
2025.04.07 20:00:00,2970.79,2986.01,2956.16,2981.87,43906,27,0
2025.04.08 00:00:00,2981.10,2992.47,2978.43,2985.24,17764,27,0
2025.04.08 04:00:00,2985.23,3004.66,2983.44,3002.03,36929,27,0
2025.04.08 08:00:00,3001.84,3015.53,2999.38,3007.27,37333,27,0
2025.04.08 12:00:00,3007.26,3019.46,2994.70,3002.50,37208,27,0
2025.04.08 16:00:00,3002.49,3022.56,2984.26,2985.89,67204,27,0
2025.04.08 20:00:00,2985.96,2992.36,2974.59,2981.97,44896,27,0
2025.04.09 00:00:00,2983.01,2990.83,2969.94,2980.25,26038,27,0
2025.04.09 04:00:00,2980.24,3014.05,2972.34,3012.24,53077,27,0
2025.04.09 08:00:00,3012.23,3052.27,3005.35,3043.94,59102,27,0
2025.04.09 12:00:00,3043.93,3072.90,3035.73,3047.24,59625,27,0
2025.04.09 16:00:00,3047.29,3094.76,3047.24,3092.23,66545,27,0
2025.04.09 20:00:00,3092.27,3099.58,3048.55,3082.81,65874,27,0
2025.04.10 00:00:00,3082.71,3101.18,3070.98,3097.09,29689,27,0
2025.04.10 04:00:00,3097.06,3131.78,3078.39,3125.16,51454,27,0
2025.04.10 08:00:00,3125.17,3132.41,3104.58,3104.90,45001,27,0
2025.04.10 12:00:00,3104.92,3133.54,3103.23,3122.88,46287,27,0
2025.04.10 16:00:00,3123.11,3174.94,3116.08,3158.34,75147,27,0
2025.04.10 20:00:00,3158.33,3176.33,3151.43,3175.27,39633,27,0
2025.04.11 00:00:00,3175.57,3217.85,3175.39,3205.39,31796,27,0
2025.04.11 04:00:00,3205.37,3219.93,3200.99,3208.39,51053,27,0
2025.04.11 08:00:00,3208.36,3227.29,3187.06,3215.87,65132,27,0
2025.04.11 12:00:00,3215.86,3237.69,3210.09,3233.45,54470,27,0
2025.04.11 16:00:00,3233.47,3245.23,3219.51,3223.16,73793,27,0
2025.04.11 20:00:00,3223.26,3238.97,3223.26,3237.64,36024,27,0
2025.04.14 00:00:00,3226.87,3228.70,3209.10,3220.83,19645,27,0
2025.04.14 04:00:00,3220.91,3245.53,3215.26,3227.29,39301,27,0
2025.04.14 08:00:00,3227.27,3238.02,3216.38,3226.88,35467,27,0
2025.04.14 12:00:00,3226.87,3231.64,3200.50,3206.71,40967,27,0
2025.04.14 16:00:00,3206.67,3215.64,3193.56,3207.40,55008,27,0
2025.04.14 20:00:00,3207.46,3216.34,3201.30,3210.34,22108,27,0
2025.04.15 00:00:00,3211.40,3215.11,3209.94,3211.80,9100,27,0
2025.04.15 04:00:00,3211.78,3232.55,3209.95,3231.75,25831,27,0
2025.04.15 08:00:00,3231.74,3232.04,3217.21,3227.48,30201,27,0
2025.04.15 12:00:00,3227.52,3229.97,3214.20,3221.39,26791,27,0
2025.04.15 16:00:00,3221.38,3226.84,3211.51,3221.37,40958,27,0
2025.04.15 20:00:00,3221.37,3233.54,3220.36,3229.26,19284,27,0
2025.04.16 00:00:00,3230.60,3267.87,3229.75,3264.37,21406,27,0
2025.04.16 04:00:00,3264.37,3287.41,3255.86,3283.62,38292,27,0
2025.04.16 08:00:00,3283.61,3317.66,3283.58,3306.88,44427,27,0
2025.04.16 12:00:00,3306.90,3313.52,3293.08,3307.22,34902,27,0
2025.04.16 16:00:00,3307.23,3332.87,3296.73,3327.19,54784,27,0
2025.04.16 20:00:00,3327.22,3343.01,3324.33,3342.90,30911,27,0
2025.04.17 00:00:00,3342.29,3357.45,3341.85,3345.24,18747,27,0
2025.04.17 04:00:00,3345.21,3356.11,3320.69,3341.35,43685,27,0
2025.04.17 08:00:00,3341.36,3345.29,3312.59,3324.10,36737,27,0
2025.04.17 12:00:00,3324.07,3342.08,3320.55,3328.09,32221,27,0
2025.04.17 16:00:00,3328.33,3332.00,3283.81,3316.04,69440,27,0
2025.04.17 20:00:00,3316.14,3328.57,3310.88,3326.21,29827,27,0
2025.04.21 00:00:00,3331.55,3370.45,3327.90,3368.63,24589,27,0
2025.04.21 04:00:00,3368.64,3385.13,3367.13,3376.19,35547,27,0
2025.04.21 08:00:00,3376.19,3395.87,3375.56,3392.61,37022,27,0
2025.04.21 12:00:00,3392.65,3415.65,3386.36,3414.82,43891,27,0
2025.04.21 16:00:00,3414.82,3430.14,3405.10,3414.47,65728,27,0
2025.04.21 20:00:00,3414.49,3430.45,3405.97,3424.19,33947,27,0
2025.04.22 00:00:00,3423.79,3444.23,3411.80,3425.28,26409,27,0
2025.04.22 04:00:00,3425.30,3494.66,3421.52,3484.01,50494,27,0
2025.04.22 08:00:00,3484.25,3499.90,3443.11,3443.93,63071,27,0
2025.04.22 12:00:00,3443.93,3468.20,3424.17,3431.42,45071,27,0
2025.04.22 16:00:00,3431.22,3449.43,3371.96,3393.10,76343,27,0
2025.04.22 20:00:00,3393.13,3410.24,3366.68,3380.90,42867,27,0
2025.04.23 00:00:00,3350.30,3370.81,3312.61,3367.77,32976,27,0
2025.04.23 04:00:00,3367.75,3386.40,3328.88,3346.51,51343,27,0
2025.04.23 08:00:00,3346.42,3349.22,3291.56,3321.40,49440,27,0
2025.04.23 12:00:00,3321.45,3340.49,3310.50,3310.65,39777,27,0
2025.04.23 16:00:00,3310.64,3313.62,3260.04,3294.98,76536,27,0
2025.04.23 20:00:00,3294.97,3301.41,3277.72,3288.19,30127,27,0
2025.04.24 00:00:00,3288.11,3338.92,3287.86,3331.63,20510,27,0
2025.04.24 04:00:00,3331.55,3367.24,3320.55,3326.03,47316,27,0
2025.04.24 08:00:00,3326.08,3341.58,3314.66,3336.00,38050,27,0
2025.04.24 12:00:00,3336.06,3344.62,3325.44,3335.79,32329,27,0
2025.04.24 16:00:00,3335.77,3336.14,3306.57,3331.43,56965,27,0
2025.04.24 20:00:00,3331.50,3349.78,3329.85,3348.50,22034,27,0
2025.04.25 00:00:00,3351.22,3370.76,3346.79,3357.57,20698,27,0
2025.04.25 04:00:00,3357.35,3363.00,3316.26,3324.69,35809,27,0
2025.04.25 08:00:00,3324.70,3327.00,3286.55,3303.64,45415,27,0
2025.04.25 12:00:00,3303.79,3308.68,3287.90,3292.60,31507,27,0
2025.04.25 16:00:00,3292.56,3292.67,3265.06,3285.42,51340,27,0
2025.04.25 20:00:00,3285.44,3319.02,3281.87,3318.87,24056,27,0
2025.04.28 00:00:00,3324.94,3336.53,3298.55,3313.94,21446,27,0
2025.04.28 04:00:00,3313.90,3315.11,3267.85,3298.77,35039,27,0
2025.04.28 08:00:00,3298.89,3300.85,3277.49,3282.48,27136,27,0
2025.04.28 12:00:00,3282.60,3302.19,3273.05,3296.12,29570,27,0
2025.04.28 16:00:00,3295.89,3339.13,3286.86,3336.44,54624,27,0
2025.04.28 20:00:00,3336.55,3352.84,3332.97,3343.92,25180,27,0
2025.04.29 00:00:00,3344.61,3348.43,3327.68,3329.85,15664,27,0
2025.04.29 04:00:00,3329.73,3339.94,3306.56,3309.12,35364,27,0
2025.04.29 08:00:00,3309.11,3324.76,3304.96,3311.76,26357,27,0
2025.04.29 12:00:00,3311.68,3315.93,3300.43,3312.78,27695,27,0
2025.04.29 16:00:00,3312.66,3329.91,3299.55,3328.66,47430,27,0
2025.04.29 20:00:00,3328.69,3329.59,3313.19,3317.01,20621,27,0
2025.04.30 00:00:00,3314.21,3327.95,3310.89,3312.99,13172,27,0
2025.04.30 04:00:00,3312.98,3322.61,3301.25,3307.89,26331,27,0
2025.04.30 08:00:00,3307.86,3314.53,3280.19,3284.30,27908,27,0
2025.04.30 12:00:00,3284.30,3304.66,3266.76,3298.63,40441,27,0
2025.04.30 16:00:00,3298.56,3319.67,3292.83,3310.70,55718,27,0
2025.04.30 20:00:00,3310.67,3313.41,3282.89,3288.34,24081,27,0
2025.05.01 00:00:00,3286.69,3289.78,3240.92,3246.17,24336,27,0
2025.05.01 04:00:00,3246.17,3251.52,3221.19,3226.61,30669,27,0
2025.05.01 08:00:00,3226.48,3243.11,3223.32,3235.01,26563,27,0
2025.05.01 12:00:00,3235.01,3236.09,3201.76,3226.71,37352,27,0
2025.05.01 16:00:00,3226.58,3233.16,3204.85,3219.47,52381,27,0
2025.05.01 20:00:00,3219.49,3239.73,3209.74,3237.87,25168,27,0
2025.05.02 00:00:00,3238.78,3244.25,3227.35,3231.00,16153,27,0
2025.05.02 04:00:00,3231.26,3258.57,3231.24,3251.70,23721,27,0
2025.05.02 08:00:00,3251.52,3263.22,3246.33,3258.04,23214,27,0
2025.05.02 12:00:00,3258.06,3269.14,3250.15,3250.21,34264,27,0
2025.05.02 16:00:00,3250.24,3264.43,3222.67,3224.89,68787,27,0
2025.05.02 20:00:00,3224.86,3241.11,3223.46,3240.84,31460,27,0
2025.05.05 00:00:00,3239.08,3252.27,3237.35,3246.60,17360,27,0
2025.05.05 04:00:00,3246.61,3272.29,3246.45,3256.39,31232,27,0
2025.05.05 08:00:00,3256.37,3282.80,3253.95,3282.55,29231,27,0
2025.05.05 12:00:00,3282.56,3322.42,3282.09,3319.44,44277,27,0
2025.05.05 16:00:00,3319.43,3328.65,3305.47,3309.63,51836,27,0
2025.05.05 20:00:00,3309.61,3337.49,3309.00,3333.73,25213,27,0
2025.05.06 00:00:00,3335.63,3337.78,3322.68,3329.51,16383,27,0
2025.05.06 04:00:00,3329.52,3386.95,3329.52,3363.04,56205,27,0
2025.05.06 08:00:00,3363.06,3383.05,3350.11,3377.09,42765,27,0
2025.05.06 12:00:00,3377.09,3392.23,3371.29,3390.92,41160,27,0
2025.05.06 16:00:00,3391.13,3411.50,3378.13,3408.79,58249,27,0
2025.05.06 20:00:00,3408.79,3434.91,3407.32,3430.36,32031,27,0
2025.05.07 00:00:00,3437.46,3437.76,3360.52,3379.55,39062,27,0
2025.05.07 04:00:00,3378.98,3393.74,3360.10,3381.97,41044,27,0
2025.05.07 08:00:00,3382.02,3397.23,3378.12,3382.62,32950,27,0
2025.05.07 12:00:00,3382.67,3393.67,3369.16,3390.74,39760,27,0
2025.05.07 16:00:00,3390.77,3398.00,3375.71,3386.84,50687,27,0
2025.05.07 20:00:00,3386.84,3397.88,3363.59,3364.33,43905,27,0
2025.05.08 00:00:00,3365.66,3386.78,3364.06,3380.38,14457,27,0
2025.05.08 04:00:00,3380.37,3414.64,3379.00,3381.96,40786,27,0
2025.05.08 08:00:00,3381.97,3384.15,3320.17,3339.19,53870,27,0
2025.05.08 12:00:00,3339.22,3358.47,3330.23,3355.96,36491,27,0
2025.05.08 16:00:00,3356.04,3369.49,3304.33,3310.15,61954,27,0
2025.05.08 20:00:00,3310.07,3311.02,3288.68,3305.72,32776,27,0
2025.05.09 00:00:00,3306.59,3323.88,3306.15,3322.09,18747,27,0
2025.05.09 04:00:00,3322.09,3327.40,3274.60,3324.60,45751,27,0
2025.05.09 08:00:00,3324.61,3332.07,3312.80,3328.46,34478,27,0
2025.05.09 12:00:00,3328.48,3338.26,3321.92,3333.44,29506,27,0
2025.05.09 16:00:00,3333.43,3347.40,3320.18,3336.74,49013,27,0
2025.05.09 20:00:00,3336.64,3342.79,3324.81,3326.49,20311,27,0
2025.05.12 00:00:00,3295.89,3295.89,3265.83,3278.98,26443,27,0
2025.05.12 04:00:00,3278.62,3284.67,3258.70,3278.75,39461,27,0
2025.05.12 08:00:00,3278.76,3281.49,3215.99,3231.29,55713,27,0
2025.05.12 12:00:00,3231.20,3234.27,3207.64,3233.45,45293,27,0
2025.05.12 16:00:00,3233.67,3248.54,3223.10,3224.05,58876,27,0
2025.05.12 20:00:00,3224.11,3238.72,3220.25,3234.80,25939,27,0
2025.05.13 00:00:00,3237.64,3243.16,3229.61,3239.81,14799,27,0
2025.05.13 04:00:00,3239.80,3253.46,3215.68,3252.43,34964,27,0
2025.05.13 08:00:00,3252.56,3265.44,3247.20,3255.47,31784,27,0
2025.05.13 12:00:00,3255.47,3258.47,3237.20,3241.66,32816,27,0
2025.05.13 16:00:00,3241.49,3257.68,3225.40,3250.90,51888,27,0
2025.05.13 20:00:00,3250.81,3254.69,3241.97,3250.14,20294,27,0
2025.05.14 00:00:00,3248.97,3256.95,3240.46,3243.68,13508,27,0
2025.05.14 04:00:00,3243.71,3251.70,3222.44,3223.86,36099,27,0
2025.05.14 08:00:00,3223.90,3243.69,3221.52,3232.48,35922,27,0
2025.05.14 12:00:00,3232.40,3239.07,3184.03,3184.68,42518,27,0
2025.05.14 16:00:00,3184.71,3198.15,3173.66,3188.39,61718,27,0
2025.05.14 20:00:00,3188.34,3190.36,3167.76,3177.33,29799,27,0
2025.05.15 00:00:00,3176.51,3187.80,3176.51,3187.65,12940,27,0
2025.05.15 04:00:00,3187.65,3192.56,3135.44,3138.43,39006,27,0
2025.05.15 08:00:00,3138.43,3164.11,3120.61,3162.48,47174,27,0
2025.05.15 12:00:00,3162.47,3189.74,3159.23,3188.72,38636,27,0
2025.05.15 16:00:00,3188.72,3222.64,3185.07,3222.49,54482,27,0
2025.05.15 20:00:00,3222.49,3240.54,3216.31,3239.76,24115,27,0
2025.05.16 00:00:00,3240.19,3251.95,3231.88,3243.00,22439,27,0
2025.05.16 04:00:00,3243.00,3244.48,3206.43,3219.51,37749,27,0
2025.05.16 08:00:00,3219.46,3231.14,3195.49,3207.33,34897,27,0
2025.05.16 12:00:00,3207.29,3212.81,3154.08,3177.41,45149,27,0
2025.05.16 16:00:00,3177.38,3189.66,3165.77,3189.28,57887,27,0
2025.05.16 20:00:00,3189.29,3202.81,3183.42,3202.02,23773,27,0
2025.05.19 00:00:00,3218.63,3249.71,3205.44,3246.37,32259,27,0
2025.05.19 04:00:00,3246.29,3246.62,3206.58,3215.80,46327,27,0
2025.05.19 08:00:00,3215.82,3244.81,3214.87,3244.32,39535,27,0
2025.05.19 12:00:00,3244.41,3248.41,3228.75,3229.15,35388,27,0
2025.05.19 16:00:00,3229.31,3241.54,3217.09,3231.65,52624,27,0
2025.05.19 20:00:00,3231.65,3235.77,3225.24,3230.07,19810,27,0
2025.05.20 00:00:00,3230.70,3230.70,3214.02,3222.62,16401,27,0
2025.05.20 04:00:00,3222.61,3232.62,3204.45,3217.19,42528,27,0
2025.05.20 08:00:00,3217.18,3235.97,3207.84,3235.69,39641,27,0
2025.05.20 12:00:00,3235.72,3250.64,3230.42,3242.76,35611,27,0
2025.05.20 16:00:00,3242.76,3285.63,3232.69,3278.80,72006,27,0
2025.05.20 20:00:00,3278.80,3295.59,3278.19,3289.74,27066,27,0
2025.05.21 00:00:00,3290.81,3304.12,3288.41,3303.42,20611,27,0
2025.05.21 04:00:00,3303.42,3314.61,3285.25,3301.99,43043,27,0
2025.05.21 08:00:00,3301.99,3320.44,3298.35,3308.37,43149,27,0
2025.05.21 12:00:00,3308.38,3318.18,3290.41,3302.47,43261,27,0
2025.05.21 16:00:00,3302.47,3315.10,3295.21,3303.08,59179,27,0
2025.05.21 20:00:00,3302.93,3324.79,3302.79,3315.24,34142,27,0
2025.05.22 00:00:00,3318.14,3326.10,3315.23,3323.67,18246,27,0
2025.05.22 04:00:00,3323.66,3345.34,3320.25,3338.43,45873,27,0
2025.05.22 08:00:00,3338.43,3339.42,3310.09,3311.16,46940,27,0
2025.05.22 12:00:00,3311.15,3314.63,3282.80,3303.95,61542,27,0
2025.05.22 16:00:00,3303.99,3315.62,3279.04,3301.48,72033,27,0
2025.05.22 20:00:00,3301.49,3301.76,3288.95,3294.62,29580,27,0
2025.05.23 00:00:00,3293.85,3308.78,3286.99,3300.87,18088,27,0
2025.05.23 04:00:00,3300.81,3316.08,3290.86,3313.52,39182,27,0
2025.05.23 08:00:00,3313.52,3334.35,3312.44,3326.25,42365,27,0
2025.05.23 12:00:00,3326.26,3360.37,3323.38,3356.80,58803,27,0
2025.05.23 16:00:00,3357.07,3364.66,3336.54,3358.74,69038,27,0
2025.05.23 20:00:00,3358.78,3365.84,3356.03,3356.12,24354,27,0
2025.05.26 00:00:00,3353.13,3355.91,3331.43,3341.83,20001,27,0
2025.05.26 04:00:00,3341.95,3356.72,3335.48,3349.70,34403,27,0
2025.05.26 08:00:00,3349.66,3351.72,3330.98,3334.57,31943,27,0
2025.05.26 12:00:00,3334.59,3336.03,3323.58,3334.28,23895,27,0
2025.05.26 16:00:00,3334.31,3343.53,3331.31,3341.92,26268,27,0
2025.05.26 20:00:00,3341.95,3343.12,3340.39,3341.43,2995,27,0
2025.05.27 00:00:00,3343.06,3349.88,3342.34,3344.99,12688,27,0
2025.05.27 04:00:00,3345.12,3347.26,3330.59,3330.77,31370,27,0
2025.05.27 08:00:00,3330.80,3332.53,3292.46,3298.43,58392,27,0
2025.05.27 12:00:00,3298.47,3309.72,3287.61,3293.58,50504,27,0
2025.05.27 16:00:00,3293.61,3304.77,3284.94,3297.67,54244,27,0
2025.05.27 20:00:00,3297.69,3307.93,3296.74,3300.47,19724,27,0
2025.05.28 00:00:00,3300.41,3315.64,3297.08,3308.47,11948,27,0
2025.05.28 04:00:00,3308.42,3313.63,3291.54,3296.30,33618,27,0
2025.05.28 08:00:00,3296.28,3323.69,3295.89,3321.46,40253,27,0
2025.05.28 12:00:00,3321.55,3325.42,3305.26,3312.19,30549,27,0
2025.05.28 16:00:00,3312.19,3316.26,3288.55,3293.37,49121,27,0
2025.05.28 20:00:00,3293.36,3302.94,3276.15,3288.24,27469,27,0
2025.05.29 00:00:00,3286.96,3294.44,3250.12,3264.97,35299,27,0
2025.05.29 04:00:00,3264.97,3280.05,3245.32,3269.02,46810,27,0
2025.05.29 08:00:00,3269.08,3289.20,3265.86,3281.58,37469,27,0
2025.05.29 12:00:00,3281.59,3317.35,3276.08,3316.36,43565,27,0
2025.05.29 16:00:00,3316.32,3331.05,3304.71,3322.15,57607,27,0
2025.05.29 20:00:00,3322.07,3325.69,3315.23,3317.61,25413,27,0
2025.05.30 00:00:00,3318.51,3320.86,3309.49,3312.47,14553,27,0
2025.05.30 04:00:00,3312.47,3322.60,3291.17,3296.18,38255,27,0
2025.05.30 08:00:00,3296.19,3304.92,3287.28,3295.58,37751,27,0
2025.05.30 12:00:00,3295.62,3306.73,3282.79,3303.92,41669,27,0
2025.05.30 16:00:00,3303.88,3308.12,3271.39,3293.26,65326,27,0
2025.05.30 20:00:00,3293.21,3295.71,3288.60,3289.49,24280,27,0
2025.06.02 00:00:00,3299.11,3316.61,3295.37,3311.22,20021,27,0
2025.06.02 04:00:00,3311.23,3318.12,3301.29,3313.75,27827,27,0
2025.06.02 08:00:00,3313.79,3358.91,3313.74,3351.92,41729,27,0
2025.06.02 12:00:00,3351.96,3363.52,3344.31,3355.34,41359,27,0
2025.06.02 16:00:00,3355.38,3379.19,3350.22,3371.63,60860,27,0
2025.06.02 20:00:00,3371.51,3382.82,3370.63,3381.49,26153,27,0
2025.06.03 00:00:00,3382.71,3392.02,3373.73,3375.68,19956,27,0
2025.06.03 04:00:00,3375.71,3377.92,3359.12,3362.54,44241,27,0
2025.06.03 08:00:00,3362.54,3367.58,3350.99,3361.04,38753,27,0
2025.06.03 12:00:00,3361.05,3362.92,3348.89,3359.32,35110,27,0
2025.06.03 16:00:00,3359.29,3362.99,3333.00,3348.35,53294,27,0
2025.06.03 20:00:00,3348.33,3355.39,3347.24,3353.33,18461,27,0
2025.06.04 00:00:00,3354.16,3361.51,3349.75,3350.16,14934,27,0
2025.06.04 04:00:00,3350.17,3372.53,3346.36,3354.64,35500,27,0
2025.06.04 08:00:00,3354.73,3365.05,3347.84,3362.63,37824,27,0
2025.06.04 12:00:00,3362.66,3364.87,3343.67,3358.74,42883,27,0
2025.06.04 16:00:00,3358.75,3384.59,3350.71,3374.95,54183,27,0
2025.06.04 20:00:00,3374.87,3382.08,3370.58,3372.18,19399,27,0
2025.06.05 00:00:00,3374.66,3381.61,3372.17,3380.18,13465,27,0
2025.06.05 04:00:00,3380.16,3384.02,3363.82,3368.35,31724,27,0
2025.06.05 08:00:00,3368.43,3376.82,3361.05,3375.08,31833,27,0
2025.06.05 12:00:00,3375.17,3403.23,3373.91,3382.89,57861,27,0
2025.06.05 16:00:00,3382.97,3388.35,3339.23,3353.96,88205,27,0
2025.06.05 20:00:00,3353.96,3361.23,3348.84,3352.65,29093,27,0
2025.06.06 00:00:00,3353.17,3363.97,3352.88,3359.26,16296,27,0
2025.06.06 04:00:00,3359.29,3374.44,3355.94,3373.55,33361,27,0
2025.06.06 08:00:00,3373.52,3375.50,3352.76,3365.28,41478,27,0
2025.06.06 12:00:00,3365.29,3365.30,3343.41,3353.22,44965,27,0
2025.06.06 16:00:00,3353.16,3360.86,3316.25,3322.60,78705,27,0
2025.06.06 20:00:00,3322.65,3326.71,3306.93,3311.56,27459,27,0
2025.06.09 00:00:00,3311.26,3321.13,3298.14,3305.33,21154,27,0
2025.06.09 04:00:00,3305.34,3313.34,3293.38,3311.61,36024,27,0
2025.06.09 08:00:00,3311.60,3328.46,3309.47,3319.65,35211,27,0
2025.06.09 12:00:00,3319.75,3323.34,3312.04,3319.91,33213,27,0
2025.06.09 16:00:00,3319.96,3337.74,3310.60,3337.57,48307,27,0
2025.06.09 20:00:00,3337.78,3338.07,3324.81,3325.52,18402,27,0
2025.06.10 00:00:00,3325.39,3327.79,3314.45,3316.52,16176,27,0
2025.06.10 04:00:00,3316.53,3319.82,3301.76,3307.21,38269,27,0
2025.06.10 08:00:00,3307.16,3334.79,3306.66,3329.23,45047,27,0
2025.06.10 12:00:00,3329.18,3342.47,3327.03,3337.03,33201,27,0
2025.06.10 16:00:00,3337.12,3349.06,3319.81,3321.12,51631,27,0
2025.06.10 20:00:00,3321.10,3334.47,3319.30,3322.42,20791,27,0
2025.06.11 00:00:00,3322.37,3335.10,3315.38,3332.38,19785,27,0
2025.06.11 04:00:00,3332.32,3342.82,3327.02,3341.72,29045,27,0
2025.06.11 08:00:00,3341.72,3348.49,3332.34,3344.42,33837,27,0
2025.06.11 12:00:00,3344.42,3360.55,3326.00,3336.69,46756,27,0
2025.06.11 16:00:00,3336.68,3344.56,3327.92,3330.14,57444,27,0
2025.06.11 20:00:00,3330.14,3355.48,3319.20,3354.87,34612,27,0
2025.06.12 00:00:00,3356.87,3373.33,3355.78,3365.66,25439,27,0
2025.06.12 04:00:00,3365.67,3377.70,3362.34,3370.34,35452,27,0
2025.06.12 08:00:00,3370.30,3375.64,3338.55,3356.71,47015,27,0
2025.06.12 12:00:00,3356.70,3390.31,3355.30,3387.96,49069,27,0
2025.06.12 16:00:00,3388.27,3398.76,3377.70,3383.56,64087,27,0
2025.06.12 20:00:00,3383.56,3389.27,3378.03,3386.74,21936,27,0
2025.06.13 00:00:00,3386.07,3419.84,3379.33,3416.47,33960,27,0
2025.06.13 04:00:00,3414.83,3444.31,3413.84,3425.20,57704,27,0
2025.06.13 08:00:00,3425.21,3428.70,3407.78,3424.32,48121,27,0
2025.06.13 12:00:00,3424.27,3438.00,3411.44,3436.55,49307,27,0
2025.06.13 16:00:00,3436.37,3446.70,3419.18,3429.95,68627,27,0
2025.06.13 20:00:00,3429.95,3439.36,3427.26,3433.37,32013,27,0
2025.06.16 00:00:00,3443.56,3451.40,3431.45,3436.19,27626,27,0
2025.06.16 04:00:00,3436.20,3446.23,3426.74,3427.42,36082,27,0
2025.06.16 08:00:00,3427.44,3430.29,3409.38,3413.74,47232,27,0
2025.06.16 12:00:00,3413.82,3422.56,3410.69,3415.48,37161,27,0
2025.06.16 16:00:00,3415.44,3417.91,3382.49,3399.34,57960,27,0
2025.06.16 20:00:00,3399.33,3400.15,3382.81,3385.25,23955,27,0
2025.06.17 00:00:00,3386.79,3403.11,3385.69,3394.24,18309,27,0
2025.06.17 04:00:00,3394.25,3402.42,3373.58,3393.89,31754,27,0
2025.06.17 08:00:00,3393.88,3395.31,3377.74,3378.75,36651,27,0
2025.06.17 12:00:00,3378.75,3400.04,3375.66,3386.59,47900,34,0
2025.06.17 16:00:00,3386.69,3397.33,3366.11,3382.82,57546,34,0
2025.06.17 20:00:00,3382.76,3392.36,3381.23,3388.38,28359,34,0
2025.06.18 00:00:00,3390.35,3395.95,3382.82,3385.61,14520,27,0
2025.06.18 04:00:00,3385.56,3399.89,3370.52,3395.06,32583,34,0
2025.06.18 08:00:00,3395.05,3395.54,3376.98,3383.44,35434,34,0
2025.06.18 12:00:00,3383.44,3389.71,3375.38,3386.50,36656,27,0
2025.06.18 16:00:00,3386.54,3396.67,3373.73,3390.88,52048,27,0
2025.06.18 20:00:00,3390.86,3395.64,3362.40,3369.20,50295,27,0
2025.06.19 00:00:00,3369.91,3383.18,3369.19,3379.35,16482,27,0
2025.06.19 04:00:00,3379.33,3387.82,3369.61,3374.43,29011,27,0
2025.06.19 08:00:00,3374.41,3375.18,3347.39,3368.59,50755,27,0
2025.06.19 12:00:00,3368.59,3378.88,3363.42,3367.83,31008,27,0
2025.06.19 16:00:00,3368.00,3372.83,3361.36,3370.97,37540,27,0
2025.06.19 20:00:00,3370.98,3375.31,3365.74,3370.37,7123,27,0
2025.06.20 00:00:00,3369.85,3370.31,3361.79,3368.01,15551,27,0
2025.06.20 04:00:00,3368.02,3368.22,3344.63,3354.13,35991,27,0
2025.06.20 08:00:00,3354.13,3355.15,3340.24,3350.87,34643,27,0
2025.06.20 12:00:00,3350.86,3359.04,3341.81,3344.30,33851,27,0
2025.06.20 16:00:00,3344.50,3374.39,3342.92,3371.35,48488,27,0
2025.06.20 20:00:00,3371.35,3371.63,3364.50,3368.40,19885,27,0
2025.06.23 00:00:00,3389.44,3396.58,3358.30,3365.56,27943,27,0
2025.06.23 04:00:00,3365.62,3367.94,3351.83,3358.37,34584,27,0
2025.06.23 08:00:00,3358.36,3362.17,3346.83,3361.69,37408,27,0
2025.06.23 12:00:00,3361.67,3381.89,3355.77,3360.32,41251,27,0
2025.06.23 16:00:00,3360.30,3393.35,3359.66,3389.75,58812,27,0
2025.06.23 20:00:00,3389.72,3391.48,3367.07,3368.98,34925,27,0
2025.06.24 00:00:00,3366.61,3369.38,3333.04,3350.96,30749,27,0
2025.06.24 04:00:00,3350.98,3357.78,3342.10,3348.44,35877,27,0
2025.06.24 08:00:00,3348.41,3348.66,3315.99,3327.15,53542,27,0
2025.06.24 12:00:00,3327.17,3328.78,3304.37,3314.60,41226,27,0
2025.06.24 16:00:00,3314.58,3320.29,3295.23,3318.29,61578,27,0
2025.06.24 20:00:00,3318.38,3325.15,3315.54,3322.93,23612,27,0
2025.06.25 00:00:00,3323.74,3329.94,3320.68,3326.83,12463,27,0
2025.06.25 04:00:00,3326.85,3335.10,3325.68,3327.36,27154,27,0
2025.06.25 08:00:00,3327.34,3336.94,3326.39,3327.20,30932,27,0
2025.06.25 12:00:00,3327.22,3329.41,3318.02,3320.52,32833,27,0
2025.06.25 16:00:00,3320.53,3335.04,3311.84,3334.62,44676,27,0
2025.06.25 20:00:00,3334.64,3335.90,3324.61,3332.12,26969,27,0
2025.06.26 00:00:00,3334.18,3339.91,3331.10,3333.82,14073,27,0
2025.06.26 04:00:00,3333.82,3343.05,3329.15,3333.84,28997,27,0
2025.06.26 08:00:00,3333.83,3350.21,3330.88,3348.04,33055,27,0
2025.06.26 12:00:00,3348.01,3348.66,3321.48,3321.89,36395,27,0
2025.06.26 16:00:00,3321.89,3333.16,3309.87,3331.22,55728,27,0
2025.06.26 20:00:00,3331.18,3336.29,3327.63,3327.66,20770,27,0
2025.06.27 00:00:00,3327.32,3327.87,3313.17,3318.74,13118,27,0
2025.06.27 04:00:00,3318.68,3321.86,3290.94,3293.86,37333,27,0
2025.06.27 08:00:00,3293.94,3300.88,3281.78,3289.30,43737,27,0
2025.06.27 12:00:00,3289.32,3290.85,3269.36,3269.94,43353,27,0
2025.06.27 16:00:00,3270.00,3278.45,3255.84,3277.47,62703,27,0
2025.06.27 20:00:00,3277.50,3282.71,3268.28,3274.50,30380,27,0
2025.06.30 00:00:00,3273.52,3281.39,3246.66,3264.42,22265,27,0
2025.06.30 04:00:00,3264.41,3286.17,3259.41,3285.49,31345,27,0
2025.06.30 08:00:00,3285.44,3296.65,3284.50,3289.04,30549,27,0
2025.06.30 12:00:00,3289.01,3289.01,3274.45,3281.93,31816,27,0
2025.06.30 16:00:00,3281.94,3297.37,3277.83,3297.18,42855,27,0
2025.06.30 20:00:00,3297.19,3309.37,3291.90,3302.88,24572,27,0
2025.07.01 00:00:00,3303.01,3314.73,3302.10,3314.63,15661,27,0
2025.07.01 04:00:00,3314.62,3322.91,3313.80,3322.82,28422,27,0
2025.07.01 08:00:00,3322.82,3342.30,3322.79,3339.42,37257,27,0
2025.07.01 12:00:00,3339.43,3357.82,3338.10,3354.49,40916,27,0
2025.07.01 16:00:00,3354.45,3355.41,3336.92,3341.66,57941,27,0
2025.07.01 20:00:00,3341.60,3342.06,3336.74,3338.87,21379,27,0
2025.07.02 00:00:00,3337.96,3344.89,3334.50,3338.87,15457,27,0
2025.07.02 04:00:00,3338.86,3342.74,3328.48,3339.97,26928,27,0
2025.07.02 08:00:00,3339.95,3343.79,3327.40,3333.42,29818,27,0
2025.07.02 12:00:00,3333.39,3350.97,3332.94,3346.57,35698,27,0
2025.07.02 16:00:00,3346.57,3349.06,3333.81,3348.59,48448,27,0
2025.07.02 20:00:00,3348.58,3360.03,3347.28,3356.93,20765,27,0
2025.07.03 00:00:00,3357.60,3365.77,3343.42,3344.62,17806,27,0
2025.07.03 04:00:00,3344.66,3351.75,3341.77,3350.64,23255,27,0
2025.07.03 08:00:00,3350.66,3363.57,3350.05,3356.05,31365,27,0
2025.07.03 12:00:00,3356.06,3356.18,3311.47,3324.38,43692,27,0
2025.07.03 16:00:00,3324.45,3338.38,3322.02,3333.81,52119,27,0
2025.07.03 20:00:00,3333.79,3334.75,3325.22,3325.85,9106,32,0
2025.07.04 00:00:00,3325.50,3331.88,3323.41,3328.87,11338,27,0
2025.07.04 04:00:00,3328.86,3342.11,3326.04,3340.75,23218,27,0
2025.07.04 08:00:00,3340.76,3344.92,3336.33,3342.74,26830,27,0
2025.07.04 12:00:00,3342.73,3342.98,3331.33,3333.80,23777,27,0
2025.07.04 16:00:00,3333.84,3337.90,3330.64,3336.77,20939,27,0
2025.07.07 00:00:00,3334.37,3342.39,3321.58,3326.44,16826,27,0
2025.07.07 04:00:00,3326.44,3327.59,3305.18,3307.60,38099,27,0
2025.07.07 08:00:00,3307.65,3315.15,3300.51,3310.02,37359,27,0
2025.07.07 12:00:00,3310.00,3312.66,3296.27,3309.48,43646,27,0
2025.07.07 16:00:00,3309.46,3327.92,3306.01,3327.26,47430,27,0
2025.07.07 20:00:00,3327.23,3340.24,3327.17,3336.18,28622,27,0
2025.07.08 00:00:00,3338.79,3345.65,3330.98,3334.13,15504,27,0
2025.07.08 04:00:00,3334.15,3337.84,3327.28,3329.51,27313,27,0
2025.07.08 08:00:00,3329.50,3339.29,3323.16,3323.57,30516,27,0
2025.07.08 12:00:00,3323.58,3329.73,3319.79,3328.02,27769,27,0
2025.07.08 16:00:00,3328.04,3328.58,3286.98,3300.42,61549,27,0
2025.07.08 20:00:00,3300.41,3310.25,3299.20,3301.54,33157,27,0
2025.07.09 00:00:00,3301.56,3307.87,3297.13,3307.00,15109,27,0
2025.07.09 04:00:00,3307.01,3307.10,3284.87,3293.77,33459,27,0
2025.07.09 08:00:00,3293.80,3297.65,3282.56,3284.88,36202,27,0
2025.07.09 12:00:00,3284.82,3297.44,3283.11,3296.29,30743,27,0
2025.07.09 16:00:00,3296.32,3313.15,3291.77,3311.73,46213,27,0
2025.07.09 20:00:00,3311.71,3316.72,3307.97,3313.49,20985,33,0
2025.07.10 00:00:00,3313.43,3321.74,3312.49,3317.57,11929,27,0
2025.07.10 04:00:00,3317.49,3326.18,3314.75,3322.10,21815,33,0
2025.07.10 08:00:00,3322.11,3330.03,3319.71,3328.57,25115,33,0
2025.07.10 12:00:00,3328.57,3330.18,3317.70,3323.62,31671,33,0
2025.07.10 16:00:00,3323.67,3329.28,3309.92,3314.95,41570,33,0
2025.07.10 20:00:00,3314.96,3325.85,3314.54,3323.86,20303,33,0
2025.07.11 00:00:00,3324.14,3336.01,3321.67,3330.42,15943,27,0
2025.07.11 04:00:00,3330.38,3335.88,3325.04,3331.82,24112,33,0
2025.07.11 08:00:00,3331.79,3343.69,3331.02,3332.92,37971,33,0
2025.07.11 12:00:00,3332.94,3356.98,3332.69,3354.95,39139,33,0
2025.07.11 16:00:00,3354.96,3368.52,3349.97,3353.76,57455,33,0
2025.07.11 20:00:00,3353.57,3359.62,3349.16,3354.89,26363,33,0
2025.07.14 00:00:00,3363.88,3373.87,3358.97,3367.39,20990,27,0
2025.07.14 04:00:00,3367.43,3370.01,3353.73,3359.55,31177,33,0
2025.07.14 08:00:00,3359.52,3374.90,3353.69,3365.86,33752,33,0
2025.07.14 12:00:00,3365.96,3374.49,3349.23,3349.95,31918,33,0
2025.07.14 16:00:00,3349.96,3358.85,3340.89,3347.68,46207,33,0
2025.07.14 20:00:00,3347.67,3351.56,3341.12,3343.30,20787,33,0
2025.07.15 00:00:00,3343.96,3349.26,3341.27,3347.48,9019,27,0
2025.07.15 04:00:00,3347.50,3361.24,3345.69,3360.07,22431,33,0
2025.07.15 08:00:00,3360.05,3365.50,3356.48,3360.96,28439,33,0
2025.07.15 12:00:00,3360.95,3366.20,3346.31,3348.75,33980,33,0
2025.07.15 16:00:00,3348.80,3352.30,3320.11,3329.15,59646,33,0
2025.07.15 20:00:00,3329.16,3331.81,3324.75,3324.76,23213,28,0
2025.07.16 00:00:00,3324.03,3332.48,3323.64,3330.37,8716,27,0
2025.07.16 04:00:00,3330.37,3338.46,3324.95,3338.17,22660,33,0
2025.07.16 08:00:00,3338.11,3342.52,3335.58,3341.96,23376,33,0
2025.07.16 12:00:00,3341.91,3342.91,3330.79,3334.44,31087,28,0
2025.07.16 16:00:00,3334.48,3377.15,3319.56,3349.01,76363,32,0
2025.07.16 20:00:00,3349.00,3357.38,3345.92,3347.37,28470,32,0
2025.07.17 00:00:00,3347.88,3352.08,3339.60,3340.65,10340,27,0
2025.07.17 04:00:00,3340.69,3344.60,3336.21,3342.61,22458,32,0
2025.07.17 08:00:00,3342.57,3342.79,3325.05,3328.65,29108,32,0
2025.07.17 12:00:00,3328.65,3332.43,3309.73,3312.99,36181,32,0
2025.07.17 16:00:00,3312.97,3339.83,3311.09,3338.71,49068,32,0
2025.07.17 20:00:00,3338.68,3340.98,3335.56,3339.03,19247,32,0
2025.07.18 00:00:00,3341.77,3343.96,3337.87,3339.74,10372,27,0
2025.07.18 04:00:00,3339.75,3344.07,3333.71,3336.95,23471,32,0
2025.07.18 08:00:00,3336.96,3350.24,3331.72,3347.34,28285,32,0
2025.07.18 12:00:00,3347.46,3361.12,3347.34,3359.80,30560,32,0
2025.07.18 16:00:00,3359.82,3360.17,3351.06,3353.53,43548,32,0
2025.07.18 20:00:00,3353.54,3353.62,3347.52,3350.34,19458,32,0
2025.07.21 00:00:00,3349.69,3354.42,3344.85,3352.15,10795,27,0
2025.07.21 04:00:00,3352.13,3358.63,3350.54,3357.70,21146,32,0
2025.07.21 08:00:00,3357.67,3370.61,3357.53,3365.86,31376,32,0
2025.07.21 12:00:00,3365.90,3388.50,3362.62,3387.12,32506,32,0
2025.07.21 16:00:00,3387.20,3401.43,3383.48,3395.48,53980,32,0
2025.07.21 20:00:00,3395.49,3399.62,3391.35,3396.92,28733,32,0
2025.07.22 00:00:00,3396.70,3402.58,3390.40,3394.36,12534,27,0
2025.07.22 04:00:00,3394.37,3395.76,3385.00,3390.95,25891,32,0
2025.07.22 08:00:00,3391.10,3391.77,3383.18,3388.89,28589,32,0
2025.07.22 12:00:00,3388.82,3407.67,3384.46,3407.39,29078,32,0
2025.07.22 16:00:00,3407.40,3432.74,3404.85,3432.02,61299,32,0
2025.07.22 20:00:00,3432.04,3433.36,3426.40,3431.58,28527,32,0
2025.07.23 00:00:00,3431.75,3438.90,3426.10,3428.62,15733,27,0
2025.07.23 04:00:00,3428.67,3430.62,3419.02,3423.44,38084,32,0
2025.07.23 08:00:00,3423.43,3429.54,3416.25,3428.30,37210,32,0
2025.07.23 12:00:00,3428.36,3433.64,3419.84,3419.88,32795,34,0
2025.07.23 16:00:00,3419.86,3420.47,3381.36,3387.31,60267,34,0
2025.07.23 20:00:00,3387.30,3395.88,3385.65,3387.05,26819,34,0
2025.07.24 00:00:00,3387.85,3393.18,3386.41,3391.34,8295,27,0
2025.07.24 04:00:00,3391.35,3393.23,3374.63,3382.42,36939,34,0
2025.07.24 08:00:00,3382.42,3382.76,3365.75,3369.57,37245,34,0
2025.07.24 12:00:00,3369.46,3369.97,3352.50,3353.34,34732,34,0
2025.07.24 16:00:00,3353.30,3377.28,3351.24,3366.84,52549,34,0
2025.07.24 20:00:00,3366.81,3373.31,3366.19,3368.43,20782,34,0
2025.07.25 00:00:00,3367.78,3373.34,3364.94,3372.06,10733,27,0
2025.07.25 04:00:00,3372.08,3372.53,3357.81,3360.78,23889,34,0
2025.07.25 08:00:00,3360.87,3362.15,3344.44,3345.31,27528,34,0
2025.07.25 12:00:00,3345.33,3348.79,3336.30,3340.66,27576,34,0
2025.07.25 16:00:00,3340.68,3347.42,3324.95,3329.64,58277,34,0
2025.07.25 20:00:00,3329.73,3340.15,3329.46,3336.63,21674,34,0
2025.07.28 00:00:00,3319.20,3337.16,3319.20,3333.24,19002,27,0
2025.07.28 04:00:00,3333.25,3343.89,3329.80,3339.50,27067,34,0
2025.07.28 08:00:00,3339.48,3345.23,3332.24,3335.90,28685,34,0
2025.07.28 12:00:00,3335.91,3340.56,3325.43,3328.28,30612,34,0
2025.07.28 16:00:00,3328.26,3330.56,3301.62,3312.07,50956,34,0
2025.07.28 20:00:00,3312.04,3318.68,3308.68,3314.43,25010,34,0
2025.07.29 00:00:00,3315.18,3315.75,3307.94,3311.47,12604,27,0
2025.07.29 04:00:00,3311.45,3320.71,3308.39,3316.37,27269,34,0
2025.07.29 08:00:00,3316.36,3329.88,3311.12,3326.24,35945,34,0
2025.07.29 12:00:00,3326.11,3328.10,3314.85,3323.16,33230,34,0
2025.07.29 16:00:00,3323.18,3333.95,3311.91,3323.05,53165,34,0
2025.07.29 20:00:00,3323.02,3330.74,3322.53,3326.44,26108,34,0
2025.07.30 00:00:00,3326.54,3333.58,3325.87,3330.15,8048,27,0
2025.07.30 04:00:00,3330.13,3333.13,3321.67,3327.01,25311,34,0
2025.07.30 08:00:00,3327.05,3333.28,3322.96,3332.13,26514,34,0
2025.07.30 12:00:00,3331.91,3333.88,3310.52,3313.17,38325,34,0
2025.07.30 16:00:00,3313.20,3315.97,3288.54,3297.97,57562,37,0
2025.07.30 20:00:00,3298.02,3304.83,3267.91,3274.88,55286,37,0
2025.07.31 00:00:00,3277.17,3288.31,3273.27,3286.38,14310,27,0
2025.07.31 04:00:00,3286.34,3298.46,3284.94,3297.99,28945,37,0
2025.07.31 08:00:00,3298.02,3314.70,3294.60,3309.75,29745,37,0
2025.07.31 12:00:00,3309.74,3312.98,3293.63,3307.48,39122,37,0
2025.07.31 16:00:00,3307.49,3310.23,3289.58,3294.88,59949,37,0
2025.07.31 20:00:00,3294.90,3298.31,3289.73,3289.94,30112,37,0
2025.08.01 00:00:00,3290.26,3295.05,3286.32,3290.12,13042,27,0
2025.08.01 04:00:00,3290.11,3296.98,3281.51,3291.99,31523,37,0
2025.08.01 08:00:00,3291.97,3300.38,3285.11,3294.16,33495,37,0
2025.08.01 12:00:00,3294.18,3345.04,3292.64,3341.10,43325,37,0
2025.08.01 16:00:00,3341.11,3354.99,3338.71,3347.17,75739,34,0
2025.08.01 20:00:00,3347.12,3363.33,3345.47,3362.68,36405,37,0
2025.08.04 00:00:00,3366.46,3368.68,3350.07,3352.07,17519,27,0
2025.08.04 04:00:00,3351.96,3362.01,3344.93,3358.84,27593,37,0
2025.08.04 08:00:00,3358.92,3362.53,3351.57,3358.34,33723,37,0
2025.08.04 12:00:00,3358.36,3371.41,3352.84,3367.65,37418,37,0
2025.08.04 16:00:00,3367.69,3385.22,3366.93,3370.85,53668,37,0
2025.08.04 20:00:00,3370.84,3376.99,3370.58,3373.52,23915,37,0
2025.08.05 00:00:00,3374.05,3381.20,3373.64,3379.68,10308,27,0
2025.08.05 04:00:00,3379.69,3382.25,3370.88,3371.01,22073,37,0
2025.08.05 08:00:00,3371.00,3375.38,3365.60,3366.00,29950,37,0
2025.08.05 12:00:00,3365.99,3366.85,3349.66,3366.06,36418,37,0
2025.08.05 16:00:00,3366.10,3390.29,3365.76,3381.94,55161,37,0
2025.08.05 20:00:00,3381.96,3382.68,3378.03,3380.67,21490,37,0
2025.08.06 00:00:00,3381.16,3385.18,3378.02,3383.32,9828,27,0
2025.08.06 04:00:00,3383.30,3383.47,3372.08,3372.29,21588,37,0
2025.08.06 08:00:00,3372.29,3378.54,3364.66,3365.02,25777,37,0
2025.08.06 12:00:00,3365.03,3369.11,3358.03,3367.39,28725,34,0
2025.08.06 16:00:00,3367.37,3379.85,3365.08,3375.98,44905,34,0
2025.08.06 20:00:00,3376.01,3377.49,3367.05,3369.18,27101,37,0
2025.08.07 00:00:00,3368.47,3374.87,3365.08,3372.11,17621,27,0
2025.08.07 04:00:00,3372.09,3384.01,3370.00,3377.42,29779,37,0
2025.08.07 08:00:00,3377.54,3397.26,3371.52,3378.01,53024,34,0
2025.08.07 12:00:00,3377.97,3389.65,3371.65,3380.71,51294,30,0
2025.08.07 16:00:00,3380.65,3393.70,3375.11,3388.81,63299,30,0
2025.08.07 20:00:00,3388.78,3401.77,3384.23,3395.24,33815,30,0
2025.08.08 00:00:00,3403.30,3408.48,3387.04,3389.54,37989,27,0
2025.08.08 04:00:00,3389.59,3399.15,3381.11,3394.22,60642,36,0
2025.08.08 08:00:00,3394.26,3404.09,3388.62,3394.30,66949,36,0
2025.08.08 12:00:00,3394.28,3401.80,3380.38,3391.43,85498,36,0
2025.08.08 16:00:00,3391.33,3401.52,3381.06,3397.33,74621,36,0
2025.08.08 20:00:00,3397.32,3404.02,3376.59,3398.33,57501,34,0
2025.08.11 00:00:00,3397.60,3404.72,3381.33,3381.50,19081,27,0
2025.08.11 04:00:00,3381.51,3383.74,3367.57,3375.73,40753,36,0
2025.08.11 08:00:00,3375.69,3379.96,3356.80,3361.79,45355,36,0
2025.08.11 12:00:00,3361.48,3363.82,3344.31,3356.72,49945,36,0
2025.08.11 16:00:00,3356.68,3362.70,3341.38,3343.98,57369,36,0
2025.08.11 20:00:00,3344.00,3358.67,3341.14,3342.60,33465,36,0
2025.08.12 00:00:00,3342.83,3355.63,3342.24,3354.41,12028,27,0
2025.08.12 04:00:00,3354.43,3357.35,3346.04,3354.31,28099,36,0
2025.08.12 08:00:00,3354.34,3357.99,3342.16,3347.75,33724,36,0
2025.08.12 12:00:00,3347.80,3357.95,3335.99,3349.78,41305,36,0
2025.08.12 16:00:00,3349.66,3358.96,3330.98,3349.32,69339,36,0
2025.08.12 20:00:00,3349.34,3350.74,3345.42,3347.97,23502,36,0
2025.08.13 00:00:00,3348.29,3353.65,3342.49,3343.45,10288,27,0
2025.08.13 04:00:00,3343.45,3354.22,3342.57,3351.72,25637,36,0
2025.08.13 08:00:00,3351.70,3363.36,3345.53,3360.15,32389,36,0
2025.08.13 12:00:00,3360.11,3366.91,3355.32,3358.01,35170,27,0
2025.08.13 16:00:00,3357.92,3370.65,3353.98,3357.72,44497,27,0
2025.08.13 20:00:00,3357.75,3359.20,3349.80,3355.91,17570,27,0
2025.08.14 00:00:00,3356.76,3374.68,3356.40,3369.38,12012,27,0
2025.08.14 04:00:00,3369.36,3370.77,3355.37,3360.34,26138,27,0
2025.08.14 08:00:00,3360.19,3366.30,3341.36,3346.01,34532,27,0
2025.08.14 12:00:00,3346.07,3359.08,3341.84,3350.41,41542,27,0
2025.08.14 16:00:00,3350.34,3355.96,3329.70,3334.24,64828,27,0
2025.08.14 20:00:00,3334.24,3340.92,3331.76,3335.30,20265,27,0
2025.08.15 00:00:00,3336.44,3338.71,3332.08,3336.96,9257,31,0
2025.08.15 04:00:00,3336.97,3346.59,3333.15,3345.38,19747,27,0
2025.08.15 08:00:00,3345.32,3348.66,3338.23,3341.21,24261,28,0
2025.08.15 12:00:00,3341.19,3344.85,3333.42,3342.52,30042,27,0
2025.08.15 16:00:00,3342.55,3345.86,3332.77,3338.06,40217,27,0
2025.08.15 20:00:00,3338.07,3339.45,3334.26,3335.19,15987,27,0
2025.08.18 00:00:00,3336.17,3342.68,3323.38,3340.48,14228,27,0
2025.08.18 04:00:00,3340.45,3358.05,3339.47,3357.39,22806,27,0
2025.08.18 08:00:00,3357.38,3358.26,3344.40,3348.51,27438,27,0
2025.08.18 12:00:00,3348.49,3351.56,3342.98,3344.68,25218,27,0
2025.08.18 16:00:00,3344.67,3344.87,3331.63,3334.15,39067,27,0
2025.08.18 20:00:00,3334.17,3334.78,3330.10,3332.70,12404,27,0
2025.08.19 00:00:00,3332.17,3339.07,3325.99,3335.06,10693,27,0
2025.08.19 04:00:00,3335.03,3341.49,3329.38,3337.56,23092,33,0
2025.08.19 08:00:00,3337.46,3341.71,3334.30,3337.87,20431,27,0
2025.08.19 12:00:00,3337.88,3345.23,3334.07,3334.62,20985,27,0
2025.08.19 16:00:00,3334.61,3339.16,3316.93,3317.31,43354,27,0
2025.08.19 20:00:00,3317.32,3320.06,3314.82,3315.50,19007,27,0
2025.08.20 00:00:00,3315.91,3317.31,3312.70,3315.85,9194,27,0
2025.08.20 04:00:00,3315.86,3320.78,3311.35,3318.57,23252,27,0
2025.08.20 08:00:00,3318.56,3327.40,3318.03,3324.89,22434,28,0
2025.08.20 12:00:00,3324.71,3344.72,3323.43,3342.78,28369,27,0
2025.08.20 16:00:00,3342.75,3350.13,3338.76,3345.07,33923,27,0
2025.08.20 20:00:00,3345.08,3349.13,3343.87,3348.28,15758,27,0
2025.08.21 00:00:00,3349.87,3351.95,3341.35,3342.23,9538,27,0
2025.08.21 04:00:00,3342.24,3346.30,3337.80,3338.14,17768,31,0
2025.08.21 08:00:00,3338.15,3341.34,3334.13,3339.44,20318,28,0
2025.08.21 12:00:00,3339.43,3344.94,3325.03,3341.79,30763,27,0
2025.08.21 16:00:00,3341.84,3347.99,3335.89,3339.61,44999,27,0
2025.08.21 20:00:00,3339.62,3341.93,3336.48,3338.46,13368,33,0
2025.08.22 00:00:00,3338.77,3340.41,3334.96,3339.48,7344,27,0
2025.08.22 04:00:00,3339.50,3340.12,3327.91,3328.28,17062,28,0
2025.08.22 08:00:00,3328.26,3334.98,3325.25,3328.65,23423,27,0
2025.08.22 12:00:00,3328.66,3331.68,3321.33,3323.37,22253,27,0
2025.08.22 16:00:00,3323.33,3378.65,3323.07,3370.39,62380,27,0
2025.08.22 20:00:00,3370.41,3375.41,3368.71,3372.20,18052,27,0
2025.08.25 00:00:00,3370.63,3371.65,3363.15,3364.76,8759,31,0
2025.08.25 04:00:00,3364.79,3367.94,3359.66,3365.98,16502,30,0
2025.08.25 08:00:00,3365.93,3369.73,3362.96,3363.86,14166,28,0
2025.08.25 12:00:00,3363.78,3371.46,3361.85,3364.35,16002,29,0
2025.08.25 16:00:00,3364.36,3376.18,3362.05,3373.71,30043,27,0
2025.08.25 20:00:00,3373.75,3374.69,3364.14,3365.56,15176,31,0
2025.08.26 00:00:00,3365.53,3386.37,3351.19,3383.00,24285,27,0
2025.08.26 04:00:00,3383.01,3384.84,3369.73,3377.24,28055,27,0
2025.08.26 08:00:00,3377.23,3379.73,3367.08,3376.54,25667,27,0
2025.08.26 12:00:00,3376.58,3380.19,3367.05,3371.84,28514,27,0
2025.08.26 16:00:00,3371.89,3389.31,3370.20,3382.85,40722,27,0
2025.08.26 20:00:00,3382.88,3393.50,3380.12,3393.48,17094,28,0
2025.08.27 00:00:00,3393.41,3394.14,3388.60,3389.52,9620,27,0
2025.08.27 04:00:00,3389.49,3389.95,3373.81,3374.80,21167,28,0
2025.08.27 08:00:00,3374.81,3384.89,3373.69,3384.35,24494,27,0
2025.08.27 12:00:00,3384.35,3385.30,3373.59,3381.01,28881,27,0
2025.08.27 16:00:00,3381.03,3398.67,3375.43,3395.36,40948,27,0
2025.08.27 20:00:00,3395.30,3398.06,3392.15,3397.32,17944,27,0
2025.08.28 00:00:00,3398.82,3399.17,3391.18,3391.88,9868,27,0
2025.08.28 04:00:00,3391.90,3392.76,3384.47,3390.16,22979,31,0
2025.08.28 08:00:00,3390.14,3400.95,3387.54,3400.57,25291,27,0
2025.08.28 12:00:00,3400.58,3408.57,3393.67,3397.05,32045,27,0
2025.08.28 16:00:00,3397.08,3417.63,3394.01,3415.41,46618,27,0
2025.08.28 20:00:00,3415.40,3422.95,3414.45,3416.80,24104,27,0
2025.08.29 00:00:00,3417.12,3417.95,3412.89,3413.33,8685,27,0
2025.08.29 04:00:00,3413.31,3413.87,3407.34,3408.68,22252,28,0
2025.08.29 08:00:00,3408.70,3414.70,3406.35,3410.25,21609,27,0
2025.08.29 12:00:00,3410.27,3416.74,3404.22,3416.32,28077,27,0
2025.08.29 16:00:00,3416.29,3449.26,3413.49,3449.00,59628,27,0
2025.08.29 20:00:00,3448.95,3453.83,3440.87,3448.42,28657,27,0
2025.09.01 00:00:00,3448.01,3452.19,3441.95,3443.67,10873,27,0
2025.09.01 04:00:00,3443.93,3485.77,3436.70,3474.92,42355,27,0
2025.09.01 08:00:00,3474.90,3489.68,3467.61,3476.79,36804,27,0
2025.09.01 12:00:00,3476.80,3476.94,3466.24,3469.34,36850,27,0
2025.09.01 16:00:00,3469.36,3481.19,3468.62,3477.23,27508,27,0
2025.09.01 20:00:00,3477.22,3478.88,3476.02,3476.77,5315,34,0
2025.09.02 00:00:00,3476.25,3484.92,3474.12,3479.04,22592,27,0
2025.09.02 04:00:00,3479.05,3508.51,3476.76,3496.54,60205,27,0
2025.09.02 08:00:00,3496.56,3497.76,3470.09,3477.51,57577,27,0
2025.09.02 12:00:00,3477.52,3493.96,3474.24,3481.93,63844,32,0
2025.09.02 16:00:00,3481.98,3528.60,3478.16,3527.56,87890,27,0
2025.09.02 20:00:00,3527.57,3539.90,3521.80,3533.41,40335,27,0
2025.09.03 00:00:00,3532.73,3546.72,3525.80,3535.94,24477,27,0
2025.09.03 04:00:00,3535.93,3545.94,3529.19,3536.76,48312,28,0
2025.09.03 08:00:00,3536.75,3541.14,3526.62,3539.92,34832,28,0
2025.09.03 12:00:00,3539.92,3551.41,3532.13,3550.48,40212,27,0
2025.09.03 16:00:00,3550.44,3572.47,3549.18,3572.38,66582,27,0
2025.09.03 20:00:00,3572.39,3578.29,3558.81,3558.95,40171,27,0
2025.09.04 00:00:00,3561.34,3564.09,3551.68,3561.40,19404,27,0
2025.09.04 04:00:00,3561.41,3563.27,3510.52,3532.87,49552,27,0
2025.09.04 08:00:00,3532.89,3545.48,3523.98,3541.08,38564,27,0
2025.09.04 12:00:00,3541.07,3552.85,3536.50,3548.21,38974,27,0
2025.09.04 16:00:00,3548.20,3558.61,3534.97,3552.34,64734,27,0
2025.09.04 20:00:00,3552.33,3555.34,3542.49,3545.70,25114,28,0
2025.09.05 00:00:00,3546.12,3556.29,3539.94,3552.03,16804,28,0
2025.09.05 04:00:00,3552.04,3558.94,3545.85,3558.31,28307,27,0
2025.09.05 08:00:00,3558.32,3560.97,3544.68,3545.85,30959,27,0
2025.09.05 12:00:00,3545.86,3586.77,3545.78,3580.20,43405,27,0
2025.09.05 16:00:00,3580.26,3599.95,3573.15,3595.05,89755,27,0
2025.09.05 20:00:00,3595.08,3597.35,3586.12,3586.51,39095,27,0
2025.09.08 00:00:00,3580.46,3596.70,3577.45,3594.29,30160,27,0
2025.09.08 04:00:00,3594.31,3596.97,3579.48,3581.48,41985,27,0
2025.09.08 08:00:00,3581.47,3617.22,3581.01,3611.11,38575,27,0
2025.09.08 12:00:00,3611.09,3625.83,3608.56,3624.12,33671,27,0
2025.09.08 16:00:00,3624.40,3646.26,3620.10,3640.56,66916,27,0
2025.09.08 20:00:00,3640.52,3641.02,3631.74,3635.70,27486,27,0
2025.09.09 00:00:00,3635.98,3640.78,3628.01,3638.38,14125,28,0
2025.09.09 04:00:00,3638.40,3656.92,3635.88,3654.76,37179,27,0
2025.09.09 08:00:00,3654.71,3659.14,3636.57,3647.98,41648,27,0
2025.09.09 12:00:00,3648.05,3656.52,3643.59,3647.33,34006,27,0
2025.09.09 16:00:00,3647.34,3674.51,3626.77,3644.90,82293,27,0
2025.09.09 20:00:00,3644.90,3646.39,3626.00,3626.19,28435,27,0
2025.09.10 00:00:00,3621.59,3640.68,3621.26,3623.84,21137,27,0
2025.09.10 04:00:00,3623.85,3643.16,3620.11,3642.78,32507,31,0
2025.09.10 08:00:00,3642.77,3648.30,3639.78,3645.68,31580,30,0
2025.09.10 12:00:00,3645.55,3657.41,3640.27,3643.89,41965,27,0
2025.09.10 16:00:00,3643.90,3655.23,3638.49,3642.63,56794,27,0
2025.09.10 20:00:00,3642.60,3649.56,3635.11,3640.43,26584,35,0
2025.09.11 00:00:00,3642.07,3647.04,3637.77,3643.75,12641,35,0
2025.09.11 04:00:00,3643.71,3649.03,3629.69,3630.50,26004,35,0
2025.09.11 08:00:00,3630.49,3637.87,3622.66,3626.09,40960,35,0
2025.09.11 12:00:00,3626.01,3643.81,3612.64,3628.89,47932,35,0
2025.09.11 16:00:00,3629.21,3641.81,3618.21,3636.04,67492,35,0
2025.09.11 20:00:00,3636.14,3637.54,3630.33,3633.77,28078,35,0
2025.09.12 00:00:00,3633.80,3638.01,3630.31,3636.45,12737,35,0
2025.09.12 04:00:00,3636.50,3656.07,3636.44,3654.77,34581,35,0
2025.09.12 08:00:00,3654.79,3656.51,3639.50,3640.83,33845,35,0
2025.09.12 12:00:00,3640.81,3652.01,3637.46,3645.28,37120,35,0
2025.09.12 16:00:00,3645.35,3654.27,3641.67,3649.05,48940,35,0
2025.09.12 20:00:00,3649.05,3650.57,3641.18,3643.44,20898,35,0
2025.09.15 00:00:00,3644.27,3646.17,3632.01,3633.32,12961,35,0
2025.09.15 04:00:00,3633.32,3646.72,3626.52,3645.52,30087,35,0
2025.09.15 08:00:00,3645.53,3646.15,3633.59,3645.34,30512,35,0
2025.09.15 12:00:00,3645.34,3650.82,3635.58,3650.25,35774,35,0
2025.09.15 16:00:00,3650.26,3685.40,3646.78,3679.08,58296,35,0
2025.09.15 20:00:00,3679.09,3682.63,3675.73,3678.68,29163,35,0
2025.09.16 00:00:00,3679.99,3686.79,3675.94,3686.27,13235,35,0
2025.09.16 04:00:00,3686.30,3689.37,3674.61,3684.16,31591,35,0
2025.09.16 08:00:00,3684.15,3697.11,3680.11,3694.13,32364,35,0
2025.09.16 12:00:00,3694.16,3699.38,3686.29,3689.12,37268,35,0
2025.09.16 16:00:00,3689.09,3702.86,3678.71,3689.66,68235,35,0
2025.09.16 20:00:00,3689.64,3693.68,3686.15,3689.59,25964,35,0
2025.09.17 00:00:00,3689.52,3695.23,3688.99,3691.08,10017,35,0
2025.09.17 04:00:00,3691.06,3691.83,3674.16,3680.59,34180,35,0
2025.09.17 08:00:00,3680.63,3685.76,3662.39,3664.72,38103,35,0
2025.09.17 12:00:00,3664.71,3679.28,3659.91,3678.61,39486,35,0
2025.09.17 16:00:00,3678.63,3688.35,3672.66,3684.60,48768,35,0
2025.09.17 20:00:00,3684.62,3707.32,3645.98,3659.82,74078,35,0
2025.09.18 00:00:00,3659.50,3671.86,3654.69,3665.05,17688,29,0
2025.09.18 04:00:00,3665.11,3668.64,3651.72,3653.39,36561,35,0
2025.09.18 08:00:00,3653.43,3665.69,3633.79,3665.39,50514,35,0
2025.09.18 12:00:00,3665.34,3672.82,3662.86,3663.19,40557,32,0
2025.09.18 16:00:00,3663.19,3664.12,3627.79,3646.20,71504,32,0
2025.09.18 20:00:00,3646.21,3647.10,3640.51,3644.23,26851,32,0
2025.09.19 00:00:00,3643.31,3643.95,3636.13,3640.01,11582,34,0
2025.09.19 04:00:00,3639.90,3659.86,3632.23,3658.70,39287,32,0
2025.09.19 08:00:00,3658.71,3661.11,3643.19,3655.52,39939,32,0
2025.09.19 12:00:00,3655.52,3659.07,3644.43,3649.20,32070,32,0
2025.09.19 16:00:00,3649.16,3675.76,3643.61,3668.15,63130,32,0
2025.09.19 20:00:00,3668.08,3685.24,3667.96,3685.10,33092,32,0
2025.09.22 00:00:00,3687.01,3691.97,3683.53,3690.73,16112,32,0
2025.09.22 04:00:00,3690.72,3697.41,3685.35,3692.04,35590,32,0
2025.09.22 08:00:00,3692.02,3722.32,3691.69,3720.24,39737,32,0
2025.09.22 12:00:00,3720.22,3728.23,3712.06,3721.47,39798,32,0
2025.09.22 16:00:00,3721.54,3739.42,3713.66,3736.93,64627,32,0
2025.09.22 20:00:00,3736.96,3748.64,3736.96,3746.70,29686,32,0
2025.09.23 00:00:00,3745.78,3750.49,3738.05,3747.01,15050,32,0
2025.09.23 04:00:00,3746.99,3759.12,3736.64,3744.63,43262,32,0
2025.09.23 08:00:00,3744.59,3775.07,3743.17,3774.21,42265,32,0
2025.09.23 12:00:00,3774.25,3790.98,3774.08,3784.22,47745,32,0
2025.09.23 16:00:00,3784.18,3788.65,3764.92,3779.15,70360,32,0
2025.09.23 20:00:00,3779.24,3785.58,3751.91,3763.96,47348,32,0
2025.09.24 00:00:00,3765.18,3769.99,3758.81,3765.03,14592,32,0
2025.09.24 04:00:00,3765.05,3771.64,3750.49,3768.11,38315,32,0
2025.09.24 08:00:00,3768.12,3779.06,3766.94,3769.94,33369,32,0
2025.09.24 12:00:00,3769.93,3771.58,3759.54,3767.96,35973,32,0
2025.09.24 16:00:00,3767.94,3772.80,3732.17,3735.61,66231,32,0
2025.09.24 20:00:00,3735.63,3738.71,3717.39,3735.95,33143,32,0
2025.09.25 00:00:00,3736.35,3751.34,3736.31,3748.87,15476,27,0
2025.09.25 04:00:00,3748.66,3750.31,3729.43,3738.03,34915,32,0
2025.09.25 08:00:00,3738.03,3761.54,3733.95,3756.33,38693,32,0
2025.09.25 12:00:00,3756.37,3761.09,3730.50,3738.66,47208,32,0
2025.09.25 16:00:00,3738.63,3745.48,3722.03,3733.59,68448,32,0
2025.09.25 20:00:00,3733.59,3758.11,3732.23,3749.21,40843,32,0
2025.09.26 00:00:00,3750.39,3751.44,3737.91,3749.46,17276,32,0
2025.09.26 04:00:00,3749.51,3753.17,3734.30,3747.57,31446,32,0
2025.09.26 08:00:00,3747.57,3755.03,3739.09,3752.83,34622,32,0
2025.09.26 12:00:00,3752.77,3757.24,3742.81,3751.93,36124,32,0
2025.09.26 16:00:00,3751.94,3783.66,3751.09,3774.12,73836,32,0
2025.09.26 20:00:00,3774.14,3783.06,3759.95,3760.85,37384,32,0
2025.09.29 00:00:00,3759.31,3787.36,3756.12,3786.98,21520,32,0
2025.09.29 04:00:00,3787.00,3808.84,3767.71,3804.91,58523,32,0
2025.09.29 08:00:00,3804.90,3819.68,3801.04,3818.59,54537,32,0
2025.09.29 12:00:00,3818.61,3831.24,3806.32,3813.57,48959,32,0
2025.09.29 16:00:00,3813.69,3833.39,3809.20,3830.21,71639,32,0
2025.09.29 20:00:00,3830.26,3834.07,3822.44,3833.74,38634,32,0
2025.09.30 00:00:00,3834.36,3840.58,3825.53,3838.90,15981,32,0
2025.09.30 04:00:00,3838.87,3867.09,3837.87,3866.91,43054,32,0
2025.09.30 08:00:00,3866.90,3871.64,3807.58,3816.13,61307,32,0
2025.09.30 12:00:00,3816.07,3821.54,3793.00,3819.15,57918,32,0
2025.09.30 16:00:00,3819.19,3854.34,3811.54,3845.82,74823,32,0
2025.09.30 20:00:00,3845.87,3860.65,3839.58,3858.27,36367,32,0
2025.10.01 00:00:00,3859.40,3865.17,3854.57,3860.40,16697,32,0
2025.10.01 04:00:00,3860.14,3875.33,3855.48,3864.75,39224,32,0
2025.10.01 08:00:00,3864.79,3895.23,3853.25,3892.91,49916,32,0
2025.10.01 12:00:00,3892.92,3894.96,3864.47,3870.38,52022,32,0
2025.10.01 16:00:00,3870.35,3878.58,3856.28,3870.76,76818,32,0
2025.10.01 20:00:00,3870.78,3871.72,3854.93,3865.47,40269,32,0
2025.10.02 00:00:00,3866.61,3870.49,3855.86,3855.96,18550,32,0
2025.10.02 04:00:00,3855.90,3869.90,3852.73,3864.09,27033,32,0
2025.10.02 08:00:00,3864.07,3878.60,3861.58,3874.42,36115,32,0
2025.10.02 12:00:00,3874.40,3891.99,3873.26,3884.34,40870,32,0
2025.10.02 16:00:00,3884.32,3896.70,3819.20,3844.73,95453,32,0
2025.10.02 20:00:00,3844.74,3859.25,3840.44,3856.38,40121,32,0
2025.10.03 00:00:00,3856.23,3863.57,3851.90,3856.78,14979,32,0
2025.10.03 04:00:00,3856.68,3862.55,3837.93,3843.88,36805,32,0
2025.10.03 08:00:00,3844.08,3865.52,3843.81,3864.73,33098,32,0
2025.10.03 12:00:00,3864.58,3874.88,3854.62,3873.73,39651,32,0
2025.10.03 16:00:00,3874.04,3891.56,3866.28,3883.57,74222,32,0
2025.10.03 20:00:00,3883.60,3889.09,3876.81,3886.78,40876,32,0
2025.10.06 00:00:00,3888.60,3920.56,3883.96,3900.20,37439,27,0
2025.10.06 04:00:00,3900.22,3940.23,3899.60,3938.55,43963,32,0
2025.10.06 08:00:00,3938.52,3949.55,3922.19,3942.34,58947,32,0
2025.10.06 12:00:00,3942.45,3946.46,3926.43,3934.01,54504,32,0
2025.10.06 16:00:00,3934.16,3969.98,3927.16,3953.98,77516,32,0
2025.10.06 20:00:00,3954.07,3964.86,3951.04,3960.85,35629,32,0
2025.10.07 00:00:00,3960.08,3977.25,3958.23,3962.57,33447,32,0
2025.10.07 04:00:00,3962.60,3976.87,3955.76,3975.82,37648,32,0
2025.10.07 08:00:00,3975.68,3976.75,3940.76,3951.20,58597,32,0
2025.10.07 12:00:00,3951.19,3979.87,3950.98,3979.30,45857,32,0
2025.10.07 16:00:00,3979.19,3990.90,3961.67,3976.58,88852,32,0
2025.10.07 20:00:00,3976.66,3987.58,3974.07,3984.35,45908,32,0
2025.10.08 00:00:00,3984.66,3999.14,3982.93,3992.18,20972,32,0
2025.10.08 04:00:00,3992.17,4027.11,3984.31,4026.62,46822,32,0
2025.10.08 08:00:00,4026.48,4040.36,4021.11,4036.25,50968,31,0
2025.10.08 12:00:00,4036.26,4049.47,4030.63,4039.94,52337,31,0
2025.10.08 16:00:00,4039.93,4059.08,4026.15,4056.50,77988,31,0
2025.10.08 20:00:00,4056.48,4057.94,4031.95,4041.45,56782,31,0
2025.10.09 00:00:00,4042.62,4045.12,4001.15,4022.83,36830,31,0
2025.10.09 04:00:00,4022.78,4040.99,4002.47,4038.81,60849,31,0
2025.10.09 08:00:00,4038.79,4043.57,4022.53,4038.06,53162,31,0
2025.10.09 12:00:00,4038.07,4053.60,4033.43,4053.35,45371,31,0
2025.10.09 16:00:00,4053.41,4057.83,3963.89,3968.92,109211,31,0
2025.10.09 20:00:00,3969.02,3981.89,3944.45,3976.05,71549,27,0
2025.10.10 00:00:00,3975.21,3994.31,3958.53,3990.95,26602,31,0
2025.10.10 04:00:00,3990.88,3992.24,3946.88,3966.11,60075,31,0
2025.10.10 08:00:00,3966.09,3994.50,3952.52,3991.91,69986,31,0
2025.10.10 12:00:00,3991.92,4006.60,3980.00,3985.61,65514,31,0
2025.10.10 16:00:00,3985.57,4022.62,3970.60,3983.30,110632,31,0
2025.10.10 20:00:00,3983.51,4021.15,3975.07,4010.28,76724,31,0
2025.10.13 00:00:00,4008.10,4059.84,4000.36,4043.71,46086,31,0
2025.10.13 04:00:00,4043.83,4059.28,4035.70,4056.08,50951,31,0
2025.10.13 08:00:00,4056.06,4079.01,4055.38,4077.65,57033,31,0
2025.10.13 12:00:00,4077.64,4085.89,4070.16,4079.57,49593,31,0
2025.10.13 16:00:00,4079.74,4116.97,4078.10,4105.56,74917,31,0
2025.10.13 20:00:00,4105.58,4115.29,4090.65,4110.49,45304,31,0
2025.10.14 00:00:00,4111.05,4131.79,4106.43,4124.34,28659,31,0
2025.10.14 04:00:00,4124.32,4169.88,4123.26,4167.92,66587,31,0
2025.10.14 08:00:00,4167.90,4179.61,4090.22,4143.75,89309,31,0
2025.10.14 12:00:00,4143.72,4144.24,4103.27,4106.49,67292,31,0
2025.10.14 16:00:00,4106.46,4155.20,4097.66,4140.21,93433,31,0
2025.10.14 20:00:00,4140.22,4152.84,4134.40,4141.93,54496,31,0
2025.10.15 00:00:00,4142.60,4169.52,4140.39,4162.37,27163,31,0
2025.10.15 04:00:00,4162.32,4190.83,4161.97,4179.67,53063,31,0
2025.10.15 08:00:00,4179.62,4218.18,4176.60,4208.09,49032,31,0
2025.10.15 12:00:00,4208.21,4212.01,4164.20,4190.50,58298,31,0
2025.10.15 16:00:00,4190.45,4212.24,4179.70,4198.85,77961,27,0
2025.10.15 20:00:00,4198.87,4213.34,4182.50,4208.12,50760,27,0
2025.10.16 00:00:00,4209.61,4227.22,4199.47,4210.45,26833,27,0
2025.10.16 04:00:00,4210.45,4242.20,4210.45,4233.52,49081,27,0
2025.10.16 08:00:00,4233.34,4235.89,4203.43,4232.77,56969,27,0
2025.10.16 12:00:00,4232.85,4250.88,4221.91,4235.89,48633,27,0
2025.10.16 16:00:00,4235.85,4291.92,4234.79,4282.53,87206,31,0
2025.10.16 20:00:00,4282.51,4330.56,4273.20,4325.93,69312,31,0
2025.10.17 00:00:00,4332.74,4379.96,4326.94,4357.96,47171,31,0
2025.10.17 04:00:00,4357.68,4377.04,4278.60,4376.19,78918,31,0
2025.10.17 08:00:00,4376.18,4378.58,4312.80,4347.62,83171,31,0
2025.10.17 12:00:00,4347.45,4348.20,4283.43,4314.31,76961,31,0
2025.10.17 16:00:00,4314.43,4317.68,4200.40,4204.64,110011,31,0
2025.10.17 20:00:00,4204.69,4252.40,4186.19,4250.44,70654,31,0
2025.10.20 00:00:00,4252.44,4274.49,4218.93,4249.29,45668,31,0
2025.10.20 04:00:00,4249.37,4271.06,4229.24,4266.06,60331,31,0
2025.10.20 08:00:00,4265.60,4266.48,4221.20,4258.50,62907,31,0
2025.10.20 12:00:00,4258.54,4327.13,4245.60,4323.47,59059,31,0
2025.10.20 16:00:00,4323.79,4355.44,4292.68,4347.65,86054,31,0
2025.10.20 20:00:00,4347.59,4381.35,4337.16,4356.31,55373,31,0
2025.10.21 00:00:00,4355.51,4375.21,4352.96,4368.61,31440,31,0
2025.10.21 04:00:00,4368.62,4372.16,4332.76,4341.93,57263,31,0
2025.10.21 08:00:00,4341.89,4344.11,4244.82,4273.89,79623,31,0
2025.10.21 12:00:00,4274.04,4277.89,4205.64,4210.94,74707,31,0
2025.10.21 16:00:00,4211.08,4225.28,4081.95,4113.32,111775,31,0
2025.10.21 20:00:00,4113.28,4130.81,4093.80,4125.03,69209,31,0
2025.10.22 00:00:00,4124.73,4132.28,4004.09,4074.93,46089,27,0
2025.10.22 04:00:00,4074.92,4143.24,4064.27,4127.98,61860,31,0
2025.10.22 08:00:00,4127.99,4161.30,4056.25,4070.31,74790,31,0
2025.10.22 12:00:00,4070.35,4101.43,4014.89,4033.59,80994,27,0
2025.10.22 16:00:00,4033.65,4085.20,4010.84,4059.04,105887,30,0
2025.10.22 20:00:00,4058.78,4113.50,4043.96,4098.37,64090,30,0
2025.10.23 00:00:00,4095.35,4115.82,4066.06,4081.72,39839,30,0
2025.10.23 04:00:00,4081.87,4100.54,4071.68,4089.61,52558,30,0
2025.10.23 08:00:00,4089.60,4137.52,4083.92,4116.22,62882,30,0
2025.10.23 12:00:00,4116.32,4129.13,4100.00,4126.90,53656,30,0
2025.10.23 16:00:00,4127.07,4154.59,4125.29,4132.79,76784,30,0
2025.10.23 20:00:00,4132.50,4143.39,4107.40,4125.81,42315,30,0
2025.10.24 00:00:00,4126.89,4133.58,4105.95,4132.51,20310,30,0
2025.10.24 04:00:00,4132.59,4144.36,4102.64,4111.53,45075,30,0
2025.10.24 08:00:00,4111.78,4117.87,4047.29,4065.23,54234,30,0
2025.10.24 12:00:00,4065.09,4092.91,4044.23,4082.10,58182,30,0
2025.10.24 16:00:00,4082.07,4138.53,4078.94,4129.18,83244,30,0
2025.10.24 20:00:00,4129.42,4134.06,4096.52,4112.99,51405,30,0
2025.10.27 00:00:00,4102.38,4108.79,4058.22,4081.78,55883,30,0
2025.10.27 04:00:00,4081.68,4084.46,4053.52,4079.56,46291,30,0
2025.10.27 08:00:00,4079.50,4084.67,4024.76,4039.67,57647,30,0
2025.10.27 12:00:00,4039.60,4050.26,4013.17,4021.86,70153,30,0
2025.10.27 16:00:00,4021.93,4023.30,3971.19,4006.46,78831,30,0
2025.10.27 20:00:00,4006.45,4010.03,3979.13,3981.42,36518,38,0
2025.10.28 00:00:00,3986.65,4019.69,3972.91,4010.85,38585,30,0
2025.10.28 04:00:00,4010.87,4013.73,3959.04,3966.28,50811,30,0
2025.10.28 08:00:00,3966.26,3968.25,3886.29,3904.58,69987,30,0
2025.10.28 12:00:00,3904.55,3940.23,3899.88,3938.63,69129,30,0
2025.10.28 16:00:00,3938.62,3970.17,3934.71,3962.21,70829,30,0
2025.10.28 20:00:00,3962.16,3963.93,3945.07,3952.63,32552,30,0
2025.10.29 00:00:00,3953.22,3982.12,3916.45,3973.57,49911,30,0
2025.10.29 04:00:00,3973.46,3974.17,3943.87,3962.54,50562,30,0
2025.10.29 08:00:00,3962.53,4029.54,3959.83,4023.75,63322,30,0
2025.10.29 12:00:00,4023.78,4029.99,4002.30,4012.33,67914,30,0
2025.10.29 16:00:00,4012.36,4022.07,3985.59,3994.56,61525,30,0
2025.10.29 20:00:00,3994.53,4007.32,3927.65,3930.26,70600,30,0
2025.10.30 00:00:00,3931.13,3966.47,3915.96,3947.86,52850,30,0
2025.10.30 04:00:00,3947.88,3982.37,3915.33,3963.73,75918,30,0
2025.10.30 08:00:00,3963.77,4011.60,3955.80,3998.38,76044,30,0
2025.10.30 12:00:00,3998.42,4000.70,3960.45,3995.11,81521,30,0
2025.10.30 16:00:00,3995.12,4017.79,3986.65,4004.31,80471,30,0
2025.10.30 20:00:00,4004.33,4026.95,3999.95,4024.20,36061,30,0
2025.10.31 00:00:00,4023.31,4046.23,4012.52,4018.78,59401,30,0
2025.10.31 04:00:00,4018.35,4019.13,3988.87,4004.88,66553,30,0
2025.10.31 08:00:00,4004.91,4026.49,3998.68,4008.22,61194,30,0
2025.10.31 12:00:00,4008.32,4036.13,4001.59,4016.34,62769,30,0
2025.10.31 16:00:00,4016.50,4027.11,3972.35,3997.40,81627,30,0
2025.10.31 20:00:00,3997.41,4009.81,3990.98,4001.50,31804,30,0
2025.11.03 00:00:00,3983.44,4001.73,3962.51,3995.83,42138,30,0
2025.11.03 04:00:00,3995.81,4018.19,3990.16,4013.79,49350,30,0
2025.11.03 08:00:00,4013.77,4027.97,3993.02,4000.36,55054,30,0
2025.11.03 12:00:00,4000.52,4020.22,3994.29,4015.97,57878,30,0
2025.11.03 16:00:00,4015.98,4030.36,3995.21,4006.01,80958,30,0
2025.11.03 20:00:00,4006.00,4014.82,3995.17,4001.21,42515,30,0
2025.11.04 00:00:00,4003.29,4005.64,3978.39,3987.31,34362,30,0
2025.11.04 04:00:00,3987.30,3999.21,3972.56,3973.14,47072,30,0
2025.11.04 08:00:00,3973.16,4000.50,3966.45,3991.07,48144,30,0
2025.11.04 12:00:00,3991.02,3999.90,3971.68,3975.64,49482,30,0
2025.11.04 16:00:00,3975.62,3977.61,3928.64,3954.94,78503,30,0
2025.11.04 20:00:00,3954.95,3956.71,3930.29,3931.84,49214,30,0
2025.11.05 00:00:00,3932.61,3949.33,3929.58,3936.92,29263,30,0
2025.11.05 04:00:00,3936.85,3978.38,3935.49,3964.88,45638,30,0
2025.11.05 08:00:00,3964.91,3986.92,3961.72,3971.71,39731,30,0
2025.11.05 12:00:00,3971.69,3979.29,3956.07,3975.71,38334,30,0
2025.11.05 16:00:00,3975.69,3990.25,3964.03,3981.91,62063,30,0
2025.11.05 20:00:00,3981.89,3990.03,3977.82,3978.95,29687,30,0
2025.11.06 00:00:00,3972.26,3980.75,3964.41,3976.48,26931,30,0
2025.11.06 04:00:00,3976.50,3990.56,3974.10,3987.50,30503,30,0
2025.11.06 08:00:00,3987.56,4016.70,3982.19,4010.93,42896,30,0
2025.11.06 12:00:00,4010.96,4019.48,4002.60,4012.08,43031,30,0
2025.11.06 16:00:00,4012.25,4013.79,3965.54,3986.12,87755,30,0
2025.11.06 20:00:00,3986.08,3995.06,3976.65,3976.98,53963,30,0
2025.11.07 00:00:00,3977.43,4002.58,3974.53,4001.63,22153,35,0
2025.11.07 04:00:00,4001.61,4003.17,3985.48,3994.86,28940,30,0
2025.11.07 08:00:00,3994.88,4014.08,3992.10,4006.53,28710,30,0
2025.11.07 12:00:00,4006.56,4011.73,3991.61,3997.61,40251,30,0
2025.11.07 16:00:00,3997.60,4027.31,3984.05,4005.32,76004,30,0
2025.11.07 20:00:00,4005.43,4009.01,3994.40,4001.22,43892,30,0
2025.11.10 00:00:00,4000.93,4053.24,3997.83,4043.88,33344,30,0
2025.11.10 04:00:00,4043.86,4069.80,4037.56,4069.34,37957,30,0
2025.11.10 08:00:00,4069.37,4086.15,4066.89,4076.47,41479,30,0
2025.11.10 12:00:00,4076.46,4105.77,4075.66,4091.48,46211,30,0
2025.11.10 16:00:00,4091.50,4102.57,4074.22,4102.45,70266,30,0
2025.11.10 20:00:00,4102.39,4116.44,4101.44,4115.75,42119,30,0
2025.11.11 00:00:00,4116.12,4141.11,4114.06,4136.16,30112,30,0
2025.11.11 04:00:00,4136.14,4148.94,4124.62,4130.89,39583,30,0
2025.11.11 08:00:00,4130.88,4145.93,4124.85,4141.71,39126,30,0
2025.11.11 12:00:00,4141.70,4146.53,4133.06,4142.46,38041,30,0
2025.11.11 16:00:00,4142.49,4143.14,4096.95,4114.23,67974,30,0
2025.11.11 20:00:00,4114.25,4131.68,4106.45,4126.60,34805,30,0
2025.11.12 00:00:00,4126.79,4145.38,4126.21,4131.34,34122,30,0
2025.11.12 04:00:00,4131.29,4135.25,4098.72,4104.51,45223,30,0
2025.11.12 08:00:00,4104.50,4133.43,4103.08,4124.52,49175,30,0
2025.11.12 12:00:00,4124.54,4139.23,4117.78,4127.02,51238,30,0
2025.11.12 16:00:00,4127.03,4206.36,4124.91,4199.20,91705,30,0
2025.11.12 20:00:00,4199.21,4211.67,4190.37,4195.47,59194,30,0
2025.11.13 00:00:00,4196.19,4209.11,4179.74,4192.16,41953,30,0
2025.11.13 04:00:00,4192.11,4219.28,4183.30,4211.87,60207,30,0
2025.11.13 08:00:00,4211.78,4239.35,4203.10,4233.07,52827,30,0
2025.11.13 12:00:00,4233.06,4245.04,4218.97,4231.54,57498,30,0
2025.11.13 16:00:00,4231.57,4232.19,4184.25,4201.60,93943,30,0
2025.11.13 20:00:00,4201.70,4203.09,4145.18,4171.30,66990,30,0
2025.11.14 00:00:00,4171.49,4193.79,4169.97,4189.77,41908,30,0
2025.11.14 04:00:00,4189.76,4211.18,4183.77,4189.77,56825,30,0
2025.11.14 08:00:00,4189.81,4193.23,4158.64,4169.29,65321,30,0
2025.11.14 12:00:00,4169.28,4170.94,4041.12,4055.73,77063,30,0
2025.11.14 16:00:00,4055.56,4111.00,4031.93,4099.76,92105,30,0
2025.11.14 20:00:00,4099.76,4103.50,4075.38,4084.77,51222,30,0
2025.11.17 00:00:00,4086.77,4106.43,4072.85,4091.11,41333,30,0
2025.11.17 04:00:00,4090.99,4093.62,4049.56,4058.18,51136,30,0
2025.11.17 08:00:00,4058.21,4095.78,4054.60,4081.98,46842,30,0
2025.11.17 12:00:00,4082.01,4092.13,4060.23,4065.24,47662,30,0
2025.11.17 16:00:00,4065.05,4081.79,4052.11,4073.24,73581,30,0
2025.11.17 20:00:00,4073.25,4076.01,4006.78,4045.49,59909,30,0
2025.11.18 00:00:00,4044.66,4054.94,4022.23,4024.87,37444,30,0
2025.11.18 04:00:00,4024.86,4035.68,4004.60,4018.79,51143,30,0
2025.11.18 08:00:00,4018.88,4047.07,3997.76,4040.09,52072,30,0
2025.11.18 12:00:00,4040.07,4070.12,4029.06,4065.06,51736,30,0
2025.11.18 16:00:00,4065.16,4081.68,4040.32,4071.40,83173,30,0
2025.11.18 20:00:00,4071.30,4082.18,4062.99,4067.36,46319,30,0
2025.11.19 00:00:00,4068.23,4078.40,4056.19,4058.94,27003,30,0
2025.11.19 04:00:00,4059.00,4097.27,4055.35,4095.37,47291,30,0
2025.11.19 08:00:00,4095.38,4116.15,4078.15,4113.15,43813,30,0
2025.11.19 12:00:00,4113.22,4119.74,4100.67,4110.52,47830,30,0
2025.11.19 16:00:00,4110.58,4132.73,4055.44,4078.70,93177,30,0
2025.11.19 20:00:00,4078.66,4091.16,4065.46,4077.72,59426,30,0
2025.11.20 00:00:00,4078.96,4110.01,4078.80,4081.34,36230,30,0
2025.11.20 04:00:00,4081.17,4085.42,4041.22,4066.52,55024,30,0
2025.11.20 08:00:00,4066.43,4077.63,4038.66,4064.02,58940,30,0
2025.11.20 12:00:00,4064.03,4095.96,4050.91,4080.01,58084,30,0
2025.11.20 16:00:00,4080.00,4107.00,4043.62,4065.88,106355,30,0
2025.11.20 20:00:00,4065.79,4086.98,4056.18,4077.14,59440,30,0
2025.11.21 00:00:00,4074.34,4088.82,4060.31,4068.42,34187,30,0
2025.11.21 04:00:00,4068.39,4079.85,4039.56,4058.37,59046,30,0
2025.11.21 08:00:00,4058.40,4064.61,4022.17,4050.39,68457,30,0
2025.11.21 12:00:00,4050.30,4080.92,4030.91,4079.51,74898,30,0
2025.11.21 16:00:00,4079.60,4100.99,4055.01,4085.45,92591,30,0
2025.11.21 20:00:00,4085.35,4092.04,4054.48,4065.80,55371,30,0
2025.11.24 00:00:00,4071.72,4077.45,4042.56,4044.08,34363,30,0
2025.11.24 04:00:00,4044.07,4061.10,4039.89,4046.25,54051,30,0
2025.11.24 08:00:00,4046.26,4074.06,4045.33,4071.79,50726,30,0
2025.11.24 12:00:00,4071.80,4085.66,4063.07,4077.54,44442,30,0
2025.11.24 16:00:00,4077.53,4100.34,4068.07,4092.79,63258,30,0
2025.11.24 20:00:00,4092.81,4139.81,4087.82,4134.55,42827,30,0
2025.11.25 00:00:00,4133.53,4144.37,4122.41,4134.60,37843,30,0
2025.11.25 04:00:00,4134.56,4155.81,4132.58,4150.81,47100,30,0
2025.11.25 08:00:00,4150.83,4151.98,4109.44,4128.25,55636,30,0
2025.11.25 12:00:00,4128.26,4150.59,4115.88,4147.50,52198,30,0
2025.11.25 16:00:00,4147.47,4159.11,4110.76,4145.95,70876,30,0
2025.11.25 20:00:00,4145.99,4150.78,4127.54,4130.54,40014,30,0
2025.11.26 00:00:00,4132.14,4152.68,4129.70,4148.24,26854,30,0
2025.11.26 04:00:00,4148.25,4169.14,4147.15,4162.10,46290,30,0
2025.11.26 08:00:00,4162.00,4168.33,4146.53,4162.60,42478,30,0
2025.11.26 12:00:00,4162.68,4173.30,4148.64,4153.18,46923,30,0
2025.11.26 16:00:00,4153.21,4169.71,4136.98,4167.10,57378,30,0
2025.11.26 20:00:00,4167.10,4171.42,4157.91,4163.72,33293,30,0
2025.11.27 00:00:00,4164.96,4168.39,4148.40,4154.09,27213,30,0
2025.11.27 04:00:00,4154.17,4156.04,4142.59,4146.85,39515,30,0
2025.11.27 08:00:00,4146.86,4167.25,4146.70,4158.48,42792,30,0
2025.11.27 12:00:00,4158.49,4162.27,4149.03,4154.84,33089,30,0
2025.11.27 16:00:00,4154.88,4161.66,4151.28,4157.66,28217,30,0
2025.11.27 20:00:00,4157.65,4160.18,4155.60,4157.76,5252,43,0
2025.11.28 00:00:00,4157.64,4193.08,4157.41,4190.95,24980,30,0
2025.11.28 04:00:00,4190.93,4191.77,4174.10,4182.33,18647,30,0
2025.11.28 08:00:00,4182.26,4188.65,4152.02,4166.70,23045,30,0
2025.11.28 12:00:00,4166.69,4182.64,4160.45,4182.28,29277,30,0
2025.11.28 16:00:00,4182.45,4216.90,4182.45,4216.79,60362,30,0
2025.11.28 20:00:00,4216.83,4226.54,4210.90,4219.97,19187,30,0
2025.12.01 00:00:00,4222.03,4256.05,4205.63,4255.29,50618,30,0
2025.12.01 04:00:00,4255.30,4256.47,4215.38,4229.45,70617,30,0
2025.12.01 08:00:00,4229.44,4253.48,4226.20,4249.81,56375,30,0
2025.12.01 12:00:00,4249.80,4264.36,4244.09,4247.16,60986,30,0
2025.12.01 16:00:00,4247.14,4249.20,4219.51,4232.16,85933,30,0
2025.12.01 20:00:00,4232.41,4244.51,4229.06,4232.10,49203,30,0
2025.12.02 00:00:00,4231.92,4235.84,4199.48,4219.29,38157,30,0
2025.12.02 04:00:00,4219.30,4226.30,4213.77,4224.83,51189,30,0
2025.12.02 08:00:00,4224.80,4226.10,4180.99,4191.92,50119,30,0
2025.12.02 12:00:00,4191.88,4215.11,4182.24,4212.30,46305,30,0
2025.12.02 16:00:00,4212.26,4230.64,4163.81,4193.71,84920,30,0
2025.12.02 20:00:00,4193.67,4212.25,4183.16,4205.50,39406,30,0
2025.12.03 00:00:00,4208.31,4220.83,4202.39,4214.36,41886,30,0
2025.12.03 04:00:00,4214.34,4228.76,4203.22,4207.64,47574,30,0
2025.12.03 08:00:00,4207.65,4211.71,4196.90,4202.04,44063,30,0
2025.12.03 12:00:00,4202.01,4238.21,4194.53,4237.01,51453,30,0
2025.12.03 16:00:00,4236.95,4241.31,4195.75,4210.94,82967,30,0
2025.12.03 20:00:00,4210.99,4212.76,4194.96,4203.05,42445,30,0
2025.12.04 00:00:00,4203.73,4216.71,4202.63,4209.10,34735,30,0
2025.12.04 04:00:00,4209.11,4209.15,4174.76,4180.83,59033,30,0
2025.12.04 08:00:00,4180.88,4202.16,4178.55,4199.69,63291,30,0
2025.12.04 12:00:00,4199.68,4206.42,4185.29,4198.21,55592,30,0
2025.12.04 16:00:00,4198.21,4219.24,4191.29,4216.39,74123,30,0
2025.12.04 20:00:00,4216.31,4217.29,4199.43,4208.68,47202,30,0
2025.12.05 00:00:00,4208.12,4210.30,4194.57,4203.00,31572,30,0
2025.12.05 04:00:00,4202.97,4221.17,4196.54,4220.35,48430,30,0
2025.12.05 08:00:00,4220.34,4230.61,4215.69,4223.16,44490,30,0
2025.12.05 12:00:00,4223.17,4238.71,4219.89,4234.34,41731,30,0
2025.12.05 16:00:00,4234.33,4259.11,4198.47,4217.35,86245,30,0
2025.12.05 20:00:00,4217.29,4219.06,4191.86,4198.57,52929,30,0
2025.12.08 00:00:00,4199.55,4211.66,4195.47,4201.09,38611,30,0
2025.12.08 04:00:00,4201.11,4217.07,4198.40,4216.92,50308,30,0
2025.12.08 08:00:00,4216.91,4218.91,4202.97,4207.81,47095,30,0
2025.12.08 12:00:00,4207.80,4215.32,4197.82,4201.60,46675,30,0
2025.12.08 16:00:00,4201.68,4211.56,4176.03,4194.73,71542,30,0
2025.12.08 20:00:00,4194.79,4195.55,4184.12,4190.46,38741,30,0
2025.12.09 00:00:00,4191.28,4197.19,4188.66,4196.09,29581,30,0
2025.12.09 04:00:00,4196.08,4198.62,4177.92,4179.55,48428,30,0
2025.12.09 08:00:00,4179.57,4212.71,4169.86,4202.67,58959,30,0
2025.12.09 12:00:00,4202.92,4208.17,4195.58,4201.19,52720,30,0
2025.12.09 16:00:00,4201.39,4221.17,4189.37,4202.96,80172,30,0
2025.12.09 20:00:00,4202.90,4215.94,4201.17,4208.12,56260,30,0
2025.12.10 00:00:00,4208.37,4217.89,4206.74,4213.64,30738,30,0
2025.12.10 04:00:00,4213.51,4218.60,4201.63,4211.20,44663,30,0
2025.12.10 08:00:00,4211.15,4211.55,4192.48,4194.30,51903,30,0
2025.12.10 12:00:00,4194.29,4204.99,4187.73,4200.49,53099,30,0
2025.12.10 16:00:00,4200.54,4206.92,4188.81,4199.52,68676,30,0
2025.12.10 20:00:00,4199.56,4238.51,4181.87,4228.50,72771,30,0
2025.12.11 00:00:00,4228.36,4247.40,4223.94,4238.23,36894,30,0
2025.12.11 04:00:00,4238.19,4240.72,4205.96,4207.30,57120,30,0
2025.12.11 08:00:00,4207.31,4221.39,4204.14,4218.30,48465,30,0
2025.12.11 12:00:00,4218.31,4225.73,4205.19,4220.73,48911,30,0
2025.12.11 16:00:00,4220.75,4281.60,4217.75,4278.55,85183,30,0
2025.12.11 20:00:00,4278.54,4285.77,4262.92,4279.48,47198,30,0
2025.12.12 00:00:00,4279.96,4283.27,4264.41,4270.88,35003,30,0
2025.12.12 04:00:00,4270.80,4280.38,4265.82,4278.76,47977,30,0
2025.12.12 08:00:00,4278.93,4320.09,4276.48,4318.15,54636,30,0
2025.12.12 12:00:00,4318.13,4346.02,4314.53,4340.88,64298,30,0
2025.12.12 16:00:00,4340.87,4353.30,4257.00,4294.25,106312,30,0
2025.12.12 20:00:00,4294.25,4304.04,4288.41,4300.81,52589,30,0
2025.12.15 00:00:00,4300.59,4325.54,4294.51,4322.43,35668,30,0
2025.12.15 04:00:00,4322.37,4344.25,4319.18,4343.46,53220,30,0
2025.12.15 08:00:00,4343.45,4350.00,4333.26,4342.30,47838,30,0
2025.12.15 12:00:00,4342.39,4348.26,4330.58,4332.01,48692,30,0
2025.12.15 16:00:00,4332.02,4336.57,4285.18,4304.39,91468,30,0
2025.12.15 20:00:00,4304.44,4317.53,4299.41,4304.90,42357,30,0
2025.12.16 00:00:00,4306.19,4317.78,4299.04,4308.72,37548,30,0
2025.12.16 04:00:00,4308.70,4312.09,4271.14,4283.91,64084,30,0
2025.12.16 08:00:00,4283.92,4291.97,4275.26,4280.31,50327,30,0
2025.12.16 12:00:00,4280.35,4313.25,4273.68,4312.95,49914,30,0
2025.12.16 16:00:00,4313.00,4334.93,4291.20,4303.44,80687,30,0
2025.12.16 20:00:00,4303.36,4315.72,4296.74,4302.14,47058,30,0
2025.12.17 00:00:00,4303.08,4326.57,4301.08,4326.50,31219,31,0
2025.12.17 04:00:00,4326.49,4342.30,4311.02,4333.78,54376,30,0
2025.12.17 08:00:00,4333.79,4337.49,4308.61,4316.75,50610,30,0
2025.12.17 12:00:00,4316.67,4343.96,4306.58,4341.97,46488,30,0
2025.12.17 16:00:00,4341.95,4348.60,4319.98,4342.39,95250,30,0
2025.12.17 20:00:00,4342.43,4346.37,4328.70,4338.08,50396,30,0
2025.12.18 00:00:00,4340.28,4342.99,4324.30,4331.45,34886,30,0
2025.12.18 04:00:00,4331.42,4337.65,4328.38,4333.19,55542,30,0
2025.12.18 08:00:00,4333.21,4337.59,4320.69,4323.45,45593,30,0
2025.12.18 12:00:00,4323.40,4342.90,4314.57,4336.39,42787,30,0
2025.12.18 16:00:00,4336.40,4374.44,4308.64,4333.29,98532,30,0
2025.12.18 20:00:00,4333.33,4341.11,4322.52,4332.58,58393,30,0
2025.12.19 00:00:00,4333.31,4336.80,4308.98,4323.11,26486,30,0
2025.12.19 04:00:00,4323.19,4328.80,4312.54,4325.83,40459,30,0
2025.12.19 08:00:00,4325.86,4333.50,4320.93,4329.31,41083,30,0
2025.12.19 12:00:00,4329.28,4335.22,4320.58,4328.19,47485,30,0
2025.12.19 16:00:00,4328.20,4355.84,4319.62,4353.23,77487,30,0
2025.12.19 20:00:00,4353.17,4356.35,4336.42,4339.22,34374,30,0
2025.12.22 00:00:00,4339.70,4384.77,4337.87,4382.91,33127,30,0
2025.12.22 04:00:00,4382.86,4409.34,4378.40,4400.02,42197,30,0
2025.12.22 08:00:00,4399.99,4420.44,4398.72,4410.96,37792,30,0
2025.12.22 12:00:00,4411.02,4427.28,4405.94,4423.68,43272,30,0
2025.12.22 16:00:00,4423.68,4442.03,4411.86,4438.33,63153,30,0
2025.12.22 20:00:00,4438.59,4448.84,4428.64,4443.65,27856,30,0
2025.12.23 00:00:00,4447.58,4490.59,4445.21,4486.55,33749,30,0
2025.12.23 04:00:00,4486.52,4497.51,4474.67,4474.99,52651,30,0
2025.12.23 08:00:00,4474.91,4492.99,4469.19,4480.31,46320,30,0
2025.12.23 12:00:00,4480.34,4497.22,4473.18,4479.00,49567,30,0
2025.12.23 16:00:00,4479.09,4479.74,4430.32,4472.61,85748,30,0
2025.12.23 20:00:00,4472.85,4499.67,4472.51,4484.62,39353,30,0
2025.12.24 00:00:00,4487.01,4525.75,4484.16,4518.54,41777,30,0
2025.12.24 04:00:00,4518.57,4518.97,4469.37,4488.24,59084,30,0
2025.12.24 08:00:00,4488.25,4498.26,4478.17,4494.48,52018,30,0
2025.12.24 12:00:00,4494.44,4499.64,4474.47,4487.76,51498,30,0
2025.12.24 16:00:00,4487.82,4489.30,4448.18,4480.50,87580,30,0
2025.12.26 08:00:00,4509.87,4520.38,4507.02,4512.56,49871,30,0
2025.12.26 12:00:00,4512.52,4528.68,4502.77,4525.02,57022,30,0
2025.12.26 16:00:00,4525.00,4549.94,4509.77,4518.94,93825,30,0
2025.12.26 20:00:00,4518.91,4535.65,4514.46,4532.33,61283,30,0
2025.12.29 00:00:00,4539.60,4549.57,4472.06,4497.01,67220,30,0
2025.12.29 04:00:00,4496.99,4520.22,4496.20,4506.52,54775,30,0
2025.12.29 08:00:00,4506.32,4510.44,4444.79,4471.89,70762,30,0
2025.12.29 12:00:00,4471.88,4474.41,4407.03,4421.65,64532,30,0
2025.12.29 16:00:00,4420.99,4421.06,4302.89,4327.98,101916,30,0
2025.12.29 20:00:00,4327.99,4344.47,4322.83,4331.68,55055,30,0
2025.12.30 00:00:00,4333.32,4360.05,4323.07,4360.03,40991,30,0
2025.12.30 04:00:00,4360.09,4380.25,4348.59,4377.62,53211,30,0
2025.12.30 08:00:00,4377.62,4383.33,4350.13,4371.88,63484,30,0
2025.12.30 12:00:00,4371.82,4404.34,4367.48,4388.21,66646,30,0
2025.12.30 16:00:00,4388.23,4392.00,4354.64,4370.17,87016,30,0
2025.12.30 20:00:00,4370.19,4378.47,4334.51,4338.48,56724,30,0
2025.12.31 00:00:00,4340.65,4373.18,4328.68,4365.93,43547,30,0
2025.12.31 04:00:00,4365.95,4371.07,4276.26,4285.57,77003,30,0
2025.12.31 08:00:00,4285.59,4337.20,4274.15,4325.54,62135,30,0
2025.12.31 12:00:00,4325.52,4348.04,4302.90,4345.68,57619,30,0
2025.12.31 16:00:00,4345.68,4353.14,4316.93,4321.74,79693,30,0
2026.01.02 08:00:00,4380.64,4397.33,4371.99,4385.34,47259,30,0
2026.01.02 12:00:00,4385.32,4402.23,4361.88,4365.86,53282,30,0
2026.01.02 16:00:00,4365.96,4373.57,4314.98,4322.95,88438,30,0
2026.01.02 20:00:00,4322.92,4333.16,4309.86,4331.54,52383,30,0
2026.01.05 00:00:00,4350.70,4420.84,4344.99,4401.69,51911,30,0
2026.01.05 04:00:00,4401.73,4414.24,4388.55,4412.58,60756,30,0
2026.01.05 08:00:00,4412.50,4437.87,4411.32,4434.66,53461,30,0
2026.01.05 12:00:00,4434.64,4439.81,4396.08,4416.76,63671,30,0
2026.01.05 16:00:00,4416.76,4455.67,4416.76,4443.34,80845,30,0
2026.01.05 20:00:00,4443.38,4449.32,4434.71,4448.87,40838,30,0
2026.01.06 00:00:00,4449.59,4459.95,4427.79,4450.46,37718,30,0
2026.01.06 04:00:00,4450.51,4474.05,4448.59,4452.45,58151,30,0
2026.01.06 08:00:00,4452.52,4475.76,4444.70,4446.27,55015,30,0
2026.01.06 12:00:00,4446.29,4470.22,4442.39,4467.86,55088,30,0
2026.01.06 16:00:00,4467.85,4491.41,4463.03,4489.33,77810,30,0
2026.01.06 20:00:00,4489.03,4497.15,4477.13,4494.64,42816,30,0
2026.01.07 00:00:00,4495.34,4500.31,4460.98,4465.45,41157,30,0
2026.01.07 04:00:00,4465.45,4480.16,4443.20,4454.32,64542,30,0
2026.01.07 08:00:00,4454.31,4474.90,4441.30,4463.24,54455,30,0
2026.01.07 12:00:00,4463.23,4467.60,4427.64,4452.81,61438,30,0
2026.01.07 16:00:00,4452.71,4468.22,4423.39,4451.75,80836,30,0
2026.01.07 20:00:00,4451.56,4461.48,4445.23,4456.35,47135,30,0
2026.01.08 00:00:00,4459.42,4466.21,4441.65,4448.36,38340,30,0
2026.01.08 04:00:00,4448.33,4449.50,4415.54,4425.41,71380,30,0
2026.01.08 08:00:00,4425.39,4439.53,4415.77,4432.51,62230,30,0
2026.01.08 12:00:00,4432.51,4435.86,4407.52,4423.64,59887,30,0
2026.01.08 16:00:00,4423.63,4465.37,4418.81,4463.32,81152,30,0
2026.01.08 20:00:00,4463.11,4479.45,4444.53,4477.26,46444,30,0
2026.01.09 00:00:00,4480.28,4483.71,4452.76,4468.77,35123,30,0
2026.01.09 04:00:00,4468.68,4476.27,4458.12,4467.96,48555,30,0
2026.01.09 08:00:00,4467.98,4477.38,4463.93,4471.11,43863,30,0
2026.01.09 12:00:00,4471.07,4491.67,4459.00,4482.58,49598,30,0
2026.01.09 16:00:00,4482.66,4516.94,4478.89,4484.49,82129,30,0
2026.01.09 20:00:00,4483.80,4511.28,4482.88,4509.06,42534,30,0
2026.01.12 00:00:00,4511.39,4600.89,4511.39,4569.91,55277,30,0
2026.01.12 04:00:00,4569.90,4584.82,4561.47,4580.63,61617,30,0
2026.01.12 08:00:00,4580.62,4599.21,4569.69,4588.93,58124,30,0
2026.01.12 12:00:00,4588.99,4620.14,4578.31,4615.65,55413,30,0
2026.01.12 16:00:00,4615.68,4629.99,4584.95,4616.22,82320,30,0
2026.01.12 20:00:00,4616.27,4618.75,4589.19,4597.37,50094,30,0
2026.01.13 00:00:00,4600.88,4607.75,4575.35,4577.80,42140,30,0
2026.01.13 04:00:00,4577.49,4601.88,4576.58,4591.98,52658,30,0
2026.01.13 08:00:00,4591.97,4597.11,4573.60,4585.97,47530,30,0
2026.01.13 12:00:00,4586.01,4620.72,4577.67,4611.41,50862,30,0
2026.01.13 16:00:00,4611.25,4634.41,4586.62,4590.29,82385,30,0
2026.01.13 20:00:00,4590.20,4601.79,4569.68,4586.33,55313,30,0
2026.01.14 00:00:00,4588.31,4619.91,4588.14,4619.06,37366,30,0
2026.01.14 04:00:00,4619.15,4639.55,4613.25,4619.41,56672,30,0
2026.01.14 08:00:00,4619.46,4639.47,4618.18,4630.31,55881,30,0
2026.01.14 12:00:00,4630.33,4641.63,4624.27,4635.60,56873,30,0
2026.01.14 16:00:00,4635.71,4638.81,4599.35,4614.16,94073,30,0
2026.01.14 20:00:00,4613.70,4642.77,4612.68,4626.44,63780,31,0
2026.01.15 00:00:00,4630.28,4632.63,4583.49,4599.89,49762,31,0
2026.01.15 04:00:00,4599.86,4614.50,4580.96,4595.08,68611,31,0
2026.01.15 08:00:00,4595.15,4613.38,4593.51,4612.48,56266,31,0
2026.01.15 12:00:00,4612.43,4623.01,4582.21,4588.13,57181,31,0
2026.01.15 16:00:00,4588.14,4624.70,4583.13,4616.39,81252,31,0
2026.01.15 20:00:00,4616.36,4621.33,4600.58,4615.78,51126,31,0
2026.01.16 00:00:00,4616.58,4620.68,4593.68,4600.49,42302,31,0
2026.01.16 04:00:00,4600.49,4616.11,4591.06,4611.30,55402,31,0
2026.01.16 08:00:00,4611.28,4612.14,4594.02,4600.65,47158,31,0
2026.01.16 12:00:00,4600.57,4615.87,4582.25,4601.76,49440,31,0
2026.01.16 16:00:00,4601.79,4620.03,4536.41,4581.23,89751,30,0
2026.01.16 20:00:00,4580.94,4598.20,4579.86,4596.51,49593,31,0
2026.01.19 00:00:00,4628.59,4690.42,4620.04,4657.03,55642,30,0
2026.01.19 04:00:00,4657.01,4674.32,4653.06,4669.83,49741,31,0
2026.01.19 08:00:00,4669.84,4679.05,4661.50,4668.32,43590,30,0
2026.01.19 12:00:00,4668.28,4673.68,4659.60,4665.99,37516,31,0
2026.01.19 16:00:00,4665.98,4678.68,4661.41,4676.06,39379,31,0
2026.01.19 20:00:00,4676.05,4680.12,4667.97,4669.99,9675,31,0
2026.01.20 00:00:00,4672.16,4676.78,4659.37,4669.59,30720,31,0
2026.01.20 04:00:00,4669.58,4716.52,4665.35,4714.34,52827,31,0
2026.01.20 08:00:00,4714.38,4737.28,4705.38,4732.32,54673,30,0
2026.01.20 12:00:00,4732.34,4738.25,4714.79,4737.03,56735,30,0
2026.01.20 16:00:00,4737.05,4762.47,4722.25,4758.92,81913,30,0
2026.01.20 20:00:00,4758.90,4766.28,4747.25,4763.46,49674,31,0
2026.01.21 00:00:00,4762.90,4844.17,4757.63,4835.19,39765,31,0
2026.01.21 04:00:00,4835.32,4878.11,4817.08,4869.81,61981,31,0
2026.01.21 08:00:00,4869.87,4888.52,4832.42,4860.31,60919,31,0
2026.01.21 12:00:00,4860.23,4880.10,4855.09,4879.19,49244,30,0
2026.01.21 16:00:00,4879.21,4880.76,4802.40,4826.20,103904,30,0
2026.01.21 20:00:00,4825.98,4853.77,4755.58,4831.16,77849,30,0
2026.01.22 00:00:00,4835.34,4835.34,4772.37,4797.80,44604,30,0
2026.01.22 04:00:00,4797.63,4821.39,4774.67,4821.21,57030,30,0
2026.01.22 08:00:00,4821.19,4838.06,4813.85,4822.96,49581,30,0
2026.01.22 12:00:00,4822.99,4836.12,4810.60,4822.11,48965,30,0
2026.01.22 16:00:00,4821.82,4906.09,4820.31,4904.36,80903,30,0
2026.01.22 20:00:00,4904.33,4940.51,4901.04,4936.24,54158,30,0
2026.01.23 00:00:00,4937.01,4967.15,4930.64,4953.35,40437,30,0
2026.01.23 04:00:00,4953.29,4967.28,4938.08,4960.61,33769,30,0
2026.01.23 08:00:00,4960.58,4963.06,4899.57,4918.58,54560,30,0
2026.01.23 12:00:00,4918.65,4947.85,4911.87,4938.91,53188,30,0
2026.01.23 16:00:00,4938.87,4987.91,4932.65,4965.42,80773,30,0
2026.01.23 20:00:00,4965.43,4989.78,4958.22,4987.96,50696,30,0
2026.01.26 00:00:00,5009.67,5085.37,5001.57,5070.77,60930,30,0
2026.01.26 04:00:00,5070.77,5092.85,5052.17,5074.37,71281,30,0
2026.01.26 08:00:00,5074.26,5111.10,5065.18,5083.94,66630,30,0
2026.01.26 12:00:00,5084.49,5096.83,5054.46,5068.58,64510,30,0
2026.01.26 16:00:00,5068.62,5104.82,5058.35,5100.79,97519,30,0
2026.01.26 20:00:00,5100.91,5103.06,4989.78,5008.08,109308,30,0
2026.01.27 00:00:00,5013.25,5075.66,5012.80,5059.99,53912,30,0
2026.01.27 04:00:00,5059.93,5085.24,5049.33,5082.76,68105,30,0
2026.01.27 08:00:00,5082.82,5100.49,5073.28,5098.45,64501,30,0
2026.01.27 12:00:00,5098.10,5098.17,5066.92,5077.50,66776,30,0
2026.01.27 16:00:00,5077.46,5103.07,5046.71,5081.10,105475,30,0
2026.01.27 20:00:00,5081.14,5190.36,5076.27,5181.00,80203,30,0
2026.01.28 00:00:00,5180.58,5224.96,5157.24,5204.61,58885,30,0
2026.01.28 04:00:00,5204.71,5266.11,5201.64,5261.05,73510,30,0
2026.01.28 08:00:00,5261.11,5311.30,5251.86,5278.04,70236,30,0
2026.01.28 12:00:00,5278.06,5289.39,5238.72,5266.34,67652,30,0
2026.01.28 16:00:00,5266.72,5306.83,5235.69,5297.89,100496,30,0
2026.01.28 20:00:00,5297.85,5419.01,5268.64,5417.68,98108,30,0
2026.01.29 00:00:00,5420.40,5597.84,5419.30,5545.48,79763,30,0
2026.01.29 04:00:00,5545.46,5564.35,5504.05,5562.30,86128,30,0
2026.01.29 08:00:00,5562.43,5595.30,5473.94,5513.94,86910,30,0
2026.01.29 12:00:00,5513.96,5542.82,5470.75,5510.35,78764,30,0
2026.01.29 16:00:00,5510.41,5549.54,5104.45,5334.99,130857,30,0
2026.01.29 20:00:00,5335.04,5425.54,5283.13,5370.76,100190,30,0
2026.01.30 00:00:00,5385.13,5450.76,5290.34,5301.09,69057,30,0
2026.01.30 04:00:00,5301.00,5312.24,5112.07,5184.92,100580,30,0
2026.01.30 08:00:00,5185.20,5205.44,4942.33,5013.67,106240,30,0
2026.01.30 12:00:00,5012.69,5145.54,4992.04,5019.29,95738,30,0
2026.01.30 16:00:00,5019.31,5113.03,4800.78,4849.38,126968,30,0
2026.01.30 20:00:00,4849.41,4947.58,4684.92,4890.34,104173,30,0
2026.02.02 00:00:00,4805.03,4884.67,4583.67,4737.50,80967,30,0
2026.02.02 04:00:00,4737.25,4772.18,4499.06,4549.20,106350,30,0
2026.02.02 08:00:00,4548.94,4731.63,4402.99,4719.68,106819,30,0
2026.02.02 12:00:00,4719.61,4812.34,4657.20,4705.96,95777,30,0
2026.02.02 16:00:00,4706.06,4793.93,4596.61,4673.86,115399,30,0
2026.02.02 20:00:00,4673.92,4712.57,4618.41,4660.72,81455,30,0
2026.02.03 00:00:00,4668.26,4855.93,4665.67,4841.27,69737,30,0
2026.02.03 04:00:00,4840.91,4841.66,4745.49,4824.91,84569,30,0
2026.02.03 08:00:00,4824.95,4947.94,4816.39,4916.00,75286,30,0
2026.02.03 12:00:00,4916.08,4950.83,4883.70,4932.60,67992,30,0
2026.02.03 16:00:00,4932.63,4993.53,4893.70,4929.00,107334,30,0
2026.02.03 20:00:00,4928.98,4963.99,4880.35,4946.89,82727,30,0
2026.02.04 00:00:00,4947.11,5053.40,4909.83,5046.61,61186,30,0
2026.02.04 04:00:00,5046.58,5090.28,5035.28,5079.30,52391,30,0
2026.02.04 08:00:00,5079.34,5091.58,5042.98,5059.88,57182,30,0
2026.02.04 12:00:00,5060.03,5064.20,5013.28,5053.80,58368,30,0
2026.02.04 16:00:00,5054.09,5058.79,4855.07,4897.88,114819,30,0
2026.02.04 20:00:00,4897.76,4970.72,4873.09,4964.75,71791,30,0
2026.02.05 00:00:00,4977.44,5023.73,4935.79,4958.49,56432,30,0
2026.02.05 04:00:00,4958.52,4961.37,4788.72,4896.08,101564,30,0
2026.02.05 08:00:00,4896.06,4943.56,4849.62,4855.05,86825,30,0
2026.02.05 12:00:00,4855.02,4894.31,4801.91,4835.22,94435,30,0
2026.02.05 16:00:00,4835.26,4906.28,4800.45,4868.94,119226,30,0
2026.02.05 20:00:00,4868.70,4875.09,4760.05,4779.55,76240,30,0
2026.02.06 00:00:00,4790.02,4796.00,4654.54,4774.26,76565,30,0
2026.02.06 04:00:00,4774.06,4897.78,4761.12,4897.51,73998,30,0
2026.02.06 08:00:00,4897.48,4903.13,4825.27,4866.59,69011,30,0
2026.02.06 12:00:00,4866.69,4938.11,4851.61,4928.73,59620,30,0
2026.02.06 16:00:00,4929.22,4968.36,4894.22,4960.22,83516,30,0
2026.02.06 20:00:00,4960.23,4971.09,4936.45,4967.36,39662,30,0
2026.02.09 00:00:00,4980.52,5047.18,4964.46,4982.25,53865,30,0
2026.02.09 04:00:00,4982.26,5041.35,4969.05,5036.50,53256,30,0
2026.02.09 08:00:00,5035.98,5045.54,4997.01,5007.57,55961,30,0
2026.02.09 12:00:00,5007.68,5024.52,4982.16,5006.90,53205,30,0
2026.02.09 16:00:00,5006.86,5080.28,5002.15,5046.30,70584,30,0
2026.02.09 20:00:00,5046.17,5086.22,5044.21,5058.41,43655,30,0
2026.02.10 00:00:00,5059.97,5076.07,4987.69,5032.76,48732,30,0
2026.02.10 04:00:00,5032.74,5056.07,5011.30,5039.08,52979,30,0
2026.02.10 08:00:00,5039.00,5063.17,5018.55,5046.79,49543,30,0
2026.02.10 12:00:00,5046.81,5058.41,5019.68,5050.86,44416,30,0
2026.02.10 16:00:00,5050.90,5078.47,4998.83,5026.17,75797,30,0
2026.02.10 20:00:00,5026.19,5045.27,5004.64,5025.21,37966,30,0
2026.02.11 00:00:00,5026.24,5054.60,5025.34,5052.50,28574,30,0
2026.02.11 04:00:00,5052.49,5063.84,5032.50,5052.75,34891,30,0
2026.02.11 08:00:00,5052.76,5071.85,5045.70,5062.60,38161,30,0
2026.02.11 12:00:00,5062.68,5118.96,5018.56,5065.64,69156,30,0
2026.02.11 16:00:00,5065.71,5098.89,5035.66,5091.53,101740,30,0
2026.02.11 20:00:00,5091.38,5094.13,5066.62,5084.25,56917,30,0
2026.02.12 00:00:00,5085.08,5099.92,5045.01,5063.45,43699,30,0
2026.02.12 04:00:00,5063.60,5078.28,5050.91,5075.46,40250,30,0
2026.02.12 08:00:00,5075.48,5080.53,5046.97,5073.12,41205,30,0
2026.02.12 12:00:00,5073.11,5083.64,5048.63,5075.26,43961,30,0
2026.02.12 16:00:00,5075.25,5077.65,4878.50,4940.82,113034,30,0
2026.02.12 20:00:00,4940.72,4957.90,4906.33,4921.49,92122,30,0
2026.02.13 00:00:00,4923.54,4988.53,4887.33,4980.66,52506,30,0
2026.02.13 04:00:00,4980.63,4997.21,4944.78,4946.23,50699,30,0
2026.02.13 08:00:00,4946.32,4989.33,4945.85,4970.14,54531,30,0
2026.02.13 12:00:00,4970.13,4999.45,4933.70,4986.85,56547,30,0
2026.02.13 16:00:00,4986.89,5033.74,4964.09,5020.87,102718,30,0
2026.02.13 20:00:00,5020.88,5045.91,5015.44,5041.88,54927,30,0
2026.02.16 00:00:00,5028.25,5052.14,5000.03,5028.81,32143,30,0
2026.02.16 04:00:00,5028.84,5031.18,4965.17,4990.57,43337,30,0
2026.02.16 08:00:00,4990.62,5017.10,4984.89,5013.34,31892,30,0
2026.02.16 12:00:00,5013.28,5017.11,4989.54,4997.10,30326,30,0
2026.02.16 16:00:00,4997.11,4999.39,4968.91,4991.53,38334,30,0
2026.02.16 20:00:00,4991.57,4997.57,4988.59,4991.64,10478,30,0
2026.02.17 00:00:00,4995.58,5000.87,4922.82,4957.73,35882,30,0
2026.02.17 04:00:00,4957.68,4970.95,4858.98,4888.62,47586,30,0
2026.02.17 08:00:00,4888.64,4932.45,4886.39,4925.83,43770,30,0
2026.02.17 12:00:00,4925.82,4944.21,4870.00,4870.68,46840,30,0
2026.02.17 16:00:00,4870.54,4906.95,4841.63,4864.99,112174,30,0
2026.02.17 20:00:00,4865.05,4910.20,4862.34,4877.12,58691,30,0
2026.02.18 00:00:00,4865.96,4892.90,4854.10,4889.89,29915,30,0
2026.02.18 04:00:00,4889.80,4940.20,4886.41,4933.23,28090,30,0
2026.02.18 08:00:00,4933.22,4942.09,4912.87,4917.17,30540,30,0
2026.02.18 12:00:00,4917.18,4969.03,4906.27,4954.25,43775,30,0
2026.02.18 16:00:00,4954.32,5010.75,4952.21,4999.10,66819,30,0
2026.02.18 20:00:00,4999.09,5003.10,4972.83,4977.07,50127,30,0
2026.02.19 00:00:00,4975.34,4988.67,4958.62,4972.96,25553,30,0
2026.02.19 04:00:00,4972.94,4998.46,4965.62,4996.80,25354,36,0
2026.02.19 08:00:00,4996.75,5021.83,4993.03,4995.55,32734,30,0
2026.02.19 12:00:00,4995.54,4998.28,4973.62,4996.89,40157,30,0
2026.02.19 16:00:00,4996.76,5022.14,4963.30,4984.71,77634,30,0
2026.02.19 20:00:00,4984.93,5004.01,4975.19,4995.98,39074,30,0
2026.02.20 00:00:00,4996.51,5014.63,4985.25,4996.83,23180,30,0
2026.02.20 04:00:00,4996.97,5011.81,4981.61,5011.80,26300,30,0
2026.02.20 08:00:00,5012.04,5042.44,5004.91,5027.54,38225,30,0
2026.02.20 12:00:00,5027.59,5048.78,5006.92,5043.44,38404,36,0
2026.02.20 16:00:00,5043.45,5076.19,4989.08,5072.85,92097,30,0
2026.02.20 20:00:00,5072.86,5107.30,5054.04,5105.25,51181,30,0
2026.02.23 00:00:00,5106.34,5171.78,5098.42,5157.24,45638,30,0
2026.02.23 04:00:00,5157.11,5176.46,5151.81,5158.08,41447,30,0
2026.02.23 08:00:00,5158.09,5161.37,5122.07,5149.39,43666,30,0
2026.02.23 12:00:00,5149.44,5165.31,5143.55,5146.15,39941,30,0
2026.02.23 16:00:00,5146.14,5219.05,5141.41,5207.79,92817,30,0
2026.02.23 20:00:00,5207.85,5237.70,5200.90,5227.61,45157,30,0
2026.02.24 00:00:00,5226.82,5249.50,5145.02,5177.12,51156,30,0
2026.02.24 04:00:00,5177.32,5191.86,5161.07,5182.57,48166,30,0
2026.02.24 08:00:00,5182.61,5184.69,5156.37,5171.27,48264,30,0
2026.02.24 12:00:00,5171.26,5181.26,5110.96,5114.82,51780,30,0
2026.02.24 16:00:00,5114.79,5163.65,5093.37,5163.60,88204,30,0
2026.02.24 20:00:00,5163.60,5173.10,5140.12,5143.79,45392,30,0
2026.02.25 00:00:00,5143.11,5189.81,5121.90,5176.61,40474,30,0
2026.02.25 04:00:00,5176.63,5210.46,5166.35,5201.66,46895,30,0
2026.02.25 08:00:00,5201.68,5201.72,5176.42,5193.12,39662,30,0
2026.02.25 12:00:00,5193.23,5195.13,5155.04,5184.99,40005,30,0
2026.02.25 16:00:00,5184.75,5217.45,5158.75,5206.76,65994,30,0
2026.02.25 20:00:00,5206.75,5208.27,5146.02,5164.65,48456,30,0
2026.02.26 00:00:00,5159.45,5198.19,5155.34,5191.33,46329,30,0
2026.02.26 04:00:00,5191.34,5205.43,5174.06,5198.14,44546,30,0
2026.02.26 08:00:00,5198.20,5199.48,5167.73,5186.18,45008,30,0
2026.02.26 12:00:00,5186.20,5189.95,5157.64,5166.17,49149,30,0
2026.02.26 16:00:00,5165.92,5192.66,5130.15,5167.12,104907,30,0
2026.02.26 20:00:00,5167.19,5200.90,5160.26,5185.01,49293,30,0
2026.02.27 00:00:00,5183.93,5194.86,5166.75,5193.87,35890,30,0
2026.02.27 04:00:00,5193.86,5200.35,5173.38,5197.72,45410,30,0
2026.02.27 08:00:00,5197.73,5199.04,5172.09,5175.81,43047,30,0
2026.02.27 12:00:00,5175.86,5240.47,5168.61,5222.94,51536,30,0
2026.02.27 16:00:00,5222.67,5257.65,5213.75,5234.56,98562,30,0
2026.02.27 20:00:00,5234.50,5280.63,5222.46,5278.53,51630,30,0
