bar_time_utc,bar_epoch,open,high,low,close,avg_spread,n_ticks
2019-02-03T20:00:00+00:00,1549224000,1317.925,1318.965,1316.465,1317.095,0.31047,1303
2019-02-04T00:00:00+00:00,1549238400,1317.075,1317.455,1313.445,1313.925,0.30219,9336
2019-02-04T04:00:00+00:00,1549252800,1313.905,1314.035,1311.828,1313.535,0.29791,9865
2019-02-04T08:00:00+00:00,1549267200,1313.535,1313.585,1310.335,1310.775,0.28774,13769
2019-02-04T12:00:00+00:00,1549281600,1310.785,1314.578,1308.535,1313.835,0.28422,21867
2019-02-04T16:00:00+00:00,1549296000,1313.835,1315.195,1313.065,1313.465,0.2854,12593
2019-02-04T20:00:00+00:00,1549310400,1313.465,1313.638,1311.428,1311.678,0.30629,4619
2019-02-05T00:00:00+00:00,1549324800,1311.675,1314.685,1311.178,1314.685,0.30681,8494
2019-02-05T04:00:00+00:00,1549339200,1314.718,1315.255,1312.685,1312.915,0.30855,7280
2019-02-05T08:00:00+00:00,1549353600,1312.945,1314.538,1310.625,1314.498,0.28594,15226
2019-02-05T12:00:00+00:00,1549368000,1314.468,1316.825,1312.868,1314.545,0.29508,23349
2019-02-05T16:00:00+00:00,1549382400,1314.545,1315.378,1312.615,1314.298,0.29213,14803
2019-02-05T20:00:00+00:00,1549396800,1314.325,1315.348,1314.088,1314.898,0.3195,4769
2019-02-06T00:00:00+00:00,1549411200,1314.835,1315.765,1312.685,1314.215,0.30918,10375
2019-02-06T04:00:00+00:00,1549425600,1314.215,1315.208,1312.815,1314.898,0.30922,9079
2019-02-06T08:00:00+00:00,1549440000,1314.935,1315.548,1311.975,1312.125,0.2878,12060
2019-02-06T12:00:00+00:00,1549454400,1312.115,1315.108,1311.488,1312.035,0.29747,18490
2019-02-06T16:00:00+00:00,1549468800,1312.058,1312.898,1306.688,1306.905,0.29418,16698
2019-02-06T20:00:00+00:00,1549483200,1307.005,1307.625,1305.515,1306.565,0.31749,6857
2019-02-07T00:00:00+00:00,1549497600,1306.525,1307.758,1303.418,1303.958,0.3051,9615
2019-02-07T04:00:00+00:00,1549512000,1303.958,1305.335,1302.705,1304.385,0.29567,8961
2019-02-07T08:00:00+00:00,1549526400,1304.398,1307.325,1303.195,1306.655,0.29292,12470
2019-02-07T12:00:00+00:00,1549540800,1306.645,1311.878,1305.425,1308.875,0.2897,25556
2019-02-07T16:00:00+00:00,1549555200,1308.925,1311.548,1308.645,1310.345,0.29603,20249
2019-02-07T20:00:00+00:00,1549569600,1310.365,1311.148,1309.525,1310.365,0.31179,5267
2019-02-08T00:00:00+00:00,1549584000,1310.375,1310.588,1308.245,1308.638,0.30758,9787
2019-02-08T04:00:00+00:00,1549598400,1308.638,1309.555,1307.698,1308.945,0.30928,9454
2019-02-08T08:00:00+00:00,1549612800,1308.945,1312.858,1308.388,1312.168,0.29267,13433
2019-02-08T12:00:00+00:00,1549627200,1312.148,1315.378,1311.748,1313.628,0.2903,21554
2019-02-08T16:00:00+00:00,1549641600,1313.638,1315.568,1313.358,1315.048,0.29178,13905
2019-02-08T20:00:00+00:00,1549656000,1315.078,1315.208,1313.725,1313.945,0.30884,3465
2019-02-10T20:00:00+00:00,1549828800,1314.098,1314.098,1313.245,1313.598,0.32531,1129
2019-02-11T00:00:00+00:00,1549843200,1313.598,1314.815,1311.148,1311.705,0.28586,8192
2019-02-11T04:00:00+00:00,1549857600,1311.705,1312.285,1310.475,1311.168,0.28836,6700
2019-02-11T08:00:00+00:00,1549872000,1311.168,1311.348,1306.165,1307.585,0.27392,16245
2019-02-11T12:00:00+00:00,1549886400,1307.575,1309.148,1303.595,1308.378,0.29236,23651
2019-02-11T16:00:00+00:00,1549900800,1308.385,1310.348,1306.965,1308.328,0.29171,13350
2019-02-11T20:00:00+00:00,1549915200,1308.298,1308.978,1307.448,1307.695,0.32017,4294
2019-02-12T00:00:00+00:00,1549929600,1307.675,1309.368,1306.405,1307.505,0.28233,10778
2019-02-12T04:00:00+00:00,1549944000,1307.505,1312.818,1307.495,1311.695,0.29021,8865
2019-02-12T08:00:00+00:00,1549958400,1311.695,1313.808,1310.685,1313.535,0.27452,9174
2019-02-12T12:00:00+00:00,1549972800,1313.535,1314.668,1308.215,1309.765,0.27699,18043
2019-02-12T16:00:00+00:00,1549987200,1309.755,1312.588,1308.855,1310.795,0.28299,13252
2019-02-12T20:00:00+00:00,1550001600,1310.838,1311.725,1309.988,1310.205,0.30215,3899
2019-02-13T00:00:00+00:00,1550016000,1310.205,1312.965,1309.278,1312.965,0.28297,9491
2019-02-13T04:00:00+00:00,1550030400,1313.028,1314.205,1311.358,1311.675,0.29026,7187
2019-02-13T08:00:00+00:00,1550044800,1311.698,1313.268,1309.728,1311.005,0.2773,8663
2019-02-13T12:00:00+00:00,1550059200,1310.995,1318.078,1308.065,1314.415,0.28899,26807
2019-02-13T16:00:00+00:00,1550073600,1314.415,1314.895,1305.515,1306.495,0.2936,18228
2019-02-13T20:00:00+00:00,1550088000,1306.515,1307.688,1304.975,1307.545,0.31034,6574
2019-02-14T00:00:00+00:00,1550102400,1307.545,1309.195,1306.918,1308.305,0.29339,9667
2019-02-14T04:00:00+00:00,1550116800,1308.305,1309.315,1307.5,1309.295,0.2905,8746
2019-02-14T08:00:00+00:00,1550131200,1309.265,1309.695,1305.345,1305.988,0.2771,15420
2019-02-14T12:00:00+00:00,1550145600,1305.998,1312.618,1302.288,1309.298,0.3015,38802
2019-02-14T16:00:00+00:00,1550160000,1309.315,1314.308,1309.215,1312.808,0.28625,18030
2019-02-14T20:00:00+00:00,1550174400,1312.818,1313.008,1311.575,1311.875,0.30701,4974
2019-02-15T00:00:00+00:00,1550188800,1311.875,1313.228,1311.328,1312.445,0.28607,6917
2019-02-15T04:00:00+00:00,1550203200,1312.508,1314.958,1311.798,1314.435,0.28084,8616
2019-02-15T08:00:00+00:00,1550217600,1314.495,1319.128,1314.235,1318.385,0.26493,13620
2019-02-15T12:00:00+00:00,1550232000,1318.335,1319.905,1314.145,1314.485,0.28282,26926
2019-02-15T16:00:00+00:00,1550246400,1314.465,1321.798,1314.375,1321.355,0.27487,18075
2019-02-15T20:00:00+00:00,1550260800,1321.315,1322.555,1320.752,1321.035,0.2954,3913
2019-02-17T20:00:00+00:00,1550433600,1320.882,1321.445,1320.405,1321.058,0.36537,1536
2019-02-18T00:00:00+00:00,1550448000,1321.088,1325.225,1320.798,1324.515,0.29384,9855
2019-02-18T04:00:00+00:00,1550462400,1324.515,1324.585,1321.665,1321.865,0.29665,8530
2019-02-18T08:00:00+00:00,1550476800,1321.865,1325.165,1321.255,1324.858,0.27456,9680
2019-02-18T12:00:00+00:00,1550491200,1324.825,1327.545,1324.588,1325.888,0.27757,11340
2019-02-18T16:00:00+00:00,1550505600,1325.858,1326.718,1325.435,1326.375,0.29107,2617
2019-02-18T20:00:00+00:00,1550520000,1326.145,1326.648,1326.015,1326.368,0.33673,572
2019-02-19T00:00:00+00:00,1550534400,1326.368,1326.478,1324.058,1324.745,0.2947,7834
2019-02-19T04:00:00+00:00,1550548800,1324.738,1325.928,1322.778,1325.838,0.28708,9662
2019-02-19T08:00:00+00:00,1550563200,1325.828,1330.388,1325.495,1328.835,0.27516,16527
2019-02-19T12:00:00+00:00,1550577600,1328.845,1339.328,1328.555,1338.105,0.28547,25763
2019-02-19T16:00:00+00:00,1550592000,1338.115,1341.778,1335.985,1339.795,0.29508,22497
2019-02-19T20:00:00+00:00,1550606400,1339.788,1341.268,1339.258,1339.488,0.30757,5815
2019-02-20T00:00:00+00:00,1550620800,1339.498,1346.655,1339.255,1344.025,0.28829,13149
2019-02-20T04:00:00+00:00,1550635200,1344.025,1344.025,1341.278,1342.505,0.28112,9956
2019-02-20T08:00:00+00:00,1550649600,1342.515,1345.305,1341.565,1343.608,0.27091,14665
2019-02-20T12:00:00+00:00,1550664000,1343.585,1345.828,1342.085,1344.738,0.27675,23475
2019-02-20T16:00:00+00:00,1550678400,1344.738,1346.285,1336.798,1341.048,0.29528,24150
2019-02-20T20:00:00+00:00,1550692800,1340.988,1341.665,1337.418,1340.555,0.31141,6094
2019-02-21T00:00:00+00:00,1550707200,1340.545,1341.425,1337.388,1339.835,0.29493,13890
2019-02-21T04:00:00+00:00,1550721600,1339.835,1340.785,1337.415,1338.898,0.30006,18649
2019-02-21T08:00:00+00:00,1550736000,1338.895,1340.398,1331.965,1333.825,0.28698,38747
2019-02-21T12:00:00+00:00,1550750400,1333.825,1337.278,1330.0,1332.095,0.29126,50051
2019-02-21T16:00:00+00:00,1550764800,1331.995,1332.068,1324.038,1326.438,0.28281,34420
2019-02-21T20:00:00+00:00,1550779200,1326.438,1326.538,1320.858,1325.785,0.31444,9039
2019-02-22T00:00:00+00:00,1550793600,1325.785,1326.408,1324.038,1325.275,0.29106,11174
2019-02-22T04:00:00+00:00,1550808000,1325.275,1326.575,1324.448,1326.355,0.27752,11801
2019-02-22T08:00:00+00:00,1550822400,1326.355,1326.925,1321.468,1323.055,0.27603,25198
2019-02-22T12:00:00+00:00,1550836800,1323.055,1330.648,1322.155,1329.325,0.29457,39880
2019-02-22T16:00:00+00:00,1550851200,1329.295,1333.038,1327.618,1327.668,0.29795,28512
2019-02-22T20:00:00+00:00,1550865600,1327.685,1328.605,1327.145,1327.885,0.30283,4158
2019-02-24T20:00:00+00:00,1551038400,1328.835,1329.025,1326.795,1327.665,0.33727,1336
2019-02-25T00:00:00+00:00,1551052800,1327.665,1331.775,1327.515,1331.275,0.28324,11406
2019-02-25T04:00:00+00:00,1551067200,1331.265,1331.895,1328.978,1330.308,0.28894,11512
2019-02-25T08:00:00+00:00,1551081600,1330.315,1331.065,1327.755,1330.445,0.27273,12139
2019-02-25T12:00:00+00:00,1551096000,1330.455,1332.485,1325.115,1329.275,0.28311,25725
2019-02-25T16:00:00+00:00,1551110400,1329.245,1329.295,1325.495,1327.978,0.28948,16169
2019-02-25T20:00:00+00:00,1551124800,1327.958,1328.288,1326.528,1327.455,0.3194,4489
2019-02-26T00:00:00+00:00,1551139200,1327.438,1330.128,1326.595,1329.015,0.2887,9600
2019-02-26T04:00:00+00:00,1551153600,1329.075,1329.648,1324.585,1324.875,0.28436,9190
2019-02-26T08:00:00+00:00,1551168000,1324.885,1327.408,1324.435,1325.045,0.27935,11496
2019-02-26T12:00:00+00:00,1551182400,1325.058,1327.718,1323.445,1327.168,0.28152,25768
2019-02-26T16:00:00+00:00,1551196800,1327.168,1329.468,1324.855,1329.248,0.29642,24252
2019-02-26T20:00:00+00:00,1551211200,1329.248,1329.408,1328.208,1329.185,0.31006,5793
2019-02-27T00:00:00+00:00,1551225600,1329.185,1329.808,1326.375,1327.185,0.9418,3327
2019-02-27T04:00:00+00:00,1551240000,1327.145,1328.235,1326.348,1326.725,0.28072,11713
2019-02-27T08:00:00+00:00,1551254400,1326.725,1328.145,1325.635,1326.908,0.27266,20385
2019-02-27T12:00:00+00:00,1551268800,1326.918,1328.765,1321.975,1323.448,0.28206,39196
2019-02-27T16:00:00+00:00,1551283200,1323.438,1323.798,1316.815,1319.005,0.29285,27612
2019-02-27T20:00:00+00:00,1551297600,1319.005,1321.228,1318.918,1321.085,0.3078,5038
2019-02-28T00:00:00+00:00,1551312000,1321.075,1321.205,1317.158,1318.808,0.28807,8347
2019-02-28T04:00:00+00:00,1551326400,1318.795,1322.915,1318.115,1321.838,0.28819,11989
2019-02-28T08:00:00+00:00,1551340800,1321.835,1327.228,1321.705,1325.885,0.27472,23330
2019-02-28T12:00:00+00:00,1551355200,1325.865,1326.965,1312.918,1315.325,0.27837,38383
2019-02-28T16:00:00+00:00,1551369600,1315.315,1316.575,1313.268,1313.605,0.28383,21399
2019-02-28T20:00:00+00:00,1551384000,1313.595,1314.455,1312.518,1314.138,0.30859,5023
2019-03-01T00:00:00+00:00,1551398400,1314.155,1315.138,1312.195,1313.118,0.28532,10045
2019-03-01T04:00:00+00:00,1551412800,1313.105,1313.478,1308.265,1308.935,0.28,14286
2019-03-01T08:00:00+00:00,1551427200,1308.935,1310.558,1306.115,1308.805,0.27032,24874
2019-03-01T12:00:00+00:00,1551441600,1308.805,1312.125,1304.3,1305.478,0.2784,36875
2019-03-01T16:00:00+00:00,1551456000,1305.478,1305.748,1292.075,1293.248,0.2853,38328
2019-03-01T20:00:00+00:00,1551470400,1293.248,1293.815,1290.098,1293.055,0.30474,6976
2019-03-03T20:00:00+00:00,1551643200,1292.705,1296.135,1292.705,1295.158,0.31649,1770
2019-03-04T00:00:00+00:00,1551657600,1295.158,1296.995,1293.475,1296.635,0.28376,9694
2019-03-04T04:00:00+00:00,1551672000,1296.655,1296.835,1291.235,1291.235,0.27522,12382
2019-03-04T08:00:00+00:00,1551686400,1291.235,1291.978,1285.045,1286.135,0.27458,16846
2019-03-04T12:00:00+00:00,1551700800,1286.145,1289.458,1282.758,1285.515,0.2817,29839
2019-03-04T16:00:00+00:00,1551715200,1285.515,1289.698,1285.515,1286.998,0.29596,25959
2019-03-04T20:00:00+00:00,1551729600,1287.008,1287.615,1286.048,1287.025,0.31224,6481
2019-03-05T00:00:00+00:00,1551744000,1287.025,1289.535,1285.525,1288.175,0.28941,11100
2019-03-05T04:00:00+00:00,1551758400,1288.248,1288.958,1284.398,1285.008,0.28836,13252
2019-03-05T08:00:00+00:00,1551772800,1285.005,1286.505,1283.418,1285.828,0.29061,28885
2019-03-05T12:00:00+00:00,1551787200,1285.828,1287.708,1281.128,1284.148,0.29104,42544
2019-03-05T16:00:00+00:00,1551801600,1284.148,1286.968,1282.445,1286.655,0.295,23162
2019-03-05T20:00:00+00:00,1551816000,1286.655,1288.298,1286.648,1287.875,0.30458,3962
2019-03-06T00:00:00+00:00,1551830400,1287.935,1289.318,1285.918,1287.068,0.28913,9405
2019-03-06T04:00:00+00:00,1551844800,1287.068,1290.885,1286.365,1289.095,0.28497,12938
2019-03-06T08:00:00+00:00,1551859200,1289.095,1289.328,1284.865,1285.515,0.27256,18266
2019-03-06T12:00:00+00:00,1551873600,1285.515,1288.485,1283.545,1286.158,0.29159,38889
2019-03-06T16:00:00+00:00,1551888000,1286.148,1287.588,1284.975,1285.758,0.2975,24673
2019-03-06T20:00:00+00:00,1551902400,1285.798,1287.515,1285.145,1287.095,0.304,5159
2019-03-07T00:00:00+00:00,1551916800,1287.095,1288.475,1286.315,1286.535,0.28282,6794
2019-03-07T04:00:00+00:00,1551931200,1286.528,1286.778,1283.858,1284.315,0.28499,10000
2019-03-07T08:00:00+00:00,1551945600,1284.318,1287.475,1280.485,1286.528,0.27608,19732
2019-03-07T12:00:00+00:00,1551960000,1286.525,1288.975,1282.735,1286.658,0.29563,43663
2019-03-07T16:00:00+00:00,1551974400,1286.735,1287.378,1284.195,1285.495,0.2953,32222
2019-03-07T20:00:00+00:00,1551988800,1285.498,1286.558,1284.968,1285.918,0.30833,6862
2019-03-08T00:00:00+00:00,1552003200,1285.908,1287.518,1285.128,1287.075,0.2981,9978
2019-03-08T04:00:00+00:00,1552017600,1287.075,1294.518,1286.828,1293.795,0.29738,18532
2019-03-08T08:00:00+00:00,1552032000,1293.785,1295.725,1292.245,1293.138,0.28899,23482
2019-03-08T12:00:00+00:00,1552046400,1293.088,1300.708,1291.425,1296.878,0.29652,42202
2019-03-08T16:00:00+00:00,1552060800,1296.868,1300.068,1296.825,1299.248,0.29195,26750
2019-03-08T20:00:00+00:00,1552075200,1299.268,1300.598,1297.905,1298.055,0.30288,6602
2019-03-10T20:00:00+00:00,1552248000,1297.765,1297.955,1296.115,1297.215,0.34058,2224
2019-03-11T00:00:00+00:00,1552262400,1297.215,1298.305,1295.605,1297.215,0.28481,8235
2019-03-11T04:00:00+00:00,1552276800,1297.205,1299.045,1295.455,1296.425,0.28391,10891
2019-03-11T08:00:00+00:00,1552291200,1296.425,1297.638,1294.085,1294.848,0.27594,21597
2019-03-11T12:00:00+00:00,1552305600,1294.848,1296.898,1290.925,1292.815,0.29811,32055
2019-03-11T16:00:00+00:00,1552320000,1292.848,1293.775,1290.395,1293.748,0.29921,15884
2019-03-11T20:00:00+00:00,1552334400,1293.715,1293.855,1291.988,1292.525,0.33119,3020
2019-03-12T00:00:00+00:00,1552348800,1292.525,1296.905,1292.395,1296.158,0.28858,8054
2019-03-12T04:00:00+00:00,1552363200,1296.158,1297.355,1294.325,1294.638,0.28508,9923
2019-03-12T08:00:00+00:00,1552377600,1294.628,1297.798,1294.405,1296.198,0.28709,30865
2019-03-12T12:00:00+00:00,1552392000,1296.188,1299.528,1295.458,1296.995,0.29761,37303
2019-03-12T16:00:00+00:00,1552406400,1297.015,1302.148,1296.768,1301.598,0.29296,17215
2019-03-12T20:00:00+00:00,1552420800,1301.598,1302.048,1300.505,1301.888,0.31651,2977
2019-03-13T00:00:00+00:00,1552435200,1301.888,1305.718,1301.655,1304.845,0.29112,7907
2019-03-13T04:00:00+00:00,1552449600,1304.845,1305.388,1303.635,1304.218,0.28553,8169
2019-03-13T08:00:00+00:00,1552464000,1304.228,1309.075,1303.845,1307.565,0.27132,18893
2019-03-13T12:00:00+00:00,1552478400,1307.548,1309.328,1305.925,1307.878,0.27994,34263
2019-03-13T16:00:00+00:00,1552492800,1307.848,1311.168,1307.315,1310.628,0.2966,20990
2019-03-13T20:00:00+00:00,1552507200,1310.638,1310.938,1307.695,1309.338,0.3377,3139
2019-03-14T00:00:00+00:00,1552521600,1309.345,1309.735,1304.078,1304.148,0.27955,8371
2019-03-14T04:00:00+00:00,1552536000,1304.158,1304.583,1301.585,1302.225,0.29089,14839
2019-03-14T08:00:00+00:00,1552550400,1302.215,1303.115,1295.818,1297.315,0.28621,30726
2019-03-14T12:00:00+00:00,1552564800,1297.295,1298.855,1292.775,1295.495,0.27646,32175
2019-03-14T16:00:00+00:00,1552579200,1295.475,1297.018,1293.145,1295.875,0.28837,17348
2019-03-14T20:00:00+00:00,1552593600,1295.865,1296.655,1295.155,1296.065,0.33218,2221
2019-03-15T00:00:00+00:00,1552608000,1296.065,1299.915,1293.928,1298.055,0.29209,10936
2019-03-15T04:00:00+00:00,1552622400,1298.055,1303.768,1297.045,1303.498,0.29749,14534
2019-03-15T08:00:00+00:00,1552636800,1303.528,1304.385,1301.425,1304.128,0.28722,22592
2019-03-15T12:00:00+00:00,1552651200,1304.098,1306.328,1300.608,1301.835,0.28549,35126
2019-03-15T16:00:00+00:00,1552665600,1301.838,1303.118,1301.278,1301.778,0.30146,17676
2019-03-15T20:00:00+00:00,1552680000,1301.768,1302.415,1301.315,1301.875,0.34739,1091
2019-03-17T20:00:00+00:00,1552852800,1301.855,1302.485,1300.535,1300.555,0.29456,1692
2019-03-18T00:00:00+00:00,1552867200,1300.555,1300.808,1298.155,1299.015,0.28773,7306
2019-03-18T04:00:00+00:00,1552881600,1299.035,1304.065,1298.428,1303.985,0.28576,9404
2019-03-18T08:00:00+00:00,1552896000,1303.985,1306.058,1303.218,1304.365,0.27405,15946
2019-03-18T12:00:00+00:00,1552910400,1304.365,1306.668,1303.325,1304.135,0.27605,26386
2019-03-18T16:00:00+00:00,1552924800,1304.135,1304.848,1300.955,1302.695,0.29844,15445
2019-03-18T20:00:00+00:00,1552939200,1302.745,1303.885,1302.288,1303.418,0.31219,2612
2019-03-19T00:00:00+00:00,1552953600,1303.408,1307.665,1303.365,1307.445,0.28399,6620
2019-03-19T04:00:00+00:00,1552968000,1307.438,1307.745,1303.735,1304.535,0.30714,10528
2019-03-19T08:00:00+00:00,1552982400,1304.535,1308.848,1303.635,1308.028,0.27929,24847
2019-03-19T12:00:00+00:00,1552996800,1308.045,1310.835,1306.795,1307.605,0.2814,28459
2019-03-19T16:00:00+00:00,1553011200,1307.578,1308.018,1305.788,1306.398,0.27083,13243
2019-03-19T20:00:00+00:00,1553025600,1306.398,1306.938,1304.978,1306.158,0.32034,2870
2019-03-20T00:00:00+00:00,1553040000,1306.158,1306.835,1303.765,1304.778,0.30317,7607
2019-03-20T04:00:00+00:00,1553054400,1304.785,1306.508,1302.335,1303.298,0.30026,13013
2019-03-20T08:00:00+00:00,1553068800,1303.308,1305.288,1301.575,1304.768,0.28957,26732
2019-03-20T12:00:00+00:00,1553083200,1304.768,1309.578,1298.605,1300.508,0.26293,28569
2019-03-20T16:00:00+00:00,1553097600,1300.498,1316.938,1299.675,1314.238,0.30332,39190
2019-03-20T20:00:00+00:00,1553112000,1314.298,1315.568,1311.895,1315.365,0.32276,4027
2019-03-21T00:00:00+00:00,1553126400,1315.365,1318.975,1314.385,1318.625,0.28613,8993
2019-03-21T04:00:00+00:00,1553140800,1318.625,1320.305,1317.315,1318.868,0.29571,13730
2019-03-21T08:00:00+00:00,1553155200,1318.958,1319.418,1314.228,1315.298,0.29132,27971
2019-03-21T12:00:00+00:00,1553169600,1315.298,1318.515,1308.625,1310.458,0.27893,40138
2019-03-21T16:00:00+00:00,1553184000,1310.445,1311.015,1303.205,1309.215,0.28605,30569
2019-03-21T20:00:00+00:00,1553198400,1309.208,1309.448,1308.605,1308.605,0.30231,2029
2019-03-22T00:00:00+00:00,1553212800,1308.605,1310.275,1306.778,1309.038,0.28496,8201
2019-03-22T04:00:00+00:00,1553227200,1309.048,1313.045,1307.285,1312.488,0.28697,11347
2019-03-22T08:00:00+00:00,1553241600,1312.498,1313.788,1309.355,1312.575,0.27258,40257
2019-03-22T12:00:00+00:00,1553256000,1312.575,1314.898,1309.635,1313.248,0.27726,46910
2019-03-22T16:00:00+00:00,1553270400,1313.248,1313.515,1311.098,1312.378,0.29185,24019
2019-03-22T20:00:00+00:00,1553284800,1312.355,1313.525,1312.345,1313.075,0.31939,1006
2019-03-24T20:00:00+00:00,1553457600,1313.105,1313.935,1311.525,1311.525,0.33826,2349
2019-03-25T00:00:00+00:00,1553472000,1311.538,1315.748,1310.958,1315.288,0.28537,9259
2019-03-25T04:00:00+00:00,1553486400,1315.368,1317.788,1314.955,1316.968,0.28381,9837
2019-03-25T08:00:00+00:00,1553500800,1316.958,1318.965,1316.048,1317.845,0.27129,22255
2019-03-25T12:00:00+00:00,1553515200,1317.805,1322.928,1317.665,1321.475,0.27308,32795
2019-03-25T16:00:00+00:00,1553529600,1321.428,1324.448,1320.175,1322.148,0.28766,25350
2019-03-25T20:00:00+00:00,1553544000,1322.158,1323.165,1321.135,1321.258,0.30645,3386
2019-03-26T00:00:00+00:00,1553558400,1321.258,1322.118,1319.858,1320.385,0.30602,10840
2019-03-26T04:00:00+00:00,1553572800,1320.385,1320.518,1315.678,1315.705,0.29497,15450
2019-03-26T08:00:00+00:00,1553587200,1315.705,1317.665,1312.625,1313.608,0.28781,29586
2019-03-26T12:00:00+00:00,1553601600,1313.598,1318.768,1312.788,1314.665,0.28256,36484
2019-03-26T16:00:00+00:00,1553616000,1314.665,1317.245,1313.255,1315.748,0.2878,21965
2019-03-26T20:00:00+00:00,1553630400,1315.748,1317.188,1315.015,1316.358,0.32394,3199
2019-03-27T00:00:00+00:00,1553644800,1316.348,1318.425,1315.965,1316.288,0.28906,11160
2019-03-27T04:00:00+00:00,1553659200,1316.388,1317.135,1312.778,1313.838,0.28357,15073
2019-03-27T08:00:00+00:00,1553673600,1313.855,1319.258,1313.775,1317.268,0.28693,32644
2019-03-27T12:00:00+00:00,1553688000,1317.238,1317.828,1308.945,1311.535,0.2965,47123
2019-03-27T16:00:00+00:00,1553702400,1311.535,1312.438,1308.065,1309.135,0.28473,27815
2019-03-27T20:00:00+00:00,1553716800,1309.165,1310.165,1308.305,1309.335,0.31328,3202
2019-03-28T00:00:00+00:00,1553731200,1309.335,1310.985,1307.218,1309.795,0.28588,9325
2019-03-28T04:00:00+00:00,1553745600,1309.805,1312.245,1308.948,1309.028,0.28088,11935
2019-03-28T08:00:00+00:00,1553760000,1309.015,1309.808,1302.335,1303.175,0.27737,24152
2019-03-28T12:00:00+00:00,1553774400,1303.155,1305.938,1290.515,1292.228,0.29335,48482
2019-03-28T16:00:00+00:00,1553788800,1292.288,1292.488,1288.455,1290.528,0.29655,27788
2019-03-28T20:00:00+00:00,1553803200,1290.595,1291.535,1289.848,1291.495,0.32062,3260
2019-03-29T00:00:00+00:00,1553817600,1291.495,1292.595,1288.828,1289.275,0.30141,10260
2019-03-29T04:00:00+00:00,1553832000,1289.298,1290.395,1286.668,1288.025,0.28573,11389
2019-03-29T08:00:00+00:00,1553846400,1288.065,1293.728,1287.095,1293.135,0.2757,20391
2019-03-29T12:00:00+00:00,1553860800,1293.205,1299.745,1293.205,1295.368,0.28602,48602
2019-03-29T16:00:00+00:00,1553875200,1295.428,1296.238,1291.945,1292.098,0.29506,22792
2019-03-29T20:00:00+00:00,1553889600,1292.125,1292.588,1291.745,1291.885,0.27822,1142
2019-03-31T20:00:00+00:00,1554062400,1292.025,1293.198,1291.418,1291.708,0.28315,2011
2019-04-01T00:00:00+00:00,1554076800,1291.718,1293.718,1290.268,1293.275,0.28637,8660
2019-04-01T04:00:00+00:00,1554091200,1293.275,1293.855,1288.185,1289.615,0.27748,13593
2019-04-01T08:00:00+00:00,1554105600,1289.615,1292.125,1289.145,1289.935,0.27623,16141
2019-04-01T12:00:00+00:00,1554120000,1289.935,1296.955,1289.665,1290.768,0.28377,38620
2019-04-01T16:00:00+00:00,1554134400,1290.758,1291.118,1286.485,1287.078,0.28502,18842
2019-04-01T20:00:00+00:00,1554148800,1287.078,1288.115,1286.425,1287.328,0.31063,3009
2019-04-02T00:00:00+00:00,1554163200,1287.315,1289.175,1286.178,1287.268,0.29043,7053
2019-04-02T04:00:00+00:00,1554177600,1287.258,1289.475,1285.145,1286.265,0.2774,14738
2019-04-02T08:00:00+00:00,1554192000,1286.265,1290.318,1285.855,1288.795,0.27624,15526
2019-04-02T12:00:00+00:00,1554206400,1288.795,1291.808,1287.378,1289.765,0.27738,26896
2019-04-02T16:00:00+00:00,1554220800,1289.795,1291.898,1288.818,1291.458,0.28928,18067
2019-04-02T20:00:00+00:00,1554235200,1291.468,1292.788,1291.368,1291.705,0.3196,2582
2019-04-03T00:00:00+00:00,1554249600,1291.698,1293.255,1290.125,1292.555,0.28808,6271
2019-04-03T04:00:00+00:00,1554264000,1292.555,1293.708,1290.533,1291.415,0.27935,13158
2019-04-03T08:00:00+00:00,1554278400,1291.415,1294.488,1291.168,1292.975,0.27742,17481
2019-04-03T12:00:00+00:00,1554292800,1292.965,1294.235,1288.335,1290.208,0.29748,35907
2019-04-03T16:00:00+00:00,1554307200,1290.208,1291.908,1289.745,1289.948,0.29649,18830
2019-04-03T20:00:00+00:00,1554321600,1289.955,1291.928,1289.485,1291.755,0.30971,2887
2019-04-04T00:00:00+00:00,1554336000,1291.755,1292.425,1290.248,1292.348,0.28482,5237
2019-04-04T04:00:00+00:00,1554350400,1292.348,1293.508,1291.918,1292.708,0.28106,8722
2019-04-04T08:00:00+00:00,1554364800,1292.718,1292.718,1288.635,1289.035,0.27693,12901
2019-04-04T12:00:00+00:00,1554379200,1289.035,1289.488,1280.848,1287.765,0.2692,31451
2019-04-04T16:00:00+00:00,1554393600,1287.765,1294.338,1287.535,1293.058,0.28031,15973
2019-04-04T20:00:00+00:00,1554408000,1293.118,1293.508,1291.995,1292.095,0.31586,3347
2019-04-05T00:00:00+00:00,1554422400,1292.095,1292.205,1287.398,1287.825,0.29203,5556
2019-04-05T04:00:00+00:00,1554436800,1287.845,1290.788,1287.045,1290.168,0.32021,15242
2019-04-05T08:00:00+00:00,1554451200,1290.218,1290.678,1287.0,1287.555,0.30879,22171
2019-04-05T12:00:00+00:00,1554465600,1287.558,1293.148,1284.325,1291.888,0.30202,43546
2019-04-05T16:00:00+00:00,1554480000,1291.888,1292.605,1291.118,1291.788,0.30412,14736
2019-04-05T20:00:00+00:00,1554494400,1291.838,1292.228,1291.105,1291.185,0.31583,972
2019-04-07T20:00:00+00:00,1554667200,1291.305,1293.628,1291.205,1291.675,0.33244,2133
2019-04-08T00:00:00+00:00,1554681600,1291.728,1296.688,1291.575,1296.013,0.28376,8130
2019-04-08T04:00:00+00:00,1554696000,1296.018,1297.935,1296.013,1297.105,0.27872,9780
2019-04-08T08:00:00+00:00,1554710400,1297.118,1298.335,1296.455,1298.255,0.27839,13566
2019-04-08T12:00:00+00:00,1554724800,1298.255,1303.648,1296.265,1297.525,0.2729,28818
2019-04-08T16:00:00+00:00,1554739200,1297.568,1298.308,1297.245,1297.895,0.28821,10259
2019-04-08T20:00:00+00:00,1554753600,1297.858,1298.468,1297.3,1297.945,0.30434,2476
2019-04-09T00:00:00+00:00,1554768000,1297.945,1299.988,1296.535,1299.395,0.28595,7636
2019-04-09T04:00:00+00:00,1554782400,1299.415,1300.788,1297.035,1300.238,0.30007,14169
2019-04-09T08:00:00+00:00,1554796800,1300.248,1302.838,1300.155,1301.655,0.28965,21632
2019-04-09T12:00:00+00:00,1554811200,1301.688,1306.138,1301.575,1305.798,0.289,30134
2019-04-09T16:00:00+00:00,1554825600,1305.798,1306.098,1303.288,1304.208,0.29824,14392
2019-04-09T20:00:00+00:00,1554840000,1304.208,1305.078,1303.695,1304.585,0.32048,3023
2019-04-10T00:00:00+00:00,1554854400,1304.585,1304.785,1301.098,1302.588,0.28594,8470
2019-04-10T04:00:00+00:00,1554868800,1302.588,1305.295,1301.948,1303.275,0.27955,11587
2019-04-10T08:00:00+00:00,1554883200,1303.275,1304.875,1302.665,1303.568,0.28135,10381
2019-04-10T12:00:00+00:00,1554897600,1303.608,1309.018,1300.858,1308.238,0.30416,41982
2019-04-10T16:00:00+00:00,1554912000,1308.165,1310.518,1306.898,1307.998,0.30381,24312
2019-04-10T20:00:00+00:00,1554926400,1307.998,1309.108,1307.616,1308.018,0.30761,3348
2019-04-11T00:00:00+00:00,1554940800,1308.018,1308.325,1306.195,1306.548,0.28932,8797
2019-04-11T04:00:00+00:00,1554955200,1306.525,1308.168,1304.605,1305.215,0.29408,15951
2019-04-11T08:00:00+00:00,1554969600,1305.215,1305.215,1300.705,1300.858,0.29062,18697
2019-04-11T12:00:00+00:00,1554984000,1300.855,1300.928,1293.215,1294.895,0.27008,34430
2019-04-11T16:00:00+00:00,1554998400,1294.895,1294.988,1289.548,1291.315,0.29338,22151
2019-04-11T20:00:00+00:00,1555012800,1291.315,1292.858,1291.315,1292.135,0.32077,3326
2019-04-12T00:00:00+00:00,1555027200,1292.135,1293.955,1291.118,1291.945,0.28555,9892
2019-04-12T04:00:00+00:00,1555041600,1291.915,1294.265,1291.328,1292.135,0.27354,10603
2019-04-12T08:00:00+00:00,1555056000,1292.135,1295.708,1292.025,1292.415,0.27021,20642
2019-04-12T12:00:00+00:00,1555070400,1292.425,1295.108,1290.465,1291.305,0.29085,33570
2019-04-12T16:00:00+00:00,1555084800,1291.305,1292.428,1290.0,1290.168,0.30399,13971
2019-04-12T20:00:00+00:00,1555099200,1290.155,1291.548,1290.155,1290.177,0.31572,1274
2019-04-14T20:00:00+00:00,1555272000,1291.075,1291.858,1289.245,1289.705,0.32427,2882
2019-04-15T00:00:00+00:00,1555286400,1289.665,1290.338,1287.1,1289.075,0.2818,12136
2019-04-15T04:00:00+00:00,1555300800,1289.075,1289.448,1286.605,1286.945,0.27583,10309
2019-04-15T08:00:00+00:00,1555315200,1286.925,1287.618,1284.885,1285.705,0.27057,16044
2019-04-15T12:00:00+00:00,1555329600,1285.705,1289.378,1282.448,1288.605,0.28391,31314
2019-04-15T16:00:00+00:00,1555344000,1288.605,1290.058,1287.608,1287.778,0.30026,12057
2019-04-15T20:00:00+00:00,1555358400,1287.778,1288.678,1287.165,1288.325,0.30961,3188
2019-04-16T00:00:00+00:00,1555372800,1288.325,1288.325,1284.688,1285.185,0.28098,10268
2019-04-16T04:00:00+00:00,1555387200,1285.185,1287.348,1283.655,1284.795,0.29358,14149
2019-04-16T08:00:00+00:00,1555401600,1284.795,1285.355,1282.5,1284.548,0.28988,19972
2019-04-16T12:00:00+00:00,1555416000,1284.568,1284.768,1273.255,1275.598,0.28962,42408
2019-04-16T16:00:00+00:00,1555430400,1275.608,1276.938,1272.905,1276.328,0.29634,18633
2019-04-16T20:00:00+00:00,1555444800,1276.355,1277.175,1275.865,1276.565,0.3146,4435
2019-04-17T00:00:00+00:00,1555459200,1276.495,1278.045,1274.775,1276.738,0.28551,12310
2019-04-17T04:00:00+00:00,1555473600,1276.738,1279.688,1276.738,1278.845,0.29511,14733
2019-04-17T08:00:00+00:00,1555488000,1278.815,1279.275,1274.558,1275.625,0.28937,19628
2019-04-17T12:00:00+00:00,1555502400,1275.625,1277.808,1273.145,1274.108,0.29282,33616
2019-04-17T16:00:00+00:00,1555516800,1274.105,1274.588,1272.898,1274.098,0.29979,17475
2019-04-17T20:00:00+00:00,1555531200,1274.098,1274.498,1273.575,1274.155,0.3057,3236
2019-04-18T00:00:00+00:00,1555545600,1274.155,1274.738,1271.538,1272.495,0.29555,10695
2019-04-18T04:00:00+00:00,1555560000,1272.505,1276.115,1271.105,1275.205,0.27783,14734
2019-04-18T08:00:00+00:00,1555574400,1275.195,1277.628,1274.418,1276.268,0.27689,17235
2019-04-18T12:00:00+00:00,1555588800,1276.208,1276.908,1272.618,1273.785,0.30857,36476
2019-04-18T16:00:00+00:00,1555603200,1273.785,1275.048,1272.468,1275.048,0.29533,17080
2019-04-18T20:00:00+00:00,1555617600,1275.048,1275.628,1274.728,1275.475,0.33651,941
2019-04-21T20:00:00+00:00,1555876800,1275.598,1277.125,1274.935,1276.705,0.32462,3402
2019-04-22T00:00:00+00:00,1555891200,1276.728,1279.765,1275.338,1278.295,0.2888,11731
2019-04-22T04:00:00+00:00,1555905600,1278.285,1279.388,1276.365,1278.535,0.28369,7375
2019-04-22T08:00:00+00:00,1555920000,1278.535,1279.765,1277.838,1278.185,0.2781,4692
2019-04-22T12:00:00+00:00,1555934400,1278.185,1279.485,1273.788,1274.228,0.28482,21951
2019-04-22T16:00:00+00:00,1555948800,1274.248,1275.868,1273.725,1274.798,0.30642,13528
2019-04-22T20:00:00+00:00,1555963200,1274.828,1275.408,1274.188,1274.598,0.31298,2124
2019-04-23T00:00:00+00:00,1555977600,1274.598,1276.428,1273.498,1275.135,0.29198,9266
2019-04-23T04:00:00+00:00,1555992000,1275.168,1275.395,1272.035,1273.625,0.27648,11889
2019-04-23T08:00:00+00:00,1556006400,1273.635,1274.375,1271.365,1272.005,0.2734,11761
2019-04-23T12:00:00+00:00,1556020800,1271.995,1273.795,1266.198,1271.498,0.29281,36276
2019-04-23T16:00:00+00:00,1556035200,1271.498,1273.038,1270.245,1271.975,0.28717,9226
2019-04-23T20:00:00+00:00,1556049600,1271.985,1272.448,1271.238,1271.355,0.31556,3470
2019-04-24T00:00:00+00:00,1556064000,1271.365,1272.035,1268.698,1269.585,0.2906,10937
2019-04-24T04:00:00+00:00,1556078400,1269.588,1272.345,1269.168,1272.268,0.28075,13387
2019-04-24T08:00:00+00:00,1556092800,1272.298,1274.078,1271.218,1273.838,0.27565,15604
2019-04-24T12:00:00+00:00,1556107200,1273.878,1278.468,1270.095,1277.215,0.28186,32032
2019-04-24T16:00:00+00:00,1556121600,1277.178,1277.535,1274.858,1275.748,0.30253,22444
2019-04-24T20:00:00+00:00,1556136000,1275.768,1275.858,1273.765,1274.635,0.31935,3251
2019-04-25T00:00:00+00:00,1556150400,1274.628,1276.755,1273.308,1276.308,0.28839,10797
2019-04-25T04:00:00+00:00,1556164800,1276.308,1278.475,1274.728,1277.815,0.28177,13637
2019-04-25T08:00:00+00:00,1556179200,1277.815,1278.008,1275.725,1275.965,0.27657,14765
2019-04-25T12:00:00+00:00,1556193600,1275.955,1282.528,1275.118,1277.975,0.29582,42063
2019-04-25T16:00:00+00:00,1556208000,1277.975,1278.548,1276.245,1277.225,0.28425,13259
2019-04-25T20:00:00+00:00,1556222400,1277.225,1278.728,1276.838,1278.558,0.3191,2613
2019-04-26T00:00:00+00:00,1556236800,1278.558,1281.005,1277.438,1279.595,0.29621,14333
2019-04-26T04:00:00+00:00,1556251200,1279.595,1283.128,1279.435,1281.878,0.29994,13991
2019-04-26T08:00:00+00:00,1556265600,1281.878,1282.59,1279.865,1281.115,0.2896,15674
2019-04-26T12:00:00+00:00,1556280000,1281.115,1288.075,1273.725,1287.468,0.29656,43657
2019-04-26T16:00:00+00:00,1556294400,1287.468,1288.608,1285.358,1285.358,0.29457,18309
2019-04-26T20:00:00+00:00,1556308800,1285.365,1286.145,1285.365,1285.695,0.33463,1362
2019-04-28T20:00:00+00:00,1556481600,1286.275,1286.618,1285.628,1285.795,0.32844,1913
2019-04-29T00:00:00+00:00,1556496000,1285.785,1286.568,1285.0,1285.848,0.29613,7606
2019-04-29T04:00:00+00:00,1556510400,1285.798,1285.918,1281.175,1281.295,0.27998,10441
2019-04-29T08:00:00+00:00,1556524800,1281.318,1283.128,1279.795,1281.225,0.27548,12739
2019-04-29T12:00:00+00:00,1556539200,1281.228,1284.388,1277.988,1278.395,0.29465,31950
2019-04-29T16:00:00+00:00,1556553600,1278.395,1280.528,1278.115,1279.848,0.30017,15321
2019-04-29T20:00:00+00:00,1556568000,1279.848,1280.618,1279.368,1280.325,0.33042,2165
2019-04-30T00:00:00+00:00,1556582400,1280.318,1283.085,1280.318,1282.728,0.29664,9198
2019-04-30T04:00:00+00:00,1556596800,1282.738,1284.098,1281.655,1283.575,0.28277,11551
2019-04-30T08:00:00+00:00,1556611200,1283.548,1286.118,1283.235,1285.795,0.28668,17298
2019-04-30T12:00:00+00:00,1556625600,1285.778,1285.795,1279.835,1283.425,0.29149,43320
2019-04-30T16:00:00+00:00,1556640000,1283.425,1284.248,1282.668,1283.648,0.30863,19258
2019-04-30T20:00:00+00:00,1556654400,1283.628,1283.848,1282.308,1283.105,0.3226,2990
2019-05-01T00:00:00+00:00,1556668800,1283.105,1283.555,1279.325,1280.425,0.30214,6890
2019-05-01T04:00:00+00:00,1556683200,1280.425,1281.088,1277.695,1280.698,0.27917,7960
2019-05-01T08:00:00+00:00,1556697600,1280.688,1282.765,1280.605,1282.548,0.27309,10435
2019-05-01T12:00:00+00:00,1556712000,1282.598,1285.158,1279.695,1282.025,0.29377,28680
2019-05-01T16:00:00+00:00,1556726400,1282.025,1287.188,1273.0,1275.418,0.3219,42803
2019-05-01T20:00:00+00:00,1556740800,1275.488,1277.945,1275.418,1277.018,0.33624,4252
2019-05-02T00:00:00+00:00,1556755200,1277.018,1277.368,1272.655,1274.495,0.28889,9074
2019-05-02T04:00:00+00:00,1556769600,1274.505,1274.648,1271.198,1271.515,0.29278,16467
2019-05-02T08:00:00+00:00,1556784000,1271.485,1272.538,1270.185,1271.768,0.27963,16256
2019-05-02T12:00:00+00:00,1556798400,1271.768,1272.955,1266.195,1271.438,0.28071,43413
2019-05-02T16:00:00+00:00,1556812800,1271.418,1272.088,1270.095,1270.538,0.30102,19994
2019-05-02T20:00:00+00:00,1556827200,1270.538,1271.128,1269.999,1270.678,0.33393,2273
2019-05-03T00:00:00+00:00,1556841600,1270.688,1272.385,1270.5,1272.295,0.29454,6339
2019-05-03T04:00:00+00:00,1556856000,1272.295,1272.728,1269.155,1270.375,0.2789,9894
2019-05-03T08:00:00+00:00,1556870400,1270.365,1271.058,1269.335,1270.875,0.28121,11081
2019-05-03T12:00:00+00:00,1556884800,1270.875,1282.468,1268.268,1279.385,0.29668,54377
2019-05-03T16:00:00+00:00,1556899200,1279.385,1281.148,1277.985,1278.118,0.29981,22573
2019-05-03T20:00:00+00:00,1556913600,1278.118,1279.068,1277.908,1278.775,0.34016,1017
2019-05-05T20:00:00+00:00,1557086400,1280.305,1285.728,1279.775,1284.148,0.35717,11744
2019-05-06T00:00:00+00:00,1557100800,1284.158,1285.118,1281.595,1283.458,0.30067,20444
2019-05-06T04:00:00+00:00,1557115200,1283.458,1283.858,1280.875,1282.065,0.27848,13222
2019-05-06T08:00:00+00:00,1557129600,1282.068,1283.175,1280.295,1280.715,0.27762,15900
2019-05-06T12:00:00+00:00,1557144000,1280.688,1281.258,1276.935,1280.448,0.30267,39466
2019-05-06T16:00:00+00:00,1557158400,1280.445,1282.898,1279.928,1280.008,0.30248,24074
2019-05-06T20:00:00+00:00,1557172800,1279.975,1282.958,1279.968,1282.825,0.31726,3504
2019-05-07T00:00:00+00:00,1557187200,1282.825,1283.218,1281.368,1283.025,0.29134,10252
2019-05-07T04:00:00+00:00,1557201600,1283.025,1283.625,1280.675,1282.038,0.27712,19754
2019-05-07T08:00:00+00:00,1557216000,1282.048,1282.368,1279.885,1280.115,0.27498,18377
2019-05-07T12:00:00+00:00,1557230400,1280.118,1284.628,1278.155,1283.878,0.28865,40972
2019-05-07T16:00:00+00:00,1557244800,1283.878,1286.015,1283.498,1284.288,0.30693,32565
2019-05-07T20:00:00+00:00,1557259200,1284.228,1284.878,1282.987,1284.778,0.33328,2392
2019-05-08T00:00:00+00:00,1557273600,1284.778,1287.208,1284.548,1286.605,0.28737,11227
2019-05-08T04:00:00+00:00,1557288000,1286.625,1287.908,1285.295,1286.228,0.27491,14047
2019-05-08T08:00:00+00:00,1557302400,1286.225,1290.508,1286.015,1288.545,0.27213,21678
2019-05-08T12:00:00+00:00,1557316800,1288.545,1291.415,1280.528,1281.055,0.28203,45615
2019-05-08T16:00:00+00:00,1557331200,1281.045,1281.425,1279.275,1280.785,0.2904,22275
2019-05-08T20:00:00+00:00,1557345600,1280.785,1281.718,1280.105,1281.275,0.3062,3432
2019-05-09T00:00:00+00:00,1557360000,1281.255,1282.738,1279.528,1281.188,0.29577,14383
2019-05-09T04:00:00+00:00,1557374400,1281.178,1284.915,1280.878,1284.785,0.27773,20499
2019-05-09T08:00:00+00:00,1557388800,1284.785,1285.548,1282.068,1282.415,0.2722,20774
2019-05-09T12:00:00+00:00,1557403200,1282.395,1288.138,1280.198,1285.268,0.29645,47328
2019-05-09T16:00:00+00:00,1557417600,1285.258,1286.138,1283.125,1283.758,0.30705,40676
2019-05-09T20:00:00+00:00,1557432000,1283.768,1284.648,1282.825,1283.698,0.31746,5486
2019-05-10T00:00:00+00:00,1557446400,1283.685,1285.368,1283.068,1284.968,0.29194,22567
2019-05-10T04:00:00+00:00,1557460800,1284.958,1286.885,1283.215,1284.725,0.28529,20568
2019-05-10T08:00:00+00:00,1557475200,1284.795,1286.308,1284.258,1285.625,0.28735,20002
2019-05-10T12:00:00+00:00,1557489600,1285.625,1289.338,1284.288,1288.538,0.29961,44909
2019-05-10T16:00:00+00:00,1557504000,1288.538,1288.768,1284.928,1285.878,0.3125,28990
2019-05-10T20:00:00+00:00,1557518400,1285.875,1286.008,1285.475,1285.505,0.34421,864
2019-05-12T20:00:00+00:00,1557691200,1287.485,1287.978,1286.455,1287.125,0.34246,3614
2019-05-13T00:00:00+00:00,1557705600,1287.128,1288.468,1283.435,1283.598,0.28202,10446
2019-05-13T04:00:00+00:00,1557720000,1283.588,1284.965,1281.935,1283.755,0.28415,12024
2019-05-13T08:00:00+00:00,1557734400,1283.755,1284.258,1282.645,1284.165,0.27848,14382
2019-05-13T12:00:00+00:00,1557748800,1284.135,1299.648,1282.945,1297.848,0.27896,58697
2019-05-13T16:00:00+00:00,1557763200,1297.848,1301.165,1297.725,1299.308,0.29727,33526
2019-05-13T20:00:00+00:00,1557777600,1299.285,1301.685,1299.285,1301.685,0.32541,3271
2019-05-14T00:00:00+00:00,1557792000,1301.685,1303.245,1298.058,1299.245,0.28023,14714
2019-05-14T04:00:00+00:00,1557806400,1299.245,1299.968,1296.788,1298.338,0.27335,12507
2019-05-14T08:00:00+00:00,1557820800,1298.338,1298.908,1296.0,1298.895,0.28843,16663
2019-05-14T12:00:00+00:00,1557835200,1298.895,1299.458,1293.665,1294.308,0.28919,39190
2019-05-14T16:00:00+00:00,1557849600,1294.295,1297.058,1294.128,1296.898,0.30355,18344
2019-05-14T20:00:00+00:00,1557864000,1296.898,1297.308,1296.465,1296.998,0.33439,3213
2019-05-15T00:00:00+00:00,1557878400,1296.998,1298.085,1295.228,1295.618,0.30194,11617
2019-05-15T04:00:00+00:00,1557892800,1295.628,1296.848,1292.948,1296.538,0.30639,19431
2019-05-15T08:00:00+00:00,1557907200,1296.528,1299.098,1296.168,1299.018,0.30568,30206
2019-05-15T12:00:00+00:00,1557921600,1299.018,1300.848,1294.628,1296.135,0.30653,55560
2019-05-15T16:00:00+00:00,1557936000,1296.135,1298.008,1295.588,1296.238,0.28269,14577
2019-05-15T20:00:00+00:00,1557950400,1296.238,1297.108,1295.915,1296.448,0.32117,2993
2019-05-16T00:00:00+00:00,1557964800,1296.435,1297.218,1295.075,1296.065,0.28007,9013
2019-05-16T04:00:00+00:00,1557979200,1296.078,1298.688,1295.785,1298.548,0.27639,10514
2019-05-16T08:00:00+00:00,1557993600,1298.578,1298.578,1293.625,1293.738,0.26919,18270
2019-05-16T12:00:00+00:00,1558008000,1293.738,1294.868,1284.035,1284.695,0.26972,38029
2019-05-16T16:00:00+00:00,1558022400,1284.715,1287.068,1284.638,1286.948,0.2861,20173
2019-05-16T20:00:00+00:00,1558036800,1286.948,1286.948,1285.758,1285.758,0.31658,2769
2019-05-17T00:00:00+00:00,1558051200,1285.758,1286.488,1284.755,1286.215,0.2934,11457
2019-05-17T04:00:00+00:00,1558065600,1286.205,1288.868,1285.508,1285.925,0.27923,15629
2019-05-17T08:00:00+00:00,1558080000,1285.928,1287.168,1284.395,1285.765,0.27329,17770
2019-05-17T12:00:00+00:00,1558094400,1285.765,1286.595,1275.215,1276.878,0.26976,39194
2019-05-17T16:00:00+00:00,1558108800,1276.875,1278.268,1274.748,1277.885,0.28639,23821
2019-05-17T20:00:00+00:00,1558123200,1277.885,1278.015,1277.355,1277.485,0.30937,1111
2019-05-19T20:00:00+00:00,1558296000,1277.535,1278.808,1276.915,1277.655,0.33555,3383
2019-05-20T00:00:00+00:00,1558310400,1277.655,1278.645,1275.928,1276.795,0.29152,12136
2019-05-20T04:00:00+00:00,1558324800,1276.795,1277.095,1274.685,1276.185,0.27959,11312
2019-05-20T08:00:00+00:00,1558339200,1276.185,1276.958,1273.608,1276.165,0.27011,17141
2019-05-20T12:00:00+00:00,1558353600,1276.155,1278.948,1275.195,1276.878,0.27206,32558
2019-05-20T16:00:00+00:00,1558368000,1276.875,1278.448,1275.555,1277.858,0.28499,14343
2019-05-20T20:00:00+00:00,1558382400,1277.848,1278.068,1277.027,1277.358,0.32635,2129
2019-05-21T00:00:00+00:00,1558396800,1277.295,1277.328,1275.328,1275.548,0.28599,8747
2019-05-21T04:00:00+00:00,1558411200,1275.548,1276.548,1274.175,1275.705,0.27964,9422
2019-05-21T08:00:00+00:00,1558425600,1275.708,1276.275,1271.695,1272.065,0.27346,15870
2019-05-21T12:00:00+00:00,1558440000,1272.065,1274.875,1269.455,1273.515,0.27309,34027
2019-05-21T16:00:00+00:00,1558454400,1273.535,1274.768,1272.508,1274.628,0.28568,12858
2019-05-21T20:00:00+00:00,1558468800,1274.628,1274.915,1274.108,1274.578,0.31897,2446
2019-05-22T00:00:00+00:00,1558483200,1274.625,1275.268,1273.145,1273.928,0.28737,7659
2019-05-22T04:00:00+00:00,1558497600,1273.918,1274.285,1272.415,1273.135,0.27885,11255
2019-05-22T08:00:00+00:00,1558512000,1273.098,1276.445,1272.688,1275.915,0.27437,12234
2019-05-22T12:00:00+00:00,1558526400,1275.895,1277.268,1273.085,1275.745,0.27018,29163
2019-05-22T16:00:00+00:00,1558540800,1275.748,1276.468,1273.348,1273.685,0.29811,17898
2019-05-22T20:00:00+00:00,1558555200,1273.758,1274.445,1273.218,1274.165,0.33915,3310
2019-05-23T00:00:00+00:00,1558569600,1274.145,1274.565,1272.755,1272.985,0.28473,8510
2019-05-23T04:00:00+00:00,1558584000,1272.958,1275.288,1272.798,1274.478,0.27539,13194
2019-05-23T08:00:00+00:00,1558598400,1274.488,1277.835,1274.068,1277.198,0.26712,19612
2019-05-23T12:00:00+00:00,1558612800,1277.208,1287.218,1276.818,1286.228,0.27558,49662
2019-05-23T16:00:00+00:00,1558627200,1286.198,1286.728,1283.295,1283.615,0.28541,27150
2019-05-23T20:00:00+00:00,1558641600,1283.665,1284.288,1283.095,1284.075,0.30781,3605
2019-05-24T00:00:00+00:00,1558656000,1284.055,1284.458,1282.435,1283.838,0.28533,11357
2019-05-24T04:00:00+00:00,1558670400,1283.838,1285.168,1282.665,1283.195,0.28154,16749
2019-05-24T08:00:00+00:00,1558684800,1283.208,1283.265,1281.0,1282.085,0.27467,16649
2019-05-24T12:00:00+00:00,1558699200,1282.085,1284.548,1280.695,1283.755,0.28819,42425
2019-05-24T16:00:00+00:00,1558713600,1283.788,1284.968,1283.558,1284.728,0.29686,21132
2019-05-24T20:00:00+00:00,1558728000,1284.728,1284.918,1284.475,1284.615,0.33529,651
2019-05-26T20:00:00+00:00,1558900800,1284.655,1285.685,1284.118,1284.655,0.33796,2979
2019-05-27T00:00:00+00:00,1558915200,1284.655,1287.318,1283.705,1286.928,0.30273,11376
2019-05-27T04:00:00+00:00,1558929600,1286.928,1287.248,1285.205,1285.468,0.29843,10775
2019-05-27T08:00:00+00:00,1558944000,1285.455,1286.915,1285.455,1285.535,0.29227,12356
2019-05-27T12:00:00+00:00,1558958400,1285.535,1286.345,1284.855,1284.888,0.29547,13885
2019-05-27T16:00:00+00:00,1558972800,1284.898,1285.295,1284.795,1284.945,0.28905,1290
2019-05-27T20:00:00+00:00,1558987200,1284.925,1285.925,1284.885,1285.685,0.348,2474
2019-05-28T00:00:00+00:00,1559001600,1285.685,1286.548,1282.618,1283.005,0.28465,10085
2019-05-28T04:00:00+00:00,1559016000,1282.995,1284.208,1282.275,1283.335,0.28057,12661
2019-05-28T08:00:00+00:00,1559030400,1283.275,1285.065,1282.468,1282.585,0.30932,24045
2019-05-28T12:00:00+00:00,1559044800,1282.555,1282.808,1276.055,1279.428,0.30028,47523
2019-05-28T16:00:00+00:00,1559059200,1279.438,1279.598,1277.548,1279.598,0.29951,23532
2019-05-28T20:00:00+00:00,1559073600,1279.565,1280.258,1278.345,1279.878,0.31346,2761
2019-05-29T00:00:00+00:00,1559088000,1279.795,1281.948,1279.015,1279.538,0.28275,11758
2019-05-29T04:00:00+00:00,1559102400,1279.528,1285.198,1279.528,1284.898,0.28244,19886
2019-05-29T08:00:00+00:00,1559116800,1284.898,1285.408,1282.385,1283.948,0.28947,24780
2019-05-29T12:00:00+00:00,1559131200,1283.948,1285.465,1279.675,1283.158,0.29292,48321
2019-05-29T16:00:00+00:00,1559145600,1283.148,1283.548,1279.135,1280.328,0.31716,34560
2019-05-29T20:00:00+00:00,1559160000,1280.328,1280.368,1279.445,1279.805,0.31631,3448
2019-05-30T00:00:00+00:00,1559174400,1279.805,1280.268,1277.195,1277.865,0.28194,10788
2019-05-30T04:00:00+00:00,1559188800,1277.875,1278.355,1274.948,1276.265,0.27533,14676
2019-05-30T08:00:00+00:00,1559203200,1276.355,1277.748,1275.765,1277.725,0.2703,13412
2019-05-30T12:00:00+00:00,1559217600,1277.715,1289.158,1277.515,1287.268,0.27644,38682
2019-05-30T16:00:00+00:00,1559232000,1287.218,1288.878,1285.728,1288.878,0.29533,22760
2019-05-30T20:00:00+00:00,1559246400,1288.798,1290.628,1287.878,1290.448,0.29309,4354
2019-05-31T00:00:00+00:00,1559260800,1290.448,1293.048,1290.328,1291.468,0.2774,15586
2019-05-31T04:00:00+00:00,1559275200,1291.488,1295.655,1291.175,1295.055,0.27197,19488
2019-05-31T08:00:00+00:00,1559289600,1295.048,1299.205,1293.865,1297.475,0.27318,23688
2019-05-31T12:00:00+00:00,1559304000,1297.465,1304.418,1295.395,1301.698,0.28069,48275
2019-05-31T16:00:00+00:00,1559318400,1301.698,1306.878,1301.495,1306.268,0.29722,40431
2019-05-31T20:00:00+00:00,1559332800,1306.268,1306.268,1304.908,1305.295,0.34601,1510
2019-06-02T20:00:00+00:00,1559505600,1306.918,1309.388,1305.835,1309.365,0.33457,6026
2019-06-03T00:00:00+00:00,1559520000,1309.365,1312.755,1308.428,1311.875,0.27654,15784
2019-06-03T04:00:00+00:00,1559534400,1311.875,1315.265,1309.155,1315.055,0.2752,18615
2019-06-03T08:00:00+00:00,1559548800,1315.065,1318.185,1313.308,1316.995,0.27904,16086
2019-06-03T12:00:00+00:00,1559563200,1317.015,1320.198,1312.665,1319.208,0.26652,47248
2019-06-03T16:00:00+00:00,1559577600,1319.218,1327.898,1319.198,1325.348,0.28776,47491
2019-06-03T20:00:00+00:00,1559592000,1325.368,1326.158,1323.305,1325.108,0.31771,5407
2019-06-04T00:00:00+00:00,1559606400,1325.075,1327.248,1321.555,1322.495,0.27994,13149
2019-06-04T04:00:00+00:00,1559620800,1322.495,1328.728,1322.068,1328.358,0.27212,19624
2019-06-04T08:00:00+00:00,1559635200,1328.358,1329.005,1322.948,1323.325,0.26946,25083
2019-06-04T12:00:00+00:00,1559649600,1323.315,1328.808,1319.905,1322.508,0.28786,56521
2019-06-04T16:00:00+00:00,1559664000,1322.508,1328.228,1322.305,1326.428,0.28455,29215
2019-06-04T20:00:00+00:00,1559678400,1326.438,1326.598,1324.448,1325.285,0.30931,4469
2019-06-05T00:00:00+00:00,1559692800,1325.295,1327.485,1325.265,1326.565,0.2825,12266
2019-06-05T04:00:00+00:00,1559707200,1326.568,1335.418,1325.515,1333.348,0.28547,24226
2019-06-05T08:00:00+00:00,1559721600,1333.348,1340.018,1331.7,1334.865,0.28327,36314
2019-06-05T12:00:00+00:00,1559736000,1334.905,1344.048,1326.918,1328.748,0.29586,76236
2019-06-05T16:00:00+00:00,1559750400,1328.788,1330.668,1327.475,1329.178,0.29049,30232
2019-06-05T20:00:00+00:00,1559764800,1329.285,1333.695,1329.285,1330.845,0.32841,5452
2019-06-06T00:00:00+00:00,1559779200,1330.845,1331.475,1327.158,1331.265,0.28626,14826
2019-06-06T04:00:00+00:00,1559793600,1331.265,1335.565,1330.258,1334.755,0.27362,17778
2019-06-06T08:00:00+00:00,1559808000,1334.755,1337.275,1334.475,1336.565,0.27461,23889
2019-06-06T12:00:00+00:00,1559822400,1336.575,1339.245,1332.955,1338.388,0.28606,57991
2019-06-06T16:00:00+00:00,1559836800,1338.388,1339.748,1332.915,1333.745,0.30126,36990
2019-06-06T20:00:00+00:00,1559851200,1333.725,1335.848,1332.745,1333.388,0.31901,4956
2019-06-07T00:00:00+00:00,1559865600,1333.388,1334.235,1332.088,1333.065,0.29661,13835
2019-06-07T04:00:00+00:00,1559880000,1333.065,1335.495,1330.205,1335.348,0.27558,15274
2019-06-07T08:00:00+00:00,1559894400,1335.348,1336.068,1332.745,1335.525,0.26991,18889
2019-06-07T12:00:00+00:00,1559908800,1335.525,1348.198,1335.248,1340.055,0.28149,66344
2019-06-07T16:00:00+00:00,1559923200,1340.055,1343.935,1338.798,1341.268,0.29152,31673
2019-06-07T20:00:00+00:00,1559937600,1341.248,1341.268,1340.048,1340.388,0.33694,1059
2019-06-09T20:00:00+00:00,1560110400,1336.848,1336.848,1333.265,1334.985,0.31362,6350
2019-06-10T00:00:00+00:00,1560124800,1334.985,1337.658,1328.775,1329.485,0.281,18415
2019-06-10T04:00:00+00:00,1560139200,1329.475,1329.765,1325.675,1326.0,0.27381,16852
2019-06-10T08:00:00+00:00,1560153600,1326.0,1329.105,1325.028,1325.075,0.26787,20711
2019-06-10T12:00:00+00:00,1560168000,1325.095,1330.058,1325.065,1328.035,0.2751,38169
2019-06-10T16:00:00+00:00,1560182400,1328.055,1329.695,1325.215,1328.025,0.29483,27757
2019-06-10T20:00:00+00:00,1560196800,1328.058,1329.438,1327.408,1329.218,0.31403,2909
2019-06-11T00:00:00+00:00,1560211200,1329.228,1329.808,1327.568,1328.628,0.28515,13471
2019-06-11T04:00:00+00:00,1560225600,1328.628,1329.185,1321.968,1322.848,0.27507,17130
2019-06-11T08:00:00+00:00,1560240000,1322.828,1323.565,1319.815,1320.405,0.28362,22354
2019-06-11T12:00:00+00:00,1560254400,1320.415,1326.818,1319.845,1325.715,0.27358,40886
2019-06-11T16:00:00+00:00,1560268800,1325.715,1328.765,1325.705,1326.728,0.27588,23677
2019-06-11T20:00:00+00:00,1560283200,1326.728,1327.728,1326.208,1327.695,0.30994,3052
2019-06-12T00:00:00+00:00,1560297600,1327.695,1333.715,1325.938,1332.358,0.28183,14664
2019-06-12T04:00:00+00:00,1560312000,1332.378,1337.828,1331.795,1337.315,0.27531,18744
2019-06-12T08:00:00+00:00,1560326400,1337.315,1338.348,1334.245,1334.968,0.27505,25187
2019-06-12T12:00:00+00:00,1560340800,1334.938,1336.098,1329.785,1335.338,0.28137,42689
2019-06-12T16:00:00+00:00,1560355200,1335.338,1336.998,1331.708,1332.908,0.28079,23041
2019-06-12T20:00:00+00:00,1560369600,1332.898,1334.095,1332.635,1333.518,0.31473,3053
2019-06-13T00:00:00+00:00,1560384000,1333.518,1337.655,1332.325,1334.188,0.27749,16046
2019-06-13T04:00:00+00:00,1560398400,1334.188,1338.235,1334.025,1336.878,0.27617,22075
2019-06-13T08:00:00+00:00,1560412800,1336.878,1338.985,1334.865,1337.118,0.27431,17796
2019-06-13T12:00:00+00:00,1560427200,1337.128,1340.428,1333.628,1339.035,0.28297,36479
2019-06-13T16:00:00+00:00,1560441600,1339.025,1343.058,1338.678,1341.198,0.27087,25018
2019-06-13T20:00:00+00:00,1560456000,1341.168,1344.518,1341.028,1344.418,0.31482,5085
2019-06-14T00:00:00+00:00,1560470400,1344.418,1347.808,1341.808,1345.478,0.28031,15970
2019-06-14T04:00:00+00:00,1560484800,1345.418,1358.088,1344.335,1354.728,0.2988,29189
2019-06-14T08:00:00+00:00,1560499200,1354.728,1355.728,1351.988,1354.448,0.29767,31183
2019-06-14T12:00:00+00:00,1560513600,1354.448,1355.565,1346.0,1349.638,0.27836,60163
2019-06-14T16:00:00+00:00,1560528000,1349.638,1350.028,1337.738,1340.965,0.28639,32413
2019-06-14T20:00:00+00:00,1560542400,1340.955,1341.638,1340.755,1340.888,0.34403,1207
2019-06-16T20:00:00+00:00,1560715200,1341.785,1342.348,1338.498,1338.508,0.30349,3125
2019-06-17T00:00:00+00:00,1560729600,1338.508,1343.505,1336.095,1342.175,0.29827,16601
2019-06-17T04:00:00+00:00,1560744000,1342.188,1342.248,1334.205,1335.045,0.28475,17450
2019-06-17T08:00:00+00:00,1560758400,1335.048,1336.938,1332.915,1335.778,0.27938,25903
2019-06-17T12:00:00+00:00,1560772800,1335.788,1343.228,1335.728,1340.795,0.27493,41219
2019-06-17T16:00:00+00:00,1560787200,1340.835,1341.648,1338.008,1339.958,0.28601,17482
2019-06-17T20:00:00+00:00,1560801600,1339.958,1340.215,1338.908,1339.635,0.32379,2956
2019-06-18T00:00:00+00:00,1560816000,1339.625,1342.008,1338.545,1340.875,0.2802,11386
2019-06-18T04:00:00+00:00,1560830400,1340.875,1347.968,1340.745,1344.508,0.27709,19595
2019-06-18T08:00:00+00:00,1560844800,1344.508,1350.965,1343.698,1350.685,0.28886,41988
2019-06-18T12:00:00+00:00,1560859200,1350.735,1354.605,1339.258,1346.048,0.28496,71164
2019-06-18T16:00:00+00:00,1560873600,1346.058,1348.648,1345.175,1346.048,0.29603,29401
2019-06-18T20:00:00+00:00,1560888000,1345.975,1346.678,1344.538,1345.395,0.3264,3753
2019-06-19T00:00:00+00:00,1560902400,1345.388,1346.845,1342.125,1344.248,0.29985,18254
2019-06-19T04:00:00+00:00,1560916800,1344.248,1347.468,1342.805,1343.595,0.29296,23162
2019-06-19T08:00:00+00:00,1560931200,1343.595,1343.895,1341.195,1342.055,0.29204,21746
2019-06-19T12:00:00+00:00,1560945600,1342.025,1345.975,1342.015,1344.895,0.28591,40217
2019-06-19T16:00:00+00:00,1560960000,1344.905,1356.06,1344.218,1355.158,0.31572,61989
2019-06-19T20:00:00+00:00,1560974400,1355.095,1362.528,1354.148,1357.878,0.34261,12013
2019-06-20T00:00:00+00:00,1560988800,1357.878,1393.928,1357.878,1380.688,0.30689,42601
2019-06-20T04:00:00+00:00,1561003200,1380.658,1386.718,1378.118,1381.808,0.29973,43913
2019-06-20T08:00:00+00:00,1561017600,1381.808,1383.288,1377.798,1381.135,0.2915,45244
2019-06-20T12:00:00+00:00,1561032000,1381.138,1386.568,1379.508,1385.298,0.28672,71205
2019-06-20T16:00:00+00:00,1561046400,1385.368,1393.248,1384.858,1389.398,0.30334,51962
2019-06-20T20:00:00+00:00,1561060800,1389.305,1391.088,1386.555,1390.748,0.34976,7687
2019-06-21T00:00:00+00:00,1561075200,1390.748,1411.805,1390.438,1404.885,0.31807,40484
2019-06-21T04:00:00+00:00,1561089600,1404.865,1406.365,1382.5,1384.358,0.29857,48517
2019-06-21T08:00:00+00:00,1561104000,1384.358,1400.215,1383.258,1395.065,0.28813,49399
2019-06-21T12:00:00+00:00,1561118400,1395.068,1399.928,1389.138,1398.328,0.28719,72637
2019-06-21T16:00:00+00:00,1561132800,1398.298,1400.568,1393.298,1398.858,0.29703,40856
2019-06-21T20:00:00+00:00,1561147200,1398.928,1399.548,1398.425,1399.158,0.3625,1783
2019-06-23T20:00:00+00:00,1561320000,1400.075,1410.128,1399.648,1406.808,0.40731,10983
2019-06-24T00:00:00+00:00,1561334400,1406.868,1411.155,1402.658,1403.075,0.29974,29447
2019-06-24T04:00:00+00:00,1561348800,1403.125,1406.405,1400.728,1402.388,0.30207,31295
2019-06-24T08:00:00+00:00,1561363200,1402.388,1410.628,1401.965,1409.008,0.28627,32877
2019-06-24T12:00:00+00:00,1561377600,1409.018,1417.248,1404.408,1413.748,0.28271,54272
2019-06-24T16:00:00+00:00,1561392000,1413.695,1420.255,1412.848,1418.998,0.27742,25253
2019-06-24T20:00:00+00:00,1561406400,1418.905,1426.027,1418.048,1425.195,0.34138,11808
2019-06-25T00:00:00+00:00,1561420800,1425.215,1436.415,1422.885,1436.138,0.30392,41202
2019-06-25T04:00:00+00:00,1561435200,1436.125,1439.138,1420.278,1431.978,0.31569,50002
2019-06-25T08:00:00+00:00,1561449600,1431.988,1435.515,1427.078,1427.345,0.29109,39102
2019-06-25T12:00:00+00:00,1561464000,1427.348,1436.198,1423.985,1429.628,0.28807,61774
2019-06-25T16:00:00+00:00,1561478400,1429.638,1431.908,1411.808,1422.148,0.30884,60080
2019-06-25T20:00:00+00:00,1561492800,1422.155,1424.385,1415.198,1418.348,0.35945,14358
2019-06-26T00:00:00+00:00,1561507200,1418.348,1420.488,1403.308,1405.025,0.30967,37335
2019-06-26T04:00:00+00:00,1561521600,1405.115,1409.935,1403.795,1409.298,0.29304,36924
2019-06-26T08:00:00+00:00,1561536000,1409.275,1413.185,1401.865,1403.435,0.27214,47819
2019-06-26T12:00:00+00:00,1561550400,1403.405,1415.198,1403.405,1413.998,0.28433,62282
2019-06-26T16:00:00+00:00,1561564800,1413.908,1415.005,1407.958,1409.195,0.28858,30789
2019-06-26T20:00:00+00:00,1561579200,1409.195,1411.438,1407.045,1410.648,0.34709,6716
2019-06-27T00:00:00+00:00,1561593600,1410.648,1412.048,1405.308,1407.448,0.33443,28666
2019-06-27T04:00:00+00:00,1561608000,1407.428,1408.408,1401.168,1402.288,0.29647,32057
2019-06-27T08:00:00+00:00,1561622400,1402.278,1406.298,1401.405,1405.155,0.29183,36274
2019-06-27T12:00:00+00:00,1561636800,1405.188,1408.335,1398.548,1405.798,0.29762,51017
2019-06-27T16:00:00+00:00,1561651200,1405.798,1409.428,1404.815,1408.078,0.30992,23599
2019-06-27T20:00:00+00:00,1561665600,1408.095,1411.998,1407.188,1411.045,0.33465,6908
2019-06-28T00:00:00+00:00,1561680000,1410.975,1424.568,1410.635,1419.698,0.30864,29519
2019-06-28T04:00:00+00:00,1561694400,1419.698,1421.548,1408.758,1414.665,0.30463,33575
2019-06-28T08:00:00+00:00,1561708800,1414.665,1415.955,1412.288,1413.435,0.2972,25067
2019-06-28T12:00:00+00:00,1561723200,1413.435,1414.948,1405.618,1411.428,0.29323,55442
2019-06-28T16:00:00+00:00,1561737600,1411.428,1413.008,1408.215,1411.158,0.29461,23878
2019-06-28T20:00:00+00:00,1561752000,1411.158,1411.248,1409.015,1409.485,0.34424,1228
2019-06-30T20:00:00+00:00,1561924800,1397.165,1397.698,1384.0,1391.988,0.40719,16329
2019-07-01T00:00:00+00:00,1561939200,1391.965,1397.048,1390.185,1391.845,0.31227,27291
2019-07-01T04:00:00+00:00,1561953600,1391.928,1392.775,1381.715,1387.608,0.30319,39786
2019-07-01T08:00:00+00:00,1561968000,1387.598,1393.225,1386.318,1391.925,0.2926,34156
2019-07-01T12:00:00+00:00,1561982400,1391.898,1396.278,1387.588,1389.225,0.28792,56383
2019-07-01T16:00:00+00:00,1561996800,1389.215,1391.758,1383.645,1384.235,0.29033,29076
2019-07-01T20:00:00+00:00,1562011200,1384.255,1388.528,1383.0,1385.445,0.3464,10632
2019-07-02T00:00:00+00:00,1562025600,1385.438,1391.408,1383.785,1388.458,0.32563,22357
2019-07-02T04:00:00+00:00,1562040000,1388.458,1393.828,1388.438,1392.488,0.30511,26333
2019-07-02T08:00:00+00:00,1562054400,1392.488,1394.378,1391.118,1392.645,0.29052,28089
2019-07-02T12:00:00+00:00,1562068800,1392.645,1404.398,1389.768,1403.528,0.28422,56548
2019-07-02T16:00:00+00:00,1562083200,1403.568,1416.195,1403.068,1413.248,0.29739,42235
2019-07-02T20:00:00+00:00,1562097600,1413.248,1435.998,1412.865,1431.225,0.40399,22737
2019-07-03T00:00:00+00:00,1562112000,1431.245,1437.688,1421.278,1424.038,0.34249,47081
2019-07-03T04:00:00+00:00,1562126400,1424.038,1428.668,1422.288,1424.588,0.31405,33825
2019-07-03T08:00:00+00:00,1562140800,1424.598,1426.308,1417.598,1419.245,0.30175,30167
2019-07-03T12:00:00+00:00,1562155200,1419.245,1422.378,1411.975,1417.835,0.30979,71354
2019-07-03T16:00:00+00:00,1562169600,1417.855,1419.175,1415.138,1417.798,0.30628,15793
2019-07-03T20:00:00+00:00,1562184000,1417.825,1420.585,1414.948,1418.358,0.35839,7436
2019-07-04T00:00:00+00:00,1562198400,1418.355,1421.595,1416.288,1419.038,0.31607,17702
2019-07-04T04:00:00+00:00,1562212800,1419.058,1419.598,1410.128,1411.045,0.33126,22793
2019-07-04T08:00:00+00:00,1562227200,1411.058,1416.128,1410.955,1414.498,0.30151,20395
2019-07-04T12:00:00+00:00,1562241600,1414.488,1417.388,1412.685,1415.558,0.30388,19950
2019-07-04T16:00:00+00:00,1562256000,1415.548,1416.175,1414.865,1414.865,0.33597,1823
2019-07-04T20:00:00+00:00,1562270400,1414.835,1424.128,1414.735,1420.858,0.3672,9347
2019-07-05T00:00:00+00:00,1562284800,1420.848,1421.268,1414.435,1418.148,0.34124,21399
2019-07-05T04:00:00+00:00,1562299200,1418.108,1418.358,1412.138,1413.565,0.31347,25203
2019-07-05T08:00:00+00:00,1562313600,1413.565,1416.168,1409.839,1411.495,0.2977,24175
2019-07-05T12:00:00+00:00,1562328000,1411.495,1414.518,1386.518,1396.725,0.31218,85016
2019-07-05T16:00:00+00:00,1562342400,1396.738,1402.458,1395.275,1400.778,0.30906,34818
2019-07-05T20:00:00+00:00,1562356800,1400.758,1400.848,1398.098,1398.525,0.3669,1606
2019-07-07T20:00:00+00:00,1562529600,1398.975,1401.465,1392.638,1395.615,0.37785,10423
2019-07-08T00:00:00+00:00,1562544000,1395.615,1400.145,1395.185,1398.605,0.30653,18127
2019-07-08T04:00:00+00:00,1562558400,1398.648,1407.508,1398.265,1406.358,0.30131,24659
2019-07-08T08:00:00+00:00,1562572800,1406.335,1406.695,1403.628,1405.588,0.30405,17989
2019-07-08T12:00:00+00:00,1562587200,1405.598,1407.035,1394.328,1394.688,0.29704,45281
2019-07-08T16:00:00+00:00,1562601600,1394.735,1398.808,1391.645,1391.745,0.28605,19817
2019-07-08T20:00:00+00:00,1562616000,1391.755,1395.975,1391.755,1394.235,0.3398,7947
2019-07-09T00:00:00+00:00,1562630400,1394.238,1395.875,1390.668,1394.285,0.28897,15546
2019-07-09T04:00:00+00:00,1562644800,1394.285,1396.405,1392.175,1392.588,0.28795,18382
2019-07-09T08:00:00+00:00,1562659200,1392.578,1393.245,1385.658,1391.635,0.28853,30493
2019-07-09T12:00:00+00:00,1562673600,1391.628,1400.025,1390.235,1397.658,0.28436,42403
2019-07-09T16:00:00+00:00,1562688000,1397.648,1399.965,1395.475,1396.585,0.30174,21958
2019-07-09T20:00:00+00:00,1562702400,1396.575,1397.945,1394.628,1395.205,0.35702,7114
2019-07-10T00:00:00+00:00,1562716800,1395.235,1395.395,1391.128,1392.855,0.3084,15196
2019-07-10T04:00:00+00:00,1562731200,1392.855,1394.248,1389.838,1391.875,0.30725,21397
2019-07-10T08:00:00+00:00,1562745600,1391.875,1396.968,1391.585,1395.188,0.2948,23927
2019-07-10T12:00:00+00:00,1562760000,1395.155,1411.398,1391.345,1410.065,0.30359,71239
2019-07-10T16:00:00+00:00,1562774400,1410.048,1418.598,1408.958,1418.048,0.29608,33537
2019-07-10T20:00:00+00:00,1562788800,1418.048,1422.435,1416.825,1421.945,0.34352,10349
2019-07-11T00:00:00+00:00,1562803200,1421.945,1427.078,1420.268,1423.968,0.30686,26367
2019-07-11T04:00:00+00:00,1562817600,1423.968,1424.915,1419.305,1422.185,0.31105,23995
2019-07-11T08:00:00+00:00,1562832000,1422.175,1423.858,1417.778,1420.138,0.30125,26574
2019-07-11T12:00:00+00:00,1562846400,1420.145,1420.748,1408.495,1411.945,0.29808,62499
2019-07-11T16:00:00+00:00,1562860800,1411.955,1412.735,1403.495,1406.748,0.31477,37130
2019-07-11T20:00:00+00:00,1562875200,1406.715,1407.178,1400.738,1403.898,0.37226,7744
2019-07-12T00:00:00+00:00,1562889600,1403.968,1409.945,1403.568,1407.745,0.30968,23832
2019-07-12T04:00:00+00:00,1562904000,1407.768,1412.318,1404.928,1409.985,0.30199,24182
2019-07-12T08:00:00+00:00,1562918400,1409.988,1411.435,1404.128,1407.535,0.30396,28433
2019-07-12T12:00:00+00:00,1562932800,1407.538,1410.198,1403.048,1408.108,0.30075,49721
2019-07-12T16:00:00+00:00,1562947200,1408.048,1416.818,1407.948,1414.825,0.30248,27735
2019-07-12T20:00:00+00:00,1562961600,1414.845,1416.118,1413.985,1415.145,0.37159,1965
2019-07-14T20:00:00+00:00,1563134400,1415.408,1419.698,1412.758,1416.158,0.36917,8983
2019-07-15T00:00:00+00:00,1563148800,1416.208,1417.295,1409.328,1411.895,0.32913,20877
2019-07-15T04:00:00+00:00,1563163200,1411.888,1415.028,1410.028,1414.705,0.29545,16848
2019-07-15T08:00:00+00:00,1563177600,1414.708,1417.098,1413.618,1413.955,0.27962,14833
2019-07-15T12:00:00+00:00,1563192000,1414.035,1415.355,1407.655,1412.188,0.28237,40881
2019-07-15T16:00:00+00:00,1563206400,1412.135,1415.178,1410.528,1415.028,0.27967,18022
2019-07-15T20:00:00+00:00,1563220800,1415.038,1418.158,1412.767,1415.398,0.34665,8795
2019-07-16T00:00:00+00:00,1563235200,1415.395,1416.125,1410.965,1413.158,0.32005,14010
2019-07-16T04:00:00+00:00,1563249600,1413.158,1415.585,1412.058,1413.708,0.29056,13418
2019-07-16T08:00:00+00:00,1563264000,1413.688,1416.235,1412.585,1414.035,0.27965,18008
2019-07-16T12:00:00+00:00,1563278400,1414.038,1415.068,1404.135,1404.365,0.29935,54854
2019-07-16T16:00:00+00:00,1563292800,1404.375,1413.128,1400.758,1403.305,0.30663,38933
2019-07-16T20:00:00+00:00,1563307200,1403.315,1407.215,1403.188,1405.138,0.34405,5732
2019-07-17T00:00:00+00:00,1563321600,1405.128,1406.838,1403.328,1404.748,0.31302,14571
2019-07-17T04:00:00+00:00,1563336000,1404.768,1406.288,1403.405,1403.975,0.29914,17335
2019-07-17T08:00:00+00:00,1563350400,1403.965,1404.798,1400.018,1404.628,0.28944,21190
2019-07-17T12:00:00+00:00,1563364800,1404.605,1424.168,1404.028,1423.598,0.2911,56157
2019-07-17T16:00:00+00:00,1563379200,1423.598,1426.348,1420.748,1426.318,0.29062,29434
2019-07-17T20:00:00+00:00,1563393600,1426.318,1430.085,1424.075,1424.578,0.37089,10786
2019-07-18T00:00:00+00:00,1563408000,1424.615,1428.158,1421.558,1422.628,0.32613,31045
2019-07-18T04:00:00+00:00,1563422400,1422.625,1423.818,1418.788,1420.045,0.29293,26534
2019-07-18T08:00:00+00:00,1563436800,1420.038,1423.148,1417.858,1421.418,0.27771,23142
2019-07-18T12:00:00+00:00,1563451200,1421.475,1428.828,1414.578,1428.658,0.29514,59703
2019-07-18T16:00:00+00:00,1563465600,1428.678,1448.015,1425.605,1445.788,0.29826,53373
2019-07-18T20:00:00+00:00,1563480000,1445.848,1452.888,1438.545,1442.865,0.36412,21798
2019-07-19T00:00:00+00:00,1563494400,1442.865,1445.228,1439.418,1442.965,0.30789,29390
2019-07-19T04:00:00+00:00,1563508800,1442.925,1443.755,1436.455,1439.388,0.28981,25495
2019-07-19T08:00:00+00:00,1563523200,1439.378,1440.755,1435.055,1437.478,0.27761,26504
2019-07-19T12:00:00+00:00,1563537600,1437.418,1441.758,1423.068,1423.895,0.29874,72288
2019-07-19T16:00:00+00:00,1563552000,1423.845,1428.958,1420.098,1425.418,0.3191,51581
2019-07-19T20:00:00+00:00,1563566400,1425.425,1426.195,1424.245,1425.168,0.3713,2420
2019-07-21T20:00:00+00:00,1563739200,1427.598,1428.445,1423.515,1424.985,0.37139,6265
2019-07-22T00:00:00+00:00,1563753600,1424.915,1428.725,1422.148,1426.975,0.3012,25386
2019-07-22T04:00:00+00:00,1563768000,1426.975,1429.955,1424.125,1427.635,0.28626,21535
2019-07-22T08:00:00+00:00,1563782400,1427.625,1428.005,1424.488,1425.195,0.28257,17038
2019-07-22T12:00:00+00:00,1563796800,1425.265,1429.048,1424.198,1426.465,0.30029,46985
2019-07-22T16:00:00+00:00,1563811200,1426.465,1428.798,1423.668,1425.075,0.29851,21471
2019-07-22T20:00:00+00:00,1563825600,1424.995,1425.565,1423.425,1423.625,0.35387,5301
2019-07-23T00:00:00+00:00,1563840000,1423.645,1424.278,1415.858,1417.685,0.30806,23178
2019-07-23T04:00:00+00:00,1563854400,1417.665,1420.075,1414.138,1419.845,0.29264,20033
2019-07-23T08:00:00+00:00,1563868800,1419.865,1424.808,1416.985,1422.365,0.28785,19499
2019-07-23T12:00:00+00:00,1563883200,1422.358,1430.085,1419.795,1422.808,0.29899,57079
2019-07-23T16:00:00+00:00,1563897600,1422.868,1423.435,1416.025,1417.125,0.29822,30421
2019-07-23T20:00:00+00:00,1563912000,1417.115,1418.365,1416.008,1416.975,0.35875,6315
2019-07-24T00:00:00+00:00,1563926400,1416.995,1422.348,1416.458,1420.535,0.30047,14513
2019-07-24T04:00:00+00:00,1563940800,1420.588,1424.528,1418.268,1423.635,0.28113,20208
2019-07-24T08:00:00+00:00,1563955200,1423.635,1427.658,1423.085,1425.888,0.27353,17919
2019-07-24T12:00:00+00:00,1563969600,1425.888,1429.445,1421.385,1422.245,0.27871,40163
2019-07-24T16:00:00+00:00,1563984000,1422.255,1424.458,1420.428,1424.348,0.28895,19430
2019-07-24T20:00:00+00:00,1563998400,1424.348,1426.518,1424.185,1425.215,0.36813,4551
2019-07-25T00:00:00+00:00,1564012800,1425.225,1425.685,1421.638,1422.208,0.30181,11184
2019-07-25T04:00:00+00:00,1564027200,1422.205,1426.195,1421.698,1425.515,0.27793,9924
2019-07-25T08:00:00+00:00,1564041600,1425.535,1433.698,1425.005,1431.478,0.30328,16848
2019-07-25T12:00:00+00:00,1564056000,1431.478,1433.445,1415.3,1417.965,0.31124,67799
2019-07-25T16:00:00+00:00,1564070400,1417.935,1418.595,1410.968,1414.028,0.31341,33821
2019-07-25T20:00:00+00:00,1564084800,1414.038,1416.315,1413.495,1414.985,0.36454,3977
2019-07-26T00:00:00+00:00,1564099200,1414.985,1417.765,1413.675,1416.348,0.30405,11024
2019-07-26T04:00:00+00:00,1564113600,1416.348,1419.848,1413.858,1419.408,0.28365,14563
2019-07-26T08:00:00+00:00,1564128000,1419.408,1420.755,1417.268,1420.215,0.27656,11388
2019-07-26T12:00:00+00:00,1564142400,1420.215,1424.768,1413.228,1418.688,0.31252,50815
2019-07-26T16:00:00+00:00,1564156800,1418.718,1420.028,1416.448,1416.598,0.31624,18929
2019-07-26T20:00:00+00:00,1564171200,1416.648,1418.768,1416.168,1417.948,0.37742,1440
2019-07-28T20:00:00+00:00,1564344000,1418.775,1420.808,1418.115,1420.065,0.3902,2794
2019-07-29T00:00:00+00:00,1564358400,1420.068,1424.198,1418.848,1420.528,0.31022,15330
2019-07-29T04:00:00+00:00,1564372800,1420.538,1420.728,1417.398,1418.328,0.30307,16668
2019-07-29T08:00:00+00:00,1564387200,1418.338,1420.788,1417.675,1420.465,0.29704,18034
2019-07-29T12:00:00+00:00,1564401600,1420.458,1422.218,1414.718,1420.778,0.29465,36410
2019-07-29T16:00:00+00:00,1564416000,1420.778,1428.078,1419.728,1425.788,0.29947,18507
2019-07-29T20:00:00+00:00,1564430400,1425.788,1427.478,1424.048,1424.448,0.34769,5064
2019-07-30T00:00:00+00:00,1564444800,1424.448,1425.855,1422.258,1424.888,0.30692,10940
2019-07-30T04:00:00+00:00,1564459200,1424.895,1426.118,1422.688,1425.675,0.2861,12308
2019-07-30T08:00:00+00:00,1564473600,1425.678,1429.828,1424.915,1429.128,0.27724,17822
2019-07-30T12:00:00+00:00,1564488000,1429.128,1430.925,1424.818,1427.778,0.30285,48093
2019-07-30T16:00:00+00:00,1564502400,1427.778,1433.165,1427.538,1430.985,0.2959,22401
2019-07-30T20:00:00+00:00,1564516800,1430.978,1431.868,1430.358,1430.735,0.33142,2929
2019-07-31T00:00:00+00:00,1564531200,1430.758,1431.875,1427.605,1428.098,0.30722,12274
2019-07-31T04:00:00+00:00,1564545600,1428.098,1432.795,1427.788,1430.528,0.2985,16738
2019-07-31T08:00:00+00:00,1564560000,1430.538,1432.058,1429.948,1430.965,0.28864,13821
2019-07-31T12:00:00+00:00,1564574400,1430.958,1434.258,1426.565,1428.028,0.28639,39222
2019-07-31T16:00:00+00:00,1564588800,1427.975,1430.875,1410.385,1412.305,0.33583,69172
2019-07-31T20:00:00+00:00,1564603200,1412.368,1416.465,1408.895,1412.125,0.36578,10285
2019-08-01T00:00:00+00:00,1564617600,1412.125,1412.125,1404.198,1410.075,0.31116,30439
2019-08-01T04:00:00+00:00,1564632000,1410.128,1410.628,1404.145,1404.398,0.29106,21509
2019-08-01T08:00:00+00:00,1564646400,1404.395,1408.185,1402.755,1403.705,0.28627,24496
2019-08-01T12:00:00+00:00,1564660800,1403.775,1417.778,1400.418,1415.188,0.29399,65206
2019-08-01T16:00:00+00:00,1564675200,1415.115,1445.948,1413.885,1445.708,0.31887,61693
2019-08-01T20:00:00+00:00,1564689600,1445.725,1449.025,1435.378,1438.098,0.382,16712
2019-08-02T00:00:00+00:00,1564704000,1438.088,1442.228,1430.225,1430.915,0.3382,39743
2019-08-02T04:00:00+00:00,1564718400,1430.915,1440.078,1430.905,1439.098,0.29979,37075
2019-08-02T08:00:00+00:00,1564732800,1439.098,1439.298,1434.968,1437.948,0.29753,38035
2019-08-02T12:00:00+00:00,1564747200,1437.938,1447.698,1430.898,1446.588,0.30016,81208
2019-08-02T16:00:00+00:00,1564761600,1446.595,1447.935,1439.805,1440.898,0.30488,38346
2019-08-02T20:00:00+00:00,1564776000,1440.905,1441.555,1439.325,1440.568,0.38101,1861
2019-08-04T20:00:00+00:00,1564948800,1439.898,1442.398,1436.648,1439.585,0.36073,5868
2019-08-05T00:00:00+00:00,1564963200,1439.575,1455.905,1438.685,1452.198,0.32916,66197
2019-08-05T04:00:00+00:00,1564977600,1452.198,1459.745,1450.678,1456.358,0.31932,41446
2019-08-05T08:00:00+00:00,1564992000,1456.358,1461.805,1455.385,1459.858,0.30134,47736
2019-08-05T12:00:00+00:00,1565006400,1459.868,1469.608,1452.878,1463.408,0.30193,66384
2019-08-05T16:00:00+00:00,1565020800,1463.398,1469.688,1459.688,1460.958,0.31853,55605
2019-08-05T20:00:00+00:00,1565035200,1460.958,1474.658,1460.208,1473.905,0.39237,14281
2019-08-06T00:00:00+00:00,1565049600,1473.915,1474.815,1460.045,1460.865,0.3315,60592
2019-08-06T04:00:00+00:00,1565064000,1460.828,1465.208,1456.315,1461.245,0.31518,53552
2019-08-06T08:00:00+00:00,1565078400,1461.228,1467.268,1460.125,1463.328,0.29978,28595
2019-08-06T12:00:00+00:00,1565092800,1463.315,1473.775,1462.758,1469.415,0.29931,63254
2019-08-06T16:00:00+00:00,1565107200,1469.415,1473.498,1468.238,1472.678,0.31726,34793
2019-08-06T20:00:00+00:00,1565121600,1472.678,1477.225,1472.208,1476.735,0.37293,9254
2019-08-07T00:00:00+00:00,1565136000,1476.735,1490.088,1474.568,1486.155,0.3227,57283
2019-08-07T04:00:00+00:00,1565150400,1486.135,1491.235,1481.178,1485.338,0.30879,40669
2019-08-07T08:00:00+00:00,1565164800,1485.348,1495.408,1484.958,1494.885,0.29968,36389
2019-08-07T12:00:00+00:00,1565179200,1494.895,1510.278,1491.495,1506.648,0.30461,97507
2019-08-07T16:00:00+00:00,1565193600,1506.608,1509.998,1494.0,1495.285,0.32034,67708
2019-08-07T20:00:00+00:00,1565208000,1495.245,1502.028,1495.105,1501.625,0.36675,11917
2019-08-08T00:00:00+00:00,1565222400,1501.648,1506.635,1491.675,1499.385,0.3212,45690
2019-08-08T04:00:00+00:00,1565236800,1499.405,1503.678,1496.018,1497.385,0.3101,36271
2019-08-08T08:00:00+00:00,1565251200,1497.278,1501.088,1494.898,1498.485,0.29966,31673
2019-08-08T12:00:00+00:00,1565265600,1498.465,1499.565,1489.948,1497.508,0.30753,66479
2019-08-08T16:00:00+00:00,1565280000,1497.495,1509.475,1493.978,1503.025,0.31651,38813
2019-08-08T20:00:00+00:00,1565294400,1503.008,1508.948,1500.465,1504.145,0.37767,14283
2019-08-09T00:00:00+00:00,1565308800,1504.145,1507.835,1498.965,1506.495,0.32647,23548
2019-08-09T04:00:00+00:00,1565323200,1506.505,1508.008,1500.338,1502.295,0.30979,28131
2019-08-09T08:00:00+00:00,1565337600,1502.285,1504.388,1501.165,1502.055,0.29459,22110
2019-08-09T12:00:00+00:00,1565352000,1502.055,1505.875,1494.698,1504.105,0.30816,71327
2019-08-09T16:00:00+00:00,1565366400,1504.025,1504.085,1495.018,1498.338,0.31878,44849
2019-08-09T20:00:00+00:00,1565380800,1498.318,1498.558,1496.618,1496.948,0.35683,1480
2019-08-11T20:00:00+00:00,1565553600,1497.515,1501.445,1495.0,1500.705,0.38781,6139
2019-08-12T00:00:00+00:00,1565568000,1500.695,1501.058,1495.195,1496.845,0.31827,17880
2019-08-12T04:00:00+00:00,1565582400,1496.845,1497.195,1487.258,1489.935,0.30626,24714
2019-08-12T08:00:00+00:00,1565596800,1490.045,1508.415,1490.035,1506.558,0.29541,44389
2019-08-12T12:00:00+00:00,1565611200,1506.548,1506.698,1499.775,1506.025,0.2909,45436
2019-08-12T16:00:00+00:00,1565625600,1506.025,1520.008,1504.548,1511.848,0.30221,28528
2019-08-12T20:00:00+00:00,1565640000,1511.848,1513.198,1509.555,1512.025,0.37614,7782
2019-08-13T00:00:00+00:00,1565654400,1512.025,1518.168,1509.545,1516.498,0.33509,30684
2019-08-13T04:00:00+00:00,1565668800,1516.515,1526.955,1515.418,1525.808,0.31608,39328
2019-08-13T08:00:00+00:00,1565683200,1525.828,1534.948,1522.835,1525.708,0.30109,46268
2019-08-13T12:00:00+00:00,1565697600,1525.705,1525.715,1479.715,1502.105,0.31034,94767
2019-08-13T16:00:00+00:00,1565712000,1502.095,1505.775,1496.285,1502.705,0.32124,38636
2019-08-13T20:00:00+00:00,1565726400,1502.708,1503.468,1499.145,1500.785,0.38576,6889
2019-08-14T00:00:00+00:00,1565740800,1500.755,1503.895,1494.085,1502.065,0.3364,33906
2019-08-14T04:00:00+00:00,1565755200,1502.055,1502.675,1496.578,1497.975,0.31115,33630
2019-08-14T08:00:00+00:00,1565769600,1498.005,1518.235,1497.845,1515.555,0.30297,47013
2019-08-14T12:00:00+00:00,1565784000,1515.565,1520.208,1505.858,1518.185,0.31119,83571
2019-08-14T16:00:00+00:00,1565798400,1518.205,1523.968,1512.0,1513.725,0.3214,67427
2019-08-14T20:00:00+00:00,1565812800,1513.705,1520.055,1509.088,1516.915,0.38238,10627
2019-08-15T00:00:00+00:00,1565827200,1516.865,1524.228,1515.695,1520.508,0.32072,33283
2019-08-15T04:00:00+00:00,1565841600,1520.525,1522.138,1507.848,1512.505,0.29475,39041
2019-08-15T08:00:00+00:00,1565856000,1512.525,1522.715,1510.315,1514.975,0.29773,55450
2019-08-15T12:00:00+00:00,1565870400,1515.145,1520.308,1508.818,1519.145,0.30802,84964
2019-08-15T16:00:00+00:00,1565884800,1519.145,1526.948,1518.178,1523.298,0.31289,49045
2019-08-15T20:00:00+00:00,1565899200,1523.198,1527.055,1520.618,1526.528,0.37309,6551
2019-08-16T00:00:00+00:00,1565913600,1526.498,1527.945,1516.748,1520.985,0.32011,28491
2019-08-16T04:00:00+00:00,1565928000,1520.925,1522.175,1512.888,1515.255,0.31107,26045
2019-08-16T08:00:00+00:00,1565942400,1515.245,1515.308,1505.548,1513.698,0.30211,33783
2019-08-16T12:00:00+00:00,1565956800,1513.708,1516.225,1503.635,1509.695,0.29866,59786
2019-08-16T16:00:00+00:00,1565971200,1509.685,1517.318,1508.885,1513.968,0.3077,27766
2019-08-16T20:00:00+00:00,1565985600,1513.975,1514.455,1511.338,1512.395,0.39078,2210
2019-08-18T20:00:00+00:00,1566158400,1512.398,1512.928,1507.898,1509.305,0.38313,5442
2019-08-19T00:00:00+00:00,1566172800,1509.305,1512.685,1505.035,1508.798,0.31722,31663
2019-08-19T04:00:00+00:00,1566187200,1508.788,1509.685,1505.045,1505.875,0.30979,26040
2019-08-19T08:00:00+00:00,1566201600,1505.825,1506.128,1493.175,1494.065,0.30156,34838
2019-08-19T12:00:00+00:00,1566216000,1494.085,1503.348,1493.875,1502.308,0.30468,40883
2019-08-19T16:00:00+00:00,1566230400,1502.295,1503.158,1493.545,1496.178,0.31127,27732
2019-08-19T20:00:00+00:00,1566244800,1496.178,1497.568,1492.848,1496.035,0.3635,6224
2019-08-20T00:00:00+00:00,1566259200,1496.045,1499.398,1494.325,1495.105,0.318,22536
2019-08-20T04:00:00+00:00,1566273600,1495.105,1500.155,1494.525,1499.405,0.31022,19709
2019-08-20T08:00:00+00:00,1566288000,1499.468,1508.508,1499.295,1505.375,0.28886,25075
2019-08-20T12:00:00+00:00,1566302400,1505.385,1507.498,1501.375,1503.435,0.29185,49047
2019-08-20T16:00:00+00:00,1566316800,1503.435,1508.048,1503.305,1507.948,0.27852,18030
2019-08-20T20:00:00+00:00,1566331200,1507.915,1508.028,1504.848,1506.095,0.3475,4586
2019-08-21T00:00:00+00:00,1566345600,1506.095,1507.028,1501.905,1502.805,0.30017,16568
2019-08-21T04:00:00+00:00,1566360000,1502.828,1504.425,1496.445,1497.265,0.29512,23185
2019-08-21T08:00:00+00:00,1566374400,1497.265,1502.135,1497.088,1499.745,0.28383,20684
2019-08-21T12:00:00+00:00,1566388800,1499.745,1505.928,1498.128,1502.745,0.27784,35083
2019-08-21T16:00:00+00:00,1566403200,1502.748,1507.398,1500.045,1502.848,0.2936,33106
2019-08-21T20:00:00+00:00,1566417600,1502.848,1504.468,1501.648,1502.538,0.33682,3929
2019-08-22T00:00:00+00:00,1566432000,1502.548,1503.598,1499.835,1501.495,0.28163,16033
2019-08-22T04:00:00+00:00,1566446400,1501.495,1502.208,1497.715,1498.445,0.2894,23263
2019-08-22T08:00:00+00:00,1566460800,1498.435,1500.105,1492.425,1492.775,0.28984,27369
2019-08-22T12:00:00+00:00,1566475200,1492.775,1504.518,1492.625,1500.598,0.28538,48377
2019-08-22T16:00:00+00:00,1566489600,1500.618,1500.768,1497.558,1499.105,0.27942,18452
2019-08-22T20:00:00+00:00,1566504000,1499.105,1499.648,1496.718,1497.445,0.32718,3866
2019-08-23T00:00:00+00:00,1566518400,1497.445,1497.565,1494.265,1494.515,0.28706,14788
2019-08-23T04:00:00+00:00,1566532800,1494.515,1497.298,1493.475,1496.065,0.2794,14931
2019-08-23T08:00:00+00:00,1566547200,1496.075,1497.828,1494.715,1495.775,0.28,14826
2019-08-23T12:00:00+00:00,1566561600,1495.765,1529.398,1495.615,1527.998,0.31138,91785
2019-08-23T16:00:00+00:00,1566576000,1527.945,1530.188,1522.628,1528.448,0.31413,48905
2019-08-23T20:00:00+00:00,1566590400,1528.448,1528.598,1525.208,1526.598,0.39701,3672
2019-08-25T20:00:00+00:00,1566763200,1535.278,1555.048,1535.278,1547.248,0.43954,20384
2019-08-26T00:00:00+00:00,1566777600,1547.248,1549.248,1538.048,1539.168,0.32792,50194
2019-08-26T04:00:00+00:00,1566792000,1539.168,1544.108,1526.868,1530.488,0.32953,54023
2019-08-26T08:00:00+00:00,1566806400,1530.478,1533.235,1524.955,1531.358,0.30376,46869
2019-08-26T12:00:00+00:00,1566820800,1531.428,1537.098,1526.008,1531.205,0.31676,70359
2019-08-26T16:00:00+00:00,1566835200,1531.245,1531.828,1526.178,1528.755,0.3166,30344
2019-08-26T20:00:00+00:00,1566849600,1528.755,1529.198,1526.498,1528.505,0.34845,5247
2019-08-27T00:00:00+00:00,1566864000,1528.545,1530.105,1525.538,1528.935,0.31252,20070
2019-08-27T04:00:00+00:00,1566878400,1528.885,1534.968,1527.475,1532.168,0.28711,26046
2019-08-27T08:00:00+00:00,1566892800,1532.175,1532.865,1529.438,1531.025,0.27684,21906
2019-08-27T12:00:00+00:00,1566907200,1531.015,1542.798,1528.345,1542.258,0.29038,57567
2019-08-27T16:00:00+00:00,1566921600,1542.288,1544.608,1537.278,1542.848,0.29939,35762
2019-08-27T20:00:00+00:00,1566936000,1542.848,1544.465,1540.848,1543.485,0.34502,6254
2019-08-28T00:00:00+00:00,1566950400,1543.458,1544.588,1531.848,1536.155,0.32094,41671
2019-08-28T04:00:00+00:00,1566964800,1536.165,1543.505,1535.248,1541.458,0.29969,26931
2019-08-28T08:00:00+00:00,1566979200,1541.475,1545.898,1539.028,1545.285,0.30511,34351
2019-08-28T12:00:00+00:00,1566993600,1545.368,1546.805,1533.728,1537.665,0.30088,58876
2019-08-28T16:00:00+00:00,1567008000,1537.668,1542.598,1536.165,1539.298,0.29581,24758
2019-08-28T20:00:00+00:00,1567022400,1539.305,1541.215,1537.735,1538.658,0.3746,5952
2019-08-29T00:00:00+00:00,1567036800,1538.675,1543.258,1537.895,1542.698,0.29795,19504
2019-08-29T04:00:00+00:00,1567051200,1542.698,1550.315,1540.808,1540.845,0.30813,40971
2019-08-29T08:00:00+00:00,1567065600,1540.875,1542.195,1533.595,1536.828,0.30366,45394
2019-08-29T12:00:00+00:00,1567080000,1536.818,1545.168,1535.565,1536.435,0.30594,66114
2019-08-29T16:00:00+00:00,1567094400,1536.445,1537.255,1519.608,1528.495,0.31134,52605
2019-08-29T20:00:00+00:00,1567108800,1528.515,1529.625,1526.248,1528.665,0.3339,6990
2019-08-30T00:00:00+00:00,1567123200,1528.645,1528.655,1522.098,1524.255,0.32014,27596
2019-08-30T04:00:00+00:00,1567137600,1524.265,1533.055,1522.998,1523.145,0.3135,36610
2019-08-30T08:00:00+00:00,1567152000,1523.185,1527.258,1521.865,1523.998,0.2994,29406
2019-08-30T12:00:00+00:00,1567166400,1523.965,1532.755,1523.918,1527.515,0.31263,64660
2019-08-30T16:00:00+00:00,1567180800,1527.495,1528.128,1517.0,1524.025,0.32645,41339
2019-08-30T20:00:00+00:00,1567195200,1524.098,1524.098,1519.758,1519.998,0.38475,1579
2019-09-01T20:00:00+00:00,1567368000,1528.325,1533.948,1527.475,1529.058,0.38629,8367
2019-09-02T00:00:00+00:00,1567382400,1529.095,1529.815,1522.658,1525.595,0.31699,22921
2019-09-02T04:00:00+00:00,1567396800,1525.605,1526.408,1519.305,1522.228,0.29598,17222
2019-09-02T08:00:00+00:00,1567411200,1522.218,1526.258,1520.705,1524.395,0.28887,17394
2019-09-02T12:00:00+00:00,1567425600,1524.358,1529.618,1523.268,1527.345,0.29582,24372
2019-09-02T16:00:00+00:00,1567440000,1527.418,1531.145,1527.228,1528.698,0.32227,6556
2019-09-02T20:00:00+00:00,1567454400,1529.515,1529.815,1525.575,1526.215,0.33082,4632
2019-09-03T00:00:00+00:00,1567468800,1526.205,1526.205,1521.455,1523.478,0.29772,22879
2019-09-03T04:00:00+00:00,1567483200,1523.478,1531.248,1523.315,1530.605,0.30245,32653
2019-09-03T08:00:00+00:00,1567497600,1530.525,1533.795,1529.008,1531.315,0.29378,31912
2019-09-03T12:00:00+00:00,1567512000,1531.325,1549.655,1530.085,1548.748,0.30529,76797
2019-09-03T16:00:00+00:00,1567526400,1548.755,1548.948,1542.048,1545.348,0.30511,30586
2019-09-03T20:00:00+00:00,1567540800,1545.225,1550.045,1544.938,1549.018,0.35439,8965
2019-09-04T00:00:00+00:00,1567555200,1549.025,1549.408,1540.068,1543.118,0.32533,39911
2019-09-04T04:00:00+00:00,1567569600,1543.118,1544.155,1535.235,1536.465,0.30717,36181
2019-09-04T08:00:00+00:00,1567584000,1536.455,1539.468,1533.825,1535.795,0.29037,30552
2019-09-04T12:00:00+00:00,1567598400,1535.795,1549.043,1535.795,1547.048,0.2976,60140
2019-09-04T16:00:00+00:00,1567612800,1547.128,1556.958,1546.568,1554.948,0.30054,37241
2019-09-04T20:00:00+00:00,1567627200,1554.915,1555.148,1550.578,1551.188,0.34928,7191
2019-09-05T00:00:00+00:00,1567641600,1551.188,1551.625,1541.698,1545.415,0.31545,38607
2019-09-05T04:00:00+00:00,1567656000,1545.435,1550.098,1540.821,1542.13,0.30478,36220
2019-09-05T08:00:00+00:00,1567670400,1542.13,1543.505,1538.148,1542.818,0.29536,36279
2019-09-05T12:00:00+00:00,1567684800,1542.858,1544.618,1506.115,1517.66,0.30157,87647
2019-09-05T16:00:00+00:00,1567699200,1517.66,1520.978,1515.175,1518.248,0.30668,36975
2019-09-05T20:00:00+00:00,1567713600,1518.198,1519.288,1517.218,1518.375,0.35241,6064
2019-09-06T00:00:00+00:00,1567728000,1518.375,1520.215,1512.648,1514.355,0.31124,37457
2019-09-06T04:00:00+00:00,1567742400,1514.355,1519.268,1505.215,1509.555,0.31355,46051
2019-09-06T08:00:00+00:00,1567756800,1509.555,1510.168,1502.755,1505.315,0.3072,46753
2019-09-06T12:00:00+00:00,1567771200,1505.315,1527.798,1502.488,1521.005,0.30922,82090
2019-09-06T16:00:00+00:00,1567785600,1521.035,1523.495,1504.398,1505.358,0.3301,62211
2019-09-06T20:00:00+00:00,1567800000,1505.358,1507.478,1505.065,1506.398,0.39234,2246
2019-09-08T20:00:00+00:00,1567972800,1507.968,1507.968,1502.595,1505.795,0.45497,6165
2019-09-09T00:00:00+00:00,1567987200,1505.765,1512.498,1505.375,1509.565,0.31955,43298
2019-09-09T04:00:00+00:00,1568001600,1509.555,1511.455,1504.868,1505.045,0.30478,27395
2019-09-09T08:00:00+00:00,1568016000,1505.065,1513.965,1504.395,1511.295,0.29117,26758
2019-09-09T12:00:00+00:00,1568030400,1511.285,1515.415,1497.548,1500.405,0.2962,61844
2019-09-09T16:00:00+00:00,1568044800,1500.395,1506.605,1499.275,1499.705,0.29274,33592
2019-09-09T20:00:00+00:00,1568059200,1499.685,1500.085,1495.595,1496.168,0.33758,8254
2019-09-10T00:00:00+00:00,1568073600,1496.168,1497.305,1486.398,1489.855,0.30466,39712
2019-09-10T04:00:00+00:00,1568088000,1489.855,1495.665,1487.678,1493.665,0.29546,25536
2019-09-10T08:00:00+00:00,1568102400,1493.665,1496.745,1491.325,1491.848,0.28934,28534
2019-09-10T12:00:00+00:00,1568116800,1491.848,1500.948,1488.698,1494.395,0.29621,65685
2019-09-10T16:00:00+00:00,1568131200,1494.405,1496.475,1486.665,1486.665,0.30024,36476
2019-09-10T20:00:00+00:00,1568145600,1486.655,1487.985,1484.418,1486.925,0.33732,7495
2019-09-11T00:00:00+00:00,1568160000,1486.985,1492.938,1486.875,1490.995,0.30766,22087
2019-09-11T04:00:00+00:00,1568174400,1490.985,1494.968,1488.988,1489.855,0.31401,35880
2019-09-11T08:00:00+00:00,1568188800,1489.855,1494.658,1488.855,1491.065,0.3031,25459
2019-09-11T12:00:00+00:00,1568203200,1491.068,1497.578,1486.765,1494.455,0.28991,52841
2019-09-11T16:00:00+00:00,1568217600,1494.448,1498.188,1491.585,1495.725,0.29215,20121
2019-09-11T20:00:00+00:00,1568232000,1495.715,1498.365,1491.725,1492.985,0.33983,9668
2019-09-12T00:00:00+00:00,1568246400,1492.998,1494.888,1489.208,1493.435,0.30709,24633
2019-09-12T04:00:00+00:00,1568260800,1493.448,1503.915,1493.035,1502.865,0.30427,29602
2019-09-12T08:00:00+00:00,1568275200,1502.865,1513.938,1501.485,1512.538,0.30502,28883
2019-09-12T12:00:00+00:00,1568289600,1512.548,1524.118,1500.845,1503.095,0.31206,93492
2019-09-12T16:00:00+00:00,1568304000,1503.055,1504.855,1496.858,1499.045,0.30984,37413
2019-09-12T20:00:00+00:00,1568318400,1499.065,1499.348,1495.368,1497.805,0.33769,7008
2019-09-13T00:00:00+00:00,1568332800,1497.815,1500.955,1495.488,1497.605,0.31485,14872
2019-09-13T04:00:00+00:00,1568347200,1497.605,1505.935,1496.635,1505.048,0.31549,24709
2019-09-13T08:00:00+00:00,1568361600,1504.958,1508.938,1503.635,1508.025,0.30464,29931
2019-09-13T12:00:00+00:00,1568376000,1508.025,1508.865,1489.158,1490.725,0.30279,67457
2019-09-13T16:00:00+00:00,1568390400,1490.728,1493.605,1485.735,1486.825,0.30674,38967
2019-09-13T20:00:00+00:00,1568404800,1486.935,1489.105,1486.505,1488.5,0.35925,2330
2019-09-15T20:00:00+00:00,1568577600,1506.838,1507.948,1498.608,1506.048,0.40582,15442
2019-09-16T00:00:00+00:00,1568592000,1506.028,1512.065,1502.538,1502.988,0.34989,38133
2019-09-16T04:00:00+00:00,1568606400,1502.988,1507.028,1501.158,1503.615,0.32417,31769
2019-09-16T08:00:00+00:00,1568620800,1503.618,1505.078,1498.945,1503.598,0.31575,40638
2019-09-16T12:00:00+00:00,1568635200,1503.548,1506.198,1495.815,1503.788,0.30667,60069
2019-09-16T16:00:00+00:00,1568649600,1503.808,1504.545,1496.808,1498.765,0.29991,29206
2019-09-16T20:00:00+00:00,1568664000,1498.748,1500.108,1496.788,1497.978,0.34414,5732
2019-09-17T00:00:00+00:00,1568678400,1497.985,1500.835,1496.825,1497.995,0.30712,26552
2019-09-17T04:00:00+00:00,1568692800,1497.995,1498.955,1493.408,1497.758,0.29573,25015
2019-09-17T08:00:00+00:00,1568707200,1497.768,1501.388,1495.765,1500.965,0.2948,20377
2019-09-17T12:00:00+00:00,1568721600,1500.965,1505.905,1497.798,1504.828,0.30374,60937
2019-09-17T16:00:00+00:00,1568736000,1504.798,1507.008,1501.248,1502.048,0.27431,23823
2019-09-17T20:00:00+00:00,1568750400,1502.048,1502.198,1500.385,1500.735,0.32212,5523
2019-09-18T00:00:00+00:00,1568764800,1500.745,1503.535,1500.495,1502.845,0.28839,14885
2019-09-18T04:00:00+00:00,1568779200,1502.825,1503.448,1500.738,1501.605,0.28634,11811
2019-09-18T08:00:00+00:00,1568793600,1501.605,1502.978,1499.428,1501.525,0.27991,13894
2019-09-18T12:00:00+00:00,1568808000,1501.515,1511.018,1501.345,1507.798,0.2771,36675
2019-09-18T16:00:00+00:00,1568822400,1507.758,1511.558,1483.155,1492.138,0.32306,71451
2019-09-18T20:00:00+00:00,1568836800,1492.138,1494.098,1489.938,1491.095,0.3377,7875
2019-09-19T00:00:00+00:00,1568851200,1491.085,1495.078,1488.908,1494.368,0.30027,32019
2019-09-19T04:00:00+00:00,1568865600,1494.368,1498.148,1493.465,1494.685,0.29439,29144
2019-09-19T08:00:00+00:00,1568880000,1494.705,1502.108,1494.635,1501.318,0.28163,25828
2019-09-19T12:00:00+00:00,1568894400,1501.308,1504.468,1496.498,1498.468,0.28768,50265
2019-09-19T16:00:00+00:00,1568908800,1498.455,1501.575,1496.835,1498.615,0.29383,31451
2019-09-19T20:00:00+00:00,1568923200,1498.585,1499.838,1497.878,1499.575,0.32186,4227
2019-09-20T00:00:00+00:00,1568937600,1499.565,1504.288,1498.35,1503.435,0.29399,15520
2019-09-20T04:00:00+00:00,1568952000,1503.455,1506.788,1502.755,1503.308,0.2816,20329
2019-09-20T08:00:00+00:00,1568966400,1503.325,1505.848,1499.705,1499.875,0.27678,19177
2019-09-20T12:00:00+00:00,1568980800,1499.875,1505.028,1498.588,1502.215,0.2753,38505
2019-09-20T16:00:00+00:00,1568995200,1502.235,1516.978,1501.288,1516.448,0.30377,44745
2019-09-20T20:00:00+00:00,1569009600,1516.448,1516.848,1515.295,1516.598,0.35779,2206
2019-09-22T20:00:00+00:00,1569182400,1513.988,1514.405,1510.968,1514.345,0.36542,6342
2019-09-23T00:00:00+00:00,1569196800,1514.345,1519.49,1511.575,1516.625,0.30307,25048
2019-09-23T04:00:00+00:00,1569211200,1516.625,1518.398,1511.485,1517.698,0.29732,27965
2019-09-23T08:00:00+00:00,1569225600,1517.718,1521.165,1516.818,1519.048,0.29064,32230
2019-09-23T12:00:00+00:00,1569240000,1519.065,1526.748,1516.275,1522.855,0.28564,52135
2019-09-23T16:00:00+00:00,1569254400,1522.865,1526.028,1520.518,1524.648,0.28978,25592
2019-09-23T20:00:00+00:00,1569268800,1524.605,1524.605,1519.485,1520.795,0.33698,6854
2019-09-24T00:00:00+00:00,1569283200,1520.795,1522.135,1519.348,1521.145,0.29224,16878
2019-09-24T04:00:00+00:00,1569297600,1521.145,1523.868,1519.305,1523.028,0.29011,21422
2019-09-24T08:00:00+00:00,1569312000,1523.018,1523.735,1519.505,1520.635,0.2836,20321
2019-09-24T12:00:00+00:00,1569326400,1520.635,1529.008,1515.525,1527.168,0.29604,57261
2019-09-24T16:00:00+00:00,1569340800,1527.198,1535.638,1524.525,1532.598,0.30995,67202
2019-09-24T20:00:00+00:00,1569355200,1532.648,1533.988,1530.705,1531.628,0.35238,6523
2019-09-25T00:00:00+00:00,1569369600,1531.675,1535.048,1528.0,1529.855,0.31031,30817
2019-09-25T04:00:00+00:00,1569384000,1529.845,1532.028,1527.538,1531.728,0.30254,27074
2019-09-25T08:00:00+00:00,1569398400,1531.728,1532.808,1527.765,1528.155,0.29063,24175
2019-09-25T12:00:00+00:00,1569412800,1528.155,1530.398,1508.285,1508.285,0.29665,72350
2019-09-25T16:00:00+00:00,1569427200,1508.285,1509.688,1500.375,1504.198,0.30274,54346
2019-09-25T20:00:00+00:00,1569441600,1504.368,1507.098,1502.875,1506.425,0.33675,7755
2019-09-26T00:00:00+00:00,1569456000,1506.445,1510.135,1506.415,1508.898,0.29127,19396
2019-09-26T04:00:00+00:00,1569470400,1508.958,1511.068,1505.328,1506.428,0.29341,22400
2019-09-26T08:00:00+00:00,1569484800,1506.428,1510.248,1504.908,1505.555,0.28358,25731
2019-09-26T12:00:00+00:00,1569499200,1505.555,1512.235,1500.108,1508.255,0.30194,70362
2019-09-26T16:00:00+00:00,1569513600,1508.248,1509.388,1501.735,1504.298,0.30268,43771
2019-09-26T20:00:00+00:00,1569528000,1504.298,1506.745,1503.648,1506.715,0.34444,4758
2019-09-27T00:00:00+00:00,1569542400,1506.725,1507.308,1504.605,1506.665,0.29622,19908
2019-09-27T04:00:00+00:00,1569556800,1506.665,1506.925,1496.095,1498.725,0.29842,32338
2019-09-27T08:00:00+00:00,1569571200,1498.735,1499.608,1490.605,1494.805,0.29172,28754
2019-09-27T12:00:00+00:00,1569585600,1494.815,1498.978,1486.768,1493.715,0.30514,75175
2019-09-27T16:00:00+00:00,1569600000,1493.715,1503.018,1493.085,1496.238,0.31183,60114
2019-09-27T20:00:00+00:00,1569614400,1496.248,1498.165,1496.238,1496.498,0.36105,1989
2019-09-29T20:00:00+00:00,1569787200,1494.568,1500.465,1494.465,1496.165,0.35375,6068
2019-09-30T00:00:00+00:00,1569801600,1496.165,1497.195,1491.035,1491.925,0.30789,25968
2019-09-30T04:00:00+00:00,1569816000,1491.925,1494.368,1487.965,1490.245,0.30695,31286
2019-09-30T08:00:00+00:00,1569830400,1490.255,1490.535,1480.198,1484.445,0.29192,36456
2019-09-30T12:00:00+00:00,1569844800,1484.445,1487.355,1465.968,1468.215,0.29798,67368
2019-09-30T16:00:00+00:00,1569859200,1468.215,1474.805,1464.445,1473.325,0.29451,37710
2019-09-30T20:00:00+00:00,1569873600,1473.298,1473.955,1471.887,1473.555,0.33336,4365
2019-10-01T00:00:00+00:00,1569888000,1473.565,1474.695,1462.588,1463.315,0.31362,21868
2019-10-01T04:00:00+00:00,1569902400,1463.315,1466.465,1459.065,1461.475,0.29735,33135
2019-10-01T08:00:00+00:00,1569916800,1461.475,1470.095,1459.008,1466.655,0.29648,38948
2019-10-01T12:00:00+00:00,1569931200,1466.685,1485.048,1461.935,1484.235,0.30694,79417
2019-10-01T16:00:00+00:00,1569945600,1484.245,1487.138,1477.495,1481.108,0.31741,47644
2019-10-01T20:00:00+00:00,1569960000,1481.028,1482.385,1478.215,1481.579,0.35623,6781
2019-10-02T00:00:00+00:00,1569974400,1481.579,1481.855,1476.835,1477.115,0.30119,14480
2019-10-02T04:00:00+00:00,1569988800,1477.155,1484.048,1474.455,1481.175,0.28824,23123
2019-10-02T08:00:00+00:00,1570003200,1481.145,1487.885,1478.605,1486.068,0.28607,35914
2019-10-02T12:00:00+00:00,1570017600,1486.025,1502.775,1483.985,1498.228,0.30069,83123
2019-10-02T16:00:00+00:00,1570032000,1498.225,1505.048,1497.618,1498.785,0.31916,52396
2019-10-02T20:00:00+00:00,1570046400,1498.828,1500.765,1498.465,1499.975,0.35017,6196
2019-10-03T00:00:00+00:00,1570060800,1499.975,1502.695,1497.778,1498.648,0.30649,19624
2019-10-03T04:00:00+00:00,1570075200,1498.655,1503.528,1495.725,1498.568,0.30167,29989
2019-10-03T08:00:00+00:00,1570089600,1498.578,1505.225,1497.678,1503.465,0.30029,38953
2019-10-03T12:00:00+00:00,1570104000,1503.475,1519.488,1498.198,1510.228,0.31501,91239
2019-10-03T16:00:00+00:00,1570118400,1510.208,1510.318,1504.728,1505.425,0.31328,44116
2019-10-03T20:00:00+00:00,1570132800,1505.465,1508.968,1504.398,1508.198,0.33619,5999
2019-10-04T00:00:00+00:00,1570147200,1508.298,1509.975,1506.805,1509.825,0.29383,15977
2019-10-04T04:00:00+00:00,1570161600,1509.825,1509.868,1506.335,1508.365,0.29746,34511
2019-10-04T08:00:00+00:00,1570176000,1508.365,1510.318,1507.568,1508.185,0.2889,31397
2019-10-04T12:00:00+00:00,1570190400,1508.185,1515.658,1495.927,1503.635,0.31473,106650
2019-10-04T16:00:00+00:00,1570204800,1503.615,1509.598,1502.668,1505.568,0.3198,46360
2019-10-04T20:00:00+00:00,1570219200,1505.568,1505.698,1503.325,1504.298,0.36989,2142
2019-10-06T20:00:00+00:00,1570392000,1511.868,1512.215,1505.315,1508.025,0.37463,6098
2019-10-07T00:00:00+00:00,1570406400,1508.018,1509.235,1506.395,1506.718,0.29995,18636
2019-10-07T04:00:00+00:00,1570420800,1506.715,1507.608,1500.5,1502.815,0.2947,32026
2019-10-07T08:00:00+00:00,1570435200,1502.778,1503.595,1497.188,1498.808,0.28524,34907
2019-10-07T12:00:00+00:00,1570449600,1498.808,1504.068,1495.645,1498.625,0.27212,52748
2019-10-07T16:00:00+00:00,1570464000,1498.605,1500.248,1487.958,1492.765,0.30263,51849
2019-10-07T20:00:00+00:00,1570478400,1492.748,1494.298,1491.458,1492.015,0.36789,4877
2019-10-08T00:00:00+00:00,1570492800,1492.015,1493.838,1486.845,1491.235,0.30856,33782
2019-10-08T04:00:00+00:00,1570507200,1491.235,1497.728,1488.555,1496.698,0.30116,36739
2019-10-08T08:00:00+00:00,1570521600,1496.688,1506.778,1495.698,1505.858,0.29359,62250
2019-10-08T12:00:00+00:00,1570536000,1505.978,1508.658,1500.948,1501.788,0.29894,86485
2019-10-08T16:00:00+00:00,1570550400,1501.775,1509.618,1497.715,1505.938,0.31427,63435
2019-10-08T20:00:00+00:00,1570564800,1505.858,1509.288,1505.048,1508.675,0.34582,5550
2019-10-09T00:00:00+00:00,1570579200,1508.688,1508.705,1503.878,1505.495,0.29886,16908
2019-10-09T04:00:00+00:00,1570593600,1505.495,1511.328,1504.975,1508.265,0.29502,32014
2019-10-09T08:00:00+00:00,1570608000,1508.278,1508.358,1499.768,1501.848,0.29268,49883
2019-10-09T12:00:00+00:00,1570622400,1501.848,1509.198,1501.848,1507.648,0.27462,58776
2019-10-09T16:00:00+00:00,1570636800,1507.595,1512.438,1502.918,1507.048,0.31322,51398
2019-10-09T20:00:00+00:00,1570651200,1507.058,1516.948,1504.855,1511.478,0.37138,16609
2019-10-10T00:00:00+00:00,1570665600,1511.598,1513.985,1505.445,1508.815,0.3304,39159
2019-10-10T04:00:00+00:00,1570680000,1508.845,1510.318,1503.735,1508.765,0.3038,38898
2019-10-10T08:00:00+00:00,1570694400,1508.775,1509.845,1505.345,1508.315,0.29836,44458
2019-10-10T12:00:00+00:00,1570708800,1508.298,1510.745,1491.645,1494.285,0.29131,84709
2019-10-10T16:00:00+00:00,1570723200,1494.298,1499.688,1493.138,1493.958,0.30636,59465
2019-10-10T20:00:00+00:00,1570737600,1493.968,1495.288,1490.968,1493.975,0.35266,8356
2019-10-11T00:00:00+00:00,1570752000,1494.005,1497.165,1490.778,1495.345,0.30701,21319
2019-10-11T04:00:00+00:00,1570766400,1495.295,1502.948,1493.775,1502.438,0.29869,30672
2019-10-11T08:00:00+00:00,1570780800,1502.448,1503.115,1479.465,1482.815,0.28962,59376
2019-10-11T12:00:00+00:00,1570795200,1482.795,1487.925,1473.925,1481.485,0.29001,85664
2019-10-11T16:00:00+00:00,1570809600,1481.475,1486.845,1479.398,1485.738,0.3158,62224
2019-10-11T20:00:00+00:00,1570824000,1485.748,1488.885,1485.248,1488.598,0.36742,3518
2019-10-13T20:00:00+00:00,1570996800,1488.128,1488.665,1482.728,1484.535,0.36935,6713
2019-10-14T00:00:00+00:00,1571011200,1484.555,1488.125,1483.705,1486.255,0.30522,26489
2019-10-14T04:00:00+00:00,1571025600,1486.275,1490.208,1485.588,1489.928,0.29645,26098
2019-10-14T08:00:00+00:00,1571040000,1489.928,1497.068,1488.755,1494.135,0.28596,36745
2019-10-14T12:00:00+00:00,1571054400,1494.075,1494.378,1488.628,1492.315,0.28115,54518
2019-10-14T16:00:00+00:00,1571068800,1492.315,1493.598,1490.478,1491.915,0.28498,22449
2019-10-14T20:00:00+00:00,1571083200,1491.915,1493.038,1490.768,1491.185,0.33271,3874
2019-10-15T00:00:00+00:00,1571097600,1491.195,1495.395,1491.195,1494.445,0.29698,21144
2019-10-15T04:00:00+00:00,1571112000,1494.435,1494.635,1488.738,1492.638,0.2882,29929
2019-10-15T08:00:00+00:00,1571126400,1492.648,1498.388,1491.458,1493.485,0.29464,44053
2019-10-15T12:00:00+00:00,1571140800,1493.485,1494.218,1477.098,1481.265,0.28488,72658
2019-10-15T16:00:00+00:00,1571155200,1481.265,1481.868,1479.0,1481.098,0.2948,33979
2019-10-15T20:00:00+00:00,1571169600,1481.155,1481.875,1480.458,1481.875,0.35262,4121
2019-10-16T00:00:00+00:00,1571184000,1481.895,1484.895,1480.775,1483.308,0.3061,19675
2019-10-16T04:00:00+00:00,1571198400,1483.308,1485.698,1478.455,1483.338,0.29541,34181
2019-10-16T08:00:00+00:00,1571212800,1483.408,1485.748,1479.265,1481.888,0.29349,42926
2019-10-16T12:00:00+00:00,1571227200,1481.865,1491.478,1476.995,1488.025,0.30626,85709
2019-10-16T16:00:00+00:00,1571241600,1488.025,1490.898,1485.848,1489.505,0.29897,40885
2019-10-16T20:00:00+00:00,1571256000,1489.478,1490.945,1489.248,1490.005,0.34574,4102
2019-10-17T00:00:00+00:00,1571270400,1490.025,1493.048,1487.448,1488.368,0.30009,20325
2019-10-17T04:00:00+00:00,1571284800,1488.368,1491.778,1487.018,1487.675,0.28507,25379
2019-10-17T08:00:00+00:00,1571299200,1487.655,1491.108,1483.385,1488.278,0.3015,51964
2019-10-17T12:00:00+00:00,1571313600,1488.275,1496.348,1487.745,1496.348,0.3112,77635
2019-10-17T16:00:00+00:00,1571328000,1496.338,1497.308,1490.998,1491.765,0.29912,39326
2019-10-17T20:00:00+00:00,1571342400,1491.855,1494.008,1491.378,1492.795,0.37413,4390
2019-10-18T00:00:00+00:00,1571356800,1492.795,1492.975,1490.8,1492.308,0.29282,17798
2019-10-18T04:00:00+00:00,1571371200,1492.348,1492.928,1487.385,1488.008,0.28756,25463
2019-10-18T08:00:00+00:00,1571385600,1487.955,1489.808,1484.825,1488.975,0.28487,33932
2019-10-18T12:00:00+00:00,1571400000,1489.008,1493.388,1488.725,1491.045,0.28444,61588
2019-10-18T16:00:00+00:00,1571414400,1491.055,1492.508,1489.525,1490.605,0.29156,32177
2019-10-18T20:00:00+00:00,1571428800,1490.578,1490.765,1489.332,1489.598,0.39514,1096
2019-10-20T20:00:00+00:00,1571601600,1491.338,1492.185,1490.428,1491.498,0.38576,3781
2019-10-21T00:00:00+00:00,1571616000,1491.545,1491.955,1489.055,1490.345,0.29521,14740
2019-10-21T04:00:00+00:00,1571630400,1490.325,1493.838,1488.095,1488.465,0.27784,27907
2019-10-21T08:00:00+00:00,1571644800,1488.455,1492.408,1487.315,1489.985,0.26872,24028
2019-10-21T12:00:00+00:00,1571659200,1489.965,1495.208,1483.325,1484.935,0.27136,51811
2019-10-21T16:00:00+00:00,1571673600,1484.935,1486.528,1481.405,1483.665,0.2772,26419
2019-10-21T20:00:00+00:00,1571688000,1483.705,1485.068,1483.228,1484.065,0.3321,3672
2019-10-22T00:00:00+00:00,1571702400,1484.075,1484.595,1480.768,1484.248,0.29295,20572
2019-10-22T04:00:00+00:00,1571716800,1484.285,1488.908,1484.068,1487.188,0.28787,21850
2019-10-22T08:00:00+00:00,1571731200,1487.228,1488.868,1485.735,1487.255,0.27409,27124
2019-10-22T12:00:00+00:00,1571745600,1487.285,1488.838,1483.055,1484.175,0.28279,45399
2019-10-22T16:00:00+00:00,1571760000,1484.165,1488.588,1482.688,1487.448,0.30504,34902
2019-10-22T20:00:00+00:00,1571774400,1487.548,1489.258,1487.098,1488.758,0.35116,4307
2019-10-23T00:00:00+00:00,1571788800,1488.758,1490.555,1487.698,1489.155,0.28263,21394
2019-10-23T04:00:00+00:00,1571803200,1489.155,1493.768,1488.088,1492.705,0.2836,25300
2019-10-23T08:00:00+00:00,1571817600,1492.725,1494.988,1490.028,1492.018,0.27103,32358
2019-10-23T12:00:00+00:00,1571832000,1492.088,1496.268,1491.235,1493.358,0.27877,52115
2019-10-23T16:00:00+00:00,1571846400,1493.368,1494.235,1491.085,1491.778,0.28371,26515
2019-10-23T20:00:00+00:00,1571860800,1491.698,1492.518,1491.058,1492.045,0.31544,3222
2019-10-24T00:00:00+00:00,1571875200,1492.095,1493.525,1490.908,1492.295,0.28473,9960
2019-10-24T04:00:00+00:00,1571889600,1492.285,1493.465,1487.915,1489.768,0.28055,24139
2019-10-24T08:00:00+00:00,1571904000,1489.808,1491.895,1488.215,1490.808,0.27032,20257
2019-10-24T12:00:00+00:00,1571918400,1490.798,1503.098,1490.685,1499.675,0.2885,70148
2019-10-24T16:00:00+00:00,1571932800,1499.675,1503.948,1499.475,1502.008,0.29221,26513
2019-10-24T20:00:00+00:00,1571947200,1501.928,1503.748,1501.928,1502.679,0.34274,4476
2019-10-25T00:00:00+00:00,1571961600,1502.685,1502.835,1500.715,1502.568,0.27717,18124
2019-10-25T04:00:00+00:00,1571976000,1502.508,1506.978,1502.268,1506.768,0.27766,26133
2019-10-25T08:00:00+00:00,1571990400,1506.768,1509.848,1503.778,1508.948,0.27824,33431
2019-10-25T12:00:00+00:00,1572004800,1508.958,1517.948,1503.555,1503.855,0.27806,60432
2019-10-25T16:00:00+00:00,1572019200,1503.915,1506.198,1500.558,1505.525,0.2892,37698
2019-10-25T20:00:00+00:00,1572033600,1505.508,1505.698,1504.038,1504.198,0.34979,1239
2019-10-27T20:00:00+00:00,1572206400,1504.508,1504.508,1502.0,1503.925,0.36836,3008
2019-10-28T00:00:00+00:00,1572220800,1503.925,1506.125,1503.475,1504.125,0.30134,18413
2019-10-28T04:00:00+00:00,1572235200,1504.125,1508.155,1503.208,1505.575,0.289,18674
2019-10-28T08:00:00+00:00,1572249600,1505.578,1507.108,1502.655,1503.295,0.28723,30337
2019-10-28T12:00:00+00:00,1572264000,1503.355,1505.035,1489.948,1490.255,0.27436,57961
2019-10-28T16:00:00+00:00,1572278400,1490.255,1493.558,1490.035,1492.815,0.27458,27887
2019-10-28T20:00:00+00:00,1572292800,1492.855,1493.838,1491.295,1491.655,0.33036,4139
2019-10-29T00:00:00+00:00,1572307200,1491.725,1492.958,1490.065,1492.045,0.28087,16136
2019-10-29T04:00:00+00:00,1572321600,1492.065,1494.715,1490.805,1494.278,0.27782,15631
2019-10-29T08:00:00+00:00,1572336000,1494.238,1494.595,1484.168,1486.655,0.26879,28985
2019-10-29T12:00:00+00:00,1572350400,1486.675,1492.378,1483.398,1490.955,0.26609,54536
2019-10-29T16:00:00+00:00,1572364800,1490.895,1491.688,1487.455,1488.245,0.26443,25272
2019-10-29T20:00:00+00:00,1572379200,1488.215,1488.995,1486.968,1487.225,0.325,3365
2019-10-30T00:00:00+00:00,1572393600,1487.255,1489.435,1486.948,1488.638,0.26571,11986
2019-10-30T04:00:00+00:00,1572408000,1488.638,1490.075,1487.138,1488.905,0.27772,15249
2019-10-30T08:00:00+00:00,1572422400,1488.905,1493.808,1488.295,1493.488,0.26706,24363
2019-10-30T12:00:00+00:00,1572436800,1493.458,1495.668,1489.625,1494.548,0.27626,50562
2019-10-30T16:00:00+00:00,1572451200,1494.628,1496.498,1481.048,1496.298,0.30675,55444
2019-10-30T20:00:00+00:00,1572465600,1496.298,1496.598,1493.628,1495.188,0.33407,5840
2019-10-31T00:00:00+00:00,1572480000,1495.225,1499.458,1493.895,1498.198,0.26587,21916
2019-10-31T04:00:00+00:00,1572494400,1498.208,1500.428,1496.5,1500.228,0.26893,15879
2019-10-31T08:00:00+00:00,1572508800,1500.198,1507.925,1499.075,1506.428,0.26719,35301
2019-10-31T12:00:00+00:00,1572523200,1506.488,1514.148,1504.618,1509.595,0.26463,64384
2019-10-31T16:00:00+00:00,1572537600,1509.605,1513.078,1509.195,1511.258,0.27307,33874
2019-10-31T20:00:00+00:00,1572552000,1511.258,1512.858,1511.098,1512.218,0.31817,4050
2019-11-01T00:00:00+00:00,1572566400,1512.318,1513.615,1510.085,1510.575,0.25897,15695
2019-11-01T04:00:00+00:00,1572580800,1510.575,1512.438,1509.135,1512.388,0.26108,13654
2019-11-01T08:00:00+00:00,1572595200,1512.418,1514.708,1508.748,1510.335,0.26595,23261
2019-11-01T12:00:00+00:00,1572609600,1510.335,1515.938,1503.218,1510.475,0.2861,68193
2019-11-01T16:00:00+00:00,1572624000,1510.475,1513.408,1506.968,1513.048,0.26104,32303
2019-11-01T20:00:00+00:00,1572638400,1513.048,1514.035,1512.148,1513.998,0.33767,1657
2019-11-03T20:00:00+00:00,1572811200,1513.908,1513.908,1511.882,1512.86,0.34889,1971
2019-11-04T00:00:00+00:00,1572825600,1512.86,1513.738,1510.945,1512.075,0.26263,9177
2019-11-04T04:00:00+00:00,1572840000,1512.065,1513.848,1510.385,1513.558,0.26214,9923
2019-11-04T08:00:00+00:00,1572854400,1513.575,1513.958,1508.525,1512.408,0.27178,23106
2019-11-04T12:00:00+00:00,1572868800,1512.405,1514.758,1508.115,1509.045,0.26568,49993
2019-11-04T16:00:00+00:00,1572883200,1509.045,1509.718,1504.395,1508.198,0.2677,28182
2019-11-04T20:00:00+00:00,1572897600,1508.198,1510.665,1506.185,1506.645,0.30118,8307
2019-11-05T00:00:00+00:00,1572912000,1506.665,1507.755,1504.695,1504.948,0.26748,11808
2019-11-05T04:00:00+00:00,1572926400,1504.935,1507.648,1502.365,1506.255,0.27098,17134
2019-11-05T08:00:00+00:00,1572940800,1506.285,1507.135,1501.718,1503.728,0.26855,27045
2019-11-05T12:00:00+00:00,1572955200,1503.738,1503.838,1485.105,1485.775,0.26761,66382
2019-11-05T16:00:00+00:00,1572969600,1485.755,1486.545,1479.275,1483.575,0.27695,39088
2019-11-05T20:00:00+00:00,1572984000,1483.578,1485.208,1482.278,1484.375,0.29965,9928
2019-11-06T00:00:00+00:00,1572998400,1484.375,1487.288,1483.768,1486.788,0.2671,13294
2019-11-06T04:00:00+00:00,1573012800,1486.788,1487.098,1483.788,1485.895,0.27052,13633
2019-11-06T08:00:00+00:00,1573027200,1485.865,1488.775,1484.045,1485.615,0.266,26137
2019-11-06T12:00:00+00:00,1573041600,1485.588,1489.748,1483.0,1488.568,0.26679,40442
2019-11-06T16:00:00+00:00,1573056000,1488.595,1494.118,1485.658,1490.918,0.27186,31425
2019-11-06T20:00:00+00:00,1573070400,1490.878,1491.645,1489.708,1490.208,0.2995,6221
2019-11-07T00:00:00+00:00,1573084800,1490.208,1491.908,1489.755,1491.315,0.26341,13758
2019-11-07T04:00:00+00:00,1573099200,1491.295,1492.148,1484.615,1486.925,0.28469,21864
2019-11-07T08:00:00+00:00,1573113600,1486.958,1488.128,1480.995,1483.515,0.2619,40187
2019-11-07T12:00:00+00:00,1573128000,1483.515,1488.088,1467.945,1469.675,0.27014,61714
2019-11-07T16:00:00+00:00,1573142400,1469.665,1471.525,1460.498,1467.765,0.2764,53717
2019-11-07T20:00:00+00:00,1573156800,1467.765,1471.075,1467.085,1468.625,0.28965,15534
2019-11-08T00:00:00+00:00,1573171200,1468.605,1469.485,1465.645,1469.095,0.27587,19441
2019-11-08T04:00:00+00:00,1573185600,1469.115,1471.665,1468.028,1471.565,0.26996,17187
2019-11-08T08:00:00+00:00,1573200000,1471.645,1472.868,1462.125,1462.175,0.27661,33521
2019-11-08T12:00:00+00:00,1573214400,1462.135,1468.148,1456.118,1466.695,0.29274,73284
2019-11-08T16:00:00+00:00,1573228800,1466.705,1468.185,1460.495,1461.845,0.25682,27110
2019-11-08T20:00:00+00:00,1573243200,1461.875,1462.055,1457.645,1458.485,0.28422,7622
2019-11-10T20:00:00+00:00,1573416000,1459.278,1461.065,1458.658,1460.995,0.38399,1966
2019-11-11T00:00:00+00:00,1573430400,1461.008,1463.728,1460.108,1461.675,0.26066,11682
2019-11-11T04:00:00+00:00,1573444800,1461.678,1465.165,1461.675,1464.725,0.2629,13099
2019-11-11T08:00:00+00:00,1573459200,1464.745,1466.375,1462.515,1464.435,0.25445,19604
2019-11-11T12:00:00+00:00,1573473600,1464.425,1465.095,1448.155,1448.955,0.2642,41612
2019-11-11T16:00:00+00:00,1573488000,1448.965,1457.748,1448.755,1456.208,0.26875,23840
2019-11-11T20:00:00+00:00,1573502400,1456.208,1457.048,1454.775,1455.558,0.31023,4374
2019-11-12T00:00:00+00:00,1573516800,1455.558,1456.905,1454.675,1456.408,0.27248,11322
2019-11-12T04:00:00+00:00,1573531200,1456.415,1456.728,1448.795,1452.305,0.27055,21782
2019-11-12T08:00:00+00:00,1573545600,1452.345,1456.188,1449.435,1452.445,0.26802,40189
2019-11-12T12:00:00+00:00,1573560000,1452.488,1455.488,1445.545,1451.848,0.26734,52180
2019-11-12T16:00:00+00:00,1573574400,1451.858,1460.335,1450.228,1459.278,0.27717,49920
2019-11-12T20:00:00+00:00,1573588800,1459.278,1459.398,1455.598,1458.288,0.3103,13296
2019-11-13T00:00:00+00:00,1573603200,1458.288,1459.478,1457.108,1458.568,0.26343,13248
2019-11-13T04:00:00+00:00,1573617600,1458.605,1463.035,1458.605,1460.655,0.26084,17002
2019-11-13T08:00:00+00:00,1573632000,1460.655,1466.345,1457.765,1464.735,0.26004,40532
2019-11-13T12:00:00+00:00,1573646400,1464.735,1466.668,1460.335,1465.398,0.273,56736
2019-11-13T16:00:00+00:00,1573660800,1465.398,1466.995,1460.765,1463.565,0.27868,35669
2019-11-13T20:00:00+00:00,1573675200,1463.605,1464.498,1461.948,1463.498,0.29126,9556
2019-11-14T00:00:00+00:00,1573689600,1463.498,1464.615,1461.038,1464.088,0.27123,14109
2019-11-14T04:00:00+00:00,1573704000,1464.095,1467.798,1464.028,1466.405,0.27327,18189
2019-11-14T08:00:00+00:00,1573718400,1466.398,1470.468,1465.835,1467.548,0.26084,37064
2019-11-14T12:00:00+00:00,1573732800,1467.545,1470.328,1464.575,1469.385,0.26891,54327
2019-11-14T16:00:00+00:00,1573747200,1469.465,1474.535,1469.165,1471.375,0.27435,34435
2019-11-14T20:00:00+00:00,1573761600,1471.355,1471.555,1468.695,1469.198,0.31368,7413
2019-11-15T00:00:00+00:00,1573776000,1469.228,1469.718,1465.475,1466.088,0.28152,13626
2019-11-15T04:00:00+00:00,1573790400,1466.095,1466.765,1463.075,1464.295,0.26656,12268
2019-11-15T08:00:00+00:00,1573804800,1464.255,1466.898,1462.355,1466.415,0.26398,23263
2019-11-15T12:00:00+00:00,1573819200,1466.415,1469.128,1463.535,1468.508,0.26982,41422
2019-11-15T16:00:00+00:00,1573833600,1468.508,1468.538,1464.745,1466.218,0.26554,19360
2019-11-15T20:00:00+00:00,1573848000,1466.248,1467.885,1466.088,1467.885,0.2916,4613
2019-11-17T20:00:00+00:00,1574020800,1467.158,1469.548,1467.158,1469.028,0.32431,1308
2019-11-18T00:00:00+00:00,1574035200,1469.028,1469.428,1464.855,1465.885,0.28947,9947
2019-11-18T04:00:00+00:00,1574049600,1465.928,1466.338,1461.718,1463.535,0.27886,16599
2019-11-18T08:00:00+00:00,1574064000,1463.475,1463.575,1457.315,1459.205,0.26416,25026
2019-11-18T12:00:00+00:00,1574078400,1459.225,1472.148,1456.285,1471.765,0.26715,53167
2019-11-18T16:00:00+00:00,1574092800,1471.788,1473.935,1470.408,1471.398,0.26946,23512
2019-11-18T20:00:00+00:00,1574107200,1471.368,1472.068,1470.185,1471.688,0.2881,5627
2019-11-19T00:00:00+00:00,1574121600,1471.655,1475.328,1469.015,1470.375,0.27527,16632
2019-11-19T04:00:00+00:00,1574136000,1470.355,1473.158,1468.875,1469.415,0.26435,16433
2019-11-19T08:00:00+00:00,1574150400,1469.368,1471.088,1464.898,1467.438,0.26,27201
2019-11-19T12:00:00+00:00,1574164800,1467.448,1473.228,1465.745,1473.155,0.26429,42129
2019-11-19T16:00:00+00:00,1574179200,1473.158,1475.128,1469.115,1473.055,0.26876,31561
2019-11-19T20:00:00+00:00,1574193600,1473.035,1475.145,1471.498,1474.495,0.29841,6683
2019-11-20T00:00:00+00:00,1574208000,1474.468,1475.228,1471.878,1474.405,0.27476,18007
2019-11-20T04:00:00+00:00,1574222400,1474.405,1477.865,1472.665,1477.728,0.26257,16701
2019-11-20T08:00:00+00:00,1574236800,1477.725,1478.728,1473.785,1474.055,0.25862,31110
2019-11-20T12:00:00+00:00,1574251200,1474.058,1474.545,1465.838,1469.335,0.26076,45636
2019-11-20T16:00:00+00:00,1574265600,1469.315,1475.428,1465.915,1471.245,0.2956,55608
2019-11-20T20:00:00+00:00,1574280000,1471.235,1475.288,1470.758,1474.375,0.30204,14624
2019-11-21T00:00:00+00:00,1574294400,1474.395,1475.575,1470.925,1471.495,0.27134,22366
2019-11-21T04:00:00+00:00,1574308800,1471.525,1472.265,1468.775,1471.108,0.26838,18718
2019-11-21T08:00:00+00:00,1574323200,1471.125,1474.408,1467.515,1469.395,0.26556,31172
2019-11-21T12:00:00+00:00,1574337600,1469.405,1471.495,1462.985,1468.995,0.27256,56863
2019-11-21T16:00:00+00:00,1574352000,1469.028,1469.515,1462.275,1464.568,0.27376,30717
2019-11-21T20:00:00+00:00,1574366400,1464.578,1465.315,1463.535,1465.048,0.29654,6375
2019-11-22T00:00:00+00:00,1574380800,1465.048,1465.615,1463.445,1464.885,0.26989,11810
2019-11-22T04:00:00+00:00,1574395200,1464.848,1468.588,1464.625,1467.045,0.25784,15335
2019-11-22T08:00:00+00:00,1574409600,1467.075,1473.188,1464.518,1471.245,0.26903,36891
2019-11-22T12:00:00+00:00,1574424000,1471.265,1471.495,1461.295,1464.635,0.26822,42412
2019-11-22T16:00:00+00:00,1574438400,1464.665,1467.695,1462.168,1462.875,0.26227,24384
2019-11-22T20:00:00+00:00,1574452800,1462.865,1463.088,1461.545,1461.785,0.2933,3707
2019-11-24T20:00:00+00:00,1574625600,1460.218,1461.085,1459.585,1460.415,0.29986,1961
2019-11-25T00:00:00+00:00,1574640000,1460.435,1462.085,1459.595,1461.415,0.26572,13079
2019-11-25T04:00:00+00:00,1574654400,1461.408,1461.725,1457.618,1459.205,0.26031,13498
2019-11-25T08:00:00+00:00,1574668800,1459.205,1459.825,1456.415,1457.105,0.2577,19127
2019-11-25T12:00:00+00:00,1574683200,1457.108,1460.708,1453.995,1457.688,0.26512,36522
2019-11-25T16:00:00+00:00,1574697600,1457.675,1458.475,1454.628,1454.985,0.26167,18589
2019-11-25T20:00:00+00:00,1574712000,1454.955,1455.338,1453.555,1453.875,0.28537,6044
2019-11-26T00:00:00+00:00,1574726400,1453.845,1454.775,1451.575,1454.465,0.2657,17482
2019-11-26T04:00:00+00:00,1574740800,1454.445,1457.165,1453.828,1455.475,0.26203,13028
2019-11-26T08:00:00+00:00,1574755200,1455.505,1459.105,1454.828,1457.875,0.25955,21597
2019-11-26T12:00:00+00:00,1574769600,1457.895,1460.378,1450.0,1458.548,0.26333,37516
2019-11-26T16:00:00+00:00,1574784000,1458.558,1462.685,1457.878,1461.748,0.26554,20566
2019-11-26T20:00:00+00:00,1574798400,1461.748,1462.848,1460.428,1460.428,0.28344,3563
2019-11-27T00:00:00+00:00,1574812800,1460.448,1461.168,1458.925,1459.475,0.27073,10176
2019-11-27T04:00:00+00:00,1574827200,1459.465,1460.225,1457.855,1458.265,0.26431,8979
2019-11-27T08:00:00+00:00,1574841600,1458.275,1460.185,1457.358,1458.645,0.25871,16936
2019-11-27T12:00:00+00:00,1574856000,1458.655,1458.935,1453.065,1455.225,0.2642,38470
2019-11-27T16:00:00+00:00,1574870400,1455.235,1456.288,1452.535,1454.465,0.26618,20961
2019-11-27T20:00:00+00:00,1574884800,1454.475,1457.495,1453.845,1456.805,0.31037,7598
2019-11-28T00:00:00+00:00,1574899200,1456.805,1458.208,1455.568,1456.005,0.26256,11880
2019-11-28T04:00:00+00:00,1574913600,1455.995,1457.418,1455.365,1456.788,0.26998,10692
2019-11-28T08:00:00+00:00,1574928000,1456.765,1458.195,1455.815,1456.255,0.25603,14908
2019-11-28T12:00:00+00:00,1574942400,1456.235,1456.548,1454.195,1455.655,0.2614,13933
2019-11-28T16:00:00+00:00,1574956800,1455.655,1456.305,1454.835,1455.388,0.265,3337
2019-11-28T20:00:00+00:00,1574971200,1455.588,1456.375,1454.978,1455.955,0.36564,1101
2019-11-29T00:00:00+00:00,1574985600,1456.008,1458.645,1455.085,1457.355,0.26895,9265
2019-11-29T04:00:00+00:00,1575000000,1457.325,1459.185,1457.275,1458.315,0.26065,9623
2019-11-29T08:00:00+00:00,1575014400,1458.275,1458.325,1455.685,1456.565,0.25458,16519
2019-11-29T12:00:00+00:00,1575028800,1456.565,1463.105,1453.115,1461.405,0.25754,38879
2019-11-29T16:00:00+00:00,1575043200,1461.408,1466.528,1460.728,1463.448,0.26991,25409
2019-12-01T20:00:00+00:00,1575230400,1464.048,1464.078,1461.518,1461.745,0.34188,2301
2019-12-02T00:00:00+00:00,1575244800,1461.765,1461.765,1458.775,1458.955,0.26938,10738
2019-12-02T04:00:00+00:00,1575259200,1458.955,1460.415,1458.225,1458.795,0.26117,14601
2019-12-02T08:00:00+00:00,1575273600,1458.815,1458.928,1453.885,1457.675,0.25665,27732
2019-12-02T12:00:00+00:00,1575288000,1458.635,1465.268,1457.075,1463.355,0.27919,51878
2019-12-02T16:00:00+00:00,1575302400,1463.365,1465.005,1460.718,1462.308,0.26296,38038
2019-12-02T20:00:00+00:00,1575316800,1462.275,1463.908,1461.308,1462.585,0.28214,8266
2019-12-03T00:00:00+00:00,1575331200,1462.648,1463.848,1461.208,1461.575,0.2646,14177
2019-12-03T04:00:00+00:00,1575345600,1461.575,1463.198,1459.768,1462.955,0.26122,12541
2019-12-03T08:00:00+00:00,1575360000,1462.955,1470.808,1462.005,1470.345,0.25502,36409
2019-12-03T12:00:00+00:00,1575374400,1470.415,1481.718,1468.295,1479.098,0.2681,65683
2019-12-03T16:00:00+00:00,1575388800,1479.165,1481.295,1477.365,1478.448,0.25926,28093
2019-12-03T20:00:00+00:00,1575403200,1478.508,1478.618,1475.758,1476.565,0.27737,8191
2019-12-04T00:00:00+00:00,1575417600,1476.565,1480.095,1476.075,1478.908,0.27177,18189
2019-12-04T04:00:00+00:00,1575432000,1478.908,1483.968,1478.508,1483.755,0.2604,18845
2019-12-04T08:00:00+00:00,1575446400,1483.785,1483.988,1472.665,1475.595,0.25941,35380
2019-12-04T12:00:00+00:00,1575460800,1475.625,1481.778,1471.365,1472.925,0.28242,61604
2019-12-04T16:00:00+00:00,1575475200,1472.925,1475.088,1471.828,1474.125,0.26108,27535
2019-12-04T20:00:00+00:00,1575489600,1474.125,1475.945,1473.945,1475.515,0.29007,8421
2019-12-05T00:00:00+00:00,1575504000,1475.545,1476.345,1473.688,1475.865,0.26737,11700
2019-12-05T04:00:00+00:00,1575518400,1475.855,1478.208,1473.835,1474.325,0.26195,16213
2019-12-05T08:00:00+00:00,1575532800,1474.365,1476.815,1473.105,1474.835,0.2609,23466
2019-12-05T12:00:00+00:00,1575547200,1474.838,1478.728,1472.855,1476.185,0.26473,46932
2019-12-05T16:00:00+00:00,1575561600,1476.205,1480.308,1475.088,1476.215,0.26886,28935
2019-12-05T20:00:00+00:00,1575576000,1476.228,1476.378,1475.065,1475.915,0.29257,10515
2019-12-06T00:00:00+00:00,1575590400,1475.878,1476.385,1474.915,1475.765,0.26373,7562
2019-12-06T04:00:00+00:00,1575604800,1475.755,1475.795,1471.385,1473.345,0.26164,11350
2019-12-06T08:00:00+00:00,1575619200,1473.345,1476.255,1472.455,1475.515,0.25261,17340
2019-12-06T12:00:00+00:00,1575633600,1475.515,1479.788,1459.445,1461.845,0.2701,58110
2019-12-06T16:00:00+00:00,1575648000,1461.805,1462.088,1458.635,1459.885,0.25797,22033
2019-12-06T20:00:00+00:00,1575662400,1459.925,1460.708,1459.195,1459.785,0.3041,4237
2019-12-08T20:00:00+00:00,1575835200,1459.418,1459.955,1458.548,1459.895,0.34264,1862
2019-12-09T00:00:00+00:00,1575849600,1459.965,1461.505,1459.015,1459.845,0.25837,11252
2019-12-09T04:00:00+00:00,1575864000,1459.845,1462.505,1459.598,1462.015,0.26042,9607
2019-12-09T08:00:00+00:00,1575878400,1462.025,1464.198,1461.085,1463.895,0.25363,15501
2019-12-09T12:00:00+00:00,1575892800,1463.898,1465.318,1460.958,1461.708,0.25827,28057
2019-12-09T16:00:00+00:00,1575907200,1461.685,1462.005,1459.085,1460.248,0.2618,19118
2019-12-09T20:00:00+00:00,1575921600,1460.258,1462.025,1459.955,1461.055,0.29093,4163
2019-12-10T00:00:00+00:00,1575936000,1461.055,1461.495,1460.078,1460.185,0.26839,6569
2019-12-10T04:00:00+00:00,1575950400,1460.185,1463.248,1459.965,1462.215,0.25886,9252
2019-12-10T08:00:00+00:00,1575964800,1462.235,1467.078,1462.235,1466.408,0.26039,29187
2019-12-10T12:00:00+00:00,1575979200,1466.385,1469.128,1463.648,1464.448,0.27179,46813
2019-12-10T16:00:00+00:00,1575993600,1464.445,1465.928,1462.298,1465.348,0.26866,24469
2019-12-10T20:00:00+00:00,1576008000,1465.308,1465.348,1463.238,1463.795,0.28086,7662
2019-12-11T00:00:00+00:00,1576022400,1463.815,1464.995,1463.415,1463.465,0.26917,6293
2019-12-11T04:00:00+00:00,1576036800,1463.465,1465.545,1462.825,1465.215,0.25859,8782
2019-12-11T08:00:00+00:00,1576051200,1465.228,1467.865,1462.598,1466.485,0.26865,25176
2019-12-11T12:00:00+00:00,1576065600,1466.485,1471.088,1465.135,1469.545,0.26678,37813
2019-12-11T16:00:00+00:00,1576080000,1469.548,1478.848,1467.118,1477.448,0.28858,38298
2019-12-11T20:00:00+00:00,1576094400,1477.498,1478.248,1474.088,1474.458,0.28482,13122
2019-12-12T00:00:00+00:00,1576108800,1474.465,1475.605,1474.048,1475.365,0.26979,8796
2019-12-12T04:00:00+00:00,1576123200,1475.365,1475.385,1472.715,1473.525,0.2685,7177
2019-12-12T08:00:00+00:00,1576137600,1473.535,1475.348,1472.015,1474.625,0.25554,16491
2019-12-12T12:00:00+00:00,1576152000,1474.648,1486.708,1464.565,1466.685,0.27946,70070
2019-12-12T16:00:00+00:00,1576166400,1466.675,1470.775,1463.778,1469.565,0.29171,49962
2019-12-12T20:00:00+00:00,1576180800,1469.565,1470.235,1461.648,1465.025,0.33647,21342
2019-12-13T00:00:00+00:00,1576195200,1465.115,1469.935,1464.708,1467.835,0.27952,20886
2019-12-13T04:00:00+00:00,1576209600,1467.888,1470.028,1465.695,1469.315,0.26927,18308
2019-12-13T08:00:00+00:00,1576224000,1469.395,1473.288,1467.938,1471.235,0.26356,35756
2019-12-13T12:00:00+00:00,1576238400,1471.235,1475.408,1465.258,1472.435,0.30152,89733
2019-12-13T16:00:00+00:00,1576252800,1472.418,1477.968,1471.748,1477.048,0.26944,35119
2019-12-13T20:00:00+00:00,1576267200,1477.048,1477.128,1474.528,1475.455,0.28506,5510
2019-12-15T20:00:00+00:00,1576440000,1475.098,1476.238,1473.708,1474.038,0.36017,2107
2019-12-16T00:00:00+00:00,1576454400,1474.048,1475.338,1473.108,1474.665,0.26104,9852
2019-12-16T04:00:00+00:00,1576468800,1474.665,1478.675,1474.518,1477.205,0.26146,11433
2019-12-16T08:00:00+00:00,1576483200,1477.205,1478.028,1474.438,1476.755,0.26793,21366
2019-12-16T12:00:00+00:00,1576497600,1476.758,1479.848,1474.705,1474.785,0.25909,30652
2019-12-16T16:00:00+00:00,1576512000,1474.785,1476.745,1473.9,1476.145,0.26828,19910
2019-12-16T20:00:00+00:00,1576526400,1476.188,1476.748,1474.675,1475.295,0.29442,5671
2019-12-17T00:00:00+00:00,1576540800,1475.348,1476.588,1474.328,1476.285,0.26333,9643
2019-12-17T04:00:00+00:00,1576555200,1476.288,1477.975,1475.915,1476.465,0.26125,10529
2019-12-17T08:00:00+00:00,1576569600,1476.485,1480.488,1476.375,1479.068,0.25708,19001
2019-12-17T12:00:00+00:00,1576584000,1479.108,1479.575,1474.135,1475.755,0.26201,34045
2019-12-17T16:00:00+00:00,1576598400,1475.755,1478.458,1475.045,1475.448,0.27388,20887
2019-12-17T20:00:00+00:00,1576612800,1475.445,1476.758,1475.065,1475.555,0.30167,3837
2019-12-18T00:00:00+00:00,1576627200,1475.575,1476.625,1474.958,1476.515,0.28288,4523
2019-12-18T04:00:00+00:00,1576641600,1476.525,1478.195,1476.075,1477.755,0.25977,6189
2019-12-18T08:00:00+00:00,1576656000,1477.828,1479.248,1474.588,1476.775,0.27129,21468
2019-12-18T12:00:00+00:00,1576670400,1476.745,1478.373,1470.405,1475.855,0.27061,43771
2019-12-18T16:00:00+00:00,1576684800,1475.868,1476.545,1474.035,1475.035,0.27456,19204
2019-12-18T20:00:00+00:00,1576699200,1475.048,1476.008,1474.305,1475.698,0.29997,5455
2019-12-19T00:00:00+00:00,1576713600,1475.698,1477.895,1474.735,1477.808,0.26069,8633
2019-12-19T04:00:00+00:00,1576728000,1477.808,1477.908,1475.605,1475.985,0.26191,9279
2019-12-19T08:00:00+00:00,1576742400,1475.995,1476.595,1473.205,1474.535,0.26146,18841
2019-12-19T12:00:00+00:00,1576756800,1474.535,1477.428,1473.595,1476.208,0.26635,32341
2019-12-19T16:00:00+00:00,1576771200,1476.208,1481.668,1475.735,1479.685,0.26821,23996
2019-12-19T20:00:00+00:00,1576785600,1479.685,1479.828,1478.158,1478.385,0.28831,4296
2019-12-20T00:00:00+00:00,1576800000,1478.385,1479.475,1477.868,1478.545,0.26625,6960
2019-12-20T04:00:00+00:00,1576814400,1478.545,1479.615,1478.028,1478.298,0.26562,6710
2019-12-20T08:00:00+00:00,1576828800,1478.295,1478.485,1477.0,1477.428,0.25961,13661
2019-12-20T12:00:00+00:00,1576843200,1477.405,1480.908,1477.395,1479.195,0.26572,30179
2019-12-20T16:00:00+00:00,1576857600,1479.215,1479.395,1475.768,1477.948,0.27036,12546
2019-12-20T20:00:00+00:00,1576872000,1477.895,1478.348,1477.145,1477.785,0.31151,2950
2019-12-22T20:00:00+00:00,1577044800,1478.128,1478.578,1477.425,1478.435,0.3319,1543
2019-12-23T00:00:00+00:00,1577059200,1478.455,1481.388,1478.308,1480.768,0.26514,6309
2019-12-23T04:00:00+00:00,1577073600,1480.768,1485.048,1480.415,1483.505,0.25929,10061
2019-12-23T08:00:00+00:00,1577088000,1483.525,1485.185,1482.235,1483.428,0.26103,16736
2019-12-23T12:00:00+00:00,1577102400,1483.445,1484.848,1480.485,1483.618,0.26598,29238
2019-12-23T16:00:00+00:00,1577116800,1483.618,1485.818,1482.235,1485.548,0.27212,15165
2019-12-23T20:00:00+00:00,1577131200,1485.558,1486.058,1484.595,1485.418,0.29696,4102
2019-12-24T00:00:00+00:00,1577145600,1485.418,1489.565,1484.298,1488.768,0.25917,12090
2019-12-24T04:00:00+00:00,1577160000,1488.735,1491.275,1488.378,1489.925,0.26508,12099
2019-12-24T08:00:00+00:00,1577174400,1489.905,1492.898,1489.337,1490.088,0.26199,16947
2019-12-24T12:00:00+00:00,1577188800,1490.135,1499.365,1488.728,1498.668,0.26605,29368
2019-12-24T16:00:00+00:00,1577203200,1498.668,1500.465,1498.068,1498.445,0.28139,16198
2019-12-25T20:00:00+00:00,1577304000,1499.358,1499.758,1497.215,1499.355,0.47241,2396
2019-12-26T00:00:00+00:00,1577318400,1499.435,1504.008,1497.695,1503.248,0.27238,16992
2019-12-26T04:00:00+00:00,1577332800,1503.248,1505.498,1502.268,1502.808,0.26958,13318
2019-12-26T08:00:00+00:00,1577347200,1502.808,1505.005,1502.648,1504.728,0.27248,12104
2019-12-26T12:00:00+00:00,1577361600,1504.738,1512.548,1504.5,1512.018,0.27424,33289
2019-12-26T16:00:00+00:00,1577376000,1512.008,1512.358,1506.588,1509.748,0.2766,24889
2019-12-26T20:00:00+00:00,1577390400,1509.748,1511.908,1509.648,1511.135,0.30696,7961
2019-12-27T00:00:00+00:00,1577404800,1511.165,1513.898,1509.108,1512.868,0.26612,14384
2019-12-27T04:00:00+00:00,1577419200,1512.868,1513.408,1507.288,1508.508,0.26943,17923
2019-12-27T08:00:00+00:00,1577433600,1508.508,1512.398,1507.868,1509.948,0.26893,23667
2019-12-27T12:00:00+00:00,1577448000,1509.958,1512.768,1509.348,1511.398,0.2653,32395
2019-12-27T16:00:00+00:00,1577462400,1511.375,1515.268,1511.148,1512.435,0.27405,24310
2019-12-27T20:00:00+00:00,1577476800,1512.438,1512.628,1510.015,1510.775,0.28131,7062
2019-12-29T20:00:00+00:00,1577649600,1511.458,1513.955,1510.998,1513.465,0.32035,2894
2019-12-30T00:00:00+00:00,1577664000,1513.428,1515.738,1512.935,1514.908,0.2703,13417
2019-12-30T04:00:00+00:00,1577678400,1514.988,1515.265,1512.815,1514.085,0.26652,13091
2019-12-30T08:00:00+00:00,1577692800,1514.085,1514.118,1510.715,1510.865,0.25748,18181
2019-12-30T12:00:00+00:00,1577707200,1510.865,1515.808,1510.855,1513.765,0.26649,35715
2019-12-30T16:00:00+00:00,1577721600,1513.775,1516.048,1513.695,1515.518,0.2743,20229
2019-12-30T20:00:00+00:00,1577736000,1515.518,1515.518,1514.425,1514.825,0.3039,4223
2019-12-31T00:00:00+00:00,1577750400,1514.818,1521.945,1514.755,1521.865,0.27158,13869
2019-12-31T04:00:00+00:00,1577764800,1521.865,1525.235,1521.865,1523.775,0.27369,12391
2019-12-31T08:00:00+00:00,1577779200,1523.795,1524.755,1521.415,1521.815,0.27998,17246
2019-12-31T12:00:00+00:00,1577793600,1521.815,1524.798,1516.515,1521.898,0.2933,47095
2019-12-31T16:00:00+00:00,1577808000,1521.898,1522.858,1519.298,1519.675,0.28674,27628
2019-12-31T20:00:00+00:00,1577822400,1519.688,1520.095,1516.685,1516.915,0.32458,3921
2020-01-01T20:00:00+00:00,1577908800,1518.768,1521.068,1518.075,1518.285,0.34464,2798
2020-01-02T00:00:00+00:00,1577923200,1518.305,1521.135,1517.115,1520.275,0.26932,10846
2020-01-02T04:00:00+00:00,1577937600,1520.275,1521.375,1518.938,1519.128,0.27028,11674
2020-01-02T08:00:00+00:00,1577952000,1519.135,1522.365,1518.395,1521.955,0.26759,21432
2020-01-02T12:00:00+00:00,1577966400,1521.955,1531.328,1521.555,1529.108,0.273,43121
2020-01-02T16:00:00+00:00,1577980800,1529.115,1529.168,1522.715,1526.708,0.26748,26869
2020-01-02T20:00:00+00:00,1577995200,1526.708,1529.098,1526.448,1528.728,0.2768,5834
2020-01-03T00:00:00+00:00,1578009600,1528.728,1540.968,1528.728,1538.548,0.28447,26744
2020-01-03T04:00:00+00:00,1578024000,1538.548,1543.918,1537.398,1543.435,0.27001,36306
2020-01-03T08:00:00+00:00,1578038400,1543.455,1551.445,1543.0,1549.308,0.26463,44524
2020-01-03T12:00:00+00:00,1578052800,1549.318,1550.988,1540.848,1548.808,0.27829,63718
2020-01-03T16:00:00+00:00,1578067200,1548.808,1553.515,1546.158,1547.795,0.27616,36443
2020-01-03T20:00:00+00:00,1578081600,1547.775,1552.148,1546.845,1551.515,0.30027,10837
2020-01-05T20:00:00+00:00,1578254400,1559.735,1585.625,1559.735,1569.145,0.42516,14464
2020-01-06T00:00:00+00:00,1578268800,1569.145,1579.965,1566.995,1578.045,0.28177,42373
2020-01-06T04:00:00+00:00,1578283200,1578.045,1578.235,1570.145,1574.155,0.27617,33327
2020-01-06T08:00:00+00:00,1578297600,1574.165,1579.278,1571.265,1578.835,0.26086,38802
2020-01-06T12:00:00+00:00,1578312000,1578.765,1578.975,1560.855,1564.165,0.26651,61043
2020-01-06T16:00:00+00:00,1578326400,1564.258,1568.468,1560.755,1564.765,0.27049,42085
2020-01-06T20:00:00+00:00,1578340800,1564.795,1566.795,1563.325,1563.678,0.28067,12019
2020-01-07T00:00:00+00:00,1578355200,1563.695,1565.505,1555.248,1558.958,0.27198,25552
2020-01-07T04:00:00+00:00,1578369600,1558.955,1570.845,1557.935,1569.675,0.28072,36620
2020-01-07T08:00:00+00:00,1578384000,1569.635,1570.408,1563.198,1567.548,0.26356,37017
2020-01-07T12:00:00+00:00,1578398400,1567.548,1571.605,1563.805,1568.498,0.27878,62162
2020-01-07T16:00:00+00:00,1578412800,1568.498,1573.088,1568.348,1571.208,0.26513,33577
2020-01-07T20:00:00+00:00,1578427200,1571.185,1598.348,1569.618,1594.955,0.36926,26987
2020-01-08T00:00:00+00:00,1578441600,1594.935,1611.325,1583.538,1590.658,0.33151,91034
2020-01-08T04:00:00+00:00,1578456000,1590.668,1595.338,1585.815,1588.515,0.29201,49869
2020-01-08T08:00:00+00:00,1578470400,1588.515,1588.915,1575.405,1577.165,0.27923,56533
2020-01-08T12:00:00+00:00,1578484800,1577.175,1580.015,1568.038,1573.485,0.28406,72111
2020-01-08T16:00:00+00:00,1578499200,1573.468,1573.468,1552.178,1554.055,0.30479,65093
2020-01-08T20:00:00+00:00,1578513600,1554.055,1562.048,1553.138,1557.985,0.33075,17499
2020-01-09T00:00:00+00:00,1578528000,1557.958,1561.285,1553.735,1558.735,0.28158,20744
2020-01-09T04:00:00+00:00,1578542400,1558.695,1559.395,1540.105,1545.478,0.30148,33303
2020-01-09T08:00:00+00:00,1578556800,1545.478,1549.298,1544.478,1548.355,0.28248,40281
2020-01-09T12:00:00+00:00,1578571200,1548.355,1556.488,1544.745,1546.665,0.28409,57664
2020-01-09T16:00:00+00:00,1578585600,1546.635,1555.028,1546.575,1552.655,0.29088,26039
2020-01-09T20:00:00+00:00,1578600000,1552.635,1553.648,1549.628,1552.645,0.32426,7371
2020-01-10T00:00:00+00:00,1578614400,1552.665,1552.665,1546.188,1546.295,0.2815,15405
2020-01-10T04:00:00+00:00,1578628800,1546.285,1551.628,1545.665,1550.675,0.2738,15254
2020-01-10T08:00:00+00:00,1578643200,1550.735,1552.368,1547.735,1550.588,0.26482,17006
2020-01-10T12:00:00+00:00,1578657600,1550.575,1559.348,1546.768,1558.615,0.28363,58716
2020-01-10T16:00:00+00:00,1578672000,1558.615,1560.995,1557.765,1558.785,0.26324,32132
2020-01-10T20:00:00+00:00,1578686400,1558.855,1563.008,1558.715,1561.785,0.28335,6662
2020-01-12T20:00:00+00:00,1578859200,1561.318,1561.318,1557.915,1559.128,0.34815,2758
2020-01-13T00:00:00+00:00,1578873600,1559.135,1559.955,1554.235,1556.685,0.28394,15357
2020-01-13T04:00:00+00:00,1578888000,1556.705,1556.795,1551.898,1552.638,0.27761,15081
2020-01-13T08:00:00+00:00,1578902400,1552.645,1553.865,1546.408,1552.845,0.27012,28063
2020-01-13T12:00:00+00:00,1578916800,1552.845,1556.048,1548.578,1551.445,0.26103,44614
2020-01-13T16:00:00+00:00,1578931200,1551.365,1553.828,1548.155,1549.675,0.26577,25103
2020-01-13T20:00:00+00:00,1578945600,1549.675,1550.408,1544.858,1545.175,0.30774,7446
2020-01-14T00:00:00+00:00,1578960000,1545.175,1545.235,1535.828,1538.698,0.28829,31764
2020-01-14T04:00:00+00:00,1578974400,1538.688,1543.065,1536.058,1543.055,0.27963,23887
2020-01-14T08:00:00+00:00,1578988800,1543.055,1545.918,1541.698,1543.025,0.27113,30097
2020-01-14T12:00:00+00:00,1579003200,1543.065,1546.965,1540.868,1542.935,0.27762,51698
2020-01-14T16:00:00+00:00,1579017600,1542.925,1548.745,1542.005,1545.998,0.28573,42552
2020-01-14T20:00:00+00:00,1579032000,1546.008,1549.965,1545.478,1549.495,0.27872,10829
2020-01-15T00:00:00+00:00,1579046400,1549.475,1552.825,1546.288,1552.035,0.27522,20469
2020-01-15T04:00:00+00:00,1579060800,1551.898,1553.815,1550.228,1552.725,0.27747,17369
2020-01-15T08:00:00+00:00,1579075200,1552.725,1554.205,1551.345,1551.985,0.26854,20066
2020-01-15T12:00:00+00:00,1579089600,1551.985,1556.958,1546.888,1548.875,0.27636,53197
2020-01-15T16:00:00+00:00,1579104000,1548.935,1558.148,1548.655,1555.338,0.26517,37166
2020-01-15T20:00:00+00:00,1579118400,1555.338,1556.948,1554.088,1556.245,0.29191,13468
2020-01-16T00:00:00+00:00,1579132800,1556.245,1558.035,1555.325,1556.408,0.26953,14780
2020-01-16T04:00:00+00:00,1579147200,1556.418,1556.418,1551.445,1553.445,0.27197,12173
2020-01-16T08:00:00+00:00,1579161600,1553.445,1556.408,1551.755,1556.155,0.26942,21639
2020-01-16T12:00:00+00:00,1579176000,1556.208,1557.415,1547.975,1550.755,0.27362,48614
2020-01-16T16:00:00+00:00,1579190400,1550.695,1552.205,1548.948,1551.658,0.25894,24954
2020-01-16T20:00:00+00:00,1579204800,1551.645,1554.115,1550.738,1552.185,0.30605,9415
2020-01-17T00:00:00+00:00,1579219200,1552.185,1554.625,1549.295,1554.498,0.27651,15112
2020-01-17T04:00:00+00:00,1579233600,1554.508,1556.968,1554.215,1555.485,0.27108,11381
2020-01-17T08:00:00+00:00,1579248000,1555.535,1557.165,1554.045,1556.455,0.25489,15998
2020-01-17T12:00:00+00:00,1579262400,1556.455,1560.688,1554.005,1556.195,0.27328,46803
2020-01-17T16:00:00+00:00,1579276800,1556.195,1561.155,1555.768,1559.655,0.2564,20764
2020-01-17T20:00:00+00:00,1579291200,1559.618,1560.828,1556.205,1556.945,0.27671,5971
2020-01-19T20:00:00+00:00,1579464000,1557.128,1559.015,1556.268,1556.955,0.33155,2630
2020-01-20T00:00:00+00:00,1579478400,1556.955,1558.835,1556.565,1558.825,0.26969,8679
2020-01-20T04:00:00+00:00,1579492800,1558.845,1562.705,1558.845,1561.468,0.26734,10646
2020-01-20T08:00:00+00:00,1579507200,1561.468,1561.668,1559.205,1560.055,0.26301,10438
2020-01-20T12:00:00+00:00,1579521600,1560.055,1560.985,1558.198,1560.905,0.25516,14153
2020-01-20T16:00:00+00:00,1579536000,1560.835,1561.155,1560.275,1560.478,0.27218,5137
2020-01-20T20:00:00+00:00,1579550400,1560.708,1561.385,1559.755,1561.155,0.34983,1346
2020-01-21T00:00:00+00:00,1579564800,1561.185,1568.508,1559.938,1566.768,0.29425,24289
2020-01-21T04:00:00+00:00,1579579200,1566.775,1567.668,1558.238,1559.375,0.27016,19858
2020-01-21T08:00:00+00:00,1579593600,1559.375,1561.475,1551.778,1555.585,0.28149,40362
2020-01-21T12:00:00+00:00,1579608000,1555.608,1558.498,1546.238,1558.475,0.28542,64117
2020-01-21T16:00:00+00:00,1579622400,1558.428,1559.945,1554.348,1558.195,0.26404,32849
2020-01-21T20:00:00+00:00,1579636800,1558.205,1559.565,1555.548,1556.525,0.27465,10734
2020-01-22T00:00:00+00:00,1579651200,1556.545,1557.495,1550.3,1551.985,0.29162,23333
2020-01-22T04:00:00+00:00,1579665600,1551.985,1554.785,1550.408,1554.265,0.28192,12287
2020-01-22T08:00:00+00:00,1579680000,1554.455,1559.168,1553.825,1555.688,0.26168,23890
2020-01-22T12:00:00+00:00,1579694400,1555.688,1558.955,1554.525,1557.035,0.26468,39107
2020-01-22T16:00:00+00:00,1579708800,1557.005,1558.428,1555.365,1557.548,0.25834,24196
2020-01-22T20:00:00+00:00,1579723200,1557.548,1563.675,1557.328,1561.365,0.29805,11455
2020-01-23T00:00:00+00:00,1579737600,1561.365,1563.498,1555.758,1558.708,0.28464,21090
2020-01-23T04:00:00+00:00,1579752000,1558.748,1560.805,1553.315,1554.075,0.28447,17450
2020-01-23T08:00:00+00:00,1579766400,1554.105,1556.948,1552.805,1552.845,0.26325,19741
2020-01-23T12:00:00+00:00,1579780800,1552.845,1564.858,1551.798,1562.558,0.27293,52492
2020-01-23T16:00:00+00:00,1579795200,1562.628,1567.848,1560.228,1562.775,0.27666,41044
2020-01-23T20:00:00+00:00,1579809600,1562.775,1564.075,1560.775,1560.885,0.30561,11641
2020-01-24T00:00:00+00:00,1579824000,1560.865,1562.665,1559.508,1561.645,0.28397,10245
2020-01-24T04:00:00+00:00,1579838400,1561.695,1562.225,1559.325,1559.485,0.26223,7859
2020-01-24T08:00:00+00:00,1579852800,1559.545,1562.888,1557.545,1559.095,0.26413,26835
2020-01-24T12:00:00+00:00,1579867200,1559.095,1575.435,1556.455,1569.998,0.26795,50729
2020-01-24T16:00:00+00:00,1579881600,1569.978,1575.785,1568.785,1571.048,0.27246,60129
2020-01-24T20:00:00+00:00,1579896000,1571.048,1572.548,1569.468,1571.455,0.28498,17125
2020-01-26T20:00:00+00:00,1580068800,1579.248,1588.345,1579.248,1582.665,0.41913,9478
2020-01-27T00:00:00+00:00,1580083200,1582.655,1583.035,1577.235,1579.348,0.31556,21551
2020-01-27T04:00:00+00:00,1580097600,1579.345,1580.868,1576.755,1578.008,0.28404,24436
2020-01-27T08:00:00+00:00,1580112000,1578.008,1586.198,1575.798,1584.328,0.27306,48065
2020-01-27T12:00:00+00:00,1580126400,1584.338,1585.908,1578.035,1583.728,0.27237,73003
2020-01-27T16:00:00+00:00,1580140800,1583.695,1583.928,1577.025,1580.805,0.26974,48216
2020-01-27T20:00:00+00:00,1580155200,1580.848,1583.266,1579.948,1581.055,0.30522,13239
2020-01-28T00:00:00+00:00,1580169600,1581.065,1582.965,1579.495,1579.575,0.27112,15808
2020-01-28T04:00:00+00:00,1580184000,1579.585,1580.538,1576.795,1577.065,0.27628,19462
2020-01-28T08:00:00+00:00,1580198400,1577.115,1582.218,1577.115,1578.065,0.27176,37104
2020-01-28T12:00:00+00:00,1580212800,1578.068,1578.758,1567.315,1570.168,0.27804,65706
2020-01-28T16:00:00+00:00,1580227200,1570.145,1571.735,1567.028,1569.135,0.26612,35456
2020-01-28T20:00:00+00:00,1580241600,1569.175,1570.168,1565.388,1568.385,0.30963,13829
2020-01-29T00:00:00+00:00,1580256000,1568.365,1569.225,1563.335,1564.475,0.30041,21719
2020-01-29T04:00:00+00:00,1580270400,1564.455,1569.038,1564.395,1567.978,0.27822,17284
2020-01-29T08:00:00+00:00,1580284800,1567.988,1572.358,1567.168,1571.848,0.27368,31978
2020-01-29T12:00:00+00:00,1580299200,1571.848,1574.408,1567.775,1569.765,0.28121,58483
2020-01-29T16:00:00+00:00,1580313600,1569.765,1576.878,1568.708,1576.598,0.27994,38707
2020-01-29T20:00:00+00:00,1580328000,1576.578,1577.948,1574.768,1576.995,0.30658,18471
2020-01-30T00:00:00+00:00,1580342400,1576.995,1580.555,1575.958,1580.088,0.29047,22254
2020-01-30T04:00:00+00:00,1580356800,1580.088,1582.475,1576.895,1581.555,0.28886,26423
2020-01-30T08:00:00+00:00,1580371200,1581.555,1582.985,1578.348,1579.925,0.28012,37743
2020-01-30T12:00:00+00:00,1580385600,1579.918,1585.188,1572.155,1583.575,0.28396,72838
2020-01-30T16:00:00+00:00,1580400000,1583.575,1585.888,1577.028,1579.725,0.29073,52698
2020-01-30T20:00:00+00:00,1580414400,1579.715,1579.845,1572.595,1575.085,0.3211,17875
2020-01-31T00:00:00+00:00,1580428800,1575.105,1575.485,1570.905,1572.135,0.28605,23911
2020-01-31T04:00:00+00:00,1580443200,1572.138,1576.655,1571.505,1576.365,0.27885,17449
2020-01-31T08:00:00+00:00,1580457600,1576.435,1581.988,1576.068,1580.575,0.2721,28879
2020-01-31T12:00:00+00:00,1580472000,1580.575,1589.068,1578.198,1588.158,0.29307,63087
2020-01-31T16:00:00+00:00,1580486400,1588.168,1588.598,1580.705,1586.748,0.29399,79097
2020-01-31T20:00:00+00:00,1580500800,1586.758,1590.528,1585.065,1589.325,0.31823,22220
2020-02-02T20:00:00+00:00,1580673600,1593.388,1593.488,1587.525,1589.345,0.3518,7206
2020-02-03T00:00:00+00:00,1580688000,1589.395,1590.015,1579.535,1580.238,0.30597,38005
2020-02-03T04:00:00+00:00,1580702400,1580.138,1581.345,1574.0,1576.345,0.28908,21415
2020-02-03T08:00:00+00:00,1580716800,1576.345,1581.155,1573.218,1578.075,0.27575,31136
2020-02-03T12:00:00+00:00,1580731200,1578.095,1580.348,1569.188,1575.515,0.28965,45813
2020-02-03T16:00:00+00:00,1580745600,1575.508,1579.658,1574.208,1577.685,0.27909,37110
2020-02-03T20:00:00+00:00,1580760000,1577.695,1579.168,1575.495,1578.725,0.31848,8072
2020-02-04T00:00:00+00:00,1580774400,1578.685,1579.545,1573.768,1575.385,0.293,23718
2020-02-04T04:00:00+00:00,1580788800,1575.385,1575.995,1570.505,1571.975,0.2842,20739
2020-02-04T08:00:00+00:00,1580803200,1571.975,1573.135,1565.395,1570.085,0.27613,26750
2020-02-04T12:00:00+00:00,1580817600,1570.115,1570.635,1551.165,1555.195,0.28564,55444
2020-02-04T16:00:00+00:00,1580832000,1555.175,1555.948,1548.965,1552.535,0.28127,32581
2020-02-04T20:00:00+00:00,1580846400,1552.525,1555.298,1551.968,1554.018,0.31077,9899
2020-02-05T00:00:00+00:00,1580860800,1554.028,1557.495,1552.025,1557.215,0.28531,22674
2020-02-05T04:00:00+00:00,1580875200,1557.225,1562.368,1556.755,1560.988,0.27248,15548
2020-02-05T08:00:00+00:00,1580889600,1561.005,1561.878,1547.425,1554.855,0.29149,41549
2020-02-05T12:00:00+00:00,1580904000,1554.855,1558.908,1549.535,1555.975,0.29917,53707
2020-02-05T16:00:00+00:00,1580918400,1555.995,1559.548,1555.995,1556.935,0.275,24046
2020-02-05T20:00:00+00:00,1580932800,1556.908,1557.805,1554.425,1556.005,0.31126,7622
2020-02-06T00:00:00+00:00,1580947200,1556.055,1558.065,1553.875,1554.305,0.28969,19316
2020-02-06T04:00:00+00:00,1580961600,1554.328,1560.148,1552.385,1558.538,0.28913,21899
2020-02-06T08:00:00+00:00,1580976000,1558.545,1567.528,1558.065,1564.675,0.28013,28134
2020-02-06T12:00:00+00:00,1580990400,1564.685,1568.178,1561.515,1563.295,0.29277,44963
2020-02-06T16:00:00+00:00,1581004800,1563.295,1567.048,1562.965,1566.948,0.27032,20473
2020-02-06T20:00:00+00:00,1581019200,1566.948,1567.338,1565.625,1565.745,0.29975,5011
2020-02-07T00:00:00+00:00,1581033600,1565.765,1569.065,1564.785,1566.588,0.25479,43805
2020-02-07T04:00:00+00:00,1581048000,1566.598,1567.258,1562.795,1566.668,0.23698,42506
2020-02-07T08:00:00+00:00,1581062400,1566.668,1569.815,1564.258,1568.525,0.25859,36102
2020-02-07T12:00:00+00:00,1581076800,1568.525,1574.008,1559.875,1566.225,0.28176,63856
2020-02-07T16:00:00+00:00,1581091200,1566.215,1573.158,1565.085,1572.058,0.27158,38242
2020-02-07T20:00:00+00:00,1581105600,1572.048,1572.048,1569.698,1570.198,0.27851,4768
2020-02-09T20:00:00+00:00,1581278400,1571.248,1576.578,1568.898,1574.745,0.34507,7147
2020-02-10T00:00:00+00:00,1581292800,1574.745,1574.958,1567.905,1570.725,0.29387,30224
2020-02-10T04:00:00+00:00,1581307200,1570.725,1572.748,1569.355,1571.895,0.28393,22176
2020-02-10T08:00:00+00:00,1581321600,1571.875,1575.168,1570.655,1572.195,0.28277,26356
2020-02-10T12:00:00+00:00,1581336000,1572.185,1575.648,1571.315,1574.125,0.2689,37964
2020-02-10T16:00:00+00:00,1581350400,1574.115,1576.928,1573.658,1574.845,0.26314,20940
2020-02-10T20:00:00+00:00,1581364800,1574.845,1574.915,1571.638,1571.895,0.30477,9730
2020-02-11T00:00:00+00:00,1581379200,1571.898,1572.245,1566.838,1568.505,0.27724,15702
2020-02-11T04:00:00+00:00,1581393600,1568.525,1569.865,1566.288,1568.398,0.26865,17315
2020-02-11T08:00:00+00:00,1581408000,1568.438,1569.945,1565.698,1568.565,0.27598,27459
2020-02-11T12:00:00+00:00,1581422400,1568.565,1573.978,1562.665,1564.015,0.27897,51680
2020-02-11T16:00:00+00:00,1581436800,1563.975,1568.698,1561.925,1568.465,0.27935,38023
2020-02-11T20:00:00+00:00,1581451200,1568.425,1569.455,1565.815,1567.045,0.28815,11618
2020-02-12T00:00:00+00:00,1581465600,1566.988,1568.555,1565.665,1567.855,0.2756,17304
2020-02-12T04:00:00+00:00,1581480000,1567.875,1568.348,1563.735,1565.205,0.27349,18689
2020-02-12T08:00:00+00:00,1581494400,1565.215,1567.668,1561.728,1567.125,0.26867,26444
2020-02-12T12:00:00+00:00,1581508800,1567.125,1567.648,1563.488,1567.038,0.2715,37532
2020-02-12T16:00:00+00:00,1581523200,1566.978,1570.398,1565.135,1565.445,0.26475,23778
2020-02-12T20:00:00+00:00,1581537600,1565.445,1571.325,1564.918,1569.718,0.3055,12200
2020-02-13T00:00:00+00:00,1581552000,1569.708,1574.228,1569.018,1574.045,0.27921,23199
2020-02-13T04:00:00+00:00,1581566400,1573.995,1575.698,1572.185,1575.198,0.2622,19916
2020-02-13T08:00:00+00:00,1581580800,1575.245,1577.488,1573.168,1573.998,0.26992,34506
2020-02-13T12:00:00+00:00,1581595200,1573.955,1578.248,1571.788,1575.885,0.27201,51258
2020-02-13T16:00:00+00:00,1581609600,1575.885,1577.418,1574.265,1575.908,0.27017,31922
2020-02-13T20:00:00+00:00,1581624000,1575.918,1577.705,1575.318,1577.248,0.27529,10273
2020-02-14T00:00:00+00:00,1581638400,1577.145,1578.108,1572.975,1574.205,0.28092,17424
2020-02-14T04:00:00+00:00,1581652800,1574.198,1576.365,1573.835,1575.298,0.27268,13401
2020-02-14T08:00:00+00:00,1581667200,1575.298,1576.968,1574.435,1576.285,0.26612,19183
2020-02-14T12:00:00+00:00,1581681600,1576.285,1582.815,1574.825,1581.415,0.26384,39462
2020-02-14T16:00:00+00:00,1581696000,1581.395,1584.248,1580.435,1582.648,0.25864,23247
2020-02-14T20:00:00+00:00,1581710400,1582.648,1584.948,1581.948,1583.648,0.28556,4812
2020-02-16T20:00:00+00:00,1581883200,1581.858,1583.068,1580.325,1582.878,0.32935,3052
2020-02-17T00:00:00+00:00,1581897600,1582.968,1583.698,1581.375,1582.395,0.27581,13598
2020-02-17T04:00:00+00:00,1581912000,1582.438,1583.148,1579.618,1580.088,0.27464,8831
2020-02-17T08:00:00+00:00,1581926400,1580.075,1581.328,1578.798,1580.355,0.26891,12200
2020-02-17T12:00:00+00:00,1581940800,1580.355,1582.555,1580.318,1580.985,0.26828,10741
2020-02-17T16:00:00+00:00,1581955200,1580.995,1582.275,1580.815,1581.008,0.27175,5182
2020-02-17T20:00:00+00:00,1581969600,1584.018,1585.415,1582.298,1584.205,0.36207,3560
2020-02-18T00:00:00+00:00,1581984000,1584.165,1587.028,1584.155,1586.768,0.25927,19525
2020-02-18T04:00:00+00:00,1581998400,1586.765,1588.998,1584.968,1588.318,0.26396,16356
2020-02-18T08:00:00+00:00,1582012800,1588.328,1589.328,1586.618,1587.805,0.26685,26850
2020-02-18T12:00:00+00:00,1582027200,1587.805,1600.778,1586.365,1600.698,0.26721,45548
2020-02-18T16:00:00+00:00,1582041600,1600.698,1605.018,1599.975,1601.455,0.26114,39420
2020-02-18T20:00:00+00:00,1582056000,1601.415,1603.298,1600.405,1600.805,0.27552,7852
2020-02-19T00:00:00+00:00,1582070400,1600.815,1604.738,1599.455,1601.455,0.2771,23137
2020-02-19T04:00:00+00:00,1582084800,1601.475,1605.735,1601.225,1604.805,0.27958,18735
2020-02-19T08:00:00+00:00,1582099200,1605.048,1611.208,1604.775,1609.035,0.26584,29829
2020-02-19T12:00:00+00:00,1582113600,1609.028,1609.325,1602.298,1606.488,0.27385,47874
2020-02-19T16:00:00+00:00,1582128000,1606.428,1610.038,1603.595,1606.398,0.27022,31231
2020-02-19T20:00:00+00:00,1582142400,1606.498,1612.888,1605.868,1610.295,0.2972,14754
2020-02-20T00:00:00+00:00,1582156800,1610.335,1611.968,1605.938,1610.105,0.28972,30300
2020-02-20T04:00:00+00:00,1582171200,1610.115,1610.465,1603.785,1607.175,0.28238,19942
2020-02-20T08:00:00+00:00,1582185600,1607.135,1617.745,1606.965,1617.425,0.27096,26885
2020-02-20T12:00:00+00:00,1582200000,1617.488,1622.398,1613.625,1617.795,0.27995,50504
2020-02-20T16:00:00+00:00,1582214400,1617.795,1623.658,1615.995,1619.765,0.2885,56843
2020-02-20T20:00:00+00:00,1582228800,1619.775,1622.578,1618.875,1622.035,0.31844,9510
2020-02-21T00:00:00+00:00,1582243200,1622.085,1625.045,1618.895,1624.905,0.28254,29400
2020-02-21T04:00:00+00:00,1582257600,1624.915,1635.298,1624.575,1633.305,0.27717,32242
2020-02-21T08:00:00+00:00,1582272000,1633.285,1636.468,1631.445,1635.235,0.27636,45647
2020-02-21T12:00:00+00:00,1582286400,1635.235,1649.165,1633.468,1643.248,0.28669,72583
2020-02-21T16:00:00+00:00,1582300800,1643.245,1648.368,1638.248,1644.075,0.27903,65120
2020-02-21T20:00:00+00:00,1582315200,1644.055,1647.185,1642.785,1643.148,0.29321,14047
2020-02-23T20:00:00+00:00,1582488000,1654.598,1680.605,1651.748,1665.465,0.41717,14948
2020-02-24T00:00:00+00:00,1582502400,1665.475,1667.798,1658.428,1660.785,0.32118,46861
2020-02-24T04:00:00+00:00,1582516800,1660.785,1673.335,1659.628,1672.385,0.2846,39526
2020-02-24T08:00:00+00:00,1582531200,1672.475,1689.255,1671.828,1682.195,0.28415,79724
2020-02-24T12:00:00+00:00,1582545600,1682.215,1684.198,1669.568,1674.515,0.29106,99857
2020-02-24T16:00:00+00:00,1582560000,1674.655,1676.785,1650.838,1653.648,0.29774,90473
2020-02-24T20:00:00+00:00,1582574400,1653.635,1663.805,1653.015,1653.825,0.33712,37248
2020-02-25T00:00:00+00:00,1582588800,1653.805,1658.695,1642.755,1656.558,0.31994,61232
2020-02-25T04:00:00+00:00,1582603200,1656.568,1657.348,1633.018,1640.655,0.31431,53934
2020-02-25T08:00:00+00:00,1582617600,1640.655,1657.065,1640.055,1646.405,0.29527,88393
2020-02-25T12:00:00+00:00,1582632000,1646.405,1658.375,1644.375,1654.595,0.3014,96628
2020-02-25T16:00:00+00:00,1582646400,1654.595,1657.058,1641.135,1650.055,0.31164,116106
2020-02-25T20:00:00+00:00,1582660800,1650.045,1651.795,1624.898,1639.778,0.34169,38415
2020-02-26T00:00:00+00:00,1582675200,1639.755,1646.175,1636.805,1639.995,0.31674,65112
2020-02-26T04:00:00+00:00,1582689600,1639.965,1647.888,1639.775,1644.175,0.29154,51569
2020-02-26T08:00:00+00:00,1582704000,1644.205,1654.895,1643.735,1647.355,0.28792,82934
2020-02-26T12:00:00+00:00,1582718400,1647.315,1648.108,1624.785,1637.695,0.31664,88147
2020-02-26T16:00:00+00:00,1582732800,1637.775,1649.938,1636.485,1648.198,0.31298,80935
2020-02-26T20:00:00+00:00,1582747200,1648.198,1648.995,1636.005,1643.508,0.32552,32147
2020-02-27T00:00:00+00:00,1582761600,1643.508,1651.318,1642.885,1650.738,0.30898,64904
2020-02-27T04:00:00+00:00,1582776000,1650.748,1652.558,1641.5,1648.065,0.292,57496
2020-02-27T08:00:00+00:00,1582790400,1648.065,1650.885,1644.098,1649.008,0.27886,74830
2020-02-27T12:00:00+00:00,1582804800,1649.005,1660.368,1647.188,1651.795,0.29272,109982
2020-02-27T16:00:00+00:00,1582819200,1651.885,1654.988,1638.085,1641.455,0.30058,112439
2020-02-27T20:00:00+00:00,1582833600,1641.455,1649.388,1635.145,1645.665,0.33441,39105
2020-02-28T00:00:00+00:00,1582848000,1645.628,1648.118,1638.765,1638.865,0.31241,75975
2020-02-28T04:00:00+00:00,1582862400,1638.935,1642.278,1621.135,1627.685,0.30294,89685
2020-02-28T08:00:00+00:00,1582876800,1627.705,1641.278,1623.768,1629.425,0.30838,102522
2020-02-28T12:00:00+00:00,1582891200,1629.445,1629.725,1571.265,1583.645,0.30916,114262
2020-02-28T16:00:00+00:00,1582905600,1583.665,1595.365,1562.848,1583.098,0.34837,72994
2020-02-28T20:00:00+00:00,1582920000,1583.098,1588.225,1575.918,1585.435,0.455,15580
2020-03-01T20:00:00+00:00,1583092800,1591.378,1592.958,1575.315,1584.795,0.44911,11741
2020-03-02T00:00:00+00:00,1583107200,1584.805,1606.518,1581.515,1598.798,0.33822,85929
2020-03-02T04:00:00+00:00,1583121600,1598.808,1605.415,1595.918,1597.835,0.32418,73298
2020-03-02T08:00:00+00:00,1583136000,1597.818,1610.958,1597.818,1606.338,0.29981,103868
2020-03-02T12:00:00+00:00,1583150400,1606.348,1607.148,1590.918,1593.638,0.3027,124255
2020-03-02T16:00:00+00:00,1583164800,1593.628,1601.388,1590.368,1594.898,0.30669,88355
2020-03-02T20:00:00+00:00,1583179200,1594.895,1596.875,1583.845,1591.895,0.34645,29022
2020-03-03T00:00:00+00:00,1583193600,1591.895,1600.218,1589.658,1597.788,0.30311,53183
2020-03-03T04:00:00+00:00,1583208000,1597.788,1601.098,1593.438,1594.918,0.29018,54016
2020-03-03T08:00:00+00:00,1583222400,1594.948,1604.428,1594.045,1602.938,0.28918,64061
2020-03-03T12:00:00+00:00,1583236800,1602.938,1643.648,1599.595,1633.865,0.31666,113197
2020-03-03T16:00:00+00:00,1583251200,1633.865,1649.208,1626.428,1626.488,0.35207,115254
2020-03-03T20:00:00+00:00,1583265600,1626.498,1652.548,1626.418,1645.748,0.38873,34821
2020-03-04T00:00:00+00:00,1583280000,1645.798,1647.518,1639.538,1641.768,0.32423,68131
2020-03-04T04:00:00+00:00,1583294400,1641.768,1645.448,1631.798,1636.058,0.31066,49683
2020-03-04T08:00:00+00:00,1583308800,1636.058,1645.065,1634.658,1643.848,0.32182,66011
2020-03-04T12:00:00+00:00,1583323200,1643.908,1649.265,1636.835,1643.008,0.33175,101631
2020-03-04T16:00:00+00:00,1583337600,1642.988,1644.508,1633.828,1640.188,0.33087,75971
2020-03-04T20:00:00+00:00,1583352000,1640.228,1641.158,1633.875,1636.535,0.34883,24036
2020-03-05T00:00:00+00:00,1583366400,1636.508,1640.768,1635.518,1639.445,0.30832,35835
2020-03-05T04:00:00+00:00,1583380800,1639.445,1642.738,1637.078,1637.345,0.29963,30780
2020-03-05T08:00:00+00:00,1583395200,1637.398,1648.668,1637.108,1647.785,0.28599,67478
2020-03-05T12:00:00+00:00,1583409600,1647.788,1662.528,1645.918,1659.938,0.30106,102318
2020-03-05T16:00:00+00:00,1583424000,1659.928,1672.048,1657.568,1671.638,0.29581,81204
2020-03-05T20:00:00+00:00,1583438400,1671.675,1674.838,1668.508,1674.498,0.30398,34260
2020-03-06T00:00:00+00:00,1583452800,1674.518,1676.475,1667.498,1668.915,0.30026,55192
2020-03-06T04:00:00+00:00,1583467200,1668.915,1680.968,1667.768,1672.128,0.31471,56276
2020-03-06T08:00:00+00:00,1583481600,1672.138,1689.878,1670.808,1686.035,0.33042,99333
2020-03-06T12:00:00+00:00,1583496000,1686.035,1689.498,1642.128,1663.908,0.32454,127764
2020-03-06T16:00:00+00:00,1583510400,1663.898,1687.293,1658.098,1686.678,0.32836,96663
2020-03-06T20:00:00+00:00,1583524800,1686.658,1692.088,1665.925,1673.548,0.40315,25455
2020-03-08T20:00:00+00:00,1583697600,1694.895,1703.318,1678.725,1700.078,0.56831,21043
2020-03-09T00:00:00+00:00,1583712000,1700.048,1702.968,1674.298,1681.345,0.40698,81636
2020-03-09T04:00:00+00:00,1583726400,1681.345,1685.258,1657.308,1681.368,0.43404,69184
2020-03-09T08:00:00+00:00,1583740800,1681.345,1682.578,1661.698,1675.848,0.35295,49249
2020-03-09T12:00:00+00:00,1583755200,1675.868,1685.718,1663.108,1665.0,0.34164,90555
2020-03-09T16:00:00+00:00,1583769600,1665.0,1681.458,1661.765,1677.255,0.34358,76195
2020-03-09T20:00:00+00:00,1583784000,1677.408,1680.398,1662.565,1666.415,0.47545,19642
2020-03-10T00:00:00+00:00,1583798400,1666.415,1671.365,1661.485,1666.585,0.35578,60196
2020-03-10T04:00:00+00:00,1583812800,1666.575,1668.175,1649.248,1662.045,0.37832,65954
2020-03-10T08:00:00+00:00,1583827200,1662.055,1667.418,1655.778,1662.055,0.33834,60167
2020-03-10T12:00:00+00:00,1583841600,1662.025,1667.458,1649.915,1654.435,0.32873,104117
2020-03-10T16:00:00+00:00,1583856000,1654.388,1661.745,1641.495,1641.965,0.32732,81800
2020-03-10T20:00:00+00:00,1583870400,1641.995,1654.768,1641.855,1652.265,0.41902,12488
2020-03-11T00:00:00+00:00,1583884800,1652.245,1660.028,1650.545,1658.785,0.35334,31048
2020-03-11T04:00:00+00:00,1583899200,1658.815,1666.568,1658.085,1662.315,0.34074,29342
2020-03-11T08:00:00+00:00,1583913600,1662.315,1668.438,1656.375,1665.928,0.3266,66133
2020-03-11T12:00:00+00:00,1583928000,1665.925,1671.158,1644.125,1649.685,0.31804,104087
2020-03-11T16:00:00+00:00,1583942400,1649.685,1650.805,1632.935,1636.335,0.31421,89464
2020-03-11T20:00:00+00:00,1583956800,1636.305,1644.148,1633.348,1643.655,0.39006,13289
2020-03-12T00:00:00+00:00,1583971200,1643.645,1649.965,1630.708,1636.898,0.37919,50242
2020-03-12T04:00:00+00:00,1583985600,1636.875,1642.635,1631.258,1639.938,0.35261,32636
2020-03-12T08:00:00+00:00,1584000000,1639.938,1645.448,1632.365,1634.065,0.33721,63028
2020-03-12T12:00:00+00:00,1584014400,1634.198,1634.825,1560.508,1566.305,0.40231,108705
2020-03-12T16:00:00+00:00,1584028800,1566.295,1609.778,1565.755,1571.625,0.41523,102559
2020-03-12T20:00:00+00:00,1584043200,1571.578,1584.238,1565.918,1576.618,0.57641,18283
2020-03-13T00:00:00+00:00,1584057600,1576.628,1583.038,1551.265,1559.975,0.46487,50260
2020-03-13T04:00:00+00:00,1584072000,1559.985,1594.208,1557.745,1591.638,0.42406,56236
2020-03-13T08:00:00+00:00,1584086400,1591.628,1593.505,1577.135,1580.915,0.34763,60360
2020-03-13T12:00:00+00:00,1584100800,1580.915,1597.825,1521.755,1534.708,0.37697,122534
2020-03-13T16:00:00+00:00,1584115200,1534.598,1538.885,1504.398,1523.508,0.41965,113346
2020-03-13T20:00:00+00:00,1584129600,1523.648,1532.928,1516.385,1529.348,0.7011,6771
2020-03-15T20:00:00+00:00,1584302400,1567.348,1575.305,1539.395,1557.458,1.0361,28309
2020-03-16T00:00:00+00:00,1584316800,1557.908,1560.718,1523.845,1547.895,0.50564,54014
2020-03-16T04:00:00+00:00,1584331200,1547.925,1550.755,1529.438,1531.148,0.45696,48378
2020-03-16T08:00:00+00:00,1584345600,1531.148,1541.925,1456.288,1461.568,0.5939,74966
2020-03-16T12:00:00+00:00,1584360000,1461.668,1519.275,1451.148,1503.748,0.49612,111577
2020-03-16T16:00:00+00:00,1584374400,1503.778,1513.548,1483.688,1509.068,0.46592,69623
2020-03-16T20:00:00+00:00,1584388800,1509.178,1517.738,1495.758,1507.195,0.74573,16692
2020-03-17T00:00:00+00:00,1584403200,1507.155,1519.238,1485.355,1500.768,0.57259,46789
2020-03-17T04:00:00+00:00,1584417600,1500.718,1505.048,1482.538,1486.398,0.38082,42729
2020-03-17T08:00:00+00:00,1584432000,1486.428,1487.878,1465.468,1472.688,0.41954,57409
2020-03-17T12:00:00+00:00,1584446400,1472.728,1553.808,1472.175,1532.345,0.36938,118893
2020-03-17T16:00:00+00:00,1584460800,1532.365,1541.288,1520.438,1529.498,0.38922,74275
2020-03-17T20:00:00+00:00,1584475200,1529.568,1546.248,1526.408,1537.568,0.58097,15698
2020-03-18T00:00:00+00:00,1584489600,1537.558,1539.828,1527.795,1532.278,0.4176,44033
2020-03-18T04:00:00+00:00,1584504000,1532.268,1532.905,1494.678,1497.828,0.49184,48920
2020-03-18T08:00:00+00:00,1584518400,1497.848,1517.048,1487.298,1516.878,0.56698,54660
2020-03-18T12:00:00+00:00,1584532800,1516.748,1522.785,1485.318,1492.478,0.46969,104229
2020-03-18T16:00:00+00:00,1584547200,1492.458,1502.688,1472.625,1495.088,0.47087,99677
2020-03-18T20:00:00+00:00,1584561600,1494.988,1500.828,1472.758,1497.888,0.62076,18259
2020-03-19T00:00:00+00:00,1584576000,1498.058,1498.638,1464.898,1469.278,0.60657,39209
2020-03-19T04:00:00+00:00,1584590400,1469.188,1496.058,1464.038,1483.238,0.50164,38380
2020-03-19T08:00:00+00:00,1584604800,1483.498,1489.128,1470.868,1473.555,0.61385,34882
2020-03-19T12:00:00+00:00,1584619200,1473.505,1493.268,1463.975,1479.945,0.40459,95086
2020-03-19T16:00:00+00:00,1584633600,1479.835,1480.805,1465.408,1467.978,0.4203,61320
2020-03-19T20:00:00+00:00,1584648000,1467.838,1474.658,1454.898,1471.258,0.67635,12135
2020-03-20T00:00:00+00:00,1584662400,1471.228,1486.725,1470.668,1483.678,0.60278,31905
2020-03-20T04:00:00+00:00,1584676800,1483.678,1510.948,1480.318,1510.258,0.47448,37495
2020-03-20T08:00:00+00:00,1584691200,1510.128,1516.045,1500.895,1503.335,0.51729,40990
2020-03-20T12:00:00+00:00,1584705600,1503.335,1507.615,1485.805,1490.235,0.36884,68589
2020-03-20T16:00:00+00:00,1584720000,1490.225,1493.508,1479.175,1489.148,0.38819,47448
2020-03-20T20:00:00+00:00,1584734400,1489.148,1499.898,1486.588,1498.698,0.59264,4996
2020-03-22T20:00:00+00:00,1584907200,1503.768,1508.148,1482.258,1491.375,0.62991,16133
2020-03-23T00:00:00+00:00,1584921600,1491.395,1501.388,1485.788,1493.385,0.5099,33911
2020-03-23T04:00:00+00:00,1584936000,1493.385,1495.995,1484.978,1490.118,0.42723,27289
2020-03-23T08:00:00+00:00,1584950400,1490.128,1495.408,1486.258,1494.278,0.4236,30577
2020-03-23T12:00:00+00:00,1584964800,1494.245,1543.998,1494.148,1542.798,0.48388,84755
2020-03-23T16:00:00+00:00,1584979200,1542.748,1561.198,1540.388,1553.528,0.5165,54486
2020-03-23T20:00:00+00:00,1584993600,1553.648,1567.398,1551.048,1566.815,0.86545,12225
2020-03-24T00:00:00+00:00,1585008000,1566.815,1584.328,1560.338,1571.548,0.91521,24227
2020-03-24T04:00:00+00:00,1585022400,1571.428,1578.488,1557.015,1570.728,2.14164,11216
2020-03-24T08:00:00+00:00,1585036800,1570.938,1615.248,1567.378,1599.288,6.30578,30590
2020-03-24T12:00:00+00:00,1585051200,1599.288,1619.758,1581.908,1614.188,6.06387,26063
2020-03-24T16:00:00+00:00,1585065600,1614.138,1632.918,1608.818,1626.548,3.90009,20023
2020-03-24T20:00:00+00:00,1585080000,1626.548,1639.18,1615.998,1630.105,3.80611,9734
2020-03-25T00:00:00+00:00,1585094400,1630.105,1631.705,1605.0,1614.798,3.06546,18314
2020-03-25T04:00:00+00:00,1585108800,1614.798,1616.965,1597.288,1602.345,3.50677,15633
2020-03-25T08:00:00+00:00,1585123200,1602.335,1626.925,1594.682,1607.675,2.57101,20053
2020-03-25T12:00:00+00:00,1585137600,1607.675,1620.148,1600.428,1612.648,2.48483,31921
2020-03-25T16:00:00+00:00,1585152000,1612.648,1617.718,1607.418,1608.868,1.25756,23731
2020-03-25T20:00:00+00:00,1585166400,1608.978,1616.868,1606.848,1610.148,1.74816,6452
2020-03-26T00:00:00+00:00,1585180800,1610.098,1612.308,1595.301,1605.035,2.16959,14377
2020-03-26T04:00:00+00:00,1585195200,1605.065,1606.868,1595.748,1605.388,2.19156,10905
2020-03-26T08:00:00+00:00,1585209600,1605.328,1622.548,1600.945,1619.518,1.85937,14183
2020-03-26T12:00:00+00:00,1585224000,1619.568,1638.648,1616.398,1626.368,1.88563,26993
2020-03-26T16:00:00+00:00,1585238400,1626.368,1645.052,1616.0,1628.341,2.50305,19457
2020-03-26T20:00:00+00:00,1585252800,1628.27,1635.238,1622.558,1625.748,2.36919,6776
2020-03-27T00:00:00+00:00,1585267200,1625.748,1627.278,1619.748,1624.998,1.39818,11417
2020-03-27T04:00:00+00:00,1585281600,1625.048,1628.048,1612.838,1621.538,1.43711,14364
2020-03-27T08:00:00+00:00,1585296000,1621.538,1625.678,1613.635,1617.688,1.33087,15842
2020-03-27T12:00:00+00:00,1585310400,1617.728,1629.248,1615.248,1624.238,1.30489,28216
2020-03-27T16:00:00+00:00,1585324800,1624.048,1631.098,1618.658,1619.438,1.06735,20831
2020-03-27T20:00:00+00:00,1585339200,1619.198,1628.448,1617.548,1626.148,2.06533,2186
2020-03-29T20:00:00+00:00,1585512000,1639.458,1639.458,1610.098,1626.398,3.54167,7173
2020-03-30T00:00:00+00:00,1585526400,1626.348,1628.798,1613.59,1617.088,2.4397,15898
2020-03-30T04:00:00+00:00,1585540800,1617.078,1620.408,1610.825,1619.548,1.93956,12484
2020-03-30T08:00:00+00:00,1585555200,1619.648,1627.188,1618.048,1619.938,1.38589,11040
2020-03-30T12:00:00+00:00,1585569600,1620.138,1624.048,1615.468,1620.088,1.15171,32872
2020-03-30T16:00:00+00:00,1585584000,1619.988,1622.798,1611.175,1622.498,0.93678,31710
2020-03-30T20:00:00+00:00,1585598400,1622.448,1623.408,1614.558,1616.068,1.25392,3900
2020-03-31T00:00:00+00:00,1585612800,1616.158,1618.848,1611.388,1613.925,1.52826,15451
2020-03-31T04:00:00+00:00,1585627200,1613.955,1619.448,1611.928,1615.098,1.27046,16314
2020-03-31T08:00:00+00:00,1585641600,1615.098,1615.948,1594.898,1601.568,1.10917,17759
2020-03-31T12:00:00+00:00,1585656000,1601.598,1613.458,1601.598,1609.338,0.9057,33493
2020-03-31T16:00:00+00:00,1585670400,1609.338,1609.338,1575.778,1576.488,0.93895,39465
2020-03-31T20:00:00+00:00,1585684800,1576.488,1580.518,1567.468,1578.638,1.24169,9980
2020-04-01T00:00:00+00:00,1585699200,1578.538,1584.808,1576.348,1584.328,1.22724,10954
2020-04-01T04:00:00+00:00,1585713600,1584.328,1599.988,1583.488,1595.768,1.02959,23643
2020-04-01T08:00:00+00:00,1585728000,1595.768,1597.738,1587.428,1588.365,1.14436,16219
2020-04-01T12:00:00+00:00,1585742400,1588.395,1593.288,1571.765,1592.438,1.21417,49494
2020-04-01T16:00:00+00:00,1585756800,1592.578,1593.608,1577.785,1588.748,1.25007,34583
2020-04-01T20:00:00+00:00,1585771200,1588.748,1595.728,1586.588,1591.008,1.43597,10387
2020-04-02T00:00:00+00:00,1585785600,1591.028,1592.988,1582.868,1585.288,1.00637,22675
2020-04-02T04:00:00+00:00,1585800000,1585.288,1599.128,1582.818,1592.208,0.79903,22698
2020-04-02T08:00:00+00:00,1585814400,1592.218,1596.208,1585.185,1595.198,0.86723,19701
2020-04-02T12:00:00+00:00,1585828800,1595.308,1613.108,1595.208,1607.868,1.30579,56997
2020-04-02T16:00:00+00:00,1585843200,1607.868,1619.94,1606.408,1613.848,1.31142,29821
2020-04-02T20:00:00+00:00,1585857600,1613.848,1617.398,1609.508,1612.475,1.90179,4822
2020-04-03T00:00:00+00:00,1585872000,1612.495,1614.035,1608.318,1613.098,1.46701,15603
2020-04-03T04:00:00+00:00,1585886400,1613.088,1616.488,1606.508,1614.988,0.86043,20470
2020-04-03T08:00:00+00:00,1585900800,1614.978,1620.608,1607.575,1619.178,0.8949,22535
2020-04-03T12:00:00+00:00,1585915200,1619.208,1621.148,1605.625,1615.278,1.34215,39609
2020-04-03T16:00:00+00:00,1585929600,1615.248,1625.498,1614.438,1621.748,1.01703,20115
2020-04-03T20:00:00+00:00,1585944000,1621.798,1622.848,1610.988,1617.048,2.09571,2027
2020-04-05T20:00:00+00:00,1586116800,1615.578,1621.238,1609.0,1619.158,2.19264,5170
2020-04-06T00:00:00+00:00,1586131200,1619.228,1621.968,1615.198,1617.168,1.46803,9321
2020-04-06T04:00:00+00:00,1586145600,1617.158,1632.938,1615.738,1630.968,1.03279,21506
2020-04-06T08:00:00+00:00,1586160000,1631.028,1643.075,1628.598,1639.485,1.05189,28499
2020-04-06T12:00:00+00:00,1586174400,1639.475,1651.25,1636.935,1646.16,1.33834,41354
2020-04-06T16:00:00+00:00,1586188800,1646.105,1668.648,1644.628,1665.948,1.51069,30246
2020-04-06T20:00:00+00:00,1586203200,1665.828,1674.828,1654.465,1661.0,3.07099,11453
2020-04-07T00:00:00+00:00,1586217600,1661.0,1664.498,1656.0,1659.578,2.92275,14451
2020-04-07T04:00:00+00:00,1586232000,1659.498,1668.598,1644.378,1645.368,2.02659,18543
2020-04-07T08:00:00+00:00,1586246400,1645.398,1661.328,1643.138,1651.725,1.47155,27715
2020-04-07T12:00:00+00:00,1586260800,1651.735,1662.168,1642.128,1654.928,1.15887,83161
2020-04-07T16:00:00+00:00,1586275200,1654.808,1658.028,1642.648,1656.848,1.30864,33405
2020-04-07T20:00:00+00:00,1586289600,1656.848,1656.998,1646.08,1647.348,1.79527,4981
2020-04-08T00:00:00+00:00,1586304000,1647.348,1650.428,1640.398,1648.238,1.44621,13240
2020-04-08T04:00:00+00:00,1586318400,1648.248,1654.848,1643.198,1650.388,1.02575,18398
2020-04-08T08:00:00+00:00,1586332800,1650.378,1653.825,1642.0,1648.855,0.98336,20699
2020-04-08T12:00:00+00:00,1586347200,1648.835,1656.288,1643.0,1647.625,1.16736,39697
2020-04-08T16:00:00+00:00,1586361600,1647.625,1652.655,1645.0,1645.568,1.3633,20374
2020-04-08T20:00:00+00:00,1586376000,1645.721,1647.778,1644.0,1647.068,1.18614,4018
2020-04-09T00:00:00+00:00,1586390400,1647.008,1649.628,1645.695,1648.658,1.11714,8504
2020-04-09T04:00:00+00:00,1586404800,1648.638,1660.245,1646.435,1658.308,0.97428,13794
2020-04-09T08:00:00+00:00,1586419200,1658.328,1665.328,1655.028,1662.968,0.90806,27874
2020-04-09T12:00:00+00:00,1586433600,1663.038,1684.978,1660.085,1683.478,1.08444,52535
2020-04-09T16:00:00+00:00,1586448000,1683.635,1689.948,1674.838,1683.228,1.17471,35842
2020-04-09T20:00:00+00:00,1586462400,1683.228,1685.308,1679.398,1682.148,1.41237,2572
2020-04-12T20:00:00+00:00,1586721600,1686.218,1691.448,1675.0,1685.768,3.00138,6650
2020-04-13T00:00:00+00:00,1586736000,1685.718,1690.928,1678.848,1682.325,1.57562,14683
2020-04-13T04:00:00+00:00,1586750400,1682.185,1692.888,1681.478,1690.738,1.37078,15461
2020-04-13T08:00:00+00:00,1586764800,1690.828,1693.305,1685.788,1691.718,1.47703,12253
2020-04-13T12:00:00+00:00,1586779200,1691.568,1711.268,1686.178,1709.038,1.06858,43217
2020-04-13T16:00:00+00:00,1586793600,1708.948,1722.548,1706.218,1716.608,0.83277,31096
2020-04-13T20:00:00+00:00,1586808000,1716.458,1719.888,1709.228,1717.008,1.63822,6317
2020-04-14T00:00:00+00:00,1586822400,1717.028,1725.548,1713.828,1720.108,1.48238,16679
2020-04-14T04:00:00+00:00,1586836800,1720.158,1724.968,1708.735,1722.785,1.21295,25746
2020-04-14T08:00:00+00:00,1586851200,1722.795,1727.158,1715.878,1720.378,0.89378,31908
2020-04-14T12:00:00+00:00,1586865600,1720.415,1747.625,1720.415,1733.378,0.86652,62360
2020-04-14T16:00:00+00:00,1586880000,1733.348,1738.848,1719.67,1727.838,0.82228,47044
2020-04-14T20:00:00+00:00,1586894400,1727.808,1730.548,1721.908,1725.078,1.37817,5932
2020-04-15T00:00:00+00:00,1586908800,1725.038,1730.998,1719.645,1720.698,1.4803,12141
2020-04-15T04:00:00+00:00,1586923200,1720.698,1727.538,1707.518,1712.028,1.37542,24708
2020-04-15T08:00:00+00:00,1586937600,1712.038,1725.058,1709.355,1722.898,0.92035,27567
2020-04-15T12:00:00+00:00,1586952000,1722.898,1726.408,1710.675,1712.668,0.95404,51922
2020-04-15T16:00:00+00:00,1586966400,1712.818,1723.878,1709.038,1721.568,0.71919,29144
2020-04-15T20:00:00+00:00,1586980800,1721.598,1721.908,1712.545,1715.478,1.04619,4994
2020-04-16T00:00:00+00:00,1586995200,1715.498,1719.498,1711.888,1714.308,1.10647,13517
2020-04-16T04:00:00+00:00,1587009600,1714.368,1725.92,1713.228,1722.978,0.9889,23505
2020-04-16T08:00:00+00:00,1587024000,1722.858,1737.025,1719.358,1736.718,0.80774,44855
2020-04-16T12:00:00+00:00,1587038400,1736.658,1738.648,1717.245,1722.338,0.88803,56494
2020-04-16T16:00:00+00:00,1587052800,1722.298,1724.751,1707.498,1718.018,0.95451,41761
2020-04-16T20:00:00+00:00,1587067200,1718.018,1719.388,1701.58,1715.348,1.67501,7991
2020-04-17T00:00:00+00:00,1587081600,1715.568,1718.528,1703.7,1705.148,1.07601,15322
2020-04-17T04:00:00+00:00,1587096000,1705.148,1708.768,1684.818,1694.665,1.1201,33220
2020-04-17T08:00:00+00:00,1587110400,1694.665,1697.088,1683.078,1689.018,0.815,39917
2020-04-17T12:00:00+00:00,1587124800,1689.028,1701.618,1683.485,1689.548,0.96696,54820
2020-04-17T16:00:00+00:00,1587139200,1689.598,1689.988,1679.125,1683.698,1.05343,44834
2020-04-17T20:00:00+00:00,1587153600,1683.698,1685.641,1680.608,1681.998,1.36116,1819
2020-04-19T20:00:00+00:00,1587326400,1679.878,1683.618,1673.905,1675.348,1.392,6172
2020-04-20T00:00:00+00:00,1587340800,1675.448,1683.038,1671.598,1681.408,1.09715,17347
2020-04-20T04:00:00+00:00,1587355200,1681.408,1685.118,1673.138,1673.908,1.03553,20996
2020-04-20T08:00:00+00:00,1587369600,1673.728,1689.488,1673.59,1686.578,0.84203,31213
2020-04-20T12:00:00+00:00,1587384000,1686.538,1699.268,1680.278,1698.838,0.95513,45011
2020-04-20T16:00:00+00:00,1587398400,1698.738,1702.138,1685.358,1695.778,1.02563,36388
2020-04-20T20:00:00+00:00,1587412800,1695.758,1697.938,1689.0,1690.868,1.29247,5386
2020-04-21T00:00:00+00:00,1587427200,1690.868,1692.208,1686.678,1688.808,0.97969,14752
2020-04-21T04:00:00+00:00,1587441600,1688.688,1697.796,1685.515,1695.485,0.99739,28933
2020-04-21T08:00:00+00:00,1587456000,1695.475,1695.905,1659.298,1666.758,1.4002,39963
2020-04-21T12:00:00+00:00,1587470400,1666.688,1691.268,1662.528,1677.718,0.8433,58576
2020-04-21T16:00:00+00:00,1587484800,1677.348,1688.008,1671.138,1684.611,0.96483,47501
2020-04-21T20:00:00+00:00,1587499200,1684.686,1689.658,1679.518,1687.421,1.18215,5524
2020-04-22T00:00:00+00:00,1587513600,1687.37,1691.701,1681.528,1682.898,0.89336,20322
2020-04-22T04:00:00+00:00,1587528000,1682.898,1699.838,1679.908,1692.528,0.7305,30910
2020-04-22T08:00:00+00:00,1587542400,1692.608,1707.136,1691.778,1695.188,0.72111,27491
2020-04-22T12:00:00+00:00,1587556800,1695.218,1711.668,1693.368,1709.861,0.63634,69732
2020-04-22T16:00:00+00:00,1587571200,1709.74,1718.498,1708.158,1717.992,0.74177,55579
2020-04-22T20:00:00+00:00,1587585600,1717.848,1718.555,1709.548,1711.558,0.8893,6901
2020-04-23T00:00:00+00:00,1587600000,1711.638,1719.648,1707.328,1710.048,0.80012,26236
2020-04-23T04:00:00+00:00,1587614400,1710.158,1719.155,1709.568,1717.428,0.69018,28844
2020-04-23T08:00:00+00:00,1587628800,1717.468,1732.031,1717.438,1727.565,0.58811,36922
2020-04-23T12:00:00+00:00,1587643200,1727.565,1738.558,1720.9,1729.818,0.65495,60807
2020-04-23T16:00:00+00:00,1587657600,1729.848,1734.998,1720.9,1732.558,0.83458,65405
2020-04-23T20:00:00+00:00,1587672000,1732.578,1734.368,1725.928,1728.238,1.15176,5156
2020-04-24T00:00:00+00:00,1587686400,1728.248,1728.988,1721.228,1723.418,0.83445,15989
2020-04-24T04:00:00+00:00,1587700800,1723.498,1731.088,1720.768,1729.278,0.74725,23348
2020-04-24T08:00:00+00:00,1587715200,1729.488,1736.208,1725.328,1730.468,0.66914,36381
2020-04-24T12:00:00+00:00,1587729600,1730.468,1736.048,1710.508,1712.555,0.64434,69405
2020-04-24T16:00:00+00:00,1587744000,1712.588,1728.548,1712.388,1728.498,0.65434,48074
2020-04-24T20:00:00+00:00,1587758400,1728.448,1728.898,1724.645,1727.698,1.05687,2642
2020-04-26T20:00:00+00:00,1587931200,1726.388,1727.248,1718.945,1724.948,1.47711,7704
2020-04-27T00:00:00+00:00,1587945600,1724.948,1727.225,1720.775,1721.725,0.71865,18503
2020-04-27T04:00:00+00:00,1587960000,1721.665,1723.545,1712.948,1720.598,0.58413,34828
2020-04-27T08:00:00+00:00,1587974400,1720.588,1723.668,1714.345,1714.715,0.50925,52246
2020-04-27T12:00:00+00:00,1587988800,1714.678,1722.078,1705.995,1711.158,0.59559,67306
2020-04-27T16:00:00+00:00,1588003200,1711.068,1718.126,1709.478,1717.318,0.56173,42502
2020-04-27T20:00:00+00:00,1588017600,1717.418,1717.668,1707.155,1709.408,0.73031,8158
2020-04-28T00:00:00+00:00,1588032000,1709.468,1710.388,1695.635,1698.178,0.71707,24607
2020-04-28T04:00:00+00:00,1588046400,1698.178,1704.558,1692.258,1701.798,0.50912,39022
2020-04-28T08:00:00+00:00,1588060800,1701.798,1714.568,1699.295,1709.425,0.63317,62755
2020-04-28T12:00:00+00:00,1588075200,1709.455,1713.638,1691.678,1704.148,0.64818,73704
2020-04-28T16:00:00+00:00,1588089600,1704.098,1711.056,1702.708,1708.688,0.62301,50763
2020-04-28T20:00:00+00:00,1588104000,1708.638,1710.128,1703.638,1704.775,0.70922,5748
2020-04-29T00:00:00+00:00,1588118400,1704.785,1712.138,1704.775,1710.068,0.59712,12421
2020-04-29T04:00:00+00:00,1588132800,1710.098,1713.138,1704.378,1704.528,0.56758,24191
2020-04-29T08:00:00+00:00,1588147200,1704.528,1709.408,1702.008,1709.008,0.56575,42437
2020-04-29T12:00:00+00:00,1588161600,1708.968,1712.13,1697.805,1702.948,0.58478,61267
2020-04-29T16:00:00+00:00,1588176000,1702.928,1717.398,1698.378,1715.018,0.70123,56369
2020-04-29T20:00:00+00:00,1588190400,1715.018,1717.238,1709.998,1713.475,0.93125,7799
2020-04-30T00:00:00+00:00,1588204800,1713.465,1714.538,1708.798,1712.458,0.72425,16513
2020-04-30T04:00:00+00:00,1588219200,1712.458,1721.598,1710.558,1717.128,0.63129,30465
2020-04-30T08:00:00+00:00,1588233600,1717.178,1719.578,1711.2,1716.375,0.58878,42304
2020-04-30T12:00:00+00:00,1588248000,1716.355,1716.365,1692.408,1693.538,0.62496,61478
2020-04-30T16:00:00+00:00,1588262400,1694.138,1696.348,1681.068,1686.538,0.57363,54133
2020-04-30T20:00:00+00:00,1588276800,1686.688,1689.418,1681.795,1687.855,0.9499,7719
2020-05-01T00:00:00+00:00,1588291200,1687.865,1690.338,1681.668,1688.073,0.7501,15743
2020-05-01T04:00:00+00:00,1588305600,1688.075,1688.548,1670.418,1672.158,0.66557,41839
2020-05-01T08:00:00+00:00,1588320000,1672.158,1685.756,1671.035,1679.938,0.57191,80357
2020-05-01T12:00:00+00:00,1588334400,1679.898,1697.938,1675.508,1695.608,0.76815,79076
2020-05-01T16:00:00+00:00,1588348800,1695.508,1705.068,1692.298,1698.778,0.78542,53251
2020-05-01T20:00:00+00:00,1588363200,1698.788,1700.218,1697.858,1698.818,1.60604,3041
2020-05-03T20:00:00+00:00,1588536000,1697.878,1701.288,1691.328,1699.345,1.07384,7036
2020-05-04T00:00:00+00:00,1588550400,1699.345,1701.278,1695.145,1699.938,0.77825,17247
2020-05-04T04:00:00+00:00,1588564800,1699.938,1706.895,1696.338,1703.628,0.64144,19170
2020-05-04T08:00:00+00:00,1588579200,1703.678,1713.228,1702.478,1706.538,0.55818,22169
2020-05-04T12:00:00+00:00,1588593600,1706.438,1710.188,1696.368,1707.898,0.68142,56580
2020-05-04T16:00:00+00:00,1588608000,1707.785,1708.338,1701.685,1703.888,0.63153,37119
2020-05-04T20:00:00+00:00,1588622400,1703.928,1704.018,1699.378,1703.515,0.91606,3887
2020-05-05T00:00:00+00:00,1588636800,1703.505,1703.565,1696.488,1698.198,0.65512,10069
2020-05-05T04:00:00+00:00,1588651200,1698.198,1703.928,1689.788,1698.328,0.66711,18282
2020-05-05T08:00:00+00:00,1588665600,1698.328,1708.018,1695.015,1695.198,0.61034,27247
2020-05-05T12:00:00+00:00,1588680000,1695.248,1705.248,1692.998,1701.508,0.60051,58633
2020-05-05T16:00:00+00:00,1588694400,1701.488,1711.568,1697.878,1710.201,0.68987,38559
2020-05-05T20:00:00+00:00,1588708800,1710.193,1710.193,1702.708,1703.598,1.00149,5074
2020-05-06T00:00:00+00:00,1588723200,1703.688,1707.538,1701.0,1702.315,0.70321,13144
2020-05-06T04:00:00+00:00,1588737600,1702.285,1707.828,1701.0,1706.388,0.60851,19502
2020-05-06T08:00:00+00:00,1588752000,1706.338,1708.071,1699.175,1701.648,0.56162,24789
2020-05-06T12:00:00+00:00,1588766400,1701.548,1704.848,1683.858,1689.238,0.59692,58822
2020-05-06T16:00:00+00:00,1588780800,1689.158,1690.668,1682.008,1689.155,0.60772,37310
2020-05-06T20:00:00+00:00,1588795200,1689.183,1689.855,1681.308,1689.655,1.03352,8449
2020-05-07T00:00:00+00:00,1588809600,1689.645,1693.788,1689.268,1691.688,0.65547,12957
2020-05-07T04:00:00+00:00,1588824000,1691.688,1692.648,1684.178,1689.008,0.56109,24941
2020-05-07T08:00:00+00:00,1588838400,1688.978,1696.595,1688.938,1695.658,0.5369,31984
2020-05-07T12:00:00+00:00,1588852800,1695.545,1710.758,1693.525,1708.648,0.59932,57420
2020-05-07T16:00:00+00:00,1588867200,1708.648,1721.888,1707.788,1715.658,0.61445,51056
2020-05-07T20:00:00+00:00,1588881600,1715.758,1719.208,1712.188,1714.118,1.00209,6228
2020-05-08T00:00:00+00:00,1588896000,1714.198,1720.568,1711.128,1715.448,0.76758,14597
2020-05-08T04:00:00+00:00,1588910400,1715.438,1720.038,1713.415,1719.488,0.62561,27977
2020-05-08T08:00:00+00:00,1588924800,1719.428,1723.148,1716.368,1718.578,0.52745,39821
2020-05-08T12:00:00+00:00,1588939200,1718.628,1722.455,1706.218,1715.118,0.54472,59408
2020-05-08T16:00:00+00:00,1588953600,1715.188,1715.645,1701.578,1706.725,0.61012,44443
2020-05-08T20:00:00+00:00,1588968000,1706.725,1706.875,1700.545,1701.408,1.29299,2861
2020-05-10T20:00:00+00:00,1589140800,1701.558,1707.711,1700.118,1706.205,1.06171,6257
2020-05-11T00:00:00+00:00,1589155200,1706.205,1712.058,1702.398,1707.758,0.86375,12867
2020-05-11T04:00:00+00:00,1589169600,1707.758,1709.358,1701.988,1707.068,0.61796,28600
2020-05-11T08:00:00+00:00,1589184000,1707.068,1708.285,1693.738,1701.218,0.48365,57374
2020-05-11T12:00:00+00:00,1589198400,1701.198,1708.168,1691.825,1696.795,0.54661,58484
2020-05-11T16:00:00+00:00,1589212800,1696.795,1699.248,1693.325,1696.718,0.51991,27211
2020-05-11T20:00:00+00:00,1589227200,1696.748,1698.838,1695.565,1697.775,0.62347,5141
2020-05-12T00:00:00+00:00,1589241600,1697.558,1702.198,1693.605,1700.375,0.64843,16508
2020-05-12T04:00:00+00:00,1589256000,1700.375,1705.678,1698.328,1703.515,0.64678,19300
2020-05-12T08:00:00+00:00,1589270400,1703.505,1707.188,1701.475,1704.328,0.58743,38089
2020-05-12T12:00:00+00:00,1589284800,1704.31,1710.698,1698.675,1706.368,0.53504,61270
2020-05-12T16:00:00+00:00,1589299200,1706.368,1707.208,1698.3,1701.798,0.48637,39057
2020-05-12T20:00:00+00:00,1589313600,1701.898,1705.078,1699.335,1702.465,0.57614,10245
2020-05-13T00:00:00+00:00,1589328000,1702.475,1706.558,1700.068,1702.808,0.6242,23270
2020-05-13T04:00:00+00:00,1589342400,1702.818,1705.908,1700.656,1701.535,0.49039,23526
2020-05-13T08:00:00+00:00,1589356800,1701.545,1708.878,1699.348,1708.138,0.48278,47871
2020-05-13T12:00:00+00:00,1589371200,1708.138,1718.018,1702.165,1711.408,0.56494,75747
2020-05-13T16:00:00+00:00,1589385600,1711.408,1717.948,1707.538,1717.288,0.565,58508
2020-05-13T20:00:00+00:00,1589400000,1717.288,1719.568,1714.358,1718.238,0.71409,6713
2020-05-14T00:00:00+00:00,1589414400,1718.315,1719.268,1711.918,1713.428,0.6783,13248
2020-05-14T04:00:00+00:00,1589428800,1713.558,1719.198,1710.828,1715.018,0.55163,21929
2020-05-14T08:00:00+00:00,1589443200,1715.018,1718.955,1713.428,1715.788,0.57826,37802
2020-05-14T12:00:00+00:00,1589457600,1715.788,1734.873,1711.118,1733.418,0.54384,76217
2020-05-14T16:00:00+00:00,1589472000,1733.448,1736.348,1728.628,1732.748,0.59224,46513
2020-05-14T20:00:00+00:00,1589486400,1732.748,1734.095,1728.568,1732.688,0.77699,5712
2020-05-15T00:00:00+00:00,1589500800,1732.655,1734.345,1728.428,1732.058,0.5221,19732
2020-05-15T04:00:00+00:00,1589515200,1731.868,1738.578,1730.078,1737.648,0.60384,29592
2020-05-15T08:00:00+00:00,1589529600,1737.648,1737.648,1729.968,1732.128,0.50011,50159
2020-05-15T12:00:00+00:00,1589544000,1732.228,1749.085,1731.865,1748.608,0.53773,80453
2020-05-15T16:00:00+00:00,1589558400,1748.558,1751.398,1739.658,1743.918,0.56941,42622
2020-05-15T20:00:00+00:00,1589572800,1743.918,1744.338,1740.048,1741.628,0.69962,2745
2020-05-17T20:00:00+00:00,1589745600,1734.868,1760.078,1734.868,1758.078,1.22443,13212
2020-05-18T00:00:00+00:00,1589760000,1758.078,1763.485,1753.608,1760.928,0.83507,28387
2020-05-18T04:00:00+00:00,1589774400,1760.868,1764.525,1758.275,1761.925,0.6001,29028
2020-05-18T08:00:00+00:00,1589788800,1761.925,1765.018,1758.405,1763.728,0.5287,35343
2020-05-18T12:00:00+00:00,1589803200,1763.728,1764.508,1727.458,1734.598,0.48154,93946
2020-05-18T16:00:00+00:00,1589817600,1734.598,1735.638,1727.625,1731.615,0.47376,43826
2020-05-18T20:00:00+00:00,1589832000,1731.645,1735.545,1730.218,1734.645,0.91847,6237
2020-05-19T00:00:00+00:00,1589846400,1734.635,1740.115,1733.898,1736.668,0.67353,20716
2020-05-19T04:00:00+00:00,1589860800,1736.638,1738.805,1726.205,1731.528,0.66823,41706
2020-05-19T08:00:00+00:00,1589875200,1731.528,1738.745,1729.965,1735.968,0.43574,61965
2020-05-19T12:00:00+00:00,1589889600,1735.968,1745.668,1730.878,1740.788,0.49291,86134
2020-05-19T16:00:00+00:00,1589904000,1740.818,1747.818,1739.468,1746.205,0.47209,36097
2020-05-19T20:00:00+00:00,1589918400,1746.175,1746.948,1743.395,1745.998,0.66613,5813
2020-05-20T00:00:00+00:00,1589932800,1745.998,1751.015,1744.168,1749.188,0.55242,19621
2020-05-20T04:00:00+00:00,1589947200,1749.188,1753.025,1746.325,1749.378,0.48715,29731
2020-05-20T08:00:00+00:00,1589961600,1749.418,1752.168,1746.518,1751.228,0.4532,45888
2020-05-20T12:00:00+00:00,1589976000,1751.218,1753.335,1742.528,1747.545,0.35813,83585
2020-05-20T16:00:00+00:00,1589990400,1747.545,1753.735,1746.088,1749.398,0.41919,44368
2020-05-20T20:00:00+00:00,1590004800,1749.498,1750.128,1745.715,1747.425,0.57089,5839
2020-05-21T00:00:00+00:00,1590019200,1747.405,1747.415,1737.605,1741.338,0.58394,23375
2020-05-21T04:00:00+00:00,1590033600,1741.338,1743.665,1735.0,1735.685,0.52122,28809
2020-05-21T08:00:00+00:00,1590048000,1735.715,1739.278,1731.058,1735.898,0.46762,36912
2020-05-21T12:00:00+00:00,1590062400,1735.898,1741.878,1717.155,1724.445,0.36849,77501
2020-05-21T16:00:00+00:00,1590076800,1724.445,1727.538,1721.115,1725.095,0.36365,58922
2020-05-21T20:00:00+00:00,1590091200,1725.085,1727.618,1724.185,1725.868,0.59886,7322
2020-05-22T00:00:00+00:00,1590105600,1725.868,1730.295,1724.278,1727.375,0.46904,22897
2020-05-22T04:00:00+00:00,1590120000,1727.385,1737.135,1725.688,1736.028,0.53186,29227
2020-05-22T08:00:00+00:00,1590134400,1736.028,1739.955,1729.935,1730.278,0.47259,29505
2020-05-22T12:00:00+00:00,1590148800,1730.278,1738.358,1727.528,1731.245,0.51326,61606
2020-05-22T16:00:00+00:00,1590163200,1731.205,1736.408,1731.088,1735.125,0.47046,28915
2020-05-22T20:00:00+00:00,1590177600,1735.115,1736.018,1733.038,1733.648,0.71487,1785
2020-05-24T20:00:00+00:00,1590350400,1731.308,1734.318,1729.925,1730.508,0.81292,4067
2020-05-25T00:00:00+00:00,1590364800,1730.558,1731.198,1725.878,1728.548,0.52353,12365
2020-05-25T04:00:00+00:00,1590379200,1728.388,1729.115,1723.598,1727.795,0.44729,21103
2020-05-25T08:00:00+00:00,1590393600,1727.785,1730.745,1726.595,1728.345,0.33961,23544
2020-05-25T12:00:00+00:00,1590408000,1728.345,1733.115,1721.168,1729.365,0.54162,27089
2020-05-25T16:00:00+00:00,1590422400,1729.365,1730.355,1727.395,1728.075,0.67402,3150
2020-05-25T20:00:00+00:00,1590436800,1727.928,1727.948,1724.978,1726.668,0.95935,3558
2020-05-26T00:00:00+00:00,1590451200,1726.598,1735.325,1726.395,1734.578,0.55561,21206
2020-05-26T04:00:00+00:00,1590465600,1734.768,1735.028,1726.308,1729.908,0.41059,28749
2020-05-26T08:00:00+00:00,1590480000,1729.908,1730.425,1720.175,1725.925,0.41489,31680
2020-05-26T12:00:00+00:00,1590494400,1725.955,1729.135,1709.015,1714.008,0.41712,66878
2020-05-26T16:00:00+00:00,1590508800,1713.988,1715.108,1708.558,1711.505,0.42958,35354
2020-05-26T20:00:00+00:00,1590523200,1711.545,1712.788,1708.218,1712.788,0.67443,5783
2020-05-27T00:00:00+00:00,1590537600,1712.718,1715.895,1707.438,1708.428,0.54785,21683
2020-05-27T04:00:00+00:00,1590552000,1708.498,1710.208,1705.005,1708.416,0.43382,25385
2020-05-27T08:00:00+00:00,1590566400,1708.41,1710.238,1697.558,1700.918,0.39237,30753
2020-05-27T12:00:00+00:00,1590580800,1700.918,1704.898,1693.598,1700.845,0.38832,68669
2020-05-27T16:00:00+00:00,1590595200,1701.035,1715.255,1700.775,1713.408,0.48298,45306
2020-05-27T20:00:00+00:00,1590609600,1713.408,1713.938,1706.988,1710.938,0.65148,7097
2020-05-28T00:00:00+00:00,1590624000,1710.938,1715.028,1708.925,1714.308,0.45603,16712
2020-05-28T04:00:00+00:00,1590638400,1714.358,1721.693,1714.308,1718.878,0.47525,24993
2020-05-28T08:00:00+00:00,1590652800,1718.918,1726.105,1718.068,1721.008,0.45289,33401
2020-05-28T12:00:00+00:00,1590667200,1721.018,1727.428,1719.308,1723.468,0.43135,66699
2020-05-28T16:00:00+00:00,1590681600,1723.478,1724.288,1710.858,1719.348,0.45188,46215
2020-05-28T20:00:00+00:00,1590696000,1719.328,1721.945,1716.608,1721.725,0.58251,5642
2020-05-29T00:00:00+00:00,1590710400,1721.665,1722.458,1712.428,1719.908,0.52802,16096
2020-05-29T04:00:00+00:00,1590724800,1719.915,1722.888,1716.658,1720.098,0.49248,21258
2020-05-29T08:00:00+00:00,1590739200,1720.098,1729.835,1719.778,1729.338,0.43557,30405
2020-05-29T12:00:00+00:00,1590753600,1729.558,1735.548,1726.245,1734.938,0.45365,68689
2020-05-29T16:00:00+00:00,1590768000,1735.038,1737.773,1727.285,1731.348,0.44228,44088
2020-05-29T20:00:00+00:00,1590782400,1731.348,1732.618,1728.475,1728.695,0.82712,2737
2020-05-31T20:00:00+00:00,1590955200,1735.808,1742.688,1728.955,1739.705,0.90029,7991
2020-06-01T00:00:00+00:00,1590969600,1739.715,1740.505,1731.628,1739.028,0.47717,22549
2020-06-01T04:00:00+00:00,1590984000,1739.028,1744.525,1737.115,1740.118,0.43972,28345
2020-06-01T08:00:00+00:00,1590998400,1740.145,1743.738,1729.368,1734.338,0.45294,32198
2020-06-01T12:00:00+00:00,1591012800,1734.318,1741.108,1727.553,1740.375,0.43922,62137
2020-06-01T16:00:00+00:00,1591027200,1740.375,1741.198,1734.658,1739.898,0.42296,38022
2020-06-01T20:00:00+00:00,1591041600,1739.898,1743.125,1734.288,1741.638,0.64126,6216
2020-06-02T00:00:00+00:00,1591056000,1741.678,1742.388,1736.365,1739.268,0.53719,15353
2020-06-02T04:00:00+00:00,1591070400,1739.268,1739.988,1734.795,1735.585,0.47825,18701
2020-06-02T08:00:00+00:00,1591084800,1735.565,1741.935,1734.865,1739.788,0.4651,25795
2020-06-02T12:00:00+00:00,1591099200,1739.818,1745.008,1727.168,1729.615,0.41589,72112
2020-06-02T16:00:00+00:00,1591113600,1729.615,1731.198,1721.215,1728.095,0.44451,47691
2020-06-02T20:00:00+00:00,1591128000,1728.085,1731.908,1724.998,1726.455,0.64833,8478
2020-06-03T00:00:00+00:00,1591142400,1726.455,1729.458,1720.455,1725.098,0.55535,23269
2020-06-03T04:00:00+00:00,1591156800,1725.098,1726.548,1719.538,1720.445,0.42176,24344
2020-06-03T08:00:00+00:00,1591171200,1720.495,1722.238,1713.278,1722.048,0.44825,31895
2020-06-03T12:00:00+00:00,1591185600,1721.968,1726.068,1689.245,1699.678,0.49268,96298
2020-06-03T16:00:00+00:00,1591200000,1699.688,1700.623,1693.935,1697.458,0.43789,47768
2020-06-03T20:00:00+00:00,1591214400,1697.448,1700.918,1695.038,1700.448,0.71918,7123
2020-06-04T00:00:00+00:00,1591228800,1700.448,1705.198,1697.448,1702.938,0.50068,20355
2020-06-04T04:00:00+00:00,1591243200,1702.938,1705.158,1697.885,1702.178,0.51239,25299
2020-06-04T08:00:00+00:00,1591257600,1702.248,1715.118,1701.688,1707.775,0.48153,31169
2020-06-04T12:00:00+00:00,1591272000,1707.775,1718.135,1700.298,1713.798,0.45553,79795
2020-06-04T16:00:00+00:00,1591286400,1713.798,1721.863,1713.128,1715.918,0.37533,48159
2020-06-04T20:00:00+00:00,1591300800,1715.908,1717.188,1711.315,1712.218,0.58645,6285
2020-06-05T00:00:00+00:00,1591315200,1712.258,1715.988,1706.925,1708.448,0.50034,18357
2020-06-05T04:00:00+00:00,1591329600,1708.418,1712.488,1707.488,1709.405,0.47732,26121
2020-06-05T08:00:00+00:00,1591344000,1709.405,1713.248,1701.825,1705.745,0.45043,33825
2020-06-05T12:00:00+00:00,1591358400,1705.635,1705.955,1670.745,1677.928,0.44546,105042
2020-06-05T16:00:00+00:00,1591372800,1678.068,1684.091,1677.278,1681.335,0.38229,53054
2020-06-05T20:00:00+00:00,1591387200,1681.385,1685.448,1680.925,1684.758,0.58179,3204
2020-06-07T20:00:00+00:00,1591560000,1674.868,1684.928,1674.868,1681.235,0.60287,7345
2020-06-08T00:00:00+00:00,1591574400,1681.255,1688.808,1680.498,1688.235,0.47663,22320
2020-06-08T04:00:00+00:00,1591588800,1688.215,1696.265,1687.078,1695.128,0.4214,24599
2020-06-08T08:00:00+00:00,1591603200,1695.088,1697.275,1691.475,1691.908,0.40165,22978
2020-06-08T12:00:00+00:00,1591617600,1691.938,1695.638,1686.128,1691.465,0.37336,66029
2020-06-08T16:00:00+00:00,1591632000,1691.445,1700.618,1691.425,1698.475,0.3638,48266
2020-06-08T20:00:00+00:00,1591646400,1698.445,1700.145,1696.275,1697.188,0.48428,6404
2020-06-09T00:00:00+00:00,1591660800,1697.208,1704.626,1694.308,1695.255,0.43043,23921
2020-06-09T04:00:00+00:00,1591675200,1695.245,1702.075,1692.025,1701.708,0.4085,28654
2020-06-09T08:00:00+00:00,1591689600,1701.718,1711.128,1701.245,1707.558,0.39045,41178
2020-06-09T12:00:00+00:00,1591704000,1707.608,1720.668,1704.458,1716.015,0.39365,73974
2020-06-09T16:00:00+00:00,1591718400,1716.035,1717.228,1711.715,1714.965,0.42891,38305
2020-06-09T20:00:00+00:00,1591732800,1714.978,1716.845,1711.828,1713.195,0.54043,8911
2020-06-10T00:00:00+00:00,1591747200,1713.185,1718.535,1712.898,1715.055,0.46625,17717
2020-06-10T04:00:00+00:00,1591761600,1715.035,1719.935,1714.778,1717.058,0.51052,24830
2020-06-10T08:00:00+00:00,1591776000,1717.058,1724.145,1715.705,1723.575,0.45453,32961
2020-06-10T12:00:00+00:00,1591790400,1723.605,1727.185,1713.318,1717.785,0.34428,59888
2020-06-10T16:00:00+00:00,1591804800,1717.765,1739.675,1707.695,1738.325,0.37671,70349
2020-06-10T20:00:00+00:00,1591819200,1738.415,1739.798,1732.478,1735.425,0.46523,12986
2020-06-11T00:00:00+00:00,1591833600,1735.475,1737.235,1730.638,1731.405,0.40076,21008
2020-06-11T04:00:00+00:00,1591848000,1731.445,1737.308,1726.785,1735.868,0.34698,29459
2020-06-11T08:00:00+00:00,1591862400,1735.868,1736.415,1721.445,1727.668,0.33802,30670
2020-06-11T12:00:00+00:00,1591876800,1727.668,1744.575,1723.748,1735.448,0.36527,84820
2020-06-11T16:00:00+00:00,1591891200,1735.505,1737.635,1723.025,1727.755,0.3887,72542
2020-06-11T20:00:00+00:00,1591905600,1727.795,1730.565,1726.278,1726.705,0.54255,8349
2020-06-12T00:00:00+00:00,1591920000,1726.685,1729.358,1722.135,1726.045,0.48864,28317
2020-06-12T04:00:00+00:00,1591934400,1726.045,1733.705,1725.985,1733.125,0.40635,24444
2020-06-12T08:00:00+00:00,1591948800,1733.085,1737.578,1731.115,1736.355,0.33945,29362
2020-06-12T12:00:00+00:00,1591963200,1736.338,1742.948,1730.405,1733.955,0.38773,73035
2020-06-12T16:00:00+00:00,1591977600,1734.005,1734.898,1728.905,1731.125,0.37461,52300
2020-06-12T20:00:00+00:00,1591992000,1731.155,1732.315,1729.195,1729.728,0.58359,1840
2020-06-14T20:00:00+00:00,1592164800,1730.258,1735.258,1727.488,1732.628,0.72183,7072
2020-06-15T00:00:00+00:00,1592179200,1732.628,1734.038,1726.588,1729.098,0.41178,27104
2020-06-15T04:00:00+00:00,1592193600,1729.108,1729.138,1715.268,1721.405,0.42448,35209
2020-06-15T08:00:00+00:00,1592208000,1721.345,1724.068,1707.875,1712.128,0.39044,35314
2020-06-15T12:00:00+00:00,1592222400,1712.128,1722.838,1704.025,1720.498,0.35018,79071
2020-06-15T16:00:00+00:00,1592236800,1720.528,1728.258,1717.818,1726.065,0.35144,54365
2020-06-15T20:00:00+00:00,1592251200,1726.065,1728.188,1724.028,1724.028,0.58717,6553
2020-06-16T00:00:00+00:00,1592265600,1724.088,1732.725,1724.028,1728.515,0.42237,23894
2020-06-16T04:00:00+00:00,1592280000,1728.485,1729.862,1721.538,1727.358,0.41887,31141
2020-06-16T08:00:00+00:00,1592294400,1727.358,1732.748,1725.878,1727.865,0.40427,36406
2020-06-16T12:00:00+00:00,1592308800,1727.865,1730.048,1716.535,1725.358,0.43776,79716
2020-06-16T16:00:00+00:00,1592323200,1725.548,1730.448,1724.015,1726.425,0.35162,49591
2020-06-16T20:00:00+00:00,1592337600,1726.385,1727.715,1723.485,1726.415,0.64289,6847
2020-06-17T00:00:00+00:00,1592352000,1726.405,1728.688,1722.538,1726.325,0.43465,20322
2020-06-17T04:00:00+00:00,1592366400,1726.305,1729.365,1721.725,1723.935,0.4133,24072
2020-06-17T08:00:00+00:00,1592380800,1723.935,1725.225,1712.548,1717.345,0.42468,36327
2020-06-17T12:00:00+00:00,1592395200,1717.345,1729.148,1716.065,1724.428,0.3836,54735
2020-06-17T16:00:00+00:00,1592409600,1724.448,1730.165,1723.608,1729.098,0.3574,33083
2020-06-17T20:00:00+00:00,1592424000,1729.098,1729.218,1721.198,1727.515,0.56815,7666
2020-06-18T00:00:00+00:00,1592438400,1727.455,1730.258,1723.698,1725.858,0.42433,21693
2020-06-18T04:00:00+00:00,1592452800,1725.878,1728.775,1724.548,1727.158,0.41179,19174
2020-06-18T08:00:00+00:00,1592467200,1727.158,1737.438,1718.108,1722.018,0.48164,49219
2020-06-18T12:00:00+00:00,1592481600,1722.018,1727.055,1717.435,1722.445,0.44188,59217
2020-06-18T16:00:00+00:00,1592496000,1722.455,1725.498,1722.308,1724.538,0.43102,29595
2020-06-18T20:00:00+00:00,1592510400,1724.548,1725.158,1718.678,1723.178,0.68614,5367
2020-06-19T00:00:00+00:00,1592524800,1723.178,1726.948,1722.175,1725.778,0.5485,17464
2020-06-19T04:00:00+00:00,1592539200,1725.795,1732.795,1725.615,1731.838,0.42884,22073
2020-06-19T08:00:00+00:00,1592553600,1731.908,1733.988,1727.628,1733.795,0.40471,23309
2020-06-19T12:00:00+00:00,1592568000,1733.755,1745.168,1731.278,1742.015,0.41515,65199
2020-06-19T16:00:00+00:00,1592582400,1742.065,1744.298,1739.3,1744.148,0.43269,47973
2020-06-19T20:00:00+00:00,1592596800,1744.198,1744.198,1740.948,1743.268,0.5151,3729
2020-06-21T20:00:00+00:00,1592769600,1750.178,1750.478,1743.618,1749.025,0.86125,7738
2020-06-22T00:00:00+00:00,1592784000,1749.015,1758.598,1746.198,1752.318,0.63553,30081
2020-06-22T04:00:00+00:00,1592798400,1752.318,1753.528,1742.598,1745.685,0.55376,28636
2020-06-22T08:00:00+00:00,1592812800,1745.635,1750.098,1744.428,1747.898,0.39271,29188
2020-06-22T12:00:00+00:00,1592827200,1747.915,1763.058,1745.258,1757.658,0.41311,74120
2020-06-22T16:00:00+00:00,1592841600,1757.628,1758.938,1751.808,1754.978,0.38755,49689
2020-06-22T20:00:00+00:00,1592856000,1755.028,1756.948,1753.558,1755.358,0.49991,7041
2020-06-23T00:00:00+00:00,1592870400,1755.358,1760.378,1747.635,1751.388,0.50363,32987
2020-06-23T04:00:00+00:00,1592884800,1751.388,1756.228,1747.295,1755.385,0.48517,33862
2020-06-23T08:00:00+00:00,1592899200,1755.358,1758.968,1753.748,1757.738,0.48558,32106
2020-06-23T12:00:00+00:00,1592913600,1757.738,1769.118,1756.648,1766.168,0.45109,69619
2020-06-23T16:00:00+00:00,1592928000,1766.168,1770.838,1764.668,1770.018,0.41082,42431
2020-06-23T20:00:00+00:00,1592942400,1769.998,1770.998,1766.098,1768.545,0.72986,8088
2020-06-24T00:00:00+00:00,1592956800,1768.445,1773.498,1767.6,1767.768,0.61533,27849
2020-06-24T04:00:00+00:00,1592971200,1767.768,1771.198,1765.305,1769.978,0.53063,22081
2020-06-24T08:00:00+00:00,1592985600,1769.978,1779.388,1769.768,1777.848,0.44906,35004
2020-06-24T12:00:00+00:00,1593000000,1777.848,1778.668,1761.748,1767.198,0.51002,83744
2020-06-24T16:00:00+00:00,1593014400,1767.198,1768.215,1760.458,1764.978,0.46239,51314
2020-06-24T20:00:00+00:00,1593028800,1765.008,1766.348,1753.548,1761.915,0.59555,10345
2020-06-25T00:00:00+00:00,1593043200,1761.915,1766.028,1758.255,1763.695,0.52784,21472
2020-06-25T04:00:00+00:00,1593057600,1763.685,1768.785,1759.435,1765.818,0.47911,24834
2020-06-25T08:00:00+00:00,1593072000,1765.818,1766.785,1758.325,1759.185,0.49482,32996
2020-06-25T12:00:00+00:00,1593086400,1759.145,1766.408,1755.258,1760.958,0.45877,71009
2020-06-25T16:00:00+00:00,1593100800,1761.028,1764.658,1760.898,1763.498,0.35708,34390
2020-06-25T20:00:00+00:00,1593115200,1763.498,1766.238,1761.888,1765.748,0.58342,5873
2020-06-26T00:00:00+00:00,1593129600,1765.768,1766.198,1760.205,1760.638,0.49648,10719
2020-06-26T04:00:00+00:00,1593144000,1760.638,1764.938,1758.058,1763.188,0.44424,17403
2020-06-26T08:00:00+00:00,1593158400,1763.218,1766.618,1760.785,1762.355,0.45562,26381
2020-06-26T12:00:00+00:00,1593172800,1762.375,1767.828,1747.368,1766.568,0.456,76616
2020-06-26T16:00:00+00:00,1593187200,1766.598,1771.948,1764.888,1771.098,0.48405,49817
2020-06-26T20:00:00+00:00,1593201600,1771.068,1771.198,1767.495,1770.898,0.63323,2732
2020-06-28T20:00:00+00:00,1593374400,1774.918,1775.748,1769.308,1771.208,0.9943,6226
2020-06-29T00:00:00+00:00,1593388800,1771.208,1774.905,1767.478,1772.438,0.52255,24345
2020-06-29T04:00:00+00:00,1593403200,1772.458,1774.855,1768.388,1768.948,0.47797,28391
2020-06-29T08:00:00+00:00,1593417600,1768.948,1773.218,1767.088,1770.518,0.48779,24020
2020-06-29T12:00:00+00:00,1593432000,1770.608,1774.055,1765.538,1771.328,0.42574,52918
2020-06-29T16:00:00+00:00,1593446400,1771.328,1772.805,1767.428,1771.748,0.41692,32392
2020-06-29T20:00:00+00:00,1593460800,1771.748,1773.505,1769.788,1773.008,0.62382,5242
2020-06-30T00:00:00+00:00,1593475200,1773.008,1773.058,1768.668,1770.598,0.48315,13740
2020-06-30T04:00:00+00:00,1593489600,1770.475,1773.655,1769.065,1773.395,0.47195,22955
2020-06-30T08:00:00+00:00,1593504000,1773.458,1773.668,1764.425,1765.738,0.45691,21773
2020-06-30T12:00:00+00:00,1593518400,1765.718,1785.85,1765.488,1782.828,0.47886,65130
2020-06-30T16:00:00+00:00,1593532800,1782.828,1784.588,1779.228,1780.158,0.45178,39939
2020-06-30T20:00:00+00:00,1593547200,1780.168,1784.255,1779.888,1782.808,0.74804,5688
2020-07-01T00:00:00+00:00,1593561600,1782.808,1784.305,1780.158,1783.728,0.47968,18715
2020-07-01T04:00:00+00:00,1593576000,1783.688,1789.008,1781.885,1787.795,0.47179,21023
2020-07-01T08:00:00+00:00,1593590400,1787.805,1788.755,1776.785,1781.438,0.48562,28774
2020-07-01T12:00:00+00:00,1593604800,1781.448,1784.015,1758.948,1766.728,0.47896,72422
2020-07-01T16:00:00+00:00,1593619200,1766.728,1772.828,1765.148,1772.398,0.49844,41686
2020-07-01T20:00:00+00:00,1593633600,1772.368,1772.528,1767.518,1768.108,0.71963,5972
2020-07-02T00:00:00+00:00,1593648000,1768.108,1770.308,1766.0,1768.785,0.5369,14624
2020-07-02T04:00:00+00:00,1593662400,1768.825,1770.185,1764.168,1769.015,0.48017,19751
2020-07-02T08:00:00+00:00,1593676800,1768.985,1774.395,1768.725,1772.598,0.46152,22959
2020-07-02T12:00:00+00:00,1593691200,1772.858,1779.425,1757.438,1777.898,0.54926,74292
2020-07-02T16:00:00+00:00,1593705600,1777.908,1778.118,1773.748,1775.648,0.45782,33748
2020-07-02T20:00:00+00:00,1593720000,1775.688,1777.048,1774.368,1775.518,0.68896,5490
2020-07-03T00:00:00+00:00,1593734400,1775.478,1777.008,1772.978,1775.508,0.54661,12546
2020-07-03T04:00:00+00:00,1593748800,1775.498,1776.788,1772.588,1775.498,0.50262,17486
2020-07-03T08:00:00+00:00,1593763200,1775.408,1776.978,1773.428,1775.668,0.50637,15903
2020-07-03T12:00:00+00:00,1593777600,1775.708,1776.158,1773.2,1774.948,0.48729,18247
2020-07-03T16:00:00+00:00,1593792000,1774.948,1776.208,1774.045,1774.818,0.48913,1960
2020-07-05T20:00:00+00:00,1593979200,1773.368,1776.148,1773.2,1775.258,0.68725,2749
2020-07-06T00:00:00+00:00,1593993600,1775.255,1776.768,1769.818,1772.048,0.46369,14932
2020-07-06T04:00:00+00:00,1594008000,1772.048,1777.798,1771.365,1775.935,0.47081,19689
2020-07-06T08:00:00+00:00,1594022400,1775.938,1779.548,1774.025,1779.218,0.45368,21330
2020-07-06T12:00:00+00:00,1594036800,1779.228,1786.905,1777.205,1783.578,0.48253,58412
2020-07-06T16:00:00+00:00,1594051200,1783.578,1786.918,1781.608,1786.348,0.38016,30531
2020-07-06T20:00:00+00:00,1594065600,1786.348,1786.898,1782.688,1785.748,0.54887,5821
2020-07-07T00:00:00+00:00,1594080000,1785.698,1787.038,1782.528,1784.425,0.51788,15846
2020-07-07T04:00:00+00:00,1594094400,1784.375,1785.048,1780.168,1780.595,0.49779,18381
2020-07-07T08:00:00+00:00,1594108800,1780.568,1781.178,1773.398,1777.735,0.46366,31396
2020-07-07T12:00:00+00:00,1594123200,1777.695,1796.408,1775.488,1795.048,0.43206,59380
2020-07-07T16:00:00+00:00,1594137600,1795.078,1797.358,1793.665,1797.038,0.37695,39659
2020-07-07T20:00:00+00:00,1594152000,1797.058,1797.148,1793.255,1794.285,0.4988,5196
2020-07-08T00:00:00+00:00,1594166400,1794.285,1796.458,1791.448,1794.245,0.5006,15700
2020-07-08T04:00:00+00:00,1594180800,1794.245,1796.115,1792.368,1796.105,0.39493,14569
2020-07-08T08:00:00+00:00,1594195200,1796.095,1804.708,1796.018,1804.368,0.4331,30465
2020-07-08T12:00:00+00:00,1594209600,1804.385,1817.848,1801.835,1811.108,0.47727,61479
2020-07-08T16:00:00+00:00,1594224000,1811.108,1813.848,1806.605,1809.258,0.42656,37069
2020-07-08T20:00:00+00:00,1594238400,1809.238,1810.568,1805.018,1809.035,0.63448,4554
2020-07-09T00:00:00+00:00,1594252800,1809.035,1810.188,1805.868,1809.295,0.49488,14812
2020-07-09T04:00:00+00:00,1594267200,1809.295,1814.648,1808.945,1812.748,0.43544,19932
2020-07-09T08:00:00+00:00,1594281600,1812.748,1815.855,1805.618,1807.978,0.3886,29156
2020-07-09T12:00:00+00:00,1594296000,1808.028,1815.358,1795.258,1801.015,0.46083,77118
2020-07-09T16:00:00+00:00,1594310400,1801.008,1804.998,1797.835,1803.498,0.43709,37799
2020-07-09T20:00:00+00:00,1594324800,1803.518,1804.208,1800.998,1803.748,0.76155,4024
2020-07-10T00:00:00+00:00,1594339200,1803.748,1804.068,1799.288,1801.155,0.49128,13843
2020-07-10T04:00:00+00:00,1594353600,1801.165,1801.64,1795.708,1799.308,0.51855,19124
2020-07-10T08:00:00+00:00,1594368000,1799.348,1809.138,1799.348,1806.558,0.41294,24281
2020-07-10T12:00:00+00:00,1594382400,1806.568,1810.496,1795.658,1797.858,0.38851,57308
2020-07-10T16:00:00+00:00,1594396800,1797.858,1800.565,1793.935,1799.165,0.44343,33915
2020-07-10T20:00:00+00:00,1594411200,1799.175,1799.245,1797.765,1798.088,0.84425,1603
2020-07-12T20:00:00+00:00,1594584000,1799.188,1801.278,1797.708,1799.928,0.75097,4220
2020-07-13T00:00:00+00:00,1594598400,1799.908,1804.758,1799.728,1803.158,0.35145,11260
2020-07-13T04:00:00+00:00,1594612800,1803.158,1808.168,1802.745,1804.955,0.27368,13725
2020-07-13T08:00:00+00:00,1594627200,1804.955,1809.925,1803.938,1808.978,0.39236,24546
2020-07-13T12:00:00+00:00,1594641600,1808.978,1813.198,1801.825,1807.148,0.43249,62817
2020-07-13T16:00:00+00:00,1594656000,1807.148,1811.538,1800.358,1802.248,0.40387,48086
2020-07-13T20:00:00+00:00,1594670400,1802.278,1804.115,1800.998,1802.208,0.5417,6507
2020-07-14T00:00:00+00:00,1594684800,1802.215,1802.418,1795.738,1797.548,0.47473,19582
2020-07-14T04:00:00+00:00,1594699200,1797.668,1802.218,1796.075,1800.395,0.49211,21351
2020-07-14T08:00:00+00:00,1594713600,1800.445,1801.878,1790.418,1800.358,0.43417,31819
2020-07-14T12:00:00+00:00,1594728000,1800.348,1809.398,1795.158,1807.318,0.43646,74584
2020-07-14T16:00:00+00:00,1594742400,1807.328,1810.788,1806.588,1810.198,0.37542,37158
2020-07-14T20:00:00+00:00,1594756800,1810.198,1810.398,1807.138,1809.178,0.7495,5312
2020-07-15T00:00:00+00:00,1594771200,1809.178,1811.108,1807.438,1808.875,0.50658,13066
2020-07-15T04:00:00+00:00,1594785600,1808.865,1811.825,1805.598,1811.698,0.43897,18416
2020-07-15T08:00:00+00:00,1594800000,1811.635,1814.916,1803.508,1805.248,0.39834,28431
2020-07-15T12:00:00+00:00,1594814400,1805.248,1812.598,1802.228,1810.438,0.41975,65208
2020-07-15T16:00:00+00:00,1594828800,1810.438,1813.208,1810.255,1812.138,0.36386,29808
2020-07-15T20:00:00+00:00,1594843200,1812.138,1812.948,1809.448,1812.938,0.52279,3437
2020-07-16T00:00:00+00:00,1594857600,1812.968,1813.138,1807.955,1809.718,0.42968,11539
2020-07-16T04:00:00+00:00,1594872000,1809.618,1811.335,1805.358,1805.9,0.39451,19933
2020-07-16T08:00:00+00:00,1594886400,1805.9,1808.075,1802.858,1805.405,0.379,20601
2020-07-16T12:00:00+00:00,1594900800,1805.388,1808.718,1803.145,1806.248,0.40034,47048
2020-07-16T16:00:00+00:00,1594915200,1806.288,1807.548,1794.788,1795.195,0.35343,39886
2020-07-16T20:00:00+00:00,1594929600,1795.175,1798.668,1795.175,1798.148,0.62272,6545
2020-07-17T00:00:00+00:00,1594944000,1798.148,1799.385,1795.608,1798.965,0.42751,16007
2020-07-17T04:00:00+00:00,1594958400,1798.965,1801.218,1798.088,1800.708,0.36602,15292
2020-07-17T08:00:00+00:00,1594972800,1800.708,1806.238,1800.708,1805.788,0.32008,17911
2020-07-17T12:00:00+00:00,1594987200,1805.818,1811.568,1805.128,1810.275,0.36655,43473
2020-07-17T16:00:00+00:00,1595001600,1810.265,1811.878,1807.365,1810.068,0.36049,28326
2020-07-17T20:00:00+00:00,1595016000,1810.058,1811.248,1808.845,1809.248,0.55567,1864
2020-07-19T20:00:00+00:00,1595188800,1808.838,1810.508,1806.998,1808.778,0.59289,4628
2020-07-20T00:00:00+00:00,1595203200,1808.808,1809.565,1805.565,1807.665,0.42751,18095
2020-07-20T04:00:00+00:00,1595217600,1807.655,1810.858,1807.225,1809.908,0.35677,18875
2020-07-20T08:00:00+00:00,1595232000,1809.908,1815.238,1809.178,1815.128,0.36687,22634
2020-07-20T12:00:00+00:00,1595246400,1815.128,1820.438,1811.758,1816.438,0.37613,64221
2020-07-20T16:00:00+00:00,1595260800,1816.398,1818.758,1815.145,1818.108,0.32431,33415
2020-07-20T20:00:00+00:00,1595275200,1818.198,1818.645,1816.758,1817.808,0.4488,5646
2020-07-21T00:00:00+00:00,1595289600,1817.868,1820.085,1815.668,1819.648,0.41287,16593
2020-07-21T04:00:00+00:00,1595304000,1819.615,1824.005,1817.078,1822.205,0.38296,25470
2020-07-21T08:00:00+00:00,1595318400,1822.205,1828.258,1821.415,1828.005,0.37224,26115
2020-07-21T12:00:00+00:00,1595332800,1827.935,1841.328,1827.655,1839.535,0.39696,80240
2020-07-21T16:00:00+00:00,1595347200,1839.538,1843.398,1838.168,1840.978,0.34045,42600
2020-07-21T20:00:00+00:00,1595361600,1840.928,1847.538,1839.208,1843.058,0.52884,13572
2020-07-22T00:00:00+00:00,1595376000,1843.088,1865.738,1842.548,1857.048,0.47543,39458
2020-07-22T04:00:00+00:00,1595390400,1856.988,1861.038,1851.048,1854.245,0.44233,41702
2020-07-22T08:00:00+00:00,1595404800,1854.215,1860.065,1846.235,1859.665,0.42244,43793
2020-07-22T12:00:00+00:00,1595419200,1859.635,1864.598,1847.278,1864.058,0.42084,86749
2020-07-22T16:00:00+00:00,1595433600,1863.978,1870.358,1861.658,1868.478,0.36704,59684
2020-07-22T20:00:00+00:00,1595448000,1868.478,1874.158,1867.298,1869.935,0.64119,12363
2020-07-23T00:00:00+00:00,1595462400,1869.925,1876.415,1863.909,1868.385,0.48232,33041
2020-07-23T04:00:00+00:00,1595476800,1868.405,1876.188,1867.655,1875.875,0.40262,37274
2020-07-23T08:00:00+00:00,1595491200,1875.865,1888.545,1875.605,1878.198,0.38026,53091
2020-07-23T12:00:00+00:00,1595505600,1878.228,1898.228,1869.725,1896.578,0.41211,92835
2020-07-23T16:00:00+00:00,1595520000,1896.578,1896.688,1879.045,1885.928,0.40523,81467
2020-07-23T20:00:00+00:00,1595534400,1886.098,1890.328,1882.355,1885.708,0.53011,10521
2020-07-24T00:00:00+00:00,1595548800,1885.618,1890.015,1881.265,1889.798,0.43706,24472
2020-07-24T04:00:00+00:00,1595563200,1889.768,1896.945,1882.275,1896.368,0.43729,41449
2020-07-24T08:00:00+00:00,1595577600,1896.458,1897.875,1887.108,1894.258,0.39049,39499
2020-07-24T12:00:00+00:00,1595592000,1894.168,1906.458,1891.885,1900.025,0.39383,78342
2020-07-24T16:00:00+00:00,1595606400,1900.128,1902.618,1898.775,1902.395,0.34729,39990
2020-07-24T20:00:00+00:00,1595620800,1902.385,1902.385,1900.788,1901.098,0.52436,2267
2020-07-26T20:00:00+00:00,1595793600,1901.988,1914.948,1899.638,1913.535,0.66883,17161
2020-07-27T00:00:00+00:00,1595808000,1913.515,1944.428,1912.325,1931.748,0.49801,59859
2020-07-27T04:00:00+00:00,1595822400,1931.748,1937.865,1929.718,1933.308,0.45815,45538
2020-07-27T08:00:00+00:00,1595836800,1933.328,1945.118,1933.018,1940.155,0.40417,49984
2020-07-27T12:00:00+00:00,1595851200,1940.135,1945.515,1930.945,1938.298,0.39897,83784
2020-07-27T16:00:00+00:00,1595865600,1938.298,1940.868,1931.748,1938.648,0.3526,61025
2020-07-27T20:00:00+00:00,1595880000,1938.648,1967.178,1936.868,1964.915,0.55064,25336
2020-07-28T00:00:00+00:00,1595894400,1964.865,1980.98,1932.808,1943.548,0.61837,72167
2020-07-28T04:00:00+00:00,1595908800,1943.328,1947.285,1906.645,1913.015,0.59173,58350
2020-07-28T08:00:00+00:00,1595923200,1913.045,1935.565,1912.415,1929.178,0.57139,51856
2020-07-28T12:00:00+00:00,1595937600,1928.948,1956.48,1923.288,1953.498,0.44893,93349
2020-07-28T16:00:00+00:00,1595952000,1953.548,1960.965,1945.898,1955.358,0.38998,65434
2020-07-28T20:00:00+00:00,1595966400,1955.358,1962.298,1949.008,1955.958,0.66489,14057
2020-07-29T00:00:00+00:00,1595980800,1955.958,1963.928,1947.778,1952.848,0.44634,33525
2020-07-29T04:00:00+00:00,1595995200,1952.848,1960.978,1949.588,1957.315,0.45252,34168
2020-07-29T08:00:00+00:00,1596009600,1957.295,1959.398,1953.665,1956.308,0.40795,32372
2020-07-29T12:00:00+00:00,1596024000,1956.308,1961.758,1941.328,1958.218,0.41115,71962
2020-07-29T16:00:00+00:00,1596038400,1958.218,1980.798,1951.305,1969.225,0.4797,71513
2020-07-29T20:00:00+00:00,1596052800,1969.245,1971.445,1965.475,1966.398,0.71642,10361
2020-07-30T00:00:00+00:00,1596067200,1966.398,1970.538,1960.625,1964.945,0.48886,25662
2020-07-30T04:00:00+00:00,1596081600,1964.885,1964.995,1947.337,1955.805,0.49301,49765
2020-07-30T08:00:00+00:00,1596096000,1955.815,1959.328,1944.778,1953.285,0.47388,47792
2020-07-30T12:00:00+00:00,1596110400,1953.298,1961.745,1939.245,1948.598,0.41831,93614
2020-07-30T16:00:00+00:00,1596124800,1948.498,1956.118,1945.698,1955.968,0.3756,46551
2020-07-30T20:00:00+00:00,1596139200,1955.808,1960.088,1953.005,1956.795,0.59127,9889
2020-07-31T00:00:00+00:00,1596153600,1956.775,1971.458,1955.765,1969.265,0.47117,40605
2020-07-31T04:00:00+00:00,1596168000,1969.205,1984.218,1966.368,1976.345,0.50125,51343
2020-07-31T08:00:00+00:00,1596182400,1976.338,1978.135,1970.385,1974.805,0.45754,31909
2020-07-31T12:00:00+00:00,1596196800,1974.815,1978.198,1959.718,1973.008,0.42217,93528
2020-07-31T16:00:00+00:00,1596211200,1973.011,1974.895,1965.865,1973.908,0.36413,56813
2020-07-31T20:00:00+00:00,1596225600,1973.888,1975.568,1971.855,1975.568,0.56073,3763
2020-08-02T20:00:00+00:00,1596398400,1978.898,1989.148,1976.908,1981.855,0.74977,14165
2020-08-03T00:00:00+00:00,1596412800,1981.825,1982.225,1969.555,1973.698,0.52861,29854
2020-08-03T04:00:00+00:00,1596427200,1973.698,1977.428,1970.097,1972.968,0.42239,26053
2020-08-03T08:00:00+00:00,1596441600,1973.078,1974.828,1965.858,1970.218,0.38159,36245
2020-08-03T12:00:00+00:00,1596456000,1970.198,1976.465,1960.378,1968.208,0.40069,70232
2020-08-03T16:00:00+00:00,1596470400,1968.278,1977.498,1966.415,1976.438,0.38263,38641
2020-08-03T20:00:00+00:00,1596484800,1976.418,1977.658,1971.548,1975.138,0.60839,7756
2020-08-04T00:00:00+00:00,1596499200,1975.118,1978.488,1971.5,1973.845,0.43841,18887
2020-08-04T04:00:00+00:00,1596513600,1973.855,1978.765,1971.5,1977.678,0.46393,24839
2020-08-04T08:00:00+00:00,1596528000,1977.598,1977.788,1966.725,1971.868,0.42114,31245
2020-08-04T12:00:00+00:00,1596542400,1971.868,1996.518,1971.265,1995.065,0.4242,74650
2020-08-04T16:00:00+00:00,1596556800,1995.065,2017.608,1992.458,2016.998,0.41006,64568
2020-08-04T20:00:00+00:00,1596571200,2016.928,2030.815,2014.378,2030.815,0.58588,19526
2020-08-05T00:00:00+00:00,1596585600,2030.785,2030.785,2009.338,2013.085,0.49175,40235
2020-08-05T04:00:00+00:00,1596600000,2013.055,2039.815,2011.448,2033.505,0.4599,44208
2020-08-05T08:00:00+00:00,1596614400,2033.455,2044.685,2028.728,2042.648,0.45575,44651
2020-08-05T12:00:00+00:00,1596628800,2042.648,2055.648,2030.118,2043.498,0.44156,92830
2020-08-05T16:00:00+00:00,1596643200,2043.498,2045.078,2028.608,2036.408,0.40298,64576
2020-08-05T20:00:00+00:00,1596657600,2036.358,2041.398,2035.268,2036.348,0.61398,9075
2020-08-06T00:00:00+00:00,1596672000,2036.308,2044.578,2034.385,2042.985,0.47558,26756
2020-08-06T04:00:00+00:00,1596686400,2042.958,2053.925,2041.095,2043.295,0.46906,46919
2020-08-06T08:00:00+00:00,1596700800,2043.255,2059.398,2041.043,2059.025,0.46016,46109
2020-08-06T12:00:00+00:00,1596715200,2059.198,2069.595,2049.148,2057.805,0.42331,88846
2020-08-06T16:00:00+00:00,1596729600,2057.785,2063.785,2053.475,2062.945,0.37462,53268
2020-08-06T20:00:00+00:00,1596744000,2062.915,2074.798,2061.765,2069.178,0.63603,17545
2020-08-07T00:00:00+00:00,1596758400,2069.188,2072.618,2052.918,2056.418,0.53965,41680
2020-08-07T04:00:00+00:00,1596772800,2056.698,2064.475,2047.185,2064.445,0.51049,60761
2020-08-07T08:00:00+00:00,1596787200,2064.425,2064.485,2051.158,2052.338,0.44258,48006
2020-08-07T12:00:00+00:00,1596801600,2052.305,2063.628,2022.788,2028.018,0.50437,115340
2020-08-07T16:00:00+00:00,1596816000,2028.048,2036.968,2015.385,2030.765,0.47053,72257
2020-08-07T20:00:00+00:00,1596830400,2030.785,2035.248,2029.665,2034.298,0.65098,3523
2020-08-09T20:00:00+00:00,1597003200,2033.708,2037.138,2018.638,2027.035,0.8785,12946
2020-08-10T00:00:00+00:00,1597017600,2027.025,2036.078,2026.058,2029.448,0.51745,30146
2020-08-10T04:00:00+00:00,1597032000,2029.388,2035.128,2027.018,2032.155,0.42791,37719
2020-08-10T08:00:00+00:00,1597046400,2032.115,2035.295,2027.698,2030.948,0.42923,29767
2020-08-10T12:00:00+00:00,1597060800,2030.948,2049.748,2028.258,2034.885,0.42014,82521
2020-08-10T16:00:00+00:00,1597075200,2034.875,2035.578,2019.205,2024.695,0.39451,56608
2020-08-10T20:00:00+00:00,1597089600,2024.608,2029.935,2024.455,2028.108,0.58541,9314
2020-08-11T00:00:00+00:00,1597104000,2028.088,2028.088,2014.605,2020.235,0.46982,39001
2020-08-11T04:00:00+00:00,1597118400,2020.225,2021.365,1990.008,1995.028,0.5104,59006
2020-08-11T08:00:00+00:00,1597132800,1995.028,1997.588,1974.008,1978.005,0.48841,59318
2020-08-11T12:00:00+00:00,1597147200,1978.015,1981.398,1937.565,1942.928,0.49746,114806
2020-08-11T16:00:00+00:00,1597161600,1942.968,1949.958,1910.0,1915.988,0.48876,95466
2020-08-11T20:00:00+00:00,1597176000,1916.005,1929.428,1901.188,1908.985,0.71245,26322
2020-08-12T00:00:00+00:00,1597190400,1908.975,1925.585,1872.478,1885.078,0.6888,56228
2020-08-12T04:00:00+00:00,1597204800,1885.048,1939.825,1862.318,1936.468,0.61355,69352
2020-08-12T08:00:00+00:00,1597219200,1936.308,1949.548,1916.848,1929.465,0.60931,64679
2020-08-12T12:00:00+00:00,1597233600,1937.478,1947.905,1927.458,1941.218,0.47269,75015
2020-08-12T16:00:00+00:00,1597248000,1941.218,1949.148,1906.715,1908.005,0.42803,73351
2020-08-12T20:00:00+00:00,1597262400,1907.905,1923.478,1907.568,1921.738,0.62615,17432
2020-08-13T00:00:00+00:00,1597276800,1921.738,1942.538,1919.905,1935.208,0.48981,35574
2020-08-13T04:00:00+00:00,1597291200,1935.208,1935.648,1921.445,1929.898,0.50184,43266
2020-08-13T08:00:00+00:00,1597305600,1929.855,1939.328,1927.315,1931.635,0.50562,42420
2020-08-13T12:00:00+00:00,1597320000,1931.858,1950.575,1920.008,1944.805,0.51199,93748
2020-08-13T16:00:00+00:00,1597334400,1944.835,1966.165,1937.555,1952.465,0.48769,83428
2020-08-13T20:00:00+00:00,1597348800,1952.415,1962.075,1946.648,1957.265,0.61746,13108
2020-08-14T00:00:00+00:00,1597363200,1957.255,1961.408,1944.668,1948.648,0.53086,33401
2020-08-14T04:00:00+00:00,1597377600,1948.788,1956.818,1938.558,1947.585,0.50966,44000
2020-08-14T08:00:00+00:00,1597392000,1947.525,1953.128,1940.888,1948.238,0.52556,37405
2020-08-14T12:00:00+00:00,1597406400,1948.228,1956.278,1939.658,1943.425,0.494,79342
2020-08-14T16:00:00+00:00,1597420800,1943.435,1946.955,1932.025,1942.885,0.43,66644
2020-08-14T20:00:00+00:00,1597435200,1942.875,1945.878,1942.608,1943.998,0.67263,3261
2020-08-16T20:00:00+00:00,1597608000,1948.718,1951.245,1931.855,1932.435,0.80286,10668
2020-08-17T00:00:00+00:00,1597622400,1932.415,1943.068,1929.348,1941.128,0.57204,33578
2020-08-17T04:00:00+00:00,1597636800,1941.128,1956.928,1940.898,1954.335,0.49156,40980
2020-08-17T08:00:00+00:00,1597651200,1954.338,1955.368,1947.608,1954.898,0.44623,33484
2020-08-17T12:00:00+00:00,1597665600,1954.898,1988.965,1953.128,1985.438,0.42947,89981
2020-08-17T16:00:00+00:00,1597680000,1985.475,1990.478,1979.475,1983.988,0.44096,54863
2020-08-17T20:00:00+00:00,1597694400,1984.068,1985.525,1980.498,1983.725,0.57906,10523
2020-08-18T00:00:00+00:00,1597708800,1983.705,1995.828,1980.618,1990.755,0.4957,39870
2020-08-18T04:00:00+00:00,1597723200,1990.785,2009.898,1989.378,2005.245,0.47377,45946
2020-08-18T08:00:00+00:00,1597737600,2005.235,2009.585,2001.438,2007.005,0.46552,38026
2020-08-18T12:00:00+00:00,1597752000,2007.015,2015.498,1975.898,2002.228,0.46986,96302
2020-08-18T16:00:00+00:00,1597766400,2002.228,2010.015,1999.298,2003.465,0.45077,61825
2020-08-18T20:00:00+00:00,1597780800,2003.465,2006.355,1999.745,2005.155,0.58439,9191
2020-08-19T00:00:00+00:00,1597795200,2005.155,2005.875,1989.678,1993.935,0.5255,43289
2020-08-19T04:00:00+00:00,1597809600,1993.955,1994.365,1980.238,1987.768,0.501,43546
2020-08-19T08:00:00+00:00,1597824000,1987.788,1998.025,1981.208,1985.758,0.53927,39410
2020-08-19T12:00:00+00:00,1597838400,1985.758,1995.275,1953.858,1963.015,0.50124,97492
2020-08-19T16:00:00+00:00,1597852800,1963.045,1974.295,1934.535,1940.105,0.55323,85192
2020-08-19T20:00:00+00:00,1597867200,1940.105,1941.025,1924.528,1927.568,0.70513,19578
2020-08-20T00:00:00+00:00,1597881600,1927.568,1952.178,1924.805,1949.475,0.60973,43284
2020-08-20T04:00:00+00:00,1597896000,1949.485,1955.125,1932.738,1934.168,0.5769,47164
2020-08-20T08:00:00+00:00,1597910400,1934.058,1942.675,1924.688,1937.495,0.50242,52804
2020-08-20T12:00:00+00:00,1597924800,1937.495,1951.505,1925.878,1946.465,0.51206,101534
2020-08-20T16:00:00+00:00,1597939200,1946.475,1955.018,1937.298,1952.465,0.49918,57811
2020-08-20T20:00:00+00:00,1597953600,1952.475,1953.355,1944.865,1952.628,0.656,9707
2020-08-21T00:00:00+00:00,1597968000,1952.565,1955.765,1940.475,1949.745,0.50885,32906
2020-08-21T04:00:00+00:00,1597982400,1949.745,1951.535,1933.728,1940.968,0.51351,41166
2020-08-21T08:00:00+00:00,1597996800,1941.028,1941.065,1914.765,1915.918,0.53157,54784
2020-08-21T12:00:00+00:00,1598011200,1915.978,1945.628,1911.238,1939.165,0.53778,102378
2020-08-21T16:00:00+00:00,1598025600,1939.145,1941.918,1931.935,1938.085,0.47187,48684
2020-08-21T20:00:00+00:00,1598040000,1938.105,1941.248,1936.418,1939.618,0.53638,2640
2020-08-23T20:00:00+00:00,1598212800,1939.868,1941.338,1929.808,1935.025,0.67501,9647
2020-08-24T00:00:00+00:00,1598227200,1935.025,1936.795,1930.148,1931.645,0.58115,25370
2020-08-24T04:00:00+00:00,1598241600,1931.655,1949.415,1930.448,1944.385,0.52536,35252
2020-08-24T08:00:00+00:00,1598256000,1944.365,1950.898,1944.015,1950.025,0.48372,30491
2020-08-24T12:00:00+00:00,1598270400,1950.035,1961.788,1927.248,1930.085,0.47181,91671
2020-08-24T16:00:00+00:00,1598284800,1930.065,1934.218,1923.608,1926.965,0.44752,44298
2020-08-24T20:00:00+00:00,1598299200,1926.995,1931.055,1924.415,1929.585,0.64872,9357
2020-08-25T00:00:00+00:00,1598313600,1929.565,1937.425,1926.365,1936.068,0.52938,24308
2020-08-25T04:00:00+00:00,1598328000,1936.068,1937.165,1929.368,1934.895,0.49228,30161
2020-08-25T08:00:00+00:00,1598342400,1934.888,1935.455,1921.308,1925.418,0.46413,42630
2020-08-25T12:00:00+00:00,1598356800,1925.418,1930.748,1914.105,1919.238,0.44946,86162
2020-08-25T16:00:00+00:00,1598371200,1919.268,1929.358,1914.415,1929.078,0.44359,47170
2020-08-25T20:00:00+00:00,1598385600,1929.078,1931.908,1926.15,1929.565,0.565,7911
2020-08-26T00:00:00+00:00,1598400000,1929.455,1931.358,1923.848,1925.538,0.4787,22727
2020-08-26T04:00:00+00:00,1598414400,1925.538,1927.638,1913.708,1917.235,0.47786,34234
2020-08-26T08:00:00+00:00,1598428800,1917.215,1923.965,1913.955,1917.605,0.44322,33946
2020-08-26T12:00:00+00:00,1598443200,1917.595,1946.145,1902.678,1940.205,0.47327,95917
2020-08-26T16:00:00+00:00,1598457600,1940.205,1954.088,1939.985,1952.098,0.44957,49796
2020-08-26T20:00:00+00:00,1598472000,1952.118,1954.918,1949.935,1953.278,0.53311,10002
2020-08-27T00:00:00+00:00,1598486400,1953.298,1953.758,1938.078,1942.548,0.49352,31531
2020-08-27T04:00:00+00:00,1598500800,1942.628,1948.595,1936.788,1946.195,0.4736,30444
2020-08-27T08:00:00+00:00,1598515200,1946.195,1946.565,1937.118,1940.685,0.44122,28833
2020-08-27T12:00:00+00:00,1598529600,1940.738,1976.578,1909.778,1928.605,0.54292,120423
2020-08-27T16:00:00+00:00,1598544000,1928.635,1934.968,1919.055,1929.705,0.46258,63510
2020-08-27T20:00:00+00:00,1598558400,1929.675,1931.128,1926.455,1927.868,0.5629,7517
2020-08-28T00:00:00+00:00,1598572800,1927.758,1940.978,1923.288,1940.688,0.50808,29058
2020-08-28T04:00:00+00:00,1598587200,1940.688,1951.995,1938.778,1948.088,0.49148,43125
2020-08-28T08:00:00+00:00,1598601600,1948.088,1964.108,1945.808,1962.155,0.47557,51624
2020-08-28T12:00:00+00:00,1598616000,1962.135,1972.858,1950.518,1968.335,0.44026,95333
2020-08-28T16:00:00+00:00,1598630400,1968.285,1973.718,1960.305,1963.285,0.40236,48601
2020-08-28T20:00:00+00:00,1598644800,1963.275,1965.035,1962.305,1964.428,0.57606,2745
2020-08-30T20:00:00+00:00,1598817600,1965.378,1976.465,1964.898,1972.985,0.58623,12830
2020-08-31T00:00:00+00:00,1598832000,1972.975,1976.368,1967.325,1970.075,0.47029,28250
2020-08-31T04:00:00+00:00,1598846400,1970.075,1971.535,1954.125,1958.358,0.48533,33435
2020-08-31T08:00:00+00:00,1598860800,1958.448,1968.908,1956.328,1965.708,0.46037,30834
2020-08-31T12:00:00+00:00,1598875200,1965.708,1973.948,1960.188,1968.888,0.42795,76233
2020-08-31T16:00:00+00:00,1598889600,1968.888,1975.098,1966.208,1967.668,0.43059,41488
2020-08-31T20:00:00+00:00,1598904000,1967.628,1969.298,1965.078,1967.758,0.59611,8074
2020-09-01T00:00:00+00:00,1598918400,1967.758,1989.415,1967.188,1983.985,0.48151,39415
2020-09-01T04:00:00+00:00,1598932800,1983.975,1992.298,1982.025,1991.915,0.44193,37633
2020-09-01T08:00:00+00:00,1598947200,1991.925,1991.925,1983.978,1989.048,0.43049,33341
2020-09-01T12:00:00+00:00,1598961600,1989.088,1991.678,1964.098,1973.125,0.45348,87133
2020-09-01T16:00:00+00:00,1598976000,1973.145,1976.618,1963.115,1970.095,0.43955,44446
2020-09-01T20:00:00+00:00,1598990400,1970.105,1972.928,1967.548,1972.468,0.57294,8833
2020-09-02T00:00:00+00:00,1599004800,1972.448,1973.118,1958.678,1964.755,0.48659,28980
2020-09-02T04:00:00+00:00,1599019200,1964.755,1967.498,1955.905,1961.755,0.4882,34913
2020-09-02T08:00:00+00:00,1599033600,1961.805,1971.768,1956.825,1958.955,0.42239,42590
2020-09-02T12:00:00+00:00,1599048000,1959.118,1968.798,1937.158,1943.925,0.47518,91906
2020-09-02T16:00:00+00:00,1599062400,1943.925,1945.478,1932.428,1943.608,0.45207,45104
2020-09-02T20:00:00+00:00,1599076800,1943.608,1945.338,1939.555,1944.568,0.62148,8221
2020-09-03T00:00:00+00:00,1599091200,1944.565,1950.905,1941.595,1945.625,0.46077,24301
2020-09-03T04:00:00+00:00,1599105600,1945.635,1946.398,1927.178,1935.695,0.48026,43910
2020-09-03T08:00:00+00:00,1599120000,1935.685,1937.528,1927.195,1934.625,0.47236,35515
2020-09-03T12:00:00+00:00,1599134400,1934.625,1945.748,1921.658,1926.205,0.48176,93765
2020-09-03T16:00:00+00:00,1599148800,1926.115,1938.318,1924.445,1929.065,0.49098,53958
2020-09-03T20:00:00+00:00,1599163200,1929.065,1932.975,1926.0,1927.855,0.70979,7690
2020-09-04T00:00:00+00:00,1599177600,1927.845,1942.165,1927.825,1936.428,0.48855,33352
2020-09-04T04:00:00+00:00,1599192000,1936.408,1939.755,1930.508,1935.635,0.46823,34656
2020-09-04T08:00:00+00:00,1599206400,1935.635,1941.608,1933.358,1939.648,0.43326,30547
2020-09-04T12:00:00+00:00,1599220800,1939.638,1947.655,1916.198,1920.705,0.49821,96962
2020-09-04T16:00:00+00:00,1599235200,1920.685,1938.588,1918.655,1934.785,0.43731,49382
2020-09-04T20:00:00+00:00,1599249600,1934.775,1934.928,1931.438,1933.298,0.60531,2623
2020-09-06T20:00:00+00:00,1599422400,1929.788,1937.498,1929.788,1934.215,0.65463,6129
2020-09-07T00:00:00+00:00,1599436800,1934.215,1941.268,1931.945,1935.448,0.45313,27545
2020-09-07T04:00:00+00:00,1599451200,1935.405,1936.658,1927.698,1931.335,0.46926,28612
2020-09-07T08:00:00+00:00,1599465600,1931.315,1934.075,1924.288,1928.235,0.42815,21256
2020-09-07T12:00:00+00:00,1599480000,1928.285,1932.568,1924.495,1930.608,0.42492,30902
2020-09-07T16:00:00+00:00,1599494400,1930.548,1930.595,1927.455,1927.998,0.48564,3383
2020-09-07T20:00:00+00:00,1599508800,1929.298,1931.535,1928.408,1930.468,0.61672,4246
2020-09-08T00:00:00+00:00,1599523200,1930.468,1931.858,1922.698,1923.665,0.48291,18183
2020-09-08T04:00:00+00:00,1599537600,1923.655,1935.408,1923.345,1931.308,0.45904,29111
2020-09-08T08:00:00+00:00,1599552000,1931.368,1932.188,1907.718,1915.668,0.45597,47323
2020-09-08T12:00:00+00:00,1599566400,1915.688,1928.928,1906.428,1927.555,0.4592,85867
2020-09-08T16:00:00+00:00,1599580800,1927.588,1940.748,1926.678,1930.718,0.40503,50416
2020-09-08T20:00:00+00:00,1599595200,1930.718,1932.808,1927.778,1930.108,0.47853,7650
2020-09-09T00:00:00+00:00,1599609600,1930.118,1930.568,1923.008,1930.085,0.44647,23117
2020-09-09T04:00:00+00:00,1599624000,1930.085,1934.358,1923.818,1931.788,0.414,28771
2020-09-09T08:00:00+00:00,1599638400,1931.798,1934.098,1919.935,1925.698,0.41864,33593
2020-09-09T12:00:00+00:00,1599652800,1925.668,1948.878,1924.538,1943.375,0.41076,69669
2020-09-09T16:00:00+00:00,1599667200,1943.365,1950.775,1943.098,1948.278,0.39282,27909
2020-09-09T20:00:00+00:00,1599681600,1948.278,1950.028,1944.178,1947.288,0.51865,8258
2020-09-10T00:00:00+00:00,1599696000,1947.238,1950.758,1943.528,1946.605,0.41257,21615
2020-09-10T04:00:00+00:00,1599710400,1946.595,1949.168,1942.215,1944.095,0.40257,27012
2020-09-10T08:00:00+00:00,1599724800,1944.105,1952.526,1942.705,1947.288,0.38233,30890
2020-09-10T12:00:00+00:00,1599739200,1947.288,1966.398,1944.988,1958.995,0.42825,78356
2020-09-10T16:00:00+00:00,1599753600,1958.965,1960.385,1941.315,1942.558,0.40501,54949
2020-09-10T20:00:00+00:00,1599768000,1942.555,1947.055,1941.608,1943.808,0.44774,8198
2020-09-11T00:00:00+00:00,1599782400,1943.858,1949.318,1937.008,1940.435,0.37866,31297
2020-09-11T04:00:00+00:00,1599796800,1940.488,1944.978,1937.598,1941.205,0.37739,28936
2020-09-11T08:00:00+00:00,1599811200,1941.215,1948.045,1940.998,1944.538,0.38233,32565
2020-09-11T12:00:00+00:00,1599825600,1944.558,1954.658,1941.398,1949.845,0.3747,66906
2020-09-11T16:00:00+00:00,1599840000,1949.865,1949.905,1938.178,1942.235,0.3493,44986
2020-09-11T20:00:00+00:00,1599854400,1942.245,1942.628,1938.928,1938.928,0.49755,1928
2020-09-13T20:00:00+00:00,1600027200,1940.548,1943.128,1937.018,1942.735,0.53611,5825
2020-09-14T00:00:00+00:00,1600041600,1942.715,1951.615,1939.728,1949.035,0.37198,23586
2020-09-14T04:00:00+00:00,1600056000,1949.035,1949.305,1943.158,1945.435,0.35497,23564
2020-09-14T08:00:00+00:00,1600070400,1945.435,1947.105,1939.878,1943.945,0.37544,26602
2020-09-14T12:00:00+00:00,1600084800,1943.905,1962.385,1943.895,1958.535,0.37679,60328
2020-09-14T16:00:00+00:00,1600099200,1958.535,1959.068,1953.028,1957.538,0.35163,28354
2020-09-14T20:00:00+00:00,1600113600,1957.518,1958.608,1956.048,1957.118,0.46159,5293
2020-09-15T00:00:00+00:00,1600128000,1957.098,1966.958,1954.988,1964.578,0.37961,24764
2020-09-15T04:00:00+00:00,1600142400,1964.608,1969.215,1960.307,1962.005,0.36608,27861
2020-09-15T08:00:00+00:00,1600156800,1962.015,1972.028,1961.745,1967.968,0.36028,32185
2020-09-15T12:00:00+00:00,1600171200,1968.048,1970.458,1948.278,1951.625,0.39381,68589
2020-09-15T16:00:00+00:00,1600185600,1951.665,1958.748,1951.328,1953.475,0.37449,30702
2020-09-15T20:00:00+00:00,1600200000,1953.518,1955.755,1952.678,1953.835,0.4293,6325
2020-09-16T00:00:00+00:00,1600214400,1953.835,1960.048,1949.798,1959.308,0.38624,22306
2020-09-16T04:00:00+00:00,1600228800,1959.308,1966.048,1956.895,1964.365,0.38206,25035
2020-09-16T08:00:00+00:00,1600243200,1964.428,1968.578,1961.398,1963.155,0.37281,29171
2020-09-16T12:00:00+00:00,1600257600,1963.135,1973.468,1956.495,1966.798,0.38733,65405
2020-09-16T16:00:00+00:00,1600272000,1966.808,1969.968,1952.565,1958.298,0.43836,64295
2020-09-16T20:00:00+00:00,1600286400,1958.225,1960.865,1957.398,1959.698,0.44091,7507
2020-09-17T00:00:00+00:00,1600300800,1959.678,1960.008,1937.578,1939.478,0.4003,42963
2020-09-17T04:00:00+00:00,1600315200,1939.478,1947.235,1937.735,1944.618,0.38079,33986
2020-09-17T08:00:00+00:00,1600329600,1944.638,1948.708,1936.795,1947.915,0.37574,35519
2020-09-17T12:00:00+00:00,1600344000,1947.885,1949.448,1932.745,1943.758,0.40262,77334
2020-09-17T16:00:00+00:00,1600358400,1943.758,1948.428,1942.048,1948.098,0.37006,33581
2020-09-17T20:00:00+00:00,1600372800,1947.965,1948.948,1943.548,1947.018,0.39029,7230
2020-09-18T00:00:00+00:00,1600387200,1947.018,1955.435,1946.678,1951.835,0.40206,26024
2020-09-18T04:00:00+00:00,1600401600,1951.855,1955.138,1950.595,1953.658,0.39013,25856
2020-09-18T08:00:00+00:00,1600416000,1953.658,1956.015,1948.618,1950.618,0.36473,30265
2020-09-18T12:00:00+00:00,1600430400,1950.598,1955.448,1944.985,1952.695,0.38595,64510
2020-09-18T16:00:00+00:00,1600444800,1952.715,1959.898,1949.545,1950.625,0.37303,37874
2020-09-18T20:00:00+00:00,1600459200,1950.585,1951.425,1948.638,1949.718,0.49157,1792
2020-09-20T20:00:00+00:00,1600632000,1949.588,1951.448,1942.388,1948.348,0.6524,7125
2020-09-21T00:00:00+00:00,1600646400,1948.258,1955.458,1946.868,1953.138,0.40699,22225
2020-09-21T04:00:00+00:00,1600660800,1953.148,1954.798,1947.615,1948.088,0.40258,29772
2020-09-21T08:00:00+00:00,1600675200,1948.108,1948.428,1928.175,1932.885,0.39252,50086
2020-09-21T12:00:00+00:00,1600689600,1932.835,1934.415,1882.375,1899.848,0.40363,112539
2020-09-21T16:00:00+00:00,1600704000,1899.848,1911.965,1898.905,1911.105,0.40024,52861
2020-09-21T20:00:00+00:00,1600718400,1911.045,1918.108,1909.968,1917.018,0.51919,9998
2020-09-22T00:00:00+00:00,1600732800,1916.995,1919.888,1906.568,1911.518,0.42054,36050
2020-09-22T04:00:00+00:00,1600747200,1911.568,1916.135,1894.458,1899.935,0.42426,47384
2020-09-22T08:00:00+00:00,1600761600,1899.935,1907.968,1899.848,1906.148,0.38668,46098
2020-09-22T12:00:00+00:00,1600776000,1906.148,1917.458,1896.598,1899.728,0.43187,89368
2020-09-22T16:00:00+00:00,1600790400,1899.738,1906.968,1898.415,1902.375,0.39616,41859
2020-09-22T20:00:00+00:00,1600804800,1902.335,1904.905,1897.528,1904.138,0.4629,9444
2020-09-23T00:00:00+00:00,1600819200,1904.148,1905.208,1892.628,1892.958,0.39355,36695
2020-09-23T04:00:00+00:00,1600833600,1892.938,1892.968,1874.378,1877.355,0.40709,63978
2020-09-23T08:00:00+00:00,1600848000,1877.508,1894.865,1873.018,1883.368,0.37484,53238
2020-09-23T12:00:00+00:00,1600862400,1883.368,1887.788,1863.908,1864.068,0.39766,92894
2020-09-23T16:00:00+00:00,1600876800,1864.048,1868.358,1855.678,1861.935,0.42162,61399
2020-09-23T20:00:00+00:00,1600891200,1861.955,1864.705,1853.448,1854.818,0.4969,15663
2020-09-24T00:00:00+00:00,1600905600,1854.698,1868.798,1854.648,1855.975,0.42455,47013
2020-09-24T04:00:00+00:00,1600920000,1855.955,1860.968,1848.835,1860.678,0.40342,56377
2020-09-24T08:00:00+00:00,1600934400,1860.678,1861.168,1848.635,1858.088,0.38953,55591
2020-09-24T12:00:00+00:00,1600948800,1858.088,1870.895,1850.818,1870.895,0.43127,88532
2020-09-24T16:00:00+00:00,1600963200,1870.855,1876.988,1861.478,1868.468,0.42748,62558
2020-09-24T20:00:00+00:00,1600977600,1868.458,1871.258,1866.358,1867.715,0.44343,8664
2020-09-25T00:00:00+00:00,1600992000,1867.745,1870.588,1861.665,1869.008,0.40506,30961
2020-09-25T04:00:00+00:00,1601006400,1869.008,1875.075,1865.928,1873.328,0.37889,40629
2020-09-25T08:00:00+00:00,1601020800,1873.398,1873.758,1852.718,1858.378,0.41239,59467
2020-09-25T12:00:00+00:00,1601035200,1858.278,1865.675,1852.298,1859.885,0.40375,81860
2020-09-25T16:00:00+00:00,1601049600,1859.925,1866.658,1858.098,1862.618,0.41045,36960
2020-09-25T20:00:00+00:00,1601064000,1862.618,1863.685,1859.578,1860.998,0.47286,2511
2020-09-27T20:00:00+00:00,1601236800,1859.448,1865.898,1859.448,1862.448,0.54277,5946
2020-09-28T00:00:00+00:00,1601251200,1862.438,1863.198,1857.525,1861.058,0.42795,24794
2020-09-28T04:00:00+00:00,1601265600,1861.068,1863.845,1855.758,1858.328,0.4149,33551
2020-09-28T08:00:00+00:00,1601280000,1858.298,1865.558,1848.455,1864.928,0.3909,52514
2020-09-28T12:00:00+00:00,1601294400,1864.968,1876.848,1862.648,1872.798,0.4104,81178
2020-09-28T16:00:00+00:00,1601308800,1872.798,1882.818,1872.378,1881.198,0.37987,35677
2020-09-28T20:00:00+00:00,1601323200,1881.198,1883.648,1878.888,1882.448,0.4845,8570
2020-09-29T00:00:00+00:00,1601337600,1882.448,1887.158,1880.938,1882.808,0.41391,24284
2020-09-29T04:00:00+00:00,1601352000,1882.828,1884.535,1875.308,1883.058,0.41056,36061
2020-09-29T08:00:00+00:00,1601366400,1883.078,1890.258,1880.298,1886.608,0.382,43669
2020-09-29T12:00:00+00:00,1601380800,1886.628,1892.875,1877.198,1889.998,0.38571,76451
2020-09-29T16:00:00+00:00,1601395200,1889.998,1898.958,1889.308,1897.398,0.37724,38492
2020-09-29T20:00:00+00:00,1601409600,1897.398,1899.235,1896.518,1896.668,0.40869,6822
2020-09-30T00:00:00+00:00,1601424000,1896.638,1897.428,1887.618,1889.178,0.4029,29599
2020-09-30T04:00:00+00:00,1601438400,1889.178,1891.898,1883.585,1887.425,0.39683,34690
2020-09-30T08:00:00+00:00,1601452800,1887.425,1888.708,1881.238,1883.818,0.38191,38613
2020-09-30T12:00:00+00:00,1601467200,1883.898,1902.115,1881.598,1895.968,0.39492,80323
2020-09-30T16:00:00+00:00,1601481600,1895.978,1898.035,1885.165,1886.415,0.44121,55824
2020-09-30T20:00:00+00:00,1601496000,1886.425,1888.748,1884.558,1887.528,0.48602,7571
2020-10-01T00:00:00+00:00,1601510400,1887.515,1892.725,1884.555,1892.298,0.39223,19545
2020-10-01T04:00:00+00:00,1601524800,1892.318,1900.078,1891.988,1896.895,0.39327,27017
2020-10-01T08:00:00+00:00,1601539200,1896.915,1902.216,1893.118,1900.555,0.38469,35358
2020-10-01T12:00:00+00:00,1601553600,1900.475,1912.028,1896.158,1910.558,0.41197,71566
2020-10-01T16:00:00+00:00,1601568000,1910.428,1911.585,1903.698,1903.738,0.40954,71165
2020-10-01T20:00:00+00:00,1601582400,1903.878,1907.398,1902.508,1903.188,0.41216,12640
2020-10-02T00:00:00+00:00,1601596800,1903.065,1903.418,1891.068,1894.425,0.39425,20368
2020-10-02T04:00:00+00:00,1601611200,1894.425,1916.975,1889.638,1909.505,0.40653,47373
2020-10-02T08:00:00+00:00,1601625600,1909.525,1912.578,1905.085,1908.038,0.38676,38815
2020-10-02T12:00:00+00:00,1601640000,1908.088,1911.898,1898.118,1900.425,0.42437,70961
2020-10-02T16:00:00+00:00,1601654400,1900.425,1905.458,1898.425,1901.605,0.41752,38801
2020-10-02T20:00:00+00:00,1601668800,1901.545,1901.948,1897.818,1898.868,0.50554,2181
2020-10-04T20:00:00+00:00,1601841600,1903.828,1904.158,1897.888,1902.915,0.53065,7448
2020-10-05T00:00:00+00:00,1601856000,1902.885,1903.015,1891.678,1892.568,0.40929,21975
2020-10-05T04:00:00+00:00,1601870400,1892.608,1894.678,1886.898,1892.148,0.38135,27926
2020-10-05T08:00:00+00:00,1601884800,1892.108,1903.035,1891.755,1901.915,0.36942,30907
2020-10-05T12:00:00+00:00,1601899200,1901.895,1918.575,1901.835,1913.948,0.38941,64872
2020-10-05T16:00:00+00:00,1601913600,1913.925,1917.178,1910.735,1910.895,0.36593,29602
2020-10-05T20:00:00+00:00,1601928000,1910.885,1914.535,1910.885,1912.745,0.44128,5967
2020-10-06T00:00:00+00:00,1601942400,1912.725,1914.428,1908.088,1911.905,0.38654,17044
2020-10-06T04:00:00+00:00,1601956800,1911.908,1914.425,1908.178,1909.408,0.39142,22700
2020-10-06T08:00:00+00:00,1601971200,1909.378,1917.938,1906.515,1917.428,0.36314,31630
2020-10-06T12:00:00+00:00,1601985600,1917.468,1921.018,1901.558,1902.025,0.39766,64420
2020-10-06T16:00:00+00:00,1602000000,1902.015,1906.358,1886.628,1887.668,0.43732,60238
2020-10-06T20:00:00+00:00,1602014400,1887.598,1888.895,1874.558,1879.945,0.54138,17251
2020-10-07T00:00:00+00:00,1602028800,1880.065,1884.068,1872.748,1882.758,0.41825,24023
2020-10-07T04:00:00+00:00,1602043200,1882.758,1897.898,1881.798,1892.748,0.36328,28001
2020-10-07T08:00:00+00:00,1602057600,1892.748,1894.688,1882.368,1888.455,0.36547,32595
2020-10-07T12:00:00+00:00,1602072000,1888.445,1891.745,1879.078,1885.655,0.38859,62916
2020-10-07T16:00:00+00:00,1602086400,1885.675,1888.748,1880.495,1887.008,0.40574,32633
2020-10-07T20:00:00+00:00,1602100800,1887.028,1888.608,1886.118,1886.868,0.4773,5312
2020-10-08T00:00:00+00:00,1602115200,1886.858,1889.098,1883.218,1885.198,0.4094,19160
2020-10-08T04:00:00+00:00,1602129600,1885.198,1895.198,1884.295,1890.815,0.38918,27718
2020-10-08T08:00:00+00:00,1602144000,1890.825,1894.458,1889.978,1892.358,0.3804,29986
2020-10-08T12:00:00+00:00,1602158400,1892.345,1900.498,1883.125,1888.608,0.38272,60325
2020-10-08T16:00:00+00:00,1602172800,1888.608,1894.308,1881.938,1894.098,0.38028,28397
2020-10-08T20:00:00+00:00,1602187200,1894.198,1896.698,1892.838,1895.238,0.42148,5710
2020-10-09T00:00:00+00:00,1602201600,1895.238,1912.788,1894.908,1910.768,0.38839,29912
2020-10-09T04:00:00+00:00,1602216000,1910.748,1913.515,1905.548,1913.055,0.36066,26836
2020-10-09T08:00:00+00:00,1602230400,1913.075,1918.018,1911.668,1912.928,0.36631,32259
2020-10-09T12:00:00+00:00,1602244800,1912.928,1929.158,1912.848,1920.225,0.36582,63733
2020-10-09T16:00:00+00:00,1602259200,1920.215,1929.558,1919.475,1928.735,0.37037,37065
2020-10-09T20:00:00+00:00,1602273600,1928.745,1930.325,1927.768,1929.618,0.49921,2510
2020-10-11T20:00:00+00:00,1602446400,1928.788,1933.048,1926.038,1928.998,0.50096,10484
2020-10-12T00:00:00+00:00,1602460800,1928.998,1930.218,1921.355,1927.138,0.40922,35721
2020-10-12T04:00:00+00:00,1602475200,1927.118,1931.788,1923.798,1926.078,0.40158,30988
2020-10-12T08:00:00+00:00,1602489600,1926.085,1926.448,1918.158,1924.475,0.36109,30525
2020-10-12T12:00:00+00:00,1602504000,1924.475,1928.268,1919.075,1922.995,0.3781,59472
2020-10-12T16:00:00+00:00,1602518400,1922.985,1925.698,1920.088,1923.298,0.37007,30530
2020-10-12T20:00:00+00:00,1602532800,1923.298,1925.355,1921.465,1925.015,0.44963,5235
2020-10-13T00:00:00+00:00,1602547200,1924.995,1924.995,1910.465,1911.345,0.4058,34384
2020-10-13T04:00:00+00:00,1602561600,1911.355,1920.505,1910.165,1918.528,0.38005,31760
2020-10-13T08:00:00+00:00,1602576000,1918.528,1924.998,1917.908,1920.235,0.36386,33560
2020-10-13T12:00:00+00:00,1602590400,1920.235,1923.958,1886.308,1894.565,0.37566,82768
2020-10-13T16:00:00+00:00,1602604800,1894.535,1895.118,1888.528,1892.958,0.35901,38573
2020-10-13T20:00:00+00:00,1602619200,1892.958,1893.718,1890.745,1893.325,0.44377,7818
2020-10-14T00:00:00+00:00,1602633600,1893.325,1897.748,1882.395,1895.948,0.39455,34173
2020-10-14T04:00:00+00:00,1602648000,1895.965,1897.908,1892.618,1895.458,0.3695,25841
2020-10-14T08:00:00+00:00,1602662400,1895.598,1902.668,1894.448,1900.265,0.37266,30764
2020-10-14T12:00:00+00:00,1602676800,1900.265,1912.828,1898.748,1903.105,0.36956,66818
2020-10-14T16:00:00+00:00,1602691200,1903.125,1904.455,1899.135,1899.135,0.36525,34860
2020-10-14T20:00:00+00:00,1602705600,1899.078,1902.515,1896.848,1898.205,0.45855,7853
2020-10-15T00:00:00+00:00,1602720000,1898.205,1900.198,1891.778,1898.148,0.39155,29575
2020-10-15T04:00:00+00:00,1602734400,1898.198,1903.518,1895.858,1902.305,0.39195,29603
2020-10-15T08:00:00+00:00,1602748800,1902.305,1902.655,1889.738,1891.508,0.38712,45663
2020-10-15T12:00:00+00:00,1602763200,1891.508,1906.788,1889.438,1903.485,0.39422,78166
2020-10-15T16:00:00+00:00,1602777600,1903.475,1908.418,1901.848,1906.465,0.37501,29460
2020-10-15T20:00:00+00:00,1602792000,1906.505,1908.808,1905.438,1906.308,0.40502,6055
2020-10-16T00:00:00+00:00,1602806400,1906.298,1910.588,1904.818,1905.818,0.38991,21390
2020-10-16T04:00:00+00:00,1602820800,1905.858,1909.898,1902.668,1909.205,0.39263,25448
2020-10-16T08:00:00+00:00,1602835200,1909.228,1912.598,1905.758,1909.305,0.36996,30267
2020-10-16T12:00:00+00:00,1602849600,1909.315,1913.808,1897.658,1901.415,0.39204,60058
2020-10-16T16:00:00+00:00,1602864000,1901.415,1904.348,1899.025,1899.415,0.3499,22321
2020-10-16T20:00:00+00:00,1602878400,1899.375,1900.058,1897.698,1898.968,0.44685,2350
2020-10-18T20:00:00+00:00,1603051200,1899.668,1902.838,1898.498,1900.688,0.53135,5355
2020-10-19T00:00:00+00:00,1603065600,1900.698,1902.715,1896.878,1900.945,0.40617,24182
2020-10-19T04:00:00+00:00,1603080000,1900.945,1911.698,1900.025,1909.175,0.37962,30110
2020-10-19T08:00:00+00:00,1603094400,1909.175,1913.765,1908.408,1912.148,0.35835,26037
2020-10-19T12:00:00+00:00,1603108800,1912.178,1918.338,1902.715,1908.205,0.38043,56847
2020-10-19T16:00:00+00:00,1603123200,1908.205,1910.345,1900.485,1900.775,0.35976,30418
2020-10-19T20:00:00+00:00,1603137600,1900.825,1904.628,1900.745,1902.925,0.39124,5589
2020-10-20T00:00:00+00:00,1603152000,1902.925,1904.068,1894.618,1900.908,0.37474,23614
2020-10-20T04:00:00+00:00,1603166400,1900.878,1903.988,1898.675,1900.465,0.38701,23818
2020-10-20T08:00:00+00:00,1603180800,1900.488,1908.035,1899.568,1905.118,0.35476,26295
2020-10-20T12:00:00+00:00,1603195200,1905.128,1912.298,1897.418,1910.895,0.38708,56357
2020-10-20T16:00:00+00:00,1603209600,1910.835,1913.985,1907.715,1909.698,0.38978,30418
2020-10-20T20:00:00+00:00,1603224000,1909.698,1912.398,1906.165,1910.678,0.48292,6800
2020-10-21T00:00:00+00:00,1603238400,1910.588,1920.345,1910.065,1917.608,0.40233,25327
2020-10-21T04:00:00+00:00,1603252800,1917.608,1920.658,1914.738,1920.375,0.37267,26138
2020-10-21T08:00:00+00:00,1603267200,1920.375,1922.668,1914.418,1916.115,0.35617,30454
2020-10-21T12:00:00+00:00,1603281600,1916.135,1931.298,1916.135,1925.008,0.37147,60227
2020-10-21T16:00:00+00:00,1603296000,1925.018,1929.258,1921.448,1924.445,0.37348,31145
2020-10-21T20:00:00+00:00,1603310400,1924.455,1925.878,1920.088,1921.258,0.40577,8092
2020-10-22T00:00:00+00:00,1603324800,1921.238,1922.118,1910.585,1913.638,0.37116,24868
2020-10-22T04:00:00+00:00,1603339200,1913.638,1920.278,1913.035,1919.128,0.34128,23168
2020-10-22T08:00:00+00:00,1603353600,1919.145,1919.608,1913.198,1914.125,0.3349,25412
2020-10-22T12:00:00+00:00,1603368000,1914.135,1914.705,1894.208,1900.235,0.36804,66514
2020-10-22T16:00:00+00:00,1603382400,1900.225,1905.578,1899.258,1905.035,0.3719,25014
2020-10-22T20:00:00+00:00,1603396800,1905.045,1907.358,1903.525,1904.918,0.41389,7698
2020-10-23T00:00:00+00:00,1603411200,1904.918,1907.648,1901.235,1906.328,0.36943,21907
2020-10-23T04:00:00+00:00,1603425600,1906.328,1909.205,1902.528,1908.725,0.34895,22648
2020-10-23T08:00:00+00:00,1603440000,1908.838,1912.708,1907.558,1910.425,0.34581,24331
2020-10-23T12:00:00+00:00,1603454400,1910.425,1914.108,1894.198,1898.675,0.36843,53699
2020-10-23T16:00:00+00:00,1603468800,1898.655,1905.378,1895.685,1903.705,0.34028,26076
2020-10-23T20:00:00+00:00,1603483200,1903.665,1903.725,1900.698,1901.258,0.4654,2329
2020-10-25T20:00:00+00:00,1603656000,1903.298,1903.708,1891.135,1898.415,0.47366,11110
2020-10-26T00:00:00+00:00,1603670400,1898.405,1902.355,1896.258,1898.188,0.39471,23540
2020-10-26T04:00:00+00:00,1603684800,1898.178,1901.978,1894.785,1900.235,0.40949,23812
2020-10-26T08:00:00+00:00,1603699200,1900.235,1905.388,1896.095,1903.738,0.35365,31161
2020-10-26T12:00:00+00:00,1603713600,1903.668,1908.458,1898.768,1904.248,0.38333,62577
2020-10-26T16:00:00+00:00,1603728000,1904.268,1906.078,1900.178,1902.338,0.36737,28931
2020-10-26T20:00:00+00:00,1603742400,1902.238,1903.288,1900.658,1902.148,0.3448,5772
2020-10-27T00:00:00+00:00,1603756800,1902.148,1910.218,1901.818,1907.518,0.34787,21110
2020-10-27T04:00:00+00:00,1603771200,1907.518,1910.315,1903.118,1904.068,0.36084,21529
2020-10-27T08:00:00+00:00,1603785600,1904.068,1904.975,1897.718,1902.725,0.35156,31067
2020-10-27T12:00:00+00:00,1603800000,1902.745,1911.348,1900.638,1908.418,0.34595,46830
2020-10-27T16:00:00+00:00,1603814400,1908.418,1910.888,1906.245,1907.605,0.34495,21790
2020-10-27T20:00:00+00:00,1603828800,1907.595,1908.338,1904.138,1905.165,0.39598,9196
2020-10-28T00:00:00+00:00,1603843200,1905.165,1908.145,1902.365,1906.625,0.3526,17225
2020-10-28T04:00:00+00:00,1603857600,1906.615,1910.768,1905.158,1905.968,0.36594,21617
2020-10-28T08:00:00+00:00,1603872000,1905.938,1906.648,1890.558,1891.578,0.33992,39119
2020-10-28T12:00:00+00:00,1603886400,1891.558,1891.668,1869.208,1882.228,0.38335,84584
2020-10-28T16:00:00+00:00,1603900800,1882.235,1884.118,1875.888,1876.918,0.36715,46665
2020-10-28T20:00:00+00:00,1603915200,1876.888,1879.708,1874.935,1879.515,0.41595,7030
2020-10-29T00:00:00+00:00,1603929600,1879.495,1881.878,1875.675,1881.685,0.36381,22083
2020-10-29T04:00:00+00:00,1603944000,1881.685,1884.858,1880.285,1881.195,0.3695,21657
2020-10-29T08:00:00+00:00,1603958400,1881.165,1882.338,1871.635,1871.878,0.3606,39376
2020-10-29T12:00:00+00:00,1603972800,1871.938,1876.608,1859.868,1867.785,0.3796,85197
2020-10-29T16:00:00+00:00,1603987200,1868.005,1872.198,1865.898,1869.138,0.36962,35381
2020-10-29T20:00:00+00:00,1604001600,1869.118,1870.418,1865.818,1868.345,0.41402,7795
2020-10-30T00:00:00+00:00,1604016000,1868.345,1877.995,1864.258,1876.068,0.35631,25446
2020-10-30T04:00:00+00:00,1604030400,1876.078,1876.908,1866.578,1871.338,0.38733,34197
2020-10-30T08:00:00+00:00,1604044800,1871.428,1880.198,1868.928,1879.138,0.37459,36714
2020-10-30T12:00:00+00:00,1604059200,1879.198,1889.698,1874.595,1879.198,0.3741,74554
2020-10-30T16:00:00+00:00,1604073600,1879.178,1882.628,1877.278,1877.595,0.36482,38169
2020-10-30T20:00:00+00:00,1604088000,1877.588,1878.998,1877.098,1878.438,0.46472,2842
2020-11-01T20:00:00+00:00,1604260800,1876.928,1879.878,1875.195,1877.025,0.42405,5254
2020-11-02T00:00:00+00:00,1604275200,1877.025,1885.528,1873.308,1882.335,0.36959,30499
2020-11-02T04:00:00+00:00,1604289600,1882.335,1886.705,1879.718,1884.725,0.36826,26717
2020-11-02T08:00:00+00:00,1604304000,1884.715,1890.425,1880.758,1888.515,0.36752,40404
2020-11-02T12:00:00+00:00,1604318400,1888.515,1892.928,1885.695,1891.058,0.35944,57359
2020-11-02T16:00:00+00:00,1604332800,1891.078,1894.998,1890.045,1894.155,0.3385,35116
2020-11-02T20:00:00+00:00,1604347200,1894.165,1896.058,1893.428,1894.728,0.35223,9738
2020-11-03T00:00:00+00:00,1604361600,1894.728,1898.508,1890.588,1892.858,0.38148,21472
2020-11-03T04:00:00+00:00,1604376000,1892.838,1894.058,1886.835,1890.615,0.3523,20117
2020-11-03T08:00:00+00:00,1604390400,1890.575,1900.775,1889.285,1899.088,0.35264,33603
2020-11-03T12:00:00+00:00,1604404800,1899.108,1909.078,1898.855,1907.325,0.36299,52568
2020-11-03T16:00:00+00:00,1604419200,1907.315,1910.465,1904.195,1906.738,0.34415,33529
2020-11-03T20:00:00+00:00,1604433600,1906.798,1916.068,1905.408,1914.355,0.44515,15305
2020-11-04T00:00:00+00:00,1604448000,1914.288,1916.228,1880.635,1896.745,0.52229,63428
2020-11-04T04:00:00+00:00,1604462400,1896.658,1903.358,1887.738,1891.758,0.46832,49860
2020-11-04T08:00:00+00:00,1604476800,1891.778,1902.478,1886.985,1902.218,0.41868,42776
2020-11-04T12:00:00+00:00,1604491200,1902.068,1912.088,1896.165,1902.235,0.3951,67980
2020-11-04T16:00:00+00:00,1604505600,1902.215,1903.048,1893.075,1899.408,0.40544,41686
2020-11-04T20:00:00+00:00,1604520000,1899.348,1905.828,1897.308,1904.715,0.37781,13632
2020-11-05T00:00:00+00:00,1604534400,1904.678,1909.645,1902.358,1907.215,0.38212,30488
2020-11-05T04:00:00+00:00,1604548800,1907.245,1913.378,1905.395,1910.858,0.36541,29841
2020-11-05T08:00:00+00:00,1604563200,1910.858,1920.668,1908.788,1919.108,0.36216,45788
2020-11-05T12:00:00+00:00,1604577600,1919.138,1948.308,1916.808,1945.345,0.36861,74644
2020-11-05T16:00:00+00:00,1604592000,1945.345,1952.648,1942.368,1949.565,0.35516,49379
2020-11-05T20:00:00+00:00,1604606400,1949.605,1951.975,1944.128,1946.058,0.41149,20255
2020-11-06T00:00:00+00:00,1604620800,1946.068,1947.208,1937.328,1937.728,0.37013,37270
2020-11-06T04:00:00+00:00,1604635200,1937.778,1948.055,1935.468,1947.585,0.36351,27924
2020-11-06T08:00:00+00:00,1604649600,1947.678,1957.958,1943.805,1955.515,0.37582,40474
2020-11-06T12:00:00+00:00,1604664000,1955.525,1960.198,1941.068,1948.428,0.39803,69985
2020-11-06T16:00:00+00:00,1604678400,1948.398,1955.098,1948.248,1951.788,0.38502,34273
2020-11-06T20:00:00+00:00,1604692800,1951.798,1953.915,1950.298,1950.298,0.40564,8228
2020-11-08T20:00:00+00:00,1604865600,1954.688,1959.838,1953.318,1958.475,0.44877,6327
2020-11-09T00:00:00+00:00,1604880000,1958.465,1961.108,1952.498,1960.705,0.37733,32370
2020-11-09T04:00:00+00:00,1604894400,1960.698,1965.415,1953.335,1956.845,0.3623,33352
2020-11-09T08:00:00+00:00,1604908800,1956.835,1963.118,1934.538,1938.078,0.37411,43262
2020-11-09T12:00:00+00:00,1604923200,1938.108,1938.878,1853.628,1860.708,0.43534,115513
2020-11-09T16:00:00+00:00,1604937600,1860.758,1867.988,1850.398,1866.578,0.39931,66783
2020-11-09T20:00:00+00:00,1604952000,1866.568,1871.345,1860.138,1870.718,0.42744,23147
2020-11-10T00:00:00+00:00,1604966400,1870.728,1881.708,1867.375,1881.135,0.38635,37129
2020-11-10T04:00:00+00:00,1604980800,1881.105,1890.238,1878.758,1885.238,0.35472,33172
2020-11-10T08:00:00+00:00,1604995200,1885.308,1890.158,1867.335,1878.428,0.37276,47478
2020-11-10T12:00:00+00:00,1605009600,1878.425,1885.208,1873.478,1882.248,0.37809,70604
2020-11-10T16:00:00+00:00,1605024000,1882.238,1884.975,1874.568,1877.168,0.35902,46697
2020-11-10T20:00:00+00:00,1605038400,1877.098,1879.355,1871.775,1876.498,0.38682,18747
2020-11-11T00:00:00+00:00,1605052800,1876.548,1882.978,1876.288,1880.585,0.37058,25736
2020-11-11T04:00:00+00:00,1605067200,1880.575,1884.378,1874.468,1876.538,0.38147,22797
2020-11-11T08:00:00+00:00,1605081600,1876.518,1881.828,1869.768,1876.865,0.36784,34598
2020-11-11T12:00:00+00:00,1605096000,1876.835,1878.805,1856.208,1862.518,0.35778,64416
2020-11-11T16:00:00+00:00,1605110400,1862.538,1866.615,1860.588,1863.455,0.34451,31291
2020-11-11T20:00:00+00:00,1605124800,1863.465,1868.248,1862.688,1865.458,0.38269,10590
2020-11-12T00:00:00+00:00,1605139200,1865.468,1872.108,1862.588,1870.438,0.37418,23750
2020-11-12T04:00:00+00:00,1605153600,1870.438,1872.528,1867.248,1868.598,0.35906,24672
2020-11-12T08:00:00+00:00,1605168000,1868.658,1872.928,1863.098,1870.405,0.34782,36792
2020-11-12T12:00:00+00:00,1605182400,1870.395,1883.698,1867.445,1878.808,0.36449,55913
2020-11-12T16:00:00+00:00,1605196800,1878.808,1882.888,1874.175,1876.848,0.33994,36629
2020-11-12T20:00:00+00:00,1605211200,1876.828,1877.348,1874.025,1875.668,0.36983,14571
2020-11-13T00:00:00+00:00,1605225600,1875.658,1881.865,1873.978,1876.875,0.37629,21055
2020-11-13T04:00:00+00:00,1605240000,1876.845,1880.278,1876.258,1878.875,0.36362,16711
2020-11-13T08:00:00+00:00,1605254400,1878.895,1881.035,1875.668,1879.278,0.34384,32564
2020-11-13T12:00:00+00:00,1605268800,1879.298,1896.658,1878.128,1891.718,0.35859,59191
2020-11-13T16:00:00+00:00,1605283200,1891.698,1894.548,1884.585,1886.615,0.33548,33630
2020-11-13T20:00:00+00:00,1605297600,1886.605,1889.727,1886.165,1888.288,0.35802,7409
2020-11-15T20:00:00+00:00,1605470400,1888.138,1891.485,1886.628,1890.395,0.46102,3769
2020-11-16T00:00:00+00:00,1605484800,1890.375,1898.928,1887.508,1895.628,0.37285,26134
2020-11-16T04:00:00+00:00,1605499200,1895.608,1896.72,1887.365,1891.518,0.35816,24339
2020-11-16T08:00:00+00:00,1605513600,1891.528,1895.105,1864.498,1869.238,0.36955,38272
2020-11-16T12:00:00+00:00,1605528000,1869.238,1891.278,1865.388,1889.945,0.40261,74563
2020-11-16T16:00:00+00:00,1605542400,1889.945,1895.948,1885.955,1886.135,0.33187,34570
2020-11-16T20:00:00+00:00,1605556800,1886.145,1890.528,1885.105,1889.748,0.34181,13576
2020-11-17T00:00:00+00:00,1605571200,1889.738,1892.368,1886.795,1890.368,0.3601,18088
2020-11-17T04:00:00+00:00,1605585600,1890.318,1890.408,1884.198,1887.125,0.36412,23130
2020-11-17T08:00:00+00:00,1605600000,1887.105,1892.551,1884.118,1888.655,0.35221,35494
2020-11-17T12:00:00+00:00,1605614400,1888.675,1893.325,1884.568,1888.578,0.36561,54742
2020-11-17T16:00:00+00:00,1605628800,1888.528,1888.978,1884.905,1886.685,0.28911,29609
2020-11-17T20:00:00+00:00,1605643200,1886.725,1887.275,1876.735,1882.535,0.35289,14637
2020-11-18T00:00:00+00:00,1605657600,1882.515,1883.058,1875.548,1878.178,0.38967,20137
2020-11-18T04:00:00+00:00,1605672000,1878.228,1882.518,1876.588,1882.295,0.35932,19931
2020-11-18T08:00:00+00:00,1605686400,1882.365,1884.595,1868.395,1871.528,0.38382,34986
2020-11-18T12:00:00+00:00,1605700800,1871.578,1884.718,1863.508,1881.675,0.38309,56328
2020-11-18T16:00:00+00:00,1605715200,1881.665,1882.685,1871.145,1874.125,0.32481,41981
2020-11-18T20:00:00+00:00,1605729600,1874.075,1874.168,1868.895,1871.245,0.33226,14336
2020-11-19T00:00:00+00:00,1605744000,1871.235,1872.778,1866.0,1867.875,0.39338,20854
2020-11-19T04:00:00+00:00,1605758400,1867.858,1868.525,1858.053,1863.608,0.39439,26289
2020-11-19T08:00:00+00:00,1605772800,1863.588,1865.528,1855.008,1862.498,0.37904,42412
2020-11-19T12:00:00+00:00,1605787200,1862.438,1864.918,1852.568,1859.985,0.3902,57630
2020-11-19T16:00:00+00:00,1605801600,1859.998,1867.525,1858.405,1865.305,0.34182,26421
2020-11-19T20:00:00+00:00,1605816000,1865.248,1867.558,1860.908,1862.995,0.38494,11779
2020-11-20T00:00:00+00:00,1605830400,1863.035,1867.605,1861.105,1864.818,0.38763,18691
2020-11-20T04:00:00+00:00,1605844800,1864.825,1869.688,1861.0,1865.848,0.43176,25067
2020-11-20T08:00:00+00:00,1605859200,1865.888,1869.275,1863.315,1865.898,0.40127,33679
2020-11-20T12:00:00+00:00,1605873600,1865.938,1879.618,1863.908,1874.325,0.3725,47545
2020-11-20T16:00:00+00:00,1605888000,1874.345,1875.168,1871.265,1873.548,0.32164,21508
2020-11-20T20:00:00+00:00,1605902400,1873.568,1873.948,1869.755,1870.318,0.32802,7016
2020-11-22T20:00:00+00:00,1606075200,1869.943,1872.048,1868.528,1871.998,0.51885,2449
2020-11-23T00:00:00+00:00,1606089600,1871.958,1875.938,1870.385,1873.058,0.33025,16449
2020-11-23T04:00:00+00:00,1606104000,1873.028,1876.038,1871.808,1874.618,0.35544,14977
2020-11-23T08:00:00+00:00,1606118400,1874.688,1875.058,1863.358,1866.178,0.372,32942
2020-11-23T12:00:00+00:00,1606132800,1866.098,1869.008,1833.548,1834.545,0.38725,68770
2020-11-23T16:00:00+00:00,1606147200,1834.555,1841.005,1830.778,1837.985,0.36043,41328
2020-11-23T20:00:00+00:00,1606161600,1837.995,1840.305,1834.858,1835.465,0.33191,14095
2020-11-24T00:00:00+00:00,1606176000,1835.605,1836.188,1821.188,1825.448,0.3773,38886
2020-11-24T04:00:00+00:00,1606190400,1825.438,1832.855,1822.508,1827.415,0.37786,29325
2020-11-24T08:00:00+00:00,1606204800,1827.438,1830.633,1805.544,1810.165,0.39141,49881
2020-11-24T12:00:00+00:00,1606219200,1810.135,1815.825,1799.988,1805.428,0.39374,77103
2020-11-24T16:00:00+00:00,1606233600,1805.435,1808.208,1802.775,1803.805,0.32688,41996
2020-11-24T20:00:00+00:00,1606248000,1803.768,1810.908,1803.355,1809.058,0.37072,13765
2020-11-25T00:00:00+00:00,1606262400,1809.008,1812.058,1803.175,1803.728,0.40103,20514
2020-11-25T04:00:00+00:00,1606276800,1803.828,1810.984,1801.495,1809.988,0.36794,28648
2020-11-25T08:00:00+00:00,1606291200,1809.968,1814.999,1806.375,1812.498,0.37719,38903
2020-11-25T12:00:00+00:00,1606305600,1812.538,1817.578,1809.768,1810.398,0.3586,48568
2020-11-25T16:00:00+00:00,1606320000,1810.458,1812.964,1803.878,1806.705,0.31131,32502
2020-11-25T20:00:00+00:00,1606334400,1806.715,1809.588,1804.758,1808.188,0.38207,11714
2020-11-26T00:00:00+00:00,1606348800,1808.288,1812.555,1807.098,1810.778,0.41983,13997
2020-11-26T04:00:00+00:00,1606363200,1810.828,1818.088,1806.688,1814.895,0.3965,17679
2020-11-26T08:00:00+00:00,1606377600,1814.878,1817.849,1810.938,1814.175,0.36697,26855
2020-11-26T12:00:00+00:00,1606392000,1814.195,1815.155,1805.634,1809.695,0.36328,30458
2020-11-26T16:00:00+00:00,1606406400,1809.695,1811.905,1807.818,1810.184,0.40109,8243
2020-11-26T20:00:00+00:00,1606420800,1809.463,1811.348,1808.738,1809.148,0.56416,1406
2020-11-27T00:00:00+00:00,1606435200,1809.148,1813.778,1807.215,1809.055,0.38982,16452
2020-11-27T04:00:00+00:00,1606449600,1809.048,1810.978,1802.468,1809.908,0.38505,17342
2020-11-27T08:00:00+00:00,1606464000,1809.948,1811.368,1805.268,1806.205,0.33372,25779
2020-11-27T12:00:00+00:00,1606478400,1806.205,1807.805,1774.218,1781.925,0.38255,69716
2020-11-27T16:00:00+00:00,1606492800,1781.895,1788.588,1781.685,1786.648,0.35957,23115
2020-11-29T20:00:00+00:00,1606680000,1787.208,1789.808,1785.308,1786.618,0.47235,3151
2020-11-30T00:00:00+00:00,1606694400,1786.58,1787.448,1764.245,1770.715,0.37931,36201
2020-11-30T04:00:00+00:00,1606708800,1770.725,1783.638,1765.305,1781.048,0.39843,28545
2020-11-30T08:00:00+00:00,1606723200,1781.498,1782.055,1764.518,1771.708,0.36971,36391
2020-11-30T12:00:00+00:00,1606737600,1771.708,1778.515,1765.385,1772.995,0.37033,58832
2020-11-30T16:00:00+00:00,1606752000,1773.025,1784.378,1771.315,1780.905,0.33635,34982
2020-11-30T20:00:00+00:00,1606766400,1780.925,1781.218,1775.355,1778.725,0.34593,12438
2020-12-01T00:00:00+00:00,1606780800,1778.695,1785.915,1776.75,1784.465,0.37519,19280
2020-12-01T04:00:00+00:00,1606795200,1784.455,1791.778,1783.248,1791.008,0.39359,17914
2020-12-01T08:00:00+00:00,1606809600,1790.848,1809.988,1789.248,1806.465,0.36278,38595
2020-12-01T12:00:00+00:00,1606824000,1806.465,1815.085,1802.948,1810.275,0.34541,62059
2020-12-01T16:00:00+00:00,1606838400,1810.265,1817.178,1807.298,1813.515,0.34289,38203
2020-12-01T20:00:00+00:00,1606852800,1813.505,1815.448,1810.408,1811.145,0.34954,9571
2020-12-02T00:00:00+00:00,1606867200,1811.095,1815.325,1808.612,1810.085,0.38348,19131
2020-12-02T04:00:00+00:00,1606881600,1810.085,1816.804,1807.405,1815.625,0.38068,20133
2020-12-02T08:00:00+00:00,1606896000,1815.575,1832.338,1813.758,1825.575,0.36545,33741
2020-12-02T12:00:00+00:00,1606910400,1825.575,1826.868,1812.638,1826.438,0.36696,59154
2020-12-02T16:00:00+00:00,1606924800,1826.358,1830.468,1824.748,1829.408,0.33858,25970
2020-12-02T20:00:00+00:00,1606939200,1829.458,1831.728,1827.625,1830.485,0.38169,8853
2020-12-03T00:00:00+00:00,1606953600,1830.458,1837.158,1826.138,1835.245,0.40175,19328
2020-12-03T04:00:00+00:00,1606968000,1835.245,1842.558,1830.488,1842.325,0.41078,19247
2020-12-03T08:00:00+00:00,1606982400,1842.318,1843.348,1834.645,1842.475,0.36574,27495
2020-12-03T12:00:00+00:00,1606996800,1842.408,1843.808,1829.418,1831.015,0.35319,60977
2020-12-03T16:00:00+00:00,1607011200,1831.015,1840.388,1823.648,1840.164,0.32476,36456
2020-12-03T20:00:00+00:00,1607025600,1840.164,1842.208,1838.688,1839.718,0.34685,8932
2020-12-04T00:00:00+00:00,1607040000,1839.718,1844.688,1837.878,1842.448,0.3884,15444
2020-12-04T04:00:00+00:00,1607054400,1842.498,1844.128,1837.778,1839.818,0.37197,16197
2020-12-04T08:00:00+00:00,1607068800,1839.785,1844.255,1837.718,1841.345,0.37221,24273
2020-12-04T12:00:00+00:00,1607083200,1841.368,1848.088,1828.988,1831.955,0.38511,62989
2020-12-04T16:00:00+00:00,1607097600,1831.955,1837.315,1830.485,1836.725,0.35386,25393
2020-12-04T20:00:00+00:00,1607112000,1836.735,1839.128,1835.535,1838.208,0.34541,6544
2020-12-06T20:00:00+00:00,1607284800,1838.528,1838.848,1832.948,1835.344,0.45524,3334
2020-12-07T00:00:00+00:00,1607299200,1835.344,1839.578,1834.734,1837.625,0.38737,17999
2020-12-07T04:00:00+00:00,1607313600,1837.625,1842.308,1836.665,1837.868,0.36929,16792
2020-12-07T08:00:00+00:00,1607328000,1837.878,1838.738,1821.808,1830.375,0.38602,35895
2020-12-07T12:00:00+00:00,1607342400,1830.395,1867.018,1829.025,1864.158,0.36711,51468
2020-12-07T16:00:00+00:00,1607356800,1864.188,1868.448,1858.988,1859.465,0.34147,29510
2020-12-07T20:00:00+00:00,1607371200,1859.495,1865.465,1857.895,1863.895,0.3638,8717
2020-12-08T00:00:00+00:00,1607385600,1863.875,1870.198,1861.0,1869.345,0.37988,16583
2020-12-08T04:00:00+00:00,1607400000,1869.365,1871.718,1864.558,1865.078,0.37398,19174
2020-12-08T08:00:00+00:00,1607414400,1865.098,1867.068,1860.148,1861.325,0.35914,26379
2020-12-08T12:00:00+00:00,1607428800,1861.315,1875.168,1861.308,1866.465,0.38236,51756
2020-12-08T16:00:00+00:00,1607443200,1866.455,1873.285,1865.495,1870.188,0.35077,19125
2020-12-08T20:00:00+00:00,1607457600,1870.188,1871.618,1869.008,1869.995,0.36437,6860
2020-12-09T00:00:00+00:00,1607472000,1869.995,1870.428,1859.645,1860.918,0.35027,17683
2020-12-09T04:00:00+00:00,1607486400,1860.898,1863.828,1855.538,1860.015,0.39066,21206
2020-12-09T08:00:00+00:00,1607500800,1859.985,1866.065,1851.428,1853.605,0.37486,33052
2020-12-09T12:00:00+00:00,1607515200,1853.605,1864.028,1837.278,1848.065,0.37982,59010
2020-12-09T16:00:00+00:00,1607529600,1848.085,1851.028,1825.363,1833.255,0.36779,46120
2020-12-09T20:00:00+00:00,1607544000,1833.265,1840.215,1832.625,1834.258,0.37831,10847
2020-12-10T00:00:00+00:00,1607558400,1834.158,1842.355,1834.108,1837.968,0.38714,21153
2020-12-10T04:00:00+00:00,1607572800,1837.998,1842.254,1834.048,1837.458,0.38615,21241
2020-12-10T08:00:00+00:00,1607587200,1837.408,1838.628,1828.528,1834.975,0.37871,27308
2020-12-10T12:00:00+00:00,1607601600,1834.975,1849.958,1832.568,1835.338,0.3942,60856
2020-12-10T16:00:00+00:00,1607616000,1835.388,1837.944,1830.058,1835.414,0.36426,35736
2020-12-10T20:00:00+00:00,1607630400,1835.384,1837.698,1834.265,1836.528,0.39473,7591
2020-12-11T00:00:00+00:00,1607644800,1836.568,1840.555,1834.608,1837.115,0.38278,17256
2020-12-11T04:00:00+00:00,1607659200,1837.075,1838.438,1832.598,1833.918,0.38818,13412
2020-12-11T08:00:00+00:00,1607673600,1833.938,1839.535,1823.843,1832.895,0.39807,34536
2020-12-11T12:00:00+00:00,1607688000,1832.888,1847.648,1830.498,1844.418,0.38751,47800
2020-12-11T16:00:00+00:00,1607702400,1844.418,1846.578,1838.325,1838.675,0.33852,22339
2020-12-11T20:00:00+00:00,1607716800,1838.645,1840.048,1837.755,1838.998,0.32895,7736
2020-12-13T20:00:00+00:00,1607889600,1840.698,1841.288,1834.778,1837.898,0.45063,3082
2020-12-14T00:00:00+00:00,1607904000,1837.898,1838.008,1834.138,1836.365,0.38049,15111
2020-12-14T04:00:00+00:00,1607918400,1836.355,1836.625,1831.758,1833.095,0.36944,13287
2020-12-14T08:00:00+00:00,1607932800,1833.115,1833.994,1818.268,1827.248,0.38129,29953
2020-12-14T12:00:00+00:00,1607947200,1827.248,1838.918,1821.994,1826.258,0.38651,48795
2020-12-14T16:00:00+00:00,1607961600,1826.258,1830.215,1822.068,1825.245,0.33465,30129
2020-12-14T20:00:00+00:00,1607976000,1825.235,1829.288,1824.448,1827.268,0.35769,10212
2020-12-15T00:00:00+00:00,1607990400,1827.268,1834.978,1825.348,1833.895,0.38094,15216
2020-12-15T04:00:00+00:00,1608004800,1833.935,1843.595,1833.825,1842.615,0.3659,18706
2020-12-15T08:00:00+00:00,1608019200,1842.625,1847.538,1839.759,1845.305,0.35586,26560
2020-12-15T12:00:00+00:00,1608033600,1845.255,1855.242,1842.305,1848.218,0.3866,48997
2020-12-15T16:00:00+00:00,1608048000,1848.318,1853.568,1844.558,1851.688,0.36189,24569
2020-12-15T20:00:00+00:00,1608062400,1851.728,1854.598,1850.605,1852.255,0.36313,9081
2020-12-16T00:00:00+00:00,1608076800,1852.285,1858.258,1850.848,1857.475,0.35598,16672
2020-12-16T04:00:00+00:00,1608091200,1857.475,1858.428,1853.768,1854.088,0.35396,18999
2020-12-16T08:00:00+00:00,1608105600,1854.078,1865.658,1853.118,1862.195,0.37525,37126
2020-12-16T12:00:00+00:00,1608120000,1862.105,1862.165,1849.228,1857.275,0.38919,58389
2020-12-16T16:00:00+00:00,1608134400,1857.315,1861.488,1844.663,1861.178,0.38361,43028
2020-12-16T20:00:00+00:00,1608148800,1861.208,1865.555,1860.038,1864.395,0.39914,17620
2020-12-17T00:00:00+00:00,1608163200,1864.328,1867.395,1861.898,1863.988,0.37726,17938
2020-12-17T04:00:00+00:00,1608177600,1863.988,1874.688,1863.598,1874.688,0.37421,26028
2020-12-17T08:00:00+00:00,1608192000,1874.645,1882.998,1871.818,1879.638,0.38177,34356
2020-12-17T12:00:00+00:00,1608206400,1879.588,1896.118,1874.438,1890.925,0.36971,64056
2020-12-17T16:00:00+00:00,1608220800,1890.945,1891.318,1882.495,1884.015,0.35264,38100
2020-12-17T20:00:00+00:00,1608235200,1884.015,1886.888,1882.875,1883.545,0.34062,10263
2020-12-18T00:00:00+00:00,1608249600,1883.545,1885.025,1878.408,1883.278,0.38071,20630
2020-12-18T04:00:00+00:00,1608264000,1883.178,1886.655,1879.318,1880.738,0.37164,21709
2020-12-18T08:00:00+00:00,1608278400,1880.725,1884.138,1877.275,1884.078,0.36439,22795
2020-12-18T12:00:00+00:00,1608292800,1884.065,1889.538,1877.468,1885.955,0.39663,59909
2020-12-18T16:00:00+00:00,1608307200,1885.965,1886.538,1878.685,1879.085,0.3348,22225
2020-12-18T20:00:00+00:00,1608321600,1879.075,1881.445,1878.395,1880.838,0.34728,11100
2020-12-20T20:00:00+00:00,1608494400,1883.818,1884.938,1881.128,1882.975,0.58733,2749
2020-12-21T00:00:00+00:00,1608508800,1882.955,1899.315,1882.808,1895.185,0.41126,27701
2020-12-21T04:00:00+00:00,1608523200,1895.185,1906.638,1892.858,1894.068,0.38738,34224
2020-12-21T08:00:00+00:00,1608537600,1894.075,1898.948,1854.955,1878.348,0.46414,63697
2020-12-21T12:00:00+00:00,1608552000,1878.438,1885.658,1870.598,1877.428,0.44831,90493
2020-12-21T16:00:00+00:00,1608566400,1877.498,1882.848,1874.458,1877.915,0.39706,51449
2020-12-21T20:00:00+00:00,1608580800,1878.065,1881.078,1873.865,1878.975,0.44977,17373
2020-12-22T00:00:00+00:00,1608595200,1878.955,1884.238,1875.538,1880.118,0.38543,21983
2020-12-22T04:00:00+00:00,1608609600,1880.168,1882.81,1866.475,1868.968,0.40697,35496
2020-12-22T08:00:00+00:00,1608624000,1869.068,1874.905,1868.318,1872.278,0.38564,31748
2020-12-22T12:00:00+00:00,1608638400,1872.278,1881.385,1860.938,1861.568,0.39575,53446
2020-12-22T16:00:00+00:00,1608652800,1861.578,1868.045,1860.245,1864.598,0.38813,44466
2020-12-22T20:00:00+00:00,1608667200,1864.648,1865.095,1858.845,1864.145,0.38163,14905
2020-12-23T00:00:00+00:00,1608681600,1864.185,1867.468,1861.395,1864.588,0.39819,29684
2020-12-23T04:00:00+00:00,1608696000,1864.588,1868.198,1862.925,1866.328,0.41327,23448
2020-12-23T08:00:00+00:00,1608710400,1866.348,1872.218,1863.118,1864.795,0.41131,32926
2020-12-23T12:00:00+00:00,1608724800,1864.848,1878.348,1856.938,1871.465,0.40073,66130
2020-12-23T16:00:00+00:00,1608739200,1871.478,1875.218,1869.865,1871.525,0.38467,30038
2020-12-23T20:00:00+00:00,1608753600,1871.535,1873.618,1869.715,1872.528,0.39708,8623
2020-12-24T00:00:00+00:00,1608768000,1872.528,1879.888,1871.628,1876.155,0.39307,22241
2020-12-24T04:00:00+00:00,1608782400,1876.155,1877.708,1874.038,1876.345,0.38254,16264
2020-12-24T08:00:00+00:00,1608796800,1876.365,1880.445,1870.955,1876.225,0.40281,25026
2020-12-24T12:00:00+00:00,1608811200,1876.235,1879.288,1869.378,1877.398,0.39211,30411
2020-12-24T16:00:00+00:00,1608825600,1877.398,1883.465,1877.258,1879.125,0.35859,10800
2020-12-27T20:00:00+00:00,1609099200,1882.921,1889.208,1882.348,1888.098,0.90197,2687
2020-12-28T00:00:00+00:00,1609113600,1888.088,1900.098,1885.618,1894.998,0.47787,27402
2020-12-28T04:00:00+00:00,1609128000,1895.005,1895.558,1877.208,1884.988,0.46236,23934
2020-12-28T08:00:00+00:00,1609142400,1884.988,1886.428,1869.018,1872.768,0.42439,29904
2020-12-28T12:00:00+00:00,1609156800,1872.768,1896.378,1871.925,1880.978,0.39873,46753
2020-12-28T16:00:00+00:00,1609171200,1880.865,1882.825,1872.448,1876.035,0.37724,30368
2020-12-28T20:00:00+00:00,1609185600,1876.075,1877.175,1871.038,1876.605,0.36956,12038
2020-12-29T00:00:00+00:00,1609200000,1876.605,1882.538,1874.975,1879.528,0.41156,22251
2020-12-29T04:00:00+00:00,1609214400,1879.578,1880.698,1875.408,1879.575,0.40508,19358
2020-12-29T08:00:00+00:00,1609228800,1879.575,1883.365,1874.171,1877.178,0.37746,23418
2020-12-29T12:00:00+00:00,1609243200,1877.228,1881.185,1871.595,1879.078,0.3895,49357
2020-12-29T16:00:00+00:00,1609257600,1879.078,1886.278,1876.495,1878.565,0.35624,25566
2020-12-29T20:00:00+00:00,1609272000,1878.585,1879.845,1876.835,1878.658,0.39578,6080
2020-12-30T00:00:00+00:00,1609286400,1878.638,1885.115,1877.488,1884.128,0.39046,18110
2020-12-30T04:00:00+00:00,1609300800,1884.145,1886.008,1878.258,1878.578,0.40744,15027
2020-12-30T08:00:00+00:00,1609315200,1878.638,1881.045,1877.185,1878.365,0.39266,19111
2020-12-30T12:00:00+00:00,1609329600,1878.365,1887.968,1875.965,1885.238,0.37643,39366
2020-12-30T16:00:00+00:00,1609344000,1885.238,1891.89,1884.375,1889.685,0.34547,18643
2020-12-30T20:00:00+00:00,1609358400,1889.715,1895.285,1889.385,1894.978,0.39098,8633
2020-12-31T00:00:00+00:00,1609372800,1895.078,1899.808,1886.898,1888.928,0.39609,27095
2020-12-31T04:00:00+00:00,1609387200,1888.898,1894.168,1885.308,1892.494,0.40858,20939
2020-12-31T08:00:00+00:00,1609401600,1892.504,1895.938,1890.295,1893.908,0.39927,24048
2020-12-31T12:00:00+00:00,1609416000,1893.908,1900.205,1891.658,1898.694,0.3887,28185
2020-12-31T16:00:00+00:00,1609430400,1898.674,1900.298,1890.165,1896.735,0.36861,21034
2020-12-31T20:00:00+00:00,1609444800,1896.718,1900.88,1896.218,1897.765,0.32879,5328
2021-01-03T20:00:00+00:00,1609704000,1904.998,1914.858,1903.288,1913.035,0.58758,8579
2021-01-04T00:00:00+00:00,1609718400,1913.025,1925.145,1909.858,1923.12,0.40562,30430
2021-01-04T04:00:00+00:00,1609732800,1923.119,1925.475,1918.984,1924.668,0.39288,23059
2021-01-04T08:00:00+00:00,1609747200,1924.678,1936.435,1924.468,1933.435,0.37593,30064
2021-01-04T12:00:00+00:00,1609761600,1933.435,1944.348,1929.228,1942.85,0.38798,61783
2021-01-04T16:00:00+00:00,1609776000,1942.84,1943.635,1932.518,1942.388,0.37402,54915
2021-01-04T20:00:00+00:00,1609790400,1942.388,1945.495,1940.378,1941.668,0.37906,13638
2021-01-05T00:00:00+00:00,1609804800,1941.518,1943.915,1934.178,1940.998,0.40672,25550
2021-01-05T04:00:00+00:00,1609819200,1940.998,1943.885,1936.588,1939.498,0.39367,21928
2021-01-05T08:00:00+00:00,1609833600,1939.598,1950.178,1939.298,1949.795,0.38538,29716
2021-01-05T12:00:00+00:00,1609848000,1949.788,1952.508,1938.938,1943.448,0.38908,57123
2021-01-05T16:00:00+00:00,1609862400,1943.448,1952.925,1942.755,1951.235,0.35548,36439
2021-01-05T20:00:00+00:00,1609876800,1951.195,1953.085,1947.615,1950.108,0.41811,13084
2021-01-06T00:00:00+00:00,1609891200,1950.148,1955.178,1942.015,1942.045,0.42169,33498
2021-01-06T04:00:00+00:00,1609905600,1942.035,1949.309,1941.305,1947.765,0.41463,24833
2021-01-06T08:00:00+00:00,1609920000,1947.715,1959.225,1945.168,1945.168,0.38482,39960
2021-01-06T12:00:00+00:00,1609934400,1945.168,1948.445,1903.895,1909.728,0.40037,88349
2021-01-06T16:00:00+00:00,1609948800,1909.649,1921.208,1900.755,1918.365,0.39516,55994
2021-01-06T20:00:00+00:00,1609963200,1918.305,1924.405,1915.208,1923.985,0.42998,23237
2021-01-07T00:00:00+00:00,1609977600,1923.955,1924.535,1914.595,1917.808,0.39262,28685
2021-01-07T04:00:00+00:00,1609992000,1917.808,1927.518,1915.925,1920.598,0.39334,34376
2021-01-07T08:00:00+00:00,1610006400,1920.561,1922.508,1908.845,1918.328,0.39972,44496
2021-01-07T12:00:00+00:00,1610020800,1918.378,1919.648,1906.705,1913.568,0.39422,62449
2021-01-07T16:00:00+00:00,1610035200,1913.668,1917.906,1908.995,1917.068,0.36381,36881
2021-01-07T20:00:00+00:00,1610049600,1917.068,1917.988,1912.638,1916.425,0.38278,11259
2021-01-08T00:00:00+00:00,1610064000,1916.395,1916.548,1908.608,1910.545,0.40121,20823
2021-01-08T04:00:00+00:00,1610078400,1910.535,1911.585,1904.318,1904.745,0.39851,20187
2021-01-08T08:00:00+00:00,1610092800,1904.725,1904.725,1876.835,1894.035,0.43304,42263
2021-01-08T12:00:00+00:00,1610107200,1894.015,1894.445,1849.715,1862.795,0.40596,94281
2021-01-08T16:00:00+00:00,1610121600,1862.805,1865.495,1828.038,1846.488,0.40976,92790
2021-01-08T20:00:00+00:00,1610136000,1846.368,1849.598,1844.235,1848.508,0.41745,16193
2021-01-10T20:00:00+00:00,1610308800,1849.163,1856.568,1841.365,1844.665,0.51502,8667
2021-01-11T00:00:00+00:00,1610323200,1844.625,1849.288,1816.888,1830.615,0.50202,45391
2021-01-11T04:00:00+00:00,1610337600,1830.605,1850.168,1826.998,1846.065,0.41985,37837
2021-01-11T08:00:00+00:00,1610352000,1846.075,1855.346,1846.025,1849.348,0.41538,42020
2021-01-11T12:00:00+00:00,1610366400,1849.348,1850.479,1828.968,1848.865,0.39537,72559
2021-01-11T16:00:00+00:00,1610380800,1848.805,1851.578,1844.388,1846.708,0.36031,45567
2021-01-11T20:00:00+00:00,1610395200,1846.894,1848.475,1842.938,1847.175,0.37272,12843
2021-01-12T00:00:00+00:00,1610409600,1847.135,1851.778,1841.162,1849.708,0.39245,28197
2021-01-12T04:00:00+00:00,1610424000,1849.608,1861.648,1848.608,1859.405,0.38637,27626
2021-01-12T08:00:00+00:00,1610438400,1859.365,1863.738,1853.668,1860.018,0.36308,34227
2021-01-12T12:00:00+00:00,1610452800,1859.918,1861.447,1836.558,1841.678,0.4008,65724
2021-01-12T16:00:00+00:00,1610467200,1841.608,1857.198,1837.535,1854.128,0.35904,44580
2021-01-12T20:00:00+00:00,1610481600,1854.125,1858.795,1852.241,1858.745,0.40145,14283
2021-01-13T00:00:00+00:00,1610496000,1858.715,1862.892,1854.445,1859.255,0.40529,21314
2021-01-13T04:00:00+00:00,1610510400,1859.205,1862.595,1857.068,1857.415,0.39802,17254
2021-01-13T08:00:00+00:00,1610524800,1857.405,1858.005,1849.268,1852.41,0.38656,38891
2021-01-13T12:00:00+00:00,1610539200,1852.419,1861.095,1849.578,1857.925,0.37985,61576
2021-01-13T16:00:00+00:00,1610553600,1857.998,1859.678,1852.708,1853.455,0.34011,36010
2021-01-13T20:00:00+00:00,1610568000,1853.465,1854.055,1841.808,1848.265,0.3841,15226
2021-01-14T00:00:00+00:00,1610582400,1848.255,1852.128,1828.518,1839.115,0.43335,26514
2021-01-14T04:00:00+00:00,1610596800,1839.115,1846.908,1835.988,1842.145,0.41736,24144
2021-01-14T08:00:00+00:00,1610611200,1842.058,1845.108,1836.588,1842.255,0.40323,31508
2021-01-14T12:00:00+00:00,1610625600,1842.255,1852.048,1837.408,1847.705,0.39037,61216
2021-01-14T16:00:00+00:00,1610640000,1847.665,1857.392,1843.675,1844.225,0.37142,44080
2021-01-14T20:00:00+00:00,1610654400,1844.458,1848.788,1844.185,1846.758,0.37453,13916
2021-01-15T00:00:00+00:00,1610668800,1846.808,1855.498,1846.765,1851.915,0.40641,16090
2021-01-15T04:00:00+00:00,1610683200,1851.905,1853.938,1846.625,1852.358,0.4006,20589
2021-01-15T08:00:00+00:00,1610697600,1852.398,1856.848,1846.888,1849.008,0.36419,25479
2021-01-15T12:00:00+00:00,1610712000,1848.998,1850.528,1824.745,1829.327,0.36556,73109
2021-01-15T16:00:00+00:00,1610726400,1829.365,1833.348,1823.235,1828.415,0.34559,55073
2021-01-15T20:00:00+00:00,1610740800,1828.395,1828.678,1825.108,1827.478,0.35965,13621
2021-01-17T20:00:00+00:00,1610913600,1828.608,1830.188,1802.948,1810.325,0.53914,9617
2021-01-18T00:00:00+00:00,1610928000,1810.628,1832.305,1810.228,1828.035,0.42502,44184
2021-01-18T04:00:00+00:00,1610942400,1828.036,1840.675,1826.745,1834.725,0.38589,33188
2021-01-18T08:00:00+00:00,1610956800,1834.725,1838.302,1829.838,1833.705,0.36987,42362
2021-01-18T12:00:00+00:00,1610971200,1833.605,1837.798,1829.518,1836.825,0.35934,41752
2021-01-18T16:00:00+00:00,1610985600,1836.825,1839.235,1835.758,1837.338,0.3739,12572
2021-01-18T20:00:00+00:00,1611000000,1837.558,1839.048,1836.0,1837.185,0.47078,3080
2021-01-19T00:00:00+00:00,1611014400,1837.175,1843.505,1836.215,1837.325,0.37621,25464
2021-01-19T04:00:00+00:00,1611028800,1837.335,1841.525,1836.038,1837.775,0.37393,20933
2021-01-19T08:00:00+00:00,1611043200,1837.795,1845.335,1837.785,1842.705,0.37511,24935
2021-01-19T12:00:00+00:00,1611057600,1842.695,1843.285,1832.843,1839.202,0.41997,60352
2021-01-19T16:00:00+00:00,1611072000,1839.202,1843.305,1837.025,1839.205,0.37966,31480
2021-01-19T20:00:00+00:00,1611086400,1839.145,1841.665,1838.385,1840.785,0.42772,9205
2021-01-20T00:00:00+00:00,1611100800,1840.845,1850.385,1839.292,1848.715,0.42209,26542
2021-01-20T04:00:00+00:00,1611115200,1848.715,1857.168,1848.095,1855.777,0.39635,28111
2021-01-20T08:00:00+00:00,1611129600,1855.745,1857.255,1848.455,1848.475,0.36523,37739
2021-01-20T12:00:00+00:00,1611144000,1848.515,1870.286,1832.272,1866.659,0.41564,95446
2021-01-20T16:00:00+00:00,1611158400,1866.657,1869.245,1861.882,1868.055,0.39084,55397
2021-01-20T20:00:00+00:00,1611172800,1868.075,1872.148,1867.505,1869.815,0.38746,14431
2021-01-21T00:00:00+00:00,1611187200,1869.865,1872.585,1866.792,1872.225,0.42047,22846
2021-01-21T04:00:00+00:00,1611201600,1872.215,1874.915,1865.982,1867.335,0.40021,30354
2021-01-21T08:00:00+00:00,1611216000,1867.305,1873.445,1866.447,1871.035,0.39416,41774
2021-01-21T12:00:00+00:00,1611230400,1871.035,1872.305,1858.131,1863.985,0.4228,80573
2021-01-21T16:00:00+00:00,1611244800,1863.945,1869.595,1861.845,1869.265,0.36432,36867
2021-01-21T20:00:00+00:00,1611259200,1869.245,1871.407,1867.794,1869.431,0.41683,13382
2021-01-22T00:00:00+00:00,1611273600,1869.451,1869.831,1859.728,1861.509,0.42189,28150
2021-01-22T04:00:00+00:00,1611288000,1861.512,1864.155,1857.101,1860.897,0.40698,30138
2021-01-22T08:00:00+00:00,1611302400,1860.905,1863.765,1845.277,1849.435,0.40191,49505
2021-01-22T12:00:00+00:00,1611316800,1849.475,1856.975,1837.195,1855.828,0.42194,82399
2021-01-22T16:00:00+00:00,1611331200,1855.838,1858.235,1852.395,1855.538,0.37724,41723
2021-01-22T20:00:00+00:00,1611345600,1855.555,1856.495,1852.458,1855.198,0.41243,7776
2021-01-24T20:00:00+00:00,1611518400,1854.187,1859.255,1853.777,1856.742,0.56242,3837
2021-01-25T00:00:00+00:00,1611532800,1856.812,1859.895,1852.635,1853.672,0.40699,32886
2021-01-25T04:00:00+00:00,1611547200,1853.682,1856.465,1849.165,1853.635,0.39279,28669
2021-01-25T08:00:00+00:00,1611561600,1853.615,1865.855,1849.945,1862.905,0.38802,42224
2021-01-25T12:00:00+00:00,1611576000,1862.902,1867.735,1849.618,1851.765,0.40747,75253
2021-01-25T16:00:00+00:00,1611590400,1851.772,1859.058,1847.025,1854.868,0.38558,61775
2021-01-25T20:00:00+00:00,1611604800,1854.858,1856.758,1853.425,1855.395,0.4278,10349
2021-01-26T00:00:00+00:00,1611619200,1855.375,1861.265,1853.058,1860.195,0.40168,19517
2021-01-26T04:00:00+00:00,1611633600,1860.155,1861.635,1849.907,1850.905,0.39289,36089
2021-01-26T08:00:00+00:00,1611648000,1850.925,1857.265,1848.345,1852.705,0.3884,41651
2021-01-26T12:00:00+00:00,1611662400,1852.695,1859.885,1849.845,1852.915,0.40398,60303
2021-01-26T16:00:00+00:00,1611676800,1852.935,1855.075,1849.327,1851.555,0.37276,38677
2021-01-26T20:00:00+00:00,1611691200,1851.575,1852.865,1848.278,1851.245,0.45033,8266
2021-01-27T00:00:00+00:00,1611705600,1851.215,1851.345,1843.268,1845.385,0.42743,23670
2021-01-27T04:00:00+00:00,1611720000,1845.395,1851.172,1845.325,1850.855,0.39237,20589
2021-01-27T08:00:00+00:00,1611734400,1850.865,1853.096,1838.255,1841.283,0.40309,43642
2021-01-27T12:00:00+00:00,1611748800,1841.275,1849.393,1831.227,1848.805,0.42135,89216
2021-01-27T16:00:00+00:00,1611763200,1848.825,1850.493,1840.517,1841.475,0.40049,57635
2021-01-27T20:00:00+00:00,1611777600,1841.505,1845.055,1838.935,1839.817,0.41999,28229
2021-01-28T00:00:00+00:00,1611792000,1839.817,1840.378,1833.925,1837.815,0.40459,34710
2021-01-28T04:00:00+00:00,1611806400,1837.845,1839.118,1833.985,1836.135,0.39738,25441
2021-01-28T08:00:00+00:00,1611820800,1836.255,1843.485,1834.365,1840.575,0.39588,49921
2021-01-28T12:00:00+00:00,1611835200,1840.515,1863.915,1837.506,1857.375,0.43279,98856
2021-01-28T16:00:00+00:00,1611849600,1857.369,1859.665,1834.797,1843.688,0.41302,78126
2021-01-28T20:00:00+00:00,1611864000,1843.698,1844.795,1840.388,1843.775,0.47142,24936
2021-01-29T00:00:00+00:00,1611878400,1843.795,1845.165,1839.418,1841.885,0.42592,33548
2021-01-29T04:00:00+00:00,1611892800,1841.875,1851.585,1840.945,1845.541,0.41323,44902
2021-01-29T08:00:00+00:00,1611907200,1845.515,1863.132,1842.116,1862.01,0.42279,71710
2021-01-29T12:00:00+00:00,1611921600,1862.055,1875.522,1852.485,1858.355,0.43245,110447
2021-01-29T16:00:00+00:00,1611936000,1858.365,1860.468,1847.575,1849.835,0.41498,84505
2021-01-29T20:00:00+00:00,1611950400,1849.915,1851.255,1841.425,1847.048,0.38258,21795
2021-01-31T20:00:00+00:00,1612123200,1863.422,1866.837,1851.357,1855.897,0.66371,15873
2021-02-01T00:00:00+00:00,1612137600,1855.897,1863.765,1848.892,1860.838,0.46413,56070
2021-02-01T04:00:00+00:00,1612152000,1860.838,1867.035,1856.985,1861.365,0.43364,56348
2021-02-01T08:00:00+00:00,1612166400,1861.335,1871.636,1856.255,1864.171,0.45337,73401
2021-02-01T12:00:00+00:00,1612180800,1864.171,1869.455,1856.513,1860.025,0.43052,98491
2021-02-01T16:00:00+00:00,1612195200,1860.035,1866.567,1857.658,1859.34,0.41006,73794
2021-02-01T20:00:00+00:00,1612209600,1859.34,1862.521,1856.895,1857.585,0.46326,22496
2021-02-02T00:00:00+00:00,1612224000,1857.605,1863.975,1853.898,1856.995,0.42412,47904
2021-02-02T04:00:00+00:00,1612238400,1857.005,1857.357,1844.795,1848.185,0.42596,46540
2021-02-02T08:00:00+00:00,1612252800,1848.155,1853.395,1841.701,1842.088,0.42112,58189
2021-02-02T12:00:00+00:00,1612267200,1842.088,1847.165,1829.317,1833.025,0.4167,94640
2021-02-02T16:00:00+00:00,1612281600,1833.017,1839.697,1831.545,1836.685,0.38462,66272
2021-02-02T20:00:00+00:00,1612296000,1836.637,1839.185,1834.437,1836.325,0.44625,15093
2021-02-03T00:00:00+00:00,1612310400,1836.405,1844.785,1836.405,1841.435,0.43706,36540
2021-02-03T04:00:00+00:00,1612324800,1841.425,1842.745,1834.568,1837.045,0.41436,34934
2021-02-03T08:00:00+00:00,1612339200,1837.055,1837.385,1832.406,1834.865,0.4053,42631
2021-02-03T12:00:00+00:00,1612353600,1834.865,1842.202,1829.368,1833.495,0.41295,76155
2021-02-03T16:00:00+00:00,1612368000,1833.505,1837.965,1832.445,1833.038,0.36719,42941
2021-02-03T20:00:00+00:00,1612382400,1833.055,1834.575,1831.855,1834.225,0.41239,13504
2021-02-04T00:00:00+00:00,1612396800,1834.225,1834.635,1820.998,1822.965,0.40431,38021
2021-02-04T04:00:00+00:00,1612411200,1822.965,1827.048,1815.838,1825.195,0.41758,43830
2021-02-04T08:00:00+00:00,1612425600,1825.195,1826.385,1810.236,1812.615,0.41547,52915
2021-02-04T12:00:00+00:00,1612440000,1812.655,1819.485,1784.888,1786.465,0.42293,93179
2021-02-04T16:00:00+00:00,1612454400,1786.465,1795.789,1785.745,1795.029,0.39869,57593
2021-02-04T20:00:00+00:00,1612468800,1795.029,1795.775,1791.878,1795.775,0.44976,13292
2021-02-05T00:00:00+00:00,1612483200,1795.795,1797.635,1791.905,1794.869,0.42829,28292
2021-02-05T04:00:00+00:00,1612497600,1794.869,1800.065,1793.838,1798.665,0.42625,32283
2021-02-05T08:00:00+00:00,1612512000,1798.655,1811.138,1798.145,1802.678,0.39651,44116
2021-02-05T12:00:00+00:00,1612526400,1802.678,1808.578,1793.325,1805.838,0.41151,80110
2021-02-05T16:00:00+00:00,1612540800,1805.838,1815.016,1805.838,1809.925,0.37542,49312
2021-02-05T20:00:00+00:00,1612555200,1809.925,1814.068,1809.415,1814.048,0.37788,10504
2021-02-07T20:00:00+00:00,1612728000,1816.958,1818.678,1814.258,1817.885,0.58233,5276
2021-02-08T00:00:00+00:00,1612742400,1817.898,1818.805,1808.313,1810.645,0.42772,32521
2021-02-08T04:00:00+00:00,1612756800,1810.655,1817.825,1810.173,1814.854,0.40747,30475
2021-02-08T08:00:00+00:00,1612771200,1814.854,1823.128,1807.665,1820.695,0.39339,42326
2021-02-08T12:00:00+00:00,1612785600,1820.705,1838.988,1818.355,1836.518,0.39299,72007
2021-02-08T16:00:00+00:00,1612800000,1836.548,1838.235,1830.168,1832.075,0.36193,39262
2021-02-08T20:00:00+00:00,1612814400,1832.085,1834.475,1828.785,1830.378,0.4326,14711
2021-02-09T00:00:00+00:00,1612828800,1830.385,1842.305,1829.808,1839.46,0.43389,34070
2021-02-09T04:00:00+00:00,1612843200,1839.482,1843.605,1838.008,1842.905,0.41213,35429
2021-02-09T08:00:00+00:00,1612857600,1842.905,1848.47,1838.448,1843.565,0.38574,45719
2021-02-09T12:00:00+00:00,1612872000,1843.575,1847.408,1831.945,1839.285,0.40139,74163
2021-02-09T16:00:00+00:00,1612886400,1839.275,1839.725,1834.205,1837.405,0.37864,45939
2021-02-09T20:00:00+00:00,1612900800,1837.395,1839.385,1834.815,1836.035,0.43213,9992
2021-02-10T00:00:00+00:00,1612915200,1836.035,1845.14,1833.915,1843.145,0.4152,29757
2021-02-10T04:00:00+00:00,1612929600,1843.165,1846.875,1840.805,1845.745,0.38738,29666
2021-02-10T08:00:00+00:00,1612944000,1845.665,1846.205,1838.896,1840.758,0.3796,43949
2021-02-10T12:00:00+00:00,1612958400,1840.764,1855.232,1835.588,1841.04,0.42662,74265
2021-02-10T16:00:00+00:00,1612972800,1841.044,1846.172,1834.885,1843.028,0.40462,46412
2021-02-10T20:00:00+00:00,1612987200,1842.976,1844.172,1840.635,1841.925,0.43384,13891
2021-02-11T00:00:00+00:00,1613001600,1841.905,1842.025,1833.895,1837.347,0.43966,15963
2021-02-11T04:00:00+00:00,1613016000,1837.372,1843.815,1834.968,1843.005,0.42241,21859
2021-02-11T08:00:00+00:00,1613030400,1843.035,1845.815,1839.445,1841.655,0.3913,29923
2021-02-11T12:00:00+00:00,1613044800,1841.665,1847.402,1837.405,1838.465,0.40406,52710
2021-02-11T16:00:00+00:00,1613059200,1838.475,1839.195,1821.007,1824.345,0.39693,58431
2021-02-11T20:00:00+00:00,1613073600,1824.405,1827.205,1823.305,1826.665,0.4155,8744
2021-02-12T00:00:00+00:00,1613088000,1826.635,1827.848,1819.128,1821.848,0.41315,12871
2021-02-12T04:00:00+00:00,1613102400,1821.848,1824.245,1816.335,1817.315,0.40638,15020
2021-02-12T08:00:00+00:00,1613116800,1817.285,1821.805,1812.408,1818.605,0.38141,33644
2021-02-12T12:00:00+00:00,1613131200,1818.595,1830.615,1810.395,1828.098,0.3959,61893
2021-02-12T16:00:00+00:00,1613145600,1828.118,1829.315,1818.285,1819.195,0.39172,45525
2021-02-12T20:00:00+00:00,1613160000,1819.165,1824.578,1817.298,1823.648,0.40012,8607
2021-02-14T20:00:00+00:00,1613332800,1825.118,1826.088,1819.995,1820.762,0.52123,4671
2021-02-15T00:00:00+00:00,1613347200,1820.762,1826.915,1819.848,1826.055,0.42751,16495
2021-02-15T04:00:00+00:00,1613361600,1826.075,1826.435,1816.368,1816.975,0.42194,22822
2021-02-15T08:00:00+00:00,1613376000,1816.995,1821.385,1815.865,1820.366,0.37441,29516
2021-02-15T12:00:00+00:00,1613390400,1820.358,1824.155,1815.965,1817.975,0.38394,29451
2021-02-15T16:00:00+00:00,1613404800,1817.995,1820.735,1816.905,1818.438,0.39772,7810
2021-02-15T20:00:00+00:00,1613419200,1818.918,1819.388,1817.415,1818.595,0.51948,3151
2021-02-16T00:00:00+00:00,1613433600,1818.655,1826.375,1817.995,1826.205,0.42151,20347
2021-02-16T04:00:00+00:00,1613448000,1826.215,1826.335,1818.735,1820.495,0.4075,25903
2021-02-16T08:00:00+00:00,1613462400,1820.485,1825.493,1814.895,1815.965,0.3931,39393
2021-02-16T12:00:00+00:00,1613476800,1816.038,1818.735,1789.385,1813.524,0.43484,94226
2021-02-16T16:00:00+00:00,1613491200,1813.524,1813.922,1793.045,1795.135,0.4162,52459
2021-02-16T20:00:00+00:00,1613505600,1795.155,1796.135,1786.604,1788.265,0.43022,18454
2021-02-17T00:00:00+00:00,1613520000,1788.285,1795.015,1786.455,1793.325,0.43013,20628
2021-02-17T04:00:00+00:00,1613534400,1793.315,1793.805,1788.281,1789.828,0.41355,21401
2021-02-17T08:00:00+00:00,1613548800,1789.838,1790.985,1783.555,1790.655,0.41474,41979
2021-02-17T12:00:00+00:00,1613563200,1790.795,1793.285,1770.805,1773.575,0.43931,77793
2021-02-17T16:00:00+00:00,1613577600,1773.595,1780.068,1769.418,1771.795,0.40416,53210
2021-02-17T20:00:00+00:00,1613592000,1771.815,1778.485,1771.695,1778.085,0.41086,16101
2021-02-18T00:00:00+00:00,1613606400,1778.085,1785.611,1776.915,1783.195,0.42647,30063
2021-02-18T04:00:00+00:00,1613620800,1783.215,1784.345,1779.471,1781.975,0.41786,23699
2021-02-18T08:00:00+00:00,1613635200,1781.975,1788.835,1778.708,1783.965,0.40853,40527
2021-02-18T12:00:00+00:00,1613649600,1783.921,1789.465,1768.305,1778.256,0.42101,73749
2021-02-18T16:00:00+00:00,1613664000,1778.236,1780.045,1772.585,1775.255,0.39819,41102
2021-02-18T20:00:00+00:00,1613678400,1775.265,1777.011,1769.855,1771.446,0.42673,16589
2021-02-19T00:00:00+00:00,1613692800,1771.425,1772.755,1760.44,1767.815,0.46384,47162
2021-02-19T04:00:00+00:00,1613707200,1767.805,1777.425,1764.791,1773.785,0.42943,34110
2021-02-19T08:00:00+00:00,1613721600,1773.795,1775.235,1767.675,1768.725,0.41443,45284
2021-02-19T12:00:00+00:00,1613736000,1768.725,1791.405,1768.665,1785.766,0.43495,78370
2021-02-19T16:00:00+00:00,1613750400,1785.766,1787.886,1777.215,1780.086,0.42385,53739
2021-02-19T20:00:00+00:00,1613764800,1780.076,1784.418,1779.435,1783.398,0.42435,10447
2021-02-21T20:00:00+00:00,1613937600,1781.546,1787.896,1781.175,1783.151,0.54489,7499
2021-02-22T00:00:00+00:00,1613952000,1783.176,1789.555,1780.545,1783.675,0.44218,48578
2021-02-22T04:00:00+00:00,1613966400,1783.675,1794.958,1783.435,1794.495,0.43974,43460
2021-02-22T08:00:00+00:00,1613980800,1794.475,1799.135,1790.128,1795.075,0.40298,46143
2021-02-22T12:00:00+00:00,1613995200,1795.045,1810.075,1793.365,1808.855,0.42782,77791
2021-02-22T16:00:00+00:00,1614009600,1808.855,1812.535,1806.386,1808.015,0.38109,46915
2021-02-22T20:00:00+00:00,1614024000,1808.005,1811.295,1806.135,1810.335,0.43227,16923
2021-02-23T00:00:00+00:00,1614038400,1810.345,1815.875,1806.065,1812.928,0.44457,31352
2021-02-23T04:00:00+00:00,1614052800,1812.926,1814.585,1808.085,1808.255,0.44496,27529
2021-02-23T08:00:00+00:00,1614067200,1808.255,1811.375,1803.525,1809.085,0.40574,40731
2021-02-23T12:00:00+00:00,1614081600,1809.085,1812.655,1795.425,1806.805,0.43234,74088
2021-02-23T16:00:00+00:00,1614096000,1806.835,1809.235,1801.665,1803.585,0.39645,57438
2021-02-23T20:00:00+00:00,1614110400,1803.575,1807.735,1803.545,1805.705,0.40943,17715
2021-02-24T00:00:00+00:00,1614124800,1805.705,1813.745,1805.015,1808.715,0.42473,32377
2021-02-24T04:00:00+00:00,1614139200,1808.715,1809.995,1804.265,1805.875,0.40944,32911
2021-02-24T08:00:00+00:00,1614153600,1805.885,1810.045,1802.9,1808.535,0.40213,42498
2021-02-24T12:00:00+00:00,1614168000,1808.555,1810.135,1783.445,1794.895,0.42962,85922
2021-02-24T16:00:00+00:00,1614182400,1794.885,1804.258,1790.46,1797.165,0.40912,60794
2021-02-24T20:00:00+00:00,1614196800,1797.155,1805.445,1797.018,1802.965,0.42713,17230
2021-02-25T00:00:00+00:00,1614211200,1802.965,1804.105,1793.825,1796.635,0.43577,31861
2021-02-25T04:00:00+00:00,1614225600,1796.635,1801.165,1790.235,1794.425,0.44718,37336
2021-02-25T08:00:00+00:00,1614240000,1794.425,1795.155,1781.295,1786.608,0.42612,54417
2021-02-25T12:00:00+00:00,1614254400,1786.608,1790.505,1769.698,1775.545,0.42284,98221
2021-02-25T16:00:00+00:00,1614268800,1775.545,1782.931,1765.328,1773.165,0.47705,111206
2021-02-25T20:00:00+00:00,1614283200,1773.095,1774.655,1768.975,1769.775,0.48679,38615
2021-02-26T00:00:00+00:00,1614297600,1769.785,1775.605,1765.001,1772.695,0.48641,47279
2021-02-26T04:00:00+00:00,1614312000,1772.715,1773.158,1755.205,1759.325,0.47431,57402
2021-02-26T08:00:00+00:00,1614326400,1759.365,1769.975,1757.535,1759.805,0.41497,65959
2021-02-26T12:00:00+00:00,1614340800,1759.805,1766.895,1724.545,1729.875,0.38632,113086
2021-02-26T16:00:00+00:00,1614355200,1729.905,1732.295,1717.09,1727.015,0.36537,94525
2021-02-26T20:00:00+00:00,1614369600,1727.095,1735.175,1726.565,1733.188,0.38483,21116
2021-02-28T20:00:00+00:00,1614542400,1732.746,1739.755,1732.695,1739.085,0.4928,8833
2021-03-01T00:00:00+00:00,1614556800,1739.085,1751.545,1737.185,1750.975,0.36992,43265
2021-03-01T04:00:00+00:00,1614571200,1750.975,1759.715,1747.605,1753.47,0.3667,41904
2021-03-01T08:00:00+00:00,1614585600,1753.47,1754.765,1741.722,1743.465,0.34401,56464
2021-03-01T12:00:00+00:00,1614600000,1743.415,1747.455,1730.745,1738.705,0.36353,96058
2021-03-01T16:00:00+00:00,1614614400,1738.735,1742.475,1720.425,1724.335,0.34018,72399
2021-03-01T20:00:00+00:00,1614628800,1724.365,1726.675,1719.525,1724.905,0.37926,24983
2021-03-02T00:00:00+00:00,1614643200,1724.895,1728.376,1707.066,1713.246,0.38077,51961
2021-03-02T04:00:00+00:00,1614657600,1713.216,1724.126,1710.606,1717.765,0.38205,46831
2021-03-02T08:00:00+00:00,1614672000,1717.775,1733.195,1715.406,1727.226,0.35759,53527
2021-03-02T12:00:00+00:00,1614686400,1727.226,1736.226,1720.275,1725.27,0.35807,85916
2021-03-02T16:00:00+00:00,1614700800,1725.27,1738.405,1723.975,1734.666,0.33812,63441
2021-03-02T20:00:00+00:00,1614715200,1734.666,1740.446,1732.756,1736.416,0.3808,21273
2021-03-03T00:00:00+00:00,1614729600,1736.426,1737.366,1729.895,1734.695,0.37185,27855
2021-03-03T04:00:00+00:00,1614744000,1734.695,1735.845,1730.258,1733.315,0.37249,28693
2021-03-03T08:00:00+00:00,1614758400,1733.315,1733.615,1721.325,1724.075,0.36094,48623
2021-03-03T12:00:00+00:00,1614772800,1724.155,1726.645,1701.797,1715.813,0.35475,108311
2021-03-03T16:00:00+00:00,1614787200,1715.813,1725.033,1711.915,1715.584,0.36295,81397
2021-03-03T20:00:00+00:00,1614801600,1715.634,1717.044,1708.198,1710.374,0.36526,26901
2021-03-04T00:00:00+00:00,1614816000,1710.349,1716.605,1708.608,1709.5,0.38637,37747
2021-03-04T04:00:00+00:00,1614830400,1709.5,1721.135,1706.564,1717.834,0.36944,48757
2021-03-04T08:00:00+00:00,1614844800,1717.714,1718.883,1706.189,1715.655,0.37778,64704
2021-03-04T12:00:00+00:00,1614859200,1715.675,1723.104,1709.388,1718.619,0.36127,93503
2021-03-04T16:00:00+00:00,1614873600,1718.625,1722.254,1690.258,1698.995,0.37746,115993
2021-03-04T20:00:00+00:00,1614888000,1699.015,1700.438,1693.274,1694.195,0.37702,32162
2021-03-05T00:00:00+00:00,1614902400,1694.105,1695.635,1687.194,1694.325,0.38556,46215
2021-03-05T04:00:00+00:00,1614916800,1694.315,1700.295,1691.555,1696.548,0.36665,38681
2021-03-05T08:00:00+00:00,1614931200,1696.518,1698.779,1690.998,1694.778,0.36531,50280
2021-03-05T12:00:00+00:00,1614945600,1694.748,1707.669,1687.138,1696.938,0.3723,103444
2021-03-05T16:00:00+00:00,1614960000,1696.938,1705.109,1694.284,1699.005,0.33389,78129
2021-03-05T20:00:00+00:00,1614974400,1699.005,1701.588,1697.494,1699.398,0.31049,15122
2021-03-07T20:00:00+00:00,1615147200,1701.718,1713.878,1701.718,1707.685,0.48967,9575
2021-03-08T00:00:00+00:00,1615161600,1707.685,1714.168,1704.901,1705.578,0.38535,48009
2021-03-08T04:00:00+00:00,1615176000,1705.598,1709.405,1696.974,1699.125,0.37977,44286
2021-03-08T08:00:00+00:00,1615190400,1699.105,1700.525,1685.635,1685.718,0.36473,55097
2021-03-08T12:00:00+00:00,1615204800,1685.698,1696.388,1679.324,1681.558,0.35206,93594
2021-03-08T16:00:00+00:00,1615219200,1681.588,1685.065,1676.696,1685.025,0.33279,68309
2021-03-08T20:00:00+00:00,1615233600,1684.995,1685.614,1680.398,1684.554,0.34638,21528
2021-03-09T00:00:00+00:00,1615248000,1684.554,1691.434,1680.014,1689.278,0.38721,48557
2021-03-09T04:00:00+00:00,1615262400,1689.314,1698.358,1687.078,1697.265,0.36984,41215
2021-03-09T08:00:00+00:00,1615276800,1697.275,1711.498,1694.818,1708.934,0.3526,60544
2021-03-09T12:00:00+00:00,1615291200,1708.918,1720.469,1702.488,1713.025,0.35757,102607
2021-03-09T16:00:00+00:00,1615305600,1713.015,1719.591,1712.435,1716.988,0.33787,67801
2021-03-09T20:00:00+00:00,1615320000,1717.008,1718.088,1713.939,1715.744,0.34775,16899
2021-03-10T00:00:00+00:00,1615334400,1715.744,1719.475,1710.754,1712.485,0.36447,34817
2021-03-10T04:00:00+00:00,1615348800,1712.485,1716.564,1709.544,1715.188,0.37004,32767
2021-03-10T08:00:00+00:00,1615363200,1715.185,1715.448,1708.141,1711.708,0.35328,41946
2021-03-10T12:00:00+00:00,1615377600,1711.718,1723.554,1710.494,1718.985,0.36223,93260
2021-03-10T16:00:00+00:00,1615392000,1718.985,1725.925,1714.454,1723.894,0.35429,68447
2021-03-10T20:00:00+00:00,1615406400,1723.865,1727.065,1723.294,1726.584,0.34918,18769
2021-03-11T00:00:00+00:00,1615420800,1726.594,1734.508,1723.134,1731.686,0.36068,38083
2021-03-11T04:00:00+00:00,1615435200,1731.674,1737.828,1730.714,1736.675,0.35395,34163
2021-03-11T08:00:00+00:00,1615449600,1736.668,1739.735,1731.338,1733.255,0.33091,45346
2021-03-11T12:00:00+00:00,1615464000,1733.284,1737.118,1719.115,1725.374,0.35133,91026
2021-03-11T16:00:00+00:00,1615478400,1725.374,1728.208,1720.958,1724.635,0.33637,64895
2021-03-11T20:00:00+00:00,1615492800,1724.658,1724.954,1721.248,1722.595,0.35268,16692
2021-03-12T00:00:00+00:00,1615507200,1722.595,1727.895,1716.744,1718.285,0.35,34086
2021-03-12T04:00:00+00:00,1615521600,1718.285,1719.678,1707.445,1710.388,0.3594,43975
2021-03-12T08:00:00+00:00,1615536000,1710.388,1711.244,1699.078,1703.154,0.35334,56788
2021-03-12T12:00:00+00:00,1615550400,1703.155,1708.678,1699.374,1707.044,0.35031,82875
2021-03-12T16:00:00+00:00,1615564800,1707.108,1725.294,1706.058,1722.395,0.34569,60164
2021-03-12T20:00:00+00:00,1615579200,1722.395,1729.158,1721.215,1726.958,0.36359,11670
2021-03-14T20:00:00+00:00,1615752000,1727.188,1730.304,1724.135,1725.235,0.44891,10966
2021-03-15T00:00:00+00:00,1615766400,1725.235,1733.938,1724.778,1727.715,0.36518,40025
2021-03-15T04:00:00+00:00,1615780800,1727.715,1727.825,1721.554,1722.568,0.36198,34310
2021-03-15T08:00:00+00:00,1615795200,1722.585,1732.488,1722.575,1729.645,0.34962,49694
2021-03-15T12:00:00+00:00,1615809600,1729.655,1734.418,1722.728,1727.028,0.36117,87603
2021-03-15T16:00:00+00:00,1615824000,1727.048,1732.044,1726.615,1730.908,0.31313,39445
2021-03-15T20:00:00+00:00,1615838400,1730.824,1732.059,1730.144,1730.618,0.37553,10024
2021-03-16T00:00:00+00:00,1615852800,1730.608,1734.055,1729.404,1733.479,0.33461,26202
2021-03-16T04:00:00+00:00,1615867200,1733.458,1737.124,1726.114,1730.084,0.34709,31334
2021-03-16T08:00:00+00:00,1615881600,1730.084,1735.478,1728.755,1731.239,0.32949,40763
2021-03-16T12:00:00+00:00,1615896000,1731.289,1741.147,1726.667,1728.766,0.34838,83891
2021-03-16T16:00:00+00:00,1615910400,1728.732,1733.198,1727.765,1732.477,0.33409,52589
2021-03-16T20:00:00+00:00,1615924800,1732.447,1732.562,1730.258,1731.585,0.39632,10252
2021-03-17T00:00:00+00:00,1615939200,1731.585,1735.928,1729.535,1735.778,0.35577,29103
2021-03-17T04:00:00+00:00,1615953600,1735.777,1737.904,1733.968,1735.218,0.34848,30010
2021-03-17T08:00:00+00:00,1615968000,1735.218,1737.044,1727.795,1729.285,0.33831,41719
2021-03-17T12:00:00+00:00,1615982400,1729.378,1734.498,1724.018,1727.185,0.32923,82489
2021-03-17T16:00:00+00:00,1615996800,1727.175,1751.498,1725.718,1745.195,0.36374,85026
2021-03-17T20:00:00+00:00,1616011200,1745.055,1749.478,1743.634,1748.384,0.39546,11709
2021-03-18T00:00:00+00:00,1616025600,1748.354,1755.408,1747.478,1748.878,0.35853,43025
2021-03-18T04:00:00+00:00,1616040000,1748.898,1752.764,1735.354,1739.394,0.3523,45457
2021-03-18T08:00:00+00:00,1616054400,1739.474,1740.774,1727.624,1731.234,0.34156,60276
2021-03-18T12:00:00+00:00,1616068800,1731.134,1733.428,1719.115,1730.478,0.34166,101783
2021-03-18T16:00:00+00:00,1616083200,1730.488,1737.132,1730.004,1734.72,0.32406,64995
2021-03-18T20:00:00+00:00,1616097600,1734.649,1737.575,1732.294,1735.114,0.37789,15174
2021-03-19T00:00:00+00:00,1616112000,1735.094,1735.744,1728.391,1731.604,0.35529,38977
2021-03-19T04:00:00+00:00,1616126400,1731.604,1745.288,1730.0,1741.595,0.36066,42864
2021-03-19T08:00:00+00:00,1616140800,1741.589,1744.475,1734.818,1740.458,0.34644,45987
2021-03-19T12:00:00+00:00,1616155200,1740.518,1743.618,1733.158,1739.868,0.36533,89709
2021-03-19T16:00:00+00:00,1616169600,1739.858,1744.098,1738.355,1742.518,0.33791,41817
2021-03-19T20:00:00+00:00,1616184000,1742.498,1746.538,1741.579,1744.858,0.48007,3352
2021-03-21T20:00:00+00:00,1616356800,1746.009,1746.928,1737.868,1738.088,0.40153,11378
2021-03-22T00:00:00+00:00,1616371200,1738.075,1741.198,1732.438,1740.506,0.37775,36708
2021-03-22T04:00:00+00:00,1616385600,1740.506,1742.988,1727.238,1729.158,0.35602,40152
2021-03-22T08:00:00+00:00,1616400000,1729.179,1738.988,1727.975,1736.178,0.34398,49656
2021-03-22T12:00:00+00:00,1616414400,1736.185,1738.588,1730.455,1738.158,0.34287,75655
2021-03-22T16:00:00+00:00,1616428800,1738.208,1740.985,1737.405,1739.408,0.31092,30501
2021-03-22T20:00:00+00:00,1616443200,1739.398,1739.808,1737.926,1739.198,0.37937,8437
2021-03-23T00:00:00+00:00,1616457600,1739.218,1740.418,1730.918,1735.585,0.36365,31857
2021-03-23T04:00:00+00:00,1616472000,1735.585,1739.898,1735.095,1737.538,0.34502,28344
2021-03-23T08:00:00+00:00,1616486400,1737.539,1742.378,1736.125,1738.898,0.34075,45190
2021-03-23T12:00:00+00:00,1616500800,1738.898,1740.925,1724.948,1730.188,0.32665,76959
2021-03-23T16:00:00+00:00,1616515200,1730.168,1730.168,1724.578,1727.158,0.32034,48453
2021-03-23T20:00:00+00:00,1616529600,1727.108,1728.085,1726.145,1727.045,0.38794,9403
2021-03-24T00:00:00+00:00,1616544000,1727.105,1734.309,1723.624,1731.608,0.3563,34946
2021-03-24T04:00:00+00:00,1616558400,1731.598,1733.768,1727.068,1728.728,0.35852,33694
2021-03-24T08:00:00+00:00,1616572800,1728.709,1735.818,1727.985,1730.088,0.33531,38944
2021-03-24T12:00:00+00:00,1616587200,1730.065,1733.908,1728.338,1733.608,0.32243,57689
2021-03-24T16:00:00+00:00,1616601600,1733.608,1738.318,1731.808,1732.935,0.31682,40383
2021-03-24T20:00:00+00:00,1616616000,1732.955,1735.018,1732.955,1734.498,0.3691,8381
2021-03-25T00:00:00+00:00,1616630400,1734.398,1739.049,1731.838,1735.248,0.35887,32866
2021-03-25T04:00:00+00:00,1616644800,1735.258,1737.718,1730.615,1732.988,0.35449,25385
2021-03-25T08:00:00+00:00,1616659200,1732.988,1733.975,1727.559,1728.368,0.34865,38229
2021-03-25T12:00:00+00:00,1616673600,1728.368,1745.388,1724.785,1730.758,0.33844,91492
2021-03-25T16:00:00+00:00,1616688000,1730.745,1732.445,1721.589,1726.745,0.33916,58584
2021-03-25T20:00:00+00:00,1616702400,1726.665,1729.008,1726.099,1727.218,0.37549,10606
2021-03-26T00:00:00+00:00,1616716800,1727.218,1729.745,1723.158,1724.815,0.35466,31376
2021-03-26T04:00:00+00:00,1616731200,1724.785,1729.528,1723.748,1727.385,0.34972,28269
2021-03-26T08:00:00+00:00,1616745600,1727.365,1731.948,1721.498,1725.035,0.33727,37639
2021-03-26T12:00:00+00:00,1616760000,1725.038,1736.648,1723.905,1733.895,0.3303,66037
2021-03-26T16:00:00+00:00,1616774400,1733.935,1734.495,1730.105,1731.705,0.33051,32615
2021-03-26T20:00:00+00:00,1616788800,1731.675,1732.744,1731.479,1731.808,0.44949,2342
2021-03-28T20:00:00+00:00,1616961600,1731.268,1732.988,1730.378,1731.015,0.39254,6355
2021-03-29T00:00:00+00:00,1616976000,1730.985,1732.788,1726.278,1729.305,0.34711,25759
2021-03-29T04:00:00+00:00,1616990400,1729.305,1729.705,1724.868,1726.208,0.34477,30629
2021-03-29T08:00:00+00:00,1617004800,1726.218,1728.148,1723.705,1726.068,0.32179,27060
2021-03-29T12:00:00+00:00,1617019200,1726.078,1727.918,1705.668,1711.628,0.33284,70401
2021-03-29T16:00:00+00:00,1617033600,1711.628,1715.779,1709.665,1711.378,0.32565,35703
2021-03-29T20:00:00+00:00,1617048000,1711.338,1712.995,1710.208,1711.858,0.37893,8348
2021-03-30T00:00:00+00:00,1617062400,1711.858,1714.318,1704.605,1707.305,0.32861,27389
2021-03-30T04:00:00+00:00,1617076800,1707.298,1708.448,1695.258,1697.338,0.33529,41784
2021-03-30T08:00:00+00:00,1617091200,1697.298,1700.828,1686.088,1688.255,0.32567,43350
2021-03-30T12:00:00+00:00,1617105600,1688.245,1690.448,1678.6,1686.818,0.32166,83821
2021-03-30T16:00:00+00:00,1617120000,1686.808,1687.098,1681.428,1681.978,0.30535,36386
2021-03-30T20:00:00+00:00,1617134400,1682.138,1685.778,1682.078,1685.398,0.3637,11123
2021-03-31T00:00:00+00:00,1617148800,1685.398,1686.315,1677.788,1679.385,0.33514,36458
2021-03-31T04:00:00+00:00,1617163200,1679.325,1688.695,1678.485,1684.058,0.33583,32842
2021-03-31T08:00:00+00:00,1617177600,1684.078,1689.078,1682.498,1684.758,0.31486,32192
2021-03-31T12:00:00+00:00,1617192000,1684.818,1708.638,1682.228,1708.038,0.32692,77939
2021-03-31T16:00:00+00:00,1617206400,1708.078,1715.258,1706.305,1707.735,0.31708,41387
2021-03-31T20:00:00+00:00,1617220800,1707.815,1708.988,1705.845,1707.358,0.36986,8906
2021-04-01T00:00:00+00:00,1617235200,1707.338,1714.038,1705.638,1712.728,0.34883,31046
2021-04-01T04:00:00+00:00,1617249600,1712.718,1719.795,1710.035,1718.398,0.33258,36817
2021-04-01T08:00:00+00:00,1617264000,1718.328,1719.605,1710.315,1716.818,0.31636,31845
2021-04-01T12:00:00+00:00,1617278400,1716.908,1730.018,1715.448,1728.255,0.32211,70039
2021-04-01T16:00:00+00:00,1617292800,1728.165,1730.018,1725.138,1729.015,0.31338,27756
2021-04-01T20:00:00+00:00,1617307200,1728.998,1730.465,1727.96,1728.805,0.37483,2336
2021-04-04T20:00:00+00:00,1617566400,1727.929,1729.768,1725.998,1727.968,0.4369,9016
2021-04-05T00:00:00+00:00,1617580800,1727.965,1729.775,1724.275,1724.838,0.34311,14184
2021-04-05T04:00:00+00:00,1617595200,1724.845,1727.938,1721.148,1726.505,0.33322,17889
2021-04-05T08:00:00+00:00,1617609600,1726.485,1728.378,1723.118,1724.825,0.34784,20134
2021-04-05T12:00:00+00:00,1617624000,1724.835,1733.448,1721.755,1730.328,0.34916,58265
2021-04-05T16:00:00+00:00,1617638400,1730.328,1730.558,1724.908,1728.045,0.32884,32003
2021-04-05T20:00:00+00:00,1617652800,1727.995,1729.528,1727.058,1729.308,0.40315,6457
2021-04-06T00:00:00+00:00,1617667200,1729.168,1735.338,1727.398,1733.348,0.35532,26393
2021-04-06T04:00:00+00:00,1617681600,1733.348,1738.538,1727.658,1733.405,0.34363,32166
2021-04-06T08:00:00+00:00,1617696000,1733.348,1736.858,1729.398,1736.128,0.32664,33832
2021-04-06T12:00:00+00:00,1617710400,1736.278,1745.318,1734.018,1745.065,0.32339,65820
2021-04-06T16:00:00+00:00,1617724800,1745.068,1745.258,1739.915,1742.405,0.31305,28769
2021-04-06T20:00:00+00:00,1617739200,1742.418,1744.198,1742.085,1743.155,0.36345,6601
2021-04-07T00:00:00+00:00,1617753600,1743.155,1743.255,1735.748,1738.145,0.33955,23422
2021-04-07T04:00:00+00:00,1617768000,1738.145,1742.198,1736.175,1740.895,0.33307,25121
2021-04-07T08:00:00+00:00,1617782400,1740.845,1741.078,1733.638,1734.448,0.32637,31297
2021-04-07T12:00:00+00:00,1617796800,1734.558,1743.095,1730.518,1741.268,0.32735,59687
2021-04-07T16:00:00+00:00,1617811200,1741.275,1742.458,1735.485,1737.265,0.32401,31359
2021-04-07T20:00:00+00:00,1617825600,1737.258,1738.228,1735.195,1736.728,0.36967,7440
2021-04-08T00:00:00+00:00,1617840000,1736.728,1739.728,1733.058,1738.538,0.33756,22706
2021-04-08T04:00:00+00:00,1617854400,1738.528,1747.546,1738.528,1745.078,0.31906,31384
2021-04-08T08:00:00+00:00,1617868800,1745.038,1751.158,1741.415,1749.678,0.31853,30830
2021-04-08T12:00:00+00:00,1617883200,1749.678,1758.565,1746.218,1755.598,0.31775,62495
2021-04-08T16:00:00+00:00,1617897600,1755.588,1757.578,1754.065,1755.778,0.30547,24362
2021-04-08T20:00:00+00:00,1617912000,1755.775,1757.598,1753.905,1754.055,0.35813,5868
2021-04-09T00:00:00+00:00,1617926400,1754.115,1757.238,1751.328,1753.058,0.33704,25895
2021-04-09T04:00:00+00:00,1617940800,1753.068,1753.495,1743.955,1747.388,0.32022,30831
2021-04-09T08:00:00+00:00,1617955200,1747.398,1748.838,1743.388,1744.678,0.31121,33773
2021-04-09T12:00:00+00:00,1617969600,1744.758,1746.738,1731.168,1744.608,0.32535,68894
2021-04-09T16:00:00+00:00,1617984000,1744.598,1746.255,1741.305,1742.905,0.31328,28763
2021-04-09T20:00:00+00:00,1617998400,1742.898,1743.978,1742.405,1743.028,0.40463,1466
2021-04-11T20:00:00+00:00,1618171200,1743.378,1744.038,1740.428,1741.678,0.3616,5220
2021-04-12T00:00:00+00:00,1618185600,1741.618,1743.308,1736.658,1738.558,0.33752,28693
2021-04-12T04:00:00+00:00,1618200000,1738.565,1742.028,1735.068,1739.028,0.34196,27847
2021-04-12T08:00:00+00:00,1618214400,1739.008,1744.128,1736.998,1742.295,0.32094,29279
2021-04-12T12:00:00+00:00,1618228800,1742.285,1744.938,1730.418,1732.075,0.31268,61296
2021-04-12T16:00:00+00:00,1618243200,1732.075,1733.848,1727.318,1732.445,0.32628,37251
2021-04-12T20:00:00+00:00,1618257600,1732.425,1733.558,1731.628,1731.868,0.36418,7158
2021-04-13T00:00:00+00:00,1618272000,1731.865,1736.278,1727.955,1731.665,0.33789,29434
2021-04-13T04:00:00+00:00,1618286400,1731.665,1732.105,1723.578,1727.538,0.33702,35585
2021-04-13T08:00:00+00:00,1618300800,1727.538,1730.178,1724.518,1728.978,0.31388,35336
2021-04-13T12:00:00+00:00,1618315200,1728.978,1748.928,1728.468,1743.678,0.31851,75272
2021-04-13T16:00:00+00:00,1618329600,1743.668,1747.528,1741.638,1744.805,0.32279,35136
2021-04-13T20:00:00+00:00,1618344000,1744.785,1746.878,1744.088,1746.545,0.34705,8010
2021-04-14T00:00:00+00:00,1618358400,1746.545,1749.218,1743.458,1743.818,0.31818,25800
2021-04-14T04:00:00+00:00,1618372800,1743.808,1748.788,1740.705,1744.645,0.33509,34436
2021-04-14T08:00:00+00:00,1618387200,1744.625,1748.058,1741.578,1744.658,0.31161,31199
2021-04-14T12:00:00+00:00,1618401600,1744.658,1746.938,1732.505,1736.368,0.32708,67629
2021-04-14T16:00:00+00:00,1618416000,1736.348,1737.808,1733.935,1736.905,0.3229,35711
2021-04-14T20:00:00+00:00,1618430400,1736.865,1736.915,1735.218,1736.538,0.35326,5800
2021-04-15T00:00:00+00:00,1618444800,1736.558,1740.368,1734.248,1738.338,0.33681,31427
2021-04-15T04:00:00+00:00,1618459200,1738.338,1747.778,1737.709,1745.518,0.32659,32887
2021-04-15T08:00:00+00:00,1618473600,1745.508,1749.088,1744.175,1744.578,0.30139,31765
2021-04-15T12:00:00+00:00,1618488000,1744.638,1769.525,1744.638,1766.415,0.31174,82969
2021-04-15T16:00:00+00:00,1618502400,1766.408,1769.178,1763.645,1764.788,0.31228,34135
2021-04-15T20:00:00+00:00,1618516800,1764.758,1764.988,1762.828,1763.845,0.36641,8488
2021-04-16T00:00:00+00:00,1618531200,1763.855,1766.025,1759.618,1763.105,0.32221,28707
2021-04-16T04:00:00+00:00,1618545600,1763.115,1766.128,1761.435,1764.108,0.31918,31723
2021-04-16T08:00:00+00:00,1618560000,1764.035,1779.198,1762.598,1778.548,0.31475,41133
2021-04-16T12:00:00+00:00,1618574400,1778.548,1783.748,1771.878,1778.768,0.33036,76057
2021-04-16T16:00:00+00:00,1618588800,1778.738,1780.215,1774.338,1775.845,0.31661,29667
2021-04-16T20:00:00+00:00,1618603200,1775.835,1776.998,1774.725,1775.748,0.45404,1880
2021-04-18T20:00:00+00:00,1618776000,1776.998,1778.065,1774.638,1776.675,0.39203,6736
2021-04-19T00:00:00+00:00,1618790400,1776.675,1783.455,1773.018,1777.228,0.34575,40880
2021-04-19T04:00:00+00:00,1618804800,1777.178,1787.095,1775.228,1786.905,0.34164,41067
2021-04-19T08:00:00+00:00,1618819200,1786.905,1789.968,1778.555,1782.048,0.32191,48526
2021-04-19T12:00:00+00:00,1618833600,1782.058,1782.198,1766.628,1772.097,0.32846,78409
2021-04-19T16:00:00+00:00,1618848000,1772.047,1772.758,1768.895,1770.805,0.32211,29133
2021-04-19T20:00:00+00:00,1618862400,1770.825,1772.448,1769.788,1772.005,0.37633,6393
2021-04-20T00:00:00+00:00,1618876800,1772.018,1775.578,1765.488,1773.168,0.33882,33091
2021-04-20T04:00:00+00:00,1618891200,1773.198,1774.178,1767.122,1771.775,0.33986,37113
2021-04-20T08:00:00+00:00,1618905600,1771.728,1775.518,1763.505,1773.178,0.33198,47042
2021-04-20T12:00:00+00:00,1618920000,1773.188,1779.898,1765.958,1778.638,0.33502,76339
2021-04-20T16:00:00+00:00,1618934400,1778.638,1780.328,1776.848,1777.298,0.32337,27791
2021-04-20T20:00:00+00:00,1618948800,1777.248,1779.115,1776.168,1776.838,0.36351,6294
2021-04-21T00:00:00+00:00,1618963200,1776.848,1784.608,1776.418,1781.948,0.33368,29731
2021-04-21T04:00:00+00:00,1618977600,1781.945,1788.315,1780.218,1781.885,0.33479,34751
2021-04-21T08:00:00+00:00,1618992000,1781.895,1784.228,1777.638,1782.735,0.32987,34372
2021-04-21T12:00:00+00:00,1619006400,1782.758,1797.528,1781.735,1792.868,0.33138,74523
2021-04-21T16:00:00+00:00,1619020800,1792.865,1795.168,1789.808,1794.428,0.3415,34020
2021-04-21T20:00:00+00:00,1619035200,1794.498,1794.978,1793.018,1793.468,0.38399,5238
2021-04-22T00:00:00+00:00,1619049600,1793.558,1797.748,1792.378,1793.298,0.33856,28413
2021-04-22T04:00:00+00:00,1619064000,1793.348,1794.688,1788.118,1791.22,0.33434,32113
2021-04-22T08:00:00+00:00,1619078400,1791.225,1792.165,1783.615,1786.085,0.34775,35941
2021-04-22T12:00:00+00:00,1619092800,1786.098,1788.198,1779.148,1780.778,0.36979,83501
2021-04-22T16:00:00+00:00,1619107200,1780.738,1783.895,1777.328,1783.525,0.33649,43857
2021-04-22T20:00:00+00:00,1619121600,1783.495,1786.108,1782.907,1783.048,0.37551,6393
2021-04-23T00:00:00+00:00,1619136000,1783.097,1789.595,1782.798,1785.938,0.34832,25718
2021-04-23T04:00:00+00:00,1619150400,1785.978,1786.978,1781.488,1782.905,0.35302,31780
2021-04-23T08:00:00+00:00,1619164800,1782.918,1791.648,1781.795,1790.988,0.34658,31637
2021-04-23T12:00:00+00:00,1619179200,1791.028,1795.858,1769.865,1776.345,0.3583,79873
2021-04-23T16:00:00+00:00,1619193600,1776.345,1779.178,1775.308,1776.305,0.33533,27578
2021-04-23T20:00:00+00:00,1619208000,1776.285,1776.998,1775.755,1776.818,0.42399,1466
2021-04-25T20:00:00+00:00,1619380800,1775.852,1776.258,1773.738,1774.798,0.36046,5356
2021-04-26T00:00:00+00:00,1619395200,1774.808,1782.798,1774.728,1780.978,0.35028,32238
2021-04-26T04:00:00+00:00,1619409600,1780.978,1783.408,1775.0,1778.525,0.33878,33372
2021-04-26T08:00:00+00:00,1619424000,1778.538,1782.088,1774.775,1776.458,0.34396,35410
2021-04-26T12:00:00+00:00,1619438400,1776.428,1780.083,1768.617,1778.795,0.34968,67403
2021-04-26T16:00:00+00:00,1619452800,1778.815,1781.185,1777.718,1780.848,0.33722,23862
2021-04-26T20:00:00+00:00,1619467200,1780.805,1782.398,1779.945,1779.975,0.36669,5703
2021-04-27T00:00:00+00:00,1619481600,1779.975,1783.978,1773.615,1779.728,0.34133,26898
2021-04-27T04:00:00+00:00,1619496000,1779.758,1783.308,1777.715,1778.117,0.3549,29365
2021-04-27T08:00:00+00:00,1619510400,1778.117,1783.058,1775.868,1782.405,0.34004,32224
2021-04-27T12:00:00+00:00,1619524800,1782.478,1785.458,1777.485,1778.005,0.35322,65781
2021-04-27T16:00:00+00:00,1619539200,1778.008,1779.785,1775.335,1776.498,0.35508,33780
2021-04-27T20:00:00+00:00,1619553600,1776.475,1777.048,1775.198,1775.385,0.3816,6275
2021-04-28T00:00:00+00:00,1619568000,1775.375,1775.395,1766.325,1771.758,0.36134,31998
2021-04-28T04:00:00+00:00,1619582400,1771.758,1771.998,1766.138,1769.328,0.3468,29145
2021-04-28T08:00:00+00:00,1619596800,1769.358,1770.478,1763.258,1766.598,0.34719,31959
2021-04-28T12:00:00+00:00,1619611200,1766.568,1775.758,1762.498,1774.358,0.35634,66727
2021-04-28T16:00:00+00:00,1619625600,1774.318,1782.348,1770.268,1781.778,0.34123,52602
2021-04-28T20:00:00+00:00,1619640000,1781.778,1783.925,1780.958,1783.805,0.40684,8753
2021-04-29T00:00:00+00:00,1619654400,1783.765,1789.875,1783.248,1784.468,0.34494,30764
2021-04-29T04:00:00+00:00,1619668800,1784.488,1785.767,1776.955,1781.115,0.34547,32893
2021-04-29T08:00:00+00:00,1619683200,1781.115,1781.328,1772.065,1775.857,0.34056,40959
2021-04-29T12:00:00+00:00,1619697600,1775.898,1781.318,1756.028,1766.905,0.34397,87801
2021-04-29T16:00:00+00:00,1619712000,1766.905,1774.728,1766.435,1774.588,0.32761,30335
2021-04-29T20:00:00+00:00,1619726400,1774.598,1774.798,1770.755,1773.068,0.36823,7128
2021-04-30T00:00:00+00:00,1619740800,1773.068,1773.078,1765.278,1766.208,0.35349,33952
2021-04-30T04:00:00+00:00,1619755200,1766.198,1773.178,1766.008,1768.765,0.34696,33981
2021-04-30T08:00:00+00:00,1619769600,1768.818,1772.378,1766.565,1770.448,0.33795,32613
2021-04-30T12:00:00+00:00,1619784000,1770.458,1772.158,1764.108,1767.075,0.34615,75649
2021-04-30T16:00:00+00:00,1619798400,1767.075,1770.438,1765.575,1768.358,0.33734,36796
2021-04-30T20:00:00+00:00,1619812800,1768.358,1769.068,1766.938,1768.428,0.48144,2033
2021-05-02T20:00:00+00:00,1619985600,1768.87,1769.108,1765.945,1768.985,0.40604,5095
2021-05-03T00:00:00+00:00,1620000000,1768.985,1775.578,1767.235,1774.748,0.36657,20008
2021-05-03T04:00:00+00:00,1620014400,1774.748,1781.375,1772.228,1776.018,0.35946,26380
2021-05-03T08:00:00+00:00,1620028800,1776.008,1782.588,1774.385,1780.875,0.34074,32316
2021-05-03T12:00:00+00:00,1620043200,1780.858,1797.798,1779.175,1792.385,0.33957,71220
2021-05-03T16:00:00+00:00,1620057600,1792.375,1794.308,1790.498,1791.645,0.3353,35602
2021-05-03T20:00:00+00:00,1620072000,1791.645,1793.298,1791.268,1792.468,0.38832,7347
2021-05-04T00:00:00+00:00,1620086400,1792.468,1793.078,1788.715,1789.635,0.34712,17364
2021-05-04T04:00:00+00:00,1620100800,1789.635,1789.708,1783.788,1786.838,0.34424,26286
2021-05-04T08:00:00+00:00,1620115200,1786.848,1790.458,1780.628,1783.465,0.34868,45560
2021-05-04T12:00:00+00:00,1620129600,1783.465,1798.878,1773.678,1775.558,0.35824,94380
2021-05-04T16:00:00+00:00,1620144000,1775.598,1780.008,1770.638,1778.145,0.34478,50194
2021-05-04T20:00:00+00:00,1620158400,1778.145,1779.862,1777.385,1778.588,0.37963,8543
2021-05-05T00:00:00+00:00,1620172800,1778.578,1783.238,1776.658,1782.615,0.34073,18775
2021-05-05T04:00:00+00:00,1620187200,1782.615,1782.845,1775.305,1777.708,0.34555,29653
2021-05-05T08:00:00+00:00,1620201600,1777.688,1780.078,1774.115,1778.248,0.33751,35608
2021-05-05T12:00:00+00:00,1620216000,1778.268,1784.838,1770.228,1784.055,0.32366,79609
2021-05-05T16:00:00+00:00,1620230400,1784.055,1786.108,1781.845,1785.998,0.31893,34672
2021-05-05T20:00:00+00:00,1620244800,1785.918,1787.848,1784.515,1785.178,0.35769,7050
2021-05-06T00:00:00+00:00,1620259200,1785.178,1790.065,1781.878,1789.668,0.3232,38919
2021-05-06T04:00:00+00:00,1620273600,1789.668,1795.488,1787.788,1791.725,0.32408,35149
2021-05-06T08:00:00+00:00,1620288000,1791.745,1795.698,1788.178,1793.658,0.33455,41005
2021-05-06T12:00:00+00:00,1620302400,1793.658,1817.948,1790.715,1814.098,0.35261,78861
2021-05-06T16:00:00+00:00,1620316800,1814.108,1816.445,1812.745,1815.298,0.35186,29363
2021-05-06T20:00:00+00:00,1620331200,1815.298,1815.902,1813.648,1814.638,0.40719,5917
2021-05-07T00:00:00+00:00,1620345600,1814.628,1822.158,1812.748,1820.428,0.34126,33165
2021-05-07T04:00:00+00:00,1620360000,1820.418,1821.495,1817.158,1818.998,0.32514,36397
2021-05-07T08:00:00+00:00,1620374400,1819.008,1823.048,1818.508,1820.005,0.31416,32209
2021-05-07T12:00:00+00:00,1620388800,1819.995,1843.175,1817.195,1835.098,0.35756,113890
2021-05-07T16:00:00+00:00,1620403200,1835.098,1835.198,1828.725,1832.065,0.3175,51923
2021-05-07T20:00:00+00:00,1620417600,1832.045,1832.135,1829.788,1830.618,0.45455,1609
2021-05-09T20:00:00+00:00,1620590400,1833.43,1836.815,1831.818,1836.155,0.40006,7139
2021-05-10T00:00:00+00:00,1620604800,1836.175,1836.225,1830.0,1832.498,0.333,46986
2021-05-10T04:00:00+00:00,1620619200,1832.468,1839.058,1831.788,1834.755,0.32863,42915
2021-05-10T08:00:00+00:00,1620633600,1834.755,1841.958,1834.068,1841.038,0.32217,40993
2021-05-10T12:00:00+00:00,1620648000,1841.038,1845.296,1835.338,1841.615,0.33365,85736
2021-05-10T16:00:00+00:00,1620662400,1841.618,1841.818,1833.828,1837.948,0.31678,44010
2021-05-10T20:00:00+00:00,1620676800,1837.938,1838.598,1834.568,1836.085,0.38989,9087
2021-05-11T00:00:00+00:00,1620691200,1836.015,1838.338,1831.258,1834.668,0.33178,39893
2021-05-11T04:00:00+00:00,1620705600,1834.555,1838.015,1832.615,1835.035,0.32486,36304
2021-05-11T08:00:00+00:00,1620720000,1835.055,1841.718,1834.165,1839.438,0.32263,41780
2021-05-11T12:00:00+00:00,1620734400,1839.418,1841.698,1817.875,1833.318,0.3409,90523
2021-05-11T16:00:00+00:00,1620748800,1833.248,1838.065,1832.728,1837.648,0.332,46454
2021-05-11T20:00:00+00:00,1620763200,1837.568,1838.208,1835.315,1835.448,0.3644,6905
2021-05-12T00:00:00+00:00,1620777600,1835.448,1836.818,1825.915,1826.968,0.32497,35662
2021-05-12T04:00:00+00:00,1620792000,1826.938,1835.648,1826.761,1833.028,0.3274,34603
2021-05-12T08:00:00+00:00,1620806400,1833.028,1835.508,1830.018,1833.698,0.32936,30789
2021-05-12T12:00:00+00:00,1620820800,1833.688,1843.598,1820.786,1824.218,0.34268,109578
2021-05-12T16:00:00+00:00,1620835200,1824.266,1825.018,1819.0,1819.868,0.33362,76258
2021-05-12T20:00:00+00:00,1620849600,1819.818,1820.518,1813.145,1817.518,0.3873,12763
2021-05-13T00:00:00+00:00,1620864000,1817.498,1822.915,1813.155,1817.226,0.33218,51101
2021-05-13T04:00:00+00:00,1620878400,1817.226,1822.225,1813.648,1814.598,0.315,45997
2021-05-13T08:00:00+00:00,1620892800,1814.568,1818.258,1808.656,1814.975,0.32965,57612
2021-05-13T12:00:00+00:00,1620907200,1814.975,1827.008,1813.518,1825.218,0.32874,93803
2021-05-13T16:00:00+00:00,1620921600,1825.208,1828.678,1821.608,1827.238,0.30977,61711
2021-05-13T20:00:00+00:00,1620936000,1827.238,1828.318,1824.946,1824.948,0.36493,9854
2021-05-14T00:00:00+00:00,1620950400,1825.108,1826.428,1819.566,1822.378,0.351,41647
2021-05-14T04:00:00+00:00,1620964800,1822.305,1836.318,1821.955,1833.158,0.34092,46270
2021-05-14T08:00:00+00:00,1620979200,1833.048,1837.308,1831.695,1834.805,0.32758,39797
2021-05-14T12:00:00+00:00,1620993600,1834.878,1841.168,1833.075,1839.578,0.33207,81779
2021-05-14T16:00:00+00:00,1621008000,1839.498,1843.58,1837.626,1843.308,0.3057,33504
2021-05-14T20:00:00+00:00,1621022400,1843.398,1845.85,1841.638,1842.688,0.43017,2114
2021-05-16T20:00:00+00:00,1621195200,1844.528,1848.005,1840.498,1847.005,0.35341,6238
2021-05-17T00:00:00+00:00,1621209600,1847.005,1852.978,1843.458,1851.258,0.32302,38335
2021-05-17T04:00:00+00:00,1621224000,1851.258,1855.308,1851.258,1852.728,0.32372,34211
2021-05-17T08:00:00+00:00,1621238400,1852.708,1853.618,1846.208,1847.178,0.3211,32256
2021-05-17T12:00:00+00:00,1621252800,1847.198,1866.895,1843.928,1866.228,0.33352,82153
2021-05-17T16:00:00+00:00,1621267200,1866.248,1868.388,1864.465,1865.495,0.31874,37639
2021-05-17T20:00:00+00:00,1621281600,1865.495,1868.955,1864.965,1868.875,0.40925,4753
2021-05-18T00:00:00+00:00,1621296000,1868.875,1873.755,1867.205,1868.078,0.36685,27231
2021-05-18T04:00:00+00:00,1621310400,1868.058,1871.485,1866.635,1869.838,0.37449,24439
2021-05-18T08:00:00+00:00,1621324800,1869.828,1870.398,1865.168,1870.055,0.35124,21645
2021-05-18T12:00:00+00:00,1621339200,1870.045,1874.848,1863.105,1864.765,0.35772,68186
2021-05-18T16:00:00+00:00,1621353600,1864.735,1869.958,1863.878,1868.838,0.33151,25055
2021-05-18T20:00:00+00:00,1621368000,1868.838,1870.948,1868.168,1870.025,0.39559,5085
2021-05-19T00:00:00+00:00,1621382400,1870.045,1871.445,1864.398,1868.595,0.3738,26071
2021-05-19T04:00:00+00:00,1621396800,1868.585,1873.895,1865.818,1867.768,0.36349,29229
2021-05-19T08:00:00+00:00,1621411200,1867.778,1869.748,1852.095,1855.775,0.36607,38000
2021-05-19T12:00:00+00:00,1621425600,1855.775,1890.022,1855.135,1885.198,0.38908,84591
2021-05-19T16:00:00+00:00,1621440000,1885.145,1885.235,1861.794,1870.555,0.39195,54529
2021-05-19T20:00:00+00:00,1621454400,1870.545,1871.385,1864.668,1865.805,0.44274,6701
2021-05-20T00:00:00+00:00,1621468800,1865.815,1877.485,1863.735,1875.678,0.40217,31596
2021-05-20T04:00:00+00:00,1621483200,1875.678,1878.964,1870.455,1873.998,0.37906,26699
2021-05-20T08:00:00+00:00,1621497600,1873.998,1876.348,1865.105,1871.108,0.35469,28393
2021-05-20T12:00:00+00:00,1621512000,1871.148,1880.775,1867.398,1879.918,0.36979,60265
2021-05-20T16:00:00+00:00,1621526400,1879.918,1883.758,1873.175,1878.465,0.36121,34146
2021-05-20T20:00:00+00:00,1621540800,1878.475,1878.525,1873.758,1873.908,0.39447,5210
2021-05-21T00:00:00+00:00,1621555200,1873.928,1876.518,1870.245,1874.368,0.36912,24471
2021-05-21T04:00:00+00:00,1621569600,1874.358,1876.958,1872.578,1875.578,0.3595,22727
2021-05-21T08:00:00+00:00,1621584000,1875.618,1880.098,1874.858,1878.555,0.34,22489
2021-05-21T12:00:00+00:00,1621598400,1878.575,1889.228,1870.238,1875.245,0.37103,67651
2021-05-21T16:00:00+00:00,1621612800,1875.245,1881.715,1869.998,1879.498,0.36098,29002
2021-05-21T20:00:00+00:00,1621627200,1879.374,1882.198,1878.908,1880.898,0.47491,1622
2021-05-23T20:00:00+00:00,1621800000,1882.123,1883.744,1879.998,1883.435,0.45047,4324
2021-05-24T00:00:00+00:00,1621814400,1883.395,1886.878,1879.678,1883.405,0.38248,29077
2021-05-24T04:00:00+00:00,1621828800,1883.395,1886.225,1880.828,1881.795,0.35982,21561
2021-05-24T08:00:00+00:00,1621843200,1881.785,1882.795,1875.058,1880.758,0.35635,27694
2021-05-24T12:00:00+00:00,1621857600,1880.748,1886.135,1877.778,1884.448,0.32733,66820
2021-05-24T16:00:00+00:00,1621872000,1884.378,1884.638,1881.664,1883.208,0.30761,27577
2021-05-24T20:00:00+00:00,1621886400,1883.108,1883.558,1877.098,1877.348,0.3626,7370
2021-05-25T00:00:00+00:00,1621900800,1877.358,1879.958,1872.614,1879.148,0.30693,36288
2021-05-25T04:00:00+00:00,1621915200,1879.134,1887.178,1873.208,1882.998,0.3142,36313
2021-05-25T08:00:00+00:00,1621929600,1883.028,1884.755,1879.768,1881.918,0.29989,32954
2021-05-25T12:00:00+00:00,1621944000,1881.978,1895.948,1879.782,1892.158,0.31602,75856
2021-05-25T16:00:00+00:00,1621958400,1892.168,1900.008,1890.768,1899.918,0.30709,36855
2021-05-25T20:00:00+00:00,1621972800,1899.844,1900.118,1897.268,1898.188,0.34303,8060
2021-05-26T00:00:00+00:00,1621987200,1898.155,1907.638,1896.848,1905.248,0.30812,41963
2021-05-26T04:00:00+00:00,1622001600,1905.248,1910.088,1900.408,1909.198,0.30652,36689
2021-05-26T08:00:00+00:00,1622016000,1909.178,1909.888,1903.555,1905.368,0.30878,31088
2021-05-26T12:00:00+00:00,1622030400,1905.378,1912.648,1899.018,1902.468,0.31829,73705
2021-05-26T16:00:00+00:00,1622044800,1902.518,1903.928,1890.588,1896.548,0.33229,51798
2021-05-26T20:00:00+00:00,1622059200,1896.515,1897.618,1895.245,1896.078,0.38334,7131
2021-05-27T00:00:00+00:00,1622073600,1896.025,1897.368,1892.008,1896.458,0.3427,32463
2021-05-27T04:00:00+00:00,1622088000,1896.504,1903.478,1896.474,1899.628,0.32462,32172
2021-05-27T08:00:00+00:00,1622102400,1899.628,1900.348,1891.568,1894.648,0.29321,36869
2021-05-27T12:00:00+00:00,1622116800,1894.628,1898.735,1888.188,1893.208,0.34289,73764
2021-05-27T16:00:00+00:00,1622131200,1893.248,1898.724,1890.128,1897.858,0.35163,26813
2021-05-27T20:00:00+00:00,1622145600,1897.748,1898.398,1895.868,1897.908,0.3844,4660
2021-05-28T00:00:00+00:00,1622160000,1897.948,1898.178,1892.838,1893.625,0.36738,21432
2021-05-28T04:00:00+00:00,1622174400,1893.615,1894.218,1887.815,1890.498,0.34893,27277
2021-05-28T08:00:00+00:00,1622188800,1890.498,1894.658,1890.108,1891.134,0.30871,26729
2021-05-28T12:00:00+00:00,1622203200,1891.124,1900.428,1882.135,1895.588,0.32665,76613
2021-05-28T16:00:00+00:00,1622217600,1895.588,1905.104,1895.588,1903.798,0.32376,38706
2021-05-28T20:00:00+00:00,1622232000,1903.798,1905.798,1902.648,1902.648,0.46624,2125
2021-05-30T20:00:00+00:00,1622404800,1903.338,1904.748,1902.572,1903.748,0.44141,3622
2021-05-31T00:00:00+00:00,1622419200,1903.798,1910.545,1902.568,1908.368,0.35306,29375
2021-05-31T04:00:00+00:00,1622433600,1908.348,1908.435,1903.398,1904.775,0.34697,21568
2021-05-31T08:00:00+00:00,1622448000,1904.755,1906.948,1902.005,1904.605,0.31461,21099
2021-05-31T12:00:00+00:00,1622462400,1904.625,1906.855,1903.545,1905.028,0.31417,24980
2021-05-31T16:00:00+00:00,1622476800,1905.008,1906.665,1904.768,1906.518,0.37332,3452
2021-05-31T20:00:00+00:00,1622491200,1907.388,1908.278,1906.238,1907.998,0.41679,4223
2021-06-01T00:00:00+00:00,1622505600,1907.978,1914.385,1906.058,1911.378,0.34211,26999
2021-06-01T04:00:00+00:00,1622520000,1911.388,1916.485,1909.758,1912.628,0.32895,27525
2021-06-01T08:00:00+00:00,1622534400,1912.688,1912.835,1904.348,1908.958,0.32861,34324
2021-06-01T12:00:00+00:00,1622548800,1908.948,1911.918,1892.265,1899.628,0.33028,71779
2021-06-01T16:00:00+00:00,1622563200,1899.638,1903.825,1898.778,1899.798,0.32653,25486
2021-06-01T20:00:00+00:00,1622577600,1899.808,1900.385,1898.195,1898.795,0.35674,5284
2021-06-02T00:00:00+00:00,1622592000,1898.805,1902.145,1896.035,1897.865,0.32887,25512
2021-06-02T04:00:00+00:00,1622606400,1897.865,1900.678,1895.013,1898.308,0.31905,30585
2021-06-02T08:00:00+00:00,1622620800,1898.305,1901.128,1894.228,1901.038,0.31613,29380
2021-06-02T12:00:00+00:00,1622635200,1901.078,1908.698,1900.448,1905.388,0.31775,55089
2021-06-02T16:00:00+00:00,1622649600,1905.388,1908.968,1905.278,1908.948,0.31382,20821
2021-06-02T20:00:00+00:00,1622664000,1908.878,1909.398,1907.308,1907.688,0.34227,4277
2021-06-03T00:00:00+00:00,1622678400,1907.688,1909.498,1904.025,1904.928,0.31897,20594
2021-06-03T04:00:00+00:00,1622692800,1904.878,1904.928,1890.528,1893.598,0.31845,30121
2021-06-03T08:00:00+00:00,1622707200,1893.575,1898.058,1891.593,1892.465,0.29041,34954
2021-06-03T12:00:00+00:00,1622721600,1892.385,1894.048,1865.185,1869.305,0.30757,90622
2021-06-03T16:00:00+00:00,1622736000,1869.305,1874.008,1868.278,1871.348,0.27172,33955
2021-06-03T20:00:00+00:00,1622750400,1871.395,1872.028,1870.008,1870.868,0.35642,6472
2021-06-04T00:00:00+00:00,1622764800,1870.868,1871.938,1855.315,1869.998,0.33967,39970
2021-06-04T04:00:00+00:00,1622779200,1869.998,1874.988,1865.488,1871.115,0.31635,35509
2021-06-04T08:00:00+00:00,1622793600,1871.085,1872.158,1868.188,1871.098,0.3067,26969
2021-06-04T12:00:00+00:00,1622808000,1871.038,1896.098,1868.668,1892.958,0.31835,80714
2021-06-04T16:00:00+00:00,1622822400,1892.958,1893.148,1888.185,1891.848,0.29953,26870
2021-06-04T20:00:00+00:00,1622836800,1891.848,1891.948,1890.588,1890.708,0.3552,1283
2021-06-06T20:00:00+00:00,1623009600,1891.398,1891.398,1888.574,1889.198,0.34732,4576
2021-06-07T00:00:00+00:00,1623024000,1889.198,1891.768,1884.888,1887.145,0.33029,28627
2021-06-07T04:00:00+00:00,1623038400,1887.208,1887.468,1881.415,1884.435,0.32757,28146
2021-06-07T08:00:00+00:00,1623052800,1884.435,1888.228,1882.038,1887.118,0.30861,28679
2021-06-07T12:00:00+00:00,1623067200,1887.148,1894.658,1884.505,1893.994,0.30766,60029
2021-06-07T16:00:00+00:00,1623081600,1894.025,1900.005,1894.025,1899.765,0.29433,25379
2021-06-07T20:00:00+00:00,1623096000,1899.755,1900.018,1897.968,1898.658,0.33228,5370
2021-06-08T00:00:00+00:00,1623110400,1898.618,1903.238,1895.488,1895.868,0.3101,24448
2021-06-08T04:00:00+00:00,1623124800,1895.858,1898.398,1892.378,1892.568,0.31602,27016
2021-06-08T08:00:00+00:00,1623139200,1892.648,1900.128,1889.557,1899.968,0.30433,35122
2021-06-08T12:00:00+00:00,1623153600,1899.948,1903.688,1883.618,1891.155,0.3099,70206
2021-06-08T16:00:00+00:00,1623168000,1891.145,1893.948,1890.708,1893.488,0.31031,26642
2021-06-08T20:00:00+00:00,1623182400,1893.338,1894.908,1891.468,1893.285,0.34648,5917
2021-06-09T00:00:00+00:00,1623196800,1893.275,1896.238,1891.345,1894.358,0.32322,24325
2021-06-09T04:00:00+00:00,1623211200,1894.358,1895.565,1889.488,1892.098,0.31064,25555
2021-06-09T08:00:00+00:00,1623225600,1892.148,1893.598,1887.238,1891.314,0.30553,31875
2021-06-09T12:00:00+00:00,1623240000,1891.448,1898.918,1887.858,1891.458,0.31402,64667
2021-06-09T16:00:00+00:00,1623254400,1891.458,1893.168,1888.585,1889.798,0.2805,21989
2021-06-09T20:00:00+00:00,1623268800,1889.758,1889.818,1887.668,1888.598,0.32067,4355
2021-06-10T00:00:00+00:00,1623283200,1888.598,1889.238,1884.138,1887.178,0.3146,27087
2021-06-10T04:00:00+00:00,1623297600,1887.144,1888.088,1876.468,1877.408,0.32244,34139
2021-06-10T08:00:00+00:00,1623312000,1877.428,1883.784,1875.965,1876.048,0.30729,31547
2021-06-10T12:00:00+00:00,1623326400,1875.965,1893.988,1869.668,1893.678,0.32148,95324
2021-06-10T16:00:00+00:00,1623340800,1893.621,1899.208,1891.788,1898.088,0.31294,36682
2021-06-10T20:00:00+00:00,1623355200,1898.098,1899.758,1897.258,1898.228,0.34544,7830
2021-06-11T00:00:00+00:00,1623369600,1898.164,1900.818,1897.228,1899.0,0.32861,27570
2021-06-11T04:00:00+00:00,1623384000,1899.0,1902.948,1898.198,1899.268,0.32226,28391
2021-06-11T08:00:00+00:00,1623398400,1899.238,1899.298,1887.208,1889.038,0.32289,40262
2021-06-11T12:00:00+00:00,1623412800,1889.088,1891.668,1875.118,1880.178,0.31399,71655
2021-06-11T16:00:00+00:00,1623427200,1880.178,1880.578,1874.378,1876.438,0.31988,27004
2021-06-11T20:00:00+00:00,1623441600,1876.418,1877.448,1875.458,1877.048,0.4524,2020
2021-06-13T20:00:00+00:00,1623614400,1876.758,1877.888,1873.098,1873.584,0.34175,7164
2021-06-14T00:00:00+00:00,1623628800,1873.584,1873.778,1863.108,1865.398,0.34988,26858
2021-06-14T04:00:00+00:00,1623643200,1865.298,1866.098,1856.788,1858.365,0.32809,35015
2021-06-14T08:00:00+00:00,1623657600,1858.365,1861.408,1852.648,1853.678,0.31395,36238
2021-06-14T12:00:00+00:00,1623672000,1853.738,1869.728,1844.478,1864.088,0.32682,71628
2021-06-14T16:00:00+00:00,1623686400,1864.078,1866.128,1862.788,1866.068,0.31543,24237
2021-06-14T20:00:00+00:00,1623700800,1865.998,1867.608,1865.348,1866.758,0.35774,6629
2021-06-15T00:00:00+00:00,1623715200,1866.738,1867.798,1858.548,1863.508,0.36159,33642
2021-06-15T04:00:00+00:00,1623729600,1863.388,1869.068,1863.298,1865.795,0.36773,24871
2021-06-15T08:00:00+00:00,1623744000,1865.805,1866.355,1862.068,1864.038,0.36924,28483
2021-06-15T12:00:00+00:00,1623758400,1863.998,1867.968,1855.708,1855.758,0.33289,66801
2021-06-15T16:00:00+00:00,1623772800,1855.768,1859.268,1851.478,1859.158,0.3154,35622
2021-06-15T20:00:00+00:00,1623787200,1859.138,1860.678,1857.078,1857.785,0.35688,6800
2021-06-16T00:00:00+00:00,1623801600,1857.848,1858.348,1853.048,1857.775,0.34136,24887
2021-06-16T04:00:00+00:00,1623816000,1857.775,1861.478,1856.798,1860.128,0.35581,23793
2021-06-16T08:00:00+00:00,1623830400,1860.128,1860.588,1852.705,1854.848,0.3131,26335
2021-06-16T12:00:00+00:00,1623844800,1854.848,1861.558,1853.968,1859.775,0.32423,53588
2021-06-16T16:00:00+00:00,1623859200,1859.785,1862.928,1827.068,1828.005,0.35048,81743
2021-06-16T20:00:00+00:00,1623873600,1827.935,1830.648,1803.268,1818.688,0.40283,23831
2021-06-17T00:00:00+00:00,1623888000,1818.688,1825.228,1814.318,1822.238,0.35521,43312
2021-06-17T04:00:00+00:00,1623902400,1822.098,1822.188,1805.188,1810.248,0.33533,46975
2021-06-17T08:00:00+00:00,1623916800,1810.205,1811.558,1785.698,1788.378,0.31762,58002
2021-06-17T12:00:00+00:00,1623931200,1788.348,1790.418,1767.128,1776.098,0.32351,109477
2021-06-17T16:00:00+00:00,1623945600,1776.058,1781.848,1769.465,1772.078,0.32707,61929
2021-06-17T20:00:00+00:00,1623960000,1771.978,1776.858,1769.498,1776.638,0.37722,11200
2021-06-18T00:00:00+00:00,1623974400,1776.728,1786.298,1775.888,1785.718,0.32407,36184
2021-06-18T04:00:00+00:00,1623988800,1785.768,1793.528,1782.027,1793.058,0.32457,41976
2021-06-18T08:00:00+00:00,1624003200,1792.958,1797.062,1790.148,1793.938,0.32861,36930
2021-06-18T12:00:00+00:00,1624017600,1794.068,1794.188,1768.968,1774.078,0.3247,108696
2021-06-18T16:00:00+00:00,1624032000,1774.048,1776.358,1761.508,1761.785,0.3297,52090
2021-06-18T20:00:00+00:00,1624046400,1761.768,1765.568,1760.767,1763.198,0.49802,4419
2021-06-20T20:00:00+00:00,1624219200,1763.938,1770.028,1763.838,1769.298,0.35444,8858
2021-06-21T00:00:00+00:00,1624233600,1769.208,1776.768,1768.428,1774.428,0.3509,51656
2021-06-21T04:00:00+00:00,1624248000,1774.448,1779.988,1766.378,1778.508,0.3495,54824
2021-06-21T08:00:00+00:00,1624262400,1778.528,1785.748,1777.788,1782.578,0.32925,47090
2021-06-21T12:00:00+00:00,1624276800,1782.608,1786.388,1773.408,1783.374,0.32254,90278
2021-06-21T16:00:00+00:00,1624291200,1783.374,1785.007,1781.918,1783.078,0.3232,38450
2021-06-21T20:00:00+00:00,1624305600,1783.038,1787.648,1781.918,1783.498,0.38941,9922
2021-06-22T00:00:00+00:00,1624320000,1783.488,1789.995,1782.768,1788.838,0.35982,30819
2021-06-22T04:00:00+00:00,1624334400,1788.898,1789.078,1776.868,1777.788,0.35377,40201
2021-06-22T08:00:00+00:00,1624348800,1777.818,1787.478,1776.288,1780.488,0.37494,30657
2021-06-22T12:00:00+00:00,1624363200,1780.468,1783.198,1772.228,1776.528,0.362,68022
2021-06-22T16:00:00+00:00,1624377600,1776.508,1783.018,1775.788,1776.248,0.35486,37376
2021-06-22T20:00:00+00:00,1624392000,1776.228,1779.568,1774.988,1777.438,0.42191,7216
2021-06-23T00:00:00+00:00,1624406400,1777.438,1783.778,1777.078,1781.498,0.41659,23477
2021-06-23T04:00:00+00:00,1624420800,1781.578,1783.268,1777.468,1781.708,0.40796,25644
2021-06-23T08:00:00+00:00,1624435200,1781.688,1785.345,1780.845,1782.938,0.37157,27131
2021-06-23T12:00:00+00:00,1624449600,1782.938,1794.838,1780.0,1786.618,0.32501,72944
2021-06-23T16:00:00+00:00,1624464000,1786.628,1787.518,1773.208,1775.175,0.35533,37049
2021-06-23T20:00:00+00:00,1624478400,1775.135,1779.968,1774.128,1777.225,0.389,8501
2021-06-24T00:00:00+00:00,1624492800,1777.175,1779.908,1774.118,1775.798,0.40358,20966
2021-06-24T04:00:00+00:00,1624507200,1775.798,1778.128,1772.778,1777.088,0.39206,22016
2021-06-24T08:00:00+00:00,1624521600,1777.018,1787.628,1776.698,1787.458,0.3721,26140
2021-06-24T12:00:00+00:00,1624536000,1787.402,1787.848,1775.748,1778.268,0.37424,49694
2021-06-24T16:00:00+00:00,1624550400,1778.258,1779.628,1773.698,1773.918,0.34674,31602
2021-06-24T20:00:00+00:00,1624564800,1773.938,1777.045,1773.528,1775.148,0.36916,6709
2021-06-25T00:00:00+00:00,1624579200,1775.148,1779.558,1773.588,1777.638,0.40347,18869
2021-06-25T04:00:00+00:00,1624593600,1777.618,1783.265,1775.638,1782.488,0.38766,22105
2021-06-25T08:00:00+00:00,1624608000,1782.458,1785.268,1781.218,1784.918,0.36689,22170
2021-06-25T12:00:00+00:00,1624622400,1784.938,1790.268,1778.208,1778.968,0.3762,56040
2021-06-25T16:00:00+00:00,1624636800,1778.998,1779.578,1776.188,1779.275,0.37027,23522
2021-06-25T20:00:00+00:00,1624651200,1779.278,1781.448,1779.058,1780.938,0.4503,1536
2021-06-27T20:00:00+00:00,1624824000,1781.227,1782.708,1780.448,1781.838,0.47139,4089
2021-06-28T00:00:00+00:00,1624838400,1781.798,1781.838,1770.518,1779.158,0.41479,30990
2021-06-28T04:00:00+00:00,1624852800,1779.138,1785.718,1778.848,1783.238,0.39484,24175
2021-06-28T08:00:00+00:00,1624867200,1783.218,1783.238,1773.572,1774.538,0.3725,28435
2021-06-28T12:00:00+00:00,1624881600,1774.528,1782.848,1773.255,1780.768,0.38462,50687
2021-06-28T16:00:00+00:00,1624896000,1780.758,1781.058,1777.548,1779.235,0.37739,22006
2021-06-28T20:00:00+00:00,1624910400,1779.235,1779.348,1776.808,1778.018,0.41864,4687
2021-06-29T00:00:00+00:00,1624924800,1777.988,1778.058,1773.968,1775.038,0.4237,20944
2021-06-29T04:00:00+00:00,1624939200,1775.028,1778.818,1772.298,1773.238,0.40685,22642
2021-06-29T08:00:00+00:00,1624953600,1773.238,1773.298,1764.138,1770.418,0.3755,30811
2021-06-29T12:00:00+00:00,1624968000,1770.408,1775.838,1750.488,1762.538,0.3857,66549
2021-06-29T16:00:00+00:00,1624982400,1762.545,1765.828,1760.048,1760.958,0.37689,23087
2021-06-29T20:00:00+00:00,1624996800,1760.958,1762.235,1760.338,1761.358,0.42192,4716
2021-06-30T00:00:00+00:00,1625011200,1761.398,1764.538,1758.908,1761.008,0.38222,19643
2021-06-30T04:00:00+00:00,1625025600,1760.988,1762.418,1755.438,1755.448,0.38528,23688
2021-06-30T08:00:00+00:00,1625040000,1755.338,1761.728,1753.228,1760.558,0.37027,25737
2021-06-30T12:00:00+00:00,1625054400,1760.568,1767.658,1754.808,1765.308,0.37193,56532
2021-06-30T16:00:00+00:00,1625068800,1765.328,1774.278,1765.308,1769.728,0.36289,26991
2021-06-30T20:00:00+00:00,1625083200,1769.688,1770.448,1767.568,1768.138,0.42241,6171
2021-07-01T00:00:00+00:00,1625097600,1768.178,1776.048,1765.528,1775.885,0.40528,21142
2021-07-01T04:00:00+00:00,1625112000,1775.855,1778.878,1773.018,1776.758,0.41125,22983
2021-07-01T08:00:00+00:00,1625126400,1776.798,1779.668,1772.898,1776.708,0.3765,25100
2021-07-01T12:00:00+00:00,1625140800,1776.728,1782.678,1768.218,1770.878,0.36154,59762
2021-07-01T16:00:00+00:00,1625155200,1770.878,1776.678,1768.528,1775.978,0.36253,25032
2021-07-01T20:00:00+00:00,1625169600,1775.928,1776.998,1775.045,1775.428,0.40871,4765
2021-07-02T00:00:00+00:00,1625184000,1775.445,1779.668,1774.868,1778.738,0.40931,18127
2021-07-02T04:00:00+00:00,1625198400,1778.738,1779.648,1774.108,1777.895,0.3864,21047
2021-07-02T08:00:00+00:00,1625212800,1777.865,1788.628,1777.598,1785.778,0.36275,26952
2021-07-02T12:00:00+00:00,1625227200,1785.788,1794.928,1775.882,1782.818,0.39063,70261
2021-07-02T16:00:00+00:00,1625241600,1782.798,1791.648,1781.358,1787.745,0.35436,24626
2021-07-02T20:00:00+00:00,1625256000,1787.745,1788.448,1785.938,1786.978,0.46343,1308
2021-07-04T20:00:00+00:00,1625428800,1786.527,1787.576,1785.368,1786.108,0.51728,3497
2021-07-05T00:00:00+00:00,1625443200,1786.108,1789.748,1784.338,1785.298,0.4306,19500
2021-07-05T04:00:00+00:00,1625457600,1785.318,1792.955,1784.538,1792.498,0.40937,20212
2021-07-05T08:00:00+00:00,1625472000,1792.498,1795.128,1789.118,1789.518,0.36907,18415
2021-07-05T12:00:00+00:00,1625486400,1789.558,1793.078,1789.508,1790.758,0.3686,18923
2021-07-05T16:00:00+00:00,1625500800,1790.775,1791.697,1789.868,1791.552,0.45505,2273
2021-07-05T20:00:00+00:00,1625515200,1791.368,1792.638,1790.547,1791.118,0.4758,3118
2021-07-06T00:00:00+00:00,1625529600,1791.118,1799.678,1790.838,1797.248,0.42794,20818
2021-07-06T04:00:00+00:00,1625544000,1797.418,1809.048,1797.408,1807.338,0.39685,25452
2021-07-06T08:00:00+00:00,1625558400,1807.325,1810.668,1802.202,1809.728,0.37527,24819
2021-07-06T12:00:00+00:00,1625572800,1809.718,1814.918,1795.648,1796.548,0.37526,63150
2021-07-06T16:00:00+00:00,1625587200,1796.505,1797.568,1789.938,1796.478,0.39053,29414
2021-07-06T20:00:00+00:00,1625601600,1796.468,1797.258,1794.978,1795.428,0.42943,5898
2021-07-07T00:00:00+00:00,1625616000,1795.388,1802.798,1793.746,1800.918,0.42024,20783
2021-07-07T04:00:00+00:00,1625630400,1800.878,1806.648,1797.208,1805.348,0.41387,23393
2021-07-07T08:00:00+00:00,1625644800,1805.288,1808.458,1803.168,1806.428,0.35952,22078
2021-07-07T12:00:00+00:00,1625659200,1806.378,1809.648,1796.848,1803.428,0.37807,58870
2021-07-07T16:00:00+00:00,1625673600,1803.418,1808.088,1800.488,1803.408,0.39821,31754
2021-07-07T20:00:00+00:00,1625688000,1803.378,1805.408,1802.308,1803.248,0.40351,5829
2021-07-08T00:00:00+00:00,1625702400,1803.228,1804.848,1796.268,1797.368,0.41022,22781
2021-07-08T04:00:00+00:00,1625716800,1797.338,1810.878,1796.128,1807.198,0.40799,30141
2021-07-08T08:00:00+00:00,1625731200,1807.208,1817.738,1805.158,1813.978,0.38794,40239
2021-07-08T12:00:00+00:00,1625745600,1814.008,1818.288,1794.177,1796.598,0.39675,64504
2021-07-08T16:00:00+00:00,1625760000,1796.608,1802.787,1796.098,1802.188,0.36772,23201
2021-07-08T20:00:00+00:00,1625774400,1802.088,1804.408,1801.708,1803.648,0.3937,5801
2021-07-09T00:00:00+00:00,1625788800,1803.607,1807.648,1799.218,1805.118,0.41306,23385
2021-07-09T04:00:00+00:00,1625803200,1805.118,1805.898,1796.558,1804.458,0.4005,28621
2021-07-09T08:00:00+00:00,1625817600,1804.458,1805.798,1798.158,1800.118,0.39655,27773
2021-07-09T12:00:00+00:00,1625832000,1800.108,1811.528,1798.368,1807.797,0.38977,44078
2021-07-09T16:00:00+00:00,1625846400,1807.797,1812.298,1807.678,1808.008,0.34656,17479
2021-07-09T20:00:00+00:00,1625860800,1808.008,1808.838,1807.045,1807.838,0.39302,1434
2021-07-11T20:00:00+00:00,1626033600,1807.568,1808.405,1806.218,1806.368,0.44899,4239
2021-07-12T00:00:00+00:00,1626048000,1806.358,1810.708,1802.208,1802.898,0.43462,24155
2021-07-12T04:00:00+00:00,1626062400,1802.878,1806.158,1798.808,1803.898,0.40538,23996
2021-07-12T08:00:00+00:00,1626076800,1803.898,1804.915,1798.158,1799.995,0.37316,23508
2021-07-12T12:00:00+00:00,1626091200,1799.995,1807.408,1791.375,1805.065,0.37333,50923
2021-07-12T16:00:00+00:00,1626105600,1805.065,1807.408,1803.918,1806.258,0.36574,21608
2021-07-12T20:00:00+00:00,1626120000,1806.198,1807.438,1804.968,1806.998,0.42909,5078
2021-07-13T00:00:00+00:00,1626134400,1806.968,1812.598,1806.628,1809.308,0.40765,17194
2021-07-13T04:00:00+00:00,1626148800,1809.338,1812.208,1805.948,1809.838,0.3964,19703
2021-07-13T08:00:00+00:00,1626163200,1809.838,1809.908,1805.808,1809.288,0.37076,19020
2021-07-13T12:00:00+00:00,1626177600,1809.288,1817.061,1798.508,1813.158,0.39619,68409
2021-07-13T16:00:00+00:00,1626192000,1813.138,1813.848,1805.125,1808.378,0.36572,36701
2021-07-13T20:00:00+00:00,1626206400,1808.298,1808.688,1805.478,1805.948,0.44579,5016
2021-07-14T00:00:00+00:00,1626220800,1805.948,1813.415,1804.448,1812.498,0.42049,23568
2021-07-14T04:00:00+00:00,1626235200,1812.488,1814.918,1809.688,1812.495,0.39918,21737
2021-07-14T08:00:00+00:00,1626249600,1812.528,1817.668,1811.398,1816.728,0.38873,24626
2021-07-14T12:00:00+00:00,1626264000,1816.798,1829.678,1816.348,1822.478,0.38387,67113
2021-07-14T16:00:00+00:00,1626278400,1822.498,1827.288,1819.978,1827.228,0.37269,27183
2021-07-14T20:00:00+00:00,1626292800,1827.368,1828.478,1825.448,1826.258,0.40447,7097
2021-07-15T00:00:00+00:00,1626307200,1826.258,1829.025,1823.558,1825.478,0.40125,21327
2021-07-15T04:00:00+00:00,1626321600,1825.448,1833.976,1825.278,1830.658,0.39647,23655
2021-07-15T08:00:00+00:00,1626336000,1830.678,1832.918,1822.668,1825.688,0.38021,29146
2021-07-15T12:00:00+00:00,1626350400,1825.678,1828.478,1820.13,1825.328,0.39739,49965
2021-07-15T16:00:00+00:00,1626364800,1825.338,1830.115,1824.618,1828.358,0.36627,25955
2021-07-15T20:00:00+00:00,1626379200,1828.335,1831.948,1828.158,1829.408,0.38099,6203
2021-07-16T00:00:00+00:00,1626393600,1829.388,1831.428,1825.528,1827.318,0.41016,20029
2021-07-16T04:00:00+00:00,1626408000,1827.338,1827.808,1820.818,1822.618,0.39142,21383
2021-07-16T08:00:00+00:00,1626422400,1822.668,1824.578,1815.348,1817.708,0.38296,24869
2021-07-16T12:00:00+00:00,1626436800,1817.678,1826.578,1809.468,1812.658,0.392,62635
2021-07-16T16:00:00+00:00,1626451200,1812.658,1817.048,1808.868,1810.288,0.36147,26938
2021-07-16T20:00:00+00:00,1626465600,1810.348,1811.898,1809.985,1811.548,0.42614,1539
2021-07-18T20:00:00+00:00,1626638400,1810.891,1815.778,1810.238,1815.588,0.4698,5686
2021-07-19T00:00:00+00:00,1626652800,1815.588,1817.178,1811.018,1812.948,0.40664,25451
2021-07-19T04:00:00+00:00,1626667200,1812.968,1815.208,1802.548,1805.838,0.39342,29940
2021-07-19T08:00:00+00:00,1626681600,1805.825,1806.468,1799.158,1800.458,0.37802,35710
2021-07-19T12:00:00+00:00,1626696000,1800.448,1815.448,1794.865,1808.181,0.39583,76362
2021-07-19T16:00:00+00:00,1626710400,1808.181,1812.067,1805.578,1812.018,0.37975,33458
2021-07-19T20:00:00+00:00,1626724800,1812.098,1813.145,1810.658,1811.378,0.41733,6258
2021-07-20T00:00:00+00:00,1626739200,1811.388,1819.038,1811.358,1817.208,0.3953,22754
2021-07-20T04:00:00+00:00,1626753600,1817.238,1818.088,1813.448,1813.818,0.39241,23586
2021-07-20T08:00:00+00:00,1626768000,1813.768,1818.885,1811.498,1817.628,0.37873,29872
2021-07-20T12:00:00+00:00,1626782400,1817.598,1824.898,1804.948,1807.398,0.37262,65260
2021-07-20T16:00:00+00:00,1626796800,1807.478,1811.915,1806.978,1809.898,0.37029,24581
2021-07-20T20:00:00+00:00,1626811200,1809.846,1810.948,1808.888,1809.648,0.41207,5064
2021-07-21T00:00:00+00:00,1626825600,1809.565,1809.748,1805.008,1808.525,0.4018,21028
2021-07-21T04:00:00+00:00,1626840000,1808.478,1813.658,1805.948,1807.228,0.40019,25950
2021-07-21T08:00:00+00:00,1626854400,1807.248,1808.838,1799.828,1800.468,0.38279,31036
2021-07-21T12:00:00+00:00,1626868800,1800.468,1805.636,1794.608,1804.008,0.38672,53790
2021-07-21T16:00:00+00:00,1626883200,1803.938,1805.265,1801.818,1803.428,0.36965,17968
2021-07-21T20:00:00+00:00,1626897600,1803.518,1804.298,1802.025,1802.448,0.43079,4969
2021-07-22T00:00:00+00:00,1626912000,1802.448,1802.958,1797.218,1798.438,0.38199,17439
2021-07-22T04:00:00+00:00,1626926400,1798.428,1803.298,1797.098,1800.455,0.38664,22764
2021-07-22T08:00:00+00:00,1626940800,1800.465,1800.465,1792.648,1796.468,0.39017,32472
2021-07-22T12:00:00+00:00,1626955200,1796.415,1807.898,1793.958,1807.098,0.38531,61342
2021-07-22T16:00:00+00:00,1626969600,1807.138,1807.958,1804.264,1807.038,0.37054,20227
2021-07-22T20:00:00+00:00,1626984000,1807.078,1808.368,1806.038,1807.038,0.38569,4867
2021-07-23T00:00:00+00:00,1626998400,1807.038,1808.448,1802.158,1803.008,0.38706,17489
2021-07-23T04:00:00+00:00,1627012800,1802.988,1810.218,1801.218,1809.108,0.40083,22526
2021-07-23T08:00:00+00:00,1627027200,1809.111,1809.568,1789.407,1795.608,0.37396,30609
2021-07-23T12:00:00+00:00,1627041600,1795.578,1804.848,1792.788,1802.558,0.37194,45757
2021-07-23T16:00:00+00:00,1627056000,1802.558,1804.548,1800.688,1801.288,0.3462,20118
2021-07-23T20:00:00+00:00,1627070400,1801.218,1802.548,1801.077,1801.698,0.38585,880
2021-07-25T20:00:00+00:00,1627243200,1801.992,1802.608,1799.898,1800.198,0.43526,3959
2021-07-26T00:00:00+00:00,1627257600,1800.198,1807.188,1798.278,1806.578,0.41515,25543
2021-07-26T04:00:00+00:00,1627272000,1806.558,1811.398,1804.408,1807.788,0.41939,30301
2021-07-26T08:00:00+00:00,1627286400,1807.748,1809.808,1806.218,1807.758,0.38477,27707
2021-07-26T12:00:00+00:00,1627300800,1807.808,1808.188,1796.598,1799.468,0.38398,53419
2021-07-26T16:00:00+00:00,1627315200,1799.528,1800.628,1796.295,1797.358,0.35379,20390
2021-07-26T20:00:00+00:00,1627329600,1797.378,1798.485,1796.438,1797.618,0.37819,4888
2021-07-27T00:00:00+00:00,1627344000,1797.588,1799.768,1794.565,1799.198,0.39861,18128
2021-07-27T04:00:00+00:00,1627358400,1799.208,1801.058,1793.488,1798.698,0.3805,26059
2021-07-27T08:00:00+00:00,1627372800,1798.698,1799.458,1794.778,1798.538,0.36218,23068
2021-07-27T12:00:00+00:00,1627387200,1798.508,1805.118,1794.538,1798.508,0.36386,54609
2021-07-27T16:00:00+00:00,1627401600,1798.518,1802.127,1797.628,1800.195,0.34884,23337
2021-07-27T20:00:00+00:00,1627416000,1800.175,1800.678,1798.208,1799.808,0.40182,6161
2021-07-28T00:00:00+00:00,1627430400,1799.818,1807.308,1797.898,1806.158,0.40347,23430
2021-07-28T04:00:00+00:00,1627444800,1806.138,1806.925,1801.698,1801.868,0.37921,20356
2021-07-28T08:00:00+00:00,1627459200,1801.868,1802.408,1795.258,1796.488,0.36428,25931
2021-07-28T12:00:00+00:00,1627473600,1796.458,1802.148,1794.368,1800.888,0.36219,41689
2021-07-28T16:00:00+00:00,1627488000,1800.878,1809.718,1792.418,1808.748,0.41155,45547
2021-07-28T20:00:00+00:00,1627502400,1808.798,1810.205,1806.238,1809.238,0.40254,6462
2021-07-29T00:00:00+00:00,1627516800,1809.188,1817.408,1808.498,1814.908,0.38029,23726
2021-07-29T04:00:00+00:00,1627531200,1814.908,1819.728,1814.388,1816.008,0.37228,22545
2021-07-29T08:00:00+00:00,1627545600,1816.011,1828.038,1815.018,1824.928,0.34489,27418
2021-07-29T12:00:00+00:00,1627560000,1824.988,1831.998,1823.198,1830.978,0.36002,45990
2021-07-29T16:00:00+00:00,1627574400,1830.988,1832.59,1828.12,1828.748,0.32152,18795
2021-07-29T20:00:00+00:00,1627588800,1828.748,1831.058,1827.168,1830.138,0.36883,5021
2021-07-30T00:00:00+00:00,1627603200,1830.138,1830.345,1826.628,1828.465,0.37413,22173
2021-07-30T04:00:00+00:00,1627617600,1828.448,1831.248,1825.748,1829.148,0.37209,19571
2021-07-30T08:00:00+00:00,1627632000,1829.128,1829.848,1826.508,1827.508,0.36974,17796
2021-07-30T12:00:00+00:00,1627646400,1827.498,1829.776,1820.748,1822.528,0.3625,43480
2021-07-30T16:00:00+00:00,1627660800,1822.538,1822.608,1810.138,1814.388,0.33832,24907
2021-07-30T20:00:00+00:00,1627675200,1814.318,1814.548,1813.078,1813.398,0.42328,1395
2021-08-01T20:00:00+00:00,1627848000,1813.321,1815.078,1811.978,1813.815,0.4029,4103
2021-08-02T00:00:00+00:00,1627862400,1813.815,1816.758,1808.348,1811.977,0.39783,27434
2021-08-02T04:00:00+00:00,1627876800,1811.976,1813.248,1806.598,1807.958,0.38678,25544
2021-08-02T08:00:00+00:00,1627891200,1807.958,1811.588,1806.258,1811.278,0.36378,20802
2021-08-02T12:00:00+00:00,1627905600,1811.278,1816.318,1805.638,1814.458,0.36973,50988
2021-08-02T16:00:00+00:00,1627920000,1814.478,1819.418,1812.565,1813.068,0.33633,26069
2021-08-02T20:00:00+00:00,1627934400,1813.008,1814.148,1812.198,1812.395,0.40952,4074
2021-08-03T00:00:00+00:00,1627948800,1812.525,1813.855,1809.308,1810.725,0.39742,17393
2021-08-03T04:00:00+00:00,1627963200,1810.705,1812.398,1808.158,1809.615,0.3846,20527
2021-08-03T08:00:00+00:00,1627977600,1809.595,1812.018,1808.348,1810.018,0.36574,17374
2021-08-03T12:00:00+00:00,1627992000,1809.998,1814.908,1807.018,1809.178,0.3688,43031
2021-08-03T16:00:00+00:00,1628006400,1809.208,1811.528,1808.638,1811.248,0.35784,12272
2021-08-03T20:00:00+00:00,1628020800,1811.098,1811.158,1809.846,1811.058,0.3912,2661
2021-08-04T00:00:00+00:00,1628035200,1811.028,1814.698,1808.845,1813.017,0.39869,14879
2021-08-04T04:00:00+00:00,1628049600,1813.008,1815.021,1811.858,1814.408,0.39026,15169
2021-08-04T08:00:00+00:00,1628064000,1814.408,1819.128,1810.678,1817.688,0.35423,18368
2021-08-04T12:00:00+00:00,1628078400,1817.698,1831.605,1806.325,1811.068,0.366,69420
2021-08-04T16:00:00+00:00,1628092800,1811.088,1812.966,1810.018,1811.718,0.35755,17074
2021-08-04T20:00:00+00:00,1628107200,1811.798,1812.378,1810.838,1811.518,0.38433,4330
2021-08-05T00:00:00+00:00,1628121600,1811.518,1811.838,1808.908,1810.948,0.39557,16524
2021-08-05T04:00:00+00:00,1628136000,1810.908,1814.508,1808.298,1813.608,0.37117,17604
2021-08-05T08:00:00+00:00,1628150400,1813.578,1814.748,1808.478,1813.028,0.36744,25303
2021-08-05T12:00:00+00:00,1628164800,1812.948,1813.668,1797.708,1804.098,0.37342,52471
2021-08-05T16:00:00+00:00,1628179200,1804.078,1808.175,1803.278,1804.318,0.35308,17358
2021-08-05T20:00:00+00:00,1628193600,1804.358,1804.758,1803.325,1803.405,0.38042,3266
2021-08-06T00:00:00+00:00,1628208000,1803.398,1803.615,1799.208,1800.978,0.38498,15923
2021-08-06T04:00:00+00:00,1628222400,1800.897,1801.998,1796.998,1799.928,0.37454,18605
2021-08-06T08:00:00+00:00,1628236800,1799.928,1800.608,1794.575,1799.538,0.35996,20901
2021-08-06T12:00:00+00:00,1628251200,1799.538,1801.298,1758.588,1761.908,0.36516,79940
2021-08-06T16:00:00+00:00,1628265600,1761.908,1765.638,1758.578,1760.088,0.32585,24628
2021-08-06T20:00:00+00:00,1628280000,1759.995,1763.898,1759.948,1762.568,0.37417,2519
2021-08-08T20:00:00+00:00,1628452800,1762.888,1764.448,1670.488,1718.975,1.37269,20256
2021-08-09T00:00:00+00:00,1628467200,1718.975,1741.733,1706.485,1737.955,0.50735,39116
2021-08-09T04:00:00+00:00,1628481600,1737.978,1752.498,1737.298,1749.098,0.40969,29991
2021-08-09T08:00:00+00:00,1628496000,1749.068,1749.575,1738.788,1744.018,0.38714,33564
2021-08-09T12:00:00+00:00,1628510400,1744.038,1748.308,1726.098,1728.365,0.38449,64694
2021-08-09T16:00:00+00:00,1628524800,1728.365,1731.588,1723.658,1728.738,0.361,28296
2021-08-09T20:00:00+00:00,1628539200,1728.5,1733.048,1728.438,1731.395,0.40565,6484
2021-08-10T00:00:00+00:00,1628553600,1731.395,1737.405,1730.098,1737.225,0.38809,20809
2021-08-10T04:00:00+00:00,1628568000,1737.215,1738.158,1732.608,1735.698,0.36367,24382
2021-08-10T08:00:00+00:00,1628582400,1735.758,1735.778,1727.368,1732.328,0.37441,25219
2021-08-10T12:00:00+00:00,1628596800,1732.298,1733.638,1717.598,1731.378,0.36916,53409
2021-08-10T16:00:00+00:00,1628611200,1731.368,1732.308,1728.308,1729.158,0.33881,21280
2021-08-10T20:00:00+00:00,1628625600,1729.118,1729.618,1726.715,1726.818,0.39033,4463
2021-08-11T00:00:00+00:00,1628640000,1726.808,1735.058,1723.988,1733.738,0.37787,20378
2021-08-11T04:00:00+00:00,1628654400,1733.788,1734.538,1728.908,1732.568,0.3664,23038
2021-08-11T08:00:00+00:00,1628668800,1732.478,1738.358,1730.848,1737.498,0.36822,19445
2021-08-11T12:00:00+00:00,1628683200,1737.488,1751.978,1734.728,1751.508,0.37822,63127
2021-08-11T16:00:00+00:00,1628697600,1751.508,1754.288,1747.548,1752.738,0.36465,26558
2021-08-11T20:00:00+00:00,1628712000,1752.698,1752.909,1750.328,1752.235,0.40239,4276
2021-08-12T00:00:00+00:00,1628726400,1752.235,1753.468,1748.798,1750.528,0.37846,16232
2021-08-12T04:00:00+00:00,1628740800,1750.538,1758.038,1750.408,1756.638,0.37169,21633
2021-08-12T08:00:00+00:00,1628755200,1756.658,1757.508,1749.288,1749.378,0.36684,24815
2021-08-12T12:00:00+00:00,1628769600,1749.348,1752.208,1741.478,1751.578,0.37293,55205
2021-08-12T16:00:00+00:00,1628784000,1751.568,1753.858,1749.528,1753.348,0.3603,20767
2021-08-12T20:00:00+00:00,1628798400,1753.269,1754.048,1751.918,1753.328,0.36034,3713
2021-08-13T00:00:00+00:00,1628812800,1753.328,1756.705,1751.568,1755.078,0.37278,13994
2021-08-13T04:00:00+00:00,1628827200,1755.108,1760.188,1754.368,1757.518,0.37876,18771
2021-08-13T08:00:00+00:00,1628841600,1757.434,1761.595,1755.608,1759.178,0.36622,21871
2021-08-13T12:00:00+00:00,1628856000,1759.208,1777.898,1756.818,1776.568,0.36066,52894
2021-08-13T16:00:00+00:00,1628870400,1776.548,1779.158,1775.768,1778.678,0.34561,17760
2021-08-13T20:00:00+00:00,1628884800,1778.648,1779.848,1777.798,1779.218,0.44328,1572
2021-08-15T20:00:00+00:00,1629057600,1778.127,1779.998,1777.877,1778.778,0.38245,5107
2021-08-16T00:00:00+00:00,1629072000,1778.778,1782.448,1776.608,1776.708,0.36407,21671
2021-08-16T04:00:00+00:00,1629086400,1776.718,1777.508,1771.788,1774.508,0.36984,23267
2021-08-16T08:00:00+00:00,1629100800,1774.538,1776.648,1770.699,1772.068,0.36911,29188
2021-08-16T12:00:00+00:00,1629115200,1772.208,1789.198,1771.878,1785.998,0.36263,60014
2021-08-16T16:00:00+00:00,1629129600,1785.988,1788.378,1785.368,1787.318,0.35151,18166
2021-08-16T20:00:00+00:00,1629144000,1787.258,1788.378,1786.415,1787.408,0.38412,4590
2021-08-17T00:00:00+00:00,1629158400,1787.358,1788.585,1784.308,1785.828,0.36592,18329
2021-08-17T04:00:00+00:00,1629172800,1785.858,1795.278,1785.338,1792.758,0.36947,24235
2021-08-17T08:00:00+00:00,1629187200,1792.758,1795.437,1790.898,1791.368,0.36683,28626
2021-08-17T12:00:00+00:00,1629201600,1791.368,1794.566,1780.448,1782.608,0.36483,67956
2021-08-17T16:00:00+00:00,1629216000,1782.608,1786.148,1782.008,1785.037,0.34952,25540
2021-08-17T20:00:00+00:00,1629230400,1785.027,1786.798,1784.667,1786.048,0.37163,5281
2021-08-18T00:00:00+00:00,1629244800,1786.048,1792.195,1784.978,1790.178,0.37035,17648
2021-08-18T04:00:00+00:00,1629259200,1790.178,1793.638,1787.818,1790.118,0.36144,17249
2021-08-18T08:00:00+00:00,1629273600,1790.138,1790.288,1782.828,1786.938,0.36028,23605
2021-08-18T12:00:00+00:00,1629288000,1786.958,1791.108,1777.208,1783.758,0.33921,57539
2021-08-18T16:00:00+00:00,1629302400,1783.878,1790.298,1780.378,1786.448,0.37392,30242
2021-08-18T20:00:00+00:00,1629316800,1786.348,1788.848,1785.288,1787.388,0.37669,6300
2021-08-19T00:00:00+00:00,1629331200,1787.398,1787.458,1774.358,1779.898,0.35213,23389
2021-08-19T04:00:00+00:00,1629345600,1779.878,1782.678,1775.558,1781.348,0.35044,29760
2021-08-19T08:00:00+00:00,1629360000,1781.348,1790.028,1777.688,1786.798,0.35099,35257
2021-08-19T12:00:00+00:00,1629374400,1786.828,1792.368,1777.048,1782.968,0.37237,55577
2021-08-19T16:00:00+00:00,1629388800,1782.968,1783.058,1776.288,1780.918,0.36161,21624
2021-08-19T20:00:00+00:00,1629403200,1780.918,1781.738,1778.628,1778.928,0.38716,5454
2021-08-20T00:00:00+00:00,1629417600,1778.938,1785.538,1778.848,1785.148,0.37696,18252
2021-08-20T04:00:00+00:00,1629432000,1785.148,1788.281,1783.858,1785.281,0.36855,24280
2021-08-20T08:00:00+00:00,1629446400,1785.301,1786.995,1779.718,1784.618,0.34952,26423
2021-08-20T12:00:00+00:00,1629460800,1784.557,1786.575,1778.268,1784.839,0.34568,61114
2021-08-20T16:00:00+00:00,1629475200,1784.839,1786.605,1781.738,1782.378,0.32586,21824
2021-08-20T20:00:00+00:00,1629489600,1782.368,1782.478,1779.658,1780.458,0.41677,1489
2021-08-22T20:00:00+00:00,1629662400,1779.598,1782.228,1777.258,1778.538,0.44145,5593
2021-08-23T00:00:00+00:00,1629676800,1778.568,1788.555,1776.388,1786.858,0.39342,27260
2021-08-23T04:00:00+00:00,1629691200,1786.838,1788.288,1784.198,1785.228,0.37582,21943
2021-08-23T08:00:00+00:00,1629705600,1785.234,1793.063,1784.658,1790.818,0.33092,37456
2021-08-23T12:00:00+00:00,1629720000,1790.818,1806.378,1789.808,1804.495,0.34041,67512
2021-08-23T16:00:00+00:00,1629734400,1804.505,1805.475,1802.438,1803.638,0.33447,18287
2021-08-23T20:00:00+00:00,1629748800,1803.648,1805.848,1803.378,1804.728,0.37195,4455
2021-08-24T00:00:00+00:00,1629763200,1804.668,1804.898,1800.688,1801.168,0.36398,15097
2021-08-24T04:00:00+00:00,1629777600,1801.128,1804.978,1800.648,1801.898,0.36431,20899
2021-08-24T08:00:00+00:00,1629792000,1801.909,1805.597,1800.648,1804.162,0.32736,27044
2021-08-24T12:00:00+00:00,1629806400,1804.162,1809.465,1801.428,1806.548,0.35689,60310
2021-08-24T16:00:00+00:00,1629820800,1806.548,1807.264,1803.055,1803.078,0.32424,18658
2021-08-24T20:00:00+00:00,1629835200,1803.078,1803.838,1801.085,1801.708,0.37208,3654
2021-08-25T00:00:00+00:00,1629849600,1801.668,1802.558,1793.438,1794.768,0.37306,22156
2021-08-25T04:00:00+00:00,1629864000,1794.748,1797.448,1791.698,1794.369,0.34705,20683
2021-08-25T08:00:00+00:00,1629878400,1794.369,1796.224,1790.208,1794.144,0.32966,32046
2021-08-25T12:00:00+00:00,1629892800,1794.164,1797.668,1782.448,1789.045,0.34327,69958
2021-08-25T16:00:00+00:00,1629907200,1789.055,1792.898,1788.168,1790.738,0.33372,19468
2021-08-25T20:00:00+00:00,1629921600,1790.768,1791.555,1789.698,1791.555,0.37114,3423
2021-08-26T00:00:00+00:00,1629936000,1791.535,1791.915,1787.185,1787.758,0.36561,13992
2021-08-26T04:00:00+00:00,1629950400,1787.798,1788.189,1783.558,1786.965,0.35,20514
2021-08-26T08:00:00+00:00,1629964800,1787.005,1790.139,1783.248,1788.378,0.32914,26884
2021-08-26T12:00:00+00:00,1629979200,1788.378,1798.095,1779.928,1793.008,0.35633,79623
2021-08-26T16:00:00+00:00,1629993600,1793.018,1794.098,1790.135,1792.608,0.34913,25859
2021-08-26T20:00:00+00:00,1630008000,1792.598,1793.628,1791.116,1793.418,0.41761,3807
2021-08-27T00:00:00+00:00,1630022400,1793.408,1799.148,1792.798,1798.058,0.35811,18703
2021-08-27T04:00:00+00:00,1630036800,1798.038,1805.005,1797.588,1801.458,0.34642,23281
2021-08-27T08:00:00+00:00,1630051200,1801.428,1801.608,1792.378,1796.578,0.30541,24252
2021-08-27T12:00:00+00:00,1630065600,1796.555,1813.275,1783.798,1812.835,0.35705,84896
2021-08-27T16:00:00+00:00,1630080000,1812.855,1819.225,1812.625,1818.935,0.35718,31163
2021-08-27T20:00:00+00:00,1630094400,1818.935,1819.015,1816.158,1816.158,0.43593,1981
2021-08-29T20:00:00+00:00,1630267200,1818.332,1819.028,1817.148,1818.368,0.40616,4879
2021-08-30T00:00:00+00:00,1630281600,1818.388,1823.079,1813.258,1814.958,0.38635,24326
2021-08-30T04:00:00+00:00,1630296000,1814.958,1818.098,1812.648,1814.948,0.36795,18232
2021-08-30T08:00:00+00:00,1630310400,1814.814,1817.738,1813.625,1817.078,0.35988,15454
2021-08-30T12:00:00+00:00,1630324800,1817.068,1817.688,1809.018,1810.098,0.365,40210
2021-08-30T16:00:00+00:00,1630339200,1810.098,1811.178,1807.618,1810.455,0.33252,15143
2021-08-30T20:00:00+00:00,1630353600,1810.398,1811.118,1809.288,1810.348,0.39857,3105
2021-08-31T00:00:00+00:00,1630368000,1810.348,1815.768,1809.628,1815.768,0.36058,15091
2021-08-31T04:00:00+00:00,1630382400,1815.738,1819.075,1814.314,1815.338,0.33009,19267
2021-08-31T08:00:00+00:00,1630396800,1815.325,1816.948,1811.895,1812.618,0.29031,30451
2021-08-31T12:00:00+00:00,1630411200,1812.608,1815.748,1801.598,1807.738,0.30145,79892
2021-08-31T16:00:00+00:00,1630425600,1807.828,1816.398,1807.418,1814.688,0.34053,23398
2021-08-31T20:00:00+00:00,1630440000,1814.618,1815.428,1812.968,1814.448,0.38526,4576
2021-09-01T00:00:00+00:00,1630454400,1814.408,1815.418,1810.248,1815.178,0.36158,17655
2021-09-01T04:00:00+00:00,1630468800,1815.108,1816.918,1811.015,1811.325,0.35035,22320
2021-09-01T08:00:00+00:00,1630483200,1811.325,1814.445,1809.198,1812.895,0.31015,24884
2021-09-01T12:00:00+00:00,1630497600,1812.905,1819.905,1808.575,1815.354,0.30293,68821
2021-09-01T16:00:00+00:00,1630512000,1815.354,1816.428,1811.885,1814.658,0.34153,15799
2021-09-01T20:00:00+00:00,1630526400,1814.618,1814.618,1812.768,1813.058,0.38362,3422
2021-09-02T00:00:00+00:00,1630540800,1813.048,1815.918,1811.038,1811.078,0.37693,15989
2021-09-02T04:00:00+00:00,1630555200,1811.048,1815.218,1810.528,1814.635,0.32948,16215
2021-09-02T08:00:00+00:00,1630569600,1814.634,1817.004,1813.045,1815.404,0.28755,23763
2021-09-02T12:00:00+00:00,1630584000,1815.365,1816.245,1804.885,1808.888,0.30196,55999
2021-09-02T16:00:00+00:00,1630598400,1808.888,1810.995,1806.868,1809.668,0.34129,16830
2021-09-02T20:00:00+00:00,1630612800,1809.678,1810.155,1808.769,1809.418,0.38398,3380
2021-09-03T00:00:00+00:00,1630627200,1809.428,1814.708,1808.848,1812.448,0.36198,21330
2021-09-03T04:00:00+00:00,1630641600,1812.428,1814.334,1810.538,1811.147,0.33773,22179
2021-09-03T08:00:00+00:00,1630656000,1811.147,1815.354,1811.027,1814.628,0.3139,22440
2021-09-03T12:00:00+00:00,1630670400,1814.605,1833.908,1813.047,1829.288,0.33642,90969
2021-09-03T16:00:00+00:00,1630684800,1829.288,1832.725,1828.014,1828.458,0.32575,21583
2021-09-03T20:00:00+00:00,1630699200,1828.438,1828.808,1827.128,1827.288,0.40079,1606
2021-09-05T20:00:00+00:00,1630872000,1829.972,1830.098,1827.358,1827.488,0.40078,4440
2021-09-06T00:00:00+00:00,1630886400,1827.458,1828.378,1825.048,1825.838,0.37336,17628
2021-09-06T04:00:00+00:00,1630900800,1825.828,1828.178,1825.388,1825.907,0.35037,15206
2021-09-06T08:00:00+00:00,1630915200,1825.927,1826.887,1822.718,1823.738,0.32093,19762
2021-09-06T12:00:00+00:00,1630929600,1823.744,1824.117,1821.335,1821.844,0.32452,21842
2021-09-06T16:00:00+00:00,1630944000,1821.838,1823.404,1821.778,1823.005,0.40176,2052
2021-09-06T20:00:00+00:00,1630958400,1822.628,1824.028,1821.808,1823.448,0.38369,2486
2021-09-07T00:00:00+00:00,1630972800,1823.428,1827.128,1822.568,1823.085,0.37027,16040
2021-09-07T04:00:00+00:00,1630987200,1823.085,1823.268,1815.518,1817.578,0.33992,25945
2021-09-07T08:00:00+00:00,1631001600,1817.578,1817.608,1808.228,1810.905,0.29998,38330
2021-09-07T12:00:00+00:00,1631016000,1810.905,1814.968,1792.298,1797.188,0.32824,73133
2021-09-07T16:00:00+00:00,1631030400,1797.198,1798.751,1792.982,1793.498,0.34341,24404
2021-09-07T20:00:00+00:00,1631044800,1793.478,1795.728,1793.228,1795.608,0.3701,5296
2021-09-08T00:00:00+00:00,1631059200,1795.588,1800.948,1795.268,1797.988,0.34512,27252
2021-09-08T04:00:00+00:00,1631073600,1798.008,1801.177,1794.145,1798.857,0.33221,34253
2021-09-08T08:00:00+00:00,1631088000,1798.885,1799.848,1796.298,1796.864,0.32833,40323
2021-09-08T12:00:00+00:00,1631102400,1796.864,1802.074,1782.254,1791.877,0.3304,92507
2021-09-08T16:00:00+00:00,1631116800,1791.867,1793.364,1788.428,1788.678,0.32722,46153
2021-09-08T20:00:00+00:00,1631131200,1788.628,1790.748,1788.478,1790.648,0.36936,6186
2021-09-09T00:00:00+00:00,1631145600,1790.658,1790.658,1786.968,1788.188,0.34665,18110
2021-09-09T04:00:00+00:00,1631160000,1788.188,1792.798,1786.518,1792.228,0.33914,23128
2021-09-09T08:00:00+00:00,1631174400,1792.238,1800.877,1792.027,1798.897,0.32878,34081
2021-09-09T12:00:00+00:00,1631188800,1798.907,1799.927,1783.717,1792.174,0.32962,76732
2021-09-09T16:00:00+00:00,1631203200,1792.194,1799.064,1790.788,1795.964,0.32639,30181
2021-09-09T20:00:00+00:00,1631217600,1796.048,1796.364,1792.518,1794.664,0.36412,6740
2021-09-10T00:00:00+00:00,1631232000,1794.664,1799.838,1792.562,1798.058,0.34027,24732
2021-09-10T04:00:00+00:00,1631246400,1798.075,1803.754,1796.068,1801.564,0.31504,25232
2021-09-10T08:00:00+00:00,1631260800,1801.564,1803.244,1792.868,1797.564,0.32015,30766
2021-09-10T12:00:00+00:00,1631275200,1797.378,1800.347,1789.604,1792.667,0.33311,67574
2021-09-10T16:00:00+00:00,1631289600,1792.667,1793.618,1787.094,1787.744,0.31671,27082
2021-09-10T20:00:00+00:00,1631304000,1787.744,1788.612,1786.978,1787.048,0.40746,1676
2021-09-12T20:00:00+00:00,1631476800,1788.354,1789.358,1786.918,1787.278,0.37428,4961
2021-09-13T00:00:00+00:00,1631491200,1787.268,1792.488,1783.568,1792.234,0.3382,29389
2021-09-13T04:00:00+00:00,1631505600,1792.234,1793.548,1786.848,1789.838,0.32437,31471
2021-09-13T08:00:00+00:00,1631520000,1789.784,1791.238,1787.618,1789.767,0.30633,29183
2021-09-13T12:00:00+00:00,1631534400,1789.767,1798.264,1785.144,1795.174,0.31683,75880
2021-09-13T16:00:00+00:00,1631548800,1795.354,1795.578,1790.934,1793.148,0.31292,28024
2021-09-13T20:00:00+00:00,1631563200,1793.148,1793.548,1792.454,1792.938,0.36699,4561
2021-09-14T00:00:00+00:00,1631577600,1792.934,1793.164,1789.645,1790.985,0.32255,20836
2021-09-14T04:00:00+00:00,1631592000,1790.985,1794.768,1790.054,1790.508,0.31157,28796
2021-09-14T08:00:00+00:00,1631606400,1790.508,1790.668,1782.018,1784.264,0.32184,36407
2021-09-14T12:00:00+00:00,1631620800,1784.264,1808.558,1780.285,1805.668,0.32869,87360
2021-09-14T16:00:00+00:00,1631635200,1805.668,1806.638,1802.914,1805.104,0.28962,26283
2021-09-14T20:00:00+00:00,1631649600,1805.094,1805.294,1803.445,1803.618,0.30175,6128
2021-09-15T00:00:00+00:00,1631664000,1803.618,1804.528,1801.298,1803.404,0.30741,22425
2021-09-15T04:00:00+00:00,1631678400,1803.385,1804.248,1799.534,1801.855,0.30847,30561
2021-09-15T08:00:00+00:00,1631692800,1801.875,1803.328,1798.854,1802.018,0.3096,32612
2021-09-15T12:00:00+00:00,1631707200,1802.018,1806.798,1791.228,1793.818,0.2931,78814
2021-09-15T16:00:00+00:00,1631721600,1793.824,1794.228,1790.658,1794.158,0.30287,21115
2021-09-15T20:00:00+00:00,1631736000,1794.218,1795.638,1792.994,1794.968,0.35586,7114
2021-09-16T00:00:00+00:00,1631750400,1794.968,1796.074,1790.884,1791.278,0.33509,21157
2021-09-16T04:00:00+00:00,1631764800,1791.238,1792.098,1782.694,1785.838,0.31562,33326
2021-09-16T08:00:00+00:00,1631779200,1785.838,1786.457,1771.067,1771.227,0.29994,44685
2021-09-16T12:00:00+00:00,1631793600,1771.207,1773.147,1745.218,1754.694,0.29939,91633
2021-09-16T16:00:00+00:00,1631808000,1754.634,1757.044,1753.028,1754.288,0.30237,20229
2021-09-16T20:00:00+00:00,1631822400,1754.248,1754.668,1751.484,1753.778,0.35918,6694
2021-09-17T00:00:00+00:00,1631836800,1753.768,1759.368,1753.728,1757.914,0.33,25203
2021-09-17T04:00:00+00:00,1631851200,1757.914,1765.334,1757.734,1761.344,0.31826,27369
2021-09-17T08:00:00+00:00,1631865600,1761.344,1767.417,1758.088,1759.847,0.30791,37509
2021-09-17T12:00:00+00:00,1631880000,1759.857,1763.477,1747.258,1752.604,0.30047,82585
2021-09-17T16:00:00+00:00,1631894400,1752.604,1754.334,1749.994,1751.448,0.31678,26436
2021-09-17T20:00:00+00:00,1631908800,1751.448,1754.648,1751.328,1753.488,0.41476,1603
2021-09-19T20:00:00+00:00,1632081600,1753.962,1755.054,1751.224,1754.014,0.35887,6518
2021-09-20T00:00:00+00:00,1632096000,1754.024,1754.458,1741.978,1746.254,0.33995,23065
2021-09-20T04:00:00+00:00,1632110400,1746.194,1754.828,1744.964,1754.208,0.33477,29475
2021-09-20T08:00:00+00:00,1632124800,1754.208,1760.107,1753.014,1755.657,0.30133,39191
2021-09-20T12:00:00+00:00,1632139200,1755.657,1767.048,1754.394,1761.878,0.29675,81026
2021-09-20T16:00:00+00:00,1632153600,1761.908,1764.874,1759.044,1763.694,0.29626,29783
2021-09-20T20:00:00+00:00,1632168000,1763.694,1765.418,1763.494,1764.878,0.33812,5705
2021-09-21T00:00:00+00:00,1632182400,1764.858,1766.018,1761.598,1761.824,0.30375,16293
2021-09-21T04:00:00+00:00,1632196800,1761.778,1763.698,1757.838,1760.558,0.29601,20038
2021-09-21T08:00:00+00:00,1632211200,1760.56,1768.264,1759.198,1767.818,0.26653,32390
2021-09-21T12:00:00+00:00,1632225600,1767.928,1781.658,1766.568,1777.284,0.29428,75827
2021-09-21T16:00:00+00:00,1632240000,1777.284,1778.194,1774.108,1775.138,0.30652,35095
2021-09-21T20:00:00+00:00,1632254400,1775.114,1775.298,1773.322,1774.824,0.34754,6705
2021-09-22T00:00:00+00:00,1632268800,1774.824,1779.108,1772.218,1777.514,0.31617,38880
2021-09-22T04:00:00+00:00,1632283200,1777.514,1780.238,1775.734,1777.097,0.30984,31648
2021-09-22T08:00:00+00:00,1632297600,1777.138,1777.898,1772.007,1772.457,0.28278,25129
2021-09-22T12:00:00+00:00,1632312000,1772.457,1779.277,1771.388,1777.914,0.28819,64122
2021-09-22T16:00:00+00:00,1632326400,1777.884,1787.188,1764.498,1768.384,0.37418,75682
2021-09-22T20:00:00+00:00,1632340800,1768.414,1769.348,1766.164,1766.844,0.36171,10385
2021-09-23T00:00:00+00:00,1632355200,1766.844,1767.584,1760.668,1764.088,0.33233,29733
2021-09-23T04:00:00+00:00,1632369600,1764.078,1767.188,1760.164,1766.757,0.30515,30753
2021-09-23T08:00:00+00:00,1632384000,1766.737,1776.459,1765.507,1773.177,0.29302,46660
2021-09-23T12:00:00+00:00,1632398400,1773.107,1774.127,1745.708,1751.738,0.30133,93073
2021-09-23T16:00:00+00:00,1632412800,1751.714,1753.108,1747.624,1748.624,0.29578,29070
2021-09-23T20:00:00+00:00,1632427200,1748.634,1748.644,1737.768,1746.118,0.37841,10671
2021-09-24T00:00:00+00:00,1632441600,1746.128,1752.788,1745.704,1752.178,0.3334,29007
2021-09-24T04:00:00+00:00,1632456000,1752.148,1756.518,1750.154,1754.787,0.32312,35915
2021-09-24T08:00:00+00:00,1632470400,1754.787,1757.557,1749.394,1749.434,0.29333,30482
2021-09-24T12:00:00+00:00,1632484800,1749.444,1753.947,1740.338,1752.538,0.29866,76031
2021-09-24T16:00:00+00:00,1632499200,1752.538,1753.684,1745.894,1746.668,0.29584,23365
2021-09-24T20:00:00+00:00,1632513600,1746.668,1750.658,1746.328,1749.878,0.35424,1566
2021-09-26T20:00:00+00:00,1632686400,1751.498,1751.498,1748.094,1749.448,0.37488,5100
2021-09-27T00:00:00+00:00,1632700800,1749.444,1760.738,1749.084,1759.204,0.34277,32963
2021-09-27T04:00:00+00:00,1632715200,1759.164,1760.628,1753.818,1753.818,0.32733,31749
2021-09-27T08:00:00+00:00,1632729600,1753.918,1755.048,1744.764,1748.158,0.28726,43950
2021-09-27T12:00:00+00:00,1632744000,1748.218,1757.828,1748.038,1751.014,0.29346,72914
2021-09-27T16:00:00+00:00,1632758400,1751.024,1753.924,1749.768,1750.234,0.3067,24740
2021-09-27T20:00:00+00:00,1632772800,1750.174,1751.584,1749.258,1751.204,0.33566,5673
2021-09-28T00:00:00+00:00,1632787200,1751.184,1754.344,1747.028,1749.714,0.33268,24564
2021-09-28T04:00:00+00:00,1632801600,1749.704,1751.768,1735.698,1743.714,0.32438,42688
2021-09-28T08:00:00+00:00,1632816000,1743.704,1744.524,1731.698,1734.328,0.30122,53512
2021-09-28T12:00:00+00:00,1632830400,1734.338,1741.148,1728.008,1736.495,0.30957,98517
2021-09-28T16:00:00+00:00,1632844800,1736.535,1738.978,1732.718,1733.248,0.31682,33041
2021-09-28T20:00:00+00:00,1632859200,1733.258,1735.265,1732.708,1735.245,0.35074,6010
2021-09-29T00:00:00+00:00,1632873600,1735.245,1741.258,1733.198,1740.455,0.34034,30714
2021-09-29T04:00:00+00:00,1632888000,1740.455,1742.058,1736.628,1740.008,0.33589,42981
2021-09-29T08:00:00+00:00,1632902400,1739.988,1745.418,1738.218,1743.418,0.30674,36601
2021-09-29T12:00:00+00:00,1632916800,1743.318,1743.495,1725.358,1730.578,0.32472,75569
2021-09-29T16:00:00+00:00,1632931200,1730.538,1730.778,1721.548,1725.738,0.31283,33773
2021-09-29T20:00:00+00:00,1632945600,1725.738,1729.168,1724.988,1728.728,0.36017,6328
2021-09-30T00:00:00+00:00,1632960000,1728.716,1734.746,1728.706,1732.858,0.33987,24348
2021-09-30T04:00:00+00:00,1632974400,1732.796,1733.506,1726.108,1731.638,0.33488,31446
2021-09-30T08:00:00+00:00,1632988800,1731.588,1733.968,1722.098,1725.908,0.31988,33900
2021-09-30T12:00:00+00:00,1633003200,1725.908,1764.086,1725.126,1757.878,0.31285,81516
2021-09-30T16:00:00+00:00,1633017600,1757.886,1760.216,1754.478,1755.748,0.3162,41277
2021-09-30T20:00:00+00:00,1633032000,1755.756,1757.534,1752.718,1752.978,0.3686,8609
2021-10-01T00:00:00+00:00,1633046400,1752.968,1756.795,1750.498,1753.918,0.35985,27818
2021-10-01T04:00:00+00:00,1633060800,1753.918,1757.158,1750.798,1753.038,0.34346,35925
2021-10-01T08:00:00+00:00,1633075200,1753.108,1756.628,1751.195,1754.458,0.33315,40241
2021-10-01T12:00:00+00:00,1633089600,1754.468,1764.178,1749.655,1761.518,0.32102,74866
2021-10-01T16:00:00+00:00,1633104000,1761.555,1762.718,1757.158,1759.898,0.31677,28225
2021-10-01T20:00:00+00:00,1633118400,1759.878,1760.658,1759.178,1760.098,0.40163,1174
2021-10-03T20:00:00+00:00,1633291200,1762.078,1765.153,1760.145,1763.058,0.36048,7934
2021-10-04T00:00:00+00:00,1633305600,1763.058,1765.558,1757.695,1758.678,0.35632,24055
2021-10-04T04:00:00+00:00,1633320000,1758.678,1762.578,1752.878,1753.338,0.34658,35973
2021-10-04T08:00:00+00:00,1633334400,1753.388,1755.358,1747.608,1753.388,0.31691,35633
2021-10-04T12:00:00+00:00,1633348800,1753.455,1770.475,1748.355,1765.368,0.3294,73246
2021-10-04T16:00:00+00:00,1633363200,1765.385,1770.155,1763.515,1768.688,0.33238,41721
2021-10-04T20:00:00+00:00,1633377600,1768.688,1769.958,1767.285,1767.955,0.37816,8492
2021-10-05T00:00:00+00:00,1633392000,1767.958,1768.265,1759.348,1759.848,0.3683,27529
2021-10-05T04:00:00+00:00,1633406400,1759.868,1760.858,1755.148,1759.138,0.35656,37567
2021-10-05T08:00:00+00:00,1633420800,1759.148,1760.048,1753.478,1756.958,0.32802,31771
2021-10-05T12:00:00+00:00,1633435200,1756.978,1761.308,1748.488,1760.745,0.33273,69171
2021-10-05T16:00:00+00:00,1633449600,1760.745,1762.928,1757.878,1760.125,0.32033,31078
2021-10-05T20:00:00+00:00,1633464000,1760.135,1760.335,1758.878,1759.228,0.37368,5224
2021-10-06T00:00:00+00:00,1633478400,1759.278,1759.318,1754.108,1755.468,0.35565,29269
2021-10-06T04:00:00+00:00,1633492800,1755.538,1755.548,1747.178,1747.708,0.34614,42212
2021-10-06T08:00:00+00:00,1633507200,1747.758,1756.738,1745.77,1754.248,0.33176,45960
2021-10-06T12:00:00+00:00,1633521600,1754.268,1764.255,1753.388,1761.955,0.33674,74525
2021-10-06T16:00:00+00:00,1633536000,1761.955,1765.015,1760.288,1764.305,0.32049,32421
2021-10-06T20:00:00+00:00,1633550400,1764.305,1764.705,1762.198,1763.908,0.34548,6178
2021-10-07T00:00:00+00:00,1633564800,1763.898,1764.098,1757.615,1760.025,0.35312,22178
2021-10-07T04:00:00+00:00,1633579200,1760.025,1766.848,1755.928,1765.868,0.34053,31047
2021-10-07T08:00:00+00:00,1633593600,1765.868,1765.945,1758.045,1761.365,0.32667,31354
2021-10-07T12:00:00+00:00,1633608000,1761.365,1763.098,1751.838,1758.328,0.33882,64817
2021-10-07T16:00:00+00:00,1633622400,1758.388,1759.818,1754.658,1755.388,0.32683,22773
2021-10-07T20:00:00+00:00,1633636800,1755.368,1758.043,1754.175,1755.028,0.38313,4884
2021-10-08T00:00:00+00:00,1633651200,1755.018,1760.448,1753.238,1759.188,0.33199,24238
2021-10-08T04:00:00+00:00,1633665600,1759.178,1760.218,1754.265,1756.248,0.31371,23624
2021-10-08T08:00:00+00:00,1633680000,1756.248,1763.145,1754.838,1761.618,0.30818,21328
2021-10-08T12:00:00+00:00,1633694400,1761.618,1781.228,1755.398,1758.498,0.31811,86939
2021-10-08T16:00:00+00:00,1633708800,1758.498,1760.095,1756.498,1756.978,0.30804,28161
2021-10-08T20:00:00+00:00,1633723200,1757.048,1757.208,1755.875,1756.608,0.38138,1796
2021-10-10T20:00:00+00:00,1633896000,1757.145,1758.125,1750.995,1753.878,0.45976,8124
2021-10-11T00:00:00+00:00,1633910400,1753.885,1760.878,1753.758,1755.325,0.34768,30567
2021-10-11T04:00:00+00:00,1633924800,1755.325,1757.658,1753.338,1757.068,0.32363,31627
2021-10-11T08:00:00+00:00,1633939200,1757.068,1757.083,1752.208,1754.758,0.32303,25874
2021-10-11T12:00:00+00:00,1633953600,1754.765,1760.088,1750.068,1757.405,0.33028,50170
2021-10-11T16:00:00+00:00,1633968000,1757.405,1757.635,1753.178,1753.308,0.31062,24875
2021-10-11T20:00:00+00:00,1633982400,1753.188,1754.478,1752.428,1753.198,0.36714,5572
2021-10-12T00:00:00+00:00,1633996800,1753.378,1758.888,1750.658,1758.218,0.35121,30566
2021-10-12T04:00:00+00:00,1634011200,1758.318,1762.528,1756.398,1756.668,0.34104,31854
2021-10-12T08:00:00+00:00,1634025600,1756.748,1764.898,1756.37,1761.848,0.32354,29169
2021-10-12T12:00:00+00:00,1634040000,1761.763,1769.238,1753.865,1760.708,0.32415,68395
2021-10-12T16:00:00+00:00,1634054400,1760.708,1761.848,1757.848,1761.245,0.31214,23488
2021-10-12T20:00:00+00:00,1634068800,1761.178,1761.368,1759.418,1760.298,0.32543,5461
2021-10-13T00:00:00+00:00,1634083200,1760.298,1762.908,1759.395,1761.948,0.3397,19856
2021-10-13T04:00:00+00:00,1634097600,1761.928,1765.648,1760.638,1764.975,0.31739,21533
2021-10-13T08:00:00+00:00,1634112000,1764.965,1774.348,1764.905,1773.473,0.29296,30106
2021-10-13T12:00:00+00:00,1634126400,1773.518,1796.064,1757.829,1794.408,0.30482,89154
2021-10-13T16:00:00+00:00,1634140800,1794.408,1795.468,1790.554,1791.778,0.30343,35671
2021-10-13T20:00:00+00:00,1634155200,1791.844,1793.648,1791.578,1791.638,0.32813,6522
2021-10-14T00:00:00+00:00,1634169600,1791.608,1793.738,1786.598,1788.538,0.31839,22606
2021-10-14T04:00:00+00:00,1634184000,1788.508,1794.934,1788.198,1793.858,0.31048,24884
2021-10-14T08:00:00+00:00,1634198400,1793.858,1800.458,1793.664,1795.588,0.28945,28364
2021-10-14T12:00:00+00:00,1634212800,1795.568,1799.578,1793.704,1798.198,0.30015,55885
2021-10-14T16:00:00+00:00,1634227200,1798.208,1799.114,1795.784,1796.494,0.30281,22337
2021-10-14T20:00:00+00:00,1634241600,1796.494,1797.074,1794.768,1795.288,0.33664,4555
2021-10-15T00:00:00+00:00,1634256000,1795.298,1796.378,1793.738,1794.988,0.33277,19155
2021-10-15T04:00:00+00:00,1634270400,1794.998,1795.214,1785.374,1786.658,0.3172,24173
2021-10-15T08:00:00+00:00,1634284800,1786.638,1789.868,1777.508,1778.228,0.30349,33163
2021-10-15T12:00:00+00:00,1634299200,1778.275,1778.954,1764.748,1768.374,0.30609,79696
2021-10-15T16:00:00+00:00,1634313600,1768.242,1769.328,1766.434,1768.238,0.29602,26014
2021-10-15T20:00:00+00:00,1634328000,1768.258,1768.424,1766.594,1766.658,0.36803,2077
2021-10-17T20:00:00+00:00,1634500800,1766.573,1771.964,1764.754,1770.874,0.35679,8350
2021-10-18T00:00:00+00:00,1634515200,1770.894,1772.008,1767.224,1767.643,0.32686,30566
2021-10-18T04:00:00+00:00,1634529600,1767.644,1769.374,1761.808,1764.308,0.30792,36586
2021-10-18T08:00:00+00:00,1634544000,1764.288,1766.808,1760.184,1762.964,0.30329,41686
2021-10-18T12:00:00+00:00,1634558400,1762.968,1771.114,1761.484,1767.698,0.31425,75726
2021-10-18T16:00:00+00:00,1634572800,1767.698,1767.788,1763.804,1764.058,0.29929,24301
2021-10-18T20:00:00+00:00,1634587200,1764.058,1764.988,1762.854,1763.884,0.32302,4674
2021-10-19T00:00:00+00:00,1634601600,1763.885,1774.904,1763.188,1774.664,0.31809,26359
2021-10-19T04:00:00+00:00,1634616000,1774.665,1782.764,1773.654,1781.358,0.3057,32066
2021-10-19T08:00:00+00:00,1634630400,1781.358,1782.858,1775.788,1780.414,0.29102,31235
2021-10-19T12:00:00+00:00,1634644800,1780.388,1785.038,1769.364,1771.105,0.30996,74223
2021-10-19T16:00:00+00:00,1634659200,1771.105,1771.374,1767.038,1770.038,0.29673,29230
2021-10-19T20:00:00+00:00,1634673600,1770.068,1770.088,1768.124,1768.598,0.34116,5971
2021-10-20T00:00:00+00:00,1634688000,1768.598,1774.518,1766.744,1773.978,0.31937,29549
2021-10-20T04:00:00+00:00,1634702400,1773.984,1777.928,1773.218,1776.588,0.3077,32328
2021-10-20T08:00:00+00:00,1634716800,1776.588,1781.708,1776.388,1779.494,0.29728,27269
2021-10-20T12:00:00+00:00,1634731200,1779.514,1788.368,1774.748,1783.464,0.30097,61558
2021-10-20T16:00:00+00:00,1634745600,1783.454,1787.478,1782.914,1785.224,0.29609,28194
2021-10-20T20:00:00+00:00,1634760000,1785.218,1785.728,1780.758,1781.368,0.32307,7666
2021-10-21T00:00:00+00:00,1634774400,1781.348,1789.368,1781.118,1786.286,0.32177,29337
2021-10-21T04:00:00+00:00,1634788800,1786.286,1787.484,1780.738,1782.518,0.31513,40097
2021-10-21T08:00:00+00:00,1634803200,1782.598,1787.854,1777.392,1778.274,0.29703,33404
2021-10-21T12:00:00+00:00,1634817600,1778.284,1785.978,1776.374,1782.444,0.30401,67035
2021-10-21T16:00:00+00:00,1634832000,1782.444,1784.848,1778.434,1783.878,0.29945,25572
2021-10-21T20:00:00+00:00,1634846400,1783.888,1786.048,1781.968,1784.564,0.33762,5486
2021-10-22T00:00:00+00:00,1634860800,1784.484,1787.998,1783.424,1787.008,0.33196,28515
2021-10-22T04:00:00+00:00,1634875200,1787.028,1794.418,1785.978,1793.118,0.30801,32355
2021-10-22T08:00:00+00:00,1634889600,1793.094,1794.978,1790.414,1792.298,0.30133,25877
2021-10-22T12:00:00+00:00,1634904000,1792.298,1813.748,1782.788,1785.744,0.29983,78998
2021-10-22T16:00:00+00:00,1634918400,1785.738,1798.478,1784.388,1794.098,0.31183,38936
2021-10-22T20:00:00+00:00,1634932800,1794.088,1794.214,1791.628,1791.628,0.38618,1817
2021-10-24T20:00:00+00:00,1635105600,1792.473,1794.358,1792.168,1794.308,0.36498,6081
2021-10-25T00:00:00+00:00,1635120000,1794.378,1799.014,1792.164,1798.338,0.3464,36626
2021-10-25T04:00:00+00:00,1635134400,1798.338,1800.974,1795.938,1798.938,0.32537,33659
2021-10-25T08:00:00+00:00,1635148800,1798.968,1803.568,1798.414,1801.694,0.30649,31243
2021-10-25T12:00:00+00:00,1635163200,1801.654,1809.974,1800.388,1808.038,0.29449,55578
2021-10-25T16:00:00+00:00,1635177600,1808.038,1808.634,1804.974,1806.648,0.29963,24235
2021-10-25T20:00:00+00:00,1635192000,1806.678,1808.218,1806.288,1807.778,0.33331,4727
2021-10-26T00:00:00+00:00,1635206400,1807.758,1807.868,1802.618,1803.134,0.31686,23352
2021-10-26T04:00:00+00:00,1635220800,1803.134,1806.448,1800.048,1800.508,0.30618,25490
2021-10-26T08:00:00+00:00,1635235200,1800.548,1804.288,1799.832,1802.874,0.2948,25781
2021-10-26T12:00:00+00:00,1635249600,1802.834,1804.518,1782.288,1789.768,0.31032,65739
2021-10-26T16:00:00+00:00,1635264000,1789.768,1794.978,1789.738,1793.364,0.30097,26439
2021-10-26T20:00:00+00:00,1635278400,1793.318,1794.214,1791.818,1793.468,0.34611,5441
2021-10-27T00:00:00+00:00,1635292800,1793.478,1794.288,1787.058,1789.048,0.32128,25685
2021-10-27T04:00:00+00:00,1635307200,1789.048,1791.558,1785.308,1787.448,0.30953,26439
2021-10-27T08:00:00+00:00,1635321600,1787.458,1791.828,1783.374,1791.098,0.30269,32781
2021-10-27T12:00:00+00:00,1635336000,1791.134,1798.114,1784.668,1794.404,0.31482,67901
2021-10-27T16:00:00+00:00,1635350400,1794.398,1798.978,1793.824,1798.214,0.30946,34158
2021-10-27T20:00:00+00:00,1635364800,1798.098,1798.298,1795.908,1796.518,0.34682,6036
2021-10-28T00:00:00+00:00,1635379200,1796.488,1803.128,1794.014,1798.678,0.32357,28491
2021-10-28T04:00:00+00:00,1635393600,1798.674,1804.038,1798.414,1801.898,0.31838,29008
2021-10-28T08:00:00+00:00,1635408000,1801.878,1803.438,1795.648,1801.854,0.30413,30864
2021-10-28T12:00:00+00:00,1635422400,1801.844,1810.344,1792.198,1800.988,0.3169,90063
2021-10-28T16:00:00+00:00,1635436800,1800.988,1803.278,1797.848,1798.188,0.30549,33617
2021-10-28T20:00:00+00:00,1635451200,1798.158,1801.068,1797.544,1799.484,0.36711,9712
2021-10-29T00:00:00+00:00,1635465600,1799.484,1799.864,1794.998,1796.848,0.34944,32830
2021-10-29T04:00:00+00:00,1635480000,1796.844,1798.114,1792.878,1795.458,0.31883,34370
2021-10-29T08:00:00+00:00,1635494400,1795.458,1799.062,1790.798,1792.978,0.29814,32333
2021-10-29T12:00:00+00:00,1635508800,1792.978,1793.384,1771.848,1778.018,0.30918,89730
2021-10-29T16:00:00+00:00,1635523200,1778.038,1783.594,1777.198,1782.658,0.29728,36930
2021-10-29T20:00:00+00:00,1635537600,1782.628,1783.384,1782.204,1782.988,0.41935,2518
2021-10-31T20:00:00+00:00,1635710400,1783.028,1783.582,1778.998,1779.958,0.35549,4489
2021-11-01T00:00:00+00:00,1635724800,1779.948,1787.258,1779.928,1784.298,0.32885,23901
2021-11-01T04:00:00+00:00,1635739200,1784.288,1787.658,1781.128,1781.718,0.3181,23590
2021-11-01T08:00:00+00:00,1635753600,1781.668,1788.088,1780.884,1786.508,0.30668,29327
2021-11-01T12:00:00+00:00,1635768000,1786.498,1795.738,1785.538,1792.938,0.30425,63713
2021-11-01T16:00:00+00:00,1635782400,1792.978,1794.998,1789.658,1792.518,0.30142,27051
2021-11-01T20:00:00+00:00,1635796800,1792.518,1793.488,1791.318,1791.978,0.35626,4757
2021-11-02T00:00:00+00:00,1635811200,1792.067,1792.538,1789.158,1791.068,0.32568,15159
2021-11-02T04:00:00+00:00,1635825600,1791.058,1796.288,1790.868,1794.064,0.31705,20346
2021-11-02T08:00:00+00:00,1635840000,1794.004,1795.498,1788.138,1789.938,0.30594,27010
2021-11-02T12:00:00+00:00,1635854400,1789.968,1794.484,1786.278,1788.744,0.31958,53645
2021-11-02T16:00:00+00:00,1635868800,1788.744,1789.628,1786.254,1788.234,0.30113,22311
2021-11-02T20:00:00+00:00,1635883200,1788.234,1788.264,1786.578,1787.038,0.34071,4051
2021-11-03T00:00:00+00:00,1635897600,1787.015,1787.508,1779.168,1783.118,0.32231,15233
2021-11-03T04:00:00+00:00,1635912000,1783.108,1783.258,1778.138,1781.568,0.30764,14749
2021-11-03T08:00:00+00:00,1635926400,1781.568,1785.468,1780.398,1784.574,0.30835,20380
2021-11-03T12:00:00+00:00,1635940800,1784.574,1785.548,1758.644,1763.458,0.32188,61884
2021-11-03T16:00:00+00:00,1635955200,1763.458,1775.004,1761.233,1773.337,0.37087,54961
2021-11-03T20:00:00+00:00,1635969600,1773.338,1777.284,1768.734,1777.164,0.3678,7892
2021-11-04T00:00:00+00:00,1635984000,1777.164,1778.178,1773.348,1775.004,0.32443,21118
2021-11-04T04:00:00+00:00,1635998400,1775.004,1775.908,1770.664,1774.628,0.31498,23109
2021-11-04T08:00:00+00:00,1636012800,1774.63,1782.064,1772.164,1780.748,0.32591,34939
2021-11-04T12:00:00+00:00,1636027200,1780.784,1798.804,1778.994,1792.148,0.33212,78933
2021-11-04T16:00:00+00:00,1636041600,1792.184,1794.034,1790.794,1793.708,0.31153,27879
2021-11-04T20:00:00+00:00,1636056000,1793.704,1793.794,1790.318,1791.214,0.3689,5537
2021-11-05T00:00:00+00:00,1636070400,1791.224,1796.054,1789.974,1792.764,0.32876,26082
2021-11-05T04:00:00+00:00,1636084800,1792.794,1798.338,1792.488,1796.474,0.3124,22339
2021-11-05T08:00:00+00:00,1636099200,1796.444,1800.024,1791.648,1793.765,0.33176,34184
2021-11-05T12:00:00+00:00,1636113600,1793.854,1811.705,1784.894,1809.864,0.34819,83222
2021-11-05T16:00:00+00:00,1636128000,1809.834,1817.958,1807.718,1816.788,0.30951,38462
2021-11-05T20:00:00+00:00,1636142400,1816.718,1818.128,1816.048,1817.588,0.45114,2494
2021-11-07T20:00:00+00:00,1636315200,1818.383,1818.423,1814.823,1815.713,0.39697,4348
2021-11-08T00:00:00+00:00,1636329600,1815.713,1820.993,1812.798,1818.983,0.35662,28349
2021-11-08T04:00:00+00:00,1636344000,1819.003,1821.348,1814.538,1816.223,0.35069,22794
2021-11-08T08:00:00+00:00,1636358400,1816.198,1818.298,1812.313,1816.823,0.3306,24048
2021-11-08T12:00:00+00:00,1636372800,1816.723,1826.058,1815.683,1821.423,0.33098,52226
2021-11-08T16:00:00+00:00,1636387200,1821.408,1826.403,1819.368,1825.598,0.31051,24159
2021-11-08T20:00:00+00:00,1636401600,1825.606,1826.148,1823.186,1824.508,0.33879,9152
2021-11-09T00:00:00+00:00,1636416000,1824.523,1827.088,1821.758,1822.908,0.33441,35841
2021-11-09T04:00:00+00:00,1636430400,1822.902,1827.043,1819.043,1819.993,0.3278,36190
2021-11-09T08:00:00+00:00,1636444800,1819.978,1828.528,1819.978,1823.743,0.32968,39360
2021-11-09T12:00:00+00:00,1636459200,1823.743,1830.288,1820.208,1825.773,0.3353,87476
2021-11-09T16:00:00+00:00,1636473600,1825.732,1831.263,1823.313,1830.193,0.30309,43284
2021-11-09T20:00:00+00:00,1636488000,1830.213,1832.633,1828.533,1829.813,0.30689,14879
2021-11-10T00:00:00+00:00,1636502400,1829.813,1830.948,1826.028,1826.998,0.34093,20221
2021-11-10T04:00:00+00:00,1636516800,1826.998,1827.228,1822.893,1824.103,0.34107,19154
2021-11-10T08:00:00+00:00,1636531200,1824.103,1827.113,1822.648,1824.473,0.32988,22051
2021-11-10T12:00:00+00:00,1636545600,1824.473,1868.458,1822.168,1851.358,0.3447,75314
2021-11-10T16:00:00+00:00,1636560000,1851.358,1858.548,1841.378,1846.998,0.32639,46100
2021-11-10T20:00:00+00:00,1636574400,1846.968,1852.694,1845.238,1848.444,0.35015,11461
2021-11-11T00:00:00+00:00,1636588800,1848.444,1853.684,1842.748,1849.814,0.34852,29171
2021-11-11T04:00:00+00:00,1636603200,1849.834,1857.004,1847.008,1856.774,0.3633,26126
2021-11-11T08:00:00+00:00,1636617600,1856.778,1865.528,1855.069,1863.724,0.35049,27170
2021-11-11T12:00:00+00:00,1636632000,1863.728,1865.898,1854.818,1861.564,0.36155,52087
2021-11-11T16:00:00+00:00,1636646400,1861.574,1863.614,1859.674,1862.008,0.31884,19044
2021-11-11T20:00:00+00:00,1636660800,1861.988,1863.004,1861.058,1862.198,0.37111,7572
2021-11-12T00:00:00+00:00,1636675200,1862.208,1862.248,1855.008,1855.084,0.35222,22966
2021-11-12T04:00:00+00:00,1636689600,1855.058,1860.028,1855.024,1856.298,0.34812,19656
2021-11-12T08:00:00+00:00,1636704000,1856.298,1858.594,1845.088,1849.038,0.34438,32292
2021-11-12T12:00:00+00:00,1636718400,1849.058,1865.878,1848.908,1860.688,0.33362,52383
2021-11-12T16:00:00+00:00,1636732800,1860.688,1868.568,1859.648,1863.708,0.33281,29010
2021-11-12T20:00:00+00:00,1636747200,1863.728,1866.154,1862.434,1864.448,0.33402,7872
2021-11-14T20:00:00+00:00,1636920000,1869.364,1869.364,1865.154,1865.438,0.36354,3697
2021-11-15T00:00:00+00:00,1636934400,1865.448,1865.958,1856.348,1856.804,0.37034,34461
2021-11-15T04:00:00+00:00,1636948800,1856.784,1862.118,1856.318,1860.828,0.36374,26216
2021-11-15T08:00:00+00:00,1636963200,1860.878,1864.734,1858.238,1864.364,0.34857,27887
2021-11-15T12:00:00+00:00,1636977600,1864.324,1870.468,1858.118,1861.938,0.34869,55131
2021-11-15T16:00:00+00:00,1636992000,1861.898,1867.854,1859.908,1867.034,0.31403,25881
2021-11-15T20:00:00+00:00,1637006400,1867.078,1867.174,1861.764,1862.258,0.32692,9335
2021-11-16T00:00:00+00:00,1637020800,1862.191,1868.798,1861.784,1866.844,0.3667,25517
2021-11-16T04:00:00+00:00,1637035200,1866.798,1867.654,1862.124,1863.838,0.37673,22674
2021-11-16T08:00:00+00:00,1637049600,1863.844,1874.798,1863.764,1873.848,0.34746,27858
2021-11-16T12:00:00+00:00,1637064000,1873.724,1877.118,1856.408,1861.138,0.34793,60245
2021-11-16T16:00:00+00:00,1637078400,1861.138,1861.338,1849.564,1851.558,0.32804,34432
2021-11-16T20:00:00+00:00,1637092800,1851.538,1851.538,1849.328,1850.208,0.33999,10601
2021-11-17T00:00:00+00:00,1637107200,1850.208,1855.978,1849.434,1853.548,0.36866,31683
2021-11-17T04:00:00+00:00,1637121600,1853.528,1857.278,1851.904,1856.118,0.36281,24849
2021-11-17T08:00:00+00:00,1637136000,1856.108,1862.798,1855.714,1861.604,0.34239,26124
2021-11-17T12:00:00+00:00,1637150400,1861.594,1867.874,1859.898,1862.714,0.34469,44801
2021-11-17T16:00:00+00:00,1637164800,1862.698,1867.958,1862.178,1863.858,0.3286,26074
2021-11-17T20:00:00+00:00,1637179200,1863.868,1867.454,1862.668,1866.378,0.33372,9357
2021-11-18T00:00:00+00:00,1637193600,1866.374,1870.814,1864.028,1864.864,0.35492,29814
2021-11-18T04:00:00+00:00,1637208000,1864.874,1869.348,1862.478,1868.454,0.36217,30834
2021-11-18T08:00:00+00:00,1637222400,1868.504,1869.638,1858.644,1862.628,0.34406,36359
2021-11-18T12:00:00+00:00,1637236800,1862.628,1866.848,1854.948,1859.968,0.35138,62741
2021-11-18T16:00:00+00:00,1637251200,1860.008,1862.604,1858.118,1858.788,0.32136,24513
2021-11-18T20:00:00+00:00,1637265600,1858.788,1860.998,1856.698,1859.448,0.32877,8495
2021-11-19T00:00:00+00:00,1637280000,1859.464,1863.528,1858.478,1863.004,0.3571,29932
2021-11-19T04:00:00+00:00,1637294400,1863.004,1863.634,1855.898,1857.448,0.34917,35367
2021-11-19T08:00:00+00:00,1637308800,1857.458,1864.748,1851.428,1861.708,0.35062,60832
2021-11-19T12:00:00+00:00,1637323200,1861.708,1865.668,1851.818,1860.268,0.35684,83651
2021-11-19T16:00:00+00:00,1637337600,1860.268,1860.608,1842.869,1849.544,0.34298,56582
2021-11-19T20:00:00+00:00,1637352000,1849.524,1849.608,1845.128,1845.175,0.34425,10539
2021-11-21T20:00:00+00:00,1637524800,1846.534,1847.048,1838.648,1844.878,0.43183,4985
2021-11-22T00:00:00+00:00,1637539200,1844.888,1848.454,1843.944,1846.994,0.39168,25722
2021-11-22T04:00:00+00:00,1637553600,1847.008,1848.984,1840.078,1843.964,0.37476,24582
2021-11-22T08:00:00+00:00,1637568000,1843.964,1846.948,1837.198,1842.538,0.35179,33211
2021-11-22T12:00:00+00:00,1637582400,1842.524,1842.918,1811.368,1818.328,0.35379,72142
2021-11-22T16:00:00+00:00,1637596800,1818.338,1822.074,1802.144,1803.588,0.33356,52277
2021-11-22T20:00:00+00:00,1637611200,1803.594,1809.654,1802.808,1808.928,0.35742,15806
2021-11-23T00:00:00+00:00,1637625600,1808.908,1812.318,1806.384,1808.278,0.35924,25572
2021-11-23T04:00:00+00:00,1637640000,1808.278,1809.779,1802.788,1807.594,0.35256,28017
2021-11-23T08:00:00+00:00,1637654400,1807.594,1808.318,1792.598,1793.904,0.35806,38961
2021-11-23T12:00:00+00:00,1637668800,1793.904,1797.404,1784.088,1786.188,0.34509,63306
2021-11-23T16:00:00+00:00,1637683200,1786.238,1790.275,1781.859,1788.078,0.32904,35148
2021-11-23T20:00:00+00:00,1637697600,1788.038,1791.795,1787.608,1790.718,0.38749,13161
2021-11-24T00:00:00+00:00,1637712000,1790.708,1795.958,1788.855,1793.538,0.36897,22718
2021-11-24T04:00:00+00:00,1637726400,1793.518,1796.285,1791.728,1793.968,0.37641,20911
2021-11-24T08:00:00+00:00,1637740800,1793.968,1794.605,1785.435,1787.119,0.34637,29121
2021-11-24T12:00:00+00:00,1637755200,1787.119,1787.668,1778.398,1784.485,0.36148,61337
2021-11-24T16:00:00+00:00,1637769600,1784.495,1791.288,1782.408,1784.698,0.34931,33923
2021-11-24T20:00:00+00:00,1637784000,1784.678,1790.991,1784.558,1789.528,0.39774,11129
2021-11-25T00:00:00+00:00,1637798400,1789.518,1794.155,1789.065,1791.988,0.38767,17167
2021-11-25T04:00:00+00:00,1637812800,1791.988,1794.175,1791.338,1793.208,0.36903,13137
2021-11-25T08:00:00+00:00,1637827200,1793.238,1794.968,1789.755,1790.705,0.34409,15580
2021-11-25T12:00:00+00:00,1637841600,1790.685,1792.748,1787.718,1788.458,0.35946,19168
2021-11-25T16:00:00+00:00,1637856000,1788.458,1790.358,1787.928,1788.475,0.35054,6112
2021-11-25T20:00:00+00:00,1637870400,1790.798,1792.608,1790.358,1792.528,0.4435,2100
2021-11-26T00:00:00+00:00,1637884800,1792.548,1799.248,1789.888,1796.928,0.39137,31141
2021-11-26T04:00:00+00:00,1637899200,1796.928,1808.458,1795.175,1807.898,0.39841,28280
2021-11-26T08:00:00+00:00,1637913600,1807.845,1815.408,1797.728,1811.605,0.388,49035
2021-11-26T12:00:00+00:00,1637928000,1811.589,1812.035,1795.235,1797.548,0.37568,59037
2021-11-26T16:00:00+00:00,1637942400,1797.548,1799.625,1780.358,1792.665,0.37655,32821
2021-11-28T20:00:00+00:00,1638129600,1790.195,1795.565,1775.563,1795.425,0.88206,6568
2021-11-29T00:00:00+00:00,1638144000,1795.405,1796.568,1789.738,1794.285,0.3834,29787
2021-11-29T04:00:00+00:00,1638158400,1794.285,1797.028,1791.098,1794.608,0.38383,28802
2021-11-29T08:00:00+00:00,1638172800,1794.718,1799.258,1792.758,1793.425,0.36455,30199
2021-11-29T12:00:00+00:00,1638187200,1793.415,1793.938,1784.185,1786.888,0.36081,53038
2021-11-29T16:00:00+00:00,1638201600,1786.868,1787.845,1781.008,1782.518,0.34918,30328
2021-11-29T20:00:00+00:00,1638216000,1782.558,1787.705,1781.978,1786.685,0.38028,13518
2021-11-30T00:00:00+00:00,1638230400,1786.685,1790.278,1782.908,1788.808,0.38981,23502
2021-11-30T04:00:00+00:00,1638244800,1788.798,1795.838,1787.858,1791.618,0.40546,40326
2021-11-30T08:00:00+00:00,1638259200,1791.618,1798.418,1791.338,1792.388,0.37855,38240
2021-11-30T12:00:00+00:00,1638273600,1792.358,1808.618,1783.188,1784.428,0.37454,66399
2021-11-30T16:00:00+00:00,1638288000,1784.328,1784.578,1769.758,1775.925,0.35802,66355
2021-11-30T20:00:00+00:00,1638302400,1775.948,1776.905,1770.745,1773.098,0.39745,17782
2021-12-01T00:00:00+00:00,1638316800,1773.128,1780.248,1772.428,1777.865,0.38409,31094
2021-12-01T04:00:00+00:00,1638331200,1777.835,1794.41,1777.178,1784.708,0.39806,30338
2021-12-01T08:00:00+00:00,1638345600,1784.758,1788.508,1776.525,1784.958,0.34923,32153
2021-12-01T12:00:00+00:00,1638360000,1785.038,1792.13,1782.498,1785.888,0.38149,56552
2021-12-01T16:00:00+00:00,1638374400,1785.88,1787.765,1779.108,1782.085,0.34917,52496
2021-12-01T20:00:00+00:00,1638388800,1782.085,1783.275,1777.275,1781.645,0.36066,19471
2021-12-02T00:00:00+00:00,1638403200,1781.625,1781.875,1778.958,1779.205,0.38639,25557
2021-12-02T04:00:00+00:00,1638417600,1779.205,1779.218,1774.808,1775.128,0.36657,23819
2021-12-02T08:00:00+00:00,1638432000,1775.158,1778.968,1767.348,1777.105,0.36114,29459
2021-12-02T12:00:00+00:00,1638446400,1777.118,1781.148,1763.258,1767.178,0.37134,65660
2021-12-02T16:00:00+00:00,1638460800,1767.135,1769.055,1761.815,1766.498,0.34619,41133
2021-12-02T20:00:00+00:00,1638475200,1766.698,1770.558,1766.178,1768.885,0.38635,14370
2021-12-03T00:00:00+00:00,1638489600,1768.885,1774.288,1767.365,1773.458,0.38386,30269
2021-12-03T04:00:00+00:00,1638504000,1773.468,1776.358,1770.188,1770.748,0.37404,28276
2021-12-03T08:00:00+00:00,1638518400,1770.748,1773.368,1766.02,1771.758,0.35922,35345
2021-12-03T12:00:00+00:00,1638532800,1771.818,1778.53,1766.295,1770.628,0.39816,81391
2021-12-03T16:00:00+00:00,1638547200,1770.618,1784.548,1769.655,1783.828,0.34567,59081
2021-12-03T20:00:00+00:00,1638561600,1783.828,1785.998,1781.868,1782.788,0.39919,15636
2021-12-05T20:00:00+00:00,1638734400,1784.355,1785.245,1780.538,1782.775,0.49775,3746
2021-12-06T00:00:00+00:00,1638748800,1782.768,1787.635,1782.005,1783.833,0.4222,33729
2021-12-06T04:00:00+00:00,1638763200,1783.828,1786.008,1780.975,1782.818,0.37385,34187
2021-12-06T08:00:00+00:00,1638777600,1782.808,1782.815,1777.658,1779.918,0.3581,34869
2021-12-06T12:00:00+00:00,1638792000,1779.928,1782.008,1775.587,1778.125,0.35553,56728
2021-12-06T16:00:00+00:00,1638806400,1778.155,1784.885,1777.565,1778.278,0.33965,34664
2021-12-06T20:00:00+00:00,1638820800,1778.258,1781.895,1777.698,1780.825,0.35013,12856
2021-12-07T00:00:00+00:00,1638835200,1780.825,1781.748,1777.318,1777.498,0.38259,18913
2021-12-07T04:00:00+00:00,1638849600,1777.445,1784.498,1776.725,1782.558,0.38091,20640
2021-12-07T08:00:00+00:00,1638864000,1782.558,1783.618,1777.298,1782.108,0.35331,23149
2021-12-07T12:00:00+00:00,1638878400,1782.235,1784.558,1772.168,1782.398,0.36204,48084
2021-12-07T16:00:00+00:00,1638892800,1782.428,1787.708,1781.828,1784.788,0.34251,25037
2021-12-07T20:00:00+00:00,1638907200,1784.768,1786.295,1782.745,1784.598,0.35764,9387
2021-12-08T00:00:00+00:00,1638921600,1784.628,1790.418,1784.368,1787.825,0.38869,20269
2021-12-08T04:00:00+00:00,1638936000,1787.805,1791.518,1786.445,1789.718,0.37601,17250
2021-12-08T08:00:00+00:00,1638950400,1789.708,1792.998,1782.695,1786.499,0.36193,30195
2021-12-08T12:00:00+00:00,1638964800,1786.498,1786.955,1779.478,1782.388,0.35258,45615
2021-12-08T16:00:00+00:00,1638979200,1782.408,1786.305,1781.045,1785.565,0.33144,24482
2021-12-08T20:00:00+00:00,1638993600,1785.568,1786.728,1782.178,1783.355,0.36087,9359
2021-12-09T00:00:00+00:00,1639008000,1783.345,1785.458,1782.065,1784.388,0.37462,16130
2021-12-09T04:00:00+00:00,1639022400,1784.368,1787.028,1783.128,1786.075,0.3739,18049
2021-12-09T08:00:00+00:00,1639036800,1786.088,1787.505,1779.348,1780.205,0.35959,24869
2021-12-09T12:00:00+00:00,1639051200,1780.153,1783.008,1773.678,1779.485,0.36086,51276
2021-12-09T16:00:00+00:00,1639065600,1779.415,1780.768,1773.138,1775.968,0.33018,27041
2021-12-09T20:00:00+00:00,1639080000,1775.988,1776.445,1774.625,1776.218,0.36324,7959
2021-12-10T00:00:00+00:00,1639094400,1776.218,1779.545,1775.418,1778.368,0.38387,17192
2021-12-10T04:00:00+00:00,1639108800,1778.358,1779.32,1771.268,1772.868,0.37064,22167
2021-12-10T08:00:00+00:00,1639123200,1772.868,1773.245,1769.968,1772.128,0.3456,19950
2021-12-10T12:00:00+00:00,1639137600,1772.128,1789.398,1771.608,1783.04,0.36502,57928
2021-12-10T16:00:00+00:00,1639152000,1783.04,1786.368,1781.275,1782.128,0.31288,24885
2021-12-10T20:00:00+00:00,1639166400,1782.148,1783.105,1781.698,1782.288,0.36207,5099
2021-12-12T20:00:00+00:00,1639339200,1783.055,1784.298,1781.778,1783.098,0.39233,3219
2021-12-13T00:00:00+00:00,1639353600,1783.095,1788.135,1782.348,1785.888,0.38714,18893
2021-12-13T04:00:00+00:00,1639368000,1785.888,1786.858,1783.205,1785.318,0.37254,17058
2021-12-13T08:00:00+00:00,1639382400,1785.528,1788.418,1783.245,1787.968,0.33559,23286
2021-12-13T12:00:00+00:00,1639396800,1787.958,1791.455,1781.698,1786.758,0.32823,45595
2021-12-13T16:00:00+00:00,1639411200,1786.768,1790.098,1786.008,1787.698,0.3146,23952
2021-12-13T20:00:00+00:00,1639425600,1787.678,1788.125,1784.905,1785.668,0.34221,10471
2021-12-14T00:00:00+00:00,1639440000,1785.648,1789.415,1784.955,1785.718,0.35938,17530
2021-12-14T04:00:00+00:00,1639454400,1785.718,1788.328,1784.088,1784.528,0.34691,15138
2021-12-14T08:00:00+00:00,1639468800,1784.528,1785.638,1781.895,1784.675,0.33262,22360
2021-12-14T12:00:00+00:00,1639483200,1784.678,1785.468,1766.358,1774.078,0.32831,56046
2021-12-14T16:00:00+00:00,1639497600,1774.038,1776.428,1770.875,1772.088,0.33417,26098
2021-12-14T20:00:00+00:00,1639512000,1772.098,1772.705,1769.808,1772.358,0.3507,9913
2021-12-15T00:00:00+00:00,1639526400,1772.368,1773.755,1769.578,1769.855,0.36754,19288
2021-12-15T04:00:00+00:00,1639540800,1769.868,1771.115,1766.678,1767.678,0.36232,18040
2021-12-15T08:00:00+00:00,1639555200,1767.668,1771.278,1767.258,1769.748,0.33311,19927
2021-12-15T12:00:00+00:00,1639569600,1769.748,1773.62,1764.208,1766.058,0.32908,46611
2021-12-15T16:00:00+00:00,1639584000,1766.038,1770.548,1752.928,1769.44,0.35666,51796
2021-12-15T20:00:00+00:00,1639598400,1769.458,1781.342,1768.285,1779.345,0.3682,27078
2021-12-16T00:00:00+00:00,1639612800,1779.348,1784.178,1775.418,1781.338,0.37597,25316
2021-12-16T04:00:00+00:00,1639627200,1781.338,1786.258,1780.878,1784.438,0.34993,19348
2021-12-16T08:00:00+00:00,1639641600,1784.435,1788.248,1784.435,1787.308,0.32452,23131
2021-12-16T12:00:00+00:00,1639656000,1787.268,1798.068,1782.068,1797.238,0.3405,65372
2021-12-16T16:00:00+00:00,1639670400,1797.228,1798.938,1794.855,1796.888,0.33672,29472
2021-12-16T20:00:00+00:00,1639684800,1796.858,1799.925,1796.728,1798.648,0.35841,12390
2021-12-17T00:00:00+00:00,1639699200,1798.668,1804.248,1797.148,1802.978,0.3761,23058
2021-12-17T04:00:00+00:00,1639713600,1802.978,1809.508,1801.878,1809.055,0.36317,21770
2021-12-17T08:00:00+00:00,1639728000,1809.055,1809.888,1805.795,1808.988,0.33449,22005
2021-12-17T12:00:00+00:00,1639742400,1808.988,1814.148,1804.018,1804.468,0.33627,47512
2021-12-17T16:00:00+00:00,1639756800,1804.448,1806.418,1799.778,1801.475,0.32488,26832
2021-12-17T20:00:00+00:00,1639771200,1801.465,1801.568,1795.758,1797.708,0.33418,9429
2021-12-19T20:00:00+00:00,1639944000,1799.445,1801.555,1798.508,1799.948,0.45936,3813
2021-12-20T00:00:00+00:00,1639958400,1800.108,1802.438,1798.918,1801.678,0.36781,24526
2021-12-20T04:00:00+00:00,1639972800,1801.668,1804.058,1797.888,1798.098,0.35526,21463
2021-12-20T08:00:00+00:00,1639987200,1798.098,1802.245,1794.818,1795.378,0.33195,26661
2021-12-20T12:00:00+00:00,1640001600,1795.388,1800.075,1791.605,1793.628,0.33062,48913
2021-12-20T16:00:00+00:00,1640016000,1793.668,1795.948,1790.288,1790.355,0.32305,30628
2021-12-20T20:00:00+00:00,1640030400,1790.355,1791.879,1788.188,1791.515,0.32992,13584
2021-12-21T00:00:00+00:00,1640044800,1791.515,1792.558,1789.168,1791.788,0.35887,19037
2021-12-21T04:00:00+00:00,1640059200,1791.778,1794.118,1788.728,1793.078,0.34113,20727
2021-12-21T08:00:00+00:00,1640073600,1793.078,1798.198,1792.238,1797.698,0.32131,24463
2021-12-21T12:00:00+00:00,1640088000,1797.678,1800.438,1784.838,1785.848,0.32951,45321
2021-12-21T16:00:00+00:00,1640102400,1785.875,1789.218,1785.155,1788.068,0.32929,25864
2021-12-21T20:00:00+00:00,1640116800,1788.075,1790.458,1787.568,1790.455,0.35653,9198
2021-12-22T00:00:00+00:00,1640131200,1790.455,1791.078,1788.198,1789.038,0.37102,16369
2021-12-22T04:00:00+00:00,1640145600,1789.055,1789.175,1786.025,1786.755,0.37635,16291
2021-12-22T08:00:00+00:00,1640160000,1786.739,1791.378,1785.795,1790.878,0.33623,22100
2021-12-22T12:00:00+00:00,1640174400,1790.898,1795.745,1788.758,1795.595,0.33455,41720
2021-12-22T16:00:00+00:00,1640188800,1795.595,1803.755,1795.575,1803.565,0.33407,26255
2021-12-22T20:00:00+00:00,1640203200,1803.565,1804.955,1802.998,1803.568,0.3642,9086
2021-12-23T00:00:00+00:00,1640217600,1803.558,1808.378,1803.028,1805.495,0.36312,18932
2021-12-23T04:00:00+00:00,1640232000,1805.495,1808.168,1804.688,1805.798,0.35484,14783
2021-12-23T08:00:00+00:00,1640246400,1805.795,1807.919,1804.058,1806.298,0.31282,18283
2021-12-23T12:00:00+00:00,1640260800,1806.295,1809.938,1798.778,1805.888,0.33322,41988
2021-12-23T16:00:00+00:00,1640275200,1805.858,1810.629,1805.635,1809.195,0.32381,20313
2021-12-23T20:00:00+00:00,1640289600,1809.185,1809.355,1807.395,1808.355,0.35911,4580
2021-12-26T20:00:00+00:00,1640548800,1808.544,1808.544,1805.658,1807.178,0.42494,2923
2021-12-27T00:00:00+00:00,1640563200,1807.178,1811.764,1806.514,1810.864,0.37654,17166
2021-12-27T04:00:00+00:00,1640577600,1810.854,1810.864,1807.538,1808.678,0.37899,14017
2021-12-27T08:00:00+00:00,1640592000,1808.658,1809.208,1804.595,1806.219,0.3426,15269
2021-12-27T12:00:00+00:00,1640606400,1806.219,1813.388,1802.855,1812.635,0.33958,36193
2021-12-27T16:00:00+00:00,1640620800,1812.655,1812.935,1806.548,1809.109,0.34646,25486
2021-12-27T20:00:00+00:00,1640635200,1809.109,1812.605,1808.598,1812.274,0.36045,7684
2021-12-28T00:00:00+00:00,1640649600,1812.264,1812.538,1808.398,1809.848,0.37601,14714
2021-12-28T04:00:00+00:00,1640664000,1809.838,1815.988,1809.488,1813.714,0.36096,15294
2021-12-28T08:00:00+00:00,1640678400,1813.694,1818.224,1813.444,1817.734,0.33508,14261
2021-12-28T12:00:00+00:00,1640692800,1817.714,1820.099,1810.0,1811.394,0.34193,38978
2021-12-28T16:00:00+00:00,1640707200,1811.354,1812.218,1804.918,1806.868,0.33386,25112
2021-12-28T20:00:00+00:00,1640721600,1806.884,1807.238,1805.028,1806.428,0.3575,9141
2021-12-29T00:00:00+00:00,1640736000,1806.419,1807.578,1803.918,1806.508,0.39049,16559
2021-12-29T04:00:00+00:00,1640750400,1806.509,1807.318,1804.028,1804.208,0.36573,12388
2021-12-29T08:00:00+00:00,1640764800,1804.218,1805.175,1794.298,1796.898,0.33328,22450
2021-12-29T12:00:00+00:00,1640779200,1796.918,1802.105,1789.348,1799.775,0.34747,49950
2021-12-29T16:00:00+00:00,1640793600,1799.775,1805.648,1799.775,1804.998,0.34736,25610
2021-12-29T20:00:00+00:00,1640808000,1804.998,1805.448,1803.548,1804.485,0.37387,7846
2021-12-30T00:00:00+00:00,1640822400,1804.485,1805.458,1801.175,1801.445,0.36219,16243
2021-12-30T04:00:00+00:00,1640836800,1801.445,1801.798,1796.058,1798.248,0.36288,15408
2021-12-30T08:00:00+00:00,1640851200,1798.298,1803.195,1798.028,1802.469,0.33748,16684
2021-12-30T12:00:00+00:00,1640865600,1802.485,1808.548,1798.698,1807.098,0.35126,39439
2021-12-30T16:00:00+00:00,1640880000,1807.108,1815.255,1806.778,1814.999,0.33368,25207
2021-12-30T20:00:00+00:00,1640894400,1815.035,1817.108,1814.118,1815.588,0.39859,8265
2021-12-31T00:00:00+00:00,1640908800,1815.618,1818.864,1814.598,1816.909,0.42122,16462
2021-12-31T04:00:00+00:00,1640923200,1816.919,1820.078,1816.504,1816.608,0.39839,12533
2021-12-31T08:00:00+00:00,1640937600,1816.618,1820.194,1814.968,1819.429,0.34336,14176
2021-12-31T12:00:00+00:00,1640952000,1819.368,1827.404,1818.448,1821.938,0.35332,36740
2021-12-31T16:00:00+00:00,1640966400,1821.958,1828.778,1821.448,1827.208,0.34177,27480
2021-12-31T20:00:00+00:00,1640980800,1827.208,1830.248,1826.978,1829.058,0.35718,6081
2022-01-02T20:00:00+00:00,1641153600,1828.604,1831.624,1827.898,1828.354,0.47945,2907
2022-01-03T00:00:00+00:00,1641168000,1828.294,1831.458,1824.068,1825.618,0.38213,17427
2022-01-03T04:00:00+00:00,1641182400,1825.618,1825.854,1820.908,1824.148,0.37698,12670
2022-01-03T08:00:00+00:00,1641196800,1824.138,1827.414,1821.238,1822.875,0.34197,21059
2022-01-03T12:00:00+00:00,1641211200,1822.875,1823.108,1799.678,1801.838,0.33938,61377
2022-01-03T16:00:00+00:00,1641225600,1801.808,1802.914,1798.189,1801.618,0.31149,29709
2022-01-03T20:00:00+00:00,1641240000,1801.618,1804.494,1800.404,1804.028,0.36927,11086
2022-01-04T00:00:00+00:00,1641254400,1804.024,1806.994,1802.808,1804.078,0.36714,27507
2022-01-04T04:00:00+00:00,1641268800,1804.088,1807.275,1803.078,1805.658,0.36052,20660
2022-01-04T08:00:00+00:00,1641283200,1805.658,1808.498,1801.808,1803.898,0.33398,26328
2022-01-04T12:00:00+00:00,1641297600,1803.938,1816.688,1798.388,1814.458,0.33333,59993
2022-01-04T16:00:00+00:00,1641312000,1814.458,1815.488,1811.518,1814.428,0.33313,31650
2022-01-04T20:00:00+00:00,1641326400,1814.415,1815.355,1812.918,1813.788,0.35959,8821
2022-01-05T00:00:00+00:00,1641340800,1813.815,1816.368,1812.608,1815.308,0.36642,18657
2022-01-05T04:00:00+00:00,1641355200,1815.298,1816.924,1812.368,1813.338,0.36136,17794
2022-01-05T08:00:00+00:00,1641369600,1813.348,1820.644,1813.218,1818.528,0.33002,23647
2022-01-05T12:00:00+00:00,1641384000,1818.538,1829.584,1814.898,1823.238,0.33108,54016
2022-01-05T16:00:00+00:00,1641398400,1823.208,1825.524,1812.388,1812.838,0.33858,41623
2022-01-05T20:00:00+00:00,1641412800,1812.858,1814.208,1808.168,1810.178,0.36663,17761
2022-01-06T00:00:00+00:00,1641427200,1810.228,1811.438,1806.434,1806.894,0.37808,25130
2022-01-06T04:00:00+00:00,1641441600,1806.914,1807.398,1799.319,1800.848,0.36314,28723
2022-01-06T08:00:00+00:00,1641456000,1800.848,1807.068,1793.638,1797.308,0.33382,38783
2022-01-06T12:00:00+00:00,1641470400,1797.308,1800.328,1786.738,1790.528,0.34517,71070
2022-01-06T16:00:00+00:00,1641484800,1790.588,1793.415,1786.288,1787.848,0.32913,34090
2022-01-06T20:00:00+00:00,1641499200,1787.848,1791.518,1787.268,1791.278,0.35475,10638
2022-01-07T00:00:00+00:00,1641513600,1791.255,1793.168,1789.628,1792.658,0.37779,19157
2022-01-07T04:00:00+00:00,1641528000,1792.658,1792.828,1787.915,1789.768,0.36955,17952
2022-01-07T08:00:00+00:00,1641542400,1789.778,1793.828,1787.688,1793.238,0.31148,18847
2022-01-07T12:00:00+00:00,1641556800,1793.238,1796.088,1782.495,1789.048,0.34363,66380
2022-01-07T16:00:00+00:00,1641571200,1789.048,1798.515,1789.048,1796.628,0.32648,38514
2022-01-07T20:00:00+00:00,1641585600,1796.628,1797.405,1794.268,1795.808,0.38134,7376
2022-01-09T20:00:00+00:00,1641758400,1793.955,1796.098,1793.685,1795.048,0.40969,3398
2022-01-10T00:00:00+00:00,1641772800,1795.048,1796.698,1791.585,1792.008,0.39618,24577
2022-01-10T04:00:00+00:00,1641787200,1792.008,1795.578,1791.268,1793.578,0.37296,17321
2022-01-10T08:00:00+00:00,1641801600,1793.578,1802.248,1792.008,1800.478,0.33989,31781
2022-01-10T12:00:00+00:00,1641816000,1800.468,1801.285,1790.235,1793.388,0.33447,58056
2022-01-10T16:00:00+00:00,1641830400,1793.388,1801.575,1793.208,1800.808,0.32054,34183
2022-01-10T20:00:00+00:00,1641844800,1800.768,1802.848,1799.505,1801.088,0.37874,12239
2022-01-11T00:00:00+00:00,1641859200,1801.088,1807.768,1801.055,1805.828,0.37809,21804
2022-01-11T04:00:00+00:00,1641873600,1805.828,1809.695,1805.428,1809.025,0.37507,23035
2022-01-11T08:00:00+00:00,1641888000,1809.045,1810.178,1804.285,1806.348,0.33576,25461
2022-01-11T12:00:00+00:00,1641902400,1806.318,1812.058,1801.638,1811.578,0.32531,48338
2022-01-11T16:00:00+00:00,1641916800,1811.558,1821.088,1809.908,1820.758,0.31317,39751
2022-01-11T20:00:00+00:00,1641931200,1820.765,1823.228,1819.855,1820.588,0.36106,12001
2022-01-12T00:00:00+00:00,1641945600,1820.588,1822.395,1817.958,1817.988,0.38063,18815
2022-01-12T04:00:00+00:00,1641960000,1817.978,1821.384,1815.738,1817.134,0.36603,17056
2022-01-12T08:00:00+00:00,1641974400,1817.168,1818.408,1814.578,1817.108,0.33461,20741
2022-01-12T12:00:00+00:00,1641988800,1817.108,1825.328,1816.248,1823.718,0.32229,55897
2022-01-12T16:00:00+00:00,1642003200,1823.694,1827.938,1820.018,1827.824,0.31317,31775
2022-01-12T20:00:00+00:00,1642017600,1827.888,1827.984,1824.754,1825.168,0.35158,10688
2022-01-13T00:00:00+00:00,1642032000,1825.168,1826.479,1823.928,1825.048,0.37699,19745
2022-01-13T04:00:00+00:00,1642046400,1825.028,1828.058,1823.358,1826.538,0.36556,19353
2022-01-13T08:00:00+00:00,1642060800,1826.554,1827.468,1818.918,1823.538,0.33025,26139
2022-01-13T12:00:00+00:00,1642075200,1823.538,1825.884,1814.118,1814.558,0.32089,55344
2022-01-13T16:00:00+00:00,1642089600,1814.558,1821.868,1812.228,1820.898,0.31594,32879
2022-01-13T20:00:00+00:00,1642104000,1820.908,1822.768,1820.618,1820.728,0.36126,9887
2022-01-14T00:00:00+00:00,1642118400,1820.728,1827.158,1819.468,1825.958,0.3799,25987
2022-01-14T04:00:00+00:00,1642132800,1825.958,1827.998,1825.408,1826.634,0.37222,19959
2022-01-14T08:00:00+00:00,1642147200,1826.638,1829.048,1819.848,1822.338,0.32421,25736
2022-01-14T12:00:00+00:00,1642161600,1822.338,1827.544,1819.108,1821.018,0.32479,61979
2022-01-14T16:00:00+00:00,1642176000,1821.018,1821.804,1814.578,1818.138,0.2974,34726
2022-01-14T20:00:00+00:00,1642190400,1818.148,1818.828,1816.248,1817.418,0.34267,7393
2022-01-16T20:00:00+00:00,1642363200,1817.044,1819.254,1815.768,1816.268,0.44423,2682
2022-01-17T00:00:00+00:00,1642377600,1816.268,1819.388,1813.0,1818.738,0.3706,22351
2022-01-17T04:00:00+00:00,1642392000,1818.738,1822.178,1818.124,1821.888,0.35737,16760
2022-01-17T08:00:00+00:00,1642406400,1821.948,1823.088,1819.688,1821.178,0.32427,17422
2022-01-17T12:00:00+00:00,1642420800,1821.178,1821.394,1817.588,1818.724,0.33172,26725
2022-01-17T16:00:00+00:00,1642435200,1818.714,1819.904,1818.319,1819.008,0.34424,6067
2022-01-17T20:00:00+00:00,1642449600,1817.904,1819.228,1817.904,1818.938,0.43028,1961
2022-01-18T00:00:00+00:00,1642464000,1818.938,1822.644,1815.168,1816.285,0.35369,28294
2022-01-18T04:00:00+00:00,1642478400,1816.285,1818.148,1812.998,1816.108,0.35177,32499
2022-01-18T08:00:00+00:00,1642492800,1816.088,1817.108,1809.048,1812.958,0.33035,34638
2022-01-18T12:00:00+00:00,1642507200,1812.988,1820.048,1805.658,1819.758,0.32746,74059
2022-01-18T16:00:00+00:00,1642521600,1819.758,1820.004,1810.488,1813.888,0.31957,40437
2022-01-18T20:00:00+00:00,1642536000,1813.878,1815.214,1811.858,1814.158,0.36037,14113
2022-01-19T00:00:00+00:00,1642550400,1814.168,1814.398,1810.143,1811.578,0.35602,29981
2022-01-19T04:00:00+00:00,1642564800,1811.578,1815.128,1810.988,1811.378,0.34473,29969
2022-01-19T08:00:00+00:00,1642579200,1811.358,1819.818,1811.218,1817.228,0.32597,36794
2022-01-19T12:00:00+00:00,1642593600,1817.228,1838.598,1816.588,1838.188,0.32495,70080
2022-01-19T16:00:00+00:00,1642608000,1838.168,1843.218,1837.088,1842.694,0.30918,51291
2022-01-19T20:00:00+00:00,1642622400,1842.758,1843.318,1838.198,1838.414,0.33479,18644
2022-01-20T00:00:00+00:00,1642636800,1838.424,1843.978,1837.838,1839.578,0.35033,33816
2022-01-20T04:00:00+00:00,1642651200,1839.558,1841.038,1838.344,1838.987,0.34946,27729
2022-01-20T08:00:00+00:00,1642665600,1838.978,1842.018,1836.608,1839.364,0.32323,30619
2022-01-20T12:00:00+00:00,1642680000,1839.358,1847.804,1835.808,1846.754,0.32393,66106
2022-01-20T16:00:00+00:00,1642694400,1846.754,1846.758,1838.428,1839.978,0.3204,40925
2022-01-20T20:00:00+00:00,1642708800,1839.968,1840.408,1837.228,1838.808,0.36536,20434
2022-01-21T00:00:00+00:00,1642723200,1838.848,1841.948,1836.168,1840.698,0.37145,36032
2022-01-21T04:00:00+00:00,1642737600,1840.688,1842.644,1836.614,1837.918,0.36803,27016
2022-01-21T08:00:00+00:00,1642752000,1837.898,1838.938,1828.384,1831.868,0.33043,35689
2022-01-21T12:00:00+00:00,1642766400,1831.878,1843.108,1830.998,1834.438,0.32707,69850
2022-01-21T16:00:00+00:00,1642780800,1834.474,1835.038,1830.084,1831.468,0.30732,46696
2022-01-21T20:00:00+00:00,1642795200,1831.458,1834.898,1828.424,1834.328,0.33195,15956
2022-01-23T20:00:00+00:00,1642968000,1834.524,1836.948,1831.428,1834.598,0.45014,5444
2022-01-24T00:00:00+00:00,1642982400,1834.588,1837.338,1832.418,1836.424,0.37579,27914
2022-01-24T04:00:00+00:00,1642996800,1836.428,1839.514,1836.098,1837.838,0.35989,26757
2022-01-24T08:00:00+00:00,1643011200,1837.828,1844.208,1837.058,1838.078,0.33598,40707
2022-01-24T12:00:00+00:00,1643025600,1838.088,1842.938,1829.558,1834.348,0.32885,72954
2022-01-24T16:00:00+00:00,1643040000,1834.374,1842.984,1832.438,1838.608,0.32871,62469
2022-01-24T20:00:00+00:00,1643054400,1838.618,1844.028,1837.684,1843.538,0.34735,21800
2022-01-25T00:00:00+00:00,1643068800,1843.538,1843.538,1839.321,1842.108,0.36055,26275
2022-01-25T04:00:00+00:00,1643083200,1842.108,1843.238,1840.248,1840.698,0.34853,21936
2022-01-25T08:00:00+00:00,1643097600,1840.698,1843.044,1834.838,1837.528,0.33058,34019
2022-01-25T12:00:00+00:00,1643112000,1837.558,1852.728,1837.428,1846.828,0.32264,65772
2022-01-25T16:00:00+00:00,1643126400,1846.778,1853.748,1845.018,1851.648,0.30912,48621
2022-01-25T20:00:00+00:00,1643140800,1851.618,1851.884,1846.854,1849.398,0.36496,14963
2022-01-26T00:00:00+00:00,1643155200,1849.355,1849.448,1846.368,1846.918,0.35611,16824
2022-01-26T04:00:00+00:00,1643169600,1846.898,1848.568,1843.648,1843.814,0.34935,15831
2022-01-26T08:00:00+00:00,1643184000,1843.858,1847.704,1842.738,1843.028,0.32015,25179
2022-01-26T12:00:00+00:00,1643198400,1843.068,1847.958,1831.158,1834.018,0.32677,59909
2022-01-26T16:00:00+00:00,1643212800,1834.098,1834.344,1815.438,1819.308,0.3676,60643
2022-01-26T20:00:00+00:00,1643227200,1819.218,1822.004,1814.838,1821.828,0.42497,36772
2022-01-27T00:00:00+00:00,1643241600,1821.848,1821.858,1812.908,1815.888,0.36516,31568
2022-01-27T04:00:00+00:00,1643256000,1815.868,1816.358,1809.819,1810.828,0.35267,28458
2022-01-27T08:00:00+00:00,1643270400,1810.808,1816.774,1807.464,1811.279,0.33059,38481
2022-01-27T12:00:00+00:00,1643284800,1811.289,1813.618,1795.618,1796.358,0.333,72115
2022-01-27T16:00:00+00:00,1643299200,1796.358,1798.328,1791.678,1792.858,0.3296,47539
2022-01-27T20:00:00+00:00,1643313600,1792.838,1798.159,1792.102,1797.158,0.34829,17511
2022-01-28T00:00:00+00:00,1643328000,1797.158,1799.308,1794.925,1798.978,0.34793,23496
2022-01-28T04:00:00+00:00,1643342400,1799.008,1799.248,1795.628,1795.898,0.34546,24979
2022-01-28T08:00:00+00:00,1643356800,1795.888,1795.888,1780.158,1785.518,0.33016,39124
2022-01-28T12:00:00+00:00,1643371200,1785.518,1792.868,1780.578,1782.739,0.33228,75186
2022-01-28T16:00:00+00:00,1643385600,1782.739,1788.265,1781.805,1786.908,0.31586,40076
2022-01-28T20:00:00+00:00,1643400000,1786.875,1792.005,1786.658,1791.028,0.33405,10057
2022-01-30T20:00:00+00:00,1643572800,1791.928,1791.928,1788.338,1789.408,0.41758,4447
2022-01-31T00:00:00+00:00,1643587200,1789.408,1790.145,1786.208,1786.978,0.36562,17375
2022-01-31T04:00:00+00:00,1643601600,1786.998,1789.298,1785.458,1788.768,0.35883,18536
2022-01-31T08:00:00+00:00,1643616000,1788.788,1793.558,1786.938,1792.168,0.33408,29819
2022-01-31T12:00:00+00:00,1643630400,1792.162,1799.578,1789.468,1796.178,0.32813,60653
2022-01-31T16:00:00+00:00,1643644800,1796.208,1799.805,1794.755,1798.365,0.31882,37323
2022-01-31T20:00:00+00:00,1643659200,1798.465,1799.648,1796.198,1797.748,0.34158,14846
2022-02-01T00:00:00+00:00,1643673600,1797.708,1799.238,1795.625,1796.465,0.37457,17062
2022-02-01T04:00:00+00:00,1643688000,1796.448,1804.298,1796.185,1803.918,0.35067,20388
2022-02-01T08:00:00+00:00,1643702400,1803.915,1808.168,1801.748,1806.079,0.32627,28798
2022-02-01T12:00:00+00:00,1643716800,1806.078,1808.638,1797.665,1804.295,0.33569,64219
2022-02-01T16:00:00+00:00,1643731200,1804.218,1807.808,1799.218,1799.218,0.31149,36253
2022-02-01T20:00:00+00:00,1643745600,1799.228,1802.268,1798.488,1800.578,0.34625,13248
2022-02-02T00:00:00+00:00,1643760000,1800.578,1801.518,1797.208,1797.538,0.37046,13036
2022-02-02T04:00:00+00:00,1643774400,1797.505,1798.928,1794.358,1796.578,0.3759,16551
2022-02-02T08:00:00+00:00,1643788800,1796.635,1803.598,1796.258,1802.738,0.33085,28748
2022-02-02T12:00:00+00:00,1643803200,1802.708,1810.652,1800.465,1808.438,0.33632,58312
2022-02-02T16:00:00+00:00,1643817600,1808.455,1810.718,1807.258,1807.445,0.3117,31900
2022-02-02T20:00:00+00:00,1643832000,1807.438,1808.165,1805.058,1807.755,0.34132,11512
2022-02-03T00:00:00+00:00,1643846400,1807.798,1808.875,1805.818,1806.918,0.36048,13639
2022-02-03T04:00:00+00:00,1643860800,1806.908,1807.088,1803.028,1804.438,0.36449,15928
2022-02-03T08:00:00+00:00,1643875200,1804.458,1805.968,1802.208,1804.088,0.32803,24657
2022-02-03T12:00:00+00:00,1643889600,1804.098,1805.018,1788.538,1802.985,0.33259,86640
2022-02-03T16:00:00+00:00,1643904000,1803.028,1807.565,1801.035,1804.998,0.3203,38466
2022-02-03T20:00:00+00:00,1643918400,1805.088,1806.418,1803.808,1805.608,0.35318,12501
